id,kayit_zamani,anlik_fiyat,spot_cvd,vadeli_cvd,open_interest,funding_rate,order_book_depth_bid_1pct,liquidation_pool_volume,guven_skoru,sinyal_durumu,is_win,agg_long_liq,agg_short_liq,long_short_ratio,en_olgun_emir_yasi_sn,order_book_depth_ask_1pct,en_olgun_ask_yasi_sn,long_skor,short_skor,yakin_likidite_bid,yakin_likidite_ask,emilim_borsasi,spot_egilim,perp_egilim,emilim_spot_pay,emilim_esnekligi,satici_tukenmesi,sonme_orani,alici_tukenmesi,alici_sonme_orani,spot_bid_agir_sayi,spot_ask_agir_sayi,spot_borsa_sayisi,perp_bid_agir_sayi,perp_ask_agir_sayi,perp_borsa_sayisi,spot_ob_yasi_sn,perp_ob_yasi_sn,swing_kademe,swing_yon,swing_skor,swing_seviye,swing_kisa_hedef,swing_uzun_hedef,swing_stop,swing_rr,swing_tetik,seviye_guc,seviye_yasi_dk,seviye_yenileme_sayisi,delme_min_belirleyen,delme_atr_kati,lik_yog_yon,lik_yog_ters,lik_iki_tarafli,mum_ici_konum,lik_pencere_damgasi,lik_borsa_sayisi,lik_donma_sayaci,swing_rr_kisa,harita_seviye_sayisi,harita_medyan_yas_dk,harita_grab_uygun,golge_yon,golge_kapi,golge_skor
29839,2026-07-28 14:33:35.125985+00,63160.05,478128.07528158906,2433321.222,11772388401.6064,0.000009425999999999998,50826816.16041997,126.2822,59.1,BEKLE,false,126.2822,0.0,1.8727,242.937,50287185.48627998,545.433,0.0,59.1,"[{""usdt"": 14570166.0, ""borsa"": 3, ""fiyat"": 63125.0, ""kaynak"": ""BNB+BYB+OKX""}, {""usdt"": 12667191.0, ""borsa"": 3, ""fiyat"": 63150.0, ""kaynak"": ""BNB+BYB+OKX""}, {""usdt"": 10061147.0, ""borsa"": 1, ""fiyat"": 63100.0, ""kaynak"": ""BNB""}]","[{""usdt"": 12006180.0, ""borsa"": 3, ""fiyat"": 63175.0, ""kaynak"": ""BNB+BYB+OKX""}, {""usdt"": 11324900.0, ""borsa"": 1, ""fiyat"": 63250.0, ""kaynak"": ""BNB""}, {""usdt"": 9336125.0, ""borsa"": 1, ""fiyat"": 63275.0, ""kaynak"": ""BNB""}]",YOK,0.0492,0.0053,0.4434,0.2345,false,,false,0.4067,0,0,3,0,1,3,53,54.1,IZLE,,25,63187.7,,,,,SEVIYE,100,531.9,54,,,,,,,1785248880,1,0,,27,531.9,25,,,
29840,2026-07-28 14:34:35.511018+00,63142.45,857034.1275130895,2428351.6119999997,11768615622.931002,0.000009425999999999998,49419001.12018998,0.0,76.5,BEKLE,false,0.0,0.0,1.8727,303.261,50284170.379190035,605.757,0.0,76.5,"[{""usdt"": 17947322.0, ""borsa"": 3, ""fiyat"": 63125.0, ""kaynak"": ""BNB+BYB+OKX""}, {""usdt"": 10688518.0, ""borsa"": 1, ""fiyat"": 63100.0, ""kaynak"": ""BNB""}, {""usdt"": 7842434.0, ""borsa"": 1, ""fiyat"": 63050.0, ""kaynak"": ""BNB""}]","[{""usdt"": 11421766.0, ""borsa"": 1, ""fiyat"": 63225.0, ""kaynak"": ""BNB""}, {""usdt"": 10928823.0, ""borsa"": 1, ""fiyat"": 63250.0, ""kaynak"": ""BNB""}, {""usdt"": 10569444.0, ""borsa"": 3, ""fiyat"": 63175.0, ""kaynak"": ""BNB+BYB+OKX""}]",YOK,0.0239,-0.0087,0.4725,0.2542,false,,false,0.4394,1,0,3,0,1,3,49.5,50.6,IZLE,,25,63132,,,,,SEVIYE,100,532.9,54,,,,,,,,,0,,27,532.9,25,,,
29841,2026-07-28 14:35:35.976712+00,63172.55,862130.2041347902,2407208.931,11766084106.1534,0.000009425999999999998,47672160.50084996,0.0,34.5,BEKLE,false,0.0,0.0,1.8727,0,47728184.83478003,666.13,0.0,34.5,"[{""usdt"": 14364922.0, ""borsa"": 3, ""fiyat"": 63100.0, ""kaynak"": ""BNB+BYB+OKX""}, {""usdt"": 9760220.0, ""borsa"": 1, ""fiyat"": 63050.0, ""kaynak"": ""BNB""}, {""usdt"": 8556175.0, ""borsa"": 3, ""fiyat"": 63125.0, ""kaynak"": ""BNB+BYB+OKX""}]","[{""usdt"": 13500835.0, ""borsa"": 3, ""fiyat"": 63150.0, ""kaynak"": ""BNB+BYB+OKX""}, {""usdt"": 10879262.0, ""borsa"": 1, ""fiyat"": 63225.0, ""kaynak"": ""BNB""}, {""usdt"": 7608537.0, ""borsa"": 1, ""fiyat"": 63200.0, ""kaynak"": ""BNB""}]",YOK,-0.0493,-0.0006,0.684,0.3807,false,,false,0.9415,0,1,3,0,1,3,46,47.1,IZLE,,25,63187.7,,,,,SEVIYE,100,533.9,54,,,,,,,,,0,,27,533.9,25,,,
29842,2026-07-28 14:36:36.5164+00,63289.25,-491719.23898890254,-749355.9500000001,11774271553.7608,0.000009425999999999998,45988339.69686996,0.0,62.2,BEKLE,,0.0,0.0,1.8769,60.635,54584290.13570005,726.765,62.2,0.0,"[{""usdt"": 13589590.0, ""borsa"": 3, ""fiyat"": 63175.0, ""kaynak"": ""BNB+BYB+OKX""}, {""usdt"": 9771610.0, ""borsa"": 1, ""fiyat"": 63100.0, ""kaynak"": ""BNB""}, {""usdt"": 6971587.0, ""borsa"": 1, ""fiyat"": 63075.0, ""kaynak"": ""BNB""}]","[{""usdt"": 14045195.0, ""borsa"": 3, ""fiyat"": 63225.0, ""kaynak"": ""BNB+BYB+OKX""}, {""usdt"": 13252812.0, ""borsa"": 1, ""fiyat"": 63275.0, ""kaynak"": ""BNB""}, {""usdt"": 10136274.0, ""borsa"": 3, ""fiyat"": 63200.0, ""kaynak"": ""BNB+BYB+OKX""}]",YOK,0.0735,-0.0855,0.2016,1.167,false,,false,0.8605,0,0,3,1,0,3,42.8,43.9,IZLE,,25,63264.7,,,,,SEVIYE,75,534.9,54,,,,,,,,,0,,27,534.9,25,,,
29843,2026-07-28 14:37:36.835003+00,63286.45,2484535.938414901,116770.20199999999,11787543416.381401,0.000009425999999999998,43065971.55262001,1184191.1431,49.0,BEKLE,true,0.0,1184191.1431,1.8769,0,43424405.06939001,0,49.0,0.0,"[{""usdt"": 9879748.0, ""borsa"": 3, ""fiyat"": 63275.0, ""kaynak"": ""BNB+BYB+OKX""}, {""usdt"": 9721227.0, ""borsa"": 3, ""fiyat"": 63300.0, ""kaynak"": ""BNB+BYB+OKX""}, {""usdt"": 8343034.0, ""borsa"": 1, ""fiyat"": 63225.0, ""kaynak"": ""BNB""}]","[{""usdt"": 10819624.0, ""borsa"": 3, ""fiyat"": 63325.0, ""kaynak"": ""BNB+BYB+OKX""}, {""usdt"": 8950532.0, ""borsa"": 1, ""fiyat"": 63375.0, ""kaynak"": ""BNB""}, {""usdt"": 8669071.0, ""borsa"": 1, ""fiyat"": 63400.0, ""kaynak"": ""BNB""}]",SPOT,0.181,-0.0041,0.263,1.6924,false,,false,1.0478,3,0,3,0,0,3,39.3,40.3,IZLE,,25,63264.7,,,,,SEVIYE,75,535.9,54,,,,,,,1785249360,2,0,,27,535.9,25,,,
29844,2026-07-28 14:38:37.161155+00,63269.95,1611839.7286973046,-1368303.915,11781751305.3314,0.000009425999999999998,50468518.35986,1184354.8392,60.7,BEKLE,true,0.0,1184354.8392,1.8769,60.346,50158812.13101999,60.346,60.7,0.0,"[{""usdt"": 11845459.0, ""borsa"": 3, ""fiyat"": 63275.0, ""kaynak"": ""BNB+BYB+OKX""}, {""usdt"": 10702757.0, ""borsa"": 1, ""fiyat"": 63225.0, ""kaynak"": ""BNB""}, {""usdt"": 10422349.0, ""borsa"": 1, ""fiyat"": 63250.0, ""kaynak"": ""BNB""}]","[{""usdt"": 13877545.0, ""borsa"": 3, ""fiyat"": 63325.0, ""kaynak"": ""BNB+BYB+OKX""}, {""usdt"": 10896147.0, ""borsa"": 1, ""fiyat"": 63375.0, ""kaynak"": ""BNB""}, {""usdt"": 10116337.0, ""borsa"": 3, ""fiyat"": 63300.0, ""kaynak"": ""BNB+BYB+OKX""}]",YOK,0.1042,0.0031,0.1335,1.0928,false,,false,0.773,1,0,3,0,1,3,35.6,36.8,IZLE,,25,63264.7,,,,,SEVIYE,75,537.0,54,,,,,,,1785249360,2,0,,27,537.0,25,,,
29845,2026-07-28 14:39:37.497484+00,63184.350000000006,1345367.819560504,-877402.0880000001,11784911913.5732,0.000009425999999999998,52372310.02751003,1184354.8392,68.3,BEKLE,true,0.0,1184354.8392,1.8769,0,43102585.561679974,0,68.3,0.0,"[{""usdt"": 15806104.0, ""borsa"": 3, ""fiyat"": 63200.0, ""kaynak"": ""BNB+BYB+OKX""}, {""usdt"": 8721462.0, ""borsa"": 1, ""fiyat"": 63150.0, ""kaynak"": ""BNB""}, {""usdt"": 8647600.0, ""borsa"": 1, ""fiyat"": 63175.0, ""kaynak"": ""BNB""}]","[{""usdt"": 13985739.0, ""borsa"": 3, ""fiyat"": 63250.0, ""kaynak"": ""BNB+BYB+OKX""}, {""usdt"": 8215196.0, ""borsa"": 1, ""fiyat"": 63300.0, ""kaynak"": ""BNB""}, {""usdt"": 6549887.0, ""borsa"": 1, ""fiyat"": 63275.0, ""kaynak"": ""BNB""}]",YOK,-0.0194,0.0971,0.0709,0.5139,false,,false,0.137,1,1,3,0,0,3,32.1,33.2,IZLE,,25,63187.7,,,,,SEVIYE,100,538.0,54,,,,,,,1785249360,2,1,,27,538.0,25,,,
29846,2026-07-28 14:40:37.817568+00,63249.350000000006,838835.3485942073,-1004951.7829999999,11772812553.8494,0.000009425999999999998,43343349.09773004,1184354.8392,65.0,BEKLE,true,0.0,1184354.8392,1.8769,60.298,44831527.75982999,60.298,65.0,0.0,"[{""usdt"": 11356145.0, ""borsa"": 3, ""fiyat"": 63200.0, ""kaynak"": ""BNB+BYB+OKX""}, {""usdt"": 7441445.0, ""borsa"": 1, ""fiyat"": 63150.0, ""kaynak"": ""BNB""}, {""usdt"": 7153536.0, ""borsa"": 1, ""fiyat"": 63125.0, ""kaynak"": ""BNB""}]","[{""usdt"": 13782710.0, ""borsa"": 3, ""fiyat"": 63250.0, ""kaynak"": ""BNB+BYB+OKX""}, {""usdt"": 7816498.0, ""borsa"": 1, ""fiyat"": 63325.0, ""kaynak"": ""BNB""}, {""usdt"": 7662933.0, ""borsa"": 1, ""fiyat"": 63300.0, ""kaynak"": ""BNB""}]",YOK,-0.0461,-0.0169,0.0035,0.9783,false,,false,0.1599,0,1,3,0,0,3,28.5,29.6,IZLE,,25,63264.7,,,,,SEVIYE,75,539.0,54,,,,,,,1785249360,2,2,,27,539.0,25,,,
29847,2026-07-28 14:41:38.087996+00,63327.25,1382790.2403711115,-2081508.2370000002,11785251164.181,0.000009425999999999998,45300340.27649999,1184354.8392,38.2,BEKLE,true,0.0,1184354.8392,1.8769,60.324,41605108.999089986,60.324,38.2,0.0,"[{""usdt"": 10903186.0, ""borsa"": 3, ""fiyat"": 63275.0, ""kaynak"": ""BNB+BYB+OKX""}, {""usdt"": 7416131.0, ""borsa"": 1, ""fiyat"": 63225.0, ""kaynak"": ""BNB""}, {""usdt"": 7409333.0, ""borsa"": 1, ""fiyat"": 63175.0, ""kaynak"": ""BNB""}]","[{""usdt"": 10326881.0, ""borsa"": 3, ""fiyat"": 63325.0, ""kaynak"": ""BNB+BYB+OKX""}, {""usdt"": 8759059.0, ""borsa"": 1, ""fiyat"": 63375.0, ""kaynak"": ""BNB""}, {""usdt"": 8067020.0, ""borsa"": 1, ""fiyat"": 63350.0, ""kaynak"": ""BNB""}]",YOK,0.0711,0.0425,0.421,0.7191,false,,false,0.2183,0,0,3,1,0,3,25,26.1,IZLE,,25,63329.1,,,,,SEVIYE,55,540.0,54,,,,,,,1785249360,2,3,,27,540.0,25,,,
29848,2026-07-28 14:42:38.379164+00,63333.45,2033466.3131467127,-1179549.4600000002,11801573589.051998,0.000009425999999999998,47453990.995810024,126.7598,63.5,BEKLE,true,0.0,126.7598,1.8877,0,44183496.00729001,0,63.5,0.0,"[{""usdt"": 12756002.0, ""borsa"": 3, ""fiyat"": 63325.0, ""kaynak"": ""BNB+BYB+OKX""}, {""usdt"": 7906539.0, ""borsa"": 1, ""fiyat"": 63300.0, ""kaynak"": ""BNB""}, {""usdt"": 7452137.0, ""borsa"": 3, ""fiyat"": 63350.0, ""kaynak"": ""BNB+BYB+OKX""}]","[{""usdt"": 11908540.0, ""borsa"": 3, ""fiyat"": 63375.0, ""kaynak"": ""BNB+BYB+OKX""}, {""usdt"": 11414939.0, ""borsa"": 1, ""fiyat"": 63450.0, ""kaynak"": ""BNB""}, {""usdt"": 8109140.0, ""borsa"": 1, ""fiyat"": 63425.0, ""kaynak"": ""BNB""}]",SPOT,0.1896,0.0357,0.1542,1.3497,false,,false,0.2655,2,0,3,0,0,3,21.3,22.5,IZLE,,25,63329.1,,,,,SEVIYE,55,541.0,55,,,,,,,1785249660,1,0,,25,541.0,23,,,
29849,2026-07-28 14:43:38.651872+00,63374.95,1236694.318531011,-1401098.7920000001,11791482717.4925,0.000009425999999999998,43636344.30033003,240324.10330000002,14.2,BEKLE,true,0.0,240324.10330000002,1.8877,60.265,50228384.708030015,60.265,14.2,0.0,"[{""usdt"": 10460068.0, ""borsa"": 3, ""fiyat"": 63325.0, ""kaynak"": ""BNB+BYB+OKX""}, {""usdt"": 8684042.0, ""borsa"": 1, ""fiyat"": 63275.0, ""kaynak"": ""BNB""}, {""usdt"": 7143678.0, ""borsa"": 1, ""fiyat"": 63225.0, ""kaynak"": ""BNB""}]","[{""usdt"": 16029866.0, ""borsa"": 3, ""fiyat"": 63375.0, ""kaynak"": ""BNB+BYB+OKX""}, {""usdt"": 10513781.0, ""borsa"": 1, ""fiyat"": 63450.0, ""kaynak"": ""BNB""}, {""usdt"": 8380360.0, ""borsa"": 1, ""fiyat"": 63425.0, ""kaynak"": ""BNB""}]",YOK,0.1285,-0.0702,,,false,,false,0.2599,1,0,3,1,0,3,17.8,18.8,IZLE,,25,63365.4,,,,,SEVIYE,30,542.0,55,,,,,,,1785249720,2,0,,25,542.0,23,,,
29850,2026-07-28 14:44:39.010374+00,63309.55,1235239.65400361,-1586693.374,11796103042.6998,0.000009425999999999998,50761787.03660997,240344.0388,46.8,BEKLE,true,0.0,240344.0388,1.8877,60.305,41997273.73779998,60.305,46.8,0.0,"[{""usdt"": 14878528.0, ""borsa"": 3, ""fiyat"": 63300.0, ""kaynak"": ""BNB+BYB+OKX""}, {""usdt"": 10047573.0, ""borsa"": 1, ""fiyat"": 63225.0, ""kaynak"": ""BNB""}, {""usdt"": 8305227.0, ""borsa"": 1, ""fiyat"": 63275.0, ""kaynak"": ""BNB""}]","[{""usdt"": 13361367.0, ""borsa"": 3, ""fiyat"": 63350.0, ""kaynak"": ""BNB+BYB+OKX""}, {""usdt"": 9026133.0, ""borsa"": 1, ""fiyat"": 63400.0, ""kaynak"": ""BNB""}, {""usdt"": 7417209.0, ""borsa"": 1, ""fiyat"": 63375.0, ""kaynak"": ""BNB""}]",YOK,0.0616,0.0945,0.0752,7.196,false,,false,0.3119,0,0,3,1,0,3,14.2,15.3,IZLE,,25,63329.1,,,,,SEVIYE,55,543.0,55,,,,,,,1785249720,2,0,,25,543.0,23,,,
29851,2026-07-28 14:45:39.267134+00,63302.05,775191.5484696074,-1547944.545,11789899639.8577,0.000009425999999999998,43760092.41094999,240344.0388,39.8,BEKLE,true,0.0,240344.0388,1.8877,120.613,47168323.796409994,120.613,39.8,0.0,"[{""usdt"": 13147092.0, ""borsa"": 3, ""fiyat"": 63325.0, ""kaynak"": ""BNB+BYB+OKX""}, {""usdt"": 9826520.0, ""borsa"": 3, ""fiyat"": 63300.0, ""kaynak"": ""BNB+BYB+OKX""}, {""usdt"": 7817584.0, ""borsa"": 1, ""fiyat"": 63275.0, ""kaynak"": ""BNB""}]","[{""usdt"": 13904166.0, ""borsa"": 3, ""fiyat"": 63350.0, ""kaynak"": ""BNB+BYB+OKX""}, {""usdt"": 9085426.0, ""borsa"": 1, ""fiyat"": 63425.0, ""kaynak"": ""BNB""}, {""usdt"": 8384275.0, ""borsa"": 3, ""fiyat"": 63375.0, ""kaynak"": ""BNB+BYB+OKX""}]",YOK,0.0119,-0.0375,0.0579,4.0269,true,0.2564,false,,0,0,3,0,0,3,10.3,11.4,IZLE,,25,63329.1,,,,,SEVIYE,55,544.0,55,,,,,,,1785249720,2,1,,25,544.0,23,,,
29852,2026-07-28 14:46:39.925781+00,63327.350000000006,730460.0967364076,-1566565.2380000001,11785318473.8129,0.000009425999999999998,49505244.87098,158767.4835,26.3,BEKLE,false,0.0,158767.4835,1.8877,0,45409100.437170036,181.154,0.0,26.3,"[{""usdt"": 18467049.0, ""borsa"": 3, ""fiyat"": 63300.0, ""kaynak"": ""BNB+BYB+OKX""}, {""usdt"": 8038665.0, ""borsa"": 1, ""fiyat"": 63275.0, ""kaynak"": ""BNB""}, {""usdt"": 7305488.0, ""borsa"": 1, ""fiyat"": 63225.0, ""kaynak"": ""BNB""}]","[{""usdt"": 13467541.0, ""borsa"": 3, ""fiyat"": 63350.0, ""kaynak"": ""BNB+BYB+OKX""}, {""usdt"": 10050433.0, ""borsa"": 1, ""fiyat"": 63400.0, ""kaynak"": ""BNB""}, {""usdt"": 9861458.0, ""borsa"": 1, ""fiyat"": 63425.0, ""kaynak"": ""BNB""}]",YOK,0.0279,0.0432,0.399,0.0051,true,0.1893,false,,0,0,3,0,0,3,7,8.1,IZLE,,25,63329.1,,,,,SEVIYE,55,545.0,55,,,,,,,1785249720,2,0,,25,545.0,23,,,
29853,2026-07-28 14:47:40.289353+00,63376.350000000006,935724.3470126069,-1748155.678,11795467551.963501,0.000009425999999999998,46278325.132950015,0.0,30.5,BEKLE,false,0.0,0.0,1.8952,0,48185879.75609004,241.55,30.5,0.0,"[{""usdt"": 10726339.0, ""borsa"": 3, ""fiyat"": 63350.0, ""kaynak"": ""BNB+BYB+OKX""}, {""usdt"": 8651191.0, ""borsa"": 3, ""fiyat"": 63375.0, ""kaynak"": ""BNB+BYB+OKX""}, {""usdt"": 8210735.0, ""borsa"": 1, ""fiyat"": 63300.0, ""kaynak"": ""BNB""}]","[{""usdt"": 14618791.0, ""borsa"": 3, ""fiyat"": 63400.0, ""kaynak"": ""BNB+BYB+OKX""}, {""usdt"": 10535350.0, ""borsa"": 1, ""fiyat"": 63450.0, ""kaynak"": ""BNB""}, {""usdt"": 9045003.0, ""borsa"": 1, ""fiyat"": 63425.0, ""kaynak"": ""BNB""}]",SPOT,0.1757,-0.0202,0.5029,1.6495,true,0.1859,false,,1,0,3,1,0,3,3.5,4.6,IZLE,,25,63365.4,,,,,SEVIYE,30,546.0,55,,,,,,,,,0,,25,546.0,23,,,
29854,2026-07-28 14:48:40.632879+00,63434.05,1808170.083597008,-939106.0130000003,11795005949.5861,0.000009425999999999998,46503695.80394997,43667.3042,21.0,BEKLE,true,0.0,43667.3042,1.8952,60.369,51376077.56599003,60.369,0.0,21.0,"[{""usdt"": 13120081.0, ""borsa"": 3, ""fiyat"": 63375.0, ""kaynak"": ""BNB+BYB+OKX""}, {""usdt"": 11010441.0, ""borsa"": 3, ""fiyat"": 63350.0, ""kaynak"": ""BNB+BYB+OKX""}, {""usdt"": 8079531.0, ""borsa"": 1, ""fiyat"": 63325.0, ""kaynak"": ""BNB""}]","[{""usdt"": 11627705.0, ""borsa"": 1, ""fiyat"": 63525.0, ""kaynak"": ""BNB""}, {""usdt"": 10746666.0, ""borsa"": 1, ""fiyat"": 63500.0, ""kaynak"": ""BNB""}, {""usdt"": 8806005.0, ""borsa"": 1, ""fiyat"": 63475.0, ""kaynak"": ""BNB""}]",SPOT,0.1818,-0.0498,0.3933,3.4112,true,0.1514,false,,1,0,3,1,0,3,63.4,62.4,IZLE,,25,63403.9,,,,,SEVIYE,55,476.9,48,,,,,,,1785250020,1,0,,25,547.0,23,,,
29855,2026-07-28 14:49:40.918912+00,63454.850000000006,2339405.1087870086,-916112.8470000003,11797253494.0029,0.000009425999999999998,47613813.05654997,144933.16739999998,0.0,BEKLE,,0.0,144933.16739999998,1.8952,120.716,51516806.37311004,120.716,0.0,0.0,"[{""usdt"": 13264309.0, ""borsa"": 3, ""fiyat"": 63425.0, ""kaynak"": ""BNB+BYB+OKX""}, {""usdt"": 8863670.0, ""borsa"": 1, ""fiyat"": 63375.0, ""kaynak"": ""BNB""}, {""usdt"": 8079531.0, ""borsa"": 1, ""fiyat"": 63325.0, ""kaynak"": ""BNB""}]","[{""usdt"": 12840680.0, ""borsa"": 3, ""fiyat"": 63450.0, ""kaynak"": ""BNB+BYB+OKX""}, {""usdt"": 11627705.0, ""borsa"": 1, ""fiyat"": 63525.0, ""kaynak"": ""BNB""}, {""usdt"": 10746666.0, ""borsa"": 1, ""fiyat"": 63500.0, ""kaynak"": ""BNB""}]",SPOT,0.2033,-0.0394,0.4632,5.1175,true,0.1515,false,,2,0,3,1,0,3,60.4,61.5,IZLE,,25,63479.1,,,,,SEVIYE,90,548.0,55,,,,,,,1785250080,3,0,,25,548.0,23,,,
29856,2026-07-28 14:50:41.255423+00,63469.75,1070403.486107097,2155891.321,11800070766.1292,0.000009425999999999998,43377484.48039001,145313.9562,0.0,BEKLE,,0.0,145313.9562,1.8952,0,52531973.26021005,180.972,0.0,0.0,"[{""usdt"": 12939279.0, ""borsa"": 3, ""fiyat"": 63425.0, ""kaynak"": ""BNB+BYB+OKX""}, {""usdt"": 9491467.0, ""borsa"": 1, ""fiyat"": 63375.0, ""kaynak"": ""BNB""}, {""usdt"": 7207631.0, ""borsa"": 1, ""fiyat"": 63350.0, ""kaynak"": ""BNB""}]","[{""usdt"": 13699708.0, ""borsa"": 3, ""fiyat"": 63475.0, ""kaynak"": ""BNB+BYB+OKX""}, {""usdt"": 11521648.0, ""borsa"": 1, ""fiyat"": 63550.0, ""kaynak"": ""BNB""}, {""usdt"": 10415706.0, ""borsa"": 1, ""fiyat"": 63500.0, ""kaynak"": ""BNB""}]",YOK,0.1485,-0.0954,0.0401,1.9124,true,0,false,,2,0,3,0,0,3,56.8,57.8,IZLE,,25,63479.1,,,,,SEVIYE,90,549.0,55,,,,,,,1785250200,3,0,,25,549.0,23,,,
29857,2026-07-28 14:51:41.598882+00,63451.95,1148862.5202882967,2160253.4329999997,11797164992.8941,0.000009425999999999998,46103048.96931,191379.81319999998,17.7,BEKLE,true,0.0,191379.81319999998,1.9002,60.404,48772172.35562998,181.007,0.0,17.7,"[{""usdt"": 14039803.0, ""borsa"": 3, ""fiyat"": 63450.0, ""kaynak"": ""BNB+BYB+OKX""}, {""usdt"": 7992187.0, ""borsa"": 1, ""fiyat"": 63375.0, ""kaynak"": ""BNB""}, {""usdt"": 7756782.0, ""borsa"": 1, ""fiyat"": 63425.0, ""kaynak"": ""BNB""}]","[{""usdt"": 15540573.0, ""borsa"": 3, ""fiyat"": 63500.0, ""kaynak"": ""BNB+BYB+OKX""}, {""usdt"": 10445830.0, ""borsa"": 1, ""fiyat"": 63575.0, ""kaynak"": ""BNB""}, {""usdt"": 8937235.0, ""borsa"": 1, ""fiyat"": 63550.0, ""kaynak"": ""BNB""}]",SPOT,0.2678,-0.0281,0.0556,1.3888,true,0.0307,false,,3,0,3,1,0,3,53.3,54.4,IZLE,,25,63479.1,,,,,SEVIYE,90,550.0,55,,,,,,,1785250200,3,0,,25,550.0,23,,,
29858,2026-07-28 14:52:41.876342+00,63439.149999999994,1783182.7963232975,1889790.245,11797205227.5184,0.000009425999999999998,53391134.17703009,147712.509,47.7,BEKLE,true,0.0,147712.509,1.9002,0,52452305.023549944,241.295,0.0,47.7,"[{""usdt"": 20858011.0, ""borsa"": 3, ""fiyat"": 63450.0, ""kaynak"": ""BNB+BYB+OKX""}, {""usdt"": 8193125.0, ""borsa"": 1, ""fiyat"": 63425.0, ""kaynak"": ""BNB""}, {""usdt"": 7455621.0, ""borsa"": 1, ""fiyat"": 63350.0, ""kaynak"": ""BNB""}]","[{""usdt"": 14090113.0, ""borsa"": 3, ""fiyat"": 63500.0, ""kaynak"": ""BNB+BYB+OKX""}, {""usdt"": 12167000.0, ""borsa"": 1, ""fiyat"": 63550.0, ""kaynak"": ""BNB""}, {""usdt"": 9752522.0, ""borsa"": 1, ""fiyat"": 63525.0, ""kaynak"": ""BNB""}]",SPOT,0.1906,0.0089,0.108,0.671,true,0,false,,3,0,3,1,0,3,49.8,50.8,HAZIRLAN,LONG,50,63403.9,63497.2,63652.4,63397,5.06,SEVIYE+EMILIM,55,480.9,49,,,,,,,1785250200,3,0,1.38,20,551.0,18,,,
29859,2026-07-28 14:53:42.330435+00,63480.05,1999058.506556601,2219053.5849999995,11806186061.434399,0.000009425999999999998,51035998.811409995,46573.619,48.0,BEKLE,true,0.0,46573.619,1.9002,0,47701377.22340005,301.543,0.0,48.0,"[{""usdt"": 14956676.0, ""borsa"": 3, ""fiyat"": 63425.0, ""kaynak"": ""BNB+BYB+OKX""}, {""usdt"": 12533294.0, ""borsa"": 3, ""fiyat"": 63400.0, ""kaynak"": ""BNB+BYB+OKX""}, {""usdt"": 8614491.0, ""borsa"": 1, ""fiyat"": 63325.0, ""kaynak"": ""BNB""}]","[{""usdt"": 11303581.0, ""borsa"": 1, ""fiyat"": 63500.0, ""kaynak"": ""BNB""}, {""usdt"": 11300525.0, ""borsa"": 1, ""fiyat"": 63525.0, ""kaynak"": ""BNB""}, {""usdt"": 10607209.0, ""borsa"": 3, ""fiyat"": 63450.0, ""kaynak"": ""BNB+BYB+OKX""}]",YOK,0.1469,0.0338,0.0304,0.6148,true,0,false,,1,0,3,0,0,3,45.8,46.9,IZLE,,25,63497.2,,,,,SEVIYE,70,552.0,56,,,,,,,1785250380,2,0,,20,552.0,18,,,
29860,2026-07-28 14:54:42.944875+00,63411.350000000006,2197843.2320966036,3112129.633,11794816003.079601,0.000009425999999999998,53276614.428990014,189153.71710000004,63.1,BEKLE,true,0.0,189153.71710000004,1.9002,60.736,46938596.929840006,120.984,0.0,63.1,"[{""usdt"": 14214990.0, ""borsa"": 3, ""fiyat"": 63450.0, ""kaynak"": ""BNB+BYB+OKX""}, {""usdt"": 10970605.0, ""borsa"": 1, ""fiyat"": 63425.0, ""kaynak"": ""BNB""}, {""usdt"": 9409527.0, ""borsa"": 1, ""fiyat"": 63400.0, ""kaynak"": ""BNB""}]","[{""usdt"": 10408298.0, ""borsa"": 3, ""fiyat"": 63475.0, ""kaynak"": ""BNB+BYB+OKX""}, {""usdt"": 10093486.0, ""borsa"": 3, ""fiyat"": 63500.0, ""kaynak"": ""BNB+BYB+OKX""}, {""usdt"": 9594588.0, ""borsa"": 1, ""fiyat"": 63550.0, ""kaynak"": ""BNB""}]",YOK,0.1193,0.0632,0.0179,0.4616,true,0,false,,2,0,3,1,0,3,42.6,43.7,IZLE,,25,63403.9,,,,,SEVIYE,55,483.0,49,,,,,,,1785250380,2,0,,20,553.1,18,,,
29861,2026-07-28 14:55:43.46127+00,63464.149999999994,2452051.266047809,2837600.0810000002,11793386123.251598,0.000009425999999999998,47014379.21475999,142707.0713,30.3,BEKLE,,0.0,142707.0713,1.9002,121.312,48442334.30619002,181.56,0.0,30.3,"[{""usdt"": 11312623.0, ""borsa"": 3, ""fiyat"": 63425.0, ""kaynak"": ""BNB+BYB+OKX""}, {""usdt"": 8316464.0, ""borsa"": 1, ""fiyat"": 63350.0, ""kaynak"": ""BNB""}, {""usdt"": 7998807.0, ""borsa"": 1, ""fiyat"": 63400.0, ""kaynak"": ""BNB""}]","[{""usdt"": 14346434.0, ""borsa"": 3, ""fiyat"": 63475.0, ""kaynak"": ""BNB+BYB+OKX""}, {""usdt"": 10231464.0, ""borsa"": 1, ""fiyat"": 63550.0, ""kaynak"": ""BNB""}, {""usdt"": 9108833.0, ""borsa"": 1, ""fiyat"": 63525.0, ""kaynak"": ""BNB""}]",YOK,0.0779,-0.015,0.5129,0.1741,true,0,false,6.4773,1,0,3,0,0,3,39.3,40.3,IZLE,,50,63497.2,,,,,SEVIYE+TASFIYE,70,554.1,56,,,,,,,1785250380,2,0,,20,554.1,18,,,
29862,2026-07-28 14:56:44.760014+00,63437.45,2975770.665453609,3079704.281,11794936579.1679,0.000009425999999999998,47757613.62173001,142707.0713,36.7,BEKLE,false,0.0,142707.0713,1.9002,182.615,46351670.38594002,242.863,0.0,36.7,"[{""usdt"": 18806756.0, ""borsa"": 3, ""fiyat"": 63425.0, ""kaynak"": ""BNB+BYB+OKX""}, {""usdt"": 9317927.0, ""borsa"": 1, ""fiyat"": 63400.0, ""kaynak"": ""BNB""}, {""usdt"": 7437469.0, ""borsa"": 1, ""fiyat"": 63350.0, ""kaynak"": ""BNB""}]","[{""usdt"": 10952173.0, ""borsa"": 3, ""fiyat"": 63475.0, ""kaynak"": ""BNB+BYB+OKX""}, {""usdt"": 9671878.0, ""borsa"": 1, ""fiyat"": 63525.0, ""kaynak"": ""BNB""}, {""usdt"": 9072431.0, ""borsa"": 1, ""fiyat"": 63550.0, ""kaynak"": ""BNB""}]",YOK,0.1149,0.0149,0.5079,0.3377,true,0,false,,1,0,3,1,1,3,36.7,37.8,IZLE,,25,63403.9,,,,,SEVIYE,55,485.0,49,,,,,,,1785250380,2,1,,20,555.1,18,,,
29863,2026-07-28 14:57:45.17497+00,63401.05,2648629.437182109,2899747.1969999997,11790487762.6366,0.000009425999999999998,49370563.66770998,142707.0713,42.8,BEKLE,,0.0,142707.0713,1.9011,242.927,44581455.34345,303.175,0.0,42.8,"[{""usdt"": 15587633.0, ""borsa"": 3, ""fiyat"": 63400.0, ""kaynak"": ""BNB+BYB+OKX""}, {""usdt"": 11001745.0, ""borsa"": 1, ""fiyat"": 63375.0, ""kaynak"": ""BNB""}, {""usdt"": 7119814.0, ""borsa"": 1, ""fiyat"": 63325.0, ""kaynak"": ""BNB""}]","[{""usdt"": 11251355.0, ""borsa"": 3, ""fiyat"": 63450.0, ""kaynak"": ""BNB+BYB+OKX""}, {""usdt"": 9081407.0, ""borsa"": 3, ""fiyat"": 63425.0, ""kaynak"": ""BNB+BYB+OKX""}, {""usdt"": 8966085.0, ""borsa"": 1, ""fiyat"": 63525.0, ""kaynak"": ""BNB""}]",YOK,0.0265,0.051,0.308,1.1364,true,0,false,,0,1,3,1,1,3,33.2,34.3,IZLE,,50,63403.9,,,,,SEVIYE+TASFIYE,55,486.0,49,,,,,,,1785250380,2,2,,20,556.1,18,,,
29864,2026-07-28 14:58:45.521267+00,63397.850000000006,2739144.895261608,2301476.005,11789931731.1749,0.000009425999999999998,44286703.07095,0.0,14.5,BEKLE,false,0.0,0.0,1.9011,60.42,45670531.032730035,0,0.0,14.5,"[{""usdt"": 10600996.0, ""borsa"": 3, ""fiyat"": 63375.0, ""kaynak"": ""BNB+BYB+OKX""}, {""usdt"": 8158913.0, ""borsa"": 1, ""fiyat"": 63350.0, ""kaynak"": ""BNB""}, {""usdt"": 7906916.0, ""borsa"": 1, ""fiyat"": 63300.0, ""kaynak"": ""BNB""}]","[{""usdt"": 14323444.0, ""borsa"": 3, ""fiyat"": 63425.0, ""kaynak"": ""BNB+BYB+OKX""}, {""usdt"": 8961618.0, ""borsa"": 1, ""fiyat"": 63500.0, ""kaynak"": ""BNB""}, {""usdt"": 7883386.0, ""borsa"": 1, ""fiyat"": 63475.0, ""kaynak"": ""BNB""}]",YOK,0.0339,-0.0154,0.8235,7.6591,true,0,false,2.0473,1,1,3,0,0,3,29.7,30.8,IZLE,,25,63403.9,,,,,SEVIYE,55,487.0,49,,,,,,,,,0,,20,557.1,18,,,
29865,2026-07-28 14:59:45.794573+00,63375.149999999994,2205795.3190083103,1702446.524,11788442480.6154,0.000009425999999999998,48932558.64556993,0.0,37.7,BEKLE,true,0.0,0.0,1.9011,60.325,42455586.373709984,60.325,37.7,0.0,"[{""usdt"": 13669575.0, ""borsa"": 3, ""fiyat"": 63375.0, ""kaynak"": ""BNB+BYB+OKX""}, {""usdt"": 9941045.0, ""borsa"": 1, ""fiyat"": 63300.0, ""kaynak"": ""BNB""}, {""usdt"": 7681470.0, ""borsa"": 1, ""fiyat"": 63350.0, ""kaynak"": ""BNB""}]","[{""usdt"": 15979178.0, ""borsa"": 3, ""fiyat"": 63425.0, ""kaynak"": ""BNB+BYB+OKX""}, {""usdt"": 7553875.0, ""borsa"": 1, ""fiyat"": 63500.0, ""kaynak"": ""BNB""}, {""usdt"": 6492661.0, ""borsa"": 1, ""fiyat"": 63475.0, ""kaynak"": ""BNB""}]",YOK,0.1085,0.0709,0.0029,1.1151,true,0,false,0.306,1,1,3,1,0,3,26.2,27.3,IZLE,,25,63365.4,,,,,SEVIYE,30,558.1,56,,,,,,,,,0,,20,558.1,18,,,
29866,2026-07-28 15:00:46.236809+00,63390.850000000006,932470.3581733088,243657.1549999999,11788297328.1105,0.000009425999999999998,44211431.379450016,0.0,48.8,BEKLE,false,0.0,0.0,1.9011,0,44284477.83075999,0,48.8,0.0,"[{""usdt"": 12975049.0, ""borsa"": 3, ""fiyat"": 63375.0, ""kaynak"": ""BNB+BYB+OKX""}, {""usdt"": 9759718.0, ""borsa"": 1, ""fiyat"": 63300.0, ""kaynak"": ""BNB""}, {""usdt"": 6966005.0, ""borsa"": 1, ""fiyat"": 63325.0, ""kaynak"": ""BNB""}]","[{""usdt"": 10463330.0, ""borsa"": 3, ""fiyat"": 63400.0, ""kaynak"": ""BNB+BYB+OKX""}, {""usdt"": 8944908.0, ""borsa"": 3, ""fiyat"": 63425.0, ""kaynak"": ""BNB+BYB+OKX""}, {""usdt"": 8840204.0, ""borsa"": 1, ""fiyat"": 63450.0, ""kaynak"": ""BNB""}]",YOK,-0.0413,-0.0008,0.2333,0.9427,true,0,false,0.1195,0,1,3,0,0,3,22.6,23.7,IZLE,,25,63403.9,,,,,SEVIYE,55,489.0,49,PCT,0.93,0.0,56.04958875698751,false,0.044,,,0,,20,559.1,18,,,
29867,2026-07-28 15:01:47.330007+00,63419.850000000006,844482.0804136093,278593.42199999996,11792009482.8513,0.000009425999999999998,45076775.634029955,0.0,55.5,BEKLE,false,0.0,0.0,1.9011,0,52314884.23610007,0,55.5,0.0,"[{""usdt"": 16781604.0, ""borsa"": 3, ""fiyat"": 63400.0, ""kaynak"": ""BNB+BYB+OKX""}, {""usdt"": 8555360.0, ""borsa"": 1, ""fiyat"": 63350.0, ""kaynak"": ""BNB""}, {""usdt"": 6411667.0, ""borsa"": 1, ""fiyat"": 63375.0, ""kaynak"": ""BNB""}]","[{""usdt"": 10495033.0, ""borsa"": 1, ""fiyat"": 63500.0, ""kaynak"": ""BNB""}, {""usdt"": 10404846.0, ""borsa"": 3, ""fiyat"": 63425.0, ""kaynak"": ""BNB+BYB+OKX""}, {""usdt"": 9021953.0, ""borsa"": 1, ""fiyat"": 63525.0, ""kaynak"": ""BNB""}]",YOK,-0.0208,-0.0743,0.2833,0.196,false,,false,0.1133,0,0,3,0,1,3,19.9,21,IZLE,,25,63403.9,,,,,SEVIYE,55,490.0,49,,,,,,,,,0,,20,560.1,18,,,
29868,2026-07-28 15:02:47.793016+00,63323.850000000006,390977.4457816086,191943.87299999993,11784231341.5749,0.000009425999999999998,48002527.72366004,0.0,53.5,BEKLE,true,0.0,0.0,1.8944,0,44556208.257420026,0,53.5,0.0,"[{""usdt"": 12938759.0, ""borsa"": 3, ""fiyat"": 63350.0, ""kaynak"": ""BNB+BYB+OKX""}, {""usdt"": 11631783.0, ""borsa"": 1, ""fiyat"": 63325.0, ""kaynak"": ""BNB""}, {""usdt"": 8400334.0, ""borsa"": 1, ""fiyat"": 63275.0, ""kaynak"": ""BNB""}]","[{""usdt"": 13302763.0, ""borsa"": 3, ""fiyat"": 63375.0, ""kaynak"": ""BNB+BYB+OKX""}, {""usdt"": 8251311.0, ""borsa"": 1, ""fiyat"": 63475.0, ""kaynak"": ""BNB""}, {""usdt"": 8088470.0, ""borsa"": 3, ""fiyat"": 63400.0, ""kaynak"": ""BNB+BYB+OKX""}]",YOK,-0.0519,0.0372,0.3083,0.8804,false,,false,0.0642,0,0,3,0,1,3,16.4,17.5,IZLE,,25,63329.1,,,,,SEVIYE,55,561.1,57,,,,,,,,,0,,21,561.1,19,,,
29869,2026-07-28 15:03:48.077185+00,63301.649999999994,-368596.0588972885,-838645.679,11776374152.6504,0.000009425999999999998,44668981.18145004,5952.079900000001,41.5,BEKLE,true,5952.079900000001,0.0,1.8944,0,43797404.31547003,0,41.5,0.0,"[{""usdt"": 15108551.0, ""borsa"": 3, ""fiyat"": 63300.0, ""kaynak"": ""BNB+BYB+OKX""}, {""usdt"": 8608507.0, ""borsa"": 1, ""fiyat"": 63225.0, ""kaynak"": ""BNB""}, {""usdt"": 6625388.0, ""borsa"": 1, ""fiyat"": 63275.0, ""kaynak"": ""BNB""}]","[{""usdt"": 11336058.0, ""borsa"": 3, ""fiyat"": 63350.0, ""kaynak"": ""BNB+BYB+OKX""}, {""usdt"": 8636829.0, ""borsa"": 3, ""fiyat"": 63325.0, ""kaynak"": ""BNB+BYB+OKX""}, {""usdt"": 8369665.0, ""borsa"": 1, ""fiyat"": 63425.0, ""kaynak"": ""BNB""}]",YOK,-0.0862,0.0099,0.346,0.8945,false,,false,0.0044,0,1,3,0,0,3,12.7,13.7,IZLE,,25,63329.1,,,,,SEVIYE,55,562.1,57,,,,,,,1785250980,1,0,,21,562.1,19,,,
29870,2026-07-28 15:04:48.362442+00,63292.350000000006,-793551.1489316889,-1094663.8570000003,11770888131.415699,0.000009425999999999998,42548063.068260044,6205.198700000001,42.9,BEKLE,true,6205.198700000001,0.0,1.8944,0,45699440.909820005,60.3,42.9,0.0,"[{""usdt"": 8408733.0, ""borsa"": 1, ""fiyat"": 63225.0, ""kaynak"": ""BNB""}, {""usdt"": 7728903.0, ""borsa"": 3, ""fiyat"": 63275.0, ""kaynak"": ""BNB+BYB+OKX""}, {""usdt"": 7065203.0, ""borsa"": 3, ""fiyat"": 63300.0, ""kaynak"": ""BNB+BYB+OKX""}]","[{""usdt"": 15412621.0, ""borsa"": 3, ""fiyat"": 63325.0, ""kaynak"": ""BNB+BYB+OKX""}, {""usdt"": 8801100.0, ""borsa"": 1, ""fiyat"": 63400.0, ""kaynak"": ""BNB""}, {""usdt"": 7920798.0, ""borsa"": 1, ""fiyat"": 63350.0, ""kaynak"": ""BNB""}]",YOK,-0.1298,-0.0357,0.3644,0.8404,false,,false,0,0,2,3,1,0,3,9.1,10.2,IZLE,,25,63262.1,,,,,SEVIYE,55,563.1,57,,,,,,,1785251040,1,0,,21,563.1,19,,,
29871,2026-07-28 15:05:48.650871+00,63244.55,-2251964.6617365982,-2873356.7750000004,11766746372.6066,0.000009425999999999998,48803076.02022998,6964.035900000001,0.0,BEKLE,,6964.035900000001,0.0,1.8827,0,47849486.97111005,0,0.0,0.0,"[{""usdt"": 13516973.0, ""borsa"": 2, ""fiyat"": 63200.0, ""kaynak"": ""BNB+BYB""}, {""usdt"": 12365341.0, ""borsa"": 3, ""fiyat"": 63225.0, ""kaynak"": ""BNB+BYB+OKX""}, {""usdt"": 8375615.0, ""borsa"": 1, ""fiyat"": 63175.0, ""kaynak"": ""BNB""}]","[{""usdt"": 14272221.0, ""borsa"": 3, ""fiyat"": 63250.0, ""kaynak"": ""BNB+BYB+OKX""}, {""usdt"": 8519944.0, ""borsa"": 2, ""fiyat"": 63275.0, ""kaynak"": ""BNB+BYB""}, {""usdt"": 8238965.0, ""borsa"": 1, ""fiyat"": 63350.0, ""kaynak"": ""BNB""}]",YOK,-0.1882,0.0099,0.3533,1.3555,false,,false,0,0,2,3,0,1,3,5.5,6.5,IZLE,,25,63262.1,,,,,SEVIYE,55,564.1,57,,,,,,,1785251100,1,0,,21,564.1,19,,,
29872,2026-07-28 15:06:49.080315+00,63333.45,-1605622.1009935993,-2404077.6220000004,11779269677.7348,0.000009425999999999998,42779525.53695004,7217.699100000001,42.1,BEKLE,true,7217.699100000001,0.0,1.8827,0,43473218.272160016,0,42.1,0.0,"[{""usdt"": 8982352.0, ""borsa"": 3, ""fiyat"": 63300.0, ""kaynak"": ""BNB+BYB+OKX""}, {""usdt"": 8269973.0, ""borsa"": 3, ""fiyat"": 63325.0, ""kaynak"": ""BNB+BYB+OKX""}, {""usdt"": 8151498.0, ""borsa"": 1, ""fiyat"": 63250.0, ""kaynak"": ""BNB""}]","[{""usdt"": 13399900.0, ""borsa"": 3, ""fiyat"": 63350.0, ""kaynak"": ""BNB+BYB+OKX""}, {""usdt"": 7988491.0, ""borsa"": 1, ""fiyat"": 63400.0, ""kaynak"": ""BNB""}, {""usdt"": 6906188.0, ""borsa"": 2, ""fiyat"": 63375.0, ""kaynak"": ""BNB+BYB""}]",YOK,0.0271,-0.008,0.3281,0.9659,false,,false,0,1,0,3,0,0,3,2.1,3.2,IZLE,,25,63329.1,,,,,SEVIYE,55,565.1,57,,,,,,,1785251100,1,0,,21,565.1,19,,,
29873,2026-07-28 15:07:49.394907+00,63277.95,-1783268.5223612,-2448064.1390000004,11776270889.3078,0.000009425999999999998,42779525.53695004,1328.9391,49.5,BEKLE,true,1328.9391,0.0,1.8827,60.313,43473218.272160016,60.313,49.5,0.0,"[{""usdt"": 8982352.0, ""borsa"": 3, ""fiyat"": 63300.0, ""kaynak"": ""BNB+BYB+OKX""}, {""usdt"": 8269973.0, ""borsa"": 3, ""fiyat"": 63325.0, ""kaynak"": ""BNB+BYB+OKX""}, {""usdt"": 8151498.0, ""borsa"": 1, ""fiyat"": 63250.0, ""kaynak"": ""BNB""}]","[{""usdt"": 13399900.0, ""borsa"": 3, ""fiyat"": 63350.0, ""kaynak"": ""BNB+BYB+OKX""}, {""usdt"": 7988491.0, ""borsa"": 1, ""fiyat"": 63400.0, ""kaynak"": ""BNB""}, {""usdt"": 6906188.0, ""borsa"": 2, ""fiyat"": 63375.0, ""kaynak"": ""BNB+BYB""}]",YOK,0.0271,-0.008,0.3057,0.5396,false,,false,0,1,0,3,0,0,3,62.4,63.5,IZLE,,25,63262.1,,,,,SEVIYE,55,566.2,57,,,,,,,1785251100,1,0,,21,566.2,19,,,
29874,2026-07-28 15:08:49.867969+00,63309.05,-2249404.233742802,-2388572.5560000003,11776197873.0065,0.000009425999999999998,47759233.41041001,4114.297,50.7,BEKLE,true,4114.297,0.0,1.8827,0,45176449.80042998,0,50.7,0.0,"[{""usdt"": 16028240.0, ""borsa"": 3, ""fiyat"": 63250.0, ""kaynak"": ""BNB+BYB+OKX""}, {""usdt"": 10045479.0, ""borsa"": 1, ""fiyat"": 63200.0, ""kaynak"": ""BNB""}, {""usdt"": 8078804.0, ""borsa"": 1, ""fiyat"": 63175.0, ""kaynak"": ""BNB""}]","[{""usdt"": 12324103.0, ""borsa"": 3, ""fiyat"": 63300.0, ""kaynak"": ""BNB+BYB+OKX""}, {""usdt"": 8664156.0, ""borsa"": 1, ""fiyat"": 63400.0, ""kaynak"": ""BNB""}, {""usdt"": 7051815.0, ""borsa"": 1, ""fiyat"": 63350.0, ""kaynak"": ""BNB""}]",YOK,-0.1125,0.0278,0.3935,0.1295,false,,false,0,0,1,3,0,0,3,59,60,IZLE,,25,63329.1,,,,,SEVIYE,55,567.2,57,,,,,,,1785251280,1,0,,21,567.2,19,,,
29875,2026-07-28 15:09:50.171515+00,63333.649999999994,-2218305.4719340038,-2127044.4300000006,11780714270.602001,0.000009425999999999998,45422731.46009995,4431.4452,54.6,BEKLE,true,4431.4452,0.0,1.8827,0,43095705.32658997,60.358,54.6,0.0,"[{""usdt"": 13059401.0, ""borsa"": 3, ""fiyat"": 63300.0, ""kaynak"": ""BNB+BYB+OKX""}, {""usdt"": 8835141.0, ""borsa"": 1, ""fiyat"": 63200.0, ""kaynak"": ""BNB""}, {""usdt"": 7833700.0, ""borsa"": 3, ""fiyat"": 63275.0, ""kaynak"": ""BNB+BYB+OKX""}]","[{""usdt"": 12133034.0, ""borsa"": 3, ""fiyat"": 63325.0, ""kaynak"": ""BNB+BYB+OKX""}, {""usdt"": 8811976.0, ""borsa"": 1, ""fiyat"": 63400.0, ""kaynak"": ""BNB""}, {""usdt"": 8385221.0, ""borsa"": 3, ""fiyat"": 63350.0, ""kaynak"": ""BNB+BYB+OKX""}]",YOK,-0.0376,0.0263,0.4246,1.0295,false,4.2115,false,0,0,0,3,1,0,3,55.5,56.5,IZLE,,25,63329.1,,,,,SEVIYE,55,568.2,57,,,,,,,1785251280,1,0,,21,568.2,19,,,
29876,2026-07-28 15:10:50.543299+00,63368.25,-2218305.4719340038,-2127044.4300000006,11780714270.602001,0.000009425999999999998,47340949.740929976,4431.4452,7.7,BEKLE,,4431.4452,0.0,1.8827,60.328,40419146.98680003,60.328,0.0,7.7,"[{""usdt"": 7976408.0, ""borsa"": 1, ""fiyat"": 63250.0, ""kaynak"": ""BNB""}, {""usdt"": 7501371.0, ""borsa"": 1, ""fiyat"": 63225.0, ""kaynak"": ""BNB""}, {""usdt"": 7402919.0, ""borsa"": 2, ""fiyat"": 63375.0, ""kaynak"": ""BYB+OKX""}]","[{""usdt"": 11879078.0, ""borsa"": 3, ""fiyat"": 63400.0, ""kaynak"": ""BNB+BYB+OKX""}, {""usdt"": 10563734.0, ""borsa"": 2, ""fiyat"": 63425.0, ""kaynak"": ""BNB+OKX""}, {""usdt"": 6589212.0, ""borsa"": 2, ""fiyat"": 63375.0, ""kaynak"": ""BNB+BYB""}]",YOK,-0.0176,0.0789,0.0235,7.244,false,5.8894,false,0,1,0,3,2,0,3,51.9,53,IZLE,,25,63365.4,,,,,SEVIYE,30,569.2,57,,,,,,,1785251280,1,0,,21,569.2,19,,,
29877,2026-07-28 15:11:50.89338+00,63349.350000000006,-1795477.8657658084,612204.8919999999,11787726165.1361,0.000009425999999999998,46333762.75198997,20975.2545,43.8,BEKLE,,3418.9667999999997,17556.2877,1.8827,60.358,40939900.533949986,0,0.0,43.8,"[{""usdt"": 12539927.0, ""borsa"": 3, ""fiyat"": 63325.0, ""kaynak"": ""BNB+BYB+OKX""}, {""usdt"": 11340953.0, ""borsa"": 3, ""fiyat"": 63350.0, ""kaynak"": ""BNB+BYB+OKX""}, {""usdt"": 7474392.0, ""borsa"": 1, ""fiyat"": 63250.0, ""kaynak"": ""BNB""}]","[{""usdt"": 13090285.0, ""borsa"": 3, ""fiyat"": 63375.0, ""kaynak"": ""BNB+BYB+OKX""}, {""usdt"": 7008029.0, ""borsa"": 2, ""fiyat"": 63400.0, ""kaynak"": ""BNB+BYB""}, {""usdt"": 6234474.0, ""borsa"": 1, ""fiyat"": 63425.0, ""kaynak"": ""BNB""}]",YOK,0.085,0.0618,0.0326,0.2279,false,1.8925,false,0,1,0,3,0,0,3,48.3,49.4,IZLE,,25,63365.4,,,,,SEVIYE,30,570.2,57,,,,,,,1785251400,1,0,,21,570.2,19,,,
29878,2026-07-28 15:12:51.263937+00,63444.25,-1762659.2881180125,596167.43,11784395268.432098,0.000009425999999999998,49853484.172059976,20969.299,0.0,BEKLE,,3418.9667999999997,17550.3322,1.8769,60.434,41932933.47288999,60.434,0.0,0.0,"[{""usdt"": 12282044.0, ""borsa"": 3, ""fiyat"": 63350.0, ""kaynak"": ""BNB+BYB+OKX""}, {""usdt"": 10784237.0, ""borsa"": 1, ""fiyat"": 63325.0, ""kaynak"": ""BNB""}, {""usdt"": 7244283.0, ""borsa"": 1, ""fiyat"": 63275.0, ""kaynak"": ""BNB""}]","[{""usdt"": 13010750.0, ""borsa"": 3, ""fiyat"": 63400.0, ""kaynak"": ""BNB+BYB+OKX""}, {""usdt"": 7281459.0, ""borsa"": 1, ""fiyat"": 63475.0, ""kaynak"": ""BNB""}, {""usdt"": 6600200.0, ""borsa"": 3, ""fiyat"": 63375.0, ""kaynak"": ""BNB+BYB+OKX""}]",YOK,0.0585,0.0863,0.0037,2.4953,false,2.6546,false,0,0,0,3,1,0,3,44.9,45.9,IZLE,,25,63438.5,,,,,SEVIYE,70,571.2,58,,,,,,,1785251400,1,0,,22,571.2,20,,,
29879,2026-07-28 15:13:51.631481+00,63414.75,-812991.5734512154,496127.0870000001,11803271600.100101,0.000009425999999999998,49360217.64967005,21223.1226,24.3,BEKLE,false,3418.9667999999997,17804.1558,1.8769,60.331,42043201.48562002,0,0.0,24.3,"[{""usdt"": 18886025.0, ""borsa"": 3, ""fiyat"": 63400.0, ""kaynak"": ""BNB+BYB+OKX""}, {""usdt"": 8755214.0, ""borsa"": 1, ""fiyat"": 63350.0, ""kaynak"": ""BNB""}, {""usdt"": 7817600.0, ""borsa"": 1, ""fiyat"": 63325.0, ""kaynak"": ""BNB""}]","[{""usdt"": 10049264.0, ""borsa"": 3, ""fiyat"": 63450.0, ""kaynak"": ""BNB+BYB+OKX""}, {""usdt"": 9297385.0, ""borsa"": 3, ""fiyat"": 63425.0, ""kaynak"": ""BNB+BYB+OKX""}, {""usdt"": 7808175.0, ""borsa"": 1, ""fiyat"": 63475.0, ""kaynak"": ""BNB""}]",YOK,0.1426,0.0801,0.2127,1.322,false,1.6978,false,0,2,0,3,1,0,3,41.3,42.4,IZLE,,25,63438.5,,,,,SEVIYE,70,572.2,58,,,,,,,1785251520,1,0,,22,572.2,20,,,
29880,2026-07-28 15:14:51.937559+00,63457.850000000006,-572097.3955337252,461563.2540000001,11797749010.361599,0.000009425999999999998,43102373.01105004,17804.131400000002,21.1,BEKLE,false,0.0,17804.131400000002,1.8769,0,60635047.004780054,60.344,0.0,21.1,"[{""usdt"": 12984934.0, ""borsa"": 3, ""fiyat"": 63425.0, ""kaynak"": ""BNB+BYB+OKX""}, {""usdt"": 9469884.0, ""borsa"": 1, ""fiyat"": 63350.0, ""kaynak"": ""BNB""}, {""usdt"": 7080732.0, ""borsa"": 1, ""fiyat"": 63400.0, ""kaynak"": ""BNB""}]","[{""usdt"": 25255868.0, ""borsa"": 3, ""fiyat"": 63475.0, ""kaynak"": ""BNB+BYB+OKX""}, {""usdt"": 9431750.0, ""borsa"": 1, ""fiyat"": 63550.0, ""kaynak"": ""BNB""}, {""usdt"": 9201198.0, ""borsa"": 1, ""fiyat"": 63500.0, ""kaynak"": ""BNB""}]",YOK,0.1041,-0.169,0.2565,1.6341,true,0.2507,false,0.1159,2,0,3,0,1,3,37.8,38.9,IZLE,,25,63438.5,,,,,SEVIYE,70,573.2,58,,,,,,,1785251520,1,0,,22,573.2,20,,,
29881,2026-07-28 15:15:52.212287+00,63387.25,-579884.9884660395,700901.506,11798342799.285,0.000009425999999999998,46454313.94705998,17804.131400000002,47.8,BEKLE,false,0.0,17804.131400000002,1.8769,0,48981561.20451002,120.552,0.0,47.8,"[{""usdt"": 8224889.0, ""borsa"": 1, ""fiyat"": 63300.0, ""kaynak"": ""BNB""}, {""usdt"": 7267596.0, ""borsa"": 1, ""fiyat"": 63275.0, ""kaynak"": ""BNB""}, {""usdt"": 7242833.0, ""borsa"": 3, ""fiyat"": 63375.0, ""kaynak"": ""BNB+BYB+OKX""}]","[{""usdt"": 17226689.0, ""borsa"": 3, ""fiyat"": 63425.0, ""kaynak"": ""BNB+BYB+OKX""}, {""usdt"": 9241259.0, ""borsa"": 3, ""fiyat"": 63400.0, ""kaynak"": ""BNB+BYB+OKX""}, {""usdt"": 8624716.0, ""borsa"": 1, ""fiyat"": 63475.0, ""kaynak"": ""BNB""}]",YOK,0.0438,-0.0265,0.2391,0.234,true,0.1658,false,,0,0,3,0,1,3,34.2,35.3,IZLE,,25,63365.4,,,,,SEVIYE,30,574.2,58,,,,,,,1785251520,1,1,,22,574.2,20,,,
29882,2026-07-28 15:16:52.562623+00,63358.45,100623.60296995848,1574542.2400000002,11794328258.4368,0.000009425999999999998,47581830.98525999,253.7992,29.2,BEKLE,false,0.0,253.7992,1.8769,60.344,49400453.86730994,60.344,0.0,29.2,"[{""usdt"": 15725939.0, ""borsa"": 3, ""fiyat"": 63350.0, ""kaynak"": ""BNB+BYB+OKX""}, {""usdt"": 8252427.0, ""borsa"": 1, ""fiyat"": 63300.0, ""kaynak"": ""BNB""}, {""usdt"": 7280009.0, ""borsa"": 1, ""fiyat"": 63325.0, ""kaynak"": ""BNB""}]","[{""usdt"": 14421226.0, ""borsa"": 3, ""fiyat"": 63400.0, ""kaynak"": ""BNB+BYB+OKX""}, {""usdt"": 9661389.0, ""borsa"": 1, ""fiyat"": 63475.0, ""kaynak"": ""BNB""}, {""usdt"": 8953600.0, ""borsa"": 1, ""fiyat"": 63425.0, ""kaynak"": ""BNB""}]",YOK,0.0687,-0.0188,0.5166,0.2093,true,0.0381,false,,2,0,3,1,1,3,30.6,31.7,IZLE,,25,63365.4,,,,,SEVIYE,30,575.2,58,PCT,0.95,4.009193547101375,0.9110481538558655,false,0.051,1785251520,1,0,,22,575.2,20,,,
29883,2026-07-28 15:17:53.596625+00,63375.25,381189.020703459,1750054.683,11793280002.6344,0.000009425999999999998,44611922.24253006,253.7992,47.3,BEKLE,false,0.0,253.7992,1.8794,0,47507069.97354004,121.277,0.0,47.3,"[{""usdt"": 14971292.0, ""borsa"": 3, ""fiyat"": 63325.0, ""kaynak"": ""BNB+BYB+OKX""}, {""usdt"": 9914795.0, ""borsa"": 1, ""fiyat"": 63250.0, ""kaynak"": ""BNB""}, {""usdt"": 7397710.0, ""borsa"": 1, ""fiyat"": 63300.0, ""kaynak"": ""BNB""}]","[{""usdt"": 10056514.0, ""borsa"": 3, ""fiyat"": 63350.0, ""kaynak"": ""BNB+BYB+OKX""}, {""usdt"": 9356399.0, ""borsa"": 3, ""fiyat"": 63375.0, ""kaynak"": ""BNB+BYB+OKX""}, {""usdt"": 9303440.0, ""borsa"": 1, ""fiyat"": 63400.0, ""kaynak"": ""BNB""}]",YOK,0.0329,-0.0314,0.5019,1.3618,true,0,false,,1,0,3,0,1,3,27.7,28.8,IZLE,,25,63365.4,,,,,SEVIYE,30,576.2,58,,,,,,,1785251520,1,1,,22,576.2,20,,,
29884,2026-07-28 15:18:53.963349+00,63385.850000000006,829368.3164441589,1512035.8660000002,11792313009.0025,0.000009425999999999998,43844246.01257001,0.0,48.2,BEKLE,false,0.0,0.0,1.8794,60.498,53320989.795090005,181.775,0.0,48.2,"[{""usdt"": 15745925.0, ""borsa"": 3, ""fiyat"": 63375.0, ""kaynak"": ""BNB+BYB+OKX""}, {""usdt"": 8084205.0, ""borsa"": 1, ""fiyat"": 63300.0, ""kaynak"": ""BNB""}, {""usdt"": 6684318.0, ""borsa"": 1, ""fiyat"": 63325.0, ""kaynak"": ""BNB""}]","[{""usdt"": 16182019.0, ""borsa"": 3, ""fiyat"": 63400.0, ""kaynak"": ""BNB+BYB+OKX""}, {""usdt"": 11982145.0, ""borsa"": 3, ""fiyat"": 63425.0, ""kaynak"": ""BNB+BYB+OKX""}, {""usdt"": 9878191.0, ""borsa"": 1, ""fiyat"": 63475.0, ""kaynak"": ""BNB""}]",YOK,0.0338,-0.0975,0.4672,0.6934,true,0,false,,0,0,3,0,2,3,24.4,25.4,IZLE,,25,63365.4,,,,,SEVIYE,30,577.2,58,,,,,,,,,0,,22,577.2,20,,,
29885,2026-07-28 15:19:54.242538+00,63374.25,1234655.6182392656,1692631.4470000004,11792963308.387798,0.000009425999999999998,44076775.669850014,0.0,57.9,BEKLE,false,0.0,0.0,1.8794,120.787,50839065.14163,242.064,0.0,57.9,"[{""usdt"": 16551159.0, ""borsa"": 3, ""fiyat"": 63350.0, ""kaynak"": ""BNB+BYB+OKX""}, {""usdt"": 8719998.0, ""borsa"": 1, ""fiyat"": 63300.0, ""kaynak"": ""BNB""}, {""usdt"": 5910734.0, ""borsa"": 1, ""fiyat"": 63275.0, ""kaynak"": ""BNB""}]","[{""usdt"": 12254542.0, ""borsa"": 3, ""fiyat"": 63400.0, ""kaynak"": ""BNB+BYB+OKX""}, {""usdt"": 9884514.0, ""borsa"": 1, ""fiyat"": 63425.0, ""kaynak"": ""BNB""}, {""usdt"": 8117870.0, ""borsa"": 1, ""fiyat"": 63475.0, ""kaynak"": ""BNB""}]",YOK,-0.0239,-0.0712,0.4432,1.7285,true,0,false,,0,0,3,0,0,3,20.8,21.8,IZLE,,25,63365.4,,,,,SEVIYE,30,578.2,58,,,,,,,,,0,,22,578.2,20,,,
29886,2026-07-28 15:20:54.60192+00,63581.55,2193570.3667905773,1108361.99,11795826334.0648,0.000009425999999999998,44168789.96933,0.0,0.0,BEKLE,,0.0,0.0,1.8777,0,53886489.21960003,0,0.0,0.0,"[{""usdt"": 12921902.0, ""borsa"": 3, ""fiyat"": 63525.0, ""kaynak"": ""BNB+BYB+OKX""}, {""usdt"": 7865849.0, ""borsa"": 1, ""fiyat"": 63450.0, ""kaynak"": ""BNB""}, {""usdt"": 7157840.0, ""borsa"": 1, ""fiyat"": 63425.0, ""kaynak"": ""BNB""}]","[{""usdt"": 16024159.0, ""borsa"": 3, ""fiyat"": 63550.0, ""kaynak"": ""BNB+BYB+OKX""}, {""usdt"": 10474593.0, ""borsa"": 1, ""fiyat"": 63600.0, ""kaynak"": ""BNB""}, {""usdt"": 10257649.0, ""borsa"": 2, ""fiyat"": 63575.0, ""kaynak"": ""BNB+BYB""}]",SPOT,0.2756,-0.0991,0.7869,4.6512,false,,false,1.4852,3,0,3,0,1,3,17.2,18.2,IZLE,,25,63552.9,,,,,SEVIYE,70,579.2,58,,,,,,,,,0,,22,579.2,20,,,
29887,2026-07-28 15:21:54.955842+00,63742.55,5102198.681948175,4492187.998000001,11836981180.3465,0.000009425999999999998,47178848.737899974,444441.11209999997,0.0,BEKLE,,0.0,444441.11209999997,1.8777,0,53555888.269209966,0,0.0,0.0,"[{""usdt"": 11821308.0, ""borsa"": 3, ""fiyat"": 63675.0, ""kaynak"": ""BNB+BYB+OKX""}, {""usdt"": 10204014.0, ""borsa"": 3, ""fiyat"": 63700.0, ""kaynak"": ""BNB+BYB+OKX""}, {""usdt"": 7695016.0, ""borsa"": 1, ""fiyat"": 63650.0, ""kaynak"": ""BNB""}]","[{""usdt"": 16861023.0, ""borsa"": 1, ""fiyat"": 63800.0, ""kaynak"": ""BNB""}, {""usdt"": 11822091.0, ""borsa"": 3, ""fiyat"": 63725.0, ""kaynak"": ""BNB+BYB+OKX""}, {""usdt"": 11225847.0, ""borsa"": 1, ""fiyat"": 63775.0, ""kaynak"": ""BNB""}]",SPOT,0.2527,-0.0633,0.4818,3.1235,false,,false,5.224,3,0,3,1,0,3,13.6,14.7,IZLE,,25,63755.4,,,,,SEVIYE,70,580.2,58,,,,,,,1785252060,4,0,,22,580.2,20,,,
29888,2026-07-28 15:22:55.27076+00,63703.05,6206150.16780208,6673859.541999999,11824215156.183,0.000009425999999999998,44203198.909719974,1921396.3750000002,0.0,BEKLE,,0.0,1921396.3750000002,1.8777,0,59823666.79131001,60.339,0.0,0.0,"[{""usdt"": 13831767.0, ""borsa"": 3, ""fiyat"": 63700.0, ""kaynak"": ""BNB+BYB+OKX""}, {""usdt"": 7969314.0, ""borsa"": 1, ""fiyat"": 63650.0, ""kaynak"": ""BNB""}, {""usdt"": 7685084.0, ""borsa"": 1, ""fiyat"": 63600.0, ""kaynak"": ""BNB""}]","[{""usdt"": 14903510.0, ""borsa"": 3, ""fiyat"": 63750.0, ""kaynak"": ""BNB+BYB+OKX""}, {""usdt"": 13709283.0, ""borsa"": 1, ""fiyat"": 63800.0, ""kaynak"": ""BNB""}, {""usdt"": 11158678.0, ""borsa"": 3, ""fiyat"": 63725.0, ""kaynak"": ""BNB+BYB+OKX""}]",SPOT,0.1684,-0.1502,0.3944,1.8633,false,,false,4.0915,1,0,3,0,2,3,10.1,11.2,IZLE,,25,63753.9,,,,,SEVIYE,70,581.3,59,,,,,,,1785252060,4,0,,21,581.3,19,,,
29889,2026-07-28 15:23:55.765442+00,63785.55,5454304.679654682,6599001.433000001,11828860586.2077,0.000009425999999999998,43814924.76351998,1924007.7347000001,0.0,BEKLE,,0.0,1924007.7347000001,1.8777,60.497,56445938.807759956,120.836,0.0,0.0,"[{""usdt"": 8409221.0, ""borsa"": 3, ""fiyat"": 63750.0, ""kaynak"": ""BNB+BYB+OKX""}, {""usdt"": 8202701.0, ""borsa"": 1, ""fiyat"": 63675.0, ""kaynak"": ""BNB""}, {""usdt"": 6787516.0, ""borsa"": 1, ""fiyat"": 63650.0, ""kaynak"": ""BNB""}]","[{""usdt"": 24512796.0, ""borsa"": 3, ""fiyat"": 63800.0, ""kaynak"": ""BNB+BYB+OKX""}, {""usdt"": 10679300.0, ""borsa"": 1, ""fiyat"": 63850.0, ""kaynak"": ""BNB""}, {""usdt"": 10140106.0, ""borsa"": 3, ""fiyat"": 63775.0, ""kaynak"": ""BNB+BYB+OKX""}]",SPOT,0.3035,-0.126,0.3335,2.4197,false,,false,3.7466,3,0,3,0,1,3,6.6,7.8,IZLE,,25,63753.9,,,,,SEVIYE,70,582.3,59,,,,,,,1785252120,4,0,,21,582.3,19,,,
29890,2026-07-28 15:24:56.102355+00,63850.95,5963287.386257677,6813911.146000001,11825388889.6802,0.000009425999999999998,43198860.442019984,2049815.7511000002,0.0,BEKLE,,0.0,2049815.7511000002,1.8777,0,61011714.58594004,0,0.0,0.0,"[{""usdt"": 14558271.0, ""borsa"": 3, ""fiyat"": 63850.0, ""kaynak"": ""BNB+BYB+OKX""}, {""usdt"": 7173936.0, ""borsa"": 2, ""fiyat"": 63875.0, ""kaynak"": ""BNB+BYB""}, {""usdt"": 6759866.0, ""borsa"": 2, ""fiyat"": 63825.0, ""kaynak"": ""BNB+OKX""}]","[{""usdt"": 13038740.0, ""borsa"": 1, ""fiyat"": 63925.0, ""kaynak"": ""BNB""}, {""usdt"": 12276108.0, ""borsa"": 1, ""fiyat"": 64000.0, ""kaynak"": ""BNB""}, {""usdt"": 10686591.0, ""borsa"": 1, ""fiyat"": 63975.0, ""kaynak"": ""BNB""}]",SPOT,0.2345,-0.1709,0.337,2.8522,false,,false,2.7634,2,0,3,0,2,3,3.1,4.2,IZLE,,25,63895.9,,,,,SEVIYE,50,583.3,59,,,,,,,1785252180,4,0,,21,583.3,19,,,
29891,2026-07-28 15:25:56.450812+00,63829.25,6968961.483244424,8494164.910000002,11827516446.1797,0.000009425999999999998,49974511.07461998,2500569.6326,0.0,BEKLE,,0.0,2500569.6326,1.8777,0,58506356.05443993,60.357,0.0,0.0,"[{""usdt"": 13414071.0, ""borsa"": 1, ""fiyat"": 63800.0, ""kaynak"": ""BNB""}, {""usdt"": 8622876.0, ""borsa"": 2, ""fiyat"": 63850.0, ""kaynak"": ""BYB+OKX""}, {""usdt"": 7954817.0, ""borsa"": 1, ""fiyat"": 63750.0, ""kaynak"": ""BNB""}]","[{""usdt"": 16074174.0, ""borsa"": 3, ""fiyat"": 63900.0, ""kaynak"": ""BNB+BYB+OKX""}, {""usdt"": 15576193.0, ""borsa"": 3, ""fiyat"": 63875.0, ""kaynak"": ""BNB+BYB+OKX""}, {""usdt"": 13071098.0, ""borsa"": 1, ""fiyat"": 63925.0, ""kaynak"": ""BNB""}]",SPOT,0.2345,-0.0786,0.2625,1.1394,false,,false,2.307,2,0,3,0,1,3,63.4,61.9,IZLE,,25,63895.9,,,,,SEVIYE,50,584.3,59,,,,,,,1785252240,4,0,,21,584.3,19,,,
29892,2026-07-28 15:26:56.835004+00,63916.25,7591309.303062324,8867238.192,11822504628.192398,0.000009425999999999998,50776801.88369998,726305.1960000001,0.0,BEKLE,,510.77520000000004,725794.4208000001,1.8777,60.344,56807662.37497992,120.701,0.0,0.0,"[{""usdt"": 13414071.0, ""borsa"": 1, ""fiyat"": 63800.0, ""kaynak"": ""BNB""}, {""usdt"": 12202442.0, ""borsa"": 3, ""fiyat"": 63825.0, ""kaynak"": ""BNB+BYB+OKX""}, {""usdt"": 7954817.0, ""borsa"": 1, ""fiyat"": 63750.0, ""kaynak"": ""BNB""}]","[{""usdt"": 13071098.0, ""borsa"": 1, ""fiyat"": 63925.0, ""kaynak"": ""BNB""}, {""usdt"": 12453202.0, ""borsa"": 3, ""fiyat"": 63850.0, ""kaynak"": ""BNB+BYB+OKX""}, {""usdt"": 11463920.0, ""borsa"": 3, ""fiyat"": 63875.0, ""kaynak"": ""BNB+BYB+OKX""}]",YOK,0.1384,-0.0561,0.2385,1.3892,false,,false,2.8087,2,0,3,0,1,3,59.9,61,IZLE,,50,63895.9,,,,,SEVIYE+TASFIYE,50,585.3,59,,,,,,,1785252300,3,0,,21,585.3,19,,,
29893,2026-07-28 15:27:57.915935+00,63800.05,9424867.565279318,14777448.896000002,11820646729.636799,0.000009425999999999998,44499076.81964002,1132478.2283,40.8,BEKLE,false,510.77520000000004,1131967.4531,1.9138,121.422,57893552.06407,181.779,0.0,40.8,"[{""usdt"": 11593245.0, ""borsa"": 3, ""fiyat"": 63900.0, ""kaynak"": ""BNB+BYB+OKX""}, {""usdt"": 10120655.0, ""borsa"": 1, ""fiyat"": 63800.0, ""kaynak"": ""BNB""}, {""usdt"": 7407983.0, ""borsa"": 1, ""fiyat"": 63850.0, ""kaynak"": ""BNB""}]","[{""usdt"": 15381986.0, ""borsa"": 3, ""fiyat"": 63950.0, ""kaynak"": ""BNB+BYB+OKX""}, {""usdt"": 13730431.0, ""borsa"": 3, ""fiyat"": 63925.0, ""kaynak"": ""BNB+BYB+OKX""}, {""usdt"": 13652964.0, ""borsa"": 1, ""fiyat"": 64000.0, ""kaynak"": ""BNB""}]",SPOT,0.3099,-0.1308,0.1794,0.4516,false,,false,3.9221,3,0,3,0,1,3,57,58.1,IZLE,,25,63753.9,,,,,SEVIYE,70,586.3,59,,,,,,,1785252420,3,0,,21,586.3,19,,,
29894,2026-07-28 15:28:58.284868+00,63760.55,8866114.502803914,14011419.697,11802050395.689,0.000009425999999999998,46797356.12747997,1006408.9905,50.2,BEKLE,false,510.77520000000004,1005898.2152999999,1.9138,0,49189292.71022,60.337,0.0,50.2,"[{""usdt"": 14181591.0, ""borsa"": 3, ""fiyat"": 63775.0, ""kaynak"": ""BNB+BYB+OKX""}, {""usdt"": 10634058.0, ""borsa"": 3, ""fiyat"": 63750.0, ""kaynak"": ""BNB+BYB+OKX""}, {""usdt"": 9919821.0, ""borsa"": 1, ""fiyat"": 63700.0, ""kaynak"": ""BNB""}]","[{""usdt"": 10650237.0, ""borsa"": 3, ""fiyat"": 63800.0, ""kaynak"": ""BNB+BYB+OKX""}, {""usdt"": 9237260.0, ""borsa"": 1, ""fiyat"": 63900.0, ""kaynak"": ""BNB""}, {""usdt"": 8027277.0, ""borsa"": 1, ""fiyat"": 63925.0, ""kaynak"": ""BNB""}]",YOK,-0.0592,-0.0249,0.2021,0.1236,false,,false,3.9748,1,1,3,0,1,3,53.4,54.5,IZLE,,50,63753.9,,,,,SEVIYE+TASFIYE,70,587.3,59,,,,,,,1785252420,3,0,,21,587.3,19,,,
29895,2026-07-28 15:29:58.674022+00,63722.25,8360047.779847602,8477246.258000001,11795184434.2464,0.000009425999999999998,49278557.03153005,409097.68259999994,40.0,BEKLE,false,574.5120000000001,408523.17059999995,1.9138,60.354,44345679.53900003,0,0.0,40.0,"[{""usdt"": 15010381.0, ""borsa"": 3, ""fiyat"": 63750.0, ""kaynak"": ""BNB+BYB+OKX""}, {""usdt"": 9210813.0, ""borsa"": 3, ""fiyat"": 63725.0, ""kaynak"": ""BNB+BYB+OKX""}, {""usdt"": 7812028.0, ""borsa"": 1, ""fiyat"": 63650.0, ""kaynak"": ""BNB""}]","[{""usdt"": 12699805.0, ""borsa"": 3, ""fiyat"": 63775.0, ""kaynak"": ""BNB+BYB+OKX""}, {""usdt"": 8097487.0, ""borsa"": 1, ""fiyat"": 63875.0, ""kaynak"": ""BNB""}, {""usdt"": 7801656.0, ""borsa"": 1, ""fiyat"": 63825.0, ""kaynak"": ""BNB""}]",YOK,-0.1216,0.0527,0.4423,1.9793,false,,false,3.1445,0,1,3,1,1,3,49.9,51,IZLE,,50,63753.9,,,,,SEVIYE+TASFIYE,70,588.3,59,,,,,,,1785252540,2,0,,21,588.3,19,,,
29896,2026-07-28 15:30:59.046302+00,63710.75,6976190.235713897,6923673.024,11789504608.024101,0.000009425999999999998,45501097.84412,408714.33749999997,18.5,BEKLE,true,191.16690000000003,408523.17059999995,1.9138,0,43970474.36266,0,18.5,0.0,"[{""usdt"": 11092489.0, ""borsa"": 3, ""fiyat"": 63675.0, ""kaynak"": ""BNB+BYB+OKX""}, {""usdt"": 10364084.0, ""borsa"": 1, ""fiyat"": 63600.0, ""kaynak"": ""BNB""}, {""usdt"": 7780801.0, ""borsa"": 1, ""fiyat"": 63625.0, ""kaynak"": ""BNB""}]","[{""usdt"": 14525293.0, ""borsa"": 3, ""fiyat"": 63725.0, ""kaynak"": ""BNB+BYB+OKX""}, {""usdt"": 7776014.0, ""borsa"": 1, ""fiyat"": 63750.0, ""kaynak"": ""BNB""}, {""usdt"": 6771858.0, ""borsa"": 1, ""fiyat"": 63775.0, ""kaynak"": ""BNB""}]",YOK,-0.0822,0.0171,0.0025,3.4534,false,,false,4.7535,0,1,3,0,1,3,46.1,47.2,IZLE,,50,63753.9,,,,,SEVIYE+TASFIYE,70,589.3,59,PCT,1.36,563.0748123530287,0.07691316703559004,false,0.461,1785252540,2,0,,21,589.3,19,,,
29897,2026-07-28 15:31:59.965303+00,63708.55,7324797.144906295,6587826.742,11788785233.3433,0.000009425999999999998,43607881.38828001,227191.98870000002,0.0,BEKLE,,191.16690000000003,227000.8218,1.9138,60.955,48114188.97801997,0,0.0,0.0,"[{""usdt"": 12742643.0, ""borsa"": 3, ""fiyat"": 63675.0, ""kaynak"": ""BNB+BYB+OKX""}, {""usdt"": 8525240.0, ""borsa"": 1, ""fiyat"": 63625.0, ""kaynak"": ""BNB""}, {""usdt"": 7794932.0, ""borsa"": 1, ""fiyat"": 63650.0, ""kaynak"": ""BNB""}]","[{""usdt"": 12646097.0, ""borsa"": 3, ""fiyat"": 63725.0, ""kaynak"": ""BNB+BYB+OKX""}, {""usdt"": 8279372.0, ""borsa"": 1, ""fiyat"": 63800.0, ""kaynak"": ""BNB""}, {""usdt"": 7990828.0, ""borsa"": 1, ""fiyat"": 63775.0, ""kaynak"": ""BNB""}]",YOK,-0.1487,-0.0491,0.0605,3.9228,false,,false,4.2726,0,2,3,0,1,3,43.1,44.3,IZLE,,50,63753.9,,,,,SEVIYE+TASFIYE,70,590.3,59,,,,,,,1785252540,2,0,,21,590.3,19,,,
29898,2026-07-28 15:33:00.291343+00,63697.350000000006,7503596.945881997,6752302.472,11794184097.6944,0.000009425999999999998,43556686.88111,191.16690000000003,34.0,BEKLE,true,191.16690000000003,0.0,1.8852,0,48048404.73462001,60.31,34.0,0.0,"[{""usdt"": 10185854.0, ""borsa"": 3, ""fiyat"": 63700.0, ""kaynak"": ""BNB+BYB+OKX""}, {""usdt"": 9876115.0, ""borsa"": 3, ""fiyat"": 63725.0, ""kaynak"": ""BNB+BYB+OKX""}, {""usdt"": 8324748.0, ""borsa"": 1, ""fiyat"": 63650.0, ""kaynak"": ""BNB""}]","[{""usdt"": 13086844.0, ""borsa"": 3, ""fiyat"": 63750.0, ""kaynak"": ""BNB+BYB+OKX""}, {""usdt"": 9208598.0, ""borsa"": 1, ""fiyat"": 63800.0, ""kaynak"": ""BNB""}, {""usdt"": 7506395.0, ""borsa"": 1, ""fiyat"": 63850.0, ""kaynak"": ""BNB""}]",YOK,-0.0793,-0.049,0.118,0.5181,false,,false,7.93,0,0,3,0,1,3,39.6,40.7,IZLE,,25,63649.3,,,,,SEVIYE,100,591.3,60,,,,,,,1785252540,1,0,,19,591.3,16,,,
29899,2026-07-28 15:34:00.550256+00,63744.05,7673582.8485900955,6682118.9120000005,11794003095.050701,0.000009425999999999998,45498898.27804999,191.16690000000003,55.9,BEKLE,true,191.16690000000003,0.0,1.8852,0,44135896.40446,0,55.9,0.0,"[{""usdt"": 13019403.0, ""borsa"": 3, ""fiyat"": 63675.0, ""kaynak"": ""BNB+BYB+OKX""}, {""usdt"": 9757636.0, ""borsa"": 1, ""fiyat"": 63625.0, ""kaynak"": ""BNB""}, {""usdt"": 8310263.0, ""borsa"": 1, ""fiyat"": 63650.0, ""kaynak"": ""BNB""}]","[{""usdt"": 11279798.0, ""borsa"": 3, ""fiyat"": 63725.0, ""kaynak"": ""BNB+BYB+OKX""}, {""usdt"": 9509258.0, ""borsa"": 1, ""fiyat"": 63775.0, ""kaynak"": ""BNB""}, {""usdt"": 6786204.0, ""borsa"": 1, ""fiyat"": 63800.0, ""kaynak"": ""BNB""}]",YOK,-0.1231,0.0152,0.0833,0.0948,true,0,false,,0,1,3,0,0,3,36,37.1,IZLE,,25,63755.3,,,,,SEVIYE,70,592.3,60,,,,,,,1785252540,1,1,,19,592.3,16,,,
29900,2026-07-28 15:35:00.972307+00,63753.350000000006,8031997.969861096,6720734.055000001,11807588649.996899,0.000009425999999999998,47329768.68497,0.0,64.7,BEKLE,true,0.0,0.0,1.8852,0,45127258.89901003,0,64.7,0.0,"[{""usdt"": 13718377.0, ""borsa"": 3, ""fiyat"": 63775.0, ""kaynak"": ""BNB+BYB+OKX""}, {""usdt"": 8381990.0, ""borsa"": 1, ""fiyat"": 63675.0, ""kaynak"": ""BNB""}, {""usdt"": 8094227.0, ""borsa"": 1, ""fiyat"": 63700.0, ""kaynak"": ""BNB""}]","[{""usdt"": 10398236.0, ""borsa"": 3, ""fiyat"": 63825.0, ""kaynak"": ""BNB+BYB+OKX""}, {""usdt"": 10247143.0, ""borsa"": 1, ""fiyat"": 63900.0, ""kaynak"": ""BNB""}, {""usdt"": 10174225.0, ""borsa"": 1, ""fiyat"": 63850.0, ""kaynak"": ""BNB""}]",YOK,-0.0193,0.0238,0.0945,0.7369,true,0,false,,0,0,3,1,0,3,32.5,33.6,IZLE,,25,63755.3,,,,,SEVIYE,70,593.4,60,,,,,,,,,0,,19,593.4,16,,,
29901,2026-07-28 15:36:01.459741+00,63794.95,2197986.6951881815,-1192043.198,11801365302.700401,0.000009425999999999998,48184929.49899997,0.0,90.7,BEKLE,true,0.0,0.0,1.8794,60.494,42852366.64553998,60.494,90.7,0.0,"[{""usdt"": 10832666.0, ""borsa"": 3, ""fiyat"": 63750.0, ""kaynak"": ""BNB+BYB+OKX""}, {""usdt"": 8155068.0, ""borsa"": 1, ""fiyat"": 63675.0, ""kaynak"": ""BNB""}, {""usdt"": 8110911.0, ""borsa"": 1, ""fiyat"": 63700.0, ""kaynak"": ""BNB""}]","[{""usdt"": 12194215.0, ""borsa"": 3, ""fiyat"": 63800.0, ""kaynak"": ""BNB+BYB+OKX""}, {""usdt"": 9552437.0, ""borsa"": 1, ""fiyat"": 63850.0, ""kaynak"": ""BNB""}, {""usdt"": 8580878.0, ""borsa"": 3, ""fiyat"": 63775.0, ""kaynak"": ""BNB+BYB+OKX""}]",YOK,0.02,0.0586,0.2475,0.3589,false,1.0538,false,,0,0,3,0,0,3,29.2,30.2,IZLE,,25,63755.3,,,,,SEVIYE,70,594.4,60,,,,,,,,,0,,19,594.4,16,LONG,duvar,90.70515490892012
29902,2026-07-28 15:37:01.882372+00,63771.95,1390404.8814483816,-1119113.695000001,11810036514.779099,0.000009425999999999998,43594462.35529997,0.0,74.2,BEKLE,true,0.0,0.0,1.8794,0,53774541.03561,0,74.2,0.0,"[{""usdt"": 11967238.0, ""borsa"": 3, ""fiyat"": 63800.0, ""kaynak"": ""BNB+BYB+OKX""}, {""usdt"": 11225247.0, ""borsa"": 3, ""fiyat"": 63775.0, ""kaynak"": ""BNB+BYB+OKX""}, {""usdt"": 8021677.0, ""borsa"": 1, ""fiyat"": 63750.0, ""kaynak"": ""BNB""}]","[{""usdt"": 11449531.0, ""borsa"": 1, ""fiyat"": 63900.0, ""kaynak"": ""BNB""}, {""usdt"": 11040404.0, ""borsa"": 2, ""fiyat"": 63850.0, ""kaynak"": ""BNB+BYB""}, {""usdt"": 9749582.0, ""borsa"": 3, ""fiyat"": 63825.0, ""kaynak"": ""BNB+BYB+OKX""}]",YOK,0.0319,-0.1046,0.3008,0.2644,false,1.6944,false,,0,0,3,0,2,3,25.4,26.5,IZLE,,25,63755.3,,,,,SEVIYE,70,595.4,60,,,,,,,,,0,,19,595.4,16,,,
29903,2026-07-28 15:38:02.263911+00,63820.45,1568045.9387919796,-702911.779,11803304043.9384,0.000009425999999999998,44000918.768759966,0.0,75.3,BEKLE,true,0.0,0.0,1.8794,0,48494442.930560045,60.298,75.3,0.0,"[{""usdt"": 14134483.0, ""borsa"": 3, ""fiyat"": 63775.0, ""kaynak"": ""BNB+BYB+OKX""}, {""usdt"": 8081011.0, ""borsa"": 1, ""fiyat"": 63725.0, ""kaynak"": ""BNB""}, {""usdt"": 6954010.0, ""borsa"": 1, ""fiyat"": 63750.0, ""kaynak"": ""BNB""}]","[{""usdt"": 12981390.0, ""borsa"": 3, ""fiyat"": 63825.0, ""kaynak"": ""BNB+BYB+OKX""}, {""usdt"": 10179492.0, ""borsa"": 1, ""fiyat"": 63900.0, ""kaynak"": ""BNB""}, {""usdt"": 8965311.0, ""borsa"": 1, ""fiyat"": 63875.0, ""kaynak"": ""BNB""}]",YOK,0.0141,-0.0486,0.3079,0.5255,false,1.3972,false,,0,0,3,1,0,3,21.9,22.9,IZLE,,25,63755.3,,,,,SEVIYE,70,596.4,60,,,,,,,,,0,,19,596.4,16,,,
29904,2026-07-28 15:39:02.65089+00,63808.95,1730812.5872229822,-336853.44700000033,11802943693.4736,0.000009425999999999998,44475857.52704,0.0,76.7,BEKLE,,0.0,0.0,1.8794,60.459,49608634.37135997,120.757,76.7,0.0,"[{""usdt"": 11663584.0, ""borsa"": 3, ""fiyat"": 63800.0, ""kaynak"": ""BNB+BYB+OKX""}, {""usdt"": 7909254.0, ""borsa"": 2, ""fiyat"": 63775.0, ""kaynak"": ""BNB+OKX""}, {""usdt"": 7500430.0, ""borsa"": 1, ""fiyat"": 63750.0, ""kaynak"": ""BNB""}]","[{""usdt"": 11770819.0, ""borsa"": 3, ""fiyat"": 63850.0, ""kaynak"": ""BNB+BYB+OKX""}, {""usdt"": 10786876.0, ""borsa"": 1, ""fiyat"": 63900.0, ""kaynak"": ""BNB""}, {""usdt"": 10764752.0, ""borsa"": 3, ""fiyat"": 63825.0, ""kaynak"": ""BNB+BYB+OKX""}]",YOK,0.0762,-0.0546,0.3211,0.2884,false,1.1916,false,,0,0,3,0,2,3,18.5,19.6,IZLE,,25,63755.3,,,,,SEVIYE,70,597.4,60,,,,,,,,,0,,19,597.4,16,,,
29905,2026-07-28 15:40:03.141522+00,63808.149999999994,1840433.4293032829,-1668778.4740000006,11805408811.914501,0.000009425999999999998,42742085.87478002,0.0,67.0,BEKLE,true,0.0,0.0,1.8794,120.767,53289762.23196,181.065,67.0,0.0,"[{""usdt"": 13127262.0, ""borsa"": 3, ""fiyat"": 63800.0, ""kaynak"": ""BNB+BYB+OKX""}, {""usdt"": 9816277.0, ""borsa"": 1, ""fiyat"": 63750.0, ""kaynak"": ""BNB""}, {""usdt"": 6706910.0, ""borsa"": 2, ""fiyat"": 63775.0, ""kaynak"": ""BNB+OKX""}]","[{""usdt"": 13672355.0, ""borsa"": 2, ""fiyat"": 63850.0, ""kaynak"": ""BNB+BYB""}, {""usdt"": 11203959.0, ""borsa"": 3, ""fiyat"": 63825.0, ""kaynak"": ""BNB+BYB+OKX""}, {""usdt"": 9880537.0, ""borsa"": 1, ""fiyat"": 63900.0, ""kaynak"": ""BNB""}]",YOK,0.0498,-0.1098,0.292,0.2125,false,1.7201,false,,0,0,3,0,1,3,14.9,16,IZLE,,25,63755.3,,,,,SEVIYE,70,598.4,60,,,,,,,,,0,,19,598.4,16,,,
29906,2026-07-28 15:41:03.44403+00,63838.149999999994,1086809.3297951971,-1309275.2939999998,11806923514.1365,0.000009425999999999998,43467037.06651002,0.0,19.2,BEKLE,,0.0,0.0,1.8794,60.47,49785295.46221998,241.535,19.2,0.0,"[{""usdt"": 12178015.0, ""borsa"": 3, ""fiyat"": 63800.0, ""kaynak"": ""BNB+BYB+OKX""}, {""usdt"": 8954414.0, ""borsa"": 1, ""fiyat"": 63750.0, ""kaynak"": ""BNB""}, {""usdt"": 7408569.0, ""borsa"": 1, ""fiyat"": 63700.0, ""kaynak"": ""BNB""}]","[{""usdt"": 13865194.0, ""borsa"": 3, ""fiyat"": 63850.0, ""kaynak"": ""BNB+BYB+OKX""}, {""usdt"": 9672358.0, ""borsa"": 1, ""fiyat"": 63875.0, ""kaynak"": ""BNB""}, {""usdt"": 8710028.0, ""borsa"": 3, ""fiyat"": 63825.0, ""kaynak"": ""BNB+BYB+OKX""}]",YOK,0.0075,-0.0678,0.8412,2.6871,false,1.7032,false,,0,0,3,1,1,3,11.5,12.6,IZLE,,25,63895.9,,,,,SEVIYE,50,599.4,60,,,,,,,,,0,,19,599.4,16,,,
29907,2026-07-28 15:42:03.732359+00,63867.55,3841765.9779290906,-301712.08599999995,11809669051.5438,0.000009425999999999998,49769397.84180997,43444.384000000005,16.6,BEKLE,true,0.0,43444.384000000005,1.8711,60.285,43878028.08996999,0,0.0,16.6,"[{""usdt"": 17758810.0, ""borsa"": 3, ""fiyat"": 63850.0, ""kaynak"": ""BNB+BYB+OKX""}, {""usdt"": 11897633.0, ""borsa"": 3, ""fiyat"": 63825.0, ""kaynak"": ""BNB+BYB+OKX""}, {""usdt"": 8000461.0, ""borsa"": 1, ""fiyat"": 63775.0, ""kaynak"": ""BNB""}]","[{""usdt"": 11783771.0, ""borsa"": 3, ""fiyat"": 63875.0, ""kaynak"": ""BNB+BYB+OKX""}, {""usdt"": 9292698.0, ""borsa"": 1, ""fiyat"": 63975.0, ""kaynak"": ""BNB""}, {""usdt"": 8013393.0, ""borsa"": 1, ""fiyat"": 63950.0, ""kaynak"": ""BNB""}]",YOK,0.0474,0.0629,0.6262,2.0075,false,3.8148,false,,0,0,3,1,0,3,7.9,9,IZLE,,25,63895.9,,,,,SEVIYE,50,600.4,60,,,,,,,1785253260,1,0,,19,600.4,16,,,
29908,2026-07-28 15:43:04.106436+00,63827.95,3461262.8949886905,-3351342.387,11802649171.1414,0.000009425999999999998,47989124.043020025,43429.968,50.9,BEKLE,true,0.0,43429.968,1.8711,120.57,41998430.521749966,0,50.9,0.0,"[{""usdt"": 17968167.0, ""borsa"": 3, ""fiyat"": 63800.0, ""kaynak"": ""BNB+BYB+OKX""}, {""usdt"": 8686481.0, ""borsa"": 1, ""fiyat"": 63725.0, ""kaynak"": ""BNB""}, {""usdt"": 7662887.0, ""borsa"": 1, ""fiyat"": 63775.0, ""kaynak"": ""BNB""}]","[{""usdt"": 9987156.0, ""borsa"": 3, ""fiyat"": 63850.0, ""kaynak"": ""BNB+BYB+OKX""}, {""usdt"": 8864817.0, ""borsa"": 3, ""fiyat"": 63825.0, ""kaynak"": ""BNB+BYB+OKX""}, {""usdt"": 7535919.0, ""borsa"": 1, ""fiyat"": 63925.0, ""kaynak"": ""BNB""}]",YOK,-0.0214,0.0666,0.2798,0.0924,false,4.8892,false,,0,0,3,1,0,3,4.3,5.4,IZLE,,25,63843.6,,,,,SEVIYE,65,0.5,1,,,,,,,1785253260,1,0,,18,601.4,16,,,
29909,2026-07-28 15:44:04.463739+00,63836.149999999994,3254431.634215086,-3657038.452,11801473908.1955,0.000009425999999999998,53563016.66031997,43429.968,64.8,BEKLE,true,0.0,43429.968,1.8711,180.998,42901888.32784998,60.428,64.8,0.0,"[{""usdt"": 20468350.0, ""borsa"": 3, ""fiyat"": 63800.0, ""kaynak"": ""BNB+BYB+OKX""}, {""usdt"": 9225888.0, ""borsa"": 1, ""fiyat"": 63725.0, ""kaynak"": ""BNB""}, {""usdt"": 7584613.0, ""borsa"": 3, ""fiyat"": 63825.0, ""kaynak"": ""BNB+BYB+OKX""}]","[{""usdt"": 8748026.0, ""borsa"": 3, ""fiyat"": 63850.0, ""kaynak"": ""BNB+BYB+OKX""}, {""usdt"": 8527021.0, ""borsa"": 1, ""fiyat"": 63900.0, ""kaynak"": ""BNB""}, {""usdt"": 7759772.0, ""borsa"": 1, ""fiyat"": 63925.0, ""kaynak"": ""BNB""}]",YOK,0.0446,0.1105,0.1996,0.2972,false,5.2368,false,,0,0,3,1,0,3,63.8,63.3,IZLE,,25,63843.6,,,,,SEVIYE,65,1.5,1,,,,,,,1785253260,1,1,,18,602.4,16,,,
29910,2026-07-28 15:45:05.015885+00,63836.350000000006,2726127.4035223857,-4083999.873,11805290196.1557,0.000009425999999999998,53251581.01993997,43429.968,69.9,BEKLE,true,0.0,43429.968,1.8711,241.334,45574586.614499964,120.764,69.9,0.0,"[{""usdt"": 15255385.0, ""borsa"": 3, ""fiyat"": 63800.0, ""kaynak"": ""BNB+BYB+OKX""}, {""usdt"": 12486142.0, ""borsa"": 3, ""fiyat"": 63825.0, ""kaynak"": ""BNB+BYB+OKX""}, {""usdt"": 9225888.0, ""borsa"": 1, ""fiyat"": 63725.0, ""kaynak"": ""BNB""}]","[{""usdt"": 13685573.0, ""borsa"": 3, ""fiyat"": 63850.0, ""kaynak"": ""BNB+BYB+OKX""}, {""usdt"": 8527021.0, ""borsa"": 1, ""fiyat"": 63900.0, ""kaynak"": ""BNB""}, {""usdt"": 7759772.0, ""borsa"": 1, ""fiyat"": 63925.0, ""kaynak"": ""BNB""}]",YOK,0.0085,0.0777,0.1662,0.4413,false,16.286,false,,0,1,3,0,1,3,61.2,62.3,IZLE,,25,63843.6,,,,,SEVIYE,65,2.5,1,,,,,,,1785253260,1,2,,18,603.4,16,,,
29911,2026-07-28 15:46:05.522254+00,63886.25,308063.4012711875,-2850253.4220000003,11807704190.628399,0.000009425999999999998,50582576.94478003,43429.968,78.4,BEKLE,true,0.0,43429.968,1.8711,302.001,47045038.54585995,181.431,78.4,0.0,"[{""usdt"": 14583874.0, ""borsa"": 3, ""fiyat"": 63825.0, ""kaynak"": ""BNB+BYB+OKX""}, {""usdt"": 11609189.0, ""borsa"": 1, ""fiyat"": 63800.0, ""kaynak"": ""BNB""}, {""usdt"": 8707869.0, ""borsa"": 1, ""fiyat"": 63725.0, ""kaynak"": ""BNB""}]","[{""usdt"": 11281933.0, ""borsa"": 3, ""fiyat"": 63850.0, ""kaynak"": ""BNB+BYB+OKX""}, {""usdt"": 10097361.0, ""borsa"": 1, ""fiyat"": 63925.0, ""kaynak"": ""BNB""}, {""usdt"": 9584584.0, ""borsa"": 3, ""fiyat"": 63875.0, ""kaynak"": ""BNB+BYB+OKX""}]",YOK,-0.0303,0.0362,0.2155,1.1094,false,,false,,0,1,3,0,0,3,58,59.1,IZLE,,25,63895.9,,,,,SEVIYE,50,604.4,61,ATR,0.3,91.99068269428017,0.026485850594686056,false,0.804,1785253260,1,3,,18,604.4,16,,,
29912,2026-07-28 15:47:07.108925+00,63879.25,564733.1308610884,-3020504.808,11820970248.4334,0.000009425999999999998,45467798.20253999,2684.4762,81.5,BEKLE,true,0.0,2684.4762,1.8711,363.664,52985943.06430001,182.666,81.5,0.0,"[{""usdt"": 14064008.0, ""borsa"": 3, ""fiyat"": 63875.0, ""kaynak"": ""BNB+BYB+OKX""}, {""usdt"": 7785452.0, ""borsa"": 1, ""fiyat"": 63800.0, ""kaynak"": ""BNB""}, {""usdt"": 7268592.0, ""borsa"": 2, ""fiyat"": 63850.0, ""kaynak"": ""BNB+OKX""}]","[{""usdt"": 14468098.0, ""borsa"": 3, ""fiyat"": 63900.0, ""kaynak"": ""BNB+BYB+OKX""}, {""usdt"": 10610074.0, ""borsa"": 1, ""fiyat"": 63950.0, ""kaynak"": ""BNB""}, {""usdt"": 10222416.0, ""borsa"": 2, ""fiyat"": 63925.0, ""kaynak"": ""BNB+BYB""}]",YOK,0.1217,-0.0764,0.3958,0.1177,false,,false,0,1,0,3,0,0,3,55.8,56.8,IZLE,,25,63895.9,,,,,SEVIYE,50,605.5,61,,,,,,,1785253560,1,0,,18,605.5,16,,,
29913,2026-07-28 15:48:07.749946+00,63931.05,4307763.642103687,-2623363.482,11846901087.5054,0.000009425999999999998,49680286.26405001,232599.96289999998,18.3,BEKLE,true,0.0,232599.96289999998,1.8711,424.139,51203995.19062995,60.475,0.0,18.3,"[{""usdt"": 11412164.0, ""borsa"": 2, ""fiyat"": 63950.0, ""kaynak"": ""BYB+OKX""}, {""usdt"": 8225009.0, ""borsa"": 1, ""fiyat"": 63825.0, ""kaynak"": ""BNB""}, {""usdt"": 7369719.0, ""borsa"": 1, ""fiyat"": 63800.0, ""kaynak"": ""BNB""}]","[{""usdt"": 17151429.0, ""borsa"": 3, ""fiyat"": 63975.0, ""kaynak"": ""BNB+BYB+OKX""}, {""usdt"": 13234048.0, ""borsa"": 2, ""fiyat"": 64000.0, ""kaynak"": ""BNB+BYB""}, {""usdt"": 8701281.0, ""borsa"": 2, ""fiyat"": 63950.0, ""kaynak"": ""BNB+OKX""}]",SPOT,0.1574,-0.0151,0.3872,3.932,false,,false,0,2,0,3,1,0,3,52.3,53.5,IZLE,,25,63895.9,,,,,SEVIYE,50,606.5,61,,,,,,,1785253620,2,0,,18,606.5,16,,,
29914,2026-07-28 15:49:08.092739+00,63866.850000000006,3771070.7911072876,-3199432.3810000005,11839357064.6495,0.000009425999999999998,45311940.16249999,232589.16019999998,21.9,BEKLE,false,0.0,232589.16019999998,1.8466,60.437,47700732.61317004,120.912,0.0,21.9,"[{""usdt"": 13151582.0, ""borsa"": 3, ""fiyat"": 63925.0, ""kaynak"": ""BNB+BYB+OKX""}, {""usdt"": 10072726.0, ""borsa"": 2, ""fiyat"": 63900.0, ""kaynak"": ""BNB+OKX""}, {""usdt"": 8114141.0, ""borsa"": 1, ""fiyat"": 63825.0, ""kaynak"": ""BNB""}]","[{""usdt"": 14258101.0, ""borsa"": 1, ""fiyat"": 64050.0, ""kaynak"": ""BNB""}, {""usdt"": 10881064.0, ""borsa"": 3, ""fiyat"": 63950.0, ""kaynak"": ""BNB+BYB+OKX""}, {""usdt"": 8463442.0, ""borsa"": 1, ""fiyat"": 64025.0, ""kaynak"": ""BNB""}]",YOK,0.1065,-0.0257,0.3803,1.8836,false,,false,0,0,0,3,0,0,3,48.3,49.4,IZLE,,25,63843.6,,,,,SEVIYE,65,6.6,1,,,,,,,1785253620,2,0,,18,607.5,16,,,
29915,2026-07-28 15:50:08.474136+00,63840.45,3009762.623643787,-3640710.7180000003,11829548604.9058,0.000009425999999999998,48066088.53514001,232589.16019999998,25.6,BEKLE,false,0.0,232589.16019999998,1.8466,60.416,46467643.64064998,181.328,0.0,25.6,"[{""usdt"": 16702413.0, ""borsa"": 3, ""fiyat"": 63850.0, ""kaynak"": ""BNB+BYB+OKX""}, {""usdt"": 9001214.0, ""borsa"": 2, ""fiyat"": 63825.0, ""kaynak"": ""BNB+OKX""}, {""usdt"": 8671476.0, ""borsa"": 1, ""fiyat"": 63775.0, ""kaynak"": ""BNB""}]","[{""usdt"": 12780323.0, ""borsa"": 3, ""fiyat"": 63875.0, ""kaynak"": ""BNB+BYB+OKX""}, {""usdt"": 7305747.0, ""borsa"": 1, ""fiyat"": 63975.0, ""kaynak"": ""BNB""}, {""usdt"": 7176412.0, ""borsa"": 2, ""fiyat"": 63900.0, ""kaynak"": ""BNB+BYB""}]",YOK,0.0527,0.0169,0.258,0.3109,false,,false,0.0683,0,1,3,0,2,3,44.9,46,IZLE,,25,63843.6,,,,,SEVIYE,65,7.6,1,,,,,,,1785253620,2,1,,18,608.5,16,,,
29916,2026-07-28 15:51:08.892995+00,63818.55,3386284.654045386,-2390966.3419999997,11818598197.705,0.000009425999999999998,46404232.751899995,229906.0616,21.8,BEKLE,false,0.0,229906.0616,1.8401,60.389,42040034.56059002,0,0.0,21.8,"[{""usdt"": 13833643.0, ""borsa"": 3, ""fiyat"": 63775.0, ""kaynak"": ""BNB+BYB+OKX""}, {""usdt"": 9239966.0, ""borsa"": 1, ""fiyat"": 63700.0, ""kaynak"": ""BNB""}, {""usdt"": 8615587.0, ""borsa"": 1, ""fiyat"": 63725.0, ""kaynak"": ""BNB""}]","[{""usdt"": 11146126.0, ""borsa"": 3, ""fiyat"": 63825.0, ""kaynak"": ""BNB+BYB+OKX""}, {""usdt"": 8340341.0, ""borsa"": 1, ""fiyat"": 63900.0, ""kaynak"": ""BNB""}, {""usdt"": 7882552.0, ""borsa"": 1, ""fiyat"": 63850.0, ""kaynak"": ""BNB""}]",YOK,-0.0931,0.0493,0.7846,1.4373,false,,false,0.1945,0,1,3,0,1,3,41.4,42.4,IZLE,,25,63843.6,,,,,SEVIYE,65,8.6,1,,,,,,,1785253620,2,0,,18,609.5,16,,,
29917,2026-07-28 15:52:09.294118+00,63820.45,3363157.4480856853,-1401751.8149999997,11817773779.0831,0.000009425999999999998,50078658.046280056,0.0,38.2,BEKLE,false,0.0,0.0,1.8401,120.765,43910911.51837005,60.376,0.0,38.2,"[{""usdt"": 19847199.0, ""borsa"": 3, ""fiyat"": 63800.0, ""kaynak"": ""BNB+BYB+OKX""}, {""usdt"": 8784391.0, ""borsa"": 1, ""fiyat"": 63725.0, ""kaynak"": ""BNB""}, {""usdt"": 7153510.0, ""borsa"": 1, ""fiyat"": 63775.0, ""kaynak"": ""BNB""}]","[{""usdt"": 10199194.0, ""borsa"": 3, ""fiyat"": 63850.0, ""kaynak"": ""BNB+BYB+OKX""}, {""usdt"": 9231816.0, ""borsa"": 1, ""fiyat"": 63900.0, ""kaynak"": ""BNB""}, {""usdt"": 9128234.0, ""borsa"": 1, ""fiyat"": 63925.0, ""kaynak"": ""BNB""}]",YOK,-0.091,0.0656,0.4844,0.8479,false,,false,0.0913,0,1,3,1,0,3,37.8,38.9,IZLE,,25,63843.6,,,,,SEVIYE,65,9.6,1,,,,,,,,,0,,18,610.5,16,,,
29918,2026-07-28 15:53:10.198737+00,63829.649999999994,3076660.785021788,-1866345.2419999999,11819933436.364,0.000009425999999999998,45156509.85082005,0.0,33.7,BEKLE,true,0.0,0.0,1.8401,181.138,46949291.75953003,60.373,0.0,33.7,"[{""usdt"": 12446940.0, ""borsa"": 3, ""fiyat"": 63800.0, ""kaynak"": ""BNB+BYB+OKX""}, {""usdt"": 9474366.0, ""borsa"": 3, ""fiyat"": 63825.0, ""kaynak"": ""BNB+BYB+OKX""}, {""usdt"": 9382082.0, ""borsa"": 1, ""fiyat"": 63750.0, ""kaynak"": ""BNB""}]","[{""usdt"": 11595620.0, ""borsa"": 3, ""fiyat"": 63850.0, ""kaynak"": ""BNB+BYB+OKX""}, {""usdt"": 10338298.0, ""borsa"": 1, ""fiyat"": 63925.0, ""kaynak"": ""BNB""}, {""usdt"": 8316554.0, ""borsa"": 1, ""fiyat"": 63900.0, ""kaynak"": ""BNB""}]",YOK,0.0025,-0.0195,0.4702,3.2206,false,,false,0.0537,0,0,3,0,0,3,34.3,35.4,IZLE,,25,63785.1,,,,,SEVIYE,50,611.5,62,,,,,,,,,0,,17,611.5,15,,,
29919,2026-07-28 15:54:10.962608+00,63848.75,2960542.070926692,-1966759.414,11818847137.9584,0.000009425999999999998,48208649.82740004,25477.8232,32.6,BEKLE,true,0.0,25477.8232,1.8401,242.343,41971503.98660998,61.205,0.0,32.6,"[{""usdt"": 15330524.0, ""borsa"": 3, ""fiyat"": 63825.0, ""kaynak"": ""BNB+BYB+OKX""}, {""usdt"": 8016636.0, ""borsa"": 1, ""fiyat"": 63775.0, ""kaynak"": ""BNB""}, {""usdt"": 7393120.0, ""borsa"": 1, ""fiyat"": 63725.0, ""kaynak"": ""BNB""}]","[{""usdt"": 10082654.0, ""borsa"": 1, ""fiyat"": 63925.0, ""kaynak"": ""BNB""}, {""usdt"": 9848163.0, ""borsa"": 3, ""fiyat"": 63875.0, ""kaynak"": ""BNB+BYB+OKX""}, {""usdt"": 7859219.0, ""borsa"": 1, ""fiyat"": 63900.0, ""kaynak"": ""BNB""}]",YOK,-0.0575,0.0692,0.2641,0.4909,false,,false,0.0473,0,1,3,2,0,3,31.5,32.6,IZLE,,50,63895.9,,,,,SEVIYE+TASFIYE,50,612.5,62,,,,,,,1785254040,1,0,,17,612.5,15,,,
29920,2026-07-28 15:55:13.196584+00,63809.95,3678369.952979006,1496040.943,11813039180.6828,0.000009425999999999998,49437075.80981009,25477.334399999996,46.6,BEKLE,true,0.0,25477.334399999996,1.8401,304.743,45768993.19133005,123.605,0.0,46.6,"[{""usdt"": 16695948.0, ""borsa"": 3, ""fiyat"": 63800.0, ""kaynak"": ""BNB+BYB+OKX""}, {""usdt"": 10214730.0, ""borsa"": 1, ""fiyat"": 63750.0, ""kaynak"": ""BNB""}, {""usdt"": 7922736.0, ""borsa"": 1, ""fiyat"": 63725.0, ""kaynak"": ""BNB""}]","[{""usdt"": 12185470.0, ""borsa"": 3, ""fiyat"": 63850.0, ""kaynak"": ""BNB+BYB+OKX""}, {""usdt"": 9684872.0, ""borsa"": 1, ""fiyat"": 63900.0, ""kaynak"": ""BNB""}, {""usdt"": 6639003.0, ""borsa"": 1, ""fiyat"": 63925.0, ""kaynak"": ""BNB""}]",YOK,-0.1237,0.0385,0.0663,0.2519,false,,false,0.3148,0,1,3,0,0,3,30,31.1,IZLE,,50,63785.1,,,,,SEVIYE+TASFIYE,50,613.6,62,,,,,,,1785254040,1,0,,17,613.6,15,,,
29921,2026-07-28 15:56:13.671017+00,63829.95,3678369.952979006,1496040.943,11813039180.6828,0.000009425999999999998,42813405.262339994,25477.334399999996,49.6,BEKLE,true,0.0,25477.334399999996,1.8401,0,49002385.98702997,122.75,0.0,49.6,"[{""usdt"": 14911451.0, ""borsa"": 3, ""fiyat"": 63775.0, ""kaynak"": ""BNB+BYB+OKX""}, {""usdt"": 8191688.0, ""borsa"": 1, ""fiyat"": 63725.0, ""kaynak"": ""BNB""}, {""usdt"": 7641872.0, ""borsa"": 1, ""fiyat"": 63750.0, ""kaynak"": ""BNB""}]","[{""usdt"": 10092261.0, ""borsa"": 3, ""fiyat"": 63825.0, ""kaynak"": ""BNB+BYB+OKX""}, {""usdt"": 9381969.0, ""borsa"": 3, ""fiyat"": 63800.0, ""kaynak"": ""BNB+BYB+OKX""}, {""usdt"": 8209839.0, ""borsa"": 1, ""fiyat"": 63850.0, ""kaynak"": ""BNB""}]",YOK,-0.0893,-0.0674,0.0394,0.1281,false,,false,0.142,0,1,3,0,1,3,26.5,27.5,IZLE,,25,63785.1,,,,,SEVIYE,50,614.6,62,,,,,,,1785254100,2,0,,17,614.6,15,,,
29922,2026-07-28 15:57:14.041091+00,63834.850000000006,3781650.0494703054,37623.58000000007,11816359233.436798,0.000009425999999999998,48786614.15441997,26306.717499999995,30.6,BEKLE,true,829.3830999999999,25477.334399999996,1.8297,0,44011720.26056002,0,0.0,30.6,"[{""usdt"": 16955573.0, ""borsa"": 3, ""fiyat"": 63825.0, ""kaynak"": ""BNB+BYB+OKX""}, {""usdt"": 9494205.0, ""borsa"": 1, ""fiyat"": 63750.0, ""kaynak"": ""BNB""}, {""usdt"": 8338262.0, ""borsa"": 2, ""fiyat"": 63800.0, ""kaynak"": ""BNB+OKX""}]","[{""usdt"": 11811952.0, ""borsa"": 3, ""fiyat"": 63850.0, ""kaynak"": ""BNB+BYB+OKX""}, {""usdt"": 9433228.0, ""borsa"": 1, ""fiyat"": 63900.0, ""kaynak"": ""BNB""}, {""usdt"": 7511010.0, ""borsa"": 2, ""fiyat"": 63875.0, ""kaynak"": ""BNB+BYB""}]",YOK,-0.0067,0.0515,0.1369,0.3925,false,,false,0.2664,0,1,3,2,0,3,23,24.1,IZLE,,25,63785.1,,,,,SEVIYE,50,615.6,62,,,,,,,1785254100,2,0,,17,615.6,15,,,
29923,2026-07-28 15:58:14.380404+00,63861.75,3823614.2983554043,41935.07700000014,11817373931.9315,0.000009425999999999998,48870517.488090016,26370.552399999997,33.3,BEKLE,true,829.3830999999999,25541.169299999998,1.8297,60.434,42693250.950739995,60.434,0.0,33.3,"[{""usdt"": 13174389.0, ""borsa"": 3, ""fiyat"": 63825.0, ""kaynak"": ""BNB+BYB+OKX""}, {""usdt"": 9890406.0, ""borsa"": 1, ""fiyat"": 63775.0, ""kaynak"": ""BNB""}, {""usdt"": 8236149.0, ""borsa"": 3, ""fiyat"": 63850.0, ""kaynak"": ""BNB+BYB+OKX""}]","[{""usdt"": 9974163.0, ""borsa"": 1, ""fiyat"": 63925.0, ""kaynak"": ""BNB""}, {""usdt"": 9208492.0, ""borsa"": 3, ""fiyat"": 63875.0, ""kaynak"": ""BNB+BYB+OKX""}, {""usdt"": 8023272.0, ""borsa"": 1, ""fiyat"": 63950.0, ""kaynak"": ""BNB""}]",YOK,-0.0305,0.0675,0.176,0.63,false,,false,0.2018,0,1,3,2,0,3,19.6,20.6,IZLE,,25,63895.9,,,,,SEVIYE,50,616.6,62,,,,,,,1785254220,2,0,,17,616.6,15,,,
29924,2026-07-28 15:59:14.805549+00,63884.25,4231551.793162202,420063.96600000025,11820439578.684599,0.000009425999999999998,44936260.02706003,2552.9509,44.9,BEKLE,true,829.3830999999999,1723.5677999999998,1.8297,0,47714455.31194996,120.783,0.0,44.9,"[{""usdt"": 10947241.0, ""borsa"": 3, ""fiyat"": 63875.0, ""kaynak"": ""BNB+BYB+OKX""}, {""usdt"": 9961346.0, ""borsa"": 3, ""fiyat"": 63850.0, ""kaynak"": ""BNB+BYB+OKX""}, {""usdt"": 9722516.0, ""borsa"": 1, ""fiyat"": 63800.0, ""kaynak"": ""BNB""}]","[{""usdt"": 12779082.0, ""borsa"": 3, ""fiyat"": 63900.0, ""kaynak"": ""BNB+BYB+OKX""}, {""usdt"": 8350773.0, ""borsa"": 1, ""fiyat"": 63975.0, ""kaynak"": ""BNB""}, {""usdt"": 8222097.0, ""borsa"": 1, ""fiyat"": 64000.0, ""kaynak"": ""BNB""}]",YOK,0.063,-0.03,0.2252,0.5237,false,,false,0.2848,0,0,3,1,0,3,16,17.1,IZLE,,25,63895.9,,,,,SEVIYE,50,617.6,62,,,,,,,1785254220,2,0,,17,617.6,15,,,
29925,2026-07-28 16:00:15.338142+00,63876.05,4572784.729951802,605923.8349999998,11824215930.9407,0.000009425999999999998,40246989.183639966,957.1190999999999,26.3,BEKLE,false,829.3830999999999,127.736,1.8297,0,49488676.27345996,181.186,26.3,0.0,"[{""usdt"": 13454437.0, ""borsa"": 3, ""fiyat"": 63875.0, ""kaynak"": ""BNB+BYB+OKX""}, {""usdt"": 7893052.0, ""borsa"": 1, ""fiyat"": 63800.0, ""kaynak"": ""BNB""}, {""usdt"": 5857959.0, ""borsa"": 2, ""fiyat"": 63850.0, ""kaynak"": ""BNB+OKX""}]","[{""usdt"": 14861629.0, ""borsa"": 3, ""fiyat"": 63900.0, ""kaynak"": ""BNB+BYB+OKX""}, {""usdt"": 7958628.0, ""borsa"": 1, ""fiyat"": 64000.0, ""kaynak"": ""BNB""}, {""usdt"": 7263298.0, ""borsa"": 1, ""fiyat"": 63950.0, ""kaynak"": ""BNB""}]",YOK,0.0892,-0.103,0.3541,2.1807,false,,false,0.457,1,0,3,0,1,3,11.6,12.7,IZLE,,25,63895.9,,,,,SEVIYE,50,618.6,62,,,,,,,1785254280,2,0,,17,618.6,15,,,
29926,2026-07-28 16:01:15.756689+00,63901.75,1287166.5438529048,683000.9869999998,11825482742.3302,0.000009425999999999998,42479880.50555998,17124.976400000003,39.9,BEKLE,false,0.0,17124.976400000003,1.8297,60.596,44300534.797960006,241.782,39.9,0.0,"[{""usdt"": 12440762.0, ""borsa"": 3, ""fiyat"": 63875.0, ""kaynak"": ""BNB+BYB+OKX""}, {""usdt"": 7963632.0, ""borsa"": 1, ""fiyat"": 63800.0, ""kaynak"": ""BNB""}, {""usdt"": 7865108.0, ""borsa"": 1, ""fiyat"": 63850.0, ""kaynak"": ""BNB""}]","[{""usdt"": 11532589.0, ""borsa"": 3, ""fiyat"": 63925.0, ""kaynak"": ""BNB+BYB+OKX""}, {""usdt"": 9992058.0, ""borsa"": 1, ""fiyat"": 64000.0, ""kaynak"": ""BNB""}, {""usdt"": 7173204.0, ""borsa"": 3, ""fiyat"": 63900.0, ""kaynak"": ""BNB+BYB+OKX""}]",YOK,0.0363,-0.021,0.6161,1.5409,false,,false,0.4502,0,0,3,0,0,3,8.1,9.2,IZLE,,25,63895.9,,,,,SEVIYE,50,619.6,62,ATR,0.87,0.13934340834369507,44.37949159258445,false,0.005,1785254340,1,0,,17,619.6,15,,,
29927,2026-07-28 16:02:16.598667+00,63888.149999999994,1920241.574360105,1045831.8730000001,11829695065.2728,0.00006802599999999999,42609850.88956998,20575.8855,45.6,BEKLE,true,0.0,20575.8855,1.8297,121.452,52536244.31219001,302.638,0.0,45.6,"[{""usdt"": 10990789.0, ""borsa"": 2, ""fiyat"": 63850.0, ""kaynak"": ""BNB+OKX""}, {""usdt"": 10814754.0, ""borsa"": 3, ""fiyat"": 63875.0, ""kaynak"": ""BNB+BYB+OKX""}, {""usdt"": 7842866.0, ""borsa"": 1, ""fiyat"": 63800.0, ""kaynak"": ""BNB""}]","[{""usdt"": 14013047.0, ""borsa"": 3, ""fiyat"": 63900.0, ""kaynak"": ""BNB+BYB+OKX""}, {""usdt"": 12551834.0, ""borsa"": 1, ""fiyat"": 64000.0, ""kaynak"": ""BNB""}, {""usdt"": 8364633.0, ""borsa"": 1, ""fiyat"": 63975.0, ""kaynak"": ""BNB""}]",YOK,0.0332,-0.1043,0.5019,1.1969,false,,false,0.4253,1,1,3,0,1,3,5.1,6.2,IZLE,,25,63895.9,,,,,SEVIYE,50,620.6,62,,,,,,,1785254460,1,0,,17,620.6,15,,,
29928,2026-07-28 16:03:17.181875+00,63880.45,1925831.261065505,1396033.262,11829130370.828999,0.00006802599999999999,42631619.09466998,26261.7325,58.6,BEKLE,true,5749.713,20512.0195,1.8209,182.029,52636997.75128999,363.215,0.0,58.6,"[{""usdt"": 10360255.0, ""borsa"": 1, ""fiyat"": 63800.0, ""kaynak"": ""BNB""}, {""usdt"": 10200367.0, ""borsa"": 3, ""fiyat"": 63850.0, ""kaynak"": ""BNB+BYB+OKX""}, {""usdt"": 7187481.0, ""borsa"": 1, ""fiyat"": 63825.0, ""kaynak"": ""BNB""}]","[{""usdt"": 14745926.0, ""borsa"": 3, ""fiyat"": 63900.0, ""kaynak"": ""BNB+BYB+OKX""}, {""usdt"": 10852973.0, ""borsa"": 1, ""fiyat"": 64000.0, ""kaynak"": ""BNB""}, {""usdt"": 8543170.0, ""borsa"": 1, ""fiyat"": 63950.0, ""kaynak"": ""BNB""}]",YOK,0.0806,-0.105,0.4335,0.3558,false,,false,0.5172,1,0,3,0,1,3,1.7,63.7,IZLE,,25,63895.9,,,,,SEVIYE,50,621.6,63,,,,,,,1785254460,1,0,,21,621.6,19,,,
29929,2026-07-28 16:04:17.550774+00,63875.05,1896433.4986723047,1622095.388,11826206121.8568,0.00006802599999999999,43839024.83907998,26197.8465,59.7,BEKLE,true,5749.713,20448.1335,1.8209,242.382,51084381.76200999,423.568,0.0,59.7,"[{""usdt"": 12551824.0, ""borsa"": 3, ""fiyat"": 63850.0, ""kaynak"": ""BNB+BYB+OKX""}, {""usdt"": 10360255.0, ""borsa"": 1, ""fiyat"": 63800.0, ""kaynak"": ""BNB""}, {""usdt"": 7187481.0, ""borsa"": 1, ""fiyat"": 63825.0, ""kaynak"": ""BNB""}]","[{""usdt"": 12797246.0, ""borsa"": 3, ""fiyat"": 63900.0, ""kaynak"": ""BNB+BYB+OKX""}, {""usdt"": 10852973.0, ""borsa"": 1, ""fiyat"": 64000.0, ""kaynak"": ""BNB""}, {""usdt"": 8543170.0, ""borsa"": 1, ""fiyat"": 63950.0, ""kaynak"": ""BNB""}]",YOK,0.0806,-0.0763,0.5147,0.1689,false,,false,0.6188,1,0,3,0,0,3,62.1,63.2,IZLE,,25,63895.9,,,,,SEVIYE,50,622.6,63,,,,,,,1785254460,1,0,,21,622.6,19,,,
29930,2026-07-28 16:05:18.158873+00,63867.350000000006,1853275.9163128058,-2865913.4649999994,11823894824.56,0.00006802599999999999,47295553.61907001,9200.606099999999,67.2,BEKLE,true,5749.713,3450.8931,1.8209,120.698,48080782.46715999,483.913,67.2,0.0,"[{""usdt"": 16175010.0, ""borsa"": 3, ""fiyat"": 63850.0, ""kaynak"": ""BNB+BYB+OKX""}, {""usdt"": 10832242.0, ""borsa"": 1, ""fiyat"": 63800.0, ""kaynak"": ""BNB""}, {""usdt"": 6424804.0, ""borsa"": 1, ""fiyat"": 63825.0, ""kaynak"": ""BNB""}]","[{""usdt"": 10810935.0, ""borsa"": 3, ""fiyat"": 63875.0, ""kaynak"": ""BNB+BYB+OKX""}, {""usdt"": 9150600.0, ""borsa"": 1, ""fiyat"": 63950.0, ""kaynak"": ""BNB""}, {""usdt"": 8709093.0, ""borsa"": 3, ""fiyat"": 63900.0, ""kaynak"": ""BNB+BYB+OKX""}]",YOK,0.0263,-0.0082,0.2996,0.0798,false,,false,0,0,0,3,1,0,3,58.5,59.6,IZLE,,25,63895.9,,,,,SEVIYE,50,623.6,63,,,,,,,1785254460,1,0,,21,623.6,19,,,
29931,2026-07-28 16:06:18.617226+00,63834.95,1032723.9220144991,-10131577.931,11834573505.531399,0.00006802599999999999,46141535.05567993,8304.9148,58.4,BEKLE,true,7474.4703,830.4445000000001,1.8161,181.363,46858307.737599984,544.578,58.4,0.0,"[{""usdt"": 14325433.0, ""borsa"": 3, ""fiyat"": 63850.0, ""kaynak"": ""BNB+BYB+OKX""}, {""usdt"": 8589221.0, ""borsa"": 1, ""fiyat"": 63800.0, ""kaynak"": ""BNB""}, {""usdt"": 7942928.0, ""borsa"": 1, ""fiyat"": 63775.0, ""kaynak"": ""BNB""}]","[{""usdt"": 13624220.0, ""borsa"": 3, ""fiyat"": 63900.0, ""kaynak"": ""BNB+BYB+OKX""}, {""usdt"": 10919950.0, ""borsa"": 3, ""fiyat"": 63875.0, ""kaynak"": ""BNB+BYB+OKX""}, {""usdt"": 8157651.0, ""borsa"": 1, ""fiyat"": 63950.0, ""kaynak"": ""BNB""}]",YOK,0.0084,-0.0077,0.0127,0.2772,false,1.3758,false,,0,1,3,0,1,3,55.4,56.5,IZLE,,25,63785.1,,,,,SEVIYE,50,624.6,63,,,,,,,1785254700,1,0,,21,624.6,19,,,
29932,2026-07-28 16:07:19.025162+00,63821.25,696238.0310924991,-15323201.058999998,11833509356.4027,0.00006802599999999999,47018928.19283001,3256.4061,44.7,BEKLE,false,1723.9796999999999,1532.4264,1.8161,0,52943418.176299974,604.997,44.7,0.0,"[{""usdt"": 13170682.0, ""borsa"": 3, ""fiyat"": 63825.0, ""kaynak"": ""BNB+BYB+OKX""}, {""usdt"": 9820254.0, ""borsa"": 1, ""fiyat"": 63775.0, ""kaynak"": ""BNB""}, {""usdt"": 6704695.0, ""borsa"": 1, ""fiyat"": 63800.0, ""kaynak"": ""BNB""}]","[{""usdt"": 16598872.0, ""borsa"": 3, ""fiyat"": 63875.0, ""kaynak"": ""BNB+BYB+OKX""}, {""usdt"": 11104958.0, ""borsa"": 1, ""fiyat"": 63925.0, ""kaynak"": ""BNB""}, {""usdt"": 7942476.0, ""borsa"": 1, ""fiyat"": 63950.0, ""kaynak"": ""BNB""}]",YOK,0.0146,-0.0593,0.0392,0.1785,false,1.4158,false,,1,0,3,0,1,3,51.8,52.9,IZLE,,25,63785.1,,,,,SEVIYE,50,625.6,63,,,,,,,1785254700,1,0,,21,625.6,19,,,
29933,2026-07-28 16:08:19.3409+00,63814.25,754200.4725239985,-15365612.709999999,11833092923.7038,0.00006802599999999999,48332872.220110014,3256.4061,52.7,BEKLE,,1723.9796999999999,1532.4264,1.8161,0,43180244.450870045,665.398,52.7,0.0,"[{""usdt"": 15785434.0, ""borsa"": 3, ""fiyat"": 63825.0, ""kaynak"": ""BNB+BYB+OKX""}, {""usdt"": 10281851.0, ""borsa"": 1, ""fiyat"": 63750.0, ""kaynak"": ""BNB""}, {""usdt"": 6687653.0, ""borsa"": 2, ""fiyat"": 63800.0, ""kaynak"": ""BNB+OKX""}]","[{""usdt"": 10300582.0, ""borsa"": 3, ""fiyat"": 63850.0, ""kaynak"": ""BNB+BYB+OKX""}, {""usdt"": 8815342.0, ""borsa"": 1, ""fiyat"": 63925.0, ""kaynak"": ""BNB""}, {""usdt"": 8522493.0, ""borsa"": 1, ""fiyat"": 63900.0, ""kaynak"": ""BNB""}]",YOK,-0.0155,0.0563,0.0368,0.173,false,1.5496,false,,1,1,3,1,0,3,48.4,49.5,IZLE,,25,63785.1,,,,,SEVIYE,50,626.7,63,,,,,,,1785254700,1,1,,21,626.7,19,,,
29934,2026-07-28 16:09:19.693069+00,63797.45,365369.6461899971,-15635367.683,11825744724.9939,0.00006802599999999999,46246521.73048999,3256.4061,42.2,BEKLE,false,1723.9796999999999,1532.4264,1.8161,0,46954371.608039975,60.339,42.2,0.0,"[{""usdt"": 11142973.0, ""borsa"": 3, ""fiyat"": 63775.0, ""kaynak"": ""BNB+BYB+OKX""}, {""usdt"": 10769704.0, ""borsa"": 1, ""fiyat"": 63725.0, ""kaynak"": ""BNB""}, {""usdt"": 8733062.0, ""borsa"": 1, ""fiyat"": 63750.0, ""kaynak"": ""BNB""}]","[{""usdt"": 13095622.0, ""borsa"": 3, ""fiyat"": 63825.0, ""kaynak"": ""BNB+BYB+OKX""}, {""usdt"": 8088885.0, ""borsa"": 1, ""fiyat"": 63900.0, ""kaynak"": ""BNB""}, {""usdt"": 7471390.0, ""borsa"": 1, ""fiyat"": 63875.0, ""kaynak"": ""BNB""}]",YOK,-0.114,-0.0076,0.0462,0.195,false,2.0018,false,,0,1,3,0,0,3,44.8,45.9,IZLE,,25,63785.1,,,,,SEVIYE,50,627.7,63,,,,,,,1785254700,1,2,,21,627.7,19,,,
29935,2026-07-28 16:10:20.072738+00,63797.25,783649.928986199,-15577821.327,11829946060.9176,0.00006802599999999999,50026339.91125002,3256.4061,51.0,BEKLE,true,1723.9796999999999,1532.4264,1.8161,60.312,45414694.90546001,60.312,51.0,0.0,"[{""usdt"": 15629030.0, ""borsa"": 3, ""fiyat"": 63800.0, ""kaynak"": ""BNB+BYB+OKX""}, {""usdt"": 11260940.0, ""borsa"": 1, ""fiyat"": 63725.0, ""kaynak"": ""BNB""}, {""usdt"": 7344835.0, ""borsa"": 1, ""fiyat"": 63750.0, ""kaynak"": ""BNB""}]","[{""usdt"": 11420429.0, ""borsa"": 3, ""fiyat"": 63850.0, ""kaynak"": ""BNB+BYB+OKX""}, {""usdt"": 8636507.0, ""borsa"": 1, ""fiyat"": 63925.0, ""kaynak"": ""BNB""}, {""usdt"": 7954066.0, ""borsa"": 3, ""fiyat"": 63825.0, ""kaynak"": ""BNB+BYB+OKX""}]",YOK,-0.0379,0.0483,0.0439,0.2398,false,1.439,false,,0,1,3,1,0,3,41.2,42.4,IZLE,,25,63785.1,,,,,SEVIYE,50,628.7,63,,,,,,,1785254700,1,3,,21,628.7,19,,,
29936,2026-07-28 16:11:20.488127+00,63821.55,-276584.2392648014,-14454365.08,11826999655.7432,0.00006802599999999999,49517159.93992003,0.0,70.0,BEKLE,true,0.0,0.0,1.8161,120.7,45852545.48177004,0,70.0,0.0,"[{""usdt"": 19823609.0, ""borsa"": 3, ""fiyat"": 63775.0, ""kaynak"": ""BNB+BYB+OKX""}, {""usdt"": 9129627.0, ""borsa"": 1, ""fiyat"": 63700.0, ""kaynak"": ""BNB""}, {""usdt"": 7982807.0, ""borsa"": 1, ""fiyat"": 63725.0, ""kaynak"": ""BNB""}]","[{""usdt"": 14455070.0, ""borsa"": 3, ""fiyat"": 63800.0, ""kaynak"": ""BNB+BYB+OKX""}, {""usdt"": 8654539.0, ""borsa"": 1, ""fiyat"": 63875.0, ""kaynak"": ""BNB""}, {""usdt"": 7948424.0, ""borsa"": 3, ""fiyat"": 63825.0, ""kaynak"": ""BNB+BYB+OKX""}]",YOK,-0.0918,0.0384,0.1419,0.121,false,1.2171,false,,1,1,3,0,0,3,37.8,38.8,IZLE,,25,63785.1,,,,,SEVIYE,50,629.7,63,,,,,,,,,0,,21,629.7,19,,,
29937,2026-07-28 16:12:20.911544+00,63830.25,33439.13981399892,-14356076.815,11833846892.071,0.00006802599999999999,44926691.99532006,0.0,32.8,BEKLE,true,0.0,0.0,1.8074,60.43,46198884.77977,0,0.0,32.8,"[{""usdt"": 12530276.0, ""borsa"": 3, ""fiyat"": 63800.0, ""kaynak"": ""BNB+BYB+OKX""}, {""usdt"": 9616127.0, ""borsa"": 1, ""fiyat"": 63750.0, ""kaynak"": ""BNB""}, {""usdt"": 7129845.0, ""borsa"": 1, ""fiyat"": 63725.0, ""kaynak"": ""BNB""}]","[{""usdt"": 13920487.0, ""borsa"": 3, ""fiyat"": 63850.0, ""kaynak"": ""BNB+BYB+OKX""}, {""usdt"": 7831941.0, ""borsa"": 1, ""fiyat"": 63925.0, ""kaynak"": ""BNB""}, {""usdt"": 7585531.0, ""borsa"": 1, ""fiyat"": 63900.0, ""kaynak"": ""BNB""}]",YOK,-0.1117,-0.014,0.2723,0.3082,false,0.9084,false,,0,1,3,0,0,3,34.3,35.4,IZLE,,25,63785.1,,,,,SEVIYE,50,630.7,63,,,,,,,,,0,,21,630.7,19,,,
29938,2026-07-28 16:13:21.442841+00,63802.75,-97475.1253316029,-13887352.224,11833336480.7945,0.00006802599999999999,51403624.6214,0.0,39.2,BEKLE,false,0.0,0.0,1.8074,60.447,45692412.87428999,60.447,0.0,39.2,"[{""usdt"": 15978048.0, ""borsa"": 3, ""fiyat"": 63800.0, ""kaynak"": ""BNB+BYB+OKX""}, {""usdt"": 9991400.0, ""borsa"": 1, ""fiyat"": 63725.0, ""kaynak"": ""BNB""}, {""usdt"": 7580492.0, ""borsa"": 1, ""fiyat"": 63750.0, ""kaynak"": ""BNB""}]","[{""usdt"": 13583244.0, ""borsa"": 3, ""fiyat"": 63850.0, ""kaynak"": ""BNB+BYB+OKX""}, {""usdt"": 9401756.0, ""borsa"": 1, ""fiyat"": 63900.0, ""kaynak"": ""BNB""}, {""usdt"": 8414747.0, ""borsa"": 1, ""fiyat"": 63925.0, ""kaynak"": ""BNB""}]",YOK,-0.1034,0.0588,0.2448,0.2717,false,0.8206,false,,0,1,3,0,0,3,30.9,32,IZLE,,25,63785.1,,,,,SEVIYE,50,631.7,64,,,,,,,,,0,,18,631.7,16,,,
29939,2026-07-28 16:14:21.871975+00,63788.350000000006,-489846.9889906041,-14441867.441,11824315698.6298,0.00006802599999999999,56040136.64262998,63.789,39.6,BEKLE,false,0.0,63.789,1.8074,60.584,47743997.43766999,121.031,0.0,39.6,"[{""usdt"": 15759237.0, ""borsa"": 3, ""fiyat"": 63775.0, ""kaynak"": ""BNB+BYB+OKX""}, {""usdt"": 14188285.0, ""borsa"": 3, ""fiyat"": 63750.0, ""kaynak"": ""BNB+BYB+OKX""}, {""usdt"": 9170495.0, ""borsa"": 1, ""fiyat"": 63725.0, ""kaynak"": ""BNB""}]","[{""usdt"": 14307651.0, ""borsa"": 3, ""fiyat"": 63800.0, ""kaynak"": ""BNB+BYB+OKX""}, {""usdt"": 10369214.0, ""borsa"": 1, ""fiyat"": 63850.0, ""kaynak"": ""BNB""}, {""usdt"": 9440161.0, ""borsa"": 1, ""fiyat"": 63900.0, ""kaynak"": ""BNB""}]",YOK,-0.0933,0.0799,0.2874,0.2513,false,1.1925,false,,0,1,3,0,0,3,27.3,28.4,IZLE,,25,63785.1,,,,,SEVIYE,50,632.7,64,,,,,,,1785255180,1,0,,18,632.7,16,,,
29940,2026-07-28 16:15:22.331895+00,63781.350000000006,-671368.9764015062,-14516107.920999996,11822425255.716599,0.00006802599999999999,56499234.56773999,382.6985,39.9,BEKLE,true,0.0,382.6985,1.8074,60.413,46426910.37527999,181.444,0.0,39.9,"[{""usdt"": 16710414.0, ""borsa"": 3, ""fiyat"": 63775.0, ""kaynak"": ""BNB+BYB+OKX""}, {""usdt"": 11792249.0, ""borsa"": 2, ""fiyat"": 63750.0, ""kaynak"": ""BNB+OKX""}, {""usdt"": 9999908.0, ""borsa"": 1, ""fiyat"": 63725.0, ""kaynak"": ""BNB""}]","[{""usdt"": 12541310.0, ""borsa"": 3, ""fiyat"": 63800.0, ""kaynak"": ""BNB+BYB+OKX""}, {""usdt"": 10295097.0, ""borsa"": 1, ""fiyat"": 63850.0, ""kaynak"": ""BNB""}, {""usdt"": 8255059.0, ""borsa"": 1, ""fiyat"": 63900.0, ""kaynak"": ""BNB""}]",YOK,-0.0136,0.0979,0.4354,0.3911,false,1.2166,false,,0,1,3,1,0,3,23.9,24.9,IZLE,,25,63785.1,,,,,SEVIYE,50,633.7,64,,,,,,,1785255240,1,0,,18,633.7,16,,,
29941,2026-07-28 16:16:22.749705+00,63796.95,-502330.0660143078,-4907441.292,11824089397.6401,0.00006802599999999999,45923093.92103997,382.743,74.6,BEKLE,true,0.0,382.743,1.8074,120.823,49785009.41336,241.854,0.0,74.6,"[{""usdt"": 12936547.0, ""borsa"": 3, ""fiyat"": 63775.0, ""kaynak"": ""BNB+BYB+OKX""}, {""usdt"": 11018758.0, ""borsa"": 1, ""fiyat"": 63725.0, ""kaynak"": ""BNB""}, {""usdt"": 7742560.0, ""borsa"": 1, ""fiyat"": 63700.0, ""kaynak"": ""BNB""}]","[{""usdt"": 12500257.0, ""borsa"": 3, ""fiyat"": 63800.0, ""kaynak"": ""BNB+BYB+OKX""}, {""usdt"": 10008345.0, ""borsa"": 1, ""fiyat"": 63850.0, ""kaynak"": ""BNB""}, {""usdt"": 8922947.0, ""borsa"": 1, ""fiyat"": 63900.0, ""kaynak"": ""BNB""}]",YOK,-0.0959,-0.0404,0.0131,0.1176,false,0.5466,false,,0,1,3,0,1,3,20.4,21.5,IZLE,,25,63785.1,,,,,SEVIYE,50,634.7,64,,,,,,,1785255240,1,0,,18,634.7,16,,,
29942,2026-07-28 16:17:23.901305+00,63821.95,-348346.86554520746,-4747453.908000001,11826233855.073399,0.00006802599999999999,48737466.96471997,382.743,75.0,BEKLE,true,0.0,382.743,1.8074,181.978,49135584.285179995,303.009,0.0,75.0,"[{""usdt"": 14860077.0, ""borsa"": 3, ""fiyat"": 63775.0, ""kaynak"": ""BNB+BYB+OKX""}, {""usdt"": 9932174.0, ""borsa"": 1, ""fiyat"": 63725.0, ""kaynak"": ""BNB""}, {""usdt"": 7590177.0, ""borsa"": 1, ""fiyat"": 63750.0, ""kaynak"": ""BNB""}]","[{""usdt"": 9783442.0, ""borsa"": 3, ""fiyat"": 63825.0, ""kaynak"": ""BNB+BYB+OKX""}, {""usdt"": 9489789.0, ""borsa"": 1, ""fiyat"": 63875.0, ""kaynak"": ""BNB""}, {""usdt"": 9351582.0, ""borsa"": 1, ""fiyat"": 63900.0, ""kaynak"": ""BNB""}]",YOK,-0.0934,-0.0041,0.0219,0.0391,false,0.5427,false,,0,1,3,0,0,3,17.7,18.8,IZLE,,25,63785.1,,,,,SEVIYE,50,635.7,64,,,,,,,1785255240,1,1,,18,635.7,16,,,
29943,2026-07-28 16:18:24.423525+00,63825.55,471112.4928547934,-4373466.021000001,11834756982.778198,0.00006802599999999999,50161237.59888008,382.743,53.8,BEKLE,false,0.0,382.743,1.8011,60.541,50372713.65916,363.55,0.0,53.8,"[{""usdt"": 15971641.0, ""borsa"": 3, ""fiyat"": 63800.0, ""kaynak"": ""BNB+BYB+OKX""}, {""usdt"": 9011240.0, ""borsa"": 1, ""fiyat"": 63750.0, ""kaynak"": ""BNB""}, {""usdt"": 8628808.0, ""borsa"": 1, ""fiyat"": 63725.0, ""kaynak"": ""BNB""}]","[{""usdt"": 13969625.0, ""borsa"": 3, ""fiyat"": 63850.0, ""kaynak"": ""BNB+BYB+OKX""}, {""usdt"": 8859783.0, ""borsa"": 1, ""fiyat"": 63900.0, ""kaynak"": ""BNB""}, {""usdt"": 8434261.0, ""borsa"": 3, ""fiyat"": 63825.0, ""kaynak"": ""BNB+BYB+OKX""}]",YOK,-0.1015,-0.0021,0.0325,0.1072,false,0.607,false,,0,2,3,0,0,3,14.3,15.4,IZLE,,25,63785.1,,,,,SEVIYE,50,636.7,64,,,,,,,1785255240,1,2,,18,636.7,16,,,
29944,2026-07-28 16:19:24.859129+00,63838.149999999994,824509.355353691,-4086174.8979999996,11837405832.680798,0.00006802599999999999,46796624.06481007,318.9595,54.8,BEKLE,true,0.0,318.9595,1.8011,60.447,49276325.90157004,423.997,0.0,54.8,"[{""usdt"": 12498570.0, ""borsa"": 3, ""fiyat"": 63800.0, ""kaynak"": ""BNB+BYB+OKX""}, {""usdt"": 11369550.0, ""borsa"": 1, ""fiyat"": 63725.0, ""kaynak"": ""BNB""}, {""usdt"": 8032802.0, ""borsa"": 3, ""fiyat"": 63825.0, ""kaynak"": ""BNB+BYB+OKX""}]","[{""usdt"": 13853345.0, ""borsa"": 3, ""fiyat"": 63850.0, ""kaynak"": ""BNB+BYB+OKX""}, {""usdt"": 11240003.0, ""borsa"": 1, ""fiyat"": 63925.0, ""kaynak"": ""BNB""}, {""usdt"": 7461168.0, ""borsa"": 1, ""fiyat"": 63875.0, ""kaynak"": ""BNB""}]",YOK,-0.1014,-0.0258,0.0667,0.2076,true,0.1461,false,,0,2,3,0,0,3,10.9,12,IZLE,,25,63785.1,,,,,SEVIYE,50,637.7,64,,,,,,,1785255240,1,0,,18,637.7,16,,,
29945,2026-07-28 16:20:25.185025+00,63917.95,1403189.3202841906,-3761304.1189999995,11852002756.940601,0.00006802599999999999,55576234.12284002,26395.8625,0.0,BEKLE,,0.0,26395.8625,1.8011,60.366,45659872.051199995,120.813,0.0,0.0,"[{""usdt"": 17095688.0, ""borsa"": 3, ""fiyat"": 63875.0, ""kaynak"": ""BNB+BYB+OKX""}, {""usdt"": 9849470.0, ""borsa"": 1, ""fiyat"": 63825.0, ""kaynak"": ""BNB""}, {""usdt"": 8915881.0, ""borsa"": 3, ""fiyat"": 63900.0, ""kaynak"": ""BNB+BYB+OKX""}]","[{""usdt"": 11777817.0, ""borsa"": 3, ""fiyat"": 63925.0, ""kaynak"": ""BNB+BYB+OKX""}, {""usdt"": 8854912.0, ""borsa"": 1, ""fiyat"": 63975.0, ""kaynak"": ""BNB""}, {""usdt"": 8829339.0, ""borsa"": 1, ""fiyat"": 64000.0, ""kaynak"": ""BNB""}]",YOK,0.0691,0.098,0.0979,0.5301,true,0,false,,1,0,3,1,0,3,7.4,8.5,IZLE,,25,63931.1,,,,,SEVIYE,45,27.9,3,,,,,,,1785255540,1,0,,18,638.8,16,,,
29946,2026-07-28 16:21:25.543912+00,63889.850000000006,797896.245424693,1274884.788,11844480903.4915,0.00006802599999999999,48023070.57911003,26392.1868,36.5,BEKLE,true,0.0,26392.1868,1.7949,120.718,48166684.70483002,181.165,0.0,36.5,"[{""usdt"": 13980351.0, ""borsa"": 3, ""fiyat"": 63875.0, ""kaynak"": ""BNB+BYB+OKX""}, {""usdt"": 9589445.0, ""borsa"": 1, ""fiyat"": 63800.0, ""kaynak"": ""BNB""}, {""usdt"": 8845526.0, ""borsa"": 2, ""fiyat"": 63850.0, ""kaynak"": ""BNB+OKX""}]","[{""usdt"": 12542849.0, ""borsa"": 3, ""fiyat"": 63900.0, ""kaynak"": ""BNB+BYB+OKX""}, {""usdt"": 10900332.0, ""borsa"": 1, ""fiyat"": 64000.0, ""kaynak"": ""BNB""}, {""usdt"": 8766278.0, ""borsa"": 1, ""fiyat"": 63950.0, ""kaynak"": ""BNB""}]",SPOT,0.1609,-0.0015,0.1058,0.6215,true,0,false,14.8295,2,0,3,1,0,3,3.8,4.9,HAZIRLAN,LONG,50,63931.1,63931.1,64000,63778.2,0.99,SEVIYE+EMILIM,45,28.9,3,,,,,,,1785255540,1,0,0.37,18,639.8,16,,,
29947,2026-07-28 16:22:25.881012+00,63820.95,531051.9631749926,1231046.0119999999,11840103968.5769,0.00006802599999999999,53819400.26331,26392.1868,50.4,BEKLE,true,0.0,26392.1868,1.7949,181.009,45158563.677030064,241.456,0.0,50.4,"[{""usdt"": 13059435.0, ""borsa"": 1, ""fiyat"": 63800.0, ""kaynak"": ""BNB""}, {""usdt"": 9241368.0, ""borsa"": 2, ""fiyat"": 63875.0, ""kaynak"": ""BYB+OKX""}, {""usdt"": 8562479.0, ""borsa"": 1, ""fiyat"": 63725.0, ""kaynak"": ""BNB""}]","[{""usdt"": 13003911.0, ""borsa"": 3, ""fiyat"": 63900.0, ""kaynak"": ""BNB+BYB+OKX""}, {""usdt"": 10405273.0, ""borsa"": 2, ""fiyat"": 63925.0, ""kaynak"": ""BNB+BYB""}, {""usdt"": 9115142.0, ""borsa"": 2, ""fiyat"": 63875.0, ""kaynak"": ""BNB+OKX""}]",SPOT,0.1609,0.0875,0.0764,0.0071,false,,false,16.43,2,0,3,1,0,3,64.1,62.3,IZLE,,25,63785.1,,,,,SEVIYE,50,640.8,64,,,,,,,1785255540,1,1,,18,640.8,16,,,
29948,2026-07-28 16:23:26.367881+00,63772.25,32798.13786099208,1165906.926,11832113387.6294,0.00006802599999999999,55948104.81858,26392.1868,76.2,BEKLE,false,0.0,26392.1868,1.7949,241.398,46191093.34838005,301.845,0.0,76.2,"[{""usdt"": 24627714.0, ""borsa"": 3, ""fiyat"": 63800.0, ""kaynak"": ""BNB+BYB+OKX""}, {""usdt"": 8562479.0, ""borsa"": 1, ""fiyat"": 63725.0, ""kaynak"": ""BNB""}, {""usdt"": 8147661.0, ""borsa"": 1, ""fiyat"": 63775.0, ""kaynak"": ""BNB""}]","[{""usdt"": 10305299.0, ""borsa"": 3, ""fiyat"": 63825.0, ""kaynak"": ""BNB+BYB+OKX""}, {""usdt"": 9291160.0, ""borsa"": 1, ""fiyat"": 63925.0, ""kaynak"": ""BNB""}, {""usdt"": 8805139.0, ""borsa"": 1, ""fiyat"": 63875.0, ""kaynak"": ""BNB""}]",YOK,-0.0476,0.0955,0.0436,0.4207,true,0.1251,false,,0,1,3,1,0,3,60.3,61.4,IZLE,,25,63785.1,,,,,SEVIYE,50,641.8,65,,,,,,,1785255540,1,2,,19,641.8,17,,,
29949,2026-07-28 16:24:26.980119+00,63783.25,-338637.42302420497,1104100.7980000002,11825974902.846699,0.00006802599999999999,56010315.9606,0.0,54.0,BEKLE,false,0.0,0.0,1.7949,120.922,45195827.448759966,0,0.0,54.0,"[{""usdt"": 20817967.0, ""borsa"": 3, ""fiyat"": 63750.0, ""kaynak"": ""BNB+BYB+OKX""}, {""usdt"": 10319094.0, ""borsa"": 1, ""fiyat"": 63675.0, ""kaynak"": ""BNB""}, {""usdt"": 8751491.0, ""borsa"": 1, ""fiyat"": 63725.0, ""kaynak"": ""BNB""}]","[{""usdt"": 12464477.0, ""borsa"": 3, ""fiyat"": 63800.0, ""kaynak"": ""BNB+BYB+OKX""}, {""usdt"": 8974163.0, ""borsa"": 1, ""fiyat"": 63850.0, ""kaynak"": ""BNB""}, {""usdt"": 7152972.0, ""borsa"": 1, ""fiyat"": 63875.0, ""kaynak"": ""BNB""}]",YOK,-0.1343,0.1069,0.1142,0.4282,false,,false,,0,1,3,0,0,3,56.6,57.7,IZLE,,25,63785.1,,,,,SEVIYE,50,642.8,65,,,,,,,,,0,,19,642.8,17,,,
29950,2026-07-28 16:25:27.350626+00,63804.45,28461.417350497402,1481907.813,11830105875.128101,0.00006802599999999999,55920351.48450999,0.0,54.1,BEKLE,false,0.0,0.0,1.7949,60.601,44915583.45001996,60.601,0.0,54.1,"[{""usdt"": 21933430.0, ""borsa"": 3, ""fiyat"": 63775.0, ""kaynak"": ""BNB+BYB+OKX""}, {""usdt"": 11881590.0, ""borsa"": 2, ""fiyat"": 63750.0, ""kaynak"": ""BNB+OKX""}, {""usdt"": 8280498.0, ""borsa"": 1, ""fiyat"": 63725.0, ""kaynak"": ""BNB""}]","[{""usdt"": 12229784.0, ""borsa"": 3, ""fiyat"": 63800.0, ""kaynak"": ""BNB+BYB+OKX""}, {""usdt"": 10351909.0, ""borsa"": 1, ""fiyat"": 63875.0, ""kaynak"": ""BNB""}, {""usdt"": 7745825.0, ""borsa"": 2, ""fiyat"": 63825.0, ""kaynak"": ""BNB+BYB""}]",YOK,-0.1225,0.1091,0.1311,0.8585,false,,false,3.7497,0,1,3,2,0,3,53.2,54.3,IZLE,,25,63785.1,,,,,SEVIYE,50,643.8,65,,,,,,,,,0,,19,643.8,17,,,
29951,2026-07-28 16:26:27.741954+00,63824.75,229143.52970179706,1330378.3830000001,11833206045.0019,0.00006802599999999999,48243804.62990004,0.0,13.8,BEKLE,false,0.0,0.0,1.7949,60.335,46532847.14433998,120.936,0.0,13.8,"[{""usdt"": 18082046.0, ""borsa"": 3, ""fiyat"": 63775.0, ""kaynak"": ""BNB+BYB+OKX""}, {""usdt"": 11405945.0, ""borsa"": 1, ""fiyat"": 63725.0, ""kaynak"": ""BNB""}, {""usdt"": 7715407.0, ""borsa"": 1, ""fiyat"": 63750.0, ""kaynak"": ""BNB""}]","[{""usdt"": 13113190.0, ""borsa"": 3, ""fiyat"": 63800.0, ""kaynak"": ""BNB+BYB+OKX""}, {""usdt"": 9293991.0, ""borsa"": 1, ""fiyat"": 63850.0, ""kaynak"": ""BNB""}, {""usdt"": 7322327.0, ""borsa"": 1, ""fiyat"": 63875.0, ""kaynak"": ""BNB""}]",YOK,-0.159,0.0181,,,false,,false,8.7882,0,2,3,1,0,3,49.7,50.7,IZLE,,25,63785.1,,,,,SEVIYE,50,644.8,65,,,,,,,,,0,,19,644.8,17,,,
29952,2026-07-28 16:27:28.117068+00,63793.05,85377.22153649727,1402382.5860000001,11833386783.993,0.00006802599999999999,49595909.898600005,0.0,21.8,BEKLE,false,0.0,0.0,1.7925,60.41,43757324.45412004,0,0.0,21.8,"[{""usdt"": 16096659.0, ""borsa"": 3, ""fiyat"": 63800.0, ""kaynak"": ""BNB+BYB+OKX""}, {""usdt"": 9038204.0, ""borsa"": 1, ""fiyat"": 63725.0, ""kaynak"": ""BNB""}, {""usdt"": 8916460.0, ""borsa"": 1, ""fiyat"": 63750.0, ""kaynak"": ""BNB""}]","[{""usdt"": 8929972.0, ""borsa"": 3, ""fiyat"": 63825.0, ""kaynak"": ""BNB+BYB+OKX""}, {""usdt"": 8222464.0, ""borsa"": 1, ""fiyat"": 63900.0, ""kaynak"": ""BNB""}, {""usdt"": 7855913.0, ""borsa"": 2, ""fiyat"": 63850.0, ""kaynak"": ""BNB+BYB""}]",YOK,-0.0642,0.0625,0.5995,2.9811,false,,false,4.3083,0,1,3,1,0,3,46.2,47.3,IZLE,,25,63785.1,,,,,SEVIYE,50,645.8,65,,,,,,,,,0,,19,645.8,17,,,
29953,2026-07-28 16:28:28.568733+00,63819.149999999994,95423.91691789718,1408581.4970000002,11832585612.0642,0.00006802599999999999,53167905.07414004,0.0,18.3,BEKLE,false,0.0,0.0,1.7925,120.767,44319251.45060002,60.357,0.0,18.3,"[{""usdt"": 14131657.0, ""borsa"": 3, ""fiyat"": 63800.0, ""kaynak"": ""BNB+BYB+OKX""}, {""usdt"": 12361958.0, ""borsa"": 3, ""fiyat"": 63775.0, ""kaynak"": ""BNB+BYB+OKX""}, {""usdt"": 10375762.0, ""borsa"": 1, ""fiyat"": 63700.0, ""kaynak"": ""BNB""}]","[{""usdt"": 11982064.0, ""borsa"": 3, ""fiyat"": 63825.0, ""kaynak"": ""BNB+BYB+OKX""}, {""usdt"": 7991815.0, ""borsa"": 1, ""fiyat"": 63850.0, ""kaynak"": ""BNB""}, {""usdt"": 7902875.0, ""borsa"": 1, ""fiyat"": 63875.0, ""kaynak"": ""BNB""}]",YOK,-0.0464,0.0908,,,false,,false,4.0201,0,1,3,2,0,3,42.7,43.8,IZLE,,25,63785.1,,,,,SEVIYE,50,646.8,65,,,,,,,,,0,,19,646.8,17,,,
29954,2026-07-28 16:29:28.947844+00,63809.649999999994,-268.81522470220807,1406537.0460000003,11833850428.1392,0.00006802599999999999,48328172.153539985,0.0,24.0,BEKLE,false,0.0,0.0,1.7925,181.213,46957464.14328004,120.803,0.0,24.0,"[{""usdt"": 13163680.0, ""borsa"": 3, ""fiyat"": 63775.0, ""kaynak"": ""BNB+BYB+OKX""}, {""usdt"": 10894776.0, ""borsa"": 3, ""fiyat"": 63800.0, ""kaynak"": ""BNB+BYB+OKX""}, {""usdt"": 10800522.0, ""borsa"": 1, ""fiyat"": 63725.0, ""kaynak"": ""BNB""}]","[{""usdt"": 12472483.0, ""borsa"": 3, ""fiyat"": 63825.0, ""kaynak"": ""BNB+BYB+OKX""}, {""usdt"": 8424244.0, ""borsa"": 1, ""fiyat"": 63900.0, ""kaynak"": ""BNB""}, {""usdt"": 8126207.0, ""borsa"": 1, ""fiyat"": 63925.0, ""kaynak"": ""BNB""}]",YOK,-0.1129,0.0144,0.3917,2.4289,false,,false,3.0368,0,1,3,1,0,3,39.2,40.3,IZLE,,25,63785.1,,,,,SEVIYE,50,647.8,65,,,,,,,,,0,,19,647.8,17,,,
29955,2026-07-28 16:30:29.368513+00,63769.55,-1806290.7563090005,331336.1239999999,11829470313.0884,0.00006802599999999999,45271449.12123996,0.0,47.7,BEKLE,true,0.0,0.0,1.7925,241.573,48210707.97152002,181.163,47.7,0.0,"[{""usdt"": 13996920.0, ""borsa"": 3, ""fiyat"": 63800.0, ""kaynak"": ""BNB+BYB+OKX""}, {""usdt"": 9399121.0, ""borsa"": 1, ""fiyat"": 63725.0, ""kaynak"": ""BNB""}, {""usdt"": 8810522.0, ""borsa"": 1, ""fiyat"": 63750.0, ""kaynak"": ""BNB""}]","[{""usdt"": 9196268.0, ""borsa"": 3, ""fiyat"": 63850.0, ""kaynak"": ""BNB+BYB+OKX""}, {""usdt"": 9083443.0, ""borsa"": 3, ""fiyat"": 63825.0, ""kaynak"": ""BNB+BYB+OKX""}, {""usdt"": 9037000.0, ""borsa"": 1, ""fiyat"": 63925.0, ""kaynak"": ""BNB""}]",YOK,-0.0286,-0.0314,0.4786,0.7232,false,,false,0.8863,0,1,3,0,0,3,35.7,36.8,IZLE,,25,63785.1,,,,,SEVIYE,50,648.8,65,,,,,,,,,0,,19,648.8,17,,,
29956,2026-07-28 16:31:30.283047+00,63757.55,-2208561.0222659,312082.83199999994,11823669656.945,0.00006802599999999999,51951681.39519004,9243.663,36.8,BEKLE,true,9243.663,0.0,1.7925,0,48418369.29447,0,36.8,0.0,"[{""usdt"": 15878326.0, ""borsa"": 3, ""fiyat"": 63725.0, ""kaynak"": ""BNB+BYB+OKX""}, {""usdt"": 11302288.0, ""borsa"": 3, ""fiyat"": 63750.0, ""kaynak"": ""BNB+BYB+OKX""}, {""usdt"": 8915334.0, ""borsa"": 1, ""fiyat"": 63650.0, ""kaynak"": ""BNB""}]","[{""usdt"": 13455668.0, ""borsa"": 3, ""fiyat"": 63775.0, ""kaynak"": ""BNB+BYB+OKX""}, {""usdt"": 8902334.0, ""borsa"": 1, ""fiyat"": 63875.0, ""kaynak"": ""BNB""}, {""usdt"": 8133503.0, ""borsa"": 1, ""fiyat"": 63850.0, ""kaynak"": ""BNB""}]",YOK,-0.1523,0.0352,0.5794,1.2687,false,,false,1.2283,0,2,3,0,1,3,32.8,33.9,IZLE,,25,63785.1,,,,,SEVIYE,50,649.8,65,,,,,,,1785256260,1,0,,19,649.8,17,,,
29957,2026-07-28 16:32:31.271039+00,63797.149999999994,-2207952.8111134,332692.4479999999,11825940785.1334,0.00006802599999999999,46136978.75697,9247.346,38.6,BEKLE,true,9247.346,0.0,1.7925,60.34,58893590.923990004,60.34,38.6,0.0,"[{""usdt"": 11849122.0, ""borsa"": 3, ""fiyat"": 63750.0, ""kaynak"": ""BNB+BYB+OKX""}, {""usdt"": 10042089.0, ""borsa"": 1, ""fiyat"": 63700.0, ""kaynak"": ""BNB""}, {""usdt"": 8320931.0, ""borsa"": 1, ""fiyat"": 63675.0, ""kaynak"": ""BNB""}]","[{""usdt"": 17501980.0, ""borsa"": 3, ""fiyat"": 63800.0, ""kaynak"": ""BNB+BYB+OKX""}, {""usdt"": 11252282.0, ""borsa"": 3, ""fiyat"": 63775.0, ""kaynak"": ""BNB+BYB+OKX""}, {""usdt"": 9570890.0, ""borsa"": 1, ""fiyat"": 63875.0, ""kaynak"": ""BNB""}]",YOK,-0.1143,-0.1215,0.5523,0.0785,false,1.1221,false,1.2826,0,1,3,0,1,3,28.9,30,IZLE,,25,63785.1,,,,,SEVIYE,50,650.9,65,,,,,,,1785256260,1,0,,19,650.9,17,,,
29958,2026-07-28 16:33:31.724309+00,63827.25,-1889469.4492391003,738856.754,11837302911.735,0.00006802599999999999,45715558.14995,9247.346,30.3,BEKLE,true,9247.346,0.0,1.7902,0,56623048.45239999,61.053,30.3,0.0,"[{""usdt"": 11443581.0, ""borsa"": 3, ""fiyat"": 63800.0, ""kaynak"": ""BNB+BYB+OKX""}, {""usdt"": 8075490.0, ""borsa"": 1, ""fiyat"": 63750.0, ""kaynak"": ""BNB""}, {""usdt"": 7782857.0, ""borsa"": 3, ""fiyat"": 63825.0, ""kaynak"": ""BNB+BYB+OKX""}]","[{""usdt"": 16171024.0, ""borsa"": 3, ""fiyat"": 63850.0, ""kaynak"": ""BNB+BYB+OKX""}, {""usdt"": 10901259.0, ""borsa"": 1, ""fiyat"": 63925.0, ""kaynak"": ""BNB""}, {""usdt"": 8337870.0, ""borsa"": 1, ""fiyat"": 63900.0, ""kaynak"": ""BNB""}]",YOK,-0.0587,-0.1066,0.6377,0.1947,false,1.4708,false,1.05,0,1,3,0,1,3,26.1,27.2,IZLE,,25,63785.1,,,,,SEVIYE,50,651.9,66,,,,,,,1785256260,1,1,,18,651.9,16,,,
29959,2026-07-28 16:34:32.245847+00,63837.25,-2603243.916825702,516006.3179999999,11837376790.1383,0.00006802599999999999,54485922.5993,10779.074,47.1,BEKLE,true,9247.346,1531.728,1.7902,60.51,46383639.00396,121.563,47.1,0.0,"[{""usdt"": 20549388.0, ""borsa"": 3, ""fiyat"": 63800.0, ""kaynak"": ""BNB+BYB+OKX""}, {""usdt"": 7657284.0, ""borsa"": 1, ""fiyat"": 63775.0, ""kaynak"": ""BNB""}, {""usdt"": 7547228.0, ""borsa"": 1, ""fiyat"": 63700.0, ""kaynak"": ""BNB""}]","[{""usdt"": 10027157.0, ""borsa"": 3, ""fiyat"": 63850.0, ""kaynak"": ""BNB+BYB+OKX""}, {""usdt"": 9290075.0, ""borsa"": 3, ""fiyat"": 63825.0, ""kaynak"": ""BNB+BYB+OKX""}, {""usdt"": 9077339.0, ""borsa"": 1, ""fiyat"": 63875.0, ""kaynak"": ""BNB""}]",YOK,-0.0057,0.0803,0.6345,0.5033,false,,false,0.8127,1,1,3,1,0,3,22.8,23.8,IZLE,,25,63785.1,,,,,SEVIYE,50,652.9,66,,,,,,,1785256380,1,0,,18,652.9,16,,,
29960,2026-07-28 16:35:32.686035+00,63797.05,-2350552.2077476014,-1094960.8099999998,11830968464.575802,0.00006802599999999999,49808767.67315003,10779.074,49.2,BEKLE,true,9247.346,1531.728,1.7902,60.556,48760548.164769925,182.119,49.2,0.0,"[{""usdt"": 11848169.0, ""borsa"": 3, ""fiyat"": 63775.0, ""kaynak"": ""BNB+BYB+OKX""}, {""usdt"": 10043308.0, ""borsa"": 1, ""fiyat"": 63700.0, ""kaynak"": ""BNB""}, {""usdt"": 8053495.0, ""borsa"": 1, ""fiyat"": 63725.0, ""kaynak"": ""BNB""}]","[{""usdt"": 11729373.0, ""borsa"": 3, ""fiyat"": 63825.0, ""kaynak"": ""BNB+BYB+OKX""}, {""usdt"": 10904152.0, ""borsa"": 1, ""fiyat"": 63900.0, ""kaynak"": ""BNB""}, {""usdt"": 10392581.0, ""borsa"": 1, ""fiyat"": 63875.0, ""kaynak"": ""BNB""}]",YOK,-0.0679,0.0106,0.1847,0.6988,false,3.0604,false,,0,1,3,1,0,3,19.5,20.5,IZLE,,25,63785.1,,,,,SEVIYE,50,653.9,66,,,,,,,1785256380,1,1,,18,653.9,16,,,
29961,2026-07-28 16:36:33.066211+00,63784.25,-2475032.371403601,-468591.9620000001,11828588936.876099,0.00006802599999999999,44869597.4496,1531.728,37.3,BEKLE,true,0.0,1531.728,1.7871,120.887,51859547.85900998,242.45,37.3,0.0,"[{""usdt"": 10835962.0, ""borsa"": 1, ""fiyat"": 63700.0, ""kaynak"": ""BNB""}, {""usdt"": 10117745.0, ""borsa"": 3, ""fiyat"": 63750.0, ""kaynak"": ""BNB+BYB+OKX""}, {""usdt"": 8850090.0, ""borsa"": 3, ""fiyat"": 63775.0, ""kaynak"": ""BNB+BYB+OKX""}]","[{""usdt"": 13979521.0, ""borsa"": 3, ""fiyat"": 63800.0, ""kaynak"": ""BNB+BYB+OKX""}, {""usdt"": 11525360.0, ""borsa"": 1, ""fiyat"": 63900.0, ""kaynak"": ""BNB""}, {""usdt"": 8436832.0, ""borsa"": 1, ""fiyat"": 63850.0, ""kaynak"": ""BNB""}]",YOK,-0.1138,-0.0723,0.1685,1.2645,true,0.3446,false,,0,1,3,0,1,3,15.6,16.6,IZLE,,25,63785.1,,,,,SEVIYE,50,654.9,66,,,,,,,1785256380,1,0,,18,654.9,16,,,
29962,2026-07-28 16:37:33.451487+00,63784.649999999994,-2313743.654895301,-686435.3450000001,11829077138.4266,0.00006802599999999999,49571931.120530024,1531.728,44.5,BEKLE,true,0.0,1531.728,1.7871,181.325,50352473.44787994,302.888,44.5,0.0,"[{""usdt"": 13143766.0, ""borsa"": 3, ""fiyat"": 63750.0, ""kaynak"": ""BNB+BYB+OKX""}, {""usdt"": 13070613.0, ""borsa"": 3, ""fiyat"": 63775.0, ""kaynak"": ""BNB+BYB+OKX""}, {""usdt"": 10137992.0, ""borsa"": 1, ""fiyat"": 63700.0, ""kaynak"": ""BNB""}]","[{""usdt"": 12491460.0, ""borsa"": 1, ""fiyat"": 63900.0, ""kaynak"": ""BNB""}, {""usdt"": 10416558.0, ""borsa"": 3, ""fiyat"": 63800.0, ""kaynak"": ""BNB+BYB+OKX""}, {""usdt"": 7567691.0, ""borsa"": 1, ""fiyat"": 63875.0, ""kaynak"": ""BNB""}]",YOK,-0.1289,-0.0078,0.0581,0.5134,true,0.2183,false,,0,1,3,0,0,3,12.1,13.2,IZLE,,25,63785.1,,,,,SEVIYE,50,655.9,66,,,,,,,1785256380,1,1,,18,655.9,16,,,
29963,2026-07-28 16:38:33.891598+00,63773.850000000006,-2259935.623432602,-670056.125,11828487929.6206,0.00006802599999999999,47251590.36265001,0.0,49.4,BEKLE,true,0.0,0.0,1.7871,241.659,52371297.20017996,363.222,49.4,0.0,"[{""usdt"": 14556499.0, ""borsa"": 3, ""fiyat"": 63750.0, ""kaynak"": ""BNB+BYB+OKX""}, {""usdt"": 10808805.0, ""borsa"": 1, ""fiyat"": 63700.0, ""kaynak"": ""BNB""}, {""usdt"": 7909447.0, ""borsa"": 1, ""fiyat"": 63725.0, ""kaynak"": ""BNB""}]","[{""usdt"": 11278444.0, ""borsa"": 1, ""fiyat"": 63900.0, ""kaynak"": ""BNB""}, {""usdt"": 10156807.0, ""borsa"": 3, ""fiyat"": 63800.0, ""kaynak"": ""BNB+BYB+OKX""}, {""usdt"": 8556346.0, ""borsa"": 1, ""fiyat"": 63875.0, ""kaynak"": ""BNB""}]",YOK,-0.135,-0.0514,0.1351,1.4561,false,0.1982,false,,0,2,3,0,1,3,8.6,9.7,IZLE,,25,63785.1,,,,,SEVIYE,50,656.9,66,,,,,,,,,0,,18,656.9,16,,,
29964,2026-07-28 16:39:34.274225+00,63798.95,-1660460.1828562021,-457349.12399999995,11833730244.8171,0.00006802599999999999,48040674.579360016,0.0,23.1,BEKLE,true,0.0,0.0,1.7871,0,53540540.889229946,423.664,23.1,0.0,"[{""usdt"": 16372438.0, ""borsa"": 3, ""fiyat"": 63775.0, ""kaynak"": ""BNB+BYB+OKX""}, {""usdt"": 9243996.0, ""borsa"": 2, ""fiyat"": 63750.0, ""kaynak"": ""BNB+OKX""}, {""usdt"": 8906493.0, ""borsa"": 1, ""fiyat"": 63700.0, ""kaynak"": ""BNB""}]","[{""usdt"": 10284232.0, ""borsa"": 1, ""fiyat"": 63900.0, ""kaynak"": ""BNB""}, {""usdt"": 9365709.0, ""borsa"": 3, ""fiyat"": 63825.0, ""kaynak"": ""BNB+BYB+OKX""}, {""usdt"": 8959071.0, ""borsa"": 1, ""fiyat"": 63875.0, ""kaynak"": ""BNB""}]",YOK,-0.0976,-0.0541,0.3651,1.1094,true,0.1541,false,,1,1,3,0,0,3,5.1,6.2,IZLE,,25,63785.1,,,,,SEVIYE,50,657.9,66,,,,,,,,,0,,18,657.9,16,,,
29965,2026-07-28 16:40:34.672872+00,63846.95,-1660460.1828562021,-457349.12399999995,11833730244.8171,0.00006802599999999999,48569282.91865994,0.0,32.3,BEKLE,false,0.0,0.0,1.7871,0,53222537.84992998,484.004,0.0,32.3,"[{""usdt"": 14457768.0, ""borsa"": 2, ""fiyat"": 63775.0, ""kaynak"": ""BNB+OKX""}, {""usdt"": 10596358.0, ""borsa"": 2, ""fiyat"": 63825.0, ""kaynak"": ""BNB+BYB""}, {""usdt"": 9156316.0, ""borsa"": 2, ""fiyat"": 63750.0, ""kaynak"": ""BNB+OKX""}]","[{""usdt"": 10825830.0, ""borsa"": 1, ""fiyat"": 63900.0, ""kaynak"": ""BNB""}, {""usdt"": 9443636.0, ""borsa"": 1, ""fiyat"": 63925.0, ""kaynak"": ""BNB""}, {""usdt"": 9216776.0, ""borsa"": 1, ""fiyat"": 63950.0, ""kaynak"": ""BNB""}]",YOK,-0.075,-0.0457,0.3912,2.1171,true,0.1548,false,,0,1,3,0,0,3,1.5,63.4,IZLE,,25,63785.1,,,,,SEVIYE,50,658.9,66,,,,,,,,,0,,18,658.9,16,,,
29966,2026-07-28 16:41:35.084605+00,63854.95,-1257454.452978703,-494010.6440000001,11839445579.7585,0.00006802599999999999,46623571.70531994,0.0,9.7,BEKLE,,0.0,0.0,1.7871,60.476,54133714.216159984,544.48,9.7,0.0,"[{""usdt"": 14847536.0, ""borsa"": 3, ""fiyat"": 63825.0, ""kaynak"": ""BNB+BYB+OKX""}, {""usdt"": 8712039.0, ""borsa"": 1, ""fiyat"": 63775.0, ""kaynak"": ""BNB""}, {""usdt"": 7564797.0, ""borsa"": 1, ""fiyat"": 63750.0, ""kaynak"": ""BNB""}]","[{""usdt"": 13649110.0, ""borsa"": 3, ""fiyat"": 63850.0, ""kaynak"": ""BNB+BYB+OKX""}, {""usdt"": 10825830.0, ""borsa"": 1, ""fiyat"": 63900.0, ""kaynak"": ""BNB""}, {""usdt"": 9443636.0, ""borsa"": 1, ""fiyat"": 63925.0, ""kaynak"": ""BNB""}]",YOK,-0.075,-0.0745,0.966,4.1986,true,0.1594,false,,0,1,3,0,1,3,62,63.1,YOK,,0,63785.1,,,,,SEVIYE,50,659.9,66,,,,,,,,,0,,18,659.9,16,,,
29967,2026-07-28 16:42:35.342915+00,63866.95,-1349724.2853187022,-420385.0410000001,11841759887.742,0.00006802599999999999,45606284.07431994,0.0,18.4,BEKLE,false,0.0,0.0,1.7847,120.804,52465545.88387002,604.808,0.0,18.4,"[{""usdt"": 13397721.0, ""borsa"": 3, ""fiyat"": 63825.0, ""kaynak"": ""BNB+BYB+OKX""}, {""usdt"": 8707472.0, ""borsa"": 1, ""fiyat"": 63775.0, ""kaynak"": ""BNB""}, {""usdt"": 8399311.0, ""borsa"": 1, ""fiyat"": 63750.0, ""kaynak"": ""BNB""}]","[{""usdt"": 12563915.0, ""borsa"": 3, ""fiyat"": 63875.0, ""kaynak"": ""BNB+BYB+OKX""}, {""usdt"": 11841879.0, ""borsa"": 1, ""fiyat"": 63950.0, ""kaynak"": ""BNB""}, {""usdt"": 11264326.0, ""borsa"": 1, ""fiyat"": 63900.0, ""kaynak"": ""BNB""}]",YOK,-0.061,-0.0699,0.6827,4.3625,true,0.1614,false,,0,1,3,0,1,3,58.5,59.5,IZLE,,25,63931.1,,,,,SEVIYE,45,50.0,5,,,,,,,,,0,,18,660.9,16,,,
29968,2026-07-28 16:43:35.644342+00,63905.45,-1283531.8060630017,-232314.77599999995,11844093746.857399,0.00006802599999999999,48748805.64961995,0.0,0.0,BEKLE,,0.0,0.0,1.7847,60.262,50306912.48812997,482.951,0.0,0.0,"[{""usdt"": 13679639.0, ""borsa"": 3, ""fiyat"": 63850.0, ""kaynak"": ""BNB+BYB+OKX""}, {""usdt"": 10413164.0, ""borsa"": 1, ""fiyat"": 63775.0, ""kaynak"": ""BNB""}, {""usdt"": 7728802.0, ""borsa"": 1, ""fiyat"": 63800.0, ""kaynak"": ""BNB""}]","[{""usdt"": 15053254.0, ""borsa"": 3, ""fiyat"": 63900.0, ""kaynak"": ""BNB+BYB+OKX""}, {""usdt"": 8628185.0, ""borsa"": 1, ""fiyat"": 63925.0, ""kaynak"": ""BNB""}, {""usdt"": 8619440.0, ""borsa"": 1, ""fiyat"": 63975.0, ""kaynak"": ""BNB""}]",YOK,-0.0511,-0.0157,0.567,5.7245,true,0.142,false,,0,1,3,0,0,3,54.5,55.6,IZLE,,25,63931.1,,,,,SEVIYE,50,51.0,6,,,,,,,,,0,,18,661.9,16,,,
29969,2026-07-28 16:44:35.961013+00,63902.05,-800874.8559991008,-88215.47299999998,11849633621.843,0.00006802599999999999,51680793.38417997,0.0,18.0,BEKLE,false,0.0,0.0,1.7847,120.642,52613556.90581003,241.446,0.0,18.0,"[{""usdt"": 12950317.0, ""borsa"": 3, ""fiyat"": 63900.0, ""kaynak"": ""BNB+BYB+OKX""}, {""usdt"": 12860107.0, ""borsa"": 3, ""fiyat"": 63875.0, ""kaynak"": ""BNB+BYB+OKX""}, {""usdt"": 10125320.0, ""borsa"": 1, ""fiyat"": 63800.0, ""kaynak"": ""BNB""}]","[{""usdt"": 16506568.0, ""borsa"": 3, ""fiyat"": 63925.0, ""kaynak"": ""BNB+BYB+OKX""}, {""usdt"": 10570679.0, ""borsa"": 1, ""fiyat"": 64000.0, ""kaynak"": ""BNB""}, {""usdt"": 10152723.0, ""borsa"": 1, ""fiyat"": 63950.0, ""kaynak"": ""BNB""}]",YOK,0.0871,-0.0089,0.5775,5.1869,true,0.0233,false,,0,0,3,1,0,3,51,52.1,IZLE,,25,63931.1,,,,,SEVIYE,50,52.0,6,,,,,,,,,0,,18,662.9,16,,,
29970,2026-07-28 16:45:36.231124+00,63899.149999999994,-1251454.2117322013,-195546.78899999993,11848953089.5056,0.00006802599999999999,41562889.41272001,63.9157,22.3,BEKLE,false,0.0,63.9157,1.7847,180.874,49723347.618510015,301.678,0.0,22.3,"[{""usdt"": 10956174.0, ""borsa"": 3, ""fiyat"": 63875.0, ""kaynak"": ""BNB+BYB+OKX""}, {""usdt"": 10806482.0, ""borsa"": 1, ""fiyat"": 63800.0, ""kaynak"": ""BNB""}, {""usdt"": 8307740.0, ""borsa"": 1, ""fiyat"": 63825.0, ""kaynak"": ""BNB""}]","[{""usdt"": 12415577.0, ""borsa"": 3, ""fiyat"": 63900.0, ""kaynak"": ""BNB+BYB+OKX""}, {""usdt"": 10098337.0, ""borsa"": 1, ""fiyat"": 64000.0, ""kaynak"": ""BNB""}, {""usdt"": 9080430.0, ""borsa"": 1, ""fiyat"": 63950.0, ""kaynak"": ""BNB""}]",YOK,0.0637,-0.0894,0.4784,4.5682,true,0.0311,false,,0,0,3,0,1,3,47.4,48.5,IZLE,,25,63931.1,,,,,SEVIYE,50,53.0,6,,,,,,,1785256980,1,0,,18,663.9,16,,,
29971,2026-07-28 16:46:36.525941+00,63880.05,1606533.7751602991,1820116.2289999998,11850029114.5536,0.00006802599999999999,48189166.39720997,63.9157,57.2,BEKLE,false,0.0,63.9157,1.7847,241.164,46327849.415269986,361.968,0.0,57.2,"[{""usdt"": 13628550.0, ""borsa"": 3, ""fiyat"": 63900.0, ""kaynak"": ""BNB+BYB+OKX""}, {""usdt"": 8741942.0, ""borsa"": 1, ""fiyat"": 63800.0, ""kaynak"": ""BNB""}, {""usdt"": 8499483.0, ""borsa"": 3, ""fiyat"": 63875.0, ""kaynak"": ""BNB+BYB+OKX""}]","[{""usdt"": 12842896.0, ""borsa"": 3, ""fiyat"": 63925.0, ""kaynak"": ""BNB+BYB+OKX""}, {""usdt"": 11212773.0, ""borsa"": 1, ""fiyat"": 64000.0, ""kaynak"": ""BNB""}, {""usdt"": 8163187.0, ""borsa"": 1, ""fiyat"": 63950.0, ""kaynak"": ""BNB""}]",YOK,0.0927,0.0197,0.4208,0.2759,true,0,false,,0,0,3,0,0,3,43.8,44.9,IZLE,,25,63931.1,,,,,SEVIYE,50,54.1,6,,,,,,,1785256980,1,1,,18,665.0,16,,,
29972,2026-07-28 16:47:38.088294+00,63889.850000000006,1328543.6089894995,1798735.0469999998,11843296776.371601,0.00006802599999999999,51918421.588670015,63.9157,58.3,BEKLE,false,0.0,63.9157,1.7847,302.721,46930315.54685997,423.525,0.0,58.3,"[{""usdt"": 20617321.0, ""borsa"": 3, ""fiyat"": 63825.0, ""kaynak"": ""BNB+BYB+OKX""}, {""usdt"": 9833047.0, ""borsa"": 1, ""fiyat"": 63775.0, ""kaynak"": ""BNB""}, {""usdt"": 7433352.0, ""borsa"": 1, ""fiyat"": 63800.0, ""kaynak"": ""BNB""}]","[{""usdt"": 10811213.0, ""borsa"": 3, ""fiyat"": 63850.0, ""kaynak"": ""BNB+BYB+OKX""}, {""usdt"": 10051623.0, ""borsa"": 1, ""fiyat"": 63950.0, ""kaynak"": ""BNB""}, {""usdt"": 7866279.0, ""borsa"": 1, ""fiyat"": 63900.0, ""kaynak"": ""BNB""}]",YOK,0.0367,0.0505,0.4147,0.2652,true,0,false,,1,0,3,0,0,3,41.5,42.6,IZLE,,25,63931.1,,,,,SEVIYE,50,55.1,6,,,,,,,1785256980,1,2,,18,666.0,16,,,
29973,2026-07-28 16:48:38.324255+00,63872.25,1599529.2364611982,1960866.2529999996,11844164689.1758,0.00006802599999999999,54498069.08490993,63.9157,69.8,BEKLE,false,0.0,63.9157,1.7878,363.009,46240754.88910999,483.813,0.0,69.8,"[{""usdt"": 14480122.0, ""borsa"": 3, ""fiyat"": 63850.0, ""kaynak"": ""BNB+BYB+OKX""}, {""usdt"": 11864998.0, ""borsa"": 3, ""fiyat"": 63875.0, ""kaynak"": ""BNB+BYB+OKX""}, {""usdt"": 10059570.0, ""borsa"": 1, ""fiyat"": 63775.0, ""kaynak"": ""BNB""}]","[{""usdt"": 13213230.0, ""borsa"": 3, ""fiyat"": 63900.0, ""kaynak"": ""BNB+BYB+OKX""}, {""usdt"": 9841376.0, ""borsa"": 1, ""fiyat"": 63950.0, ""kaynak"": ""BNB""}, {""usdt"": 8702300.0, ""borsa"": 1, ""fiyat"": 63975.0, ""kaynak"": ""BNB""}]",YOK,0.0535,0.082,0.4355,0.375,true,0,false,,1,0,3,0,0,3,37.9,39,IZLE,,25,63931.1,,,,,SEVIYE,50,56.1,6,,,,,,,1785256980,1,3,,18,667.0,16,,,
29974,2026-07-28 16:49:38.578387+00,63895.75,1550466.760567296,1895375.271,11840957067.3748,0.00006802599999999999,48223305.42169991,0.0,62.3,BEKLE,false,0.0,0.0,1.7878,423.232,49374669.38743,544.036,0.0,62.3,"[{""usdt"": 15996395.0, ""borsa"": 3, ""fiyat"": 63850.0, ""kaynak"": ""BNB+BYB+OKX""}, {""usdt"": 12659531.0, ""borsa"": 3, ""fiyat"": 63825.0, ""kaynak"": ""BNB+BYB+OKX""}, {""usdt"": 8130760.0, ""borsa"": 1, ""fiyat"": 63775.0, ""kaynak"": ""BNB""}]","[{""usdt"": 13774814.0, ""borsa"": 3, ""fiyat"": 63875.0, ""kaynak"": ""BNB+BYB+OKX""}, {""usdt"": 10367035.0, ""borsa"": 1, ""fiyat"": 63975.0, ""kaynak"": ""BNB""}, {""usdt"": 9334491.0, ""borsa"": 1, ""fiyat"": 63925.0, ""kaynak"": ""BNB""}]",YOK,-0.0104,-0.0118,0.4103,0.0822,true,0,false,,0,0,3,0,1,3,33.9,35,IZLE,,25,63931.1,,,,,SEVIYE,50,57.1,6,,,,,,,,,0,,18,668.0,16,,,
29975,2026-07-28 16:50:38.878347+00,63949.95,1997970.2729236963,1989254.908,11846633517.2999,0.00006802599999999999,44084995.898059964,0.0,61.3,BEKLE,false,0.0,0.0,1.7878,483.531,50749798.42954997,604.335,0.0,61.3,"[{""usdt"": 13434880.0, ""borsa"": 3, ""fiyat"": 63875.0, ""kaynak"": ""BNB+BYB+OKX""}, {""usdt"": 10940844.0, ""borsa"": 1, ""fiyat"": 63800.0, ""kaynak"": ""BNB""}, {""usdt"": 7373166.0, ""borsa"": 1, ""fiyat"": 63825.0, ""kaynak"": ""BNB""}]","[{""usdt"": 10952772.0, ""borsa"": 3, ""fiyat"": 63900.0, ""kaynak"": ""BNB+BYB+OKX""}, {""usdt"": 9573171.0, ""borsa"": 1, ""fiyat"": 63950.0, ""kaynak"": ""BNB""}, {""usdt"": 9245643.0, ""borsa"": 1, ""fiyat"": 64000.0, ""kaynak"": ""BNB""}]",YOK,0.0205,-0.0703,0.4661,0.5448,false,,false,0.7716,0,1,3,0,1,3,29.4,30.5,IZLE,,25,63931.1,,,,,SEVIYE,50,58.1,6,,,,,,,,,0,,18,669.0,16,,,
29976,2026-07-28 16:51:39.216922+00,64002.95,1476752.5264397992,1595373.7789999996,11853379725.591799,0.00006802599999999999,50672608.92976004,12882.864500000001,30.6,BEKLE,false,0.0,12882.864500000001,1.7855,0,59451221.273059964,60.267,30.6,0.0,"[{""usdt"": 16571888.0, ""borsa"": 3, ""fiyat"": 63950.0, ""kaynak"": ""BNB+BYB+OKX""}, {""usdt"": 9718045.0, ""borsa"": 1, ""fiyat"": 63850.0, ""kaynak"": ""BNB""}, {""usdt"": 7829045.0, ""borsa"": 2, ""fiyat"": 63925.0, ""kaynak"": ""BNB+OKX""}]","[{""usdt"": 14952987.0, ""borsa"": 3, ""fiyat"": 63975.0, ""kaynak"": ""BNB+BYB+OKX""}, {""usdt"": 13923085.0, ""borsa"": 2, ""fiyat"": 64000.0, ""kaynak"": ""BNB+BYB""}, {""usdt"": 12126424.0, ""borsa"": 1, ""fiyat"": 64050.0, ""kaynak"": ""BNB""}]",SPOT,0.23,-0.0797,,,false,,false,0.2705,3,0,3,0,1,3,25.8,26.9,IZLE,,25,64000,,,,,SEVIYE,55,670.0,67,,,,,,,1785257400,2,0,,18,670.0,16,,,
29977,2026-07-28 16:52:39.480546+00,64049.75,3581726.9351838976,2790793.788,11862964637.220402,0.00006802599999999999,53862441.50199004,492784.36120000004,0.0,BEKLE,,0.0,492784.36120000004,1.7855,0,53121551.960780054,60.369,0.0,0.0,"[{""usdt"": 18341253.0, ""borsa"": 1, ""fiyat"": 64000.0, ""kaynak"": ""BNB""}, {""usdt"": 14758550.0, ""borsa"": 3, ""fiyat"": 64025.0, ""kaynak"": ""BNB+BYB+OKX""}, {""usdt"": 6613787.0, ""borsa"": 1, ""fiyat"": 63975.0, ""kaynak"": ""BNB""}]","[{""usdt"": 13741099.0, ""borsa"": 1, ""fiyat"": 64100.0, ""kaynak"": ""BNB""}, {""usdt"": 11746059.0, ""borsa"": 3, ""fiyat"": 64075.0, ""kaynak"": ""BNB+BYB+OKX""}, {""usdt"": 10177988.0, ""borsa"": 3, ""fiyat"": 64050.0, ""kaynak"": ""BNB+BYB+OKX""}]",SPOT,0.1542,0.0069,0.5706,3.0207,false,,false,0.4145,1,0,3,0,1,3,22.4,23.4,IZLE,,25,64002.9,,,,,SEVIYE,55,671.0,68,,,,,,,1785257460,3,0,,20,671.0,18,,,
29978,2026-07-28 16:53:39.792177+00,64056.850000000006,4180171.918817702,2896162.437,11847897304.5113,0.00006802599999999999,58595287.19148,635823.2192,0.0,BEKLE,,0.0,635823.2192,1.7855,60.266,57894126.51568005,60.266,0.0,0.0,"[{""usdt"": 17541858.0, ""borsa"": 1, ""fiyat"": 64000.0, ""kaynak"": ""BNB""}, {""usdt"": 13066180.0, ""borsa"": 3, ""fiyat"": 64025.0, ""kaynak"": ""BNB+BYB+OKX""}, {""usdt"": 12115360.0, ""borsa"": 3, ""fiyat"": 64050.0, ""kaynak"": ""BNB+BYB+OKX""}]","[{""usdt"": 15480224.0, ""borsa"": 1, ""fiyat"": 64175.0, ""kaynak"": ""BNB""}, {""usdt"": 11706056.0, ""borsa"": 2, ""fiyat"": 64100.0, ""kaynak"": ""BNB+BYB""}, {""usdt"": 11283158.0, ""borsa"": 3, ""fiyat"": 64075.0, ""kaynak"": ""BNB+BYB+OKX""}]",YOK,0.0623,0.006,0.6175,3.2959,false,,false,0.403,1,0,3,0,0,3,18.7,19.8,IZLE,,25,64002.9,,,,,SEVIYE,55,672.0,68,,,,,,,1785257520,3,0,,20,672.0,18,,,
29979,2026-07-28 16:54:40.125762+00,64044.45,4982063.449355902,3045911.207,11839392014.425,0.00006802599999999999,58788002.252969965,680224.5454,0.0,BEKLE,,0.0,680224.5454,1.7855,120.531,51036286.13216006,120.531,0.0,0.0,"[{""usdt"": 19966678.0, ""borsa"": 1, ""fiyat"": 64000.0, ""kaynak"": ""BNB""}, {""usdt"": 16386586.0, ""borsa"": 3, ""fiyat"": 64025.0, ""kaynak"": ""BNB+BYB+OKX""}, {""usdt"": 8845680.0, ""borsa"": 1, ""fiyat"": 63950.0, ""kaynak"": ""BNB""}]","[{""usdt"": 12790834.0, ""borsa"": 1, ""fiyat"": 64100.0, ""kaynak"": ""BNB""}, {""usdt"": 11539857.0, ""borsa"": 1, ""fiyat"": 64150.0, ""kaynak"": ""BNB""}, {""usdt"": 9597779.0, ""borsa"": 3, ""fiyat"": 64050.0, ""kaynak"": ""BNB+BYB+OKX""}]",YOK,0.1125,0.0706,0.6357,2.0547,false,,false,0.443,1,0,3,0,0,3,15.1,16.2,IZLE,,25,64002.9,,,,,SEVIYE,55,673.0,68,,,,,,,1785257580,3,0,,20,673.0,18,,,
29980,2026-07-28 16:55:40.504892+00,64026.45,4337029.082014497,2215778.7270000004,11837404275.1022,0.00006802599999999999,60690562.51594001,680221.8584,15.4,BEKLE,true,0.0,680221.8584,1.7855,180.942,50204099.81342001,180.942,0.0,15.4,"[{""usdt"": 28374420.0, ""borsa"": 3, ""fiyat"": 64000.0, ""kaynak"": ""BNB+BYB+OKX""}, {""usdt"": 8913100.0, ""borsa"": 1, ""fiyat"": 63925.0, ""kaynak"": ""BNB""}, {""usdt"": 7599057.0, ""borsa"": 1, ""fiyat"": 63950.0, ""kaynak"": ""BNB""}]","[{""usdt"": 14306038.0, ""borsa"": 1, ""fiyat"": 64100.0, ""kaynak"": ""BNB""}, {""usdt"": 8746696.0, ""borsa"": 3, ""fiyat"": 64050.0, ""kaynak"": ""BNB+BYB+OKX""}, {""usdt"": 7907685.0, ""borsa"": 1, ""fiyat"": 64125.0, ""kaynak"": ""BNB""}]",YOK,0.0201,0.0946,0.858,2.0913,false,,false,0.3713,1,0,3,1,0,3,11.7,12.8,IZLE,,50,64002.9,,,,,SEVIYE+TASFIYE,55,674.0,68,,,,,,,1785257580,3,0,,20,674.0,18,,,
29981,2026-07-28 16:56:42.235869+00,64005.95,3820484.0568711967,1741516.163,11832900702.4643,0.00006802599999999999,60022004.840289965,141690.6322,15.4,BEKLE,true,0.0,141690.6322,1.7972,242.678,51502127.22958003,242.678,0.0,15.4,"[{""usdt"": 28463419.0, ""borsa"": 3, ""fiyat"": 63975.0, ""kaynak"": ""BNB+BYB+OKX""}, {""usdt"": 7767987.0, ""borsa"": 1, ""fiyat"": 63900.0, ""kaynak"": ""BNB""}, {""usdt"": 7703543.0, ""borsa"": 3, ""fiyat"": 64000.0, ""kaynak"": ""BNB+BYB+OKX""}]","[{""usdt"": 14393801.0, ""borsa"": 1, ""fiyat"": 64100.0, ""kaynak"": ""BNB""}, {""usdt"": 9575014.0, ""borsa"": 3, ""fiyat"": 64000.0, ""kaynak"": ""BNB+BYB+OKX""}, {""usdt"": 8476832.0, ""borsa"": 3, ""fiyat"": 64025.0, ""kaynak"": ""BNB+BYB+OKX""}]",YOK,-0.0015,0.0764,0.9037,0.0861,false,,false,0.3283,0,1,3,2,0,3,9.6,10.6,IZLE,,50,64002.9,,,,,SEVIYE+TASFIYE,55,675.0,68,,,,,,,1785257580,2,0,,20,675.0,18,,,
29982,2026-07-28 16:57:42.569342+00,64035.05,5064990.786906497,2401477.2010000004,11830682344.3056,0.00006802599999999999,48233864.868569985,44389.5171,24.6,BEKLE,false,0.0,44389.5171,1.7972,303.027,53015171.008959986,303.027,24.6,0.0,"[{""usdt"": 16199596.0, ""borsa"": 3, ""fiyat"": 64000.0, ""kaynak"": ""BNB+BYB+OKX""}, {""usdt"": 9701979.0, ""borsa"": 3, ""fiyat"": 64025.0, ""kaynak"": ""BNB+BYB+OKX""}, {""usdt"": 7623679.0, ""borsa"": 1, ""fiyat"": 63950.0, ""kaynak"": ""BNB""}]","[{""usdt"": 13869275.0, ""borsa"": 1, ""fiyat"": 64100.0, ""kaynak"": ""BNB""}, {""usdt"": 11781740.0, ""borsa"": 1, ""fiyat"": 64150.0, ""kaynak"": ""BNB""}, {""usdt"": 10294862.0, ""borsa"": 3, ""fiyat"": 64050.0, ""kaynak"": ""BNB+BYB+OKX""}]",YOK,0.0423,-0.0472,0.6903,0.5091,false,,false,0.4123,1,0,3,0,0,3,6.1,7.2,IZLE,,50,64002.9,,,,,SEVIYE+TASFIYE,55,676.0,68,,,,,,,1785257580,2,0,,20,676.0,18,,,
29983,2026-07-28 16:58:42.809882+00,64008.649999999994,4560772.221345695,2642120.211,11833269551.444,0.00006802599999999999,48253298.98371999,0.0,20.0,BEKLE,false,0.0,0.0,1.7972,363.315,41589211.90589999,363.315,20.0,0.0,"[{""usdt"": 13907354.0, ""borsa"": 3, ""fiyat"": 64000.0, ""kaynak"": ""BNB+BYB+OKX""}, {""usdt"": 12868574.0, ""borsa"": 3, ""fiyat"": 63975.0, ""kaynak"": ""BNB+BYB+OKX""}, {""usdt"": 6870561.0, ""borsa"": 1, ""fiyat"": 63925.0, ""kaynak"": ""BNB""}]","[{""usdt"": 12325631.0, ""borsa"": 1, ""fiyat"": 64100.0, ""kaynak"": ""BNB""}, {""usdt"": 11043479.0, ""borsa"": 3, ""fiyat"": 64025.0, ""kaynak"": ""BNB+BYB+OKX""}, {""usdt"": 6634333.0, ""borsa"": 1, ""fiyat"": 64075.0, ""kaynak"": ""BNB""}]",YOK,0.0143,0.0742,0.4671,4.4013,false,,false,0.3623,1,0,3,1,0,3,2.4,3.5,IZLE,,25,64002.9,,,,,SEVIYE,55,677.0,68,,,,,,,,,0,,20,677.0,18,,,
29984,2026-07-28 16:59:43.104407+00,64017.850000000006,4488286.933227292,2637507.563,11833022091.0112,0.00006802599999999999,48253298.98371999,0.0,37.3,BEKLE,false,0.0,0.0,1.7972,423.599,41589211.90589999,423.599,37.3,0.0,"[{""usdt"": 13907354.0, ""borsa"": 3, ""fiyat"": 64000.0, ""kaynak"": ""BNB+BYB+OKX""}, {""usdt"": 12868574.0, ""borsa"": 3, ""fiyat"": 63975.0, ""kaynak"": ""BNB+BYB+OKX""}, {""usdt"": 6870561.0, ""borsa"": 1, ""fiyat"": 63925.0, ""kaynak"": ""BNB""}]","[{""usdt"": 12325631.0, ""borsa"": 1, ""fiyat"": 64100.0, ""kaynak"": ""BNB""}, {""usdt"": 11043479.0, ""borsa"": 3, ""fiyat"": 64025.0, ""kaynak"": ""BNB+BYB+OKX""}, {""usdt"": 6634333.0, ""borsa"": 1, ""fiyat"": 64075.0, ""kaynak"": ""BNB""}]",YOK,0.0143,0.0742,0.4143,1.6609,false,,false,0.3795,1,0,3,1,0,3,62.7,63.8,IZLE,,25,64002.9,,,,,SEVIYE,55,678.1,68,,,,,,,,,0,,20,678.1,18,,,
29985,2026-07-28 17:00:43.398755+00,64002.850000000006,3460667.24805449,1761421.3309999998,11830839689.071,0.00006802599999999999,58010511.95305999,0.0,44.4,BEKLE,false,0.0,0.0,1.7972,483.876,50132835.61944989,483.876,44.4,0.0,"[{""usdt"": 24348748.0, ""borsa"": 3, ""fiyat"": 64000.0, ""kaynak"": ""BNB+BYB+OKX""}, {""usdt"": 9015735.0, ""borsa"": 2, ""fiyat"": 63975.0, ""kaynak"": ""BNB+OKX""}, {""usdt"": 8555519.0, ""borsa"": 1, ""fiyat"": 63950.0, ""kaynak"": ""BNB""}]","[{""usdt"": 15427656.0, ""borsa"": 1, ""fiyat"": 64100.0, ""kaynak"": ""BNB""}, {""usdt"": 9373398.0, ""borsa"": 2, ""fiyat"": 64050.0, ""kaynak"": ""BNB+BYB""}, {""usdt"": 8392212.0, ""borsa"": 3, ""fiyat"": 64025.0, ""kaynak"": ""BNB+BYB+OKX""}]",YOK,0.0476,0.0728,0.5302,1.0628,true,0.0769,false,0.2071,1,1,3,2,0,3,59.1,60.2,IZLE,,25,64002.9,,,,,SEVIYE,55,679.1,68,,,,,,,,,0,,20,679.1,18,,,
29986,2026-07-28 17:01:44.56823+00,63989.75,3353643.6617334904,1439108.793,11826675134.9632,0.00006802599999999999,53162970.725149944,0.0,34.7,BEKLE,,0.0,0.0,1.7972,0,48519313.06540001,545.054,34.7,0.0,"[{""usdt"": 20854178.0, ""borsa"": 3, ""fiyat"": 63975.0, ""kaynak"": ""BNB+BYB+OKX""}, {""usdt"": 9535068.0, ""borsa"": 1, ""fiyat"": 63925.0, ""kaynak"": ""BNB""}, {""usdt"": 8515178.0, ""borsa"": 3, ""fiyat"": 63950.0, ""kaynak"": ""BNB+BYB+OKX""}]","[{""usdt"": 13171882.0, ""borsa"": 1, ""fiyat"": 64100.0, ""kaynak"": ""BNB""}, {""usdt"": 12716662.0, ""borsa"": 3, ""fiyat"": 64000.0, ""kaynak"": ""BNB+BYB+OKX""}, {""usdt"": 8131968.0, ""borsa"": 1, ""fiyat"": 64075.0, ""kaynak"": ""BNB""}]",YOK,-0.0681,0.0457,0.4746,1.2263,true,0.3304,false,0.2342,0,1,3,1,0,3,55.3,56.4,IZLE,,25,64002.9,,,,,SEVIYE,55,680.1,68,,,,,,,,,0,,20,680.1,18,,,
29987,2026-07-28 17:02:44.836946+00,63972.75,2843306.45501539,1095133.5999999999,11818561282.948,0.00006802599999999999,45680297.40924999,0.0,37.6,BEKLE,false,0.0,0.0,1.7972,60.287,51199529.29757,605.341,37.6,0.0,"[{""usdt"": 12901502.0, ""borsa"": 3, ""fiyat"": 63950.0, ""kaynak"": ""BNB+BYB+OKX""}, {""usdt"": 10564857.0, ""borsa"": 3, ""fiyat"": 63975.0, ""kaynak"": ""BNB+BYB+OKX""}, {""usdt"": 7800943.0, ""borsa"": 1, ""fiyat"": 63900.0, ""kaynak"": ""BNB""}]","[{""usdt"": 12640510.0, ""borsa"": 1, ""fiyat"": 64100.0, ""kaynak"": ""BNB""}, {""usdt"": 10721765.0, ""borsa"": 3, ""fiyat"": 64000.0, ""kaynak"": ""BNB+BYB+OKX""}, {""usdt"": 7739968.0, ""borsa"": 1, ""fiyat"": 64075.0, ""kaynak"": ""BNB""}]",YOK,-0.0529,-0.057,0.4979,1.0189,false,0.5543,false,0.1541,0,1,3,1,0,3,51.4,52.5,IZLE,,25,64000,,,,,SEVIYE,55,681.1,69,,,,,,,,,0,,21,681.1,19,,,
29988,2026-07-28 17:03:45.144871+00,63967.95,2931409.8743870924,946938.2839999999,11820049503.427599,0.00006802599999999999,47831023.692200005,0.0,56.7,BEKLE,false,0.0,0.0,1.7917,120.583,54221853.42537996,665.637,56.7,0.0,"[{""usdt"": 15782691.0, ""borsa"": 3, ""fiyat"": 63950.0, ""kaynak"": ""BNB+BYB+OKX""}, {""usdt"": 8208823.0, ""borsa"": 1, ""fiyat"": 63875.0, ""kaynak"": ""BNB""}, {""usdt"": 7143651.0, ""borsa"": 1, ""fiyat"": 63900.0, ""kaynak"": ""BNB""}]","[{""usdt"": 10386027.0, ""borsa"": 1, ""fiyat"": 64075.0, ""kaynak"": ""BNB""}, {""usdt"": 9825365.0, ""borsa"": 3, ""fiyat"": 64000.0, ""kaynak"": ""BNB+BYB+OKX""}, {""usdt"": 9604515.0, ""borsa"": 1, ""fiyat"": 64100.0, ""kaynak"": ""BNB""}]",YOK,-0.1197,-0.0626,0.3591,0.6549,false,0.5994,false,0.1669,0,1,3,0,0,3,47.8,48.9,IZLE,,25,64000,,,,,SEVIYE,55,682.1,69,,,,,,,,,0,,21,682.1,19,,,
29989,2026-07-28 17:04:45.370454+00,63960.55,2571642.3446269925,2476039.8390000006,11814946751.7751,0.00006802599999999999,47817516.89767,0.0,18.9,BEKLE,false,0.0,0.0,1.7917,60.237,50009653.290219985,120.533,18.9,0.0,"[{""usdt"": 15011321.0, ""borsa"": 3, ""fiyat"": 63925.0, ""kaynak"": ""BNB+BYB+OKX""}, {""usdt"": 9787064.0, ""borsa"": 1, ""fiyat"": 63850.0, ""kaynak"": ""BNB""}, {""usdt"": 8013285.0, ""borsa"": 1, ""fiyat"": 63875.0, ""kaynak"": ""BNB""}]","[{""usdt"": 10154078.0, ""borsa"": 3, ""fiyat"": 63975.0, ""kaynak"": ""BNB+BYB+OKX""}, {""usdt"": 8864054.0, ""borsa"": 1, ""fiyat"": 64025.0, ""kaynak"": ""BNB""}, {""usdt"": 8546164.0, ""borsa"": 1, ""fiyat"": 64075.0, ""kaynak"": ""BNB""}]",YOK,-0.0341,-0.0224,0.8737,1.9068,true,0,true,0.192,0,1,3,0,1,3,44.1,45.3,IZLE,,25,63931.1,,,,,SEVIYE,50,72.2,8,,,,,,,,,0,,21,683.1,19,,,
29990,2026-07-28 17:05:45.632146+00,63955.25,-663243.2006790044,-127028.65099999998,11818448003.243801,0.00006802599999999999,55328245.142250024,0.0,68.6,BEKLE,false,0.0,0.0,1.7917,120.485,46123771.885729976,180.781,68.6,0.0,"[{""usdt"": 25421772.0, ""borsa"": 3, ""fiyat"": 63925.0, ""kaynak"": ""BNB+BYB+OKX""}, {""usdt"": 10873192.0, ""borsa"": 1, ""fiyat"": 63850.0, ""kaynak"": ""BNB""}, {""usdt"": 7075319.0, ""borsa"": 1, ""fiyat"": 63875.0, ""kaynak"": ""BNB""}]","[{""usdt"": 9099798.0, ""borsa"": 3, ""fiyat"": 63950.0, ""kaynak"": ""BNB+BYB+OKX""}, {""usdt"": 8854284.0, ""borsa"": 3, ""fiyat"": 63975.0, ""kaynak"": ""BNB+BYB+OKX""}, {""usdt"": 8184428.0, ""borsa"": 1, ""fiyat"": 64025.0, ""kaynak"": ""BNB""}]",YOK,-0.0739,0.0907,0.5601,0.472,false,0.7062,false,,0,1,3,2,0,3,40.4,41.5,IZLE,,25,63931.1,,,,,SEVIYE,50,73.2,8,,,,,,,,,0,,21,684.1,19,,,
29991,2026-07-28 17:06:45.925234+00,63930.95,-879785.9111058038,-475928.09799999994,11814581760.4515,0.00006802599999999999,53388479.51553001,0.0,67.3,BEKLE,false,0.0,0.0,1.7878,180.793,46485993.963609986,241.089,67.3,0.0,"[{""usdt"": 20317033.0, ""borsa"": 3, ""fiyat"": 63925.0, ""kaynak"": ""BNB+BYB+OKX""}, {""usdt"": 9754869.0, ""borsa"": 1, ""fiyat"": 63850.0, ""kaynak"": ""BNB""}, {""usdt"": 8997055.0, ""borsa"": 3, ""fiyat"": 63900.0, ""kaynak"": ""BNB+BYB+OKX""}]","[{""usdt"": 12586485.0, ""borsa"": 3, ""fiyat"": 63950.0, ""kaynak"": ""BNB+BYB+OKX""}, {""usdt"": 8920288.0, ""borsa"": 1, ""fiyat"": 64000.0, ""kaynak"": ""BNB""}, {""usdt"": 8149705.0, ""borsa"": 1, ""fiyat"": 64025.0, ""kaynak"": ""BNB""}]",YOK,-0.0772,0.0691,0.5631,0.5712,false,1.6997,false,,0,1,3,0,0,3,36.8,37.9,IZLE,,25,63931.1,,,,,SEVIYE,50,74.2,8,,,,,,,,,0,,21,685.1,19,,,
29992,2026-07-28 17:07:46.343217+00,63915.05,-720496.064505104,-438928.66900000005,11808975987.0111,0.00006802599999999999,46234687.19898002,0.0,40.7,BEKLE,false,0.0,0.0,1.7878,0,51410170.89111996,301.37,40.7,0.0,"[{""usdt"": 16029354.0, ""borsa"": 3, ""fiyat"": 63900.0, ""kaynak"": ""BNB+BYB+OKX""}, {""usdt"": 9778552.0, ""borsa"": 1, ""fiyat"": 63850.0, ""kaynak"": ""BNB""}, {""usdt"": 8315526.0, ""borsa"": 1, ""fiyat"": 63825.0, ""kaynak"": ""BNB""}]","[{""usdt"": 9379604.0, ""borsa"": 3, ""fiyat"": 63925.0, ""kaynak"": ""BNB+BYB+OKX""}, {""usdt"": 9102664.0, ""borsa"": 1, ""fiyat"": 63975.0, ""kaynak"": ""BNB""}, {""usdt"": 8937279.0, ""borsa"": 1, ""fiyat"": 64025.0, ""kaynak"": ""BNB""}]",YOK,-0.0565,-0.053,0.5753,0.6804,false,1.9228,false,,0,1,3,0,1,3,33.2,34.3,IZLE,,25,63931.1,,,,,SEVIYE,50,75.2,8,,,,,,,,,0,,21,686.1,19,,,
29993,2026-07-28 17:08:46.571606+00,63873.45,-1101630.075768903,-799082.4330000001,11801607155.700901,0.00006802599999999999,52615480.73904999,894.4695,43.6,BEKLE,false,894.4695,0.0,1.7878,60.362,48868407.40296,361.732,43.6,0.0,"[{""usdt"": 17662663.0, ""borsa"": 3, ""fiyat"": 63850.0, ""kaynak"": ""BNB+BYB+OKX""}, {""usdt"": 11187756.0, ""borsa"": 1, ""fiyat"": 63800.0, ""kaynak"": ""BNB""}, {""usdt"": 8612835.0, ""borsa"": 3, ""fiyat"": 63875.0, ""kaynak"": ""BNB+BYB+OKX""}]","[{""usdt"": 13030354.0, ""borsa"": 3, ""fiyat"": 63900.0, ""kaynak"": ""BNB+BYB+OKX""}, {""usdt"": 9017353.0, ""borsa"": 1, ""fiyat"": 64000.0, ""kaynak"": ""BNB""}, {""usdt"": 8596655.0, ""borsa"": 1, ""fiyat"": 63975.0, ""kaynak"": ""BNB""}]",YOK,-0.1057,0.0369,0.5739,0.9823,false,2.5539,false,,1,1,3,1,0,3,29.7,30.8,IZLE,,25,63931.1,,,,,SEVIYE,50,76.2,8,,,,,,,1785258480,1,0,,21,687.1,19,,,
29994,2026-07-28 17:09:46.835819+00,63842.149999999994,-1143443.040713701,-1192092.129,11797863370.3152,0.00006802599999999999,42994425.39568999,6449.182200000001,30.5,BEKLE,false,6449.182200000001,0.0,1.7878,60.263,50076917.397439994,241.214,30.5,0.0,"[{""usdt"": 13768604.0, ""borsa"": 3, ""fiyat"": 63825.0, ""kaynak"": ""BNB+BYB+OKX""}, {""usdt"": 9645691.0, ""borsa"": 1, ""fiyat"": 63750.0, ""kaynak"": ""BNB""}, {""usdt"": 8860214.0, ""borsa"": 1, ""fiyat"": 63775.0, ""kaynak"": ""BNB""}]","[{""usdt"": 10507244.0, ""borsa"": 3, ""fiyat"": 63875.0, ""kaynak"": ""BNB+BYB+OKX""}, {""usdt"": 9396310.0, ""borsa"": 1, ""fiyat"": 63950.0, ""kaynak"": ""BNB""}, {""usdt"": 9353501.0, ""borsa"": 1, ""fiyat"": 63900.0, ""kaynak"": ""BNB""}]",YOK,-0.1266,-0.0761,0.3713,0.8645,false,2.2583,false,,0,1,3,0,1,3,26,27.1,YOK,,0,63931.1,,,,,SEVIYE,50,77.2,8,,,,,,,1785258540,1,0,,21,688.1,19,,,
29995,2026-07-28 17:10:47.130581+00,63787.149999999994,-1767470.1594064955,-1702232.2410000002,11792196622.9693,0.00006802599999999999,48342666.04321,13275.8819,0.0,BEKLE,,13275.8819,0.0,1.7878,120.569,47146217.76104004,60.306,0.0,0.0,"[{""usdt"": 16429453.0, ""borsa"": 3, ""fiyat"": 63775.0, ""kaynak"": ""BNB+BYB+OKX""}, {""usdt"": 9199057.0, ""borsa"": 1, ""fiyat"": 63700.0, ""kaynak"": ""BNB""}, {""usdt"": 8769255.0, ""borsa"": 1, ""fiyat"": 63725.0, ""kaynak"": ""BNB""}]","[{""usdt"": 10540684.0, ""borsa"": 1, ""fiyat"": 63900.0, ""kaynak"": ""BNB""}, {""usdt"": 9749725.0, ""borsa"": 3, ""fiyat"": 63800.0, ""kaynak"": ""BNB+BYB+OKX""}, {""usdt"": 8964124.0, ""borsa"": 3, ""fiyat"": 63825.0, ""kaynak"": ""BNB+BYB+OKX""}]",YOK,-0.2023,0.0125,0.2901,3.2272,false,2.3194,false,,0,2,3,0,0,3,22.4,23.5,YOK,,0,63678.4,,,,,SEVIYE,50,689.1,69,,,,,,,1785258600,1,0,,21,689.1,19,,,
29996,2026-07-28 17:11:47.416417+00,63769.45,-1646741.1020333958,-2257614.152,11790822194.987,0.00006802599999999999,45146539.68835004,19465.0095,0.0,BEKLE,,19465.0095,0.0,1.7816,180.808,49782170.14170002,120.545,0.0,0.0,"[{""usdt"": 15144978.0, ""borsa"": 3, ""fiyat"": 63775.0, ""kaynak"": ""BNB+BYB+OKX""}, {""usdt"": 11251058.0, ""borsa"": 1, ""fiyat"": 63700.0, ""kaynak"": ""BNB""}, {""usdt"": 7931265.0, ""borsa"": 1, ""fiyat"": 63725.0, ""kaynak"": ""BNB""}]","[{""usdt"": 12368224.0, ""borsa"": 1, ""fiyat"": 63900.0, ""kaynak"": ""BNB""}, {""usdt"": 11884780.0, ""borsa"": 3, ""fiyat"": 63800.0, ""kaynak"": ""BNB+BYB+OKX""}, {""usdt"": 10121197.0, ""borsa"": 1, ""fiyat"": 63875.0, ""kaynak"": ""BNB""}]",YOK,-0.2264,-0.0488,0.2006,3.088,false,3.1994,false,,0,2,3,0,0,3,18.8,19.9,YOK,,0,63678.4,,,,,SEVIYE+TASFIYE,50,690.1,69,,,,,,,1785258600,1,0,,21,690.1,19,,,
29997,2026-07-28 17:12:48.869974+00,63807.45,-1927258.451321297,-1983803.414,11791360430.9863,0.00006802599999999999,46090354.78880001,19528.396300000004,34.8,BEKLE,false,19528.396300000004,0.0,1.7816,121.729,50233185.98938003,182.035,34.8,0.0,"[{""usdt"": 12764633.0, ""borsa"": 3, ""fiyat"": 63775.0, ""kaynak"": ""BNB+BYB+OKX""}, {""usdt"": 9692353.0, ""borsa"": 1, ""fiyat"": 63725.0, ""kaynak"": ""BNB""}, {""usdt"": 9380731.0, ""borsa"": 1, ""fiyat"": 63700.0, ""kaynak"": ""BNB""}]","[{""usdt"": 11676805.0, ""borsa"": 1, ""fiyat"": 63900.0, ""kaynak"": ""BNB""}, {""usdt"": 9744136.0, ""borsa"": 3, ""fiyat"": 63825.0, ""kaynak"": ""BNB+BYB+OKX""}, {""usdt"": 9725652.0, ""borsa"": 1, ""fiyat"": 63875.0, ""kaynak"": ""BNB""}]",YOK,-0.1914,-0.043,0.3181,2.1122,false,3.1577,false,,0,2,3,0,1,3,16.4,17.5,IZLE,,50,63832.2,,,,,SEVIYE+TASFIYE,65,0.1,1,,,,,,,1785258660,1,0,,21,691.1,20,,,
29998,2026-07-28 17:13:49.142509+00,63780.25,-1178244.5239110969,-1486018.7,11791564733.983,0.00006802599999999999,51135231.513330005,13526.374099999999,31.8,BEKLE,false,13526.374099999999,0.0,1.7816,181.98,46566427.36264001,242.286,31.8,0.0,"[{""usdt"": 18177016.0, ""borsa"": 3, ""fiyat"": 63775.0, ""kaynak"": ""BNB+BYB+OKX""}, {""usdt"": 11233088.0, ""borsa"": 1, ""fiyat"": 63725.0, ""kaynak"": ""BNB""}, {""usdt"": 8595154.0, ""borsa"": 1, ""fiyat"": 63750.0, ""kaynak"": ""BNB""}]","[{""usdt"": 9436229.0, ""borsa"": 1, ""fiyat"": 63900.0, ""kaynak"": ""BNB""}, {""usdt"": 9413850.0, ""borsa"": 3, ""fiyat"": 63825.0, ""kaynak"": ""BNB+BYB+OKX""}, {""usdt"": 8997638.0, ""borsa"": 3, ""fiyat"": 63800.0, ""kaynak"": ""BNB+BYB+OKX""}]",YOK,-0.216,0.0468,0.0624,5.6607,false,3.1213,false,,0,2,3,1,0,3,12.8,13.9,IZLE,,25,63832.2,,,,,SEVIYE,65,1.2,1,,,,,,,1785258660,1,0,,21,692.2,20,,,
29999,2026-07-28 17:14:49.70743+00,63780.05,-1360818.8491794,-1771259.729,11781524479.047401,0.00006802599999999999,51331895.68700998,12951.861799999999,31.8,BEKLE,,12951.861799999999,0.0,1.7816,120.524,48603089.097540006,302.559,31.8,0.0,"[{""usdt"": 20186932.0, ""borsa"": 3, ""fiyat"": 63750.0, ""kaynak"": ""BNB+BYB+OKX""}, {""usdt"": 9803310.0, ""borsa"": 1, ""fiyat"": 63700.0, ""kaynak"": ""BNB""}, {""usdt"": 9433884.0, ""borsa"": 1, ""fiyat"": 63725.0, ""kaynak"": ""BNB""}]","[{""usdt"": 9553537.0, ""borsa"": 1, ""fiyat"": 63875.0, ""kaynak"": ""BNB""}, {""usdt"": 8817070.0, ""borsa"": 3, ""fiyat"": 63775.0, ""kaynak"": ""BNB+BYB+OKX""}, {""usdt"": 8527089.0, ""borsa"": 3, ""fiyat"": 63800.0, ""kaynak"": ""BNB+BYB+OKX""}]",YOK,-0.2037,0.0273,0.1831,3.8998,false,,false,,0,2,3,1,0,3,8.9,9.9,IZLE,,25,63832.2,,,,,SEVIYE,65,2.2,1,,,,,,,1785258660,1,0,,21,693.2,20,,,
30000,2026-07-28 17:15:50.133938+00,63801.25,-366102.5614210009,-845747.125,11785381219.7716,0.00006802599999999999,47592294.387830004,255.1444,43.5,BEKLE,true,255.1444,0.0,1.7816,181.133,51179244.22103005,363.168,0.0,43.5,"[{""usdt"": 13815037.0, ""borsa"": 3, ""fiyat"": 63775.0, ""kaynak"": ""BNB+BYB+OKX""}, {""usdt"": 9603458.0, ""borsa"": 1, ""fiyat"": 63725.0, ""kaynak"": ""BNB""}, {""usdt"": 8651544.0, ""borsa"": 1, ""fiyat"": 63700.0, ""kaynak"": ""BNB""}]","[{""usdt"": 12333422.0, ""borsa"": 1, ""fiyat"": 63875.0, ""kaynak"": ""BNB""}, {""usdt"": 10591382.0, ""borsa"": 3, ""fiyat"": 63825.0, ""kaynak"": ""BNB+BYB+OKX""}, {""usdt"": 9667262.0, ""borsa"": 3, ""fiyat"": 63800.0, ""kaynak"": ""BNB+BYB+OKX""}]",YOK,-0.1631,-0.0363,0.4942,0.3711,false,,false,,0,2,3,1,1,3,5.2,6.3,IZLE,,25,63832.2,,,,,SEVIYE,65,3.2,1,,,,,,,1785258660,1,0,,21,694.2,20,,,
30001,2026-07-28 17:16:50.834206+00,63773.75,-602793.276282302,-1132673.646,11775164686.9436,0.00006802599999999999,44494009.09332003,510.1168,46.7,BEKLE,true,510.1168,0.0,1.7816,0,48370015.69880004,423.841,0.0,46.7,"[{""usdt"": 14022351.0, ""borsa"": 3, ""fiyat"": 63750.0, ""kaynak"": ""BNB+BYB+OKX""}, {""usdt"": 11875030.0, ""borsa"": 3, ""fiyat"": 63725.0, ""kaynak"": ""BNB+BYB+OKX""}, {""usdt"": 8926956.0, ""borsa"": 1, ""fiyat"": 63700.0, ""kaynak"": ""BNB""}]","[{""usdt"": 9697088.0, ""borsa"": 3, ""fiyat"": 63775.0, ""kaynak"": ""BNB+BYB+OKX""}, {""usdt"": 9514252.0, ""borsa"": 1, ""fiyat"": 63850.0, ""kaynak"": ""BNB""}, {""usdt"": 8784459.0, ""borsa"": 1, ""fiyat"": 63875.0, ""kaynak"": ""BNB""}]",YOK,-0.1805,-0.0417,0.3566,0.1096,false,,true,0,0,2,3,0,0,3,2,3.1,HAZIRLAN,SHORT,50,63832.2,63710.9,63173.4,63839.1,9.18,SEVIYE+EMILIM,65,4.2,1,,,,,,,1785258960,1,0,0.96,21,695.2,20,,,
30002,2026-07-28 17:17:51.206417+00,63740.350000000006,-750589.7768001029,-547502.308,11768797221.5,0.00006802599999999999,44494009.09332003,1912.4456,57.9,BEKLE,true,1912.4456,0.0,1.7816,60.427,48370015.69880004,484.268,0.0,57.9,"[{""usdt"": 14022351.0, ""borsa"": 3, ""fiyat"": 63750.0, ""kaynak"": ""BNB+BYB+OKX""}, {""usdt"": 11875030.0, ""borsa"": 3, ""fiyat"": 63725.0, ""kaynak"": ""BNB+BYB+OKX""}, {""usdt"": 8926956.0, ""borsa"": 1, ""fiyat"": 63700.0, ""kaynak"": ""BNB""}]","[{""usdt"": 9697088.0, ""borsa"": 3, ""fiyat"": 63775.0, ""kaynak"": ""BNB+BYB+OKX""}, {""usdt"": 9514252.0, ""borsa"": 1, ""fiyat"": 63850.0, ""kaynak"": ""BNB""}, {""usdt"": 8784459.0, ""borsa"": 1, ""fiyat"": 63875.0, ""kaynak"": ""BNB""}]",YOK,-0.1805,-0.0417,0.3285,1.3975,false,,true,0,0,2,3,0,0,3,62.5,63.5,IZLE,,25,63710.9,,,,,SEVIYE,70,696.2,70,,,,,,,1785259020,1,0,,21,696.2,20,,,
30003,2026-07-28 17:18:51.678465+00,63709.95,-1659546.2839143036,-1222776.7479999997,11758227076.41,0.00006802599999999999,48082296.33522998,67479.66880000001,28.5,BEKLE,true,67479.66880000001,0.0,1.7724,0,49258573.54187996,121.006,0.0,28.5,"[{""usdt"": 16176936.0, ""borsa"": 3, ""fiyat"": 63700.0, ""kaynak"": ""BNB+BYB+OKX""}, {""usdt"": 8570870.0, ""borsa"": 3, ""fiyat"": 63725.0, ""kaynak"": ""BNB+BYB+OKX""}, {""usdt"": 7895017.0, ""borsa"": 1, ""fiyat"": 63675.0, ""kaynak"": ""BNB""}]","[{""usdt"": 11948392.0, ""borsa"": 3, ""fiyat"": 63750.0, ""kaynak"": ""BNB+BYB+OKX""}, {""usdt"": 9569482.0, ""borsa"": 1, ""fiyat"": 63825.0, ""kaynak"": ""BNB""}, {""usdt"": 8805461.0, ""borsa"": 1, ""fiyat"": 63850.0, ""kaynak"": ""BNB""}]",YOK,-0.1934,-0.0121,0.5219,5.6896,false,,true,0,0,2,3,0,1,3,59.1,60.3,IZLE,,50,63710.9,,,,,SEVIYE+TASFIYE,70,697.2,70,,,,,,,1785259080,2,0,,21,697.2,20,,,
30004,2026-07-28 17:19:51.973741+00,63706.45,-1471401.4672678001,-1398010.1289999997,11758934716.8874,0.00006802599999999999,47907166.44281,68435.34610000001,22.9,BEKLE,true,68435.34610000001,0.0,1.7724,60.263,44729325.00787003,60.263,0.0,22.9,"[{""usdt"": 13423099.0, ""borsa"": 3, ""fiyat"": 63675.0, ""kaynak"": ""BNB+BYB+OKX""}, {""usdt"": 12567563.0, ""borsa"": 3, ""fiyat"": 63700.0, ""kaynak"": ""BNB+BYB+OKX""}, {""usdt"": 8338435.0, ""borsa"": 1, ""fiyat"": 63650.0, ""kaynak"": ""BNB""}]","[{""usdt"": 12102945.0, ""borsa"": 3, ""fiyat"": 63725.0, ""kaynak"": ""BNB+BYB+OKX""}, {""usdt"": 9491414.0, ""borsa"": 1, ""fiyat"": 63825.0, ""kaynak"": ""BNB""}, {""usdt"": 8117376.0, ""borsa"": 1, ""fiyat"": 63775.0, ""kaynak"": ""BNB""}]",YOK,-0.2033,0.0343,0.1503,7.4669,false,,true,0,0,2,3,0,0,3,55.4,56.4,IZLE,,50,63710.9,,,,,SEVIYE+TASFIYE,70,698.2,70,,,,,,,1785259140,2,0,,21,698.2,20,,,
30005,2026-07-28 17:20:52.299913+00,63752.149999999994,236735.0121740984,287532.133,11761360078.5956,0.00006802599999999999,42991707.54402002,177000.7341,45.5,BEKLE,true,177000.7341,0.0,1.7724,120.588,50644560.56182003,120.588,0.0,45.5,"[{""usdt"": 15185197.0, ""borsa"": 3, ""fiyat"": 63675.0, ""kaynak"": ""BNB+BYB+OKX""}, {""usdt"": 8392941.0, ""borsa"": 1, ""fiyat"": 63625.0, ""kaynak"": ""BNB""}, {""usdt"": 7943679.0, ""borsa"": 1, ""fiyat"": 63650.0, ""kaynak"": ""BNB""}]","[{""usdt"": 12459494.0, ""borsa"": 3, ""fiyat"": 63700.0, ""kaynak"": ""BNB+BYB+OKX""}, {""usdt"": 9135686.0, ""borsa"": 1, ""fiyat"": 63750.0, ""kaynak"": ""BNB""}, {""usdt"": 8319641.0, ""borsa"": 3, ""fiyat"": 63725.0, ""kaynak"": ""BNB+BYB+OKX""}]",YOK,-0.242,-0.0817,0.2411,1.4649,false,,true,0.2788,0,2,3,0,1,3,51.9,52.9,IZLE,,50,63710.9,,,,,SEVIYE+TASFIYE,70,699.2,70,,,,,,,1785259200,2,0,,21,699.2,20,,,
30006,2026-07-28 17:21:52.738502+00,63771.45,547182.9244074966,355837.1809999999,11759927097.3714,0.00006802599999999999,46101028.259559974,176559.71910000002,37.8,BEKLE,true,176559.71910000002,0.0,1.7663,0,45935137.95161003,0,0.0,37.8,"[{""usdt"": 14266468.0, ""borsa"": 3, ""fiyat"": 63775.0, ""kaynak"": ""BNB+BYB+OKX""}, {""usdt"": 7625914.0, ""borsa"": 1, ""fiyat"": 63700.0, ""kaynak"": ""BNB""}, {""usdt"": 6656745.0, ""borsa"": 1, ""fiyat"": 63725.0, ""kaynak"": ""BNB""}]","[{""usdt"": 9775112.0, ""borsa"": 1, ""fiyat"": 63850.0, ""kaynak"": ""BNB""}, {""usdt"": 8824482.0, ""borsa"": 1, ""fiyat"": 63900.0, ""kaynak"": ""BNB""}, {""usdt"": 8422652.0, ""borsa"": 3, ""fiyat"": 63825.0, ""kaynak"": ""BNB+BYB+OKX""}]",YOK,-0.0543,0.0018,0.3157,0.0471,false,,true,0.3414,0,0,3,1,0,3,48.4,49.5,IZLE,,50,63710.9,,,,,SEVIYE+TASFIYE,70,700.2,70,,,,,,,1785259200,2,0,,21,700.2,20,,,
30007,2026-07-28 17:22:53.780259+00,63792.149999999994,508976.0082389976,475609.0949999999,11764777895.977901,0.00006802599999999999,47362701.88236003,110928.179,32.1,BEKLE,true,110864.39910000001,63.779900000000005,1.7663,61.141,48830259.823489964,61.141,0.0,32.1,"[{""usdt"": 15434311.0, ""borsa"": 3, ""fiyat"": 63750.0, ""kaynak"": ""BNB+BYB+OKX""}, {""usdt"": 10062813.0, ""borsa"": 1, ""fiyat"": 63700.0, ""kaynak"": ""BNB""}, {""usdt"": 9175016.0, ""borsa"": 1, ""fiyat"": 63675.0, ""kaynak"": ""BNB""}]","[{""usdt"": 13745489.0, ""borsa"": 3, ""fiyat"": 63800.0, ""kaynak"": ""BNB+BYB+OKX""}, {""usdt"": 11833528.0, ""borsa"": 3, ""fiyat"": 63775.0, ""kaynak"": ""BNB+BYB+OKX""}, {""usdt"": 8592854.0, ""borsa"": 1, ""fiyat"": 63850.0, ""kaynak"": ""BNB""}]",YOK,-0.0539,-0.0153,0.4215,1.2875,false,,true,0.322,0,0,3,0,0,3,45.7,46.8,IZLE,,25,63828.9,,,,,SEVIYE,65,10.2,2,,,,,,,1785259320,2,0,,21,701.2,19,,,
30008,2026-07-28 17:23:54.19173+00,63758.45,508976.0082389976,475609.0949999999,11764777895.977901,0.00006802599999999999,45903446.39006998,110928.179,50.9,BEKLE,,110864.39910000001,63.779900000000005,1.7663,60.289,51871741.03147993,121.43,0.0,50.9,"[{""usdt"": 13058971.0, ""borsa"": 1, ""fiyat"": 63700.0, ""kaynak"": ""BNB""}, {""usdt"": 10123894.0, ""borsa"": 3, ""fiyat"": 63800.0, ""kaynak"": ""BNB+BYB+OKX""}, {""usdt"": 8332150.0, ""borsa"": 2, ""fiyat"": 63775.0, ""kaynak"": ""BNB+OKX""}]","[{""usdt"": 14173349.0, ""borsa"": 3, ""fiyat"": 63825.0, ""kaynak"": ""BNB+BYB+OKX""}, {""usdt"": 12169912.0, ""borsa"": 1, ""fiyat"": 63900.0, ""kaynak"": ""BNB""}, {""usdt"": 9397721.0, ""borsa"": 2, ""fiyat"": 63850.0, ""kaynak"": ""BNB+BYB""}]",YOK,-0.0671,-0.061,0.4304,0.7153,false,,true,0.3885,0,0,3,0,1,3,42.1,43.2,IZLE,,25,63707.6,,,,,SEVIYE,65,702.2,71,,,,,,,1785259320,2,0,,21,702.2,19,,,
30009,2026-07-28 17:24:54.534543+00,63725.850000000006,-13036.985158605035,514265.8339999999,11760822433.16,0.00006802599999999999,57716619.43071995,109653.9036,50.6,BEKLE,true,109590.1033,63.80030000000001,1.7663,120.703,46515182.46047999,181.844,0.0,50.6,"[{""usdt"": 20781582.0, ""borsa"": 3, ""fiyat"": 63725.0, ""kaynak"": ""BNB+BYB+OKX""}, {""usdt"": 12162667.0, ""borsa"": 1, ""fiyat"": 63700.0, ""kaynak"": ""BNB""}, {""usdt"": 8204866.0, ""borsa"": 1, ""fiyat"": 63650.0, ""kaynak"": ""BNB""}]","[{""usdt"": 10633438.0, ""borsa"": 3, ""fiyat"": 63750.0, ""kaynak"": ""BNB+BYB+OKX""}, {""usdt"": 9255195.0, ""borsa"": 1, ""fiyat"": 63850.0, ""kaynak"": ""BNB""}, {""usdt"": 9245811.0, ""borsa"": 1, ""fiyat"": 63825.0, ""kaynak"": ""BNB""}]",YOK,-0.1051,0.1075,0.311,0.3074,false,,true,0.4378,0,1,3,1,0,3,38.7,39.7,IZLE,,25,63707.6,,,,,SEVIYE,65,703.2,71,,,,,,,1785259320,2,0,,21,703.2,19,,,
30010,2026-07-28 17:25:55.038909+00,63733.95,-14802.285639906942,412677.95199999993,11755899941.0864,0.00006802599999999999,48388835.339729935,108698.34060000001,21.5,BEKLE,true,108634.54030000001,63.80030000000001,1.7663,181.031,55846477.957890056,242.172,0.0,21.5,"[{""usdt"": 16650358.0, ""borsa"": 3, ""fiyat"": 63700.0, ""kaynak"": ""BNB+BYB+OKX""}, {""usdt"": 9752248.0, ""borsa"": 1, ""fiyat"": 63625.0, ""kaynak"": ""BNB""}, {""usdt"": 7645925.0, ""borsa"": 3, ""fiyat"": 63725.0, ""kaynak"": ""BNB+BYB+OKX""}]","[{""usdt"": 18900528.0, ""borsa"": 3, ""fiyat"": 63750.0, ""kaynak"": ""BNB+BYB+OKX""}, {""usdt"": 10826465.0, ""borsa"": 1, ""fiyat"": 63825.0, ""kaynak"": ""BNB""}, {""usdt"": 7833405.0, ""borsa"": 1, ""fiyat"": 63800.0, ""kaynak"": ""BNB""}]",YOK,-0.1078,-0.0715,,,false,,false,0.604,0,1,3,0,1,3,35.1,36.2,IZLE,,25,63707.6,,,,,SEVIYE,65,704.2,71,,,,,,,1785259320,2,0,,21,704.2,19,,,
30011,2026-07-28 17:26:55.315683+00,63712.05,-305331.0672897047,218300.05100000004,11756904517.8569,0.00006802599999999999,52772456.60489997,63.80030000000001,17.3,BEKLE,false,0.0,63.80030000000001,1.7685,241.532,46236346.874749996,302.673,17.3,0.0,"[{""usdt"": 19072835.0, ""borsa"": 3, ""fiyat"": 63700.0, ""kaynak"": ""BNB+BYB+OKX""}, {""usdt"": 10041326.0, ""borsa"": 1, ""fiyat"": 63625.0, ""kaynak"": ""BNB""}, {""usdt"": 8098211.0, ""borsa"": 2, ""fiyat"": 63675.0, ""kaynak"": ""BNB+OKX""}]","[{""usdt"": 10712489.0, ""borsa"": 3, ""fiyat"": 63725.0, ""kaynak"": ""BNB+BYB+OKX""}, {""usdt"": 8862606.0, ""borsa"": 1, ""fiyat"": 63825.0, ""kaynak"": ""BNB""}, {""usdt"": 8808815.0, ""borsa"": 1, ""fiyat"": 63800.0, ""kaynak"": ""BNB""}]",YOK,-0.1098,0.066,0.7858,4.0647,false,,false,0.6056,0,1,3,0,1,3,31.7,32.8,IZLE,,25,63707.6,,,,,SEVIYE,65,705.3,71,,,,,,,1785259320,1,0,,21,705.3,19,,,
30012,2026-07-28 17:27:55.667875+00,63747.850000000006,-461801.24655070505,36165.181000000004,11756137171.9169,0.00006802599999999999,41253313.91109997,63.80030000000001,26.1,BEKLE,false,0.0,63.80030000000001,1.7685,241.524,44144255.076709926,362.954,26.1,0.0,"[{""usdt"": 11586919.0, ""borsa"": 3, ""fiyat"": 63725.0, ""kaynak"": ""BNB+BYB+OKX""}, {""usdt"": 9719877.0, ""borsa"": 1, ""fiyat"": 63650.0, ""kaynak"": ""BNB""}, {""usdt"": 6599992.0, ""borsa"": 1, ""fiyat"": 63700.0, ""kaynak"": ""BNB""}]","[{""usdt"": 14306278.0, ""borsa"": 3, ""fiyat"": 63775.0, ""kaynak"": ""BNB+BYB+OKX""}, {""usdt"": 9212938.0, ""borsa"": 1, ""fiyat"": 63850.0, ""kaynak"": ""BNB""}, {""usdt"": 7168751.0, ""borsa"": 1, ""fiyat"": 63800.0, ""kaynak"": ""BNB""}]",YOK,-0.1458,-0.0339,0.5666,1.9189,false,,true,0.3045,0,2,3,0,0,3,28.1,29.2,IZLE,,25,63707.6,,,,,SEVIYE,65,706.3,71,,,,,,,1785259320,1,1,,21,706.3,19,,,
30013,2026-07-28 17:28:55.947329+00,63716.75,-288663.9982758047,87099.574,11761944125.6187,0.00006802599999999999,43255381.413889974,64898.1108,27.3,BEKLE,false,64898.1108,0.0,1.7685,301.839,45047842.09984001,423.269,27.3,0.0,"[{""usdt"": 11642004.0, ""borsa"": 3, ""fiyat"": 63725.0, ""kaynak"": ""BNB+BYB+OKX""}, {""usdt"": 10220426.0, ""borsa"": 1, ""fiyat"": 63650.0, ""kaynak"": ""BNB""}, {""usdt"": 8696015.0, ""borsa"": 1, ""fiyat"": 63700.0, ""kaynak"": ""BNB""}]","[{""usdt"": 13207142.0, ""borsa"": 3, ""fiyat"": 63750.0, ""kaynak"": ""BNB+BYB+OKX""}, {""usdt"": 8547755.0, ""borsa"": 1, ""fiyat"": 63850.0, ""kaynak"": ""BNB""}, {""usdt"": 8510793.0, ""borsa"": 1, ""fiyat"": 63800.0, ""kaynak"": ""BNB""}]",YOK,-0.1775,-0.0203,0.5485,2.1294,false,,true,0.4223,0,2,3,0,1,3,24.5,25.6,IZLE,,25,63707.6,,,,,SEVIYE,65,707.3,71,,,,,,,1785259620,1,0,,21,707.3,19,,,
30014,2026-07-28 17:29:56.283916+00,63710.05,-258464.67721400506,27170.91000000001,11754674513.8614,0.00006802599999999999,44708485.34516003,64898.1108,38.8,BEKLE,false,64898.1108,0.0,1.7685,362.116,39391870.72073001,60.277,38.8,0.0,"[{""usdt"": 12684339.0, ""borsa"": 3, ""fiyat"": 63675.0, ""kaynak"": ""BNB+BYB+OKX""}, {""usdt"": 10952753.0, ""borsa"": 3, ""fiyat"": 63700.0, ""kaynak"": ""BNB+BYB+OKX""}, {""usdt"": 8364187.0, ""borsa"": 1, ""fiyat"": 63625.0, ""kaynak"": ""BNB""}]","[{""usdt"": 11495263.0, ""borsa"": 3, ""fiyat"": 63725.0, ""kaynak"": ""BNB+BYB+OKX""}, {""usdt"": 7398903.0, ""borsa"": 1, ""fiyat"": 63800.0, ""kaynak"": ""BNB""}, {""usdt"": 7227355.0, ""borsa"": 1, ""fiyat"": 63825.0, ""kaynak"": ""BNB""}]",YOK,-0.1728,0.0632,0.2297,1.0985,false,,true,0.1504,0,2,3,1,0,3,20.9,22,IZLE,,50,63707.6,,,,,SEVIYE+TASFIYE,65,708.3,71,,,,,,,1785259620,1,1,,21,708.3,19,,,
30015,2026-07-28 17:30:56.89022+00,63668.45,460371.0530784952,547474.047,11753739968.746601,0.00006802599999999999,49392652.85439995,65853.7608,19.5,BEKLE,,65853.7608,0.0,1.7685,120.629,43872056.93264998,60.352,0.0,19.5,"[{""usdt"": 14615517.0, ""borsa"": 3, ""fiyat"": 63650.0, ""kaynak"": ""BNB+BYB+OKX""}, {""usdt"": 10291629.0, ""borsa"": 3, ""fiyat"": 63625.0, ""kaynak"": ""BNB+BYB+OKX""}, {""usdt"": 9002363.0, ""borsa"": 1, ""fiyat"": 63575.0, ""kaynak"": ""BNB""}]","[{""usdt"": 12601416.0, ""borsa"": 3, ""fiyat"": 63675.0, ""kaynak"": ""BNB+BYB+OKX""}, {""usdt"": 8256634.0, ""borsa"": 1, ""fiyat"": 63750.0, ""kaynak"": ""BNB""}, {""usdt"": 6477954.0, ""borsa"": 1, ""fiyat"": 63725.0, ""kaynak"": ""BNB""}]",YOK,-0.2156,0.0592,0.6759,6.9217,false,,false,2.1048,0,2,3,0,0,3,17.1,18.2,IZLE,,25,63707.6,,,,,SEVIYE,65,709.3,71,ATR,0.4,0.010265872952148997,30.784272901969196,false,0.055,1785259740,1,0,,21,709.3,19,,,
30016,2026-07-28 17:31:57.970446+00,63628.25,-257961.04291120474,-327553.751,11746994809.684801,0.00006802599999999999,55147511.25316994,97178.6136,25.5,BEKLE,false,97178.6136,0.0,1.7685,181.796,47562308.49779003,0,25.5,0.0,"[{""usdt"": 17427985.0, ""borsa"": 3, ""fiyat"": 63625.0, ""kaynak"": ""BNB+BYB+OKX""}, {""usdt"": 11235426.0, ""borsa"": 1, ""fiyat"": 63550.0, ""kaynak"": ""BNB""}, {""usdt"": 9291252.0, ""borsa"": 1, ""fiyat"": 63575.0, ""kaynak"": ""BNB""}]","[{""usdt"": 14848643.0, ""borsa"": 3, ""fiyat"": 63650.0, ""kaynak"": ""BNB+BYB+OKX""}, {""usdt"": 9510309.0, ""borsa"": 1, ""fiyat"": 63725.0, ""kaynak"": ""BNB""}, {""usdt"": 7416874.0, ""borsa"": 2, ""fiyat"": 63675.0, ""kaynak"": ""BNB+BYB""}]",YOK,-0.19,0.0739,0.0488,6.421,false,,true,0.4268,0,2,3,1,1,3,14.4,15.4,IZLE,,50,63622.2,,,,,SEVIYE+TASFIYE,50,710.3,71,,,,,,,1785259860,1,0,,21,710.3,19,,,
30017,2026-07-28 17:32:59.347032+00,63604.149999999994,-1627770.9750500047,-2001824.4020000002,11735106989.975601,0.00006802599999999999,55748199.30423999,79229.87719999999,0.0,BEKLE,,79229.87719999999,0.0,1.767,122.814,50541055.94916998,0,0.0,0.0,"[{""usdt"": 13111052.0, ""borsa"": 1, ""fiyat"": 63550.0, ""kaynak"": ""BNB""}, {""usdt"": 12963192.0, ""borsa"": 1, ""fiyat"": 63500.0, ""kaynak"": ""BNB""}, {""usdt"": 12828314.0, ""borsa"": 3, ""fiyat"": 63575.0, ""kaynak"": ""BNB+BYB+OKX""}]","[{""usdt"": 14947887.0, ""borsa"": 3, ""fiyat"": 63600.0, ""kaynak"": ""BNB+BYB+OKX""}, {""usdt"": 11439667.0, ""borsa"": 3, ""fiyat"": 63625.0, ""kaynak"": ""BNB+BYB+OKX""}, {""usdt"": 9153060.0, ""borsa"": 1, ""fiyat"": 63675.0, ""kaynak"": ""BNB""}]",YOK,-0.1382,0.049,0.2555,2.339,false,0.8999,false,,0,1,3,1,1,3,12.2,13.3,IZLE,,50,63622.2,,,,,SEVIYE+TASFIYE,50,711.3,72,,,,,,,1785259920,2,0,,20,711.3,19,,,
30018,2026-07-28 17:33:59.641631+00,63626.350000000006,-2259447.876376204,-2252689.5589999994,11728363098.6899,0.00006802599999999999,46668591.032900006,456465.3476,54.7,BEKLE,true,456465.3476,0.0,1.767,183.055,47738231.87360996,60.241,54.7,0.0,"[{""usdt"": 13175028.0, ""borsa"": 3, ""fiyat"": 63600.0, ""kaynak"": ""BNB+BYB+OKX""}, {""usdt"": 12289910.0, ""borsa"": 1, ""fiyat"": 63550.0, ""kaynak"": ""BNB""}, {""usdt"": 8901409.0, ""borsa"": 1, ""fiyat"": 63525.0, ""kaynak"": ""BNB""}]","[{""usdt"": 11116352.0, ""borsa"": 1, ""fiyat"": 63725.0, ""kaynak"": ""BNB""}, {""usdt"": 10197103.0, ""borsa"": 3, ""fiyat"": 63650.0, ""kaynak"": ""BNB+BYB+OKX""}, {""usdt"": 8842840.0, ""borsa"": 3, ""fiyat"": 63625.0, ""kaynak"": ""BNB+BYB+OKX""}]",YOK,-0.1779,-0.0113,0.3357,1.1442,false,1.3996,true,0,0,2,3,0,0,3,8.2,9.3,IZLE,,50,63622.2,,,,,SEVIYE+TASFIYE,50,712.3,72,,,,,,,1785259920,2,0,,20,712.3,19,,,
30019,2026-07-28 17:34:59.926574+00,63626.55,-1665637.8443687076,-1995466.321,11738685938.915901,0.00006802599999999999,50322033.024049945,455509.6976,60.6,BEKLE,false,455509.6976,0.0,1.767,182.217,48336346.82441998,60.329,60.6,0.0,"[{""usdt"": 16485490.0, ""borsa"": 3, ""fiyat"": 63600.0, ""kaynak"": ""BNB+BYB+OKX""}, {""usdt"": 9617666.0, ""borsa"": 1, ""fiyat"": 63525.0, ""kaynak"": ""BNB""}, {""usdt"": 9517178.0, ""borsa"": 1, ""fiyat"": 63550.0, ""kaynak"": ""BNB""}]","[{""usdt"": 9972533.0, ""borsa"": 1, ""fiyat"": 63700.0, ""kaynak"": ""BNB""}, {""usdt"": 9045590.0, ""borsa"": 3, ""fiyat"": 63650.0, ""kaynak"": ""BNB+BYB+OKX""}, {""usdt"": 8153112.0, ""borsa"": 3, ""fiyat"": 63625.0, ""kaynak"": ""BNB+BYB+OKX""}]",YOK,-0.2163,0.0201,0.2945,1.2986,false,,true,0,0,2,3,0,0,3,4.7,5.7,IZLE,,50,63622.2,,,,,SEVIYE+TASFIYE,50,713.3,72,,,,,,,1785259920,2,0,,20,713.3,19,,,
30020,2026-07-28 17:36:00.247873+00,63638.75,-2154009.2093746057,-2476766.507,11737530636.079601,0.00006802599999999999,51174679.15544996,424948.8656,79.4,BEKLE,false,424948.8656,0.0,1.7632,242.506,52520278.34521998,120.618,79.4,0.0,"[{""usdt"": 17910074.0, ""borsa"": 3, ""fiyat"": 63600.0, ""kaynak"": ""BNB+BYB+OKX""}, {""usdt"": 9285802.0, ""borsa"": 1, ""fiyat"": 63550.0, ""kaynak"": ""BNB""}, {""usdt"": 9202617.0, ""borsa"": 1, ""fiyat"": 63525.0, ""kaynak"": ""BNB""}]","[{""usdt"": 12450170.0, ""borsa"": 3, ""fiyat"": 63650.0, ""kaynak"": ""BNB+BYB+OKX""}, {""usdt"": 10842129.0, ""borsa"": 1, ""fiyat"": 63725.0, ""kaynak"": ""BNB""}, {""usdt"": 7646064.0, ""borsa"": 2, ""fiyat"": 63625.0, ""kaynak"": ""BYB+OKX""}]",YOK,-0.1654,-0.013,0.3415,0.2885,false,1.4813,false,,0,2,3,0,0,3,1.1,63.5,IZLE,,50,63622.2,,,,,SEVIYE+TASFIYE,50,714.3,72,,,,,,,1785259920,2,0,,20,714.3,19,,,
30021,2026-07-28 17:37:00.477535+00,63586.45,-2654493.3785761055,-2533766.674,11736894005.4415,0.00006802599999999999,48629255.08763996,378444.136,76.3,BEKLE,true,378444.136,0.0,1.7632,302.757,57347326.97547998,180.869,76.3,0.0,"[{""usdt"": 13787261.0, ""borsa"": 3, ""fiyat"": 63600.0, ""kaynak"": ""BNB+BYB+OKX""}, {""usdt"": 9285802.0, ""borsa"": 1, ""fiyat"": 63550.0, ""kaynak"": ""BNB""}, {""usdt"": 9202617.0, ""borsa"": 1, ""fiyat"": 63525.0, ""kaynak"": ""BNB""}]","[{""usdt"": 18965264.0, ""borsa"": 3, ""fiyat"": 63650.0, ""kaynak"": ""BNB+BYB+OKX""}, {""usdt"": 10842129.0, ""borsa"": 1, ""fiyat"": 63725.0, ""kaynak"": ""BNB""}, {""usdt"": 7636487.0, ""borsa"": 1, ""fiyat"": 63700.0, ""kaynak"": ""BNB""}]",YOK,-0.1654,-0.0823,0.3945,0.5121,false,0.8257,false,,0,2,3,0,2,3,61.4,62.5,IZLE,,50,63551.3,,,,,SEVIYE+TASFIYE,70,715.3,72,,,,,,,1785260160,2,0,,20,715.3,19,,,
30022,2026-07-28 17:38:00.770328+00,63499.850000000006,-4002347.6634077057,-2539631.2959999996,11724461059.179,0.00006802599999999999,54324086.02649994,252035.27659999998,28.7,BEKLE,true,252035.27659999998,0.0,1.7632,363.048,45669198.85190996,0,28.7,0.0,"[{""usdt"": 18188327.0, ""borsa"": 3, ""fiyat"": 63550.0, ""kaynak"": ""BNB+BYB+OKX""}, {""usdt"": 12112009.0, ""borsa"": 1, ""fiyat"": 63500.0, ""kaynak"": ""BNB""}, {""usdt"": 10756127.0, ""borsa"": 2, ""fiyat"": 63525.0, ""kaynak"": ""BNB+OKX""}]","[{""usdt"": 8396070.0, ""borsa"": 1, ""fiyat"": 63700.0, ""kaynak"": ""BNB""}, {""usdt"": 8107625.0, ""borsa"": 1, ""fiyat"": 63650.0, ""kaynak"": ""BNB""}, {""usdt"": 8004183.0, ""borsa"": 3, ""fiyat"": 63575.0, ""kaynak"": ""BNB+BYB+OKX""}]",YOK,-0.2536,0.0866,0.7259,2.3737,false,0.9118,false,,0,3,3,1,1,3,57.8,58.9,IZLE,,50,63473.4,,,,,SEVIYE+TASFIYE,75,716.3,72,,,,,,,1785260220,2,0,,20,716.3,19,,,
30023,2026-07-28 17:39:01.052572+00,63524.149999999994,-6489516.0667834,-3582892.157,11721496400.7095,0.00006802599999999999,46051059.03046001,264192.53319999995,28.0,BEKLE,true,264192.53319999995,0.0,1.7632,0,44992923.64689001,0,28.0,0.0,"[{""usdt"": 14752507.0, ""borsa"": 3, ""fiyat"": 63475.0, ""kaynak"": ""BNB+BYB+OKX""}, {""usdt"": 10177041.0, ""borsa"": 1, ""fiyat"": 63400.0, ""kaynak"": ""BNB""}, {""usdt"": 8888683.0, ""borsa"": 1, ""fiyat"": 63450.0, ""kaynak"": ""BNB""}]","[{""usdt"": 9548929.0, ""borsa"": 3, ""fiyat"": 63500.0, ""kaynak"": ""BNB+BYB+OKX""}, {""usdt"": 8233321.0, ""borsa"": 3, ""fiyat"": 63525.0, ""kaynak"": ""BNB+BYB+OKX""}, {""usdt"": 7465151.0, ""borsa"": 1, ""fiyat"": 63550.0, ""kaynak"": ""BNB""}]",YOK,-0.1688,0.0116,0.6561,1.1796,false,1.0651,false,,0,1,3,0,2,3,54.2,55.3,IZLE,,50,63551.3,,,,,SEVIYE+TASFIYE,70,717.3,72,,,,,,,1785260220,3,0,,20,717.3,19,,,
30024,2026-07-28 17:40:01.343248+00,63516.850000000006,-6286443.698607096,-3740256.841,11722501932.2546,0.00006802599999999999,45834886.61347003,275118.6564,29.6,BEKLE,true,275118.6564,0.0,1.7632,60.272,46962246.63822997,60.272,29.6,0.0,"[{""usdt"": 14691742.0, ""borsa"": 3, ""fiyat"": 63500.0, ""kaynak"": ""BNB+BYB+OKX""}, {""usdt"": 10310289.0, ""borsa"": 1, ""fiyat"": 63425.0, ""kaynak"": ""BNB""}, {""usdt"": 8822158.0, ""borsa"": 1, ""fiyat"": 63450.0, ""kaynak"": ""BNB""}]","[{""usdt"": 11981047.0, ""borsa"": 3, ""fiyat"": 63525.0, ""kaynak"": ""BNB+BYB+OKX""}, {""usdt"": 8416149.0, ""borsa"": 2, ""fiyat"": 63550.0, ""kaynak"": ""BNB+BYB""}, {""usdt"": 8149086.0, ""borsa"": 1, ""fiyat"": 63625.0, ""kaynak"": ""BNB""}]",YOK,-0.1478,-0.0121,0.6137,1.0842,false,1.1822,false,,0,1,3,0,0,3,50.6,51.7,IZLE,,50,63551.3,,,,,SEVIYE+TASFIYE,70,718.4,72,,,,,,,1785260280,3,0,,20,718.4,19,,,
30025,2026-07-28 17:41:01.846527+00,63560.05,-4743110.931490696,-3114431.4620000003,11733311927.2972,0.00006802599999999999,48450287.96735999,275118.6564,29.1,BEKLE,true,275118.6564,0.0,1.7632,120.718,47499981.78512003,60.446,29.1,0.0,"[{""usdt"": 13289753.0, ""borsa"": 3, ""fiyat"": 63525.0, ""kaynak"": ""BNB+BYB+OKX""}, {""usdt"": 10177964.0, ""borsa"": 1, ""fiyat"": 63425.0, ""kaynak"": ""BNB""}, {""usdt"": 9154540.0, ""borsa"": 3, ""fiyat"": 63500.0, ""kaynak"": ""BNB+BYB+OKX""}]","[{""usdt"": 14964437.0, ""borsa"": 3, ""fiyat"": 63550.0, ""kaynak"": ""BNB+BYB+OKX""}, {""usdt"": 9690356.0, ""borsa"": 1, ""fiyat"": 63600.0, ""kaynak"": ""BNB""}, {""usdt"": 8752555.0, ""borsa"": 1, ""fiyat"": 63650.0, ""kaynak"": ""BNB""}]",YOK,-0.1686,0.0099,0.7089,1.6034,false,0.8821,false,,0,2,3,1,0,3,47.2,48.3,IZLE,,25,63551.3,,,,,SEVIYE,70,719.4,72,,,,,,,1785260280,3,1,,20,719.4,19,,,
30026,2026-07-28 17:42:02.157678+00,63570.149999999994,-4203714.859353895,-2991640.37,11737288955.002401,0.00006802599999999999,48940383.19059998,275055.06779999996,33.3,BEKLE,true,275055.06779999996,0.0,1.7563,181.081,49550598.73703003,0,33.3,0.0,"[{""usdt"": 11842943.0, ""borsa"": 3, ""fiyat"": 63550.0, ""kaynak"": ""BNB+BYB+OKX""}, {""usdt"": 10635717.0, ""borsa"": 1, ""fiyat"": 63475.0, ""kaynak"": ""BNB""}, {""usdt"": 9604999.0, ""borsa"": 3, ""fiyat"": 63575.0, ""kaynak"": ""BNB+BYB+OKX""}]","[{""usdt"": 15945482.0, ""borsa"": 3, ""fiyat"": 63600.0, ""kaynak"": ""BNB+BYB+OKX""}, {""usdt"": 9354637.0, ""borsa"": 1, ""fiyat"": 63650.0, ""kaynak"": ""BNB""}, {""usdt"": 8180331.0, ""borsa"": 1, ""fiyat"": 63675.0, ""kaynak"": ""BNB""}]",YOK,-0.1087,-0.0062,0.6699,0.5249,false,0.6071,false,,0,0,3,0,1,3,43.7,44.7,IZLE,,25,63551.3,,,,,SEVIYE,70,720.4,72,,,,,,,1785260280,3,0,,20,720.4,19,,,
30027,2026-07-28 17:43:02.449575+00,63544.350000000006,-4353926.009413996,-2567398.964,11735405413.8112,0.00006802599999999999,43961641.80759001,10926.1232,11.4,BEKLE,true,10926.1232,0.0,1.7563,60.279,51524796.92155008,0,11.4,0.0,"[{""usdt"": 12192816.0, ""borsa"": 3, ""fiyat"": 63550.0, ""kaynak"": ""BNB+BYB+OKX""}, {""usdt"": 8353878.0, ""borsa"": 1, ""fiyat"": 63500.0, ""kaynak"": ""BNB""}, {""usdt"": 7963774.0, ""borsa"": 3, ""fiyat"": 63575.0, ""kaynak"": ""BNB+BYB+OKX""}]","[{""usdt"": 10512431.0, ""borsa"": 3, ""fiyat"": 63600.0, ""kaynak"": ""BNB+BYB+OKX""}, {""usdt"": 9707116.0, ""borsa"": 1, ""fiyat"": 63625.0, ""kaynak"": ""BNB""}, {""usdt"": 9179082.0, ""borsa"": 1, ""fiyat"": 63700.0, ""kaynak"": ""BNB""}]",YOK,-0.0732,-0.0792,,,false,0.598,false,,0,0,3,0,1,3,40.1,41.1,IZLE,,25,63552.6,,,,,SEVIYE,70,721.4,73,,,,,,,1785260280,2,0,,19,721.4,17,,,
30028,2026-07-28 17:44:02.711297+00,63554.95,-4691254.4223869,-2613642.1050000004,11728811902.4884,0.00006802599999999999,55923642.65461003,0.0,29.5,BEKLE,false,0.0,0.0,1.7563,60.264,50547326.98634,0,0.0,29.5,"[{""usdt"": 16447285.0, ""borsa"": 3, ""fiyat"": 63500.0, ""kaynak"": ""BNB+BYB+OKX""}, {""usdt"": 9634104.0, ""borsa"": 3, ""fiyat"": 63525.0, ""kaynak"": ""BNB+BYB+OKX""}, {""usdt"": 8851306.0, ""borsa"": 1, ""fiyat"": 63475.0, ""kaynak"": ""BNB""}]","[{""usdt"": 11958485.0, ""borsa"": 3, ""fiyat"": 63550.0, ""kaynak"": ""BNB+BYB+OKX""}, {""usdt"": 9965521.0, ""borsa"": 1, ""fiyat"": 63625.0, ""kaynak"": ""BNB""}, {""usdt"": 9619390.0, ""borsa"": 3, ""fiyat"": 63525.0, ""kaynak"": ""BNB+BYB+OKX""}]",YOK,-0.1166,0.0505,0.5284,0.6688,false,0.7048,false,,0,2,3,0,0,3,36.4,37.5,IZLE,,25,63552.6,,,,,SEVIYE,70,722.4,73,,,,,,,,,0,,19,722.4,17,,,
30029,2026-07-28 17:45:03.062005+00,63543.45,-4577306.554844404,-2653030.794,11730280680.8129,0.00006802599999999999,54730360.36068,9151.668,31.1,BEKLE,false,9151.668,0.0,1.7563,60.377,48416767.250739984,60.377,0.0,31.1,"[{""usdt"": 18230919.0, ""borsa"": 3, ""fiyat"": 63525.0, ""kaynak"": ""BNB+BYB+OKX""}, {""usdt"": 10132388.0, ""borsa"": 3, ""fiyat"": 63500.0, ""kaynak"": ""BNB+BYB+OKX""}, {""usdt"": 9638764.0, ""borsa"": 1, ""fiyat"": 63450.0, ""kaynak"": ""BNB""}]","[{""usdt"": 15882881.0, ""borsa"": 3, ""fiyat"": 63550.0, ""kaynak"": ""BNB+BYB+OKX""}, {""usdt"": 8306884.0, ""borsa"": 1, ""fiyat"": 63600.0, ""kaynak"": ""BNB""}, {""usdt"": 7312397.0, ""borsa"": 1, ""fiyat"": 63625.0, ""kaynak"": ""BNB""}]",YOK,-0.1753,0.0612,0.487,0.5602,false,0.9687,false,,0,2,3,0,0,3,32.9,34,IZLE,,25,63552.6,,,,,SEVIYE,70,723.4,73,,,,,,,1785260640,1,0,,19,723.4,17,,,
30030,2026-07-28 17:46:03.45759+00,63571.25,-2049566.3903645994,418846.5120000001,11730123964.3923,0.00006802599999999999,45925540.99302999,9151.6695,51.7,BEKLE,,9151.6695,0.0,1.7563,120.69,50164381.377629995,120.69,0.0,51.7,"[{""usdt"": 14551387.0, ""borsa"": 3, ""fiyat"": 63525.0, ""kaynak"": ""BNB+BYB+OKX""}, {""usdt"": 9290873.0, ""borsa"": 1, ""fiyat"": 63475.0, ""kaynak"": ""BNB""}, {""usdt"": 8679831.0, ""borsa"": 1, ""fiyat"": 63450.0, ""kaynak"": ""BNB""}]","[{""usdt"": 12999922.0, ""borsa"": 3, ""fiyat"": 63550.0, ""kaynak"": ""BNB+BYB+OKX""}, {""usdt"": 9939358.0, ""borsa"": 3, ""fiyat"": 63575.0, ""kaynak"": ""BNB+BYB+OKX""}, {""usdt"": 9827429.0, ""borsa"": 1, ""fiyat"": 63625.0, ""kaynak"": ""BNB""}]",YOK,-0.1271,-0.0441,0.3152,0.0968,false,0.2388,false,,0,1,3,0,1,3,29.4,30.4,IZLE,,25,63552.6,,,,,SEVIYE,70,724.4,73,PCT,0.64,0.0,74.52474786600592,false,0.063,1785260640,1,0,,19,724.4,17,,,
30031,2026-07-28 17:47:04.961422+00,63601.75,-1594976.3074873986,968664.276,11735701818.2948,0.00006802599999999999,44335493.67324002,9151.6695,45.0,BEKLE,false,9151.6695,0.0,1.7563,0,46697919.557169944,0,0.0,45.0,"[{""usdt"": 13288832.0, ""borsa"": 3, ""fiyat"": 63575.0, ""kaynak"": ""BNB+BYB+OKX""}, {""usdt"": 8736276.0, ""borsa"": 1, ""fiyat"": 63525.0, ""kaynak"": ""BNB""}, {""usdt"": 8099904.0, ""borsa"": 2, ""fiyat"": 63550.0, ""kaynak"": ""BNB+OKX""}]","[{""usdt"": 10879392.0, ""borsa"": 3, ""fiyat"": 63600.0, ""kaynak"": ""BNB+BYB+OKX""}, {""usdt"": 9788640.0, ""borsa"": 2, ""fiyat"": 63625.0, ""kaynak"": ""BNB+BYB""}, {""usdt"": 9327128.0, ""borsa"": 1, ""fiyat"": 63700.0, ""kaynak"": ""BNB""}]",YOK,-0.0567,-0.026,0.2846,0.2546,false,0,false,,0,1,3,0,0,3,26.9,28,IZLE,,25,63622.2,,,,,SEVIYE,50,725.4,73,,,,,,,1785260640,1,1,,19,725.4,17,,,
30032,2026-07-28 17:48:05.330158+00,63595.45,-2104969.488926998,1136316.7099999997,11736734453.2588,0.00006802599999999999,50794288.06177,9151.6695,36.8,BEKLE,false,9151.6695,0.0,1.7556,60.383,44481640.64425004,60.383,0.0,36.8,"[{""usdt"": 13756832.0, ""borsa"": 3, ""fiyat"": 63575.0, ""kaynak"": ""BNB+BYB+OKX""}, {""usdt"": 8832239.0, ""borsa"": 1, ""fiyat"": 63525.0, ""kaynak"": ""BNB""}, {""usdt"": 8746481.0, ""borsa"": 1, ""fiyat"": 63500.0, ""kaynak"": ""BNB""}]","[{""usdt"": 10591750.0, ""borsa"": 3, ""fiyat"": 63625.0, ""kaynak"": ""BNB+BYB+OKX""}, {""usdt"": 9025934.0, ""borsa"": 1, ""fiyat"": 63675.0, ""kaynak"": ""BNB""}, {""usdt"": 8588613.0, ""borsa"": 1, ""fiyat"": 63700.0, ""kaynak"": ""BNB""}]",YOK,0.0072,0.0663,0.2683,0.4504,false,0,false,,0,0,3,1,0,3,23.4,24.5,IZLE,,25,63622.2,,,,,SEVIYE,50,726.4,73,,,,,,,1785260640,1,2,,19,726.4,17,,,
30033,2026-07-28 17:49:05.738322+00,63656.25,-2248714.5571152987,1156646.883,11741074345.6707,0.00006802599999999999,51122434.848050036,953.0745000000001,27.8,BEKLE,false,953.0745000000001,0.0,1.7556,60.298,43639086.73731001,60.298,0.0,27.8,"[{""usdt"": 18122291.0, ""borsa"": 3, ""fiyat"": 63600.0, ""kaynak"": ""BNB+BYB+OKX""}, {""usdt"": 8931250.0, ""borsa"": 1, ""fiyat"": 63525.0, ""kaynak"": ""BNB""}, {""usdt"": 7079198.0, ""borsa"": 1, ""fiyat"": 63550.0, ""kaynak"": ""BNB""}]","[{""usdt"": 9830589.0, ""borsa"": 2, ""fiyat"": 63650.0, ""kaynak"": ""BNB+BYB""}, {""usdt"": 9793949.0, ""borsa"": 3, ""fiyat"": 63625.0, ""kaynak"": ""BNB+BYB+OKX""}, {""usdt"": 8887797.0, ""borsa"": 1, ""fiyat"": 63700.0, ""kaynak"": ""BNB""}]",YOK,0.0612,0.079,0.2812,0.8614,false,0.0563,false,,1,0,3,1,0,3,19.9,21,IZLE,,25,63622.2,,,,,SEVIYE,50,727.4,73,,,,,,,1785260640,1,0,,19,727.4,17,,,
30034,2026-07-28 17:50:06.160315+00,63617.350000000006,-1583737.4277717979,1786655.4789999998,11745258496.3964,0.00006802599999999999,44586571.07727004,1336.3308000000002,35.8,BEKLE,false,0.0,1336.3308000000002,1.7556,60.44,47282434.05049005,60.44,0.0,35.8,"[{""usdt"": 13876218.0, ""borsa"": 3, ""fiyat"": 63625.0, ""kaynak"": ""BNB+BYB+OKX""}, {""usdt"": 8899961.0, ""borsa"": 1, ""fiyat"": 63550.0, ""kaynak"": ""BNB""}, {""usdt"": 7898663.0, ""borsa"": 1, ""fiyat"": 63575.0, ""kaynak"": ""BNB""}]","[{""usdt"": 12056429.0, ""borsa"": 3, ""fiyat"": 63650.0, ""kaynak"": ""BNB+BYB+OKX""}, {""usdt"": 9776555.0, ""borsa"": 1, ""fiyat"": 63750.0, ""kaynak"": ""BNB""}, {""usdt"": 9403464.0, ""borsa"": 1, ""fiyat"": 63700.0, ""kaynak"": ""BNB""}]",YOK,0.0036,-0.0293,0.2893,0.5277,false,0,false,,0,0,3,0,1,3,16.5,17.6,IZLE,,25,63622.2,,,,,SEVIYE,50,728.4,73,,,,,,,1785260940,1,0,,19,728.4,17,,,
30035,2026-07-28 17:51:06.467541+00,63600.05,1598062.1991404905,522487.634,11737969111.9976,0.00006802599999999999,49531809.585959986,1336.419,12.6,BEKLE,false,0.0,1336.419,1.7594,120.877,46957332.21321998,0,0.0,12.6,"[{""usdt"": 14337822.0, ""borsa"": 3, ""fiyat"": 63575.0, ""kaynak"": ""BNB+BYB+OKX""}, {""usdt"": 9389021.0, ""borsa"": 3, ""fiyat"": 63600.0, ""kaynak"": ""BNB+BYB+OKX""}, {""usdt"": 8305635.0, ""borsa"": 1, ""fiyat"": 63525.0, ""kaynak"": ""BNB""}]","[{""usdt"": 13131173.0, ""borsa"": 3, ""fiyat"": 63625.0, ""kaynak"": ""BNB+BYB+OKX""}, {""usdt"": 9751844.0, ""borsa"": 1, ""fiyat"": 63675.0, ""kaynak"": ""BNB""}, {""usdt"": 7341627.0, ""borsa"": 1, ""fiyat"": 63700.0, ""kaynak"": ""BNB""}]",YOK,-0.0505,0.0267,0.9551,0.5569,false,,false,3.912,0,1,3,1,1,3,13.1,14.2,IZLE,,25,63622.2,,,,,SEVIYE,50,729.4,73,,,,,,,1785260940,1,0,,19,729.4,17,,,
30036,2026-07-28 17:52:07.070775+00,63606.45,1828787.7507334894,521054.8950000001,11739663781.7168,0.00006802599999999999,44180607.04001999,1336.419,18.9,BEKLE,true,0.0,1336.419,1.7594,60.297,47715657.25556001,60.297,18.9,0.0,"[{""usdt"": 11740414.0, ""borsa"": 3, ""fiyat"": 63575.0, ""kaynak"": ""BNB+BYB+OKX""}, {""usdt"": 10112325.0, ""borsa"": 1, ""fiyat"": 63500.0, ""kaynak"": ""BNB""}, {""usdt"": 7430921.0, ""borsa"": 3, ""fiyat"": 63600.0, ""kaynak"": ""BNB+BYB+OKX""}]","[{""usdt"": 13756150.0, ""borsa"": 3, ""fiyat"": 63625.0, ""kaynak"": ""BNB+BYB+OKX""}, {""usdt"": 9057358.0, ""borsa"": 1, ""fiyat"": 63675.0, ""kaynak"": ""BNB""}, {""usdt"": 7536585.0, ""borsa"": 1, ""fiyat"": 63650.0, ""kaynak"": ""BNB""}]",YOK,0.0026,-0.0385,0.822,0.0833,false,,false,4.2184,0,0,3,0,1,3,9.6,10.6,IZLE,,25,63622.2,,,,,SEVIYE,50,730.5,73,,,,,,,1785260940,1,1,,19,730.5,17,,,
30037,2026-07-28 17:53:07.393317+00,63588.649999999994,1902642.4933370894,520874.09300000005,11738575456.3164,0.00006802599999999999,47164755.30600998,1336.419,28.4,BEKLE,true,0.0,1336.419,1.7594,120.933,45517699.921569996,60.636,28.4,0.0,"[{""usdt"": 17530379.0, ""borsa"": 3, ""fiyat"": 63575.0, ""kaynak"": ""BNB+BYB+OKX""}, {""usdt"": 9862158.0, ""borsa"": 2, ""fiyat"": 63550.0, ""kaynak"": ""BNB+BYB""}, {""usdt"": 8250070.0, ""borsa"": 1, ""fiyat"": 63500.0, ""kaynak"": ""BNB""}]","[{""usdt"": 14324117.0, ""borsa"": 3, ""fiyat"": 63600.0, ""kaynak"": ""BNB+BYB+OKX""}, {""usdt"": 8057431.0, ""borsa"": 1, ""fiyat"": 63675.0, ""kaynak"": ""BNB""}, {""usdt"": 7397714.0, ""borsa"": 1, ""fiyat"": 63650.0, ""kaynak"": ""BNB""}]",YOK,-0.0296,0.0178,0.7971,0.1004,false,,false,4.0806,1,0,3,1,1,3,6.3,7.4,IZLE,,25,63622.2,,,,,SEVIYE,50,731.5,74,,,,,,,1785260940,1,2,,22,731.5,21,,,
30038,2026-07-28 17:54:07.681666+00,63609.95,1266349.9050091894,2313219.5579999997,11735219000.876,0.00006802599999999999,45962370.07685,2226.6566000000003,38.9,BEKLE,false,890.2375999999999,1336.419,1.7594,181.189,47631203.93948994,120.892,0.0,38.9,"[{""usdt"": 10353344.0, ""borsa"": 3, ""fiyat"": 63600.0, ""kaynak"": ""BNB+BYB+OKX""}, {""usdt"": 10273266.0, ""borsa"": 3, ""fiyat"": 63575.0, ""kaynak"": ""BNB+BYB+OKX""}, {""usdt"": 9551231.0, ""borsa"": 1, ""fiyat"": 63500.0, ""kaynak"": ""BNB""}]","[{""usdt"": 15183034.0, ""borsa"": 3, ""fiyat"": 63625.0, ""kaynak"": ""BNB+BYB+OKX""}, {""usdt"": 8918031.0, ""borsa"": 1, ""fiyat"": 63650.0, ""kaynak"": ""BNB""}, {""usdt"": 8832967.0, ""borsa"": 1, ""fiyat"": 63700.0, ""kaynak"": ""BNB""}]",YOK,0.0435,-0.0178,0.647,0.6321,false,,false,3.9818,1,0,3,0,0,3,2.7,3.8,IZLE,,25,63622.2,,,,,SEVIYE,50,732.5,74,,,,,,,1785261180,1,0,,22,732.5,21,,,
30039,2026-07-28 17:55:08.460927+00,63598.850000000006,1445767.0127494908,2790148.837,11735929919.4926,0.00006802599999999999,47256771.47954998,890.4433999999999,35.9,BEKLE,false,890.4433999999999,0.0,1.7594,241.51,44988828.45698999,181.213,0.0,35.9,"[{""usdt"": 10595325.0, ""borsa"": 3, ""fiyat"": 63575.0, ""kaynak"": ""BNB+BYB+OKX""}, {""usdt"": 10256526.0, ""borsa"": 1, ""fiyat"": 63500.0, ""kaynak"": ""BNB""}, {""usdt"": 7995806.0, ""borsa"": 3, ""fiyat"": 63600.0, ""kaynak"": ""BNB+BYB+OKX""}]","[{""usdt"": 16619388.0, ""borsa"": 3, ""fiyat"": 63625.0, ""kaynak"": ""BNB+BYB+OKX""}, {""usdt"": 9512304.0, ""borsa"": 1, ""fiyat"": 63650.0, ""kaynak"": ""BNB""}, {""usdt"": 6601675.0, ""borsa"": 1, ""fiyat"": 63675.0, ""kaynak"": ""BNB""}]",YOK,0.0435,0.0246,0.6455,0.2926,false,,false,2.943,1,0,3,0,0,3,63,61.5,IZLE,,25,63622.2,,,,,SEVIYE,50,733.5,74,,,,,,,1785261180,1,0,,22,733.5,21,,,
30040,2026-07-28 17:56:09.031714+00,63585.649999999994,58755.959597400724,1709445.7230000002,11735052683.614399,0.00006802599999999999,46966010.62071998,890.4433999999999,48.7,BEKLE,false,890.4433999999999,0.0,1.7594,302.309,49554952.710729994,242.012,0.0,48.7,"[{""usdt"": 11952236.0, ""borsa"": 3, ""fiyat"": 63575.0, ""kaynak"": ""BNB+BYB+OKX""}, {""usdt"": 10256526.0, ""borsa"": 1, ""fiyat"": 63500.0, ""kaynak"": ""BNB""}, {""usdt"": 7838346.0, ""borsa"": 1, ""fiyat"": 63550.0, ""kaynak"": ""BNB""}]","[{""usdt"": 20243235.0, ""borsa"": 3, ""fiyat"": 63625.0, ""kaynak"": ""BNB+BYB+OKX""}, {""usdt"": 9512304.0, ""borsa"": 1, ""fiyat"": 63650.0, ""kaynak"": ""BNB""}, {""usdt"": 6601675.0, ""borsa"": 1, ""fiyat"": 63675.0, ""kaynak"": ""BNB""}]",YOK,0.003,-0.0268,0.4389,0.3048,false,,false,1.9898,0,1,3,0,1,3,60,61.1,IZLE,,25,63554,,,,,SEVIYE,70,734.5,74,,,,,,,1785261180,1,1,,22,734.5,21,,,
30041,2026-07-28 17:57:09.534448+00,63608.149999999994,229018.0451043006,1637993.459,11737369049.5198,0.00006802599999999999,46133464.26424999,890.4433999999999,49.0,BEKLE,false,890.4433999999999,0.0,1.7594,362.965,50599808.68881998,181.776,0.0,49.0,"[{""usdt"": 12379015.0, ""borsa"": 3, ""fiyat"": 63575.0, ""kaynak"": ""BNB+BYB+OKX""}, {""usdt"": 10019106.0, ""borsa"": 3, ""fiyat"": 63550.0, ""kaynak"": ""BNB+BYB+OKX""}, {""usdt"": 8313406.0, ""borsa"": 1, ""fiyat"": 63475.0, ""kaynak"": ""BNB""}]","[{""usdt"": 20139969.0, ""borsa"": 3, ""fiyat"": 63600.0, ""kaynak"": ""BNB+BYB+OKX""}, {""usdt"": 9074277.0, ""borsa"": 1, ""fiyat"": 63650.0, ""kaynak"": ""BNB""}, {""usdt"": 7616362.0, ""borsa"": 1, ""fiyat"": 63700.0, ""kaynak"": ""BNB""}]",YOK,-0.0199,-0.0462,0.4635,0.0366,false,,false,2.1914,1,0,3,0,2,3,56.3,57.3,IZLE,,25,63622.2,,,,,SEVIYE,50,735.5,74,,,,,,,1785261180,1,2,,22,735.5,21,,,
30042,2026-07-28 17:58:09.917371+00,63621.95,974802.2072388005,1749030.557,11735518816.5424,0.00006802599999999999,44200584.122679986,890.4433999999999,33.4,BEKLE,false,890.4433999999999,0.0,1.7594,60.358,46858007.62898998,60.358,0.0,33.4,"[{""usdt"": 14039077.0, ""borsa"": 3, ""fiyat"": 63600.0, ""kaynak"": ""BNB+BYB+OKX""}, {""usdt"": 8055185.0, ""borsa"": 1, ""fiyat"": 63525.0, ""kaynak"": ""BNB""}, {""usdt"": 6981517.0, ""borsa"": 2, ""fiyat"": 63575.0, ""kaynak"": ""BNB+BYB""}]","[{""usdt"": 13467269.0, ""borsa"": 3, ""fiyat"": 63625.0, ""kaynak"": ""BNB+BYB+OKX""}, {""usdt"": 9857602.0, ""borsa"": 1, ""fiyat"": 63675.0, ""kaynak"": ""BNB""}, {""usdt"": 7799126.0, ""borsa"": 1, ""fiyat"": 63700.0, ""kaynak"": ""BNB""}]",YOK,0.02,-0.0292,0.313,0.8342,false,,false,3.981,0,1,3,0,1,3,52.8,53.9,IZLE,,25,63622.2,,,,,SEVIYE,50,736.5,74,,,,,,,1785261180,1,3,,22,736.5,21,,,
30043,2026-07-28 17:59:10.278437+00,63649.95,1062488.4422633995,1806509.415,11736206158.3997,0.00006802599999999999,47583268.86215997,0.0,32.4,BEKLE,true,0.0,0.0,1.7594,120.812,49382778.83943998,120.812,32.4,0.0,"[{""usdt"": 12376153.0, ""borsa"": 3, ""fiyat"": 63600.0, ""kaynak"": ""BNB+BYB+OKX""}, {""usdt"": 10904060.0, ""borsa"": 3, ""fiyat"": 63575.0, ""kaynak"": ""BNB+BYB+OKX""}, {""usdt"": 10820311.0, ""borsa"": 1, ""fiyat"": 63525.0, ""kaynak"": ""BNB""}]","[{""usdt"": 14459234.0, ""borsa"": 3, ""fiyat"": 63625.0, ""kaynak"": ""BNB+BYB+OKX""}, {""usdt"": 9765416.0, ""borsa"": 1, ""fiyat"": 63675.0, ""kaynak"": ""BNB""}, {""usdt"": 9489158.0, ""borsa"": 1, ""fiyat"": 63725.0, ""kaynak"": ""BNB""}]",YOK,-0.0524,-0.0186,0.1953,2.844,false,,false,3.1381,0,0,3,0,1,3,49.4,50.5,IZLE,,25,63622.2,,,,,SEVIYE,50,737.5,74,,,,,,,,,0,,22,737.5,21,,,
30044,2026-07-28 18:00:11.171263+00,63672.149999999994,1271314.4452364007,1929261.431,11742651073.558102,0.00006802599999999999,46401596.586030036,0.0,44.3,BEKLE,true,0.0,0.0,1.7594,60.311,47682519.28660002,120.765,44.3,0.0,"[{""usdt"": 15961794.0, ""borsa"": 3, ""fiyat"": 63625.0, ""kaynak"": ""BNB+BYB+OKX""}, {""usdt"": 8874540.0, ""borsa"": 1, ""fiyat"": 63550.0, ""kaynak"": ""BNB""}, {""usdt"": 7079847.0, ""borsa"": 1, ""fiyat"": 63575.0, ""kaynak"": ""BNB""}]","[{""usdt"": 11090722.0, ""borsa"": 3, ""fiyat"": 63650.0, ""kaynak"": ""BNB+BYB+OKX""}, {""usdt"": 10508443.0, ""borsa"": 1, ""fiyat"": 63750.0, ""kaynak"": ""BNB""}, {""usdt"": 8932062.0, ""borsa"": 3, ""fiyat"": 63675.0, ""kaynak"": ""BNB+BYB+OKX""}]",YOK,-0.0294,-0.0136,0.1089,3.3973,false,,false,3.7462,0,0,3,1,0,3,45.8,46.9,IZLE,,25,63703.3,,,,,SEVIYE,65,7.5,1,,,,,,,,,0,,22,738.5,21,,,
30045,2026-07-28 18:01:11.663719+00,63743.149999999994,1306816.1315282008,718758.7880000001,11749649359.3335,0.00006802599999999999,47212605.14430998,14085.6339,38.0,BEKLE,false,0.0,14085.6339,1.7594,0,41763119.14479001,60.935,38.0,0.0,"[{""usdt"": 10997820.0, ""borsa"": 3, ""fiyat"": 63650.0, ""kaynak"": ""BNB+BYB+OKX""}, {""usdt"": 10371841.0, ""borsa"": 3, ""fiyat"": 63675.0, ""kaynak"": ""BNB+BYB+OKX""}, {""usdt"": 7235074.0, ""borsa"": 1, ""fiyat"": 63575.0, ""kaynak"": ""BNB""}]","[{""usdt"": 11977068.0, ""borsa"": 3, ""fiyat"": 63700.0, ""kaynak"": ""BNB+BYB+OKX""}, {""usdt"": 10447362.0, ""borsa"": 1, ""fiyat"": 63750.0, ""kaynak"": ""BNB""}, {""usdt"": 7996000.0, ""borsa"": 1, ""fiyat"": 63775.0, ""kaynak"": ""BNB""}]",YOK,0.0883,0.0612,0.4318,4.0459,false,,false,0.7539,1,0,3,2,0,3,42.4,43.5,IZLE,,25,63757.6,,,,,SEVIYE,50,18.5,2,,,,,,,1785261600,1,0,,22,739.5,21,,,
30046,2026-07-28 18:02:13.055292+00,63755.350000000006,1246262.797280197,4461787.118,11751147278.4738,0.00006802599999999999,42857083.29614999,23518.4879,0.0,BEKLE,,0.0,23518.4879,1.7594,0,49841088.75368997,61.397,0.0,0.0,"[{""usdt"": 12438225.0, ""borsa"": 3, ""fiyat"": 63725.0, ""kaynak"": ""BNB+BYB+OKX""}, {""usdt"": 9257789.0, ""borsa"": 3, ""fiyat"": 63700.0, ""kaynak"": ""BNB+BYB+OKX""}, {""usdt"": 8598261.0, ""borsa"": 1, ""fiyat"": 63650.0, ""kaynak"": ""BNB""}]","[{""usdt"": 15355351.0, ""borsa"": 3, ""fiyat"": 63750.0, ""kaynak"": ""BNB+BYB+OKX""}, {""usdt"": 9525887.0, ""borsa"": 1, ""fiyat"": 63850.0, ""kaynak"": ""BNB""}, {""usdt"": 8863165.0, ""borsa"": 1, ""fiyat"": 63800.0, ""kaynak"": ""BNB""}]",YOK,0.0895,-0.0753,0.1785,1.9172,false,,false,,1,0,3,0,0,3,40,41.1,IZLE,,25,63757.6,,,,,SEVIYE,50,19.5,2,,,,,,,1785261660,1,0,,22,740.6,21,,,
30047,2026-07-28 18:03:13.479235+00,63759.95,1187468.3299656007,4571828.005999999,11754953472.6107,0.00006802599999999999,45071945.12196997,23518.4879,0.0,BEKLE,,0.0,23518.4879,1.7594,60.56,48746412.459,60.56,0.0,0.0,"[{""usdt"": 14603138.0, ""borsa"": 3, ""fiyat"": 63725.0, ""kaynak"": ""BNB+BYB+OKX""}, {""usdt"": 10321157.0, ""borsa"": 1, ""fiyat"": 63650.0, ""kaynak"": ""BNB""}, {""usdt"": 6804014.0, ""borsa"": 1, ""fiyat"": 63700.0, ""kaynak"": ""BNB""}]","[{""usdt"": 11510254.0, ""borsa"": 3, ""fiyat"": 63775.0, ""kaynak"": ""BNB+BYB+OKX""}, {""usdt"": 11258575.0, ""borsa"": 1, ""fiyat"": 63850.0, ""kaynak"": ""BNB""}, {""usdt"": 8654104.0, ""borsa"": 1, ""fiyat"": 63825.0, ""kaynak"": ""BNB""}]",YOK,0.1326,-0.0392,0.0436,2.0986,false,,false,,1,0,3,1,1,3,36.7,37.8,IZLE,,25,63789.9,,,,,SEVIYE,90,20.5,3,,,,,,,1785261660,1,1,,22,741.6,21,,,
30048,2026-07-28 18:04:13.949894+00,63768.149999999994,1692627.3731084035,5020533.681,11758933335.366001,0.00006802599999999999,63588224.46024005,89856.11690000001,22.1,BEKLE,true,0.0,89856.11690000001,1.7594,0,42764820.10762999,120.866,0.0,22.1,"[{""usdt"": 22615086.0, ""borsa"": 3, ""fiyat"": 63800.0, ""kaynak"": ""BNB+BYB+OKX""}, {""usdt"": 17342033.0, ""borsa"": 3, ""fiyat"": 63775.0, ""kaynak"": ""BNB+BYB+OKX""}, {""usdt"": 8040421.0, ""borsa"": 2, ""fiyat"": 63750.0, ""kaynak"": ""BNB+BYB""}]","[{""usdt"": 10027454.0, ""borsa"": 1, ""fiyat"": 63900.0, ""kaynak"": ""BNB""}, {""usdt"": 8807766.0, ""borsa"": 1, ""fiyat"": 63925.0, ""kaynak"": ""BNB""}, {""usdt"": 7668382.0, ""borsa"": 1, ""fiyat"": 63875.0, ""kaynak"": ""BNB""}]",PERP,0.0494,0.1958,0.1059,1.475,true,0,false,,0,0,3,2,0,3,33.1,34.2,IZLE,,25,63789.9,,,,,SEVIYE,90,21.5,3,,,,,,,1785261780,2,0,,22,742.6,21,,,
30049,2026-07-28 18:05:14.373308+00,63752.45,2229546.7955581034,297462.434,11755323231.3993,0.00006802599999999999,54839609.405749984,75770.48300000001,59.1,BEKLE,false,0.0,75770.48300000001,1.7594,0,44340734.52103001,181.435,59.1,0.0,"[{""usdt"": 23718506.0, ""borsa"": 3, ""fiyat"": 63750.0, ""kaynak"": ""BNB+BYB+OKX""}, {""usdt"": 8219091.0, ""borsa"": 2, ""fiyat"": 63725.0, ""kaynak"": ""BNB+BYB""}, {""usdt"": 7107132.0, ""borsa"": 1, ""fiyat"": 63650.0, ""kaynak"": ""BNB""}]","[{""usdt"": 9498207.0, ""borsa"": 3, ""fiyat"": 63775.0, ""kaynak"": ""BNB+BYB+OKX""}, {""usdt"": 9307037.0, ""borsa"": 1, ""fiyat"": 63825.0, ""kaynak"": ""BNB""}, {""usdt"": 8831668.0, ""borsa"": 1, ""fiyat"": 63875.0, ""kaynak"": ""BNB""}]",YOK,0.0254,0.1059,0.262,1.6287,true,0.0656,false,,0,0,3,1,0,3,29.7,30.8,IZLE,,25,63789.9,,,,,SEVIYE,90,22.5,3,,,,,,,1785261780,2,0,,22,743.6,21,,,
30050,2026-07-28 18:06:14.812558+00,63709.95,1859024.3382320043,252854.36,11749694010.0688,0.00006802599999999999,48094130.42446989,66337.629,18.4,BEKLE,false,0.0,66337.629,1.767,60.351,49672365.71738001,241.786,18.4,0.0,"[{""usdt"": 14764164.0, ""borsa"": 3, ""fiyat"": 63700.0, ""kaynak"": ""BNB+BYB+OKX""}, {""usdt"": 10495993.0, ""borsa"": 3, ""fiyat"": 63725.0, ""kaynak"": ""BNB+BYB+OKX""}, {""usdt"": 8022977.0, ""borsa"": 1, ""fiyat"": 63650.0, ""kaynak"": ""BNB""}]","[{""usdt"": 10104780.0, ""borsa"": 1, ""fiyat"": 63825.0, ""kaynak"": ""BNB""}, {""usdt"": 9365981.0, ""borsa"": 3, ""fiyat"": 63750.0, ""kaynak"": ""BNB+BYB+OKX""}, {""usdt"": 8527680.0, ""borsa"": 3, ""fiyat"": 63725.0, ""kaynak"": ""BNB+BYB+OKX""}]",YOK,0.0019,-0.0161,0.4174,1.8598,true,0.0601,false,,1,1,3,1,1,3,26.2,27.3,IZLE,,25,63702.3,,,,,SEVIYE,65,13.5,2,,,,,,,1785261780,2,0,,22,744.6,21,,,
30051,2026-07-28 18:07:15.186427+00,63721.75,1859024.3382320043,252854.36,11749694010.0688,0.00006802599999999999,43345311.15595001,66337.629,39.5,BEKLE,false,0.0,66337.629,1.767,60.464,56599725.39627997,302.25,39.5,0.0,"[{""usdt"": 12456297.0, ""borsa"": 3, ""fiyat"": 63725.0, ""kaynak"": ""BNB+BYB+OKX""}, {""usdt"": 9082124.0, ""borsa"": 3, ""fiyat"": 63700.0, ""kaynak"": ""BNB+BYB+OKX""}, {""usdt"": 7886974.0, ""borsa"": 1, ""fiyat"": 63650.0, ""kaynak"": ""BNB""}]","[{""usdt"": 14475827.0, ""borsa"": 3, ""fiyat"": 63750.0, ""kaynak"": ""BNB+BYB+OKX""}, {""usdt"": 11827146.0, ""borsa"": 1, ""fiyat"": 63825.0, ""kaynak"": ""BNB""}, {""usdt"": 11380425.0, ""borsa"": 1, ""fiyat"": 63775.0, ""kaynak"": ""BNB""}]",YOK,0.0201,-0.1326,0.0809,0.3286,false,0.0598,false,,0,1,3,0,1,3,22.9,24,IZLE,,25,63702.3,,,,,SEVIYE,65,14.5,2,,,,,,,1785261780,2,1,,22,745.6,21,,,
30052,2026-07-28 18:08:15.484429+00,63726.55,1927689.168125504,4694532.626999999,11752435962.2864,0.00006802599999999999,47340951.55904005,66337.629,15.9,BEKLE,true,0.0,66337.629,1.767,60.326,45626461.57077999,181.141,0.0,15.9,"[{""usdt"": 14816157.0, ""borsa"": 3, ""fiyat"": 63700.0, ""kaynak"": ""BNB+BYB+OKX""}, {""usdt"": 9301239.0, ""borsa"": 1, ""fiyat"": 63625.0, ""kaynak"": ""BNB""}, {""usdt"": 7822860.0, ""borsa"": 3, ""fiyat"": 63675.0, ""kaynak"": ""BNB+BYB+OKX""}]","[{""usdt"": 12692591.0, ""borsa"": 3, ""fiyat"": 63725.0, ""kaynak"": ""BNB+BYB+OKX""}, {""usdt"": 10133462.0, ""borsa"": 1, ""fiyat"": 63800.0, ""kaynak"": ""BNB""}, {""usdt"": 7740456.0, ""borsa"": 1, ""fiyat"": 63825.0, ""kaynak"": ""BNB""}]",YOK,0.0269,0.0184,0.7848,2.6237,true,0,false,,1,1,3,1,0,3,19.3,20.4,IZLE,,25,63702.3,,,,,SEVIYE,65,15.5,2,,,,,,,1785261780,2,1,,22,746.6,21,,,
30053,2026-07-28 18:09:15.827947+00,63699.95,2207407.625053805,4611254.625,11753820315.35,0.00006802599999999999,45297975.94039996,0.0,13.4,BEKLE,true,0.0,0.0,1.767,60.33,45974601.06291,120.656,13.4,0.0,"[{""usdt"": 14232669.0, ""borsa"": 3, ""fiyat"": 63675.0, ""kaynak"": ""BNB+BYB+OKX""}, {""usdt"": 8582618.0, ""borsa"": 1, ""fiyat"": 63625.0, ""kaynak"": ""BNB""}, {""usdt"": 8050066.0, ""borsa"": 1, ""fiyat"": 63600.0, ""kaynak"": ""BNB""}]","[{""usdt"": 10713353.0, ""borsa"": 3, ""fiyat"": 63700.0, ""kaynak"": ""BNB+BYB+OKX""}, {""usdt"": 9528075.0, ""borsa"": 1, ""fiyat"": 63800.0, ""kaynak"": ""BNB""}, {""usdt"": 8654396.0, ""borsa"": 1, ""fiyat"": 63750.0, ""kaynak"": ""BNB""}]",YOK,-0.0117,-0.0074,0.4319,4.239,true,0,false,,0,0,3,0,1,3,15.5,16.6,IZLE,,25,63702.3,,,,,SEVIYE,65,16.5,2,,,,,,,,,0,,22,747.6,21,,,
30054,2026-07-28 18:10:16.170922+00,63694.55,1612998.0698729036,4417114.152999999,11751318276.942,0.00006802599999999999,45397023.42194999,0.0,71.3,BEKLE,true,0.0,0.0,1.767,120.626,48251926.66778994,180.952,0.0,71.3,"[{""usdt"": 14949050.0, ""borsa"": 3, ""fiyat"": 63675.0, ""kaynak"": ""BNB+BYB+OKX""}, {""usdt"": 10132455.0, ""borsa"": 1, ""fiyat"": 63600.0, ""kaynak"": ""BNB""}, {""usdt"": 6634513.0, ""borsa"": 1, ""fiyat"": 63625.0, ""kaynak"": ""BNB""}]","[{""usdt"": 9919880.0, ""borsa"": 1, ""fiyat"": 63800.0, ""kaynak"": ""BNB""}, {""usdt"": 9662497.0, ""borsa"": 3, ""fiyat"": 63725.0, ""kaynak"": ""BNB+BYB+OKX""}, {""usdt"": 9376062.0, ""borsa"": 3, ""fiyat"": 63700.0, ""kaynak"": ""BNB+BYB+OKX""}]",YOK,-0.0375,-0.0305,0.083,0.5773,true,0,false,,0,1,3,1,1,3,11.8,13,IZLE,,25,63702.3,,,,,SEVIYE,65,17.6,2,,,,,,,,,0,,22,748.6,21,,,
30055,2026-07-28 18:11:16.511989+00,63718.649999999994,117344.9928345036,4189947.0310000004,11748023925.7229,0.00006802599999999999,47547644.00395005,0.0,53.9,BEKLE,true,0.0,0.0,1.767,180.971,46062528.01153995,120.641,0.0,53.9,"[{""usdt"": 16994639.0, ""borsa"": 3, ""fiyat"": 63700.0, ""kaynak"": ""BNB+BYB+OKX""}, {""usdt"": 8722129.0, ""borsa"": 1, ""fiyat"": 63650.0, ""kaynak"": ""BNB""}, {""usdt"": 7757036.0, ""borsa"": 1, ""fiyat"": 63625.0, ""kaynak"": ""BNB""}]","[{""usdt"": 10960209.0, ""borsa"": 3, ""fiyat"": 63725.0, ""kaynak"": ""BNB+BYB+OKX""}, {""usdt"": 9018033.0, ""borsa"": 1, ""fiyat"": 63825.0, ""kaynak"": ""BNB""}, {""usdt"": 8540876.0, ""borsa"": 1, ""fiyat"": 63800.0, ""kaynak"": ""BNB""}]",YOK,-0.0531,0.0159,0.211,0.0781,true,0.0112,false,,0,1,3,0,0,3,8.4,9.4,IZLE,,25,63702.3,,,,,SEVIYE,65,18.6,2,,,,,,,,,0,,22,749.6,21,,,
30056,2026-07-28 18:12:16.864539+00,63705.149999999994,639782.908362403,4970423.494,11751674026.5373,0.00006802599999999999,51321862.15034002,0.0,56.7,BEKLE,true,0.0,0.0,1.764,241.329,45355054.26922998,0,0.0,56.7,"[{""usdt"": 17862499.0, ""borsa"": 3, ""fiyat"": 63675.0, ""kaynak"": ""BNB+BYB+OKX""}, {""usdt"": 10136549.0, ""borsa"": 1, ""fiyat"": 63600.0, ""kaynak"": ""BNB""}, {""usdt"": 8478082.0, ""borsa"": 1, ""fiyat"": 63650.0, ""kaynak"": ""BNB""}]","[{""usdt"": 10814365.0, ""borsa"": 3, ""fiyat"": 63725.0, ""kaynak"": ""BNB+BYB+OKX""}, {""usdt"": 9241017.0, ""borsa"": 1, ""fiyat"": 63750.0, ""kaynak"": ""BNB""}, {""usdt"": 8009792.0, ""borsa"": 3, ""fiyat"": 63700.0, ""kaynak"": ""BNB+BYB+OKX""}]",YOK,-0.0541,0.0617,0.1351,0.1364,true,0.0383,false,,0,1,3,0,1,3,4.8,5.9,IZLE,,25,63702.3,,,,,SEVIYE,65,19.6,2,,,,,,,,,0,,22,750.6,21,,,
30057,2026-07-28 18:13:17.841048+00,63685.649999999994,502058.26249800297,4920412.142999999,11749883301.039898,0.00006802599999999999,51087514.58654007,0.0,30.6,BEKLE,true,0.0,0.0,1.764,301.693,46892525.24872999,60.364,0.0,30.6,"[{""usdt"": 16382806.0, ""borsa"": 3, ""fiyat"": 63675.0, ""kaynak"": ""BNB+BYB+OKX""}, {""usdt"": 9536515.0, ""borsa"": 1, ""fiyat"": 63650.0, ""kaynak"": ""BNB""}, {""usdt"": 7620180.0, ""borsa"": 1, ""fiyat"": 63575.0, ""kaynak"": ""BNB""}]","[{""usdt"": 11295298.0, ""borsa"": 3, ""fiyat"": 63725.0, ""kaynak"": ""BNB+BYB+OKX""}, {""usdt"": 11283730.0, ""borsa"": 3, ""fiyat"": 63700.0, ""kaynak"": ""BNB+BYB+OKX""}, {""usdt"": 8946392.0, ""borsa"": 1, ""fiyat"": 63800.0, ""kaynak"": ""BNB""}]",YOK,-0.0873,0.0428,0.7932,1.6869,true,0.0665,false,,0,1,3,0,1,3,1.3,63.7,IZLE,,25,63622.2,,,,,SEVIYE,50,751.6,76,,,,,,,,,0,,20,751.6,19,,,
30058,2026-07-28 18:14:18.463641+00,63683.149999999994,395869.28269550204,4861845.85,11745652242.3093,0.00006802599999999999,53773249.616390064,0.0,31.1,BEKLE,true,0.0,0.0,1.764,362.655,49110917.56811,121.326,0.0,31.1,"[{""usdt"": 17979244.0, ""borsa"": 3, ""fiyat"": 63675.0, ""kaynak"": ""BNB+BYB+OKX""}, {""usdt"": 12873679.0, ""borsa"": 3, ""fiyat"": 63650.0, ""kaynak"": ""BNB+BYB+OKX""}, {""usdt"": 7620180.0, ""borsa"": 1, ""fiyat"": 63575.0, ""kaynak"": ""BNB""}]","[{""usdt"": 15824315.0, ""borsa"": 3, ""fiyat"": 63700.0, ""kaynak"": ""BNB+BYB+OKX""}, {""usdt"": 8946392.0, ""borsa"": 1, ""fiyat"": 63800.0, ""kaynak"": ""BNB""}, {""usdt"": 8798801.0, ""borsa"": 1, ""fiyat"": 63750.0, ""kaynak"": ""BNB""}]",YOK,-0.0873,0.0453,0.8146,0.5602,true,0.0997,false,,0,1,3,0,0,3,62.3,63.4,IZLE,,25,63622.2,,,,,SEVIYE,50,752.6,76,,,,,,,,,0,,20,752.6,19,,,
30059,2026-07-28 18:15:18.937344+00,63685.55,289524.69572850224,4822397.804999999,11746037224.1414,0.00006802599999999999,44656872.10009004,127.3942,30.7,BEKLE,false,127.3942,0.0,1.764,182.055,46012958.89672998,182.055,0.0,30.7,"[{""usdt"": 14971173.0, ""borsa"": 3, ""fiyat"": 63650.0, ""kaynak"": ""BNB+BYB+OKX""}, {""usdt"": 7819616.0, ""borsa"": 1, ""fiyat"": 63625.0, ""kaynak"": ""BNB""}, {""usdt"": 7733761.0, ""borsa"": 1, ""fiyat"": 63600.0, ""kaynak"": ""BNB""}]","[{""usdt"": 10733039.0, ""borsa"": 3, ""fiyat"": 63675.0, ""kaynak"": ""BNB+BYB+OKX""}, {""usdt"": 8374851.0, ""borsa"": 1, ""fiyat"": 63750.0, ""kaynak"": ""BNB""}, {""usdt"": 7384110.0, ""borsa"": 3, ""fiyat"": 63700.0, ""kaynak"": ""BNB+BYB+OKX""}]",YOK,-0.1147,-0.015,0.665,0.3354,true,0.0987,false,,0,1,3,0,1,3,59.2,60.2,IZLE,,25,63622.2,,,,,SEVIYE,50,753.6,76,,,,,,,1785262380,1,0,,20,753.6,19,,,
30060,2026-07-28 18:16:19.425547+00,63686.45,-1291867.4939225016,-660161.5270000001,11739672081.734299,0.00006802599999999999,43542924.53974998,127.3942,49.8,BEKLE,false,127.3942,0.0,1.764,0,46671080.01313002,60.394,49.8,0.0,"[{""usdt"": 14165564.0, ""borsa"": 3, ""fiyat"": 63650.0, ""kaynak"": ""BNB+BYB+OKX""}, {""usdt"": 8126632.0, ""borsa"": 2, ""fiyat"": 63625.0, ""kaynak"": ""BNB+BYB""}, {""usdt"": 7253864.0, ""borsa"": 1, ""fiyat"": 63600.0, ""kaynak"": ""BNB""}]","[{""usdt"": 11901098.0, ""borsa"": 3, ""fiyat"": 63675.0, ""kaynak"": ""BNB+BYB+OKX""}, {""usdt"": 8919033.0, ""borsa"": 1, ""fiyat"": 63750.0, ""kaynak"": ""BNB""}, {""usdt"": 8499774.0, ""borsa"": 3, ""fiyat"": 63700.0, ""kaynak"": ""BNB+BYB+OKX""}]",YOK,-0.1268,-0.0347,0.1501,0.2543,false,6.1198,false,,0,1,3,0,1,3,55.6,56.7,IZLE,,25,63622.2,,,,,SEVIYE,50,754.7,76,PCT,0.56,0.0,18.374469487369822,false,0.012,1785262380,1,1,,20,754.7,19,,,
30061,2026-07-28 18:17:20.759448+00,63684.75,-1761754.3245351026,-697540.6930000001,11741165260.952,0.00006802599999999999,43423765.608260006,127.3942,52.5,BEKLE,false,127.3942,0.0,1.764,61.469,47350660.0782,61.469,52.5,0.0,"[{""usdt"": 13174154.0, ""borsa"": 3, ""fiyat"": 63650.0, ""kaynak"": ""BNB+BYB+OKX""}, {""usdt"": 9761698.0, ""borsa"": 1, ""fiyat"": 63600.0, ""kaynak"": ""BNB""}, {""usdt"": 7421173.0, ""borsa"": 1, ""fiyat"": 63575.0, ""kaynak"": ""BNB""}]","[{""usdt"": 13089490.0, ""borsa"": 3, ""fiyat"": 63700.0, ""kaynak"": ""BNB+BYB+OKX""}, {""usdt"": 7635679.0, ""borsa"": 1, ""fiyat"": 63725.0, ""kaynak"": ""BNB""}, {""usdt"": 7041030.0, ""borsa"": 1, ""fiyat"": 63750.0, ""kaynak"": ""BNB""}]",YOK,-0.1068,-0.0433,0.2048,0.129,false,,false,0,0,1,3,0,1,3,53.3,54.3,IZLE,,25,63622.2,,,,,SEVIYE,50,755.7,76,,,,,,,1785262380,1,2,,20,755.7,19,,,
30062,2026-07-28 18:18:20.957984+00,63683.649999999994,-1915841.323212602,-697721.922,11736005813.9914,0.00006802599999999999,53921127.78339004,127.3942,70.2,BEKLE,true,127.3942,0.0,1.7609,0,45635203.04461999,0,70.2,0.0,"[{""usdt"": 17072953.0, ""borsa"": 3, ""fiyat"": 63625.0, ""kaynak"": ""BNB+BYB+OKX""}, {""usdt"": 9826198.0, ""borsa"": 3, ""fiyat"": 63650.0, ""kaynak"": ""BNB+BYB+OKX""}, {""usdt"": 9530337.0, ""borsa"": 1, ""fiyat"": 63550.0, ""kaynak"": ""BNB""}]","[{""usdt"": 10005339.0, ""borsa"": 3, ""fiyat"": 63675.0, ""kaynak"": ""BNB+BYB+OKX""}, {""usdt"": 9044382.0, ""borsa"": 3, ""fiyat"": 63650.0, ""kaynak"": ""BNB+BYB+OKX""}, {""usdt"": 7682065.0, ""borsa"": 1, ""fiyat"": 63700.0, ""kaynak"": ""BNB""}]",YOK,-0.0839,0.0832,0.2074,0.0127,false,,true,0,1,2,3,0,0,3,49.7,50.7,IZLE,,25,63622.2,,,,,SEVIYE,50,756.7,76,,,,,,,1785262380,1,3,,20,756.7,19,,,
30063,2026-07-28 18:19:21.35327+00,63666.25,-1783790.6727054021,-981427.4210000001,11738866731.8976,0.00006802599999999999,49160236.502060056,0.0,66.4,BEKLE,,0.0,0.0,1.7609,60.311,44005135.789019965,60.311,66.4,0.0,"[{""usdt"": 14396508.0, ""borsa"": 3, ""fiyat"": 63650.0, ""kaynak"": ""BNB+BYB+OKX""}, {""usdt"": 9251832.0, ""borsa"": 1, ""fiyat"": 63600.0, ""kaynak"": ""BNB""}, {""usdt"": 8776855.0, ""borsa"": 1, ""fiyat"": 63575.0, ""kaynak"": ""BNB""}]","[{""usdt"": 10823554.0, ""borsa"": 3, ""fiyat"": 63700.0, ""kaynak"": ""BNB+BYB+OKX""}, {""usdt"": 9739896.0, ""borsa"": 1, ""fiyat"": 63775.0, ""kaynak"": ""BNB""}, {""usdt"": 8636083.0, ""borsa"": 1, ""fiyat"": 63725.0, ""kaynak"": ""BNB""}]",YOK,-0.0482,0.0553,0.1848,0.1063,false,,true,0,1,1,3,0,0,3,45.8,46.9,IZLE,,25,63622.2,,,,,SEVIYE,50,757.7,76,,,,,,,,,0,,20,757.7,19,,,
30064,2026-07-28 18:20:21.64294+00,63673.95,-1944422.8910184018,-1003585.2810000002,11738943502.3936,0.00006802599999999999,54091725.737400025,0.0,80.3,BEKLE,,0.0,0.0,1.7609,120.612,45632397.00672001,120.612,80.3,0.0,"[{""usdt"": 19628290.0, ""borsa"": 3, ""fiyat"": 63650.0, ""kaynak"": ""BNB+BYB+OKX""}, {""usdt"": 10840061.0, ""borsa"": 1, ""fiyat"": 63575.0, ""kaynak"": ""BNB""}, {""usdt"": 10455305.0, ""borsa"": 3, ""fiyat"": 63625.0, ""kaynak"": ""BNB+BYB+OKX""}]","[{""usdt"": 12964005.0, ""borsa"": 3, ""fiyat"": 63675.0, ""kaynak"": ""BNB+BYB+OKX""}, {""usdt"": 9167173.0, ""borsa"": 1, ""fiyat"": 63775.0, ""kaynak"": ""BNB""}, {""usdt"": 8177524.0, ""borsa"": 1, ""fiyat"": 63725.0, ""kaynak"": ""BNB""}]",YOK,-0.082,0.0848,0.189,0.0728,false,,true,0,1,1,3,0,0,3,42.3,43.3,IZLE,,25,63622.2,,,,,SEVIYE,50,758.7,76,,,,,,,,,0,,20,758.7,19,,,
30065,2026-07-28 18:21:22.027325+00,63690.05,-1229307.0032925021,-640373.5620000002,11738267004.347599,0.00006802599999999999,50177690.959150024,0.0,6.1,BEKLE,,0.0,0.0,1.7609,180.925,45716298.492690004,180.925,0.0,6.1,"[{""usdt"": 15112373.0, ""borsa"": 3, ""fiyat"": 63650.0, ""kaynak"": ""BNB+BYB+OKX""}, {""usdt"": 10740041.0, ""borsa"": 1, ""fiyat"": 63575.0, ""kaynak"": ""BNB""}, {""usdt"": 7630900.0, ""borsa"": 1, ""fiyat"": 63600.0, ""kaynak"": ""BNB""}]","[{""usdt"": 14009301.0, ""borsa"": 3, ""fiyat"": 63700.0, ""kaynak"": ""BNB+BYB+OKX""}, {""usdt"": 10205073.0, ""borsa"": 1, ""fiyat"": 63775.0, ""kaynak"": ""BNB""}, {""usdt"": 7135153.0, ""borsa"": 1, ""fiyat"": 63725.0, ""kaynak"": ""BNB""}]",YOK,-0.0263,0.0465,,,false,,false,0,1,1,3,1,1,3,38.5,39.6,IZLE,,25,63622.2,,,,,SEVIYE,50,759.7,76,,,,,,,,,0,,20,759.7,19,,,
30066,2026-07-28 18:22:23.150165+00,63704.45,-1099116.074964502,-635861.2180000001,11742961214.089201,0.00006802599999999999,50855946.663970016,0.0,10.0,BEKLE,false,0.0,0.0,1.7609,181.722,46659254.85398997,0,0.0,10.0,"[{""usdt"": 14738921.0, ""borsa"": 3, ""fiyat"": 63675.0, ""kaynak"": ""BNB+BYB+OKX""}, {""usdt"": 9581398.0, ""borsa"": 1, ""fiyat"": 63625.0, ""kaynak"": ""BNB""}, {""usdt"": 8834120.0, ""borsa"": 1, ""fiyat"": 63600.0, ""kaynak"": ""BNB""}]","[{""usdt"": 13645219.0, ""borsa"": 3, ""fiyat"": 63700.0, ""kaynak"": ""BNB+BYB+OKX""}, {""usdt"": 9237823.0, ""borsa"": 3, ""fiyat"": 63725.0, ""kaynak"": ""BNB+BYB+OKX""}, {""usdt"": 8495833.0, ""borsa"": 1, ""fiyat"": 63800.0, ""kaynak"": ""BNB""}]",YOK,-0.0573,0.043,0.8672,1.9123,false,,false,0,0,1,3,0,1,3,35.5,36.6,YOK,,0,63786.1,,,,,SEVIYE,90,39.7,4,,,,,,,,,0,,20,760.7,19,,,
30067,2026-07-28 18:23:23.650419+00,63689.850000000006,-1111663.5842923024,-2428846.6650000005,11745320578.4279,0.00006802599999999999,46844226.32333999,0.0,37.4,BEKLE,true,0.0,0.0,1.7609,60.489,46766599.94052999,60.489,37.4,0.0,"[{""usdt"": 14589217.0, ""borsa"": 3, ""fiyat"": 63675.0, ""kaynak"": ""BNB+BYB+OKX""}, {""usdt"": 10494137.0, ""borsa"": 1, ""fiyat"": 63625.0, ""kaynak"": ""BNB""}, {""usdt"": 6527518.0, ""borsa"": 1, ""fiyat"": 63600.0, ""kaynak"": ""BNB""}]","[{""usdt"": 10397801.0, ""borsa"": 3, ""fiyat"": 63725.0, ""kaynak"": ""BNB+BYB+OKX""}, {""usdt"": 8980597.0, ""borsa"": 1, ""fiyat"": 63800.0, ""kaynak"": ""BNB""}, {""usdt"": 8410458.0, ""borsa"": 1, ""fiyat"": 63750.0, ""kaynak"": ""BNB""}]",YOK,-0.0058,0.0008,0.2203,0.127,false,,false,0,0,1,3,0,0,3,32.1,33.1,IZLE,,25,63707.5,,,,,SEVIYE,65,0.6,1,,,,,,,,,0,,23,761.7,22,,,
30068,2026-07-28 18:24:24.148943+00,63712.55,-865815.5217415033,-2016681.634,11745436438.9906,0.00006802599999999999,46884287.831839964,0.0,34.0,BEKLE,false,0.0,0.0,1.7609,60.478,47866968.78115001,120.967,34.0,0.0,"[{""usdt"": 11918306.0, ""borsa"": 3, ""fiyat"": 63675.0, ""kaynak"": ""BNB+BYB+OKX""}, {""usdt"": 10218568.0, ""borsa"": 1, ""fiyat"": 63625.0, ""kaynak"": ""BNB""}, {""usdt"": 9491103.0, ""borsa"": 3, ""fiyat"": 63700.0, ""kaynak"": ""BNB+BYB+OKX""}]","[{""usdt"": 11418381.0, ""borsa"": 3, ""fiyat"": 63725.0, ""kaynak"": ""BNB+BYB+OKX""}, {""usdt"": 10533170.0, ""borsa"": 1, ""fiyat"": 63800.0, ""kaynak"": ""BNB""}, {""usdt"": 8396188.0, ""borsa"": 1, ""fiyat"": 63775.0, ""kaynak"": ""BNB""}]",YOK,-0.0922,-0.0104,0.3503,1.3219,false,,false,0,0,1,3,0,0,3,28.4,29.5,IZLE,,25,63707.5,,,,,SEVIYE,65,1.7,1,,,,,,,,,0,,23,762.7,22,,,
30069,2026-07-28 18:25:25.380122+00,63676.95,-925223.9299666019,-1982359.265,11746295808.351501,0.00006802599999999999,48446846.73388,0.0,25.9,BEKLE,true,0.0,0.0,1.7609,61.231,51324023.88460997,182.198,25.9,0.0,"[{""usdt"": 14355693.0, ""borsa"": 3, ""fiyat"": 63650.0, ""kaynak"": ""BNB+BYB+OKX""}, {""usdt"": 12517610.0, ""borsa"": 3, ""fiyat"": 63675.0, ""kaynak"": ""BNB+BYB+OKX""}, {""usdt"": 8344034.0, ""borsa"": 1, ""fiyat"": 63625.0, ""kaynak"": ""BNB""}]","[{""usdt"": 14697069.0, ""borsa"": 3, ""fiyat"": 63700.0, ""kaynak"": ""BNB+BYB+OKX""}, {""usdt"": 10086338.0, ""borsa"": 1, ""fiyat"": 63775.0, ""kaynak"": ""BNB""}, {""usdt"": 9241749.0, ""borsa"": 1, ""fiyat"": 63800.0, ""kaynak"": ""BNB""}]",YOK,-0.0832,-0.0288,0.3877,0.0854,false,,false,0,0,1,3,0,1,3,25.8,26.8,IZLE,,25,63707.5,,,,,SEVIYE,65,2.7,1,,,,,,,,,0,,23,763.8,22,,,
30070,2026-07-28 18:26:25.810051+00,63657.649999999994,-1100691.4964237004,-2393339.585,11742985627.074898,0.00006802599999999999,53511882.577159986,0.0,50.3,BEKLE,true,0.0,0.0,1.7609,121.754,46682806.507099986,0,50.3,0.0,"[{""usdt"": 16252354.0, ""borsa"": 3, ""fiyat"": 63650.0, ""kaynak"": ""BNB+BYB+OKX""}, {""usdt"": 10603803.0, ""borsa"": 1, ""fiyat"": 63575.0, ""kaynak"": ""BNB""}, {""usdt"": 8881836.0, ""borsa"": 2, ""fiyat"": 63625.0, ""kaynak"": ""BNB+BYB""}]","[{""usdt"": 13304376.0, ""borsa"": 3, ""fiyat"": 63675.0, ""kaynak"": ""BNB+BYB+OKX""}, {""usdt"": 8681148.0, ""borsa"": 1, ""fiyat"": 63775.0, ""kaynak"": ""BNB""}, {""usdt"": 7968926.0, ""borsa"": 1, ""fiyat"": 63725.0, ""kaynak"": ""BNB""}]",YOK,-0.1524,0.0682,0.0427,0.8046,false,,false,0,0,2,3,0,1,3,22.4,23.5,IZLE,,25,63622.2,,,,,SEVIYE,50,764.8,77,,,,,,,,,0,,23,764.8,22,,,
30071,2026-07-28 18:27:26.271532+00,63683.149999999994,-1225142.8926797998,-2378494.039,11743108793.344099,0.00006802599999999999,56704079.62845002,0.0,58.6,BEKLE,true,0.0,0.0,1.7601,0,42308334.96401002,0,58.6,0.0,"[{""usdt"": 21867589.0, ""borsa"": 3, ""fiyat"": 63650.0, ""kaynak"": ""BNB+BYB+OKX""}, {""usdt"": 7803065.0, ""borsa"": 1, ""fiyat"": 63550.0, ""kaynak"": ""BNB""}, {""usdt"": 7599449.0, ""borsa"": 1, ""fiyat"": 63600.0, ""kaynak"": ""BNB""}]","[{""usdt"": 10340050.0, ""borsa"": 3, ""fiyat"": 63700.0, ""kaynak"": ""BNB+BYB+OKX""}, {""usdt"": 9832693.0, ""borsa"": 1, ""fiyat"": 63725.0, ""kaynak"": ""BNB""}, {""usdt"": 7800486.0, ""borsa"": 3, ""fiyat"": 63675.0, ""kaynak"": ""BNB+BYB+OKX""}]",YOK,-0.1135,0.1454,0.0421,0.5323,false,,false,0,0,1,3,2,0,3,18.9,20,IZLE,,25,63707.5,,,,,SEVIYE,65,4.7,1,,,,,,,,,0,,23,765.8,22,,,
30072,2026-07-28 18:28:26.651685+00,63676.95,-2060526.7603429,-1909634.856,11745076042.9946,0.00006802599999999999,54582625.20577998,0.0,26.3,BEKLE,false,0.0,0.0,1.7601,60.458,49261865.98170996,60.458,0.0,26.3,"[{""usdt"": 23120739.0, ""borsa"": 3, ""fiyat"": 63650.0, ""kaynak"": ""BNB+BYB+OKX""}, {""usdt"": 10028419.0, ""borsa"": 1, ""fiyat"": 63600.0, ""kaynak"": ""BNB""}, {""usdt"": 8277918.0, ""borsa"": 1, ""fiyat"": 63575.0, ""kaynak"": ""BNB""}]","[{""usdt"": 11598748.0, ""borsa"": 3, ""fiyat"": 63675.0, ""kaynak"": ""BNB+BYB+OKX""}, {""usdt"": 9969937.0, ""borsa"": 1, ""fiyat"": 63775.0, ""kaynak"": ""BNB""}, {""usdt"": 9263231.0, ""borsa"": 1, ""fiyat"": 63750.0, ""kaynak"": ""BNB""}]",YOK,-0.0967,0.0512,0.5264,0.5352,false,,false,0,0,1,3,1,0,3,15.5,16.6,IZLE,,25,63707.5,,,,,SEVIYE,65,5.7,1,,,,,,,,,0,,23,766.8,22,,,
30073,2026-07-28 18:29:26.958023+00,63679.850000000006,-2097040.5899264999,-1911321.747,11744490128.259998,0.00006802599999999999,49322569.26268002,0.0,20.9,BEKLE,false,0.0,0.0,1.7601,120.718,48459950.93963995,120.718,0.0,20.9,"[{""usdt"": 13693842.0, ""borsa"": 3, ""fiyat"": 63650.0, ""kaynak"": ""BNB+BYB+OKX""}, {""usdt"": 10348188.0, ""borsa"": 1, ""fiyat"": 63600.0, ""kaynak"": ""BNB""}, {""usdt"": 8819345.0, ""borsa"": 1, ""fiyat"": 63575.0, ""kaynak"": ""BNB""}]","[{""usdt"": 11001981.0, ""borsa"": 3, ""fiyat"": 63700.0, ""kaynak"": ""BNB+BYB+OKX""}, {""usdt"": 9743141.0, ""borsa"": 1, ""fiyat"": 63775.0, ""kaynak"": ""BNB""}, {""usdt"": 8584597.0, ""borsa"": 1, ""fiyat"": 63750.0, ""kaynak"": ""BNB""}]",YOK,-0.0548,0.0088,0.8766,1.7406,false,,false,0,1,1,3,0,1,3,11.9,13,IZLE,,25,63707.5,,,,,SEVIYE,65,6.7,1,,,,,,,,,0,,23,767.8,22,,,
30074,2026-07-28 18:30:27.263204+00,63698.55,-2361107.6208513007,-1915990.576,11743332674.2523,0.00006802599999999999,55749530.062830016,0.0,13.7,BEKLE,false,0.0,0.0,1.7601,120.647,47952241.87719996,120.647,0.0,13.7,"[{""usdt"": 21535241.0, ""borsa"": 3, ""fiyat"": 63675.0, ""kaynak"": ""BNB+BYB+OKX""}, {""usdt"": 10063003.0, ""borsa"": 3, ""fiyat"": 63650.0, ""kaynak"": ""BNB+BYB+OKX""}, {""usdt"": 8524964.0, ""borsa"": 1, ""fiyat"": 63575.0, ""kaynak"": ""BNB""}]","[{""usdt"": 14778801.0, ""borsa"": 3, ""fiyat"": 63700.0, ""kaynak"": ""BNB+BYB+OKX""}, {""usdt"": 9679532.0, ""borsa"": 1, ""fiyat"": 63800.0, ""kaynak"": ""BNB""}, {""usdt"": 9082639.0, ""borsa"": 1, ""fiyat"": 63750.0, ""kaynak"": ""BNB""}]",YOK,-0.0626,0.0752,0.9294,1.0457,false,,false,0,0,1,3,1,1,3,8.4,9.5,IZLE,,25,63707.5,,,,,SEVIYE,65,7.7,1,,,,,,,,,0,,23,768.8,22,,,
30075,2026-07-28 18:31:27.721985+00,63654.350000000006,-1107184.0337470984,-1091342.028,11741925451.4939,0.00006802599999999999,49441704.80470005,0.0,48.4,BEKLE,false,0.0,0.0,1.7601,0,47412188.54136997,0,0.0,48.4,"[{""usdt"": 11524510.0, ""borsa"": 3, ""fiyat"": 63650.0, ""kaynak"": ""BNB+BYB+OKX""}, {""usdt"": 11305617.0, ""borsa"": 3, ""fiyat"": 63625.0, ""kaynak"": ""BNB+BYB+OKX""}, {""usdt"": 8524508.0, ""borsa"": 1, ""fiyat"": 63600.0, ""kaynak"": ""BNB""}]","[{""usdt"": 12992568.0, ""borsa"": 3, ""fiyat"": 63675.0, ""kaynak"": ""BNB+BYB+OKX""}, {""usdt"": 9097908.0, ""borsa"": 1, ""fiyat"": 63725.0, ""kaynak"": ""BNB""}, {""usdt"": 7372487.0, ""borsa"": 1, ""fiyat"": 63750.0, ""kaynak"": ""BNB""}]",YOK,-0.1106,0.021,0.003,0.115,false,,true,0.2256,0,1,3,0,1,3,4.6,5.6,IZLE,,25,63622.2,,,,,SEVIYE,50,769.8,77,,,,,,,,,0,,23,769.8,22,,,
30076,2026-07-28 18:32:28.742829+00,63674.75,-1426818.0982921985,-1131438.7909999997,11739437468.400501,0.00006802599999999999,46731328.9841,0.0,47.7,BEKLE,false,0.0,0.0,1.7586,61.029,48856849.60526995,61.029,0.0,47.7,"[{""usdt"": 12462538.0, ""borsa"": 3, ""fiyat"": 63650.0, ""kaynak"": ""BNB+BYB+OKX""}, {""usdt"": 9585322.0, ""borsa"": 3, ""fiyat"": 63625.0, ""kaynak"": ""BNB+BYB+OKX""}, {""usdt"": 8267346.0, ""borsa"": 1, ""fiyat"": 63575.0, ""kaynak"": ""BNB""}]","[{""usdt"": 9065154.0, ""borsa"": 1, ""fiyat"": 63725.0, ""kaynak"": ""BNB""}, {""usdt"": 8728288.0, ""borsa"": 3, ""fiyat"": 63675.0, ""kaynak"": ""BNB+BYB+OKX""}, {""usdt"": 8708466.0, ""borsa"": 1, ""fiyat"": 63775.0, ""kaynak"": ""BNB""}]",YOK,-0.0323,-0.0222,0.0895,0.2789,false,,false,0.0554,0,1,3,0,1,3,1.3,64.1,IZLE,,25,63707.5,,,,,SEVIYE,65,9.7,1,,,,,,,,,0,,23,770.8,22,,,
30077,2026-07-28 18:33:29.054097+00,63709.25,-1105301.5371433971,-1116581.9829999998,11743509028.141998,0.00006802599999999999,48754941.231139995,0.0,31.3,BEKLE,false,0.0,0.0,1.7586,121.421,49352344.89867996,121.421,0.0,31.3,"[{""usdt"": 17429178.0, ""borsa"": 3, ""fiyat"": 63650.0, ""kaynak"": ""BNB+BYB+OKX""}, {""usdt"": 8267346.0, ""borsa"": 1, ""fiyat"": 63575.0, ""kaynak"": ""BNB""}, {""usdt"": 7863693.0, ""borsa"": 1, ""fiyat"": 63600.0, ""kaynak"": ""BNB""}]","[{""usdt"": 10406271.0, ""borsa"": 3, ""fiyat"": 63675.0, ""kaynak"": ""BNB+BYB+OKX""}, {""usdt"": 9065154.0, ""borsa"": 1, ""fiyat"": 63725.0, ""kaynak"": ""BNB""}, {""usdt"": 8806119.0, ""borsa"": 3, ""fiyat"": 63700.0, ""kaynak"": ""BNB+BYB+OKX""}]",YOK,-0.0323,-0.0061,0.4221,1.0911,false,,true,0.0748,0,1,3,0,0,3,61.6,62.7,IZLE,,25,63757.6,,,,,SEVIYE,50,50.8,6,,,,,,,,,0,,21,771.8,20,,,
30078,2026-07-28 18:34:29.488546+00,63720.149999999994,-797082.1960614972,-1036836.209,11751727320.1768,0.00006802599999999999,48160232.27109,0.0,34.5,BEKLE,false,0.0,0.0,1.7586,0,55389965.40624999,0,0.0,34.5,"[{""usdt"": 11879169.0, ""borsa"": 3, ""fiyat"": 63675.0, ""kaynak"": ""BNB+BYB+OKX""}, {""usdt"": 10041829.0, ""borsa"": 3, ""fiyat"": 63700.0, ""kaynak"": ""BNB+BYB+OKX""}, {""usdt"": 8901897.0, ""borsa"": 1, ""fiyat"": 63625.0, ""kaynak"": ""BNB""}]","[{""usdt"": 19645322.0, ""borsa"": 3, ""fiyat"": 63725.0, ""kaynak"": ""BNB+BYB+OKX""}, {""usdt"": 10086021.0, ""borsa"": 1, ""fiyat"": 63800.0, ""kaynak"": ""BNB""}, {""usdt"": 8703617.0, ""borsa"": 1, ""fiyat"": 63750.0, ""kaynak"": ""BNB""}]",YOK,-0.0507,-0.0698,0.4741,1.1235,false,,false,0.1333,0,1,3,0,2,3,58,59.1,IZLE,,25,63757.6,,,,,SEVIYE,50,51.8,6,,,,,,,,,0,,21,772.8,20,,,
30079,2026-07-28 18:35:30.016298+00,63721.850000000006,-1083327.9221582967,335850.592,11750950738.9356,0.00006802599999999999,47137392.92409997,0.0,49.9,BEKLE,false,0.0,0.0,1.7586,60.432,52287171.53698993,60.432,0.0,49.9,"[{""usdt"": 13769572.0, ""borsa"": 3, ""fiyat"": 63700.0, ""kaynak"": ""BNB+BYB+OKX""}, {""usdt"": 9113243.0, ""borsa"": 1, ""fiyat"": 63625.0, ""kaynak"": ""BNB""}, {""usdt"": 8662171.0, ""borsa"": 1, ""fiyat"": 63650.0, ""kaynak"": ""BNB""}]","[{""usdt"": 13089161.0, ""borsa"": 3, ""fiyat"": 63750.0, ""kaynak"": ""BNB+BYB+OKX""}, {""usdt"": 11438178.0, ""borsa"": 1, ""fiyat"": 63825.0, ""kaynak"": ""BNB""}, {""usdt"": 11165824.0, ""borsa"": 3, ""fiyat"": 63725.0, ""kaynak"": ""BNB+BYB+OKX""}]",YOK,-0.0398,-0.0518,0.256,0.3568,false,,false,,0,1,3,0,2,3,54.6,55.7,IZLE,,25,63757.6,,,,,SEVIYE,50,52.8,6,,,,,,,,,0,,21,773.8,20,,,
30080,2026-07-28 18:36:30.426189+00,63690.149999999994,-1385455.2403947967,358543.818,11746828331.7394,0.00006802599999999999,47097785.42617999,0.0,46.0,BEKLE,false,0.0,0.0,1.7594,121.132,46956592.753790006,121.132,0.0,46.0,"[{""usdt"": 16387774.0, ""borsa"": 3, ""fiyat"": 63675.0, ""kaynak"": ""BNB+BYB+OKX""}, {""usdt"": 8883575.0, ""borsa"": 2, ""fiyat"": 63650.0, ""kaynak"": ""BNB+OKX""}, {""usdt"": 7852723.0, ""borsa"": 1, ""fiyat"": 63625.0, ""kaynak"": ""BNB""}]","[{""usdt"": 11974296.0, ""borsa"": 3, ""fiyat"": 63700.0, ""kaynak"": ""BNB+BYB+OKX""}, {""usdt"": 8502032.0, ""borsa"": 3, ""fiyat"": 63725.0, ""kaynak"": ""BNB+BYB+OKX""}, {""usdt"": 7457702.0, ""borsa"": 1, ""fiyat"": 63800.0, ""kaynak"": ""BNB""}]",YOK,-0.097,0.0015,0.1043,1.0257,false,,false,,0,1,3,0,1,3,51.4,52.5,YOK,,0,63757.6,,,,,SEVIYE,50,53.8,6,,,,,,,,,0,,21,774.8,20,,,
30081,2026-07-28 18:37:30.821122+00,63717.350000000006,-1436998.0522149964,341826.969,11745992786.9767,0.00006802599999999999,50109945.325560026,0.0,44.6,BEKLE,true,0.0,0.0,1.7594,0,51392314.199499965,0,0.0,44.6,"[{""usdt"": 13869300.0, ""borsa"": 3, ""fiyat"": 63675.0, ""kaynak"": ""BNB+BYB+OKX""}, {""usdt"": 9342030.0, ""borsa"": 3, ""fiyat"": 63650.0, ""kaynak"": ""BNB+BYB+OKX""}, {""usdt"": 9113154.0, ""borsa"": 1, ""fiyat"": 63625.0, ""kaynak"": ""BNB""}]","[{""usdt"": 15878258.0, ""borsa"": 3, ""fiyat"": 63700.0, ""kaynak"": ""BNB+BYB+OKX""}, {""usdt"": 11289965.0, ""borsa"": 1, ""fiyat"": 63800.0, ""kaynak"": ""BNB""}, {""usdt"": 9026063.0, ""borsa"": 1, ""fiyat"": 63750.0, ""kaynak"": ""BNB""}]",YOK,-0.0323,-0.0126,0.0042,1.335,false,,false,,0,1,3,1,1,3,47.8,48.9,IZLE,,25,63757.6,,,,,SEVIYE,50,54.8,6,,,,,,,,,0,,21,775.8,20,,,
30082,2026-07-28 18:38:31.289876+00,63718.25,-1156035.200018796,403729.104,11752296145.577198,0.00006802599999999999,46458017.74742997,0.0,60.6,BEKLE,true,0.0,0.0,1.7594,60.437,58240978.72140993,0,0.0,60.6,"[{""usdt"": 15031321.0, ""borsa"": 3, ""fiyat"": 63700.0, ""kaynak"": ""BNB+BYB+OKX""}, {""usdt"": 8974386.0, ""borsa"": 1, ""fiyat"": 63625.0, ""kaynak"": ""BNB""}, {""usdt"": 8616417.0, ""borsa"": 1, ""fiyat"": 63650.0, ""kaynak"": ""BNB""}]","[{""usdt"": 13732933.0, ""borsa"": 3, ""fiyat"": 63750.0, ""kaynak"": ""BNB+BYB+OKX""}, {""usdt"": 13565309.0, ""borsa"": 3, ""fiyat"": 63725.0, ""kaynak"": ""BNB+BYB+OKX""}, {""usdt"": 10455474.0, ""borsa"": 1, ""fiyat"": 63825.0, ""kaynak"": ""BNB""}]",YOK,-0.0782,-0.1125,0.0198,0.2689,false,,false,0.8699,0,1,3,0,1,3,44.4,45.4,IZLE,,25,63757.6,,,,,SEVIYE,50,55.8,6,,,,,,,,,0,,21,776.9,20,,,
30083,2026-07-28 18:39:31.580093+00,63699.55,-1369630.7592961963,284143.80899999995,11746522250.4165,0.00006802599999999999,50733035.28836004,1019.6432,52.3,BEKLE,true,1019.6432,0.0,1.7594,120.898,56697559.69383994,60.461,0.0,52.3,"[{""usdt"": 15374600.0, ""borsa"": 3, ""fiyat"": 63700.0, ""kaynak"": ""BNB+BYB+OKX""}, {""usdt"": 11352943.0, ""borsa"": 1, ""fiyat"": 63625.0, ""kaynak"": ""BNB""}, {""usdt"": 7821043.0, ""borsa"": 1, ""fiyat"": 63650.0, ""kaynak"": ""BNB""}]","[{""usdt"": 15186709.0, ""borsa"": 3, ""fiyat"": 63750.0, ""kaynak"": ""BNB+BYB+OKX""}, {""usdt"": 11751107.0, ""borsa"": 1, ""fiyat"": 63825.0, ""kaynak"": ""BNB""}, {""usdt"": 9934237.0, ""borsa"": 3, ""fiyat"": 63725.0, ""kaynak"": ""BNB+BYB+OKX""}]",YOK,-0.0022,-0.0555,0.2081,0.5721,false,,false,0.9928,0,0,3,0,1,3,41,42.1,IZLE,,25,63757.6,,,,,SEVIYE,50,56.8,6,,,,,,,1785263880,1,0,,21,777.9,20,,,
30084,2026-07-28 18:40:31.843876+00,63702.149999999994,-28023.374691796686,-123496.05200000001,11747769986.653702,0.00006802599999999999,48311839.80924998,1019.6432,20.8,BEKLE,false,1019.6432,0.0,1.7594,60.204,45047037.393459946,120.665,20.8,0.0,"[{""usdt"": 15337812.0, ""borsa"": 3, ""fiyat"": 63675.0, ""kaynak"": ""BNB+BYB+OKX""}, {""usdt"": 9671886.0, ""borsa"": 1, ""fiyat"": 63625.0, ""kaynak"": ""BNB""}, {""usdt"": 7770872.0, ""borsa"": 1, ""fiyat"": 63650.0, ""kaynak"": ""BNB""}]","[{""usdt"": 9920691.0, ""borsa"": 3, ""fiyat"": 63725.0, ""kaynak"": ""BNB+BYB+OKX""}, {""usdt"": 9143170.0, ""borsa"": 1, ""fiyat"": 63800.0, ""kaynak"": ""BNB""}, {""usdt"": 8209287.0, ""borsa"": 1, ""fiyat"": 63750.0, ""kaynak"": ""BNB""}]",YOK,-0.0107,0.035,0.5822,0.8302,false,,false,0.8,1,1,3,0,0,3,37.3,38.4,IZLE,,25,63757.6,,,,,SEVIYE,50,57.8,6,,,,,,,1785263880,1,1,,21,778.9,20,,,
30085,2026-07-28 18:41:32.477665+00,63701.55,-36628.580363396795,-107342.71599999999,11747093419.130898,0.00006802599999999999,49139240.91953997,1083.3446,23.5,BEKLE,false,1083.3446,0.0,1.7594,120.512,51991092.60170993,180.973,23.5,0.0,"[{""usdt"": 14732854.0, ""borsa"": 3, ""fiyat"": 63675.0, ""kaynak"": ""BNB+BYB+OKX""}, {""usdt"": 10352125.0, ""borsa"": 1, ""fiyat"": 63600.0, ""kaynak"": ""BNB""}, {""usdt"": 7411501.0, ""borsa"": 1, ""fiyat"": 63650.0, ""kaynak"": ""BNB""}]","[{""usdt"": 15462813.0, ""borsa"": 3, ""fiyat"": 63725.0, ""kaynak"": ""BNB+BYB+OKX""}, {""usdt"": 10307895.0, ""borsa"": 1, ""fiyat"": 63775.0, ""kaynak"": ""BNB""}, {""usdt"": 10028719.0, ""borsa"": 1, ""fiyat"": 63800.0, ""kaynak"": ""BNB""}]",YOK,0.0059,-0.0282,0.6371,0.4115,false,,false,1.1724,1,0,3,0,1,3,33.5,34.6,IZLE,,25,63757.6,,,,,SEVIYE,50,58.8,6,,,,,,,1785264000,1,0,,21,779.9,20,,,
30086,2026-07-28 18:42:32.810737+00,63700.55,-248320.59923719737,-111036.95999999999,11747096574.740501,0.00006802599999999999,47168269.73425999,1083.3446,25.1,BEKLE,true,1083.3446,0.0,1.7601,181.253,47549614.29251992,241.714,25.1,0.0,"[{""usdt"": 12417134.0, ""borsa"": 3, ""fiyat"": 63675.0, ""kaynak"": ""BNB+BYB+OKX""}, {""usdt"": 12154971.0, ""borsa"": 3, ""fiyat"": 63650.0, ""kaynak"": ""BNB+BYB+OKX""}, {""usdt"": 9519388.0, ""borsa"": 1, ""fiyat"": 63600.0, ""kaynak"": ""BNB""}]","[{""usdt"": 11555805.0, ""borsa"": 3, ""fiyat"": 63700.0, ""kaynak"": ""BNB+BYB+OKX""}, {""usdt"": 10749769.0, ""borsa"": 1, ""fiyat"": 63800.0, ""kaynak"": ""BNB""}, {""usdt"": 8039004.0, ""borsa"": 1, ""fiyat"": 63750.0, ""kaynak"": ""BNB""}]",YOK,-0.0791,-0.004,0.6142,0.6631,false,,false,0.8995,1,1,3,0,0,3,30.4,31.5,IZLE,,25,63757.6,,,,,SEVIYE,50,59.8,6,,,,,,,1785264000,1,1,,21,780.9,20,,,
30087,2026-07-28 18:43:33.121826+00,63741.350000000006,339558.368393603,48549.41099999999,11756338216.722198,0.00006802599999999999,48089318.111879975,254.9592,22.8,BEKLE,false,254.9592,0.0,1.7601,181.267,58390857.49686991,120.959,22.8,0.0,"[{""usdt"": 11750033.0, ""borsa"": 3, ""fiyat"": 63725.0, ""kaynak"": ""BNB+BYB+OKX""}, {""usdt"": 10103828.0, ""borsa"": 3, ""fiyat"": 63700.0, ""kaynak"": ""BNB+BYB+OKX""}, {""usdt"": 9113224.0, ""borsa"": 1, ""fiyat"": 63625.0, ""kaynak"": ""BNB""}]","[{""usdt"": 22288947.0, ""borsa"": 3, ""fiyat"": 63750.0, ""kaynak"": ""BNB+BYB+OKX""}, {""usdt"": 11316104.0, ""borsa"": 1, ""fiyat"": 63825.0, ""kaynak"": ""BNB""}, {""usdt"": 8795299.0, ""borsa"": 1, ""fiyat"": 63800.0, ""kaynak"": ""BNB""}]",YOK,0.0358,-0.0967,0.7186,0.8537,false,,false,1.1039,0,1,3,0,2,3,26.7,27.8,IZLE,,25,63706.5,,,,,SEVIYE,65,0.8,1,,,,,,,1785264180,1,0,,23,781.9,22,,,
30088,2026-07-28 18:44:33.593564+00,63743.850000000006,-63667.36545129679,21137.291000000005,11752584643.084202,0.00006802599999999999,53846984.508669995,254.9256,29.1,BEKLE,false,254.9256,0.0,1.7601,241.611,51534345.59682,60.344,29.1,0.0,"[{""usdt"": 14853136.0, ""borsa"": 3, ""fiyat"": 63700.0, ""kaynak"": ""BNB+BYB+OKX""}, {""usdt"": 11971951.0, ""borsa"": 3, ""fiyat"": 63725.0, ""kaynak"": ""BNB+BYB+OKX""}, {""usdt"": 10026115.0, ""borsa"": 1, ""fiyat"": 63650.0, ""kaynak"": ""BNB""}]","[{""usdt"": 12784902.0, ""borsa"": 3, ""fiyat"": 63750.0, ""kaynak"": ""BNB+BYB+OKX""}, {""usdt"": 11037466.0, ""borsa"": 1, ""fiyat"": 63800.0, ""kaynak"": ""BNB""}, {""usdt"": 9258153.0, ""borsa"": 1, ""fiyat"": 63825.0, ""kaynak"": ""BNB""}]",YOK,-0.0247,0.0219,0.7507,1.9593,false,,false,1.1357,1,1,3,0,0,3,23.2,24.3,IZLE,,25,63706.5,,,,,SEVIYE,65,1.8,1,,,,,,,1785264180,1,0,,23,782.9,22,,,
30089,2026-07-28 18:45:33.931696+00,63720.350000000006,-85218.82399669902,67361.90400000001,11751879259.0328,0.00006802599999999999,53472782.794080056,191.2242,24.5,BEKLE,false,191.2242,0.0,1.7601,302.138,50901362.987230025,120.871,0.0,24.5,"[{""usdt"": 18718076.0, ""borsa"": 3, ""fiyat"": 63700.0, ""kaynak"": ""BNB+BYB+OKX""}, {""usdt"": 8802564.0, ""borsa"": 1, ""fiyat"": 63650.0, ""kaynak"": ""BNB""}, {""usdt"": 7215746.0, ""borsa"": 1, ""fiyat"": 63625.0, ""kaynak"": ""BNB""}]","[{""usdt"": 16133620.0, ""borsa"": 3, ""fiyat"": 63750.0, ""kaynak"": ""BNB+BYB+OKX""}, {""usdt"": 9741038.0, ""borsa"": 1, ""fiyat"": 63825.0, ""kaynak"": ""BNB""}, {""usdt"": 8201688.0, ""borsa"": 1, ""fiyat"": 63800.0, ""kaynak"": ""BNB""}]",YOK,0.0339,0.0246,,,false,,true,0.4334,0,0,3,0,1,3,19.9,20.9,IZLE,,25,63706.5,,,,,SEVIYE,65,2.8,1,,,,,,,1785264180,1,0,,23,783.9,22,,,
30090,2026-07-28 18:46:34.373023+00,63735.05,152414.63803520094,3853.6059999999948,11752653604.4781,0.00006802599999999999,48808048.01516999,191.2242,14.2,BEKLE,false,191.2242,0.0,1.7601,362.537,48455985.34231997,181.27,0.0,14.2,"[{""usdt"": 13915914.0, ""borsa"": 3, ""fiyat"": 63700.0, ""kaynak"": ""BNB+BYB+OKX""}, {""usdt"": 9990426.0, ""borsa"": 1, ""fiyat"": 63675.0, ""kaynak"": ""BNB""}, {""usdt"": 9251547.0, ""borsa"": 3, ""fiyat"": 63725.0, ""kaynak"": ""BNB+BYB+OKX""}]","[{""usdt"": 12252610.0, ""borsa"": 3, ""fiyat"": 63750.0, ""kaynak"": ""BNB+BYB+OKX""}, {""usdt"": 11705295.0, ""borsa"": 1, ""fiyat"": 63825.0, ""kaynak"": ""BNB""}, {""usdt"": 9986276.0, ""borsa"": 1, ""fiyat"": 63800.0, ""kaynak"": ""BNB""}]",YOK,-0.0237,0.0036,,,true,0,false,,1,1,3,1,0,3,16.4,17.5,IZLE,,25,63706.5,,,,,SEVIYE,65,3.8,1,,,,,,,1785264180,1,1,,23,784.9,22,,,
30091,2026-07-28 18:47:34.730011+00,63738.05,543499.3211437012,209856.09399999998,11754732372.956501,0.00006802599999999999,57808398.12730997,191.2242,20.9,BEKLE,false,191.2242,0.0,1.7609,181.204,48776481.50223996,241.548,0.0,20.9,"[{""usdt"": 20866972.0, ""borsa"": 3, ""fiyat"": 63725.0, ""kaynak"": ""BNB+BYB+OKX""}, {""usdt"": 9522021.0, ""borsa"": 1, ""fiyat"": 63650.0, ""kaynak"": ""BNB""}, {""usdt"": 8202682.0, ""borsa"": 1, ""fiyat"": 63675.0, ""kaynak"": ""BNB""}]","[{""usdt"": 10955295.0, ""borsa"": 1, ""fiyat"": 63825.0, ""kaynak"": ""BNB""}, {""usdt"": 9815693.0, ""borsa"": 3, ""fiyat"": 63750.0, ""kaynak"": ""BNB+BYB+OKX""}, {""usdt"": 8088726.0, ""borsa"": 3, ""fiyat"": 63775.0, ""kaynak"": ""BNB+BYB+OKX""}]",YOK,0.0012,0.0847,0.5994,2.1842,true,0,false,,0,0,3,2,0,3,12.8,13.9,IZLE,,25,63706.5,,,,,SEVIYE,65,4.8,1,,,,,,,1785264180,1,2,,23,785.9,22,,,
30092,2026-07-28 18:48:34.992259+00,63769.45,876609.6596506007,502003.562,11756556704.1268,0.00006802599999999999,46885614.80772998,0.0,33.3,BEKLE,false,0.0,0.0,1.7609,241.592,53250370.32618997,301.936,0.0,33.3,"[{""usdt"": 11209261.0, ""borsa"": 3, ""fiyat"": 63750.0, ""kaynak"": ""BNB+BYB+OKX""}, {""usdt"": 10936755.0, ""borsa"": 3, ""fiyat"": 63725.0, ""kaynak"": ""BNB+BYB+OKX""}, {""usdt"": 10454626.0, ""borsa"": 1, ""fiyat"": 63675.0, ""kaynak"": ""BNB""}]","[{""usdt"": 15370717.0, ""borsa"": 3, ""fiyat"": 63775.0, ""kaynak"": ""BNB+BYB+OKX""}, {""usdt"": 9122908.0, ""borsa"": 1, ""fiyat"": 63850.0, ""kaynak"": ""BNB""}, {""usdt"": 9018753.0, ""borsa"": 1, ""fiyat"": 63800.0, ""kaynak"": ""BNB""}]",YOK,0.0275,-0.0636,0.418,1.6817,true,0,false,,0,0,3,0,1,3,9.3,10.4,IZLE,,25,63789.9,,,,,SEVIYE,90,65.9,7,,,,,,,,,0,,23,786.9,22,,,
30093,2026-07-28 18:49:35.304807+00,63760.25,1161902.4458127003,1186006.719,11759539407.7459,0.00006802599999999999,45547353.87863,0.0,56.5,BEKLE,false,0.0,0.0,1.7609,120.625,50678685.887739964,362.173,0.0,56.5,"[{""usdt"": 11776044.0, ""borsa"": 3, ""fiyat"": 63750.0, ""kaynak"": ""BNB+BYB+OKX""}, {""usdt"": 10426129.0, ""borsa"": 3, ""fiyat"": 63725.0, ""kaynak"": ""BNB+BYB+OKX""}, {""usdt"": 9481954.0, ""borsa"": 1, ""fiyat"": 63675.0, ""kaynak"": ""BNB""}]","[{""usdt"": 13482647.0, ""borsa"": 3, ""fiyat"": 63775.0, ""kaynak"": ""BNB+BYB+OKX""}, {""usdt"": 10887949.0, ""borsa"": 1, ""fiyat"": 63850.0, ""kaynak"": ""BNB""}, {""usdt"": 8794155.0, ""borsa"": 1, ""fiyat"": 63875.0, ""kaynak"": ""BNB""}]",YOK,0.0227,-0.0533,0.3895,0.4008,true,0,false,,0,0,3,0,0,3,5.7,6.8,IZLE,,25,63789.9,,,,,SEVIYE,90,66.9,7,,,,,,,,,0,,23,787.9,22,,,
30094,2026-07-28 18:50:35.618173+00,63751.75,1340088.3717229995,9244.188999999998,11757736790.1732,0.00006802599999999999,43853516.58163999,0.0,11.5,BEKLE,true,0.0,0.0,1.7609,180.967,51767592.593359925,422.515,11.5,0.0,"[{""usdt"": 14354102.0, ""borsa"": 3, ""fiyat"": 63725.0, ""kaynak"": ""BNB+BYB+OKX""}, {""usdt"": 8633196.0, ""borsa"": 1, ""fiyat"": 63650.0, ""kaynak"": ""BNB""}, {""usdt"": 8466106.0, ""borsa"": 1, ""fiyat"": 63675.0, ""kaynak"": ""BNB""}]","[{""usdt"": 11979662.0, ""borsa"": 3, ""fiyat"": 63775.0, ""kaynak"": ""BNB+BYB+OKX""}, {""usdt"": 10063080.0, ""borsa"": 1, ""fiyat"": 63850.0, ""kaynak"": ""BNB""}, {""usdt"": 8564333.0, ""borsa"": 1, ""fiyat"": 63825.0, ""kaynak"": ""BNB""}]",YOK,-0.0082,-0.0828,0.937,1.5877,true,0.098,false,,0,0,3,0,1,3,2.2,3.3,IZLE,,25,63789.9,,,,,SEVIYE,90,67.9,7,,,,,,,,,0,,23,788.9,22,,,
30095,2026-07-28 18:51:35.892445+00,63773.05,1340088.3717229995,9244.188999999998,11757736790.1732,0.00006802599999999999,43853516.58163999,0.0,3.1,BEKLE,,0.0,0.0,1.7609,241.309,51767592.593359925,482.857,0.0,3.1,"[{""usdt"": 14354102.0, ""borsa"": 3, ""fiyat"": 63725.0, ""kaynak"": ""BNB+BYB+OKX""}, {""usdt"": 8633196.0, ""borsa"": 1, ""fiyat"": 63650.0, ""kaynak"": ""BNB""}, {""usdt"": 8466106.0, ""borsa"": 1, ""fiyat"": 63675.0, ""kaynak"": ""BNB""}]","[{""usdt"": 11979662.0, ""borsa"": 3, ""fiyat"": 63775.0, ""kaynak"": ""BNB+BYB+OKX""}, {""usdt"": 10063080.0, ""borsa"": 1, ""fiyat"": 63850.0, ""kaynak"": ""BNB""}, {""usdt"": 8564333.0, ""borsa"": 1, ""fiyat"": 63825.0, ""kaynak"": ""BNB""}]",YOK,-0.0082,-0.0828,0.9926,2.442,true,0.1202,false,,0,0,3,0,1,3,62.6,63.6,IZLE,,25,63789.9,,,,,SEVIYE,90,68.9,7,,,,,,,,,0,,23,789.9,22,,,
30096,2026-07-28 18:52:36.264431+00,63702.95,1336454.6384739992,9256.509,11761245421.598999,0.00006802599999999999,46518204.51006995,0.0,19.7,BEKLE,true,0.0,0.0,1.7609,180.933,48172059.62416004,543.106,19.7,0.0,"[{""usdt"": 14356185.0, ""borsa"": 3, ""fiyat"": 63750.0, ""kaynak"": ""BNB+BYB+OKX""}, {""usdt"": 8740138.0, ""borsa"": 1, ""fiyat"": 63700.0, ""kaynak"": ""BNB""}, {""usdt"": 8315080.0, ""borsa"": 1, ""fiyat"": 63675.0, ""kaynak"": ""BNB""}]","[{""usdt"": 12106480.0, ""borsa"": 3, ""fiyat"": 63800.0, ""kaynak"": ""BNB+BYB+OKX""}, {""usdt"": 10481821.0, ""borsa"": 1, ""fiyat"": 63875.0, ""kaynak"": ""BNB""}, {""usdt"": 10191985.0, ""borsa"": 1, ""fiyat"": 63850.0, ""kaynak"": ""BNB""}]",YOK,0.0736,-0.0175,0.7056,2.4018,true,0.055,false,,0,0,3,1,0,3,58.8,59.9,IZLE,,25,63706.5,,,,,SEVIYE,65,9.8,1,,,,,,,,,0,,23,790.9,22,,,
30097,2026-07-28 18:53:36.648268+00,63693.45,192237.6801927987,1049219.1840000004,11749725214.0185,0.00006802599999999999,50814279.47502,0.0,26.9,BEKLE,false,0.0,0.0,1.7609,0,45662758.515989974,0,0.0,26.9,"[{""usdt"": 15062419.0, ""borsa"": 3, ""fiyat"": 63675.0, ""kaynak"": ""BNB+BYB+OKX""}, {""usdt"": 9324113.0, ""borsa"": 1, ""fiyat"": 63600.0, ""kaynak"": ""BNB""}, {""usdt"": 8883896.0, ""borsa"": 1, ""fiyat"": 63650.0, ""kaynak"": ""BNB""}]","[{""usdt"": 9757104.0, ""borsa"": 1, ""fiyat"": 63775.0, ""kaynak"": ""BNB""}, {""usdt"": 9357960.0, ""borsa"": 1, ""fiyat"": 63800.0, ""kaynak"": ""BNB""}, {""usdt"": 8809041.0, ""borsa"": 3, ""fiyat"": 63725.0, ""kaynak"": ""BNB+BYB+OKX""}]",YOK,-0.0544,0.0534,0.4276,3.5653,true,0,false,,0,0,3,1,1,3,55.3,56.4,IZLE,,25,63702.7,,,,,SEVIYE,65,10.8,2,,,,,,,,,0,,22,791.9,21,,,
30098,2026-07-28 18:54:36.951353+00,63680.05,-75194.53965190295,1003680.1290000002,11744475137.284,0.00006802599999999999,43671151.53729998,0.0,18.2,BEKLE,true,0.0,0.0,1.7609,60.384,49119284.520950004,60.384,18.2,0.0,"[{""usdt"": 12474142.0, ""borsa"": 3, ""fiyat"": 63675.0, ""kaynak"": ""BNB+BYB+OKX""}, {""usdt"": 9012894.0, ""borsa"": 1, ""fiyat"": 63600.0, ""kaynak"": ""BNB""}, {""usdt"": 7860934.0, ""borsa"": 2, ""fiyat"": 63650.0, ""kaynak"": ""BNB+BYB""}]","[{""usdt"": 14002708.0, ""borsa"": 3, ""fiyat"": 63700.0, ""kaynak"": ""BNB+BYB+OKX""}, {""usdt"": 9398542.0, ""borsa"": 1, ""fiyat"": 63800.0, ""kaynak"": ""BNB""}, {""usdt"": 8373090.0, ""borsa"": 1, ""fiyat"": 63750.0, ""kaynak"": ""BNB""}]",YOK,-0.0235,-0.0587,0.8021,3.9045,true,0.0036,false,,1,1,3,0,1,3,51.9,53,IZLE,,25,63702.7,,,,,SEVIYE,65,11.8,2,,,,,,,,,0,,22,792.9,21,,,
30099,2026-07-28 18:55:37.234498+00,63669.75,-231234.77917950373,984264.3800000001,11740878548.090801,0.00006802599999999999,48751923.39541,0.0,40.6,BEKLE,false,0.0,0.0,1.7609,120.645,51709778.54999994,60.261,0.0,40.6,"[{""usdt"": 11672332.0, ""borsa"": 3, ""fiyat"": 63650.0, ""kaynak"": ""BNB+BYB+OKX""}, {""usdt"": 11076423.0, ""borsa"": 3, ""fiyat"": 63675.0, ""kaynak"": ""BNB+BYB+OKX""}, {""usdt"": 8244677.0, ""borsa"": 1, ""fiyat"": 63600.0, ""kaynak"": ""BNB""}]","[{""usdt"": 18237776.0, ""borsa"": 3, ""fiyat"": 63700.0, ""kaynak"": ""BNB+BYB+OKX""}, {""usdt"": 9038099.0, ""borsa"": 1, ""fiyat"": 63750.0, ""kaynak"": ""BNB""}, {""usdt"": 8839405.0, ""borsa"": 1, ""fiyat"": 63775.0, ""kaynak"": ""BNB""}]",YOK,0.0336,-0.0294,0.4905,1.9223,true,0.0171,false,,1,0,3,1,1,3,48.3,49.4,IZLE,,25,63702.7,,,,,SEVIYE,65,12.8,2,,,,,,,,,0,,22,794.0,21,,,
30100,2026-07-28 18:56:37.551415+00,63692.149999999994,-222094.3891728036,888544.1170000001,11741020978.1768,0.00006802599999999999,48182245.4642,0.0,42.3,BEKLE,false,0.0,0.0,1.7609,180.973,49062040.80570995,120.589,0.0,42.3,"[{""usdt"": 14827140.0, ""borsa"": 3, ""fiyat"": 63650.0, ""kaynak"": ""BNB+BYB+OKX""}, {""usdt"": 8632442.0, ""borsa"": 1, ""fiyat"": 63600.0, ""kaynak"": ""BNB""}, {""usdt"": 8487789.0, ""borsa"": 1, ""fiyat"": 63575.0, ""kaynak"": ""BNB""}]","[{""usdt"": 16694959.0, ""borsa"": 3, ""fiyat"": 63700.0, ""kaynak"": ""BNB+BYB+OKX""}, {""usdt"": 9886226.0, ""borsa"": 1, ""fiyat"": 63750.0, ""kaynak"": ""BNB""}, {""usdt"": 8875922.0, ""borsa"": 1, ""fiyat"": 63775.0, ""kaynak"": ""BNB""}]",YOK,-0.0159,-0.009,0.5149,2.0017,true,0,false,,0,1,3,1,1,3,44.8,45.9,IZLE,,25,63702.7,,,,,SEVIYE,65,13.8,2,,,,,,,,,0,,22,795.0,21,,,
30101,2026-07-28 18:57:38.932949+00,63712.05,-46304.82553150403,897293.972,11744243896.7841,0.00006802599999999999,43702783.86651999,0.0,46.4,BEKLE,false,0.0,0.0,1.7601,241.265,53095997.09975002,180.881,0.0,46.4,"[{""usdt"": 13644575.0, ""borsa"": 3, ""fiyat"": 63675.0, ""kaynak"": ""BNB+BYB+OKX""}, {""usdt"": 8516166.0, ""borsa"": 1, ""fiyat"": 63625.0, ""kaynak"": ""BNB""}, {""usdt"": 7962992.0, ""borsa"": 1, ""fiyat"": 63600.0, ""kaynak"": ""BNB""}]","[{""usdt"": 14247936.0, ""borsa"": 3, ""fiyat"": 63700.0, ""kaynak"": ""BNB+BYB+OKX""}, {""usdt"": 10375970.0, ""borsa"": 3, ""fiyat"": 63725.0, ""kaynak"": ""BNB+BYB+OKX""}, {""usdt"": 9345163.0, ""borsa"": 1, ""fiyat"": 63775.0, ""kaynak"": ""BNB""}]",YOK,-0.0219,-0.097,0.4819,0.2384,true,0.0277,false,,0,1,3,0,1,3,41.2,42.3,IZLE,,25,63702.7,,,,,SEVIYE,65,14.9,2,,,,,,,,,0,,22,796.0,21,,,
30102,2026-07-28 18:58:39.407663+00,63710.95,123292.48769939615,908235.4520000002,11746205073.4497,0.00006802599999999999,47529694.53399998,0.0,22.4,BEKLE,true,0.0,0.0,1.7601,61.581,58388806.23399001,61.581,22.4,0.0,"[{""usdt"": 16037042.0, ""borsa"": 3, ""fiyat"": 63675.0, ""kaynak"": ""BNB+BYB+OKX""}, {""usdt"": 9194871.0, ""borsa"": 1, ""fiyat"": 63625.0, ""kaynak"": ""BNB""}, {""usdt"": 7915745.0, ""borsa"": 1, ""fiyat"": 63600.0, ""kaynak"": ""BNB""}]","[{""usdt"": 19358247.0, ""borsa"": 3, ""fiyat"": 63725.0, ""kaynak"": ""BNB+BYB+OKX""}, {""usdt"": 11991589.0, ""borsa"": 1, ""fiyat"": 63800.0, ""kaynak"": ""BNB""}, {""usdt"": 7960264.0, ""borsa"": 1, ""fiyat"": 63775.0, ""kaynak"": ""BNB""}]",YOK,-0.0594,-0.1025,,,true,0,false,,0,1,3,1,0,3,39,40,IZLE,,25,63702.7,,,,,SEVIYE,65,15.9,2,,,,,,,,,0,,22,797.0,21,,,
30103,2026-07-28 18:59:39.708643+00,63714.55,190992.24685649623,909005.7520000001,11747163231.2851,0.00006802599999999999,47274747.09499002,0.0,14.1,BEKLE,true,0.0,0.0,1.7601,121.876,53036521.90249999,121.876,14.1,0.0,"[{""usdt"": 14148967.0, ""borsa"": 3, ""fiyat"": 63700.0, ""kaynak"": ""BNB+BYB+OKX""}, {""usdt"": 10265391.0, ""borsa"": 3, ""fiyat"": 63675.0, ""kaynak"": ""BNB+BYB+OKX""}, {""usdt"": 9330230.0, ""borsa"": 1, ""fiyat"": 63625.0, ""kaynak"": ""BNB""}]","[{""usdt"": 15998648.0, ""borsa"": 3, ""fiyat"": 63725.0, ""kaynak"": ""BNB+BYB+OKX""}, {""usdt"": 10492874.0, ""borsa"": 1, ""fiyat"": 63775.0, ""kaynak"": ""BNB""}, {""usdt"": 8193198.0, ""borsa"": 1, ""fiyat"": 63750.0, ""kaynak"": ""BNB""}]",YOK,0.0129,-0.0574,,,true,0,false,,0,0,3,0,0,3,35.4,36.5,IZLE,,25,63702.7,,,,,SEVIYE,65,16.9,2,,,,,,,,,0,,22,798.0,21,,,
30104,2026-07-28 19:00:40.072373+00,63758.25,215224.89442389627,908802.53,11747214472.846798,0.00006802599999999999,42688783.594760016,0.0,16.4,BEKLE,false,0.0,0.0,1.7601,182.156,50409683.454890005,182.156,16.4,0.0,"[{""usdt"": 15532616.0, ""borsa"": 3, ""fiyat"": 63700.0, ""kaynak"": ""BNB+BYB+OKX""}, {""usdt"": 7900746.0, ""borsa"": 1, ""fiyat"": 63625.0, ""kaynak"": ""BNB""}, {""usdt"": 6458981.0, ""borsa"": 3, ""fiyat"": 63675.0, ""kaynak"": ""BNB+BYB+OKX""}]","[{""usdt"": 15590930.0, ""borsa"": 3, ""fiyat"": 63725.0, ""kaynak"": ""BNB+BYB+OKX""}, {""usdt"": 8907292.0, ""borsa"": 1, ""fiyat"": 63775.0, ""kaynak"": ""BNB""}, {""usdt"": 8507072.0, ""borsa"": 1, ""fiyat"": 63825.0, ""kaynak"": ""BNB""}]",YOK,-0.0203,-0.0829,,,true,0,false,,0,0,3,0,0,3,31.8,32.9,IZLE,,25,63786.5,,,,,SEVIYE,70,78.0,8,,,,,,,,,0,,22,799.0,21,,,
30105,2026-07-28 19:01:40.397674+00,63744.55,56769.04307879647,-51570.42999999998,11753889866.311798,0.00006802599999999999,39186148.96379997,0.0,35.6,BEKLE,false,0.0,0.0,1.7601,0,42304278.280149974,120.642,35.6,0.0,"[{""usdt"": 12106570.0, ""borsa"": 3, ""fiyat"": 63725.0, ""kaynak"": ""BNB+BYB+OKX""}, {""usdt"": 7166111.0, ""borsa"": 1, ""fiyat"": 63675.0, ""kaynak"": ""BNB""}, {""usdt"": 6185318.0, ""borsa"": 1, ""fiyat"": 63650.0, ""kaynak"": ""BNB""}]","[{""usdt"": 9595646.0, ""borsa"": 1, ""fiyat"": 63850.0, ""kaynak"": ""BNB""}, {""usdt"": 9352808.0, ""borsa"": 3, ""fiyat"": 63775.0, ""kaynak"": ""BNB+BYB+OKX""}, {""usdt"": 7814328.0, ""borsa"": 1, ""fiyat"": 63800.0, ""kaynak"": ""BNB""}]",YOK,0.0052,-0.0383,0.1505,2.1261,false,,false,,0,0,3,1,0,3,28.3,29.4,IZLE,,25,63702.7,,,,,SEVIYE,65,18.9,2,PCT,0.37,0.0,0.04070953184172502,false,0.038,,,0,,22,800.0,21,,,
30106,2026-07-28 19:02:41.218917+00,63796.75,7599.977140696574,-36056.482999999986,11753619236.6766,0.00006802599999999999,47459739.33959995,0.0,40.8,BEKLE,false,0.0,0.0,1.7601,60.86,58943274.90242997,181.502,40.8,0.0,"[{""usdt"": 15560390.0, ""borsa"": 3, ""fiyat"": 63750.0, ""kaynak"": ""BNB+BYB+OKX""}, {""usdt"": 9845611.0, ""borsa"": 1, ""fiyat"": 63675.0, ""kaynak"": ""BNB""}, {""usdt"": 7319299.0, ""borsa"": 1, ""fiyat"": 63700.0, ""kaynak"": ""BNB""}]","[{""usdt"": 15564167.0, ""borsa"": 3, ""fiyat"": 63800.0, ""kaynak"": ""BNB+BYB+OKX""}, {""usdt"": 12687432.0, ""borsa"": 3, ""fiyat"": 63775.0, ""kaynak"": ""BNB+BYB+OKX""}, {""usdt"": 9914685.0, ""borsa"": 1, ""fiyat"": 63875.0, ""kaynak"": ""BNB""}]",YOK,0.0565,-0.1079,0.0334,3.9378,false,,false,,0,0,3,0,1,3,25.3,26.4,IZLE,,25,63786.5,,,,,SEVIYE,70,80.0,8,,,,,,,,,0,,22,801.0,21,,,
30107,2026-07-28 19:03:41.468296+00,63815.350000000006,825353.9702302965,479608.518,11758942916.4839,0.00006802599999999999,65297118.36940002,0.0,32.9,BEKLE,false,0.0,0.0,1.7594,0,45905839.330729984,241.797,32.9,0.0,"[{""usdt"": 23203673.0, ""borsa"": 3, ""fiyat"": 63800.0, ""kaynak"": ""BNB+BYB+OKX""}, {""usdt"": 14755487.0, ""borsa"": 3, ""fiyat"": 63775.0, ""kaynak"": ""BNB+BYB+OKX""}, {""usdt"": 9225958.0, ""borsa"": 1, ""fiyat"": 63725.0, ""kaynak"": ""BNB""}]","[{""usdt"": 12520414.0, ""borsa"": 3, ""fiyat"": 63825.0, ""kaynak"": ""BNB+BYB+OKX""}, {""usdt"": 9013181.0, ""borsa"": 1, ""fiyat"": 63875.0, ""kaynak"": ""BNB""}, {""usdt"": 7406215.0, ""borsa"": 1, ""fiyat"": 63850.0, ""kaynak"": ""BNB""}]",PERP,0.0657,0.1744,0.4935,5.4631,false,,false,,0,0,3,1,0,3,21.4,22.5,IZLE,,25,63833.7,,,,,SEVIYE,65,71.0,8,,,,,,,,,0,,20,802.0,20,,,
30108,2026-07-28 19:04:41.711452+00,63804.05,673542.9301186943,519091.967,11761520818.2011,0.00006802599999999999,66997411.550910056,0.0,30.5,BEKLE,false,0.0,0.0,1.7594,60.191,50388252.882959984,301.988,30.5,0.0,"[{""usdt"": 24410589.0, ""borsa"": 3, ""fiyat"": 63800.0, ""kaynak"": ""BNB+BYB+OKX""}, {""usdt"": 14647698.0, ""borsa"": 3, ""fiyat"": 63775.0, ""kaynak"": ""BNB+BYB+OKX""}, {""usdt"": 9536121.0, ""borsa"": 1, ""fiyat"": 63750.0, ""kaynak"": ""BNB""}]","[{""usdt"": 11231458.0, ""borsa"": 3, ""fiyat"": 63825.0, ""kaynak"": ""BNB+BYB+OKX""}, {""usdt"": 10820830.0, ""borsa"": 1, ""fiyat"": 63900.0, ""kaynak"": ""BNB""}, {""usdt"": 8453693.0, ""borsa"": 1, ""fiyat"": 63875.0, ""kaynak"": ""BNB""}]",YOK,0.0561,0.1415,0.424,5.8542,false,,false,,0,0,3,1,0,3,17.8,18.8,IZLE,,25,63833.7,,,,,SEVIYE,65,72.0,8,,,,,,,,,0,,20,803.0,20,,,
30109,2026-07-28 19:05:42.012202+00,63801.649999999994,622669.5692085881,141082.96,11759679766.438799,0.00006802599999999999,65536747.88845998,0.0,49.0,BEKLE,false,0.0,0.0,1.7579,120.488,50367138.61908,362.285,49.0,0.0,"[{""usdt"": 27896833.0, ""borsa"": 3, ""fiyat"": 63800.0, ""kaynak"": ""BNB+BYB+OKX""}, {""usdt"": 12131616.0, ""borsa"": 3, ""fiyat"": 63775.0, ""kaynak"": ""BNB+BYB+OKX""}, {""usdt"": 8833048.0, ""borsa"": 1, ""fiyat"": 63750.0, ""kaynak"": ""BNB""}]","[{""usdt"": 13387077.0, ""borsa"": 3, ""fiyat"": 63825.0, ""kaynak"": ""BNB+BYB+OKX""}, {""usdt"": 10988520.0, ""borsa"": 1, ""fiyat"": 63900.0, ""kaynak"": ""BNB""}, {""usdt"": 9265195.0, ""borsa"": 1, ""fiyat"": 63850.0, ""kaynak"": ""BNB""}]",SPOT,0.1765,0.1309,0.2399,1.9012,false,,false,0.124,3,0,3,1,0,3,14.2,15.3,IZLE,,25,63833.7,,,,,SEVIYE,65,73.0,8,,,,,,,,,0,,20,804.0,20,,,
30110,2026-07-28 19:06:42.275289+00,63800.55,2454605.6229179916,632291.95,11765065977.983898,0.00006802599999999999,61069407.886220016,191.499,29.9,BEKLE,true,0.0,191.499,1.7579,60.309,47659417.28578997,422.594,0.0,29.9,"[{""usdt"": 18253258.0, ""borsa"": 3, ""fiyat"": 63800.0, ""kaynak"": ""BNB+BYB+OKX""}, {""usdt"": 13872356.0, ""borsa"": 3, ""fiyat"": 63775.0, ""kaynak"": ""BNB+BYB+OKX""}, {""usdt"": 9128661.0, ""borsa"": 1, ""fiyat"": 63750.0, ""kaynak"": ""BNB""}]","[{""usdt"": 12672528.0, ""borsa"": 3, ""fiyat"": 63825.0, ""kaynak"": ""BNB+BYB+OKX""}, {""usdt"": 9561561.0, ""borsa"": 3, ""fiyat"": 63800.0, ""kaynak"": ""BNB+BYB+OKX""}, {""usdt"": 9466529.0, ""borsa"": 1, ""fiyat"": 63875.0, ""kaynak"": ""BNB""}]",YOK,0.0883,0.1233,0.6759,1.1746,false,,false,1.2953,2,0,3,1,0,3,10.7,11.8,IZLE,,25,63833.7,,,,,SEVIYE,65,74.0,8,,,,,,,1785265500,1,0,,20,805.0,20,,,
30111,2026-07-28 19:07:42.659408+00,63777.05,1817076.9898772913,361686.65699999995,11756919939.427399,0.00006802599999999999,47158480.15950002,37693.3746,27.6,BEKLE,true,0.0,37693.3746,1.7579,60.256,49008008.16824001,482.85,0.0,27.6,"[{""usdt"": 12254144.0, ""borsa"": 3, ""fiyat"": 63750.0, ""kaynak"": ""BNB+BYB+OKX""}, {""usdt"": 9889439.0, ""borsa"": 3, ""fiyat"": 63775.0, ""kaynak"": ""BNB+BYB+OKX""}, {""usdt"": 8586413.0, ""borsa"": 1, ""fiyat"": 63700.0, ""kaynak"": ""BNB""}]","[{""usdt"": 12406257.0, ""borsa"": 3, ""fiyat"": 63800.0, ""kaynak"": ""BNB+BYB+OKX""}, {""usdt"": 9278885.0, ""borsa"": 1, ""fiyat"": 63875.0, ""kaynak"": ""BNB""}, {""usdt"": 8783183.0, ""borsa"": 1, ""fiyat"": 63850.0, ""kaynak"": ""BNB""}]",YOK,0.0517,-0.0192,0.7302,0.591,false,,false,0.3488,0,0,3,0,0,3,7.1,8.2,IZLE,,25,63757.6,,,,,SEVIYE,50,85.0,9,,,,,,,1785265560,1,0,,20,806.0,20,,,
30112,2026-07-28 19:08:43.070291+00,63730.850000000006,1482254.8474446926,343752.33199999994,11751821057.842,0.00006802599999999999,46504355.59551994,37693.3746,12.5,BEKLE,true,0.0,37693.3746,1.7579,120.635,51618120.79202996,543.229,12.5,0.0,"[{""usdt"": 13016658.0, ""borsa"": 3, ""fiyat"": 63725.0, ""kaynak"": ""BNB+BYB+OKX""}, {""usdt"": 7864263.0, ""borsa"": 1, ""fiyat"": 63675.0, ""kaynak"": ""BNB""}, {""usdt"": 7657002.0, ""borsa"": 3, ""fiyat"": 63750.0, ""kaynak"": ""BNB+BYB+OKX""}]","[{""usdt"": 12289777.0, ""borsa"": 3, ""fiyat"": 63750.0, ""kaynak"": ""BNB+BYB+OKX""}, {""usdt"": 11284068.0, ""borsa"": 1, ""fiyat"": 63850.0, ""kaynak"": ""BNB""}, {""usdt"": 9054063.0, ""borsa"": 3, ""fiyat"": 63775.0, ""kaynak"": ""BNB+BYB+OKX""}]",YOK,0.0087,-0.0521,0.742,7.0942,false,,true,0.3827,1,1,3,0,1,3,3.5,4.7,IZLE,,50,63757.6,,,,,SEVIYE+TASFIYE,50,86.0,9,,,,,,,1785265560,1,1,,20,807.1,20,,,
30113,2026-07-28 19:09:44.541726+00,63759.55,1877302.5508566923,264975.08199999994,11750888310.9339,0.00006802599999999999,41700903.66861999,37693.3746,20.2,BEKLE,false,0.0,37693.3746,1.7579,61.643,49883941.28232996,604.872,20.2,0.0,"[{""usdt"": 13454594.0, ""borsa"": 3, ""fiyat"": 63725.0, ""kaynak"": ""BNB+BYB+OKX""}, {""usdt"": 8539466.0, ""borsa"": 1, ""fiyat"": 63675.0, ""kaynak"": ""BNB""}, {""usdt"": 7436979.0, ""borsa"": 1, ""fiyat"": 63650.0, ""kaynak"": ""BNB""}]","[{""usdt"": 9600660.0, ""borsa"": 3, ""fiyat"": 63750.0, ""kaynak"": ""BNB+BYB+OKX""}, {""usdt"": 9586575.0, ""borsa"": 1, ""fiyat"": 63850.0, ""kaynak"": ""BNB""}, {""usdt"": 8969428.0, ""borsa"": 3, ""fiyat"": 63775.0, ""kaynak"": ""BNB+BYB+OKX""}]",YOK,-0.0018,-0.0893,0.738,2.0283,false,,false,0.5533,0,1,3,0,1,3,1.2,63.7,IZLE,,50,63757.6,,,,,SEVIYE+TASFIYE,50,87.0,9,,,,,,,1785265560,1,2,,20,808.1,20,,,
30114,2026-07-28 19:10:44.802111+00,63767.850000000006,1388474.2625151922,276422.02499999997,11751771413.7351,0.00006802599999999999,44273963.79035999,37501.8756,18.7,BEKLE,true,0.0,37501.8756,1.7579,121.871,50606114.05550995,665.1,0.0,18.7,"[{""usdt"": 11064683.0, ""borsa"": 3, ""fiyat"": 63725.0, ""kaynak"": ""BNB+BYB+OKX""}, {""usdt"": 10383791.0, ""borsa"": 3, ""fiyat"": 63750.0, ""kaynak"": ""BNB+BYB+OKX""}, {""usdt"": 8539466.0, ""borsa"": 1, ""fiyat"": 63675.0, ""kaynak"": ""BNB""}]","[{""usdt"": 17496312.0, ""borsa"": 3, ""fiyat"": 63775.0, ""kaynak"": ""BNB+BYB+OKX""}, {""usdt"": 9586575.0, ""borsa"": 1, ""fiyat"": 63850.0, ""kaynak"": ""BNB""}, {""usdt"": 8189277.0, ""borsa"": 1, ""fiyat"": 63825.0, ""kaynak"": ""BNB""}]",YOK,-0.0018,-0.0667,0.7709,2.5296,false,,false,0.3294,0,1,3,0,1,3,61.4,62.6,IZLE,,50,63757.6,,,,,SEVIYE+TASFIYE,50,88.0,9,,,,,,,1785265560,1,0,,20,809.1,20,,,
30115,2026-07-28 19:11:45.087555+00,63754.95,1310907.9808775918,300773.26499999996,11750064971.711899,0.00006802599999999999,46064057.70006998,0.0,28.9,BEKLE,false,0.0,0.0,1.7579,120.497,56212033.13825995,725.369,28.9,0.0,"[{""usdt"": 16072157.0, ""borsa"": 3, ""fiyat"": 63750.0, ""kaynak"": ""BNB+BYB+OKX""}, {""usdt"": 9002211.0, ""borsa"": 3, ""fiyat"": 63725.0, ""kaynak"": ""BNB+BYB+OKX""}, {""usdt"": 8660621.0, ""borsa"": 1, ""fiyat"": 63700.0, ""kaynak"": ""BNB""}]","[{""usdt"": 17270227.0, ""borsa"": 3, ""fiyat"": 63775.0, ""kaynak"": ""BNB+BYB+OKX""}, {""usdt"": 10706003.0, ""borsa"": 1, ""fiyat"": 63800.0, ""kaynak"": ""BNB""}, {""usdt"": 9471379.0, ""borsa"": 1, ""fiyat"": 63875.0, ""kaynak"": ""BNB""}]",YOK,0.034,-0.0992,0.6723,1.9929,false,,false,0.2711,0,0,3,0,0,3,57.9,58.9,IZLE,,25,63757.6,,,,,SEVIYE,50,89.0,9,,,,,,,,,0,,20,810.1,20,,,
30116,2026-07-28 19:12:45.360688+00,63760.45,1598192.0852516915,353239.313,11752191829.4175,0.00006802599999999999,50569298.81001,0.0,4.8,BEKLE,,0.0,0.0,1.7609,60.296,52634049.56019996,785.665,4.8,0.0,"[{""usdt"": 12693543.0, ""borsa"": 3, ""fiyat"": 63725.0, ""kaynak"": ""BNB+BYB+OKX""}, {""usdt"": 11317374.0, ""borsa"": 3, ""fiyat"": 63750.0, ""kaynak"": ""BNB+BYB+OKX""}, {""usdt"": 8617878.0, ""borsa"": 1, ""fiyat"": 63675.0, ""kaynak"": ""BNB""}]","[{""usdt"": 19124047.0, ""borsa"": 3, ""fiyat"": 63775.0, ""kaynak"": ""BNB+BYB+OKX""}, {""usdt"": 9201359.0, ""borsa"": 1, ""fiyat"": 63850.0, ""kaynak"": ""BNB""}, {""usdt"": 8976511.0, ""borsa"": 1, ""fiyat"": 63825.0, ""kaynak"": ""BNB""}]",YOK,0.028,-0.02,,,false,,false,0.305,1,0,3,0,0,3,54.3,55.4,IZLE,,25,63757.6,,,,,SEVIYE,50,90.0,9,,,,,,,,,0,,20,811.1,20,,,
30117,2026-07-28 19:13:45.821569+00,63743.95,1466944.2865106917,335854.041,11750963356.703598,0.00006802599999999999,48562864.99464999,0.0,5.4,BEKLE,,0.0,0.0,1.7609,120.535,52781554.00021998,845.904,5.4,0.0,"[{""usdt"": 13169590.0, ""borsa"": 3, ""fiyat"": 63725.0, ""kaynak"": ""BNB+BYB+OKX""}, {""usdt"": 11722245.0, ""borsa"": 3, ""fiyat"": 63750.0, ""kaynak"": ""BNB+BYB+OKX""}, {""usdt"": 7428547.0, ""borsa"": 1, ""fiyat"": 63675.0, ""kaynak"": ""BNB""}]","[{""usdt"": 16851924.0, ""borsa"": 3, ""fiyat"": 63775.0, ""kaynak"": ""BNB+BYB+OKX""}, {""usdt"": 9364932.0, ""borsa"": 1, ""fiyat"": 63825.0, ""kaynak"": ""BNB""}, {""usdt"": 9162835.0, ""borsa"": 1, ""fiyat"": 63850.0, ""kaynak"": ""BNB""}]",YOK,0.0083,-0.0416,,,false,,true,0.2195,0,0,3,0,0,3,50.7,51.8,IZLE,,25,63703.9,,,,,SEVIYE,65,0.9,1,,,,,,,,,0,,21,812.1,21,,,
30118,2026-07-28 19:14:46.304358+00,63739.25,1298775.2571691917,355194.55799999996,11749912798.0215,0.00006802599999999999,46256402.55291997,0.0,17.3,BEKLE,false,0.0,0.0,1.7609,0,43581787.80012997,906.519,0.0,17.3,"[{""usdt"": 13807013.0, ""borsa"": 3, ""fiyat"": 63725.0, ""kaynak"": ""BNB+BYB+OKX""}, {""usdt"": 10553168.0, ""borsa"": 3, ""fiyat"": 63700.0, ""kaynak"": ""BNB+BYB+OKX""}, {""usdt"": 9598218.0, ""borsa"": 1, ""fiyat"": 63675.0, ""kaynak"": ""BNB""}]","[{""usdt"": 12918377.0, ""borsa"": 3, ""fiyat"": 63750.0, ""kaynak"": ""BNB+BYB+OKX""}, {""usdt"": 8350922.0, ""borsa"": 1, ""fiyat"": 63825.0, ""kaynak"": ""BNB""}, {""usdt"": 7448694.0, ""borsa"": 1, ""fiyat"": 63775.0, ""kaynak"": ""BNB""}]",YOK,-0.0101,0.0298,0.7883,2.0677,false,,true,0.1923,1,0,3,1,0,3,47.5,48.6,IZLE,,25,63703.9,,,,,SEVIYE,65,1.9,1,,,,,,,,,0,,21,813.1,21,,,
30119,2026-07-28 19:15:46.685913+00,63722.25,-453023.7998643999,-112989.62100000001,11749860420.214901,0.00006802599999999999,43732204.25461994,0.0,20.5,BEKLE,true,0.0,0.0,1.7609,60.498,50010557.56028998,967.017,20.5,0.0,"[{""usdt"": 12595580.0, ""borsa"": 3, ""fiyat"": 63725.0, ""kaynak"": ""BNB+BYB+OKX""}, {""usdt"": 9515954.0, ""borsa"": 2, ""fiyat"": 63700.0, ""kaynak"": ""BNB+BYB""}, {""usdt"": 9282597.0, ""borsa"": 1, ""fiyat"": 63650.0, ""kaynak"": ""BNB""}]","[{""usdt"": 17669878.0, ""borsa"": 3, ""fiyat"": 63750.0, ""kaynak"": ""BNB+BYB+OKX""}, {""usdt"": 8474697.0, ""borsa"": 1, ""fiyat"": 63850.0, ""kaynak"": ""BNB""}, {""usdt"": 8010008.0, ""borsa"": 1, ""fiyat"": 63825.0, ""kaynak"": ""BNB""}]",YOK,0.0089,-0.067,0.733,1.3567,false,,false,0,0,0,3,0,1,3,43.4,45.1,IZLE,,25,63703.9,,,,,SEVIYE,65,3.0,1,,,,,,,,,0,,21,814.1,21,,,
30120,2026-07-28 19:16:47.715374+00,63710.95,-449614.45223559986,-67395.221,11747248168.8542,0.00006802599999999999,44596269.87748002,0.0,22.9,BEKLE,true,0.0,0.0,1.7609,121.461,49284318.74440004,1027.98,22.9,0.0,"[{""usdt"": 16674197.0, ""borsa"": 3, ""fiyat"": 63700.0, ""kaynak"": ""BNB+BYB+OKX""}, {""usdt"": 10840816.0, ""borsa"": 1, ""fiyat"": 63650.0, ""kaynak"": ""BNB""}, {""usdt"": 6056454.0, ""borsa"": 1, ""fiyat"": 63675.0, ""kaynak"": ""BNB""}]","[{""usdt"": 9332344.0, ""borsa"": 3, ""fiyat"": 63750.0, ""kaynak"": ""BNB+BYB+OKX""}, {""usdt"": 9185101.0, ""borsa"": 1, ""fiyat"": 63800.0, ""kaynak"": ""BNB""}, {""usdt"": 8857597.0, ""borsa"": 3, ""fiyat"": 63725.0, ""kaynak"": ""BNB+BYB+OKX""}]",YOK,-0.0171,-0.0499,0.7352,1.3737,false,,true,0,1,1,3,0,0,3,40.5,41.6,IZLE,,25,63703.9,,,,,SEVIYE,65,4.0,1,,,,,,,,,0,,21,815.1,21,,,
30121,2026-07-28 19:17:48.037373+00,63719.75,-325003.5495087996,26885.211,11748911606.675098,0.00006802599999999999,47160734.57215999,0.0,28.9,BEKLE,true,0.0,0.0,1.7609,0,48784347.58880003,1088.281,28.9,0.0,"[{""usdt"": 13821260.0, ""borsa"": 3, ""fiyat"": 63700.0, ""kaynak"": ""BNB+BYB+OKX""}, {""usdt"": 8998359.0, ""borsa"": 3, ""fiyat"": 63725.0, ""kaynak"": ""BNB+BYB+OKX""}, {""usdt"": 8774009.0, ""borsa"": 1, ""fiyat"": 63650.0, ""kaynak"": ""BNB""}]","[{""usdt"": 16514556.0, ""borsa"": 3, ""fiyat"": 63750.0, ""kaynak"": ""BNB+BYB+OKX""}, {""usdt"": 9832903.0, ""borsa"": 1, ""fiyat"": 63825.0, ""kaynak"": ""BNB""}, {""usdt"": 8258860.0, ""borsa"": 1, ""fiyat"": 63800.0, ""kaynak"": ""BNB""}]",YOK,0.0128,-0.0169,0.7738,1.2242,false,,true,0,1,1,3,1,0,3,36.5,38,IZLE,,25,63703.9,,,,,SEVIYE,65,5.0,1,,,,,,,,,0,,21,816.1,21,,,
30122,2026-07-28 19:18:48.297414+00,63704.25,-99899.35010249917,51384.28799999999,11748638069.5991,0.00006802599999999999,43736961.41744997,0.0,27.1,BEKLE,true,0.0,0.0,1.7609,60.345,49535318.36823003,1148.626,27.1,0.0,"[{""usdt"": 14553640.0, ""borsa"": 3, ""fiyat"": 63700.0, ""kaynak"": ""BNB+BYB+OKX""}, {""usdt"": 8807048.0, ""borsa"": 1, ""fiyat"": 63650.0, ""kaynak"": ""BNB""}, {""usdt"": 7485850.0, ""borsa"": 2, ""fiyat"": 63675.0, ""kaynak"": ""BNB+BYB""}]","[{""usdt"": 11715244.0, ""borsa"": 3, ""fiyat"": 63725.0, ""kaynak"": ""BNB+BYB+OKX""}, {""usdt"": 9637538.0, ""borsa"": 1, ""fiyat"": 63825.0, ""kaynak"": ""BNB""}, {""usdt"": 9130431.0, ""borsa"": 3, ""fiyat"": 63750.0, ""kaynak"": ""BNB+BYB+OKX""}]",YOK,-0.008,-0.0622,0.7618,1.4433,false,,true,0,1,1,3,0,0,3,33,34,IZLE,,25,63703.9,,,,,SEVIYE,65,6.0,1,,,,,,,,,0,,21,817.1,21,,,
30123,2026-07-28 19:19:48.672369+00,63714.55,-490394.5062778991,10316.36600000002,11744887964.575401,0.00006802599999999999,45486573.39548,0.0,23.6,BEKLE,true,0.0,0.0,1.7609,120.663,50312537.82872003,1208.944,23.6,0.0,"[{""usdt"": 13007913.0, ""borsa"": 3, ""fiyat"": 63675.0, ""kaynak"": ""BNB+BYB+OKX""}, {""usdt"": 8334841.0, ""borsa"": 1, ""fiyat"": 63600.0, ""kaynak"": ""BNB""}, {""usdt"": 8316967.0, ""borsa"": 3, ""fiyat"": 63700.0, ""kaynak"": ""BNB+BYB+OKX""}]","[{""usdt"": 12552403.0, ""borsa"": 3, ""fiyat"": 63725.0, ""kaynak"": ""BNB+BYB+OKX""}, {""usdt"": 10019337.0, ""borsa"": 1, ""fiyat"": 63825.0, ""kaynak"": ""BNB""}, {""usdt"": 7689292.0, ""borsa"": 1, ""fiyat"": 63775.0, ""kaynak"": ""BNB""}]",YOK,-0.0572,-0.0504,0.7507,0.775,false,,true,0,1,1,3,0,1,3,29,30.5,IZLE,,25,63703.9,,,,,SEVIYE,65,7.0,1,,,,,,,,,0,,21,818.1,21,,,
30124,2026-07-28 19:20:48.93034+00,63721.45,-283418.9428585979,118724.448,11742422987.1871,0.00006802599999999999,46963115.721790016,0.0,26.5,BEKLE,,0.0,0.0,1.7601,180.94,57715188.72936004,1269.221,0.0,26.5,"[{""usdt"": 13052325.0, ""borsa"": 3, ""fiyat"": 63675.0, ""kaynak"": ""BNB+BYB+OKX""}, {""usdt"": 8872343.0, ""borsa"": 3, ""fiyat"": 63700.0, ""kaynak"": ""BNB+BYB+OKX""}, {""usdt"": 8692376.0, ""borsa"": 1, ""fiyat"": 63600.0, ""kaynak"": ""BNB""}]","[{""usdt"": 21609872.0, ""borsa"": 3, ""fiyat"": 63725.0, ""kaynak"": ""BNB+BYB+OKX""}, {""usdt"": 9994408.0, ""borsa"": 1, ""fiyat"": 63800.0, ""kaynak"": ""BNB""}, {""usdt"": 7656410.0, ""borsa"": 1, ""fiyat"": 63825.0, ""kaynak"": ""BNB""}]",YOK,0.0316,-0.1027,,,false,,true,0,0,0,3,0,1,3,25.4,26.4,IZLE,,25,63703.9,,,,,SEVIYE,65,8.0,1,,,,,,,,,0,,21,819.1,21,,,
30125,2026-07-28 19:21:49.205603+00,63720.350000000006,-125168.56503019789,167874.138,11743440902.3951,0.00006802599999999999,43780172.054959975,3058.776,26.2,BEKLE,false,3058.776,0.0,1.7601,241.254,54300488.766690016,1329.535,0.0,26.2,"[{""usdt"": 12875696.0, ""borsa"": 3, ""fiyat"": 63700.0, ""kaynak"": ""BNB+BYB+OKX""}, {""usdt"": 8079327.0, ""borsa"": 1, ""fiyat"": 63650.0, ""kaynak"": ""BNB""}, {""usdt"": 7739825.0, ""borsa"": 1, ""fiyat"": 63625.0, ""kaynak"": ""BNB""}]","[{""usdt"": 16312430.0, ""borsa"": 3, ""fiyat"": 63750.0, ""kaynak"": ""BNB+BYB+OKX""}, {""usdt"": 9048655.0, ""borsa"": 1, ""fiyat"": 63800.0, ""kaynak"": ""BNB""}, {""usdt"": 8960959.0, ""borsa"": 1, ""fiyat"": 63825.0, ""kaynak"": ""BNB""}]",YOK,-0.0394,-0.1073,0.4446,0.9638,false,,true,0,0,1,3,0,1,3,21.8,22.9,IZLE,,25,63703.9,,,,,SEVIYE,65,9.0,1,,,,,,,1785266400,1,0,,21,820.2,21,,,
30126,2026-07-28 19:22:49.451388+00,63725.350000000006,-53023.48180939792,195401.463,11743497562.0107,0.00006802599999999999,42910972.45792996,3058.776,21.9,BEKLE,false,3058.776,0.0,1.7601,301.463,53031684.97434999,1389.744,0.0,21.9,"[{""usdt"": 11932969.0, ""borsa"": 3, ""fiyat"": 63700.0, ""kaynak"": ""BNB+BYB+OKX""}, {""usdt"": 9330613.0, ""borsa"": 1, ""fiyat"": 63650.0, ""kaynak"": ""BNB""}, {""usdt"": 8258180.0, ""borsa"": 3, ""fiyat"": 63725.0, ""kaynak"": ""BNB+BYB+OKX""}]","[{""usdt"": 18869733.0, ""borsa"": 3, ""fiyat"": 63750.0, ""kaynak"": ""BNB+BYB+OKX""}, {""usdt"": 10172340.0, ""borsa"": 1, ""fiyat"": 63825.0, ""kaynak"": ""BNB""}, {""usdt"": 7883497.0, ""borsa"": 1, ""fiyat"": 63800.0, ""kaynak"": ""BNB""}]",YOK,-0.0152,-0.1055,,,false,,true,0,0,1,3,0,2,3,18.2,19.2,IZLE,,25,63703.9,,,,,SEVIYE,65,10.0,1,,,,,,,1785266400,1,1,,21,821.2,21,,,
30127,2026-07-28 19:23:49.760541+00,63750.350000000006,127731.22544760148,461794.547,11743984578.1723,0.00006802599999999999,41307972.935809925,3058.776,28.5,BEKLE,false,3058.776,0.0,1.7601,120.493,49381852.82136,1450.028,0.0,28.5,"[{""usdt"": 14128961.0, ""borsa"": 3, ""fiyat"": 63750.0, ""kaynak"": ""BNB+BYB+OKX""}, {""usdt"": 7157703.0, ""borsa"": 1, ""fiyat"": 63700.0, ""kaynak"": ""BNB""}, {""usdt"": 6396245.0, ""borsa"": 1, ""fiyat"": 63650.0, ""kaynak"": ""BNB""}]","[{""usdt"": 13125383.0, ""borsa"": 3, ""fiyat"": 63775.0, ""kaynak"": ""BNB+BYB+OKX""}, {""usdt"": 10903877.0, ""borsa"": 1, ""fiyat"": 63875.0, ""kaynak"": ""BNB""}, {""usdt"": 8182451.0, ""borsa"": 1, ""fiyat"": 63825.0, ""kaynak"": ""BNB""}]",YOK,-0.037,-0.089,0.242,3.6665,false,,true,0.1183,0,0,3,0,1,3,14.6,15.6,IZLE,,25,63786.8,,,,,SEVIYE,75,101.1,11,,,,,,,1785266400,1,2,,20,822.2,20,,,
30128,2026-07-28 19:24:50.104717+00,63742.149999999994,123720.40163320163,290771.712,11736658684.7752,0.00006802599999999999,44186616.379489966,3058.776,25.1,BEKLE,false,3058.776,0.0,1.7601,0,49628379.14067003,1510.407,0.0,25.1,"[{""usdt"": 14678108.0, ""borsa"": 3, ""fiyat"": 63725.0, ""kaynak"": ""BNB+BYB+OKX""}, {""usdt"": 8940290.0, ""borsa"": 1, ""fiyat"": 63675.0, ""kaynak"": ""BNB""}, {""usdt"": 7534824.0, ""borsa"": 2, ""fiyat"": 63700.0, ""kaynak"": ""BNB+BYB""}]","[{""usdt"": 14078297.0, ""borsa"": 3, ""fiyat"": 63775.0, ""kaynak"": ""BNB+BYB+OKX""}, {""usdt"": 10794456.0, ""borsa"": 3, ""fiyat"": 63750.0, ""kaynak"": ""BNB+BYB+OKX""}, {""usdt"": 9209606.0, ""borsa"": 1, ""fiyat"": 63800.0, ""kaynak"": ""BNB""}]",YOK,-0.0101,-0.058,0.5576,1.8746,false,,true,0.0127,0,0,3,0,1,3,11.1,12.2,IZLE,,25,63702.5,,,,,SEVIYE,65,12.0,2,,,,,,,1785266400,1,3,,20,823.2,20,,,
30129,2026-07-28 19:25:50.434397+00,63716.45,3960.2679546025756,239030.04900000006,11732724235.1962,0.00006802599999999999,44160208.76183001,0.0,15.9,BEKLE,false,0.0,0.0,1.7601,60.247,49671157.64991006,1570.654,0.0,15.9,"[{""usdt"": 16527506.0, ""borsa"": 3, ""fiyat"": 63700.0, ""kaynak"": ""BNB+BYB+OKX""}, {""usdt"": 9639077.0, ""borsa"": 1, ""fiyat"": 63650.0, ""kaynak"": ""BNB""}, {""usdt"": 6126172.0, ""borsa"": 1, ""fiyat"": 63625.0, ""kaynak"": ""BNB""}]","[{""usdt"": 10246783.0, ""borsa"": 1, ""fiyat"": 63800.0, ""kaynak"": ""BNB""}, {""usdt"": 9859458.0, ""borsa"": 1, ""fiyat"": 63825.0, ""kaynak"": ""BNB""}, {""usdt"": 8969579.0, ""borsa"": 3, ""fiyat"": 63750.0, ""kaynak"": ""BNB+BYB+OKX""}]",YOK,-0.044,-0.0587,,,false,,true,0,0,1,3,0,0,3,7.2,8.3,IZLE,,25,63702.5,,,,,SEVIYE,65,13.0,2,,,,,,,,,0,,20,824.2,20,,,
30130,2026-07-28 19:26:50.712129+00,63710.05,210804.1767455025,231049.14100000003,11733691058.229,0.00006802599999999999,42401076.17847002,0.0,12.9,BEKLE,false,0.0,0.0,1.7624,60.349,52027831.19622005,1631.003,0.0,12.9,"[{""usdt"": 12235876.0, ""borsa"": 3, ""fiyat"": 63700.0, ""kaynak"": ""BNB+BYB+OKX""}, {""usdt"": 9064277.0, ""borsa"": 2, ""fiyat"": 63675.0, ""kaynak"": ""BNB+BYB""}, {""usdt"": 8424963.0, ""borsa"": 1, ""fiyat"": 63650.0, ""kaynak"": ""BNB""}]","[{""usdt"": 14098476.0, ""borsa"": 3, ""fiyat"": 63725.0, ""kaynak"": ""BNB+BYB+OKX""}, {""usdt"": 10391729.0, ""borsa"": 1, ""fiyat"": 63825.0, ""kaynak"": ""BNB""}, {""usdt"": 9966062.0, ""borsa"": 1, ""fiyat"": 63800.0, ""kaynak"": ""BNB""}]",YOK,-0.0414,-0.1019,,,false,,true,0,0,1,3,0,1,3,3.7,4.8,IZLE,,25,63702.5,,,,,SEVIYE,65,14.0,2,,,,,,,,,0,,20,825.2,20,,,
30131,2026-07-28 19:27:50.947832+00,63719.45,421617.29114810226,228356.69100000002,11733818995.1271,0.00006802599999999999,39894814.90866998,0.0,9.0,BEKLE,,0.0,0.0,1.7624,120.626,51152988.35102003,1691.28,0.0,9.0,"[{""usdt"": 13432927.0, ""borsa"": 3, ""fiyat"": 63700.0, ""kaynak"": ""BNB+BYB+OKX""}, {""usdt"": 8476634.0, ""borsa"": 1, ""fiyat"": 63650.0, ""kaynak"": ""BNB""}, {""usdt"": 6795460.0, ""borsa"": 2, ""fiyat"": 63675.0, ""kaynak"": ""BNB+BYB""}]","[{""usdt"": 13914211.0, ""borsa"": 3, ""fiyat"": 63725.0, ""kaynak"": ""BNB+BYB+OKX""}, {""usdt"": 8706062.0, ""borsa"": 1, ""fiyat"": 63825.0, ""kaynak"": ""BNB""}, {""usdt"": 8193997.0, ""borsa"": 3, ""fiyat"": 63750.0, ""kaynak"": ""BNB+BYB+OKX""}]",YOK,-0.0414,-0.1237,,,false,,true,0,0,1,3,0,1,3,64,62.5,IZLE,,25,63702.5,,,,,SEVIYE,65,15.0,2,,,,,,,,,0,,20,826.2,20,,,
30132,2026-07-28 19:28:51.304575+00,63733.05,439638.354421701,238466.666,11736189210.103,0.00006802599999999999,41806876.606619984,0.0,18.7,BEKLE,false,0.0,0.0,1.7624,180.91,52906288.31060003,1751.564,18.7,0.0,"[{""usdt"": 15717827.0, ""borsa"": 3, ""fiyat"": 63700.0, ""kaynak"": ""BNB+BYB+OKX""}, {""usdt"": 8476634.0, ""borsa"": 1, ""fiyat"": 63650.0, ""kaynak"": ""BNB""}, {""usdt"": 6027413.0, ""borsa"": 1, ""fiyat"": 63675.0, ""kaynak"": ""BNB""}]","[{""usdt"": 14666120.0, ""borsa"": 3, ""fiyat"": 63725.0, ""kaynak"": ""BNB+BYB+OKX""}, {""usdt"": 10871728.0, ""borsa"": 3, ""fiyat"": 63750.0, ""kaynak"": ""BNB+BYB+OKX""}, {""usdt"": 8706062.0, ""borsa"": 1, ""fiyat"": 63825.0, ""kaynak"": ""BNB""}]",YOK,-0.0411,-0.1172,0.4456,1.848,false,,true,0,0,1,3,0,1,3,60.2,61.5,IZLE,,25,63702.5,,,,,SEVIYE,65,16.0,2,,,,,,,,,0,,20,827.2,20,,,
30133,2026-07-28 19:29:51.64633+00,63728.55,451523.7440020009,207659.416,11735211775.9432,0.00006802599999999999,45686690.40115995,0.0,12.6,BEKLE,,0.0,0.0,1.7624,241.193,50496309.15518007,1811.847,12.6,0.0,"[{""usdt"": 13024105.0, ""borsa"": 3, ""fiyat"": 63725.0, ""kaynak"": ""BNB+BYB+OKX""}, {""usdt"": 9253811.0, ""borsa"": 3, ""fiyat"": 63700.0, ""kaynak"": ""BNB+BYB+OKX""}, {""usdt"": 8293558.0, ""borsa"": 1, ""fiyat"": 63625.0, ""kaynak"": ""BNB""}]","[{""usdt"": 15573565.0, ""borsa"": 3, ""fiyat"": 63750.0, ""kaynak"": ""BNB+BYB+OKX""}, {""usdt"": 9782266.0, ""borsa"": 1, ""fiyat"": 63825.0, ""kaynak"": ""BNB""}, {""usdt"": 9120982.0, ""borsa"": 1, ""fiyat"": 63850.0, ""kaynak"": ""BNB""}]",YOK,0.0182,-0.05,,,false,,false,0.8407,0,0,3,1,1,3,56.6,57.7,IZLE,,25,63702.5,,,,,SEVIYE,65,17.0,2,,,,,,,,,0,,20,828.2,20,,,
30134,2026-07-28 19:30:51.993018+00,63834.55,186721.52928329716,601609.125,11747149292.4008,0.00006802599999999999,47178871.359499976,21832.390799999997,15.8,BEKLE,true,0.0,21832.390799999997,1.7624,301.561,51184283.34286004,1872.215,0.0,15.8,"[{""usdt"": 12202959.0, ""borsa"": 3, ""fiyat"": 63700.0, ""kaynak"": ""BNB+BYB+OKX""}, {""usdt"": 10509702.0, ""borsa"": 3, ""fiyat"": 63725.0, ""kaynak"": ""BNB+BYB+OKX""}, {""usdt"": 8836481.0, ""borsa"": 1, ""fiyat"": 63625.0, ""kaynak"": ""BNB""}]","[{""usdt"": 17818894.0, ""borsa"": 3, ""fiyat"": 63750.0, ""kaynak"": ""BNB+BYB+OKX""}, {""usdt"": 9755669.0, ""borsa"": 1, ""fiyat"": 63825.0, ""kaynak"": ""BNB""}, {""usdt"": 9386768.0, ""borsa"": 1, ""fiyat"": 63800.0, ""kaynak"": ""BNB""}]",YOK,0.033,-0.0407,0.2249,10.87,false,,false,1.1,0,0,3,1,1,3,53.1,54.2,IZLE,,25,63837.3,,,,,SEVIYE,85,98.2,10,,,,,,,1785267000,1,0,,20,829.2,20,,,
30135,2026-07-28 19:31:53.755293+00,63797.75,-62944.431150404154,588622.8509999999,11739833492.8347,0.00006802599999999999,43074741.7375,21831.398999999998,16.1,BEKLE,true,0.0,21831.398999999998,1.7624,0,50161655.960619956,61.794,0.0,16.1,"[{""usdt"": 13109029.0, ""borsa"": 3, ""fiyat"": 63800.0, ""kaynak"": ""BNB+BYB+OKX""}, {""usdt"": 8686509.0, ""borsa"": 1, ""fiyat"": 63725.0, ""kaynak"": ""BNB""}, {""usdt"": 7104847.0, ""borsa"": 1, ""fiyat"": 63775.0, ""kaynak"": ""BNB""}]","[{""usdt"": 14903576.0, ""borsa"": 3, ""fiyat"": 63850.0, ""kaynak"": ""BNB+BYB+OKX""}, {""usdt"": 9502155.0, ""borsa"": 1, ""fiyat"": 63925.0, ""kaynak"": ""BNB""}, {""usdt"": 9099767.0, ""borsa"": 1, ""fiyat"": 63900.0, ""kaynak"": ""BNB""}]",YOK,0.0838,-0.076,0.3058,7.3306,false,,false,,1,0,3,1,0,3,51,52.1,IZLE,,25,63786.8,,,,,SEVIYE,75,109.2,11,,,,,,,1785267000,1,0,,20,830.2,20,,,
30136,2026-07-28 19:32:54.00693+00,63782.649999999994,-593639.6100255023,427683.78500000003,11740377261.9403,0.00006802599999999999,43124625.85916994,21831.398999999998,20.8,BEKLE,,0.0,21831.398999999998,1.7624,60.327,45313893.51314998,60.327,0.0,20.8,"[{""usdt"": 12051997.0, ""borsa"": 3, ""fiyat"": 63775.0, ""kaynak"": ""BNB+BYB+OKX""}, {""usdt"": 11609351.0, ""borsa"": 3, ""fiyat"": 63750.0, ""kaynak"": ""BNB+BYB+OKX""}, {""usdt"": 7043350.0, ""borsa"": 1, ""fiyat"": 63700.0, ""kaynak"": ""BNB""}]","[{""usdt"": 10867736.0, ""borsa"": 1, ""fiyat"": 63900.0, ""kaynak"": ""BNB""}, {""usdt"": 10142166.0, ""borsa"": 3, ""fiyat"": 63800.0, ""kaynak"": ""BNB+BYB+OKX""}, {""usdt"": 8438130.0, ""borsa"": 1, ""fiyat"": 63875.0, ""kaynak"": ""BNB""}]",YOK,0.0285,-0.0248,0.7426,3.4463,true,0.2714,false,,0,0,3,1,1,3,47.1,48.6,IZLE,,25,63793.6,,,,,SEVIYE,70,110.2,12,,,,,,,1785267000,1,1,,23,831.2,22,,,
30137,2026-07-28 19:33:54.355796+00,63799.649999999994,-468044.0036269998,507291.5240000001,11738926223.733,0.00006802599999999999,43196603.86617994,21831.398999999998,25.7,BEKLE,true,0.0,21831.398999999998,1.7609,60.25,50822944.16567001,120.577,0.0,25.7,"[{""usdt"": 12450958.0, ""borsa"": 3, ""fiyat"": 63775.0, ""kaynak"": ""BNB+BYB+OKX""}, {""usdt"": 9682810.0, ""borsa"": 1, ""fiyat"": 63700.0, ""kaynak"": ""BNB""}, {""usdt"": 7442509.0, ""borsa"": 1, ""fiyat"": 63750.0, ""kaynak"": ""BNB""}]","[{""usdt"": 13531695.0, ""borsa"": 3, ""fiyat"": 63825.0, ""kaynak"": ""BNB+BYB+OKX""}, {""usdt"": 12376135.0, ""borsa"": 1, ""fiyat"": 63900.0, ""kaynak"": ""BNB""}, {""usdt"": 9568389.0, ""borsa"": 1, ""fiyat"": 63850.0, ""kaynak"": ""BNB""}]",YOK,0.0746,-0.0811,0.6566,3.5912,true,0,false,,0,0,3,1,1,3,43.4,44.4,IZLE,,25,63793.6,,,,,SEVIYE,70,111.2,12,,,,,,,1785267000,1,2,,23,832.2,22,,,
30138,2026-07-28 19:34:54.638107+00,63805.25,-468044.0036269998,507291.5240000001,11738926223.733,0.00006802599999999999,42058928.601709954,21831.398999999998,22.5,BEKLE,true,0.0,21831.398999999998,1.7609,120.592,49088457.83389998,180.919,0.0,22.5,"[{""usdt"": 12175885.0, ""borsa"": 3, ""fiyat"": 63775.0, ""kaynak"": ""BNB+BYB+OKX""}, {""usdt"": 8587638.0, ""borsa"": 1, ""fiyat"": 63725.0, ""kaynak"": ""BNB""}, {""usdt"": 8526671.0, ""borsa"": 1, ""fiyat"": 63700.0, ""kaynak"": ""BNB""}]","[{""usdt"": 11892598.0, ""borsa"": 1, ""fiyat"": 63900.0, ""kaynak"": ""BNB""}, {""usdt"": 11492390.0, ""borsa"": 3, ""fiyat"": 63825.0, ""kaynak"": ""BNB+BYB+OKX""}, {""usdt"": 8922695.0, ""borsa"": 1, ""fiyat"": 63850.0, ""kaynak"": ""BNB""}]",YOK,0.0783,-0.0771,0.6348,3.9468,false,,false,,0,0,3,1,1,3,39.5,40.6,IZLE,,25,63793.6,,,,,SEVIYE,70,112.2,12,,,,,,,1785267000,1,2,,23,833.2,22,,,
30139,2026-07-28 19:35:54.958042+00,63801.45,-456682.75007829897,515084.13100000005,11740268763.5853,0.00006802599999999999,43359468.60474998,21831.398999999998,15.3,BEKLE,false,0.0,21831.398999999998,1.7609,0,50053715.56014996,241.187,15.3,0.0,"[{""usdt"": 12604193.0, ""borsa"": 3, ""fiyat"": 63775.0, ""kaynak"": ""BNB+BYB+OKX""}, {""usdt"": 10247528.0, ""borsa"": 1, ""fiyat"": 63700.0, ""kaynak"": ""BNB""}, {""usdt"": 7235700.0, ""borsa"": 2, ""fiyat"": 63750.0, ""kaynak"": ""BNB+BYB""}]","[{""usdt"": 12668643.0, ""borsa"": 3, ""fiyat"": 63800.0, ""kaynak"": ""BNB+BYB+OKX""}, {""usdt"": 10446447.0, ""borsa"": 3, ""fiyat"": 63825.0, ""kaynak"": ""BNB+BYB+OKX""}, {""usdt"": 9733273.0, ""borsa"": 1, ""fiyat"": 63900.0, ""kaynak"": ""BNB""}]",YOK,0.0757,-0.0717,0.8081,3.0939,false,,false,,0,0,3,0,1,3,35.9,37,IZLE,,50,63793.6,,,,,SEVIYE+TASFIYE,70,113.2,12,,,,,,,1785267000,1,3,,23,834.2,22,,,
30140,2026-07-28 19:36:56.25878+00,63786.850000000006,-605588.8777657987,539104.9189999999,11739331401.607,0.00006802599999999999,44699319.16299991,0.0,12.1,BEKLE,,0.0,0.0,1.7601,61.366,52112430.94361,302.553,12.1,0.0,"[{""usdt"": 16726942.0, ""borsa"": 3, ""fiyat"": 63750.0, ""kaynak"": ""BNB+BYB+OKX""}, {""usdt"": 8714119.0, ""borsa"": 1, ""fiyat"": 63675.0, ""kaynak"": ""BNB""}, {""usdt"": 7186152.0, ""borsa"": 2, ""fiyat"": 63725.0, ""kaynak"": ""BNB+BYB""}]","[{""usdt"": 11796484.0, ""borsa"": 3, ""fiyat"": 63775.0, ""kaynak"": ""BNB+BYB+OKX""}, {""usdt"": 10058336.0, ""borsa"": 1, ""fiyat"": 63850.0, ""kaynak"": ""BNB""}, {""usdt"": 8245765.0, ""borsa"": 1, ""fiyat"": 63875.0, ""kaynak"": ""BNB""}]",YOK,0.0046,-0.0766,0.8612,1.2881,false,,false,0.2736,0,0,3,0,1,3,33.5,34.6,IZLE,,25,63793.6,,,,,SEVIYE,70,114.2,12,,,,,,,,,0,,23,835.3,22,,,
30141,2026-07-28 19:37:56.580032+00,63791.95,-626064.537232197,476429.76600000006,11736415866.707401,0.00006802599999999999,45498199.311379984,0.0,10.9,BEKLE,true,0.0,0.0,1.7601,0,50180511.63794,362.857,0.0,10.9,"[{""usdt"": 13566905.0, ""borsa"": 3, ""fiyat"": 63775.0, ""kaynak"": ""BNB+BYB+OKX""}, {""usdt"": 8119856.0, ""borsa"": 1, ""fiyat"": 63725.0, ""kaynak"": ""BNB""}, {""usdt"": 7284123.0, ""borsa"": 1, ""fiyat"": 63750.0, ""kaynak"": ""BNB""}]","[{""usdt"": 12041438.0, ""borsa"": 1, ""fiyat"": 63900.0, ""kaynak"": ""BNB""}, {""usdt"": 10442094.0, ""borsa"": 3, ""fiyat"": 63825.0, ""kaynak"": ""BNB+BYB+OKX""}, {""usdt"": 9288015.0, ""borsa"": 1, ""fiyat"": 63875.0, ""kaynak"": ""BNB""}]",YOK,0.0621,-0.0489,,,false,,false,0.0159,1,1,3,0,0,3,30,31,IZLE,,25,63793.6,,,,,SEVIYE,70,115.2,12,,,,,,,,,0,,23,836.3,22,,,
30142,2026-07-28 19:38:56.843203+00,63773.850000000006,-225957.25210979694,609626.9859999999,11737952363.1111,0.00006802599999999999,46273961.02391001,0.0,16.8,BEKLE,false,0.0,0.0,1.7601,60.262,52278586.76464996,423.119,0.0,16.8,"[{""usdt"": 14721659.0, ""borsa"": 3, ""fiyat"": 63750.0, ""kaynak"": ""BNB+BYB+OKX""}, {""usdt"": 9147304.0, ""borsa"": 1, ""fiyat"": 63675.0, ""kaynak"": ""BNB""}, {""usdt"": 7895383.0, ""borsa"": 1, ""fiyat"": 63700.0, ""kaynak"": ""BNB""}]","[{""usdt"": 12325606.0, ""borsa"": 3, ""fiyat"": 63800.0, ""kaynak"": ""BNB+BYB+OKX""}, {""usdt"": 12164893.0, ""borsa"": 1, ""fiyat"": 63900.0, ""kaynak"": ""BNB""}, {""usdt"": 8750580.0, ""borsa"": 1, ""fiyat"": 63850.0, ""kaynak"": ""BNB""}]",YOK,0.0409,-0.0609,,,false,,false,0.3615,0,0,3,0,1,3,26.3,27.4,IZLE,,25,63757.6,,,,,SEVIYE,50,116.2,12,,,,,,,,,0,,23,837.3,22,,,
30143,2026-07-28 19:39:57.225871+00,63746.350000000006,-421333.5779869966,564494.23,11734807993.054,0.00006802599999999999,44598245.729590006,0.0,14.0,BEKLE,false,0.0,0.0,1.7601,120.555,50080567.50796999,362.835,0.0,14.0,"[{""usdt"": 15239029.0, ""borsa"": 3, ""fiyat"": 63725.0, ""kaynak"": ""BNB+BYB+OKX""}, {""usdt"": 8106599.0, ""borsa"": 1, ""fiyat"": 63675.0, ""kaynak"": ""BNB""}, {""usdt"": 7644985.0, ""borsa"": 1, ""fiyat"": 63700.0, ""kaynak"": ""BNB""}]","[{""usdt"": 11138788.0, ""borsa"": 3, ""fiyat"": 63750.0, ""kaynak"": ""BNB+BYB+OKX""}, {""usdt"": 10409839.0, ""borsa"": 1, ""fiyat"": 63825.0, ""kaynak"": ""BNB""}, {""usdt"": 8840505.0, ""borsa"": 3, ""fiyat"": 63775.0, ""kaynak"": ""BNB+BYB+OKX""}]",YOK,0.0359,-0.0579,,,true,0.3349,false,0.2725,0,0,3,0,0,3,22.8,23.9,IZLE,,25,63757.6,,,,,SEVIYE,50,117.3,12,,,,,,,,,0,,23,838.3,22,,,
30144,2026-07-28 19:40:57.848104+00,63746.649999999994,-607182.3968790934,618097.1190000001,11730177007.944801,0.00006802599999999999,43477934.57751999,0.0,19.4,BEKLE,false,0.0,0.0,1.7601,60.669,48707720.79411996,423.504,0.0,19.4,"[{""usdt"": 11042400.0, ""borsa"": 3, ""fiyat"": 63725.0, ""kaynak"": ""BNB+BYB+OKX""}, {""usdt"": 7617609.0, ""borsa"": 3, ""fiyat"": 63750.0, ""kaynak"": ""BNB+BYB+OKX""}, {""usdt"": 7589085.0, ""borsa"": 1, ""fiyat"": 63675.0, ""kaynak"": ""BNB""}]","[{""usdt"": 14479282.0, ""borsa"": 3, ""fiyat"": 63775.0, ""kaynak"": ""BNB+BYB+OKX""}, {""usdt"": 9539603.0, ""borsa"": 1, ""fiyat"": 63825.0, ""kaynak"": ""BNB""}, {""usdt"": 7959463.0, ""borsa"": 1, ""fiyat"": 63850.0, ""kaynak"": ""BNB""}]",YOK,0.0514,-0.0567,,,false,,true,0.4243,0,0,3,0,0,3,19.6,20.7,IZLE,,25,63757.6,,,,,SEVIYE,50,118.3,12,,,,,,,,,0,,23,839.3,22,,,
30145,2026-07-28 19:41:58.173042+00,63729.95,-605834.9153776935,636301.026,11729331385.4065,0.00006802599999999999,46204046.631510004,0.0,19.5,BEKLE,false,0.0,0.0,1.7594,121.033,42976777.75884002,181.326,0.0,19.5,"[{""usdt"": 15363679.0, ""borsa"": 3, ""fiyat"": 63700.0, ""kaynak"": ""BNB+BYB+OKX""}, {""usdt"": 9615543.0, ""borsa"": 1, ""fiyat"": 63625.0, ""kaynak"": ""BNB""}, {""usdt"": 8053088.0, ""borsa"": 1, ""fiyat"": 63675.0, ""kaynak"": ""BNB""}]","[{""usdt"": 11267852.0, ""borsa"": 3, ""fiyat"": 63750.0, ""kaynak"": ""BNB+BYB+OKX""}, {""usdt"": 9130713.0, ""borsa"": 1, ""fiyat"": 63825.0, ""kaynak"": ""BNB""}, {""usdt"": 7520013.0, ""borsa"": 1, ""fiyat"": 63775.0, ""kaynak"": ""BNB""}]",YOK,-0.034,0.0362,,,false,,false,0.5307,1,1,3,0,0,3,16.1,17.2,IZLE,,25,63709.1,,,,,SEVIYE,65,29.1,3,,,,,,,,,0,,23,840.3,22,,,
30146,2026-07-28 19:42:58.455009+00,63716.55,-635617.7230108931,385701.9060000001,11729360961.015999,0.00006802599999999999,43027485.989340015,0.0,13.4,BEKLE,true,0.0,0.0,1.7594,181.359,52258391.43692,241.652,13.4,0.0,"[{""usdt"": 14113371.0, ""borsa"": 3, ""fiyat"": 63700.0, ""kaynak"": ""BNB+BYB+OKX""}, {""usdt"": 7935100.0, ""borsa"": 1, ""fiyat"": 63625.0, ""kaynak"": ""BNB""}, {""usdt"": 7587495.0, ""borsa"": 2, ""fiyat"": 63675.0, ""kaynak"": ""BNB+BYB""}]","[{""usdt"": 12635831.0, ""borsa"": 3, ""fiyat"": 63750.0, ""kaynak"": ""BNB+BYB+OKX""}, {""usdt"": 12127222.0, ""borsa"": 3, ""fiyat"": 63725.0, ""kaynak"": ""BNB+BYB+OKX""}, {""usdt"": 11096987.0, ""borsa"": 1, ""fiyat"": 63825.0, ""kaynak"": ""BNB""}]",YOK,-0.0742,-0.0969,,,false,,true,0.1767,0,1,3,0,1,3,12.6,13.7,IZLE,,25,63757.6,,,,,SEVIYE,55,120.3,13,,,,,,,,,0,,19,841.3,19,,,
30147,2026-07-28 19:43:58.987253+00,63684.55,-1008470.6050693932,366758.2250000001,11725929682.9116,0.00006802599999999999,44522735.941509984,0.0,21.0,BEKLE,true,0.0,0.0,1.7594,60.368,48027447.30192993,0,21.0,0.0,"[{""usdt"": 11426496.0, ""borsa"": 3, ""fiyat"": 63650.0, ""kaynak"": ""BNB+BYB+OKX""}, {""usdt"": 9036636.0, ""borsa"": 3, ""fiyat"": 63675.0, ""kaynak"": ""BNB+BYB+OKX""}, {""usdt"": 8564184.0, ""borsa"": 1, ""fiyat"": 63625.0, ""kaynak"": ""BNB""}]","[{""usdt"": 14355324.0, ""borsa"": 3, ""fiyat"": 63700.0, ""kaynak"": ""BNB+BYB+OKX""}, {""usdt"": 8354821.0, ""borsa"": 1, ""fiyat"": 63800.0, ""kaynak"": ""BNB""}, {""usdt"": 8335766.0, ""borsa"": 1, ""fiyat"": 63750.0, ""kaynak"": ""BNB""}]",YOK,-0.136,-0.0379,0.6455,5.4913,false,,true,0.2207,0,2,3,0,0,3,8.7,9.8,IZLE,,25,63654.4,,,,,SEVIYE,50,842.3,85,,,,,,,,,0,,19,842.3,19,,,
30148,2026-07-28 19:44:59.307517+00,63676.75,-1458034.9430240933,302134.5889999999,11718352381.8247,0.00006802599999999999,44684179.521929964,636.729,24.0,BEKLE,true,636.729,0.0,1.7594,60.456,51791417.17601003,60.456,24.0,0.0,"[{""usdt"": 11865138.0, ""borsa"": 3, ""fiyat"": 63650.0, ""kaynak"": ""BNB+BYB+OKX""}, {""usdt"": 9292132.0, ""borsa"": 1, ""fiyat"": 63575.0, ""kaynak"": ""BNB""}, {""usdt"": 8636892.0, ""borsa"": 1, ""fiyat"": 63600.0, ""kaynak"": ""BNB""}]","[{""usdt"": 12740368.0, ""borsa"": 3, ""fiyat"": 63700.0, ""kaynak"": ""BNB+BYB+OKX""}, {""usdt"": 9698423.0, ""borsa"": 3, ""fiyat"": 63675.0, ""kaynak"": ""BNB+BYB+OKX""}, {""usdt"": 9581637.0, ""borsa"": 1, ""fiyat"": 63775.0, ""kaynak"": ""BNB""}]",YOK,-0.0676,-0.0737,0.6907,3.4582,false,,false,,0,1,3,0,1,3,5.3,6.4,IZLE,,25,63654.4,,,,,SEVIYE,50,843.3,85,,,,,,,1785267840,1,0,,19,843.3,19,,,
30149,2026-07-28 19:45:59.561783+00,63669.55,-656179.3784043958,-135330.21000000005,11718248339.3435,0.00006802599999999999,44841312.910629995,636.7669999999999,28.8,BEKLE,true,636.7669999999999,0.0,1.7594,120.743,50947098.86491001,120.743,28.8,0.0,"[{""usdt"": 12672945.0, ""borsa"": 3, ""fiyat"": 63650.0, ""kaynak"": ""BNB+BYB+OKX""}, {""usdt"": 9287821.0, ""borsa"": 1, ""fiyat"": 63575.0, ""kaynak"": ""BNB""}, {""usdt"": 8378321.0, ""borsa"": 1, ""fiyat"": 63600.0, ""kaynak"": ""BNB""}]","[{""usdt"": 12682177.0, ""borsa"": 3, ""fiyat"": 63700.0, ""kaynak"": ""BNB+BYB+OKX""}, {""usdt"": 12531604.0, ""borsa"": 3, ""fiyat"": 63675.0, ""kaynak"": ""BNB+BYB+OKX""}, {""usdt"": 9684793.0, ""borsa"": 1, ""fiyat"": 63775.0, ""kaynak"": ""BNB""}]",YOK,-0.0773,-0.0637,0.0354,4.1596,false,,false,,1,1,3,0,1,3,1.8,63.6,IZLE,,25,63654.4,,,,,SEVIYE,50,844.3,85,PCT,1.11,0.16904465764228252,3.125619210703651,false,0.126,1785267840,1,0,,19,844.3,19,,,
30150,2026-07-28 19:47:00.523385+00,63687.55,-1330082.749641496,-366176.569,11717156991.6567,0.00006802599999999999,44656878.541099995,636.7669999999999,45.6,BEKLE,true,636.7669999999999,0.0,1.7594,181.658,52011009.05841002,181.658,45.6,0.0,"[{""usdt"": 13949260.0, ""borsa"": 3, ""fiyat"": 63650.0, ""kaynak"": ""BNB+BYB+OKX""}, {""usdt"": 9287821.0, ""borsa"": 1, ""fiyat"": 63575.0, ""kaynak"": ""BNB""}, {""usdt"": 8378321.0, ""borsa"": 1, ""fiyat"": 63600.0, ""kaynak"": ""BNB""}]","[{""usdt"": 14731844.0, ""borsa"": 3, ""fiyat"": 63675.0, ""kaynak"": ""BNB+BYB+OKX""}, {""usdt"": 11545848.0, ""borsa"": 3, ""fiyat"": 63700.0, ""kaynak"": ""BNB+BYB+OKX""}, {""usdt"": 9684793.0, ""borsa"": 1, ""fiyat"": 63775.0, ""kaynak"": ""BNB""}]",YOK,-0.0773,-0.0761,0.2899,1.266,false,,false,,1,1,3,0,1,3,62.7,63.8,IZLE,,25,63654.4,,,,,SEVIYE,50,845.3,85,,,,,,,1785267840,1,1,,19,845.3,19,,,
30151,2026-07-28 19:48:00.829491+00,63702.649999999994,-912551.0846516958,-175815.85200000004,11719650938.991798,0.00006802599999999999,45248187.17987998,636.7669999999999,35.7,BEKLE,true,636.7669999999999,0.0,1.7594,181.492,50772918.41067998,181.492,35.7,0.0,"[{""usdt"": 11166304.0, ""borsa"": 3, ""fiyat"": 63675.0, ""kaynak"": ""BNB+BYB+OKX""}, {""usdt"": 10679113.0, ""borsa"": 3, ""fiyat"": 63650.0, ""kaynak"": ""BNB+BYB+OKX""}, {""usdt"": 8557545.0, ""borsa"": 1, ""fiyat"": 63600.0, ""kaynak"": ""BNB""}]","[{""usdt"": 17057053.0, ""borsa"": 3, ""fiyat"": 63700.0, ""kaynak"": ""BNB+BYB+OKX""}, {""usdt"": 9689315.0, ""borsa"": 1, ""fiyat"": 63750.0, ""kaynak"": ""BNB""}, {""usdt"": 7963745.0, ""borsa"": 1, ""fiyat"": 63800.0, ""kaynak"": ""BNB""}]",YOK,-0.0181,-0.0575,0.2179,0.8162,false,0.8472,false,,0,1,3,1,1,3,58.9,60,IZLE,,25,63654.4,,,,,SEVIYE,50,846.3,85,,,,,,,1785267840,1,2,,19,846.3,19,,,
30152,2026-07-28 19:49:01.116284+00,63715.75,-935803.111784197,-108761.736,11721228620.3706,0.00006802599999999999,45990357.75270997,636.7669999999999,23.1,BEKLE,true,636.7669999999999,0.0,1.7586,60.313,45585400.02049997,60.313,23.1,0.0,"[{""usdt"": 13780974.0, ""borsa"": 3, ""fiyat"": 63675.0, ""kaynak"": ""BNB+BYB+OKX""}, {""usdt"": 8843363.0, ""borsa"": 1, ""fiyat"": 63600.0, ""kaynak"": ""BNB""}, {""usdt"": 8605925.0, ""borsa"": 3, ""fiyat"": 63700.0, ""kaynak"": ""BNB+BYB+OKX""}]","[{""usdt"": 14636609.0, ""borsa"": 3, ""fiyat"": 63725.0, ""kaynak"": ""BNB+BYB+OKX""}, {""usdt"": 8452451.0, ""borsa"": 1, ""fiyat"": 63750.0, ""kaynak"": ""BNB""}, {""usdt"": 8085500.0, ""borsa"": 1, ""fiyat"": 63800.0, ""kaynak"": ""BNB""}]",YOK,-0.0686,0.0044,0.0795,2.5477,false,0.9731,false,,0,1,3,1,1,3,55.4,56.4,IZLE,,25,63757.6,,,,,SEVIYE,55,126.3,13,,,,,,,1785267840,1,3,,19,847.4,19,,,
30153,2026-07-28 19:50:01.384692+00,63719.850000000006,-1056957.1076098972,-140288.45,11720832472.9425,0.00006802599999999999,46522283.078379974,0.0,19.7,BEKLE,true,0.0,0.0,1.7586,60.237,48150223.88578994,120.55,19.7,0.0,"[{""usdt"": 15282656.0, ""borsa"": 3, ""fiyat"": 63675.0, ""kaynak"": ""BNB+BYB+OKX""}, {""usdt"": 10052731.0, ""borsa"": 1, ""fiyat"": 63600.0, ""kaynak"": ""BNB""}, {""usdt"": 8832414.0, ""borsa"": 1, ""fiyat"": 63625.0, ""kaynak"": ""BNB""}]","[{""usdt"": 14219178.0, ""borsa"": 3, ""fiyat"": 63725.0, ""kaynak"": ""BNB+BYB+OKX""}, {""usdt"": 8605388.0, ""borsa"": 1, ""fiyat"": 63750.0, ""kaynak"": ""BNB""}, {""usdt"": 7930096.0, ""borsa"": 1, ""fiyat"": 63775.0, ""kaynak"": ""BNB""}]",YOK,-0.1249,-0.0172,0.3387,2.7178,false,1.3091,false,,0,1,3,1,1,3,51.7,52.8,IZLE,,25,63757.6,,,,,SEVIYE,55,127.3,13,,,,,,,,,0,,19,848.4,19,,,
30154,2026-07-28 19:51:01.676539+00,63732.55,-1017056.7507375013,-19315.084999999995,11723445735.9342,0.00006802599999999999,44053196.19384,0.0,17.9,BEKLE,false,0.0,0.0,1.7586,60.307,55990611.25605999,180.857,0.0,17.9,"[{""usdt"": 13910862.0, ""borsa"": 3, ""fiyat"": 63700.0, ""kaynak"": ""BNB+BYB+OKX""}, {""usdt"": 9305012.0, ""borsa"": 1, ""fiyat"": 63650.0, ""kaynak"": ""BNB""}, {""usdt"": 7860223.0, ""borsa"": 2, ""fiyat"": 63675.0, ""kaynak"": ""BNB+OKX""}]","[{""usdt"": 13790293.0, ""borsa"": 3, ""fiyat"": 63725.0, ""kaynak"": ""BNB+BYB+OKX""}, {""usdt"": 12010781.0, ""borsa"": 2, ""fiyat"": 63750.0, ""kaynak"": ""BNB+BYB""}, {""usdt"": 9697905.0, ""borsa"": 1, ""fiyat"": 63825.0, ""kaynak"": ""BNB""}]",YOK,-0.0784,-0.1193,,,false,0.3838,false,,0,1,3,0,1,3,48.1,49.2,IZLE,,25,63757.6,,,,,SEVIYE,55,128.3,13,,,,,,,,,0,,19,849.4,19,,,
30155,2026-07-28 19:52:02.292507+00,63740.649999999994,-702994.3911630013,46484.30600000002,11727272848.6944,0.00006802599999999999,42231775.34186004,0.0,30.2,BEKLE,false,0.0,0.0,1.7579,0,54011866.64480002,241.179,0.0,30.2,"[{""usdt"": 14362149.0, ""borsa"": 3, ""fiyat"": 63725.0, ""kaynak"": ""BNB+BYB+OKX""}, {""usdt"": 7589131.0, ""borsa"": 1, ""fiyat"": 63675.0, ""kaynak"": ""BNB""}, {""usdt"": 7302064.0, ""borsa"": 2, ""fiyat"": 63700.0, ""kaynak"": ""BNB+BYB""}]","[{""usdt"": 14781419.0, ""borsa"": 3, ""fiyat"": 63750.0, ""kaynak"": ""BNB+BYB+OKX""}, {""usdt"": 10125848.0, ""borsa"": 3, ""fiyat"": 63775.0, ""kaynak"": ""BNB+BYB+OKX""}, {""usdt"": 8731227.0, ""borsa"": 1, ""fiyat"": 63825.0, ""kaynak"": ""BNB""}]",YOK,-0.0616,-0.1224,0.462,2.9202,true,0.3666,false,,0,1,3,0,1,3,43.8,44.8,IZLE,,25,63757.6,,,,,SEVIYE,55,129.3,13,,,,,,,,,0,,19,850.4,19,,,
30156,2026-07-28 19:53:02.676095+00,63751.75,-2176912.1405265005,19292.49199999998,11728003019.818401,0.00006802599999999999,43202255.288080014,0.0,24.4,BEKLE,false,0.0,0.0,1.7579,60.704,49971583.525040016,121.026,0.0,24.4,"[{""usdt"": 13562753.0, ""borsa"": 3, ""fiyat"": 63725.0, ""kaynak"": ""BNB+BYB+OKX""}, {""usdt"": 9008865.0, ""borsa"": 1, ""fiyat"": 63650.0, ""kaynak"": ""BNB""}, {""usdt"": 7186624.0, ""borsa"": 2, ""fiyat"": 63700.0, ""kaynak"": ""BNB+BYB""}]","[{""usdt"": 15383487.0, ""borsa"": 3, ""fiyat"": 63750.0, ""kaynak"": ""BNB+BYB+OKX""}, {""usdt"": 9012782.0, ""borsa"": 3, ""fiyat"": 63775.0, ""kaynak"": ""BNB+BYB+OKX""}, {""usdt"": 8747076.0, ""borsa"": 1, ""fiyat"": 63800.0, ""kaynak"": ""BNB""}]",YOK,-0.0284,-0.0727,0.7882,2.202,false,1.6609,false,,0,1,3,0,1,3,40.2,41.2,IZLE,,25,63782.1,,,,,SEVIYE,75,130.3,14,,,,,,,,,0,,20,851.4,20,,,
30157,2026-07-28 19:54:02.972272+00,63785.05,-2106374.4205420003,139243.68899999998,11731223937.2664,0.00006802599999999999,41830637.59982998,0.0,26.4,BEKLE,false,0.0,0.0,1.7579,60.252,53915721.57599001,181.278,0.0,26.4,"[{""usdt"": 10621462.0, ""borsa"": 3, ""fiyat"": 63725.0, ""kaynak"": ""BNB+BYB+OKX""}, {""usdt"": 9065922.0, ""borsa"": 3, ""fiyat"": 63750.0, ""kaynak"": ""BNB+BYB+OKX""}, {""usdt"": 7848780.0, ""borsa"": 1, ""fiyat"": 63650.0, ""kaynak"": ""BNB""}]","[{""usdt"": 15054391.0, ""borsa"": 3, ""fiyat"": 63775.0, ""kaynak"": ""BNB+BYB+OKX""}, {""usdt"": 12707730.0, ""borsa"": 1, ""fiyat"": 63850.0, ""kaynak"": ""BNB""}, {""usdt"": 9071632.0, ""borsa"": 1, ""fiyat"": 63875.0, ""kaynak"": ""BNB""}]",YOK,-0.0437,-0.1262,0.7305,3.1105,false,1.3864,false,,0,1,3,0,0,3,36.4,37.5,IZLE,,25,63782.1,,,,,SEVIYE,75,131.3,14,,,,,,,,,0,,20,852.4,20,,,
30158,2026-07-28 19:55:03.345003+00,63816.75,-1593711.1611479,454137.94000000006,11736994321.9288,0.00006802599999999999,43205706.63608998,0.0,27.8,BEKLE,false,0.0,0.0,1.7579,0,52996233.72046004,181.38,0.0,27.8,"[{""usdt"": 14728561.0, ""borsa"": 3, ""fiyat"": 63775.0, ""kaynak"": ""BNB+BYB+OKX""}, {""usdt"": 7185376.0, ""borsa"": 1, ""fiyat"": 63725.0, ""kaynak"": ""BNB""}, {""usdt"": 7026568.0, ""borsa"": 1, ""fiyat"": 63700.0, ""kaynak"": ""BNB""}]","[{""usdt"": 11529160.0, ""borsa"": 3, ""fiyat"": 63825.0, ""kaynak"": ""BNB+BYB+OKX""}, {""usdt"": 11279313.0, ""borsa"": 3, ""fiyat"": 63800.0, ""kaynak"": ""BNB+BYB+OKX""}, {""usdt"": 11060324.0, ""borsa"": 1, ""fiyat"": 63875.0, ""kaynak"": ""BNB""}]",SPOT,0.1858,-0.1018,0.3415,4.4334,false,1.0058,false,,2,0,3,0,1,3,32.7,33.7,IZLE,,25,63833.9,,,,,SEVIYE,85,122.4,13,,,,,,,,,0,,20,853.4,20,,,
30159,2026-07-28 19:56:04.923982+00,63814.45,-1868051.8748939987,241903.35000000006,11738789893.3342,0.00006802599999999999,44572377.66917,5806.6008,24.0,BEKLE,false,0.0,5806.6008,1.7579,0,57609132.52862004,242.868,0.0,24.0,"[{""usdt"": 15433732.0, ""borsa"": 3, ""fiyat"": 63800.0, ""kaynak"": ""BNB+BYB+OKX""}, {""usdt"": 8134693.0, ""borsa"": 1, ""fiyat"": 63725.0, ""kaynak"": ""BNB""}, {""usdt"": 7782870.0, ""borsa"": 1, ""fiyat"": 63750.0, ""kaynak"": ""BNB""}]","[{""usdt"": 16483950.0, ""borsa"": 3, ""fiyat"": 63825.0, ""kaynak"": ""BNB+BYB+OKX""}, {""usdt"": 12282996.0, ""borsa"": 2, ""fiyat"": 63850.0, ""kaynak"": ""BNB+OKX""}, {""usdt"": 10931943.0, ""borsa"": 1, ""fiyat"": 63900.0, ""kaynak"": ""BNB""}]",SPOT,0.1785,-0.1276,0.6516,4.5096,false,1.3779,false,,3,0,3,0,1,3,30.3,31.4,IZLE,,25,63833.9,,,,,SEVIYE,85,123.4,13,,,,,,,1785268440,1,0,,20,854.4,20,,,
30160,2026-07-28 19:57:05.292618+00,63837.149999999994,-2232294.9285469963,181095.037,11737304574.0174,0.00006802599999999999,45184950.68764,5806.6008,16.3,BEKLE,false,0.0,5806.6008,1.7586,60.438,52635734.192250006,303.306,0.0,16.3,"[{""usdt"": 15340852.0, ""borsa"": 3, ""fiyat"": 63800.0, ""kaynak"": ""BNB+BYB+OKX""}, {""usdt"": 8764101.0, ""borsa"": 1, ""fiyat"": 63725.0, ""kaynak"": ""BNB""}, {""usdt"": 7341695.0, ""borsa"": 3, ""fiyat"": 63775.0, ""kaynak"": ""BNB+BYB+OKX""}]","[{""usdt"": 17256648.0, ""borsa"": 3, ""fiyat"": 63825.0, ""kaynak"": ""BNB+BYB+OKX""}, {""usdt"": 9693864.0, ""borsa"": 1, ""fiyat"": 63900.0, ""kaynak"": ""BNB""}, {""usdt"": 9308044.0, ""borsa"": 1, ""fiyat"": 63925.0, ""kaynak"": ""BNB""}]",SPOT,0.1673,-0.0762,0.8671,3.9338,false,1.2205,false,,3,0,3,0,1,3,27,28,IZLE,,25,63833.9,,,,,SEVIYE,85,124.4,13,,,,,,,1785268440,1,1,,20,855.4,20,,,
30161,2026-07-28 19:58:05.55405+00,63841.05,-1613392.6820196956,505901.971,11742270229.3624,0.00006802599999999999,41402512.38702001,6700.554,31.2,BEKLE,,0.0,6700.554,1.7586,60.3,56433845.46065,363.606,0.0,31.2,"[{""usdt"": 14443774.0, ""borsa"": 3, ""fiyat"": 63825.0, ""kaynak"": ""BNB+BYB+OKX""}, {""usdt"": 8308803.0, ""borsa"": 1, ""fiyat"": 63775.0, ""kaynak"": ""BNB""}, {""usdt"": 7338841.0, ""borsa"": 1, ""fiyat"": 63750.0, ""kaynak"": ""BNB""}]","[{""usdt"": 15379972.0, ""borsa"": 3, ""fiyat"": 63875.0, ""kaynak"": ""BNB+BYB+OKX""}, {""usdt"": 10720699.0, ""borsa"": 1, ""fiyat"": 63950.0, ""kaynak"": ""BNB""}, {""usdt"": 9932888.0, ""borsa"": 1, ""fiyat"": 63925.0, ""kaynak"": ""BNB""}]",SPOT,0.1988,-0.1536,0.3994,4.5496,false,,false,,3,0,3,0,2,3,23.4,24.5,IZLE,,25,63833.9,,,,,SEVIYE,85,125.4,13,,,,,,,1785268620,1,0,,20,856.4,20,,,
30162,2026-07-28 19:59:06.232872+00,63848.45,-1907271.4687925947,468933.958,11739091310.2878,0.00006802599999999999,44212860.56367001,6700.463,26.8,BEKLE,false,0.0,6700.463,1.7586,120.871,56373828.554270044,424.177,0.0,26.8,"[{""usdt"": 12766312.0, ""borsa"": 3, ""fiyat"": 63800.0, ""kaynak"": ""BNB+BYB+OKX""}, {""usdt"": 8433656.0, ""borsa"": 1, ""fiyat"": 63750.0, ""kaynak"": ""BNB""}, {""usdt"": 7827375.0, ""borsa"": 3, ""fiyat"": 63825.0, ""kaynak"": ""BNB+BYB+OKX""}]","[{""usdt"": 18189080.0, ""borsa"": 3, ""fiyat"": 63850.0, ""kaynak"": ""BNB+BYB+OKX""}, {""usdt"": 11608887.0, ""borsa"": 1, ""fiyat"": 63925.0, ""kaynak"": ""BNB""}, {""usdt"": 8376692.0, ""borsa"": 1, ""fiyat"": 63900.0, ""kaynak"": ""BNB""}]",SPOT,0.162,-0.1209,0.2575,5.8908,false,,false,,2,0,3,0,1,3,20.1,21.2,IZLE,,25,63833.9,,,,,SEVIYE,85,126.4,13,,,,,,,1785268620,1,0,,20,857.4,20,,,
30163,2026-07-28 20:00:06.673512+00,63900.75,-1215890.984585398,1426872.189,11743229281.262,0.00006802599999999999,47437943.38254005,893.8622,38.9,BEKLE,false,0.0,893.8622,1.7586,121.023,52773592.50978996,484.629,0.0,38.9,"[{""usdt"": 12654358.0, ""borsa"": 3, ""fiyat"": 63850.0, ""kaynak"": ""BNB+BYB+OKX""}, {""usdt"": 11344772.0, ""borsa"": 3, ""fiyat"": 63825.0, ""kaynak"": ""BNB+BYB+OKX""}, {""usdt"": 9238049.0, ""borsa"": 1, ""fiyat"": 63775.0, ""kaynak"": ""BNB""}]","[{""usdt"": 17050467.0, ""borsa"": 3, ""fiyat"": 63875.0, ""kaynak"": ""BNB+BYB+OKX""}, {""usdt"": 11939054.0, ""borsa"": 1, ""fiyat"": 63950.0, ""kaynak"": ""BNB""}, {""usdt"": 8815849.0, ""borsa"": 1, ""fiyat"": 63900.0, ""kaynak"": ""BNB""}]",SPOT,0.2155,-0.0532,0.1824,2.9115,false,,false,1.8597,2,0,3,0,1,3,16.7,17.7,IZLE,,25,63917.9,,,,,SEVIYE,50,247.5,25,,,,,,,1785268620,1,0,,20,858.4,20,,,
30164,2026-07-28 20:01:06.957074+00,63925.95,3260671.6569603025,2687043.0119999996,11754950803.066801,0.00006802599999999999,51212370.79616996,151091.3948,28.1,BEKLE,false,0.0,151091.3948,1.7586,0,44173531.914739996,0,0.0,28.1,"[{""usdt"": 22886578.0, ""borsa"": 3, ""fiyat"": 63900.0, ""kaynak"": ""BNB+BYB+OKX""}, {""usdt"": 7178116.0, ""borsa"": 1, ""fiyat"": 63850.0, ""kaynak"": ""BNB""}, {""usdt"": 7044295.0, ""borsa"": 1, ""fiyat"": 63825.0, ""kaynak"": ""BNB""}]","[{""usdt"": 10730070.0, ""borsa"": 1, ""fiyat"": 64000.0, ""kaynak"": ""BNB""}, {""usdt"": 9536362.0, ""borsa"": 3, ""fiyat"": 63925.0, ""kaynak"": ""BNB+BYB+OKX""}, {""usdt"": 8372653.0, ""borsa"": 3, ""fiyat"": 63950.0, ""kaynak"": ""BNB+BYB+OKX""}]",SPOT,0.1645,0.0738,0.5464,0.853,false,,false,5.5001,2,0,3,0,0,3,13.2,14.3,IZLE,,25,63917.9,,,,,SEVIYE,50,248.6,25,PCT,0.64,0.9592368221313543,0.16905474623097627,false,0.603,1785268800,3,0,,20,859.5,20,,,
30165,2026-07-28 20:02:08.742054+00,63882.350000000006,3115345.9384516147,2652256.196,11751793169.7887,0.00006802599999999999,45113113.75019,151059.7175,41.7,BEKLE,false,0.0,151059.7175,1.7586,0,49655398.76057002,61.396,0.0,41.7,"[{""usdt"": 16326494.0, ""borsa"": 3, ""fiyat"": 63875.0, ""kaynak"": ""BNB+BYB+OKX""}, {""usdt"": 9305564.0, ""borsa"": 1, ""fiyat"": 63825.0, ""kaynak"": ""BNB""}, {""usdt"": 6423012.0, ""borsa"": 1, ""fiyat"": 63800.0, ""kaynak"": ""BNB""}]","[{""usdt"": 13784967.0, ""borsa"": 1, ""fiyat"": 64000.0, ""kaynak"": ""BNB""}, {""usdt"": 11150175.0, ""borsa"": 3, ""fiyat"": 63900.0, ""kaynak"": ""BNB+BYB+OKX""}, {""usdt"": 8477258.0, ""borsa"": 1, ""fiyat"": 63975.0, ""kaynak"": ""BNB""}]",YOK,0.0873,-0.0479,0.5541,0.3362,false,,false,,1,0,3,0,0,3,10.7,11.8,IZLE,,25,63917.9,,,,,SEVIYE,50,249.6,25,,,,,,,1785268800,3,0,,20,860.5,20,,,
30166,2026-07-28 20:03:09.459663+00,63857.75,2522838.0325636175,2313901.164,11745968612.1376,0.00006802599999999999,45084759.357959986,150165.8553,37.4,BEKLE,false,0.0,150165.8553,1.7541,61.04,40832088.45095999,0,0.0,37.4,"[{""usdt"": 11678108.0, ""borsa"": 3, ""fiyat"": 63825.0, ""kaynak"": ""BNB+BYB+OKX""}, {""usdt"": 9283833.0, ""borsa"": 3, ""fiyat"": 63850.0, ""kaynak"": ""BNB+BYB+OKX""}, {""usdt"": 8491002.0, ""borsa"": 1, ""fiyat"": 63775.0, ""kaynak"": ""BNB""}]","[{""usdt"": 11802643.0, ""borsa"": 3, ""fiyat"": 63875.0, ""kaynak"": ""BNB+BYB+OKX""}, {""usdt"": 8118682.0, ""borsa"": 1, ""fiyat"": 63925.0, ""kaynak"": ""BNB""}, {""usdt"": 6724664.0, ""borsa"": 1, ""fiyat"": 63900.0, ""kaynak"": ""BNB""}]",YOK,0.0188,0.0495,0.5613,0.1647,false,,false,,0,0,3,1,0,3,7.9,9,IZLE,,25,63831.2,,,,,SEVIYE,85,130.4,14,,,,,,,1785268800,3,0,,20,861.5,20,,,
30167,2026-07-28 20:04:09.743447+00,63904.649999999994,4343334.332560617,2416200.571,11753773027.322498,0.00006802599999999999,49766914.93965002,150165.8553,36.1,BEKLE,false,0.0,150165.8553,1.7541,0,43841830.59062002,0,0.0,36.1,"[{""usdt"": 12119463.0, ""borsa"": 3, ""fiyat"": 63875.0, ""kaynak"": ""BNB+BYB+OKX""}, {""usdt"": 9718449.0, ""borsa"": 1, ""fiyat"": 63825.0, ""kaynak"": ""BNB""}, {""usdt"": 8354380.0, ""borsa"": 3, ""fiyat"": 63900.0, ""kaynak"": ""BNB+BYB+OKX""}]","[{""usdt"": 11985240.0, ""borsa"": 3, ""fiyat"": 63925.0, ""kaynak"": ""BNB+BYB+OKX""}, {""usdt"": 10386209.0, ""borsa"": 1, ""fiyat"": 64000.0, ""kaynak"": ""BNB""}, {""usdt"": 10297408.0, ""borsa"": 1, ""fiyat"": 63975.0, ""kaynak"": ""BNB""}]",YOK,0.1159,0.0633,0.6422,0.4196,false,,false,,0,0,3,1,0,3,4.4,5.4,IZLE,,25,63917.9,,,,,SEVIYE,50,251.6,26,,,,,,,1785268800,3,1,,20,862.5,20,,,
30168,2026-07-28 20:05:10.01945+00,63956.350000000006,4792618.213033111,2955373.1139999996,11757164710.9023,0.00006802599999999999,50112876.34125001,145630.20489999998,33.9,BEKLE,,0.0,145630.20489999998,1.7541,0,47761604.948619984,60.249,0.0,33.9,"[{""usdt"": 14214747.0, ""borsa"": 3, ""fiyat"": 63900.0, ""kaynak"": ""BNB+BYB+OKX""}, {""usdt"": 12636995.0, ""borsa"": 3, ""fiyat"": 63875.0, ""kaynak"": ""BNB+BYB+OKX""}, {""usdt"": 9217584.0, ""borsa"": 1, ""fiyat"": 63850.0, ""kaynak"": ""BNB""}]","[{""usdt"": 10283539.0, ""borsa"": 1, ""fiyat"": 64050.0, ""kaynak"": ""BNB""}, {""usdt"": 10097588.0, ""borsa"": 1, ""fiyat"": 64000.0, ""kaynak"": ""BNB""}, {""usdt"": 7582297.0, ""borsa"": 1, ""fiyat"": 64025.0, ""kaynak"": ""BNB""}]",SPOT,0.1959,0.024,0.6873,0.4618,false,,false,,2,0,3,1,0,3,63.6,63.1,IZLE,,25,63917.9,,,,,SEVIYE,50,252.6,26,,,,,,,1785268800,3,0,,20,863.5,20,,,
30169,2026-07-28 20:06:10.594804+00,63891.75,6708743.277526507,3136700.89,11757087220.6198,0.00006802599999999999,45787164.85860001,4475.401000000001,27.3,BEKLE,false,0.0,4475.401000000001,1.7541,60.314,48129132.40786999,120.563,0.0,27.3,"[{""usdt"": 10034143.0, ""borsa"": 3, ""fiyat"": 63925.0, ""kaynak"": ""BNB+BYB+OKX""}, {""usdt"": 9217584.0, ""borsa"": 1, ""fiyat"": 63850.0, ""kaynak"": ""BNB""}, {""usdt"": 7889630.0, ""borsa"": 3, ""fiyat"": 63950.0, ""kaynak"": ""BNB+BYB+OKX""}]","[{""usdt"": 12357891.0, ""borsa"": 3, ""fiyat"": 63975.0, ""kaynak"": ""BNB+BYB+OKX""}, {""usdt"": 10283539.0, ""borsa"": 1, ""fiyat"": 64050.0, ""kaynak"": ""BNB""}, {""usdt"": 10097588.0, ""borsa"": 1, ""fiyat"": 64000.0, ""kaynak"": ""BNB""}]",SPOT,0.2352,-0.0249,0.8109,0.5838,false,,false,,3,0,3,1,0,3,61.1,62.2,IZLE,,25,63917.9,,,,,SEVIYE,50,253.6,26,,,,,,,1785269100,1,0,,20,864.5,20,,,
30170,2026-07-28 20:07:10.851355+00,63881.95,6582200.607523606,3078138.4549999996,11748674986.7706,0.00006802599999999999,46899041.67006999,4473.161000000001,28.2,BEKLE,false,0.0,4473.161000000001,1.7548,0,51256793.34379997,181.152,0.0,28.2,"[{""usdt"": 12295474.0, ""borsa"": 3, ""fiyat"": 63850.0, ""kaynak"": ""BNB+BYB+OKX""}, {""usdt"": 12009467.0, ""borsa"": 3, ""fiyat"": 63875.0, ""kaynak"": ""BNB+BYB+OKX""}, {""usdt"": 8640180.0, ""borsa"": 1, ""fiyat"": 63800.0, ""kaynak"": ""BNB""}]","[{""usdt"": 13545513.0, ""borsa"": 1, ""fiyat"": 64000.0, ""kaynak"": ""BNB""}, {""usdt"": 13446636.0, ""borsa"": 3, ""fiyat"": 63900.0, ""kaynak"": ""BNB+BYB+OKX""}, {""usdt"": 9177160.0, ""borsa"": 1, ""fiyat"": 63950.0, ""kaynak"": ""BNB""}]",YOK,0.0671,-0.0444,0.8199,0.0069,false,,false,,0,0,3,0,1,3,57.9,59,IZLE,,25,63917.9,,,,,SEVIYE,50,254.6,26,,,,,,,1785269100,1,0,,20,865.5,20,,,
30171,2026-07-28 20:08:11.399813+00,63890.350000000006,6689311.789623705,3117390.6059999997,11750555552.522,0.00006802599999999999,45907049.92130004,4473.161000000001,35.7,BEKLE,false,0.0,4473.161000000001,1.7548,60.219,52918655.05117001,241.371,0.0,35.7,"[{""usdt"": 11346527.0, ""borsa"": 3, ""fiyat"": 63875.0, ""kaynak"": ""BNB+BYB+OKX""}, {""usdt"": 10228788.0, ""borsa"": 3, ""fiyat"": 63850.0, ""kaynak"": ""BNB+BYB+OKX""}, {""usdt"": 8381963.0, ""borsa"": 1, ""fiyat"": 63800.0, ""kaynak"": ""BNB""}]","[{""usdt"": 17435772.0, ""borsa"": 3, ""fiyat"": 63900.0, ""kaynak"": ""BNB+BYB+OKX""}, {""usdt"": 9609360.0, ""borsa"": 1, ""fiyat"": 63950.0, ""kaynak"": ""BNB""}, {""usdt"": 9420434.0, ""borsa"": 1, ""fiyat"": 63975.0, ""kaynak"": ""BNB""}]",YOK,0.0419,-0.0709,0.7436,0.4228,false,,false,,0,1,3,0,0,3,54.2,55.3,IZLE,,25,63917.9,,,,,SEVIYE,50,255.6,26,,,,,,,1785269100,1,1,,20,866.5,20,,,
30172,2026-07-28 20:09:11.809009+00,63901.149999999994,6261546.968742404,3044636.0269999993,11748516560.6185,0.00006802599999999999,44916304.302480005,4473.161000000001,41.3,BEKLE,true,0.0,4473.161000000001,1.7548,120.862,50965003.04273002,302.014,0.0,41.3,"[{""usdt"": 11676548.0, ""borsa"": 1, ""fiyat"": 63800.0, ""kaynak"": ""BNB""}, {""usdt"": 10807414.0, ""borsa"": 3, ""fiyat"": 63850.0, ""kaynak"": ""BNB+BYB+OKX""}, {""usdt"": 8884071.0, ""borsa"": 3, ""fiyat"": 63875.0, ""kaynak"": ""BNB+BYB+OKX""}]","[{""usdt"": 12940844.0, ""borsa"": 3, ""fiyat"": 63900.0, ""kaynak"": ""BNB+BYB+OKX""}, {""usdt"": 10903764.0, ""borsa"": 1, ""fiyat"": 64000.0, ""kaynak"": ""BNB""}, {""usdt"": 10105847.0, ""borsa"": 1, ""fiyat"": 63950.0, ""kaynak"": ""BNB""}]",YOK,0.0531,-0.0631,0.6306,0.0835,false,,false,,1,0,3,0,0,3,51,52.1,IZLE,,25,63917.9,,,,,SEVIYE,50,256.6,26,,,,,,,1785269100,1,2,,20,867.5,20,,,
30173,2026-07-28 20:10:12.054417+00,63914.649999999994,6558880.853562203,3006400.1889999993,11753455041.7158,0.00006802599999999999,45467321.71874001,4473.161000000001,10.3,BEKLE,true,0.0,4473.161000000001,1.7548,120.974,49245105.63417006,362.345,0.0,10.3,"[{""usdt"": 14545185.0, ""borsa"": 3, ""fiyat"": 63875.0, ""kaynak"": ""BNB+BYB+OKX""}, {""usdt"": 8513403.0, ""borsa"": 1, ""fiyat"": 63800.0, ""kaynak"": ""BNB""}, {""usdt"": 7658808.0, ""borsa"": 1, ""fiyat"": 63825.0, ""kaynak"": ""BNB""}]","[{""usdt"": 13330660.0, ""borsa"": 1, ""fiyat"": 64000.0, ""kaynak"": ""BNB""}, {""usdt"": 11871547.0, ""borsa"": 3, ""fiyat"": 63925.0, ""kaynak"": ""BNB+BYB+OKX""}, {""usdt"": 9170095.0, ""borsa"": 1, ""fiyat"": 63950.0, ""kaynak"": ""BNB""}]",YOK,0.0851,-0.0399,0.9509,1.6287,false,,false,,0,0,3,1,0,3,47.4,48.5,IZLE,,25,63917.9,,,,,SEVIYE,50,257.7,26,,,,,,,1785269100,1,3,,20,868.5,20,,,
30174,2026-07-28 20:11:13.358298+00,63902.95,5763097.474031402,1140414.4600000002,11749908751.667198,0.00006802599999999999,46402657.486389965,0.0,67.4,BEKLE,false,0.0,0.0,1.7548,121.239,53995845.72050995,423.253,67.4,0.0,"[{""usdt"": 12263232.0, ""borsa"": 3, ""fiyat"": 63875.0, ""kaynak"": ""BNB+BYB+OKX""}, {""usdt"": 10096294.0, ""borsa"": 1, ""fiyat"": 63850.0, ""kaynak"": ""BNB""}, {""usdt"": 9565889.0, ""borsa"": 3, ""fiyat"": 63900.0, ""kaynak"": ""BNB+BYB+OKX""}]","[{""usdt"": 16308230.0, ""borsa"": 3, ""fiyat"": 63925.0, ""kaynak"": ""BNB+BYB+OKX""}, {""usdt"": 10412517.0, ""borsa"": 1, ""fiyat"": 64000.0, ""kaynak"": ""BNB""}, {""usdt"": 9204312.0, ""borsa"": 1, ""fiyat"": 63975.0, ""kaynak"": ""BNB""}]",YOK,0.0746,-0.0756,0.2094,0.1801,false,,false,,1,0,3,0,1,3,44.5,45.6,IZLE,,25,63917.9,,,,,SEVIYE,50,258.7,26,,,,,,,,,0,,20,869.6,20,,,
30175,2026-07-28 20:12:13.829348+00,63928.149999999994,5928071.360819901,1156400.0620000002,11753322201.945,0.00006802599999999999,44618972.971439995,0.0,71.9,BEKLE,false,0.0,0.0,1.7541,181.931,53532421.95072993,483.945,71.9,0.0,"[{""usdt"": 14146620.0, ""borsa"": 3, ""fiyat"": 63900.0, ""kaynak"": ""BNB+BYB+OKX""}, {""usdt"": 8226110.0, ""borsa"": 1, ""fiyat"": 63825.0, ""kaynak"": ""BNB""}, {""usdt"": 7822380.0, ""borsa"": 1, ""fiyat"": 63800.0, ""kaynak"": ""BNB""}]","[{""usdt"": 17323375.0, ""borsa"": 3, ""fiyat"": 63925.0, ""kaynak"": ""BNB+BYB+OKX""}, {""usdt"": 11856132.0, ""borsa"": 1, ""fiyat"": 64000.0, ""kaynak"": ""BNB""}, {""usdt"": 10045644.0, ""borsa"": 1, ""fiyat"": 63975.0, ""kaynak"": ""BNB""}]",YOK,0.1172,-0.0908,0.1599,0.8204,false,,false,,0,0,3,0,1,3,41.3,42.4,IZLE,,25,63917.9,,,,,SEVIYE,50,259.7,26,,,,,,,,,0,,20,870.6,20,,,
30176,2026-07-28 20:13:14.125318+00,63946.75,6194724.326001902,1192190.428,11754342441.772202,0.00006802599999999999,48629641.95165999,0.0,70.5,BEKLE,false,0.0,0.0,1.7541,121.17,54005807.13449997,544.423,70.5,0.0,"[{""usdt"": 12131226.0, ""borsa"": 3, ""fiyat"": 63900.0, ""kaynak"": ""BNB+BYB+OKX""}, {""usdt"": 9619315.0, ""borsa"": 1, ""fiyat"": 63850.0, ""kaynak"": ""BNB""}, {""usdt"": 9506792.0, ""borsa"": 3, ""fiyat"": 63925.0, ""kaynak"": ""BNB+BYB+OKX""}]","[{""usdt"": 16183537.0, ""borsa"": 3, ""fiyat"": 63950.0, ""kaynak"": ""BNB+BYB+OKX""}, {""usdt"": 13144976.0, ""borsa"": 1, ""fiyat"": 64000.0, ""kaynak"": ""BNB""}, {""usdt"": 9247590.0, ""borsa"": 1, ""fiyat"": 64025.0, ""kaynak"": ""BNB""}]",SPOT,0.1829,-0.0524,0.1262,1.0458,false,,false,,3,0,3,1,1,3,38,39,IZLE,,25,63917.9,,,,,SEVIYE,50,260.7,27,,,,,,,,,0,,19,871.6,19,,,
30177,2026-07-28 20:14:14.671553+00,63951.25,6371594.327692205,1139255.5520000001,11756078310.7938,0.00006802599999999999,48958545.50905003,0.0,67.5,BEKLE,false,0.0,0.0,1.7541,60.265,55717268.92002994,604.688,67.5,0.0,"[{""usdt"": 13030546.0, ""borsa"": 3, ""fiyat"": 63925.0, ""kaynak"": ""BNB+BYB+OKX""}, {""usdt"": 9901767.0, ""borsa"": 3, ""fiyat"": 63950.0, ""kaynak"": ""BNB+BYB+OKX""}, {""usdt"": 9531173.0, ""borsa"": 1, ""fiyat"": 63875.0, ""kaynak"": ""BNB""}]","[{""usdt"": 17725726.0, ""borsa"": 3, ""fiyat"": 63975.0, ""kaynak"": ""BNB+BYB+OKX""}, {""usdt"": 11240939.0, ""borsa"": 1, ""fiyat"": 64000.0, ""kaynak"": ""BNB""}, {""usdt"": 8768162.0, ""borsa"": 1, ""fiyat"": 64025.0, ""kaynak"": ""BNB""}]",SPOT,0.2137,-0.0646,0.0315,1.0402,true,0.3504,false,,3,0,3,1,0,3,34.2,35.3,IZLE,,25,63917.9,,,,,SEVIYE,50,261.7,27,,,,,,,,,0,,19,872.6,19,,,
30178,2026-07-28 20:15:15.063431+00,63951.25,927272.8932786,578532.4530000001,11751821144.303802,0.00006802599999999999,47471543.51840999,18038.013600000002,65.1,BEKLE,false,0.0,18038.013600000002,1.7541,60.55,61610432.28508997,665.238,65.1,0.0,"[{""usdt"": 15246446.0, ""borsa"": 3, ""fiyat"": 63950.0, ""kaynak"": ""BNB+BYB+OKX""}, {""usdt"": 9545633.0, ""borsa"": 1, ""fiyat"": 63900.0, ""kaynak"": ""BNB""}, {""usdt"": 7506163.0, ""borsa"": 1, ""fiyat"": 63875.0, ""kaynak"": ""BNB""}]","[{""usdt"": 20355019.0, ""borsa"": 3, ""fiyat"": 64000.0, ""kaynak"": ""BNB+BYB+OKX""}, {""usdt"": 11033076.0, ""borsa"": 1, ""fiyat"": 64075.0, ""kaynak"": ""BNB""}, {""usdt"": 9600481.0, ""borsa"": 3, ""fiyat"": 63975.0, ""kaynak"": ""BNB+BYB+OKX""}]",SPOT,0.2558,-0.1296,0.566,0.2672,false,2.794,false,,3,0,3,0,1,3,30.9,32,IZLE,,25,63917.9,,,,,SEVIYE,50,262.7,27,PCT,0.34,21.62991737688344,0.0,false,0.074,1785269640,2,0,,19,873.6,19,,,
30179,2026-07-28 20:16:16.046564+00,63969.649999999994,1027397.425454,619859.4280000001,11753021614.054798,0.00006802599999999999,47006166.66144,20021.071200000002,35.3,BEKLE,false,0.0,20021.071200000002,1.7541,121.598,68433562.37996997,726.286,35.3,0.0,"[{""usdt"": 13525649.0, ""borsa"": 3, ""fiyat"": 63950.0, ""kaynak"": ""BNB+BYB+OKX""}, {""usdt"": 8261131.0, ""borsa"": 1, ""fiyat"": 63925.0, ""kaynak"": ""BNB""}, {""usdt"": 7952498.0, ""borsa"": 1, ""fiyat"": 63900.0, ""kaynak"": ""BNB""}]","[{""usdt"": 25263556.0, ""borsa"": 3, ""fiyat"": 64000.0, ""kaynak"": ""BNB+BYB+OKX""}, {""usdt"": 10523922.0, ""borsa"": 1, ""fiyat"": 64100.0, ""kaynak"": ""BNB""}, {""usdt"": 10325850.0, ""borsa"": 1, ""fiyat"": 64050.0, ""kaynak"": ""BNB""}]",SPOT,0.2588,-0.1856,0.8365,0.8559,false,3.032,false,,3,0,3,0,2,3,28.1,29.2,IZLE,,25,64000,,,,,SEVIYE,55,874.6,88,,,,,,,1785269700,2,0,,19,874.6,19,,,
30180,2026-07-28 20:17:16.330097+00,63982.75,1395329.5692646005,771893.0160000001,11757727265.8341,0.00006802599999999999,44398145.82669002,25883.967600000004,25.5,BEKLE,false,0.0,25883.967600000004,1.7541,60.288,64034596.36421,786.574,25.5,0.0,"[{""usdt"": 11421043.0, ""borsa"": 3, ""fiyat"": 63950.0, ""kaynak"": ""BNB+BYB+OKX""}, {""usdt"": 9575809.0, ""borsa"": 1, ""fiyat"": 63900.0, ""kaynak"": ""BNB""}, {""usdt"": 8046014.0, ""borsa"": 3, ""fiyat"": 63975.0, ""kaynak"": ""BNB+BYB+OKX""}]","[{""usdt"": 17937980.0, ""borsa"": 3, ""fiyat"": 64000.0, ""kaynak"": ""BNB+BYB+OKX""}, {""usdt"": 12641859.0, ""borsa"": 1, ""fiyat"": 64025.0, ""kaynak"": ""BNB""}, {""usdt"": 11696947.0, ""borsa"": 1, ""fiyat"": 64100.0, ""kaynak"": ""BNB""}]",SPOT,0.2302,-0.1811,0.8689,0.7601,false,1.8014,false,,2,0,3,0,1,3,24.1,25.2,IZLE,,25,64000,,,,,SEVIYE,55,875.6,88,,,,,,,1785269760,3,0,,19,875.6,19,,,
30181,2026-07-28 20:18:16.705704+00,63956.649999999994,1072527.8396598012,610413.0050000001,11754818391.543999,0.00006802599999999999,48999897.330620036,25883.967600000004,35.3,BEKLE,false,0.0,25883.967600000004,1.7548,120.61,48890338.63600991,846.896,35.3,0.0,"[{""usdt"": 14275262.0, ""borsa"": 3, ""fiyat"": 63950.0, ""kaynak"": ""BNB+BYB+OKX""}, {""usdt"": 9960359.0, ""borsa"": 1, ""fiyat"": 63900.0, ""kaynak"": ""BNB""}, {""usdt"": 9578611.0, ""borsa"": 3, ""fiyat"": 63925.0, ""kaynak"": ""BNB+BYB+OKX""}]","[{""usdt"": 12771439.0, ""borsa"": 3, ""fiyat"": 63975.0, ""kaynak"": ""BNB+BYB+OKX""}, {""usdt"": 11417239.0, ""borsa"": 2, ""fiyat"": 64000.0, ""kaynak"": ""BNB+BYB""}, {""usdt"": 9424814.0, ""borsa"": 1, ""fiyat"": 64050.0, ""kaynak"": ""BNB""}]",YOK,0.1161,0.0011,0.8319,0.1167,false,3.9064,false,,0,0,3,1,0,3,20.6,21.6,IZLE,,25,63917.9,,,,,SEVIYE,50,265.7,27,,,,,,,1785269760,3,1,,19,876.6,19,,,
30182,2026-07-28 20:19:16.947414+00,63975.45,1122280.2689975004,677264.817,11757232282.6571,0.00006802599999999999,50661744.77472997,7845.954,39.0,BEKLE,false,0.0,7845.954,1.7548,180.962,49753309.32005999,907.248,39.0,0.0,"[{""usdt"": 15208225.0, ""borsa"": 3, ""fiyat"": 63950.0, ""kaynak"": ""BNB+BYB+OKX""}, {""usdt"": 8582238.0, ""borsa"": 1, ""fiyat"": 63875.0, ""kaynak"": ""BNB""}, {""usdt"": 7222557.0, ""borsa"": 1, ""fiyat"": 63900.0, ""kaynak"": ""BNB""}]","[{""usdt"": 15085995.0, ""borsa"": 3, ""fiyat"": 64000.0, ""kaynak"": ""BNB+BYB+OKX""}, {""usdt"": 10402308.0, ""borsa"": 1, ""fiyat"": 64050.0, ""kaynak"": ""BNB""}, {""usdt"": 10332374.0, ""borsa"": 1, ""fiyat"": 64075.0, ""kaynak"": ""BNB""}]",SPOT,0.2139,0.009,0.8647,0.2894,false,4.9391,false,,3,0,3,2,0,3,17.1,18.2,IZLE,,25,64000,,,,,SEVIYE,55,877.6,88,,,,,,,1785269760,2,0,,19,877.6,19,,,
30183,2026-07-28 20:20:17.276569+00,63957.75,1122280.2689975004,677264.817,11757232282.6571,0.00006802599999999999,48185363.98137999,7845.954,14.3,BEKLE,true,0.0,7845.954,1.7548,241.142,50150392.46521001,967.428,0.0,14.3,"[{""usdt"": 12798484.0, ""borsa"": 3, ""fiyat"": 63950.0, ""kaynak"": ""BNB+BYB+OKX""}, {""usdt"": 10309391.0, ""borsa"": 3, ""fiyat"": 63925.0, ""kaynak"": ""BNB+BYB+OKX""}, {""usdt"": 8385997.0, ""borsa"": 1, ""fiyat"": 63850.0, ""kaynak"": ""BNB""}]","[{""usdt"": 12572214.0, ""borsa"": 3, ""fiyat"": 63975.0, ""kaynak"": ""BNB+BYB+OKX""}, {""usdt"": 11136949.0, ""borsa"": 1, ""fiyat"": 64000.0, ""kaynak"": ""BNB""}, {""usdt"": 10766155.0, ""borsa"": 1, ""fiyat"": 64050.0, ""kaynak"": ""BNB""}]",YOK,0.1124,-0.02,,,false,5.6406,false,,0,0,3,1,0,3,13.4,14.5,IZLE,,25,63917.9,,,,,SEVIYE,50,267.7,27,,,,,,,1785269760,2,0,,19,878.6,19,,,
30184,2026-07-28 20:21:17.58608+00,63928.649999999994,215540.84127010358,178988.12099999998,11754368763.5723,0.00006802599999999999,47564445.88373996,5862.8964,31.2,BEKLE,,0.0,5862.8964,1.7533,180.931,54229290.00299002,1027.827,31.2,0.0,"[{""usdt"": 15799586.0, ""borsa"": 3, ""fiyat"": 63925.0, ""kaynak"": ""BNB+BYB+OKX""}, {""usdt"": 9197793.0, ""borsa"": 1, ""fiyat"": 63875.0, ""kaynak"": ""BNB""}, {""usdt"": 9095930.0, ""borsa"": 1, ""fiyat"": 63850.0, ""kaynak"": ""BNB""}]","[{""usdt"": 14465971.0, ""borsa"": 3, ""fiyat"": 63950.0, ""kaynak"": ""BNB+BYB+OKX""}, {""usdt"": 10742570.0, ""borsa"": 1, ""fiyat"": 64025.0, ""kaynak"": ""BNB""}, {""usdt"": 10568324.0, ""borsa"": 1, ""fiyat"": 64050.0, ""kaynak"": ""BNB""}]",YOK,0.1182,-0.0655,0.5087,1.8643,false,8.2033,false,,1,0,3,0,1,3,10,11,IZLE,,25,63917.9,,,,,SEVIYE,50,268.7,27,,,,,,,1785269760,2,0,,19,879.6,19,,,
30185,2026-07-28 20:22:17.903111+00,63921.25,-404830.0078694963,-404447.5449999999,11746374757.601,0.00006802599999999999,49593380.37068001,0.0,41.1,BEKLE,false,0.0,0.0,1.7533,0,56979360.58712001,1088.148,41.1,0.0,"[{""usdt"": 14577809.0, ""borsa"": 3, ""fiyat"": 63900.0, ""kaynak"": ""BNB+BYB+OKX""}, {""usdt"": 9975457.0, ""borsa"": 1, ""fiyat"": 63850.0, ""kaynak"": ""BNB""}, {""usdt"": 8691184.0, ""borsa"": 3, ""fiyat"": 63925.0, ""kaynak"": ""BNB+BYB+OKX""}]","[{""usdt"": 15881196.0, ""borsa"": 3, ""fiyat"": 63950.0, ""kaynak"": ""BNB+BYB+OKX""}, {""usdt"": 12215860.0, ""borsa"": 1, ""fiyat"": 64025.0, ""kaynak"": ""BNB""}, {""usdt"": 11178001.0, ""borsa"": 1, ""fiyat"": 64000.0, ""kaynak"": ""BNB""}]",YOK,0.1238,-0.0693,0.4625,1.1464,false,,false,,2,0,3,1,0,3,6.4,7.5,IZLE,,25,63917.9,,,,,SEVIYE,50,269.7,27,,,,,,,,,0,,19,880.6,19,,,
30186,2026-07-28 20:23:18.219312+00,63922.05,-848306.3024815964,-626067.329,11735751380.1856,0.00006802599999999999,46191233.76728004,0.0,43.5,BEKLE,false,0.0,0.0,1.7533,60.278,57485844.853790015,1148.426,43.5,0.0,"[{""usdt"": 17094048.0, ""borsa"": 3, ""fiyat"": 63900.0, ""kaynak"": ""BNB+BYB+OKX""}, {""usdt"": 8834264.0, ""borsa"": 1, ""fiyat"": 63825.0, ""kaynak"": ""BNB""}, {""usdt"": 7691906.0, ""borsa"": 1, ""fiyat"": 63850.0, ""kaynak"": ""BNB""}]","[{""usdt"": 13310683.0, ""borsa"": 3, ""fiyat"": 63925.0, ""kaynak"": ""BNB+BYB+OKX""}, {""usdt"": 12756801.0, ""borsa"": 1, ""fiyat"": 64000.0, ""kaynak"": ""BNB""}, {""usdt"": 9330117.0, ""borsa"": 1, ""fiyat"": 64025.0, ""kaynak"": ""BNB""}]",YOK,0.077,-0.1089,0.4699,0.6103,false,4.5363,false,,1,0,3,1,1,3,2.9,4,IZLE,,25,63917.9,,,,,SEVIYE,50,270.7,28,,,,,,,,,0,,21,881.6,20,,,
30187,2026-07-28 20:24:18.68508+00,63906.95,-935535.3802302964,-617381.4500000001,11735492850.007,0.00006802599999999999,44699062.37157999,0.0,38.7,BEKLE,,0.0,0.0,1.7533,60.34,52225055.40759002,1208.766,38.7,0.0,"[{""usdt"": 15069007.0, ""borsa"": 3, ""fiyat"": 63900.0, ""kaynak"": ""BNB+BYB+OKX""}, {""usdt"": 7946994.0, ""borsa"": 1, ""fiyat"": 63825.0, ""kaynak"": ""BNB""}, {""usdt"": 7145727.0, ""borsa"": 1, ""fiyat"": 63850.0, ""kaynak"": ""BNB""}]","[{""usdt"": 15167394.0, ""borsa"": 3, ""fiyat"": 63925.0, ""kaynak"": ""BNB+BYB+OKX""}, {""usdt"": 10781933.0, ""borsa"": 1, ""fiyat"": 63975.0, ""kaynak"": ""BNB""}, {""usdt"": 10719829.0, ""borsa"": 1, ""fiyat"": 64000.0, ""kaynak"": ""BNB""}]",YOK,0.077,-0.0776,0.4756,1.1413,false,5.6971,false,,1,0,3,1,1,3,63.2,61.8,IZLE,,25,63917.9,,,,,SEVIYE,50,271.7,28,,,,,,,,,0,,21,882.6,20,,,
30188,2026-07-28 20:25:18.989314+00,63898.649999999994,-1068197.5021278968,-688703.182,11731152064.8094,0.00006802599999999999,44750420.34465997,0.0,46.3,BEKLE,false,0.0,0.0,1.7533,120.849,57209479.82699001,1269.275,46.3,0.0,"[{""usdt"": 12066833.0, ""borsa"": 3, ""fiyat"": 63875.0, ""kaynak"": ""BNB+BYB+OKX""}, {""usdt"": 9865706.0, ""borsa"": 3, ""fiyat"": 63900.0, ""kaynak"": ""BNB+BYB+OKX""}, {""usdt"": 7946994.0, ""borsa"": 1, ""fiyat"": 63825.0, ""kaynak"": ""BNB""}]","[{""usdt"": 12620380.0, ""borsa"": 3, ""fiyat"": 63900.0, ""kaynak"": ""BNB+BYB+OKX""}, {""usdt"": 10781933.0, ""borsa"": 1, ""fiyat"": 63975.0, ""kaynak"": ""BNB""}, {""usdt"": 10719829.0, ""borsa"": 1, ""fiyat"": 64000.0, ""kaynak"": ""BNB""}]",YOK,0.1015,-0.1222,0.4778,0.9296,false,7.8792,false,,0,0,3,1,1,3,59.9,61,IZLE,,25,63917.9,,,,,SEVIYE,50,272.8,28,,,,,,,,,0,,21,883.6,20,,,
30189,2026-07-28 20:26:19.3401+00,63922.75,-1238463.1092178002,-834063.8099999999,11731136711.4168,0.00006802599999999999,43618946.58139,0.0,49.4,BEKLE,,0.0,0.0,1.7533,181.055,56514265.49877998,1329.481,49.4,0.0,"[{""usdt"": 15337340.0, ""borsa"": 3, ""fiyat"": 63875.0, ""kaynak"": ""BNB+BYB+OKX""}, {""usdt"": 8135487.0, ""borsa"": 1, ""fiyat"": 63825.0, ""kaynak"": ""BNB""}, {""usdt"": 7290484.0, ""borsa"": 1, ""fiyat"": 63850.0, ""kaynak"": ""BNB""}]","[{""usdt"": 17098776.0, ""borsa"": 3, ""fiyat"": 63900.0, ""kaynak"": ""BNB+BYB+OKX""}, {""usdt"": 10012857.0, ""borsa"": 1, ""fiyat"": 64000.0, ""kaynak"": ""BNB""}, {""usdt"": 9432533.0, ""borsa"": 3, ""fiyat"": 63925.0, ""kaynak"": ""BNB+BYB+OKX""}]",YOK,0.0498,-0.1288,0.4502,0.1318,false,5.4545,false,,0,0,3,0,1,3,56.3,57.4,IZLE,,25,63917.9,,,,,SEVIYE,50,273.8,28,,,,,,,,,0,,21,884.7,20,,,
30190,2026-07-28 20:27:19.741878+00,63901.149999999994,-1047597.2652659002,-801649.498,11734602869.198002,0.00006802599999999999,44984940.90699999,0.0,25.0,BEKLE,false,0.0,0.0,1.7518,0,55402683.16058001,1389.874,25.0,0.0,"[{""usdt"": 15450031.0, ""borsa"": 3, ""fiyat"": 63900.0, ""kaynak"": ""BNB+BYB+OKX""}, {""usdt"": 9220515.0, ""borsa"": 1, ""fiyat"": 63850.0, ""kaynak"": ""BNB""}, {""usdt"": 7943491.0, ""borsa"": 3, ""fiyat"": 63875.0, ""kaynak"": ""BNB+BYB+OKX""}]","[{""usdt"": 15166688.0, ""borsa"": 3, ""fiyat"": 63925.0, ""kaynak"": ""BNB+BYB+OKX""}, {""usdt"": 12256134.0, ""borsa"": 1, ""fiyat"": 64000.0, ""kaynak"": ""BNB""}, {""usdt"": 9964409.0, ""borsa"": 1, ""fiyat"": 64025.0, ""kaynak"": ""BNB""}]",YOK,0.0236,-0.1038,0.48,1.0831,false,5.4913,false,,0,1,3,0,0,3,52.9,53.9,IZLE,,25,63917.9,,,,,SEVIYE,50,274.8,28,,,,,,,,,0,,21,885.7,20,,,
30191,2026-07-28 20:28:19.995548+00,63896.350000000006,-1184998.122212901,-794376.432,11732973094.7598,0.00006802599999999999,45399455.49859,0.0,23.0,BEKLE,true,0.0,0.0,1.7518,60.378,51517977.00988999,1450.252,23.0,0.0,"[{""usdt"": 16493663.0, ""borsa"": 3, ""fiyat"": 63875.0, ""kaynak"": ""BNB+BYB+OKX""}, {""usdt"": 8443491.0, ""borsa"": 1, ""fiyat"": 63825.0, ""kaynak"": ""BNB""}, {""usdt"": 7830786.0, ""borsa"": 1, ""fiyat"": 63800.0, ""kaynak"": ""BNB""}]","[{""usdt"": 12207156.0, ""borsa"": 3, ""fiyat"": 63900.0, ""kaynak"": ""BNB+BYB+OKX""}, {""usdt"": 10562236.0, ""borsa"": 1, ""fiyat"": 63975.0, ""kaynak"": ""BNB""}, {""usdt"": 10104232.0, ""borsa"": 1, ""fiyat"": 64000.0, ""kaynak"": ""BNB""}]",YOK,0.0164,-0.0631,0.533,2.9354,false,,false,,0,0,3,0,1,3,49,50.1,IZLE,,25,63917.9,,,,,SEVIYE,50,275.8,28,,,,,,,,,0,,21,886.7,20,,,
30192,2026-07-28 20:29:20.315314+00,63877.850000000006,-1193122.4847702002,-447622.49999999994,11730836469.3978,0.00006802599999999999,47053310.61448005,0.0,21.9,BEKLE,false,0.0,0.0,1.7518,60.276,50391577.12450998,1510.528,0.0,21.9,"[{""usdt"": 13320864.0, ""borsa"": 3, ""fiyat"": 63850.0, ""kaynak"": ""BNB+BYB+OKX""}, {""usdt"": 10313929.0, ""borsa"": 1, ""fiyat"": 63825.0, ""kaynak"": ""BNB""}, {""usdt"": 9423001.0, ""borsa"": 3, ""fiyat"": 63875.0, ""kaynak"": ""BNB+BYB+OKX""}]","[{""usdt"": 12186252.0, ""borsa"": 3, ""fiyat"": 63900.0, ""kaynak"": ""BNB+BYB+OKX""}, {""usdt"": 9464700.0, ""borsa"": 1, ""fiyat"": 63950.0, ""kaynak"": ""BNB""}, {""usdt"": 8989976.0, ""borsa"": 1, ""fiyat"": 64000.0, ""kaynak"": ""BNB""}]",YOK,0.0129,-0.0343,,,false,,false,,1,0,3,0,0,3,45.5,46.5,IZLE,,25,63917.9,,,,,SEVIYE,50,276.8,28,,,,,,,,,0,,21,887.7,20,,,
30193,2026-07-28 20:30:20.711461+00,63879.95,-1474369.5677194013,-734944.61,11728393916.8126,0.00006802599999999999,43994035.515590005,0.0,11.5,BEKLE,true,0.0,0.0,1.7518,120.626,59757320.57534004,1570.878,11.5,0.0,"[{""usdt"": 13422302.0, ""borsa"": 3, ""fiyat"": 63850.0, ""kaynak"": ""BNB+BYB+OKX""}, {""usdt"": 9815956.0, ""borsa"": 1, ""fiyat"": 63800.0, ""kaynak"": ""BNB""}, {""usdt"": 7519217.0, ""borsa"": 1, ""fiyat"": 63825.0, ""kaynak"": ""BNB""}]","[{""usdt"": 18712889.0, ""borsa"": 3, ""fiyat"": 63900.0, ""kaynak"": ""BNB+BYB+OKX""}, {""usdt"": 10879427.0, ""borsa"": 1, ""fiyat"": 64000.0, ""kaynak"": ""BNB""}, {""usdt"": 8539965.0, ""borsa"": 1, ""fiyat"": 63975.0, ""kaynak"": ""BNB""}]",YOK,0.007,-0.1519,,,false,,false,0,0,1,3,0,2,3,41.9,43,IZLE,,25,63917.9,,,,,SEVIYE,50,277.8,28,,,,,,,,,0,,21,888.7,20,,,
30194,2026-07-28 20:31:21.007203+00,63882.649999999994,-1787138.9716215027,-702612.166,11727466357.5872,0.00006802599999999999,46363183.928000025,0.0,23.4,BEKLE,false,0.0,0.0,1.7518,181.054,55429330.972990006,1631.306,0.0,23.4,"[{""usdt"": 13602026.0, ""borsa"": 3, ""fiyat"": 63850.0, ""kaynak"": ""BNB+BYB+OKX""}, {""usdt"": 10571837.0, ""borsa"": 1, ""fiyat"": 63800.0, ""kaynak"": ""BNB""}, {""usdt"": 7749020.0, ""borsa"": 1, ""fiyat"": 63775.0, ""kaynak"": ""BNB""}]","[{""usdt"": 16150965.0, ""borsa"": 3, ""fiyat"": 63900.0, ""kaynak"": ""BNB+BYB+OKX""}, {""usdt"": 10282067.0, ""borsa"": 1, ""fiyat"": 63950.0, ""kaynak"": ""BNB""}, {""usdt"": 9870094.0, ""borsa"": 1, ""fiyat"": 64000.0, ""kaynak"": ""BNB""}]",YOK,0.0167,-0.0891,0.7043,3.7137,false,,false,0,0,1,3,0,1,3,38.5,39.6,IZLE,,25,63917.9,,,,,SEVIYE,50,278.8,28,,,,,,,,,0,,21,889.7,20,,,
30195,2026-07-28 20:32:22.321643+00,63894.05,-1602623.1620764013,-744697.305,11728616386.689999,0.00006802599999999999,48336413.76337004,0.0,15.7,BEKLE,true,0.0,0.0,1.7518,182.009,59466026.30165996,1692.537,0.0,15.7,"[{""usdt"": 14693910.0, ""borsa"": 3, ""fiyat"": 63875.0, ""kaynak"": ""BNB+BYB+OKX""}, {""usdt"": 9780441.0, ""borsa"": 3, ""fiyat"": 63850.0, ""kaynak"": ""BNB+BYB+OKX""}, {""usdt"": 8086122.0, ""borsa"": 1, ""fiyat"": 63825.0, ""kaynak"": ""BNB""}]","[{""usdt"": 21528287.0, ""borsa"": 3, ""fiyat"": 63900.0, ""kaynak"": ""BNB+BYB+OKX""}, {""usdt"": 11490354.0, ""borsa"": 1, ""fiyat"": 64000.0, ""kaynak"": ""BNB""}, {""usdt"": 10153998.0, ""borsa"": 1, ""fiyat"": 63975.0, ""kaynak"": ""BNB""}]",YOK,0.0691,-0.1032,0.8476,0.7825,false,,false,0,0,0,3,0,0,3,35.9,37,IZLE,,25,63917.9,,,,,SEVIYE,50,279.8,28,,,,,,,,,0,,21,890.7,20,,,
30196,2026-07-28 20:33:22.641609+00,63889.55,-1444265.4738003006,-674263.577,11730599101.283,0.00006802599999999999,47513904.936010055,0.0,20.3,BEKLE,false,0.0,0.0,1.7495,242.332,60719797.88542998,1752.86,0.0,20.3,"[{""usdt"": 16134543.0, ""borsa"": 3, ""fiyat"": 63875.0, ""kaynak"": ""BNB+BYB+OKX""}, {""usdt"": 8571708.0, ""borsa"": 1, ""fiyat"": 63825.0, ""kaynak"": ""BNB""}, {""usdt"": 7313530.0, ""borsa"": 1, ""fiyat"": 63800.0, ""kaynak"": ""BNB""}]","[{""usdt"": 14820549.0, ""borsa"": 1, ""fiyat"": 64000.0, ""kaynak"": ""BNB""}, {""usdt"": 14665337.0, ""borsa"": 3, ""fiyat"": 63900.0, ""kaynak"": ""BNB+BYB+OKX""}, {""usdt"": 11628923.0, ""borsa"": 3, ""fiyat"": 63925.0, ""kaynak"": ""BNB+BYB+OKX""}]",YOK,0.0562,-0.122,,,false,,false,0,0,0,3,1,1,3,32,33.1,IZLE,,25,63917.9,,,,,SEVIYE,50,280.8,29,,,,,,,,,0,,20,891.7,19,,,
30197,2026-07-28 20:34:22.905374+00,63892.45,-1745806.6707917005,-677265.2289999999,11728004402.177,0.00006802599999999999,48836268.23998004,0.0,29.0,BEKLE,true,0.0,0.0,1.7495,302.663,59308902.56326001,1813.191,29.0,0.0,"[{""usdt"": 13884105.0, ""borsa"": 3, ""fiyat"": 63875.0, ""kaynak"": ""BNB+BYB+OKX""}, {""usdt"": 10242936.0, ""borsa"": 3, ""fiyat"": 63850.0, ""kaynak"": ""BNB+BYB+OKX""}, {""usdt"": 10191394.0, ""borsa"": 1, ""fiyat"": 63825.0, ""kaynak"": ""BNB""}]","[{""usdt"": 21710566.0, ""borsa"": 3, ""fiyat"": 63900.0, ""kaynak"": ""BNB+BYB+OKX""}, {""usdt"": 11310466.0, ""borsa"": 1, ""fiyat"": 64000.0, ""kaynak"": ""BNB""}, {""usdt"": 9899876.0, ""borsa"": 1, ""fiyat"": 63975.0, ""kaynak"": ""BNB""}]",YOK,0.0227,-0.0968,0.5833,1.0892,false,,false,0,0,0,3,0,1,3,28.5,29.6,IZLE,,25,63917.9,,,,,SEVIYE,50,281.8,29,,,,,,,,,0,,20,892.7,19,,,
30198,2026-07-28 20:35:23.517923+00,63899.95,-1570050.5491169004,-565191.4309999999,11726628949.2263,0.00006802599999999999,48681352.15616007,0.0,22.3,BEKLE,false,0.0,0.0,1.7495,362.89,56032524.110879995,1873.418,0.0,22.3,"[{""usdt"": 13294943.0, ""borsa"": 3, ""fiyat"": 63850.0, ""kaynak"": ""BNB+BYB+OKX""}, {""usdt"": 10071657.0, ""borsa"": 3, ""fiyat"": 63875.0, ""kaynak"": ""BNB+BYB+OKX""}, {""usdt"": 8985707.0, ""borsa"": 1, ""fiyat"": 63825.0, ""kaynak"": ""BNB""}]","[{""usdt"": 18749335.0, ""borsa"": 3, ""fiyat"": 63900.0, ""kaynak"": ""BNB+BYB+OKX""}, {""usdt"": 10862954.0, ""borsa"": 1, ""fiyat"": 64000.0, ""kaynak"": ""BNB""}, {""usdt"": 9015771.0, ""borsa"": 1, ""fiyat"": 63950.0, ""kaynak"": ""BNB""}]",YOK,0.0215,-0.0702,,,false,,false,0,1,1,3,1,0,3,24.9,26,IZLE,,25,63917.9,,,,,SEVIYE,50,282.8,29,,,,,,,,,0,,20,893.7,19,,,
30199,2026-07-28 20:36:24.049556+00,63912.850000000006,140531.12050360034,361783.6400000001,11732645443.297401,0.00006802599999999999,49781866.20787999,0.0,48.0,BEKLE,true,0.0,0.0,1.7465,120.972,56979605.74568,1934.163,0.0,48.0,"[{""usdt"": 15949148.0, ""borsa"": 3, ""fiyat"": 63900.0, ""kaynak"": ""BNB+BYB+OKX""}, {""usdt"": 8686494.0, ""borsa"": 1, ""fiyat"": 63850.0, ""kaynak"": ""BNB""}, {""usdt"": 8546536.0, ""borsa"": 1, ""fiyat"": 63825.0, ""kaynak"": ""BNB""}]","[{""usdt"": 16528144.0, ""borsa"": 3, ""fiyat"": 63925.0, ""kaynak"": ""BNB+BYB+OKX""}, {""usdt"": 11759527.0, ""borsa"": 1, ""fiyat"": 64000.0, ""kaynak"": ""BNB""}, {""usdt"": 11555782.0, ""borsa"": 1, ""fiyat"": 64025.0, ""kaynak"": ""BNB""}]",YOK,-0.0056,-0.0674,0.513,0.568,false,,false,0.1464,0,1,3,0,0,3,21.8,22.8,IZLE,,25,63917.9,,,,,SEVIYE,50,283.8,29,,,,,,,,,0,,20,894.7,19,,,
30200,2026-07-28 20:37:24.294372+00,63886.850000000006,-23209.492702499985,364489.55700000003,11732858073.6776,0.00006802599999999999,49967981.65731004,0.0,52.9,BEKLE,false,0.0,0.0,1.7465,181.394,53966443.78464998,1994.585,0.0,52.9,"[{""usdt"": 17486492.0, ""borsa"": 3, ""fiyat"": 63875.0, ""kaynak"": ""BNB+BYB+OKX""}, {""usdt"": 8981496.0, ""borsa"": 1, ""fiyat"": 63850.0, ""kaynak"": ""BNB""}, {""usdt"": 8818206.0, ""borsa"": 3, ""fiyat"": 63900.0, ""kaynak"": ""BNB+BYB+OKX""}]","[{""usdt"": 12001657.0, ""borsa"": 1, ""fiyat"": 64000.0, ""kaynak"": ""BNB""}, {""usdt"": 10727575.0, ""borsa"": 3, ""fiyat"": 63925.0, ""kaynak"": ""BNB+BYB+OKX""}, {""usdt"": 9724025.0, ""borsa"": 1, ""fiyat"": 63975.0, ""kaynak"": ""BNB""}]",YOK,-0.0298,-0.0385,0.453,0.1459,false,,false,0.1804,0,0,3,1,0,3,18.3,19.4,IZLE,,25,63917.9,,,,,SEVIYE,50,284.8,29,,,,,,,,,0,,20,895.7,19,,,
30201,2026-07-28 20:38:24.807304+00,63874.649999999994,-743230.7401336998,145785.13600000003,11729534891.035599,0.00006802599999999999,49935073.97213,0.0,35.2,BEKLE,false,0.0,0.0,1.7465,0,45356995.77004996,120.643,0.0,35.2,"[{""usdt"": 20245592.0, ""borsa"": 3, ""fiyat"": 63850.0, ""kaynak"": ""BNB+BYB+OKX""}, {""usdt"": 7751848.0, ""borsa"": 1, ""fiyat"": 63750.0, ""kaynak"": ""BNB""}, {""usdt"": 7549703.0, ""borsa"": 1, ""fiyat"": 63800.0, ""kaynak"": ""BNB""}]","[{""usdt"": 15120458.0, ""borsa"": 3, ""fiyat"": 63875.0, ""kaynak"": ""BNB+BYB+OKX""}, {""usdt"": 8150844.0, ""borsa"": 3, ""fiyat"": 63900.0, ""kaynak"": ""BNB+BYB+OKX""}, {""usdt"": 7460787.0, ""borsa"": 1, ""fiyat"": 63975.0, ""kaynak"": ""BNB""}]",YOK,-0.0101,0.048,0.3321,0.4988,false,,false,0.1081,0,0,3,1,0,3,14.7,15.8,IZLE,,25,63831.8,,,,,SEVIYE,90,165.7,17,,,,,,,,,0,,20,896.7,19,,,
30202,2026-07-28 20:39:25.202764+00,63861.649999999994,-1014281.1749087996,100816.94700000001,11724983757.9697,0.00006802599999999999,49354119.89475998,0.0,33.8,BEKLE,false,0.0,0.0,1.7465,60.568,49779319.07169001,60.568,0.0,33.8,"[{""usdt"": 16749654.0, ""borsa"": 3, ""fiyat"": 63850.0, ""kaynak"": ""BNB+BYB+OKX""}, {""usdt"": 9351507.0, ""borsa"": 2, ""fiyat"": 63825.0, ""kaynak"": ""BNB+BYB""}, {""usdt"": 8641636.0, ""borsa"": 1, ""fiyat"": 63775.0, ""kaynak"": ""BNB""}]","[{""usdt"": 15867842.0, ""borsa"": 3, ""fiyat"": 63875.0, ""kaynak"": ""BNB+BYB+OKX""}, {""usdt"": 9915622.0, ""borsa"": 1, ""fiyat"": 63950.0, ""kaynak"": ""BNB""}, {""usdt"": 7281825.0, ""borsa"": 2, ""fiyat"": 63900.0, ""kaynak"": ""BNB+OKX""}]",YOK,-0.0283,-0.0043,0.3535,1.0519,false,,true,0.1147,0,1,3,1,1,3,11.4,12.5,IZLE,,25,63831.8,,,,,SEVIYE,90,166.7,17,,,,,,,,,0,,20,897.8,19,,,
30203,2026-07-28 20:40:25.431601+00,63865.149999999994,-1216518.5127809006,64887.816000000006,11723282260.18,0.00006802599999999999,49454522.49523999,0.0,32.0,BEKLE,false,0.0,0.0,1.7465,120.915,50603093.10808,0,0.0,32.0,"[{""usdt"": 17858573.0, ""borsa"": 3, ""fiyat"": 63850.0, ""kaynak"": ""BNB+BYB+OKX""}, {""usdt"": 9803323.0, ""borsa"": 1, ""fiyat"": 63800.0, ""kaynak"": ""BNB""}, {""usdt"": 7663852.0, ""borsa"": 2, ""fiyat"": 63825.0, ""kaynak"": ""BNB+BYB""}]","[{""usdt"": 15358155.0, ""borsa"": 3, ""fiyat"": 63875.0, ""kaynak"": ""BNB+BYB+OKX""}, {""usdt"": 9709907.0, ""borsa"": 1, ""fiyat"": 63950.0, ""kaynak"": ""BNB""}, {""usdt"": 8397645.0, ""borsa"": 1, ""fiyat"": 63925.0, ""kaynak"": ""BNB""}]",YOK,-0.0189,-0.0115,0.246,1.7114,false,,true,0.1189,0,1,3,1,0,3,7.9,9,IZLE,,25,63831.8,,,,,SEVIYE,90,167.7,17,,,,,,,,,0,,20,898.8,19,,,
30204,2026-07-28 20:41:25.798295+00,63876.75,-986296.7409042987,-40078.019,11724599338.218498,0.00006802599999999999,49241962.387700014,638.6519999999999,30.1,BEKLE,true,638.6519999999999,0.0,1.7442,181.144,54363324.858479984,60.229,30.1,0.0,"[{""usdt"": 12495781.0, ""borsa"": 3, ""fiyat"": 63850.0, ""kaynak"": ""BNB+BYB+OKX""}, {""usdt"": 9739617.0, ""borsa"": 3, ""fiyat"": 63875.0, ""kaynak"": ""BNB+BYB+OKX""}, {""usdt"": 9395157.0, ""borsa"": 1, ""fiyat"": 63825.0, ""kaynak"": ""BNB""}]","[{""usdt"": 17152957.0, ""borsa"": 3, ""fiyat"": 63900.0, ""kaynak"": ""BNB+BYB+OKX""}, {""usdt"": 9973534.0, ""borsa"": 1, ""fiyat"": 64000.0, ""kaynak"": ""BNB""}, {""usdt"": 9855455.0, ""borsa"": 1, ""fiyat"": 63950.0, ""kaynak"": ""BNB""}]",YOK,-0.0142,-0.0494,0.6199,1.403,false,,true,0.1421,0,1,3,1,0,3,4.3,5.4,IZLE,,25,63917.9,,,,,SEVIYE,50,288.9,29,,,,,,,1785271200,1,0,,20,899.8,19,,,
30205,2026-07-28 20:42:26.299397+00,63899.75,-646667.5872286987,209796.72600000002,11729330847.3073,0.00006802599999999999,48232643.08629999,638.6519999999999,23.0,BEKLE,true,638.6519999999999,0.0,1.7442,241.634,56816575.29837998,120.719,23.0,0.0,"[{""usdt"": 12427837.0, ""borsa"": 3, ""fiyat"": 63850.0, ""kaynak"": ""BNB+BYB+OKX""}, {""usdt"": 11013729.0, ""borsa"": 3, ""fiyat"": 63875.0, ""kaynak"": ""BNB+BYB+OKX""}, {""usdt"": 8197474.0, ""borsa"": 1, ""fiyat"": 63800.0, ""kaynak"": ""BNB""}]","[{""usdt"": 15910278.0, ""borsa"": 3, ""fiyat"": 63900.0, ""kaynak"": ""BNB+BYB+OKX""}, {""usdt"": 11746854.0, ""borsa"": 1, ""fiyat"": 64000.0, ""kaynak"": ""BNB""}, {""usdt"": 8897115.0, ""borsa"": 1, ""fiyat"": 63950.0, ""kaynak"": ""BNB""}]",YOK,-0.0161,-0.0817,0.701,1.0251,false,,true,0.2615,0,1,3,1,0,3,63.8,63.3,IZLE,,25,63917.9,,,,,SEVIYE,50,289.9,29,,,,,,,1785271200,1,1,,20,900.8,19,,,
30206,2026-07-28 20:43:26.547995+00,63899.75,-527345.841276699,277465.834,11732332678.508799,0.00006802599999999999,48538034.032699995,638.6519999999999,18.0,BEKLE,true,638.6519999999999,0.0,1.7442,302.046,57448745.25666998,181.131,0.0,18.0,"[{""usdt"": 12482001.0, ""borsa"": 3, ""fiyat"": 63875.0, ""kaynak"": ""BNB+BYB+OKX""}, {""usdt"": 8197474.0, ""borsa"": 1, ""fiyat"": 63800.0, ""kaynak"": ""BNB""}, {""usdt"": 7809967.0, ""borsa"": 1, ""fiyat"": 63825.0, ""kaynak"": ""BNB""}]","[{""usdt"": 13545102.0, ""borsa"": 3, ""fiyat"": 63925.0, ""kaynak"": ""BNB+BYB+OKX""}, {""usdt"": 12925777.0, ""borsa"": 3, ""fiyat"": 63900.0, ""kaynak"": ""BNB+BYB+OKX""}, {""usdt"": 11746854.0, ""borsa"": 1, ""fiyat"": 64000.0, ""kaynak"": ""BNB""}]",YOK,0.0034,-0.0841,,,false,,true,0.2045,0,0,3,0,0,3,61.2,62.3,IZLE,,25,63917.9,,,,,SEVIYE,50,290.9,30,,,,,,,1785271200,1,2,,22,901.8,21,,,
30207,2026-07-28 20:44:27.045051+00,63899.95,-635293.0568159008,312714.15199999994,11730075579.353199,0.00006802599999999999,47767056.077400036,638.6519999999999,21.8,BEKLE,true,638.6519999999999,0.0,1.7442,120.572,53341303.64760002,181.062,0.0,21.8,"[{""usdt"": 14524937.0, ""borsa"": 3, ""fiyat"": 63875.0, ""kaynak"": ""BNB+BYB+OKX""}, {""usdt"": 9771241.0, ""borsa"": 1, ""fiyat"": 63825.0, ""kaynak"": ""BNB""}, {""usdt"": 7902855.0, ""borsa"": 1, ""fiyat"": 63800.0, ""kaynak"": ""BNB""}]","[{""usdt"": 16020456.0, ""borsa"": 3, ""fiyat"": 63925.0, ""kaynak"": ""BNB+BYB+OKX""}, {""usdt"": 10630408.0, ""borsa"": 1, ""fiyat"": 64000.0, ""kaynak"": ""BNB""}, {""usdt"": 9727854.0, ""borsa"": 1, ""fiyat"": 63950.0, ""kaynak"": ""BNB""}]",YOK,-0.0419,-0.0551,0.5101,3.6293,false,,true,0.3478,0,1,3,1,1,3,57.5,58.6,IZLE,,25,63917.9,,,,,SEVIYE,50,291.9,30,,,,,,,1785271200,1,3,,22,902.8,21,,,
30208,2026-07-28 20:45:27.502265+00,63906.05,-511422.84574140224,314232.72799999994,11732107505.144001,0.00006802599999999999,46194600.839060016,4792.5485,22.7,BEKLE,false,638.6519999999999,4153.8965,1.7442,181.242,51437820.19024003,241.732,0.0,22.7,"[{""usdt"": 13701193.0, ""borsa"": 3, ""fiyat"": 63875.0, ""kaynak"": ""BNB+BYB+OKX""}, {""usdt"": 9121994.0, ""borsa"": 1, ""fiyat"": 63800.0, ""kaynak"": ""BNB""}, {""usdt"": 7449498.0, ""borsa"": 1, ""fiyat"": 63850.0, ""kaynak"": ""BNB""}]","[{""usdt"": 17444703.0, ""borsa"": 3, ""fiyat"": 63925.0, ""kaynak"": ""BNB+BYB+OKX""}, {""usdt"": 10555113.0, ""borsa"": 1, ""fiyat"": 64000.0, ""kaynak"": ""BNB""}, {""usdt"": 8278902.0, ""borsa"": 1, ""fiyat"": 63975.0, ""kaynak"": ""BNB""}]",YOK,-0.0252,-0.0537,0.6221,2.5405,true,0,false,,0,0,3,1,1,3,54.3,55.4,IZLE,,25,63917.9,,,,,SEVIYE,50,292.9,30,,,,,,,1785271440,1,0,,22,903.8,21,,,
30209,2026-07-28 20:46:28.474387+00,63900.649999999994,-577327.6328605047,106738.852,11730134743.254799,0.00006802599999999999,46228436.44289998,4153.8965,18.2,BEKLE,false,0.0,4153.8965,1.7442,121.724,55665018.40894998,302.786,0.0,18.2,"[{""usdt"": 11578076.0, ""borsa"": 3, ""fiyat"": 63875.0, ""kaynak"": ""BNB+BYB+OKX""}, {""usdt"": 9256978.0, ""borsa"": 3, ""fiyat"": 63900.0, ""kaynak"": ""BNB+BYB+OKX""}, {""usdt"": 8915563.0, ""borsa"": 1, ""fiyat"": 63825.0, ""kaynak"": ""BNB""}]","[{""usdt"": 17851822.0, ""borsa"": 3, ""fiyat"": 63925.0, ""kaynak"": ""BNB+BYB+OKX""}, {""usdt"": 10885638.0, ""borsa"": 1, ""fiyat"": 64000.0, ""kaynak"": ""BNB""}, {""usdt"": 10021146.0, ""borsa"": 1, ""fiyat"": 63975.0, ""kaynak"": ""BNB""}]",YOK,-0.0152,-0.0926,0.6185,2.5444,true,0,false,,0,1,3,0,1,3,51.5,52.6,IZLE,,25,63917.9,,,,,SEVIYE,50,293.9,30,,,,,,,1785271440,1,0,,22,904.8,21,,,
30210,2026-07-28 20:47:28.855614+00,63879.05,-697047.6056718044,14517.476000000002,11726982752.9072,0.00006802599999999999,48115518.36742999,4345.5665,24.2,BEKLE,true,0.0,4345.5665,1.7442,182.015,55074345.06149997,363.077,24.2,0.0,"[{""usdt"": 14749164.0, ""borsa"": 3, ""fiyat"": 63875.0, ""kaynak"": ""BNB+BYB+OKX""}, {""usdt"": 8435055.0, ""borsa"": 1, ""fiyat"": 63800.0, ""kaynak"": ""BNB""}, {""usdt"": 7671959.0, ""borsa"": 1, ""fiyat"": 63825.0, ""kaynak"": ""BNB""}]","[{""usdt"": 13192661.0, ""borsa"": 3, ""fiyat"": 63925.0, ""kaynak"": ""BNB+BYB+OKX""}, {""usdt"": 12054153.0, ""borsa"": 1, ""fiyat"": 64000.0, ""kaynak"": ""BNB""}, {""usdt"": 11717349.0, ""borsa"": 3, ""fiyat"": 63900.0, ""kaynak"": ""BNB+BYB+OKX""}]",YOK,-0.0063,-0.0674,,,true,0,false,,0,0,3,0,1,3,47.9,49,IZLE,,25,63917.9,,,,,SEVIYE,50,294.9,30,,,,,,,1785271560,2,0,,22,905.8,21,,,
30211,2026-07-28 20:48:29.225057+00,63905.850000000006,-670431.4100019045,17671.55500000001,11726858487.6178,0.00006802599999999999,46387455.310070045,4345.5665,31.1,BEKLE,true,0.0,4345.5665,1.7427,60.408,56961815.338559955,423.485,31.1,0.0,"[{""usdt"": 11512439.0, ""borsa"": 3, ""fiyat"": 63875.0, ""kaynak"": ""BNB+BYB+OKX""}, {""usdt"": 10301043.0, ""borsa"": 3, ""fiyat"": 63850.0, ""kaynak"": ""BNB+BYB+OKX""}, {""usdt"": 9574520.0, ""borsa"": 1, ""fiyat"": 63800.0, ""kaynak"": ""BNB""}]","[{""usdt"": 18105052.0, ""borsa"": 3, ""fiyat"": 63900.0, ""kaynak"": ""BNB+BYB+OKX""}, {""usdt"": 9802075.0, ""borsa"": 1, ""fiyat"": 64000.0, ""kaynak"": ""BNB""}, {""usdt"": 9746273.0, ""borsa"": 1, ""fiyat"": 63925.0, ""kaynak"": ""BNB""}]",YOK,0.0513,-0.1023,,,true,0,false,,0,0,3,0,1,3,44.5,45.6,IZLE,,25,63917.9,,,,,SEVIYE,50,295.9,30,,,,,,,1785271560,2,1,,22,906.8,21,,,
30212,2026-07-28 20:49:29.451638+00,63920.05,-346494.4257290055,169155.222,11731863460.1784,0.00006802599999999999,48807113.519319996,958.6859999999999,17.0,BEKLE,true,0.0,958.6859999999999,1.7427,60.321,62943188.17706995,483.806,17.0,0.0,"[{""usdt"": 15534164.0, ""borsa"": 3, ""fiyat"": 63900.0, ""kaynak"": ""BNB+BYB+OKX""}, {""usdt"": 8544352.0, ""borsa"": 1, ""fiyat"": 63850.0, ""kaynak"": ""BNB""}, {""usdt"": 8075746.0, ""borsa"": 1, ""fiyat"": 63800.0, ""kaynak"": ""BNB""}]","[{""usdt"": 18602149.0, ""borsa"": 3, ""fiyat"": 63925.0, ""kaynak"": ""BNB+BYB+OKX""}, {""usdt"": 13597305.0, ""borsa"": 1, ""fiyat"": 64000.0, ""kaynak"": ""BNB""}, {""usdt"": 11360809.0, ""borsa"": 3, ""fiyat"": 63950.0, ""kaynak"": ""BNB+BYB+OKX""}]",YOK,0.0428,-0.1265,,,true,0,false,,0,0,3,0,1,3,41,42.1,IZLE,,25,63917.9,,,,,SEVIYE,50,296.9,30,,,,,,,1785271740,2,0,,22,907.8,21,,,
30213,2026-07-28 20:50:29.740419+00,63920.05,780749.2474345958,267205.891,11731088531.389301,0.00006802599999999999,45884766.35345002,958.7112,10.5,BEKLE,true,0.0,958.7112,1.7427,60.143,62826280.059619986,543.949,10.5,0.0,"[{""usdt"": 13839976.0, ""borsa"": 3, ""fiyat"": 63900.0, ""kaynak"": ""BNB+BYB+OKX""}, {""usdt"": 9736276.0, ""borsa"": 1, ""fiyat"": 63850.0, ""kaynak"": ""BNB""}, {""usdt"": 7028504.0, ""borsa"": 1, ""fiyat"": 63825.0, ""kaynak"": ""BNB""}]","[{""usdt"": 16533979.0, ""borsa"": 3, ""fiyat"": 63950.0, ""kaynak"": ""BNB+BYB+OKX""}, {""usdt"": 13280770.0, ""borsa"": 1, ""fiyat"": 64000.0, ""kaynak"": ""BNB""}, {""usdt"": 11897619.0, ""borsa"": 3, ""fiyat"": 63925.0, ""kaynak"": ""BNB+BYB+OKX""}]",YOK,0.0116,-0.1558,0.9412,0.7174,true,0.0166,false,,0,0,3,0,1,3,37.3,38.4,IZLE,,25,63917.9,,,,,SEVIYE,50,297.9,30,,,,,,,1785271740,2,0,,22,908.8,21,,,
30214,2026-07-28 20:51:30.205958+00,63887.05,243629.34916379576,261984.962,11725216789.186401,0.00006802599999999999,47672689.88697003,767.0412,17.9,BEKLE,false,0.0,767.0412,1.7412,120.543,53544620.06529997,604.349,0.0,17.9,"[{""usdt"": 15396144.0, ""borsa"": 3, ""fiyat"": 63875.0, ""kaynak"": ""BNB+BYB+OKX""}, {""usdt"": 10164170.0, ""borsa"": 1, ""fiyat"": 63800.0, ""kaynak"": ""BNB""}, {""usdt"": 8833498.0, ""borsa"": 2, ""fiyat"": 63850.0, ""kaynak"": ""BNB+BYB""}]","[{""usdt"": 15649794.0, ""borsa"": 3, ""fiyat"": 63900.0, ""kaynak"": ""BNB+BYB+OKX""}, {""usdt"": 10575335.0, ""borsa"": 1, ""fiyat"": 64000.0, ""kaynak"": ""BNB""}, {""usdt"": 10445264.0, ""borsa"": 1, ""fiyat"": 63975.0, ""kaynak"": ""BNB""}]",YOK,0.0012,-0.058,0.7548,0.8798,true,0.0155,false,,0,1,3,0,1,3,33.6,34.7,IZLE,,25,63917.9,,,,,SEVIYE,50,298.9,30,,,,,,,1785271740,1,0,,22,909.8,21,,,
30215,2026-07-28 20:52:30.533405+00,63899.95,402275.984225396,281714.226,11728367384.6128,0.00006802599999999999,48426007.80650004,767.0412,22.1,BEKLE,false,0.0,767.0412,1.7412,181.076,53572712.19760994,664.882,0.0,22.1,"[{""usdt"": 13648064.0, ""borsa"": 3, ""fiyat"": 63875.0, ""kaynak"": ""BNB+BYB+OKX""}, {""usdt"": 8510074.0, ""borsa"": 1, ""fiyat"": 63850.0, ""kaynak"": ""BNB""}, {""usdt"": 8425809.0, ""borsa"": 1, ""fiyat"": 63800.0, ""kaynak"": ""BNB""}]","[{""usdt"": 16678338.0, ""borsa"": 3, ""fiyat"": 63925.0, ""kaynak"": ""BNB+BYB+OKX""}, {""usdt"": 12399569.0, ""borsa"": 1, ""fiyat"": 64000.0, ""kaynak"": ""BNB""}, {""usdt"": 8920188.0, ""borsa"": 1, ""fiyat"": 63950.0, ""kaynak"": ""BNB""}]",YOK,0.0397,-0.0505,0.7055,0.944,true,0,false,,0,1,3,1,1,3,30.2,31.3,IZLE,,25,63917.9,,,,,SEVIYE,50,299.9,30,,,,,,,1785271740,1,1,,22,910.8,21,,,
30216,2026-07-28 20:53:30.793338+00,63910.95,405053.2135651962,292621.72000000003,11729304609.233799,0.00006802599999999999,47604616.38396003,767.0412,25.6,BEKLE,true,0.0,767.0412,1.7412,241.246,56805054.91150999,725.052,0.0,25.6,"[{""usdt"": 11416841.0, ""borsa"": 3, ""fiyat"": 63875.0, ""kaynak"": ""BNB+BYB+OKX""}, {""usdt"": 9370892.0, ""borsa"": 1, ""fiyat"": 63825.0, ""kaynak"": ""BNB""}, {""usdt"": 8288998.0, ""borsa"": 1, ""fiyat"": 63800.0, ""kaynak"": ""BNB""}]","[{""usdt"": 19506801.0, ""borsa"": 3, ""fiyat"": 63925.0, ""kaynak"": ""BNB+BYB+OKX""}, {""usdt"": 12407502.0, ""borsa"": 1, ""fiyat"": 64000.0, ""kaynak"": ""BNB""}, {""usdt"": 8600551.0, ""borsa"": 1, ""fiyat"": 63975.0, ""kaynak"": ""BNB""}]",YOK,0.0023,-0.0881,0.6948,0.2316,true,0,false,,0,1,3,0,1,3,26.6,27.7,IZLE,,25,63917.9,,,,,SEVIYE,50,301.0,31,,,,,,,1785271740,1,2,,21,911.8,20,,,
30217,2026-07-28 20:54:31.136466+00,63901.75,386027.0183799965,267893.516,11726909426.878801,0.00006802599999999999,48004738.21823005,0.0,16.4,BEKLE,false,0.0,0.0,1.7412,301.594,58109490.64693998,785.4,0.0,16.4,"[{""usdt"": 16487830.0, ""borsa"": 3, ""fiyat"": 63875.0, ""kaynak"": ""BNB+BYB+OKX""}, {""usdt"": 9631377.0, ""borsa"": 1, ""fiyat"": 63825.0, ""kaynak"": ""BNB""}, {""usdt"": 8969163.0, ""borsa"": 1, ""fiyat"": 63800.0, ""kaynak"": ""BNB""}]","[{""usdt"": 14569341.0, ""borsa"": 3, ""fiyat"": 63925.0, ""kaynak"": ""BNB+BYB+OKX""}, {""usdt"": 12619087.0, ""borsa"": 1, ""fiyat"": 64000.0, ""kaynak"": ""BNB""}, {""usdt"": 11184496.0, ""borsa"": 3, ""fiyat"": 63900.0, ""kaynak"": ""BNB+BYB+OKX""}]",YOK,0.0373,-0.0952,0.812,1.4256,true,0,false,,0,0,3,0,2,3,23.1,24.2,IZLE,,25,63917.9,,,,,SEVIYE,50,302.0,31,,,,,,,,,0,,21,912.9,20,,,
30218,2026-07-28 20:55:31.415882+00,63893.55,-118756.7481185003,-94245.00499999999,11726160609.2742,0.00006802599999999999,44247545.44465004,0.0,30.6,BEKLE,true,0.0,0.0,1.7412,361.924,65527746.001689956,845.73,30.6,0.0,"[{""usdt"": 11418848.0, ""borsa"": 3, ""fiyat"": 63875.0, ""kaynak"": ""BNB+BYB+OKX""}, {""usdt"": 8524524.0, ""borsa"": 1, ""fiyat"": 63850.0, ""kaynak"": ""BNB""}, {""usdt"": 8212195.0, ""borsa"": 1, ""fiyat"": 63825.0, ""kaynak"": ""BNB""}]","[{""usdt"": 22877070.0, ""borsa"": 3, ""fiyat"": 63925.0, ""kaynak"": ""BNB+BYB+OKX""}, {""usdt"": 15226524.0, ""borsa"": 1, ""fiyat"": 64000.0, ""kaynak"": ""BNB""}, {""usdt"": 8340122.0, ""borsa"": 1, ""fiyat"": 63975.0, ""kaynak"": ""BNB""}]",YOK,-0.0047,-0.1939,0.5916,1.2249,true,0.0093,false,,0,1,3,0,3,3,19.6,20.7,IZLE,,25,63917.9,,,,,SEVIYE,50,303.0,31,,,,,,,,,0,,21,913.9,20,,,
30219,2026-07-28 20:56:31.745722+00,63905.05,-79110.69095060039,-87400.65000000002,11726991968.3166,0.00006802599999999999,46133266.705580026,0.0,36.9,BEKLE,true,0.0,0.0,1.7412,422.133,58575057.641700014,905.939,36.9,0.0,"[{""usdt"": 12996536.0, ""borsa"": 3, ""fiyat"": 63875.0, ""kaynak"": ""BNB+BYB+OKX""}, {""usdt"": 9184720.0, ""borsa"": 1, ""fiyat"": 63825.0, ""kaynak"": ""BNB""}, {""usdt"": 8267359.0, ""borsa"": 3, ""fiyat"": 63900.0, ""kaynak"": ""BNB+BYB+OKX""}]","[{""usdt"": 17660461.0, ""borsa"": 3, ""fiyat"": 63925.0, ""kaynak"": ""BNB+BYB+OKX""}, {""usdt"": 13383390.0, ""borsa"": 1, ""fiyat"": 64000.0, ""kaynak"": ""BNB""}, {""usdt"": 10926282.0, ""borsa"": 1, ""fiyat"": 63975.0, ""kaynak"": ""BNB""}]",YOK,-0.0348,-0.1188,0.3497,1.3713,true,0.0482,false,,0,1,3,0,1,3,16,17,IZLE,,25,63917.9,,,,,SEVIYE,50,304.0,31,,,,,,,,,0,,21,914.9,20,,,
30220,2026-07-28 20:57:32.139834+00,63907.75,-41760.070894300494,-91505.53300000001,11727011438.3981,0.00006802599999999999,44427373.89733003,0.0,36.0,BEKLE,true,0.0,0.0,1.739,482.605,55966897.455599986,966.411,36.0,0.0,"[{""usdt"": 12142501.0, ""borsa"": 3, ""fiyat"": 63875.0, ""kaynak"": ""BNB+BYB+OKX""}, {""usdt"": 8994863.0, ""borsa"": 1, ""fiyat"": 63825.0, ""kaynak"": ""BNB""}, {""usdt"": 8318692.0, ""borsa"": 1, ""fiyat"": 63800.0, ""kaynak"": ""BNB""}]","[{""usdt"": 15521312.0, ""borsa"": 3, ""fiyat"": 63925.0, ""kaynak"": ""BNB+BYB+OKX""}, {""usdt"": 12474087.0, ""borsa"": 1, ""fiyat"": 64000.0, ""kaynak"": ""BNB""}, {""usdt"": 10689646.0, ""borsa"": 1, ""fiyat"": 63975.0, ""kaynak"": ""BNB""}]",YOK,-0.0367,-0.1149,0.4092,0.5053,true,0.0594,false,,0,1,3,0,1,3,12.5,13.6,IZLE,,25,63917.9,,,,,SEVIYE,50,305.0,31,,,,,,,,,0,,21,915.9,20,,,
30221,2026-07-28 20:58:32.380245+00,63889.05,-204590.90263870076,-117516.125,11724243509.2554,0.00006802599999999999,50980085.565500006,0.0,41.6,BEKLE,true,0.0,0.0,1.739,542.922,51164240.36193991,1026.728,41.6,0.0,"[{""usdt"": 17047056.0, ""borsa"": 3, ""fiyat"": 63875.0, ""kaynak"": ""BNB+BYB+OKX""}, {""usdt"": 10368267.0, ""borsa"": 1, ""fiyat"": 63800.0, ""kaynak"": ""BNB""}, {""usdt"": 8704917.0, ""borsa"": 2, ""fiyat"": 63850.0, ""kaynak"": ""BNB+BYB""}]","[{""usdt"": 14876744.0, ""borsa"": 3, ""fiyat"": 63900.0, ""kaynak"": ""BNB+BYB+OKX""}, {""usdt"": 9756433.0, ""borsa"": 1, ""fiyat"": 64000.0, ""kaynak"": ""BNB""}, {""usdt"": 9426638.0, ""borsa"": 1, ""fiyat"": 63950.0, ""kaynak"": ""BNB""}]",YOK,0.0261,-0.0018,0.4639,1.1713,true,0.0679,false,,0,0,3,1,0,3,9,10.1,IZLE,,25,63917.9,,,,,SEVIYE,50,306.0,31,,,,,,,,,0,,21,916.9,20,,,
30222,2026-07-28 20:59:32.672038+00,63890.75,-43871.156788600725,111177.21500000001,11725291916.8356,0.00006802599999999999,46873015.73597005,0.0,22.6,BEKLE,true,0.0,0.0,1.739,603.125,50355915.01806995,1086.931,22.6,0.0,"[{""usdt"": 15598144.0, ""borsa"": 3, ""fiyat"": 63875.0, ""kaynak"": ""BNB+BYB+OKX""}, {""usdt"": 8810690.0, ""borsa"": 1, ""fiyat"": 63825.0, ""kaynak"": ""BNB""}, {""usdt"": 8263737.0, ""borsa"": 2, ""fiyat"": 63850.0, ""kaynak"": ""BNB+BYB""}]","[{""usdt"": 14505337.0, ""borsa"": 3, ""fiyat"": 63900.0, ""kaynak"": ""BNB+BYB+OKX""}, {""usdt"": 9925772.0, ""borsa"": 1, ""fiyat"": 64000.0, ""kaynak"": ""BNB""}, {""usdt"": 9712861.0, ""borsa"": 1, ""fiyat"": 63975.0, ""kaynak"": ""BNB""}]",YOK,0.0208,-0.0358,0.6149,1.1061,true,0.0898,false,,0,1,3,0,0,3,5.4,6.4,IZLE,,25,63917.9,,,,,SEVIYE,50,307.0,31,,,,,,,,,0,,21,917.9,20,,,
30223,2026-07-28 21:00:33.083565+00,63916.25,-166240.9933953,289011.90400000004,11729288652.867,0.00006802599999999999,46959790.801369995,0.0,35.0,BEKLE,true,0.0,0.0,1.739,120.56,54531848.874370016,1147.288,0.0,35.0,"[{""usdt"": 12967022.0, ""borsa"": 3, ""fiyat"": 63875.0, ""kaynak"": ""BNB+BYB+OKX""}, {""usdt"": 10892876.0, ""borsa"": 2, ""fiyat"": 63900.0, ""kaynak"": ""BNB+BYB""}, {""usdt"": 8026233.0, ""borsa"": 1, ""fiyat"": 63850.0, ""kaynak"": ""BNB""}]","[{""usdt"": 12418990.0, ""borsa"": 1, ""fiyat"": 64000.0, ""kaynak"": ""BNB""}, {""usdt"": 9755447.0, ""borsa"": 1, ""fiyat"": 64025.0, ""kaynak"": ""BNB""}, {""usdt"": 8624787.0, ""borsa"": 1, ""fiyat"": 63975.0, ""kaynak"": ""BNB""}]",YOK,0.0354,-0.0746,0.0673,2.261,true,0,false,,0,0,3,0,0,3,1.9,63.7,IZLE,,25,63917.9,,,,,SEVIYE,50,308.0,31,,,,,,,,,0,,21,918.9,20,,,
30224,2026-07-28 21:01:33.563704+00,63919.45,-166240.9933953,289011.90400000004,11729288652.867,0.00006802599999999999,46752766.57196999,0.0,39.5,BEKLE,true,0.0,0.0,1.739,181.178,58594053.746170014,1207.906,0.0,39.5,"[{""usdt"": 16002652.0, ""borsa"": 3, ""fiyat"": 63900.0, ""kaynak"": ""BNB+BYB+OKX""}, {""usdt"": 8026233.0, ""borsa"": 1, ""fiyat"": 63850.0, ""kaynak"": ""BNB""}, {""usdt"": 7671464.0, ""borsa"": 1, ""fiyat"": 63825.0, ""kaynak"": ""BNB""}]","[{""usdt"": 12418990.0, ""borsa"": 1, ""fiyat"": 64000.0, ""kaynak"": ""BNB""}, {""usdt"": 12387138.0, ""borsa"": 3, ""fiyat"": 63925.0, ""kaynak"": ""BNB+BYB+OKX""}, {""usdt"": 11807284.0, ""borsa"": 3, ""fiyat"": 63950.0, ""kaynak"": ""BNB+BYB+OKX""}]",YOK,0.0354,-0.1124,0.1187,1.3795,true,0,false,,0,0,3,0,1,3,62.5,63.6,IZLE,,25,63917.9,,,,,SEVIYE,50,309.0,31,,,,,,,,,0,,21,919.9,20,,,
30225,2026-07-28 21:02:33.859266+00,63925.25,-157323.22039309997,318269.72900000005,11729390698.1721,0.00006802599999999999,48598455.889180005,0.0,36.3,BEKLE,true,0.0,0.0,1.739,120.827,56683133.105579995,1268.115,0.0,36.3,"[{""usdt"": 15960256.0, ""borsa"": 3, ""fiyat"": 63900.0, ""kaynak"": ""BNB+BYB+OKX""}, {""usdt"": 10474271.0, ""borsa"": 1, ""fiyat"": 63850.0, ""kaynak"": ""BNB""}, {""usdt"": 9337826.0, ""borsa"": 3, ""fiyat"": 63875.0, ""kaynak"": ""BNB+BYB+OKX""}]","[{""usdt"": 12608278.0, ""borsa"": 3, ""fiyat"": 63925.0, ""kaynak"": ""BNB+BYB+OKX""}, {""usdt"": 11885554.0, ""borsa"": 1, ""fiyat"": 64000.0, ""kaynak"": ""BNB""}, {""usdt"": 10179861.0, ""borsa"": 1, ""fiyat"": 64025.0, ""kaynak"": ""BNB""}]",YOK,0.0146,-0.0768,0.141,1.501,true,0,false,,0,0,3,1,0,3,58.7,59.8,IZLE,,25,63917.9,,,,,SEVIYE,50,310.0,31,,,,,,,,,0,,21,920.9,20,,,
30226,2026-07-28 21:03:34.167215+00,63937.95,316736.8919062997,359329.445,11729862478.3909,0.00006802599999999999,47619051.028209984,0.0,34.9,BEKLE,true,0.0,0.0,1.739,181.141,53290517.27015996,1328.429,0.0,34.9,"[{""usdt"": 13900727.0, ""borsa"": 3, ""fiyat"": 63900.0, ""kaynak"": ""BNB+BYB+OKX""}, {""usdt"": 10931749.0, ""borsa"": 1, ""fiyat"": 63850.0, ""kaynak"": ""BNB""}, {""usdt"": 6282389.0, ""borsa"": 1, ""fiyat"": 63825.0, ""kaynak"": ""BNB""}]","[{""usdt"": 14262691.0, ""borsa"": 1, ""fiyat"": 64000.0, ""kaynak"": ""BNB""}, {""usdt"": 13869625.0, ""borsa"": 3, ""fiyat"": 63950.0, ""kaynak"": ""BNB+BYB+OKX""}, {""usdt"": 8726388.0, ""borsa"": 1, ""fiyat"": 64025.0, ""kaynak"": ""BNB""}]",YOK,0.0745,-0.0562,0.3887,2.5679,true,0,false,,0,0,3,1,0,3,55.2,56.3,IZLE,,25,63917.9,,,,,SEVIYE,50,311.0,32,,,,,,,,,0,,20,921.9,19,,,
30227,2026-07-28 21:04:34.501494+00,63937.95,493461.3854094996,409853.7250000001,11732000216.461401,0.00006802599999999999,46293195.13321997,0.0,29.0,BEKLE,true,0.0,0.0,1.739,241.533,59322814.34658996,1388.821,0.0,29.0,"[{""usdt"": 12695023.0, ""borsa"": 3, ""fiyat"": 63925.0, ""kaynak"": ""BNB+BYB+OKX""}, {""usdt"": 8896116.0, ""borsa"": 1, ""fiyat"": 63850.0, ""kaynak"": ""BNB""}, {""usdt"": 8397730.0, ""borsa"": 3, ""fiyat"": 63900.0, ""kaynak"": ""BNB+BYB+OKX""}]","[{""usdt"": 17807545.0, ""borsa"": 3, ""fiyat"": 63950.0, ""kaynak"": ""BNB+BYB+OKX""}, {""usdt"": 12308258.0, ""borsa"": 1, ""fiyat"": 64025.0, ""kaynak"": ""BNB""}, {""usdt"": 11758727.0, ""borsa"": 1, ""fiyat"": 64000.0, ""kaynak"": ""BNB""}]",YOK,0.0384,-0.1234,0.5113,3.1634,true,0.0553,false,,0,1,3,0,0,3,51.7,52.8,IZLE,,25,63917.9,,,,,SEVIYE,50,312.0,32,,,,,,,,,0,,20,922.9,19,,,
30228,2026-07-28 21:05:34.857086+00,63956.149999999994,510474.5759229997,429600.33400000003,11731659441.6376,0.00006802599999999999,46633027.62447999,0.0,17.5,BEKLE,true,0.0,0.0,1.739,60.246,60057872.15713999,1449.067,0.0,17.5,"[{""usdt"": 10958653.0, ""borsa"": 3, ""fiyat"": 63925.0, ""kaynak"": ""BNB+BYB+OKX""}, {""usdt"": 8569100.0, ""borsa"": 1, ""fiyat"": 63875.0, ""kaynak"": ""BNB""}, {""usdt"": 8089649.0, ""borsa"": 1, ""fiyat"": 63850.0, ""kaynak"": ""BNB""}]","[{""usdt"": 19341599.0, ""borsa"": 3, ""fiyat"": 63975.0, ""kaynak"": ""BNB+BYB+OKX""}, {""usdt"": 11472689.0, ""borsa"": 1, ""fiyat"": 64000.0, ""kaynak"": ""BNB""}, {""usdt"": 10562077.0, ""borsa"": 1, ""fiyat"": 64050.0, ""kaynak"": ""BNB""}]",SPOT,0.1775,-0.1258,0.7368,3.0585,true,0,false,,3,0,3,0,2,3,48.1,49.2,IZLE,,25,63917.9,,,,,SEVIYE,50,313.0,32,,,,,,,,,0,,20,923.9,19,,,
30229,2026-07-28 21:06:35.152121+00,63938.05,712994.8896747997,645842.612,11733719604.919,0.00006802599999999999,48489616.374900006,0.0,26.6,BEKLE,true,0.0,0.0,1.739,60.35,50530494.307390004,1509.417,0.0,26.6,"[{""usdt"": 13157197.0, ""borsa"": 3, ""fiyat"": 63925.0, ""kaynak"": ""BNB+BYB+OKX""}, {""usdt"": 9012804.0, ""borsa"": 3, ""fiyat"": 63950.0, ""kaynak"": ""BNB+BYB+OKX""}, {""usdt"": 8442563.0, ""borsa"": 1, ""fiyat"": 63875.0, ""kaynak"": ""BNB""}]","[{""usdt"": 13101147.0, ""borsa"": 3, ""fiyat"": 63975.0, ""kaynak"": ""BNB+BYB+OKX""}, {""usdt"": 11321468.0, ""borsa"": 1, ""fiyat"": 64050.0, ""kaynak"": ""BNB""}, {""usdt"": 8994059.0, ""borsa"": 1, ""fiyat"": 64000.0, ""kaynak"": ""BNB""}]",YOK,0.0846,-0.0206,0.589,0.8772,false,,false,0.5029,0,0,3,1,0,3,44.6,45.7,IZLE,,25,63917.9,,,,,SEVIYE,50,314.0,32,,,,,,,,,0,,20,924.9,19,,,
30230,2026-07-28 21:07:35.446126+00,63910.45,217582.32524239976,634916.1679999998,11728582919.5952,0.00006802599999999999,45684845.57611001,0.0,32.5,BEKLE,true,0.0,0.0,1.739,0,53019099.804949984,1569.795,0.0,32.5,"[{""usdt"": 15212084.0, ""borsa"": 3, ""fiyat"": 63900.0, ""kaynak"": ""BNB+BYB+OKX""}, {""usdt"": 8954728.0, ""borsa"": 1, ""fiyat"": 63825.0, ""kaynak"": ""BNB""}, {""usdt"": 8827967.0, ""borsa"": 1, ""fiyat"": 63850.0, ""kaynak"": ""BNB""}]","[{""usdt"": 11583182.0, ""borsa"": 3, ""fiyat"": 63925.0, ""kaynak"": ""BNB+BYB+OKX""}, {""usdt"": 10945071.0, ""borsa"": 1, ""fiyat"": 64000.0, ""kaynak"": ""BNB""}, {""usdt"": 9793590.0, ""borsa"": 1, ""fiyat"": 63975.0, ""kaynak"": ""BNB""}]",YOK,0.0586,-0.0743,0.4078,1.1332,false,,true,0.2328,0,0,3,0,0,3,40.7,41.8,IZLE,,25,63917.9,,,,,SEVIYE,50,315.0,32,,,,,,,,,0,,20,925.9,19,,,
30231,2026-07-28 21:08:35.756723+00,63902.05,373386.48945910047,662652.634,11724454071.255,0.00006802599999999999,44411402.97542001,0.0,25.8,BEKLE,true,0.0,0.0,1.739,60.204,49320824.52434,1629.999,0.0,25.8,"[{""usdt"": 10641029.0, ""borsa"": 3, ""fiyat"": 63875.0, ""kaynak"": ""BNB+BYB+OKX""}, {""usdt"": 8751408.0, ""borsa"": 1, ""fiyat"": 63825.0, ""kaynak"": ""BNB""}, {""usdt"": 8747266.0, ""borsa"": 3, ""fiyat"": 63900.0, ""kaynak"": ""BNB+BYB+OKX""}]","[{""usdt"": 13027584.0, ""borsa"": 3, ""fiyat"": 63925.0, ""kaynak"": ""BNB+BYB+OKX""}, {""usdt"": 10928810.0, ""borsa"": 1, ""fiyat"": 63975.0, ""kaynak"": ""BNB""}, {""usdt"": 10372667.0, ""borsa"": 1, ""fiyat"": 64000.0, ""kaynak"": ""BNB""}]",YOK,0.0443,-0.0524,,,false,,true,0.4511,0,0,3,0,0,3,37.1,38.1,IZLE,,25,63917.9,,,,,SEVIYE,50,316.0,32,,,,,,,,,0,,20,926.9,19,,,
30232,2026-07-28 21:09:36.15203+00,63921.55,201441.87427349968,661827.4549999998,11721987783.6735,0.00006802599999999999,46323876.9648,0.0,25.4,BEKLE,,0.0,0.0,1.739,60.372,48320447.30506003,1690.371,0.0,25.4,"[{""usdt"": 12689469.0, ""borsa"": 3, ""fiyat"": 63900.0, ""kaynak"": ""BNB+BYB+OKX""}, {""usdt"": 9921316.0, ""borsa"": 3, ""fiyat"": 63875.0, ""kaynak"": ""BNB+BYB+OKX""}, {""usdt"": 8382879.0, ""borsa"": 1, ""fiyat"": 63850.0, ""kaynak"": ""BNB""}]","[{""usdt"": 13088279.0, ""borsa"": 3, ""fiyat"": 63925.0, ""kaynak"": ""BNB+BYB+OKX""}, {""usdt"": 12489086.0, ""borsa"": 1, ""fiyat"": 64000.0, ""kaynak"": ""BNB""}, {""usdt"": 9025648.0, ""borsa"": 1, ""fiyat"": 63975.0, ""kaynak"": ""BNB""}]",YOK,0.0517,-0.0211,0.4026,1.5914,false,,false,1.1479,0,1,3,1,0,3,33.6,34.7,IZLE,,25,63917.9,,,,,SEVIYE,50,317.0,32,,,,,,,,,0,,20,927.9,19,,,
30233,2026-07-28 21:10:36.362639+00,63913.05,344928.38041589985,1590048.56,11725149397.3253,0.00006802599999999999,42593296.19710999,0.0,63.1,BEKLE,true,0.0,0.0,1.739,60.341,47207623.99031003,1750.712,0.0,63.1,"[{""usdt"": 11824318.0, ""borsa"": 3, ""fiyat"": 63900.0, ""kaynak"": ""BNB+BYB+OKX""}, {""usdt"": 9328010.0, ""borsa"": 3, ""fiyat"": 63875.0, ""kaynak"": ""BNB+BYB+OKX""}, {""usdt"": 8133271.0, ""borsa"": 1, ""fiyat"": 63850.0, ""kaynak"": ""BNB""}]","[{""usdt"": 12949084.0, ""borsa"": 3, ""fiyat"": 63925.0, ""kaynak"": ""BNB+BYB+OKX""}, {""usdt"": 11546883.0, ""borsa"": 1, ""fiyat"": 64000.0, ""kaynak"": ""BNB""}, {""usdt"": 8163387.0, ""borsa"": 1, ""fiyat"": 63975.0, ""kaynak"": ""BNB""}]",YOK,0.0582,-0.0514,0.0766,1.4034,false,,false,2.1104,0,0,3,0,0,3,30.1,31.2,IZLE,,25,63917.9,,,,,SEVIYE,50,318.0,32,,,,,,,,,0,,20,928.9,19,,,
30234,2026-07-28 21:11:36.981032+00,63911.45,188355.14341129977,1265404.6340000003,11723758478.9813,0.00006802599999999999,42372320.45514999,0.0,38.1,BEKLE,true,0.0,0.0,1.739,120.539,45420761.876300015,1810.91,0.0,38.1,"[{""usdt"": 12975731.0, ""borsa"": 3, ""fiyat"": 63900.0, ""kaynak"": ""BNB+BYB+OKX""}, {""usdt"": 8563468.0, ""borsa"": 3, ""fiyat"": 63875.0, ""kaynak"": ""BNB+BYB+OKX""}, {""usdt"": 7474733.0, ""borsa"": 1, ""fiyat"": 63800.0, ""kaynak"": ""BNB""}]","[{""usdt"": 12787039.0, ""borsa"": 3, ""fiyat"": 63925.0, ""kaynak"": ""BNB+BYB+OKX""}, {""usdt"": 11893180.0, ""borsa"": 1, ""fiyat"": 64000.0, ""kaynak"": ""BNB""}, {""usdt"": 8341775.0, ""borsa"": 1, ""fiyat"": 63975.0, ""kaynak"": ""BNB""}]",YOK,0.0783,-0.0347,0.33,1.1775,false,,false,1.8699,0,0,3,0,0,3,26,27.5,IZLE,,25,63917.9,,,,,SEVIYE,50,319.1,32,,,,,,,,,0,,20,930.0,19,,,
30235,2026-07-28 21:12:37.525362+00,63933.55,188164.01835729976,1266339.996,11723455236.0158,0.00006802599999999999,44849120.54730004,0.0,42.2,BEKLE,true,0.0,0.0,1.7375,181.284,47586328.75613004,1871.655,0.0,42.2,"[{""usdt"": 13472199.0, ""borsa"": 3, ""fiyat"": 63900.0, ""kaynak"": ""BNB+BYB+OKX""}, {""usdt"": 7896887.0, ""borsa"": 1, ""fiyat"": 63850.0, ""kaynak"": ""BNB""}, {""usdt"": 7193629.0, ""borsa"": 1, ""fiyat"": 63800.0, ""kaynak"": ""BNB""}]","[{""usdt"": 11609315.0, ""borsa"": 1, ""fiyat"": 64000.0, ""kaynak"": ""BNB""}, {""usdt"": 9462111.0, ""borsa"": 3, ""fiyat"": 63950.0, ""kaynak"": ""BNB+BYB+OKX""}, {""usdt"": 7986224.0, ""borsa"": 3, ""fiyat"": 63925.0, ""kaynak"": ""BNB+BYB+OKX""}]",YOK,0.0285,-0.0296,0.0264,1.4586,false,,false,1.224,0,0,3,1,0,3,22.8,23.9,IZLE,,25,63917.9,,,,,SEVIYE,50,320.1,32,,,,,,,,,0,,20,931.0,19,,,
30236,2026-07-28 21:13:37.788909+00,63918.95,434939.5171535999,1330903.738,11727211595.9357,0.00006802599999999999,44734355.28106005,0.0,36.5,BEKLE,true,0.0,0.0,1.7375,241.747,47162880.61081001,1932.118,0.0,36.5,"[{""usdt"": 14877877.0, ""borsa"": 3, ""fiyat"": 63900.0, ""kaynak"": ""BNB+BYB+OKX""}, {""usdt"": 8214351.0, ""borsa"": 1, ""fiyat"": 63850.0, ""kaynak"": ""BNB""}, {""usdt"": 6655928.0, ""borsa"": 1, ""fiyat"": 63800.0, ""kaynak"": ""BNB""}]","[{""usdt"": 11784432.0, ""borsa"": 3, ""fiyat"": 63950.0, ""kaynak"": ""BNB+BYB+OKX""}, {""usdt"": 9111955.0, ""borsa"": 1, ""fiyat"": 64000.0, ""kaynak"": ""BNB""}, {""usdt"": 7520575.0, ""borsa"": 1, ""fiyat"": 64025.0, ""kaynak"": ""BNB""}]",YOK,0.0582,-0.0264,0.0516,0.9788,false,,false,1.3437,0,0,3,0,0,3,19.4,20.5,IZLE,,25,63917.9,,,,,SEVIYE,50,321.1,33,,,,,,,,,0,,20,932.0,19,,,
30237,2026-07-28 21:14:38.189725+00,63895.149999999994,542195.1170154003,1369141.994,11723772643.832,0.00006802599999999999,42096216.24760001,0.0,45.4,BEKLE,true,0.0,0.0,1.7375,302.071,46961271.22438001,1992.442,0.0,45.4,"[{""usdt"": 12176773.0, ""borsa"": 3, ""fiyat"": 63875.0, ""kaynak"": ""BNB+BYB+OKX""}, {""usdt"": 7572758.0, ""borsa"": 1, ""fiyat"": 63800.0, ""kaynak"": ""BNB""}, {""usdt"": 7554142.0, ""borsa"": 1, ""fiyat"": 63825.0, ""kaynak"": ""BNB""}]","[{""usdt"": 12241428.0, ""borsa"": 3, ""fiyat"": 63925.0, ""kaynak"": ""BNB+BYB+OKX""}, {""usdt"": 10461065.0, ""borsa"": 1, ""fiyat"": 64000.0, ""kaynak"": ""BNB""}, {""usdt"": 7890728.0, ""borsa"": 1, ""fiyat"": 63975.0, ""kaynak"": ""BNB""}]",YOK,0.0211,-0.0546,0.2214,1.1856,false,,false,0.9711,0,0,3,0,0,3,15.9,17,IZLE,,25,63917.9,,,,,SEVIYE,50,322.1,33,,,,,,,,,0,,20,933.0,19,,,
30238,2026-07-28 21:15:38.869412+00,63895.149999999994,380826.7964068996,1348423.855,11720005153.194801,0.00006802599999999999,42398642.33946001,0.0,22.0,BEKLE,false,0.0,0.0,1.7375,362.768,45012899.93336003,2053.139,22.0,0.0,"[{""usdt"": 11868661.0, ""borsa"": 3, ""fiyat"": 63875.0, ""kaynak"": ""BNB+BYB+OKX""}, {""usdt"": 8227472.0, ""borsa"": 1, ""fiyat"": 63800.0, ""kaynak"": ""BNB""}, {""usdt"": 7558323.0, ""borsa"": 2, ""fiyat"": 63850.0, ""kaynak"": ""BNB+BYB""}]","[{""usdt"": 11529807.0, ""borsa"": 3, ""fiyat"": 63925.0, ""kaynak"": ""BNB+BYB+OKX""}, {""usdt"": 10431491.0, ""borsa"": 1, ""fiyat"": 64000.0, ""kaynak"": ""BNB""}, {""usdt"": 8632482.0, ""borsa"": 1, ""fiyat"": 63975.0, ""kaynak"": ""BNB""}]",YOK,-0.03,-0.0299,,,false,,false,0.781,0,1,3,0,0,3,12.8,13.8,IZLE,,25,63917.9,,,,,SEVIYE,50,323.1,33,,,,,,,,,0,,20,934.0,19,,,
30239,2026-07-28 21:16:39.108042+00,63886.25,-517198.2680231007,943829.8189999999,11720166270.9378,0.00006802599999999999,40773765.9636,0.0,27.5,BEKLE,false,0.0,0.0,1.7375,423.085,47987169.658470035,2113.456,27.5,0.0,"[{""usdt"": 10979540.0, ""borsa"": 3, ""fiyat"": 63875.0, ""kaynak"": ""BNB+BYB+OKX""}, {""usdt"": 8078354.0, ""borsa"": 1, ""fiyat"": 63800.0, ""kaynak"": ""BNB""}, {""usdt"": 8056269.0, ""borsa"": 2, ""fiyat"": 63850.0, ""kaynak"": ""BNB+BYB""}]","[{""usdt"": 10573250.0, ""borsa"": 1, ""fiyat"": 64000.0, ""kaynak"": ""BNB""}, {""usdt"": 10528016.0, ""borsa"": 3, ""fiyat"": 63925.0, ""kaynak"": ""BNB+BYB+OKX""}, {""usdt"": 10230528.0, ""borsa"": 3, ""fiyat"": 63900.0, ""kaynak"": ""BNB+BYB+OKX""}]",YOK,-0.0278,-0.0813,0.5643,1.3932,false,,true,0.4294,0,1,3,0,2,3,9.2,10.3,IZLE,,25,63917.9,,,,,SEVIYE,50,324.1,33,,,,,,,,,0,,20,935.0,19,,,
30240,2026-07-28 21:17:39.570804+00,63886.25,-670636.3374513008,895202.3779999999,11719005484.001501,0.00006802599999999999,40865962.34037002,0.0,24.9,BEKLE,false,0.0,0.0,1.7382,181.383,46618920.80807007,2173.825,24.9,0.0,"[{""usdt"": 10498882.0, ""borsa"": 3, ""fiyat"": 63875.0, ""kaynak"": ""BNB+BYB+OKX""}, {""usdt"": 8257665.0, ""borsa"": 2, ""fiyat"": 63850.0, ""kaynak"": ""BNB+BYB""}, {""usdt"": 8104110.0, ""borsa"": 1, ""fiyat"": 63800.0, ""kaynak"": ""BNB""}]","[{""usdt"": 11338268.0, ""borsa"": 3, ""fiyat"": 63900.0, ""kaynak"": ""BNB+BYB+OKX""}, {""usdt"": 10265665.0, ""borsa"": 1, ""fiyat"": 64000.0, ""kaynak"": ""BNB""}, {""usdt"": 8976811.0, ""borsa"": 3, ""fiyat"": 63925.0, ""kaynak"": ""BNB+BYB+OKX""}]",YOK,0.0071,-0.0658,0.5773,2.1972,false,,true,0.4743,0,1,3,0,1,3,5.8,6.8,IZLE,,25,63917.9,,,,,SEVIYE,50,325.1,33,,,,,,,,,0,,20,936.0,19,,,
30241,2026-07-28 21:18:39.952924+00,63898.25,-680291.2007007007,895996.1039999999,11719087736.008202,0.00006802599999999999,41678650.39228001,255.54520000000002,29.3,BEKLE,false,255.54520000000002,0.0,1.7382,181.058,46704136.29184004,2234.197,29.3,0.0,"[{""usdt"": 10327059.0, ""borsa"": 3, ""fiyat"": 63875.0, ""kaynak"": ""BNB+BYB+OKX""}, {""usdt"": 7535314.0, ""borsa"": 1, ""fiyat"": 63775.0, ""kaynak"": ""BNB""}, {""usdt"": 7427755.0, ""borsa"": 1, ""fiyat"": 63800.0, ""kaynak"": ""BNB""}]","[{""usdt"": 13059659.0, ""borsa"": 3, ""fiyat"": 63925.0, ""kaynak"": ""BNB+BYB+OKX""}, {""usdt"": 9906547.0, ""borsa"": 1, ""fiyat"": 64000.0, ""kaynak"": ""BNB""}, {""usdt"": 7586655.0, ""borsa"": 1, ""fiyat"": 63950.0, ""kaynak"": ""BNB""}]",YOK,0.0021,-0.0569,0.6022,0.7725,false,,true,0.3656,0,1,3,0,0,3,2.3,3.4,IZLE,,25,63917.9,,,,,SEVIYE,50,326.1,33,,,,,,,1785273420,1,0,,20,937.0,19,,,
30242,2026-07-28 21:19:40.179508+00,63898.25,-230781.27246700108,939109.4899999999,11720971172.700401,0.00006802599999999999,41678650.39228001,255.54520000000002,33.4,BEKLE,false,255.54520000000002,0.0,1.7382,241.363,46704136.29184004,2294.502,33.4,0.0,"[{""usdt"": 10327059.0, ""borsa"": 3, ""fiyat"": 63875.0, ""kaynak"": ""BNB+BYB+OKX""}, {""usdt"": 7535314.0, ""borsa"": 1, ""fiyat"": 63775.0, ""kaynak"": ""BNB""}, {""usdt"": 7427755.0, ""borsa"": 1, ""fiyat"": 63800.0, ""kaynak"": ""BNB""}]","[{""usdt"": 13059659.0, ""borsa"": 3, ""fiyat"": 63925.0, ""kaynak"": ""BNB+BYB+OKX""}, {""usdt"": 9906547.0, ""borsa"": 1, ""fiyat"": 64000.0, ""kaynak"": ""BNB""}, {""usdt"": 7586655.0, ""borsa"": 1, ""fiyat"": 63950.0, ""kaynak"": ""BNB""}]",YOK,0.0021,-0.0569,0.5148,0.1427,false,,true,0.3498,0,1,3,0,0,3,62.6,63.7,IZLE,,25,63917.9,,,,,SEVIYE,50,327.1,33,,,,,,,1785273420,1,1,,20,938.0,19,,,
30243,2026-07-28 21:20:40.476677+00,63891.55,284702.63724149857,-17100.925999999996,11719761910.2111,0.00006802599999999999,40152082.87682001,255.54520000000002,54.8,BEKLE,true,255.54520000000002,0.0,1.7382,301.568,47304483.86566006,2354.707,54.8,0.0,"[{""usdt"": 11525178.0, ""borsa"": 3, ""fiyat"": 63875.0, ""kaynak"": ""BNB+BYB+OKX""}, {""usdt"": 9907933.0, ""borsa"": 1, ""fiyat"": 63800.0, ""kaynak"": ""BNB""}, {""usdt"": 7327707.0, ""borsa"": 2, ""fiyat"": 63850.0, ""kaynak"": ""BNB+BYB""}]","[{""usdt"": 11859508.0, ""borsa"": 1, ""fiyat"": 64000.0, ""kaynak"": ""BNB""}, {""usdt"": 11296543.0, ""borsa"": 3, ""fiyat"": 63925.0, ""kaynak"": ""BNB+BYB+OKX""}, {""usdt"": 7150434.0, ""borsa"": 1, ""fiyat"": 63975.0, ""kaynak"": ""BNB""}]",YOK,-0.0112,-0.0818,0.0399,0.1033,false,,false,,0,1,3,0,1,3,58.8,59.9,IZLE,,25,63917.9,,,,,SEVIYE,50,328.1,33,,,,,,,1785273420,1,2,,20,939.0,19,,,
30244,2026-07-28 21:21:40.836653+00,63891.55,229271.60881249857,-29197.643000000004,11719029455.7361,0.00006802599999999999,39173383.5731,255.54520000000002,32.5,BEKLE,true,255.54520000000002,0.0,1.7367,241.232,46013701.97158001,2415.057,32.5,0.0,"[{""usdt"": 10160640.0, ""borsa"": 3, ""fiyat"": 63875.0, ""kaynak"": ""BNB+BYB+OKX""}, {""usdt"": 8290066.0, ""borsa"": 2, ""fiyat"": 63850.0, ""kaynak"": ""BNB+BYB""}, {""usdt"": 7718660.0, ""borsa"": 1, ""fiyat"": 63800.0, ""kaynak"": ""BNB""}]","[{""usdt"": 11601711.0, ""borsa"": 1, ""fiyat"": 64000.0, ""kaynak"": ""BNB""}, {""usdt"": 10737756.0, ""borsa"": 3, ""fiyat"": 63925.0, ""kaynak"": ""BNB+BYB+OKX""}, {""usdt"": 9157907.0, ""borsa"": 3, ""fiyat"": 63900.0, ""kaynak"": ""BNB+BYB+OKX""}]",YOK,0.0056,-0.0803,0.3117,0.153,false,,false,,0,1,3,0,1,3,55.3,56.4,IZLE,,25,63917.9,,,,,SEVIYE,50,329.1,33,,,,,,,1785273420,1,3,,20,940.0,19,,,
30245,2026-07-28 21:22:41.04769+00,63891.55,174048.3264238987,-83493.92399999998,11718791772.6246,0.00006802599999999999,40534875.14205998,0.0,34.5,BEKLE,,0.0,0.0,1.7367,301.573,44487304.91353005,2475.398,34.5,0.0,"[{""usdt"": 10835847.0, ""borsa"": 3, ""fiyat"": 63875.0, ""kaynak"": ""BNB+BYB+OKX""}, {""usdt"": 7989842.0, ""borsa"": 1, ""fiyat"": 63825.0, ""kaynak"": ""BNB""}, {""usdt"": 7673538.0, ""borsa"": 2, ""fiyat"": 63850.0, ""kaynak"": ""BNB+BYB""}]","[{""usdt"": 11385240.0, ""borsa"": 1, ""fiyat"": 64000.0, ""kaynak"": ""BNB""}, {""usdt"": 9660595.0, ""borsa"": 3, ""fiyat"": 63925.0, ""kaynak"": ""BNB+BYB+OKX""}, {""usdt"": 8324172.0, ""borsa"": 3, ""fiyat"": 63900.0, ""kaynak"": ""BNB+BYB+OKX""}]",YOK,0.0393,-0.0465,0.3375,0.1464,false,,true,0,0,1,3,0,0,3,51.8,52.9,IZLE,,25,63917.9,,,,,SEVIYE,50,330.1,33,,,,,,,,,0,,20,941.0,19,,,
30246,2026-07-28 21:23:41.283237+00,63872.55,-35456.36276810146,-303181.534,11713717621.730999,0.00006802599999999999,43394059.107629985,0.0,40.5,BEKLE,true,0.0,0.0,1.7367,361.735,47485366.68222001,2535.56,40.5,0.0,"[{""usdt"": 14648811.0, ""borsa"": 3, ""fiyat"": 63850.0, ""kaynak"": ""BNB+BYB+OKX""}, {""usdt"": 8470732.0, ""borsa"": 1, ""fiyat"": 63800.0, ""kaynak"": ""BNB""}, {""usdt"": 6843988.0, ""borsa"": 1, ""fiyat"": 63825.0, ""kaynak"": ""BNB""}]","[{""usdt"": 11126284.0, ""borsa"": 3, ""fiyat"": 63875.0, ""kaynak"": ""BNB+BYB+OKX""}, {""usdt"": 8620756.0, ""borsa"": 3, ""fiyat"": 63900.0, ""kaynak"": ""BNB+BYB+OKX""}, {""usdt"": 7732659.0, ""borsa"": 1, ""fiyat"": 64000.0, ""kaynak"": ""BNB""}]",YOK,0.0052,-0.045,0.2415,0.6657,false,,true,0,0,1,3,0,1,3,48.1,49.2,IZLE,,25,63829.3,,,,,SEVIYE,90,211.0,22,,,,,,,,,0,,20,942.0,19,,,
30247,2026-07-28 21:24:41.546452+00,63890.149999999994,124159.32650189886,-175467.293,11716549789.5579,0.00006802599999999999,42258539.082109965,0.0,41.5,BEKLE,true,0.0,0.0,1.7367,422.008,53740935.98599999,2595.833,41.5,0.0,"[{""usdt"": 9298454.0, ""borsa"": 3, ""fiyat"": 63875.0, ""kaynak"": ""BNB+BYB+OKX""}, {""usdt"": 8959237.0, ""borsa"": 3, ""fiyat"": 63850.0, ""kaynak"": ""BNB+BYB+OKX""}, {""usdt"": 7494215.0, ""borsa"": 1, ""fiyat"": 63825.0, ""kaynak"": ""BNB""}]","[{""usdt"": 21351155.0, ""borsa"": 3, ""fiyat"": 63900.0, ""kaynak"": ""BNB+BYB+OKX""}, {""usdt"": 9120939.0, ""borsa"": 1, ""fiyat"": 63975.0, ""kaynak"": ""BNB""}, {""usdt"": 7288799.0, ""borsa"": 1, ""fiyat"": 64000.0, ""kaynak"": ""BNB""}]",YOK,0.0572,-0.1196,0.1586,0.2504,false,,true,0,0,1,3,0,1,3,44.6,45.6,IZLE,,25,63917.9,,,,,SEVIYE,50,332.1,34,,,,,,,,,0,,20,943.0,19,,,
30248,2026-07-28 21:25:41.833904+00,63890.05,-266973.83082960057,-126245.61,11715744389.5233,0.00006802599999999999,46904098.70618996,0.0,20.6,BEKLE,true,0.0,0.0,1.7367,482.337,45884685.98447999,2656.162,20.6,0.0,"[{""usdt"": 16561598.0, ""borsa"": 3, ""fiyat"": 63850.0, ""kaynak"": ""BNB+BYB+OKX""}, {""usdt"": 8187156.0, ""borsa"": 3, ""fiyat"": 63875.0, ""kaynak"": ""BNB+BYB+OKX""}, {""usdt"": 7289211.0, ""borsa"": 1, ""fiyat"": 63775.0, ""kaynak"": ""BNB""}]","[{""usdt"": 11412424.0, ""borsa"": 3, ""fiyat"": 63900.0, ""kaynak"": ""BNB+BYB+OKX""}, {""usdt"": 8385968.0, ""borsa"": 1, ""fiyat"": 63950.0, ""kaynak"": ""BNB""}, {""usdt"": 8080834.0, ""borsa"": 1, ""fiyat"": 64000.0, ""kaynak"": ""BNB""}]",YOK,-0.0031,0.011,0.7495,0.141,false,,false,,0,1,3,1,0,3,41,42.1,IZLE,,25,63917.9,,,,,SEVIYE,50,333.1,34,,,,,,,,,0,,20,944.0,19,,,
30249,2026-07-28 21:26:42.765173+00,63879.350000000006,-157456.86348100024,-81924.168,11717693902.96,0.00006802599999999999,42518852.39234,0.0,12.6,BEKLE,true,0.0,0.0,1.7367,543.062,46598065.61166002,2716.887,12.6,0.0,"[{""usdt"": 12648766.0, ""borsa"": 3, ""fiyat"": 63875.0, ""kaynak"": ""BNB+BYB+OKX""}, {""usdt"": 7196953.0, ""borsa"": 3, ""fiyat"": 63850.0, ""kaynak"": ""BNB+BYB+OKX""}, {""usdt"": 6754552.0, ""borsa"": 1, ""fiyat"": 63775.0, ""kaynak"": ""BNB""}]","[{""usdt"": 11103179.0, ""borsa"": 3, ""fiyat"": 63925.0, ""kaynak"": ""BNB+BYB+OKX""}, {""usdt"": 8527470.0, ""borsa"": 1, ""fiyat"": 63950.0, ""kaynak"": ""BNB""}, {""usdt"": 8371966.0, ""borsa"": 1, ""fiyat"": 64000.0, ""kaynak"": ""BNB""}]",YOK,-0.0394,-0.0458,,,false,,false,,0,2,3,1,1,3,37.9,39,IZLE,,25,63917.9,,,,,SEVIYE,50,334.2,34,,,,,,,,,0,,20,945.0,19,,,
30250,2026-07-28 21:27:43.155959+00,63893.350000000006,-215524.26518400013,-88724.48800000001,11717983730.273998,0.00006802599999999999,43006995.689049974,0.0,4.0,BEKLE,,0.0,0.0,1.7352,603.579,53027300.40871004,2777.404,4.0,0.0,"[{""usdt"": 10619633.0, ""borsa"": 3, ""fiyat"": 63875.0, ""kaynak"": ""BNB+BYB+OKX""}, {""usdt"": 9645853.0, ""borsa"": 3, ""fiyat"": 63850.0, ""kaynak"": ""BNB+BYB+OKX""}, {""usdt"": 7830285.0, ""borsa"": 1, ""fiyat"": 63800.0, ""kaynak"": ""BNB""}]","[{""usdt"": 20146493.0, ""borsa"": 3, ""fiyat"": 63900.0, ""kaynak"": ""BNB+BYB+OKX""}, {""usdt"": 9294592.0, ""borsa"": 1, ""fiyat"": 64000.0, ""kaynak"": ""BNB""}, {""usdt"": 8624726.0, ""borsa"": 1, ""fiyat"": 63975.0, ""kaynak"": ""BNB""}]",YOK,0.0737,-0.1043,,,false,,false,,0,0,3,0,0,3,34.6,35.7,IZLE,,25,63917.9,,,,,SEVIYE,50,335.2,34,,,,,,,,,0,,20,946.1,19,,,
30251,2026-07-28 21:28:43.491618+00,63897.95,-106722.00112680047,-18617.227000000003,11719527528.812,0.00006802599999999999,43051698.893149994,0.0,30.7,BEKLE,false,0.0,0.0,1.7352,663.928,49693926.78443008,2837.753,0.0,30.7,"[{""usdt"": 12843612.0, ""borsa"": 3, ""fiyat"": 63875.0, ""kaynak"": ""BNB+BYB+OKX""}, {""usdt"": 6930292.0, ""borsa"": 1, ""fiyat"": 63825.0, ""kaynak"": ""BNB""}, {""usdt"": 6781646.0, ""borsa"": 1, ""fiyat"": 63800.0, ""kaynak"": ""BNB""}]","[{""usdt"": 14118221.0, ""borsa"": 3, ""fiyat"": 63925.0, ""kaynak"": ""BNB+BYB+OKX""}, {""usdt"": 9726768.0, ""borsa"": 1, ""fiyat"": 64000.0, ""kaynak"": ""BNB""}, {""usdt"": 8174184.0, ""borsa"": 1, ""fiyat"": 63975.0, ""kaynak"": ""BNB""}]",YOK,0.0662,-0.0716,,,false,,false,,0,0,3,0,1,3,31.1,32.2,IZLE,,25,63917.9,,,,,SEVIYE,50,336.2,34,,,,,,,,,0,,20,947.1,19,,,
30252,2026-07-28 21:29:43.889093+00,63894.149999999994,-188395.81812890005,-18618.677999999996,11719067737.4074,0.00006802599999999999,41354652.25076,0.0,22.8,BEKLE,false,0.0,0.0,1.7352,724.32,46888879.870110035,2898.145,0.0,22.8,"[{""usdt"": 12691133.0, ""borsa"": 3, ""fiyat"": 63875.0, ""kaynak"": ""BNB+BYB+OKX""}, {""usdt"": 7107508.0, ""borsa"": 1, ""fiyat"": 63825.0, ""kaynak"": ""BNB""}, {""usdt"": 6555287.0, ""borsa"": 1, ""fiyat"": 63775.0, ""kaynak"": ""BNB""}]","[{""usdt"": 10729583.0, ""borsa"": 3, ""fiyat"": 63925.0, ""kaynak"": ""BNB+BYB+OKX""}, {""usdt"": 9723077.0, ""borsa"": 1, ""fiyat"": 64000.0, ""kaynak"": ""BNB""}, {""usdt"": 8715753.0, ""borsa"": 1, ""fiyat"": 63950.0, ""kaynak"": ""BNB""}]",YOK,0.0309,-0.0627,,,false,,false,,0,0,3,0,0,3,27.6,28.7,IZLE,,25,63917.9,,,,,SEVIYE,50,337.2,34,,,,,,,,,0,,20,948.1,19,,,
30253,2026-07-28 21:30:44.201203+00,63886.45,-345306.97202159907,-19607.018000000007,11719909070.7184,0.00006802599999999999,40979387.23838999,0.0,18.2,BEKLE,false,0.0,0.0,1.7352,784.638,47837516.16009006,2958.463,0.0,18.2,"[{""usdt"": 13191150.0, ""borsa"": 3, ""fiyat"": 63875.0, ""kaynak"": ""BNB+BYB+OKX""}, {""usdt"": 7022290.0, ""borsa"": 1, ""fiyat"": 63825.0, ""kaynak"": ""BNB""}, {""usdt"": 6301224.0, ""borsa"": 1, ""fiyat"": 63800.0, ""kaynak"": ""BNB""}]","[{""usdt"": 11696446.0, ""borsa"": 3, ""fiyat"": 63925.0, ""kaynak"": ""BNB+BYB+OKX""}, {""usdt"": 9748806.0, ""borsa"": 1, ""fiyat"": 64000.0, ""kaynak"": ""BNB""}, {""usdt"": 8532231.0, ""borsa"": 1, ""fiyat"": 63975.0, ""kaynak"": ""BNB""}]",YOK,0.0067,-0.0772,,,false,,false,,0,0,3,0,0,3,24.1,25.2,IZLE,,25,63917.9,,,,,SEVIYE,50,338.2,34,,,,,,,,,0,,20,949.1,19,,,
30254,2026-07-28 21:31:44.669055+00,63882.649999999994,-522127.99966259906,-21934.627,11716841871.4372,0.00006802599999999999,41044799.817199975,0.0,15.7,BEKLE,false,0.0,0.0,1.7352,845.186,47272719.392320044,3019.011,0.0,15.7,"[{""usdt"": 10696050.0, ""borsa"": 3, ""fiyat"": 63875.0, ""kaynak"": ""BNB+BYB+OKX""}, {""usdt"": 9876507.0, ""borsa"": 3, ""fiyat"": 63850.0, ""kaynak"": ""BNB+BYB+OKX""}, {""usdt"": 7493238.0, ""borsa"": 1, ""fiyat"": 63800.0, ""kaynak"": ""BNB""}]","[{""usdt"": 15329813.0, ""borsa"": 3, ""fiyat"": 63900.0, ""kaynak"": ""BNB+BYB+OKX""}, {""usdt"": 8860820.0, ""borsa"": 1, ""fiyat"": 64000.0, ""kaynak"": ""BNB""}, {""usdt"": 7109918.0, ""borsa"": 1, ""fiyat"": 63950.0, ""kaynak"": ""BNB""}]",YOK,0.0753,-0.0705,,,false,,false,,0,0,3,0,0,3,20.8,21.9,IZLE,,25,63917.9,,,,,SEVIYE,50,339.2,34,,,,,,,,,0,,20,950.1,19,,,
30255,2026-07-28 21:32:45.312156+00,63882.649999999994,-566907.1901740989,-22457.659,11716544712.116299,0.00006802599999999999,42112008.194859974,0.0,16.2,BEKLE,false,0.0,0.0,1.7345,905.432,48423347.63270007,3079.257,0.0,16.2,"[{""usdt"": 11870146.0, ""borsa"": 3, ""fiyat"": 63850.0, ""kaynak"": ""BNB+BYB+OKX""}, {""usdt"": 8666605.0, ""borsa"": 3, ""fiyat"": 63875.0, ""kaynak"": ""BNB+BYB+OKX""}, {""usdt"": 7227585.0, ""borsa"": 1, ""fiyat"": 63775.0, ""kaynak"": ""BNB""}]","[{""usdt"": 15151556.0, ""borsa"": 3, ""fiyat"": 63900.0, ""kaynak"": ""BNB+BYB+OKX""}, {""usdt"": 8898116.0, ""borsa"": 1, ""fiyat"": 64000.0, ""kaynak"": ""BNB""}, {""usdt"": 7605427.0, ""borsa"": 1, ""fiyat"": 63950.0, ""kaynak"": ""BNB""}]",YOK,0.0916,-0.0697,,,false,,false,,0,0,3,1,0,3,17.2,18.3,IZLE,,25,63917.9,,,,,SEVIYE,50,340.2,34,,,,,,,,,0,,20,951.1,19,,,
30256,2026-07-28 21:33:45.693122+00,63882.649999999994,-574024.8947859989,-22450.070000000007,11716692539.155499,0.00006802599999999999,38975942.160979964,0.0,3.3,BEKLE,,0.0,0.0,1.7345,966.119,48962246.43029004,3139.944,3.3,0.0,"[{""usdt"": 10902313.0, ""borsa"": 3, ""fiyat"": 63850.0, ""kaynak"": ""BNB+BYB+OKX""}, {""usdt"": 7580559.0, ""borsa"": 3, ""fiyat"": 63875.0, ""kaynak"": ""BNB+BYB+OKX""}, {""usdt"": 6959398.0, ""borsa"": 1, ""fiyat"": 63800.0, ""kaynak"": ""BNB""}]","[{""usdt"": 16394636.0, ""borsa"": 3, ""fiyat"": 63900.0, ""kaynak"": ""BNB+BYB+OKX""}, {""usdt"": 8559887.0, ""borsa"": 1, ""fiyat"": 64000.0, ""kaynak"": ""BNB""}, {""usdt"": 7627855.0, ""borsa"": 1, ""fiyat"": 63950.0, ""kaynak"": ""BNB""}]",YOK,0.0889,-0.1136,,,false,,false,,0,0,3,0,1,3,14,15.1,IZLE,,25,63917.9,,,,,SEVIYE,50,341.2,35,,,,,,,,,0,,22,952.1,21,,,
30257,2026-07-28 21:34:45.966824+00,63898.25,-595896.182988999,-76252.33,11715862233.216,0.00006802599999999999,40572693.357039966,0.0,13.6,BEKLE,true,0.0,0.0,1.7345,1026.47,46763318.49458006,3200.295,13.6,0.0,"[{""usdt"": 13589521.0, ""borsa"": 3, ""fiyat"": 63850.0, ""kaynak"": ""BNB+BYB+OKX""}, {""usdt"": 7276623.0, ""borsa"": 1, ""fiyat"": 63800.0, ""kaynak"": ""BNB""}, {""usdt"": 5732475.0, ""borsa"": 1, ""fiyat"": 63825.0, ""kaynak"": ""BNB""}]","[{""usdt"": 12748158.0, ""borsa"": 3, ""fiyat"": 63900.0, ""kaynak"": ""BNB+BYB+OKX""}, {""usdt"": 8101054.0, ""borsa"": 1, ""fiyat"": 64000.0, ""kaynak"": ""BNB""}, {""usdt"": 7313434.0, ""borsa"": 1, ""fiyat"": 63950.0, ""kaynak"": ""BNB""}]",YOK,0.0575,-0.0709,,,false,,false,,0,0,3,0,0,3,10.5,11.6,IZLE,,25,63917.9,,,,,SEVIYE,50,342.2,35,,,,,,,,,0,,22,953.1,21,,,
30258,2026-07-28 21:35:46.476268+00,63986.55,749923.3178828009,213.8769999999994,11728183408.086,0.00006802599999999999,46599336.76089998,0.0,4.1,BEKLE,,0.0,0.0,1.733,0,57581839.160809994,3260.613,0.0,4.1,"[{""usdt"": 11826931.0, ""borsa"": 3, ""fiyat"": 63975.0, ""kaynak"": ""BNB+BYB+OKX""}, {""usdt"": 11457675.0, ""borsa"": 3, ""fiyat"": 63950.0, ""kaynak"": ""BNB+BYB+OKX""}, {""usdt"": 6372263.0, ""borsa"": 1, ""fiyat"": 63850.0, ""kaynak"": ""BNB""}]","[{""usdt"": 18282590.0, ""borsa"": 3, ""fiyat"": 64000.0, ""kaynak"": ""BNB+BYB+OKX""}, {""usdt"": 13271133.0, ""borsa"": 1, ""fiyat"": 64100.0, ""kaynak"": ""BNB""}, {""usdt"": 8993167.0, ""borsa"": 1, ""fiyat"": 64050.0, ""kaynak"": ""BNB""}]",YOK,0.1459,-0.1054,0.9704,6.1756,false,,false,,2,0,3,1,1,3,7,8.1,IZLE,,25,63982.8,,,,,SEVIYE,60,954.1,96,,,,,,,,,0,,22,954.1,21,,,
30259,2026-07-28 21:36:46.842878+00,63994.149999999994,1782908.392941099,-423235.88099999994,11736171226.3414,0.00006802599999999999,43305656.631710045,61271.2253,26.1,BEKLE,true,0.0,61271.2253,1.733,60.436,46874433.99160998,60.436,26.1,0.0,"[{""usdt"": 14192820.0, ""borsa"": 3, ""fiyat"": 63975.0, ""kaynak"": ""BNB+BYB+OKX""}, {""usdt"": 7126157.0, ""borsa"": 2, ""fiyat"": 63950.0, ""kaynak"": ""BNB+BYB""}, {""usdt"": 6614142.0, ""borsa"": 1, ""fiyat"": 63900.0, ""kaynak"": ""BNB""}]","[{""usdt"": 13147959.0, ""borsa"": 1, ""fiyat"": 64100.0, ""kaynak"": ""BNB""}, {""usdt"": 9200535.0, ""borsa"": 3, ""fiyat"": 64025.0, ""kaynak"": ""BNB+BYB+OKX""}, {""usdt"": 7795141.0, ""borsa"": 1, ""fiyat"": 64075.0, ""kaynak"": ""BNB""}]",SPOT,0.1617,-0.0396,0.7733,2.6047,false,,false,,1,0,3,1,0,3,3.6,4.7,IZLE,,25,63982.8,,,,,SEVIYE,60,955.1,96,,,,,,,1785274560,2,0,,22,955.1,21,,,
30260,2026-07-28 21:37:47.070348+00,63958.05,1529314.0656451997,740475.621,11722854754.914001,0.00006802599999999999,43072423.21531,70191.12019999999,24.9,BEKLE,false,0.0,70191.12019999999,1.733,0,45146365.04471002,120.81,0.0,24.9,"[{""usdt"": 9076309.0, ""borsa"": 2, ""fiyat"": 63975.0, ""kaynak"": ""BYB+OKX""}, {""usdt"": 7284309.0, ""borsa"": 1, ""fiyat"": 63875.0, ""kaynak"": ""BNB""}, {""usdt"": 6294026.0, ""borsa"": 1, ""fiyat"": 63925.0, ""kaynak"": ""BNB""}]","[{""usdt"": 11367666.0, ""borsa"": 3, ""fiyat"": 64025.0, ""kaynak"": ""BNB+BYB+OKX""}, {""usdt"": 8999262.0, ""borsa"": 3, ""fiyat"": 64000.0, ""kaynak"": ""BNB+BYB+OKX""}, {""usdt"": 7868313.0, ""borsa"": 1, ""fiyat"": 64075.0, ""kaynak"": ""BNB""}]",SPOT,0.1617,-0.0235,0.62,1.5529,false,,false,,1,0,3,1,0,3,63.9,62.5,IZLE,,25,63982.8,,,,,SEVIYE,60,956.1,96,,,,,,,1785274560,2,0,,22,956.1,21,,,
30261,2026-07-28 21:38:47.424464+00,63970.05,1544089.955746999,753718.203,11724211379.7076,0.00006802599999999999,40928073.88306001,70191.12019999999,27.7,BEKLE,false,0.0,70191.12019999999,1.733,60.262,44488576.08451001,181.072,0.0,27.7,"[{""usdt"": 9822116.0, ""borsa"": 3, ""fiyat"": 63925.0, ""kaynak"": ""BNB+BYB+OKX""}, {""usdt"": 8346723.0, ""borsa"": 3, ""fiyat"": 63950.0, ""kaynak"": ""BNB+BYB+OKX""}, {""usdt"": 7284309.0, ""borsa"": 1, ""fiyat"": 63875.0, ""kaynak"": ""BNB""}]","[{""usdt"": 11608725.0, ""borsa"": 3, ""fiyat"": 63975.0, ""kaynak"": ""BNB+BYB+OKX""}, {""usdt"": 7868313.0, ""borsa"": 1, ""fiyat"": 64075.0, ""kaynak"": ""BNB""}, {""usdt"": 6887825.0, ""borsa"": 1, ""fiyat"": 64050.0, ""kaynak"": ""BNB""}]",YOK,0.0945,-0.0417,0.6184,1.7769,false,,false,,0,0,3,1,0,3,60.2,61.4,IZLE,,25,63982.8,,,,,SEVIYE,60,957.1,96,,,,,,,1785274560,2,1,,22,957.1,21,,,
30262,2026-07-28 21:39:47.713683+00,63979.95,1386039.0973725973,677334.96,11724070560.658798,0.00006802599999999999,37907113.70932001,70191.12019999999,33.1,BEKLE,false,0.0,70191.12019999999,1.733,120.566,51941328.011560015,241.376,0.0,33.1,"[{""usdt"": 12593746.0, ""borsa"": 3, ""fiyat"": 63950.0, ""kaynak"": ""BNB+BYB+OKX""}, {""usdt"": 7087603.0, ""borsa"": 1, ""fiyat"": 63875.0, ""kaynak"": ""BNB""}, {""usdt"": 6631878.0, ""borsa"": 1, ""fiyat"": 63900.0, ""kaynak"": ""BNB""}]","[{""usdt"": 13565437.0, ""borsa"": 3, ""fiyat"": 64000.0, ""kaynak"": ""BNB+BYB+OKX""}, {""usdt"": 8746759.0, ""borsa"": 1, ""fiyat"": 64075.0, ""kaynak"": ""BNB""}, {""usdt"": 7827158.0, ""borsa"": 1, ""fiyat"": 64100.0, ""kaynak"": ""BNB""}]",YOK,0.1033,-0.1562,0.6097,1.7496,false,,false,1.8867,0,0,3,0,1,3,56.7,57.7,IZLE,,25,63982.8,,,,,SEVIYE,60,958.1,96,,,,,,,1785274560,2,2,,22,958.1,21,,,
30263,2026-07-28 21:40:48.071426+00,63971.95,1499326.6842756975,838589.6209999999,11723057641.4889,0.00006802599999999999,42382203.57874997,69487.1862,56.1,BEKLE,false,0.0,69487.1862,1.733,180.872,53562799.03609996,301.682,0.0,56.1,"[{""usdt"": 9619194.0, ""borsa"": 3, ""fiyat"": 63950.0, ""kaynak"": ""BNB+BYB+OKX""}, {""usdt"": 8396586.0, ""borsa"": 3, ""fiyat"": 63975.0, ""kaynak"": ""BNB+BYB+OKX""}, {""usdt"": 7075725.0, ""borsa"": 1, ""fiyat"": 63925.0, ""kaynak"": ""BNB""}]","[{""usdt"": 15884689.0, ""borsa"": 3, ""fiyat"": 64000.0, ""kaynak"": ""BNB+BYB+OKX""}, {""usdt"": 12791225.0, ""borsa"": 1, ""fiyat"": 64100.0, ""kaynak"": ""BNB""}, {""usdt"": 9567546.0, ""borsa"": 1, ""fiyat"": 64050.0, ""kaynak"": ""BNB""}]",YOK,0.1201,-0.1165,0.3468,0.4697,false,,false,0.9871,1,0,3,0,2,3,53.1,54.2,IZLE,,25,63982.8,,,,,SEVIYE,60,959.1,96,,,,,,,1785274560,2,0,,22,959.1,21,,,
30264,2026-07-28 21:41:48.434343+00,63999.95,2148375.494544498,1544521.535,11726611360.7762,0.00006802599999999999,38561963.249989964,191.9778,65.1,BEKLE,true,191.9778,0.0,1.733,241.273,48434738.29871996,362.083,0.0,65.1,"[{""usdt"": 11391755.0, ""borsa"": 3, ""fiyat"": 63950.0, ""kaynak"": ""BNB+BYB+OKX""}, {""usdt"": 7500944.0, ""borsa"": 1, ""fiyat"": 63900.0, ""kaynak"": ""BNB""}, {""usdt"": 6391012.0, ""borsa"": 1, ""fiyat"": 63875.0, ""kaynak"": ""BNB""}]","[{""usdt"": 10963678.0, ""borsa"": 3, ""fiyat"": 64000.0, ""kaynak"": ""BNB+BYB+OKX""}, {""usdt"": 10329344.0, ""borsa"": 1, ""fiyat"": 64100.0, ""kaynak"": ""BNB""}, {""usdt"": 8557859.0, ""borsa"": 1, ""fiyat"": 64075.0, ""kaynak"": ""BNB""}]",YOK,0.1157,-0.1135,0.0993,0.1096,false,,false,2.0335,2,0,3,0,0,3,49.6,50.7,IZLE,,25,63982.8,,,,,SEVIYE,60,960.1,96,,,,,,,1785274860,1,0,,22,960.1,21,,,
30265,2026-07-28 21:42:49.21015+00,64000.45,2347656.6994098965,1557103.173,11727912523.2864,0.00006802599999999999,38202631.93971996,192.0015,46.1,BEKLE,,192.0015,0.0,1.7337,0,51028540.873410046,422.402,0.0,46.1,"[{""usdt"": 9662735.0, ""borsa"": 3, ""fiyat"": 63975.0, ""kaynak"": ""BNB+BYB+OKX""}, {""usdt"": 7622091.0, ""borsa"": 1, ""fiyat"": 63900.0, ""kaynak"": ""BNB""}, {""usdt"": 6549946.0, ""borsa"": 1, ""fiyat"": 63925.0, ""kaynak"": ""BNB""}]","[{""usdt"": 15032419.0, ""borsa"": 1, ""fiyat"": 64100.0, ""kaynak"": ""BNB""}, {""usdt"": 12795366.0, ""borsa"": 3, ""fiyat"": 64025.0, ""kaynak"": ""BNB+BYB+OKX""}, {""usdt"": 8784427.0, ""borsa"": 1, ""fiyat"": 64075.0, ""kaynak"": ""BNB""}]",SPOT,0.1971,-0.1437,0.3731,1.3445,false,,false,1.8758,2,0,3,1,1,3,46.1,47.2,IZLE,,25,63982.8,,,,,SEVIYE,60,961.2,96,,,,,,,1785274860,1,0,,22,961.2,21,,,
30266,2026-07-28 21:43:49.428435+00,64007.649999999994,2347656.6994098965,1557103.173,11727912523.2864,0.00006802599999999999,43198238.75138,192.0015,47.2,BEKLE,true,192.0015,0.0,1.7337,60.762,53332428.218400076,483.164,0.0,47.2,"[{""usdt"": 11276485.0, ""borsa"": 3, ""fiyat"": 63975.0, ""kaynak"": ""BNB+BYB+OKX""}, {""usdt"": 8854872.0, ""borsa"": 1, ""fiyat"": 63925.0, ""kaynak"": ""BNB""}, {""usdt"": 8396050.0, ""borsa"": 1, ""fiyat"": 63900.0, ""kaynak"": ""BNB""}]","[{""usdt"": 16502563.0, ""borsa"": 1, ""fiyat"": 64100.0, ""kaynak"": ""BNB""}, {""usdt"": 15576446.0, ""borsa"": 3, ""fiyat"": 64025.0, ""kaynak"": ""BNB+BYB+OKX""}, {""usdt"": 9007724.0, ""borsa"": 1, ""fiyat"": 64075.0, ""kaynak"": ""BNB""}]",SPOT,0.1854,-0.105,0.3724,1.2116,false,,false,2.0483,2,0,3,0,1,3,42.4,43.4,IZLE,,25,63982.8,,,,,SEVIYE,60,962.2,97,,,,,,,1785274860,1,0,,21,892.1,20,,,
30267,2026-07-28 21:44:49.963889+00,64009.95,2522830.4085411965,1489415.26,11730600549.6806,0.00006802599999999999,43779057.03387,192.0015,46.9,BEKLE,true,192.0015,0.0,1.7337,120.993,50527638.10733004,543.395,0.0,46.9,"[{""usdt"": 11949673.0, ""borsa"": 3, ""fiyat"": 64000.0, ""kaynak"": ""BNB+BYB+OKX""}, {""usdt"": 8418144.0, ""borsa"": 1, ""fiyat"": 63925.0, ""kaynak"": ""BNB""}, {""usdt"": 7507472.0, ""borsa"": 1, ""fiyat"": 63900.0, ""kaynak"": ""BNB""}]","[{""usdt"": 16193380.0, ""borsa"": 1, ""fiyat"": 64100.0, ""kaynak"": ""BNB""}, {""usdt"": 14029364.0, ""borsa"": 3, ""fiyat"": 64025.0, ""kaynak"": ""BNB+BYB+OKX""}, {""usdt"": 9376069.0, ""borsa"": 1, ""fiyat"": 64050.0, ""kaynak"": ""BNB""}]",SPOT,0.2141,-0.0716,0.4537,0.8324,false,,false,2.1398,2,0,3,0,1,3,38.7,39.8,IZLE,,25,63982.8,,,,,SEVIYE,60,963.2,97,,,,,,,1785274860,1,1,,21,893.1,20,,,
30268,2026-07-28 21:45:50.357454+00,64010.649999999994,2778494.4238800965,2385029.4230000004,11732150991.8014,0.00006802599999999999,44065601.74285998,192.0015,60.2,BEKLE,true,192.0015,0.0,1.7337,181.57,48686748.71722,603.972,0.0,60.2,"[{""usdt"": 14118808.0, ""borsa"": 3, ""fiyat"": 64000.0, ""kaynak"": ""BNB+BYB+OKX""}, {""usdt"": 8461452.0, ""borsa"": 1, ""fiyat"": 63925.0, ""kaynak"": ""BNB""}, {""usdt"": 7063926.0, ""borsa"": 1, ""fiyat"": 63975.0, ""kaynak"": ""BNB""}]","[{""usdt"": 13998462.0, ""borsa"": 1, ""fiyat"": 64100.0, ""kaynak"": ""BNB""}, {""usdt"": 9165798.0, ""borsa"": 3, ""fiyat"": 64025.0, ""kaynak"": ""BNB+BYB+OKX""}, {""usdt"": 9134062.0, ""borsa"": 3, ""fiyat"": 64050.0, ""kaynak"": ""BNB+BYB+OKX""}]",SPOT,0.1808,-0.0498,0.3292,0.6925,false,,false,3.154,2,0,3,1,0,3,35.4,36.5,IZLE,,25,63982.8,,,,,SEVIYE,60,964.2,97,,,,,,,1785274860,1,2,,21,894.1,20,,,
30269,2026-07-28 21:46:50.627146+00,64016.95,3219946.074440497,3143172.8120000004,11733174733.2408,0.00006802599999999999,45089782.95165999,75884.22350000001,57.9,BEKLE,true,192.0015,75692.22200000001,1.7337,120.966,49481820.661429964,664.361,0.0,57.9,"[{""usdt"": 11624083.0, ""borsa"": 3, ""fiyat"": 63975.0, ""kaynak"": ""BNB+BYB+OKX""}, {""usdt"": 8754198.0, ""borsa"": 1, ""fiyat"": 63925.0, ""kaynak"": ""BNB""}, {""usdt"": 7136334.0, ""borsa"": 1, ""fiyat"": 63950.0, ""kaynak"": ""BNB""}]","[{""usdt"": 16255755.0, ""borsa"": 1, ""fiyat"": 64100.0, ""kaynak"": ""BNB""}, {""usdt"": 14427650.0, ""borsa"": 3, ""fiyat"": 64025.0, ""kaynak"": ""BNB+BYB+OKX""}, {""usdt"": 7125310.0, ""borsa"": 1, ""fiyat"": 64050.0, ""kaynak"": ""BNB""}]",YOK,0.1425,-0.0464,0.2845,0.3137,false,,false,,1,0,3,0,1,3,32,33,IZLE,,25,63982.8,,,,,SEVIYE,60,965.2,97,PCT,0.53,10.048863440000765,0.05097432005500724,false,0.385,1785275100,3,0,,21,895.1,20,,,
30270,2026-07-28 21:47:52.155606+00,63999.95,3078238.617913397,3094291.4699999997,11732724792.090302,0.00006802599999999999,40701817.61132002,75697.342,55.4,BEKLE,true,0.0,75697.342,1.7337,182.327,47330235.174440004,725.722,0.0,55.4,"[{""usdt"": 11270636.0, ""borsa"": 3, ""fiyat"": 64000.0, ""kaynak"": ""BNB+BYB+OKX""}, {""usdt"": 7923181.0, ""borsa"": 3, ""fiyat"": 63975.0, ""kaynak"": ""BNB+BYB+OKX""}, {""usdt"": 7798832.0, ""borsa"": 1, ""fiyat"": 63900.0, ""kaynak"": ""BNB""}]","[{""usdt"": 14064315.0, ""borsa"": 1, ""fiyat"": 64100.0, ""kaynak"": ""BNB""}, {""usdt"": 9801490.0, ""borsa"": 3, ""fiyat"": 64050.0, ""kaynak"": ""BNB+BYB+OKX""}, {""usdt"": 8579875.0, ""borsa"": 3, ""fiyat"": 64025.0, ""kaynak"": ""BNB+BYB+OKX""}]",SPOT,0.1678,-0.0753,0.2199,0.0105,false,,false,,2,0,3,1,0,3,29.5,30.6,IZLE,,25,63982.8,,,,,SEVIYE,60,966.2,97,,,,,,,1785275100,3,0,,21,896.1,20,,,
30271,2026-07-28 21:48:52.473439+00,63999.45,2837023.211596597,2920950.969,11731193882.7928,0.00006802599999999999,43312187.571770005,75697.342,54.2,BEKLE,true,0.0,75697.342,1.7337,60.402,50636356.77236003,786.124,0.0,54.2,"[{""usdt"": 10523250.0, ""borsa"": 3, ""fiyat"": 64000.0, ""kaynak"": ""BNB+BYB+OKX""}, {""usdt"": 8770139.0, ""borsa"": 1, ""fiyat"": 63900.0, ""kaynak"": ""BNB""}, {""usdt"": 8605149.0, ""borsa"": 1, ""fiyat"": 63925.0, ""kaynak"": ""BNB""}]","[{""usdt"": 15542634.0, ""borsa"": 1, ""fiyat"": 64100.0, ""kaynak"": ""BNB""}, {""usdt"": 11915998.0, ""borsa"": 3, ""fiyat"": 64025.0, ""kaynak"": ""BNB+BYB+OKX""}, {""usdt"": 9214922.0, ""borsa"": 1, ""fiyat"": 64075.0, ""kaynak"": ""BNB""}]",SPOT,0.1941,-0.078,0.1755,0.2044,false,,false,,2,0,3,0,0,3,25.2,26.7,IZLE,,25,63982.8,,,,,SEVIYE,60,967.2,97,,,,,,,1785275100,3,1,,21,897.1,20,,,
30272,2026-07-28 21:49:52.743047+00,64001.75,2724546.640645697,2945134.069,11729990574.5274,0.00006802599999999999,46721688.89659999,75697.342,60.0,BEKLE,true,0.0,75697.342,1.7337,120.76,51632503.234640025,846.482,0.0,60.0,"[{""usdt"": 9292008.0, ""borsa"": 3, ""fiyat"": 64000.0, ""kaynak"": ""BNB+BYB+OKX""}, {""usdt"": 8996081.0, ""borsa"": 1, ""fiyat"": 63900.0, ""kaynak"": ""BNB""}, {""usdt"": 8818973.0, ""borsa"": 1, ""fiyat"": 63925.0, ""kaynak"": ""BNB""}]","[{""usdt"": 16136886.0, ""borsa"": 1, ""fiyat"": 64100.0, ""kaynak"": ""BNB""}, {""usdt"": 14827906.0, ""borsa"": 3, ""fiyat"": 64025.0, ""kaynak"": ""BNB+BYB+OKX""}, {""usdt"": 9847565.0, ""borsa"": 1, ""fiyat"": 64050.0, ""kaynak"": ""BNB""}]",SPOT,0.1632,-0.0499,0.076,0.2146,false,,false,,2,0,3,0,0,3,21.7,22.7,IZLE,,25,63982.8,,,,,SEVIYE,60,968.2,97,,,,,,,1785275100,3,2,,21,898.1,20,,,
30273,2026-07-28 21:50:53.015434+00,64010.25,2771012.708229295,3061741.2300000004,11731930355.506401,0.00006802599999999999,43854518.59230001,75697.342,52.5,BEKLE,true,0.0,75697.342,1.7337,180.939,50680569.012830034,906.661,0.0,52.5,"[{""usdt"": 10356840.0, ""borsa"": 3, ""fiyat"": 64000.0, ""kaynak"": ""BNB+BYB+OKX""}, {""usdt"": 8781339.0, ""borsa"": 3, ""fiyat"": 63975.0, ""kaynak"": ""BNB+BYB+OKX""}, {""usdt"": 8092460.0, ""borsa"": 1, ""fiyat"": 63900.0, ""kaynak"": ""BNB""}]","[{""usdt"": 17428389.0, ""borsa"": 1, ""fiyat"": 64100.0, ""kaynak"": ""BNB""}, {""usdt"": 10802971.0, ""borsa"": 3, ""fiyat"": 64050.0, ""kaynak"": ""BNB+BYB+OKX""}, {""usdt"": 10320140.0, ""borsa"": 3, ""fiyat"": 64025.0, ""kaynak"": ""BNB+BYB+OKX""}]",SPOT,0.1512,-0.0722,0.0065,0.0242,true,0,false,,2,0,3,0,0,3,18,19.1,HAZIRLAN,LONG,50,63982.8,64056.9,65000,63975.9,28.81,SEVIYE+EMILIM,60,969.2,97,,,,,,,1785275100,3,3,1.36,21,899.1,20,,,
30274,2026-07-28 21:51:53.297358+00,63999.95,1098073.1257840965,2008510.071,11732919813.6924,0.00006802599999999999,43956577.58017998,0.0,54.1,BEKLE,false,0.0,0.0,1.7337,241.227,53035423.935250014,966.949,54.1,0.0,"[{""usdt"": 12373295.0, ""borsa"": 3, ""fiyat"": 63975.0, ""kaynak"": ""BNB+BYB+OKX""}, {""usdt"": 9238758.0, ""borsa"": 1, ""fiyat"": 63900.0, ""kaynak"": ""BNB""}, {""usdt"": 6778392.0, ""borsa"": 1, ""fiyat"": 63925.0, ""kaynak"": ""BNB""}]","[{""usdt"": 15629695.0, ""borsa"": 3, ""fiyat"": 64025.0, ""kaynak"": ""BNB+BYB+OKX""}, {""usdt"": 15329490.0, ""borsa"": 1, ""fiyat"": 64100.0, ""kaynak"": ""BNB""}, {""usdt"": 9063118.0, ""borsa"": 1, ""fiyat"": 64075.0, ""kaynak"": ""BNB""}]",YOK,0.1495,-0.0936,0.5259,0.2928,false,,false,,2,0,3,0,1,3,14.4,15.5,IZLE,,25,63982.8,,,,,SEVIYE,60,970.2,97,,,,,,,,,0,,21,900.1,20,,,
30275,2026-07-28 21:52:53.522532+00,63990.05,1082839.4629615967,1875781.5380000002,11731828381.9645,0.00006802599999999999,43064948.045929976,0.0,59.4,BEKLE,true,0.0,0.0,1.7337,301.511,51552304.755660005,1027.233,59.4,0.0,"[{""usdt"": 12939727.0, ""borsa"": 3, ""fiyat"": 63975.0, ""kaynak"": ""BNB+BYB+OKX""}, {""usdt"": 9893534.0, ""borsa"": 1, ""fiyat"": 63900.0, ""kaynak"": ""BNB""}, {""usdt"": 7021949.0, ""borsa"": 2, ""fiyat"": 63950.0, ""kaynak"": ""BNB+BYB""}]","[{""usdt"": 16627427.0, ""borsa"": 1, ""fiyat"": 64100.0, ""kaynak"": ""BNB""}, {""usdt"": 10577177.0, ""borsa"": 3, ""fiyat"": 64000.0, ""kaynak"": ""BNB+BYB+OKX""}, {""usdt"": 8270942.0, ""borsa"": 1, ""fiyat"": 64075.0, ""kaynak"": ""BNB""}]",YOK,0.0998,-0.0897,0.4928,0.1699,true,0.3166,false,,1,0,3,0,0,3,10.9,12,IZLE,,25,63982.8,,,,,SEVIYE,60,971.2,97,,,,,,,,,0,,21,901.1,20,,,
30276,2026-07-28 21:53:53.870918+00,63993.05,910797.0852081963,1872770.2959999999,11728990475.197899,0.00006802599999999999,44475402.846239984,0.0,56.4,BEKLE,false,0.0,0.0,1.7337,361.749,53287216.83712999,1087.471,56.4,0.0,"[{""usdt"": 12472415.0, ""borsa"": 3, ""fiyat"": 63975.0, ""kaynak"": ""BNB+BYB+OKX""}, {""usdt"": 8987189.0, ""borsa"": 3, ""fiyat"": 63950.0, ""kaynak"": ""BNB+BYB+OKX""}, {""usdt"": 8562593.0, ""borsa"": 1, ""fiyat"": 63925.0, ""kaynak"": ""BNB""}]","[{""usdt"": 13580077.0, ""borsa"": 1, ""fiyat"": 64100.0, ""kaynak"": ""BNB""}, {""usdt"": 11142913.0, ""borsa"": 3, ""fiyat"": 64025.0, ""kaynak"": ""BNB+BYB+OKX""}, {""usdt"": 10469658.0, ""borsa"": 1, ""fiyat"": 64075.0, ""kaynak"": ""BNB""}]",YOK,0.0644,-0.0901,0.5216,0.1216,true,0.255,false,,1,1,3,1,1,3,7.3,8.4,IZLE,,25,63982.8,,,,,SEVIYE,60,972.2,98,,,,,,,,,0,,21,902.1,20,,,
30277,2026-07-28 21:54:54.215228+00,63992.55,900626.1810615951,701924.0580000001,11733411108.597599,0.00006802599999999999,43340989.18188998,0.0,81.9,BEKLE,false,0.0,0.0,1.7337,422.102,55488313.40162002,1147.824,81.9,0.0,"[{""usdt"": 13611112.0, ""borsa"": 3, ""fiyat"": 63975.0, ""kaynak"": ""BNB+BYB+OKX""}, {""usdt"": 9004656.0, ""borsa"": 1, ""fiyat"": 63900.0, ""kaynak"": ""BNB""}, {""usdt"": 6692324.0, ""borsa"": 1, ""fiyat"": 63950.0, ""kaynak"": ""BNB""}]","[{""usdt"": 14661984.0, ""borsa"": 1, ""fiyat"": 64100.0, ""kaynak"": ""BNB""}, {""usdt"": 12502639.0, ""borsa"": 3, ""fiyat"": 64025.0, ""kaynak"": ""BNB+BYB+OKX""}, {""usdt"": 11242962.0, ""borsa"": 3, ""fiyat"": 64000.0, ""kaynak"": ""BNB+BYB+OKX""}]",YOK,0.1093,-0.1229,0.3254,0.1152,true,0.2593,false,,1,0,3,1,1,3,3.8,4.9,IZLE,,25,63982.8,,,,,SEVIYE,60,973.2,98,,,,,,,,,0,,21,903.1,20,,,
30278,2026-07-28 21:55:54.408206+00,63992.55,-460351.12303630414,-783076.4479999999,11729663102.411,0.00006802599999999999,42299272.717690006,0.0,79.2,BEKLE,false,0.0,0.0,1.7337,301.486,53418748.68832002,1208.147,79.2,0.0,"[{""usdt"": 14011532.0, ""borsa"": 3, ""fiyat"": 63975.0, ""kaynak"": ""BNB+BYB+OKX""}, {""usdt"": 7287979.0, ""borsa"": 1, ""fiyat"": 63925.0, ""kaynak"": ""BNB""}, {""usdt"": 7088957.0, ""borsa"": 1, ""fiyat"": 63950.0, ""kaynak"": ""BNB""}]","[{""usdt"": 15450968.0, ""borsa"": 1, ""fiyat"": 64100.0, ""kaynak"": ""BNB""}, {""usdt"": 11134622.0, ""borsa"": 3, ""fiyat"": 64000.0, ""kaynak"": ""BNB+BYB+OKX""}, {""usdt"": 10010041.0, ""borsa"": 3, ""fiyat"": 64025.0, ""kaynak"": ""BNB+BYB+OKX""}]",YOK,0.1093,-0.1162,0.3327,0.1279,false,2.332,false,,1,0,3,1,1,3,64.1,62.4,IZLE,,25,63982.8,,,,,SEVIYE,60,974.2,98,,,,,,,,,0,,21,904.1,20,,,
30279,2026-07-28 21:56:54.706291+00,63986.149999999994,-485037.95956170413,-828080.3799999997,11729354824.7249,0.00006802599999999999,41567990.98764,0.0,75.3,BEKLE,false,0.0,0.0,1.7337,361.663,57536103.07374001,1268.324,75.3,0.0,"[{""usdt"": 13496004.0, ""borsa"": 3, ""fiyat"": 63975.0, ""kaynak"": ""BNB+BYB+OKX""}, {""usdt"": 7287979.0, ""borsa"": 1, ""fiyat"": 63925.0, ""kaynak"": ""BNB""}, {""usdt"": 7088957.0, ""borsa"": 1, ""fiyat"": 63950.0, ""kaynak"": ""BNB""}]","[{""usdt"": 15450968.0, ""borsa"": 1, ""fiyat"": 64100.0, ""kaynak"": ""BNB""}, {""usdt"": 14039196.0, ""borsa"": 3, ""fiyat"": 64025.0, ""kaynak"": ""BNB+BYB+OKX""}, {""usdt"": 11222821.0, ""borsa"": 3, ""fiyat"": 64000.0, ""kaynak"": ""BNB+BYB+OKX""}]",YOK,0.099,-0.1611,0.2487,0.1522,false,2.6174,false,,0,0,3,0,2,3,60,61,IZLE,,25,63982.8,,,,,SEVIYE,60,975.2,98,,,,,,,,,0,,21,905.2,20,,,
30280,2026-07-28 21:57:55.017095+00,63989.25,-551977.6677779041,338842.357,11728984299.7969,0.00006802599999999999,44605627.541340016,0.0,73.7,BEKLE,false,0.0,0.0,1.7337,422.013,56721160.606559984,1328.674,73.7,0.0,"[{""usdt"": 12489385.0, ""borsa"": 3, ""fiyat"": 63975.0, ""kaynak"": ""BNB+BYB+OKX""}, {""usdt"": 9269899.0, ""borsa"": 3, ""fiyat"": 63950.0, ""kaynak"": ""BNB+BYB+OKX""}, {""usdt"": 7478468.0, ""borsa"": 1, ""fiyat"": 63900.0, ""kaynak"": ""BNB""}]","[{""usdt"": 17670910.0, ""borsa"": 3, ""fiyat"": 64000.0, ""kaynak"": ""BNB+BYB+OKX""}, {""usdt"": 13290808.0, ""borsa"": 1, ""fiyat"": 64100.0, ""kaynak"": ""BNB""}, {""usdt"": 10118164.0, ""borsa"": 1, ""fiyat"": 64050.0, ""kaynak"": ""BNB""}]",YOK,0.0704,-0.1196,0.3869,0.0133,false,1.6275,false,,1,0,3,0,2,3,56.4,57.5,IZLE,,25,63982.8,,,,,SEVIYE,60,976.2,98,,,,,,,,,0,,21,906.2,20,,,
30281,2026-07-28 21:58:55.229737+00,63992.05,-167972.29573640384,376919.979,11733237623.644001,0.00006802599999999999,44570593.36206998,0.0,70.2,BEKLE,false,0.0,0.0,1.7337,482.307,60732702.12611999,1388.968,70.2,0.0,"[{""usdt"": 13504803.0, ""borsa"": 3, ""fiyat"": 63975.0, ""kaynak"": ""BNB+BYB+OKX""}, {""usdt"": 8879673.0, ""borsa"": 1, ""fiyat"": 63900.0, ""kaynak"": ""BNB""}, {""usdt"": 7214113.0, ""borsa"": 1, ""fiyat"": 63950.0, ""kaynak"": ""BNB""}]","[{""usdt"": 15498134.0, ""borsa"": 3, ""fiyat"": 64000.0, ""kaynak"": ""BNB+BYB+OKX""}, {""usdt"": 14669398.0, ""borsa"": 1, ""fiyat"": 64100.0, ""kaynak"": ""BNB""}, {""usdt"": 13581658.0, ""borsa"": 3, ""fiyat"": 64025.0, ""kaynak"": ""BNB+BYB+OKX""}]",YOK,0.0873,-0.1535,0.2996,0.0195,false,1.528,false,,0,0,3,0,2,3,52.9,54,IZLE,,25,63982.8,,,,,SEVIYE,60,977.3,98,,,,,,,,,0,,21,907.2,20,,,
30282,2026-07-28 21:59:55.568374+00,63951.45,-841855.0628628038,220706.02500000002,11729590026.475101,0.00006802599999999999,43205061.19253002,0.0,32.9,BEKLE,true,0.0,0.0,1.7337,482.181,51769340.09598998,1449.13,32.9,0.0,"[{""usdt"": 13863727.0, ""borsa"": 3, ""fiyat"": 63950.0, ""kaynak"": ""BNB+BYB+OKX""}, {""usdt"": 9373047.0, ""borsa"": 1, ""fiyat"": 63925.0, ""kaynak"": ""BNB""}, {""usdt"": 7081538.0, ""borsa"": 3, ""fiyat"": 63975.0, ""kaynak"": ""BNB+BYB+OKX""}]","[{""usdt"": 17812265.0, ""borsa"": 1, ""fiyat"": 64100.0, ""kaynak"": ""BNB""}, {""usdt"": 9141804.0, ""borsa"": 3, ""fiyat"": 64000.0, ""kaynak"": ""BNB+BYB+OKX""}, {""usdt"": 8095936.0, ""borsa"": 1, ""fiyat"": 64050.0, ""kaynak"": ""BNB""}]",YOK,0.1053,-0.0902,0.6823,1.1298,false,2.5295,false,,1,0,3,0,0,3,49.3,50.3,IZLE,,25,63982.8,,,,,SEVIYE,60,978.3,98,,,,,,,,,0,,21,908.2,20,,,
30283,2026-07-28 22:00:55.864582+00,63886.350000000006,-1274713.6295628017,-895866.3989999999,11725965375.2994,0.00006802599999999999,43052333.31906996,0.0,13.3,BEKLE,true,0.0,0.0,1.7337,0,41580735.43324999,1509.535,13.3,0.0,"[{""usdt"": 12373285.0, ""borsa"": 3, ""fiyat"": 63925.0, ""kaynak"": ""BNB+BYB+OKX""}, {""usdt"": 8064794.0, ""borsa"": 1, ""fiyat"": 63900.0, ""kaynak"": ""BNB""}, {""usdt"": 7124261.0, ""borsa"": 1, ""fiyat"": 63875.0, ""kaynak"": ""BNB""}]","[{""usdt"": 8230493.0, ""borsa"": 1, ""fiyat"": 64050.0, ""kaynak"": ""BNB""}, {""usdt"": 8084701.0, ""borsa"": 3, ""fiyat"": 63975.0, ""kaynak"": ""BNB+BYB+OKX""}, {""usdt"": 7296256.0, ""borsa"": 1, ""fiyat"": 64000.0, ""kaynak"": ""BNB""}]",YOK,0.0438,0.0174,0.8107,7.4214,false,6.9599,false,,1,1,3,0,0,3,45.4,46.5,IZLE,,25,63917.9,,,,,SEVIYE,50,368.4,37,,,,,,,,,0,,21,909.2,20,,,
30284,2026-07-28 22:01:57.051083+00,63887.55,-1212219.760453702,-1034929.605,11709435997.3782,0.00006802599999999999,44770968.27057005,0.0,18.1,BEKLE,true,0.0,0.0,1.7337,0,49713347.93433001,0,18.1,0.0,"[{""usdt"": 13897937.0, ""borsa"": 3, ""fiyat"": 63900.0, ""kaynak"": ""BNB+BYB+OKX""}, {""usdt"": 8195883.0, ""borsa"": 1, ""fiyat"": 63825.0, ""kaynak"": ""BNB""}, {""usdt"": 8117432.0, ""borsa"": 1, ""fiyat"": 63850.0, ""kaynak"": ""BNB""}]","[{""usdt"": 17448647.0, ""borsa"": 3, ""fiyat"": 63925.0, ""kaynak"": ""BNB+BYB+OKX""}, {""usdt"": 9859047.0, ""borsa"": 1, ""fiyat"": 63975.0, ""kaynak"": ""BNB""}, {""usdt"": 6910010.0, ""borsa"": 1, ""fiyat"": 64000.0, ""kaynak"": ""BNB""}]",YOK,-0.0321,-0.0523,0.6759,6.4339,false,7.2775,false,,0,1,3,0,1,3,42.5,43.6,IZLE,,25,63917.9,,,,,SEVIYE,50,369.4,37,,,,,,,,,0,,21,910.2,20,,,
30285,2026-07-28 22:02:57.499012+00,63935.95,-1489574.8633232028,-1098039.655,11707328114.757801,0.00006802599999999999,45518559.35197003,127.7752,44.8,BEKLE,true,0.0,127.7752,1.7337,60.262,51574675.47010999,60.262,44.8,0.0,"[{""usdt"": 10335460.0, ""borsa"": 3, ""fiyat"": 63875.0, ""kaynak"": ""BNB+BYB+OKX""}, {""usdt"": 9540128.0, ""borsa"": 3, ""fiyat"": 63900.0, ""kaynak"": ""BNB+BYB+OKX""}, {""usdt"": 8899690.0, ""borsa"": 1, ""fiyat"": 63800.0, ""kaynak"": ""BNB""}]","[{""usdt"": 17387341.0, ""borsa"": 3, ""fiyat"": 63925.0, ""kaynak"": ""BNB+BYB+OKX""}, {""usdt"": 9038098.0, ""borsa"": 1, ""fiyat"": 63975.0, ""kaynak"": ""BNB""}, {""usdt"": 8670177.0, ""borsa"": 1, ""fiyat"": 64000.0, ""kaynak"": ""BNB""}]",YOK,-0.0083,-0.0624,0.2791,1.1137,false,7.1704,false,,0,1,3,0,2,3,38.9,40,IZLE,,25,63917.9,,,,,SEVIYE,50,370.4,37,,,,,,,1785276060,1,0,,21,911.2,20,,,
30286,2026-07-28 22:03:58.017035+00,63971.25,-976469.1840336022,-994189.5689999999,11715553947.7156,0.00006802599999999999,46705252.19920001,127.7752,47.8,BEKLE,false,0.0,127.7752,1.73,0,53751038.36204001,0,47.8,0.0,"[{""usdt"": 10302036.0, ""borsa"": 3, ""fiyat"": 63950.0, ""kaynak"": ""BNB+BYB+OKX""}, {""usdt"": 9714408.0, ""borsa"": 3, ""fiyat"": 63925.0, ""kaynak"": ""BNB+BYB+OKX""}, {""usdt"": 8471132.0, ""borsa"": 1, ""fiyat"": 63875.0, ""kaynak"": ""BNB""}]","[{""usdt"": 15478905.0, ""borsa"": 3, ""fiyat"": 63975.0, ""kaynak"": ""BNB+BYB+OKX""}, {""usdt"": 9066807.0, ""borsa"": 1, ""fiyat"": 64000.0, ""kaynak"": ""BNB""}, {""usdt"": 8459522.0, ""borsa"": 1, ""fiyat"": 64025.0, ""kaynak"": ""BNB""}]",YOK,0.0131,-0.0701,0.2613,0.4772,false,5.2758,false,,1,1,3,0,1,3,35.6,36.7,IZLE,,25,63982.8,,,,,SEVIYE,60,982.3,99,,,,,,,1785276060,1,1,,22,982.3,21,,,
30287,2026-07-28 22:04:58.284185+00,63981.95,-768280.1766493018,-984066.965,11719493472.0978,0.00006802599999999999,42935849.91251996,127.7752,36.2,BEKLE,false,0.0,127.7752,1.73,0,61613252.74109997,60.402,36.2,0.0,"[{""usdt"": 11412325.0, ""borsa"": 3, ""fiyat"": 63950.0, ""kaynak"": ""BNB+BYB+OKX""}, {""usdt"": 8940211.0, ""borsa"": 1, ""fiyat"": 63900.0, ""kaynak"": ""BNB""}, {""usdt"": 6008563.0, ""borsa"": 1, ""fiyat"": 63925.0, ""kaynak"": ""BNB""}]","[{""usdt"": 17034669.0, ""borsa"": 3, ""fiyat"": 64000.0, ""kaynak"": ""BNB+BYB+OKX""}, {""usdt"": 11794205.0, ""borsa"": 1, ""fiyat"": 64075.0, ""kaynak"": ""BNB""}, {""usdt"": 9492564.0, ""borsa"": 3, ""fiyat"": 63975.0, ""kaynak"": ""BNB+BYB+OKX""}]",YOK,0.109,-0.1786,0.0353,1.0406,false,,false,,1,0,3,0,3,3,32.2,33.3,IZLE,,25,63982.8,,,,,SEVIYE,60,983.3,99,,,,,,,1785276060,1,2,,22,983.3,21,,,
30288,2026-07-28 22:05:58.551609+00,63988.649999999994,-353916.9101814002,-841653.5329999999,11719371772.694302,0.00006802599999999999,44636376.37373997,127.7752,7.6,BEKLE,,0.0,127.7752,1.73,60.21,57042870.39864998,120.612,0.0,7.6,"[{""usdt"": 10022095.0, ""borsa"": 3, ""fiyat"": 63950.0, ""kaynak"": ""BNB+BYB+OKX""}, {""usdt"": 9791129.0, ""borsa"": 3, ""fiyat"": 63975.0, ""kaynak"": ""BNB+BYB+OKX""}, {""usdt"": 9096820.0, ""borsa"": 1, ""fiyat"": 63900.0, ""kaynak"": ""BNB""}]","[{""usdt"": 16137403.0, ""borsa"": 3, ""fiyat"": 64000.0, ""kaynak"": ""BNB+BYB+OKX""}, {""usdt"": 12129075.0, ""borsa"": 1, ""fiyat"": 64100.0, ""kaynak"": ""BNB""}, {""usdt"": 11398456.0, ""borsa"": 1, ""fiyat"": 64075.0, ""kaynak"": ""BNB""}]",YOK,0.0963,-0.122,0.9106,7.1947,false,,false,,1,0,3,0,1,3,28.5,29.6,IZLE,,25,63982.8,,,,,SEVIYE,60,984.3,99,,,,,,,1785276060,1,3,,22,984.3,21,,,
30289,2026-07-28 22:06:58.913686+00,63967.55,-719634.3999540001,-878655.3049999998,11717803481.2403,0.00006802599999999999,45529798.758699946,10428.2021,15.2,BEKLE,true,0.0,10428.2021,1.73,120.521,55763186.346099935,180.923,0.0,15.2,"[{""usdt"": 14704575.0, ""borsa"": 3, ""fiyat"": 63950.0, ""kaynak"": ""BNB+BYB+OKX""}, {""usdt"": 8897206.0, ""borsa"": 1, ""fiyat"": 63900.0, ""kaynak"": ""BNB""}, {""usdt"": 8356985.0, ""borsa"": 2, ""fiyat"": 63925.0, ""kaynak"": ""BNB+BYB""}]","[{""usdt"": 14742687.0, ""borsa"": 3, ""fiyat"": 63975.0, ""kaynak"": ""BNB+BYB+OKX""}, {""usdt"": 11450185.0, ""borsa"": 3, ""fiyat"": 64000.0, ""kaynak"": ""BNB+BYB+OKX""}, {""usdt"": 9727111.0, ""borsa"": 1, ""fiyat"": 64050.0, ""kaynak"": ""BNB""}]",YOK,0.0789,-0.101,0.654,7.554,false,,false,0,0,0,3,1,1,3,25,26.1,IZLE,,25,63982.8,,,,,SEVIYE,60,985.3,99,,,,,,,1785276300,1,0,,22,985.3,21,,,
30290,2026-07-28 22:07:59.136017+00,63993.149999999994,-808783.9436706001,-910660.0559999999,11719883106.1642,0.00006802599999999999,46970376.75194995,10428.2021,19.1,BEKLE,true,0.0,10428.2021,1.73,180.89,55672674.240739934,241.292,0.0,19.1,"[{""usdt"": 9566681.0, ""borsa"": 1, ""fiyat"": 63900.0, ""kaynak"": ""BNB""}, {""usdt"": 9543704.0, ""borsa"": 3, ""fiyat"": 63950.0, ""kaynak"": ""BNB+BYB+OKX""}, {""usdt"": 9387708.0, ""borsa"": 3, ""fiyat"": 63975.0, ""kaynak"": ""BNB+BYB+OKX""}]","[{""usdt"": 21633061.0, ""borsa"": 3, ""fiyat"": 64000.0, ""kaynak"": ""BNB+BYB+OKX""}, {""usdt"": 9939567.0, ""borsa"": 1, ""fiyat"": 64050.0, ""kaynak"": ""BNB""}, {""usdt"": 7435338.0, ""borsa"": 1, ""fiyat"": 64025.0, ""kaynak"": ""BNB""}]",YOK,0.0712,-0.0848,0.6854,4.0925,false,,false,0,0,0,3,0,1,3,21.5,22.6,IZLE,,25,63982.8,,,,,SEVIYE,60,986.3,99,,,,,,,1785276300,1,1,,22,986.3,21,,,
30291,2026-07-28 22:08:59.378718+00,63992.75,-1179727.6999814005,-876051.0239999999,11721064662.6137,0.00006802599999999999,44934630.126909934,12539.766500000002,19.3,BEKLE,true,0.0,12539.766500000002,1.73,120.503,57632639.42361,301.426,0.0,19.3,"[{""usdt"": 14504644.0, ""borsa"": 3, ""fiyat"": 63975.0, ""kaynak"": ""BNB+BYB+OKX""}, {""usdt"": 7405683.0, ""borsa"": 1, ""fiyat"": 63925.0, ""kaynak"": ""BNB""}, {""usdt"": 6940516.0, ""borsa"": 1, ""fiyat"": 63875.0, ""kaynak"": ""BNB""}]","[{""usdt"": 16996072.0, ""borsa"": 3, ""fiyat"": 64000.0, ""kaynak"": ""BNB+BYB+OKX""}, {""usdt"": 13042665.0, ""borsa"": 1, ""fiyat"": 64100.0, ""kaynak"": ""BNB""}, {""usdt"": 11785169.0, ""borsa"": 1, ""fiyat"": 64050.0, ""kaynak"": ""BNB""}]",YOK,0.1306,-0.1238,,,false,,false,0,1,0,3,0,2,3,17.5,18.6,IZLE,,25,63982.8,,,,,SEVIYE,60,987.3,99,,,,,,,1785276420,2,0,,22,987.3,21,,,
30292,2026-07-28 22:09:59.656104+00,63955.25,-1323551.499214201,-923566.2569999999,11718120065.7201,0.00006802599999999999,42939139.943320006,12539.766500000002,16.6,BEKLE,true,0.0,12539.766500000002,1.73,60.29,48792039.747429974,361.716,0.0,16.6,"[{""usdt"": 11871741.0, ""borsa"": 3, ""fiyat"": 63925.0, ""kaynak"": ""BNB+BYB+OKX""}, {""usdt"": 8936535.0, ""borsa"": 1, ""fiyat"": 63875.0, ""kaynak"": ""BNB""}, {""usdt"": 8291914.0, ""borsa"": 1, ""fiyat"": 63850.0, ""kaynak"": ""BNB""}]","[{""usdt"": 10216636.0, ""borsa"": 1, ""fiyat"": 64050.0, ""kaynak"": ""BNB""}, {""usdt"": 10201943.0, ""borsa"": 3, ""fiyat"": 63975.0, ""kaynak"": ""BNB+BYB+OKX""}, {""usdt"": 8329230.0, ""borsa"": 1, ""fiyat"": 64025.0, ""kaynak"": ""BNB""}]",YOK,0.0557,-0.0638,0.8463,2.8896,false,,true,0,1,0,3,0,0,3,13.9,15,IZLE,,25,63982.8,,,,,SEVIYE,60,988.3,99,,,,,,,1785276420,2,1,,22,988.3,21,,,
30293,2026-07-28 22:10:59.92283+00,63931.649999999994,-349781.2136487018,12391.217999999997,11716433552.9194,0.00006802599999999999,43904845.349649996,2111.5644,44.9,BEKLE,,0.0,2111.5644,1.73,60.342,45971505.31859999,422.058,0.0,44.9,"[{""usdt"": 12908795.0, ""borsa"": 3, ""fiyat"": 63900.0, ""kaynak"": ""BNB+BYB+OKX""}, {""usdt"": 9041143.0, ""borsa"": 1, ""fiyat"": 63850.0, ""kaynak"": ""BNB""}, {""usdt"": 7810045.0, ""borsa"": 1, ""fiyat"": 63875.0, ""kaynak"": ""BNB""}]","[{""usdt"": 11724348.0, ""borsa"": 3, ""fiyat"": 63950.0, ""kaynak"": ""BNB+BYB+OKX""}, {""usdt"": 8807359.0, ""borsa"": 1, ""fiyat"": 64000.0, ""kaynak"": ""BNB""}, {""usdt"": 8022755.0, ""borsa"": 1, ""fiyat"": 64050.0, ""kaynak"": ""BNB""}]",YOK,0.0215,-0.023,0.0029,2.834,false,,true,0.4814,0,0,3,0,0,3,10.4,11.5,IZLE,,25,63917.9,,,,,SEVIYE,50,378.4,38,,,,,,,1785276420,1,0,,22,989.3,21,,,
30294,2026-07-28 22:12:00.368254+00,63979.45,-136322.62829830163,96069.10800000001,11721626947.7061,0.00006802599999999999,46205359.36877999,2111.5644,57.8,BEKLE,true,0.0,2111.5644,1.7293,0,60499659.13359996,482.254,0.0,57.8,"[{""usdt"": 13561457.0, ""borsa"": 3, ""fiyat"": 63950.0, ""kaynak"": ""BNB+BYB+OKX""}, {""usdt"": 8915736.0, ""borsa"": 1, ""fiyat"": 63900.0, ""kaynak"": ""BNB""}, {""usdt"": 7775905.0, ""borsa"": 1, ""fiyat"": 63875.0, ""kaynak"": ""BNB""}]","[{""usdt"": 20368200.0, ""borsa"": 3, ""fiyat"": 64000.0, ""kaynak"": ""BNB+BYB+OKX""}, {""usdt"": 11348755.0, ""borsa"": 1, ""fiyat"": 64050.0, ""kaynak"": ""BNB""}, {""usdt"": 10152328.0, ""borsa"": 1, ""fiyat"": 64100.0, ""kaynak"": ""BNB""}]",YOK,0.0706,-0.134,0.2641,0.3827,false,,false,0.0817,0,0,3,0,2,3,6.8,7.9,IZLE,,25,63982.8,,,,,SEVIYE,60,990.3,99,,,,,,,1785276420,1,1,,22,990.3,21,,,
30295,2026-07-28 22:13:00.848949+00,63981.350000000006,-130576.7186758017,-21345.225999999995,11722156274.489601,0.00006802599999999999,44366826.63613998,0.0,60.9,BEKLE,true,0.0,0.0,1.7293,60.579,64020448.675839916,542.833,0.0,60.9,"[{""usdt"": 12447568.0, ""borsa"": 3, ""fiyat"": 63950.0, ""kaynak"": ""BNB+BYB+OKX""}, {""usdt"": 9422404.0, ""borsa"": 1, ""fiyat"": 63900.0, ""kaynak"": ""BNB""}, {""usdt"": 6902828.0, ""borsa"": 1, ""fiyat"": 63875.0, ""kaynak"": ""BNB""}]","[{""usdt"": 19757615.0, ""borsa"": 3, ""fiyat"": 64000.0, ""kaynak"": ""BNB+BYB+OKX""}, {""usdt"": 12293036.0, ""borsa"": 1, ""fiyat"": 64075.0, ""kaynak"": ""BNB""}, {""usdt"": 10342897.0, ""borsa"": 1, ""fiyat"": 64100.0, ""kaynak"": ""BNB""}]",YOK,0.0387,-0.1813,0.3138,0.3877,false,,false,0.0074,0,1,3,0,3,3,3.5,4.6,IZLE,,25,63982.8,,,,,SEVIYE,60,991.3,99,,,,,,,,,0,,22,991.3,21,,,
30296,2026-07-28 22:14:01.099615+00,63950.05,-228657.7201403015,-68458.29899999998,11718280458.969799,0.00006802599999999999,45957605.36074,0.0,57.1,BEKLE,true,0.0,0.0,1.7293,120.996,52597588.990039974,603.25,0.0,57.1,"[{""usdt"": 9431560.0, ""borsa"": 1, ""fiyat"": 63875.0, ""kaynak"": ""BNB""}, {""usdt"": 8530422.0, ""borsa"": 1, ""fiyat"": 63850.0, ""kaynak"": ""BNB""}, {""usdt"": 7201985.0, ""borsa"": 3, ""fiyat"": 63950.0, ""kaynak"": ""BNB+BYB+OKX""}]","[{""usdt"": 19245964.0, ""borsa"": 3, ""fiyat"": 64000.0, ""kaynak"": ""BNB+BYB+OKX""}, {""usdt"": 9368081.0, ""borsa"": 1, ""fiyat"": 64050.0, ""kaynak"": ""BNB""}, {""usdt"": 8735703.0, ""borsa"": 3, ""fiyat"": 63975.0, ""kaynak"": ""BNB+BYB+OKX""}]",YOK,0.0061,-0.0674,0.4126,1.3264,false,,true,0.1184,0,1,3,0,2,3,63.5,62.5,IZLE,,25,63917.9,,,,,SEVIYE,50,381.5,39,,,,,,,,,0,,21,992.3,20,,,
30297,2026-07-28 22:15:01.406694+00,63968.95,-295467.1963036009,-36152.736999999994,11717972229.6026,0.00006802599999999999,46798979.457229994,0.0,44.8,BEKLE,true,0.0,0.0,1.7293,181.195,48224843.13794998,663.449,0.0,44.8,"[{""usdt"": 15342444.0, ""borsa"": 3, ""fiyat"": 63925.0, ""kaynak"": ""BNB+BYB+OKX""}, {""usdt"": 9431560.0, ""borsa"": 1, ""fiyat"": 63875.0, ""kaynak"": ""BNB""}, {""usdt"": 8530422.0, ""borsa"": 1, ""fiyat"": 63850.0, ""kaynak"": ""BNB""}]","[{""usdt"": 9368081.0, ""borsa"": 1, ""fiyat"": 64050.0, ""kaynak"": ""BNB""}, {""usdt"": 9221793.0, ""borsa"": 3, ""fiyat"": 63975.0, ""kaynak"": ""BNB+BYB+OKX""}, {""usdt"": 8999296.0, ""borsa"": 3, ""fiyat"": 63950.0, ""kaynak"": ""BNB+BYB+OKX""}]",YOK,0.0378,-0.015,0.4087,0.3901,false,,false,0.4484,1,0,3,0,0,3,60.2,61.3,IZLE,,25,63982.8,,,,,SEVIYE,60,993.4,100,,,,,,,,,0,,21,993.4,20,,,
30298,2026-07-28 22:16:01.804678+00,63994.75,-617284.6510685999,-57214.375,11720346440.496,0.00006802599999999999,48159333.84771998,0.0,16.6,BEKLE,false,0.0,0.0,1.7293,120.565,51534174.75855997,723.815,16.6,0.0,"[{""usdt"": 11364474.0, ""borsa"": 3, ""fiyat"": 63950.0, ""kaynak"": ""BNB+BYB+OKX""}, {""usdt"": 8705815.0, ""borsa"": 1, ""fiyat"": 63875.0, ""kaynak"": ""BNB""}, {""usdt"": 8325054.0, ""borsa"": 3, ""fiyat"": 63975.0, ""kaynak"": ""BNB+BYB+OKX""}]","[{""usdt"": 19264712.0, ""borsa"": 3, ""fiyat"": 64000.0, ""kaynak"": ""BNB+BYB+OKX""}, {""usdt"": 9716884.0, ""borsa"": 1, ""fiyat"": 64025.0, ""kaynak"": ""BNB""}, {""usdt"": 9530937.0, ""borsa"": 1, ""fiyat"": 64050.0, ""kaynak"": ""BNB""}]",YOK,0.1033,-0.0339,,,false,,false,0.3045,1,0,3,0,0,3,56.7,57.8,IZLE,,25,63982.8,,,,,SEVIYE,60,994.4,100,,,,,,,,,0,,21,994.4,20,,,
30299,2026-07-28 22:17:03.376902+00,63990.45,-351226.2010234995,-25815.973,11720632104.767899,0.00006802599999999999,45681578.00618,0.0,21.3,BEKLE,false,0.0,0.0,1.7293,61.712,59077034.08257997,785.527,21.3,0.0,"[{""usdt"": 10435333.0, ""borsa"": 3, ""fiyat"": 63950.0, ""kaynak"": ""BNB+BYB+OKX""}, {""usdt"": 8956690.0, ""borsa"": 3, ""fiyat"": 63975.0, ""kaynak"": ""BNB+BYB+OKX""}, {""usdt"": 8410464.0, ""borsa"": 1, ""fiyat"": 63900.0, ""kaynak"": ""BNB""}]","[{""usdt"": 18965223.0, ""borsa"": 3, ""fiyat"": 64000.0, ""kaynak"": ""BNB+BYB+OKX""}, {""usdt"": 12777855.0, ""borsa"": 1, ""fiyat"": 64100.0, ""kaynak"": ""BNB""}, {""usdt"": 9526719.0, ""borsa"": 1, ""fiyat"": 64050.0, ""kaynak"": ""BNB""}]",YOK,0.0792,-0.1279,,,false,,false,0.3228,1,0,3,0,2,3,54.5,55.6,IZLE,,25,63982.8,,,,,SEVIYE,60,995.4,100,,,,,,,,,0,,21,995.4,20,,,
30300,2026-07-28 22:18:03.67492+00,63970.05,-356573.91825489944,-2814.117,11719537093.317799,0.00006802599999999999,45916684.06070002,5630.107999999999,9.2,BEKLE,,0.0,5630.107999999999,1.7293,60.194,60363904.73587,845.721,0.0,9.2,"[{""usdt"": 17599614.0, ""borsa"": 3, ""fiyat"": 63950.0, ""kaynak"": ""BNB+BYB+OKX""}, {""usdt"": 7888897.0, ""borsa"": 1, ""fiyat"": 63900.0, ""kaynak"": ""BNB""}, {""usdt"": 7541059.0, ""borsa"": 1, ""fiyat"": 63925.0, ""kaynak"": ""BNB""}]","[{""usdt"": 15289410.0, ""borsa"": 1, ""fiyat"": 64100.0, ""kaynak"": ""BNB""}, {""usdt"": 11763669.0, ""borsa"": 3, ""fiyat"": 64000.0, ""kaynak"": ""BNB+BYB+OKX""}, {""usdt"": 10807325.0, ""borsa"": 1, ""fiyat"": 64050.0, ""kaynak"": ""BNB""}]",YOK,0.0617,-0.1359,,,false,,false,0.257,0,0,3,0,1,3,50.3,51.4,IZLE,,25,63982.8,,,,,SEVIYE,60,996.4,100,,,,,,,1785277020,1,0,,21,996.4,20,,,
30301,2026-07-28 22:19:03.948879+00,63966.350000000006,-750959.3103492992,-127710.605,11717107094.3244,0.00006802599999999999,45357278.025520004,5629.368799999999,13.9,BEKLE,false,0.0,5629.368799999999,1.7278,0,52493365.98108,906.057,13.9,0.0,"[{""usdt"": 13377940.0, ""borsa"": 3, ""fiyat"": 63925.0, ""kaynak"": ""BNB+BYB+OKX""}, {""usdt"": 9873289.0, ""borsa"": 1, ""fiyat"": 63875.0, ""kaynak"": ""BNB""}, {""usdt"": 8442273.0, ""borsa"": 1, ""fiyat"": 63850.0, ""kaynak"": ""BNB""}]","[{""usdt"": 12011137.0, ""borsa"": 3, ""fiyat"": 63950.0, ""kaynak"": ""BNB+BYB+OKX""}, {""usdt"": 10471391.0, ""borsa"": 3, ""fiyat"": 63975.0, ""kaynak"": ""BNB+BYB+OKX""}, {""usdt"": 8148961.0, ""borsa"": 1, ""fiyat"": 64000.0, ""kaynak"": ""BNB""}]",YOK,0.0551,-0.0729,0.8402,1.8786,false,,false,0.1718,1,0,3,0,2,3,46.8,47.9,IZLE,,25,63982.8,,,,,SEVIYE,60,997.4,100,,,,,,,1785277020,1,0,,21,997.4,20,,,
30302,2026-07-28 22:20:04.147924+00,63955.55,-764421.7103926007,-136659.19399999996,11716857481.0368,0.00006802599999999999,42877715.512809984,5629.368799999999,17.4,BEKLE,false,0.0,5629.368799999999,1.7278,60.243,54525615.53478989,966.3,17.4,0.0,"[{""usdt"": 10462043.0, ""borsa"": 3, ""fiyat"": 63925.0, ""kaynak"": ""BNB+BYB+OKX""}, {""usdt"": 9136937.0, ""borsa"": 1, ""fiyat"": 63850.0, ""kaynak"": ""BNB""}, {""usdt"": 8851782.0, ""borsa"": 1, ""fiyat"": 63875.0, ""kaynak"": ""BNB""}]","[{""usdt"": 16626338.0, ""borsa"": 3, ""fiyat"": 63975.0, ""kaynak"": ""BNB+BYB+OKX""}, {""usdt"": 9275381.0, ""borsa"": 1, ""fiyat"": 64050.0, ""kaynak"": ""BNB""}, {""usdt"": 9175114.0, ""borsa"": 1, ""fiyat"": 64025.0, ""kaynak"": ""BNB""}]",YOK,0.0267,-0.1196,0.7357,1.5056,false,,true,0.171,0,1,3,0,2,3,43.2,44.3,IZLE,,25,63982.8,,,,,SEVIYE,60,998.4,100,,,,,,,1785277020,1,1,,21,998.4,20,,,
30303,2026-07-28 22:21:04.722351+00,63946.25,78944.5613666005,-115345.64199999999,11714932193.3914,0.00006802599999999999,44902786.84684001,5629.368799999999,10.0,BEKLE,false,0.0,5629.368799999999,1.7293,60.178,55240423.414750025,1026.478,10.0,0.0,"[{""usdt"": 11311074.0, ""borsa"": 3, ""fiyat"": 63925.0, ""kaynak"": ""BNB+BYB+OKX""}, {""usdt"": 8969057.0, ""borsa"": 1, ""fiyat"": 63850.0, ""kaynak"": ""BNB""}, {""usdt"": 8886693.0, ""borsa"": 1, ""fiyat"": 63875.0, ""kaynak"": ""BNB""}]","[{""usdt"": 20741715.0, ""borsa"": 3, ""fiyat"": 63950.0, ""kaynak"": ""BNB+BYB+OKX""}, {""usdt"": 10303275.0, ""borsa"": 1, ""fiyat"": 64050.0, ""kaynak"": ""BNB""}, {""usdt"": 8820873.0, ""borsa"": 1, ""fiyat"": 64000.0, ""kaynak"": ""BNB""}]",YOK,0.0273,-0.1032,0.8772,4.3748,false,,true,0.3043,0,0,3,0,2,3,39.6,40.6,IZLE,,25,63917.9,,,,,SEVIYE,50,388.5,39,,,,,,,1785277020,1,2,,21,999.4,20,,,
30304,2026-07-28 22:22:05.159387+00,63967.45,313395.4412133006,-79195.813,11717452808.2241,0.00006802599999999999,45446766.73178,5629.368799999999,10.2,BEKLE,false,0.0,5629.368799999999,1.7293,120.93,54763115.01449996,1087.23,10.2,0.0,"[{""usdt"": 13469449.0, ""borsa"": 3, ""fiyat"": 63950.0, ""kaynak"": ""BNB+BYB+OKX""}, {""usdt"": 8206913.0, ""borsa"": 1, ""fiyat"": 63850.0, ""kaynak"": ""BNB""}, {""usdt"": 8058916.0, ""borsa"": 1, ""fiyat"": 63900.0, ""kaynak"": ""BNB""}]","[{""usdt"": 16917578.0, ""borsa"": 3, ""fiyat"": 63975.0, ""kaynak"": ""BNB+BYB+OKX""}, {""usdt"": 10489353.0, ""borsa"": 1, ""fiyat"": 64050.0, ""kaynak"": ""BNB""}, {""usdt"": 9915986.0, ""borsa"": 3, ""fiyat"": 64000.0, ""kaynak"": ""BNB+BYB+OKX""}]",YOK,0.0337,-0.093,0.8813,2.1837,false,,false,1.1836,1,1,3,0,1,3,36.5,37.5,IZLE,,25,63982.8,,,,,SEVIYE,60,1000.4,100,,,,,,,1785277020,1,3,,21,1000.4,20,,,
30305,2026-07-28 22:23:05.411842+00,63963.850000000006,446642.4457027003,-55185.658,11717181071.2047,0.00006802599999999999,43983256.82570998,0.0,10.6,BEKLE,false,0.0,0.0,1.7293,181.266,54788115.73913991,1147.566,10.6,0.0,"[{""usdt"": 12772190.0, ""borsa"": 3, ""fiyat"": 63950.0, ""kaynak"": ""BNB+BYB+OKX""}, {""usdt"": 8256968.0, ""borsa"": 1, ""fiyat"": 63850.0, ""kaynak"": ""BNB""}, {""usdt"": 7927970.0, ""borsa"": 1, ""fiyat"": 63900.0, ""kaynak"": ""BNB""}]","[{""usdt"": 14826321.0, ""borsa"": 3, ""fiyat"": 63975.0, ""kaynak"": ""BNB+BYB+OKX""}, {""usdt"": 11427954.0, ""borsa"": 3, ""fiyat"": 64000.0, ""kaynak"": ""BNB+BYB+OKX""}, {""usdt"": 9657843.0, ""borsa"": 1, ""fiyat"": 64025.0, ""kaynak"": ""BNB""}]",YOK,0.0292,-0.1094,0.9027,0.4887,false,,false,1.6083,0,1,3,0,2,3,32.6,33.7,IZLE,,25,63982.8,,,,,SEVIYE,60,1001.4,101,,,,,,,,,0,,22,1001.4,21,,,
30306,2026-07-28 22:24:05.679776+00,63949.75,292085.19167650124,-55181.53400000001,11715137130.766201,0.00006802599999999999,43485553.37102999,0.0,13.9,BEKLE,true,0.0,0.0,1.7293,241.454,56436910.09266002,1207.754,0.0,13.9,"[{""usdt"": 12920847.0, ""borsa"": 3, ""fiyat"": 63925.0, ""kaynak"": ""BNB+BYB+OKX""}, {""usdt"": 9299948.0, ""borsa"": 1, ""fiyat"": 63850.0, ""kaynak"": ""BNB""}, {""usdt"": 8650175.0, ""borsa"": 1, ""fiyat"": 63875.0, ""kaynak"": ""BNB""}]","[{""usdt"": 17351029.0, ""borsa"": 3, ""fiyat"": 63950.0, ""kaynak"": ""BNB+BYB+OKX""}, {""usdt"": 10049077.0, ""borsa"": 1, ""fiyat"": 64000.0, ""kaynak"": ""BNB""}, {""usdt"": 9569886.0, ""borsa"": 1, ""fiyat"": 64050.0, ""kaynak"": ""BNB""}]",YOK,0.0188,-0.1296,0.8969,1.0012,false,,false,1.5439,0,0,3,0,2,3,29,30.1,IZLE,,25,63917.9,,,,,SEVIYE,50,391.5,40,,,,,,,,,0,,22,1002.4,21,,,
30307,2026-07-28 22:25:06.024348+00,63927.850000000006,-38406.92886249961,-104136.125,11710586029.92,0.00006802599999999999,47798654.21600998,0.0,8.2,BEKLE,,0.0,0.0,1.7293,0,47089585.55436996,1268.044,0.0,8.2,"[{""usdt"": 16196004.0, ""borsa"": 3, ""fiyat"": 63900.0, ""kaynak"": ""BNB+BYB+OKX""}, {""usdt"": 9544591.0, ""borsa"": 1, ""fiyat"": 63825.0, ""kaynak"": ""BNB""}, {""usdt"": 8063206.0, ""borsa"": 1, ""fiyat"": 63850.0, ""kaynak"": ""BNB""}]","[{""usdt"": 10104368.0, ""borsa"": 3, ""fiyat"": 63950.0, ""kaynak"": ""BNB+BYB+OKX""}, {""usdt"": 8983257.0, ""borsa"": 1, ""fiyat"": 64000.0, ""kaynak"": ""BNB""}, {""usdt"": 8782449.0, ""borsa"": 3, ""fiyat"": 63925.0, ""kaynak"": ""BNB+BYB+OKX""}]",YOK,-0.0108,0.0075,0.931,2.4921,false,,false,,0,1,3,1,1,3,25.4,26.5,IZLE,,25,63917.9,,,,,SEVIYE,50,392.5,40,,,,,,,,,0,,22,1003.4,21,,,
30308,2026-07-28 22:26:06.249414+00,63915.05,-38406.92886249961,-104136.125,11710586029.92,0.00006802599999999999,45721961.632580064,0.0,6.4,BEKLE,,0.0,0.0,1.7293,60.312,45460281.39437998,180.79,0.0,6.4,"[{""usdt"": 11909108.0, ""borsa"": 3, ""fiyat"": 63875.0, ""kaynak"": ""BNB+BYB+OKX""}, {""usdt"": 9953025.0, ""borsa"": 1, ""fiyat"": 63825.0, ""kaynak"": ""BNB""}, {""usdt"": 8325852.0, ""borsa"": 3, ""fiyat"": 63900.0, ""kaynak"": ""BNB+BYB+OKX""}]","[{""usdt"": 12206025.0, ""borsa"": 3, ""fiyat"": 63925.0, ""kaynak"": ""BNB+BYB+OKX""}, {""usdt"": 10200562.0, ""borsa"": 1, ""fiyat"": 63975.0, ""kaynak"": ""BNB""}, {""usdt"": 7260568.0, ""borsa"": 1, ""fiyat"": 63950.0, ""kaynak"": ""BNB""}]",YOK,-0.0083,0.0029,,,false,0.0513,false,,0,1,3,0,1,3,21.9,23,IZLE,,25,63917.9,,,,,SEVIYE,50,393.5,40,,,,,,,,,0,,22,1004.4,21,,,
30309,2026-07-28 22:27:06.543229+00,63906.25,-161486.44152289967,-61911.533,11708269435.0712,0.00006802599999999999,48940848.628270045,0.0,8.4,BEKLE,,0.0,0.0,1.7278,60.23,43309225.90968003,241.02,0.0,8.4,"[{""usdt"": 13626256.0, ""borsa"": 3, ""fiyat"": 63900.0, ""kaynak"": ""BNB+BYB+OKX""}, {""usdt"": 10255670.0, ""borsa"": 3, ""fiyat"": 63875.0, ""kaynak"": ""BNB+BYB+OKX""}, {""usdt"": 9535999.0, ""borsa"": 1, ""fiyat"": 63825.0, ""kaynak"": ""BNB""}]","[{""usdt"": 12926534.0, ""borsa"": 3, ""fiyat"": 63925.0, ""kaynak"": ""BNB+BYB+OKX""}, {""usdt"": 9596784.0, ""borsa"": 1, ""fiyat"": 63975.0, ""kaynak"": ""BNB""}, {""usdt"": 8879724.0, ""borsa"": 1, ""fiyat"": 64000.0, ""kaynak"": ""BNB""}]",YOK,0.0344,0.061,,,false,0.0145,false,,0,0,3,2,0,3,18.3,19.3,IZLE,,25,63917.9,,,,,SEVIYE,50,394.5,40,,,,,,,,,0,,22,1005.4,21,,,
30310,2026-07-28 22:28:06.850915+00,63906.25,-153082.5509817998,-63716.965,11706202944.3583,0.00006802599999999999,46605049.986060016,0.0,4.8,BEKLE,,0.0,0.0,1.7278,120.565,48175833.343310006,120.565,4.8,0.0,"[{""usdt"": 11262297.0, ""borsa"": 3, ""fiyat"": 63875.0, ""kaynak"": ""BNB+BYB+OKX""}, {""usdt"": 9744472.0, ""borsa"": 1, ""fiyat"": 63825.0, ""kaynak"": ""BNB""}, {""usdt"": 9255438.0, ""borsa"": 3, ""fiyat"": 63900.0, ""kaynak"": ""BNB+BYB+OKX""}]","[{""usdt"": 15740902.0, ""borsa"": 3, ""fiyat"": 63925.0, ""kaynak"": ""BNB+BYB+OKX""}, {""usdt"": 9187152.0, ""borsa"": 1, ""fiyat"": 63950.0, ""kaynak"": ""BNB""}, {""usdt"": 8663498.0, ""borsa"": 1, ""fiyat"": 64000.0, ""kaynak"": ""BNB""}]",YOK,0.0099,-0.0166,0.977,6.5824,false,0,false,,0,1,3,0,1,3,14.7,15.8,IZLE,,25,63917.9,,,,,SEVIYE,50,395.6,40,,,,,,,,,0,,22,1006.4,21,,,
30311,2026-07-28 22:29:07.096185+00,63893.45,-124258.21585939958,-60613.632,11705518501.534302,0.00006802599999999999,43554666.22364997,0.0,3.5,BEKLE,,0.0,0.0,1.7278,180.882,48866846.86646002,180.882,3.5,0.0,"[{""usdt"": 12068278.0, ""borsa"": 3, ""fiyat"": 63875.0, ""kaynak"": ""BNB+BYB+OKX""}, {""usdt"": 10229761.0, ""borsa"": 1, ""fiyat"": 63800.0, ""kaynak"": ""BNB""}, {""usdt"": 8590427.0, ""borsa"": 1, ""fiyat"": 63825.0, ""kaynak"": ""BNB""}]","[{""usdt"": 14593775.0, ""borsa"": 3, ""fiyat"": 63900.0, ""kaynak"": ""BNB+BYB+OKX""}, {""usdt"": 9412130.0, ""borsa"": 1, ""fiyat"": 63975.0, ""kaynak"": ""BNB""}, {""usdt"": 8354905.0, ""borsa"": 3, ""fiyat"": 63925.0, ""kaynak"": ""BNB+BYB+OKX""}]",YOK,-0.0368,-0.0575,,,false,0.0089,false,,1,1,3,0,2,3,11.2,12.2,IZLE,,25,63917.9,,,,,SEVIYE,50,396.6,40,,,,,,,,,0,,22,1007.5,21,,,
30312,2026-07-28 22:30:07.394304+00,63876.850000000006,-411831.6143557993,-68544.124,11702741977.014801,0.00006802599999999999,44449223.408039995,0.0,12.9,BEKLE,true,0.0,0.0,1.7278,241.115,52846494.75141998,60.233,0.0,12.9,"[{""usdt"": 10735932.0, ""borsa"": 3, ""fiyat"": 63850.0, ""kaynak"": ""BNB+BYB+OKX""}, {""usdt"": 10226658.0, ""borsa"": 3, ""fiyat"": 63875.0, ""kaynak"": ""BNB+BYB+OKX""}, {""usdt"": 9994068.0, ""borsa"": 1, ""fiyat"": 63800.0, ""kaynak"": ""BNB""}]","[{""usdt"": 14762640.0, ""borsa"": 3, ""fiyat"": 63900.0, ""kaynak"": ""BNB+BYB+OKX""}, {""usdt"": 10452032.0, ""borsa"": 1, ""fiyat"": 64000.0, ""kaynak"": ""BNB""}, {""usdt"": 9545199.0, ""borsa"": 1, ""fiyat"": 63950.0, ""kaynak"": ""BNB""}]",YOK,-0.0281,-0.0863,,,false,0.0026,false,,0,1,3,0,2,3,7.6,8.6,IZLE,,25,63844.7,,,,,SEVIYE,70,277.4,28,,,,,,,,,0,,22,1008.5,21,,,
30313,2026-07-28 22:31:07.661285+00,63855.649999999994,-1591390.7757761977,-107878.39199999999,11699283992.725899,0.00006802599999999999,47937360.00724001,0.0,3.1,BEKLE,,0.0,0.0,1.7278,0,49484445.09982,0,3.1,0.0,"[{""usdt"": 13260785.0, ""borsa"": 3, ""fiyat"": 63825.0, ""kaynak"": ""BNB+BYB+OKX""}, {""usdt"": 11313483.0, ""borsa"": 3, ""fiyat"": 63850.0, ""kaynak"": ""BNB+BYB+OKX""}, {""usdt"": 9352524.0, ""borsa"": 1, ""fiyat"": 63775.0, ""kaynak"": ""BNB""}]","[{""usdt"": 16022071.0, ""borsa"": 3, ""fiyat"": 63875.0, ""kaynak"": ""BNB+BYB+OKX""}, {""usdt"": 8341576.0, ""borsa"": 1, ""fiyat"": 63925.0, ""kaynak"": ""BNB""}, {""usdt"": 8334094.0, ""borsa"": 1, ""fiyat"": 63950.0, ""kaynak"": ""BNB""}]",YOK,-0.0511,-0.0159,0.996,2.6745,false,0.1231,false,,0,1,3,1,1,3,3.9,5,IZLE,,25,63844.7,,,,,SEVIYE,70,278.4,28,,,,,,,,,0,,22,1009.5,21,,,
30314,2026-07-28 22:32:08.447013+00,63868.25,-1700331.6332635966,-168004.01499999996,11703113461.1008,0.00006802599999999999,45530554.59683999,63.85530000000001,16.4,BEKLE,false,63.85530000000001,0.0,1.7278,60.81,49602237.48442,60.81,16.4,0.0,"[{""usdt"": 13228266.0, ""borsa"": 3, ""fiyat"": 63825.0, ""kaynak"": ""BNB+BYB+OKX""}, {""usdt"": 10075674.0, ""borsa"": 3, ""fiyat"": 63850.0, ""kaynak"": ""BNB+BYB+OKX""}, {""usdt"": 9633266.0, ""borsa"": 1, ""fiyat"": 63775.0, ""kaynak"": ""BNB""}]","[{""usdt"": 16264826.0, ""borsa"": 3, ""fiyat"": 63875.0, ""kaynak"": ""BNB+BYB+OKX""}, {""usdt"": 9648466.0, ""borsa"": 1, ""fiyat"": 63925.0, ""kaynak"": ""BNB""}, {""usdt"": 7610240.0, ""borsa"": 1, ""fiyat"": 63975.0, ""kaynak"": ""BNB""}]",YOK,-0.0647,-0.0428,0.8977,1.5564,false,0.1454,false,,0,1,3,1,1,3,63.7,63.2,IZLE,,25,63844.7,,,,,SEVIYE,70,279.4,28,,,,,,,1785277800,1,0,,22,1010.5,21,,,
30315,2026-07-28 22:33:08.681929+00,63855.25,-1763732.6515063953,-166491.20399999997,11700285647.014202,0.00006802599999999999,44215279.69360998,63.85530000000001,15.5,BEKLE,false,63.85530000000001,0.0,1.7278,121.038,50389181.619839996,121.038,15.5,0.0,"[{""usdt"": 13458514.0, ""borsa"": 3, ""fiyat"": 63850.0, ""kaynak"": ""BNB+BYB+OKX""}, {""usdt"": 9633266.0, ""borsa"": 1, ""fiyat"": 63775.0, ""kaynak"": ""BNB""}, {""usdt"": 8991967.0, ""borsa"": 1, ""fiyat"": 63800.0, ""kaynak"": ""BNB""}]","[{""usdt"": 17699625.0, ""borsa"": 3, ""fiyat"": 63875.0, ""kaynak"": ""BNB+BYB+OKX""}, {""usdt"": 9648466.0, ""borsa"": 1, ""fiyat"": 63925.0, ""kaynak"": ""BNB""}, {""usdt"": 7610240.0, ""borsa"": 1, ""fiyat"": 63975.0, ""kaynak"": ""BNB""}]",YOK,-0.0517,-0.0653,0.9106,1.8954,false,0.102,false,,0,1,3,0,1,3,61,62.1,IZLE,,25,63850.2,,,,,SEVIYE,70,280.4,29,,,,,,,1785277800,1,1,,21,1011.5,20,,,
30316,2026-07-28 22:34:08.958225+00,63839.05,-1704457.5734074968,-462152.5209999999,11695247377.242802,0.00006802599999999999,45330056.62754005,191.55990000000003,24.7,BEKLE,false,191.55990000000003,0.0,1.7255,120.461,57286843.12636004,0,24.7,0.0,"[{""usdt"": 16323722.0, ""borsa"": 3, ""fiyat"": 63825.0, ""kaynak"": ""BNB+BYB+OKX""}, {""usdt"": 9439453.0, ""borsa"": 1, ""fiyat"": 63775.0, ""kaynak"": ""BNB""}, {""usdt"": 8476896.0, ""borsa"": 1, ""fiyat"": 63750.0, ""kaynak"": ""BNB""}]","[{""usdt"": 13837641.0, ""borsa"": 3, ""fiyat"": 63850.0, ""kaynak"": ""BNB+BYB+OKX""}, {""usdt"": 12553366.0, ""borsa"": 3, ""fiyat"": 63875.0, ""kaynak"": ""BNB+BYB+OKX""}, {""usdt"": 9916921.0, ""borsa"": 1, ""fiyat"": 63900.0, ""kaynak"": ""BNB""}]",YOK,-0.0964,-0.1165,0.7189,1.6272,false,0.1476,false,,0,1,3,0,1,3,56.5,58,IZLE,,25,63850.2,,,,,SEVIYE,70,281.4,29,,,,,,,1785277920,2,0,,21,1012.5,20,,,
30317,2026-07-28 22:35:09.194228+00,63846.05,-1686200.4113104963,-186235.99099999995,11693831580.289398,0.00006802599999999999,49569267.7866601,191.55990000000003,19.5,BEKLE,false,191.55990000000003,0.0,1.7255,60.317,42687865.16506997,60.317,19.5,0.0,"[{""usdt"": 15053670.0, ""borsa"": 3, ""fiyat"": 63825.0, ""kaynak"": ""BNB+BYB+OKX""}, {""usdt"": 10081826.0, ""borsa"": 1, ""fiyat"": 63750.0, ""kaynak"": ""BNB""}, {""usdt"": 7756123.0, ""borsa"": 2, ""fiyat"": 63800.0, ""kaynak"": ""BNB+BYB""}]","[{""usdt"": 12036089.0, ""borsa"": 3, ""fiyat"": 63850.0, ""kaynak"": ""BNB+BYB+OKX""}, {""usdt"": 8035537.0, ""borsa"": 3, ""fiyat"": 63875.0, ""kaynak"": ""BNB+BYB+OKX""}, {""usdt"": 7720801.0, ""borsa"": 1, ""fiyat"": 63925.0, ""kaynak"": ""BNB""}]",YOK,-0.0611,0.0746,0.8756,1.3917,false,0.1919,false,,0,1,3,0,0,3,53,54,IZLE,,25,63850.2,,,,,SEVIYE,70,282.4,29,,,,,,,1785277920,2,1,,21,1013.5,20,,,
30318,2026-07-28 22:36:09.533378+00,63864.25,-1508600.4086051984,-96259.36399999999,11694208309.1624,0.00006802599999999999,47600035.14963007,127.70460000000001,5.4,BEKLE,,127.70460000000001,0.0,1.7255,120.525,53737610.242850035,120.525,0.0,5.4,"[{""usdt"": 16581897.0, ""borsa"": 3, ""fiyat"": 63825.0, ""kaynak"": ""BNB+BYB+OKX""}, {""usdt"": 11033674.0, ""borsa"": 1, ""fiyat"": 63750.0, ""kaynak"": ""BNB""}, {""usdt"": 7617172.0, ""borsa"": 1, ""fiyat"": 63800.0, ""kaynak"": ""BNB""}]","[{""usdt"": 17427557.0, ""borsa"": 3, ""fiyat"": 63850.0, ""kaynak"": ""BNB+BYB+OKX""}, {""usdt"": 12118824.0, ""borsa"": 3, ""fiyat"": 63875.0, ""kaynak"": ""BNB+BYB+OKX""}, {""usdt"": 9579882.0, ""borsa"": 1, ""fiyat"": 63900.0, ""kaynak"": ""BNB""}]",YOK,-0.0811,-0.0606,,,false,0.3166,false,,0,1,3,0,1,3,49.3,50.4,IZLE,,25,63850.2,,,,,SEVIYE,70,283.4,29,,,,,,,1785277920,1,0,,21,1014.5,20,,,
30319,2026-07-28 22:37:09.830541+00,63857.05,-1533685.832656798,19568.953999999983,11698378638.0295,0.00006802599999999999,45146255.882070005,127.70460000000001,25.5,BEKLE,true,127.70460000000001,0.0,1.7159,180.849,61372095.91747001,60.324,0.0,25.5,"[{""usdt"": 13249227.0, ""borsa"": 3, ""fiyat"": 63850.0, ""kaynak"": ""BNB+BYB+OKX""}, {""usdt"": 11137501.0, ""borsa"": 3, ""fiyat"": 63825.0, ""kaynak"": ""BNB+BYB+OKX""}, {""usdt"": 10065158.0, ""borsa"": 1, ""fiyat"": 63775.0, ""kaynak"": ""BNB""}]","[{""usdt"": 25380266.0, ""borsa"": 3, ""fiyat"": 63875.0, ""kaynak"": ""BNB+BYB+OKX""}, {""usdt"": 9113721.0, ""borsa"": 1, ""fiyat"": 63950.0, ""kaynak"": ""BNB""}, {""usdt"": 8646593.0, ""borsa"": 1, ""fiyat"": 63925.0, ""kaynak"": ""BNB""}]",YOK,-0.1166,-0.1523,,,false,0.3278,false,,0,1,3,0,2,3,45.8,46.9,IZLE,,25,63850.2,,,,,SEVIYE,70,284.4,29,,,,,,,1785277920,1,1,,21,1015.5,20,,,
30320,2026-07-28 22:38:10.056641+00,63851.649999999994,-1721107.7342610979,4640.215999999981,11695999379.918598,0.00006802599999999999,45029542.23515007,0.0,20.7,BEKLE,true,0.0,0.0,1.7159,241.184,47418055.781590015,60.335,0.0,20.7,"[{""usdt"": 15848464.0, ""borsa"": 3, ""fiyat"": 63825.0, ""kaynak"": ""BNB+BYB+OKX""}, {""usdt"": 9595564.0, ""borsa"": 1, ""fiyat"": 63750.0, ""kaynak"": ""BNB""}, {""usdt"": 8547029.0, ""borsa"": 1, ""fiyat"": 63775.0, ""kaynak"": ""BNB""}]","[{""usdt"": 15358442.0, ""borsa"": 3, ""fiyat"": 63850.0, ""kaynak"": ""BNB+BYB+OKX""}, {""usdt"": 8138740.0, ""borsa"": 1, ""fiyat"": 63950.0, ""kaynak"": ""BNB""}, {""usdt"": 7416964.0, ""borsa"": 3, ""fiyat"": 63875.0, ""kaynak"": ""BNB+BYB+OKX""}]",YOK,-0.1079,-0.0258,,,false,0.3354,false,,0,1,3,0,2,3,42.3,43.4,IZLE,,25,63850.2,,,,,SEVIYE,70,285.4,29,,,,,,,,,0,,21,1016.5,20,,,
30321,2026-07-28 22:39:10.322449+00,63846.05,-1656950.0819446973,59735.825999999994,11695032092.848202,0.00006802599999999999,47481950.034240045,0.0,23.3,BEKLE,true,0.0,0.0,1.7159,301.357,49807905.16648002,60.173,0.0,23.3,"[{""usdt"": 12986344.0, ""borsa"": 3, ""fiyat"": 63825.0, ""kaynak"": ""BNB+BYB+OKX""}, {""usdt"": 9947569.0, ""borsa"": 1, ""fiyat"": 63750.0, ""kaynak"": ""BNB""}, {""usdt"": 8496195.0, ""borsa"": 1, ""fiyat"": 63800.0, ""kaynak"": ""BNB""}]","[{""usdt"": 15354425.0, ""borsa"": 3, ""fiyat"": 63850.0, ""kaynak"": ""BNB+BYB+OKX""}, {""usdt"": 11142277.0, ""borsa"": 3, ""fiyat"": 63875.0, ""kaynak"": ""BNB+BYB+OKX""}, {""usdt"": 10218815.0, ""borsa"": 1, ""fiyat"": 63900.0, ""kaynak"": ""BNB""}]",YOK,-0.0699,-0.0239,0.0559,0.5416,false,0.359,false,,0,1,3,0,1,3,38.6,39.7,IZLE,,25,63850.2,,,,,SEVIYE,70,286.5,29,,,,,,,,,0,,21,1017.5,20,,,
30322,2026-07-28 22:40:10.65058+00,63850.850000000006,-765134.809264598,-23965.840000000007,11697314804.5284,0.00006802599999999999,45263791.63666007,0.0,19.6,BEKLE,,0.0,0.0,1.7159,361.692,55162563.538,60.335,0.0,19.6,"[{""usdt"": 15335131.0, ""borsa"": 3, ""fiyat"": 63825.0, ""kaynak"": ""BNB+BYB+OKX""}, {""usdt"": 10083258.0, ""borsa"": 1, ""fiyat"": 63775.0, ""kaynak"": ""BNB""}, {""usdt"": 8618930.0, ""borsa"": 1, ""fiyat"": 63750.0, ""kaynak"": ""BNB""}]","[{""usdt"": 13571521.0, ""borsa"": 3, ""fiyat"": 63850.0, ""kaynak"": ""BNB+BYB+OKX""}, {""usdt"": 13488932.0, ""borsa"": 3, ""fiyat"": 63875.0, ""kaynak"": ""BNB+BYB+OKX""}, {""usdt"": 9091651.0, ""borsa"": 1, ""fiyat"": 63900.0, ""kaynak"": ""BNB""}]",YOK,-0.0604,-0.0986,0.7867,0.2698,false,,false,,0,1,3,0,2,3,35,36.1,IZLE,,25,63850.2,,,,,SEVIYE,70,287.5,29,,,,,,,,,0,,21,1018.5,20,,,
30323,2026-07-28 22:41:10.874771+00,63863.649999999994,-625497.6932549989,-252.5399999999934,11697688833.0848,0.00006802599999999999,49671012.80749998,319.2005,13.7,BEKLE,true,319.2005,0.0,1.7159,421.996,51503579.091539994,120.639,0.0,13.7,"[{""usdt"": 16245052.0, ""borsa"": 3, ""fiyat"": 63850.0, ""kaynak"": ""BNB+BYB+OKX""}, {""usdt"": 10072105.0, ""borsa"": 3, ""fiyat"": 63825.0, ""kaynak"": ""BNB+BYB+OKX""}, {""usdt"": 9983041.0, ""borsa"": 1, ""fiyat"": 63775.0, ""kaynak"": ""BNB""}]","[{""usdt"": 17254185.0, ""borsa"": 3, ""fiyat"": 63875.0, ""kaynak"": ""BNB+BYB+OKX""}, {""usdt"": 9696737.0, ""borsa"": 1, ""fiyat"": 63950.0, ""kaynak"": ""BNB""}, {""usdt"": 8646222.0, ""borsa"": 1, ""fiyat"": 63975.0, ""kaynak"": ""BNB""}]",YOK,-0.0341,-0.0181,0.8567,0.0383,false,,true,0.0664,0,1,3,0,0,3,31.5,32.6,IZLE,,25,63850.2,,,,,SEVIYE,70,288.5,29,,,,,,,1785278340,1,0,,21,1019.5,20,,,
30324,2026-07-28 22:42:11.148203+00,63879.350000000006,-270096.778168599,28445.797000000017,11699148622.399601,0.00006802599999999999,47232166.30388001,319.2005,4.5,BEKLE,,319.2005,0.0,1.7144,482.193,58655254.19839996,120.501,0.0,4.5,"[{""usdt"": 15634490.0, ""borsa"": 3, ""fiyat"": 63850.0, ""kaynak"": ""BNB+BYB+OKX""}, {""usdt"": 9114716.0, ""borsa"": 3, ""fiyat"": 63825.0, ""kaynak"": ""BNB+BYB+OKX""}, {""usdt"": 8653219.0, ""borsa"": 1, ""fiyat"": 63800.0, ""kaynak"": ""BNB""}]","[{""usdt"": 16095438.0, ""borsa"": 3, ""fiyat"": 63875.0, ""kaynak"": ""BNB+BYB+OKX""}, {""usdt"": 14016088.0, ""borsa"": 3, ""fiyat"": 63900.0, ""kaynak"": ""BNB+BYB+OKX""}, {""usdt"": 9993754.0, ""borsa"": 1, ""fiyat"": 63950.0, ""kaynak"": ""BNB""}]",YOK,-0.0769,-0.1079,0.9893,1.1486,false,,false,,0,2,3,0,0,3,27.9,28.9,IZLE,,25,63850.2,,,,,SEVIYE,70,289.5,29,,,,,,,1785278340,1,1,,21,1020.5,20,,,
30325,2026-07-28 22:43:11.425164+00,63863.649999999994,-286479.7509569989,79235.138,11698914801.317299,0.00006802599999999999,47764250.567909986,319.2005,11.7,BEKLE,true,319.2005,0.0,1.7144,120.517,51409645.02274999,180.821,0.0,11.7,"[{""usdt"": 17113961.0, ""borsa"": 3, ""fiyat"": 63850.0, ""kaynak"": ""BNB+BYB+OKX""}, {""usdt"": 9472766.0, ""borsa"": 1, ""fiyat"": 63800.0, ""kaynak"": ""BNB""}, {""usdt"": 8251128.0, ""borsa"": 1, ""fiyat"": 63775.0, ""kaynak"": ""BNB""}]","[{""usdt"": 12195255.0, ""borsa"": 3, ""fiyat"": 63875.0, ""kaynak"": ""BNB+BYB+OKX""}, {""usdt"": 10767089.0, ""borsa"": 1, ""fiyat"": 63975.0, ""kaynak"": ""BNB""}, {""usdt"": 10735896.0, ""borsa"": 3, ""fiyat"": 63900.0, ""kaynak"": ""BNB+BYB+OKX""}]",YOK,-0.0463,-0.0368,0.9254,0.51,false,,false,,0,1,3,0,1,3,24.3,25.4,IZLE,,25,63872.6,,,,,SEVIYE,50,290.5,30,,,,,,,1785278340,1,2,,21,1021.5,20,,,
30326,2026-07-28 22:44:11.616092+00,63855.75,-570248.4150612989,74460.37900000002,11698317401.5618,0.00006802599999999999,48465867.52084997,319.2005,6.0,BEKLE,,319.2005,0.0,1.7144,180.747,55134350.285050005,241.051,0.0,6.0,"[{""usdt"": 12358977.0, ""borsa"": 3, ""fiyat"": 63850.0, ""kaynak"": ""BNB+BYB+OKX""}, {""usdt"": 12210189.0, ""borsa"": 3, ""fiyat"": 63825.0, ""kaynak"": ""BNB+BYB+OKX""}, {""usdt"": 9614356.0, ""borsa"": 1, ""fiyat"": 63775.0, ""kaynak"": ""BNB""}]","[{""usdt"": 21680668.0, ""borsa"": 3, ""fiyat"": 63875.0, ""kaynak"": ""BNB+BYB+OKX""}, {""usdt"": 9826090.0, ""borsa"": 1, ""fiyat"": 63925.0, ""kaynak"": ""BNB""}, {""usdt"": 8714969.0, ""borsa"": 1, ""fiyat"": 63975.0, ""kaynak"": ""BNB""}]",YOK,-0.0337,-0.0644,0.9794,0.576,false,,false,,0,1,3,0,1,3,20.7,21.8,IZLE,,25,63872.6,,,,,SEVIYE,50,291.5,30,,,,,,,1785278340,1,3,,21,1022.5,20,,,
30327,2026-07-28 22:45:12.190959+00,63840.350000000006,-1507926.7451317974,63899.22500000001,11695235571.9415,0.00006802599999999999,50465028.54563005,0.0,17.4,BEKLE,true,0.0,0.0,1.7144,60.146,51654737.83186006,180.696,0.0,17.4,"[{""usdt"": 16380290.0, ""borsa"": 3, ""fiyat"": 63825.0, ""kaynak"": ""BNB+BYB+OKX""}, {""usdt"": 11166747.0, ""borsa"": 1, ""fiyat"": 63750.0, ""kaynak"": ""BNB""}, {""usdt"": 8416935.0, ""borsa"": 1, ""fiyat"": 63775.0, ""kaynak"": ""BNB""}]","[{""usdt"": 16253586.0, ""borsa"": 3, ""fiyat"": 63875.0, ""kaynak"": ""BNB+BYB+OKX""}, {""usdt"": 9966417.0, ""borsa"": 3, ""fiyat"": 63850.0, ""kaynak"": ""BNB+BYB+OKX""}, {""usdt"": 9212243.0, ""borsa"": 1, ""fiyat"": 63900.0, ""kaynak"": ""BNB""}]",YOK,-0.0857,-0.0117,0.845,0.787,false,,true,0.1513,0,1,3,0,1,3,17,18.1,IZLE,,25,63819.3,,,,,SEVIYE,100,292.5,30,,,,,,,,,0,,21,1023.5,20,,,
30328,2026-07-28 22:46:12.708969+00,63826.649999999994,-12392.56195139687,545163.831,11694916459.3496,0.00006802599999999999,45309612.35309,4405.850100000001,39.3,BEKLE,true,4405.850100000001,0.0,1.7144,60.779,52409158.530550055,120.925,0.0,39.3,"[{""usdt"": 13365867.0, ""borsa"": 3, ""fiyat"": 63800.0, ""kaynak"": ""BNB+BYB+OKX""}, {""usdt"": 8980087.0, ""borsa"": 1, ""fiyat"": 63750.0, ""kaynak"": ""BNB""}, {""usdt"": 8727234.0, ""borsa"": 1, ""fiyat"": 63775.0, ""kaynak"": ""BNB""}]","[{""usdt"": 12906508.0, ""borsa"": 3, ""fiyat"": 63850.0, ""kaynak"": ""BNB+BYB+OKX""}, {""usdt"": 9253224.0, ""borsa"": 1, ""fiyat"": 63875.0, ""kaynak"": ""BNB""}, {""usdt"": 8769037.0, ""borsa"": 1, ""fiyat"": 63900.0, ""kaynak"": ""BNB""}]",YOK,-0.154,-0.0727,0.4202,1.6704,false,,false,1.3233,0,1,3,0,1,3,13.9,15,IZLE,,25,63819.3,,,,,SEVIYE,100,293.5,30,,,,,,,1785278640,1,0,,21,1024.6,20,,,
30329,2026-07-28 22:47:14.094627+00,63797.55,-328213.0526326968,508734.8670000001,11691280396.841,0.00006802599999999999,44336270.809030056,10595.631099999999,38.4,BEKLE,true,10595.631099999999,0.0,1.7144,61.509,51281332.258189976,0,0.0,38.4,"[{""usdt"": 12312543.0, ""borsa"": 3, ""fiyat"": 63775.0, ""kaynak"": ""BNB+BYB+OKX""}, {""usdt"": 9991785.0, ""borsa"": 1, ""fiyat"": 63725.0, ""kaynak"": ""BNB""}, {""usdt"": 8544440.0, ""borsa"": 3, ""fiyat"": 63800.0, ""kaynak"": ""BNB+BYB+OKX""}]","[{""usdt"": 18305103.0, ""borsa"": 3, ""fiyat"": 63825.0, ""kaynak"": ""BNB+BYB+OKX""}, {""usdt"": 9441156.0, ""borsa"": 1, ""fiyat"": 63875.0, ""kaynak"": ""BNB""}, {""usdt"": 7382296.0, ""borsa"": 1, ""fiyat"": 63900.0, ""kaynak"": ""BNB""}]",YOK,-0.1499,-0.0726,0.0724,6.7078,false,,false,0.8863,0,2,3,0,1,3,11.6,12.7,IZLE,,50,63777.3,,,,,SEVIYE+TASFIYE,75,304.5,31,,,,,,,1785278760,2,0,,21,1025.6,20,,,
30330,2026-07-28 22:48:15.495928+00,63804.05,-551503.7464352977,370147.97800000006,11687432692.0849,0.00006802599999999999,45185966.169489995,18188.3675,26.5,BEKLE,true,18188.3675,0.0,1.71,0,54934160.50038996,61.361,0.0,26.5,"[{""usdt"": 12890316.0, ""borsa"": 3, ""fiyat"": 63775.0, ""kaynak"": ""BNB+BYB+OKX""}, {""usdt"": 9036224.0, ""borsa"": 1, ""fiyat"": 63700.0, ""kaynak"": ""BNB""}, {""usdt"": 9021019.0, ""borsa"": 1, ""fiyat"": 63725.0, ""kaynak"": ""BNB""}]","[{""usdt"": 16283123.0, ""borsa"": 3, ""fiyat"": 63800.0, ""kaynak"": ""BNB+BYB+OKX""}, {""usdt"": 10161254.0, ""borsa"": 1, ""fiyat"": 63825.0, ""kaynak"": ""BNB""}, {""usdt"": 9835371.0, ""borsa"": 1, ""fiyat"": 63850.0, ""kaynak"": ""BNB""}]",YOK,-0.1491,-0.0974,0.37,5.4812,false,,false,1.1327,0,1,3,0,2,3,9.1,10.2,IZLE,,50,63819.3,,,,,SEVIYE+TASFIYE,100,295.5,30,,,,,,,1785278820,2,0,,21,1026.6,20,,,
30331,2026-07-28 22:49:15.771158+00,63787.95,-602663.6268771968,447796.53,11687073749.5331,0.00006802599999999999,44032291.767949976,18507.3157,38.0,BEKLE,true,18507.3157,0.0,1.71,60.313,50523422.1324,121.674,0.0,38.0,"[{""usdt"": 10888288.0, ""borsa"": 3, ""fiyat"": 63775.0, ""kaynak"": ""BNB+BYB+OKX""}, {""usdt"": 9871380.0, ""borsa"": 3, ""fiyat"": 63750.0, ""kaynak"": ""BNB+BYB+OKX""}, {""usdt"": 8993694.0, ""borsa"": 1, ""fiyat"": 63700.0, ""kaynak"": ""BNB""}]","[{""usdt"": 16157079.0, ""borsa"": 3, ""fiyat"": 63800.0, ""kaynak"": ""BNB+BYB+OKX""}, {""usdt"": 9860841.0, ""borsa"": 1, ""fiyat"": 63850.0, ""kaynak"": ""BNB""}, {""usdt"": 9607635.0, ""borsa"": 1, ""fiyat"": 63825.0, ""kaynak"": ""BNB""}]",YOK,-0.1503,-0.0686,0.053,7.3045,false,,false,1.5361,0,2,3,0,0,3,5.6,6.6,IZLE,,50,63777.3,,,,,SEVIYE+TASFIYE,75,306.6,31,,,,,,,1785278820,2,0,,21,1027.6,20,,,
30332,2026-07-28 22:50:15.997262+00,63782.149999999994,-836322.4115683982,414078.79400000005,11684059005.267899,0.00006802599999999999,48895574.15314996,40766.4816,31.1,BEKLE,true,31134.9768,9631.5048,1.71,120.576,50744927.2686,181.937,0.0,31.1,"[{""usdt"": 12741664.0, ""borsa"": 3, ""fiyat"": 63750.0, ""kaynak"": ""BNB+BYB+OKX""}, {""usdt"": 10727748.0, ""borsa"": 3, ""fiyat"": 63775.0, ""kaynak"": ""BNB+BYB+OKX""}, {""usdt"": 10217280.0, ""borsa"": 1, ""fiyat"": 63700.0, ""kaynak"": ""BNB""}]","[{""usdt"": 16043254.0, ""borsa"": 3, ""fiyat"": 63800.0, ""kaynak"": ""BNB+BYB+OKX""}, {""usdt"": 10595042.0, ""borsa"": 1, ""fiyat"": 63850.0, ""kaynak"": ""BNB""}, {""usdt"": 9934076.0, ""borsa"": 1, ""fiyat"": 63825.0, ""kaynak"": ""BNB""}]",YOK,-0.1596,-0.0186,0.5529,3.1571,false,,false,,0,2,3,0,0,3,1.4,64.3,IZLE,,50,63777.3,,,,,SEVIYE+TASFIYE,75,307.6,31,,,,,,,1785278940,2,0,,21,1028.6,20,,,
30333,2026-07-28 22:51:16.254362+00,63758.25,-784510.2526973984,453085.51,11683952613.467001,0.00006802599999999999,49369077.61151996,44339.5968,14.0,BEKLE,false,32283.1824,12056.414400000001,1.71,180.763,54842386.88729,242.124,14.0,0.0,"[{""usdt"": 15933297.0, ""borsa"": 3, ""fiyat"": 63750.0, ""kaynak"": ""BNB+BYB+OKX""}, {""usdt"": 10217280.0, ""borsa"": 1, ""fiyat"": 63700.0, ""kaynak"": ""BNB""}, {""usdt"": 8009619.0, ""borsa"": 3, ""fiyat"": 63775.0, ""kaynak"": ""BNB+BYB+OKX""}]","[{""usdt"": 13724511.0, ""borsa"": 3, ""fiyat"": 63800.0, ""kaynak"": ""BNB+BYB+OKX""}, {""usdt"": 10595042.0, ""borsa"": 1, ""fiyat"": 63850.0, ""kaynak"": ""BNB""}, {""usdt"": 9934076.0, ""borsa"": 1, ""fiyat"": 63825.0, ""kaynak"": ""BNB""}]",YOK,-0.1596,-0.0525,0.8439,4.9274,false,,false,0.7171,0,2,3,0,1,3,61.6,63.1,IZLE,,50,63777.3,,,,,SEVIYE+TASFIYE,75,308.6,31,,,,,,,1785279000,2,0,,21,1029.6,20,,,
30334,2026-07-28 22:52:16.552874+00,63753.05,-1112763.747957999,181750.211,11678464346.396801,0.00006802599999999999,46972604.53709998,66390.7596,27.9,BEKLE,false,54334.223600000005,12056.536,1.7042,241.07,50462227.69819999,302.431,27.9,0.0,"[{""usdt"": 14247583.0, ""borsa"": 3, ""fiyat"": 63725.0, ""kaynak"": ""BNB+BYB+OKX""}, {""usdt"": 10215910.0, ""borsa"": 1, ""fiyat"": 63675.0, ""kaynak"": ""BNB""}, {""usdt"": 8229567.0, ""borsa"": 1, ""fiyat"": 63700.0, ""kaynak"": ""BNB""}]","[{""usdt"": 12192634.0, ""borsa"": 3, ""fiyat"": 63775.0, ""kaynak"": ""BNB+BYB+OKX""}, {""usdt"": 9843083.0, ""borsa"": 1, ""fiyat"": 63825.0, ""kaynak"": ""BNB""}, {""usdt"": 8832156.0, ""borsa"": 1, ""fiyat"": 63850.0, ""kaynak"": ""BNB""}]",YOK,-0.1808,-0.0358,0.6074,2.2716,false,,true,0.3661,0,2,3,1,0,3,58.1,59.1,IZLE,,50,63777.3,,,,,SEVIYE+TASFIYE,75,309.6,31,,,,,,,1785279060,1,0,,21,1030.6,20,,,
30335,2026-07-28 22:53:16.780501+00,63750.45,-15176.400644698238,799101.403,11686124164.0798,0.00006802599999999999,47344887.255909994,64668.33240000001,30.4,BEKLE,true,52611.79640000001,12056.536,1.7042,60.279,53446756.789190024,60.279,0.0,30.4,"[{""usdt"": 11761564.0, ""borsa"": 1, ""fiyat"": 63675.0, ""kaynak"": ""BNB""}, {""usdt"": 10419243.0, ""borsa"": 3, ""fiyat"": 63725.0, ""kaynak"": ""BNB+BYB+OKX""}, {""usdt"": 9974404.0, ""borsa"": 3, ""fiyat"": 63750.0, ""kaynak"": ""BNB+BYB+OKX""}]","[{""usdt"": 17306055.0, ""borsa"": 3, ""fiyat"": 63775.0, ""kaynak"": ""BNB+BYB+OKX""}, {""usdt"": 10287527.0, ""borsa"": 1, ""fiyat"": 63825.0, ""kaynak"": ""BNB""}, {""usdt"": 9880013.0, ""borsa"": 1, ""fiyat"": 63850.0, ""kaynak"": ""BNB""}]",YOK,-0.1167,-0.0605,0.4468,2.9476,false,,false,0.9618,0,1,3,0,2,3,53.9,55,IZLE,,25,63787.1,,,,,SEVIYE,75,310.6,32,,,,,,,1785279060,1,0,,20,1031.6,20,,,
30336,2026-07-28 22:54:17.019396+00,63760.149999999994,-260272.83214839973,820874.9850000001,11688017787.6473,0.00006802599999999999,51753103.68266994,74993.2654,25.8,BEKLE,true,46993.669400000006,27999.595999999998,1.7042,60.187,45843436.21683998,120.466,0.0,25.8,"[{""usdt"": 12069067.0, ""borsa"": 1, ""fiyat"": 63675.0, ""kaynak"": ""BNB""}, {""usdt"": 11573527.0, ""borsa"": 3, ""fiyat"": 63725.0, ""kaynak"": ""BNB+BYB+OKX""}, {""usdt"": 10659944.0, ""borsa"": 3, ""fiyat"": 63750.0, ""kaynak"": ""BNB+BYB+OKX""}]","[{""usdt"": 13991921.0, ""borsa"": 3, ""fiyat"": 63775.0, ""kaynak"": ""BNB+BYB+OKX""}, {""usdt"": 10835573.0, ""borsa"": 1, ""fiyat"": 63825.0, ""kaynak"": ""BNB""}, {""usdt"": 8301238.0, ""borsa"": 1, ""fiyat"": 63850.0, ""kaynak"": ""BNB""}]",YOK,-0.0935,0.0606,0.3722,1.9954,false,,false,0.6124,0,1,3,0,0,3,50.2,51.3,IZLE,,25,63787.1,,,,,SEVIYE,75,311.6,32,,,,,,,1785279180,2,0,,20,1032.6,20,,,
30337,2026-07-28 22:55:17.554781+00,63786.25,-629505.5043278,790732.7220000001,11686280260.0532,0.00006802599999999999,50404266.56123999,65612.00940000001,29.6,BEKLE,true,47247.1004,18364.909,1.7042,120.472,51507868.41375,180.751,0.0,29.6,"[{""usdt"": 11901489.0, ""borsa"": 3, ""fiyat"": 63725.0, ""kaynak"": ""BNB+BYB+OKX""}, {""usdt"": 11762514.0, ""borsa"": 3, ""fiyat"": 63750.0, ""kaynak"": ""BNB+BYB+OKX""}, {""usdt"": 10202613.0, ""borsa"": 1, ""fiyat"": 63675.0, ""kaynak"": ""BNB""}]","[{""usdt"": 18250291.0, ""borsa"": 3, ""fiyat"": 63775.0, ""kaynak"": ""BNB+BYB+OKX""}, {""usdt"": 9503071.0, ""borsa"": 1, ""fiyat"": 63850.0, ""kaynak"": ""BNB""}, {""usdt"": 8631417.0, ""borsa"": 1, ""fiyat"": 63825.0, ""kaynak"": ""BNB""}]",YOK,-0.1132,-0.0108,0.2619,0.3428,false,,false,,0,1,3,0,1,3,46.7,47.7,IZLE,,25,63787.1,,,,,SEVIYE,75,312.6,32,,,,,,,1785279240,2,0,,20,1033.6,20,,,
30338,2026-07-28 22:56:17.928019+00,63811.25,-11714.73377080285,386581.23699999996,11692842983.7674,0.00006802599999999999,49678799.55616994,62039.880900000004,15.8,BEKLE,false,46098.91590000001,15940.964999999998,1.7042,181.088,50313081.78543996,0,15.8,0.0,"[{""usdt"": 15527474.0, ""borsa"": 3, ""fiyat"": 63775.0, ""kaynak"": ""BNB+BYB+OKX""}, {""usdt"": 9511079.0, ""borsa"": 1, ""fiyat"": 63700.0, ""kaynak"": ""BNB""}, {""usdt"": 7778381.0, ""borsa"": 3, ""fiyat"": 63750.0, ""kaynak"": ""BNB+BYB+OKX""}]","[{""usdt"": 14882763.0, ""borsa"": 3, ""fiyat"": 63800.0, ""kaynak"": ""BNB+BYB+OKX""}, {""usdt"": 10179279.0, ""borsa"": 1, ""fiyat"": 63850.0, ""kaynak"": ""BNB""}, {""usdt"": 9288768.0, ""borsa"": 1, ""fiyat"": 63875.0, ""kaynak"": ""BNB""}]",YOK,-0.1195,-0.0063,0.8825,3.9975,false,,false,,0,1,3,0,0,3,43.4,44.5,IZLE,,25,63828.8,,,,,SEVIYE,100,303.6,31,,,,,,,1785279240,2,0,,20,1034.6,20,,,
30339,2026-07-28 22:57:18.23222+00,63814.850000000006,-45802.15969100266,429442.545,11694154276.505001,0.00006802599999999999,48317931.619849995,29013.786699999997,19.2,BEKLE,,13072.821699999999,15940.964999999998,1.6998,0,49405792.96050006,60.316,0.0,19.2,"[{""usdt"": 16642422.0, ""borsa"": 3, ""fiyat"": 63800.0, ""kaynak"": ""BNB+BYB+OKX""}, {""usdt"": 8428507.0, ""borsa"": 1, ""fiyat"": 63725.0, ""kaynak"": ""BNB""}, {""usdt"": 7995067.0, ""borsa"": 1, ""fiyat"": 63750.0, ""kaynak"": ""BNB""}]","[{""usdt"": 11229859.0, ""borsa"": 3, ""fiyat"": 63850.0, ""kaynak"": ""BNB+BYB+OKX""}, {""usdt"": 10394312.0, ""borsa"": 3, ""fiyat"": 63825.0, ""kaynak"": ""BNB+BYB+OKX""}, {""usdt"": 9704620.0, ""borsa"": 1, ""fiyat"": 63900.0, ""kaynak"": ""BNB""}]",YOK,-0.0197,-0.0111,0.7357,2.8148,false,,false,,0,0,3,0,0,3,39.9,41,IZLE,,25,63828.8,,,,,SEVIYE,100,304.6,31,,,,,,,1785279360,2,0,,20,1035.6,20,,,
30340,2026-07-28 22:58:18.632132+00,63798.850000000006,-282892.47370130254,556096.8019999998,11692386470.6801,0.00006802599999999999,48748669.57160004,12249.5853,44.8,BEKLE,false,12249.5853,0.0,1.6998,60.323,51203092.29852003,120.639,44.8,0.0,"[{""usdt"": 16597155.0, ""borsa"": 3, ""fiyat"": 63775.0, ""kaynak"": ""BNB+BYB+OKX""}, {""usdt"": 9191096.0, ""borsa"": 1, ""fiyat"": 63725.0, ""kaynak"": ""BNB""}, {""usdt"": 9082972.0, ""borsa"": 1, ""fiyat"": 63700.0, ""kaynak"": ""BNB""}]","[{""usdt"": 11923107.0, ""borsa"": 3, ""fiyat"": 63825.0, ""kaynak"": ""BNB+BYB+OKX""}, {""usdt"": 10329232.0, ""borsa"": 3, ""fiyat"": 63800.0, ""kaynak"": ""BNB+BYB+OKX""}, {""usdt"": 9214245.0, ""borsa"": 1, ""fiyat"": 63875.0, ""kaynak"": ""BNB""}]",YOK,-0.0558,-0.0246,0.4158,4.9661,false,,false,,0,0,3,0,0,3,36.4,37.5,IZLE,,25,63787.1,,,,,SEVIYE,75,315.6,32,,,,,,,1785279420,2,0,,20,1036.6,20,,,
30341,2026-07-28 22:59:18.876557+00,63763.45,-481064.2501301011,543610.431,11684104348.5939,0.00006802599999999999,49737961.38752004,179971.08080000003,33.1,BEKLE,false,20348.763600000002,159622.31720000002,1.6998,120.694,54737538.90373005,120.694,33.1,0.0,"[{""usdt"": 11383780.0, ""borsa"": 3, ""fiyat"": 63750.0, ""kaynak"": ""BNB+BYB+OKX""}, {""usdt"": 11282275.0, ""borsa"": 3, ""fiyat"": 63775.0, ""kaynak"": ""BNB+BYB+OKX""}, {""usdt"": 10607702.0, ""borsa"": 1, ""fiyat"": 63700.0, ""kaynak"": ""BNB""}]","[{""usdt"": 20550294.0, ""borsa"": 3, ""fiyat"": 63800.0, ""kaynak"": ""BNB+BYB+OKX""}, {""usdt"": 9745879.0, ""borsa"": 1, ""fiyat"": 63875.0, ""kaynak"": ""BNB""}, {""usdt"": 8207806.0, ""borsa"": 1, ""fiyat"": 63850.0, ""kaynak"": ""BNB""}]",YOK,-0.0867,-0.0479,0.3397,0.3354,false,,false,,0,0,3,0,1,3,32.9,34,IZLE,,25,63787.1,,,,,SEVIYE,75,316.6,32,,,,,,,1785279480,1,0,,20,1037.6,20,,,
30342,2026-07-28 23:00:19.728222+00,63735.350000000006,257659.6637770008,1119790.8280000002,11679154043.228199,0.00006802599999999999,49173950.28695003,191446.90880000003,26.6,BEKLE,true,31824.5916,159622.31720000002,1.6998,60.169,49623074.91581003,120.54,0.0,26.6,"[{""usdt"": 13622958.0, ""borsa"": 3, ""fiyat"": 63725.0, ""kaynak"": ""BNB+BYB+OKX""}, {""usdt"": 10163347.0, ""borsa"": 1, ""fiyat"": 63675.0, ""kaynak"": ""BNB""}, {""usdt"": 8988223.0, ""borsa"": 1, ""fiyat"": 63700.0, ""kaynak"": ""BNB""}]","[{""usdt"": 13084547.0, ""borsa"": 3, ""fiyat"": 63775.0, ""kaynak"": ""BNB+BYB+OKX""}, {""usdt"": 9850666.0, ""borsa"": 1, ""fiyat"": 63825.0, ""kaynak"": ""BNB""}, {""usdt"": 7458644.0, ""borsa"": 3, ""fiyat"": 63750.0, ""kaynak"": ""BNB+BYB+OKX""}]",YOK,-0.1202,-0.0045,0.6353,2.4065,false,,false,,0,2,3,0,1,3,29.3,30.3,IZLE,,50,63703.6,,,,,SEVIYE+TASFIYE,70,187.5,19,PCT,0.81,20.585258455998314,23.706823358741612,true,0.081,1785279540,1,0,,20,1038.7,20,,,
30343,2026-07-28 23:01:22.354322+00,63754.75,552546.797404701,1215144.318,11681531097.2543,0.00006802599999999999,48225343.181030035,217834.4058,51.3,BEKLE,true,58212.0886,159622.31720000002,1.6998,123.265,54572753.734160006,183.636,0.0,51.3,"[{""usdt"": 16398968.0, ""borsa"": 3, ""fiyat"": 63725.0, ""kaynak"": ""BNB+BYB+OKX""}, {""usdt"": 9850642.0, ""borsa"": 1, ""fiyat"": 63675.0, ""kaynak"": ""BNB""}, {""usdt"": 7927791.0, ""borsa"": 2, ""fiyat"": 63700.0, ""kaynak"": ""BNB+BYB""}]","[{""usdt"": 15481498.0, ""borsa"": 3, ""fiyat"": 63750.0, ""kaynak"": ""BNB+BYB+OKX""}, {""usdt"": 10468465.0, ""borsa"": 3, ""fiyat"": 63775.0, ""kaynak"": ""BNB+BYB+OKX""}, {""usdt"": 9922038.0, ""borsa"": 1, ""fiyat"": 63825.0, ""kaynak"": ""BNB""}]",YOK,-0.0947,-0.0617,0.3056,2.0192,false,0,false,,0,1,3,0,1,3,28.5,29.6,IZLE,,50,63787.1,,,,,SEVIYE+TASFIYE,75,318.7,32,,,,,,,1785279600,1,0,,20,1039.7,20,,,
30344,2026-07-28 23:02:22.670345+00,63700.55,127847.02705880108,1141249.552,11673587485.256,0.00006802599999999999,48455506.48604002,211512.85960000003,44.0,BEKLE,true,51508.2986,160004.56100000002,1.6998,183.784,47990579.145420015,244.155,0.0,44.0,"[{""usdt"": 16094402.0, ""borsa"": 3, ""fiyat"": 63700.0, ""kaynak"": ""BNB+BYB+OKX""}, {""usdt"": 10147256.0, ""borsa"": 1, ""fiyat"": 63675.0, ""kaynak"": ""BNB""}, {""usdt"": 7961072.0, ""borsa"": 1, ""fiyat"": 63625.0, ""kaynak"": ""BNB""}]","[{""usdt"": 13954753.0, ""borsa"": 3, ""fiyat"": 63725.0, ""kaynak"": ""BNB+BYB+OKX""}, {""usdt"": 8321637.0, ""borsa"": 1, ""fiyat"": 63775.0, ""kaynak"": ""BNB""}, {""usdt"": 8282238.0, ""borsa"": 1, ""fiyat"": 63800.0, ""kaynak"": ""BNB""}]",YOK,-0.1737,0.0048,0.1362,5.9145,false,0,false,,0,2,3,0,1,3,25.2,26.3,IZLE,,50,63703.6,,,,,SEVIYE+TASFIYE,70,189.5,19,,,,,,,1785279720,1,0,,20,1040.7,20,,,
30345,2026-07-28 23:03:22.930484+00,63684.95,-148380.7824600975,1080540.889,11668023949.2331,0.00006802599999999999,54104870.76562,118060.4387,38.3,BEKLE,true,117678.2345,382.2042,1.7012,244.016,52734562.40497,304.387,0.0,38.3,"[{""usdt"": 15723247.0, ""borsa"": 3, ""fiyat"": 63675.0, ""kaynak"": ""BNB+BYB+OKX""}, {""usdt"": 13880283.0, ""borsa"": 1, ""fiyat"": 63600.0, ""kaynak"": ""BNB""}, {""usdt"": 8551820.0, ""borsa"": 1, ""fiyat"": 63625.0, ""kaynak"": ""BNB""}]","[{""usdt"": 16736428.0, ""borsa"": 3, ""fiyat"": 63725.0, ""kaynak"": ""BNB+BYB+OKX""}, {""usdt"": 9588616.0, ""borsa"": 1, ""fiyat"": 63775.0, ""kaynak"": ""BNB""}, {""usdt"": 8836313.0, ""borsa"": 1, ""fiyat"": 63800.0, ""kaynak"": ""BNB""}]",YOK,-0.1781,0.0128,0.1409,7.8496,false,,false,,0,2,3,1,1,3,21.6,22.6,IZLE,,50,63701.2,,,,,SEVIYE+TASFIYE,75,190.5,20,,,,,,,1785279780,2,0,,22,971.6,22,,,
30346,2026-07-28 23:04:23.288243+00,63687.05,-162038.51801999667,955507.7809999997,11668482126.0738,0.00006802599999999999,49224386.60233,155686.31470000002,27.5,BEKLE,true,155304.1105,382.2042,1.7012,304.243,53160960.430939965,60.227,0.0,27.5,"[{""usdt"": 15526769.0, ""borsa"": 3, ""fiyat"": 63675.0, ""kaynak"": ""BNB+BYB+OKX""}, {""usdt"": 10149322.0, ""borsa"": 1, ""fiyat"": 63600.0, ""kaynak"": ""BNB""}, {""usdt"": 9572276.0, ""borsa"": 3, ""fiyat"": 63650.0, ""kaynak"": ""BNB+BYB+OKX""}]","[{""usdt"": 18789575.0, ""borsa"": 3, ""fiyat"": 63700.0, ""kaynak"": ""BNB+BYB+OKX""}, {""usdt"": 9428342.0, ""borsa"": 1, ""fiyat"": 63750.0, ""kaynak"": ""BNB""}, {""usdt"": 8503742.0, ""borsa"": 1, ""fiyat"": 63800.0, ""kaynak"": ""BNB""}]",YOK,-0.1837,-0.0384,0.3312,5.2217,false,0,false,,0,2,3,0,1,3,17.9,19,IZLE,,50,63701.2,,,,,SEVIYE+TASFIYE,75,191.5,20,,,,,,,1785279840,2,0,,22,972.6,22,,,
30347,2026-07-28 23:05:23.635467+00,63699.95,-760123.6302431964,136658.65,11672744616.039999,0.00006802599999999999,51034026.64058999,128977.83869999998,54.0,BEKLE,false,128595.63449999999,382.2042,1.7012,180.966,50812298.91563005,120.734,54.0,0.0,"[{""usdt"": 15803268.0, ""borsa"": 3, ""fiyat"": 63675.0, ""kaynak"": ""BNB+BYB+OKX""}, {""usdt"": 11952577.0, ""borsa"": 1, ""fiyat"": 63600.0, ""kaynak"": ""BNB""}, {""usdt"": 8663634.0, ""borsa"": 1, ""fiyat"": 63625.0, ""kaynak"": ""BNB""}]","[{""usdt"": 12619031.0, ""borsa"": 3, ""fiyat"": 63700.0, ""kaynak"": ""BNB+BYB+OKX""}, {""usdt"": 11282918.0, ""borsa"": 3, ""fiyat"": 63725.0, ""kaynak"": ""BNB+BYB+OKX""}, {""usdt"": 10347863.0, ""borsa"": 1, ""fiyat"": 63750.0, ""kaynak"": ""BNB""}]",YOK,-0.1586,0.0022,0.3983,0.9124,false,0.2638,false,,0,1,3,0,0,3,14.5,15.6,IZLE,,50,63701.2,,,,,SEVIYE+TASFIYE,75,192.5,20,,,,,,,1785279840,2,0,,22,973.6,22,,,
30348,2026-07-28 23:06:23.914386+00,63663.05,-1386546.9146490963,70648.32400000002,11665782027.9146,0.00006802599999999999,50099247.11309001,156346.62279999998,50.1,BEKLE,false,155964.41859999998,382.2042,1.7241,241.163,49777605.53956998,120.704,50.1,0.0,"[{""usdt"": 13936655.0, ""borsa"": 3, ""fiyat"": 63625.0, ""kaynak"": ""BNB+BYB+OKX""}, {""usdt"": 10181781.0, ""borsa"": 1, ""fiyat"": 63600.0, ""kaynak"": ""BNB""}, {""usdt"": 9244651.0, ""borsa"": 1, ""fiyat"": 63575.0, ""kaynak"": ""BNB""}]","[{""usdt"": 12144203.0, ""borsa"": 3, ""fiyat"": 63675.0, ""kaynak"": ""BNB+BYB+OKX""}, {""usdt"": 9433302.0, ""borsa"": 1, ""fiyat"": 63700.0, ""kaynak"": ""BNB""}, {""usdt"": 7962527.0, ""borsa"": 1, ""fiyat"": 63750.0, ""kaynak"": ""BNB""}]",YOK,-0.2047,0.0032,0.52,1.6191,false,0.2421,false,,0,2,3,1,1,3,10.9,12,IZLE,,50,63701.2,,,,,SEVIYE+TASFIYE,75,193.5,20,,,,,,,1785279960,2,0,,22,974.6,22,,,
30349,2026-07-28 23:07:24.218936+00,63639.55,-1718909.0893286963,-243747.49999999997,11661844328.4933,0.00006802599999999999,49974648.72471,146959.6518,62.8,BEKLE,false,146959.6518,0.0,1.7241,301.506,57036660.277609974,60.343,62.8,0.0,"[{""usdt"": 15573995.0, ""borsa"": 3, ""fiyat"": 63625.0, ""kaynak"": ""BNB+BYB+OKX""}, {""usdt"": 12175697.0, ""borsa"": 3, ""fiyat"": 63600.0, ""kaynak"": ""BNB+BYB+OKX""}, {""usdt"": 9854050.0, ""borsa"": 1, ""fiyat"": 63550.0, ""kaynak"": ""BNB""}]","[{""usdt"": 20464863.0, ""borsa"": 3, ""fiyat"": 63650.0, ""kaynak"": ""BNB+BYB+OKX""}, {""usdt"": 10037962.0, ""borsa"": 1, ""fiyat"": 63700.0, ""kaynak"": ""BNB""}, {""usdt"": 8414653.0, ""borsa"": 1, ""fiyat"": 63750.0, ""kaynak"": ""BNB""}]",YOK,-0.1817,-0.066,0.4602,1.0017,false,1.6839,false,,0,2,3,0,1,3,7.4,8.5,IZLE,,50,63622.2,,,,,SEVIYE+TASFIYE,50,1045.7,105,,,,,,,1785279960,3,0,,22,975.6,22,,,
30350,2026-07-28 23:08:24.455121+00,63623.95,-1895067.2291552965,-276333.13999999996,11660170975.718,0.00006802599999999999,49959564.31478999,91805.5062,62.4,BEKLE,false,91805.5062,0.0,1.7241,361.803,48431021.84606995,60.297,62.4,0.0,"[{""usdt"": 17815755.0, ""borsa"": 3, ""fiyat"": 63600.0, ""kaynak"": ""BNB+BYB+OKX""}, {""usdt"": 11279857.0, ""borsa"": 1, ""fiyat"": 63550.0, ""kaynak"": ""BNB""}, {""usdt"": 6743073.0, ""borsa"": 1, ""fiyat"": 63575.0, ""kaynak"": ""BNB""}]","[{""usdt"": 10946740.0, ""borsa"": 3, ""fiyat"": 63625.0, ""kaynak"": ""BNB+BYB+OKX""}, {""usdt"": 9603322.0, ""borsa"": 3, ""fiyat"": 63650.0, ""kaynak"": ""BNB+BYB+OKX""}, {""usdt"": 9128023.0, ""borsa"": 1, ""fiyat"": 63725.0, ""kaynak"": ""BNB""}]",YOK,-0.1834,0.0155,0.4515,1.0393,false,1.6644,false,,0,2,3,1,0,3,3.7,4.9,IZLE,,50,63622.2,,,,,SEVIYE+TASFIYE,50,1046.7,105,,,,,,,1785280020,3,0,,22,976.7,22,,,
30351,2026-07-28 23:09:24.698981+00,63630.25,-1895067.2291552965,-276333.13999999996,11660170975.718,0.00006802599999999999,47734649.65548997,91805.5062,58.1,BEKLE,false,91805.5062,0.0,1.7241,421.974,47849419.874069974,120.468,58.1,0.0,"[{""usdt"": 18423969.0, ""borsa"": 3, ""fiyat"": 63600.0, ""kaynak"": ""BNB+BYB+OKX""}, {""usdt"": 9522791.0, ""borsa"": 1, ""fiyat"": 63550.0, ""kaynak"": ""BNB""}, {""usdt"": 6746833.0, ""borsa"": 1, ""fiyat"": 63575.0, ""kaynak"": ""BNB""}]","[{""usdt"": 9980010.0, ""borsa"": 3, ""fiyat"": 63650.0, ""kaynak"": ""BNB+BYB+OKX""}, {""usdt"": 9813549.0, ""borsa"": 3, ""fiyat"": 63625.0, ""kaynak"": ""BNB+BYB+OKX""}, {""usdt"": 8923902.0, ""borsa"": 1, ""fiyat"": 63675.0, ""kaynak"": ""BNB""}]",YOK,-0.1834,-0.0012,0.4736,1.023,false,1.813,false,,0,2,3,1,0,3,63.9,62.1,IZLE,,50,63622.2,,,,,SEVIYE+TASFIYE,50,1047.7,105,,,,,,,1785280020,3,0,,22,977.7,22,,,
30352,2026-07-28 23:10:25.059102+00,63617.649999999994,-1933856.2937173955,-283310.401,11662441190.0183,0.00006802599999999999,47685517.338619985,84035.33840000001,28.6,BEKLE,false,84035.33840000001,0.0,1.7241,482.284,51320418.09341998,180.778,28.6,0.0,"[{""usdt"": 17004140.0, ""borsa"": 3, ""fiyat"": 63600.0, ""kaynak"": ""BNB+BYB+OKX""}, {""usdt"": 9522791.0, ""borsa"": 1, ""fiyat"": 63550.0, ""kaynak"": ""BNB""}, {""usdt"": 8051793.0, ""borsa"": 3, ""fiyat"": 63625.0, ""kaynak"": ""BNB+BYB+OKX""}]","[{""usdt"": 17206235.0, ""borsa"": 3, ""fiyat"": 63650.0, ""kaynak"": ""BNB+BYB+OKX""}, {""usdt"": 8923902.0, ""borsa"": 1, ""fiyat"": 63675.0, ""kaynak"": ""BNB""}, {""usdt"": 8738622.0, ""borsa"": 1, ""fiyat"": 63725.0, ""kaynak"": ""BNB""}]",YOK,-0.1613,-0.0367,0.6412,2.9628,false,,false,,0,2,3,1,1,3,60.1,61.1,IZLE,,50,63622.2,,,,,SEVIYE+TASFIYE,50,1048.7,105,,,,,,,1785280020,3,0,,22,978.7,22,,,
30353,2026-07-28 23:11:25.950407+00,63602.45,-2295236.100745598,-999250.4030000002,11663374541.8387,0.00006802599999999999,50403447.858950004,100120.4283,46.9,BEKLE,false,100120.4283,0.0,1.7241,121.294,51812987.94117001,0,46.9,0.0,"[{""usdt"": 18428479.0, ""borsa"": 3, ""fiyat"": 63600.0, ""kaynak"": ""BNB+BYB+OKX""}, {""usdt"": 11490893.0, ""borsa"": 1, ""fiyat"": 63525.0, ""kaynak"": ""BNB""}, {""usdt"": 7322181.0, ""borsa"": 1, ""fiyat"": 63550.0, ""kaynak"": ""BNB""}]","[{""usdt"": 14953346.0, ""borsa"": 3, ""fiyat"": 63625.0, ""kaynak"": ""BNB+BYB+OKX""}, {""usdt"": 9736232.0, ""borsa"": 1, ""fiyat"": 63675.0, ""kaynak"": ""BNB""}, {""usdt"": 9520334.0, ""borsa"": 1, ""fiyat"": 63700.0, ""kaynak"": ""BNB""}]",YOK,-0.1588,-0.0138,0.3519,1.5476,false,,false,,0,2,3,0,0,3,57.2,58.3,IZLE,,25,63622.2,,,,,SEVIYE,50,1049.8,105,,,,,,,1785280200,3,0,,22,979.7,22,,,
30354,2026-07-28 23:12:26.139948+00,63601.649999999994,-2612637.8476373977,-1203871.313,11660531130.9016,0.00006802599999999999,52830679.73892998,24742.0039,53.8,BEKLE,false,24742.0039,0.0,1.7218,181.478,67022031.82738006,60.184,53.8,0.0,"[{""usdt"": 16463810.0, ""borsa"": 3, ""fiyat"": 63575.0, ""kaynak"": ""BNB+BYB+OKX""}, {""usdt"": 10935491.0, ""borsa"": 1, ""fiyat"": 63500.0, ""kaynak"": ""BNB""}, {""usdt"": 8885409.0, ""borsa"": 1, ""fiyat"": 63550.0, ""kaynak"": ""BNB""}]","[{""usdt"": 27065053.0, ""borsa"": 3, ""fiyat"": 63600.0, ""kaynak"": ""BNB+BYB+OKX""}, {""usdt"": 11572491.0, ""borsa"": 3, ""fiyat"": 63625.0, ""kaynak"": ""BNB+BYB+OKX""}, {""usdt"": 10533476.0, ""borsa"": 1, ""fiyat"": 63700.0, ""kaynak"": ""BNB""}]",YOK,-0.2505,-0.1184,0.3731,1.0437,false,,false,,0,2,3,1,1,3,53.5,54.6,IZLE,,25,63622.2,,,,,SEVIYE,50,1050.8,105,,,,,,,1785280200,2,0,,22,980.7,22,,,
30355,2026-07-28 23:13:26.439192+00,63602.350000000006,-2438606.530117799,-1201450.708,11659888262.168598,0.00006802599999999999,46851087.89220999,21560.6895,51.4,BEKLE,false,21560.6895,0.0,1.7218,241.719,77543048.34361006,60.241,51.4,0.0,"[{""usdt"": 11882369.0, ""borsa"": 3, ""fiyat"": 63575.0, ""kaynak"": ""BNB+BYB+OKX""}, {""usdt"": 9900390.0, ""borsa"": 1, ""fiyat"": 63500.0, ""kaynak"": ""BNB""}, {""usdt"": 9071442.0, ""borsa"": 3, ""fiyat"": 63600.0, ""kaynak"": ""BNB+BYB+OKX""}]","[{""usdt"": 34604464.0, ""borsa"": 3, ""fiyat"": 63600.0, ""kaynak"": ""BNB+BYB+OKX""}, {""usdt"": 14844475.0, ""borsa"": 3, ""fiyat"": 63625.0, ""kaynak"": ""BNB+BYB+OKX""}, {""usdt"": 8615914.0, ""borsa"": 1, ""fiyat"": 63700.0, ""kaynak"": ""BNB""}]",YOK,-0.1555,-0.2467,0.2743,0.7098,false,,false,,0,2,3,0,2,3,49.9,51,IZLE,,25,63622.2,,,,,SEVIYE,50,1051.8,106,,,,,,,1785280200,2,0,,22,1051.8,22,,,
30356,2026-07-28 23:14:26.7834+00,63583.95,-2464689.494173999,-1160347.1,11660362821.2584,0.00006802599999999999,48901555.79853997,21560.6895,51.1,BEKLE,,21560.6895,0.0,1.7218,302.154,74923765.03148009,120.676,51.1,0.0,"[{""usdt"": 12168140.0, ""borsa"": 1, ""fiyat"": 63500.0, ""kaynak"": ""BNB""}, {""usdt"": 11567935.0, ""borsa"": 3, ""fiyat"": 63600.0, ""kaynak"": ""BNB+BYB+OKX""}, {""usdt"": 8605636.0, ""borsa"": 1, ""fiyat"": 63575.0, ""kaynak"": ""BNB""}]","[{""usdt"": 29210634.0, ""borsa"": 1, ""fiyat"": 63600.0, ""kaynak"": ""BNB""}, {""usdt"": 14124815.0, ""borsa"": 3, ""fiyat"": 63625.0, ""kaynak"": ""BNB+BYB+OKX""}, {""usdt"": 9978549.0, ""borsa"": 3, ""fiyat"": 63650.0, ""kaynak"": ""BNB+BYB+OKX""}]",YOK,-0.1982,-0.2102,0.293,1.5509,false,,false,,0,3,3,0,2,3,46.5,47.5,IZLE,,25,63622.2,,,,,SEVIYE,50,1052.8,106,,,,,,,1785280200,2,1,,22,1052.8,22,,,
30357,2026-07-28 23:15:27.13229+00,63614.95,-2603430.8449263005,-1226472.76,11649626546.811699,0.00006802599999999999,51408262.14965999,53544.110700000005,58.4,BEKLE,,53544.110700000005,0.0,1.7218,241.068,71005836.32432008,120.643,58.4,0.0,"[{""usdt"": 16404907.0, ""borsa"": 3, ""fiyat"": 63575.0, ""kaynak"": ""BNB+BYB+OKX""}, {""usdt"": 10467664.0, ""borsa"": 1, ""fiyat"": 63525.0, ""kaynak"": ""BNB""}, {""usdt"": 9237278.0, ""borsa"": 1, ""fiyat"": 63500.0, ""kaynak"": ""BNB""}]","[{""usdt"": 28064426.0, ""borsa"": 3, ""fiyat"": 63625.0, ""kaynak"": ""BNB+BYB+OKX""}, {""usdt"": 13645921.0, ""borsa"": 3, ""fiyat"": 63600.0, ""kaynak"": ""BNB+BYB+OKX""}, {""usdt"": 10243083.0, ""borsa"": 1, ""fiyat"": 63700.0, ""kaynak"": ""BNB""}]",YOK,-0.1831,-0.1601,0.3135,0.0823,false,,false,,0,2,3,1,2,3,42.8,43.9,IZLE,,50,63622.2,,,,,SEVIYE+TASFIYE,50,1053.8,106,,,,,,,1785280440,2,0,,22,1053.8,22,,,
30358,2026-07-28 23:16:27.474591+00,63636.05,-1207420.7733295,-515130.11500000005,11654390649.165401,0.00006802599999999999,51768239.40780999,49161.81420000001,27.0,BEKLE,false,49161.81420000001,0.0,1.7218,301.425,57763187.81074,60.357,0.0,27.0,"[{""usdt"": 12401919.0, ""borsa"": 3, ""fiyat"": 63600.0, ""kaynak"": ""BNB+BYB+OKX""}, {""usdt"": 8685449.0, ""borsa"": 1, ""fiyat"": 63525.0, ""kaynak"": ""BNB""}, {""usdt"": 8593040.0, ""borsa"": 1, ""fiyat"": 63575.0, ""kaynak"": ""BNB""}]","[{""usdt"": 20413477.0, ""borsa"": 3, ""fiyat"": 63650.0, ""kaynak"": ""BNB+BYB+OKX""}, {""usdt"": 9319258.0, ""borsa"": 1, ""fiyat"": 63725.0, ""kaynak"": ""BNB""}, {""usdt"": 8402714.0, ""borsa"": 1, ""fiyat"": 63700.0, ""kaynak"": ""BNB""}]",YOK,-0.17,-0.0547,0.5911,1.1893,false,,true,0,0,2,3,0,1,3,39.3,40.4,IZLE,,50,63622.2,,,,,SEVIYE+TASFIYE,50,1054.8,106,PCT,0.57,23.76359352976488,37.90791442620695,true,0.021,1785280440,2,0,,22,1054.8,22,,,
30359,2026-07-28 23:17:28.257597+00,63615.350000000006,-1351771.1292263002,-614570.628,11636718475.128399,0.00006802599999999999,54738999.073679954,49161.81420000001,37.9,BEKLE,false,49161.81420000001,0.0,1.7218,362.35,67409477.54158004,121.282,0.0,37.9,"[{""usdt"": 14907928.0, ""borsa"": 3, ""fiyat"": 63600.0, ""kaynak"": ""BNB+BYB+OKX""}, {""usdt"": 11720905.0, ""borsa"": 3, ""fiyat"": 63575.0, ""kaynak"": ""BNB+BYB+OKX""}, {""usdt"": 10482075.0, ""borsa"": 1, ""fiyat"": 63500.0, ""kaynak"": ""BNB""}]","[{""usdt"": 36821192.0, ""borsa"": 3, ""fiyat"": 63625.0, ""kaynak"": ""BNB+BYB+OKX""}, {""usdt"": 7492000.0, ""borsa"": 1, ""fiyat"": 63675.0, ""kaynak"": ""BNB""}, {""usdt"": 7434862.0, ""borsa"": 1, ""fiyat"": 63725.0, ""kaynak"": ""BNB""}]",YOK,-0.1397,-0.1037,0.5792,0.4099,false,,true,0,0,2,3,0,0,3,36.4,37.5,IZLE,,50,63622.2,,,,,SEVIYE+TASFIYE,50,1055.8,106,,,,,,,1785280440,2,1,,22,1055.8,22,,,
30360,2026-07-28 23:18:28.557506+00,63614.149999999994,-1394254.038068599,-682202.9430000001,11636248882.6209,0.00006802599999999999,51851549.636619985,49161.81420000001,39.5,BEKLE,false,49161.81420000001,0.0,1.7196,241.663,70173819.99473003,181.455,0.0,39.5,"[{""usdt"": 15544981.0, ""borsa"": 3, ""fiyat"": 63600.0, ""kaynak"": ""BNB+BYB+OKX""}, {""usdt"": 10086486.0, ""borsa"": 1, ""fiyat"": 63550.0, ""kaynak"": ""BNB""}, {""usdt"": 9174095.0, ""borsa"": 1, ""fiyat"": 63525.0, ""kaynak"": ""BNB""}]","[{""usdt"": 29049601.0, ""borsa"": 3, ""fiyat"": 63625.0, ""kaynak"": ""BNB+BYB+OKX""}, {""usdt"": 16173171.0, ""borsa"": 3, ""fiyat"": 63650.0, ""kaynak"": ""BNB+BYB+OKX""}, {""usdt"": 7367707.0, ""borsa"": 1, ""fiyat"": 63725.0, ""kaynak"": ""BNB""}]",YOK,-0.1025,-0.1502,0.5641,0.4151,false,,true,0,0,1,3,0,1,3,32.7,33.8,IZLE,,50,63622.2,,,,,SEVIYE+TASFIYE,50,1056.8,106,,,,,,,1785280440,2,2,,22,1056.8,22,,,
30361,2026-07-28 23:19:28.844725+00,63611.95,-1760971.229862099,-730183.0190000001,11633280443.941599,0.00006802599999999999,51720228.036419995,45219.31480000001,37.7,BEKLE,false,45219.31480000001,0.0,1.7196,301.964,71125786.55032012,241.756,0.0,37.7,"[{""usdt"": 12846643.0, ""borsa"": 3, ""fiyat"": 63600.0, ""kaynak"": ""BNB+BYB+OKX""}, {""usdt"": 11658251.0, ""borsa"": 3, ""fiyat"": 63575.0, ""kaynak"": ""BNB+BYB+OKX""}, {""usdt"": 9719399.0, ""borsa"": 1, ""fiyat"": 63500.0, ""kaynak"": ""BNB""}]","[{""usdt"": 42540853.0, ""borsa"": 3, ""fiyat"": 63625.0, ""kaynak"": ""BNB+BYB+OKX""}, {""usdt"": 7734073.0, ""borsa"": 1, ""fiyat"": 63700.0, ""kaynak"": ""BNB""}, {""usdt"": 7209256.0, ""borsa"": 1, ""fiyat"": 63675.0, ""kaynak"": ""BNB""}]",YOK,-0.1097,-0.158,0.5128,1.3294,false,,true,0,0,1,3,1,2,3,29.2,30.2,IZLE,,50,63622.2,,,,,SEVIYE+TASFIYE,50,1057.8,106,,,,,,,1785280440,2,0,,22,1057.8,22,,,
30362,2026-07-28 23:20:29.180752+00,63630.850000000006,-2079130.1723169985,-849424.612,11631512410.8361,0.00006802599999999999,52822421.02437003,0.0,43.0,BEKLE,false,0.0,0.0,1.7196,362.404,82737427.21391995,302.196,0.0,43.0,"[{""usdt"": 13715856.0, ""borsa"": 3, ""fiyat"": 63575.0, ""kaynak"": ""BNB+BYB+OKX""}, {""usdt"": 13082718.0, ""borsa"": 1, ""fiyat"": 63500.0, ""kaynak"": ""BNB""}, {""usdt"": 9378617.0, ""borsa"": 1, ""fiyat"": 63550.0, ""kaynak"": ""BNB""}]","[{""usdt"": 35290655.0, ""borsa"": 3, ""fiyat"": 63625.0, ""kaynak"": ""BNB+BYB+OKX""}, {""usdt"": 21483521.0, ""borsa"": 3, ""fiyat"": 63600.0, ""kaynak"": ""BNB+BYB+OKX""}, {""usdt"": 8502174.0, ""borsa"": 1, ""fiyat"": 63700.0, ""kaynak"": ""BNB""}]",YOK,-0.1705,-0.2207,0.4722,0.9326,false,,true,0,0,2,3,0,3,3,25.5,26.6,HAZIRLAN,SHORT,50,63622.2,63622.2,62974.7,63709.6,8.33,SEVIYE+EMILIM,50,1058.8,106,,,,,,,,,0,0.11,22,1058.8,22,,,
30363,2026-07-28 23:21:29.868162+00,63607.55,-1205434.8095871995,-106023.36600000002,11631975087.761301,0.00006802599999999999,51976927.942569956,0.0,35.9,BEKLE,false,0.0,0.0,1.7226,422.602,59852388.55951,362.394,0.0,35.9,"[{""usdt"": 13885645.0, ""borsa"": 3, ""fiyat"": 63600.0, ""kaynak"": ""BNB+BYB+OKX""}, {""usdt"": 9832491.0, ""borsa"": 1, ""fiyat"": 63550.0, ""kaynak"": ""BNB""}, {""usdt"": 9412638.0, ""borsa"": 1, ""fiyat"": 63525.0, ""kaynak"": ""BNB""}]","[{""usdt"": 18938807.0, ""borsa"": 3, ""fiyat"": 63625.0, ""kaynak"": ""BNB+BYB+OKX""}, {""usdt"": 10749697.0, ""borsa"": 1, ""fiyat"": 63700.0, ""kaynak"": ""BNB""}, {""usdt"": 8426282.0, ""borsa"": 2, ""fiyat"": 63600.0, ""kaynak"": ""BNB+OKX""}]",YOK,-0.122,-0.0704,0.0031,2.9086,false,,false,0.5113,0,2,3,0,0,3,21.9,22.9,IZLE,,25,63622.2,,,,,SEVIYE,50,1059.8,106,,,,,,,,,0,,22,1059.8,22,,,
30364,2026-07-28 23:22:30.222816+00,63607.55,-1244652.1410399997,-82158.16500000001,11632785937.8191,0.00006802599999999999,54124970.08467996,0.0,40.6,BEKLE,false,0.0,0.0,1.7226,483.33,72530088.81793006,423.122,0.0,40.6,"[{""usdt"": 15379253.0, ""borsa"": 3, ""fiyat"": 63600.0, ""kaynak"": ""BNB+BYB+OKX""}, {""usdt"": 10631307.0, ""borsa"": 1, ""fiyat"": 63500.0, ""kaynak"": ""BNB""}, {""usdt"": 9799197.0, ""borsa"": 3, ""fiyat"": 63575.0, ""kaynak"": ""BNB+BYB+OKX""}]","[{""usdt"": 24523505.0, ""borsa"": 3, ""fiyat"": 63600.0, ""kaynak"": ""BNB+BYB+OKX""}, {""usdt"": 19539959.0, ""borsa"": 3, ""fiyat"": 63625.0, ""kaynak"": ""BNB+BYB+OKX""}, {""usdt"": 8100409.0, ""borsa"": 1, ""fiyat"": 63700.0, ""kaynak"": ""BNB""}]",YOK,-0.1408,-0.1453,0.1146,0.5435,false,,false,,0,2,3,1,1,3,18.7,19.8,IZLE,,25,63622.2,,,,,SEVIYE,50,1060.8,106,,,,,,,,,0,,22,1060.8,22,,,
30365,2026-07-28 23:23:30.465768+00,63558.75,-1219113.736636999,-79942.80600000003,11631221636.0621,0.00006802599999999999,54410562.247929946,0.0,57.6,BEKLE,false,0.0,0.0,1.7226,543.683,81398112.17420007,483.475,0.0,57.6,"[{""usdt"": 16606593.0, ""borsa"": 3, ""fiyat"": 63575.0, ""kaynak"": ""BNB+BYB+OKX""}, {""usdt"": 11902049.0, ""borsa"": 2, ""fiyat"": 63550.0, ""kaynak"": ""BNB+OKX""}, {""usdt"": 11334754.0, ""borsa"": 1, ""fiyat"": 63500.0, ""kaynak"": ""BNB""}]","[{""usdt"": 41458718.0, ""borsa"": 3, ""fiyat"": 63600.0, ""kaynak"": ""BNB+BYB+OKX""}, {""usdt"": 13436079.0, ""borsa"": 2, ""fiyat"": 63625.0, ""kaynak"": ""BNB+BYB""}, {""usdt"": 10099853.0, ""borsa"": 1, ""fiyat"": 63700.0, ""kaynak"": ""BNB""}]",YOK,-0.2455,-0.1987,0.1578,3.2649,false,,true,0.3516,0,2,3,0,1,3,15.2,16.3,IZLE,,25,63539.6,,,,,SEVIYE,50,1061.8,107,,,,,,,,,0,,20,1061.8,20,,,
30366,2026-07-28 23:24:30.758054+00,63560.75,-2042233.5608704002,-716802.048,11622867786.161999,0.00006802599999999999,52803508.278280035,354377.6307999999,8.6,BEKLE,,354377.6307999999,0.0,1.7226,603.873,85801771.4778099,181.271,0.0,8.6,"[{""usdt"": 14017512.0, ""borsa"": 3, ""fiyat"": 63525.0, ""kaynak"": ""BNB+BYB+OKX""}, {""usdt"": 10833694.0, ""borsa"": 1, ""fiyat"": 63450.0, ""kaynak"": ""BNB""}, {""usdt"": 10784350.0, ""borsa"": 1, ""fiyat"": 63500.0, ""kaynak"": ""BNB""}]","[{""usdt"": 35586398.0, ""borsa"": 1, ""fiyat"": 63600.0, ""kaynak"": ""BNB""}, {""usdt"": 15931733.0, ""borsa"": 3, ""fiyat"": 63575.0, ""kaynak"": ""BNB+BYB+OKX""}, {""usdt"": 13089880.0, ""borsa"": 1, ""fiyat"": 63625.0, ""kaynak"": ""BNB""}]",YOK,-0.1732,-0.2381,,,false,,true,0,0,2,3,0,1,3,11.3,12.4,IZLE,,50,63539.6,,,,,SEVIYE+TASFIYE,50,1062.8,107,,,,,,,1785280980,2,0,,20,1062.8,20,,,
30367,2026-07-28 23:25:31.95858+00,63546.649999999994,-1667036.6201715008,-604489.8699999999,11623009953.310501,0.00006802599999999999,51627453.84078006,474679.13359999994,30.8,BEKLE,,474679.13359999994,0.0,1.7226,665.065,83549766.88168994,242.463,0.0,30.8,"[{""usdt"": 11107040.0, ""borsa"": 3, ""fiyat"": 63525.0, ""kaynak"": ""BNB+BYB+OKX""}, {""usdt"": 10821834.0, ""borsa"": 1, ""fiyat"": 63450.0, ""kaynak"": ""BNB""}, {""usdt"": 10408611.0, ""borsa"": 3, ""fiyat"": 63550.0, ""kaynak"": ""BNB+BYB+OKX""}]","[{""usdt"": 34128302.0, ""borsa"": 2, ""fiyat"": 63600.0, ""kaynak"": ""BNB+BYB""}, {""usdt"": 17218698.0, ""borsa"": 3, ""fiyat"": 63575.0, ""kaynak"": ""BNB+BYB+OKX""}, {""usdt"": 13917700.0, ""borsa"": 1, ""fiyat"": 63625.0, ""kaynak"": ""BNB""}]",YOK,-0.1746,-0.2362,0.5202,6.9491,false,,false,1.0109,0,2,3,0,3,3,8.6,9.7,IZLE,,50,63539.6,,,,,SEVIYE+TASFIYE,50,1063.9,107,,,,,,,1785280980,2,0,,20,1063.9,20,,,
30368,2026-07-28 23:26:32.193416+00,63580.25,-2221360.2062266995,-1074706.398,11621947530.381199,0.00006802599999999999,46453347.28311006,483446.79939999996,57.3,BEKLE,true,483446.79939999996,0.0,1.7241,725.421,87755483.70633002,302.819,57.3,0.0,"[{""usdt"": 12152687.0, ""borsa"": 3, ""fiyat"": 63550.0, ""kaynak"": ""BNB+BYB+OKX""}, {""usdt"": 10459964.0, ""borsa"": 1, ""fiyat"": 63500.0, ""kaynak"": ""BNB""}, {""usdt"": 8014103.0, ""borsa"": 3, ""fiyat"": 63575.0, ""kaynak"": ""BNB+BYB+OKX""}]","[{""usdt"": 47976773.0, ""borsa"": 3, ""fiyat"": 63600.0, ""kaynak"": ""BNB+BYB+OKX""}, {""usdt"": 12523051.0, ""borsa"": 1, ""fiyat"": 63625.0, ""kaynak"": ""BNB""}, {""usdt"": 8985454.0, ""borsa"": 1, ""fiyat"": 63675.0, ""kaynak"": ""BNB""}]",YOK,-0.191,-0.3077,0.4033,0.7088,false,,false,,0,2,3,0,2,3,5.1,6.2,IZLE,,50,63539.6,,,,,SEVIYE+TASFIYE,50,1064.9,107,,,,,,,1785281100,2,0,,20,1064.9,20,,,
30369,2026-07-28 23:27:32.51949+00,63587.55,-1911986.6916756989,-673183.523,11630779531.2821,0.00006802599999999999,48419020.691709995,483447.79539999994,46.3,BEKLE,,483447.79539999994,0.0,1.7241,785.624,89205152.69353004,363.022,46.3,0.0,"[{""usdt"": 12408380.0, ""borsa"": 1, ""fiyat"": 63500.0, ""kaynak"": ""BNB""}, {""usdt"": 10919678.0, ""borsa"": 3, ""fiyat"": 63550.0, ""kaynak"": ""BNB+BYB+OKX""}, {""usdt"": 10131752.0, ""borsa"": 3, ""fiyat"": 63575.0, ""kaynak"": ""BNB+BYB+OKX""}]","[{""usdt"": 50360864.0, ""borsa"": 3, ""fiyat"": 63600.0, ""kaynak"": ""BNB+BYB+OKX""}, {""usdt"": 12654063.0, ""borsa"": 1, ""fiyat"": 63625.0, ""kaynak"": ""BNB""}, {""usdt"": 10469673.0, ""borsa"": 1, ""fiyat"": 63675.0, ""kaynak"": ""BNB""}]",YOK,-0.1831,-0.2964,0.4212,0.8256,false,,false,,0,2,3,0,2,3,1.4,63.8,IZLE,,25,63622.2,,,,,SEVIYE,50,1065.9,107,,,,,,,1785281100,2,0,,20,1065.9,20,,,
30370,2026-07-28 23:28:32.902693+00,63575.350000000006,-2381331.7580876984,-692986.348,11629479629.91,0.00006802599999999999,48753997.379,483447.79539999994,48.1,BEKLE,true,483447.79539999994,0.0,1.7241,845.959,87244245.95865004,423.357,48.1,0.0,"[{""usdt"": 13113422.0, ""borsa"": 3, ""fiyat"": 63575.0, ""kaynak"": ""BNB+BYB+OKX""}, {""usdt"": 12408380.0, ""borsa"": 1, ""fiyat"": 63500.0, ""kaynak"": ""BNB""}, {""usdt"": 7959813.0, ""borsa"": 2, ""fiyat"": 63550.0, ""kaynak"": ""BNB+OKX""}]","[{""usdt"": 49975609.0, ""borsa"": 3, ""fiyat"": 63600.0, ""kaynak"": ""BNB+BYB+OKX""}, {""usdt"": 13227411.0, ""borsa"": 2, ""fiyat"": 63625.0, ""kaynak"": ""BNB+BYB""}, {""usdt"": 10469673.0, ""borsa"": 1, ""fiyat"": 63675.0, ""kaynak"": ""BNB""}]",YOK,-0.1831,-0.283,0.5499,0.5141,false,,false,,0,2,3,0,2,3,61.7,62.8,IZLE,,25,63539.6,,,,,SEVIYE,50,1066.9,107,,,,,,,1785281100,2,1,,20,1066.9,20,,,
30371,2026-07-28 23:29:33.144194+00,63607.55,-846431.2440532021,-559473.233,11634123318.919998,0.00006802599999999999,47606350.82036001,10612.774699999998,17.6,BEKLE,false,8768.661799999998,1844.1129,1.7241,906.352,85253697.81799,483.75,0.0,17.6,"[{""usdt"": 12152594.0, ""borsa"": 3, ""fiyat"": 63550.0, ""kaynak"": ""BNB+BYB+OKX""}, {""usdt"": 11862362.0, ""borsa"": 1, ""fiyat"": 63500.0, ""kaynak"": ""BNB""}, {""usdt"": 7657384.0, ""borsa"": 3, ""fiyat"": 63575.0, ""kaynak"": ""BNB+BYB+OKX""}]","[{""usdt"": 47553133.0, ""borsa"": 3, ""fiyat"": 63600.0, ""kaynak"": ""BNB+BYB+OKX""}, {""usdt"": 12974843.0, ""borsa"": 1, ""fiyat"": 63625.0, ""kaynak"": ""BNB""}, {""usdt"": 8955165.0, ""borsa"": 1, ""fiyat"": 63675.0, ""kaynak"": ""BNB""}]",YOK,-0.1475,-0.2834,0.8305,2.1272,false,,false,1.5763,0,2,3,0,2,3,58.3,59.4,IZLE,,25,63622.2,,,,,SEVIYE,50,1067.9,107,,,,,,,1785281280,2,0,,20,1067.9,20,,,
30372,2026-07-28 23:30:33.69931+00,63659.45,66975.71619259378,-306987.58400000003,11636303243.0027,0.00006802599999999999,50712002.53353997,1844.1129,20.3,BEKLE,,0.0,1844.1129,1.7241,966.548,74981935.22334015,543.946,0.0,20.3,"[{""usdt"": 14407012.0, ""borsa"": 3, ""fiyat"": 63600.0, ""kaynak"": ""BNB+BYB+OKX""}, {""usdt"": 12149358.0, ""borsa"": 1, ""fiyat"": 63525.0, ""kaynak"": ""BNB""}, {""usdt"": 9068646.0, ""borsa"": 1, ""fiyat"": 63500.0, ""kaynak"": ""BNB""}]","[{""usdt"": 25560990.0, ""borsa"": 3, ""fiyat"": 63625.0, ""kaynak"": ""BNB+BYB+OKX""}, {""usdt"": 18362837.0, ""borsa"": 1, ""fiyat"": 63600.0, ""kaynak"": ""BNB""}, {""usdt"": 8380805.0, ""borsa"": 2, ""fiyat"": 63650.0, ""kaynak"": ""BNB+BYB""}]",YOK,-0.0599,-0.1931,0.7898,3.3631,false,,false,1.3751,0,0,3,0,2,3,54.6,55.7,IZLE,,25,63622.2,,,,,SEVIYE,50,1068.9,107,PCT,0.86,0.26401115479054277,102.92072562284513,false,0.03,1785281280,1,0,,20,1068.9,20,,,
30373,2026-07-28 23:31:34.834186+00,63685.149999999994,452987.63431729394,455563.60899999994,11656631007.259499,0.00006802599999999999,49264098.46855999,1844.1129,33.0,BEKLE,false,0.0,1844.1129,1.7241,0,52354249.64873004,61.158,0.0,33.0,"[{""usdt"": 13065527.0, ""borsa"": 3, ""fiyat"": 63650.0, ""kaynak"": ""BNB+BYB+OKX""}, {""usdt"": 9321236.0, ""borsa"": 1, ""fiyat"": 63575.0, ""kaynak"": ""BNB""}, {""usdt"": 8256760.0, ""borsa"": 1, ""fiyat"": 63550.0, ""kaynak"": ""BNB""}]","[{""usdt"": 16245440.0, ""borsa"": 3, ""fiyat"": 63675.0, ""kaynak"": ""BNB+BYB+OKX""}, {""usdt"": 9239649.0, ""borsa"": 1, ""fiyat"": 63725.0, ""kaynak"": ""BNB""}, {""usdt"": 9202862.0, ""borsa"": 1, ""fiyat"": 63750.0, ""kaynak"": ""BNB""}]",YOK,0.0022,-0.0304,0.5297,1.3594,false,,false,1.7529,1,0,3,0,0,3,52,53,IZLE,,25,63697.8,,,,,SEVIYE,75,218.7,22,,,,,,,1785281280,1,1,,20,1069.9,20,,,
30374,2026-07-28 23:32:35.149678+00,63718.05,1162672.310484394,1194001.708,11662645043.852802,0.00006802599999999999,51505000.39218004,1844.1129,0.0,BEKLE,,0.0,1844.1129,1.7241,60.638,49456415.14975,0,0.0,0.0,"[{""usdt"": 13479858.0, ""borsa"": 3, ""fiyat"": 63675.0, ""kaynak"": ""BNB+BYB+OKX""}, {""usdt"": 10545989.0, ""borsa"": 3, ""fiyat"": 63650.0, ""kaynak"": ""BNB+BYB+OKX""}, {""usdt"": 9916786.0, ""borsa"": 1, ""fiyat"": 63600.0, ""kaynak"": ""BNB""}]","[{""usdt"": 15668160.0, ""borsa"": 3, ""fiyat"": 63700.0, ""kaynak"": ""BNB+BYB+OKX""}, {""usdt"": 11939817.0, ""borsa"": 1, ""fiyat"": 63775.0, ""kaynak"": ""BNB""}, {""usdt"": 8291435.0, ""borsa"": 1, ""fiyat"": 63750.0, ""kaynak"": ""BNB""}]",YOK,0.0673,0.0203,0.5149,1.4296,false,,false,2.9151,1,0,3,1,0,3,48.5,49.6,IZLE,,25,63697.8,,,,,SEVIYE,75,219.7,22,,,,,,,1785281280,1,2,,20,1070.9,20,,,
30375,2026-07-28 23:33:35.427903+00,63740.350000000006,1495967.7703941935,2052815.6840000001,11663373957.661999,0.00006802599999999999,50697385.847609915,191.1867,0.0,BEKLE,,0.0,191.1867,1.7233,0,44941833.115309976,0,0.0,0.0,"[{""usdt"": 15489655.0, ""borsa"": 3, ""fiyat"": 63725.0, ""kaynak"": ""BNB+BYB+OKX""}, {""usdt"": 9191744.0, ""borsa"": 1, ""fiyat"": 63650.0, ""kaynak"": ""BNB""}, {""usdt"": 8835571.0, ""borsa"": 3, ""fiyat"": 63700.0, ""kaynak"": ""BNB+BYB+OKX""}]","[{""usdt"": 10723105.0, ""borsa"": 3, ""fiyat"": 63750.0, ""kaynak"": ""BNB+BYB+OKX""}, {""usdt"": 9575237.0, ""borsa"": 1, ""fiyat"": 63825.0, ""kaynak"": ""BNB""}, {""usdt"": 9198777.0, ""borsa"": 1, ""fiyat"": 63800.0, ""kaynak"": ""BNB""}]",YOK,0.1265,0.0602,0.4759,1.3186,false,,false,5.2735,1,0,3,2,0,3,44.9,46,IZLE,,25,63756.6,,,,,SEVIYE,75,350.9,36,,,,,,,1785281520,1,0,,21,1071.9,21,,,
30376,2026-07-28 23:34:35.734938+00,63779.55,2778909.6912653926,3117061.0069999998,11672296859.762001,0.00006802599999999999,46488468.69504997,892.7125,0.0,BEKLE,,0.0,892.7125,1.7233,60.239,48392181.29947998,60.239,0.0,0.0,"[{""usdt"": 15890995.0, ""borsa"": 3, ""fiyat"": 63725.0, ""kaynak"": ""BNB+BYB+OKX""}, {""usdt"": 8652438.0, ""borsa"": 1, ""fiyat"": 63675.0, ""kaynak"": ""BNB""}, {""usdt"": 8405101.0, ""borsa"": 1, ""fiyat"": 63650.0, ""kaynak"": ""BNB""}]","[{""usdt"": 10941860.0, ""borsa"": 3, ""fiyat"": 63750.0, ""kaynak"": ""BNB+BYB+OKX""}, {""usdt"": 10334267.0, ""borsa"": 1, ""fiyat"": 63825.0, ""kaynak"": ""BNB""}, {""usdt"": 9641380.0, ""borsa"": 1, ""fiyat"": 63850.0, ""kaynak"": ""BNB""}]",SPOT,0.1598,-0.0201,0.388,1.1981,false,,false,7.2721,1,0,3,0,0,3,41.3,42.4,IZLE,,25,63756.6,,,,,SEVIYE,75,351.9,36,,,,,,,1785281640,1,0,,21,1072.9,21,,,
30377,2026-07-28 23:35:36.022407+00,63779.149999999994,3753211.2554650954,3639156.47,11673148028.139599,0.00006802599999999999,47438997.41467998,892.7265000000001,24.2,BEKLE,false,0.0,892.7265000000001,1.7233,0,46061819.57939002,0,0.0,24.2,"[{""usdt"": 11502714.0, ""borsa"": 3, ""fiyat"": 63750.0, ""kaynak"": ""BNB+BYB+OKX""}, {""usdt"": 9322656.0, ""borsa"": 3, ""fiyat"": 63775.0, ""kaynak"": ""BNB+BYB+OKX""}, {""usdt"": 9251751.0, ""borsa"": 1, ""fiyat"": 63700.0, ""kaynak"": ""BNB""}]","[{""usdt"": 12367758.0, ""borsa"": 3, ""fiyat"": 63800.0, ""kaynak"": ""BNB+BYB+OKX""}, {""usdt"": 10293306.0, ""borsa"": 1, ""fiyat"": 63850.0, ""kaynak"": ""BNB""}, {""usdt"": 7207737.0, ""borsa"": 1, ""fiyat"": 63875.0, ""kaynak"": ""BNB""}]",SPOT,0.1712,0.0147,0.3752,0.7924,false,,false,,2,0,3,2,0,3,37.8,38.9,IZLE,,25,63756.6,,,,,SEVIYE,75,352.9,36,,,,,,,1785281640,1,0,,21,1073.9,21,,,
30378,2026-07-28 23:36:36.277067+00,63763.350000000006,3327289.7181311958,3255047.3889999995,11667800176.3666,0.00006802599999999999,51098758.89204001,892.7265000000001,39.6,BEKLE,false,0.0,892.7265000000001,1.7315,60.207,47273017.94021002,60.207,0.0,39.6,"[{""usdt"": 11952450.0, ""borsa"": 3, ""fiyat"": 63750.0, ""kaynak"": ""BNB+BYB+OKX""}, {""usdt"": 10252513.0, ""borsa"": 3, ""fiyat"": 63725.0, ""kaynak"": ""BNB+BYB+OKX""}, {""usdt"": 9714334.0, ""borsa"": 1, ""fiyat"": 63700.0, ""kaynak"": ""BNB""}]","[{""usdt"": 12910957.0, ""borsa"": 3, ""fiyat"": 63775.0, ""kaynak"": ""BNB+BYB+OKX""}, {""usdt"": 9393201.0, ""borsa"": 1, ""fiyat"": 63825.0, ""kaynak"": ""BNB""}, {""usdt"": 8083404.0, ""borsa"": 1, ""fiyat"": 63800.0, ""kaynak"": ""BNB""}]",YOK,0.1068,0.0389,0.3976,0.7032,false,,false,,1,0,3,1,0,3,33.9,35,IZLE,,25,63756.6,,,,,SEVIYE,75,353.9,36,,,,,,,1785281640,1,1,,21,1074.9,21,,,
30379,2026-07-28 23:37:36.648682+00,63736.75,3324752.5750748944,3207252.5690000006,11667233778.4651,0.00006802599999999999,51444411.26024005,701.5398000000001,48.6,BEKLE,false,0.0,701.5398000000001,1.7315,60.308,48257125.141840026,60.308,0.0,48.6,"[{""usdt"": 14302696.0, ""borsa"": 3, ""fiyat"": 63725.0, ""kaynak"": ""BNB+BYB+OKX""}, {""usdt"": 9141352.0, ""borsa"": 1, ""fiyat"": 63700.0, ""kaynak"": ""BNB""}, {""usdt"": 9007163.0, ""borsa"": 1, ""fiyat"": 63650.0, ""kaynak"": ""BNB""}]","[{""usdt"": 12402460.0, ""borsa"": 3, ""fiyat"": 63775.0, ""kaynak"": ""BNB+BYB+OKX""}, {""usdt"": 9344790.0, ""borsa"": 1, ""fiyat"": 63825.0, ""kaynak"": ""BNB""}, {""usdt"": 8371329.0, ""borsa"": 1, ""fiyat"": 63850.0, ""kaynak"": ""BNB""}]",YOK,0.0721,0.032,0.4084,0.2295,true,0,false,,0,0,3,1,0,3,30.3,31.4,IZLE,,25,63756.6,,,,,SEVIYE,75,354.9,36,,,,,,,1785281640,1,0,,21,1075.9,21,,,
30380,2026-07-28 23:38:36.871192+00,63756.55,3384523.9327056957,3362642.855,11668894019.767101,0.00006802599999999999,51761061.12904,637.8090000000001,37.7,BEKLE,false,0.0,637.8090000000001,1.7315,120.657,44200269.36022999,60.349,0.0,37.7,"[{""usdt"": 13154389.0, ""borsa"": 3, ""fiyat"": 63725.0, ""kaynak"": ""BNB+BYB+OKX""}, {""usdt"": 11219021.0, ""borsa"": 3, ""fiyat"": 63750.0, ""kaynak"": ""BNB+BYB+OKX""}, {""usdt"": 8727725.0, ""borsa"": 1, ""fiyat"": 63675.0, ""kaynak"": ""BNB""}]","[{""usdt"": 12242625.0, ""borsa"": 3, ""fiyat"": 63775.0, ""kaynak"": ""BNB+BYB+OKX""}, {""usdt"": 9256733.0, ""borsa"": 1, ""fiyat"": 63800.0, ""kaynak"": ""BNB""}, {""usdt"": 8770145.0, ""borsa"": 1, ""fiyat"": 63825.0, ""kaynak"": ""BNB""}]",YOK,0.1392,0.0788,0.4811,0.268,true,0,false,,1,0,3,2,0,3,26.3,27.4,IZLE,,25,63756.6,,,,,SEVIYE,75,355.9,36,,,,,,,1785281640,1,0,,21,1076.9,21,,,
30381,2026-07-28 23:39:37.121468+00,63745.95,3418435.059145897,3364366.8860000004,11668192566.0643,0.00006802599999999999,46541975.66401001,0.0,24.8,BEKLE,false,0.0,0.0,1.7315,60.189,46920325.60830997,0,0.0,24.8,"[{""usdt"": 15101674.0, ""borsa"": 3, ""fiyat"": 63725.0, ""kaynak"": ""BNB+BYB+OKX""}, {""usdt"": 9847381.0, ""borsa"": 1, ""fiyat"": 63675.0, ""kaynak"": ""BNB""}, {""usdt"": 7083516.0, ""borsa"": 1, ""fiyat"": 63650.0, ""kaynak"": ""BNB""}]","[{""usdt"": 10794751.0, ""borsa"": 3, ""fiyat"": 63775.0, ""kaynak"": ""BNB+BYB+OKX""}, {""usdt"": 9635089.0, ""borsa"": 1, ""fiyat"": 63800.0, ""kaynak"": ""BNB""}, {""usdt"": 7965158.0, ""borsa"": 1, ""fiyat"": 63850.0, ""kaynak"": ""BNB""}]",YOK,0.0951,-0.004,0.6244,2.1294,true,0,false,,0,0,3,1,0,3,22.7,23.8,IZLE,,25,63756.6,,,,,SEVIYE,75,356.9,36,,,,,,,,,0,,21,1078.0,21,,,
30382,2026-07-28 23:40:37.505732+00,63779.149999999994,162097.2516886008,978.9910000000025,11672959155.1913,0.00006802599999999999,45410989.96014995,0.0,66.3,BEKLE,true,0.0,0.0,1.7315,60.281,45607537.35097996,60.281,66.3,0.0,"[{""usdt"": 13130532.0, ""borsa"": 3, ""fiyat"": 63750.0, ""kaynak"": ""BNB+BYB+OKX""}, {""usdt"": 9417679.0, ""borsa"": 1, ""fiyat"": 63675.0, ""kaynak"": ""BNB""}, {""usdt"": 7119295.0, ""borsa"": 1, ""fiyat"": 63700.0, ""kaynak"": ""BNB""}]","[{""usdt"": 10216117.0, ""borsa"": 3, ""fiyat"": 63800.0, ""kaynak"": ""BNB+BYB+OKX""}, {""usdt"": 9551365.0, ""borsa"": 1, ""fiyat"": 63875.0, ""kaynak"": ""BNB""}, {""usdt"": 8219141.0, ""borsa"": 3, ""fiyat"": 63775.0, ""kaynak"": ""BNB+BYB+OKX""}]",SPOT,0.2146,-0.0022,0.3882,0,true,0,false,,3,0,3,0,0,3,19.1,20.2,HAZIRLAN,LONG,50,63756.6,63825,64056.9,63749.8,9.45,SEVIYE+EMILIM,75,357.9,36,,,,,,,,,0,1.56,21,1079.0,21,,,
30383,2026-07-28 23:41:37.766604+00,63802.45,491076.06182670104,979.3030000000025,11673422989.310799,0.00006802599999999999,49979907.32658994,0.0,91.3,BEKLE,true,0.0,0.0,1.7307,120.644,43282599.74626997,120.644,91.3,0.0,"[{""usdt"": 11570514.0, ""borsa"": 3, ""fiyat"": 63750.0, ""kaynak"": ""BNB+BYB+OKX""}, {""usdt"": 9234103.0, ""borsa"": 3, ""fiyat"": 63775.0, ""kaynak"": ""BNB+BYB+OKX""}, {""usdt"": 8976301.0, ""borsa"": 1, ""fiyat"": 63675.0, ""kaynak"": ""BNB""}]","[{""usdt"": 12954643.0, ""borsa"": 3, ""fiyat"": 63800.0, ""kaynak"": ""BNB+BYB+OKX""}, {""usdt"": 8814500.0, ""borsa"": 1, ""fiyat"": 63825.0, ""kaynak"": ""BNB""}, {""usdt"": 8811107.0, ""borsa"": 1, ""fiyat"": 63875.0, ""kaynak"": ""BNB""}]",SPOT,0.1735,0.0718,0.3591,0.3214,true,0,false,,1,0,3,1,0,3,15.2,16.2,HAZIRLAN,LONG,50,63825,63825,64056.9,63749.8,4.83,SEVIYE+EMILIM,100,348.9,35,,,,,,,,,0,0.43,21,1080.0,21,LONG,duvar,91.30131325774997
30384,2026-07-28 23:42:39.367888+00,63754.45,209958.73417721028,1023.0730000000026,11672718448.1306,0.00006802599999999999,46725652.92958994,7525.0724,86.1,BEKLE,true,0.0,7525.0724,1.7307,121.719,45105404.21138998,121.719,86.1,0.0,"[{""usdt"": 13492254.0, ""borsa"": 3, ""fiyat"": 63750.0, ""kaynak"": ""BNB+BYB+OKX""}, {""usdt"": 9525040.0, ""borsa"": 1, ""fiyat"": 63700.0, ""kaynak"": ""BNB""}, {""usdt"": 8560635.0, ""borsa"": 3, ""fiyat"": 63725.0, ""kaynak"": ""BNB+BYB+OKX""}]","[{""usdt"": 11085595.0, ""borsa"": 3, ""fiyat"": 63775.0, ""kaynak"": ""BNB+BYB+OKX""}, {""usdt"": 8352620.0, ""borsa"": 1, ""fiyat"": 63850.0, ""kaynak"": ""BNB""}, {""usdt"": 7848959.0, ""borsa"": 1, ""fiyat"": 63825.0, ""kaynak"": ""BNB""}]",YOK,0.1065,0.0176,0.3845,0.1419,true,0,false,,1,0,3,0,0,3,12.6,13.7,IZLE,,25,63756.6,,,,,SEVIYE,75,360.0,36,,,,,,,1785282060,1,0,,21,1081.0,21,,,
30385,2026-07-28 23:43:39.76753+00,63735.05,243198.8434994209,4072197.409,11669020458.089401,0.00006802599999999999,47188403.87244002,7525.0724,32.5,BEKLE,,0.0,7525.0724,1.7307,0,41692875.69189999,0,0.0,32.5,"[{""usdt"": 14376143.0, ""borsa"": 3, ""fiyat"": 63725.0, ""kaynak"": ""BNB+BYB+OKX""}, {""usdt"": 8449368.0, ""borsa"": 1, ""fiyat"": 63650.0, ""kaynak"": ""BNB""}, {""usdt"": 8338963.0, ""borsa"": 1, ""fiyat"": 63675.0, ""kaynak"": ""BNB""}]","[{""usdt"": 10533310.0, ""borsa"": 3, ""fiyat"": 63750.0, ""kaynak"": ""BNB+BYB+OKX""}, {""usdt"": 9301357.0, ""borsa"": 1, ""fiyat"": 63800.0, ""kaynak"": ""BNB""}, {""usdt"": 7840940.0, ""borsa"": 1, ""fiyat"": 63850.0, ""kaynak"": ""BNB""}]",YOK,0.113,0.0618,0.7328,0.3396,true,0,false,,0,0,3,1,0,3,9.4,10.5,IZLE,,25,63697.2,,,,,SEVIYE,75,230.8,24,,,,,,,1785282060,1,1,,19,1011.9,19,,,
30386,2026-07-28 23:44:40.072468+00,63810.350000000006,610997.8200034221,1032.6600000000026,11679453512.3662,0.00006802599999999999,49971795.89121997,7525.0724,91.4,BEKLE,true,0.0,7525.0724,1.7307,0,51700889.53451997,0,91.4,0.0,"[{""usdt"": 14477291.0, ""borsa"": 3, ""fiyat"": 63800.0, ""kaynak"": ""BNB+BYB+OKX""}, {""usdt"": 10976645.0, ""borsa"": 1, ""fiyat"": 63725.0, ""kaynak"": ""BNB""}, {""usdt"": 10536419.0, ""borsa"": 3, ""fiyat"": 63775.0, ""kaynak"": ""BNB+BYB+OKX""}]","[{""usdt"": 14240175.0, ""borsa"": 3, ""fiyat"": 63825.0, ""kaynak"": ""BNB+BYB+OKX""}, {""usdt"": 10768745.0, ""borsa"": 1, ""fiyat"": 63875.0, ""kaynak"": ""BNB""}, {""usdt"": 9813965.0, ""borsa"": 1, ""fiyat"": 63900.0, ""kaynak"": ""BNB""}]",SPOT,0.2101,-0.017,0.3408,0.5294,true,0,false,,2,0,3,1,1,3,5.5,6.6,HAZIRLAN,LONG,50,63833.6,63833.6,64056.9,63775.6,7.09,SEVIYE+EMILIM,100,352.0,36,,,,,,,1785282060,1,2,0.67,19,1012.9,19,LONG,duvar,91.4443449743571
30387,2026-07-28 23:45:40.492448+00,63832.850000000006,-2211811.0083022765,1288428.1940000001,11676900671.9976,0.00006802599999999999,49916920.776930004,7525.0724,43.9,BEKLE,false,0.0,7525.0724,1.7307,60.395,51714698.952689946,60.395,0.0,43.9,"[{""usdt"": 14302399.0, ""borsa"": 3, ""fiyat"": 63800.0, ""kaynak"": ""BNB+BYB+OKX""}, {""usdt"": 8404465.0, ""borsa"": 3, ""fiyat"": 63825.0, ""kaynak"": ""BNB+BYB+OKX""}, {""usdt"": 7917158.0, ""borsa"": 1, ""fiyat"": 63725.0, ""kaynak"": ""BNB""}]","[{""usdt"": 17218101.0, ""borsa"": 3, ""fiyat"": 63850.0, ""kaynak"": ""BNB+BYB+OKX""}, {""usdt"": 11894904.0, ""borsa"": 1, ""fiyat"": 63875.0, ""kaynak"": ""BNB""}, {""usdt"": 9653832.0, ""borsa"": 1, ""fiyat"": 63900.0, ""kaynak"": ""BNB""}]",SPOT,0.2159,-0.0177,0.5332,0.8163,true,0.3755,false,,2,0,3,0,1,3,2,3.1,HAZIRLAN,LONG,50,63833.6,63833.6,64056.9,63775.6,3.91,SEVIYE+EMILIM,100,353.0,36,,,,,,,1785282060,1,3,0.01,19,1013.9,19,,,
30388,2026-07-28 23:46:41.358919+00,63860.649999999994,-1453985.1159984756,1868488.251,11683960555.633701,0.00006802599999999999,49897020.70542996,19223.108500000002,53.1,BEKLE,false,0.0,19223.108500000002,1.7307,0,50888239.46599,121.249,0.0,53.1,"[{""usdt"": 15185547.0, ""borsa"": 3, ""fiyat"": 63800.0, ""kaynak"": ""BNB+BYB+OKX""}, {""usdt"": 11869401.0, ""borsa"": 3, ""fiyat"": 63825.0, ""kaynak"": ""BNB+BYB+OKX""}, {""usdt"": 9250148.0, ""borsa"": 1, ""fiyat"": 63750.0, ""kaynak"": ""BNB""}]","[{""usdt"": 10767504.0, ""borsa"": 1, ""fiyat"": 63950.0, ""kaynak"": ""BNB""}, {""usdt"": 9843582.0, ""borsa"": 3, ""fiyat"": 63850.0, ""kaynak"": ""BNB+BYB+OKX""}, {""usdt"": 8150506.0, ""borsa"": 1, ""fiyat"": 63900.0, ""kaynak"": ""BNB""}]",SPOT,0.2159,-0.0098,0.3922,0.7939,false,0.6527,false,,2,0,3,0,1,3,62.9,61.4,IZLE,,25,63872.6,,,,,SEVIYE,50,354.0,36,,,,,,,1785282360,2,0,,19,1014.9,19,,,
30389,2026-07-28 23:47:41.549904+00,63894.95,-1641216.3523271754,1971658.829,11681583955.5486,0.00006802599999999999,50775365.89719996,19222.346,0.0,BEKLE,,0.0,19222.346,1.7307,60.306,44962778.251880005,181.555,0.0,0.0,"[{""usdt"": 14861868.0, ""borsa"": 3, ""fiyat"": 63850.0, ""kaynak"": ""BNB+BYB+OKX""}, {""usdt"": 9812129.0, ""borsa"": 1, ""fiyat"": 63800.0, ""kaynak"": ""BNB""}, {""usdt"": 9250148.0, ""borsa"": 1, ""fiyat"": 63750.0, ""kaynak"": ""BNB""}]","[{""usdt"": 11297636.0, ""borsa"": 3, ""fiyat"": 63875.0, ""kaynak"": ""BNB+BYB+OKX""}, {""usdt"": 10767504.0, ""borsa"": 1, ""fiyat"": 63950.0, ""kaynak"": ""BNB""}, {""usdt"": 9337388.0, ""borsa"": 3, ""fiyat"": 63900.0, ""kaynak"": ""BNB+BYB+OKX""}]",SPOT,0.1803,0.0607,0.3679,1.8903,false,0.8295,false,,2,0,3,1,0,3,59.3,60.4,IZLE,,25,63872.6,,,,,SEVIYE,50,355.0,36,,,,,,,1785282360,2,0,,19,1015.9,19,,,
30390,2026-07-28 23:48:41.913795+00,63918.55,-1375557.5057781755,2461118.6679999996,11687516496.203602,0.00006802599999999999,47683227.567219995,20436.408000000003,97.5,BEKLE,true,0.0,20436.408000000003,1.73,120.484,45612867.55481999,120.484,97.5,0.0,"[{""usdt"": 13898801.0, ""borsa"": 3, ""fiyat"": 63875.0, ""kaynak"": ""BNB+BYB+OKX""}, {""usdt"": 8555203.0, ""borsa"": 1, ""fiyat"": 63825.0, ""kaynak"": ""BNB""}, {""usdt"": 7271260.0, ""borsa"": 1, ""fiyat"": 63800.0, ""kaynak"": ""BNB""}]","[{""usdt"": 11279186.0, ""borsa"": 3, ""fiyat"": 63925.0, ""kaynak"": ""BNB+BYB+OKX""}, {""usdt"": 9929761.0, ""borsa"": 1, ""fiyat"": 63975.0, ""kaynak"": ""BNB""}, {""usdt"": 9039593.0, ""borsa"": 1, ""fiyat"": 64000.0, ""kaynak"": ""BNB""}]",SPOT,0.2789,0.0222,0.3836,2.9453,false,1.3451,false,,3,0,3,2,0,3,55.6,56.6,IZLE,,25,63917.9,,,,,SEVIYE,50,476.1,48,,,,,,,1785282420,2,0,,19,1016.9,19,LONG,duvar,97.47097335664868
30391,2026-07-28 23:49:42.24899+00,63893.95,-1411256.0303634766,2455087.068,11685582825.7816,0.00006802599999999999,46231523.927749954,20756.000500000002,47.3,BEKLE,,0.0,20756.000500000002,1.73,60.455,49659427.381009966,180.939,0.0,47.3,"[{""usdt"": 15922987.0, ""borsa"": 3, ""fiyat"": 63900.0, ""kaynak"": ""BNB+BYB+OKX""}, {""usdt"": 9095172.0, ""borsa"": 1, ""fiyat"": 63850.0, ""kaynak"": ""BNB""}, {""usdt"": 8009369.0, ""borsa"": 1, ""fiyat"": 63825.0, ""kaynak"": ""BNB""}]","[{""usdt"": 13535024.0, ""borsa"": 1, ""fiyat"": 64000.0, ""kaynak"": ""BNB""}, {""usdt"": 10362512.0, ""borsa"": 3, ""fiyat"": 63950.0, ""kaynak"": ""BNB+BYB+OKX""}, {""usdt"": 9863065.0, ""borsa"": 3, ""fiyat"": 63925.0, ""kaynak"": ""BNB+BYB+OKX""}]",SPOT,0.2123,-0.0357,0.338,0.9451,false,2.9481,false,,3,0,3,2,0,3,52.1,53.2,IZLE,,25,63872.6,,,,,SEVIYE,50,357.0,36,,,,,,,1785282480,2,0,,19,1017.9,19,,,
30392,2026-07-28 23:50:42.75832+00,63877.75,-6579340.899203377,1581538.398,11686467265.1203,0.00006802599999999999,49134443.66309004,5429.4805,30.6,BEKLE,,0.0,5429.4805,1.73,0,52319471.10723997,241.201,0.0,30.6,"[{""usdt"": 11895455.0, ""borsa"": 3, ""fiyat"": 63850.0, ""kaynak"": ""BNB+BYB+OKX""}, {""usdt"": 11280256.0, ""borsa"": 3, ""fiyat"": 63875.0, ""kaynak"": ""BNB+BYB+OKX""}, {""usdt"": 9287349.0, ""borsa"": 1, ""fiyat"": 63825.0, ""kaynak"": ""BNB""}]","[{""usdt"": 15184233.0, ""borsa"": 3, ""fiyat"": 63900.0, ""kaynak"": ""BNB+BYB+OKX""}, {""usdt"": 10567623.0, ""borsa"": 1, ""fiyat"": 64000.0, ""kaynak"": ""BNB""}, {""usdt"": 10402475.0, ""borsa"": 1, ""fiyat"": 63950.0, ""kaynak"": ""BNB""}]",SPOT,0.1977,-0.0314,0.9023,0.6272,false,5.7893,false,,3,0,3,1,1,3,48.2,49.3,,,,,,,,,,,,,,,,,,,,,,,,,,,,
30393,2026-07-28 23:51:43.378527+00,63877.649999999994,-6411963.907513376,1580718.58,11686589653.8643,0.00006802599999999999,49404823.0756501,1533.6544999999999,33.6,BEKLE,true,0.0,1533.6544999999999,1.7322,60.56,48749948.96194003,301.761,33.6,0.0,"[{""usdt"": 14356836.0, ""borsa"": 3, ""fiyat"": 63875.0, ""kaynak"": ""BNB+BYB+OKX""}, {""usdt"": 9330731.0, ""borsa"": 3, ""fiyat"": 63850.0, ""kaynak"": ""BNB+BYB+OKX""}, {""usdt"": 8371937.0, ""borsa"": 1, ""fiyat"": 63800.0, ""kaynak"": ""BNB""}]","[{""usdt"": 13968393.0, ""borsa"": 3, ""fiyat"": 63900.0, ""kaynak"": ""BNB+BYB+OKX""}, {""usdt"": 11606279.0, ""borsa"": 1, ""fiyat"": 63950.0, ""kaynak"": ""BNB""}, {""usdt"": 8139631.0, ""borsa"": 1, ""fiyat"": 63975.0, ""kaynak"": ""BNB""}]",SPOT,0.2316,0.0067,0.9143,0.2119,false,,false,,3,0,3,0,0,3,44.9,46,IZLE,,25,63872.6,,,,,SEVIYE,50,359.0,36,,,,,,,1785282480,1,0,,19,1020.0,19,,,
30394,2026-07-28 23:52:43.769894+00,63849.45,-6411963.907513376,1580718.58,11686589653.8643,0.00006802599999999999,42813093.78161,1533.6544999999999,25.9,BEKLE,true,0.0,1533.6544999999999,1.7322,121.154,39435206.709389985,362.355,25.9,0.0,"[{""usdt"": 12429358.0, ""borsa"": 3, ""fiyat"": 63850.0, ""kaynak"": ""BNB+BYB+OKX""}, {""usdt"": 8741089.0, ""borsa"": 1, ""fiyat"": 63775.0, ""kaynak"": ""BNB""}, {""usdt"": 7224748.0, ""borsa"": 1, ""fiyat"": 63750.0, ""kaynak"": ""BNB""}]","[{""usdt"": 10410150.0, ""borsa"": 3, ""fiyat"": 63875.0, ""kaynak"": ""BNB+BYB+OKX""}, {""usdt"": 9003277.0, ""borsa"": 1, ""fiyat"": 63950.0, ""kaynak"": ""BNB""}, {""usdt"": 6803954.0, ""borsa"": 1, ""fiyat"": 63975.0, ""kaynak"": ""BNB""}]",SPOT,0.1799,0.0411,0.8832,0.569,false,,false,,3,0,3,1,0,3,41.7,42.8,IZLE,,25,63833.6,,,,,SEVIYE,100,360.0,36,,,,,,,1785282480,1,0,,19,1021.0,19,,,
30395,2026-07-28 23:53:44.089933+00,63873.149999999994,-6965045.518286277,1105600.406,11678666718.7672,0.00006802599999999999,45013944.9862,319.59250000000003,41.7,BEKLE,true,0.0,319.59250000000003,1.7322,0,53595439.25113,422.815,41.7,0.0,"[{""usdt"": 11404701.0, ""borsa"": 3, ""fiyat"": 63850.0, ""kaynak"": ""BNB+BYB+OKX""}, {""usdt"": 8836214.0, ""borsa"": 3, ""fiyat"": 63875.0, ""kaynak"": ""BNB+BYB+OKX""}, {""usdt"": 7674195.0, ""borsa"": 1, ""fiyat"": 63775.0, ""kaynak"": ""BNB""}]","[{""usdt"": 16834476.0, ""borsa"": 3, ""fiyat"": 63900.0, ""kaynak"": ""BNB+BYB+OKX""}, {""usdt"": 13136901.0, ""borsa"": 1, ""fiyat"": 63950.0, ""kaynak"": ""BNB""}, {""usdt"": 8512231.0, ""borsa"": 1, ""fiyat"": 63975.0, ""kaynak"": ""BNB""}]",SPOT,0.1585,-0.087,0.712,0.3953,false,,false,,1,0,3,0,0,3,38.3,39.4,IZLE,,25,63872.6,,,,,SEVIYE,50,361.0,37,,,,,,,1785282480,1,0,,20,1092.1,20,,,
30396,2026-07-28 23:54:44.47566+00,63865.149999999994,-6748966.852708076,1131423.894,11682814765.117798,0.00006802599999999999,43241497.67200998,0.0,46.2,BEKLE,,0.0,0.0,1.7322,0,45624860.94951,483.036,46.2,0.0,"[{""usdt"": 13185539.0, ""borsa"": 3, ""fiyat"": 63825.0, ""kaynak"": ""BNB+BYB+OKX""}, {""usdt"": 9073157.0, ""borsa"": 1, ""fiyat"": 63750.0, ""kaynak"": ""BNB""}, {""usdt"": 7316923.0, ""borsa"": 1, ""fiyat"": 63775.0, ""kaynak"": ""BNB""}]","[{""usdt"": 10672226.0, ""borsa"": 1, ""fiyat"": 63950.0, ""kaynak"": ""BNB""}, {""usdt"": 10053504.0, ""borsa"": 3, ""fiyat"": 63875.0, ""kaynak"": ""BNB+BYB+OKX""}, {""usdt"": 8564116.0, ""borsa"": 1, ""fiyat"": 63925.0, ""kaynak"": ""BNB""}]",YOK,0.1353,-0.0268,0.7074,0.261,false,,false,,1,0,3,0,0,3,34.6,35.7,IZLE,,25,63872.6,,,,,SEVIYE,50,362.0,37,,,,,,,,,0,,20,1093.1,20,,,
30397,2026-07-28 23:55:44.773692+00,63874.75,-6885786.496580378,402559.453,11682869608.511902,0.00006802599999999999,45462033.07153998,0.0,43.6,BEKLE,true,0.0,0.0,1.7322,0,45086619.070239976,543.452,43.6,0.0,"[{""usdt"": 15112180.0, ""borsa"": 3, ""fiyat"": 63850.0, ""kaynak"": ""BNB+BYB+OKX""}, {""usdt"": 8212162.0, ""borsa"": 3, ""fiyat"": 63825.0, ""kaynak"": ""BNB+BYB+OKX""}, {""usdt"": 8189687.0, ""borsa"": 1, ""fiyat"": 63775.0, ""kaynak"": ""BNB""}]","[{""usdt"": 10461607.0, ""borsa"": 1, ""fiyat"": 63950.0, ""kaynak"": ""BNB""}, {""usdt"": 10223112.0, ""borsa"": 3, ""fiyat"": 63875.0, ""kaynak"": ""BNB+BYB+OKX""}, {""usdt"": 8465665.0, ""borsa"": 1, ""fiyat"": 63925.0, ""kaynak"": ""BNB""}]",YOK,0.1278,0.0041,0.1348,0.0903,false,,false,0.5206,1,0,3,0,0,3,31.2,32.3,IZLE,,25,63872.6,,,,,SEVIYE,50,363.0,37,,,,,,,,,0,,20,1094.1,20,,,
30398,2026-07-28 23:56:44.98244+00,63883.25,1071967.2664945973,-37243.908999999934,11684150847.8736,0.00006802599999999999,44715195.88351998,0.0,45.1,BEKLE,,0.0,0.0,1.7322,60.292,47785937.64423999,603.744,45.1,0.0,"[{""usdt"": 14173315.0, ""borsa"": 3, ""fiyat"": 63875.0, ""kaynak"": ""BNB+BYB+OKX""}, {""usdt"": 8547831.0, ""borsa"": 1, ""fiyat"": 63825.0, ""kaynak"": ""BNB""}, {""usdt"": 7364754.0, ""borsa"": 3, ""fiyat"": 63850.0, ""kaynak"": ""BNB+BYB+OKX""}]","[{""usdt"": 12447241.0, ""borsa"": 1, ""fiyat"": 64000.0, ""kaynak"": ""BNB""}, {""usdt"": 11868107.0, ""borsa"": 1, ""fiyat"": 63950.0, ""kaynak"": ""BNB""}, {""usdt"": 8739304.0, ""borsa"": 3, ""fiyat"": 63900.0, ""kaynak"": ""BNB+BYB+OKX""}]",SPOT,0.1681,-0.0332,0.7349,0.0376,false,,false,,3,0,3,1,0,3,27.6,28.7,IZLE,,25,63872.6,,,,,SEVIYE,50,364.0,37,,,,,,,,,0,,20,1095.1,20,,,
30399,2026-07-28 23:57:45.415029+00,63914.95,1856983.720102598,540356.286,11688977334.172,0.00006802599999999999,45760403.795909986,0.0,45.9,BEKLE,true,0.0,0.0,1.7315,120.605,48033511.71478001,664.057,45.9,0.0,"[{""usdt"": 12105438.0, ""borsa"": 3, ""fiyat"": 63875.0, ""kaynak"": ""BNB+BYB+OKX""}, {""usdt"": 9341582.0, ""borsa"": 3, ""fiyat"": 63900.0, ""kaynak"": ""BNB+BYB+OKX""}, {""usdt"": 7208933.0, ""borsa"": 1, ""fiyat"": 63825.0, ""kaynak"": ""BNB""}]","[{""usdt"": 12813858.0, ""borsa"": 3, ""fiyat"": 63925.0, ""kaynak"": ""BNB+BYB+OKX""}, {""usdt"": 12122789.0, ""borsa"": 1, ""fiyat"": 64000.0, ""kaynak"": ""BNB""}, {""usdt"": 11372757.0, ""borsa"": 1, ""fiyat"": 63975.0, ""kaynak"": ""BNB""}]",SPOT,0.2668,-0.0242,0.8265,0.448,false,,false,1.1462,3,0,3,2,0,3,24.1,25.2,IZLE,,25,63917.9,,,,,SEVIYE,50,485.2,49,,,,,,,,,0,,20,1096.1,20,,,
30400,2026-07-28 23:58:45.740089+00,63928.25,1860735.6697388974,560299.187,11692203393.4883,0.00006802599999999999,43639569.38005997,63.915,31.3,BEKLE,true,0.0,63.915,1.7315,0,54236853.5485999,724.375,31.3,0.0,"[{""usdt"": 13019420.0, ""borsa"": 3, ""fiyat"": 63900.0, ""kaynak"": ""BNB+BYB+OKX""}, {""usdt"": 8160618.0, ""borsa"": 3, ""fiyat"": 63875.0, ""kaynak"": ""BNB+BYB+OKX""}, {""usdt"": 7618383.0, ""borsa"": 1, ""fiyat"": 63825.0, ""kaynak"": ""BNB""}]","[{""usdt"": 16186591.0, ""borsa"": 3, ""fiyat"": 63925.0, ""kaynak"": ""BNB+BYB+OKX""}, {""usdt"": 14901785.0, ""borsa"": 1, ""fiyat"": 64000.0, ""kaynak"": ""BNB""}, {""usdt"": 8205087.0, ""borsa"": 1, ""fiyat"": 63975.0, ""kaynak"": ""BNB""}]",SPOT,0.1514,-0.1083,0.9066,0.3872,false,,false,,2,0,3,0,1,3,20.6,21.6,IZLE,,25,63917.9,,,,,SEVIYE,50,486.2,49,,,,,,,1785283020,1,0,,20,1097.1,20,,,
30401,2026-07-28 23:59:45.950633+00,63924.149999999994,2313062.167944298,683668.097,11695646303.739502,0.00006802599999999999,45626662.45936,63.915,29.5,BEKLE,true,0.0,63.915,1.7315,60.332,51519102.75546992,784.707,29.5,0.0,"[{""usdt"": 14266146.0, ""borsa"": 3, ""fiyat"": 63900.0, ""kaynak"": ""BNB+BYB+OKX""}, {""usdt"": 8146610.0, ""borsa"": 1, ""fiyat"": 63850.0, ""kaynak"": ""BNB""}, {""usdt"": 7643137.0, ""borsa"": 3, ""fiyat"": 63875.0, ""kaynak"": ""BNB+BYB+OKX""}]","[{""usdt"": 16658226.0, ""borsa"": 3, ""fiyat"": 63925.0, ""kaynak"": ""BNB+BYB+OKX""}, {""usdt"": 13338093.0, ""borsa"": 1, ""fiyat"": 64000.0, ""kaynak"": ""BNB""}, {""usdt"": 9025147.0, ""borsa"": 1, ""fiyat"": 63975.0, ""kaynak"": ""BNB""}]",SPOT,0.2089,-0.0607,0.9238,0.4115,false,,false,1.5768,3,0,3,1,1,3,17.1,18.2,IZLE,,25,63917.9,,,,,SEVIYE,50,487.2,49,,,,,,,1785283020,1,1,,20,1098.1,20,,,
30402,2026-07-29 00:00:46.452232+00,63962.55,324769.48827329616,160742.54700000002,11691622604.2668,0.00006802599999999999,48083405.57891,63.915,35.5,BEKLE,true,0.0,63.915,1.7315,120.59,43310365.34179999,844.965,35.5,0.0,"[{""usdt"": 8779499.0, ""borsa"": 1, ""fiyat"": 63800.0, ""kaynak"": ""BNB""}, {""usdt"": 7518686.0, ""borsa"": 2, ""fiyat"": 63925.0, ""kaynak"": ""BYB+OKX""}, {""usdt"": 6378241.0, ""borsa"": 1, ""fiyat"": 63825.0, ""kaynak"": ""BNB""}]","[{""usdt"": 13132833.0, ""borsa"": 3, ""fiyat"": 63975.0, ""kaynak"": ""BNB+BYB+OKX""}, {""usdt"": 10715785.0, ""borsa"": 1, ""fiyat"": 64000.0, ""kaynak"": ""BNB""}, {""usdt"": 8685512.0, ""borsa"": 3, ""fiyat"": 63950.0, ""kaynak"": ""BNB+BYB+OKX""}]",YOK,0.1463,0.0522,0.947,0.7888,false,,false,1.0969,1,0,3,1,0,3,13.4,14.6,IZLE,,25,63982.8,,,,,SEVIYE,65,1099.1,110,,,,,,,1785283020,1,2,,20,1099.1,20,,,
30403,2026-07-29 00:01:46.87452+00,63943.350000000006,9762788.405808592,-1012322.1699999999,11703813093.795002,0.000081046,45082016.85399996,7994.546300000001,46.9,BEKLE,,0.0,7994.546300000001,1.7315,0,47770195.11485,0,46.9,0.0,"[{""usdt"": 10382252.0, ""borsa"": 3, ""fiyat"": 63975.0, ""kaynak"": ""BNB+BYB+OKX""}, {""usdt"": 8826068.0, ""borsa"": 1, ""fiyat"": 63925.0, ""kaynak"": ""BNB""}, {""usdt"": 8398837.0, ""borsa"": 3, ""fiyat"": 64000.0, ""kaynak"": ""BNB+BYB+OKX""}]","[{""usdt"": 15084708.0, ""borsa"": 1, ""fiyat"": 64100.0, ""kaynak"": ""BNB""}, {""usdt"": 12916792.0, ""borsa"": 3, ""fiyat"": 64025.0, ""kaynak"": ""BNB+BYB+OKX""}, {""usdt"": 9763447.0, ""borsa"": 1, ""fiyat"": 64050.0, ""kaynak"": ""BNB""}]",SPOT,0.173,-0.029,0.8423,0.3984,false,,false,3.1766,2,0,3,1,0,3,10.2,11.3,IZLE,,25,63917.9,,,,,SEVIYE,50,489.2,49,PCT,0.56,3.2141827684996227,0.0,false,0.179,1785283200,2,0,,20,1100.1,20,,,
30404,2026-07-29 00:02:48.229557+00,63999.95,12989311.074070303,-717861.5630000001,11707387031.4273,0.000081046,47638103.84829002,46706.302899999995,50.7,BEKLE,true,0.0,46706.302899999995,1.733,61.432,50771416.02252003,61.432,50.7,0.0,"[{""usdt"": 14379171.0, ""borsa"": 3, ""fiyat"": 63975.0, ""kaynak"": ""BNB+BYB+OKX""}, {""usdt"": 9373908.0, ""borsa"": 1, ""fiyat"": 63925.0, ""kaynak"": ""BNB""}, {""usdt"": 7494638.0, ""borsa"": 2, ""fiyat"": 63950.0, ""kaynak"": ""BNB+BYB""}]","[{""usdt"": 11675707.0, ""borsa"": 1, ""fiyat"": 64100.0, ""kaynak"": ""BNB""}, {""usdt"": 10236652.0, ""borsa"": 3, ""fiyat"": 64025.0, ""kaynak"": ""BNB+BYB+OKX""}, {""usdt"": 10168274.0, ""borsa"": 1, ""fiyat"": 64075.0, ""kaynak"": ""BNB""}]",SPOT,0.2029,-0.0318,0.8414,0.4392,false,,false,2.526,2,0,3,1,0,3,7.7,8.8,IZLE,,25,63982.8,,,,,SEVIYE,65,1101.1,110,,,,,,,1785283260,2,0,,20,1101.1,20,,,
30405,2026-07-29 00:03:48.523639+00,64004.350000000006,12920864.284379212,-1109295.3199999998,11713389823.761501,0.000081046,47821534.08634998,58162.9106,64.1,BEKLE,true,0.0,58162.9106,1.733,60.215,49362597.71525007,121.647,64.1,0.0,"[{""usdt"": 15224323.0, ""borsa"": 3, ""fiyat"": 63975.0, ""kaynak"": ""BNB+BYB+OKX""}, {""usdt"": 9233985.0, ""borsa"": 1, ""fiyat"": 63925.0, ""kaynak"": ""BNB""}, {""usdt"": 8923759.0, ""borsa"": 1, ""fiyat"": 63900.0, ""kaynak"": ""BNB""}]","[{""usdt"": 11187197.0, ""borsa"": 1, ""fiyat"": 64075.0, ""kaynak"": ""BNB""}, {""usdt"": 9831091.0, ""borsa"": 3, ""fiyat"": 64025.0, ""kaynak"": ""BNB+BYB+OKX""}, {""usdt"": 9606483.0, ""borsa"": 1, ""fiyat"": 64050.0, ""kaynak"": ""BNB""}]",YOK,0.0647,-0.0159,0.7977,0.3672,false,,false,1.807,0,0,3,2,0,3,4.1,5.2,IZLE,,25,63982.8,,,,,SEVIYE,65,1102.1,111,,,,,,,1785283320,2,0,,20,611.4,20,,,
30406,2026-07-29 00:04:48.83198+00,64017.55,12987550.357967827,-617771.79,11716236666.217,0.000081046,48495223.01075003,64563.3406,64.4,BEKLE,,0.0,64563.3406,1.733,120.517,51383724.77204998,181.949,64.4,0.0,"[{""usdt"": 15843598.0, ""borsa"": 3, ""fiyat"": 63975.0, ""kaynak"": ""BNB+BYB+OKX""}, {""usdt"": 8383149.0, ""borsa"": 1, ""fiyat"": 63950.0, ""kaynak"": ""BNB""}, {""usdt"": 8057939.0, ""borsa"": 1, ""fiyat"": 63925.0, ""kaynak"": ""BNB""}]","[{""usdt"": 13880802.0, ""borsa"": 1, ""fiyat"": 64100.0, ""kaynak"": ""BNB""}, {""usdt"": 9574620.0, ""borsa"": 1, ""fiyat"": 64050.0, ""kaynak"": ""BNB""}, {""usdt"": 8858834.0, ""borsa"": 1, ""fiyat"": 64075.0, ""kaynak"": ""BNB""}]",SPOT,0.1937,-0.0289,0.83,0.4859,false,,false,1.6985,2,0,3,2,0,3,63.4,63,IZLE,,25,63982.8,,,,,SEVIYE,65,1103.1,111,,,,,,,1785283380,2,0,,20,612.4,20,,,
30407,2026-07-29 00:05:49.058361+00,64119.55,13002424.218534438,684008.527,11718188591.678501,0.000081046,45878519.685870044,56633.4303,0.0,BEKLE,,0.0,56633.4303,1.733,180.833,52204883.34710998,242.265,0.0,0.0,"[{""usdt"": 13643570.0, ""borsa"": 3, ""fiyat"": 64000.0, ""kaynak"": ""BNB+BYB+OKX""}, {""usdt"": 8383149.0, ""borsa"": 1, ""fiyat"": 63950.0, ""kaynak"": ""BNB""}, {""usdt"": 8057939.0, ""borsa"": 1, ""fiyat"": 63925.0, ""kaynak"": ""BNB""}]","[{""usdt"": 13880802.0, ""borsa"": 1, ""fiyat"": 64100.0, ""kaynak"": ""BNB""}, {""usdt"": 11922728.0, ""borsa"": 3, ""fiyat"": 64050.0, ""kaynak"": ""BNB+BYB+OKX""}, {""usdt"": 10270229.0, ""borsa"": 3, ""fiyat"": 64025.0, ""kaynak"": ""BNB+BYB+OKX""}]",SPOT,0.2315,-0.0645,0.9352,0.7744,false,,false,1.7258,3,0,3,0,0,3,60.9,62,IZLE,,25,64056.9,,,,,SEVIYE,50,423.2,43,,,,,,,1785283380,2,0,,20,613.4,20,,,
30408,2026-07-29 00:06:49.343696+00,64043.55,17337505.83301105,3427721.9660000005,11698568892.3289,0.000081046,43476929.14949002,228731.9119,35.5,BEKLE,true,0.0,228731.9119,1.7203,120.485,47178548.54991003,0,0.0,35.5,"[{""usdt"": 14692259.0, ""borsa"": 3, ""fiyat"": 64075.0, ""kaynak"": ""BNB+BYB+OKX""}, {""usdt"": 9065214.0, ""borsa"": 1, ""fiyat"": 64025.0, ""kaynak"": ""BNB""}, {""usdt"": 6718135.0, ""borsa"": 1, ""fiyat"": 64050.0, ""kaynak"": ""BNB""}]","[{""usdt"": 10583301.0, ""borsa"": 1, ""fiyat"": 64200.0, ""kaynak"": ""BNB""}, {""usdt"": 6958876.0, ""borsa"": 1, ""fiyat"": 64225.0, ""kaynak"": ""BNB""}, {""usdt"": 6585257.0, ""borsa"": 1, ""fiyat"": 64175.0, ""kaynak"": ""BNB""}]",YOK,0.1071,-0.0408,0.5039,0.4458,false,,false,2.6384,1,0,3,1,1,3,57.2,58.3,IZLE,,25,64056.9,,,,,SEVIYE,50,424.2,43,,,,,,,1785283500,3,0,,20,614.5,20,,,
30409,2026-07-29 00:07:49.681578+00,64039.149999999994,16518039.039516442,2875170.743,11688652447.3959,0.000081046,46570732.56269001,217211.3299,46.8,BEKLE,true,0.0,217211.3299,1.7203,0,48502040.99473998,0,0.0,46.8,"[{""usdt"": 12119440.0, ""borsa"": 3, ""fiyat"": 64025.0, ""kaynak"": ""BNB+BYB+OKX""}, {""usdt"": 9600247.0, ""borsa"": 2, ""fiyat"": 64000.0, ""kaynak"": ""BNB+BYB""}, {""usdt"": 9229265.0, ""borsa"": 1, ""fiyat"": 63925.0, ""kaynak"": ""BNB""}]","[{""usdt"": 13821596.0, ""borsa"": 3, ""fiyat"": 64050.0, ""kaynak"": ""BNB+BYB+OKX""}, {""usdt"": 10528996.0, ""borsa"": 1, ""fiyat"": 64150.0, ""kaynak"": ""BNB""}, {""usdt"": 9112011.0, ""borsa"": 1, ""fiyat"": 64125.0, ""kaynak"": ""BNB""}]",YOK,-0.0397,-0.0203,0.369,0.2739,false,,false,2.6284,0,0,3,1,1,3,53.7,54.7,IZLE,,50,64056.9,,,,,SEVIYE+TASFIYE,50,425.2,43,,,,,,,1785283500,3,0,,20,615.5,20,,,
30410,2026-07-29 00:08:50.85176+00,64046.649999999994,16463073.448498037,3368974.271,11702606036.157299,0.000081046,42984751.04964001,210810.89990000002,43.3,BEKLE,,0.0,210810.89990000002,1.7203,0,45381267.39674998,61.315,0.0,43.3,"[{""usdt"": 14872991.0, ""borsa"": 3, ""fiyat"": 64025.0, ""kaynak"": ""BNB+BYB+OKX""}, {""usdt"": 8214003.0, ""borsa"": 1, ""fiyat"": 63950.0, ""kaynak"": ""BNB""}, {""usdt"": 6707965.0, ""borsa"": 1, ""fiyat"": 64000.0, ""kaynak"": ""BNB""}]","[{""usdt"": 12077023.0, ""borsa"": 1, ""fiyat"": 64150.0, ""kaynak"": ""BNB""}, {""usdt"": 8659314.0, ""borsa"": 3, ""fiyat"": 64075.0, ""kaynak"": ""BNB+BYB+OKX""}, {""usdt"": 7645420.0, ""borsa"": 3, ""fiyat"": 64050.0, ""kaynak"": ""BNB+BYB+OKX""}]",YOK,0.0565,-0.0271,0.3202,0.2555,false,,false,2.1965,0,0,3,1,0,3,51.2,52.2,IZLE,,50,64056.9,,,,,SEVIYE+TASFIYE,50,426.2,43,,,,,,,1785283500,3,0,,20,616.5,20,,,
30411,2026-07-29 00:09:51.220028+00,64016.850000000006,16478364.993881041,3424140.8970000003,11702858932.4757,0.000081046,45844937.0276,210810.89990000002,56.1,BEKLE,true,0.0,210810.89990000002,1.7203,60.28,47722976.652539946,121.595,0.0,56.1,"[{""usdt"": 15199265.0, ""borsa"": 3, ""fiyat"": 64025.0, ""kaynak"": ""BNB+BYB+OKX""}, {""usdt"": 9015301.0, ""borsa"": 1, ""fiyat"": 63975.0, ""kaynak"": ""BNB""}, {""usdt"": 7233973.0, ""borsa"": 1, ""fiyat"": 64000.0, ""kaynak"": ""BNB""}]","[{""usdt"": 12555242.0, ""borsa"": 1, ""fiyat"": 64150.0, ""kaynak"": ""BNB""}, {""usdt"": 9282421.0, ""borsa"": 3, ""fiyat"": 64075.0, ""kaynak"": ""BNB+BYB+OKX""}, {""usdt"": 8274059.0, ""borsa"": 1, ""fiyat"": 64125.0, ""kaynak"": ""BNB""}]",YOK,-0.0181,-0.0201,0.3396,0.0045,false,,false,2.42,0,0,3,1,0,3,47.6,48.7,IZLE,,50,63982.8,,,,,SEVIYE+TASFIYE,65,1108.2,111,,,,,,,1785283500,3,1,,20,617.5,20,,,
30412,2026-07-29 00:10:51.54412+00,63993.649999999994,17221843.17732444,3344434.7519999994,11703591654.7571,0.000081046,44359172.76925001,0.0,57.4,BEKLE,,0.0,0.0,1.7203,120.557,46368162.434780024,0,0.0,57.4,"[{""usdt"": 15503270.0, ""borsa"": 3, ""fiyat"": 64000.0, ""kaynak"": ""BNB+BYB+OKX""}, {""usdt"": 8861118.0, ""borsa"": 1, ""fiyat"": 63925.0, ""kaynak"": ""BNB""}, {""usdt"": 8710175.0, ""borsa"": 1, ""fiyat"": 63950.0, ""kaynak"": ""BNB""}]","[{""usdt"": 10992288.0, ""borsa"": 3, ""fiyat"": 64050.0, ""kaynak"": ""BNB+BYB+OKX""}, {""usdt"": 9399425.0, ""borsa"": 1, ""fiyat"": 64125.0, ""kaynak"": ""BNB""}, {""usdt"": 8682171.0, ""borsa"": 3, ""fiyat"": 64025.0, ""kaynak"": ""BNB+BYB+OKX""}]",YOK,-0.0198,-0.0221,0.4857,0.9666,false,,false,5.2097,1,0,3,1,0,3,44.1,45.1,IZLE,,25,63982.8,,,,,SEVIYE,65,1109.2,111,,,,,,,,,0,,20,618.5,20,,,
30413,2026-07-29 00:11:51.749907+00,63987.05,16750318.041853843,3132746.9279999994,11698053837.6754,0.000081046,48496376.30041001,0.0,30.9,BEKLE,false,0.0,0.0,1.7203,0,43689589.23269,0,30.9,0.0,"[{""usdt"": 16392447.0, ""borsa"": 3, ""fiyat"": 63975.0, ""kaynak"": ""BNB+BYB+OKX""}, {""usdt"": 9954929.0, ""borsa"": 1, ""fiyat"": 63900.0, ""kaynak"": ""BNB""}, {""usdt"": 9153012.0, ""borsa"": 2, ""fiyat"": 63950.0, ""kaynak"": ""BNB+BYB""}]","[{""usdt"": 10314735.0, ""borsa"": 3, ""fiyat"": 64000.0, ""kaynak"": ""BNB+BYB+OKX""}, {""usdt"": 9785574.0, ""borsa"": 1, ""fiyat"": 64100.0, ""kaynak"": ""BNB""}, {""usdt"": 7335038.0, ""borsa"": 1, ""fiyat"": 64075.0, ""kaynak"": ""BNB""}]",YOK,-0.0652,0.0521,0.5424,3.4852,false,,false,5.4442,0,1,3,2,0,3,40.5,41.6,IZLE,,25,63982.8,,,,,SEVIYE,65,1110.2,111,,,,,,,,,0,,20,619.5,20,,,
30414,2026-07-29 00:12:52.28737+00,64019.95,16927702.28961034,3109516.6499999994,11701047502.1938,0.000081046,48515893.39570005,3135.3679,28.1,BEKLE,,3135.3679,0.0,1.7382,60.184,48963483.77980999,60.184,0.0,28.1,"[{""usdt"": 15145102.0, ""borsa"": 3, ""fiyat"": 63975.0, ""kaynak"": ""BNB+BYB+OKX""}, {""usdt"": 10160081.0, ""borsa"": 1, ""fiyat"": 63925.0, ""kaynak"": ""BNB""}, {""usdt"": 8798601.0, ""borsa"": 1, ""fiyat"": 63900.0, ""kaynak"": ""BNB""}]","[{""usdt"": 14248663.0, ""borsa"": 3, ""fiyat"": 64025.0, ""kaynak"": ""BNB+BYB+OKX""}, {""usdt"": 9327126.0, ""borsa"": 1, ""fiyat"": 64075.0, ""kaynak"": ""BNB""}, {""usdt"": 8370895.0, ""borsa"": 1, ""fiyat"": 64100.0, ""kaynak"": ""BNB""}]",YOK,-0.0354,-0.0046,0.51,1.5964,false,,false,5.1501,0,1,3,1,0,3,36.9,37.9,IZLE,,25,64056.9,,,,,SEVIYE,50,430.2,43,,,,,,,1785283860,1,0,,20,620.5,20,,,
30415,2026-07-29 00:13:52.794457+00,64018.850000000006,17179996.895718444,3140799.1809999994,11703939879.777802,0.000081046,47212640.22204001,3135.3679,20.1,BEKLE,false,3135.3679,0.0,1.7382,120.816,51226065.80931998,60.632,20.1,0.0,"[{""usdt"": 13788991.0, ""borsa"": 3, ""fiyat"": 64000.0, ""kaynak"": ""BNB+BYB+OKX""}, {""usdt"": 9559975.0, ""borsa"": 1, ""fiyat"": 63925.0, ""kaynak"": ""BNB""}, {""usdt"": 7607921.0, ""borsa"": 1, ""fiyat"": 63975.0, ""kaynak"": ""BNB""}]","[{""usdt"": 12307753.0, ""borsa"": 3, ""fiyat"": 64050.0, ""kaynak"": ""BNB+BYB+OKX""}, {""usdt"": 11207879.0, ""borsa"": 3, ""fiyat"": 64025.0, ""kaynak"": ""BNB+BYB+OKX""}, {""usdt"": 10012598.0, ""borsa"": 1, ""fiyat"": 64125.0, ""kaynak"": ""BNB""}]",YOK,-0.0135,-0.0408,0.6681,1.6247,false,,false,2.2482,0,1,3,1,0,3,33.6,34.7,IZLE,,25,63982.8,,,,,SEVIYE,65,1112.2,112,,,,,,,1785283860,1,1,,22,1112.2,22,,,
30416,2026-07-29 00:14:53.001648+00,63990.850000000006,16765594.623802138,3162254.3279999997,11701015094.6405,0.000081046,46301621.35314996,4479.498100000001,19.2,BEKLE,false,3135.3679,1344.1302,1.7382,181.276,54940851.72250997,121.092,19.2,0.0,"[{""usdt"": 14759940.0, ""borsa"": 3, ""fiyat"": 63975.0, ""kaynak"": ""BNB+BYB+OKX""}, {""usdt"": 12140312.0, ""borsa"": 1, ""fiyat"": 63925.0, ""kaynak"": ""BNB""}, {""usdt"": 6999192.0, ""borsa"": 1, ""fiyat"": 63950.0, ""kaynak"": ""BNB""}]","[{""usdt"": 18215241.0, ""borsa"": 3, ""fiyat"": 64025.0, ""kaynak"": ""BNB+BYB+OKX""}, {""usdt"": 9568410.0, ""borsa"": 1, ""fiyat"": 64100.0, ""kaynak"": ""BNB""}, {""usdt"": 8497191.0, ""borsa"": 1, ""fiyat"": 64125.0, ""kaynak"": ""BNB""}]",YOK,-0.0971,-0.0853,0.4127,2.3439,false,,false,,0,1,3,1,1,3,29.9,31,IZLE,,25,63982.8,,,,,SEVIYE,65,1113.2,112,,,,,,,1785284040,2,0,,22,1113.2,22,,,
30417,2026-07-29 00:15:53.576169+00,64011.55,3325087.3957082992,2676143.436,11697778857.628,0.000081046,49344066.385580055,4479.1264,34.6,BEKLE,false,3135.3679,1343.7585000000001,1.7382,0,51644140.40469,120.929,34.6,0.0,"[{""usdt"": 16147693.0, ""borsa"": 3, ""fiyat"": 63975.0, ""kaynak"": ""BNB+BYB+OKX""}, {""usdt"": 9437333.0, ""borsa"": 3, ""fiyat"": 63950.0, ""kaynak"": ""BNB+BYB+OKX""}, {""usdt"": 9381635.0, ""borsa"": 1, ""fiyat"": 63900.0, ""kaynak"": ""BNB""}]","[{""usdt"": 15260510.0, ""borsa"": 3, ""fiyat"": 64000.0, ""kaynak"": ""BNB+BYB+OKX""}, {""usdt"": 9144789.0, ""borsa"": 1, ""fiyat"": 64050.0, ""kaynak"": ""BNB""}, {""usdt"": 8834331.0, ""borsa"": 1, ""fiyat"": 64100.0, ""kaynak"": ""BNB""}]",YOK,-0.0727,-0.0228,0.9302,0.0752,false,2.4158,false,4.4286,0,1,3,0,1,3,26.1,27.1,IZLE,,25,63982.8,,,,,SEVIYE,65,1114.2,112,PCT,1.73,35.42041588575572,0.6180286077202921,false,0.187,1785284040,2,0,,22,1114.2,22,,,
30418,2026-07-29 00:16:54.43775+00,64034.649999999994,3654676.2601381997,2809205.4479999994,11703073532.565102,0.00008766800000000002,46524224.929239996,1343.7585000000001,24.2,BEKLE,,0.0,1343.7585000000001,1.7382,0,53302892.947860025,181.803,24.2,0.0,"[{""usdt"": 10927559.0, ""borsa"": 1, ""fiyat"": 63925.0, ""kaynak"": ""BNB""}, {""usdt"": 9597007.0, ""borsa"": 3, ""fiyat"": 64025.0, ""kaynak"": ""BNB+BYB+OKX""}, {""usdt"": 7726521.0, ""borsa"": 3, ""fiyat"": 64000.0, ""kaynak"": ""BNB+BYB+OKX""}]","[{""usdt"": 18161710.0, ""borsa"": 3, ""fiyat"": 64050.0, ""kaynak"": ""BNB+BYB+OKX""}, {""usdt"": 9475563.0, ""borsa"": 1, ""fiyat"": 64125.0, ""kaynak"": ""BNB""}, {""usdt"": 9038715.0, ""borsa"": 2, ""fiyat"": 64075.0, ""kaynak"": ""BNB+BYB""}]",YOK,-0.0061,-0.0679,0.9629,0.2197,false,3.5674,false,,0,0,3,0,1,3,23,24.2,IZLE,,25,64056.9,,,,,SEVIYE,50,434.3,44,,,,,,,1785284040,1,0,,22,1115.2,22,,,
30419,2026-07-29 00:17:54.644182+00,64028.05,3659032.0659277993,2858680.7299999995,11710462937.9132,0.00008766800000000002,44758141.92614998,1343.7585000000001,27.8,BEKLE,false,0.0,1343.7585000000001,1.7345,0,52665369.49851999,0,27.8,0.0,"[{""usdt"": 12085384.0, ""borsa"": 3, ""fiyat"": 64025.0, ""kaynak"": ""BNB+BYB+OKX""}, {""usdt"": 9164412.0, ""borsa"": 1, ""fiyat"": 63975.0, ""kaynak"": ""BNB""}, {""usdt"": 9042618.0, ""borsa"": 3, ""fiyat"": 64050.0, ""kaynak"": ""BNB+BYB+OKX""}]","[{""usdt"": 13268390.0, ""borsa"": 3, ""fiyat"": 64075.0, ""kaynak"": ""BNB+BYB+OKX""}, {""usdt"": 10855243.0, ""borsa"": 1, ""fiyat"": 64150.0, ""kaynak"": ""BNB""}, {""usdt"": 10283021.0, ""borsa"": 1, ""fiyat"": 64175.0, ""kaynak"": ""BNB""}]",YOK,-0.0019,-0.0812,0.9713,0.0372,false,2.8377,false,,0,0,3,1,0,3,19.5,20.5,IZLE,,25,64056.9,,,,,SEVIYE,50,435.3,44,,,,,,,1785284040,1,1,,22,1116.2,22,,,
30420,2026-07-29 00:18:54.926974+00,64021.649999999994,2925562.622559901,2846345.8549999995,11702510666.4545,0.00008766800000000002,45978504.95981002,1343.7585000000001,29.9,BEKLE,false,0.0,1343.7585000000001,1.7345,0,45212942.951300025,0,29.9,0.0,"[{""usdt"": 17502493.0, ""borsa"": 3, ""fiyat"": 63975.0, ""kaynak"": ""BNB+BYB+OKX""}, {""usdt"": 10033287.0, ""borsa"": 1, ""fiyat"": 63925.0, ""kaynak"": ""BNB""}, {""usdt"": 7329319.0, ""borsa"": 1, ""fiyat"": 63950.0, ""kaynak"": ""BNB""}]","[{""usdt"": 12282320.0, ""borsa"": 3, ""fiyat"": 64000.0, ""kaynak"": ""BNB+BYB+OKX""}, {""usdt"": 8382281.0, ""borsa"": 1, ""fiyat"": 64075.0, ""kaynak"": ""BNB""}, {""usdt"": 7804234.0, ""borsa"": 1, ""fiyat"": 64100.0, ""kaynak"": ""BNB""}]",YOK,-0.0999,0.0084,0.9688,0.0119,false,1.9431,false,,0,1,3,0,0,3,15.8,16.9,IZLE,,25,64056.9,,,,,SEVIYE,50,436.3,44,,,,,,,1785284040,1,2,,22,1117.2,22,,,
30421,2026-07-29 00:19:55.254547+00,64026.25,3293182.5072104,2774426.462,11704252714.91,0.00008766800000000002,46503200.16995002,0.0,26.1,BEKLE,false,0.0,0.0,1.7345,0,50619285.08624,60.357,26.1,0.0,"[{""usdt"": 13026913.0, ""borsa"": 3, ""fiyat"": 64000.0, ""kaynak"": ""BNB+BYB+OKX""}, {""usdt"": 8750558.0, ""borsa"": 1, ""fiyat"": 63950.0, ""kaynak"": ""BNB""}, {""usdt"": 7993144.0, ""borsa"": 3, ""fiyat"": 64025.0, ""kaynak"": ""BNB+BYB+OKX""}]","[{""usdt"": 16180800.0, ""borsa"": 3, ""fiyat"": 64050.0, ""kaynak"": ""BNB+BYB+OKX""}, {""usdt"": 10817567.0, ""borsa"": 1, ""fiyat"": 64100.0, ""kaynak"": ""BNB""}, {""usdt"": 8884179.0, ""borsa"": 1, ""fiyat"": 64125.0, ""kaynak"": ""BNB""}]",YOK,-0.0388,-0.0424,0.957,0.1578,false,1.3846,false,,0,1,3,1,0,3,12.3,13.4,IZLE,,25,64056.9,,,,,SEVIYE,50,437.3,44,,,,,,,,,0,,22,1118.3,22,,,
30422,2026-07-29 00:20:55.486989+00,64009.05,-425462.71921120165,-117322.46000000002,11704336157.2945,0.00008766800000000002,45993605.58292004,0.0,64.4,BEKLE,false,0.0,0.0,1.736,60.267,45246580.12212,60.267,64.4,0.0,"[{""usdt"": 15670632.0, ""borsa"": 3, ""fiyat"": 64000.0, ""kaynak"": ""BNB+BYB+OKX""}, {""usdt"": 8710919.0, ""borsa"": 1, ""fiyat"": 63925.0, ""kaynak"": ""BNB""}, {""usdt"": 8598392.0, ""borsa"": 2, ""fiyat"": 63975.0, ""kaynak"": ""BNB+OKX""}]","[{""usdt"": 12585185.0, ""borsa"": 1, ""fiyat"": 64125.0, ""kaynak"": ""BNB""}, {""usdt"": 9980627.0, ""borsa"": 3, ""fiyat"": 64025.0, ""kaynak"": ""BNB+BYB+OKX""}, {""usdt"": 7704548.0, ""borsa"": 2, ""fiyat"": 64050.0, ""kaynak"": ""BNB+BYB""}]",YOK,0.0053,0.0082,0.4624,0.0193,false,1.8609,false,,0,0,3,0,0,3,8.8,9.8,IZLE,,25,63982.8,,,,,SEVIYE,65,1119.3,112,,,,,,,,,0,,22,1119.3,22,,,
30423,2026-07-29 00:21:55.736591+00,64016.75,-652197.0116013018,-189922.08000000002,11700675652.297,0.00008766800000000002,45494342.06968998,0.0,61.3,BEKLE,true,0.0,0.0,1.736,0,47423848.70454,0,61.3,0.0,"[{""usdt"": 14094405.0, ""borsa"": 3, ""fiyat"": 63975.0, ""kaynak"": ""BNB+BYB+OKX""}, {""usdt"": 10028801.0, ""borsa"": 1, ""fiyat"": 63925.0, ""kaynak"": ""BNB""}, {""usdt"": 7720195.0, ""borsa"": 1, ""fiyat"": 63900.0, ""kaynak"": ""BNB""}]","[{""usdt"": 10241568.0, ""borsa"": 1, ""fiyat"": 64100.0, ""kaynak"": ""BNB""}, {""usdt"": 10163407.0, ""borsa"": 3, ""fiyat"": 64025.0, ""kaynak"": ""BNB+BYB+OKX""}, {""usdt"": 9827956.0, ""borsa"": 3, ""fiyat"": 64000.0, ""kaynak"": ""BNB+BYB+OKX""}]",YOK,-0.0068,-0.0208,0.4792,0.1249,false,1.7885,false,,1,1,3,1,1,3,5.1,6.2,IZLE,,25,63982.8,,,,,SEVIYE,65,1120.3,112,,,,,,,,,0,,22,1120.3,22,,,
30424,2026-07-29 00:22:56.009824+00,63991.25,2132049.068655298,1116542.8679999998,11711006767.6919,0.00008766800000000002,46355110.060790025,0.0,54.9,BEKLE,true,0.0,0.0,1.736,60.249,46759780.09703994,0,54.9,0.0,"[{""usdt"": 14764164.0, ""borsa"": 3, ""fiyat"": 63975.0, ""kaynak"": ""BNB+BYB+OKX""}, {""usdt"": 10199862.0, ""borsa"": 1, ""fiyat"": 63925.0, ""kaynak"": ""BNB""}, {""usdt"": 7116713.0, ""borsa"": 1, ""fiyat"": 63950.0, ""kaynak"": ""BNB""}]","[{""usdt"": 9862990.0, ""borsa"": 3, ""fiyat"": 64000.0, ""kaynak"": ""BNB+BYB+OKX""}, {""usdt"": 8961656.0, ""borsa"": 3, ""fiyat"": 64025.0, ""kaynak"": ""BNB+BYB+OKX""}, {""usdt"": 8430918.0, ""borsa"": 1, ""fiyat"": 64075.0, ""kaynak"": ""BNB""}]",YOK,-0.1507,-0.0043,0.3596,0.5437,false,1.4189,false,,0,1,3,1,1,3,1.4,63.8,IZLE,,25,63982.8,,,,,SEVIYE,65,1121.3,112,,,,,,,,,0,,22,1121.3,22,,,
30425,2026-07-29 00:23:56.536531+00,63978.05,1351441.7550738978,1055565.493,11703891374.0802,0.00008766800000000002,48093935.565010026,0.0,62.8,BEKLE,true,0.0,0.0,1.736,120.474,49240253.27485994,60.225,62.8,0.0,"[{""usdt"": 17465024.0, ""borsa"": 3, ""fiyat"": 63975.0, ""kaynak"": ""BNB+BYB+OKX""}, {""usdt"": 10199862.0, ""borsa"": 1, ""fiyat"": 63925.0, ""kaynak"": ""BNB""}, {""usdt"": 7116713.0, ""borsa"": 1, ""fiyat"": 63950.0, ""kaynak"": ""BNB""}]","[{""usdt"": 13989467.0, ""borsa"": 3, ""fiyat"": 64000.0, ""kaynak"": ""BNB+BYB+OKX""}, {""usdt"": 8430918.0, ""borsa"": 1, ""fiyat"": 64075.0, ""kaynak"": ""BNB""}, {""usdt"": 7315653.0, ""borsa"": 3, ""fiyat"": 64025.0, ""kaynak"": ""BNB+BYB+OKX""}]",YOK,-0.1507,-0.0118,0.3526,0.6272,false,1.3507,false,,0,1,3,0,0,3,61.7,62.7,IZLE,,25,63982.8,,,,,SEVIYE,60,1122.3,113,,,,,,,,,0,,23,631.6,23,,,
30426,2026-07-29 00:24:57.161602+00,63943.649999999994,1289411.7058836943,977436.3470000002,11699635618.1321,0.00008766800000000002,45709503.63945998,0.0,52.4,BEKLE,true,0.0,0.0,1.736,120.961,48563556.015619986,0,52.4,0.0,"[{""usdt"": 15041914.0, ""borsa"": 3, ""fiyat"": 63950.0, ""kaynak"": ""BNB+BYB+OKX""}, {""usdt"": 9411965.0, ""borsa"": 1, ""fiyat"": 63875.0, ""kaynak"": ""BNB""}, {""usdt"": 8578151.0, ""borsa"": 1, ""fiyat"": 63900.0, ""kaynak"": ""BNB""}]","[{""usdt"": 12717599.0, ""borsa"": 3, ""fiyat"": 63975.0, ""kaynak"": ""BNB+BYB+OKX""}, {""usdt"": 8624564.0, ""borsa"": 3, ""fiyat"": 64000.0, ""kaynak"": ""BNB+BYB+OKX""}, {""usdt"": 7394036.0, ""borsa"": 1, ""fiyat"": 64075.0, ""kaynak"": ""BNB""}]",YOK,-0.0866,-0.0303,0.4086,1.0816,false,2.8582,false,0,1,1,3,0,1,3,58.6,59.6,IZLE,,25,63917.9,,,,,SEVIYE,50,512.4,52,,,,,,,,,0,,23,632.6,23,,,
30427,2026-07-29 00:25:57.628204+00,63973.95,1621085.408087296,945136.024,11699072709.667799,0.00008766800000000002,50312766.69064004,63.9437,37.0,BEKLE,false,63.9437,0.0,1.736,181.411,46212752.84064998,0,0.0,37.0,"[{""usdt"": 14558215.0, ""borsa"": 3, ""fiyat"": 63925.0, ""kaynak"": ""BNB+BYB+OKX""}, {""usdt"": 11052143.0, ""borsa"": 1, ""fiyat"": 63850.0, ""kaynak"": ""BNB""}, {""usdt"": 8928359.0, ""borsa"": 1, ""fiyat"": 63875.0, ""kaynak"": ""BNB""}]","[{""usdt"": 12681968.0, ""borsa"": 3, ""fiyat"": 63950.0, ""kaynak"": ""BNB+BYB+OKX""}, {""usdt"": 9295181.0, ""borsa"": 1, ""fiyat"": 64025.0, ""kaynak"": ""BNB""}, {""usdt"": 8360089.0, ""borsa"": 3, ""fiyat"": 63975.0, ""kaynak"": ""BNB+BYB+OKX""}]",YOK,-0.0918,0.0425,0.5441,0.5994,false,2.5296,false,,1,1,3,0,0,3,54.9,55.9,IZLE,,25,63982.8,,,,,SEVIYE,60,1124.3,113,,,,,,,1785284640,1,0,,23,633.6,23,,,
30428,2026-07-29 00:26:57.905601+00,63968.45,1661282.489576696,987933.4539999998,11701943155.4222,0.00008766800000000002,44708928.02353997,63.9437,45.2,BEKLE,false,63.9437,0.0,1.736,241.985,48705204.28141998,60.574,0.0,45.2,"[{""usdt"": 16213179.0, ""borsa"": 3, ""fiyat"": 63950.0, ""kaynak"": ""BNB+BYB+OKX""}, {""usdt"": 9892537.0, ""borsa"": 1, ""fiyat"": 63875.0, ""kaynak"": ""BNB""}, {""usdt"": 7545636.0, ""borsa"": 1, ""fiyat"": 63900.0, ""kaynak"": ""BNB""}]","[{""usdt"": 11953795.0, ""borsa"": 3, ""fiyat"": 63975.0, ""kaynak"": ""BNB+BYB+OKX""}, {""usdt"": 10621869.0, ""borsa"": 1, ""fiyat"": 64075.0, ""kaynak"": ""BNB""}, {""usdt"": 8222441.0, ""borsa"": 3, ""fiyat"": 64000.0, ""kaynak"": ""BNB+BYB+OKX""}]",YOK,-0.1024,-0.0428,0.5489,0.7361,false,,false,,0,1,3,1,1,3,51.6,52.7,IZLE,,25,63982.8,,,,,SEVIYE,60,1125.3,113,,,,,,,1785284640,1,1,,23,634.6,23,,,
30429,2026-07-29 00:27:58.830523+00,63956.649999999994,1846422.8741407958,974390.705,11701559878.4316,0.00008766800000000002,44392830.24342996,63.9437,20.7,BEKLE,true,63.9437,0.0,1.7285,60.769,46884802.937460005,0,20.7,0.0,"[{""usdt"": 14221186.0, ""borsa"": 3, ""fiyat"": 63950.0, ""kaynak"": ""BNB+BYB+OKX""}, {""usdt"": 10068418.0, ""borsa"": 1, ""fiyat"": 63900.0, ""kaynak"": ""BNB""}, {""usdt"": 7652330.0, ""borsa"": 1, ""fiyat"": 63875.0, ""kaynak"": ""BNB""}]","[{""usdt"": 9733798.0, ""borsa"": 3, ""fiyat"": 64000.0, ""kaynak"": ""BNB+BYB+OKX""}, {""usdt"": 8860851.0, ""borsa"": 3, ""fiyat"": 63975.0, ""kaynak"": ""BNB+BYB+OKX""}, {""usdt"": 8005349.0, ""borsa"": 1, ""fiyat"": 64050.0, ""kaynak"": ""BNB""}]",YOK,-0.0861,-0.0273,,,false,3.3029,false,0,0,1,3,0,0,3,48.5,49.6,IZLE,,25,63982.8,,,,,SEVIYE,60,1126.3,113,,,,,,,1785284640,1,2,,23,635.6,23,,,
30430,2026-07-29 00:28:59.088744+00,63928.45,1340074.1298559948,620695.4289999998,11695515396.809002,0.00008766800000000002,47787813.40157998,63.9437,28.9,BEKLE,true,63.9437,0.0,1.7285,121.13,43811142.28144996,60.361,28.9,0.0,"[{""usdt"": 13780322.0, ""borsa"": 3, ""fiyat"": 63925.0, ""kaynak"": ""BNB+BYB+OKX""}, {""usdt"": 9288382.0, ""borsa"": 1, ""fiyat"": 63850.0, ""kaynak"": ""BNB""}, {""usdt"": 9153521.0, ""borsa"": 1, ""fiyat"": 63900.0, ""kaynak"": ""BNB""}]","[{""usdt"": 10568952.0, ""borsa"": 3, ""fiyat"": 63975.0, ""kaynak"": ""BNB+BYB+OKX""}, {""usdt"": 7978086.0, ""borsa"": 1, ""fiyat"": 64000.0, ""kaynak"": ""BNB""}, {""usdt"": 7950405.0, ""borsa"": 1, ""fiyat"": 64050.0, ""kaynak"": ""BNB""}]",YOK,-0.1308,0.0434,0.0159,4.4689,false,,false,0,0,1,3,1,0,3,45,46.1,IZLE,,25,63917.9,,,,,SEVIYE,50,516.4,52,,,,,,,1785284640,1,3,,23,636.6,23,,,
30431,2026-07-29 00:29:59.474946+00,63985.649999999994,5483593.868257495,2863022.9310000003,11695232148.8511,0.00008766800000000002,47848426.42067999,0.0,39.8,BEKLE,false,0.0,0.0,1.7285,0,43584008.58175002,0,0.0,39.8,"[{""usdt"": 14641061.0, ""borsa"": 3, ""fiyat"": 63900.0, ""kaynak"": ""BNB+BYB+OKX""}, {""usdt"": 9691125.0, ""borsa"": 1, ""fiyat"": 63825.0, ""kaynak"": ""BNB""}, {""usdt"": 8745391.0, ""borsa"": 1, ""fiyat"": 63875.0, ""kaynak"": ""BNB""}]","[{""usdt"": 9406199.0, ""borsa"": 3, ""fiyat"": 63950.0, ""kaynak"": ""BNB+BYB+OKX""}, {""usdt"": 8745438.0, ""borsa"": 1, ""fiyat"": 64025.0, ""kaynak"": ""BNB""}, {""usdt"": 8087268.0, ""borsa"": 3, ""fiyat"": 63925.0, ""kaynak"": ""BNB+BYB+OKX""}]",YOK,-0.1355,0.0466,0.5795,0.3732,false,,false,0.5437,0,2,3,0,0,3,41,42.1,IZLE,,25,63982.8,,,,,SEVIYE,60,1128.3,113,,,,,,,,,0,,23,637.6,23,,,
30432,2026-07-29 00:30:59.828237+00,63933.75,377270.96388739324,2157497.006,11697498258.564999,0.00008766800000000002,51136166.85021001,0.0,38.8,BEKLE,false,0.0,0.0,1.7285,0,43140731.08866001,0,0.0,38.8,"[{""usdt"": 13088714.0, ""borsa"": 3, ""fiyat"": 63950.0, ""kaynak"": ""BNB+BYB+OKX""}, {""usdt"": 10731314.0, ""borsa"": 1, ""fiyat"": 63875.0, ""kaynak"": ""BNB""}, {""usdt"": 8462702.0, ""borsa"": 3, ""fiyat"": 63975.0, ""kaynak"": ""BNB+BYB+OKX""}]","[{""usdt"": 10651259.0, ""borsa"": 3, ""fiyat"": 64000.0, ""kaynak"": ""BNB+BYB+OKX""}, {""usdt"": 8770536.0, ""borsa"": 1, ""fiyat"": 64050.0, ""kaynak"": ""BNB""}, {""usdt"": 7344205.0, ""borsa"": 1, ""fiyat"": 64025.0, ""kaynak"": ""BNB""}]",YOK,-0.0282,0.0848,0.3886,0.8073,false,1.5705,false,0,0,0,3,2,0,3,37.3,38.4,IZLE,,25,63917.9,,,,,SEVIYE,50,518.4,52,,,,,,,,,0,,23,638.6,23,,,
30433,2026-07-29 00:32:00.965215+00,63904.2,153274.54694499372,2076560.833,11695918368.507801,0.00008766800000000002,51597935.28877998,0.0,40.2,BEKLE,false,0.0,0.0,1.7285,0,43348100.09633001,0,0.0,40.2,"[{""usdt"": 15053482.0, ""borsa"": 3, ""fiyat"": 63900.0, ""kaynak"": ""BNB+BYB+OKX""}, {""usdt"": 9651811.0, ""borsa"": 1, ""fiyat"": 63825.0, ""kaynak"": ""BNB""}, {""usdt"": 8896364.0, ""borsa"": 1, ""fiyat"": 63850.0, ""kaynak"": ""BNB""}]","[{""usdt"": 10854758.0, ""borsa"": 1, ""fiyat"": 64025.0, ""kaynak"": ""BNB""}, {""usdt"": 10149128.0, ""borsa"": 3, ""fiyat"": 63950.0, ""kaynak"": ""BNB+BYB+OKX""}, {""usdt"": 7187635.0, ""borsa"": 1, ""fiyat"": 64000.0, ""kaynak"": ""BNB""}]",YOK,-0.1798,0.0869,0.4618,1.2648,false,0.9899,true,0,0,2,3,2,0,3,34.3,35.4,IZLE,,25,63917.9,,,,,SEVIYE,50,519.5,52,,,,,,,,,0,,23,639.6,23,,,
30434,2026-07-29 00:33:01.180307+00,63870.850000000006,-99190.84595640493,2763755.802,11686748531.910099,0.00008766800000000002,47821445.24522999,958.086,56.9,BEKLE,false,958.086,0.0,1.7226,0,46207122.52831003,0,0.0,56.9,"[{""usdt"": 15945675.0, ""borsa"": 3, ""fiyat"": 63850.0, ""kaynak"": ""BNB+BYB+OKX""}, {""usdt"": 11272290.0, ""borsa"": 1, ""fiyat"": 63775.0, ""kaynak"": ""BNB""}, {""usdt"": 8547070.0, ""borsa"": 1, ""fiyat"": 63800.0, ""kaynak"": ""BNB""}]","[{""usdt"": 10406383.0, ""borsa"": 1, ""fiyat"": 63950.0, ""kaynak"": ""BNB""}, {""usdt"": 8717032.0, ""borsa"": 3, ""fiyat"": 63875.0, ""kaynak"": ""BNB+BYB+OKX""}, {""usdt"": 7760840.0, ""borsa"": 3, ""fiyat"": 63900.0, ""kaynak"": ""BNB+BYB+OKX""}]",YOK,-0.1428,0.0172,0.4025,1.1411,false,0.6154,true,0,0,2,3,0,0,3,31,32.1,IZLE,,25,63863.3,,,,,SEVIYE,90,400.3,40,,,,,,,1785285120,1,0,,23,640.7,23,,,
30435,2026-07-29 00:34:01.470914+00,63892.149999999994,142566.30187168776,2883591.3880000003,11687427897.0661,0.00008766800000000002,52687145.91965997,1021.943,53.4,BEKLE,false,1021.943,0.0,1.7226,60.211,44044301.87299001,60.211,0.0,53.4,"[{""usdt"": 16735015.0, ""borsa"": 3, ""fiyat"": 63850.0, ""kaynak"": ""BNB+BYB+OKX""}, {""usdt"": 11265495.0, ""borsa"": 1, ""fiyat"": 63775.0, ""kaynak"": ""BNB""}, {""usdt"": 9499457.0, ""borsa"": 3, ""fiyat"": 63825.0, ""kaynak"": ""BNB+BYB+OKX""}]","[{""usdt"": 11987737.0, ""borsa"": 3, ""fiyat"": 63875.0, ""kaynak"": ""BNB+BYB+OKX""}, {""usdt"": 8402228.0, ""borsa"": 1, ""fiyat"": 63925.0, ""kaynak"": ""BNB""}, {""usdt"": 7849062.0, ""borsa"": 1, ""fiyat"": 63950.0, ""kaynak"": ""BNB""}]",YOK,-0.2278,0.0893,0.2493,0.4836,false,0.5548,true,0.0121,0,2,3,1,0,3,27.4,28.5,HAZIRLAN,SHORT,50,63897.4,63834,62981.6,63904.7,72.81,SEVIYE+EMILIM,70,521.5,53,,,,,,,1785285180,1,0,4.65,20,1132.4,20,,,
30436,2026-07-29 00:35:01.746006+00,63878.05,-443990.0399804179,2661482.0810000002,11687879676.282799,0.00008766800000000002,48398244.40074997,1021.9519,15.4,BEKLE,true,1021.9519,0.0,1.7226,0,52856542.58803007,120.494,15.4,0.0,"[{""usdt"": 16549298.0, ""borsa"": 3, ""fiyat"": 63875.0, ""kaynak"": ""BNB+BYB+OKX""}, {""usdt"": 10397850.0, ""borsa"": 1, ""fiyat"": 63800.0, ""kaynak"": ""BNB""}, {""usdt"": 7176183.0, ""borsa"": 1, ""fiyat"": 63825.0, ""kaynak"": ""BNB""}]","[{""usdt"": 14885702.0, ""borsa"": 3, ""fiyat"": 63900.0, ""kaynak"": ""BNB+BYB+OKX""}, {""usdt"": 9855643.0, ""borsa"": 1, ""fiyat"": 63975.0, ""kaynak"": ""BNB""}, {""usdt"": 9132100.0, ""borsa"": 3, ""fiyat"": 63925.0, ""kaynak"": ""BNB+BYB+OKX""}]",YOK,-0.0769,-0.044,0.9486,1.1007,true,0.0053,true,0.2263,0,0,3,1,0,3,23.8,24.9,IZLE,,25,63897.4,,,,,SEVIYE,70,522.5,53,,,,,,,1785285180,1,0,,20,1133.4,20,,,
30437,2026-07-29 00:36:02.128059+00,63851.75,-443990.0399804179,2661482.0810000002,11687879676.282799,0.00008766800000000002,46930172.63228995,1021.9519,34.8,BEKLE,false,1021.9519,0.0,1.7174,0,46187002.057350025,180.79,0.0,34.8,"[{""usdt"": 12071159.0, ""borsa"": 1, ""fiyat"": 63775.0, ""kaynak"": ""BNB""}, {""usdt"": 11186906.0, ""borsa"": 3, ""fiyat"": 63850.0, ""kaynak"": ""BNB+BYB+OKX""}, {""usdt"": 9450157.0, ""borsa"": 3, ""fiyat"": 63825.0, ""kaynak"": ""BNB+BYB+OKX""}]","[{""usdt"": 13270717.0, ""borsa"": 3, ""fiyat"": 63875.0, ""kaynak"": ""BNB+BYB+OKX""}, {""usdt"": 10313136.0, ""borsa"": 1, ""fiyat"": 63950.0, ""kaynak"": ""BNB""}, {""usdt"": 6748351.0, ""borsa"": 2, ""fiyat"": 63900.0, ""kaynak"": ""BNB+BYB""}]",YOK,-0.1862,0.008,0.5056,3.2298,true,0,true,0.2447,0,2,3,0,0,3,20.3,21.3,IZLE,,25,63834,,,,,SEVIYE,90,403.3,41,,,,,,,1785285180,1,0,,20,1134.4,20,,,
30438,2026-07-29 00:37:02.86131+00,63913.649999999994,-2243724.034620313,1499455.122,11683788993.786,0.00008766800000000002,45423574.81311999,1851.9512,30.9,BEKLE,,1851.9512,0.0,1.7174,0,56062245.8388301,60.697,30.9,0.0,"[{""usdt"": 13940976.0, ""borsa"": 3, ""fiyat"": 63875.0, ""kaynak"": ""BNB+BYB+OKX""}, {""usdt"": 10249654.0, ""borsa"": 1, ""fiyat"": 63825.0, ""kaynak"": ""BNB""}, {""usdt"": 8161289.0, ""borsa"": 3, ""fiyat"": 63900.0, ""kaynak"": ""BNB+BYB+OKX""}]","[{""usdt"": 19248756.0, ""borsa"": 3, ""fiyat"": 63925.0, ""kaynak"": ""BNB+BYB+OKX""}, {""usdt"": 9573062.0, ""borsa"": 1, ""fiyat"": 63975.0, ""kaynak"": ""BNB""}, {""usdt"": 7927819.0, ""borsa"": 1, ""fiyat"": 64000.0, ""kaynak"": ""BNB""}]",YOK,-0.1542,-0.1048,0.7228,0.1824,false,,true,0.0229,0,1,3,0,1,3,17.1,18.2,HAZIRLAN,SHORT,50,63897.4,63897.4,62981.6,63990.1,12.2,SEVIYE+EMILIM,70,524.5,53,,,,,,,1785285300,1,0,0.21,20,1135.4,20,,,
30439,2026-07-29 00:38:03.322537+00,64021.25,-1330730.3165388138,1461146.1649999998,11694702760.9789,0.00008766800000000002,44203465.438339986,893.8892,66.7,BEKLE,true,893.8892,0.0,1.7174,60.402,53222247.96739003,0,66.7,0.0,"[{""usdt"": 12341717.0, ""borsa"": 3, ""fiyat"": 63975.0, ""kaynak"": ""BNB+BYB+OKX""}, {""usdt"": 9008427.0, ""borsa"": 1, ""fiyat"": 63900.0, ""kaynak"": ""BNB""}, {""usdt"": 7900497.0, ""borsa"": 3, ""fiyat"": 63950.0, ""kaynak"": ""BNB+BYB+OKX""}]","[{""usdt"": 19566133.0, ""borsa"": 3, ""fiyat"": 64000.0, ""kaynak"": ""BNB+BYB+OKX""}, {""usdt"": 9943566.0, ""borsa"": 1, ""fiyat"": 64100.0, ""kaynak"": ""BNB""}, {""usdt"": 8919443.0, ""borsa"": 2, ""fiyat"": 64025.0, ""kaynak"": ""BNB+BYB""}]",YOK,-0.0014,-0.0926,0.3724,2.9125,false,,false,0.0246,1,0,3,0,1,3,13.7,14.7,IZLE,,25,64051.6,,,,,SEVIYE,75,455.4,46,,,,,,,1785285300,1,0,,20,1136.4,20,,,
30440,2026-07-29 00:39:03.567409+00,64063.55,476351.5838204866,1541689.5950000002,11713565151.2751,0.00008766800000000002,46521070.86347003,31499.3702,54.8,BEKLE,false,829.9993,30669.3709,1.7174,60.475,43038707.63589003,0,54.8,0.0,"[{""usdt"": 13722614.0, ""borsa"": 3, ""fiyat"": 64025.0, ""kaynak"": ""BNB+BYB+OKX""}, {""usdt"": 8988104.0, ""borsa"": 1, ""fiyat"": 63975.0, ""kaynak"": ""BNB""}, {""usdt"": 6964186.0, ""borsa"": 1, ""fiyat"": 63950.0, ""kaynak"": ""BNB""}]","[{""usdt"": 9515487.0, ""borsa"": 3, ""fiyat"": 64075.0, ""kaynak"": ""BNB+BYB+OKX""}, {""usdt"": 9285327.0, ""borsa"": 1, ""fiyat"": 64150.0, ""kaynak"": ""BNB""}, {""usdt"": 8210882.0, ""borsa"": 1, ""fiyat"": 64125.0, ""kaynak"": ""BNB""}]",YOK,0.1346,0.0389,0.135,4.4392,false,,false,0.0336,1,0,3,2,0,3,10.3,11.4,IZLE,,25,64051.6,,,,,SEVIYE,75,456.4,46,,,,,,,1785285480,1,0,,20,1137.4,20,,,
30441,2026-07-29 00:40:04.511001+00,64017.45,1079150.08609909,1703499.135,11713938429.3322,0.00008766800000000002,49440288.33407998,31515.4566,46.7,BEKLE,true,829.9993,30685.457300000002,1.7174,60.872,42187843.81625,60.872,46.7,0.0,"[{""usdt"": 12741913.0, ""borsa"": 3, ""fiyat"": 64025.0, ""kaynak"": ""BNB+BYB+OKX""}, {""usdt"": 9357461.0, ""borsa"": 1, ""fiyat"": 63950.0, ""kaynak"": ""BNB""}, {""usdt"": 8495639.0, ""borsa"": 1, ""fiyat"": 63925.0, ""kaynak"": ""BNB""}]","[{""usdt"": 13531124.0, ""borsa"": 3, ""fiyat"": 64050.0, ""kaynak"": ""BNB+BYB+OKX""}, {""usdt"": 7635269.0, ""borsa"": 1, ""fiyat"": 64100.0, ""kaynak"": ""BNB""}, {""usdt"": 7335409.0, ""borsa"": 1, ""fiyat"": 64125.0, ""kaynak"": ""BNB""}]",YOK,0.0744,0.0792,0.4995,2.9271,false,,false,0.0429,1,0,3,2,0,3,7.4,8.4,IZLE,,25,64051.6,,,,,SEVIYE,75,457.4,46,,,,,,,1785285480,1,0,,20,1138.4,20,,,
30442,2026-07-29 00:41:04.786594+00,64009.850000000006,-3606008.617254905,6541.315999999997,11702457145.335999,0.00008766800000000002,46276979.851909965,30685.457300000002,96.5,BEKLE,true,0.0,30685.457300000002,1.7174,60.306,46377054.84119002,0,96.5,0.0,"[{""usdt"": 9781673.0, ""borsa"": 3, ""fiyat"": 64000.0, ""kaynak"": ""BNB+BYB+OKX""}, {""usdt"": 9184952.0, ""borsa"": 3, ""fiyat"": 63975.0, ""kaynak"": ""BNB+BYB+OKX""}, {""usdt"": 8316621.0, ""borsa"": 1, ""fiyat"": 63950.0, ""kaynak"": ""BNB""}]","[{""usdt"": 13821667.0, ""borsa"": 3, ""fiyat"": 64025.0, ""kaynak"": ""BNB+BYB+OKX""}, {""usdt"": 10636883.0, ""borsa"": 1, ""fiyat"": 64100.0, ""kaynak"": ""BNB""}, {""usdt"": 7745992.0, ""borsa"": 1, ""fiyat"": 64075.0, ""kaynak"": ""BNB""}]",YOK,-0.0063,-0.0011,0.4278,1.3701,false,,false,0,0,0,3,1,0,3,3.8,4.9,IZLE,,25,63982.8,,,,,SEVIYE,60,1139.4,114,,,,,,,1785285480,1,0,,20,1139.4,20,LONG,duvar,96.52065177390752
30443,2026-07-29 00:42:05.33623+00,63968.05,-3393593.643733505,-100487.15299999996,11701812766.6082,0.00008766800000000002,50374323.21140994,30685.457300000002,88.1,BEKLE,,0.0,30685.457300000002,1.7167,60.464,44123278.74199004,60.464,88.1,0.0,"[{""usdt"": 9082049.0, ""borsa"": 1, ""fiyat"": 63900.0, ""kaynak"": ""BNB""}, {""usdt"": 8451254.0, ""borsa"": 1, ""fiyat"": 63925.0, ""kaynak"": ""BNB""}, {""usdt"": 8264470.0, ""borsa"": 2, ""fiyat"": 64000.0, ""kaynak"": ""BYB+OKX""}]","[{""usdt"": 14429408.0, ""borsa"": 3, ""fiyat"": 64025.0, ""kaynak"": ""BNB+BYB+OKX""}, {""usdt"": 8422246.0, ""borsa"": 1, ""fiyat"": 64075.0, ""kaynak"": ""BNB""}, {""usdt"": 8343680.0, ""borsa"": 1, ""fiyat"": 64050.0, ""kaynak"": ""BNB""}]",YOK,0.0271,0.0662,0.3109,0.9412,false,,true,0,0,0,3,1,0,3,63.8,62.8,IZLE,,25,63982.8,,,,,SEVIYE,60,1140.4,114,,,,,,,1785285480,1,1,,20,1140.4,20,,,
30444,2026-07-29 00:43:05.596638+00,63991.45,-4174331.157653205,-242135.24499999994,11694991623.9823,0.00008766800000000002,50461869.308509946,29277.019500000002,71.5,BEKLE,false,0.0,29277.019500000002,1.7167,120.773,44875060.289330035,120.773,71.5,0.0,"[{""usdt"": 14733362.0, ""borsa"": 3, ""fiyat"": 63950.0, ""kaynak"": ""BNB+BYB+OKX""}, {""usdt"": 9082049.0, ""borsa"": 1, ""fiyat"": 63900.0, ""kaynak"": ""BNB""}, {""usdt"": 8451254.0, ""borsa"": 1, ""fiyat"": 63925.0, ""kaynak"": ""BNB""}]","[{""usdt"": 11274504.0, ""borsa"": 3, ""fiyat"": 64000.0, ""kaynak"": ""BNB+BYB+OKX""}, {""usdt"": 8422246.0, ""borsa"": 1, ""fiyat"": 64075.0, ""kaynak"": ""BNB""}, {""usdt"": 8343680.0, ""borsa"": 1, ""fiyat"": 64050.0, ""kaynak"": ""BNB""}]",YOK,0.0666,0.0586,0.5117,0.3426,false,,true,0,1,0,3,1,0,3,60.5,61.8,IZLE,,25,63982.8,,,,,SEVIYE,60,1141.4,114,,,,,,,1785285480,1,0,,20,1141.4,20,,,
30445,2026-07-29 00:44:06.08268+00,64041.75,-3776478.089754205,-239171.50899999993,11700929815.535,0.00008766800000000002,51722653.427970015,0.0,73.4,BEKLE,,0.0,0.0,1.7167,120.602,46233472.627809994,120.602,73.4,0.0,"[{""usdt"": 17601044.0, ""borsa"": 3, ""fiyat"": 63975.0, ""kaynak"": ""BNB+BYB+OKX""}, {""usdt"": 8753152.0, ""borsa"": 1, ""fiyat"": 63900.0, ""kaynak"": ""BNB""}, {""usdt"": 7834680.0, ""borsa"": 1, ""fiyat"": 63950.0, ""kaynak"": ""BNB""}]","[{""usdt"": 11109625.0, ""borsa"": 3, ""fiyat"": 64025.0, ""kaynak"": ""BNB+BYB+OKX""}, {""usdt"": 9914851.0, ""borsa"": 1, ""fiyat"": 64100.0, ""kaynak"": ""BNB""}, {""usdt"": 9832605.0, ""borsa"": 3, ""fiyat"": 64000.0, ""kaynak"": ""BNB+BYB+OKX""}]",YOK,-0.0054,0.056,0.603,0.1906,false,,false,0,0,0,3,1,0,3,56.9,58,IZLE,,25,64044.3,,,,,SEVIYE,75,461.4,47,,,,,,,,,0,,22,651.7,22,,,
30446,2026-07-29 00:45:06.466261+00,64059.95,-3534662.3375839037,-163166.57799999998,11706717773.591799,0.00008766800000000002,51316354.75868996,0.0,71.5,BEKLE,false,0.0,0.0,1.7167,0,44012757.43320001,0,71.5,0.0,"[{""usdt"": 16246861.0, ""borsa"": 3, ""fiyat"": 64025.0, ""kaynak"": ""BNB+BYB+OKX""}, {""usdt"": 9035737.0, ""borsa"": 1, ""fiyat"": 63925.0, ""kaynak"": ""BNB""}, {""usdt"": 7591326.0, ""borsa"": 1, ""fiyat"": 63975.0, ""kaynak"": ""BNB""}]","[{""usdt"": 10423485.0, ""borsa"": 3, ""fiyat"": 64075.0, ""kaynak"": ""BNB+BYB+OKX""}, {""usdt"": 10297090.0, ""borsa"": 1, ""fiyat"": 64125.0, ""kaynak"": ""BNB""}, {""usdt"": 8913681.0, ""borsa"": 3, ""fiyat"": 64050.0, ""kaynak"": ""BNB+BYB+OKX""}]",YOK,0.1053,0.0766,0.6112,0.3475,false,,false,0,0,0,3,1,0,3,53.6,54.7,IZLE,,25,64044.3,,,,,SEVIYE,75,462.5,47,,,,,,,,,0,,22,652.7,22,,,
30447,2026-07-29 00:46:06.869633+00,64124.5,2923219.220200305,684497.0959999999,11712117189.0792,0.00008766800000000002,47195454.58970999,0.0,14.7,BEKLE,true,0.0,0.0,1.7167,60.328,47522540.528430015,60.328,0.0,14.7,"[{""usdt"": 12617926.0, ""borsa"": 3, ""fiyat"": 64050.0, ""kaynak"": ""BNB+BYB+OKX""}, {""usdt"": 9454417.0, ""borsa"": 1, ""fiyat"": 64000.0, ""kaynak"": ""BNB""}, {""usdt"": 8016095.0, ""borsa"": 3, ""fiyat"": 64075.0, ""kaynak"": ""BNB+BYB+OKX""}]","[{""usdt"": 14961412.0, ""borsa"": 3, ""fiyat"": 64100.0, ""kaynak"": ""BNB+BYB+OKX""}, {""usdt"": 10329443.0, ""borsa"": 1, ""fiyat"": 64175.0, ""kaynak"": ""BNB""}, {""usdt"": 8503226.0, ""borsa"": 1, ""fiyat"": 64150.0, ""kaynak"": ""BNB""}]",SPOT,0.1898,-0.0035,0.8596,0.9318,true,0.34,false,0.4776,2,0,3,2,0,3,50.1,51.2,HAZIRLAN,LONG,50,64119.6,65000,65000,64112.1,70.84,SEVIYE+EMILIM,45,32.9,4,,,,,,,,,0,70.84,22,653.8,22,,,
30448,2026-07-29 00:47:07.376131+00,64084.649999999994,3299641.8852553046,181321.84999999998,11713447703.7204,0.00008766800000000002,52124307.06733002,113853.936,12.3,BEKLE,true,0.0,113853.936,1.7167,0,51485002.17594995,60.618,0.0,12.3,"[{""usdt"": 16380077.0, ""borsa"": 3, ""fiyat"": 64100.0, ""kaynak"": ""BNB+BYB+OKX""}, {""usdt"": 9577558.0, ""borsa"": 1, ""fiyat"": 64000.0, ""kaynak"": ""BNB""}, {""usdt"": 7888772.0, ""borsa"": 1, ""fiyat"": 64050.0, ""kaynak"": ""BNB""}]","[{""usdt"": 13733312.0, ""borsa"": 1, ""fiyat"": 64225.0, ""kaynak"": ""BNB""}, {""usdt"": 10993964.0, ""borsa"": 1, ""fiyat"": 64200.0, ""kaynak"": ""BNB""}, {""usdt"": 9993457.0, ""borsa"": 1, ""fiyat"": 64175.0, ""kaynak"": ""BNB""}]",SPOT,0.1546,0.0062,0.9379,1.0093,true,0.435,false,0.6128,2,0,3,2,0,3,46.9,48,IZLE,,25,64119.6,,,,,SEVIYE,45,33.9,4,,,,,,,1785285900,2,0,,22,654.8,22,,,
30449,2026-07-29 00:48:07.605265+00,64083.55,3126720.420466605,61297.120999999985,11706299861.880299,0.00008766800000000002,49982934.26955997,113853.936,14.3,BEKLE,true,0.0,113853.936,1.7144,60.293,49454044.07608001,120.911,0.0,14.3,"[{""usdt"": 14440396.0, ""borsa"": 3, ""fiyat"": 64075.0, ""kaynak"": ""BNB+BYB+OKX""}, {""usdt"": 8864307.0, ""borsa"": 1, ""fiyat"": 64000.0, ""kaynak"": ""BNB""}, {""usdt"": 8620055.0, ""borsa"": 1, ""fiyat"": 63975.0, ""kaynak"": ""BNB""}]","[{""usdt"": 11961384.0, ""borsa"": 3, ""fiyat"": 64100.0, ""kaynak"": ""BNB+BYB+OKX""}, {""usdt"": 10172387.0, ""borsa"": 1, ""fiyat"": 64200.0, ""kaynak"": ""BNB""}, {""usdt"": 9850832.0, ""borsa"": 3, ""fiyat"": 64125.0, ""kaynak"": ""BNB+BYB+OKX""}]",YOK,0.1296,0.0053,0.9387,0.7312,true,0.4792,false,0.4783,1,0,3,0,0,3,43.3,44.4,IZLE,,25,64119.6,,,,,SEVIYE,45,34.9,4,,,,,,,1785285900,2,1,,22,655.8,22,,,
30450,2026-07-29 00:49:07.912463+00,64004.95,2935306.9813709063,-82720.10200000009,11700885491.0966,0.00008766800000000002,46847622.40343002,113853.936,19.6,BEKLE,true,0.0,113853.936,1.7144,120.507,50869327.87046,181.125,0.0,19.6,"[{""usdt"": 14503980.0, ""borsa"": 3, ""fiyat"": 64025.0, ""kaynak"": ""BNB+BYB+OKX""}, {""usdt"": 11684647.0, ""borsa"": 1, ""fiyat"": 64000.0, ""kaynak"": ""BNB""}, {""usdt"": 8407898.0, ""borsa"": 1, ""fiyat"": 63950.0, ""kaynak"": ""BNB""}]","[{""usdt"": 14155943.0, ""borsa"": 3, ""fiyat"": 64050.0, ""kaynak"": ""BNB+BYB+OKX""}, {""usdt"": 8397004.0, ""borsa"": 3, ""fiyat"": 64075.0, ""kaynak"": ""BNB+BYB+OKX""}, {""usdt"": 8365840.0, ""borsa"": 1, ""fiyat"": 64150.0, ""kaynak"": ""BNB""}]",YOK,0.0368,-0.0412,0.9646,0.3263,true,0.4288,false,0.6204,1,0,3,0,2,3,39.7,40.8,IZLE,,25,63982.8,,,,,SEVIYE,60,1147.5,115,,,,,,,1785285900,2,2,,22,656.8,22,,,
30451,2026-07-29 00:50:08.229261+00,64009.649999999994,2376302.808105207,-534088.8790000002,11689865272.5392,0.00008766800000000002,51387918.72440002,113853.936,21.0,BEKLE,false,0.0,113853.936,1.7144,60.303,46900755.96859993,0,21.0,0.0,"[{""usdt"": 15609980.0, ""borsa"": 3, ""fiyat"": 63975.0, ""kaynak"": ""BNB+BYB+OKX""}, {""usdt"": 9647903.0, ""borsa"": 1, ""fiyat"": 63900.0, ""kaynak"": ""BNB""}, {""usdt"": 7857912.0, ""borsa"": 1, ""fiyat"": 63925.0, ""kaynak"": ""BNB""}]","[{""usdt"": 10991704.0, ""borsa"": 3, ""fiyat"": 64000.0, ""kaynak"": ""BNB+BYB+OKX""}, {""usdt"": 8680606.0, ""borsa"": 3, ""fiyat"": 64025.0, ""kaynak"": ""BNB+BYB+OKX""}, {""usdt"": 8478166.0, ""borsa"": 1, ""fiyat"": 64075.0, ""kaynak"": ""BNB""}]",YOK,-0.003,0.0457,0.9102,0.4778,false,0.5175,false,0.858,1,1,3,0,0,3,36.1,37.2,IZLE,,50,63982.8,,,,,SEVIYE+TASFIYE,60,1148.5,115,,,,,,,1785285900,2,3,,22,657.8,22,,,
30452,2026-07-29 00:51:09.366511+00,64019.95,-7184.488389096259,-825861.9970000002,11695334629.2627,0.00008766800000000002,51512159.72366,0.0,45.1,BEKLE,false,0.0,0.0,1.7144,121.515,45779582.96444997,61.212,45.1,0.0,"[{""usdt"": 14677672.0, ""borsa"": 3, ""fiyat"": 64000.0, ""kaynak"": ""BNB+BYB+OKX""}, {""usdt"": 11215101.0, ""borsa"": 1, ""fiyat"": 63975.0, ""kaynak"": ""BNB""}, {""usdt"": 9197422.0, ""borsa"": 1, ""fiyat"": 63925.0, ""kaynak"": ""BNB""}]","[{""usdt"": 10909222.0, ""borsa"": 3, ""fiyat"": 64050.0, ""kaynak"": ""BNB+BYB+OKX""}, {""usdt"": 9410587.0, ""borsa"": 1, ""fiyat"": 64125.0, ""kaynak"": ""BNB""}, {""usdt"": 9183778.0, ""borsa"": 3, ""fiyat"": 64025.0, ""kaynak"": ""BNB+BYB+OKX""}]",YOK,-0.0261,0.0589,0.5524,1.2144,true,0.1567,false,,0,1,3,0,0,3,33.5,34.5,IZLE,,25,64044.3,,,,,SEVIYE,75,468.5,47,,,,,,,,,0,,22,658.8,22,,,
30453,2026-07-29 00:52:09.639072+00,64031.95,109215.64573750368,-834687.1600000001,11694570254.370499,0.00008766800000000002,55562891.75359998,0.0,56.3,BEKLE,false,0.0,0.0,1.7144,181.751,44542506.95903,121.448,56.3,0.0,"[{""usdt"": 16044056.0, ""borsa"": 3, ""fiyat"": 64025.0, ""kaynak"": ""BNB+BYB+OKX""}, {""usdt"": 12374577.0, ""borsa"": 1, ""fiyat"": 63975.0, ""kaynak"": ""BNB""}, {""usdt"": 10169172.0, ""borsa"": 3, ""fiyat"": 64000.0, ""kaynak"": ""BNB+BYB+OKX""}]","[{""usdt"": 14114194.0, ""borsa"": 3, ""fiyat"": 64050.0, ""kaynak"": ""BNB+BYB+OKX""}, {""usdt"": 8745015.0, ""borsa"": 1, ""fiyat"": 64125.0, ""kaynak"": ""BNB""}, {""usdt"": 7988743.0, ""borsa"": 1, ""fiyat"": 64100.0, ""kaynak"": ""BNB""}]",YOK,0.0405,0.1101,0.6663,0.6787,true,0.1642,false,,0,0,3,1,0,3,29.8,30.9,IZLE,,25,64044.3,,,,,SEVIYE,75,469.5,47,,,,,,,,,0,,22,659.8,22,,,
30454,2026-07-29 00:53:09.938074+00,64037.95,174574.40644340374,-1037827.55,11698019198.670998,0.00008766800000000002,48483901.11089995,0.0,51.7,BEKLE,false,0.0,0.0,1.7144,242.083,50149757.94809998,60.332,51.7,0.0,"[{""usdt"": 12829645.0, ""borsa"": 3, ""fiyat"": 64025.0, ""kaynak"": ""BNB+BYB+OKX""}, {""usdt"": 11095768.0, ""borsa"": 3, ""fiyat"": 64000.0, ""kaynak"": ""BNB+BYB+OKX""}, {""usdt"": 8883396.0, ""borsa"": 1, ""fiyat"": 63950.0, ""kaynak"": ""BNB""}]","[{""usdt"": 13140052.0, ""borsa"": 3, ""fiyat"": 64050.0, ""kaynak"": ""BNB+BYB+OKX""}, {""usdt"": 9463630.0, ""borsa"": 1, ""fiyat"": 64125.0, ""kaynak"": ""BNB""}, {""usdt"": 7190050.0, ""borsa"": 1, ""fiyat"": 64100.0, ""kaynak"": ""BNB""}]",YOK,-0.004,-0.0169,0.6307,0.6007,true,0.2438,false,,0,0,3,1,0,3,26.3,27.4,IZLE,,25,64044.3,,,,,SEVIYE,75,470.5,47,,,,,,,,,0,,22,660.8,22,,,
30455,2026-07-29 00:54:10.43298+00,64041.25,299291.4969796038,-993390.925,11701843008.257,0.00008766800000000002,47346139.14020992,0.0,42.1,BEKLE,,0.0,0.0,1.7144,60.313,48286625.06987,60.313,42.1,0.0,"[{""usdt"": 12530828.0, ""borsa"": 3, ""fiyat"": 64025.0, ""kaynak"": ""BNB+BYB+OKX""}, {""usdt"": 8737106.0, ""borsa"": 1, ""fiyat"": 63975.0, ""kaynak"": ""BNB""}, {""usdt"": 7838682.0, ""borsa"": 1, ""fiyat"": 64000.0, ""kaynak"": ""BNB""}]","[{""usdt"": 13886577.0, ""borsa"": 3, ""fiyat"": 64075.0, ""kaynak"": ""BNB+BYB+OKX""}, {""usdt"": 9812798.0, ""borsa"": 3, ""fiyat"": 64050.0, ""kaynak"": ""BNB+BYB+OKX""}, {""usdt"": 9740595.0, ""borsa"": 1, ""fiyat"": 64100.0, ""kaynak"": ""BNB""}]",YOK,0.0024,-0.0098,0.6516,0.5482,true,0.2636,false,,0,0,3,1,1,3,22.8,23.8,IZLE,,25,64056.9,,,,,SEVIYE,50,471.5,48,,,,,,,,,0,,22,661.8,22,,,
30456,2026-07-29 00:55:11.418229+00,64038.75,175587.56585810412,-1003264.7540000002,11706139757.100101,0.00008766800000000002,47408252.88471003,0.0,38.7,BEKLE,false,0.0,0.0,1.7144,60.868,46277518.44083003,0,38.7,0.0,"[{""usdt"": 15639971.0, ""borsa"": 3, ""fiyat"": 64050.0, ""kaynak"": ""BNB+BYB+OKX""}, {""usdt"": 8442589.0, ""borsa"": 1, ""fiyat"": 64000.0, ""kaynak"": ""BNB""}, {""usdt"": 7972900.0, ""borsa"": 1, ""fiyat"": 63975.0, ""kaynak"": ""BNB""}]","[{""usdt"": 9751127.0, ""borsa"": 1, ""fiyat"": 64175.0, ""kaynak"": ""BNB""}, {""usdt"": 9533770.0, ""borsa"": 3, ""fiyat"": 64100.0, ""kaynak"": ""BNB+BYB+OKX""}, {""usdt"": 9110277.0, ""borsa"": 1, ""fiyat"": 64125.0, ""kaynak"": ""BNB""}]",YOK,0.1096,0.0121,0.7519,0.6074,true,0.0797,false,,1,0,3,2,0,3,19.8,20.9,IZLE,,25,64056.9,,,,,SEVIYE,50,472.5,48,,,,,,,,,0,,22,662.8,22,,,
30457,2026-07-29 00:56:11.781654+00,64010.05,-213982.34363669588,-332362.0029999999,11699366274.3246,0.00008766800000000002,51545276.67904004,0.0,27.3,BEKLE,true,0.0,0.0,1.7144,121.474,45122425.18966996,0,0.0,27.3,"[{""usdt"": 13516791.0, ""borsa"": 3, ""fiyat"": 64000.0, ""kaynak"": ""BNB+BYB+OKX""}, {""usdt"": 10944109.0, ""borsa"": 1, ""fiyat"": 63950.0, ""kaynak"": ""BNB""}, {""usdt"": 8495765.0, ""borsa"": 1, ""fiyat"": 63925.0, ""kaynak"": ""BNB""}]","[{""usdt"": 10966895.0, ""borsa"": 3, ""fiyat"": 64050.0, ""kaynak"": ""BNB+BYB+OKX""}, {""usdt"": 8271648.0, ""borsa"": 1, ""fiyat"": 64075.0, ""kaynak"": ""BNB""}, {""usdt"": 8263599.0, ""borsa"": 3, ""fiyat"": 64025.0, ""kaynak"": ""BNB+BYB+OKX""}]",YOK,-0.05,0.0664,0.2131,0.623,true,0.0194,false,,0,1,3,2,0,3,16.5,17.6,IZLE,,25,63982.8,,,,,SEVIYE,65,1154.5,116,,,,,,,,,0,,22,663.8,22,,,
30458,2026-07-29 00:57:11.982145+00,63967.350000000006,-212072.23901909572,-342576.0899999999,11695839108.7913,0.00008766800000000002,42850564.048640005,0.0,32.7,BEKLE,true,0.0,0.0,1.7137,0,48892404.67700998,0,0.0,32.7,"[{""usdt"": 14764732.0, ""borsa"": 3, ""fiyat"": 63950.0, ""kaynak"": ""BNB+BYB+OKX""}, {""usdt"": 8986739.0, ""borsa"": 1, ""fiyat"": 63900.0, ""kaynak"": ""BNB""}, {""usdt"": 8245339.0, ""borsa"": 3, ""fiyat"": 63925.0, ""kaynak"": ""BNB+BYB+OKX""}]","[{""usdt"": 11268516.0, ""borsa"": 3, ""fiyat"": 63975.0, ""kaynak"": ""BNB+BYB+OKX""}, {""usdt"": 10649828.0, ""borsa"": 1, ""fiyat"": 64025.0, ""kaynak"": ""BNB""}, {""usdt"": 7523001.0, ""borsa"": 1, ""fiyat"": 64075.0, ""kaynak"": ""BNB""}]",YOK,-0.0531,-0.0659,0.2967,3.643,true,0.0084,false,,1,1,3,0,1,3,13,14,IZLE,,25,63982.8,,,,,SEVIYE,65,1155.5,116,,,,,,,,,0,,22,664.8,22,,,
30459,2026-07-29 00:58:12.321425+00,63940.05,-458028.10341069574,-752546.632,11691327637.135,0.00008766800000000002,43765426.914619975,703.6293,25.6,BEKLE,true,703.6293,0.0,1.7137,60.202,47853075.33742001,60.202,0.0,25.6,"[{""usdt"": 13443624.0, ""borsa"": 3, ""fiyat"": 63925.0, ""kaynak"": ""BNB+BYB+OKX""}, {""usdt"": 10211872.0, ""borsa"": 1, ""fiyat"": 63850.0, ""kaynak"": ""BNB""}, {""usdt"": 8506969.0, ""borsa"": 1, ""fiyat"": 63900.0, ""kaynak"": ""BNB""}]","[{""usdt"": 10626307.0, ""borsa"": 3, ""fiyat"": 63975.0, ""kaynak"": ""BNB+BYB+OKX""}, {""usdt"": 10579386.0, ""borsa"": 3, ""fiyat"": 63950.0, ""kaynak"": ""BNB+BYB+OKX""}, {""usdt"": 9992710.0, ""borsa"": 1, ""fiyat"": 64025.0, ""kaynak"": ""BNB""}]",YOK,-0.0642,-0.0446,0.589,5.5655,false,0.0425,false,,1,1,3,0,1,3,9.3,10.4,IZLE,,25,63982.8,,,,,SEVIYE,65,1156.5,116,,,,,,,1785286620,1,0,,22,665.8,22,,,
30460,2026-07-29 00:59:12.592139+00,63926.149999999994,-762416.7730867958,-798771.9380000001,11684966609.215801,0.00008766800000000002,46870771.834549986,1663.116,27.4,BEKLE,true,1663.116,0.0,1.7137,60.324,46512811.859840035,0,0.0,27.4,"[{""usdt"": 13848707.0, ""borsa"": 3, ""fiyat"": 63900.0, ""kaynak"": ""BNB+BYB+OKX""}, {""usdt"": 9855787.0, ""borsa"": 1, ""fiyat"": 63875.0, ""kaynak"": ""BNB""}, {""usdt"": 9232043.0, ""borsa"": 1, ""fiyat"": 63825.0, ""kaynak"": ""BNB""}]","[{""usdt"": 11411778.0, ""borsa"": 3, ""fiyat"": 63950.0, ""kaynak"": ""BNB+BYB+OKX""}, {""usdt"": 9390388.0, ""borsa"": 1, ""fiyat"": 64025.0, ""kaynak"": ""BNB""}, {""usdt"": 8516683.0, ""borsa"": 1, ""fiyat"": 64000.0, ""kaynak"": ""BNB""}]",YOK,-0.1788,0.0038,0.779,5.1565,true,0.0508,false,,0,2,3,0,0,3,5.7,6.8,IZLE,,25,63894.2,,,,,SEVIYE,70,426.5,43,,,,,,,1785286620,1,0,,22,666.8,22,,,
30461,2026-07-29 01:00:12.879786+00,63905.45,-686572.3816414945,-937484.241,11682346843.633,0.00008766800000000002,45424739.88444997,1663.116,16.2,BEKLE,true,1663.116,0.0,1.7137,120.657,45538949.671539985,60.333,0.0,16.2,"[{""usdt"": 8750349.0, ""borsa"": 1, ""fiyat"": 63825.0, ""kaynak"": ""BNB""}, {""usdt"": 8620977.0, ""borsa"": 1, ""fiyat"": 63800.0, ""kaynak"": ""BNB""}, {""usdt"": 8513093.0, ""borsa"": 3, ""fiyat"": 63900.0, ""kaynak"": ""BNB+BYB+OKX""}]","[{""usdt"": 10200013.0, ""borsa"": 3, ""fiyat"": 63925.0, ""kaynak"": ""BNB+BYB+OKX""}, {""usdt"": 8856875.0, ""borsa"": 1, ""fiyat"": 64025.0, ""kaynak"": ""BNB""}, {""usdt"": 8643975.0, ""borsa"": 2, ""fiyat"": 63950.0, ""kaynak"": ""BNB+OKX""}]",YOK,-0.1857,-0.0013,0.8944,8.4435,false,,true,0,0,2,3,0,0,3,2.2,64,IZLE,,25,63894.2,,,,,SEVIYE,70,427.5,43,,,,,,,1785286620,1,1,,22,667.9,22,,,
30462,2026-07-29 01:01:13.843448+00,63929.850000000006,-274083.94927869795,-846034.21,11678979590.114399,0.00008766800000000002,42745939.11409998,1982.6644999999999,20.9,BEKLE,false,1982.6644999999999,0.0,1.7137,60.94,49515711.033999994,60.94,20.9,0.0,"[{""usdt"": 12648861.0, ""borsa"": 3, ""fiyat"": 63875.0, ""kaynak"": ""BNB+BYB+OKX""}, {""usdt"": 9302966.0, ""borsa"": 1, ""fiyat"": 63825.0, ""kaynak"": ""BNB""}, {""usdt"": 7967452.0, ""borsa"": 3, ""fiyat"": 63900.0, ""kaynak"": ""BNB+BYB+OKX""}]","[{""usdt"": 9424825.0, ""borsa"": 1, ""fiyat"": 64000.0, ""kaynak"": ""BNB""}, {""usdt"": 8289994.0, ""borsa"": 1, ""fiyat"": 64025.0, ""kaynak"": ""BNB""}, {""usdt"": 7466977.0, ""borsa"": 1, ""fiyat"": 63975.0, ""kaynak"": ""BNB""}]",YOK,-0.1857,-0.0734,0.0703,5.7298,false,1.2048,false,,0,2,3,0,0,3,63.1,61.7,IZLE,,25,63894.2,,,,,SEVIYE,70,428.5,43,,,,,,,1785286800,1,0,,22,668.9,22,,,
30463,2026-07-29 01:02:14.470465+00,63957.75,210030.74907650246,-827453.882,11682588863.0905,0.00008766800000000002,47308637.82362999,1982.5715,21.9,BEKLE,false,1982.5715,0.0,1.7137,121.505,49815273.80830999,121.505,21.9,0.0,"[{""usdt"": 12071223.0, ""borsa"": 3, ""fiyat"": 63900.0, ""kaynak"": ""BNB+BYB+OKX""}, {""usdt"": 10920994.0, ""borsa"": 3, ""fiyat"": 63925.0, ""kaynak"": ""BNB+BYB+OKX""}, {""usdt"": 9302966.0, ""borsa"": 1, ""fiyat"": 63825.0, ""kaynak"": ""BNB""}]","[{""usdt"": 15076344.0, ""borsa"": 3, ""fiyat"": 63950.0, ""kaynak"": ""BNB+BYB+OKX""}, {""usdt"": 9424825.0, ""borsa"": 1, ""fiyat"": 64000.0, ""kaynak"": ""BNB""}, {""usdt"": 8289994.0, ""borsa"": 1, ""fiyat"": 64025.0, ""kaynak"": ""BNB""}]",YOK,-0.1497,-0.0258,0.36,0.5005,false,0.9101,false,,0,1,3,1,0,3,59.5,60.7,IZLE,,25,63982.8,,,,,SEVIYE,65,1160.6,116,,,,,,,1785286800,1,0,,22,669.9,22,,,
30464,2026-07-29 01:03:14.74035+00,63968.350000000006,616997.4681949014,-790633.6950000001,11689725616.7607,0.00008766800000000002,44767306.352800034,447.3565,9.4,BEKLE,,319.4555,127.901,1.7137,120.899,46306483.67349997,0,9.4,0.0,"[{""usdt"": 13630254.0, ""borsa"": 3, ""fiyat"": 63925.0, ""kaynak"": ""BNB+BYB+OKX""}, {""usdt"": 9071752.0, ""borsa"": 1, ""fiyat"": 63875.0, ""kaynak"": ""BNB""}, {""usdt"": 8423327.0, ""borsa"": 1, ""fiyat"": 63850.0, ""kaynak"": ""BNB""}]","[{""usdt"": 10380139.0, ""borsa"": 3, ""fiyat"": 63975.0, ""kaynak"": ""BNB+BYB+OKX""}, {""usdt"": 9850746.0, ""borsa"": 1, ""fiyat"": 64050.0, ""kaynak"": ""BNB""}, {""usdt"": 8465599.0, ""borsa"": 1, ""fiyat"": 64025.0, ""kaynak"": ""BNB""}]",YOK,-0.0757,-0.0169,0.948,1.5262,false,1.0829,false,,0,0,3,0,0,3,56.1,57.2,IZLE,,25,63982.8,,,,,SEVIYE,65,1161.6,116,,,,,,,1785286920,1,0,,22,670.9,22,,,
30465,2026-07-29 01:04:15.439172+00,63969.350000000006,642741.8587061008,-781755.9550000001,11693010653.524,0.00008766800000000002,46960965.51269,447.3753,5.1,BEKLE,,319.4555,127.91980000000001,1.7115,60.391,44987797.29534999,60.391,0.0,5.1,"[{""usdt"": 12588979.0, ""borsa"": 3, ""fiyat"": 63950.0, ""kaynak"": ""BNB+BYB+OKX""}, {""usdt"": 8893219.0, ""borsa"": 1, ""fiyat"": 63875.0, ""kaynak"": ""BNB""}, {""usdt"": 8065457.0, ""borsa"": 2, ""fiyat"": 63925.0, ""kaynak"": ""BNB+OKX""}]","[{""usdt"": 9943294.0, ""borsa"": 2, ""fiyat"": 64000.0, ""kaynak"": ""BNB+BYB""}, {""usdt"": 9039702.0, ""borsa"": 1, ""fiyat"": 64050.0, ""kaynak"": ""BNB""}, {""usdt"": 8592525.0, ""borsa"": 1, ""fiyat"": 64075.0, ""kaynak"": ""BNB""}]",YOK,-0.0513,0.0215,0.9824,1.7237,false,0.6666,false,,0,0,3,1,0,3,52.6,53.7,IZLE,,25,63982.8,,,,,SEVIYE,65,1162.6,117,,,,,,,1785286920,1,0,,21,671.9,21,,,
30466,2026-07-29 01:05:15.881782+00,63944.75,638471.3438207015,-799966.824,11689994278.042,0.00008766800000000002,49441916.38511999,447.3753,14.9,BEKLE,true,319.4555,127.91980000000001,1.7115,120.955,47670549.469919994,0,0.0,14.9,"[{""usdt"": 14831836.0, ""borsa"": 3, ""fiyat"": 63900.0, ""kaynak"": ""BNB+BYB+OKX""}, {""usdt"": 9555624.0, ""borsa"": 3, ""fiyat"": 63925.0, ""kaynak"": ""BNB+BYB+OKX""}, {""usdt"": 9441855.0, ""borsa"": 1, ""fiyat"": 63875.0, ""kaynak"": ""BNB""}]","[{""usdt"": 14037028.0, ""borsa"": 3, ""fiyat"": 63950.0, ""kaynak"": ""BNB+BYB+OKX""}, {""usdt"": 9876313.0, ""borsa"": 1, ""fiyat"": 64025.0, ""kaynak"": ""BNB""}, {""usdt"": 8066062.0, ""borsa"": 1, ""fiyat"": 64050.0, ""kaynak"": ""BNB""}]",YOK,-0.1003,0.0182,0.8668,1.4677,false,,true,0.1663,0,1,3,1,0,3,49.3,50.4,IZLE,,25,63982.8,,,,,SEVIYE,65,1163.6,117,,,,,,,1785286920,1,1,,21,672.9,21,,,
30467,2026-07-29 01:06:16.541185+00,63932.850000000006,112952.0727176012,-656738.886,11688783823.4084,0.00008766800000000002,46554408.71132003,127.91980000000001,20.3,BEKLE,true,0.0,127.91980000000001,1.7086,181.462,47820888.556750014,60.507,0.0,20.3,"[{""usdt"": 11633699.0, ""borsa"": 3, ""fiyat"": 63900.0, ""kaynak"": ""BNB+BYB+OKX""}, {""usdt"": 11076610.0, ""borsa"": 3, ""fiyat"": 63925.0, ""kaynak"": ""BNB+BYB+OKX""}, {""usdt"": 9498515.0, ""borsa"": 1, ""fiyat"": 63875.0, ""kaynak"": ""BNB""}]","[{""usdt"": 12060811.0, ""borsa"": 3, ""fiyat"": 63950.0, ""kaynak"": ""BNB+BYB+OKX""}, {""usdt"": 9127634.0, ""borsa"": 1, ""fiyat"": 64025.0, ""kaynak"": ""BNB""}, {""usdt"": 7983571.0, ""borsa"": 1, ""fiyat"": 64000.0, ""kaynak"": ""BNB""}]",YOK,-0.0724,-0.0134,0.58,0.2566,false,,true,0.0603,0,1,3,0,0,3,46,47,IZLE,,25,63889.6,,,,,SEVIYE,70,433.6,44,,,,,,,1785286920,1,0,,21,673.9,21,,,
30468,2026-07-29 01:07:17.054429+00,63899.95,-250432.9389617986,-706817.611,11682570812.6207,0.00008766800000000002,47333932.28410001,127.91980000000001,21.2,BEKLE,true,0.0,127.91980000000001,1.7086,0,46844272.31899998,60.766,0.0,21.2,"[{""usdt"": 13345763.0, ""borsa"": 3, ""fiyat"": 63875.0, ""kaynak"": ""BNB+BYB+OKX""}, {""usdt"": 9023008.0, ""borsa"": 1, ""fiyat"": 63850.0, ""kaynak"": ""BNB""}, {""usdt"": 8970112.0, ""borsa"": 1, ""fiyat"": 63800.0, ""kaynak"": ""BNB""}]","[{""usdt"": 12100600.0, ""borsa"": 3, ""fiyat"": 63925.0, ""kaynak"": ""BNB+BYB+OKX""}, {""usdt"": 9242718.0, ""borsa"": 1, ""fiyat"": 64025.0, ""kaynak"": ""BNB""}, {""usdt"": 7988881.0, ""borsa"": 1, ""fiyat"": 63975.0, ""kaynak"": ""BNB""}]",YOK,-0.1626,0.0052,0.7205,5.1592,false,0.0971,false,,1,2,3,1,0,3,42.4,43.5,IZLE,,25,63889.6,,,,,SEVIYE,70,434.6,44,,,,,,,1785286920,1,1,,21,674.9,21,,,
30469,2026-07-29 01:08:17.363237+00,63926.45,-473553.2734001982,-725415.951,11687039572.7521,0.00008766800000000002,49190126.371249944,3452.112,15.8,BEKLE,true,3452.112,0.0,1.7086,60.383,40577320.470580034,60.383,0.0,15.8,"[{""usdt"": 12970808.0, ""borsa"": 3, ""fiyat"": 63875.0, ""kaynak"": ""BNB+BYB+OKX""}, {""usdt"": 11797766.0, ""borsa"": 1, ""fiyat"": 63800.0, ""kaynak"": ""BNB""}, {""usdt"": 9848642.0, ""borsa"": 3, ""fiyat"": 63850.0, ""kaynak"": ""BNB+BYB+OKX""}]","[{""usdt"": 10798532.0, ""borsa"": 3, ""fiyat"": 63900.0, ""kaynak"": ""BNB+BYB+OKX""}, {""usdt"": 7807535.0, ""borsa"": 1, ""fiyat"": 63950.0, ""kaynak"": ""BNB""}, {""usdt"": 7430095.0, ""borsa"": 2, ""fiyat"": 63925.0, ""kaynak"": ""BNB+BYB""}]",YOK,-0.156,0.0959,0.9187,2.013,true,0.2881,false,,0,2,3,1,0,3,38.8,40,IZLE,,25,63889.6,,,,,SEVIYE,70,435.6,44,,,,,,,1785287220,1,0,,21,675.9,21,,,
30470,2026-07-29 01:09:17.783003+00,63884.649999999994,-827209.2426259986,-784573.389,11682285529.599201,0.00008766800000000002,49255980.17695001,3452.1066,2.4,BEKLE,,3452.1066,0.0,1.7086,60.267,45769650.95410004,120.65,2.4,0.0,"[{""usdt"": 14890435.0, ""borsa"": 3, ""fiyat"": 63875.0, ""kaynak"": ""BNB+BYB+OKX""}, {""usdt"": 11859797.0, ""borsa"": 3, ""fiyat"": 63900.0, ""kaynak"": ""BNB+BYB+OKX""}, {""usdt"": 10076755.0, ""borsa"": 1, ""fiyat"": 63850.0, ""kaynak"": ""BNB""}]","[{""usdt"": 12208227.0, ""borsa"": 3, ""fiyat"": 63925.0, ""kaynak"": ""BNB+BYB+OKX""}, {""usdt"": 8538967.0, ""borsa"": 1, ""fiyat"": 64025.0, ""kaynak"": ""BNB""}, {""usdt"": 7545872.0, ""borsa"": 1, ""fiyat"": 64000.0, ""kaynak"": ""BNB""}]",YOK,-0.1838,0.0367,0.9972,3.2769,false,,false,,0,2,3,1,0,3,35.3,36.4,IZLE,,25,63889.6,,,,,SEVIYE,70,436.6,44,,,,,,,1785287220,1,0,,21,676.9,21,,,
30471,2026-07-29 01:10:18.607815+00,63899.95,-186335.6579755,-195290.19400000005,11680778080.837101,0.00008766800000000002,49113343.199150026,4410.4776,30.5,BEKLE,true,4410.4776,0.0,1.7086,0,45643711.70229004,0,0.0,30.5,"[{""usdt"": 14558783.0, ""borsa"": 3, ""fiyat"": 63850.0, ""kaynak"": ""BNB+BYB+OKX""}, {""usdt"": 11676493.0, ""borsa"": 1, ""fiyat"": 63800.0, ""kaynak"": ""BNB""}, {""usdt"": 8274105.0, ""borsa"": 1, ""fiyat"": 63775.0, ""kaynak"": ""BNB""}]","[{""usdt"": 12717586.0, ""borsa"": 3, ""fiyat"": 63900.0, ""kaynak"": ""BNB+BYB+OKX""}, {""usdt"": 8438560.0, ""borsa"": 1, ""fiyat"": 63975.0, ""kaynak"": ""BNB""}, {""usdt"": 7376097.0, ""borsa"": 1, ""fiyat"": 63950.0, ""kaynak"": ""BNB""}]",YOK,-0.1628,0.0366,0.4795,1.486,false,,true,0.2054,0,2,3,0,0,3,32.4,33.5,IZLE,,25,63889.6,,,,,SEVIYE,70,437.6,44,,,,,,,1785287340,1,0,,21,677.9,21,,,
30472,2026-07-29 01:11:18.900032+00,63818.55,-728875.2107729004,-473101.147,11671601510.7904,0.00008766800000000002,44529733.23922997,8816.1207,26.6,BEKLE,false,8816.1207,0.0,1.7086,60.303,44482061.13861003,60.303,0.0,26.6,"[{""usdt"": 12494082.0, ""borsa"": 3, ""fiyat"": 63825.0, ""kaynak"": ""BNB+BYB+OKX""}, {""usdt"": 10473680.0, ""borsa"": 1, ""fiyat"": 63775.0, ""kaynak"": ""BNB""}, {""usdt"": 8508004.0, ""borsa"": 1, ""fiyat"": 63750.0, ""kaynak"": ""BNB""}]","[{""usdt"": 9997887.0, ""borsa"": 3, ""fiyat"": 63875.0, ""kaynak"": ""BNB+BYB+OKX""}, {""usdt"": 8008064.0, ""borsa"": 1, ""fiyat"": 63925.0, ""kaynak"": ""BNB""}, {""usdt"": 7657427.0, ""borsa"": 1, ""fiyat"": 63950.0, ""kaynak"": ""BNB""}]",YOK,-0.1862,0.0005,0.7559,5.8566,false,0.1057,false,,0,2,3,0,1,3,28.9,29.9,IZLE,,25,63832.4,,,,,SEVIYE,90,438.6,44,,,,,,,1785287400,1,0,,21,678.9,21,,,
30473,2026-07-29 01:12:19.14972+00,63779.95,-1201808.5624820003,-708169.5679999999,11660887902.431,0.00008766800000000002,46831493.96989996,60533.835900000005,1.0,BEKLE,,60533.835900000005,0.0,1.7056,0,47622331.05041999,0,1.0,0.0,"[{""usdt"": 11612250.0, ""borsa"": 3, ""fiyat"": 63750.0, ""kaynak"": ""BNB+BYB+OKX""}, {""usdt"": 9651916.0, ""borsa"": 3, ""fiyat"": 63775.0, ""kaynak"": ""BNB+BYB+OKX""}, {""usdt"": 9443290.0, ""borsa"": 1, ""fiyat"": 63700.0, ""kaynak"": ""BNB""}]","[{""usdt"": 10664842.0, ""borsa"": 3, ""fiyat"": 63800.0, ""kaynak"": ""BNB+BYB+OKX""}, {""usdt"": 9415893.0, ""borsa"": 1, ""fiyat"": 63900.0, ""kaynak"": ""BNB""}, {""usdt"": 7331382.0, ""borsa"": 1, ""fiyat"": 63875.0, ""kaynak"": ""BNB""}]",YOK,-0.2144,-0.0084,0.9979,7.1863,false,0.1089,false,,0,2,3,0,1,3,25.3,26.4,IZLE,,50,63794.3,,,,,SEVIYE+TASFIYE,65,449.6,45,,,,,,,1785287520,2,0,,21,680.0,21,,,
30474,2026-07-29 01:13:20.625068+00,63833.45,-725990.6172348997,-887220.504,11673473912.9599,0.00008766800000000002,48189208.23211998,60538.67710000001,17.5,BEKLE,true,60538.67710000001,0.0,1.7056,61.483,49330611.45071003,61.483,17.5,0.0,"[{""usdt"": 12295769.0, ""borsa"": 3, ""fiyat"": 63800.0, ""kaynak"": ""BNB+BYB+OKX""}, {""usdt"": 8710692.0, ""borsa"": 1, ""fiyat"": 63750.0, ""kaynak"": ""BNB""}, {""usdt"": 8186183.0, ""borsa"": 1, ""fiyat"": 63725.0, ""kaynak"": ""BNB""}]","[{""usdt"": 12789908.0, ""borsa"": 3, ""fiyat"": 63850.0, ""kaynak"": ""BNB+BYB+OKX""}, {""usdt"": 9792425.0, ""borsa"": 3, ""fiyat"": 63825.0, ""kaynak"": ""BNB+BYB+OKX""}, {""usdt"": 8471605.0, ""borsa"": 1, ""fiyat"": 63900.0, ""kaynak"": ""BNB""}]",YOK,-0.155,-0.0117,,,false,0.0193,false,,0,2,3,1,0,3,22.7,23.7,IZLE,,50,63834,,,,,SEVIYE+TASFIYE,90,440.6,45,,,,,,,1785287520,2,0,,19,1101.6,19,,,
30475,2026-07-29 01:14:21.01066+00,63804.05,-911944.2220237973,-881414.0419999999,11665871494.3607,0.00008766800000000002,42657149.18647997,59580.30610000001,15.1,BEKLE,,59580.30610000001,0.0,1.7056,121.647,48824269.21653994,60.164,15.1,0.0,"[{""usdt"": 13231232.0, ""borsa"": 3, ""fiyat"": 63800.0, ""kaynak"": ""BNB+BYB+OKX""}, {""usdt"": 9028157.0, ""borsa"": 1, ""fiyat"": 63750.0, ""kaynak"": ""BNB""}, {""usdt"": 8721910.0, ""borsa"": 2, ""fiyat"": 63775.0, ""kaynak"": ""BNB+OKX""}]","[{""usdt"": 9256613.0, ""borsa"": 1, ""fiyat"": 63925.0, ""kaynak"": ""BNB""}, {""usdt"": 8893960.0, ""borsa"": 1, ""fiyat"": 63900.0, ""kaynak"": ""BNB""}, {""usdt"": 8397565.0, ""borsa"": 2, ""fiyat"": 63825.0, ""kaynak"": ""BYB+OKX""}]",YOK,-0.0929,-0.0674,,,false,0.0163,false,,0,1,3,0,1,3,19,20.1,IZLE,,50,63776.6,,,,,SEVIYE+TASFIYE,75,451.6,46,,,,,,,1785287520,2,0,,19,1102.6,19,,,
30476,2026-07-29 01:15:21.367758+00,63777.05,-1744242.3551394956,-1056144.0379999997,11666037664.4879,0.00008766800000000002,47271581.04431999,57917.85660000001,21.8,BEKLE,true,57917.85660000001,0.0,1.7056,182.175,49838020.41657004,60.528,21.8,0.0,"[{""usdt"": 15668620.0, ""borsa"": 3, ""fiyat"": 63775.0, ""kaynak"": ""BNB+BYB+OKX""}, {""usdt"": 9096022.0, ""borsa"": 1, ""fiyat"": 63725.0, ""kaynak"": ""BNB""}, {""usdt"": 9021941.0, ""borsa"": 1, ""fiyat"": 63700.0, ""kaynak"": ""BNB""}]","[{""usdt"": 10158883.0, ""borsa"": 1, ""fiyat"": 63900.0, ""kaynak"": ""BNB""}, {""usdt"": 9983870.0, ""borsa"": 3, ""fiyat"": 63800.0, ""kaynak"": ""BNB+BYB+OKX""}, {""usdt"": 8307078.0, ""borsa"": 1, ""fiyat"": 63875.0, ""kaynak"": ""BNB""}]",YOK,-0.1947,-0.0264,0.55,2.4612,false,0.2424,false,,0,2,3,1,1,3,15,16.7,IZLE,,50,63776.6,,,,,SEVIYE+TASFIYE,75,452.7,46,PCT,0.91,0.016996647102026554,13.73942247830901,false,0.014,1785287640,2,0,,19,1103.6,19,,,
30477,2026-07-29 01:16:22.488596+00,63774.350000000006,-1622288.2577034954,-1291243.686,11663612983.6762,0.00008766800000000002,51047486.46230001,8998.6316,39.4,BEKLE,true,8998.6316,0.0,1.7056,60.986,50351799.08926998,121.514,39.4,0.0,"[{""usdt"": 18639041.0, ""borsa"": 3, ""fiyat"": 63750.0, ""kaynak"": ""BNB+BYB+OKX""}, {""usdt"": 11513991.0, ""borsa"": 1, ""fiyat"": 63675.0, ""kaynak"": ""BNB""}, {""usdt"": 10198664.0, ""borsa"": 1, ""fiyat"": 63700.0, ""kaynak"": ""BNB""}]","[{""usdt"": 10388075.0, ""borsa"": 3, ""fiyat"": 63800.0, ""kaynak"": ""BNB+BYB+OKX""}, {""usdt"": 10319073.0, ""borsa"": 3, ""fiyat"": 63775.0, ""kaynak"": ""BNB+BYB+OKX""}, {""usdt"": 8470126.0, ""borsa"": 1, ""fiyat"": 63850.0, ""kaynak"": ""BNB""}]",YOK,-0.1891,0.0069,0.4245,1.1927,false,1.2223,true,0,0,2,3,0,0,3,12.1,13.2,IZLE,,25,63776.6,,,,,SEVIYE,75,453.7,46,,,,,,,1785287640,1,0,,19,1104.6,19,,,
30478,2026-07-29 01:17:22.857128+00,63756.350000000006,-1666786.0265489954,-1259225.6749999996,11662355062.0826,0.00008766800000000002,47641890.36027001,2743.1935999999996,36.4,BEKLE,true,2743.1935999999996,0.0,1.7056,121.423,51491928.85153002,181.951,36.4,0.0,"[{""usdt"": 12583370.0, ""borsa"": 3, ""fiyat"": 63750.0, ""kaynak"": ""BNB+BYB+OKX""}, {""usdt"": 10441121.0, ""borsa"": 1, ""fiyat"": 63700.0, ""kaynak"": ""BNB""}, {""usdt"": 10433706.0, ""borsa"": 1, ""fiyat"": 63675.0, ""kaynak"": ""BNB""}]","[{""usdt"": 14118336.0, ""borsa"": 3, ""fiyat"": 63775.0, ""kaynak"": ""BNB+BYB+OKX""}, {""usdt"": 9142102.0, ""borsa"": 1, ""fiyat"": 63825.0, ""kaynak"": ""BNB""}, {""usdt"": 7054701.0, ""borsa"": 1, ""fiyat"": 63800.0, ""kaynak"": ""BNB""}]",YOK,-0.2154,-0.0388,0.363,1.0471,false,0.7788,true,0,0,2,3,0,1,3,8.3,9.8,IZLE,,25,63776.6,,,,,SEVIYE,75,454.7,46,,,,,,,1785287640,1,0,,19,1105.6,19,,,
30479,2026-07-29 01:18:23.067526+00,63811.850000000006,-1328862.994018296,-1247945.832,11665087920.0478,0.00008766800000000002,45216044.16281003,6888.996999999999,29.8,BEKLE,true,6888.996999999999,0.0,1.7005,181.709,44620225.88160006,242.237,29.8,0.0,"[{""usdt"": 16230454.0, ""borsa"": 3, ""fiyat"": 63775.0, ""kaynak"": ""BNB+BYB+OKX""}, {""usdt"": 8873787.0, ""borsa"": 1, ""fiyat"": 63700.0, ""kaynak"": ""BNB""}, {""usdt"": 8603565.0, ""borsa"": 1, ""fiyat"": 63725.0, ""kaynak"": ""BNB""}]","[{""usdt"": 9225636.0, ""borsa"": 3, ""fiyat"": 63825.0, ""kaynak"": ""BNB+BYB+OKX""}, {""usdt"": 8827346.0, ""borsa"": 3, ""fiyat"": 63800.0, ""kaynak"": ""BNB+BYB+OKX""}, {""usdt"": 8155370.0, ""borsa"": 1, ""fiyat"": 63850.0, ""kaynak"": ""BNB""}]",YOK,-0.093,0.0066,0.5303,1.0787,false,0.6371,true,0,0,0,3,1,0,3,4.7,5.8,IZLE,,25,63834,,,,,SEVIYE,90,445.7,45,,,,,,,1785287820,2,0,,19,1106.6,19,,,
30480,2026-07-29 01:19:23.33065+00,63812.45,-1427068.2592591974,-1160019.609,11669577355.2566,0.00008766800000000002,48973562.26251,4145.8034,31.7,BEKLE,,4145.8034,0.0,1.7005,241.922,49263786.652600005,0,31.7,0.0,"[{""usdt"": 17091572.0, ""borsa"": 3, ""fiyat"": 63775.0, ""kaynak"": ""BNB+BYB+OKX""}, {""usdt"": 9515540.0, ""borsa"": 1, ""fiyat"": 63725.0, ""kaynak"": ""BNB""}, {""usdt"": 9229770.0, ""borsa"": 1, ""fiyat"": 63700.0, ""kaynak"": ""BNB""}]","[{""usdt"": 9162073.0, ""borsa"": 1, ""fiyat"": 63925.0, ""kaynak"": ""BNB""}, {""usdt"": 8487481.0, ""borsa"": 3, ""fiyat"": 63825.0, ""kaynak"": ""BNB+BYB+OKX""}, {""usdt"": 7765803.0, ""borsa"": 1, ""fiyat"": 63900.0, ""kaynak"": ""BNB""}]",YOK,-0.1419,-0.003,0.5553,0.5144,false,0.6396,true,0,0,1,3,1,0,3,63.9,63.4,IZLE,,25,63834,,,,,SEVIYE,90,446.7,45,,,,,,,1785287820,2,0,,19,1107.6,19,,,
30481,2026-07-29 01:20:23.70691+00,63867.05,39570.21869400088,-914007.9060000001,11676176602.619,0.00008766800000000002,51501318.29348001,4145.8034,12.2,BEKLE,,4145.8034,0.0,1.7005,302.189,47791393.03354001,60.267,0.0,12.2,"[{""usdt"": 15825887.0, ""borsa"": 3, ""fiyat"": 63775.0, ""kaynak"": ""BNB+BYB+OKX""}, {""usdt"": 9623030.0, ""borsa"": 3, ""fiyat"": 63800.0, ""kaynak"": ""BNB+BYB+OKX""}, {""usdt"": 9515540.0, ""borsa"": 1, ""fiyat"": 63725.0, ""kaynak"": ""BNB""}]","[{""usdt"": 11739120.0, ""borsa"": 3, ""fiyat"": 63825.0, ""kaynak"": ""BNB+BYB+OKX""}, {""usdt"": 9162073.0, ""borsa"": 1, ""fiyat"": 63925.0, ""kaynak"": ""BNB""}, {""usdt"": 7765803.0, ""borsa"": 1, ""fiyat"": 63900.0, ""kaynak"": ""BNB""}]",YOK,-0.168,0.0374,0.8945,2.5647,true,0.096,true,0,0,2,3,2,0,3,60.9,61.9,IZLE,,25,63834,,,,,SEVIYE,90,447.7,45,,,,,,,1785287820,2,1,,19,1108.6,19,,,
30482,2026-07-29 01:21:23.931408+00,63855.25,39570.21869400088,-914007.9060000001,11676176602.619,0.00008766800000000002,46954475.86434996,4145.8034,16.9,BEKLE,true,4145.8034,0.0,1.6991,0,43656368.52600004,120.681,0.0,16.9,"[{""usdt"": 13687086.0, ""borsa"": 3, ""fiyat"": 63825.0, ""kaynak"": ""BNB+BYB+OKX""}, {""usdt"": 10538756.0, ""borsa"": 1, ""fiyat"": 63800.0, ""kaynak"": ""BNB""}, {""usdt"": 7460542.0, ""borsa"": 3, ""fiyat"": 63850.0, ""kaynak"": ""BNB+BYB+OKX""}]","[{""usdt"": 12342085.0, ""borsa"": 3, ""fiyat"": 63875.0, ""kaynak"": ""BNB+BYB+OKX""}, {""usdt"": 9986465.0, ""borsa"": 1, ""fiyat"": 63950.0, ""kaynak"": ""BNB""}, {""usdt"": 7432110.0, ""borsa"": 1, ""fiyat"": 63925.0, ""kaynak"": ""BNB""}]",YOK,-0.0975,0.0364,0.7485,2.0707,true,0.0891,true,0.1297,1,1,3,1,0,3,57.4,58.5,IZLE,,25,63834,,,,,SEVIYE,90,448.7,45,,,,,,,1785287820,2,1,,19,1109.6,19,,,
30483,2026-07-29 01:22:24.858133+00,63866.45,-119294.35957419874,-944416.348,11676102979.6361,0.00008766800000000002,49093344.25681994,4145.8034,10.7,BEKLE,true,4145.8034,0.0,1.6991,60.217,43738703.34071,60.217,0.0,10.7,"[{""usdt"": 14248224.0, ""borsa"": 3, ""fiyat"": 63825.0, ""kaynak"": ""BNB+BYB+OKX""}, {""usdt"": 9619825.0, ""borsa"": 1, ""fiyat"": 63750.0, ""kaynak"": ""BNB""}, {""usdt"": 8095510.0, ""borsa"": 1, ""fiyat"": 63800.0, ""kaynak"": ""BNB""}]","[{""usdt"": 10477829.0, ""borsa"": 3, ""fiyat"": 63875.0, ""kaynak"": ""BNB+BYB+OKX""}, {""usdt"": 9752177.0, ""borsa"": 1, ""fiyat"": 63925.0, ""kaynak"": ""BNB""}, {""usdt"": 7392138.0, ""borsa"": 1, ""fiyat"": 63950.0, ""kaynak"": ""BNB""}]",YOK,0.0232,0.0577,0.7685,3.1084,false,0.0954,true,0.246,2,0,3,0,0,3,53.3,54.4,IZLE,,25,63834,,,,,SEVIYE,90,449.7,45,,,,,,,1785287820,2,2,,19,1110.7,19,,,
30484,2026-07-29 01:23:25.278153+00,63922.25,-39773.41801739796,-932576.174,11678285569.7779,0.00008766800000000002,48111581.722049996,0.0,12.4,BEKLE,true,0.0,0.0,1.6991,121.328,45095204.06129003,121.328,0.0,12.4,"[{""usdt"": 12285461.0, ""borsa"": 3, ""fiyat"": 63850.0, ""kaynak"": ""BNB+BYB+OKX""}, {""usdt"": 8962476.0, ""borsa"": 1, ""fiyat"": 63800.0, ""kaynak"": ""BNB""}, {""usdt"": 7275510.0, ""borsa"": 1, ""fiyat"": 63775.0, ""kaynak"": ""BNB""}]","[{""usdt"": 11480558.0, ""borsa"": 3, ""fiyat"": 63900.0, ""kaynak"": ""BNB+BYB+OKX""}, {""usdt"": 8916305.0, ""borsa"": 1, ""fiyat"": 63975.0, ""kaynak"": ""BNB""}, {""usdt"": 7670151.0, ""borsa"": 1, ""fiyat"": 63925.0, ""kaynak"": ""BNB""}]",YOK,0.0126,0.0324,0.7403,3.5256,false,0.053,false,,0,0,3,2,0,3,50.6,51.7,IZLE,,25,63899.6,,,,,SEVIYE,70,450.7,46,,,,,,,,,0,,19,1181.8,19,,,
30485,2026-07-29 01:24:25.568913+00,63904.05,543308.0077187021,-841357.164,11685815604.795502,0.00008766800000000002,44391186.86104994,255.54760000000002,15.4,BEKLE,true,255.54760000000002,0.0,1.6991,60.314,49460907.85464001,60.314,0.0,15.4,"[{""usdt"": 13621360.0, ""borsa"": 3, ""fiyat"": 63875.0, ""kaynak"": ""BNB+BYB+OKX""}, {""usdt"": 8826036.0, ""borsa"": 1, ""fiyat"": 63825.0, ""kaynak"": ""BNB""}, {""usdt"": 8502826.0, ""borsa"": 1, ""fiyat"": 63850.0, ""kaynak"": ""BNB""}]","[{""usdt"": 11408853.0, ""borsa"": 3, ""fiyat"": 63900.0, ""kaynak"": ""BNB+BYB+OKX""}, {""usdt"": 9372360.0, ""borsa"": 1, ""fiyat"": 64000.0, ""kaynak"": ""BNB""}, {""usdt"": 8341538.0, ""borsa"": 1, ""fiyat"": 63975.0, ""kaynak"": ""BNB""}]",YOK,0.0192,-0.054,0.8118,2.0985,false,0.1994,false,,1,0,3,0,1,3,47.1,48.1,IZLE,,25,63899.6,,,,,SEVIYE,70,451.7,46,,,,,,,1785288120,1,0,,19,1182.8,19,,,
30486,2026-07-29 01:25:25.867297+00,63862.149999999994,157337.7428791015,-1006913.71,11680039962.982498,0.00008766800000000002,50317949.04763996,255.54760000000002,12.0,BEKLE,false,255.54760000000002,0.0,1.6991,60.195,47625434.025750004,120.509,12.0,0.0,"[{""usdt"": 18951797.0, ""borsa"": 3, ""fiyat"": 63850.0, ""kaynak"": ""BNB+BYB+OKX""}, {""usdt"": 10248319.0, ""borsa"": 1, ""fiyat"": 63800.0, ""kaynak"": ""BNB""}, {""usdt"": 7887592.0, ""borsa"": 1, ""fiyat"": 63825.0, ""kaynak"": ""BNB""}]","[{""usdt"": 10456394.0, ""borsa"": 3, ""fiyat"": 63900.0, ""kaynak"": ""BNB+BYB+OKX""}, {""usdt"": 8801555.0, ""borsa"": 1, ""fiyat"": 64000.0, ""kaynak"": ""BNB""}, {""usdt"": 7626956.0, ""borsa"": 1, ""fiyat"": 63950.0, ""kaynak"": ""BNB""}]",YOK,0.0348,0.0275,,,false,0.5286,true,0.2343,2,0,3,1,0,3,43.4,44.5,IZLE,,25,63832,,,,,SEVIYE,70,452.7,46,,,,,,,1785288120,1,1,,19,1183.8,19,,,
30487,2026-07-29 01:26:26.206292+00,63906.45,535078.746062095,-197205.10600000003,11676636392.563702,0.00008766800000000002,46718902.163109995,255.54760000000002,31.7,BEKLE,true,255.54760000000002,0.0,1.6991,0,45140489.15672999,180.819,0.0,31.7,"[{""usdt"": 12188895.0, ""borsa"": 3, ""fiyat"": 63850.0, ""kaynak"": ""BNB+BYB+OKX""}, {""usdt"": 9371308.0, ""borsa"": 1, ""fiyat"": 63800.0, ""kaynak"": ""BNB""}, {""usdt"": 9345050.0, ""borsa"": 1, ""fiyat"": 63775.0, ""kaynak"": ""BNB""}]","[{""usdt"": 12890289.0, ""borsa"": 3, ""fiyat"": 63900.0, ""kaynak"": ""BNB+BYB+OKX""}, {""usdt"": 8520731.0, ""borsa"": 1, ""fiyat"": 63950.0, ""kaynak"": ""BNB""}, {""usdt"": 7781653.0, ""borsa"": 1, ""fiyat"": 63975.0, ""kaynak"": ""BNB""}]",YOK,0.1133,0.0172,0.3253,1.8678,false,,false,0.7767,2,0,3,1,0,3,39.8,40.9,IZLE,,25,63899.6,,,,,SEVIYE,70,453.7,46,,,,,,,1785288120,1,2,,19,1184.8,19,,,
30488,2026-07-29 01:27:26.454339+00,63895.350000000006,671359.3542144957,-175931.619,11680968454.7595,0.00008766800000000002,49281155.190019965,255.54760000000002,37.5,BEKLE,true,255.54760000000002,0.0,1.7034,60.386,42884941.10401006,241.205,0.0,37.5,"[{""usdt"": 11695785.0, ""borsa"": 3, ""fiyat"": 63850.0, ""kaynak"": ""BNB+BYB+OKX""}, {""usdt"": 11649385.0, ""borsa"": 3, ""fiyat"": 63875.0, ""kaynak"": ""BNB+BYB+OKX""}, {""usdt"": 9378653.0, ""borsa"": 1, ""fiyat"": 63800.0, ""kaynak"": ""BNB""}]","[{""usdt"": 12670289.0, ""borsa"": 3, ""fiyat"": 63900.0, ""kaynak"": ""BNB+BYB+OKX""}, {""usdt"": 8100660.0, ""borsa"": 1, ""fiyat"": 63950.0, ""kaynak"": ""BNB""}, {""usdt"": 7852663.0, ""borsa"": 1, ""fiyat"": 63975.0, ""kaynak"": ""BNB""}]",YOK,0.0487,0.0694,0.4178,0.8484,false,,false,0.6101,1,0,3,1,0,3,36.4,37.4,IZLE,,25,63899.6,,,,,SEVIYE,70,454.7,46,,,,,,,1785288120,1,3,,19,1185.8,19,,,
30489,2026-07-29 01:28:26.804547+00,63913.05,831061.3711381955,-114041.436,11679770697.1513,0.00008766800000000002,47599322.518450014,0.0,45.7,BEKLE,true,0.0,0.0,1.7034,120.551,45727420.28280997,301.37,0.0,45.7,"[{""usdt"": 11199790.0, ""borsa"": 3, ""fiyat"": 63900.0, ""kaynak"": ""BNB+BYB+OKX""}, {""usdt"": 9756935.0, ""borsa"": 1, ""fiyat"": 63800.0, ""kaynak"": ""BNB""}, {""usdt"": 8969460.0, ""borsa"": 3, ""fiyat"": 63875.0, ""kaynak"": ""BNB+BYB+OKX""}]","[{""usdt"": 12651581.0, ""borsa"": 3, ""fiyat"": 63925.0, ""kaynak"": ""BNB+BYB+OKX""}, {""usdt"": 10328929.0, ""borsa"": 1, ""fiyat"": 64000.0, ""kaynak"": ""BNB""}, {""usdt"": 7812536.0, ""borsa"": 1, ""fiyat"": 63975.0, ""kaynak"": ""BNB""}]",YOK,0.1303,0.0201,0.4259,0.2498,false,,false,0.8568,2,0,3,0,0,3,32.7,33.7,IZLE,,25,63899.6,,,,,SEVIYE,70,455.7,46,,,,,,,,,0,,19,1186.8,19,,,
30490,2026-07-29 01:29:27.059956+00,63901.649999999994,792713.4709136966,-126563.065,11682273501.379099,0.00008766800000000002,45805875.98597999,12783.0,44.7,BEKLE,true,12783.0,0.0,1.7034,120.527,50373678.69336002,361.732,0.0,44.7,"[{""usdt"": 15030519.0, ""borsa"": 3, ""fiyat"": 63875.0, ""kaynak"": ""BNB+BYB+OKX""}, {""usdt"": 9344942.0, ""borsa"": 1, ""fiyat"": 63825.0, ""kaynak"": ""BNB""}, {""usdt"": 8083531.0, ""borsa"": 1, ""fiyat"": 63800.0, ""kaynak"": ""BNB""}]","[{""usdt"": 10701239.0, ""borsa"": 1, ""fiyat"": 64000.0, ""kaynak"": ""BNB""}, {""usdt"": 10503037.0, ""borsa"": 3, ""fiyat"": 63925.0, ""kaynak"": ""BNB+BYB+OKX""}, {""usdt"": 8259694.0, ""borsa"": 3, ""fiyat"": 63900.0, ""kaynak"": ""BNB+BYB+OKX""}]",YOK,0.0534,-0.0475,0.1957,0.1046,false,,false,1.3959,2,0,3,1,1,3,29.2,30.2,IZLE,,25,63899.6,,,,,SEVIYE,70,456.7,46,,,,,,,1785288420,1,0,,19,1187.8,19,,,
30491,2026-07-29 01:30:27.359634+00,63891.45,868433.4706282924,-159243.886,11681797726.9931,0.00008766800000000002,40949365.93314998,12783.0,51.3,BEKLE,true,12783.0,0.0,1.7034,0,50179167.568929985,422.004,0.0,51.3,"[{""usdt"": 14650235.0, ""borsa"": 3, ""fiyat"": 63825.0, ""kaynak"": ""BNB+BYB+OKX""}, {""usdt"": 8720162.0, ""borsa"": 1, ""fiyat"": 63775.0, ""kaynak"": ""BNB""}, {""usdt"": 8241185.0, ""borsa"": 1, ""fiyat"": 63800.0, ""kaynak"": ""BNB""}]","[{""usdt"": 10250227.0, ""borsa"": 3, ""fiyat"": 63875.0, ""kaynak"": ""BNB+BYB+OKX""}, {""usdt"": 8075333.0, ""borsa"": 1, ""fiyat"": 63975.0, ""kaynak"": ""BNB""}, {""usdt"": 7487265.0, ""borsa"": 1, ""fiyat"": 64000.0, ""kaynak"": ""BNB""}]",YOK,0.0086,-0.1013,0.3691,0.845,false,0,false,,1,0,3,0,1,3,25.6,26.7,IZLE,,25,63899.6,,,,,SEVIYE,70,457.7,46,,,,,,,1785288420,1,1,,19,1188.8,19,,,
30492,2026-07-29 01:31:28.547158+00,63858.149999999994,4794447.002852992,-1276373.7550000001,11678405292.8946,0.00008766800000000002,44785899.27758997,12783.0,32.1,BEKLE,false,12783.0,0.0,1.7034,61.178,40926568.51847002,483.182,32.1,0.0,"[{""usdt"": 13203284.0, ""borsa"": 3, ""fiyat"": 63875.0, ""kaynak"": ""BNB+BYB+OKX""}, {""usdt"": 7779380.0, ""borsa"": 1, ""fiyat"": 63800.0, ""kaynak"": ""BNB""}, {""usdt"": 6834049.0, ""borsa"": 1, ""fiyat"": 63850.0, ""kaynak"": ""BNB""}]","[{""usdt"": 8991522.0, ""borsa"": 1, ""fiyat"": 64000.0, ""kaynak"": ""BNB""}, {""usdt"": 7935225.0, ""borsa"": 1, ""fiyat"": 63975.0, ""kaynak"": ""BNB""}, {""usdt"": 7888901.0, ""borsa"": 3, ""fiyat"": 63925.0, ""kaynak"": ""BNB+BYB+OKX""}]",YOK,0.0875,0.045,0.7335,0.4619,false,0.0049,false,,0,0,3,1,0,3,22.9,24,IZLE,,25,63832,,,,,SEVIYE,70,458.8,46,,,,,,,1785288420,1,2,,19,1189.8,19,,,
30493,2026-07-29 01:32:29.586131+00,63867.149999999994,3151168.8208005927,-2270090.1619999995,11676241533.4386,0.00008766800000000002,40755015.22122999,12783.0,35.6,BEKLE,false,12783.0,0.0,1.7034,0,44501024.54720998,0,35.6,0.0,"[{""usdt"": 10829229.0, ""borsa"": 3, ""fiyat"": 63800.0, ""kaynak"": ""BNB+BYB+OKX""}, {""usdt"": 7856684.0, ""borsa"": 1, ""fiyat"": 63750.0, ""kaynak"": ""BNB""}, {""usdt"": 7569324.0, ""borsa"": 3, ""fiyat"": 63825.0, ""kaynak"": ""BNB+BYB+OKX""}]","[{""usdt"": 13749350.0, ""borsa"": 3, ""fiyat"": 63850.0, ""kaynak"": ""BNB+BYB+OKX""}, {""usdt"": 7062182.0, ""borsa"": 1, ""fiyat"": 63925.0, ""kaynak"": ""BNB""}, {""usdt"": 6365138.0, ""borsa"": 1, ""fiyat"": 63900.0, ""kaynak"": ""BNB""}]",YOK,-0.0752,-0.0439,0.4523,0.2856,false,0.3497,false,,0,0,3,0,2,3,19.6,20.6,IZLE,,25,63899.6,,,,,SEVIYE,70,459.8,46,,,,,,,1785288420,1,3,,19,1190.8,19,,,
30494,2026-07-29 01:33:29.896828+00,63841.95,3514004.3542000903,-2189053.3479999993,11678706188.2523,0.00008766800000000002,44123976.37649998,0.0,33.2,BEKLE,false,0.0,0.0,1.7056,60.619,47824276.42989,60.619,33.2,0.0,"[{""usdt"": 15434881.0, ""borsa"": 3, ""fiyat"": 63825.0, ""kaynak"": ""BNB+BYB+OKX""}, {""usdt"": 9649397.0, ""borsa"": 1, ""fiyat"": 63775.0, ""kaynak"": ""BNB""}, {""usdt"": 7341461.0, ""borsa"": 1, ""fiyat"": 63750.0, ""kaynak"": ""BNB""}]","[{""usdt"": 9470816.0, ""borsa"": 3, ""fiyat"": 63875.0, ""kaynak"": ""BNB+BYB+OKX""}, {""usdt"": 9386824.0, ""borsa"": 1, ""fiyat"": 63950.0, ""kaynak"": ""BNB""}, {""usdt"": 7414829.0, ""borsa"": 1, ""fiyat"": 63975.0, ""kaynak"": ""BNB""}]",YOK,-0.0193,-0.0402,0.4709,0.699,false,0.4467,false,,0,0,3,0,1,3,16.3,17.3,IZLE,,25,63826,,,,,SEVIYE,70,460.8,47,,,,,,,,,0,,18,1191.8,18,,,
30495,2026-07-29 01:34:30.229163+00,63813.55,3476477.425048387,-2080034.0590000004,11673310005.146,0.00008766800000000002,46675893.18190999,0.0,30.8,BEKLE,false,0.0,0.0,1.7056,60.203,44955992.32763,0,30.8,0.0,"[{""usdt"": 10732293.0, ""borsa"": 3, ""fiyat"": 63800.0, ""kaynak"": ""BNB+BYB+OKX""}, {""usdt"": 10502633.0, ""borsa"": 3, ""fiyat"": 63775.0, ""kaynak"": ""BNB+BYB+OKX""}, {""usdt"": 9473491.0, ""borsa"": 1, ""fiyat"": 63725.0, ""kaynak"": ""BNB""}]","[{""usdt"": 12304124.0, ""borsa"": 3, ""fiyat"": 63825.0, ""kaynak"": ""BNB+BYB+OKX""}, {""usdt"": 8404499.0, ""borsa"": 1, ""fiyat"": 63900.0, ""kaynak"": ""BNB""}, {""usdt"": 8257340.0, ""borsa"": 1, ""fiyat"": 63925.0, ""kaynak"": ""BNB""}]",YOK,-0.0326,0.0188,0.486,0.8938,false,0.8093,false,,0,0,3,1,0,3,12.6,13.7,IZLE,,25,63826,,,,,SEVIYE,70,461.8,47,,,,,,,,,0,,18,1192.8,18,,,
30496,2026-07-29 01:35:30.470915+00,63831.350000000006,3875227.876059781,-2083103.4920000003,11674784420.685501,0.00008766800000000002,48347556.49459998,0.0,40.0,BEKLE,false,0.0,0.0,1.7042,0,44703783.80149001,60.337,40.0,0.0,"[{""usdt"": 14838851.0, ""borsa"": 3, ""fiyat"": 63800.0, ""kaynak"": ""BNB+BYB+OKX""}, {""usdt"": 11250839.0, ""borsa"": 1, ""fiyat"": 63750.0, ""kaynak"": ""BNB""}, {""usdt"": 9258349.0, ""borsa"": 1, ""fiyat"": 63775.0, ""kaynak"": ""BNB""}]","[{""usdt"": 11833301.0, ""borsa"": 3, ""fiyat"": 63850.0, ""kaynak"": ""BNB+BYB+OKX""}, {""usdt"": 8765769.0, ""borsa"": 1, ""fiyat"": 63925.0, ""kaynak"": ""BNB""}, {""usdt"": 7689735.0, ""borsa"": 1, ""fiyat"": 63875.0, ""kaynak"": ""BNB""}]",YOK,-0.0628,0.0392,0.5182,0.5804,false,,false,,0,0,3,0,0,3,8.7,9.8,IZLE,,25,63826,,,,,SEVIYE,70,462.8,47,,,,,,,,,0,,18,1193.8,18,,,
30497,2026-07-29 01:36:30.699373+00,63842.350000000006,3679417.75386508,-2334658.772,11669532364.0877,0.00008766800000000002,45877795.897179976,0.0,45.1,BEKLE,false,0.0,0.0,1.7042,60.273,46328140.91022998,60.273,45.1,0.0,"[{""usdt"": 15859851.0, ""borsa"": 3, ""fiyat"": 63800.0, ""kaynak"": ""BNB+BYB+OKX""}, {""usdt"": 8705016.0, ""borsa"": 1, ""fiyat"": 63750.0, ""kaynak"": ""BNB""}, {""usdt"": 7964545.0, ""borsa"": 1, ""fiyat"": 63725.0, ""kaynak"": ""BNB""}]","[{""usdt"": 10875143.0, ""borsa"": 3, ""fiyat"": 63850.0, ""kaynak"": ""BNB+BYB+OKX""}, {""usdt"": 8860472.0, ""borsa"": 1, ""fiyat"": 63900.0, ""kaynak"": ""BNB""}, {""usdt"": 8717193.0, ""borsa"": 1, ""fiyat"": 63925.0, ""kaynak"": ""BNB""}]",YOK,-0.061,-0.0049,0.4203,0.3339,false,,false,,0,1,3,0,0,3,5.1,6.2,IZLE,,25,63826,,,,,SEVIYE,70,463.8,47,,,,,,,,,0,,18,1194.8,18,,,
30498,2026-07-29 01:37:30.968681+00,63859.850000000006,4146928.0123957796,-2331930.4809999997,11675154675.3832,0.00008766800000000002,44958822.65928002,0.0,11.2,BEKLE,false,0.0,0.0,1.7042,0,46305721.05753001,60.185,11.2,0.0,"[{""usdt"": 18130045.0, ""borsa"": 3, ""fiyat"": 63800.0, ""kaynak"": ""BNB+BYB+OKX""}, {""usdt"": 8049527.0, ""borsa"": 3, ""fiyat"": 63825.0, ""kaynak"": ""BNB+BYB+OKX""}, {""usdt"": 7641769.0, ""borsa"": 1, ""fiyat"": 63775.0, ""kaynak"": ""BNB""}]","[{""usdt"": 8282644.0, ""borsa"": 1, ""fiyat"": 63950.0, ""kaynak"": ""BNB""}, {""usdt"": 7822781.0, ""borsa"": 1, ""fiyat"": 63925.0, ""kaynak"": ""BNB""}, {""usdt"": 7811899.0, ""borsa"": 1, ""fiyat"": 63900.0, ""kaynak"": ""BNB""}]",YOK,-0.07,-0.0148,0.9172,0.3769,false,,false,,0,1,3,0,0,3,1.5,63.8,IZLE,,25,63826,,,,,SEVIYE,70,464.8,47,,,,,,,,,0,,18,1195.8,18,,,
30499,2026-07-29 01:38:31.238647+00,63827.149999999994,4254850.4526377795,-2310515.145,11675258783.842499,0.00008766800000000002,44552780.64976002,0.0,15.2,BEKLE,false,0.0,0.0,1.7042,60.268,45506357.43693,120.453,15.2,0.0,"[{""usdt"": 13045498.0, ""borsa"": 3, ""fiyat"": 63825.0, ""kaynak"": ""BNB+BYB+OKX""}, {""usdt"": 9919830.0, ""borsa"": 1, ""fiyat"": 63800.0, ""kaynak"": ""BNB""}, {""usdt"": 7641769.0, ""borsa"": 1, ""fiyat"": 63775.0, ""kaynak"": ""BNB""}]","[{""usdt"": 11018308.0, ""borsa"": 3, ""fiyat"": 63875.0, ""kaynak"": ""BNB+BYB+OKX""}, {""usdt"": 8282644.0, ""borsa"": 1, ""fiyat"": 63950.0, ""kaynak"": ""BNB""}, {""usdt"": 7822781.0, ""borsa"": 1, ""fiyat"": 63925.0, ""kaynak"": ""BNB""}]",YOK,-0.07,-0.0106,0.8076,0.9047,false,,false,,0,1,3,0,0,3,61.7,62.8,IZLE,,25,63826,,,,,SEVIYE,70,465.8,47,,,,,,,,,0,,18,1196.9,18,,,
30500,2026-07-29 01:39:31.4751+00,63831.45,4081771.2701111785,-2341612.2489999994,11671012515.3872,0.00008766800000000002,48076407.80866997,0.0,22.6,BEKLE,,0.0,0.0,1.7042,120.59,50797348.48577997,180.775,22.6,0.0,"[{""usdt"": 15861870.0, ""borsa"": 3, ""fiyat"": 63800.0, ""kaynak"": ""BNB+BYB+OKX""}, {""usdt"": 11056144.0, ""borsa"": 1, ""fiyat"": 63750.0, ""kaynak"": ""BNB""}, {""usdt"": 9234163.0, ""borsa"": 3, ""fiyat"": 63775.0, ""kaynak"": ""BNB+BYB+OKX""}]","[{""usdt"": 13828822.0, ""borsa"": 3, ""fiyat"": 63825.0, ""kaynak"": ""BNB+BYB+OKX""}, {""usdt"": 9228655.0, ""borsa"": 1, ""fiyat"": 63900.0, ""kaynak"": ""BNB""}, {""usdt"": 7677611.0, ""borsa"": 1, ""fiyat"": 63875.0, ""kaynak"": ""BNB""}]",YOK,-0.0923,-0.0275,0.6143,1.0191,false,,false,,0,0,3,0,1,3,58.2,59.3,IZLE,,25,63826,,,,,SEVIYE,70,466.8,47,,,,,,,,,0,,18,1197.9,18,,,
30501,2026-07-29 01:40:31.939558+00,63838.55,7648792.888021583,-520148.1420000001,11680567249.285398,0.00008766800000000002,47184642.93353999,0.0,50.3,BEKLE,true,0.0,0.0,1.7042,0,53895944.85072997,60.335,0.0,50.3,"[{""usdt"": 11641063.0, ""borsa"": 3, ""fiyat"": 63800.0, ""kaynak"": ""BNB+BYB+OKX""}, {""usdt"": 10949258.0, ""borsa"": 3, ""fiyat"": 63825.0, ""kaynak"": ""BNB+BYB+OKX""}, {""usdt"": 9341022.0, ""borsa"": 1, ""fiyat"": 63725.0, ""kaynak"": ""BNB""}]","[{""usdt"": 19895656.0, ""borsa"": 3, ""fiyat"": 63850.0, ""kaynak"": ""BNB+BYB+OKX""}, {""usdt"": 11753993.0, ""borsa"": 1, ""fiyat"": 63900.0, ""kaynak"": ""BNB""}, {""usdt"": 8416091.0, ""borsa"": 1, ""fiyat"": 63925.0, ""kaynak"": ""BNB""}]",YOK,-0.0466,-0.0664,0.6243,0.0668,false,,false,,0,1,3,0,1,3,54.7,55.8,IZLE,,25,63826,,,,,SEVIYE,70,467.8,47,,,,,,,,,0,,18,1198.9,18,,,
30502,2026-07-29 01:41:32.427626+00,63845.75,4025933.1640054844,964105.16,11671900896.6633,0.00008766800000000002,48105977.65815999,0.0,48.9,BEKLE,true,0.0,0.0,1.7042,0,46286009.21598996,120.645,0.0,48.9,"[{""usdt"": 13455173.0, ""borsa"": 3, ""fiyat"": 63800.0, ""kaynak"": ""BNB+BYB+OKX""}, {""usdt"": 11799786.0, ""borsa"": 1, ""fiyat"": 63750.0, ""kaynak"": ""BNB""}, {""usdt"": 8464153.0, ""borsa"": 1, ""fiyat"": 63775.0, ""kaynak"": ""BNB""}]","[{""usdt"": 10418548.0, ""borsa"": 3, ""fiyat"": 63850.0, ""kaynak"": ""BNB+BYB+OKX""}, {""usdt"": 8930264.0, ""borsa"": 1, ""fiyat"": 63925.0, ""kaynak"": ""BNB""}, {""usdt"": 7562081.0, ""borsa"": 1, ""fiyat"": 63875.0, ""kaynak"": ""BNB""}]",YOK,-0.0425,0.0193,0.0674,0.0371,false,,false,,0,0,3,1,1,3,50.8,51.8,IZLE,,25,63826,,,,,SEVIYE,70,468.8,47,,,,,,,,,0,,18,1199.9,18,,,
30503,2026-07-29 01:42:32.695845+00,63812.649999999994,4467264.555258892,951091.236,11676028600.097,0.00008766800000000002,48747317.13898003,3959.0968000000003,56.9,BEKLE,true,0.0,3959.0968000000003,1.7012,60.577,45490613.64787998,181.222,0.0,56.9,"[{""usdt"": 12690964.0, ""borsa"": 3, ""fiyat"": 63800.0, ""kaynak"": ""BNB+BYB+OKX""}, {""usdt"": 10050019.0, ""borsa"": 3, ""fiyat"": 63825.0, ""kaynak"": ""BNB+BYB+OKX""}, {""usdt"": 9977439.0, ""borsa"": 1, ""fiyat"": 63750.0, ""kaynak"": ""BNB""}]","[{""usdt"": 10403544.0, ""borsa"": 3, ""fiyat"": 63850.0, ""kaynak"": ""BNB+BYB+OKX""}, {""usdt"": 10044408.0, ""borsa"": 1, ""fiyat"": 63925.0, ""kaynak"": ""BNB""}, {""usdt"": 8808504.0, ""borsa"": 1, ""fiyat"": 63875.0, ""kaynak"": ""BNB""}]",YOK,-0.0456,0.0346,0.0629,0.5198,false,,false,,0,0,3,1,0,3,47.5,48.6,IZLE,,25,63826,,,,,SEVIYE,70,469.8,47,,,,,,,1785289260,1,0,,18,1200.9,18,,,
30504,2026-07-29 01:43:32.935977+00,63788.05,4215186.523611892,973675.412,11668908079.7928,0.00008766800000000002,47824907.64015001,3959.0968000000003,75.0,BEKLE,true,0.0,3959.0968000000003,1.7012,60.198,46985922.69078998,241.42,0.0,75.0,"[{""usdt"": 13909659.0, ""borsa"": 3, ""fiyat"": 63775.0, ""kaynak"": ""BNB+BYB+OKX""}, {""usdt"": 11085830.0, ""borsa"": 1, ""fiyat"": 63725.0, ""kaynak"": ""BNB""}, {""usdt"": 8048802.0, ""borsa"": 3, ""fiyat"": 63800.0, ""kaynak"": ""BNB+BYB+OKX""}]","[{""usdt"": 11259732.0, ""borsa"": 3, ""fiyat"": 63825.0, ""kaynak"": ""BNB+BYB+OKX""}, {""usdt"": 9196470.0, ""borsa"": 1, ""fiyat"": 63925.0, ""kaynak"": ""BNB""}, {""usdt"": 8073785.0, ""borsa"": 1, ""fiyat"": 63900.0, ""kaynak"": ""BNB""}]",YOK,-0.1261,0.0088,0.0084,0.4657,false,,false,,0,1,3,1,1,3,43.9,45,IZLE,,25,63792.5,,,,,SEVIYE,75,480.8,49,,,,,,,1785289260,1,1,,17,1131.8,17,,,
30505,2026-07-29 01:44:33.257147+00,63799.45,4439334.3376502935,938303.575,11664126946.9106,0.00008766800000000002,48791765.96433001,4022.8661,44.4,BEKLE,true,63.7693,3959.0968000000003,1.7012,60.235,43267984.45354999,0,0.0,44.4,"[{""usdt"": 13525066.0, ""borsa"": 3, ""fiyat"": 63750.0, ""kaynak"": ""BNB+BYB+OKX""}, {""usdt"": 12061933.0, ""borsa"": 3, ""fiyat"": 63725.0, ""kaynak"": ""BNB+BYB+OKX""}, {""usdt"": 8507730.0, ""borsa"": 1, ""fiyat"": 63675.0, ""kaynak"": ""BNB""}]","[{""usdt"": 11120485.0, ""borsa"": 3, ""fiyat"": 63775.0, ""kaynak"": ""BNB+BYB+OKX""}, {""usdt"": 7851514.0, ""borsa"": 1, ""fiyat"": 63850.0, ""kaynak"": ""BNB""}, {""usdt"": 7431298.0, ""borsa"": 1, ""fiyat"": 63875.0, ""kaynak"": ""BNB""}]",YOK,-0.1903,0.06,0.071,0.3575,false,,false,,0,2,3,0,1,3,40.3,41.3,IZLE,,25,63792.5,,,,,SEVIYE,75,481.8,49,,,,,,,1785289380,1,0,,17,1132.8,17,,,
30506,2026-07-29 01:45:33.482747+00,63783.75,509729.7304789138,1386126.7749999997,11663225181.4977,0.00008766800000000002,51012981.886819996,4022.8661,63.8,BEKLE,true,63.7693,3959.0968000000003,1.7012,120.581,50341777.38148999,60.346,0.0,63.8,"[{""usdt"": 14050731.0, ""borsa"": 3, ""fiyat"": 63750.0, ""kaynak"": ""BNB+BYB+OKX""}, {""usdt"": 10991549.0, ""borsa"": 1, ""fiyat"": 63700.0, ""kaynak"": ""BNB""}, {""usdt"": 9572169.0, ""borsa"": 3, ""fiyat"": 63775.0, ""kaynak"": ""BNB+BYB+OKX""}]","[{""usdt"": 12078950.0, ""borsa"": 3, ""fiyat"": 63800.0, ""kaynak"": ""BNB+BYB+OKX""}, {""usdt"": 9806278.0, ""borsa"": 1, ""fiyat"": 63900.0, ""kaynak"": ""BNB""}, {""usdt"": 9286773.0, ""borsa"": 1, ""fiyat"": 63850.0, ""kaynak"": ""BNB""}]",YOK,-0.1694,0.0066,0.7243,0.3126,false,2.4211,false,,0,2,3,1,1,3,36.8,37.8,IZLE,,25,63792.5,,,,,SEVIYE,75,482.9,49,PCT,0.81,2.899846837589759,0.5261207586521028,false,0.03,1785289380,1,1,,17,1133.8,17,,,
30507,2026-07-29 01:46:35.165406+00,63792.05,896045.0955584142,1356703.2970000003,11663102560.4198,0.00008766800000000002,51808856.603149995,2359.8457000000003,32.5,BEKLE,true,2359.8457000000003,0.0,1.7012,182.135,47008243.71214993,121.9,0.0,32.5,"[{""usdt"": 15986143.0, ""borsa"": 3, ""fiyat"": 63750.0, ""kaynak"": ""BNB+BYB+OKX""}, {""usdt"": 9766147.0, ""borsa"": 1, ""fiyat"": 63700.0, ""kaynak"": ""BNB""}, {""usdt"": 9277793.0, ""borsa"": 3, ""fiyat"": 63775.0, ""kaynak"": ""BNB+BYB+OKX""}]","[{""usdt"": 11934779.0, ""borsa"": 3, ""fiyat"": 63800.0, ""kaynak"": ""BNB+BYB+OKX""}, {""usdt"": 9990203.0, ""borsa"": 1, ""fiyat"": 63850.0, ""kaynak"": ""BNB""}, {""usdt"": 9230597.0, ""borsa"": 1, ""fiyat"": 63900.0, ""kaynak"": ""BNB""}]",YOK,-0.1302,0.0486,0.8483,0.8184,false,0.9044,false,,0,2,3,2,0,3,34.5,35.5,IZLE,,25,63792.5,,,,,SEVIYE,75,483.9,49,,,,,,,1785289500,1,0,,17,1134.8,17,,,
30508,2026-07-29 01:47:35.489596+00,63766.55,585529.8400496151,1538613.3730000001,11666315430.6149,0.00008766800000000002,46276419.88534998,2359.8457000000003,39.2,BEKLE,true,2359.8457000000003,0.0,1.7012,242.559,47139430.464730024,121.978,0.0,39.2,"[{""usdt"": 13730245.0, ""borsa"": 3, ""fiyat"": 63775.0, ""kaynak"": ""BNB+BYB+OKX""}, {""usdt"": 10270297.0, ""borsa"": 1, ""fiyat"": 63725.0, ""kaynak"": ""BNB""}, {""usdt"": 8655276.0, ""borsa"": 1, ""fiyat"": 63700.0, ""kaynak"": ""BNB""}]","[{""usdt"": 11363805.0, ""borsa"": 3, ""fiyat"": 63825.0, ""kaynak"": ""BNB+BYB+OKX""}, {""usdt"": 10519240.0, ""borsa"": 1, ""fiyat"": 63875.0, ""kaynak"": ""BNB""}, {""usdt"": 9146051.0, ""borsa"": 1, ""fiyat"": 63900.0, ""kaynak"": ""BNB""}]",YOK,-0.102,-0.0092,0.8225,0.5495,false,0.9921,false,,0,1,3,0,0,3,31,32.1,IZLE,,25,63792.5,,,,,SEVIYE,75,484.9,49,,,,,,,1785289500,1,1,,17,1135.8,17,,,
30509,2026-07-29 01:48:35.664687+00,63755.350000000006,761805.5749333164,1483896.2419999999,11658339282.5396,0.00008766800000000002,51703620.2281,3252.3879,32.0,BEKLE,true,3252.3879,0.0,1.7005,302.776,47425054.67524003,0,0.0,32.0,"[{""usdt"": 19363330.0, ""borsa"": 3, ""fiyat"": 63725.0, ""kaynak"": ""BNB+BYB+OKX""}, {""usdt"": 9900077.0, ""borsa"": 1, ""fiyat"": 63650.0, ""kaynak"": ""BNB""}, {""usdt"": 9752350.0, ""borsa"": 1, ""fiyat"": 63700.0, ""kaynak"": ""BNB""}]","[{""usdt"": 10166308.0, ""borsa"": 3, ""fiyat"": 63750.0, ""kaynak"": ""BNB+BYB+OKX""}, {""usdt"": 8499063.0, ""borsa"": 1, ""fiyat"": 63850.0, ""kaynak"": ""BNB""}, {""usdt"": 7999894.0, ""borsa"": 1, ""fiyat"": 63825.0, ""kaynak"": ""BNB""}]",YOK,-0.1512,0.0432,0.826,0.4402,false,1.0297,false,,0,2,3,1,0,3,27.4,28.4,IZLE,,25,63792.5,,,,,SEVIYE,75,485.9,49,,,,,,,1785289680,1,0,,17,1136.8,17,,,
30510,2026-07-29 01:49:35.918811+00,63757.05,992521.9973096176,1321434.945,11658405577.0574,0.00008766800000000002,51487562.090239994,7144.184800000001,29.0,BEKLE,true,7144.184800000001,0.0,1.7005,362.935,49242303.502660036,0,0.0,29.0,"[{""usdt"": 13613258.0, ""borsa"": 3, ""fiyat"": 63725.0, ""kaynak"": ""BNB+BYB+OKX""}, {""usdt"": 12560193.0, ""borsa"": 1, ""fiyat"": 63675.0, ""kaynak"": ""BNB""}, {""usdt"": 11914037.0, ""borsa"": 3, ""fiyat"": 63750.0, ""kaynak"": ""BNB+BYB+OKX""}]","[{""usdt"": 11892769.0, ""borsa"": 3, ""fiyat"": 63775.0, ""kaynak"": ""BNB+BYB+OKX""}, {""usdt"": 9579482.0, ""borsa"": 1, ""fiyat"": 63850.0, ""kaynak"": ""BNB""}, {""usdt"": 8259969.0, ""borsa"": 1, ""fiyat"": 63875.0, ""kaynak"": ""BNB""}]",YOK,-0.255,0.0223,0.8632,0.5975,false,1.1178,false,,0,3,3,1,1,3,23.7,24.7,IZLE,,25,63792.5,,,,,SEVIYE,75,486.9,49,,,,,,,1785289680,1,0,,17,1137.8,17,,,
30511,2026-07-29 01:50:36.55406+00,63762.05,-2659984.162827985,-543748.009,11657003366.5805,0.00008766800000000002,46223686.13072004,13516.257000000001,76.5,BEKLE,,13516.257000000001,0.0,1.7005,423.168,47206886.42911006,60.233,76.5,0.0,"[{""usdt"": 13839131.0, ""borsa"": 3, ""fiyat"": 63725.0, ""kaynak"": ""BNB+BYB+OKX""}, {""usdt"": 9038291.0, ""borsa"": 1, ""fiyat"": 63675.0, ""kaynak"": ""BNB""}, {""usdt"": 8495299.0, ""borsa"": 1, ""fiyat"": 63700.0, ""kaynak"": ""BNB""}]","[{""usdt"": 11636887.0, ""borsa"": 3, ""fiyat"": 63775.0, ""kaynak"": ""BNB+BYB+OKX""}, {""usdt"": 8581123.0, ""borsa"": 1, ""fiyat"": 63850.0, ""kaynak"": ""BNB""}, {""usdt"": 8303395.0, ""borsa"": 1, ""fiyat"": 63875.0, ""kaynak"": ""BNB""}]",YOK,-0.2104,-0.0105,0.5353,0.2063,false,,false,,0,2,3,0,0,3,20,21.1,IZLE,,50,63792.5,,,,,SEVIYE+TASFIYE,75,487.9,49,,,,,,,1785289740,2,0,,17,1138.9,17,,,
30512,2026-07-29 01:51:38.051997+00,63734.05,-2529494.9927259847,-569069.517,11658715181.043701,0.00008766800000000002,46248775.97731007,13516.257000000001,68.3,BEKLE,true,13516.257000000001,0.0,1.6991,485.139,46639969.893110014,122.204,68.3,0.0,"[{""usdt"": 12115351.0, ""borsa"": 3, ""fiyat"": 63725.0, ""kaynak"": ""BNB+BYB+OKX""}, {""usdt"": 11159454.0, ""borsa"": 1, ""fiyat"": 63675.0, ""kaynak"": ""BNB""}, {""usdt"": 9798494.0, ""borsa"": 3, ""fiyat"": 63750.0, ""kaynak"": ""BNB+BYB+OKX""}]","[{""usdt"": 11377752.0, ""borsa"": 3, ""fiyat"": 63775.0, ""kaynak"": ""BNB+BYB+OKX""}, {""usdt"": 10371313.0, ""borsa"": 1, ""fiyat"": 63875.0, ""kaynak"": ""BNB""}, {""usdt"": 9311973.0, ""borsa"": 1, ""fiyat"": 63850.0, ""kaynak"": ""BNB""}]",YOK,-0.1906,-0.0042,0.5551,0.5289,false,,false,,0,2,3,1,0,3,18.2,19.3,IZLE,,25,63696,,,,,SEVIYE,75,358.8,36,,,,,,,1785289740,2,1,,17,1139.9,17,,,
30513,2026-07-29 01:52:38.35965+00,63705.55,-2935854.293779885,-963824.379,11644615086.941,0.00008766800000000002,46070799.637959994,43776.3152,55.6,BEKLE,,43776.3152,0.0,1.6991,0,47060308.66940002,0,55.6,0.0,"[{""usdt"": 14219627.0, ""borsa"": 3, ""fiyat"": 63675.0, ""kaynak"": ""BNB+BYB+OKX""}, {""usdt"": 10466686.0, ""borsa"": 1, ""fiyat"": 63600.0, ""kaynak"": ""BNB""}, {""usdt"": 9112134.0, ""borsa"": 1, ""fiyat"": 63650.0, ""kaynak"": ""BNB""}]","[{""usdt"": 10922843.0, ""borsa"": 1, ""fiyat"": 63775.0, ""kaynak"": ""BNB""}, {""usdt"": 8619098.0, ""borsa"": 3, ""fiyat"": 63725.0, ""kaynak"": ""BNB+BYB+OKX""}, {""usdt"": 7632466.0, ""borsa"": 1, ""fiyat"": 63800.0, ""kaynak"": ""BNB""}]",YOK,-0.1457,-0.0106,0.4967,0.4844,false,,false,,0,2,3,0,0,3,14.6,15.7,IZLE,,50,63696,,,,,SEVIYE+TASFIYE,75,359.8,36,,,,,,,1785289920,2,0,,17,1140.9,17,,,
30514,2026-07-29 01:53:38.622258+00,63695.95,-2967518.658971984,-30168.955,11640522884.909,0.00008766800000000002,45324992.97696001,50403.4891,42.8,BEKLE,true,50403.4891,0.0,1.6991,60.321,46169078.72543998,0,42.8,0.0,"[{""usdt"": 14305469.0, ""borsa"": 3, ""fiyat"": 63650.0, ""kaynak"": ""BNB+BYB+OKX""}, {""usdt"": 9869270.0, ""borsa"": 1, ""fiyat"": 63575.0, ""kaynak"": ""BNB""}, {""usdt"": 8548416.0, ""borsa"": 1, ""fiyat"": 63600.0, ""kaynak"": ""BNB""}]","[{""usdt"": 10010172.0, ""borsa"": 3, ""fiyat"": 63700.0, ""kaynak"": ""BNB+BYB+OKX""}, {""usdt"": 9137911.0, ""borsa"": 1, ""fiyat"": 63750.0, ""kaynak"": ""BNB""}, {""usdt"": 8234154.0, ""borsa"": 1, ""fiyat"": 63775.0, ""kaynak"": ""BNB""}]",YOK,-0.2332,-0.0092,0.6303,0.5711,false,,false,,0,2,3,0,1,3,11.1,12.1,IZLE,,50,63709.1,,,,,SEVIYE+TASFIYE,70,360.8,37,,,,,,,1785289980,2,0,,19,1141.9,19,,,
30515,2026-07-29 01:54:38.809488+00,63707.149999999994,-2588671.9169225856,-1075809.025,11645250073.41,0.00008766800000000002,48522202.68001001,44222.88130000001,66.7,BEKLE,true,44031.742300000005,191.139,1.6991,120.568,47981329.36815001,0,66.7,0.0,"[{""usdt"": 15066865.0, ""borsa"": 3, ""fiyat"": 63675.0, ""kaynak"": ""BNB+BYB+OKX""}, {""usdt"": 9669250.0, ""borsa"": 1, ""fiyat"": 63625.0, ""kaynak"": ""BNB""}, {""usdt"": 9387088.0, ""borsa"": 1, ""fiyat"": 63600.0, ""kaynak"": ""BNB""}]","[{""usdt"": 10637811.0, ""borsa"": 3, ""fiyat"": 63725.0, ""kaynak"": ""BNB+BYB+OKX""}, {""usdt"": 10054774.0, ""borsa"": 1, ""fiyat"": 63775.0, ""kaynak"": ""BNB""}, {""usdt"": 9009356.0, ""borsa"": 1, ""fiyat"": 63800.0, ""kaynak"": ""BNB""}]",YOK,-0.192,0.0056,0.5084,0.4029,false,,false,,0,2,3,1,0,3,7.5,8.5,IZLE,,50,63709.1,,,,,SEVIYE+TASFIYE,70,361.8,37,,,,,,,1785290040,2,0,,19,1142.9,19,,,
30516,2026-07-29 01:55:39.079289+00,63724.350000000006,642162.9487721024,-813422.6200000001,11645836733.6682,0.00008766800000000002,44473042.384399995,44223.1837,23.6,BEKLE,true,44032.0195,191.16420000000002,1.6991,120.379,45649380.06574005,60.132,23.6,0.0,"[{""usdt"": 14523405.0, ""borsa"": 3, ""fiyat"": 63700.0, ""kaynak"": ""BNB+BYB+OKX""}, {""usdt"": 9082254.0, ""borsa"": 1, ""fiyat"": 63625.0, ""kaynak"": ""BNB""}, {""usdt"": 7654212.0, ""borsa"": 2, ""fiyat"": 63675.0, ""kaynak"": ""BNB+OKX""}]","[{""usdt"": 9785732.0, ""borsa"": 1, ""fiyat"": 63800.0, ""kaynak"": ""BNB""}, {""usdt"": 8486891.0, ""borsa"": 3, ""fiyat"": 63725.0, ""kaynak"": ""BNB+BYB+OKX""}, {""usdt"": 8252822.0, ""borsa"": 1, ""fiyat"": 63775.0, ""kaynak"": ""BNB""}]",YOK,-0.154,-0.0131,0.8945,0.5808,false,,false,,0,1,3,1,0,3,3.7,4.8,IZLE,,50,63709.1,,,,,SEVIYE+TASFIYE,70,362.8,37,,,,,,,1785290040,2,0,,19,1143.9,19,,,
30517,2026-07-29 01:56:39.375257+00,63712.95,606953.1900367021,-923664.2820000001,11644908992.304699,0.00008766800000000002,49025587.97849995,42821.3154,23.8,BEKLE,true,42630.1512,191.16420000000002,1.6961,120.487,47012034.01123999,0,23.8,0.0,"[{""usdt"": 12818665.0, ""borsa"": 1, ""fiyat"": 63600.0, ""kaynak"": ""BNB""}, {""usdt"": 12515244.0, ""borsa"": 3, ""fiyat"": 63700.0, ""kaynak"": ""BNB+BYB+OKX""}, {""usdt"": 8348789.0, ""borsa"": 1, ""fiyat"": 63650.0, ""kaynak"": ""BNB""}]","[{""usdt"": 11719549.0, ""borsa"": 3, ""fiyat"": 63725.0, ""kaynak"": ""BNB+BYB+OKX""}, {""usdt"": 10221244.0, ""borsa"": 1, ""fiyat"": 63800.0, ""kaynak"": ""BNB""}, {""usdt"": 9353121.0, ""borsa"": 1, ""fiyat"": 63775.0, ""kaynak"": ""BNB""}]",YOK,-0.1928,0.021,0.8596,0.3291,false,,true,0,0,2,3,1,0,3,63.6,62.6,HAZIRLAN,SHORT,75,63709.1,63709.1,62967.7,63795,9.08,SEVIYE+TASFIYE+EMILIM,70,363.8,37,,,,,,,1785290040,2,0,0.05,19,1144.9,19,,,
30518,2026-07-29 01:57:39.689254+00,63690.45,532730.3821964025,-1129716.346,11643222301.1506,0.00008766800000000002,50716132.70442995,11914.8904,19.7,BEKLE,true,6754.6426,5160.2478,1.6961,180.842,48583436.40879998,60.355,19.7,0.0,"[{""usdt"": 16308284.0, ""borsa"": 3, ""fiyat"": 63675.0, ""kaynak"": ""BNB+BYB+OKX""}, {""usdt"": 12818665.0, ""borsa"": 1, ""fiyat"": 63600.0, ""kaynak"": ""BNB""}, {""usdt"": 8348789.0, ""borsa"": 1, ""fiyat"": 63650.0, ""kaynak"": ""BNB""}]","[{""usdt"": 10362885.0, ""borsa"": 3, ""fiyat"": 63725.0, ""kaynak"": ""BNB+BYB+OKX""}, {""usdt"": 10221244.0, ""borsa"": 1, ""fiyat"": 63800.0, ""kaynak"": ""BNB""}, {""usdt"": 9353121.0, ""borsa"": 1, ""fiyat"": 63775.0, ""kaynak"": ""BNB""}]",YOK,-0.1852,0.0215,0.9354,0.2318,false,,true,0,0,2,3,0,0,3,60.5,61.6,HAZIRLAN,SHORT,50,63709.1,63669.6,62967.7,63716.9,27.32,SEVIYE+EMILIM,70,364.8,37,,,,,,,1785290160,2,0,0.79,19,1145.9,19,,,
30519,2026-07-29 01:58:40.042348+00,63680.350000000006,565038.6177986038,-1209011.1700000002,11643769554.1438,0.00008766800000000002,46254727.18025005,7263.054,42.5,BEKLE,true,2102.8062,5160.2478,1.6961,241.061,50977181.624260016,120.574,42.5,0.0,"[{""usdt"": 18672946.0, ""borsa"": 3, ""fiyat"": 63650.0, ""kaynak"": ""BNB+BYB+OKX""}, {""usdt"": 9560690.0, ""borsa"": 1, ""fiyat"": 63600.0, ""kaynak"": ""BNB""}, {""usdt"": 6911164.0, ""borsa"": 1, ""fiyat"": 63625.0, ""kaynak"": ""BNB""}]","[{""usdt"": 10518454.0, ""borsa"": 3, ""fiyat"": 63700.0, ""kaynak"": ""BNB+BYB+OKX""}, {""usdt"": 9140255.0, ""borsa"": 1, ""fiyat"": 63800.0, ""kaynak"": ""BNB""}, {""usdt"": 8259716.0, ""borsa"": 1, ""fiyat"": 63775.0, ""kaynak"": ""BNB""}]",YOK,-0.1954,-0.0486,0.6747,0.1696,false,,true,0,0,2,3,1,1,3,56.9,58,HAZIRLAN,SHORT,50,63669.6,63669.6,62967.7,63716.9,19.5,SEVIYE+EMILIM,50,1217.0,122,,,,,,,1785290160,1,0,0.29,19,1146.9,19,,,
30520,2026-07-29 01:59:40.418134+00,63677.95,748140.7470757037,-1464721.178,11640879355.091301,0.00008766800000000002,49169246.10408001,4969.0836,26.5,BEKLE,true,0.0,4969.0836,1.6961,181.04,47065060.56842996,60.466,26.5,0.0,"[{""usdt"": 17696762.0, ""borsa"": 3, ""fiyat"": 63650.0, ""kaynak"": ""BNB+BYB+OKX""}, {""usdt"": 9748713.0, ""borsa"": 1, ""fiyat"": 63575.0, ""kaynak"": ""BNB""}, {""usdt"": 7927159.0, ""borsa"": 1, ""fiyat"": 63600.0, ""kaynak"": ""BNB""}]","[{""usdt"": 12328757.0, ""borsa"": 3, ""fiyat"": 63700.0, ""kaynak"": ""BNB+BYB+OKX""}, {""usdt"": 11783804.0, ""borsa"": 1, ""fiyat"": 63775.0, ""kaynak"": ""BNB""}, {""usdt"": 8390934.0, ""borsa"": 1, ""fiyat"": 63750.0, ""kaynak"": ""BNB""}]",YOK,-0.226,0.0219,0.8559,0.4264,false,,true,0.0614,0,2,3,1,0,3,53.6,54.7,HAZIRLAN,SHORT,50,63669.6,63669.6,62967.7,63716.9,18.23,SEVIYE+EMILIM,50,1218.0,122,,,,,,,1785290160,1,0,0.21,19,1147.9,19,,,
30521,2026-07-29 02:00:40.664982+00,63657.850000000006,836262.145963398,-457920.76900000003,11636243294.6688,0.00008766800000000002,46252955.723350026,4969.0836,24.5,BEKLE,false,0.0,4969.0836,1.6961,241.346,43320198.55339998,120.772,0.0,24.5,"[{""usdt"": 14680759.0, ""borsa"": 3, ""fiyat"": 63650.0, ""kaynak"": ""BNB+BYB+OKX""}, {""usdt"": 9444133.0, ""borsa"": 1, ""fiyat"": 63575.0, ""kaynak"": ""BNB""}, {""usdt"": 8441677.0, ""borsa"": 1, ""fiyat"": 63600.0, ""kaynak"": ""BNB""}]","[{""usdt"": 10353302.0, ""borsa"": 1, ""fiyat"": 63775.0, ""kaynak"": ""BNB""}, {""usdt"": 9731914.0, ""borsa"": 3, ""fiyat"": 63700.0, ""kaynak"": ""BNB+BYB+OKX""}, {""usdt"": 9158640.0, ""borsa"": 1, ""fiyat"": 63750.0, ""kaynak"": ""BNB""}]",YOK,-0.2276,0.0327,0.2743,5.3477,false,,true,0,0,2,3,0,0,3,50,51.1,IZLE,,25,63669.6,,,,,SEVIYE,50,1219.0,122,PCT,0.6,0.6857406182563772,12.157713291469635,false,0.037,1785290160,1,1,,19,1148.9,19,,,
30522,2026-07-29 02:01:41.528662+00,63697.55,1202768.5945449977,-401898.34500000003,11637140542.708,0.00008766800000000002,44468360.29066004,69810.1693,29.3,BEKLE,false,69810.1693,0.0,1.6961,302.198,44883722.341400005,60.852,0.0,29.3,"[{""usdt"": 12818814.0, ""borsa"": 3, ""fiyat"": 63600.0, ""kaynak"": ""BNB+BYB+OKX""}, {""usdt"": 8312123.0, ""borsa"": 1, ""fiyat"": 63525.0, ""kaynak"": ""BNB""}, {""usdt"": 8217046.0, ""borsa"": 1, ""fiyat"": 63550.0, ""kaynak"": ""BNB""}]","[{""usdt"": 13272485.0, ""borsa"": 3, ""fiyat"": 63650.0, ""kaynak"": ""BNB+BYB+OKX""}, {""usdt"": 8329530.0, ""borsa"": 1, ""fiyat"": 63700.0, ""kaynak"": ""BNB""}, {""usdt"": 7597122.0, ""borsa"": 1, ""fiyat"": 63750.0, ""kaynak"": ""BNB""}]",YOK,-0.2137,-0.0046,0.4415,0.6495,false,,true,0.0955,0,2,3,0,1,3,47,48.1,HAZIRLAN,SHORT,75,63709.1,63669.6,62967.7,63716.9,37.71,SEVIYE+TASFIYE+EMILIM,70,368.8,37,,,,,,,1785290460,2,0,1.44,19,1149.9,19,,,
30523,2026-07-29 02:02:42.467684+00,63710.850000000006,1342031.755020198,-380206.729,11637810273.095001,0.00008766800000000002,43025735.05451001,143796.61430000002,29.5,BEKLE,true,136406.6835,7389.930800000001,1.6961,363.014,44103326.324470006,0,0.0,29.5,"[{""usdt"": 14816451.0, ""borsa"": 3, ""fiyat"": 63700.0, ""kaynak"": ""BNB+BYB+OKX""}, {""usdt"": 8059844.0, ""borsa"": 1, ""fiyat"": 63625.0, ""kaynak"": ""BNB""}, {""usdt"": 7424452.0, ""borsa"": 1, ""fiyat"": 63650.0, ""kaynak"": ""BNB""}]","[{""usdt"": 9768182.0, ""borsa"": 1, ""fiyat"": 63800.0, ""kaynak"": ""BNB""}, {""usdt"": 9218809.0, ""borsa"": 2, ""fiyat"": 63750.0, ""kaynak"": ""BNB+BYB""}, {""usdt"": 7699617.0, ""borsa"": 1, ""fiyat"": 63775.0, ""kaynak"": ""BNB""}]",YOK,-0.1177,-0.0124,0.4277,0.6139,false,1.8237,true,0.1295,0,0,3,1,0,3,44,45.1,IZLE,,25,63709.1,,,,,SEVIYE,70,369.8,37,,,,,,,1785290520,2,0,,19,1151.0,19,,,
30524,2026-07-29 02:03:42.699988+00,63703.75,1585174.7023815964,-386993.92399999994,11636963233.5774,0.00008766800000000002,45117251.61043001,212718.54510000005,30.9,BEKLE,false,205333.67190000004,7384.8732,1.6976,423.374,45682558.70466998,0,0.0,30.9,"[{""usdt"": 11037681.0, ""borsa"": 3, ""fiyat"": 63650.0, ""kaynak"": ""BNB+BYB+OKX""}, {""usdt"": 10029345.0, ""borsa"": 1, ""fiyat"": 63575.0, ""kaynak"": ""BNB""}, {""usdt"": 9923279.0, ""borsa"": 1, ""fiyat"": 63600.0, ""kaynak"": ""BNB""}]","[{""usdt"": 13121651.0, ""borsa"": 3, ""fiyat"": 63675.0, ""kaynak"": ""BNB+BYB+OKX""}, {""usdt"": 9941696.0, ""borsa"": 1, ""fiyat"": 63775.0, ""kaynak"": ""BNB""}, {""usdt"": 7513641.0, ""borsa"": 1, ""fiyat"": 63725.0, ""kaynak"": ""BNB""}]",YOK,-0.1332,-0.0062,0.4548,0.6133,false,1.6602,true,0.1199,0,2,3,0,1,3,40.2,41.3,IZLE,,50,63694,,,,,SEVIYE+TASFIYE,75,370.8,38,,,,,,,1785290580,2,0,,18,1152.0,18,,,
30525,2026-07-29 02:04:43.310241+00,63678.95,1585174.7023815964,-386993.92399999994,11636963233.5774,0.00008766800000000002,47126170.817809984,212718.54510000005,36.1,BEKLE,false,205333.67190000004,7384.8732,1.6976,483.608,43956250.69263999,60.234,0.0,36.1,"[{""usdt"": 15394993.0, ""borsa"": 3, ""fiyat"": 63675.0, ""kaynak"": ""BNB+BYB+OKX""}, {""usdt"": 12487204.0, ""borsa"": 1, ""fiyat"": 63600.0, ""kaynak"": ""BNB""}, {""usdt"": 7739823.0, ""borsa"": 1, ""fiyat"": 63625.0, ""kaynak"": ""BNB""}]","[{""usdt"": 9224918.0, ""borsa"": 1, ""fiyat"": 63800.0, ""kaynak"": ""BNB""}, {""usdt"": 9089623.0, ""borsa"": 3, ""fiyat"": 63700.0, ""kaynak"": ""BNB+BYB+OKX""}, {""usdt"": 9072547.0, ""borsa"": 3, ""fiyat"": 63725.0, ""kaynak"": ""BNB+BYB+OKX""}]",YOK,-0.12,0.0348,0.343,0.0241,false,0,false,1.303,0,1,3,0,0,3,36.6,37.7,IZLE,,25,63694,,,,,SEVIYE,75,371.8,38,,,,,,,1785290580,2,0,,18,1153.0,18,,,
30526,2026-07-29 02:05:43.590122+00,63699.350000000006,1373490.1993811913,-387516.27599999995,11633870384.239199,0.00008766800000000002,42909650.205350034,213680.26350000003,11.7,BEKLE,false,206295.39030000003,7384.8732,1.6976,544.239,47476281.57994004,60.631,0.0,11.7,"[{""usdt"": 14013441.0, ""borsa"": 3, ""fiyat"": 63675.0, ""kaynak"": ""BNB+BYB+OKX""}, {""usdt"": 9481715.0, ""borsa"": 1, ""fiyat"": 63625.0, ""kaynak"": ""BNB""}, {""usdt"": 7541403.0, ""borsa"": 1, ""fiyat"": 63600.0, ""kaynak"": ""BNB""}]","[{""usdt"": 11076961.0, ""borsa"": 3, ""fiyat"": 63700.0, ""kaynak"": ""BNB+BYB+OKX""}, {""usdt"": 10638941.0, ""borsa"": 3, ""fiyat"": 63725.0, ""kaynak"": ""BNB+BYB+OKX""}, {""usdt"": 9070043.0, ""borsa"": 1, ""fiyat"": 63800.0, ""kaynak"": ""BNB""}]",YOK,-0.1859,-0.0505,0.8369,3.8016,false,0,false,1.088,0,2,3,0,0,3,33.4,34.5,IZLE,,25,63694,,,,,SEVIYE,75,372.9,38,,,,,,,1785290640,2,0,,18,1154.0,18,,,
30527,2026-07-29 02:06:43.955613+00,63745.850000000006,878516.8158666914,41267.20900000001,11638106428.48,0.00008766800000000002,43272641.28804002,144634.45609999998,23.8,BEKLE,false,137249.58289999998,7384.8732,1.7005,604.655,43925716.30692003,121.047,0.0,23.8,"[{""usdt"": 12868460.0, ""borsa"": 3, ""fiyat"": 63675.0, ""kaynak"": ""BNB+BYB+OKX""}, {""usdt"": 9701066.0, ""borsa"": 1, ""fiyat"": 63625.0, ""kaynak"": ""BNB""}, {""usdt"": 8526042.0, ""borsa"": 1, ""fiyat"": 63600.0, ""kaynak"": ""BNB""}]","[{""usdt"": 10327517.0, ""borsa"": 1, ""fiyat"": 63800.0, ""kaynak"": ""BNB""}, {""usdt"": 10235801.0, ""borsa"": 3, ""fiyat"": 63725.0, ""kaynak"": ""BNB+BYB+OKX""}, {""usdt"": 8436281.0, ""borsa"": 1, ""fiyat"": 63775.0, ""kaynak"": ""BNB""}]",YOK,-0.1081,-0.0075,0.3297,2.8862,false,0,false,1.3977,0,1,3,0,0,3,29.9,31,IZLE,,25,63791.8,,,,,SEVIYE,95,504.0,51,,,,,,,1785290640,1,0,,18,1155.0,18,,,
30528,2026-07-29 02:07:44.219463+00,63764.45,1010971.3247541921,112639.96099999997,11643699993.1196,0.00008766800000000002,45985851.82851001,78038.0691,22.6,BEKLE,false,70653.19589999999,7384.8732,1.7005,0,44957991.44186002,60.172,0.0,22.6,"[{""usdt"": 13855643.0, ""borsa"": 3, ""fiyat"": 63750.0, ""kaynak"": ""BNB+BYB+OKX""}, {""usdt"": 8081206.0, ""borsa"": 1, ""fiyat"": 63675.0, ""kaynak"": ""BNB""}, {""usdt"": 7941611.0, ""borsa"": 3, ""fiyat"": 63725.0, ""kaynak"": ""BNB+BYB+OKX""}]","[{""usdt"": 11110170.0, ""borsa"": 3, ""fiyat"": 63775.0, ""kaynak"": ""BNB+BYB+OKX""}, {""usdt"": 9799800.0, ""borsa"": 1, ""fiyat"": 63850.0, ""kaynak"": ""BNB""}, {""usdt"": 8173187.0, ""borsa"": 1, ""fiyat"": 63875.0, ""kaynak"": ""BNB""}]",YOK,0.0057,0.0113,0.3111,2.9594,false,0,false,1.001,0,0,3,1,0,3,26.2,27.3,IZLE,,25,63791.8,,,,,SEVIYE,95,505.0,51,,,,,,,1785290640,1,0,,18,1156.0,18,,,
30529,2026-07-29 02:08:44.497208+00,63763.05,1080038.4602480917,223535.22699999993,11645589095.982601,0.00008766800000000002,48308292.96545997,69889.2435,23.6,BEKLE,false,69889.2435,0.0,1.7005,60.257,44347094.88821996,60.257,0.0,23.6,"[{""usdt"": 15032656.0, ""borsa"": 3, ""fiyat"": 63725.0, ""kaynak"": ""BNB+BYB+OKX""}, {""usdt"": 10748875.0, ""borsa"": 1, ""fiyat"": 63675.0, ""kaynak"": ""BNB""}, {""usdt"": 8014317.0, ""borsa"": 1, ""fiyat"": 63700.0, ""kaynak"": ""BNB""}]","[{""usdt"": 9211384.0, ""borsa"": 3, ""fiyat"": 63775.0, ""kaynak"": ""BNB+BYB+OKX""}, {""usdt"": 8313882.0, ""borsa"": 1, ""fiyat"": 63825.0, ""kaynak"": ""BNB""}, {""usdt"": 7795481.0, ""borsa"": 1, ""fiyat"": 63850.0, ""kaynak"": ""BNB""}]",YOK,0.0199,0.0428,0.3574,2.4656,false,0,false,1.5092,1,0,3,1,0,3,22.3,23.4,IZLE,,25,63791.8,,,,,SEVIYE,95,506.0,51,,,,,,,1785290640,1,0,,18,1157.0,18,,,
30530,2026-07-29 02:09:44.784171+00,63765.75,979671.6757454909,468793.62599999993,11644703283.3177,0.00008766800000000002,45650161.74847996,191.0505,28.9,BEKLE,false,191.0505,0.0,1.7005,120.561,45831791.69761998,120.561,0.0,28.9,"[{""usdt"": 14475458.0, ""borsa"": 3, ""fiyat"": 63725.0, ""kaynak"": ""BNB+BYB+OKX""}, {""usdt"": 9487122.0, ""borsa"": 1, ""fiyat"": 63675.0, ""kaynak"": ""BNB""}, {""usdt"": 8341533.0, ""borsa"": 1, ""fiyat"": 63650.0, ""kaynak"": ""BNB""}]","[{""usdt"": 9820448.0, ""borsa"": 3, ""fiyat"": 63750.0, ""kaynak"": ""BNB+BYB+OKX""}, {""usdt"": 9765422.0, ""borsa"": 3, ""fiyat"": 63775.0, ""kaynak"": ""BNB+BYB+OKX""}, {""usdt"": 8340100.0, ""borsa"": 1, ""fiyat"": 63825.0, ""kaynak"": ""BNB""}]",YOK,-0.0214,-0.002,0.3223,2.7163,false,0,false,0.572,0,0,3,0,1,3,18.8,19.9,IZLE,,25,63791.8,,,,,SEVIYE,95,507.0,51,,,,,,,1785290640,1,0,,18,1158.0,18,,,
30531,2026-07-29 02:10:45.397518+00,63767.850000000006,1301020.4235767892,575083.972,11645086079.925201,0.00008766800000000002,48773605.70503999,63.765800000000006,47.0,BEKLE,false,63.765800000000006,0.0,1.7005,180.869,48798310.819539964,180.869,0.0,47.0,"[{""usdt"": 16637419.0, ""borsa"": 3, ""fiyat"": 63725.0, ""kaynak"": ""BNB+BYB+OKX""}, {""usdt"": 9023482.0, ""borsa"": 1, ""fiyat"": 63650.0, ""kaynak"": ""BNB""}, {""usdt"": 8934416.0, ""borsa"": 2, ""fiyat"": 63700.0, ""kaynak"": ""BNB+BYB""}]","[{""usdt"": 11540763.0, ""borsa"": 3, ""fiyat"": 63750.0, ""kaynak"": ""BNB+BYB+OKX""}, {""usdt"": 9820527.0, ""borsa"": 3, ""fiyat"": 63775.0, ""kaynak"": ""BNB+BYB+OKX""}, {""usdt"": 7894626.0, ""borsa"": 1, ""fiyat"": 63850.0, ""kaynak"": ""BNB""}]",YOK,0.0129,-0.0003,0.0482,2.6759,false,,true,0.411,0,0,3,1,0,3,15.2,16.3,IZLE,,25,63791.8,,,,,SEVIYE,95,508.1,51,,,,,,,1785290940,1,0,,18,1159.0,18,,,
30532,2026-07-29 02:11:45.775906+00,63769.95,1537428.697278888,983222.975,11643708915.1044,0.00008766800000000002,44254737.69938994,24802.5602,47.4,BEKLE,false,24802.5602,0.0,1.7034,241.578,47929806.79818,241.578,0.0,47.4,"[{""usdt"": 13485872.0, ""borsa"": 3, ""fiyat"": 63750.0, ""kaynak"": ""BNB+BYB+OKX""}, {""usdt"": 8154047.0, ""borsa"": 1, ""fiyat"": 63675.0, ""kaynak"": ""BNB""}, {""usdt"": 7727007.0, ""borsa"": 1, ""fiyat"": 63700.0, ""kaynak"": ""BNB""}]","[{""usdt"": 10472851.0, ""borsa"": 3, ""fiyat"": 63775.0, ""kaynak"": ""BNB+BYB+OKX""}, {""usdt"": 9414444.0, ""borsa"": 2, ""fiyat"": 63800.0, ""kaynak"": ""BNB+BYB""}, {""usdt"": 9397960.0, ""borsa"": 1, ""fiyat"": 63875.0, ""kaynak"": ""BNB""}]",YOK,0.0303,-0.0399,0.3198,0.687,false,,false,0.8213,0,0,3,0,0,3,12,13,IZLE,,25,63791.8,,,,,SEVIYE,95,509.1,51,,,,,,,1785291000,1,0,,18,1160.0,18,,,
30533,2026-07-29 02:12:45.982048+00,63830.05,1583941.4865544876,769332.186,11645188484.4813,0.00008766800000000002,45012594.51134997,24800.3486,23.4,BEKLE,false,24800.3486,0.0,1.7034,0,42707198.05365001,0,0.0,23.4,"[{""usdt"": 11303314.0, ""borsa"": 3, ""fiyat"": 63800.0, ""kaynak"": ""BNB+BYB+OKX""}, {""usdt"": 9735235.0, ""borsa"": 1, ""fiyat"": 63725.0, ""kaynak"": ""BNB""}, {""usdt"": 9314414.0, ""borsa"": 3, ""fiyat"": 63825.0, ""kaynak"": ""BNB+BYB+OKX""}]","[{""usdt"": 10641891.0, ""borsa"": 3, ""fiyat"": 63850.0, ""kaynak"": ""BNB+BYB+OKX""}, {""usdt"": 8980898.0, ""borsa"": 1, ""fiyat"": 63925.0, ""kaynak"": ""BNB""}, {""usdt"": 8576257.0, ""borsa"": 1, ""fiyat"": 63875.0, ""kaynak"": ""BNB""}]",YOK,0.1039,0.0263,0.3697,2.4849,false,,false,0.7589,1,0,3,1,0,3,8.4,9.5,IZLE,,25,63850.5,,,,,SEVIYE,70,500.0,50,,,,,,,1785291000,1,0,,18,1161.0,18,,,
30534,2026-07-29 02:13:46.233684+00,63832.75,2814703.022279687,1296570.8710000005,11653858342.5237,0.00008766800000000002,45856164.57990998,24991.838900000002,28.9,BEKLE,false,24800.3486,191.4903,1.7034,60.215,43823678.36609997,60.215,0.0,28.9,"[{""usdt"": 11841661.0, ""borsa"": 3, ""fiyat"": 63800.0, ""kaynak"": ""BNB+BYB+OKX""}, {""usdt"": 8994515.0, ""borsa"": 3, ""fiyat"": 63825.0, ""kaynak"": ""BNB+BYB+OKX""}, {""usdt"": 8723071.0, ""borsa"": 1, ""fiyat"": 63750.0, ""kaynak"": ""BNB""}]","[{""usdt"": 11867310.0, ""borsa"": 3, ""fiyat"": 63850.0, ""kaynak"": ""BNB+BYB+OKX""}, {""usdt"": 11374837.0, ""borsa"": 1, ""fiyat"": 63925.0, ""kaynak"": ""BNB""}, {""usdt"": 7789529.0, ""borsa"": 1, ""fiyat"": 63900.0, ""kaynak"": ""BNB""}]",YOK,0.0773,0.0227,0.5187,1.2055,false,,false,1.224,2,0,3,1,0,3,4.8,5.8,IZLE,,25,63839,,,,,SEVIYE,70,501.1,51,,,,,,,1785291120,1,0,,19,741.4,19,,,
30535,2026-07-29 02:14:46.494908+00,63816.25,3158107.1020608847,1379331.6940000001,11655461420.3942,0.00008766800000000002,47949909.91011,24991.838900000002,31.2,BEKLE,false,24800.3486,191.4903,1.7034,120.426,44277322.6963,120.426,0.0,31.2,"[{""usdt"": 11290337.0, ""borsa"": 3, ""fiyat"": 63800.0, ""kaynak"": ""BNB+BYB+OKX""}, {""usdt"": 8999619.0, ""borsa"": 1, ""fiyat"": 63750.0, ""kaynak"": ""BNB""}, {""usdt"": 8751641.0, ""borsa"": 1, ""fiyat"": 63725.0, ""kaynak"": ""BNB""}]","[{""usdt"": 13668957.0, ""borsa"": 3, ""fiyat"": 63850.0, ""kaynak"": ""BNB+BYB+OKX""}, {""usdt"": 10316950.0, ""borsa"": 1, ""fiyat"": 63925.0, ""kaynak"": ""BNB""}, {""usdt"": 9063047.0, ""borsa"": 1, ""fiyat"": 63900.0, ""kaynak"": ""BNB""}]",YOK,0.0318,0.0398,0.6146,0.8241,false,,false,0.9733,0,0,3,1,0,3,1.1,63.5,IZLE,,25,63839,,,,,SEVIYE,70,502.1,51,,,,,,,1785291120,1,1,,19,742.4,19,,,
30536,2026-07-29 02:15:46.769875+00,63790.850000000006,2698344.1714709806,1333325.1180000002,11653095172.0668,0.00008766800000000002,46657778.053959996,24928.081100000003,34.9,BEKLE,false,24736.5908,191.4903,1.7034,180.795,46084268.63019,180.795,0.0,34.9,"[{""usdt"": 11699768.0, ""borsa"": 3, ""fiyat"": 63800.0, ""kaynak"": ""BNB+BYB+OKX""}, {""usdt"": 9674403.0, ""borsa"": 3, ""fiyat"": 63775.0, ""kaynak"": ""BNB+BYB+OKX""}, {""usdt"": 8999619.0, ""borsa"": 1, ""fiyat"": 63750.0, ""kaynak"": ""BNB""}]","[{""usdt"": 10316950.0, ""borsa"": 1, ""fiyat"": 63925.0, ""kaynak"": ""BNB""}, {""usdt"": 10076362.0, ""borsa"": 3, ""fiyat"": 63825.0, ""kaynak"": ""BNB+BYB+OKX""}, {""usdt"": 9063047.0, ""borsa"": 1, ""fiyat"": 63900.0, ""kaynak"": ""BNB""}]",YOK,0.0318,0.0062,0.5512,0.5248,true,0,false,1.0261,0,0,3,0,0,3,61.5,62.5,IZLE,,25,63759.4,,,,,SEVIYE,95,513.1,52,,,,,,,1785291120,1,0,,19,743.4,19,,,
30537,2026-07-29 02:16:48.646033+00,63768.75,1603622.8546153896,575357.668,11646398177.353899,0.00008766800000000002,41909821.351099975,191.4903,21.9,BEKLE,true,0.0,191.4903,1.7034,122.068,46010919.06236001,0,21.9,0.0,"[{""usdt"": 14043021.0, ""borsa"": 3, ""fiyat"": 63750.0, ""kaynak"": ""BNB+BYB+OKX""}, {""usdt"": 9260452.0, ""borsa"": 1, ""fiyat"": 63700.0, ""kaynak"": ""BNB""}, {""usdt"": 6791920.0, ""borsa"": 1, ""fiyat"": 63725.0, ""kaynak"": ""BNB""}]","[{""usdt"": 10385952.0, ""borsa"": 3, ""fiyat"": 63800.0, ""kaynak"": ""BNB+BYB+OKX""}, {""usdt"": 9186550.0, ""borsa"": 1, ""fiyat"": 63900.0, ""kaynak"": ""BNB""}, {""usdt"": 9000555.0, ""borsa"": 1, ""fiyat"": 63875.0, ""kaynak"": ""BNB""}]",YOK,-0.0055,-0.0466,0.0976,0.1023,false,0,true,0.3115,1,0,3,0,1,3,59.3,60.3,IZLE,,25,63759.4,,,,,SEVIYE,95,514.1,52,,,,,,,1785291120,1,0,,19,744.4,19,,,
30538,2026-07-29 02:17:48.888769+00,63706.149999999994,968246.1097407902,365608.9249999998,11639420252.6395,0.00008766800000000002,45467876.59827001,0.0,11.2,BEKLE,true,0.0,0.0,1.7034,0,44201403.680529974,60.387,11.2,0.0,"[{""usdt"": 14378124.0, ""borsa"": 3, ""fiyat"": 63725.0, ""kaynak"": ""BNB+BYB+OKX""}, {""usdt"": 8345363.0, ""borsa"": 1, ""fiyat"": 63675.0, ""kaynak"": ""BNB""}, {""usdt"": 8169444.0, ""borsa"": 1, ""fiyat"": 63650.0, ""kaynak"": ""BNB""}]","[{""usdt"": 8597476.0, ""borsa"": 1, ""fiyat"": 63875.0, ""kaynak"": ""BNB""}, {""usdt"": 7738859.0, ""borsa"": 1, ""fiyat"": 63825.0, ""kaynak"": ""BNB""}, {""usdt"": 7673462.0, ""borsa"": 3, ""fiyat"": 63775.0, ""kaynak"": ""BNB+BYB+OKX""}]",YOK,0.0116,0.0141,0.5041,5.8615,false,0.2107,true,0.2019,1,0,3,0,0,3,55.9,56.9,IZLE,,25,63699.8,,,,,SEVIYE,75,384.9,39,,,,,,,,,0,,19,745.4,19,,,
30539,2026-07-29 02:18:49.356926+00,63715.95,674573.0643428897,394347.0129999999,11632338845.3804,0.00008766800000000002,45276633.55215001,509.5768,21.0,BEKLE,true,509.5768,0.0,1.7049,60.26,46118939.85140002,0,21.0,0.0,"[{""usdt"": 12861525.0, ""borsa"": 3, ""fiyat"": 63675.0, ""kaynak"": ""BNB+BYB+OKX""}, {""usdt"": 10649175.0, ""borsa"": 1, ""fiyat"": 63600.0, ""kaynak"": ""BNB""}, {""usdt"": 9639822.0, ""borsa"": 3, ""fiyat"": 63650.0, ""kaynak"": ""BNB+BYB+OKX""}]","[{""usdt"": 12787861.0, ""borsa"": 3, ""fiyat"": 63700.0, ""kaynak"": ""BNB+BYB+OKX""}, {""usdt"": 9196938.0, ""borsa"": 1, ""fiyat"": 63775.0, ""kaynak"": ""BNB""}, {""usdt"": 6548950.0, ""borsa"": 1, ""fiyat"": 63750.0, ""kaynak"": ""BNB""}]",YOK,-0.1069,-0.0092,0.6126,1.9317,false,0.3354,true,0.2192,0,1,3,0,0,3,52.2,53.3,IZLE,,25,63699.8,,,,,SEVIYE,75,386.0,39,,,,,,,1785291420,1,0,,19,746.5,19,,,
30540,2026-07-29 02:19:49.790682+00,63706.75,1037556.7757371899,424899.4159999999,11634828361.2187,0.00008766800000000002,44285680.37013001,509.5768,26.8,BEKLE,true,509.5768,0.0,1.7049,60.621,40966432.63271998,0,26.8,0.0,"[{""usdt"": 14880633.0, ""borsa"": 3, ""fiyat"": 63700.0, ""kaynak"": ""BNB+BYB+OKX""}, {""usdt"": 8362919.0, ""borsa"": 1, ""fiyat"": 63625.0, ""kaynak"": ""BNB""}, {""usdt"": 8175789.0, ""borsa"": 1, ""fiyat"": 63650.0, ""kaynak"": ""BNB""}]","[{""usdt"": 8815791.0, ""borsa"": 3, ""fiyat"": 63750.0, ""kaynak"": ""BNB+BYB+OKX""}, {""usdt"": 8283029.0, ""borsa"": 1, ""fiyat"": 63800.0, ""kaynak"": ""BNB""}, {""usdt"": 7052741.0, ""borsa"": 1, ""fiyat"": 63775.0, ""kaynak"": ""BNB""}]",YOK,-0.0232,0.0389,0.5969,1.7814,false,0.1165,true,0.2386,0,0,3,1,0,3,49,50.1,IZLE,,25,63699.8,,,,,SEVIYE,75,387.0,39,,,,,,,1785291420,1,1,,19,747.5,19,,,
30541,2026-07-29 02:20:50.073028+00,63737.149999999994,782245.3624647914,-153659.37099999998,11635721075.505302,0.00008766800000000002,45897370.872370034,1146.7998,57.5,BEKLE,true,1146.7998,0.0,1.7049,120.881,40061474.04419,60.26,57.5,0.0,"[{""usdt"": 13090724.0, ""borsa"": 3, ""fiyat"": 63700.0, ""kaynak"": ""BNB+BYB+OKX""}, {""usdt"": 8332779.0, ""borsa"": 1, ""fiyat"": 63625.0, ""kaynak"": ""BNB""}, {""usdt"": 8088639.0, ""borsa"": 1, ""fiyat"": 63650.0, ""kaynak"": ""BNB""}]","[{""usdt"": 10303924.0, ""borsa"": 3, ""fiyat"": 63750.0, ""kaynak"": ""BNB+BYB+OKX""}, {""usdt"": 7736553.0, ""borsa"": 1, ""fiyat"": 63775.0, ""kaynak"": ""BNB""}, {""usdt"": 7524043.0, ""borsa"": 1, ""fiyat"": 63800.0, ""kaynak"": ""BNB""}]",YOK,-0.0549,0.0679,0.462,0.7487,false,0.0613,true,0,0,1,3,2,0,3,45.4,46.5,IZLE,,25,63759.4,,,,,SEVIYE,95,518.1,52,,,,,,,1785291600,1,0,,19,748.5,19,,,
30542,2026-07-29 02:21:50.458207+00,63791.45,1224276.7249896913,-119404.35599999999,11641748630.1581,0.00008766800000000002,49989349.05691002,1147.1178,53.8,BEKLE,true,1147.1178,0.0,1.7049,181.181,38799759.45952999,120.56,53.8,0.0,"[{""usdt"": 14532461.0, ""borsa"": 3, ""fiyat"": 63725.0, ""kaynak"": ""BNB+BYB+OKX""}, {""usdt"": 7830282.0, ""borsa"": 1, ""fiyat"": 63675.0, ""kaynak"": ""BNB""}, {""usdt"": 7267682.0, ""borsa"": 1, ""fiyat"": 63650.0, ""kaynak"": ""BNB""}]","[{""usdt"": 10344604.0, ""borsa"": 3, ""fiyat"": 63775.0, ""kaynak"": ""BNB+BYB+OKX""}, {""usdt"": 9617993.0, ""borsa"": 1, ""fiyat"": 63825.0, ""kaynak"": ""BNB""}, {""usdt"": 7017567.0, ""borsa"": 1, ""fiyat"": 63850.0, ""kaynak"": ""BNB""}]",YOK,-0.0139,0.126,0.2668,0.9235,true,0.0521,true,0.0807,1,0,3,2,0,3,41.9,42.9,IZLE,,25,63759.4,,,,,SEVIYE,95,519.1,52,,,,,,,1785291600,1,0,,19,749.5,19,,,
30543,2026-07-29 02:22:51.478303+00,63820.75,1316589.855285489,-127637.92499999999,11639930839.1075,0.00008766800000000002,48237046.02069004,637.541,26.9,BEKLE,true,637.541,0.0,1.7049,61.03,41324557.85789001,0,26.9,0.0,"[{""usdt"": 11721361.0, ""borsa"": 3, ""fiyat"": 63750.0, ""kaynak"": ""BNB+BYB+OKX""}, {""usdt"": 11485098.0, ""borsa"": 3, ""fiyat"": 63725.0, ""kaynak"": ""BNB+BYB+OKX""}, {""usdt"": 8705698.0, ""borsa"": 1, ""fiyat"": 63700.0, ""kaynak"": ""BNB""}]","[{""usdt"": 11408221.0, ""borsa"": 3, ""fiyat"": 63775.0, ""kaynak"": ""BNB+BYB+OKX""}, {""usdt"": 9006430.0, ""borsa"": 1, ""fiyat"": 63825.0, ""kaynak"": ""BNB""}, {""usdt"": 7392165.0, ""borsa"": 1, ""fiyat"": 63875.0, ""kaynak"": ""BNB""}]",YOK,0.0017,0.0772,0.3201,6.0961,true,0.0733,true,0.1171,1,0,3,1,0,3,39,40.1,IZLE,,25,63839,,,,,SEVIYE,70,510.1,51,,,,,,,1785291600,1,0,,19,750.5,19,,,
30544,2026-07-29 02:23:51.739658+00,63822.649999999994,1735954.99414679,-53101.67600000002,11654028151.9517,0.00008766800000000002,46605718.168019965,5489.776200000001,30.5,BEKLE,true,637.541,4852.235200000001,1.7049,0,43889211.52258002,0,30.5,0.0,"[{""usdt"": 14255075.0, ""borsa"": 3, ""fiyat"": 63825.0, ""kaynak"": ""BNB+BYB+OKX""}, {""usdt"": 7874205.0, ""borsa"": 1, ""fiyat"": 63775.0, ""kaynak"": ""BNB""}, {""usdt"": 7065091.0, ""borsa"": 1, ""fiyat"": 63750.0, ""kaynak"": ""BNB""}]","[{""usdt"": 10853222.0, ""borsa"": 1, ""fiyat"": 63950.0, ""kaynak"": ""BNB""}, {""usdt"": 10175256.0, ""borsa"": 3, ""fiyat"": 63875.0, ""kaynak"": ""BNB+BYB+OKX""}, {""usdt"": 9289653.0, ""borsa"": 1, ""fiyat"": 63925.0, ""kaynak"": ""BNB""}]",YOK,0.1113,0.03,0.6132,3.5391,true,0.1108,true,0.2186,1,0,3,2,0,3,35.1,36.2,IZLE,,25,63825.1,,,,,SEVIYE,90,511.1,52,,,,,,,1785291780,1,0,,18,1172.1,18,,,
30545,2026-07-29 02:24:51.957547+00,63850.45,1602882.40626669,1250.5769999999718,11653368922.8434,0.00008766800000000002,43853985.359540015,5489.837000000001,24.3,BEKLE,true,637.541,4852.296000000001,1.7049,0,42841601.84009999,0,24.3,0.0,"[{""usdt"": 12405391.0, ""borsa"": 3, ""fiyat"": 63800.0, ""kaynak"": ""BNB+BYB+OKX""}, {""usdt"": 9572297.0, ""borsa"": 1, ""fiyat"": 63775.0, ""kaynak"": ""BNB""}, {""usdt"": 7515739.0, ""borsa"": 1, ""fiyat"": 63725.0, ""kaynak"": ""BNB""}]","[{""usdt"": 10439512.0, ""borsa"": 3, ""fiyat"": 63850.0, ""kaynak"": ""BNB+BYB+OKX""}, {""usdt"": 9415334.0, ""borsa"": 1, ""fiyat"": 63900.0, ""kaynak"": ""BNB""}, {""usdt"": 8038574.0, ""borsa"": 1, ""fiyat"": 63925.0, ""kaynak"": ""BNB""}]",YOK,0.0854,0.0117,0.4714,6.8804,true,0.0776,false,,1,0,3,0,0,3,31.3,32.4,IZLE,,25,63825.1,,,,,SEVIYE,90,512.2,52,,,,,,,1785291780,1,0,,18,1173.1,18,,,
30546,2026-07-29 02:25:52.458503+00,63862.350000000006,331118.24509409425,-453153.92499999993,11651252517.8947,0.00008766800000000002,42110470.596570015,4852.296000000001,42.8,BEKLE,true,0.0,4852.296000000001,1.7049,60.476,47978978.59979998,0,42.8,0.0,"[{""usdt"": 13029092.0, ""borsa"": 3, ""fiyat"": 63800.0, ""kaynak"": ""BNB+BYB+OKX""}, {""usdt"": 9542531.0, ""borsa"": 1, ""fiyat"": 63725.0, ""kaynak"": ""BNB""}, {""usdt"": 8217803.0, ""borsa"": 1, ""fiyat"": 63750.0, ""kaynak"": ""BNB""}]","[{""usdt"": 11858493.0, ""borsa"": 3, ""fiyat"": 63825.0, ""kaynak"": ""BNB+BYB+OKX""}, {""usdt"": 10061069.0, ""borsa"": 1, ""fiyat"": 63900.0, ""kaynak"": ""BNB""}, {""usdt"": 8249697.0, ""borsa"": 3, ""fiyat"": 63850.0, ""kaynak"": ""BNB+BYB+OKX""}]",YOK,0.0946,-0.0651,0.5016,7.9905,false,0.5553,false,,0,0,3,0,0,3,28,29,IZLE,,25,63895.3,,,,,SEVIYE,70,513.2,52,,,,,,,1785291780,1,0,,18,1174.1,18,,,
30547,2026-07-29 02:26:52.750697+00,63859.850000000006,507395.563352794,-456277.251,11659590173.742802,0.00008766800000000002,43850095.29706999,4852.296000000001,44.0,BEKLE,true,0.0,4852.296000000001,1.7056,0,45972568.21336997,60.245,44.0,0.0,"[{""usdt"": 11673764.0, ""borsa"": 3, ""fiyat"": 63850.0, ""kaynak"": ""BNB+BYB+OKX""}, {""usdt"": 10427494.0, ""borsa"": 3, ""fiyat"": 63825.0, ""kaynak"": ""BNB+BYB+OKX""}, {""usdt"": 7994707.0, ""borsa"": 1, ""fiyat"": 63750.0, ""kaynak"": ""BNB""}]","[{""usdt"": 12747740.0, ""borsa"": 3, ""fiyat"": 63875.0, ""kaynak"": ""BNB+BYB+OKX""}, {""usdt"": 9010382.0, ""borsa"": 1, ""fiyat"": 63975.0, ""kaynak"": ""BNB""}, {""usdt"": 7876609.0, ""borsa"": 1, ""fiyat"": 63900.0, ""kaynak"": ""BNB""}]",YOK,0.1267,-0.0236,0.5871,3.2126,true,0.4367,false,,1,0,3,0,0,3,24.4,25.4,IZLE,,25,63825.1,,,,,SEVIYE,90,514.2,52,,,,,,,1785291780,1,1,,18,1175.1,18,,,
30548,2026-07-29 02:27:52.950425+00,63869.45,167391.70013319358,-457105.396,11657322773.497,0.00008766800000000002,44099002.56390996,4852.296000000001,41.3,BEKLE,true,0.0,4852.296000000001,1.7056,60.285,50107888.300069995,60.285,41.3,0.0,"[{""usdt"": 12987478.0, ""borsa"": 3, ""fiyat"": 63850.0, ""kaynak"": ""BNB+BYB+OKX""}, {""usdt"": 8442841.0, ""borsa"": 1, ""fiyat"": 63800.0, ""kaynak"": ""BNB""}, {""usdt"": 7891363.0, ""borsa"": 1, ""fiyat"": 63750.0, ""kaynak"": ""BNB""}]","[{""usdt"": 16738460.0, ""borsa"": 3, ""fiyat"": 63875.0, ""kaynak"": ""BNB+BYB+OKX""}, {""usdt"": 10738215.0, ""borsa"": 1, ""fiyat"": 63950.0, ""kaynak"": ""BNB""}, {""usdt"": 8384225.0, ""borsa"": 2, ""fiyat"": 63900.0, ""kaynak"": ""BNB+BYB""}]",YOK,0.1356,-0.0638,0.6998,1.6998,false,0.7718,false,,1,0,3,0,1,3,20.8,21.9,IZLE,,25,63895.3,,,,,SEVIYE,70,515.2,52,,,,,,,1785291780,1,2,,18,1176.1,18,,,
30549,2026-07-29 02:28:53.355333+00,63900.45,528276.9748882925,-409169.404,11667195567.3256,0.00008766800000000002,48313602.0026,1789.5864000000001,33.1,BEKLE,true,0.0,1789.5864000000001,1.7056,0,49485278.10372999,60.325,33.1,0.0,"[{""usdt"": 12814354.0, ""borsa"": 3, ""fiyat"": 63875.0, ""kaynak"": ""BNB+BYB+OKX""}, {""usdt"": 10852909.0, ""borsa"": 3, ""fiyat"": 63850.0, ""kaynak"": ""BNB+BYB+OKX""}, {""usdt"": 8431962.0, ""borsa"": 1, ""fiyat"": 63825.0, ""kaynak"": ""BNB""}]","[{""usdt"": 12665348.0, ""borsa"": 1, ""fiyat"": 64000.0, ""kaynak"": ""BNB""}, {""usdt"": 11885056.0, ""borsa"": 3, ""fiyat"": 63900.0, ""kaynak"": ""BNB+BYB+OKX""}, {""usdt"": 9382363.0, ""borsa"": 1, ""fiyat"": 63950.0, ""kaynak"": ""BNB""}]",YOK,0.1336,-0.012,0.6938,2.5621,false,0.7487,false,,1,0,3,1,1,3,17.3,18.3,IZLE,,25,63895.3,,,,,SEVIYE,70,516.2,52,,,,,,,1785292080,1,0,,18,1177.1,18,,,
30550,2026-07-29 02:29:53.62192+00,63991.649999999994,2352458.604508192,217536.468,11670739078.6125,0.00008766800000000002,41460877.203089975,147839.4604,0.0,BEKLE,,0.0,147839.4604,1.7056,0,48866883.29217999,60.297,0.0,0.0,"[{""usdt"": 14032039.0, ""borsa"": 3, ""fiyat"": 63950.0, ""kaynak"": ""BNB+BYB+OKX""}, {""usdt"": 8799285.0, ""borsa"": 1, ""fiyat"": 63925.0, ""kaynak"": ""BNB""}, {""usdt"": 7579771.0, ""borsa"": 3, ""fiyat"": 63975.0, ""kaynak"": ""BNB+BYB+OKX""}]","[{""usdt"": 12416300.0, ""borsa"": 1, ""fiyat"": 64075.0, ""kaynak"": ""BNB""}, {""usdt"": 11093490.0, ""borsa"": 3, ""fiyat"": 64000.0, ""kaynak"": ""BNB+BYB+OKX""}, {""usdt"": 7225385.0, ""borsa"": 1, ""fiyat"": 64100.0, ""kaynak"": ""BNB""}]",SPOT,0.1506,-0.082,0.6984,7.5379,true,0.4725,false,,1,0,3,1,0,3,13.8,14.8,IZLE,,25,63994.8,,,,,SEVIYE,60,1248.2,125,,,,,,,1785292140,1,0,,18,1178.1,18,,,
30551,2026-07-29 02:30:53.855867+00,63988.55,2825121.203553294,902950.3300000001,11675645430.2844,0.00008766800000000002,49304678.56743002,213266.92439999996,16.4,BEKLE,false,0.0,213266.92439999996,1.7056,0,56040716.40848003,0,0.0,16.4,"[{""usdt"": 11837339.0, ""borsa"": 3, ""fiyat"": 63950.0, ""kaynak"": ""BNB+BYB+OKX""}, {""usdt"": 10953555.0, ""borsa"": 3, ""fiyat"": 63975.0, ""kaynak"": ""BNB+BYB+OKX""}, {""usdt"": 8635000.0, ""borsa"": 1, ""fiyat"": 63925.0, ""kaynak"": ""BNB""}]","[{""usdt"": 21642896.0, ""borsa"": 3, ""fiyat"": 64000.0, ""kaynak"": ""BNB+BYB+OKX""}, {""usdt"": 9201559.0, ""borsa"": 1, ""fiyat"": 64100.0, ""kaynak"": ""BNB""}, {""usdt"": 8222243.0, ""borsa"": 1, ""fiyat"": 64075.0, ""kaynak"": ""BNB""}]",YOK,0.1228,-0.0639,0.5513,1.5982,true,0,false,,0,0,3,0,0,3,10.2,11.2,IZLE,,25,63994.8,,,,,SEVIYE,60,1249.2,125,PCT,1.79,4.302230528723782,20.019228007868843,true,0.052,1785292200,2,0,,18,1179.2,18,,,
30552,2026-07-29 02:31:55.03824+00,63963.25,2612683.4952273937,398744.051,11669731841.355999,0.00008766800000000002,45374617.54098996,213262.47029999996,26.4,BEKLE,,0.0,213262.47029999996,1.7056,0,60599173.53699996,60.852,0.0,26.4,"[{""usdt"": 14432305.0, ""borsa"": 3, ""fiyat"": 63950.0, ""kaynak"": ""BNB+BYB+OKX""}, {""usdt"": 9270965.0, ""borsa"": 1, ""fiyat"": 63875.0, ""kaynak"": ""BNB""}, {""usdt"": 7527138.0, ""borsa"": 3, ""fiyat"": 63925.0, ""kaynak"": ""BNB+BYB+OKX""}]","[{""usdt"": 23354762.0, ""borsa"": 3, ""fiyat"": 63975.0, ""kaynak"": ""BNB+BYB+OKX""}, {""usdt"": 13114310.0, ""borsa"": 1, ""fiyat"": 64075.0, ""kaynak"": ""BNB""}, {""usdt"": 7649648.0, ""borsa"": 3, ""fiyat"": 64000.0, ""kaynak"": ""BNB+BYB+OKX""}]",YOK,0.0721,-0.1437,0.622,1.75,true,0,false,,1,0,3,0,1,3,7.1,8.2,IZLE,,25,63994.8,,,,,SEVIYE,60,1250.3,125,,,,,,,1785292200,2,0,,18,1180.2,18,,,
30553,2026-07-29 02:32:55.471744+00,63946.45,2536563.4366580937,349879.62899999996,11667013439.7558,0.00008766800000000002,41027364.09141996,213262.47029999996,26.9,BEKLE,true,0.0,213262.47029999996,1.7071,60.665,47765871.35061997,0,0.0,26.9,"[{""usdt"": 14550213.0, ""borsa"": 3, ""fiyat"": 63925.0, ""kaynak"": ""BNB+BYB+OKX""}, {""usdt"": 7522565.0, ""borsa"": 1, ""fiyat"": 63850.0, ""kaynak"": ""BNB""}, {""usdt"": 7294222.0, ""borsa"": 1, ""fiyat"": 63900.0, ""kaynak"": ""BNB""}]","[{""usdt"": 11257801.0, ""borsa"": 3, ""fiyat"": 63975.0, ""kaynak"": ""BNB+BYB+OKX""}, {""usdt"": 8425205.0, ""borsa"": 1, ""fiyat"": 64075.0, ""kaynak"": ""BNB""}, {""usdt"": 7691191.0, ""borsa"": 1, ""fiyat"": 64050.0, ""kaynak"": ""BNB""}]",YOK,0.0891,-0.0759,0.6624,1.233,true,0.0239,false,,1,0,3,0,1,3,3.9,5,IZLE,,25,63994.8,,,,,SEVIYE,60,1251.3,125,,,,,,,1785292200,2,1,,18,1181.2,18,,,
30554,2026-07-29 02:33:55.820591+00,63930.350000000006,2198862.571397788,-197294.05300000007,11662105784.1972,0.00008766800000000002,44560171.54162003,115968.31589999999,19.0,BEKLE,true,0.0,115968.31589999999,1.7071,0,45395144.14032,60.437,0.0,19.0,"[{""usdt"": 10956594.0, ""borsa"": 1, ""fiyat"": 63825.0, ""kaynak"": ""BNB""}, {""usdt"": 10166841.0, ""borsa"": 3, ""fiyat"": 63925.0, ""kaynak"": ""BNB+BYB+OKX""}, {""usdt"": 7971331.0, ""borsa"": 1, ""fiyat"": 63900.0, ""kaynak"": ""BNB""}]","[{""usdt"": 12075831.0, ""borsa"": 3, ""fiyat"": 63975.0, ""kaynak"": ""BNB+BYB+OKX""}, {""usdt"": 10515742.0, ""borsa"": 3, ""fiyat"": 63950.0, ""kaynak"": ""BNB+BYB+OKX""}, {""usdt"": 9830277.0, ""borsa"": 1, ""fiyat"": 64025.0, ""kaynak"": ""BNB""}]",YOK,0.1016,-0.0093,0.8405,0.845,true,0.3642,false,,1,0,3,0,1,3,63.9,62.9,IZLE,,25,63895.5,,,,,SEVIYE,70,521.2,53,,,,,,,1785292200,2,0,,19,761.6,19,,,
30555,2026-07-29 02:34:56.327001+00,63927.149999999994,2376824.1976975882,-209762.764,11663430891.7244,0.00008766800000000002,47250191.52218003,15549.043,20.4,BEKLE,false,0.0,15549.043,1.7071,60.34,44620904.45867,120.777,20.4,0.0,"[{""usdt"": 14887473.0, ""borsa"": 3, ""fiyat"": 63900.0, ""kaynak"": ""BNB+BYB+OKX""}, {""usdt"": 10956594.0, ""borsa"": 1, ""fiyat"": 63825.0, ""kaynak"": ""BNB""}, {""usdt"": 7807191.0, ""borsa"": 1, ""fiyat"": 63875.0, ""kaynak"": ""BNB""}]","[{""usdt"": 9941159.0, ""borsa"": 3, ""fiyat"": 63950.0, ""kaynak"": ""BNB+BYB+OKX""}, {""usdt"": 9830277.0, ""borsa"": 1, ""fiyat"": 64025.0, ""kaynak"": ""BNB""}, {""usdt"": 7173807.0, ""borsa"": 1, ""fiyat"": 64000.0, ""kaynak"": ""BNB""}]",YOK,0.0259,0.0286,0.0367,5.4503,false,,false,0.356,0,0,3,0,0,3,60.6,62,IZLE,,25,63895.5,,,,,SEVIYE,70,522.2,53,,,,,,,1785292200,2,0,,19,762.6,19,,,
30556,2026-07-29 02:35:56.557972+00,63975.649999999994,1642381.261821694,-362181.4579999999,11663633382.1526,0.00008766800000000002,51413395.347809985,0.0,59.3,BEKLE,false,0.0,0.0,1.7071,120.717,44113784.547680005,181.154,59.3,0.0,"[{""usdt"": 19156073.0, ""borsa"": 3, ""fiyat"": 63900.0, ""kaynak"": ""BNB+BYB+OKX""}, {""usdt"": 9233987.0, ""borsa"": 1, ""fiyat"": 63825.0, ""kaynak"": ""BNB""}, {""usdt"": 7683974.0, ""borsa"": 3, ""fiyat"": 63925.0, ""kaynak"": ""BNB+BYB+OKX""}]","[{""usdt"": 11408653.0, ""borsa"": 3, ""fiyat"": 63950.0, ""kaynak"": ""BNB+BYB+OKX""}, {""usdt"": 9347854.0, ""borsa"": 1, ""fiyat"": 64000.0, ""kaynak"": ""BNB""}, {""usdt"": 8456727.0, ""borsa"": 1, ""fiyat"": 64025.0, ""kaynak"": ""BNB""}]",YOK,0.0284,0.0764,0.3845,0.2353,false,,false,0.1002,0,0,3,0,0,3,57.2,58.2,IZLE,,25,63994.8,,,,,SEVIYE,60,1254.3,126,,,,,,,,,0,,19,763.6,19,,,
30557,2026-07-29 02:36:56.950073+00,64032.850000000006,2961039.3895640913,495258.537,11673919545.707699,0.00008766800000000002,45447587.666170016,0.0,11.6,BEKLE,true,0.0,0.0,1.7027,0,44474405.07584002,241.393,0.0,11.6,"[{""usdt"": 13908248.0, ""borsa"": 3, ""fiyat"": 63950.0, ""kaynak"": ""BNB+BYB+OKX""}, {""usdt"": 11218048.0, ""borsa"": 3, ""fiyat"": 63975.0, ""kaynak"": ""BNB+BYB+OKX""}, {""usdt"": 6144559.0, ""borsa"": 1, ""fiyat"": 63925.0, ""kaynak"": ""BNB""}]","[{""usdt"": 11655425.0, ""borsa"": 3, ""fiyat"": 64000.0, ""kaynak"": ""BNB+BYB+OKX""}, {""usdt"": 10697470.0, ""borsa"": 1, ""fiyat"": 64100.0, ""kaynak"": ""BNB""}, {""usdt"": 9153263.0, ""borsa"": 1, ""fiyat"": 64075.0, ""kaynak"": ""BNB""}]",YOK,0.1211,0.0108,,,false,,false,0.4845,1,0,3,2,0,3,53.5,54.6,IZLE,,25,64049,,,,,SEVIYE,70,574.3,58,,,,,,,,,0,,19,764.6,19,,,
30558,2026-07-29 02:37:57.479756+00,63994.75,3196115.6444692914,688258.875,11676540335.4682,0.00008766800000000002,61123479.76770987,2689.0332000000003,20.5,BEKLE,true,2689.0332000000003,0.0,1.7027,60.65,49162060.13721998,60.65,0.0,20.5,"[{""usdt"": 19095602.0, ""borsa"": 2, ""fiyat"": 63975.0, ""kaynak"": ""BNB+BYB""}, {""usdt"": 14405166.0, ""borsa"": 3, ""fiyat"": 64000.0, ""kaynak"": ""BNB+BYB+OKX""}, {""usdt"": 11109779.0, ""borsa"": 1, ""fiyat"": 63950.0, ""kaynak"": ""BNB""}]","[{""usdt"": 13882011.0, ""borsa"": 3, ""fiyat"": 64025.0, ""kaynak"": ""BNB+BYB+OKX""}, {""usdt"": 10306727.0, ""borsa"": 1, ""fiyat"": 64100.0, ""kaynak"": ""BNB""}, {""usdt"": 9483300.0, ""borsa"": 1, ""fiyat"": 64075.0, ""kaynak"": ""BNB""}]",SPOT,0.1837,0.1085,0.5657,2.3254,false,,false,0.613,2,0,3,1,1,3,50.4,51.4,IZLE,,25,63994.8,,,,,SEVIYE,60,1256.3,126,,,,,,,1785292620,1,0,,19,765.6,19,,,
30559,2026-07-29 02:38:57.81513+00,64019.05,2792520.2824379946,-365096.93400000007,11677528887.6513,0.00008766800000000002,60750348.760220006,2687.7774,26.0,BEKLE,,2687.7774,0.0,1.7027,120.918,52536514.59521999,120.918,26.0,0.0,"[{""usdt"": 17916425.0, ""borsa"": 1, ""fiyat"": 63975.0, ""kaynak"": ""BNB""}, {""usdt"": 14851629.0, ""borsa"": 3, ""fiyat"": 64000.0, ""kaynak"": ""BNB+BYB+OKX""}, {""usdt"": 10265043.0, ""borsa"": 1, ""fiyat"": 63950.0, ""kaynak"": ""BNB""}]","[{""usdt"": 13622604.0, ""borsa"": 3, ""fiyat"": 64025.0, ""kaynak"": ""BNB+BYB+OKX""}, {""usdt"": 11295302.0, ""borsa"": 1, ""fiyat"": 64100.0, ""kaynak"": ""BNB""}, {""usdt"": 10575936.0, ""borsa"": 3, ""fiyat"": 64050.0, ""kaynak"": ""BNB+BYB+OKX""}]",SPOT,0.1824,0.0725,0.7027,5.8955,false,,false,0.2119,3,0,3,0,1,3,46.8,47.8,IZLE,,25,63994.8,,,,,SEVIYE,60,1257.3,126,,,,,,,1785292620,1,0,,19,766.6,19,,,
30560,2026-07-29 02:39:58.046137+00,64074.55,3668676.3402998927,486978.89099999995,11680958452.571499,0.00008766800000000002,56916044.567689985,15690.8409,0.0,BEKLE,,2687.7774,13003.0635,1.7027,181.289,58533813.43223,181.289,0.0,0.0,"[{""usdt"": 18841922.0, ""borsa"": 1, ""fiyat"": 63975.0, ""kaynak"": ""BNB""}, {""usdt"": 13739281.0, ""borsa"": 3, ""fiyat"": 64000.0, ""kaynak"": ""BNB+BYB+OKX""}, {""usdt"": 10400943.0, ""borsa"": 1, ""fiyat"": 63950.0, ""kaynak"": ""BNB""}]","[{""usdt"": 16425337.0, ""borsa"": 3, ""fiyat"": 64050.0, ""kaynak"": ""BNB+BYB+OKX""}, {""usdt"": 11842730.0, ""borsa"": 1, ""fiyat"": 64125.0, ""kaynak"": ""BNB""}, {""usdt"": 10456674.0, ""borsa"": 3, ""fiyat"": 64025.0, ""kaynak"": ""BNB+BYB+OKX""}]",SPOT,0.1956,-0.014,0.5534,3.5453,false,,false,2.1027,2,0,3,0,1,3,43.3,44.4,IZLE,,25,64049,,,,,SEVIYE,70,577.3,58,,,,,,,1785292740,1,0,,19,767.6,19,,,
30561,2026-07-29 02:40:58.634549+00,64068.149999999994,1115149.275892795,-62356.056000000084,11681568261.6455,0.00008766800000000002,60304196.13669995,204468.1327,22.1,BEKLE,true,2687.7774,201780.3553,1.7027,181.124,52695283.95963004,181.124,0.0,22.1,"[{""usdt"": 20566191.0, ""borsa"": 1, ""fiyat"": 63975.0, ""kaynak"": ""BNB""}, {""usdt"": 13111916.0, ""borsa"": 3, ""fiyat"": 64075.0, ""kaynak"": ""BNB+BYB+OKX""}, {""usdt"": 8848989.0, ""borsa"": 1, ""fiyat"": 64000.0, ""kaynak"": ""BNB""}]","[{""usdt"": 15453549.0, ""borsa"": 3, ""fiyat"": 64100.0, ""kaynak"": ""BNB+BYB+OKX""}, {""usdt"": 11506478.0, ""borsa"": 1, ""fiyat"": 64175.0, ""kaynak"": ""BNB""}, {""usdt"": 10311475.0, ""borsa"": 1, ""fiyat"": 64150.0, ""kaynak"": ""BNB""}]",SPOT,0.1984,0.0673,0.5402,5.318,false,,false,0.4076,3,0,3,0,0,3,39.9,41,IZLE,,25,64049,,,,,SEVIYE,70,578.3,58,,,,,,,1785292800,2,0,,19,768.6,19,,,
30562,2026-07-29 02:41:58.93011+00,64049.350000000006,676080.0851882962,-89498.51900000001,11677762999.2603,0.00008766800000000002,62041038.787719935,204446.2983,52.9,BEKLE,,2687.7774,201758.5209,1.7012,241.449,50382330.45816003,241.449,52.9,0.0,"[{""usdt"": 18210664.0, ""borsa"": 1, ""fiyat"": 63975.0, ""kaynak"": ""BNB""}, {""usdt"": 14180248.0, ""borsa"": 3, ""fiyat"": 64050.0, ""kaynak"": ""BNB+BYB+OKX""}, {""usdt"": 9559769.0, ""borsa"": 1, ""fiyat"": 63950.0, ""kaynak"": ""BNB""}]","[{""usdt"": 12939946.0, ""borsa"": 1, ""fiyat"": 64175.0, ""kaynak"": ""BNB""}, {""usdt"": 10844454.0, ""borsa"": 3, ""fiyat"": 64100.0, ""kaynak"": ""BNB+BYB+OKX""}, {""usdt"": 10111984.0, ""borsa"": 1, ""fiyat"": 64150.0, ""kaynak"": ""BNB""}]",SPOT,0.2028,0.1037,0.7231,0.2927,false,,false,0.2541,3,0,3,0,0,3,36.3,37.4,IZLE,,25,64049,,,,,SEVIYE,70,579.3,58,,,,,,,1785292800,2,0,,19,769.6,19,,,
30563,2026-07-29 02:42:59.26407+00,64012.75,363445.53791439714,-126336.42600000011,11671531703.1146,0.00008766800000000002,70392171.89105001,201758.5209,72.7,BEKLE,,0.0,201758.5209,1.7012,301.74,43981101.450729996,301.74,72.7,0.0,"[{""usdt"": 25793887.0, ""borsa"": 3, ""fiyat"": 64000.0, ""kaynak"": ""BNB+BYB+OKX""}, {""usdt"": 19271604.0, ""borsa"": 2, ""fiyat"": 63975.0, ""kaynak"": ""BNB+BYB""}, {""usdt"": 12165363.0, ""borsa"": 1, ""fiyat"": 63950.0, ""kaynak"": ""BNB""}]","[{""usdt"": 10195531.0, ""borsa"": 3, ""fiyat"": 64025.0, ""kaynak"": ""BNB+BYB+OKX""}, {""usdt"": 9954765.0, ""borsa"": 1, ""fiyat"": 64125.0, ""kaynak"": ""BNB""}, {""usdt"": 8464894.0, ""borsa"": 1, ""fiyat"": 64075.0, ""kaynak"": ""BNB""}]",PERP,0.0693,0.2309,0.6991,0.2492,false,,false,0.1064,0,0,3,3,0,3,32.7,33.8,IZLE,,25,63994.8,,,,,SEVIYE,60,1261.3,126,,,,,,,1785292800,2,0,,19,770.6,19,,,
30564,2026-07-29 02:43:59.501104+00,64023.05,181520.0710085985,-213627.54299999998,11673385869.860298,0.00008766800000000002,62732469.1739,201758.5209,22.3,BEKLE,true,0.0,201758.5209,1.7012,362.007,46269809.29977002,362.007,0.0,22.3,"[{""usdt"": 24616330.0, ""borsa"": 3, ""fiyat"": 63975.0, ""kaynak"": ""BNB+BYB+OKX""}, {""usdt"": 12723812.0, ""borsa"": 3, ""fiyat"": 64000.0, ""kaynak"": ""BNB+BYB+OKX""}, {""usdt"": 11144647.0, ""borsa"": 1, ""fiyat"": 63950.0, ""kaynak"": ""BNB""}]","[{""usdt"": 11377992.0, ""borsa"": 3, ""fiyat"": 64025.0, ""kaynak"": ""BNB+BYB+OKX""}, {""usdt"": 10379922.0, ""borsa"": 1, ""fiyat"": 64125.0, ""kaynak"": ""BNB""}, {""usdt"": 9308021.0, ""borsa"": 1, ""fiyat"": 64075.0, ""kaynak"": ""BNB""}]",PERP,0.0582,0.151,0.921,0.0782,false,,false,0,0,0,3,1,0,3,29.2,30.2,IZLE,,25,63994.8,,,,,SEVIYE,60,1262.3,127,,,,,,,1785292800,2,1,,19,771.6,19,,,
30565,2026-07-29 02:45:00.138523+00,64003.45,-321113.86645120336,-343560.9250000001,11670086695.3409,0.00008766800000000002,59606889.31052993,114548.51180000001,46.3,BEKLE,false,0.0,114548.51180000001,1.7012,422.304,47089068.68691002,422.304,46.3,0.0,"[{""usdt"": 25143523.0, ""borsa"": 3, ""fiyat"": 63975.0, ""kaynak"": ""BNB+BYB+OKX""}, {""usdt"": 11493250.0, ""borsa"": 1, ""fiyat"": 63950.0, ""kaynak"": ""BNB""}, {""usdt"": 8569504.0, ""borsa"": 3, ""fiyat"": 64000.0, ""kaynak"": ""BNB+BYB+OKX""}]","[{""usdt"": 10742085.0, ""borsa"": 3, ""fiyat"": 64025.0, ""kaynak"": ""BNB+BYB+OKX""}, {""usdt"": 10371552.0, ""borsa"": 1, ""fiyat"": 64100.0, ""kaynak"": ""BNB""}, {""usdt"": 8397915.0, ""borsa"": 1, ""fiyat"": 64125.0, ""kaynak"": ""BNB""}]",YOK,0.1069,0.1173,0.7646,0.7546,false,,false,0,1,0,3,1,1,3,25.6,26.7,IZLE,,50,63994.8,,,,,SEVIYE+TASFIYE,60,1263.3,127,,,,,,,1785292800,2,0,,19,772.6,19,,,
30566,2026-07-29 02:46:01.434094+00,64016.45,1013866.8733305014,1248168.9049999998,11670526164.795002,0.00008766800000000002,57701101.33741997,0.0,62.9,BEKLE,true,0.0,0.0,1.7012,484.013,44609260.273699984,182.273,0.0,62.9,"[{""usdt"": 23926692.0, ""borsa"": 3, ""fiyat"": 63975.0, ""kaynak"": ""BNB+BYB+OKX""}, {""usdt"": 9986809.0, ""borsa"": 1, ""fiyat"": 63950.0, ""kaynak"": ""BNB""}, {""usdt"": 6762030.0, ""borsa"": 1, ""fiyat"": 63925.0, ""kaynak"": ""BNB""}]","[{""usdt"": 10045535.0, ""borsa"": 3, ""fiyat"": 64025.0, ""kaynak"": ""BNB+BYB+OKX""}, {""usdt"": 10007168.0, ""borsa"": 1, ""fiyat"": 64075.0, ""kaynak"": ""BNB""}, {""usdt"": 7374070.0, ""borsa"": 1, ""fiyat"": 64050.0, ""kaynak"": ""BNB""}]",YOK,0.0528,0.128,0.0497,1.4042,false,,false,0.3093,1,1,3,1,0,3,23.5,24.6,IZLE,,25,63994.8,,,,,SEVIYE,60,1264.4,127,PCT,0.27,28.878887778330434,0.4676812912227098,false,0.664,,,0,,19,773.7,19,,,
30567,2026-07-29 02:47:02.384049+00,63975.05,-1019191.4346995988,-128167.23999999999,11670689742.3401,0.00008766800000000002,50202040.596829996,0.0,9.6,BEKLE,,0.0,0.0,1.7012,60.713,44295032.76861003,242.986,9.6,0.0,"[{""usdt"": 12863156.0, ""borsa"": 3, ""fiyat"": 63950.0, ""kaynak"": ""BNB+BYB+OKX""}, {""usdt"": 11750284.0, ""borsa"": 1, ""fiyat"": 63900.0, ""kaynak"": ""BNB""}, {""usdt"": 9087397.0, ""borsa"": 3, ""fiyat"": 63975.0, ""kaynak"": ""BNB+BYB+OKX""}]","[{""usdt"": 12131218.0, ""borsa"": 3, ""fiyat"": 64000.0, ""kaynak"": ""BNB+BYB+OKX""}, {""usdt"": 8682238.0, ""borsa"": 1, ""fiyat"": 64075.0, ""kaynak"": ""BNB""}, {""usdt"": 8384177.0, ""borsa"": 1, ""fiyat"": 64050.0, ""kaynak"": ""BNB""}]",YOK,0.0713,0.0625,0.9674,2.3489,false,,false,0,1,1,3,0,0,3,20.4,21.5,IZLE,,25,63994.8,,,,,SEVIYE,60,1265.4,127,,,,,,,,,0,,19,774.7,19,,,
30568,2026-07-29 02:48:02.691913+00,63897.45,-2647267.432132398,-509686.3819999999,11658513585.4906,0.00008766800000000002,47836771.96697999,0.0,14.1,BEKLE,false,0.0,0.0,1.6991,0,49199564.137139976,0,14.1,0.0,"[{""usdt"": 14662190.0, ""borsa"": 3, ""fiyat"": 63900.0, ""kaynak"": ""BNB+BYB+OKX""}, {""usdt"": 10391732.0, ""borsa"": 1, ""fiyat"": 63825.0, ""kaynak"": ""BNB""}, {""usdt"": 9523934.0, ""borsa"": 1, ""fiyat"": 63850.0, ""kaynak"": ""BNB""}]","[{""usdt"": 11967567.0, ""borsa"": 3, ""fiyat"": 63925.0, ""kaynak"": ""BNB+BYB+OKX""}, {""usdt"": 9625828.0, ""borsa"": 3, ""fiyat"": 63950.0, ""kaynak"": ""BNB+BYB+OKX""}, {""usdt"": 9031304.0, ""borsa"": 1, ""fiyat"": 64000.0, ""kaynak"": ""BNB""}]",YOK,-0.074,-0.014,0.8416,1.7865,false,,false,,0,1,3,0,1,3,17.1,18.2,IZLE,,25,63894.2,,,,,SEVIYE,70,535.3,54,,,,,,,,,0,,19,775.7,19,,,
30569,2026-07-29 02:49:02.898369+00,63903.05,-2647267.432132398,-509686.3819999999,11658513585.4906,0.00008766800000000002,42301739.80815999,0.0,14.6,BEKLE,false,0.0,0.0,1.6991,60.252,65973701.79618995,60.252,14.6,0.0,"[{""usdt"": 14562531.0, ""borsa"": 3, ""fiyat"": 63875.0, ""kaynak"": ""BNB+BYB+OKX""}, {""usdt"": 11445739.0, ""borsa"": 1, ""fiyat"": 63800.0, ""kaynak"": ""BNB""}, {""usdt"": 7488077.0, ""borsa"": 1, ""fiyat"": 63825.0, ""kaynak"": ""BNB""}]","[{""usdt"": 25275875.0, ""borsa"": 3, ""fiyat"": 63900.0, ""kaynak"": ""BNB+BYB+OKX""}, {""usdt"": 10323678.0, ""borsa"": 3, ""fiyat"": 63925.0, ""kaynak"": ""BNB+BYB+OKX""}, {""usdt"": 8934627.0, ""borsa"": 1, ""fiyat"": 63950.0, ""kaynak"": ""BNB""}]",YOK,-0.0827,-0.2186,0.866,2.036,false,,false,0,0,1,3,0,1,3,13.5,14.6,IZLE,,25,63894.2,,,,,SEVIYE,70,536.3,54,,,,,,,,,0,,19,776.7,19,,,
30570,2026-07-29 02:50:03.149975+00,63908.649999999994,-2301690.7790223,-227843.99900000004,11660425594.8691,0.00008766800000000002,45394519.81187996,0.0,25.0,BEKLE,true,0.0,0.0,1.6991,120.452,64652016.89705997,60.2,0.0,25.0,"[{""usdt"": 15426183.0, ""borsa"": 3, ""fiyat"": 63875.0, ""kaynak"": ""BNB+BYB+OKX""}, {""usdt"": 9514693.0, ""borsa"": 1, ""fiyat"": 63800.0, ""kaynak"": ""BNB""}, {""usdt"": 8282327.0, ""borsa"": 1, ""fiyat"": 63825.0, ""kaynak"": ""BNB""}]","[{""usdt"": 22233704.0, ""borsa"": 3, ""fiyat"": 63900.0, ""kaynak"": ""BNB+BYB+OKX""}, {""usdt"": 10270693.0, ""borsa"": 3, ""fiyat"": 63925.0, ""kaynak"": ""BNB+BYB+OKX""}, {""usdt"": 9433604.0, ""borsa"": 1, ""fiyat"": 63950.0, ""kaynak"": ""BNB""}]",YOK,-0.0713,-0.175,0.9205,2.4426,false,,false,0.1654,0,1,3,0,1,3,9.8,10.9,IZLE,,25,63894.2,,,,,SEVIYE,70,537.3,54,,,,,,,,,0,,19,777.7,19,,,
30571,2026-07-29 02:51:03.468988+00,63932.95,-4253380.350559096,-1092088.998,11661115851.7655,0.00008766800000000002,47266172.92396999,0.0,66.2,BEKLE,false,0.0,0.0,1.6947,180.725,44972701.238489956,120.473,66.2,0.0,"[{""usdt"": 12148823.0, ""borsa"": 3, ""fiyat"": 63900.0, ""kaynak"": ""BNB+BYB+OKX""}, {""usdt"": 9980776.0, ""borsa"": 3, ""fiyat"": 63925.0, ""kaynak"": ""BNB+BYB+OKX""}, {""usdt"": 9911216.0, ""borsa"": 1, ""fiyat"": 63825.0, ""kaynak"": ""BNB""}]","[{""usdt"": 10913405.0, ""borsa"": 3, ""fiyat"": 63950.0, ""kaynak"": ""BNB+BYB+OKX""}, {""usdt"": 10440737.0, ""borsa"": 1, ""fiyat"": 64025.0, ""kaynak"": ""BNB""}, {""usdt"": 8096579.0, ""borsa"": 1, ""fiyat"": 64000.0, ""kaynak"": ""BNB""}]",YOK,-0.0588,0.0249,0.6035,0.5303,false,,false,,0,1,3,1,0,3,5.8,6.9,IZLE,,25,63894.2,,,,,SEVIYE,70,538.3,54,,,,,,,,,0,,19,778.7,19,,,
30572,2026-07-29 02:52:03.773404+00,63950.25,-4099213.475109695,-1054827.3899999997,11668524980.104101,0.00008766800000000002,44518474.74835,0.0,40.1,BEKLE,false,0.0,0.0,1.6947,60.383,43657938.59263001,0,40.1,0.0,"[{""usdt"": 14750094.0, ""borsa"": 3, ""fiyat"": 63925.0, ""kaynak"": ""BNB+BYB+OKX""}, {""usdt"": 8356936.0, ""borsa"": 1, ""fiyat"": 63875.0, ""kaynak"": ""BNB""}, {""usdt"": 7705898.0, ""borsa"": 1, ""fiyat"": 63850.0, ""kaynak"": ""BNB""}]","[{""usdt"": 8995124.0, ""borsa"": 1, ""fiyat"": 64025.0, ""kaynak"": ""BNB""}, {""usdt"": 8559977.0, ""borsa"": 1, ""fiyat"": 64050.0, ""kaynak"": ""BNB""}, {""usdt"": 7766970.0, ""borsa"": 3, ""fiyat"": 63975.0, ""kaynak"": ""BNB+BYB+OKX""}]",YOK,-0.0361,0.0098,0.6921,0.3091,false,,false,,0,1,3,1,0,3,2.3,3.4,IZLE,,25,63994.8,,,,,SEVIYE,60,1270.4,127,,,,,,,,,0,,19,779.7,19,,,
30573,2026-07-29 02:53:04.076671+00,63925.25,-4504055.9311086945,-1043432.1910000001,11671024798.571201,0.00008766800000000002,44518474.74835,0.0,45.3,BEKLE,true,0.0,0.0,1.6947,120.57,43657938.59263001,60.187,45.3,0.0,"[{""usdt"": 14750094.0, ""borsa"": 3, ""fiyat"": 63925.0, ""kaynak"": ""BNB+BYB+OKX""}, {""usdt"": 8356936.0, ""borsa"": 1, ""fiyat"": 63875.0, ""kaynak"": ""BNB""}, {""usdt"": 7705898.0, ""borsa"": 1, ""fiyat"": 63850.0, ""kaynak"": ""BNB""}]","[{""usdt"": 8995124.0, ""borsa"": 1, ""fiyat"": 64025.0, ""kaynak"": ""BNB""}, {""usdt"": 8559977.0, ""borsa"": 1, ""fiyat"": 64050.0, ""kaynak"": ""BNB""}, {""usdt"": 7766970.0, ""borsa"": 3, ""fiyat"": 63975.0, ""kaynak"": ""BNB+BYB+OKX""}]",YOK,-0.0361,0.0098,0.7017,0.5834,false,,false,,0,1,3,1,0,3,62.5,63.6,IZLE,,25,63894.2,,,,,SEVIYE,70,540.3,54,,,,,,,,,0,,19,780.7,19,,,
30574,2026-07-29 02:54:04.281271+00,63939.75,-4628221.577870096,-1057121.8999999997,11668124953.7755,0.00008766800000000002,45870071.66862,0.0,46.7,BEKLE,true,0.0,0.0,1.6947,180.877,44172226.836200014,120.494,46.7,0.0,"[{""usdt"": 15242307.0, ""borsa"": 3, ""fiyat"": 63900.0, ""kaynak"": ""BNB+BYB+OKX""}, {""usdt"": 10456863.0, ""borsa"": 1, ""fiyat"": 63825.0, ""kaynak"": ""BNB""}, {""usdt"": 8882679.0, ""borsa"": 1, ""fiyat"": 63850.0, ""kaynak"": ""BNB""}]","[{""usdt"": 9347252.0, ""borsa"": 1, ""fiyat"": 64025.0, ""kaynak"": ""BNB""}, {""usdt"": 9282109.0, ""borsa"": 3, ""fiyat"": 63950.0, ""kaynak"": ""BNB+BYB+OKX""}, {""usdt"": 7584916.0, ""borsa"": 1, ""fiyat"": 64000.0, ""kaynak"": ""BNB""}]",YOK,-0.092,0.0189,0.7006,0.7518,false,,false,,0,1,3,0,0,3,58.8,59.9,IZLE,,25,63904,,,,,SEVIYE,70,541.4,55,,,,,,,,,0,,19,781.7,19,,,
30575,2026-07-29 02:55:04.747487+00,63972.55,-4526392.709845,-1056213.8739999998,11669307904.3292,0.00008766800000000002,57051118.51303999,0.0,64.7,BEKLE,false,0.0,0.0,1.6947,60.411,47196532.69103999,180.905,64.7,0.0,"[{""usdt"": 26189747.0, ""borsa"": 3, ""fiyat"": 63900.0, ""kaynak"": ""BNB+BYB+OKX""}, {""usdt"": 10093547.0, ""borsa"": 1, ""fiyat"": 63825.0, ""kaynak"": ""BNB""}, {""usdt"": 7716665.0, ""borsa"": 3, ""fiyat"": 63925.0, ""kaynak"": ""BNB+BYB+OKX""}]","[{""usdt"": 11017178.0, ""borsa"": 3, ""fiyat"": 63950.0, ""kaynak"": ""BNB+BYB+OKX""}, {""usdt"": 10473732.0, ""borsa"": 1, ""fiyat"": 64025.0, ""kaynak"": ""BNB""}, {""usdt"": 8329492.0, ""borsa"": 1, ""fiyat"": 64000.0, ""kaynak"": ""BNB""}]",YOK,-0.0593,0.0945,0.6346,1.0557,false,,false,,0,1,3,0,0,3,55.4,56.5,IZLE,,25,63994.8,,,,,SEVIYE,60,1273.4,128,,,,,,,,,0,,19,782.7,19,,,
30576,2026-07-29 02:56:05.266036+00,63947.45,-2800935.1582870036,-1008469.4639999999,11672763061.205399,0.00008766800000000002,57645077.746470004,0.0,12.1,BEKLE,false,0.0,0.0,1.6947,60.546,47615216.99587997,0,0.0,12.1,"[{""usdt"": 19461560.0, ""borsa"": 1, ""fiyat"": 63900.0, ""kaynak"": ""BNB""}, {""usdt"": 15534274.0, ""borsa"": 3, ""fiyat"": 63925.0, ""kaynak"": ""BNB+BYB+OKX""}, {""usdt"": 7910745.0, ""borsa"": 1, ""fiyat"": 63850.0, ""kaynak"": ""BNB""}]","[{""usdt"": 10549950.0, ""borsa"": 1, ""fiyat"": 64025.0, ""kaynak"": ""BNB""}, {""usdt"": 9210044.0, ""borsa"": 3, ""fiyat"": 63975.0, ""kaynak"": ""BNB+BYB+OKX""}, {""usdt"": 8255858.0, ""borsa"": 1, ""fiyat"": 64050.0, ""kaynak"": ""BNB""}]",YOK,-0.0616,0.0953,0.9183,0.5307,false,1.4291,false,,0,1,3,0,0,3,52.1,53.2,IZLE,,25,63904,,,,,SEVIYE,70,543.4,55,,,,,,,,,0,,19,783.7,19,,,
30577,2026-07-29 02:57:05.711361+00,63948.350000000006,-2964115.310539304,-1068838.8539999998,11668738117.0253,0.00008766800000000002,57086631.86572006,63.9474,5.4,BEKLE,,63.9474,0.0,1.6947,120.801,47036154.46161999,60.255,5.4,0.0,"[{""usdt"": 22214656.0, ""borsa"": 3, ""fiyat"": 63900.0, ""kaynak"": ""BNB+BYB+OKX""}, {""usdt"": 10118046.0, ""borsa"": 3, ""fiyat"": 63925.0, ""kaynak"": ""BNB+BYB+OKX""}, {""usdt"": 7687528.0, ""borsa"": 1, ""fiyat"": 63850.0, ""kaynak"": ""BNB""}]","[{""usdt"": 10617867.0, ""borsa"": 3, ""fiyat"": 63950.0, ""kaynak"": ""BNB+BYB+OKX""}, {""usdt"": 10357676.0, ""borsa"": 1, ""fiyat"": 64025.0, ""kaynak"": ""BNB""}, {""usdt"": 8244792.0, ""borsa"": 1, ""fiyat"": 64050.0, ""kaynak"": ""BNB""}]",YOK,0.0042,0.0965,0.9813,0.0951,false,1.6102,false,,0,0,3,0,1,3,48.5,49.6,IZLE,,25,63904,,,,,SEVIYE,70,544.4,55,,,,,,,1785293700,1,0,,19,784.7,19,,,
30578,2026-07-29 02:58:05.979148+00,63949.850000000006,-2915547.407162304,-1101099.362,11671834802.6589,0.00008766800000000002,58241192.454840116,63.9474,12.6,BEKLE,false,63.9474,0.0,1.6918,181.298,47307888.57159003,120.752,12.6,0.0,"[{""usdt"": 18402613.0, ""borsa"": 1, ""fiyat"": 63900.0, ""kaynak"": ""BNB""}, {""usdt"": 15381026.0, ""borsa"": 3, ""fiyat"": 63925.0, ""kaynak"": ""BNB+BYB+OKX""}, {""usdt"": 9547657.0, ""borsa"": 1, ""fiyat"": 63850.0, ""kaynak"": ""BNB""}]","[{""usdt"": 10762053.0, ""borsa"": 3, ""fiyat"": 63950.0, ""kaynak"": ""BNB+BYB+OKX""}, {""usdt"": 9550018.0, ""borsa"": 1, ""fiyat"": 64025.0, ""kaynak"": ""BNB""}, {""usdt"": 9141266.0, ""borsa"": 1, ""fiyat"": 64050.0, ""kaynak"": ""BNB""}]",YOK,-0.0451,0.1036,0.9469,0.849,false,0.834,false,,0,1,3,0,0,3,45.2,46.3,IZLE,,25,63994.8,,,,,SEVIYE,60,1276.4,128,,,,,,,1785293700,1,1,,19,785.7,19,,,
30579,2026-07-29 02:59:06.592195+00,63946.350000000006,-3231192.6429452035,-1171008.89,11670896972.485401,0.00008766800000000002,57595715.80525006,63.9474,17.0,BEKLE,false,63.9474,0.0,1.6918,241.851,50025593.04751,181.305,17.0,0.0,"[{""usdt"": 17842986.0, ""borsa"": 1, ""fiyat"": 63900.0, ""kaynak"": ""BNB""}, {""usdt"": 15562358.0, ""borsa"": 3, ""fiyat"": 63925.0, ""kaynak"": ""BNB+BYB+OKX""}, {""usdt"": 7939546.0, ""borsa"": 1, ""fiyat"": 63850.0, ""kaynak"": ""BNB""}]","[{""usdt"": 12046146.0, ""borsa"": 3, ""fiyat"": 63950.0, ""kaynak"": ""BNB+BYB+OKX""}, {""usdt"": 9476489.0, ""borsa"": 3, ""fiyat"": 63975.0, ""kaynak"": ""BNB+BYB+OKX""}, {""usdt"": 9236116.0, ""borsa"": 1, ""fiyat"": 64025.0, ""kaynak"": ""BNB""}]",YOK,-0.0461,0.0703,0.8881,0.2429,false,0.7765,false,,0,1,3,0,1,3,41.9,43,IZLE,,25,63904,,,,,SEVIYE,70,546.4,55,,,,,,,1785293700,1,2,,19,786.7,19,,,
30580,2026-07-29 03:00:06.852744+00,63954.95,-3369590.696841205,-1179542.3639999998,11668790538.6045,0.00008766800000000002,54592940.62996003,1598.757,15.2,BEKLE,false,1598.757,0.0,1.6918,302.153,47445457.112919986,241.607,15.2,0.0,"[{""usdt"": 25499451.0, ""borsa"": 3, ""fiyat"": 63900.0, ""kaynak"": ""BNB+BYB+OKX""}, {""usdt"": 7912333.0, ""borsa"": 1, ""fiyat"": 63825.0, ""kaynak"": ""BNB""}, {""usdt"": 7765312.0, ""borsa"": 1, ""fiyat"": 63850.0, ""kaynak"": ""BNB""}]","[{""usdt"": 12927969.0, ""borsa"": 3, ""fiyat"": 63950.0, ""kaynak"": ""BNB+BYB+OKX""}, {""usdt"": 8966967.0, ""borsa"": 1, ""fiyat"": 64025.0, ""kaynak"": ""BNB""}, {""usdt"": 7683702.0, ""borsa"": 1, ""fiyat"": 63975.0, ""kaynak"": ""BNB""}]",YOK,-0.0432,0.07,0.8585,0.7557,false,3.9289,false,,0,0,3,0,2,3,38.4,39.5,IZLE,,25,63994.8,,,,,SEVIYE,60,1278.4,128,,,,,,,1785293880,1,0,,19,787.7,19,,,
30581,2026-07-29 03:01:07.278597+00,63949.05,-426007.4253301104,-188338.98200000002,11671375140.242,0.00008766800000000002,56958104.367010064,1534.8096,46.1,BEKLE,true,1534.8096,0.0,1.6918,362.416,47945677.09143,301.87,0.0,46.1,"[{""usdt"": 19063385.0, ""borsa"": 1, ""fiyat"": 63900.0, ""kaynak"": ""BNB""}, {""usdt"": 15073643.0, ""borsa"": 3, ""fiyat"": 63925.0, ""kaynak"": ""BNB+BYB+OKX""}, {""usdt"": 7802881.0, ""borsa"": 1, ""fiyat"": 63875.0, ""kaynak"": ""BNB""}]","[{""usdt"": 10391924.0, ""borsa"": 3, ""fiyat"": 63975.0, ""kaynak"": ""BNB+BYB+OKX""}, {""usdt"": 9477749.0, ""borsa"": 1, ""fiyat"": 64025.0, ""kaynak"": ""BNB""}, {""usdt"": 9064288.0, ""borsa"": 3, ""fiyat"": 63950.0, ""kaynak"": ""BNB+BYB+OKX""}]",YOK,-0.0878,0.0859,0.6519,0.0254,false,,false,0.3433,0,1,3,0,0,3,34.8,35.9,IZLE,,25,63904,,,,,SEVIYE,70,548.4,55,,,,,,,1785293880,1,0,,19,788.8,19,,,
30582,2026-07-29 03:02:09.712586+00,63910.850000000006,-788549.8503114104,-193749.59299999996,11666537698.903202,0.00008766800000000002,61093756.60915998,1534.8096,34.4,BEKLE,false,1534.8096,0.0,1.6918,424.683,47548898.93289003,0,0.0,34.4,"[{""usdt"": 27908824.0, ""borsa"": 3, ""fiyat"": 63900.0, ""kaynak"": ""BNB+BYB+OKX""}, {""usdt"": 10339844.0, ""borsa"": 3, ""fiyat"": 63875.0, ""kaynak"": ""BNB+BYB+OKX""}, {""usdt"": 8502210.0, ""borsa"": 1, ""fiyat"": 63825.0, ""kaynak"": ""BNB""}]","[{""usdt"": 14590158.0, ""borsa"": 3, ""fiyat"": 63925.0, ""kaynak"": ""BNB+BYB+OKX""}, {""usdt"": 9769373.0, ""borsa"": 1, ""fiyat"": 64000.0, ""kaynak"": ""BNB""}, {""usdt"": 7599665.0, ""borsa"": 1, ""fiyat"": 64025.0, ""kaynak"": ""BNB""}]",YOK,-0.048,0.1247,0.6165,0.6151,false,,false,1.3842,0,1,3,1,0,3,32.9,34,IZLE,,25,63904,,,,,SEVIYE,70,549.4,55,,,,,,,1785293880,1,1,,19,789.8,19,,,
30583,2026-07-29 03:03:10.114632+00,63890.149999999994,-846564.1908722098,-204205.006,11662042158.5593,0.00008766800000000002,49509194.10526999,2173.9276,36.1,BEKLE,true,2173.9276,0.0,1.6918,485.258,47458825.67579004,0,0.0,36.1,"[{""usdt"": 13971597.0, ""borsa"": 3, ""fiyat"": 63875.0, ""kaynak"": ""BNB+BYB+OKX""}, {""usdt"": 9933688.0, ""borsa"": 3, ""fiyat"": 63900.0, ""kaynak"": ""BNB+BYB+OKX""}, {""usdt"": 9297432.0, ""borsa"": 1, ""fiyat"": 63800.0, ""kaynak"": ""BNB""}]","[{""usdt"": 11045269.0, ""borsa"": 3, ""fiyat"": 63900.0, ""kaynak"": ""BNB+BYB+OKX""}, {""usdt"": 9697709.0, ""borsa"": 3, ""fiyat"": 63925.0, ""kaynak"": ""BNB+BYB+OKX""}, {""usdt"": 9081420.0, ""borsa"": 1, ""fiyat"": 63975.0, ""kaynak"": ""BNB""}]",YOK,-0.061,0.0211,0.5987,0.9999,false,,false,1.2208,1,1,3,0,1,3,29.6,30.7,IZLE,,25,63904,,,,,SEVIYE,70,550.5,55,,,,,,,1785294060,1,0,,19,790.8,19,,,
30584,2026-07-29 03:04:10.387463+00,63889.75,-1567534.5546256092,-788585.177,11658623981.7976,0.00008766800000000002,45654695.03835001,18326.3073,22.7,BEKLE,true,18326.3073,0.0,1.6918,0,46738505.9752799,60.436,0.0,22.7,"[{""usdt"": 11506106.0, ""borsa"": 3, ""fiyat"": 63850.0, ""kaynak"": ""BNB+BYB+OKX""}, {""usdt"": 9314801.0, ""borsa"": 1, ""fiyat"": 63800.0, ""kaynak"": ""BNB""}, {""usdt"": 9257644.0, ""borsa"": 1, ""fiyat"": 63775.0, ""kaynak"": ""BNB""}]","[{""usdt"": 11257035.0, ""borsa"": 3, ""fiyat"": 63875.0, ""kaynak"": ""BNB+BYB+OKX""}, {""usdt"": 10449832.0, ""borsa"": 1, ""fiyat"": 63925.0, ""kaynak"": ""BNB""}, {""usdt"": 8071250.0, ""borsa"": 1, ""fiyat"": 63950.0, ""kaynak"": ""BNB""}]",YOK,-0.0799,-0.0117,0.7364,1.4593,false,,false,,0,1,3,0,0,3,26.2,27.3,IZLE,,50,63894.1,,,,,SEVIYE+TASFIYE,70,551.5,56,,,,,,,1785294180,2,0,,18,791.8,18,,,
30585,2026-07-29 03:05:11.775042+00,63887.55,-1494426.7278262107,-769052.57,11662116484.7362,0.00008766800000000002,46772175.98127,18331.4012,28.2,BEKLE,true,18331.4012,0.0,1.6918,61.164,53841738.077329956,61.164,0.0,28.2,"[{""usdt"": 14368994.0, ""borsa"": 3, ""fiyat"": 63850.0, ""kaynak"": ""BNB+BYB+OKX""}, {""usdt"": 9450539.0, ""borsa"": 1, ""fiyat"": 63775.0, ""kaynak"": ""BNB""}, {""usdt"": 9316276.0, ""borsa"": 1, ""fiyat"": 63800.0, ""kaynak"": ""BNB""}]","[{""usdt"": 13949813.0, ""borsa"": 3, ""fiyat"": 63900.0, ""kaynak"": ""BNB+BYB+OKX""}, {""usdt"": 11350864.0, ""borsa"": 3, ""fiyat"": 63875.0, ""kaynak"": ""BNB+BYB+OKX""}, {""usdt"": 8760764.0, ""borsa"": 1, ""fiyat"": 63950.0, ""kaynak"": ""BNB""}]",YOK,-0.0758,-0.0703,0.7458,1.5611,false,,false,2.0456,1,1,3,0,1,3,23.5,24.6,IZLE,,50,63894.1,,,,,SEVIYE+TASFIYE,70,552.5,56,,,,,,,1785294180,2,0,,18,792.8,18,,,
30586,2026-07-29 03:06:12.092037+00,63876.95,-1124447.3169453035,-416.9099999999996,11664256027.929401,0.00008766800000000002,43438849.99093,18331.4012,30.7,BEKLE,true,18331.4012,0.0,1.6903,0,56158675.88039001,60.505,0.0,30.7,"[{""usdt"": 13381175.0, ""borsa"": 3, ""fiyat"": 63875.0, ""kaynak"": ""BNB+BYB+OKX""}, {""usdt"": 8796939.0, ""borsa"": 1, ""fiyat"": 63800.0, ""kaynak"": ""BNB""}, {""usdt"": 7400653.0, ""borsa"": 2, ""fiyat"": 63850.0, ""kaynak"": ""BNB+OKX""}]","[{""usdt"": 16312561.0, ""borsa"": 3, ""fiyat"": 63900.0, ""kaynak"": ""BNB+BYB+OKX""}, {""usdt"": 12763311.0, ""borsa"": 2, ""fiyat"": 63925.0, ""kaynak"": ""BNB+BYB""}, {""usdt"": 8860716.0, ""borsa"": 1, ""fiyat"": 63975.0, ""kaynak"": ""BNB""}]",YOK,-0.056,-0.1277,0.7048,4.2372,false,,false,,0,0,3,0,2,3,20.2,21.2,IZLE,,50,63894.1,,,,,SEVIYE+TASFIYE,70,553.5,56,,,,,,,1785294180,2,1,,18,793.8,18,,,
30587,2026-07-29 03:07:12.38767+00,63888.75,-1283317.8094288039,-417.31799999999976,11663340710.8477,0.00008766800000000002,42207698.335940056,17692.2832,28.6,BEKLE,,17692.2832,0.0,1.6903,60.343,51335322.086360015,120.848,0.0,28.6,"[{""usdt"": 11106378.0, ""borsa"": 3, ""fiyat"": 63850.0, ""kaynak"": ""BNB+BYB+OKX""}, {""usdt"": 10056786.0, ""borsa"": 1, ""fiyat"": 63800.0, ""kaynak"": ""BNB""}, {""usdt"": 8045729.0, ""borsa"": 3, ""fiyat"": 63875.0, ""kaynak"": ""BNB+BYB+OKX""}]","[{""usdt"": 13281085.0, ""borsa"": 3, ""fiyat"": 63900.0, ""kaynak"": ""BNB+BYB+OKX""}, {""usdt"": 10911157.0, ""borsa"": 1, ""fiyat"": 63950.0, ""kaynak"": ""BNB""}, {""usdt"": 7912254.0, ""borsa"": 1, ""fiyat"": 64000.0, ""kaynak"": ""BNB""}]",YOK,-0.0988,-0.0976,0.6217,1.6184,false,,false,1.8532,0,1,3,0,1,3,16.7,17.8,IZLE,,25,63894.1,,,,,SEVIYE,70,554.5,56,,,,,,,1785294180,2,0,,18,794.8,18,,,
30588,2026-07-29 03:08:12.659046+00,63934.149999999994,-851457.2170256026,-404.0699999999997,11669709157.0322,0.00008766800000000002,44854595.92935996,17692.2832,27.2,BEKLE,true,17692.2832,0.0,1.6903,0,50994087.598780036,120.547,0.0,27.2,"[{""usdt"": 13603604.0, ""borsa"": 3, ""fiyat"": 63900.0, ""kaynak"": ""BNB+BYB+OKX""}, {""usdt"": 10847404.0, ""borsa"": 1, ""fiyat"": 63825.0, ""kaynak"": ""BNB""}, {""usdt"": 8057307.0, ""borsa"": 1, ""fiyat"": 63850.0, ""kaynak"": ""BNB""}]","[{""usdt"": 13907563.0, ""borsa"": 3, ""fiyat"": 63925.0, ""kaynak"": ""BNB+BYB+OKX""}, {""usdt"": 10167203.0, ""borsa"": 1, ""fiyat"": 64025.0, ""kaynak"": ""BNB""}, {""usdt"": 9716031.0, ""borsa"": 1, ""fiyat"": 64000.0, ""kaynak"": ""BNB""}]",YOK,-0.0929,-0.0641,,,false,,false,2.0739,0,0,3,0,1,3,13,14.1,IZLE,,25,63894.1,,,,,SEVIYE,70,555.5,56,,,,,,,1785294180,2,1,,18,795.8,18,,,
30589,2026-07-29 03:09:12.948735+00,63954.850000000006,-837914.7063007005,-723884.236,11675793460.639599,0.00008766800000000002,47733792.56094995,0.0,10.3,BEKLE,true,0.0,0.0,1.6903,60.277,50146018.79240002,180.824,0.0,10.3,"[{""usdt"": 13414551.0, ""borsa"": 3, ""fiyat"": 63925.0, ""kaynak"": ""BNB+BYB+OKX""}, {""usdt"": 8514068.0, ""borsa"": 1, ""fiyat"": 63900.0, ""kaynak"": ""BNB""}, {""usdt"": 8149825.0, ""borsa"": 1, ""fiyat"": 63825.0, ""kaynak"": ""BNB""}]","[{""usdt"": 10910371.0, ""borsa"": 3, ""fiyat"": 63950.0, ""kaynak"": ""BNB+BYB+OKX""}, {""usdt"": 9477938.0, ""borsa"": 1, ""fiyat"": 64050.0, ""kaynak"": ""BNB""}, {""usdt"": 8748347.0, ""borsa"": 1, ""fiyat"": 64025.0, ""kaynak"": ""BNB""}]",YOK,0.0099,-0.0246,0.8787,4.5704,false,,false,,0,0,3,0,0,3,9.5,10.6,IZLE,,25,63994.8,,,,,SEVIYE,60,1287.5,129,,,,,,,,,0,,18,796.8,18,,,
30590,2026-07-29 03:10:13.175889+00,63971.149999999994,-962787.2906813034,-747984.1990000001,11674864441.9646,0.00008766800000000002,46131631.41077996,0.0,4.8,BEKLE,,0.0,0.0,1.6903,0,47738732.257779986,0,0.0,4.8,"[{""usdt"": 12623191.0, ""borsa"": 3, ""fiyat"": 63950.0, ""kaynak"": ""BNB+BYB+OKX""}, {""usdt"": 9627647.0, ""borsa"": 1, ""fiyat"": 63900.0, ""kaynak"": ""BNB""}, {""usdt"": 8596763.0, ""borsa"": 1, ""fiyat"": 63850.0, ""kaynak"": ""BNB""}]","[{""usdt"": 12415008.0, ""borsa"": 3, ""fiyat"": 63975.0, ""kaynak"": ""BNB+BYB+OKX""}, {""usdt"": 10526068.0, ""borsa"": 1, ""fiyat"": 64050.0, ""kaynak"": ""BNB""}, {""usdt"": 8384530.0, ""borsa"": 1, ""fiyat"": 64075.0, ""kaynak"": ""BNB""}]",YOK,0.0029,-0.0171,,,false,,false,0.4673,0,0,3,0,0,3,6,7,IZLE,,25,63994.8,,,,,SEVIYE,60,1288.6,129,,,,,,,,,0,,18,797.9,18,,,
30591,2026-07-29 03:11:14.150742+00,63973.95,-730151.5186861015,-460215.72599999997,11674259542.800499,0.00008766800000000002,45126560.699499995,0.0,25.4,BEKLE,false,0.0,0.0,1.6903,60.696,46809697.59640002,60.696,25.4,0.0,"[{""usdt"": 12726328.0, ""borsa"": 3, ""fiyat"": 63950.0, ""kaynak"": ""BNB+BYB+OKX""}, {""usdt"": 8114400.0, ""borsa"": 1, ""fiyat"": 63900.0, ""kaynak"": ""BNB""}, {""usdt"": 8094794.0, ""borsa"": 1, ""fiyat"": 63875.0, ""kaynak"": ""BNB""}]","[{""usdt"": 11559135.0, ""borsa"": 3, ""fiyat"": 63975.0, ""kaynak"": ""BNB+BYB+OKX""}, {""usdt"": 10219847.0, ""borsa"": 1, ""fiyat"": 64050.0, ""kaynak"": ""BNB""}, {""usdt"": 9299212.0, ""borsa"": 2, ""fiyat"": 64000.0, ""kaynak"": ""BNB+BYB""}]",YOK,0.0283,-0.0183,0.3552,5.0944,false,,false,2.6055,0,0,3,0,0,3,2.8,3.9,IZLE,,25,63994.8,,,,,SEVIYE,60,1289.6,129,,,,,,,,,0,,18,798.9,18,,,
30592,2026-07-29 03:12:14.518385+00,63960.05,-1055228.7627520016,-447220.16199999995,11673386188.5771,0.00008766800000000002,45886002.062199965,0.0,30.5,BEKLE,false,0.0,0.0,1.6911,121.319,47006781.46809995,121.319,30.5,0.0,"[{""usdt"": 10676409.0, ""borsa"": 3, ""fiyat"": 63950.0, ""kaynak"": ""BNB+BYB+OKX""}, {""usdt"": 8629094.0, ""borsa"": 1, ""fiyat"": 63850.0, ""kaynak"": ""BNB""}, {""usdt"": 8428726.0, ""borsa"": 3, ""fiyat"": 63925.0, ""kaynak"": ""BNB+BYB+OKX""}]","[{""usdt"": 14228796.0, ""borsa"": 3, ""fiyat"": 63975.0, ""kaynak"": ""BNB+BYB+OKX""}, {""usdt"": 9978887.0, ""borsa"": 1, ""fiyat"": 64025.0, ""kaynak"": ""BNB""}, {""usdt"": 8508005.0, ""borsa"": 2, ""fiyat"": 64000.0, ""kaynak"": ""BNB+BYB""}]",YOK,0.0283,-0.0121,0.2469,4.4996,false,,false,,0,0,3,0,0,3,63.4,61.9,IZLE,,25,63994.8,,,,,SEVIYE,60,1290.6,129,,,,,,,,,0,,18,799.9,18,,,
30593,2026-07-29 03:13:14.950572+00,63937.149999999994,-1137251.5915155015,-615099.672,11670789390.9104,0.00008766800000000002,46397056.86825996,0.0,40.5,BEKLE,false,0.0,0.0,1.6911,181.63,46923813.90288996,181.63,40.5,0.0,"[{""usdt"": 12648231.0, ""borsa"": 3, ""fiyat"": 63925.0, ""kaynak"": ""BNB+BYB+OKX""}, {""usdt"": 8629094.0, ""borsa"": 1, ""fiyat"": 63850.0, ""kaynak"": ""BNB""}, {""usdt"": 8277829.0, ""borsa"": 1, ""fiyat"": 63900.0, ""kaynak"": ""BNB""}]","[{""usdt"": 13619551.0, ""borsa"": 3, ""fiyat"": 63975.0, ""kaynak"": ""BNB+BYB+OKX""}, {""usdt"": 9978887.0, ""borsa"": 1, ""fiyat"": 64025.0, ""kaynak"": ""BNB""}, {""usdt"": 7897119.0, ""borsa"": 1, ""fiyat"": 64050.0, ""kaynak"": ""BNB""}]",YOK,0.0003,-0.0056,0.2299,0.1406,false,,false,,1,0,3,0,0,3,59.9,61,IZLE,,25,63894.1,,,,,SEVIYE,70,560.5,56,,,,,,,,,0,,18,800.9,18,,,
30594,2026-07-29 03:14:16.390151+00,63911.95,-1398619.1982479016,-622128.481,11666080410.6875,0.00008766800000000002,46501484.951949954,0.0,19.6,BEKLE,true,0.0,0.0,1.6911,243.135,48142541.92598998,0,0.0,19.6,"[{""usdt"": 10744197.0, ""borsa"": 3, ""fiyat"": 63925.0, ""kaynak"": ""BNB+BYB+OKX""}, {""usdt"": 10190139.0, ""borsa"": 3, ""fiyat"": 63900.0, ""kaynak"": ""BNB+BYB+OKX""}, {""usdt"": 9463550.0, ""borsa"": 1, ""fiyat"": 63850.0, ""kaynak"": ""BNB""}]","[{""usdt"": 14069325.0, ""borsa"": 3, ""fiyat"": 63950.0, ""kaynak"": ""BNB+BYB+OKX""}, {""usdt"": 9358501.0, ""borsa"": 1, ""fiyat"": 64000.0, ""kaynak"": ""BNB""}, {""usdt"": 8330310.0, ""borsa"": 1, ""fiyat"": 64025.0, ""kaynak"": ""BNB""}]",YOK,0.0026,-0.0173,0.7769,3.4097,true,0,false,,0,0,3,0,1,3,57.5,58.6,IZLE,,25,63890.6,,,,,SEVIYE,90,561.6,57,,,,,,,,,0,,17,801.9,17,,,
30595,2026-07-29 03:15:16.697142+00,63895.55,-1472893.8872677016,-643952.3010000001,11664846470.6923,0.00008766800000000002,46102223.65313996,0.0,20.3,BEKLE,true,0.0,0.0,1.6911,0,47350001.03893995,60.291,0.0,20.3,"[{""usdt"": 12147169.0, ""borsa"": 3, ""fiyat"": 63900.0, ""kaynak"": ""BNB+BYB+OKX""}, {""usdt"": 10328540.0, ""borsa"": 1, ""fiyat"": 63825.0, ""kaynak"": ""BNB""}, {""usdt"": 9659371.0, ""borsa"": 1, ""fiyat"": 63850.0, ""kaynak"": ""BNB""}]","[{""usdt"": 12043597.0, ""borsa"": 3, ""fiyat"": 63925.0, ""kaynak"": ""BNB+BYB+OKX""}, {""usdt"": 9995607.0, ""borsa"": 1, ""fiyat"": 64000.0, ""kaynak"": ""BNB""}, {""usdt"": 8667292.0, ""borsa"": 1, ""fiyat"": 64025.0, ""kaynak"": ""BNB""}]",YOK,-0.008,-0.0134,0.756,6.4255,false,0.3454,false,,0,1,3,0,1,3,54,55.1,IZLE,,25,63890.6,,,,,SEVIYE,90,562.6,57,,,,,,,,,0,,17,802.9,17,,,
30596,2026-07-29 03:16:17.034638+00,63919.55,-530950.3827292015,53884.061,11663028256.782001,0.00008766800000000002,50761167.28814003,0.0,29.5,BEKLE,true,0.0,0.0,1.6911,0,45668662.531380005,0,0.0,29.5,"[{""usdt"": 19041754.0, ""borsa"": 3, ""fiyat"": 63875.0, ""kaynak"": ""BNB+BYB+OKX""}, {""usdt"": 11274954.0, ""borsa"": 1, ""fiyat"": 63800.0, ""kaynak"": ""BNB""}, {""usdt"": 7211581.0, ""borsa"": 1, ""fiyat"": 63850.0, ""kaynak"": ""BNB""}]","[{""usdt"": 10527727.0, ""borsa"": 3, ""fiyat"": 63900.0, ""kaynak"": ""BNB+BYB+OKX""}, {""usdt"": 9702405.0, ""borsa"": 3, ""fiyat"": 63925.0, ""kaynak"": ""BNB+BYB+OKX""}, {""usdt"": 9386089.0, ""borsa"": 1, ""fiyat"": 63950.0, ""kaynak"": ""BNB""}]",YOK,-0.007,0.0528,0.1967,3.08,true,0,true,0.4831,0,0,3,0,1,3,50.5,51.6,IZLE,,25,63890.6,,,,,SEVIYE,90,563.6,57,PCT,0.46,0.0,4.421676435501018,false,0.008,,,0,,17,803.9,17,,,
30597,2026-07-29 03:17:17.957374+00,63937.05,433867.4862084985,30895.522,11673260349.0681,0.00008766800000000002,46988273.30680003,0.0,28.3,BEKLE,true,0.0,0.0,1.6911,60.822,49936890.27651997,60.822,0.0,28.3,"[{""usdt"": 11337405.0, ""borsa"": 3, ""fiyat"": 63875.0, ""kaynak"": ""BNB+BYB+OKX""}, {""usdt"": 8824710.0, ""borsa"": 1, ""fiyat"": 63800.0, ""kaynak"": ""BNB""}, {""usdt"": 8700532.0, ""borsa"": 1, ""fiyat"": 63850.0, ""kaynak"": ""BNB""}]","[{""usdt"": 13334325.0, ""borsa"": 3, ""fiyat"": 63925.0, ""kaynak"": ""BNB+BYB+OKX""}, {""usdt"": 9189791.0, ""borsa"": 1, ""fiyat"": 64025.0, ""kaynak"": ""BNB""}, {""usdt"": 8656472.0, ""borsa"": 1, ""fiyat"": 63975.0, ""kaynak"": ""BNB""}]",YOK,0.0035,-0.0304,0.663,0.5874,true,0,false,,1,0,3,0,0,3,47.5,48.6,IZLE,,25,63890.6,,,,,SEVIYE,90,564.6,57,,,,,,,,,0,,17,804.9,17,,,
30598,2026-07-29 03:18:18.217714+00,63885.95,26927.981863996887,26160.911999999997,11668927920.113201,0.00008766800000000002,54037236.25922999,0.0,29.8,BEKLE,true,0.0,0.0,1.6918,60.344,43838075.94506007,0,0.0,29.8,"[{""usdt"": 18770406.0, ""borsa"": 3, ""fiyat"": 63900.0, ""kaynak"": ""BNB+BYB+OKX""}, {""usdt"": 11319534.0, ""borsa"": 1, ""fiyat"": 63825.0, ""kaynak"": ""BNB""}, {""usdt"": 7071448.0, ""borsa"": 1, ""fiyat"": 63850.0, ""kaynak"": ""BNB""}]","[{""usdt"": 9089133.0, ""borsa"": 3, ""fiyat"": 63950.0, ""kaynak"": ""BNB+BYB+OKX""}, {""usdt"": 8706562.0, ""borsa"": 1, ""fiyat"": 64000.0, ""kaynak"": ""BNB""}, {""usdt"": 7958001.0, ""borsa"": 1, ""fiyat"": 64025.0, ""kaynak"": ""BNB""}]",YOK,0.0017,0.1042,0.5342,1.3482,true,0,false,,0,0,3,0,0,3,43.9,45,IZLE,,25,63890.6,,,,,SEVIYE,90,565.6,57,,,,,,,,,0,,17,805.9,17,,,
30599,2026-07-29 03:19:18.566729+00,63877.350000000006,-133100.71040720327,1130208.2270000002,11668032711.177502,0.00008766800000000002,46030772.24643007,255.5684,51.5,BEKLE,true,255.5684,0.0,1.6918,0,46722176.86462996,0,0.0,51.5,"[{""usdt"": 13067001.0, ""borsa"": 3, ""fiyat"": 63875.0, ""kaynak"": ""BNB+BYB+OKX""}, {""usdt"": 11400074.0, ""borsa"": 1, ""fiyat"": 63800.0, ""kaynak"": ""BNB""}, {""usdt"": 8207495.0, ""borsa"": 3, ""fiyat"": 63850.0, ""kaynak"": ""BNB+BYB+OKX""}]","[{""usdt"": 11562455.0, ""borsa"": 3, ""fiyat"": 63900.0, ""kaynak"": ""BNB+BYB+OKX""}, {""usdt"": 10254122.0, ""borsa"": 1, ""fiyat"": 64000.0, ""kaynak"": ""BNB""}, {""usdt"": 9724432.0, ""borsa"": 3, ""fiyat"": 63925.0, ""kaynak"": ""BNB+BYB+OKX""}]",YOK,-0.0582,-0.0075,0.3133,0.4917,true,0,false,,1,1,3,1,0,3,40.4,41.5,IZLE,,25,63890.6,,,,,SEVIYE,90,566.6,57,,,,,,,1785295080,1,0,,17,806.9,17,,,
30600,2026-07-29 03:20:19.383086+00,63856.350000000006,-720641.287638903,1004146.452,11662806804.279999,0.00008766800000000002,52541917.32370999,3447.6684000000005,47.7,BEKLE,true,3447.6684000000005,0.0,1.6918,60.878,45948802.439509965,0,0.0,47.7,"[{""usdt"": 21125876.0, ""borsa"": 3, ""fiyat"": 63825.0, ""kaynak"": ""BNB+BYB+OKX""}, {""usdt"": 7729944.0, ""borsa"": 1, ""fiyat"": 63750.0, ""kaynak"": ""BNB""}, {""usdt"": 7719513.0, ""borsa"": 1, ""fiyat"": 63775.0, ""kaynak"": ""BNB""}]","[{""usdt"": 12382436.0, ""borsa"": 3, ""fiyat"": 63850.0, ""kaynak"": ""BNB+BYB+OKX""}, {""usdt"": 8445901.0, ""borsa"": 3, ""fiyat"": 63875.0, ""kaynak"": ""BNB+BYB+OKX""}, {""usdt"": 7907784.0, ""borsa"": 1, ""fiyat"": 63925.0, ""kaynak"": ""BNB""}]",YOK,-0.1231,0.0669,0.2238,0.6697,false,0,false,,1,2,3,1,0,3,37.4,38.5,IZLE,,25,63838.9,,,,,SEVIYE,70,567.6,57,,,,,,,1785295140,2,0,,17,808.0,17,,,
30601,2026-07-29 03:21:19.76004+00,63906.05,-1022592.0477039014,-101068.56000000003,11668711775.238201,0.00008766800000000002,46374991.50515998,3447.7684000000004,21.6,BEKLE,,3447.7684000000004,0.0,1.6867,121.174,50716174.99562999,60.296,21.6,0.0,"[{""usdt"": 13558064.0, ""borsa"": 3, ""fiyat"": 63850.0, ""kaynak"": ""BNB+BYB+OKX""}, {""usdt"": 10034593.0, ""borsa"": 1, ""fiyat"": 63775.0, ""kaynak"": ""BNB""}, {""usdt"": 7574197.0, ""borsa"": 1, ""fiyat"": 63800.0, ""kaynak"": ""BNB""}]","[{""usdt"": 15413387.0, ""borsa"": 3, ""fiyat"": 63900.0, ""kaynak"": ""BNB+BYB+OKX""}, {""usdt"": 9613198.0, ""borsa"": 1, ""fiyat"": 63975.0, ""kaynak"": ""BNB""}, {""usdt"": 9388153.0, ""borsa"": 3, ""fiyat"": 63875.0, ""kaynak"": ""BNB+BYB+OKX""}]",YOK,-0.0882,-0.0447,0.6672,1.0515,false,0.0164,false,,0,1,3,1,0,3,33.9,35,IZLE,,25,63890.6,,,,,SEVIYE,90,568.6,57,,,,,,,1785295140,2,0,,17,809.0,17,,,
30602,2026-07-29 03:22:19.951953+00,63876.25,-1099544.0757293012,916304.625,11667594894.763,0.00008766800000000002,48215783.00883999,3575.5154,46.2,BEKLE,true,3575.5154,0.0,1.6867,0,49116895.351839975,60.323,0.0,46.2,"[{""usdt"": 13201929.0, ""borsa"": 3, ""fiyat"": 63850.0, ""kaynak"": ""BNB+BYB+OKX""}, {""usdt"": 12588845.0, ""borsa"": 3, ""fiyat"": 63875.0, ""kaynak"": ""BNB+BYB+OKX""}, {""usdt"": 10550509.0, ""borsa"": 1, ""fiyat"": 63800.0, ""kaynak"": ""BNB""}]","[{""usdt"": 9591341.0, ""borsa"": 3, ""fiyat"": 63900.0, ""kaynak"": ""BNB+BYB+OKX""}, {""usdt"": 9202910.0, ""borsa"": 1, ""fiyat"": 63975.0, ""kaynak"": ""BNB""}, {""usdt"": 8827094.0, ""borsa"": 1, ""fiyat"": 63950.0, ""kaynak"": ""BNB""}]",YOK,-0.0738,-0.0093,0.5225,1.1888,false,0.0247,false,,1,0,3,1,0,3,30.4,31.5,IZLE,,25,63890.6,,,,,SEVIYE,90,569.6,57,,,,,,,1785295260,2,0,,17,810.0,17,,,
30603,2026-07-29 03:23:20.851995+00,63900.850000000006,-715404.5209398007,925156.116,11673355116.943901,0.00008766800000000002,53118668.26938005,3319.947,39.4,BEKLE,true,3319.947,0.0,1.6867,60.5,48410969.988370046,120.823,0.0,39.4,"[{""usdt"": 21905000.0, ""borsa"": 3, ""fiyat"": 63875.0, ""kaynak"": ""BNB+BYB+OKX""}, {""usdt"": 10244372.0, ""borsa"": 1, ""fiyat"": 63800.0, ""kaynak"": ""BNB""}, {""usdt"": 9914951.0, ""borsa"": 3, ""fiyat"": 63850.0, ""kaynak"": ""BNB+BYB+OKX""}]","[{""usdt"": 12203424.0, ""borsa"": 3, ""fiyat"": 63900.0, ""kaynak"": ""BNB+BYB+OKX""}, {""usdt"": 9556224.0, ""borsa"": 1, ""fiyat"": 64000.0, ""kaynak"": ""BNB""}, {""usdt"": 9328086.0, ""borsa"": 1, ""fiyat"": 63975.0, ""kaynak"": ""BNB""}]",YOK,-0.0885,0.0464,0.3428,0.3952,false,0,false,,0,0,3,1,0,3,27.1,28.2,IZLE,,25,63890.6,,,,,SEVIYE,90,570.6,57,,,,,,,1785295260,2,0,,17,811.0,17,,,
30604,2026-07-29 03:24:21.195541+00,63857.350000000006,-954176.3126002029,893616.1809999999,11665678096.1698,0.00008766800000000002,50494832.76539997,830.2674999999999,30.1,BEKLE,false,127.747,702.5205,1.6867,0,44791079.13116996,0,30.1,0.0,"[{""usdt"": 12732673.0, ""borsa"": 3, ""fiyat"": 63825.0, ""kaynak"": ""BNB+BYB+OKX""}, {""usdt"": 10147686.0, ""borsa"": 3, ""fiyat"": 63850.0, ""kaynak"": ""BNB+BYB+OKX""}, {""usdt"": 9309410.0, ""borsa"": 1, ""fiyat"": 63750.0, ""kaynak"": ""BNB""}]","[{""usdt"": 13859912.0, ""borsa"": 3, ""fiyat"": 63875.0, ""kaynak"": ""BNB+BYB+OKX""}, {""usdt"": 7954201.0, ""borsa"": 1, ""fiyat"": 63925.0, ""kaynak"": ""BNB""}, {""usdt"": 7144767.0, ""borsa"": 1, ""fiyat"": 63950.0, ""kaynak"": ""BNB""}]",YOK,-0.131,0.0599,0.6859,0.9503,false,0,false,,0,2,3,0,0,3,23.9,25,IZLE,,25,63829,,,,,SEVIYE,70,571.6,58,,,,,,,1785295380,1,0,,18,1232.6,18,,,
30605,2026-07-29 03:25:21.550116+00,63852.95,-187434.0126462053,825653.808,11664192948.180302,0.00008766800000000002,48535892.64340001,830.2674999999999,18.3,BEKLE,false,127.747,702.5205,1.6867,60.338,50014768.23423,60.338,18.3,0.0,"[{""usdt"": 13660615.0, ""borsa"": 3, ""fiyat"": 63825.0, ""kaynak"": ""BNB+BYB+OKX""}, {""usdt"": 10167507.0, ""borsa"": 1, ""fiyat"": 63775.0, ""kaynak"": ""BNB""}, {""usdt"": 8996293.0, ""borsa"": 1, ""fiyat"": 63750.0, ""kaynak"": ""BNB""}]","[{""usdt"": 13919584.0, ""borsa"": 3, ""fiyat"": 63875.0, ""kaynak"": ""BNB+BYB+OKX""}, {""usdt"": 8368520.0, ""borsa"": 1, ""fiyat"": 63950.0, ""kaynak"": ""BNB""}, {""usdt"": 8112487.0, ""borsa"": 3, ""fiyat"": 63850.0, ""kaynak"": ""BNB+BYB+OKX""}]",YOK,-0.1271,-0.015,0.6528,0.2368,false,0,false,,0,2,3,1,1,3,20.3,21.5,IZLE,,25,63829,,,,,SEVIYE,70,572.6,58,,,,,,,1785295380,1,1,,18,1233.6,18,,,
30606,2026-07-29 03:26:22.088388+00,63849.05,-278920.8199075053,808690.456,11661877219.2661,0.00008766800000000002,49905892.88005003,4022.4656999999997,45.9,BEKLE,true,3319.9451999999997,702.5205,1.6867,120.841,51089555.92447999,120.841,0.0,45.9,"[{""usdt"": 16316704.0, ""borsa"": 3, ""fiyat"": 63825.0, ""kaynak"": ""BNB+BYB+OKX""}, {""usdt"": 11136798.0, ""borsa"": 1, ""fiyat"": 63750.0, ""kaynak"": ""BNB""}, {""usdt"": 8495826.0, ""borsa"": 2, ""fiyat"": 63800.0, ""kaynak"": ""BNB+BYB""}]","[{""usdt"": 15261201.0, ""borsa"": 3, ""fiyat"": 63850.0, ""kaynak"": ""BNB+BYB+OKX""}, {""usdt"": 9374213.0, ""borsa"": 1, ""fiyat"": 63925.0, ""kaynak"": ""BNB""}, {""usdt"": 9027656.0, ""borsa"": 3, ""fiyat"": 63875.0, ""kaynak"": ""BNB+BYB+OKX""}]",YOK,-0.1198,-0.0117,0.3397,1.4801,false,0,false,,0,2,3,1,1,3,17,18.1,IZLE,,25,63829,,,,,SEVIYE,70,573.7,58,,,,,,,1785295500,1,0,,18,1234.6,18,,,
30607,2026-07-29 03:27:22.435763+00,63835.649999999994,-597194.5010608052,810612.3859999999,11659695120.677498,0.00008766800000000002,53425393.22348003,5618.255699999999,14.5,BEKLE,false,4915.735199999999,702.5205,1.6853,181.16,48266558.99725003,120.822,14.5,0.0,"[{""usdt"": 14309184.0, ""borsa"": 3, ""fiyat"": 63800.0, ""kaynak"": ""BNB+BYB+OKX""}, {""usdt"": 13289777.0, ""borsa"": 3, ""fiyat"": 63825.0, ""kaynak"": ""BNB+BYB+OKX""}, {""usdt"": 9445773.0, ""borsa"": 1, ""fiyat"": 63750.0, ""kaynak"": ""BNB""}]","[{""usdt"": 15894862.0, ""borsa"": 3, ""fiyat"": 63850.0, ""kaynak"": ""BNB+BYB+OKX""}, {""usdt"": 8560875.0, ""borsa"": 1, ""fiyat"": 63925.0, ""kaynak"": ""BNB""}, {""usdt"": 7921798.0, ""borsa"": 1, ""fiyat"": 63900.0, ""kaynak"": ""BNB""}]",YOK,-0.1697,0.0507,0.7494,3.445,false,0,false,,0,2,3,1,1,3,13.5,14.6,IZLE,,25,63829,,,,,SEVIYE,70,574.7,58,,,,,,,1785295620,1,0,,18,1235.6,18,,,
30608,2026-07-29 03:28:22.679627+00,63791.850000000006,-1209047.2967137056,559345.375,11652126263.334599,0.00008766800000000002,52207667.98672998,6255.3616,19.7,BEKLE,false,6255.3616,0.0,1.6853,0,48342979.197809935,60.35,19.7,0.0,"[{""usdt"": 20423696.0, ""borsa"": 3, ""fiyat"": 63775.0, ""kaynak"": ""BNB+BYB+OKX""}, {""usdt"": 10872086.0, ""borsa"": 1, ""fiyat"": 63700.0, ""kaynak"": ""BNB""}, {""usdt"": 8497904.0, ""borsa"": 1, ""fiyat"": 63725.0, ""kaynak"": ""BNB""}]","[{""usdt"": 10746688.0, ""borsa"": 1, ""fiyat"": 63900.0, ""kaynak"": ""BNB""}, {""usdt"": 10524033.0, ""borsa"": 3, ""fiyat"": 63800.0, ""kaynak"": ""BNB+BYB+OKX""}, {""usdt"": 9014816.0, ""borsa"": 3, ""fiyat"": 63825.0, ""kaynak"": ""BNB+BYB+OKX""}]",YOK,-0.1892,0.0384,0.4592,5.7651,false,0,false,,0,2,3,1,1,3,10,11.1,IZLE,,25,63757.6,,,,,SEVIYE,55,585.7,59,,,,,,,1785295620,1,0,,18,1236.6,18,,,
30609,2026-07-29 03:29:24.026606+00,63770.649999999994,-1840384.1882095067,141216.47299999997,11650051372.8124,0.00008766800000000002,49838113.25065998,146202.9426,31.1,BEKLE,false,146202.9426,0.0,1.6853,61.25,50585459.04645002,121.6,31.1,0.0,"[{""usdt"": 16140616.0, ""borsa"": 3, ""fiyat"": 63750.0, ""kaynak"": ""BNB+BYB+OKX""}, {""usdt"": 9563254.0, ""borsa"": 1, ""fiyat"": 63675.0, ""kaynak"": ""BNB""}, {""usdt"": 9469606.0, ""borsa"": 1, ""fiyat"": 63700.0, ""kaynak"": ""BNB""}]","[{""usdt"": 14081268.0, ""borsa"": 3, ""fiyat"": 63800.0, ""kaynak"": ""BNB+BYB+OKX""}, {""usdt"": 10195218.0, ""borsa"": 1, ""fiyat"": 63875.0, ""kaynak"": ""BNB""}, {""usdt"": 7819458.0, ""borsa"": 1, ""fiyat"": 63825.0, ""kaynak"": ""BNB""}]",YOK,-0.1821,-0.0074,0.4257,2.3694,false,0.087,false,,0,2,3,0,1,3,7.4,8.5,IZLE,,50,63757.6,,,,,SEVIYE+TASFIYE,55,586.7,59,,,,,,,1785295680,1,0,,18,1237.6,18,,,
30610,2026-07-29 03:30:25.360259+00,63714.55,-2037248.7316736055,-910145.671,11636499402.107601,0.00008766800000000002,42221630.72894,407400.94180000003,0.0,BEKLE,,406763.8948,637.047,1.6853,0,43046187.60937,122.23,0.0,0.0,"[{""usdt"": 14380859.0, ""borsa"": 3, ""fiyat"": 63675.0, ""kaynak"": ""BNB+BYB+OKX""}, {""usdt"": 10189670.0, ""borsa"": 1, ""fiyat"": 63625.0, ""kaynak"": ""BNB""}, {""usdt"": 6564022.0, ""borsa"": 1, ""fiyat"": 63600.0, ""kaynak"": ""BNB""}]","[{""usdt"": 10836502.0, ""borsa"": 3, ""fiyat"": 63725.0, ""kaynak"": ""BNB+BYB+OKX""}, {""usdt"": 7912668.0, ""borsa"": 1, ""fiyat"": 63825.0, ""kaynak"": ""BNB""}, {""usdt"": 7603705.0, ""borsa"": 1, ""fiyat"": 63800.0, ""kaynak"": ""BNB""}]",YOK,-0.2048,-0.0097,0.4014,1.7089,false,0.3687,false,,0,2,3,0,0,3,4.6,5.7,IZLE,,50,63703.7,,,,,SEVIYE+TASFIYE,75,457.6,46,,,,,,,1785295800,2,0,,18,1238.7,18,,,
30611,2026-07-29 03:31:26.857692+00,63692.149999999994,-1883345.0598418058,-924600.6479999999,11629956910.5374,0.00008766800000000002,44334692.45713998,436220.7376,0.0,BEKLE,,433799.429,2421.3086000000003,1.6853,61.973,42707241.61282998,184.203,0.0,0.0,"[{""usdt"": 14664270.0, ""borsa"": 3, ""fiyat"": 63675.0, ""kaynak"": ""BNB+BYB+OKX""}, {""usdt"": 9165698.0, ""borsa"": 2, ""fiyat"": 63650.0, ""kaynak"": ""BNB+BYB""}, {""usdt"": 7064978.0, ""borsa"": 1, ""fiyat"": 63625.0, ""kaynak"": ""BNB""}]","[{""usdt"": 11540953.0, ""borsa"": 3, ""fiyat"": 63700.0, ""kaynak"": ""BNB+BYB+OKX""}, {""usdt"": 7658196.0, ""borsa"": 1, ""fiyat"": 63800.0, ""kaynak"": ""BNB""}, {""usdt"": 7227325.0, ""borsa"": 1, ""fiyat"": 63750.0, ""kaynak"": ""BNB""}]",YOK,-0.2311,0.0187,0.3681,2.0482,false,,false,,0,2,3,1,0,3,2.8,3.8,IZLE,,50,63703.7,,,,,SEVIYE+TASFIYE,75,458.6,46,,,,,,,1785295860,2,0,,18,1239.7,18,,,
30612,2026-07-29 03:32:27.109604+00,63691.75,-2150999.118035005,-1189218.211,11634588574.9256,0.00008766800000000002,44334692.45713998,435070.87649999995,0.0,BEKLE,,431821.24069999997,3249.6358,1.6853,122.157,42707241.61282998,244.387,0.0,0.0,"[{""usdt"": 14664270.0, ""borsa"": 3, ""fiyat"": 63675.0, ""kaynak"": ""BNB+BYB+OKX""}, {""usdt"": 9165698.0, ""borsa"": 2, ""fiyat"": 63650.0, ""kaynak"": ""BNB+BYB""}, {""usdt"": 7064978.0, ""borsa"": 1, ""fiyat"": 63625.0, ""kaynak"": ""BNB""}]","[{""usdt"": 11540953.0, ""borsa"": 3, ""fiyat"": 63700.0, ""kaynak"": ""BNB+BYB+OKX""}, {""usdt"": 7658196.0, ""borsa"": 1, ""fiyat"": 63800.0, ""kaynak"": ""BNB""}, {""usdt"": 7227325.0, ""borsa"": 1, ""fiyat"": 63750.0, ""kaynak"": ""BNB""}]",YOK,-0.2311,0.0187,0.3284,1.7308,false,,true,0,0,2,3,1,0,3,62.9,64,IZLE,,50,63703.7,,,,,SEVIYE+TASFIYE,75,459.6,46,,,,,,,1785295860,2,0,,18,1240.7,18,,,
30613,2026-07-29 03:33:27.403924+00,63733.95,-1722308.8056384996,-428147.0850000001,11630446613.503498,0.00008766800000000002,47303627.53245001,295123.2955,45.5,BEKLE,false,291873.6597,3249.6358,1.6846,182.39,47538601.449519984,304.62,45.5,0.0,"[{""usdt"": 12664563.0, ""borsa"": 3, ""fiyat"": 63675.0, ""kaynak"": ""BNB+BYB+OKX""}, {""usdt"": 10862939.0, ""borsa"": 3, ""fiyat"": 63650.0, ""kaynak"": ""BNB+BYB+OKX""}, {""usdt"": 10074191.0, ""borsa"": 1, ""fiyat"": 63600.0, ""kaynak"": ""BNB""}]","[{""usdt"": 10802159.0, ""borsa"": 3, ""fiyat"": 63700.0, ""kaynak"": ""BNB+BYB+OKX""}, {""usdt"": 9757107.0, ""borsa"": 1, ""fiyat"": 63800.0, ""kaynak"": ""BNB""}, {""usdt"": 8847259.0, ""borsa"": 1, ""fiyat"": 63775.0, ""kaynak"": ""BNB""}]",YOK,-0.245,-0.0025,0.2465,1.5835,false,,true,0,0,2,3,0,0,3,59.1,60.2,IZLE,,50,63757.6,,,,,SEVIYE+TASFIYE,55,590.8,59,,,,,,,1785295860,2,0,,18,1241.7,18,,,
30614,2026-07-29 03:34:27.642269+00,63728.350000000006,-1877398.8663815001,-383238.98000000004,11624884514.261799,0.00008766800000000002,44259172.77186998,292891.223,32.8,BEKLE,false,289641.5872,3249.6358,1.6846,242.755,56486777.571260005,364.985,32.8,0.0,"[{""usdt"": 13352542.0, ""borsa"": 3, ""fiyat"": 63700.0, ""kaynak"": ""BNB+BYB+OKX""}, {""usdt"": 8437760.0, ""borsa"": 1, ""fiyat"": 63650.0, ""kaynak"": ""BNB""}, {""usdt"": 7621394.0, ""borsa"": 1, ""fiyat"": 63675.0, ""kaynak"": ""BNB""}]","[{""usdt"": 16532343.0, ""borsa"": 3, ""fiyat"": 63750.0, ""kaynak"": ""BNB+BYB+OKX""}, {""usdt"": 9809397.0, ""borsa"": 1, ""fiyat"": 63825.0, ""kaynak"": ""BNB""}, {""usdt"": 9199263.0, ""borsa"": 1, ""fiyat"": 63800.0, ""kaynak"": ""BNB""}]",YOK,-0.1917,-0.1214,0.043,2.7968,false,,false,,0,2,3,0,1,3,55.6,56.7,IZLE,,50,63703.9,,,,,SEVIYE+TASFIYE,75,461.6,47,,,,,,,1785295860,2,0,,18,1312.8,18,,,
30615,2026-07-29 03:35:28.000727+00,63737.55,-1618373.0115343977,-136679.032,11627223143.5278,0.00008766800000000002,42797812.537090026,10257.189699999999,34.5,BEKLE,true,9301.501699999999,955.688,1.6846,302.942,49367674.67212003,60.187,0.0,34.5,"[{""usdt"": 12306157.0, ""borsa"": 3, ""fiyat"": 63700.0, ""kaynak"": ""BNB+BYB+OKX""}, {""usdt"": 10487591.0, ""borsa"": 1, ""fiyat"": 63650.0, ""kaynak"": ""BNB""}, {""usdt"": 8164413.0, ""borsa"": 3, ""fiyat"": 63675.0, ""kaynak"": ""BNB+BYB+OKX""}]","[{""usdt"": 11162172.0, ""borsa"": 3, ""fiyat"": 63725.0, ""kaynak"": ""BNB+BYB+OKX""}, {""usdt"": 10975828.0, ""borsa"": 1, ""fiyat"": 63800.0, ""kaynak"": ""BNB""}, {""usdt"": 9371815.0, ""borsa"": 3, ""fiyat"": 63750.0, ""kaynak"": ""BNB+BYB+OKX""}]",YOK,-0.1926,-0.0713,0.2562,0.8021,false,,true,0,0,2,3,0,0,3,52,53.1,HAZIRLAN,SHORT,50,63757.6,63703.9,62975.1,63765.9,26.87,SEVIYE+EMILIM,55,592.8,60,,,,,,,1785296040,2,0,1.19,18,1313.8,18,,,
30616,2026-07-29 03:36:28.312013+00,63769.55,-1618373.0115343977,-136679.032,11627223143.5278,0.00008766800000000002,45672242.78048002,10257.189699999999,31.6,BEKLE,true,9301.501699999999,955.688,1.6889,363.353,50101765.39607998,120.598,0.0,31.6,"[{""usdt"": 10563925.0, ""borsa"": 3, ""fiyat"": 63700.0, ""kaynak"": ""BNB+BYB+OKX""}, {""usdt"": 9896746.0, ""borsa"": 3, ""fiyat"": 63725.0, ""kaynak"": ""BNB+BYB+OKX""}, {""usdt"": 8557240.0, ""borsa"": 1, ""fiyat"": 63675.0, ""kaynak"": ""BNB""}]","[{""usdt"": 14425194.0, ""borsa"": 3, ""fiyat"": 63750.0, ""kaynak"": ""BNB+BYB+OKX""}, {""usdt"": 9559249.0, ""borsa"": 1, ""fiyat"": 63825.0, ""kaynak"": ""BNB""}, {""usdt"": 8653429.0, ""borsa"": 1, ""fiyat"": 63775.0, ""kaynak"": ""BNB""}]",YOK,-0.2084,-0.0462,0.1762,2.9357,false,,true,0,0,3,3,0,0,3,48.6,49.7,IZLE,,25,63757.6,,,,,SEVIYE,55,593.8,60,,,,,,,1785296040,2,0,,18,1314.8,18,,,
30617,2026-07-29 03:37:28.473051+00,63796.350000000006,-1613265.1887688977,-140258.21799999994,11635480467.4553,0.00008766800000000002,46699792.762150034,3822.918,27.5,BEKLE,true,3822.918,0.0,1.6889,60.238,50092605.72274001,0,0.0,27.5,"[{""usdt"": 9599786.0, ""borsa"": 3, ""fiyat"": 63775.0, ""kaynak"": ""BNB+BYB+OKX""}, {""usdt"": 9537536.0, ""borsa"": 1, ""fiyat"": 63675.0, ""kaynak"": ""BNB""}, {""usdt"": 8650877.0, ""borsa"": 3, ""fiyat"": 63750.0, ""kaynak"": ""BNB+BYB+OKX""}]","[{""usdt"": 18802492.0, ""borsa"": 3, ""fiyat"": 63800.0, ""kaynak"": ""BNB+BYB+OKX""}, {""usdt"": 9345662.0, ""borsa"": 1, ""fiyat"": 63875.0, ""kaynak"": ""BNB""}, {""usdt"": 8649281.0, ""borsa"": 1, ""fiyat"": 63850.0, ""kaynak"": ""BNB""}]",YOK,-0.0467,-0.0351,0.2459,2.728,false,,true,0,0,0,3,0,1,3,45,46,IZLE,,25,63828.9,,,,,SEVIYE,70,584.8,59,,,,,,,1785296040,1,0,,18,1315.8,18,,,
30618,2026-07-29 03:38:28.722651+00,63846.25,-641030.3882139975,960931.2260000001,11639992991.128002,0.00008766800000000002,47501950.62236004,3822.918,25.4,BEKLE,true,3822.918,0.0,1.6889,0,44910482.88456998,0,0.0,25.4,"[{""usdt"": 11518708.0, ""borsa"": 3, ""fiyat"": 63775.0, ""kaynak"": ""BNB+BYB+OKX""}, {""usdt"": 10014723.0, ""borsa"": 1, ""fiyat"": 63700.0, ""kaynak"": ""BNB""}, {""usdt"": 9054851.0, ""borsa"": 1, ""fiyat"": 63725.0, ""kaynak"": ""BNB""}]","[{""usdt"": 14581410.0, ""borsa"": 3, ""fiyat"": 63825.0, ""kaynak"": ""BNB+BYB+OKX""}, {""usdt"": 8649001.0, ""borsa"": 1, ""fiyat"": 63875.0, ""kaynak"": ""BNB""}, {""usdt"": 8606458.0, ""borsa"": 1, ""fiyat"": 63900.0, ""kaynak"": ""BNB""}]",YOK,0.0135,0.028,0.3311,1.9604,false,,true,0.077,0,0,3,1,1,3,41.2,42.3,IZLE,,25,63828.9,,,,,SEVIYE,70,585.8,59,,,,,,,1785296040,1,1,,18,1316.8,18,,,
30619,2026-07-29 03:39:28.991733+00,63789.05,-184724.94517519837,1194409.7070000002,11648094578.490398,0.00008766800000000002,52028753.69859001,3822.918,40.6,BEKLE,true,3822.918,0.0,1.6889,60.276,45490159.366090015,60.276,0.0,40.6,"[{""usdt"": 18133694.0, ""borsa"": 3, ""fiyat"": 63800.0, ""kaynak"": ""BNB+BYB+OKX""}, {""usdt"": 8987672.0, ""borsa"": 1, ""fiyat"": 63725.0, ""kaynak"": ""BNB""}, {""usdt"": 7878892.0, ""borsa"": 1, ""fiyat"": 63775.0, ""kaynak"": ""BNB""}]","[{""usdt"": 9746488.0, ""borsa"": 1, ""fiyat"": 63900.0, ""kaynak"": ""BNB""}, {""usdt"": 8476134.0, ""borsa"": 3, ""fiyat"": 63825.0, ""kaynak"": ""BNB+BYB+OKX""}, {""usdt"": 8281341.0, ""borsa"": 3, ""fiyat"": 63850.0, ""kaynak"": ""BNB+BYB+OKX""}]",YOK,-0.0106,0.067,0.4056,0.8292,false,,true,0.1383,0,0,3,0,0,3,37.7,38.7,IZLE,,25,63757.6,,,,,SEVIYE,55,596.8,60,,,,,,,1785296040,1,2,,18,1317.8,18,,,
30620,2026-07-29 03:40:29.582758+00,63776.850000000006,-784657.5788956995,1137363.6130000001,11639741464.253899,0.00008766800000000002,48237284.964300014,0.0,37.7,BEKLE,true,0.0,0.0,1.6889,0,46177365.63515996,0,0.0,37.7,"[{""usdt"": 13081722.0, ""borsa"": 3, ""fiyat"": 63750.0, ""kaynak"": ""BNB+BYB+OKX""}, {""usdt"": 9647453.0, ""borsa"": 1, ""fiyat"": 63675.0, ""kaynak"": ""BNB""}, {""usdt"": 8424396.0, ""borsa"": 1, ""fiyat"": 63700.0, ""kaynak"": ""BNB""}]","[{""usdt"": 12285831.0, ""borsa"": 3, ""fiyat"": 63800.0, ""kaynak"": ""BNB+BYB+OKX""}, {""usdt"": 8510300.0, ""borsa"": 1, ""fiyat"": 63875.0, ""kaynak"": ""BNB""}, {""usdt"": 8288388.0, ""borsa"": 1, ""fiyat"": 63850.0, ""kaynak"": ""BNB""}]",YOK,0.0003,0.0218,0.2939,0.7896,false,,true,0.2299,0,1,3,0,0,3,34.3,35.4,IZLE,,25,63757.6,,,,,SEVIYE,55,597.8,60,,,,,,,,,0,,18,1318.8,18,,,
30621,2026-07-29 03:41:29.986019+00,63754.05,616008.2013814014,1751332.922,11635930681.2028,0.00008766800000000002,49154561.52215002,0.0,68.5,BEKLE,true,0.0,0.0,1.6889,60.414,46031328.48997992,60.414,0.0,68.5,"[{""usdt"": 14583953.0, ""borsa"": 3, ""fiyat"": 63750.0, ""kaynak"": ""BNB+BYB+OKX""}, {""usdt"": 11531251.0, ""borsa"": 1, ""fiyat"": 63675.0, ""kaynak"": ""BNB""}, {""usdt"": 8516765.0, ""borsa"": 1, ""fiyat"": 63725.0, ""kaynak"": ""BNB""}]","[{""usdt"": 11865113.0, ""borsa"": 3, ""fiyat"": 63800.0, ""kaynak"": ""BNB+BYB+OKX""}, {""usdt"": 9227602.0, ""borsa"": 1, ""fiyat"": 63850.0, ""kaynak"": ""BNB""}, {""usdt"": 7820919.0, ""borsa"": 3, ""fiyat"": 63775.0, ""kaynak"": ""BNB+BYB+OKX""}]",YOK,-0.0485,0.0328,0.4294,0.1697,false,,false,0.8437,0,1,3,0,1,3,30.9,32,IZLE,,25,63757.6,,,,,SEVIYE,55,598.8,60,,,,,,,,,0,,18,1319.8,18,,,
30622,2026-07-29 03:42:30.323985+00,63740.05,411517.4391473013,2612122.23,11632089547.389,0.00008766800000000002,53797662.772659995,0.0,60.4,BEKLE,true,0.0,0.0,1.6903,120.812,46973309.68094991,0,0.0,60.4,"[{""usdt"": 19259147.0, ""borsa"": 3, ""fiyat"": 63725.0, ""kaynak"": ""BNB+BYB+OKX""}, {""usdt"": 10043879.0, ""borsa"": 1, ""fiyat"": 63675.0, ""kaynak"": ""BNB""}, {""usdt"": 9856675.0, ""borsa"": 1, ""fiyat"": 63650.0, ""kaynak"": ""BNB""}]","[{""usdt"": 12856870.0, ""borsa"": 3, ""fiyat"": 63775.0, ""kaynak"": ""BNB+BYB+OKX""}, {""usdt"": 9799320.0, ""borsa"": 1, ""fiyat"": 63825.0, ""kaynak"": ""BNB""}, {""usdt"": 7523572.0, ""borsa"": 1, ""fiyat"": 63850.0, ""kaynak"": ""BNB""}]",YOK,-0.0278,0.0677,0.3187,0.5047,false,,false,1.6785,0,0,3,0,0,3,27.4,28.5,IZLE,,25,63757.6,,,,,SEVIYE,55,599.8,60,,,,,,,,,0,,18,1320.8,18,,,
30623,2026-07-29 03:43:30.653118+00,63730.95,577750.935730502,2651917.424,11631748440.676,0.00008766800000000002,51951266.34198997,318.7395,53.8,BEKLE,true,318.7395,0.0,1.6903,60.349,47827453.18066997,60.349,0.0,53.8,"[{""usdt"": 20924375.0, ""borsa"": 3, ""fiyat"": 63700.0, ""kaynak"": ""BNB+BYB+OKX""}, {""usdt"": 9108512.0, ""borsa"": 1, ""fiyat"": 63625.0, ""kaynak"": ""BNB""}, {""usdt"": 9055073.0, ""borsa"": 1, ""fiyat"": 63650.0, ""kaynak"": ""BNB""}]","[{""usdt"": 11720397.0, ""borsa"": 3, ""fiyat"": 63750.0, ""kaynak"": ""BNB+BYB+OKX""}, {""usdt"": 8455162.0, ""borsa"": 1, ""fiyat"": 63825.0, ""kaynak"": ""BNB""}, {""usdt"": 8106624.0, ""borsa"": 1, ""fiyat"": 63800.0, ""kaynak"": ""BNB""}]",YOK,-0.1019,0.0413,0.3171,1.6594,false,,false,2.1357,0,1,3,0,0,3,23.9,25,IZLE,,25,63707.1,,,,,SEVIYE,75,470.6,48,,,,,,,1785296520,1,0,,19,1251.8,19,,,
30624,2026-07-29 03:44:31.810376+00,63739.95,416424.02263390005,2650798.6930000004,11628050622.873798,0.00008766800000000002,53851456.37004991,7073.986099999999,47.3,BEKLE,true,7073.986099999999,0.0,1.6903,121.411,49194955.04280998,61.062,0.0,47.3,"[{""usdt"": 15163630.0, ""borsa"": 3, ""fiyat"": 63700.0, ""kaynak"": ""BNB+BYB+OKX""}, {""usdt"": 12248359.0, ""borsa"": 3, ""fiyat"": 63725.0, ""kaynak"": ""BNB+BYB+OKX""}, {""usdt"": 9239292.0, ""borsa"": 1, ""fiyat"": 63625.0, ""kaynak"": ""BNB""}]","[{""usdt"": 11821012.0, ""borsa"": 3, ""fiyat"": 63750.0, ""kaynak"": ""BNB+BYB+OKX""}, {""usdt"": 9948240.0, ""borsa"": 1, ""fiyat"": 63800.0, ""kaynak"": ""BNB""}, {""usdt"": 8559008.0, ""borsa"": 1, ""fiyat"": 63775.0, ""kaynak"": ""BNB""}]",YOK,-0.1,0.0452,0.2101,0.95,false,,false,2.8138,0,1,3,1,1,3,21.2,22.2,IZLE,,25,63707.1,,,,,SEVIYE,75,471.7,48,,,,,,,1785296580,2,0,,19,1252.8,19,,,
30625,2026-07-29 03:45:32.208924+00,63768.95,822028.3734733989,2700868.0140000004,11631229650.5074,0.00008766800000000002,44572821.99041999,94342.61339999999,61.1,BEKLE,true,7393.6326,86948.98079999999,1.6903,181.893,48016510.14500995,121.544,0.0,61.1,"[{""usdt"": 12817688.0, ""borsa"": 3, ""fiyat"": 63750.0, ""kaynak"": ""BNB+BYB+OKX""}, {""usdt"": 8252878.0, ""borsa"": 1, ""fiyat"": 63700.0, ""kaynak"": ""BNB""}, {""usdt"": 7947020.0, ""borsa"": 1, ""fiyat"": 63675.0, ""kaynak"": ""BNB""}]","[{""usdt"": 13470255.0, ""borsa"": 3, ""fiyat"": 63775.0, ""kaynak"": ""BNB+BYB+OKX""}, {""usdt"": 8766327.0, ""borsa"": 1, ""fiyat"": 63800.0, ""kaynak"": ""BNB""}, {""usdt"": 8679809.0, ""borsa"": 1, ""fiyat"": 63825.0, ""kaynak"": ""BNB""}]",YOK,-0.1089,-0.0372,0.3984,0.1085,false,0,false,,0,2,3,0,0,3,17.8,18.9,IZLE,,50,63791.6,,,,,SEVIYE+TASFIYE,95,602.8,61,,,,,,,1785296640,2,0,,19,1253.8,19,,,
30626,2026-07-29 03:46:33.368884+00,63745.25,1420538.444384196,1593310.1960000002,11634684930.285599,0.00008766800000000002,48309037.86344001,94347.1932,17.4,BEKLE,false,7393.6496,86953.54359999999,1.6903,243.133,49513094.36359998,182.784,17.4,0.0,"[{""usdt"": 11684710.0, ""borsa"": 1, ""fiyat"": 63675.0, ""kaynak"": ""BNB""}, {""usdt"": 10977803.0, ""borsa"": 3, ""fiyat"": 63725.0, ""kaynak"": ""BNB+BYB+OKX""}, {""usdt"": 10564504.0, ""borsa"": 3, ""fiyat"": 63750.0, ""kaynak"": ""BNB+BYB+OKX""}]","[{""usdt"": 10946150.0, ""borsa"": 3, ""fiyat"": 63775.0, ""kaynak"": ""BNB+BYB+OKX""}, {""usdt"": 8809936.0, ""borsa"": 1, ""fiyat"": 63850.0, ""kaynak"": ""BNB""}, {""usdt"": 8120737.0, ""borsa"": 1, ""fiyat"": 63875.0, ""kaynak"": ""BNB""}]",YOK,-0.0842,-0.0123,0.7664,0.4643,false,,false,,0,1,3,0,1,3,14.8,15.9,IZLE,,25,63707.1,,,,,SEVIYE,75,473.7,48,PCT,0.31,0.4452927880190154,104.63579363169995,false,0.498,1785296640,2,0,,19,1254.8,19,,,
30627,2026-07-29 03:47:34.324628+00,63714.149999999994,1063833.5183545959,1636899.271,11632618434.9198,0.00008766800000000002,48411693.021389954,125833.3966,31.9,BEKLE,false,38051.2681,87782.12849999999,1.6911,0,47890850.124619976,0,31.9,0.0,"[{""usdt"": 13491509.0, ""borsa"": 3, ""fiyat"": 63675.0, ""kaynak"": ""BNB+BYB+OKX""}, {""usdt"": 11750010.0, ""borsa"": 3, ""fiyat"": 63700.0, ""kaynak"": ""BNB+BYB+OKX""}, {""usdt"": 10947770.0, ""borsa"": 1, ""fiyat"": 63625.0, ""kaynak"": ""BNB""}]","[{""usdt"": 11536042.0, ""borsa"": 3, ""fiyat"": 63725.0, ""kaynak"": ""BNB+BYB+OKX""}, {""usdt"": 9440631.0, ""borsa"": 1, ""fiyat"": 63800.0, ""kaynak"": ""BNB""}, {""usdt"": 7840701.0, ""borsa"": 1, ""fiyat"": 63825.0, ""kaynak"": ""BNB""}]",YOK,-0.1599,0.0054,0.3012,0.6625,false,,false,3.6413,0,2,3,1,1,3,11.8,12.9,IZLE,,25,63707.1,,,,,SEVIYE,75,474.7,48,,,,,,,1785296760,2,0,,19,1255.8,19,,,
30628,2026-07-29 03:48:34.765066+00,63715.149999999994,942665.8059937975,1334583.4980000001,11637394918.6215,0.00008766800000000002,54190636.46131994,125250.21589999998,43.5,BEKLE,false,37468.3409,87781.87499999999,1.6911,0,41909935.51067997,60.313,43.5,0.0,"[{""usdt"": 15508692.0, ""borsa"": 2, ""fiyat"": 63675.0, ""kaynak"": ""BNB+BYB""}, {""usdt"": 14151954.0, ""borsa"": 3, ""fiyat"": 63700.0, ""kaynak"": ""BNB+BYB+OKX""}, {""usdt"": 8928806.0, ""borsa"": 1, ""fiyat"": 63650.0, ""kaynak"": ""BNB""}]","[{""usdt"": 10284265.0, ""borsa"": 3, ""fiyat"": 63725.0, ""kaynak"": ""BNB+BYB+OKX""}, {""usdt"": 9223128.0, ""borsa"": 3, ""fiyat"": 63750.0, ""kaynak"": ""BNB+BYB+OKX""}, {""usdt"": 8062745.0, ""borsa"": 1, ""fiyat"": 63800.0, ""kaynak"": ""BNB""}]",YOK,-0.147,0.1278,0.1515,0.3634,false,,false,1.9189,0,1,3,2,0,3,8.3,9.4,IZLE,,25,63707.1,,,,,SEVIYE,75,475.7,48,,,,,,,1785296760,2,0,,19,1256.8,19,,,
30629,2026-07-29 03:49:35.041202+00,63700.05,1056794.4731823981,1288577.3350000002,11637336203.435299,0.00008766800000000002,47696163.934260055,117346.61709999999,34.1,BEKLE,false,30966.9935,86379.62359999999,1.6911,60.484,46303143.47501999,0,34.1,0.0,"[{""usdt"": 11547834.0, ""borsa"": 3, ""fiyat"": 63675.0, ""kaynak"": ""BNB+BYB+OKX""}, {""usdt"": 9410140.0, ""borsa"": 1, ""fiyat"": 63650.0, ""kaynak"": ""BNB""}, {""usdt"": 9069246.0, ""borsa"": 3, ""fiyat"": 63700.0, ""kaynak"": ""BNB+BYB+OKX""}]","[{""usdt"": 12274081.0, ""borsa"": 3, ""fiyat"": 63725.0, ""kaynak"": ""BNB+BYB+OKX""}, {""usdt"": 9097112.0, ""borsa"": 1, ""fiyat"": 63775.0, ""kaynak"": ""BNB""}, {""usdt"": 8536995.0, ""borsa"": 1, ""fiyat"": 63825.0, ""kaynak"": ""BNB""}]",YOK,-0.1489,0.0148,0.2325,0.8026,false,,false,1.1342,0,2,3,0,0,3,4.9,6,IZLE,,25,63707.1,,,,,SEVIYE,75,476.7,48,,,,,,,1785296760,2,0,,19,1257.8,19,,,
30630,2026-07-29 03:50:35.354028+00,63731.55,1159005.7292476988,1532916.7190000003,11637223989.0368,0.00008766800000000002,47629637.56056002,37337.76200000001,36.9,BEKLE,false,36509.43060000001,828.3314,1.694,120.641,47526154.85831998,60.157,36.9,0.0,"[{""usdt"": 11467746.0, ""borsa"": 3, ""fiyat"": 63675.0, ""kaynak"": ""BNB+BYB+OKX""}, {""usdt"": 10865602.0, ""borsa"": 3, ""fiyat"": 63700.0, ""kaynak"": ""BNB+BYB+OKX""}, {""usdt"": 10543740.0, ""borsa"": 1, ""fiyat"": 63650.0, ""kaynak"": ""BNB""}]","[{""usdt"": 10063721.0, ""borsa"": 1, ""fiyat"": 63800.0, ""kaynak"": ""BNB""}, {""usdt"": 9351766.0, ""borsa"": 3, ""fiyat"": 63725.0, ""kaynak"": ""BNB+BYB+OKX""}, {""usdt"": 8713328.0, ""borsa"": 1, ""fiyat"": 63825.0, ""kaynak"": ""BNB""}]",YOK,-0.1731,0.0011,0.1568,0.9635,false,,false,2.7351,0,2,3,0,0,3,63.9,63.4,IZLE,,25,63707.1,,,,,SEVIYE,75,477.7,48,,,,,,,1785296940,2,0,,19,1258.8,19,,,
30631,2026-07-29 03:51:35.828553+00,63719.649999999994,16818.313041201265,-20892.95599999999,11643467212.4981,0.00008766800000000002,49391144.39421002,37337.62570000001,69.3,BEKLE,false,36509.29430000001,828.3314,1.694,181.009,49821729.74060999,120.525,69.3,0.0,"[{""usdt"": 12437337.0, ""borsa"": 3, ""fiyat"": 63700.0, ""kaynak"": ""BNB+BYB+OKX""}, {""usdt"": 10543740.0, ""borsa"": 1, ""fiyat"": 63650.0, ""kaynak"": ""BNB""}, {""usdt"": 7871594.0, ""borsa"": 1, ""fiyat"": 63625.0, ""kaynak"": ""BNB""}]","[{""usdt"": 15987974.0, ""borsa"": 3, ""fiyat"": 63750.0, ""kaynak"": ""BNB+BYB+OKX""}, {""usdt"": 10063721.0, ""borsa"": 1, ""fiyat"": 63800.0, ""kaynak"": ""BNB""}, {""usdt"": 8713328.0, ""borsa"": 1, ""fiyat"": 63825.0, ""kaynak"": ""BNB""}]",YOK,-0.1602,-0.0043,0.3591,0.3628,false,,false,,0,2,3,0,0,3,61.3,62.4,IZLE,,25,63707.1,,,,,SEVIYE,75,478.7,48,,,,,,,1785296940,2,0,,19,1259.8,19,,,
30632,2026-07-29 03:52:36.149736+00,63700.05,-977720.270557398,-814403.945,11640343455.906399,0.00008766800000000002,47055855.94099999,5861.0463,86.6,BEKLE,false,5861.0463,0.0,1.694,241.604,47139752.430049986,181.12,86.6,0.0,"[{""usdt"": 12245283.0, ""borsa"": 3, ""fiyat"": 63700.0, ""kaynak"": ""BNB+BYB+OKX""}, {""usdt"": 10209278.0, ""borsa"": 1, ""fiyat"": 63625.0, ""kaynak"": ""BNB""}, {""usdt"": 9821667.0, ""borsa"": 1, ""fiyat"": 63650.0, ""kaynak"": ""BNB""}]","[{""usdt"": 10675233.0, ""borsa"": 3, ""fiyat"": 63750.0, ""kaynak"": ""BNB+BYB+OKX""}, {""usdt"": 8718665.0, ""borsa"": 1, ""fiyat"": 63775.0, ""kaynak"": ""BNB""}, {""usdt"": 8671184.0, ""borsa"": 3, ""fiyat"": 63725.0, ""kaynak"": ""BNB+BYB+OKX""}]",YOK,-0.1131,-0.0009,0.3492,0.1337,false,,true,0,0,2,3,0,0,3,58.1,59.2,IZLE,,25,63707.1,,,,,SEVIYE,75,479.7,48,,,,,,,1785296940,2,0,,19,1260.8,19,,,
30633,2026-07-29 03:53:36.380066+00,63707.25,-866547.4699562984,-799099.9990000001,11638873837.7594,0.00008766800000000002,48788209.56695002,16435.932600000004,90.9,BEKLE,false,16181.102600000002,254.83,1.694,301.795,46936004.55292998,241.311,90.9,0.0,"[{""usdt"": 17514281.0, ""borsa"": 3, ""fiyat"": 63675.0, ""kaynak"": ""BNB+BYB+OKX""}, {""usdt"": 11474156.0, ""borsa"": 1, ""fiyat"": 63600.0, ""kaynak"": ""BNB""}, {""usdt"": 8532261.0, ""borsa"": 1, ""fiyat"": 63650.0, ""kaynak"": ""BNB""}]","[{""usdt"": 12063355.0, ""borsa"": 3, ""fiyat"": 63725.0, ""kaynak"": ""BNB+BYB+OKX""}, {""usdt"": 9357032.0, ""borsa"": 1, ""fiyat"": 63775.0, ""kaynak"": ""BNB""}, {""usdt"": 8020414.0, ""borsa"": 1, ""fiyat"": 63800.0, ""kaynak"": ""BNB""}]",YOK,-0.171,0.0193,0.3746,0.0846,false,,true,0,0,2,3,1,0,3,54.4,55.5,HAZIRLAN,SHORT,50,63700.9,63700.9,62970.6,63765.9,12.55,SEVIYE+EMILIM,75,480.7,49,,,,,,,1785297120,2,0,0.11,17,1261.8,16,LONG,surec,90.90285625150752
30634,2026-07-29 03:54:36.635884+00,63690.05,-881110.0859939985,-722104.428,11637728418.944698,0.00008766800000000002,52400516.999170005,67460.9508,100.0,BEKLE,true,67206.1208,254.83,1.694,362.03,45917417.13289998,301.546,100.0,0.0,"[{""usdt"": 17991796.0, ""borsa"": 3, ""fiyat"": 63675.0, ""kaynak"": ""BNB+BYB+OKX""}, {""usdt"": 12955521.0, ""borsa"": 1, ""fiyat"": 63600.0, ""kaynak"": ""BNB""}, {""usdt"": 8177126.0, ""borsa"": 1, ""fiyat"": 63650.0, ""kaynak"": ""BNB""}]","[{""usdt"": 10460492.0, ""borsa"": 3, ""fiyat"": 63725.0, ""kaynak"": ""BNB+BYB+OKX""}, {""usdt"": 9389036.0, ""borsa"": 1, ""fiyat"": 63775.0, ""kaynak"": ""BNB""}, {""usdt"": 7931485.0, ""borsa"": 1, ""fiyat"": 63800.0, ""kaynak"": ""BNB""}]",YOK,-0.1518,0.0659,0.4051,0.1082,false,,true,0,0,2,3,1,0,3,50.9,51.9,HAZIRLAN,SHORT,50,63700.9,63627.9,62970.6,63709.2,37.48,SEVIYE+EMILIM,75,481.7,49,,,,,,,1785297180,2,0,3.24,17,1262.9,16,,,
30635,2026-07-29 03:55:36.851653+00,63687.05,1253339.8293776026,-70796.61799999999,11639134103.680698,0.00008766800000000002,54115997.326069966,61790.961299999995,62.4,BEKLE,false,61536.131299999994,254.83,1.694,422.313,51663712.174559936,361.829,62.4,0.0,"[{""usdt"": 17224843.0, ""borsa"": 3, ""fiyat"": 63675.0, ""kaynak"": ""BNB+BYB+OKX""}, {""usdt"": 10411477.0, ""borsa"": 1, ""fiyat"": 63600.0, ""kaynak"": ""BNB""}, {""usdt"": 9286122.0, ""borsa"": 1, ""fiyat"": 63650.0, ""kaynak"": ""BNB""}]","[{""usdt"": 12379631.0, ""borsa"": 3, ""fiyat"": 63700.0, ""kaynak"": ""BNB+BYB+OKX""}, {""usdt"": 10631285.0, ""borsa"": 1, ""fiyat"": 63775.0, ""kaynak"": ""BNB""}, {""usdt"": 9918295.0, ""borsa"": 3, ""fiyat"": 63725.0, ""kaynak"": ""BNB+BYB+OKX""}]",YOK,-0.173,0.0232,0.0399,0.9735,false,,true,0.2697,0,2,3,1,0,3,47.3,48.4,HAZIRLAN,SHORT,50,63700.9,63627.9,62970.6,63709.2,32.28,SEVIYE+EMILIM,75,482.7,49,,,,,,,1785297240,2,0,2.67,17,1263.9,16,,,
30636,2026-07-29 03:56:37.149284+00,63712.25,1134202.1985815049,-102495.47899999999,11636952807.5682,0.00008766800000000002,51395355.20369004,889853.1375999999,14.0,BEKLE,false,889853.1375999999,0.0,1.694,361.851,48339063.99323997,422.008,14.0,0.0,"[{""usdt"": 17211256.0, ""borsa"": 3, ""fiyat"": 63675.0, ""kaynak"": ""BNB+BYB+OKX""}, {""usdt"": 12619098.0, ""borsa"": 1, ""fiyat"": 63600.0, ""kaynak"": ""BNB""}, {""usdt"": 9608640.0, ""borsa"": 1, ""fiyat"": 63650.0, ""kaynak"": ""BNB""}]","[{""usdt"": 10431728.0, ""borsa"": 3, ""fiyat"": 63725.0, ""kaynak"": ""BNB+BYB+OKX""}, {""usdt"": 8965575.0, ""borsa"": 1, ""fiyat"": 63775.0, ""kaynak"": ""BNB""}, {""usdt"": 8525142.0, ""borsa"": 1, ""fiyat"": 63800.0, ""kaynak"": ""BNB""}]",YOK,-0.2174,0.0306,0.9063,0.3105,false,,true,0.283,0,2,3,2,0,3,43.6,44.7,HAZIRLAN,SHORT,75,63700.9,63700.9,62970.6,63765.9,13.81,SEVIYE+TASFIYE+EMILIM,75,483.7,49,,,,,,,1785297300,2,0,0.21,17,1264.9,16,,,
30637,2026-07-29 03:57:38.823347+00,63715.95,1132880.3565976035,-56589.806000000004,11639009645.4152,0.00008766800000000002,48874316.26157002,882208.4425,45.9,BEKLE,false,882208.4425,0.0,1.6896,423.512,52617310.43300994,483.669,0.0,45.9,"[{""usdt"": 13627931.0, ""borsa"": 3, ""fiyat"": 63675.0, ""kaynak"": ""BNB+BYB+OKX""}, {""usdt"": 10502969.0, ""borsa"": 1, ""fiyat"": 63600.0, ""kaynak"": ""BNB""}, {""usdt"": 9122287.0, ""borsa"": 3, ""fiyat"": 63700.0, ""kaynak"": ""BNB+BYB+OKX""}]","[{""usdt"": 12589173.0, ""borsa"": 3, ""fiyat"": 63725.0, ""kaynak"": ""BNB+BYB+OKX""}, {""usdt"": 9531413.0, ""borsa"": 1, ""fiyat"": 63775.0, ""kaynak"": ""BNB""}, {""usdt"": 8718689.0, ""borsa"": 1, ""fiyat"": 63825.0, ""kaynak"": ""BNB""}]",YOK,-0.2107,-0.0369,0.663,0.2585,false,,true,0.217,0,2,3,0,0,3,41.5,42.6,HAZIRLAN,SHORT,50,63700.9,63700.9,62970.6,63765.9,14.91,SEVIYE+EMILIM,75,484.8,49,,,,,,,1785297360,2,0,0.3,17,1265.9,16,,,
30638,2026-07-29 03:58:39.043801+00,63706.850000000006,617257.3851646022,-15181.182000000004,11636785586.011301,0.00008766800000000002,48187494.66715004,831183.9634,51.6,BEKLE,false,831183.9634,0.0,1.6896,483.859,56766157.55909002,544.016,0.0,51.6,"[{""usdt"": 18002226.0, ""borsa"": 3, ""fiyat"": 63675.0, ""kaynak"": ""BNB+BYB+OKX""}, {""usdt"": 9485216.0, ""borsa"": 1, ""fiyat"": 63650.0, ""kaynak"": ""BNB""}, {""usdt"": 9172635.0, ""borsa"": 1, ""fiyat"": 63600.0, ""kaynak"": ""BNB""}]","[{""usdt"": 13581350.0, ""borsa"": 3, ""fiyat"": 63700.0, ""kaynak"": ""BNB+BYB+OKX""}, {""usdt"": 9836110.0, ""borsa"": 1, ""fiyat"": 63800.0, ""kaynak"": ""BNB""}, {""usdt"": 8582301.0, ""borsa"": 3, ""fiyat"": 63725.0, ""kaynak"": ""BNB+BYB+OKX""}]",YOK,-0.2393,-0.0817,0.5722,0.008,false,,true,0.1079,0,2,3,1,0,3,38,39.1,HAZIRLAN,SHORT,50,63700.9,63700.9,62970.6,63765.9,12.46,SEVIYE+EMILIM,75,485.8,49,,,,,,,1785297360,2,0,0.1,17,1266.9,16,,,
30639,2026-07-29 03:59:39.335344+00,63708.850000000006,885380.5190693031,-33272.27799999999,11639823792.456299,0.00008766800000000002,49241417.465710044,831247.6381,40.2,BEKLE,true,831247.6381,0.0,1.6896,544.021,53758997.735969976,604.178,0.0,40.2,"[{""usdt"": 13614422.0, ""borsa"": 3, ""fiyat"": 63675.0, ""kaynak"": ""BNB+BYB+OKX""}, {""usdt"": 12017840.0, ""borsa"": 1, ""fiyat"": 63600.0, ""kaynak"": ""BNB""}, {""usdt"": 8219812.0, ""borsa"": 1, ""fiyat"": 63650.0, ""kaynak"": ""BNB""}]","[{""usdt"": 15916917.0, ""borsa"": 3, ""fiyat"": 63725.0, ""kaynak"": ""BNB+BYB+OKX""}, {""usdt"": 9414015.0, ""borsa"": 1, ""fiyat"": 63775.0, ""kaynak"": ""BNB""}, {""usdt"": 8830854.0, ""borsa"": 1, ""fiyat"": 63825.0, ""kaynak"": ""BNB""}]",YOK,-0.2534,-0.0439,0.6444,0.3549,false,,true,0.057,0,2,3,0,1,3,34.3,35.4,HAZIRLAN,SHORT,50,63700.9,63700.9,62970.6,63765.9,12.93,SEVIYE+EMILIM,75,486.8,49,,,,,,,1785297480,2,0,0.14,17,1267.9,16,,,
30640,2026-07-29 04:00:39.650049+00,63714.55,2262769.7309077983,546020.9830000001,11642271213.3172,0.00008766800000000002,45084314.61454,8092.521699999999,30.7,BEKLE,true,2229.8493,5862.6723999999995,1.6896,302.705,51293603.55581,0,0.0,30.7,"[{""usdt"": 14637572.0, ""borsa"": 3, ""fiyat"": 63700.0, ""kaynak"": ""BNB+BYB+OKX""}, {""usdt"": 9270563.0, ""borsa"": 1, ""fiyat"": 63625.0, ""kaynak"": ""BNB""}, {""usdt"": 8084228.0, ""borsa"": 1, ""fiyat"": 63675.0, ""kaynak"": ""BNB""}]","[{""usdt"": 13490260.0, ""borsa"": 3, ""fiyat"": 63750.0, ""kaynak"": ""BNB+BYB+OKX""}, {""usdt"": 10103113.0, ""borsa"": 3, ""fiyat"": 63725.0, ""kaynak"": ""BNB+BYB+OKX""}, {""usdt"": 9569952.0, ""borsa"": 1, ""fiyat"": 63800.0, ""kaynak"": ""BNB""}]",YOK,-0.1639,-0.0644,0.5362,0.7561,false,0.5163,false,,0,2,3,0,2,3,30.6,31.9,IZLE,,25,63700.9,,,,,SEVIYE,75,487.8,49,,,,,,,1785297600,2,0,,17,1268.9,16,,,
30641,2026-07-29 04:01:40.496474+00,63683.45,1281456.4845452993,1247949.47,11639675615.7272,0.00008766800000000002,54895682.23384998,6369.963999999999,41.0,BEKLE,true,509.59159999999997,5860.372399999999,1.6896,363.605,48322344.03730997,0,0.0,41.0,"[{""usdt"": 19640994.0, ""borsa"": 3, ""fiyat"": 63675.0, ""kaynak"": ""BNB+BYB+OKX""}, {""usdt"": 11877105.0, ""borsa"": 1, ""fiyat"": 63600.0, ""kaynak"": ""BNB""}, {""usdt"": 10043106.0, ""borsa"": 2, ""fiyat"": 63650.0, ""kaynak"": ""BNB+BYB""}]","[{""usdt"": 13118257.0, ""borsa"": 3, ""fiyat"": 63700.0, ""kaynak"": ""BNB+BYB+OKX""}, {""usdt"": 10239451.0, ""borsa"": 1, ""fiyat"": 63775.0, ""kaynak"": ""BNB""}, {""usdt"": 8516222.0, ""borsa"": 1, ""fiyat"": 63800.0, ""kaynak"": ""BNB""}]",YOK,-0.1656,0.0637,0.0715,0.7238,false,0.15,false,,0,2,3,0,1,3,27.7,28.7,IZLE,,25,63700.9,,,,,SEVIYE,75,488.8,49,,,,,,,1785297600,2,0,,17,1269.9,16,,,
30642,2026-07-29 04:02:41.03613+00,63674.850000000006,1266279.068225099,1147532.476,11637127389.599998,0.00008766800000000002,50989323.95914003,27002.0775,36.6,BEKLE,,21078.028000000002,5924.049499999999,1.6896,423.835,42763030.684930004,0,0.0,36.6,"[{""usdt"": 14298113.0, ""borsa"": 3, ""fiyat"": 63650.0, ""kaynak"": ""BNB+BYB+OKX""}, {""usdt"": 10603325.0, ""borsa"": 1, ""fiyat"": 63600.0, ""kaynak"": ""BNB""}, {""usdt"": 10524172.0, ""borsa"": 1, ""fiyat"": 63575.0, ""kaynak"": ""BNB""}]","[{""usdt"": 12161653.0, ""borsa"": 3, ""fiyat"": 63700.0, ""kaynak"": ""BNB+BYB+OKX""}, {""usdt"": 8633883.0, ""borsa"": 1, ""fiyat"": 63775.0, ""kaynak"": ""BNB""}, {""usdt"": 7827615.0, ""borsa"": 1, ""fiyat"": 63750.0, ""kaynak"": ""BNB""}]",YOK,-0.1883,0.0877,0.0726,1.157,false,0.0679,false,,0,2,3,0,0,3,24,25.1,IZLE,,25,63700.9,,,,,SEVIYE,75,489.8,49,,,,,,,1785297720,2,0,,17,1270.9,16,,,
30643,2026-07-29 04:03:41.293225+00,63658.95,1474137.1773444987,1061351.1609999998,11640173945.3764,0.00008766800000000002,46024776.735679984,36172.547900000005,48.8,BEKLE,true,28147.157900000002,8025.389999999999,1.6896,484.383,53725055.60564999,0,0.0,48.8,"[{""usdt"": 14157284.0, ""borsa"": 3, ""fiyat"": 63675.0, ""kaynak"": ""BNB+BYB+OKX""}, {""usdt"": 9076327.0, ""borsa"": 1, ""fiyat"": 63600.0, ""kaynak"": ""BNB""}, {""usdt"": 8570630.0, ""borsa"": 1, ""fiyat"": 63650.0, ""kaynak"": ""BNB""}]","[{""usdt"": 16659588.0, ""borsa"": 3, ""fiyat"": 63725.0, ""kaynak"": ""BNB+BYB+OKX""}, {""usdt"": 10528287.0, ""borsa"": 1, ""fiyat"": 63775.0, ""kaynak"": ""BNB""}, {""usdt"": 9456705.0, ""borsa"": 1, ""fiyat"": 63750.0, ""kaynak"": ""BNB""}]",YOK,-0.1324,-0.0772,0.3613,1.0514,false,0.0845,false,,0,1,3,0,0,3,20.7,21.8,IZLE,,25,63644.7,,,,,SEVIYE,65,1342.0,135,,,,,,,1785297720,2,0,,16,1342.0,16,,,
30644,2026-07-29 04:04:41.516936+00,63640.05,619677.7275216992,629999.7140000002,11632175659.508299,0.00008766800000000002,52157752.733679995,511018.0401,40.7,BEKLE,false,502992.65009999997,8025.389999999999,1.6896,181.032,48554285.26091002,0,0.0,40.7,"[{""usdt"": 16227306.0, ""borsa"": 3, ""fiyat"": 63625.0, ""kaynak"": ""BNB+BYB+OKX""}, {""usdt"": 11142953.0, ""borsa"": 3, ""fiyat"": 63600.0, ""kaynak"": ""BNB+BYB+OKX""}, {""usdt"": 9495444.0, ""borsa"": 1, ""fiyat"": 63550.0, ""kaynak"": ""BNB""}]","[{""usdt"": 13461251.0, ""borsa"": 3, ""fiyat"": 63650.0, ""kaynak"": ""BNB+BYB+OKX""}, {""usdt"": 8704103.0, ""borsa"": 1, ""fiyat"": 63700.0, ""kaynak"": ""BNB""}, {""usdt"": 8667857.0, ""borsa"": 1, ""fiyat"": 63750.0, ""kaynak"": ""BNB""}]",YOK,-0.1818,0.0358,0.2216,2.9868,false,0.5821,false,,0,2,3,0,0,3,17.1,18.2,IZLE,,50,63644.7,,,,,SEVIYE+TASFIYE,65,1343.0,135,,,,,,,1785297840,2,0,,16,1343.0,16,,,
30645,2026-07-29 04:05:41.81592+00,63630.25,-1038575.1971720007,623865.7039999998,11631928104.4146,0.00008766800000000002,52308315.29036001,511644.5674,17.8,BEKLE,,509479.5498,2165.0175999999997,1.6896,241.24,47654544.52418,60.208,0.0,17.8,"[{""usdt"": 17186721.0, ""borsa"": 3, ""fiyat"": 63600.0, ""kaynak"": ""BNB+BYB+OKX""}, {""usdt"": 11058144.0, ""borsa"": 1, ""fiyat"": 63525.0, ""kaynak"": ""BNB""}, {""usdt"": 9715098.0, ""borsa"": 1, ""fiyat"": 63575.0, ""kaynak"": ""BNB""}]","[{""usdt"": 12714277.0, ""borsa"": 3, ""fiyat"": 63650.0, ""kaynak"": ""BNB+BYB+OKX""}, {""usdt"": 9481264.0, ""borsa"": 1, ""fiyat"": 63700.0, ""kaynak"": ""BNB""}, {""usdt"": 8737488.0, ""borsa"": 1, ""fiyat"": 63725.0, ""kaynak"": ""BNB""}]",YOK,-0.2616,0.0466,0.9679,1.2866,false,,false,,0,3,3,1,0,3,13.5,14.6,IZLE,,50,63644.7,,,,,SEVIYE+TASFIYE,65,1344.0,135,,,,,,,1785297900,2,0,,16,1344.0,16,,,
30646,2026-07-29 04:06:42.167535+00,63576.75,-987279.8005806004,584988.659,11634019071.3443,0.00008766800000000002,53901359.683189996,491267.0288,28.6,BEKLE,true,488911.16679999995,2355.8619999999996,1.6896,120.526,49851799.993059985,60.318,28.6,0.0,"[{""usdt"": 15518245.0, ""borsa"": 3, ""fiyat"": 63550.0, ""kaynak"": ""BNB+BYB+OKX""}, {""usdt"": 11693708.0, ""borsa"": 1, ""fiyat"": 63500.0, ""kaynak"": ""BNB""}, {""usdt"": 11091154.0, ""borsa"": 1, ""fiyat"": 63525.0, ""kaynak"": ""BNB""}]","[{""usdt"": 11679621.0, ""borsa"": 3, ""fiyat"": 63600.0, ""kaynak"": ""BNB+BYB+OKX""}, {""usdt"": 10287478.0, ""borsa"": 1, ""fiyat"": 63700.0, ""kaynak"": ""BNB""}, {""usdt"": 7391734.0, ""borsa"": 1, ""fiyat"": 63675.0, ""kaynak"": ""BNB""}]",YOK,-0.341,0.039,0.7086,1.7356,false,0.0048,false,,0,3,3,1,1,3,10,11.1,IZLE,,25,63547.4,,,,,SEVIYE,55,1345.0,135,,,,,,,1785297960,2,0,,16,1345.0,16,,,
30647,2026-07-29 04:07:42.464438+00,63598.25,-1727745.8112107008,93913.28899999983,11621768669.740898,0.00008766800000000002,53692387.30726,632919.9256000001,49.2,BEKLE,true,623382.1201000001,9537.805500000002,1.6896,180.878,53195153.70915992,60.352,49.2,0.0,"[{""usdt"": 13463409.0, ""borsa"": 1, ""fiyat"": 63500.0, ""kaynak"": ""BNB""}, {""usdt"": 12439054.0, ""borsa"": 3, ""fiyat"": 63550.0, ""kaynak"": ""BNB+BYB+OKX""}, {""usdt"": 11859022.0, ""borsa"": 3, ""fiyat"": 63575.0, ""kaynak"": ""BNB+BYB+OKX""}]","[{""usdt"": 20097054.0, ""borsa"": 3, ""fiyat"": 63600.0, ""kaynak"": ""BNB+BYB+OKX""}, {""usdt"": 10257799.0, ""borsa"": 1, ""fiyat"": 63675.0, ""kaynak"": ""BNB""}, {""usdt"": 7968551.0, ""borsa"": 1, ""fiyat"": 63625.0, ""kaynak"": ""BNB""}]",YOK,-0.1485,0.0047,0.6688,0.8912,false,0.3592,false,,0,1,3,0,0,3,6.5,7.6,,,,,,,,,,,,,,,,,,,,,,,,,,,,
30648,2026-07-29 04:08:44.018619+00,63683.05,-1101551.0947585,-537042.098,11635444155.2624,0.00008766800000000002,44296397.49828002,467699.33939999994,68.0,BEKLE,false,457970.59199999995,9728.747400000002,1.6896,182.144,54895922.55296002,0,68.0,0.0,"[{""usdt"": 13914812.0, ""borsa"": 3, ""fiyat"": 63650.0, ""kaynak"": ""BNB+BYB+OKX""}, {""usdt"": 9463067.0, ""borsa"": 1, ""fiyat"": 63575.0, ""kaynak"": ""BNB""}, {""usdt"": 7812793.0, ""borsa"": 1, ""fiyat"": 63600.0, ""kaynak"": ""BNB""}]","[{""usdt"": 17667287.0, ""borsa"": 3, ""fiyat"": 63700.0, ""kaynak"": ""BNB+BYB+OKX""}, {""usdt"": 9828059.0, ""borsa"": 1, ""fiyat"": 63750.0, ""kaynak"": ""BNB""}, {""usdt"": 8994831.0, ""borsa"": 1, ""fiyat"": 63775.0, ""kaynak"": ""BNB""}]",YOK,-0.0986,-0.1069,0.5338,0.2602,false,,false,,0,1,3,0,1,3,4.2,5.2,IZLE,,25,63696.9,,,,,SEVIYE,90,495.9,50,,,,,,,1785298020,2,0,,16,1347.1,16,,,
30649,2026-07-29 04:09:44.349387+00,63743.25,-654457.5864452006,-19270.94199999997,11648213609.6259,0.00008766800000000002,46664707.07678,166612.7167,45.9,BEKLE,false,153442.2739,13170.442800000003,1.6896,0,54611340.97046,0,45.9,0.0,"[{""usdt"": 15940042.0, ""borsa"": 3, ""fiyat"": 63650.0, ""kaynak"": ""BNB+BYB+OKX""}, {""usdt"": 9581001.0, ""borsa"": 1, ""fiyat"": 63625.0, ""kaynak"": ""BNB""}, {""usdt"": 8267786.0, ""borsa"": 3, ""fiyat"": 63675.0, ""kaynak"": ""BNB+BYB+OKX""}]","[{""usdt"": 9429007.0, ""borsa"": 1, ""fiyat"": 63825.0, ""kaynak"": ""BNB""}, {""usdt"": 8905509.0, ""borsa"": 2, ""fiyat"": 63700.0, ""kaynak"": ""BYB+OKX""}, {""usdt"": 8677450.0, ""borsa"": 1, ""fiyat"": 63850.0, ""kaynak"": ""BNB""}]",YOK,0.013,-0.0785,0.5824,2.4583,false,,false,,0,1,3,0,1,3,63.6,63.1,IZLE,,25,63759.6,,,,,SEVIYE,95,627.0,63,,,,,,,1785298140,2,0,,16,1348.1,16,,,
30650,2026-07-29 04:10:44.5178+00,63713.05,-1424045.8427733995,-415289.59400000004,11644392626.1693,0.00008766800000000002,48084352.61373,166741.23050000003,57.8,BEKLE,,153060.47290000002,13680.7576,1.6896,60.295,50862918.6435,60.295,57.8,0.0,"[{""usdt"": 13446281.0, ""borsa"": 3, ""fiyat"": 63725.0, ""kaynak"": ""BNB+BYB+OKX""}, {""usdt"": 9581001.0, ""borsa"": 1, ""fiyat"": 63625.0, ""kaynak"": ""BNB""}, {""usdt"": 8301159.0, ""borsa"": 1, ""fiyat"": 63650.0, ""kaynak"": ""BNB""}]","[{""usdt"": 13821968.0, ""borsa"": 3, ""fiyat"": 63750.0, ""kaynak"": ""BNB+BYB+OKX""}, {""usdt"": 9429007.0, ""borsa"": 1, ""fiyat"": 63825.0, ""kaynak"": ""BNB""}, {""usdt"": 8677450.0, ""borsa"": 1, ""fiyat"": 63850.0, ""kaynak"": ""BNB""}]",YOK,0.0796,-0.0281,0.2086,2.3355,false,,false,,1,0,3,0,0,3,61,62.1,IZLE,,25,63696.9,,,,,SEVIYE,90,497.9,50,,,,,,,1785298140,2,0,,16,1349.1,16,,,
30651,2026-07-29 04:11:45.174247+00,63685.75,-1611001.4576983007,-439298.4690000001,11639755101.180801,0.00008766800000000002,48482505.194310024,16045.465199999999,61.7,BEKLE,true,11265.5721,4779.893099999999,1.6896,120.493,45252013.09517995,0,61.7,0.0,"[{""usdt"": 12352243.0, ""borsa"": 3, ""fiyat"": 63675.0, ""kaynak"": ""BNB+BYB+OKX""}, {""usdt"": 10749613.0, ""borsa"": 1, ""fiyat"": 63625.0, ""kaynak"": ""BNB""}, {""usdt"": 9100994.0, ""borsa"": 3, ""fiyat"": 63700.0, ""kaynak"": ""BNB+BYB+OKX""}]","[{""usdt"": 13717289.0, ""borsa"": 3, ""fiyat"": 63725.0, ""kaynak"": ""BNB+BYB+OKX""}, {""usdt"": 9219201.0, ""borsa"": 1, ""fiyat"": 63775.0, ""kaynak"": ""BNB""}, {""usdt"": 7020492.0, ""borsa"": 1, ""fiyat"": 63750.0, ""kaynak"": ""BNB""}]",YOK,0.069,0.0345,0.302,2.7533,false,,true,0,1,0,3,0,0,3,57.4,58.5,IZLE,,25,63696.9,,,,,SEVIYE,90,498.9,50,,,,,,,1785298200,1,0,,16,1350.1,16,,,
30652,2026-07-29 04:12:45.545327+00,63728.649999999994,-1478126.2935649005,-405592.8080000001,11640605043.5577,0.00008766800000000002,47421996.23305003,4588.9511999999995,29.5,BEKLE,true,0.0,4588.9511999999995,1.6903,60.692,48380972.58902006,60.692,29.5,0.0,"[{""usdt"": 11297399.0, ""borsa"": 3, ""fiyat"": 63675.0, ""kaynak"": ""BNB+BYB+OKX""}, {""usdt"": 10561808.0, ""borsa"": 3, ""fiyat"": 63650.0, ""kaynak"": ""BNB+BYB+OKX""}, {""usdt"": 10395213.0, ""borsa"": 1, ""fiyat"": 63575.0, ""kaynak"": ""BNB""}]","[{""usdt"": 15999687.0, ""borsa"": 3, ""fiyat"": 63700.0, ""kaynak"": ""BNB+BYB+OKX""}, {""usdt"": 9530816.0, ""borsa"": 1, ""fiyat"": 63775.0, ""kaynak"": ""BNB""}, {""usdt"": 9298753.0, ""borsa"": 1, ""fiyat"": 63750.0, ""kaynak"": ""BNB""}]",YOK,0.0398,-0.01,0.262,7.1388,false,,true,0,1,1,3,0,0,3,54.3,55.3,IZLE,,25,63759.6,,,,,SEVIYE,95,630.1,63,,,,,,,1785298200,1,0,,16,1351.1,16,,,
30653,2026-07-29 04:13:45.758774+00,63727.25,-1848613.3927586,-281448.39900000003,11650417802.7192,0.00008766800000000002,49173875.17121999,4588.9511999999995,24.8,BEKLE,false,0.0,4588.9511999999995,1.6903,121.044,52119489.91357997,0,0.0,24.8,"[{""usdt"": 11820214.0, ""borsa"": 1, ""fiyat"": 63625.0, ""kaynak"": ""BNB""}, {""usdt"": 11645562.0, ""borsa"": 3, ""fiyat"": 63700.0, ""kaynak"": ""BNB+BYB+OKX""}, {""usdt"": 9541523.0, ""borsa"": 3, ""fiyat"": 63725.0, ""kaynak"": ""BNB+BYB+OKX""}]","[{""usdt"": 13370772.0, ""borsa"": 3, ""fiyat"": 63750.0, ""kaynak"": ""BNB+BYB+OKX""}, {""usdt"": 12023769.0, ""borsa"": 1, ""fiyat"": 63775.0, ""kaynak"": ""BNB""}, {""usdt"": 10506527.0, ""borsa"": 1, ""fiyat"": 63800.0, ""kaynak"": ""BNB""}]",YOK,0.0319,-0.0291,0.6714,2.1422,false,,true,0,1,0,3,1,0,3,50.8,51.8,IZLE,,25,63692.6,,,,,SEVIYE,90,500.9,51,,,,,,,1785298200,1,1,,16,1352.1,16,,,
30654,2026-07-29 04:14:46.193195+00,63703.95,-2008624.4370122016,-425440.81000000006,11646575372.9289,0.00008766800000000002,48787206.05248998,636.941,24.7,BEKLE,true,0.0,636.941,1.6903,60.168,48578283.735339925,60.168,24.7,0.0,"[{""usdt"": 15494556.0, ""borsa"": 3, ""fiyat"": 63700.0, ""kaynak"": ""BNB+BYB+OKX""}, {""usdt"": 10892265.0, ""borsa"": 1, ""fiyat"": 63625.0, ""kaynak"": ""BNB""}, {""usdt"": 8927406.0, ""borsa"": 1, ""fiyat"": 63650.0, ""kaynak"": ""BNB""}]","[{""usdt"": 11798966.0, ""borsa"": 3, ""fiyat"": 63750.0, ""kaynak"": ""BNB+BYB+OKX""}, {""usdt"": 9349370.0, ""borsa"": 1, ""fiyat"": 63775.0, ""kaynak"": ""BNB""}, {""usdt"": 8436894.0, ""borsa"": 1, ""fiyat"": 63825.0, ""kaynak"": ""BNB""}]",YOK,-0.0227,0.0021,0.6998,1.0941,false,,true,0,1,0,3,0,0,3,47.1,48.1,IZLE,,25,63692.6,,,,,SEVIYE,90,501.9,51,,,,,,,1785298200,1,0,,16,1353.1,16,,,
30655,2026-07-29 04:15:46.469558+00,63690.850000000006,345.3316968968429,590014.2009999999,11645296215.9394,0.00008766800000000002,47142137.49757001,120898.9938,43.9,BEKLE,false,120898.9938,0.0,1.6903,120.633,50890524.74956998,0,0.0,43.9,"[{""usdt"": 11215817.0, ""borsa"": 1, ""fiyat"": 63625.0, ""kaynak"": ""BNB""}, {""usdt"": 10879321.0, ""borsa"": 3, ""fiyat"": 63700.0, ""kaynak"": ""BNB+BYB+OKX""}, {""usdt"": 9548044.0, ""borsa"": 3, ""fiyat"": 63675.0, ""kaynak"": ""BNB+BYB+OKX""}]","[{""usdt"": 13607455.0, ""borsa"": 3, ""fiyat"": 63725.0, ""kaynak"": ""BNB+BYB+OKX""}, {""usdt"": 9666180.0, ""borsa"": 1, ""fiyat"": 63800.0, ""kaynak"": ""BNB""}, {""usdt"": 9140704.0, ""borsa"": 1, ""fiyat"": 63775.0, ""kaynak"": ""BNB""}]",YOK,0.072,-0.0382,0.4976,0.418,false,,true,0,1,0,3,0,1,3,43.4,44.5,IZLE,,25,63692.6,,,,,SEVIYE,90,502.9,51,PCT,0.56,1.8525379149367116,122.87807876170669,false,0.044,1785298500,1,0,,16,1354.1,16,,,
30656,2026-07-29 04:16:47.281955+00,63672.05,-365291.5492702029,571099.1399999999,11640327957.7094,0.00008766800000000002,45834088.57152001,121589.40839999999,43.7,BEKLE,false,121589.40839999999,0.0,1.6903,0,49999728.28126001,0,0.0,43.7,"[{""usdt"": 10319554.0, ""borsa"": 3, ""fiyat"": 63675.0, ""kaynak"": ""BNB+BYB+OKX""}, {""usdt"": 9727776.0, ""borsa"": 1, ""fiyat"": 63625.0, ""kaynak"": ""BNB""}, {""usdt"": 9479976.0, ""borsa"": 3, ""fiyat"": 63650.0, ""kaynak"": ""BNB+BYB+OKX""}]","[{""usdt"": 14730086.0, ""borsa"": 3, ""fiyat"": 63700.0, ""kaynak"": ""BNB+BYB+OKX""}, {""usdt"": 9960573.0, ""borsa"": 1, ""fiyat"": 63750.0, ""kaynak"": ""BNB""}, {""usdt"": 8511252.0, ""borsa"": 1, ""fiyat"": 63800.0, ""kaynak"": ""BNB""}]",YOK,0.0482,-0.0435,0.4629,0.2745,false,,true,0,1,0,3,0,1,3,40.3,41.4,IZLE,,25,63692.6,,,,,SEVIYE,90,503.9,51,,,,,,,1785298560,1,0,,16,1355.1,16,,,
30657,2026-07-29 04:17:47.545933+00,63678.55,-213100.01139540295,598998.8059999999,11643246404.7461,0.00008766800000000002,49895468.48549007,126365.5582,40.4,BEKLE,false,126365.5582,0.0,1.6903,0,46968180.577279985,0,0.0,40.4,"[{""usdt"": 13986314.0, ""borsa"": 3, ""fiyat"": 63650.0, ""kaynak"": ""BNB+BYB+OKX""}, {""usdt"": 11216071.0, ""borsa"": 1, ""fiyat"": 63575.0, ""kaynak"": ""BNB""}, {""usdt"": 7726954.0, ""borsa"": 2, ""fiyat"": 63625.0, ""kaynak"": ""BNB+BYB""}]","[{""usdt"": 11301627.0, ""borsa"": 1, ""fiyat"": 63750.0, ""kaynak"": ""BNB""}, {""usdt"": 9902494.0, ""borsa"": 3, ""fiyat"": 63700.0, ""kaynak"": ""BNB+BYB+OKX""}, {""usdt"": 9105070.0, ""borsa"": 3, ""fiyat"": 63675.0, ""kaynak"": ""BNB+BYB+OKX""}]",YOK,0.0002,0.0302,0.4682,0.9992,false,,true,0,0,1,3,0,0,3,36.7,37.8,IZLE,,25,63692.6,,,,,SEVIYE,90,504.9,51,,,,,,,1785298620,1,0,,16,1356.1,16,,,
30658,2026-07-29 04:18:47.867189+00,63653.149999999994,-539407.3360090035,546863.9489999999,11639598457.8148,0.00008766800000000002,51949090.91669996,145848.3145,36.4,BEKLE,false,138335.1011,7513.2134,1.6911,60.281,46888169.06432995,60.281,0.0,36.4,"[{""usdt"": 17719424.0, ""borsa"": 3, ""fiyat"": 63650.0, ""kaynak"": ""BNB+BYB+OKX""}, {""usdt"": 10377730.0, ""borsa"": 3, ""fiyat"": 63625.0, ""kaynak"": ""BNB+BYB+OKX""}, {""usdt"": 9176369.0, ""borsa"": 1, ""fiyat"": 63575.0, ""kaynak"": ""BNB""}]","[{""usdt"": 13631352.0, ""borsa"": 3, ""fiyat"": 63675.0, ""kaynak"": ""BNB+BYB+OKX""}, {""usdt"": 8781811.0, ""borsa"": 1, ""fiyat"": 63775.0, ""kaynak"": ""BNB""}, {""usdt"": 8303381.0, ""borsa"": 1, ""fiyat"": 63725.0, ""kaynak"": ""BNB""}]",YOK,-0.0026,0.0512,0.5249,1.6011,false,,true,0,0,0,3,0,0,3,33.2,34.3,IZLE,,50,63641.1,,,,,SEVIYE+TASFIYE,85,1357.1,136,,,,,,,1785298620,1,0,,16,1357.1,16,,,
30659,2026-07-29 04:19:48.813368+00,63653.649999999994,-622301.6134280048,582482.4269999999,11636362632.4418,0.00008766800000000002,46667436.23750003,863338.2353000001,47.9,BEKLE,false,850670.0685,12668.166799999999,1.6911,121.338,55010535.095230035,0,0.0,47.9,"[{""usdt"": 13652116.0, ""borsa"": 3, ""fiyat"": 63575.0, ""kaynak"": ""BNB+BYB+OKX""}, {""usdt"": 13076202.0, ""borsa"": 3, ""fiyat"": 63600.0, ""kaynak"": ""BNB+BYB+OKX""}, {""usdt"": 10602133.0, ""borsa"": 1, ""fiyat"": 63525.0, ""kaynak"": ""BNB""}]","[{""usdt"": 17268865.0, ""borsa"": 3, ""fiyat"": 63625.0, ""kaynak"": ""BNB+BYB+OKX""}, {""usdt"": 9836129.0, ""borsa"": 1, ""fiyat"": 63700.0, ""kaynak"": ""BNB""}, {""usdt"": 9234474.0, ""borsa"": 1, ""fiyat"": 63725.0, ""kaynak"": ""BNB""}]",YOK,-0.1579,-0.0821,0.4902,0.9588,false,,true,0.0883,0,2,3,0,1,3,30.4,31.5,HAZIRLAN,SHORT,75,63641.1,63641.1,62970.9,63700.8,14.47,SEVIYE+TASFIYE+EMILIM,85,1358.1,136,,,,,,,1785298740,2,0,0.27,16,1358.1,16,,,
30660,2026-07-29 04:20:49.099628+00,63636.25,-622301.6134280048,582482.4269999999,11636362632.4418,0.00008766800000000002,46366568.566750005,863338.2353000001,4.0,BEKLE,,850670.0685,12668.166799999999,1.6911,181.528,46216076.40832005,0,4.0,0.0,"[{""usdt"": 15645195.0, ""borsa"": 3, ""fiyat"": 63625.0, ""kaynak"": ""BNB+BYB+OKX""}, {""usdt"": 10218210.0, ""borsa"": 1, ""fiyat"": 63575.0, ""kaynak"": ""BNB""}, {""usdt"": 8895009.0, ""borsa"": 1, ""fiyat"": 63550.0, ""kaynak"": ""BNB""}]","[{""usdt"": 10379504.0, ""borsa"": 1, ""fiyat"": 63750.0, ""kaynak"": ""BNB""}, {""usdt"": 9759162.0, ""borsa"": 3, ""fiyat"": 63675.0, ""kaynak"": ""BNB+BYB+OKX""}, {""usdt"": 9217082.0, ""borsa"": 3, ""fiyat"": 63650.0, ""kaynak"": ""BNB+BYB+OKX""}]",YOK,-0.0224,0.0016,0.983,4.6479,false,,true,0.0707,0,0,3,0,1,3,26.7,27.8,IZLE,,50,63641.1,,,,,SEVIYE+TASFIYE,85,1359.2,136,,,,,,,1785298740,2,0,,16,1359.2,16,,,
30661,2026-07-29 04:21:49.611732+00,63614.25,-1567974.640073603,429253.648,11635935240.028801,0.00008766800000000002,51968179.67607001,742680.4872000001,17.3,BEKLE,true,730010.6680000001,12669.8192,1.6874,241.96,48508989.55640001,60.432,17.3,0.0,"[{""usdt"": 21348634.0, ""borsa"": 3, ""fiyat"": 63600.0, ""kaynak"": ""BNB+BYB+OKX""}, {""usdt"": 10133115.0, ""borsa"": 1, ""fiyat"": 63525.0, ""kaynak"": ""BNB""}, {""usdt"": 8778714.0, ""borsa"": 2, ""fiyat"": 63575.0, ""kaynak"": ""BNB+BYB""}]","[{""usdt"": 13872537.0, ""borsa"": 3, ""fiyat"": 63625.0, ""kaynak"": ""BNB+BYB+OKX""}, {""usdt"": 10209153.0, ""borsa"": 3, ""fiyat"": 63650.0, ""kaynak"": ""BNB+BYB+OKX""}, {""usdt"": 8098761.0, ""borsa"": 1, ""fiyat"": 63725.0, ""kaynak"": ""BNB""}]",YOK,-0.1452,0.0344,0.8556,2.218,false,,true,0.3551,0,2,3,0,1,3,23,24,IZLE,,25,63641.1,,,,,SEVIYE,85,1360.2,136,,,,,,,1785298740,2,0,,16,1360.2,16,,,
30662,2026-07-29 04:22:49.863748+00,63667.05,-1778153.9713414032,317657.6269999999,11632912382.5826,0.00008766800000000002,46429184.58045001,740324.6084000001,28.0,BEKLE,true,727654.7892000001,12669.8192,1.6874,302.368,48937219.03902998,120.84,28.0,0.0,"[{""usdt"": 14174530.0, ""borsa"": 3, ""fiyat"": 63625.0, ""kaynak"": ""BNB+BYB+OKX""}, {""usdt"": 8822675.0, ""borsa"": 1, ""fiyat"": 63575.0, ""kaynak"": ""BNB""}, {""usdt"": 8055493.0, ""borsa"": 1, ""fiyat"": 63550.0, ""kaynak"": ""BNB""}]","[{""usdt"": 11554900.0, ""borsa"": 3, ""fiyat"": 63675.0, ""kaynak"": ""BNB+BYB+OKX""}, {""usdt"": 9256014.0, ""borsa"": 1, ""fiyat"": 63700.0, ""kaynak"": ""BNB""}, {""usdt"": 8141846.0, ""borsa"": 1, ""fiyat"": 63750.0, ""kaynak"": ""BNB""}]",YOK,-0.1036,-0.0263,0.7954,0.3152,false,0.2352,false,,0,1,3,0,0,3,19.6,20.6,IZLE,,50,63692.6,,,,,SEVIYE+TASFIYE,90,510.0,51,,,,,,,1785298740,2,0,,16,1361.2,16,,,
30663,2026-07-29 04:23:50.442034+00,63674.95,-1822106.9471105027,591516.6649999999,11642624317.653599,0.00008766800000000002,52565075.31949007,717721.2969000001,11.8,BEKLE,false,712564.6911,5156.6058,1.6874,362.944,44527543.59606003,181.416,0.0,11.8,"[{""usdt"": 14831484.0, ""borsa"": 3, ""fiyat"": 63625.0, ""kaynak"": ""BNB+BYB+OKX""}, {""usdt"": 10600955.0, ""borsa"": 3, ""fiyat"": 63650.0, ""kaynak"": ""BNB+BYB+OKX""}, {""usdt"": 10460077.0, ""borsa"": 1, ""fiyat"": 63550.0, ""kaynak"": ""BNB""}]","[{""usdt"": 11709862.0, ""borsa"": 3, ""fiyat"": 63675.0, ""kaynak"": ""BNB+BYB+OKX""}, {""usdt"": 8464782.0, ""borsa"": 1, ""fiyat"": 63725.0, ""kaynak"": ""BNB""}, {""usdt"": 7737565.0, ""borsa"": 1, ""fiyat"": 63700.0, ""kaynak"": ""BNB""}]",YOK,-0.0962,0.0828,0.9528,0.8535,false,0.3317,false,,1,2,3,0,0,3,16.1,17.2,IZLE,,25,63657.8,,,,,SEVIYE,65,1362.2,137,,,,,,,1785298740,2,0,,16,1362.2,16,,,
30664,2026-07-29 04:24:50.837636+00,63725.149999999994,-1853931.8477709037,552927.79,11646028688.3567,0.00008766800000000002,45232612.890529945,717466.7409000001,12.0,BEKLE,true,712310.1351000001,5156.6058,1.6874,120.776,51071814.937909976,0,12.0,0.0,"[{""usdt"": 13199108.0, ""borsa"": 3, ""fiyat"": 63675.0, ""kaynak"": ""BNB+BYB+OKX""}, {""usdt"": 7690678.0, ""borsa"": 1, ""fiyat"": 63625.0, ""kaynak"": ""BNB""}, {""usdt"": 6693828.0, ""borsa"": 1, ""fiyat"": 63600.0, ""kaynak"": ""BNB""}]","[{""usdt"": 16198697.0, ""borsa"": 3, ""fiyat"": 63725.0, ""kaynak"": ""BNB+BYB+OKX""}, {""usdt"": 10484503.0, ""borsa"": 1, ""fiyat"": 63775.0, ""kaynak"": ""BNB""}, {""usdt"": 9287211.0, ""borsa"": 1, ""fiyat"": 63750.0, ""kaynak"": ""BNB""}]",YOK,-0.0141,-0.0606,0.967,2.9587,true,0.1567,false,,0,0,3,0,1,3,12.4,13.5,IZLE,,25,63710,,,,,SEVIYE,70,512.0,52,,,,,,,1785298740,2,0,,16,1363.2,16,,,
30665,2026-07-29 04:25:51.17775+00,63741.350000000006,-1054012.6721497048,1112639.9400000004,11658771517.529999,0.00008766800000000002,49098525.32345001,0.0,19.5,BEKLE,,0.0,0.0,1.6874,0,46709794.15443,0,0.0,19.5,"[{""usdt"": 19041058.0, ""borsa"": 3, ""fiyat"": 63725.0, ""kaynak"": ""BNB+BYB+OKX""}, {""usdt"": 8899861.0, ""borsa"": 1, ""fiyat"": 63650.0, ""kaynak"": ""BNB""}, {""usdt"": 7807938.0, ""borsa"": 1, ""fiyat"": 63675.0, ""kaynak"": ""BNB""}]","[{""usdt"": 14374443.0, ""borsa"": 3, ""fiyat"": 63750.0, ""kaynak"": ""BNB+BYB+OKX""}, {""usdt"": 8672159.0, ""borsa"": 1, ""fiyat"": 63825.0, ""kaynak"": ""BNB""}, {""usdt"": 8302926.0, ""borsa"": 3, ""fiyat"": 63775.0, ""kaynak"": ""BNB+BYB+OKX""}]",YOK,0.0309,0.0249,0.3639,4.6702,true,0,false,,0,0,3,0,1,3,9,10.1,IZLE,,25,63710,,,,,SEVIYE,70,513.0,52,,,,,,,,,0,,16,1364.2,16,,,
30666,2026-07-29 04:26:52.240527+00,63763.05,-1156240.576503204,460560.23099999997,11655110483.520199,0.00008766800000000002,48602018.97423005,0.0,0.0,BEKLE,,0.0,0.0,1.6874,61.083,44755736.28885997,61.083,0.0,0.0,"[{""usdt"": 12699795.0, ""borsa"": 3, ""fiyat"": 63725.0, ""kaynak"": ""BNB+BYB+OKX""}, {""usdt"": 7902103.0, ""borsa"": 3, ""fiyat"": 63750.0, ""kaynak"": ""BNB+BYB+OKX""}, {""usdt"": 7599954.0, ""borsa"": 1, ""fiyat"": 63675.0, ""kaynak"": ""BNB""}]","[{""usdt"": 14475026.0, ""borsa"": 3, ""fiyat"": 63775.0, ""kaynak"": ""BNB+BYB+OKX""}, {""usdt"": 8853915.0, ""borsa"": 1, ""fiyat"": 63825.0, ""kaynak"": ""BNB""}, {""usdt"": 8495787.0, ""borsa"": 1, ""fiyat"": 63800.0, ""kaynak"": ""BNB""}]",YOK,0.098,0.0412,,,true,0,false,,1,0,3,1,0,3,6.2,7.3,IZLE,,25,63793.5,,,,,SEVIYE,80,644.2,65,,,,,,,,,0,,16,1365.2,16,,,
30667,2026-07-29 04:27:52.542045+00,63784.149999999994,-998282.9503010045,447367.676,11658502584.324,0.00008766800000000002,44961842.41423996,0.0,8.6,BEKLE,,0.0,0.0,1.6874,60.349,47369707.26048998,0,0.0,8.6,"[{""usdt"": 12491295.0, ""borsa"": 3, ""fiyat"": 63750.0, ""kaynak"": ""BNB+BYB+OKX""}, {""usdt"": 8773260.0, ""borsa"": 1, ""fiyat"": 63700.0, ""kaynak"": ""BNB""}, {""usdt"": 8593154.0, ""borsa"": 1, ""fiyat"": 63675.0, ""kaynak"": ""BNB""}]","[{""usdt"": 12301475.0, ""borsa"": 3, ""fiyat"": 63800.0, ""kaynak"": ""BNB+BYB+OKX""}, {""usdt"": 9898267.0, ""borsa"": 1, ""fiyat"": 63875.0, ""kaynak"": ""BNB""}, {""usdt"": 8192818.0, ""borsa"": 1, ""fiyat"": 63850.0, ""kaynak"": ""BNB""}]",YOK,0.1241,-0.0261,0.8086,6.3975,true,0,false,,1,0,3,0,0,3,2.7,3.8,IZLE,,25,63793.5,,,,,SEVIYE,80,645.2,65,,,,,,,,,0,,16,1366.2,16,,,
30668,2026-07-29 04:28:52.765986+00,63781.850000000006,-749260.0817137038,584395.533,11663734095.000599,0.00008766800000000002,44961842.41423996,0.0,5.1,BEKLE,,0.0,0.0,1.6874,120.623,47369707.26048998,60.274,5.1,0.0,"[{""usdt"": 12491295.0, ""borsa"": 3, ""fiyat"": 63750.0, ""kaynak"": ""BNB+BYB+OKX""}, {""usdt"": 8773260.0, ""borsa"": 1, ""fiyat"": 63700.0, ""kaynak"": ""BNB""}, {""usdt"": 8593154.0, ""borsa"": 1, ""fiyat"": 63675.0, ""kaynak"": ""BNB""}]","[{""usdt"": 12301475.0, ""borsa"": 3, ""fiyat"": 63800.0, ""kaynak"": ""BNB+BYB+OKX""}, {""usdt"": 9898267.0, ""borsa"": 1, ""fiyat"": 63875.0, ""kaynak"": ""BNB""}, {""usdt"": 8192818.0, ""borsa"": 1, ""fiyat"": 63850.0, ""kaynak"": ""BNB""}]",YOK,0.1241,-0.0261,0.9906,5.2008,true,0,false,,1,0,3,0,0,3,63,64,IZLE,,25,63793.5,,,,,SEVIYE,80,646.2,65,,,,,,,,,0,,16,1367.2,16,,,
30669,2026-07-29 04:29:53.304121+00,63785.149999999994,-804199.6300784043,1018897.5170000001,11661259828.243801,0.00008766800000000002,48329270.73261995,59634.3,23.5,BEKLE,false,0.0,59634.3,1.6874,0,48310954.845259994,120.728,0.0,23.5,"[{""usdt"": 13564059.0, ""borsa"": 3, ""fiyat"": 63750.0, ""kaynak"": ""BNB+BYB+OKX""}, {""usdt"": 10356825.0, ""borsa"": 1, ""fiyat"": 63700.0, ""kaynak"": ""BNB""}, {""usdt"": 8487765.0, ""borsa"": 1, ""fiyat"": 63675.0, ""kaynak"": ""BNB""}]","[{""usdt"": 11933013.0, ""borsa"": 3, ""fiyat"": 63800.0, ""kaynak"": ""BNB+BYB+OKX""}, {""usdt"": 9607963.0, ""borsa"": 1, ""fiyat"": 63850.0, ""kaynak"": ""BNB""}, {""usdt"": 7617193.0, ""borsa"": 1, ""fiyat"": 63825.0, ""kaynak"": ""BNB""}]",YOK,-0.1085,0.0002,0.6128,1.8439,true,0.2067,false,,1,1,3,0,1,3,59.1,60.4,IZLE,,25,63793.5,,,,,SEVIYE,80,647.2,65,,,,,,,1785299280,1,0,,16,1368.2,16,,,
30670,2026-07-29 04:30:53.760003+00,63781.95,3403515.335275401,1274319.192,11662128324.0264,0.00008766800000000002,50018426.326659925,59634.3,16.0,BEKLE,false,0.0,59634.3,1.6874,60.315,45838999.539809965,181.043,0.0,16.0,"[{""usdt"": 13856301.0, ""borsa"": 3, ""fiyat"": 63750.0, ""kaynak"": ""BNB+BYB+OKX""}, {""usdt"": 11546250.0, ""borsa"": 3, ""fiyat"": 63775.0, ""kaynak"": ""BNB+BYB+OKX""}, {""usdt"": 10138085.0, ""borsa"": 1, ""fiyat"": 63675.0, ""kaynak"": ""BNB""}]","[{""usdt"": 13266862.0, ""borsa"": 3, ""fiyat"": 63800.0, ""kaynak"": ""BNB+BYB+OKX""}, {""usdt"": 10260783.0, ""borsa"": 1, ""fiyat"": 63850.0, ""kaynak"": ""BNB""}, {""usdt"": 7859067.0, ""borsa"": 1, ""fiyat"": 63825.0, ""kaynak"": ""BNB""}]",YOK,0.0585,0.0436,0.9509,0.4559,true,0,false,,0,0,3,1,0,3,55.6,56.7,IZLE,,25,63793.5,,,,,SEVIYE,80,648.2,65,,,,,,,1785299280,1,1,,16,1369.2,16,,,
30671,2026-07-29 04:31:54.958999+00,63782.25,3438802.3805848006,1265365.511,11663779456.849201,0.00008766800000000002,46767007.618379906,59634.3,32.9,BEKLE,false,0.0,59634.3,1.6874,121.732,47219406.220399976,121.732,0.0,32.9,"[{""usdt"": 12779160.0, ""borsa"": 3, ""fiyat"": 63775.0, ""kaynak"": ""BNB+BYB+OKX""}, {""usdt"": 9272012.0, ""borsa"": 3, ""fiyat"": 63750.0, ""kaynak"": ""BNB+BYB+OKX""}, {""usdt"": 8672482.0, ""borsa"": 1, ""fiyat"": 63675.0, ""kaynak"": ""BNB""}]","[{""usdt"": 12013026.0, ""borsa"": 3, ""fiyat"": 63800.0, ""kaynak"": ""BNB+BYB+OKX""}, {""usdt"": 8998176.0, ""borsa"": 1, ""fiyat"": 63900.0, ""kaynak"": ""BNB""}, {""usdt"": 8814911.0, ""borsa"": 1, ""fiyat"": 63875.0, ""kaynak"": ""BNB""}]",YOK,0.0521,-0.0048,0.8004,0.176,false,,false,,1,0,3,0,0,3,53.2,54.3,IZLE,,25,63793.5,,,,,SEVIYE,80,649.2,65,,,,,,,1785299280,1,2,,16,1370.2,16,,,
30672,2026-07-29 04:32:55.282704+00,63768.05,3759128.004793801,1484044.356,11666272732.966702,0.00008766800000000002,47717443.27735999,59634.3,57.7,BEKLE,false,0.0,59634.3,1.6874,181.884,47473961.186589986,181.884,0.0,57.7,"[{""usdt"": 16347905.0, ""borsa"": 3, ""fiyat"": 63775.0, ""kaynak"": ""BNB+BYB+OKX""}, {""usdt"": 7873927.0, ""borsa"": 1, ""fiyat"": 63725.0, ""kaynak"": ""BNB""}, {""usdt"": 7543427.0, ""borsa"": 1, ""fiyat"": 63700.0, ""kaynak"": ""BNB""}]","[{""usdt"": 10798225.0, ""borsa"": 3, ""fiyat"": 63800.0, ""kaynak"": ""BNB+BYB+OKX""}, {""usdt"": 9188228.0, ""borsa"": 1, ""fiyat"": 63900.0, ""kaynak"": ""BNB""}, {""usdt"": 8581611.0, ""borsa"": 1, ""fiyat"": 63875.0, ""kaynak"": ""BNB""}]",YOK,0.033,0.0026,0.7632,0.1359,false,,false,,1,0,3,1,0,3,49.5,50.6,IZLE,,25,63793.5,,,,,SEVIYE,80,650.2,65,,,,,,,1785299280,1,3,,16,1371.3,16,,,
30673,2026-07-29 04:33:55.628743+00,63770.95,3545147.9022265016,1568403.5699999998,11661273391.041698,0.00008766800000000002,46629647.72141003,637.681,33.5,BEKLE,false,637.681,0.0,1.6925,242.32,44258217.75187999,60.436,0.0,33.5,"[{""usdt"": 12549826.0, ""borsa"": 3, ""fiyat"": 63750.0, ""kaynak"": ""BNB+BYB+OKX""}, {""usdt"": 9064867.0, ""borsa"": 1, ""fiyat"": 63650.0, ""kaynak"": ""BNB""}, {""usdt"": 8825449.0, ""borsa"": 3, ""fiyat"": 63725.0, ""kaynak"": ""BNB+BYB+OKX""}]","[{""usdt"": 12482767.0, ""borsa"": 3, ""fiyat"": 63775.0, ""kaynak"": ""BNB+BYB+OKX""}, {""usdt"": 8554835.0, ""borsa"": 1, ""fiyat"": 63825.0, ""kaynak"": ""BNB""}, {""usdt"": 8397167.0, ""borsa"": 1, ""fiyat"": 63850.0, ""kaynak"": ""BNB""}]",YOK,0.0313,0.0261,0.7525,0.1005,false,,false,,1,0,3,1,1,3,46.1,47.2,IZLE,,25,63757.6,,,,,SEVIYE,55,651.2,66,,,,,,,1785299520,1,0,,17,1302.2,17,,,
30674,2026-07-29 04:34:55.879901+00,63780.45,3762442.3462730017,1539943.987,11660528994.6862,0.00008766800000000002,48262448.604289964,637.681,27.4,BEKLE,false,637.681,0.0,1.6925,60.336,46762480.00982999,120.772,0.0,27.4,"[{""usdt"": 11380001.0, ""borsa"": 3, ""fiyat"": 63725.0, ""kaynak"": ""BNB+BYB+OKX""}, {""usdt"": 9585990.0, ""borsa"": 1, ""fiyat"": 63650.0, ""kaynak"": ""BNB""}, {""usdt"": 8812738.0, ""borsa"": 3, ""fiyat"": 63750.0, ""kaynak"": ""BNB+BYB+OKX""}]","[{""usdt"": 13669204.0, ""borsa"": 3, ""fiyat"": 63775.0, ""kaynak"": ""BNB+BYB+OKX""}, {""usdt"": 8642660.0, ""borsa"": 1, ""fiyat"": 63825.0, ""kaynak"": ""BNB""}, {""usdt"": 8475809.0, ""borsa"": 1, ""fiyat"": 63850.0, ""kaynak"": ""BNB""}]",YOK,0.0147,0.0158,0.8593,0.0465,true,0,false,,1,0,3,1,0,3,42.6,43.7,IZLE,,25,63757.6,,,,,SEVIYE,55,652.2,66,,,,,,,1785299520,1,1,,17,1303.2,17,,,
30675,2026-07-29 04:35:56.496215+00,63813.55,3991981.9701994024,1026744.2609999998,11666718069.6501,0.00008766800000000002,47323345.639399946,637.681,24.5,BEKLE,true,637.681,0.0,1.6925,120.875,47717613.78251997,60.539,24.5,0.0,"[{""usdt"": 13018243.0, ""borsa"": 3, ""fiyat"": 63750.0, ""kaynak"": ""BNB+BYB+OKX""}, {""usdt"": 9892307.0, ""borsa"": 1, ""fiyat"": 63675.0, ""kaynak"": ""BNB""}, {""usdt"": 9792780.0, ""borsa"": 3, ""fiyat"": 63775.0, ""kaynak"": ""BNB+BYB+OKX""}]","[{""usdt"": 13168905.0, ""borsa"": 3, ""fiyat"": 63800.0, ""kaynak"": ""BNB+BYB+OKX""}, {""usdt"": 9384868.0, ""borsa"": 1, ""fiyat"": 63875.0, ""kaynak"": ""BNB""}, {""usdt"": 8671548.0, ""borsa"": 1, ""fiyat"": 63900.0, ""kaynak"": ""BNB""}]",YOK,0.0561,-0.0041,0.6235,1.7611,false,,false,,0,0,3,1,0,3,39.3,40.4,IZLE,,25,63831.2,,,,,SEVIYE,70,643.2,65,,,,,,,1785299520,1,2,,17,1304.2,17,,,
30676,2026-07-29 04:36:56.791275+00,63847.25,4359312.670324203,1329857.77,11671373174.915901,0.00008766800000000002,46729009.74152001,701.4906000000001,10.3,BEKLE,false,637.681,63.8096,1.6947,0,52508828.50069999,60.296,0.0,10.3,"[{""usdt"": 12057702.0, ""borsa"": 3, ""fiyat"": 63825.0, ""kaynak"": ""BNB+BYB+OKX""}, {""usdt"": 9922934.0, ""borsa"": 3, ""fiyat"": 63800.0, ""kaynak"": ""BNB+BYB+OKX""}, {""usdt"": 8492628.0, ""borsa"": 1, ""fiyat"": 63750.0, ""kaynak"": ""BNB""}]","[{""usdt"": 16645773.0, ""borsa"": 3, ""fiyat"": 63850.0, ""kaynak"": ""BNB+BYB+OKX""}, {""usdt"": 12858479.0, ""borsa"": 1, ""fiyat"": 63875.0, ""kaynak"": ""BNB""}, {""usdt"": 8296922.0, ""borsa"": 1, ""fiyat"": 63925.0, ""kaynak"": ""BNB""}]",YOK,0.0828,-0.0582,0.9086,3.3749,false,,false,3.7785,1,0,3,0,0,3,35.8,36.9,IZLE,,25,63831.2,,,,,SEVIYE,70,644.2,65,,,,,,,1785299700,1,0,,17,1305.2,17,,,
30677,2026-07-29 04:37:56.985454+00,63873.850000000006,4750595.281186102,1543452.4780000001,11676834104.213,0.00008766800000000002,48379657.67700003,3128.4752,7.6,BEKLE,,0.0,3128.4752,1.6947,0,53963185.02273,60.259,0.0,7.6,"[{""usdt"": 14838518.0, ""borsa"": 3, ""fiyat"": 63850.0, ""kaynak"": ""BNB+BYB+OKX""}, {""usdt"": 9210224.0, ""borsa"": 3, ""fiyat"": 63825.0, ""kaynak"": ""BNB+BYB+OKX""}, {""usdt"": 9184982.0, ""borsa"": 1, ""fiyat"": 63775.0, ""kaynak"": ""BNB""}]","[{""usdt"": 18483672.0, ""borsa"": 3, ""fiyat"": 63875.0, ""kaynak"": ""BNB+BYB+OKX""}, {""usdt"": 12275052.0, ""borsa"": 1, ""fiyat"": 63900.0, ""kaynak"": ""BNB""}, {""usdt"": 9725670.0, ""borsa"": 1, ""fiyat"": 63950.0, ""kaynak"": ""BNB""}]",YOK,0.1453,-0.0546,0.9208,5.1696,false,,false,6.1931,2,0,3,1,1,3,32.2,33.3,IZLE,,25,63904.2,,,,,SEVIYE,75,645.2,65,,,,,,,1785299760,1,0,,17,1306.2,17,,,
30678,2026-07-29 04:38:57.412931+00,63908.75,5078647.692742402,1656928.7419999999,11687156806.121002,0.00008766800000000002,53587502.56317001,23823.068,0.0,BEKLE,,0.0,23823.068,1.6947,0,51560049.31789997,0,0.0,0.0,"[{""usdt"": 19031126.0, ""borsa"": 3, ""fiyat"": 63900.0, ""kaynak"": ""BNB+BYB+OKX""}, {""usdt"": 8863682.0, ""borsa"": 1, ""fiyat"": 63800.0, ""kaynak"": ""BNB""}, {""usdt"": 7247508.0, ""borsa"": 1, ""fiyat"": 63825.0, ""kaynak"": ""BNB""}]","[{""usdt"": 11812527.0, ""borsa"": 1, ""fiyat"": 64000.0, ""kaynak"": ""BNB""}, {""usdt"": 10832285.0, ""borsa"": 1, ""fiyat"": 63975.0, ""kaynak"": ""BNB""}, {""usdt"": 10143616.0, ""borsa"": 1, ""fiyat"": 64025.0, ""kaynak"": ""BNB""}]",SPOT,0.1771,0.0193,0.9235,4.3658,false,,false,,1,0,3,2,0,3,28.8,29.9,IZLE,,25,63904.2,,,,,SEVIYE,75,646.2,65,,,,,,,1785299820,1,0,,17,1307.2,17,,,
30679,2026-07-29 04:39:57.681924+00,63892.350000000006,4887769.406647502,1587563.549,11687391902.064499,0.00008766800000000002,48436712.018440016,55137.6178,5.7,BEKLE,,0.0,55137.6178,1.6947,0,50473561.23103002,60.256,0.0,5.7,"[{""usdt"": 15293261.0, ""borsa"": 3, ""fiyat"": 63850.0, ""kaynak"": ""BNB+BYB+OKX""}, {""usdt"": 10527807.0, ""borsa"": 1, ""fiyat"": 63800.0, ""kaynak"": ""BNB""}, {""usdt"": 7010700.0, ""borsa"": 1, ""fiyat"": 63825.0, ""kaynak"": ""BNB""}]","[{""usdt"": 11879508.0, ""borsa"": 3, ""fiyat"": 63900.0, ""kaynak"": ""BNB+BYB+OKX""}, {""usdt"": 10159464.0, ""borsa"": 1, ""fiyat"": 64000.0, ""kaynak"": ""BNB""}, {""usdt"": 9119069.0, ""borsa"": 1, ""fiyat"": 63950.0, ""kaynak"": ""BNB""}]",YOK,0.0323,-0.0206,0.9427,4.9311,true,0,false,,1,0,3,0,0,3,25.2,26.3,IZLE,,25,63904.2,,,,,SEVIYE,75,647.2,65,,,,,,,1785299880,2,0,,17,1308.2,17,,,
30680,2026-07-29 04:40:57.869211+00,63888.649999999994,1323105.3209274004,807420.404,11687747401.838799,0.00008766800000000002,49290768.53750999,55073.8082,33.3,BEKLE,true,0.0,55073.8082,1.6947,60.223,53922248.11984001,120.479,33.3,0.0,"[{""usdt"": 18889865.0, ""borsa"": 3, ""fiyat"": 63850.0, ""kaynak"": ""BNB+BYB+OKX""}, {""usdt"": 8274622.0, ""borsa"": 1, ""fiyat"": 63775.0, ""kaynak"": ""BNB""}, {""usdt"": 7302677.0, ""borsa"": 1, ""fiyat"": 63800.0, ""kaynak"": ""BNB""}]","[{""usdt"": 10982975.0, ""borsa"": 3, ""fiyat"": 63900.0, ""kaynak"": ""BNB+BYB+OKX""}, {""usdt"": 9866025.0, ""borsa"": 1, ""fiyat"": 63950.0, ""kaynak"": ""BNB""}, {""usdt"": 9826267.0, ""borsa"": 3, ""fiyat"": 63875.0, ""kaynak"": ""BNB+BYB+OKX""}]",YOK,0.0292,-0.0449,0.8945,1.3233,true,0,false,,0,0,3,1,1,3,21.6,22.7,IZLE,,25,63904.2,,,,,SEVIYE,75,648.3,65,,,,,,,1785299880,2,0,,17,1309.2,17,,,
30681,2026-07-29 04:41:58.604661+00,63871.05,1318248.0527469006,780204.328,11686190692.09,0.00008766800000000002,46562880.25494001,52009.1426,47.1,BEKLE,true,0.0,52009.1426,1.6969,120.902,45440882.482119985,60.679,47.1,0.0,"[{""usdt"": 15754981.0, ""borsa"": 3, ""fiyat"": 63850.0, ""kaynak"": ""BNB+BYB+OKX""}, {""usdt"": 8397812.0, ""borsa"": 1, ""fiyat"": 63800.0, ""kaynak"": ""BNB""}, {""usdt"": 7378947.0, ""borsa"": 1, ""fiyat"": 63775.0, ""kaynak"": ""BNB""}]","[{""usdt"": 10138341.0, ""borsa"": 1, ""fiyat"": 63950.0, ""kaynak"": ""BNB""}, {""usdt"": 9547485.0, ""borsa"": 3, ""fiyat"": 63900.0, ""kaynak"": ""BNB+BYB+OKX""}, {""usdt"": 8959272.0, ""borsa"": 3, ""fiyat"": 63875.0, ""kaynak"": ""BNB+BYB+OKX""}]",YOK,0.0518,0.0122,0.794,0.3265,true,0,false,,1,0,3,0,0,3,18.1,19.2,IZLE,,25,63904.2,,,,,SEVIYE,75,649.3,65,,,,,,,1785299880,2,0,,17,1310.2,17,,,
30682,2026-07-29 04:42:58.907828+00,63864.05,1112215.4375463014,795881.648,11683521411.171799,0.00008766800000000002,47314336.15960996,31314.5498,39.6,BEKLE,true,0.0,31314.5498,1.6969,120.97,50577793.188129984,60.291,39.6,0.0,"[{""usdt"": 15074459.0, ""borsa"": 3, ""fiyat"": 63825.0, ""kaynak"": ""BNB+BYB+OKX""}, {""usdt"": 8491277.0, ""borsa"": 1, ""fiyat"": 63750.0, ""kaynak"": ""BNB""}, {""usdt"": 7656706.0, ""borsa"": 1, ""fiyat"": 63800.0, ""kaynak"": ""BNB""}]","[{""usdt"": 11872750.0, ""borsa"": 3, ""fiyat"": 63875.0, ""kaynak"": ""BNB+BYB+OKX""}, {""usdt"": 9476948.0, ""borsa"": 1, ""fiyat"": 63925.0, ""kaynak"": ""BNB""}, {""usdt"": 8626832.0, ""borsa"": 1, ""fiyat"": 63950.0, ""kaynak"": ""BNB""}]",YOK,0.0008,-0.0333,0.7722,0.1093,true,0,false,,1,0,3,0,0,3,14.6,15.7,IZLE,,25,63831.2,,,,,SEVIYE,70,650.3,65,,,,,,,1785299880,2,0,,17,1311.2,17,,,
30683,2026-07-29 04:43:59.180357+00,63858.25,1128642.909600502,629214.6640000001,11682255745.371899,0.00008766800000000002,46719078.54178999,0.0,45.3,BEKLE,true,0.0,0.0,1.6969,181.277,50012727.55971997,120.598,45.3,0.0,"[{""usdt"": 13644830.0, ""borsa"": 3, ""fiyat"": 63825.0, ""kaynak"": ""BNB+BYB+OKX""}, {""usdt"": 8787632.0, ""borsa"": 1, ""fiyat"": 63750.0, ""kaynak"": ""BNB""}, {""usdt"": 8462586.0, ""borsa"": 1, ""fiyat"": 63775.0, ""kaynak"": ""BNB""}]","[{""usdt"": 11510854.0, ""borsa"": 3, ""fiyat"": 63875.0, ""kaynak"": ""BNB+BYB+OKX""}, {""usdt"": 9253485.0, ""borsa"": 1, ""fiyat"": 63975.0, ""kaynak"": ""BNB""}, {""usdt"": 8774937.0, ""borsa"": 1, ""fiyat"": 63950.0, ""kaynak"": ""BNB""}]",YOK,0.0164,-0.034,0.7251,0.4926,true,0.1834,false,,1,0,3,0,1,3,11,12.1,IZLE,,25,63834.6,,,,,SEVIYE,50,651.3,66,,,,,,,,,0,,20,891.6,20,,,
30684,2026-07-29 04:44:59.434957+00,63845.75,924187.3296967039,642313.63,11681891408.814602,0.00008766800000000002,49930067.65867002,0.0,46.3,BEKLE,true,0.0,0.0,1.6969,120.586,45217614.04791998,60.279,46.3,0.0,"[{""usdt"": 15034940.0, ""borsa"": 3, ""fiyat"": 63825.0, ""kaynak"": ""BNB+BYB+OKX""}, {""usdt"": 9735011.0, ""borsa"": 1, ""fiyat"": 63750.0, ""kaynak"": ""BNB""}, {""usdt"": 8879004.0, ""borsa"": 2, ""fiyat"": 63800.0, ""kaynak"": ""BNB+BYB""}]","[{""usdt"": 11678035.0, ""borsa"": 3, ""fiyat"": 63850.0, ""kaynak"": ""BNB+BYB+OKX""}, {""usdt"": 9111990.0, ""borsa"": 3, ""fiyat"": 63875.0, ""kaynak"": ""BNB+BYB+OKX""}, {""usdt"": 8602503.0, ""borsa"": 1, ""fiyat"": 63925.0, ""kaynak"": ""BNB""}]",YOK,0.0025,0.0495,0.7422,0.4637,false,0.5979,false,,1,0,3,0,0,3,7.5,8.5,IZLE,,25,63834.6,,,,,SEVIYE,50,652.3,66,,,,,,,,,0,,20,892.6,20,,,
30685,2026-07-29 04:45:59.749891+00,63842.95,436320.87671360344,359716.9309999999,11679838337.435501,0.00008766800000000002,51028650.100740016,0.0,30.1,BEKLE,true,0.0,0.0,1.6969,60.266,53930842.702670015,60.266,30.1,0.0,"[{""usdt"": 15841545.0, ""borsa"": 3, ""fiyat"": 63825.0, ""kaynak"": ""BNB+BYB+OKX""}, {""usdt"": 10081152.0, ""borsa"": 1, ""fiyat"": 63750.0, ""kaynak"": ""BNB""}, {""usdt"": 9857320.0, ""borsa"": 3, ""fiyat"": 63800.0, ""kaynak"": ""BNB+BYB+OKX""}]","[{""usdt"": 15337132.0, ""borsa"": 3, ""fiyat"": 63850.0, ""kaynak"": ""BNB+BYB+OKX""}, {""usdt"": 11774307.0, ""borsa"": 3, ""fiyat"": 63875.0, ""kaynak"": ""BNB+BYB+OKX""}, {""usdt"": 9559237.0, ""borsa"": 1, ""fiyat"": 63900.0, ""kaynak"": ""BNB""}]",YOK,-0.0197,-0.0277,0.5762,1.5782,false,1.9297,false,,0,0,3,1,0,3,3.9,5,IZLE,,25,63834.6,,,,,SEVIYE,50,653.3,66,,,,,,,,,0,,20,893.6,20,,,
30686,2026-07-29 04:47:00.199055+00,63846.75,2046756.8425378017,421607.0859999999,11683659752.067902,0.00008766800000000002,51539940.853640005,0.0,24.5,BEKLE,true,0.0,0.0,1.6969,120.738,46427193.20816997,60.472,24.5,0.0,"[{""usdt"": 17672424.0, ""borsa"": 3, ""fiyat"": 63825.0, ""kaynak"": ""BNB+BYB+OKX""}, {""usdt"": 9678802.0, ""borsa"": 3, ""fiyat"": 63800.0, ""kaynak"": ""BNB+BYB+OKX""}, {""usdt"": 9171677.0, ""borsa"": 1, ""fiyat"": 63775.0, ""kaynak"": ""BNB""}]","[{""usdt"": 12207247.0, ""borsa"": 3, ""fiyat"": 63850.0, ""kaynak"": ""BNB+BYB+OKX""}, {""usdt"": 8586456.0, ""borsa"": 1, ""fiyat"": 63900.0, ""kaynak"": ""BNB""}, {""usdt"": 8432618.0, ""borsa"": 1, ""fiyat"": 63925.0, ""kaynak"": ""BNB""}]",YOK,-0.0663,0.0522,0.5824,1.0327,false,1.3192,false,,0,0,3,1,0,3,63.4,62.9,IZLE,,25,63834.6,,,,,SEVIYE,50,654.3,66,,,,,,,,,0,,20,894.6,20,,,
30687,2026-07-29 04:48:00.764431+00,63875.05,1943240.165174504,413921.69299999997,11687177989.8236,0.00008766800000000002,50583621.66119,0.0,25.5,BEKLE,true,0.0,0.0,1.6969,181.308,49637421.27898997,121.042,25.5,0.0,"[{""usdt"": 12360627.0, ""borsa"": 3, ""fiyat"": 63825.0, ""kaynak"": ""BNB+BYB+OKX""}, {""usdt"": 9171677.0, ""borsa"": 1, ""fiyat"": 63775.0, ""kaynak"": ""BNB""}, {""usdt"": 8607346.0, ""borsa"": 1, ""fiyat"": 63800.0, ""kaynak"": ""BNB""}]","[{""usdt"": 15862734.0, ""borsa"": 3, ""fiyat"": 63875.0, ""kaynak"": ""BNB+BYB+OKX""}, {""usdt"": 8586456.0, ""borsa"": 1, ""fiyat"": 63900.0, ""kaynak"": ""BNB""}, {""usdt"": 8432618.0, ""borsa"": 1, ""fiyat"": 63925.0, ""kaynak"": ""BNB""}]",YOK,-0.0433,0.0094,0.5989,0.4215,false,1.391,false,,0,0,3,0,0,3,61.1,62.2,IZLE,,25,63896.3,,,,,SEVIYE,75,655.3,66,,,,,,,,,0,,20,895.6,20,,,
30688,2026-07-29 04:49:00.988347+00,63877.75,1661238.379218203,439807.1669999999,11687408864.688,0.00008766800000000002,47237053.24593002,0.0,19.4,BEKLE,true,0.0,0.0,1.6954,120.8,47932837.76985003,181.272,19.4,0.0,"[{""usdt"": 14906046.0, ""borsa"": 3, ""fiyat"": 63850.0, ""kaynak"": ""BNB+BYB+OKX""}, {""usdt"": 8511287.0, ""borsa"": 1, ""fiyat"": 63800.0, ""kaynak"": ""BNB""}, {""usdt"": 8338097.0, ""borsa"": 1, ""fiyat"": 63825.0, ""kaynak"": ""BNB""}]","[{""usdt"": 11258469.0, ""borsa"": 3, ""fiyat"": 63900.0, ""kaynak"": ""BNB+BYB+OKX""}, {""usdt"": 11006881.0, ""borsa"": 1, ""fiyat"": 63950.0, ""kaynak"": ""BNB""}, {""usdt"": 8104279.0, ""borsa"": 3, ""fiyat"": 63875.0, ""kaynak"": ""BNB+BYB+OKX""}]",YOK,0.0041,-0.0073,0.6587,1.2824,false,2.8932,false,,0,0,3,0,0,3,57.1,58.2,IZLE,,25,63896.3,,,,,SEVIYE,75,656.3,66,,,,,,,,,0,,20,896.6,20,,,
30689,2026-07-29 04:50:01.34798+00,63849.55,1642391.7068869043,642608.3280000001,11687604942.2156,0.00008766800000000002,48774661.35280004,0.0,0.8,BEKLE,,0.0,0.0,1.6954,60.247,53756129.79771999,241.519,0.0,0.8,"[{""usdt"": 15779412.0, ""borsa"": 3, ""fiyat"": 63825.0, ""kaynak"": ""BNB+BYB+OKX""}, {""usdt"": 9266459.0, ""borsa"": 3, ""fiyat"": 63850.0, ""kaynak"": ""BNB+BYB+OKX""}, {""usdt"": 8801670.0, ""borsa"": 1, ""fiyat"": 63800.0, ""kaynak"": ""BNB""}]","[{""usdt"": 14402180.0, ""borsa"": 3, ""fiyat"": 63875.0, ""kaynak"": ""BNB+BYB+OKX""}, {""usdt"": 10842823.0, ""borsa"": 1, ""fiyat"": 63950.0, ""kaynak"": ""BNB""}, {""usdt"": 10679536.0, ""borsa"": 1, ""fiyat"": 63900.0, ""kaynak"": ""BNB""}]",YOK,-0.0204,-0.0486,0.9994,0.2812,false,,false,,0,0,3,0,1,3,53.4,54.6,IZLE,,25,63834.6,,,,,SEVIYE,50,657.3,66,,,,,,,,,0,,20,897.7,20,,,
30690,2026-07-29 04:51:01.579623+00,63833.55,-2377321.2306723995,-1174429.985,11694858729.4982,0.00008766800000000002,48410477.81528998,0.0,60.9,BEKLE,true,0.0,0.0,1.6954,120.574,48068986.35984995,60.327,60.9,0.0,"[{""usdt"": 12840785.0, ""borsa"": 3, ""fiyat"": 63825.0, ""kaynak"": ""BNB+BYB+OKX""}, {""usdt"": 8583389.0, ""borsa"": 1, ""fiyat"": 63800.0, ""kaynak"": ""BNB""}, {""usdt"": 8510075.0, ""borsa"": 1, ""fiyat"": 63750.0, ""kaynak"": ""BNB""}]","[{""usdt"": 13101627.0, ""borsa"": 3, ""fiyat"": 63875.0, ""kaynak"": ""BNB+BYB+OKX""}, {""usdt"": 9859931.0, ""borsa"": 3, ""fiyat"": 63850.0, ""kaynak"": ""BNB+BYB+OKX""}, {""usdt"": 9782606.0, ""borsa"": 1, ""fiyat"": 63925.0, ""kaynak"": ""BNB""}]",YOK,-0.1082,0.0035,0.5573,0.099,false,,false,,0,2,3,0,0,3,50,51,IZLE,,25,63834.6,,,,,SEVIYE,50,658.3,66,,,,,,,,,0,,20,898.7,20,,,
30691,2026-07-29 04:52:01.852956+00,63896.05,-1764264.236178998,-1033583.758,11698879107.9561,0.00008766800000000002,49706144.334340006,0.0,69.3,BEKLE,true,0.0,0.0,1.6954,60.238,55141288.07241988,60.238,69.3,0.0,"[{""usdt"": 10842462.0, ""borsa"": 3, ""fiyat"": 63825.0, ""kaynak"": ""BNB+BYB+OKX""}, {""usdt"": 10560732.0, ""borsa"": 1, ""fiyat"": 63775.0, ""kaynak"": ""BNB""}, {""usdt"": 10351924.0, ""borsa"": 3, ""fiyat"": 63850.0, ""kaynak"": ""BNB+BYB+OKX""}]","[{""usdt"": 21276857.0, ""borsa"": 3, ""fiyat"": 63875.0, ""kaynak"": ""BNB+BYB+OKX""}, {""usdt"": 9441705.0, ""borsa"": 1, ""fiyat"": 63925.0, ""kaynak"": ""BNB""}, {""usdt"": 8585278.0, ""borsa"": 1, ""fiyat"": 63950.0, ""kaynak"": ""BNB""}]",YOK,-0.0608,-0.0518,0.6426,0.4421,false,,false,,0,0,3,1,1,3,46.4,47.4,IZLE,,25,63896.3,,,,,SEVIYE,75,659.3,66,,,,,,,,,0,,20,899.7,20,,,
30692,2026-07-29 04:53:02.136175+00,63881.95,-2416551.807787397,-908899.556,11697923690.8917,0.00008766800000000002,48630029.85764009,0.0,50.1,BEKLE,true,0.0,0.0,1.6954,0,50592649.671569996,0,50.1,0.0,"[{""usdt"": 14316075.0, ""borsa"": 3, ""fiyat"": 63875.0, ""kaynak"": ""BNB+BYB+OKX""}, {""usdt"": 13102349.0, ""borsa"": 1, ""fiyat"": 63800.0, ""kaynak"": ""BNB""}, {""usdt"": 8459932.0, ""borsa"": 1, ""fiyat"": 63825.0, ""kaynak"": ""BNB""}]","[{""usdt"": 11789403.0, ""borsa"": 1, ""fiyat"": 64000.0, ""kaynak"": ""BNB""}, {""usdt"": 10493503.0, ""borsa"": 1, ""fiyat"": 63950.0, ""kaynak"": ""BNB""}, {""usdt"": 10020210.0, ""borsa"": 3, ""fiyat"": 63925.0, ""kaynak"": ""BNB+BYB+OKX""}]",YOK,0.0431,-0.0198,0.6935,0.0583,false,,false,0,1,0,3,0,0,3,42.9,43.9,IZLE,,25,63896.3,,,,,SEVIYE,75,660.3,66,,,,,,,,,0,,20,900.7,20,,,
30693,2026-07-29 04:54:02.424272+00,63895.649999999994,-2240865.137200097,-872297.648,11699462144.2828,0.00008766800000000002,49519469.06972003,0.0,62.1,BEKLE,true,0.0,0.0,1.6954,60.274,63789641.18960004,60.274,62.1,0.0,"[{""usdt"": 13966349.0, ""borsa"": 3, ""fiyat"": 63875.0, ""kaynak"": ""BNB+BYB+OKX""}, {""usdt"": 12973773.0, ""borsa"": 1, ""fiyat"": 63800.0, ""kaynak"": ""BNB""}, {""usdt"": 8138771.0, ""borsa"": 1, ""fiyat"": 63825.0, ""kaynak"": ""BNB""}]","[{""usdt"": 23586665.0, ""borsa"": 3, ""fiyat"": 63925.0, ""kaynak"": ""BNB+BYB+OKX""}, {""usdt"": 11108113.0, ""borsa"": 1, ""fiyat"": 64000.0, ""kaynak"": ""BNB""}, {""usdt"": 8856043.0, ""borsa"": 1, ""fiyat"": 63975.0, ""kaynak"": ""BNB""}]",YOK,0.0485,-0.1259,0.6643,0.1682,false,9.2716,false,,1,0,3,0,2,3,39.3,40.4,IZLE,,25,63903.5,,,,,SEVIYE,75,661.3,67,,,,,,,,,0,,20,1322.3,20,,,
30694,2026-07-29 04:55:02.647183+00,63904.25,-2133291.2984006936,-850401.0360000001,11700771012.4352,0.00008766800000000002,47599399.21494006,0.0,77.8,BEKLE,true,0.0,0.0,1.6954,120.55,54490888.228160016,120.55,77.8,0.0,"[{""usdt"": 12631361.0, ""borsa"": 1, ""fiyat"": 63800.0, ""kaynak"": ""BNB""}, {""usdt"": 11097825.0, ""borsa"": 3, ""fiyat"": 63850.0, ""kaynak"": ""BNB+BYB+OKX""}, {""usdt"": 9814843.0, ""borsa"": 3, ""fiyat"": 63875.0, ""kaynak"": ""BNB+BYB+OKX""}]","[{""usdt"": 17678979.0, ""borsa"": 3, ""fiyat"": 63900.0, ""kaynak"": ""BNB+BYB+OKX""}, {""usdt"": 10479343.0, ""borsa"": 1, ""fiyat"": 64000.0, ""kaynak"": ""BNB""}, {""usdt"": 9815808.0, ""borsa"": 1, ""fiyat"": 63950.0, ""kaynak"": ""BNB""}]",YOK,-0.0107,-0.0675,0.6272,0.5019,false,,false,0,0,0,3,0,1,3,35.8,36.9,IZLE,,25,63903.5,,,,,SEVIYE,75,662.3,67,,,,,,,,,0,,20,1323.3,20,,,
30695,2026-07-29 04:56:02.954527+00,63898.25,-1943003.8930545987,-768543.6180000001,11703828940.815498,0.00008766800000000002,44808715.80496003,0.0,34.5,BEKLE,false,0.0,0.0,1.6954,180.831,65957463.42369997,180.831,0.0,34.5,"[{""usdt"": 10770470.0, ""borsa"": 3, ""fiyat"": 63850.0, ""kaynak"": ""BNB+BYB+OKX""}, {""usdt"": 10232033.0, ""borsa"": 1, ""fiyat"": 63800.0, ""kaynak"": ""BNB""}, {""usdt"": 8132833.0, ""borsa"": 1, ""fiyat"": 63825.0, ""kaynak"": ""BNB""}]","[{""usdt"": 21871215.0, ""borsa"": 3, ""fiyat"": 63900.0, ""kaynak"": ""BNB+BYB+OKX""}, {""usdt"": 10644363.0, ""borsa"": 1, ""fiyat"": 64000.0, ""kaynak"": ""BNB""}, {""usdt"": 10177006.0, ""borsa"": 1, ""fiyat"": 63950.0, ""kaynak"": ""BNB""}]",YOK,-0.0647,-0.1909,0.4159,3.4227,false,,false,0,0,1,3,0,3,3,32.2,33.3,IZLE,,25,63903.5,,,,,SEVIYE,75,663.3,67,,,,,,,,,0,,20,1324.3,20,,,
30696,2026-07-29 04:57:03.244885+00,63901.649999999994,-1961017.7589730984,-1100140.1449999998,11705502717.7469,0.00008766800000000002,46829429.216550045,0.0,14.6,BEKLE,true,0.0,0.0,1.694,0,67761648.21211992,241.102,14.6,0.0,"[{""usdt"": 10936180.0, ""borsa"": 3, ""fiyat"": 63875.0, ""kaynak"": ""BNB+BYB+OKX""}, {""usdt"": 10431886.0, ""borsa"": 1, ""fiyat"": 63800.0, ""kaynak"": ""BNB""}, {""usdt"": 8893977.0, ""borsa"": 1, ""fiyat"": 63850.0, ""kaynak"": ""BNB""}]","[{""usdt"": 30216356.0, ""borsa"": 3, ""fiyat"": 63925.0, ""kaynak"": ""BNB+BYB+OKX""}, {""usdt"": 10480757.0, ""borsa"": 1, ""fiyat"": 64000.0, ""kaynak"": ""BNB""}, {""usdt"": 9208474.0, ""borsa"": 1, ""fiyat"": 63975.0, ""kaynak"": ""BNB""}]",YOK,0.0188,-0.1827,,,false,,false,0,1,0,3,0,2,3,28.7,29.7,IZLE,,25,63903.5,,,,,SEVIYE,75,664.3,67,,,,,,,,,0,,20,1325.3,20,,,
30697,2026-07-29 04:58:03.514478+00,63898.55,-2029093.0918082974,-1134203.229,11701741173.810299,0.00008766800000000002,46620413.43520001,0.0,20.1,BEKLE,true,0.0,0.0,1.694,60.281,56210669.02935998,301.383,20.1,0.0,"[{""usdt"": 11925074.0, ""borsa"": 3, ""fiyat"": 63850.0, ""kaynak"": ""BNB+BYB+OKX""}, {""usdt"": 11183786.0, ""borsa"": 1, ""fiyat"": 63800.0, ""kaynak"": ""BNB""}, {""usdt"": 10739593.0, ""borsa"": 3, ""fiyat"": 63875.0, ""kaynak"": ""BNB+BYB+OKX""}]","[{""usdt"": 17893346.0, ""borsa"": 3, ""fiyat"": 63900.0, ""kaynak"": ""BNB+BYB+OKX""}, {""usdt"": 9857160.0, ""borsa"": 1, ""fiyat"": 63925.0, ""kaynak"": ""BNB""}, {""usdt"": 9436415.0, ""borsa"": 1, ""fiyat"": 64000.0, ""kaynak"": ""BNB""}]",YOK,0.0326,-0.0933,0.5336,1.2621,false,,false,0,2,0,3,0,1,3,25.1,26.2,IZLE,,25,63903.5,,,,,SEVIYE,75,665.3,67,,,,,,,,,0,,20,1326.3,20,,,
30698,2026-07-29 04:59:03.819453+00,63915.05,-1919152.942204798,-986695.255,11707096257.295,0.00008766800000000002,50230198.54652,0.0,18.0,BEKLE,true,0.0,0.0,1.694,0,68693731.34042998,361.677,18.0,0.0,"[{""usdt"": 13817401.0, ""borsa"": 3, ""fiyat"": 63900.0, ""kaynak"": ""BNB+BYB+OKX""}, {""usdt"": 10096253.0, ""borsa"": 1, ""fiyat"": 63825.0, ""kaynak"": ""BNB""}, {""usdt"": 8750645.0, ""borsa"": 3, ""fiyat"": 63925.0, ""kaynak"": ""BNB+BYB+OKX""}]","[{""usdt"": 19635121.0, ""borsa"": 3, ""fiyat"": 63950.0, ""kaynak"": ""BNB+BYB+OKX""}, {""usdt"": 14414271.0, ""borsa"": 3, ""fiyat"": 63925.0, ""kaynak"": ""BNB+BYB+OKX""}, {""usdt"": 12135739.0, ""borsa"": 1, ""fiyat"": 64000.0, ""kaynak"": ""BNB""}]",SPOT,0.1562,-0.1553,,,false,,false,0,2,0,3,0,2,3,21.5,22.6,IZLE,,25,63903.5,,,,,SEVIYE,75,666.3,67,,,,,,,,,0,,20,1327.3,20,,,
30699,2026-07-29 05:00:04.095667+00,63947.25,-2092283.7742739022,-1017185.4569999999,11716799038.2202,0.00008766800000000002,58450250.50169995,1406.7723999999998,23.1,BEKLE,false,0.0,1406.7723999999998,1.694,60.292,68955352.27254,421.969,23.1,0.0,"[{""usdt"": 15313208.0, ""borsa"": 3, ""fiyat"": 63925.0, ""kaynak"": ""BNB+BYB+OKX""}, {""usdt"": 11916153.0, ""borsa"": 1, ""fiyat"": 63850.0, ""kaynak"": ""BNB""}, {""usdt"": 11535464.0, ""borsa"": 3, ""fiyat"": 63950.0, ""kaynak"": ""BNB+BYB+OKX""}]","[{""usdt"": 20371044.0, ""borsa"": 3, ""fiyat"": 63950.0, ""kaynak"": ""BNB+BYB+OKX""}, {""usdt"": 15827564.0, ""borsa"": 3, ""fiyat"": 63975.0, ""kaynak"": ""BNB+BYB+OKX""}, {""usdt"": 14380658.0, ""borsa"": 1, ""fiyat"": 64025.0, ""kaynak"": ""BNB""}]",YOK,0.1037,-0.0825,,,false,,false,,2,0,3,0,0,3,17.9,19,IZLE,,25,63903.5,,,,,SEVIYE,75,667.3,67,,,,,,,1785301140,1,0,,20,1328.3,20,,,
30700,2026-07-29 05:01:04.561083+00,63950.75,1372682.061572601,-525884.341,11719078742.744999,0.00008766800000000002,47255204.38071999,10616.378799999999,19.3,BEKLE,true,9209.606399999999,1406.7723999999998,1.694,60.274,60849049.24306004,482.243,0.0,19.3,"[{""usdt"": 14487741.0, ""borsa"": 3, ""fiyat"": 63925.0, ""kaynak"": ""BNB+BYB+OKX""}, {""usdt"": 9066395.0, ""borsa"": 3, ""fiyat"": 63950.0, ""kaynak"": ""BNB+BYB+OKX""}, {""usdt"": 8728317.0, ""borsa"": 1, ""fiyat"": 63850.0, ""kaynak"": ""BNB""}]","[{""usdt"": 14131534.0, ""borsa"": 1, ""fiyat"": 64025.0, ""kaynak"": ""BNB""}, {""usdt"": 13469850.0, ""borsa"": 3, ""fiyat"": 63975.0, ""kaynak"": ""BNB+BYB+OKX""}, {""usdt"": 12369882.0, ""borsa"": 3, ""fiyat"": 63950.0, ""kaynak"": ""BNB+BYB+OKX""}]",YOK,0.0245,-0.1257,0.9009,0.7873,false,,false,0,0,0,3,1,1,3,14.4,15.5,IZLE,,25,63903.5,,,,,SEVIYE,75,668.4,67,,,,,,,1785301200,1,0,,20,1329.3,20,,,
30701,2026-07-29 05:02:05.112478+00,63960.05,1226417.1181641018,-1528878.7349999999,11725286050.048199,0.00008766800000000002,49469784.54114993,11447.727499999999,33.9,BEKLE,false,9209.606399999999,2238.1211,1.694,121.005,65159138.45668999,542.974,33.9,0.0,"[{""usdt"": 14295858.0, ""borsa"": 3, ""fiyat"": 63925.0, ""kaynak"": ""BNB+BYB+OKX""}, {""usdt"": 11303717.0, ""borsa"": 3, ""fiyat"": 63950.0, ""kaynak"": ""BNB+BYB+OKX""}, {""usdt"": 10292035.0, ""borsa"": 1, ""fiyat"": 63875.0, ""kaynak"": ""BNB""}]","[{""usdt"": 17224639.0, ""borsa"": 3, ""fiyat"": 63975.0, ""kaynak"": ""BNB+BYB+OKX""}, {""usdt"": 14338551.0, ""borsa"": 1, ""fiyat"": 64050.0, ""kaynak"": ""BNB""}, {""usdt"": 12002280.0, ""borsa"": 1, ""fiyat"": 64025.0, ""kaynak"": ""BNB""}]",YOK,0.1218,-0.1369,0.8318,0.8411,false,,false,0,2,0,3,1,2,3,11.3,12.3,IZLE,,25,64007.9,,,,,SEVIYE,75,1400.4,140,,,,,,,1785301260,2,0,,20,1330.3,20,,,
30702,2026-07-29 05:03:05.431269+00,63962.850000000006,1226417.1181641018,-1528878.7349999999,11725286050.048199,0.00008766800000000002,51593649.16037997,11447.727499999999,36.3,BEKLE,false,9209.606399999999,2238.1211,1.694,181.309,63079080.347549945,603.278,36.3,0.0,"[{""usdt"": 14330267.0, ""borsa"": 3, ""fiyat"": 63925.0, ""kaynak"": ""BNB+BYB+OKX""}, {""usdt"": 11600193.0, ""borsa"": 3, ""fiyat"": 63950.0, ""kaynak"": ""BNB+BYB+OKX""}, {""usdt"": 10158938.0, ""borsa"": 1, ""fiyat"": 63850.0, ""kaynak"": ""BNB""}]","[{""usdt"": 14799551.0, ""borsa"": 1, ""fiyat"": 64025.0, ""kaynak"": ""BNB""}, {""usdt"": 12593315.0, ""borsa"": 3, ""fiyat"": 63975.0, ""kaynak"": ""BNB+BYB+OKX""}, {""usdt"": 12015355.0, ""borsa"": 1, ""fiyat"": 64000.0, ""kaynak"": ""BNB""}]",YOK,0.0666,-0.1002,0.8459,0.9221,false,,false,0,2,0,3,0,0,3,7.7,8.8,IZLE,,25,64007.9,,,,,SEVIYE,75,1401.4,140,,,,,,,1785301260,2,0,,20,1331.3,20,,,
30703,2026-07-29 05:04:05.686791+00,63961.05,1315485.2249935034,-1620728.1870000002,11725136404.149801,0.00008766800000000002,52433256.67019999,11447.727499999999,47.6,BEKLE,false,9209.606399999999,2238.1211,1.694,241.605,57003723.36967995,663.574,47.6,0.0,"[{""usdt"": 14857673.0, ""borsa"": 3, ""fiyat"": 63950.0, ""kaynak"": ""BNB+BYB+OKX""}, {""usdt"": 10757341.0, ""borsa"": 3, ""fiyat"": 63925.0, ""kaynak"": ""BNB+BYB+OKX""}, {""usdt"": 9577866.0, ""borsa"": 1, ""fiyat"": 63875.0, ""kaynak"": ""BNB""}]","[{""usdt"": 14260015.0, ""borsa"": 3, ""fiyat"": 63975.0, ""kaynak"": ""BNB+BYB+OKX""}, {""usdt"": 13843817.0, ""borsa"": 1, ""fiyat"": 64050.0, ""kaynak"": ""BNB""}, {""usdt"": 12467676.0, ""borsa"": 2, ""fiyat"": 64000.0, ""kaynak"": ""BNB+BYB""}]",YOK,0.1085,-0.0418,0.7721,0.6012,false,,false,0,2,0,3,0,1,3,3.9,4.9,IZLE,,25,64000.5,,,,,SEVIYE,75,1402.4,141,,,,,,,1785301260,2,1,,19,1332.3,19,,,
30704,2026-07-29 05:05:06.082058+00,63935.75,1066802.414452199,-112296.71199999981,11722060829.7337,0.00008766800000000002,48549671.48419997,10296.804699999999,56.0,BEKLE,true,9209.606399999999,1087.1983,1.694,60.283,55888351.18757998,723.857,0.0,56.0,"[{""usdt"": 9162158.0, ""borsa"": 3, ""fiyat"": 63925.0, ""kaynak"": ""BNB+BYB+OKX""}, {""usdt"": 8975031.0, ""borsa"": 1, ""fiyat"": 63825.0, ""kaynak"": ""BNB""}, {""usdt"": 8971250.0, ""borsa"": 1, ""fiyat"": 63850.0, ""kaynak"": ""BNB""}]","[{""usdt"": 15867614.0, ""borsa"": 3, ""fiyat"": 63975.0, ""kaynak"": ""BNB+BYB+OKX""}, {""usdt"": 12272969.0, ""borsa"": 2, ""fiyat"": 64000.0, ""kaynak"": ""BNB+BYB""}, {""usdt"": 11435563.0, ""borsa"": 1, ""fiyat"": 64025.0, ""kaynak"": ""BNB""}]",YOK,0.1421,-0.0703,0.6987,0.1392,false,,false,0.8656,2,0,3,0,1,3,63.7,62.7,IZLE,,25,63894.9,,,,,SEVIYE,75,672.4,68,,,,,,,1785301380,2,0,,19,1333.3,19,,,
30705,2026-07-29 05:06:06.381312+00,63931.149999999994,-2380410.6455068025,450392.2320000001,11722301978.1848,0.00008766800000000002,47873558.23617998,1087.1983,75.8,BEKLE,true,0.0,1087.1983,1.694,120.67,56028298.24616999,784.244,0.0,75.8,"[{""usdt"": 11257370.0, ""borsa"": 3, ""fiyat"": 63900.0, ""kaynak"": ""BNB+BYB+OKX""}, {""usdt"": 10935253.0, ""borsa"": 3, ""fiyat"": 63925.0, ""kaynak"": ""BNB+BYB+OKX""}, {""usdt"": 8975031.0, ""borsa"": 1, ""fiyat"": 63825.0, ""kaynak"": ""BNB""}]","[{""usdt"": 14560066.0, ""borsa"": 3, ""fiyat"": 63950.0, ""kaynak"": ""BNB+BYB+OKX""}, {""usdt"": 12101611.0, ""borsa"": 1, ""fiyat"": 64000.0, ""kaynak"": ""BNB""}, {""usdt"": 11435563.0, ""borsa"": 1, ""fiyat"": 64025.0, ""kaynak"": ""BNB""}]",YOK,0.0281,-0.0785,0.7185,0.2053,false,,false,0.3459,0,0,3,0,0,3,60.7,61.8,IZLE,,25,63894.9,,,,,SEVIYE,75,673.4,68,,,,,,,1785301380,2,0,,19,1334.3,19,,,
30706,2026-07-29 05:07:06.66813+00,63957.75,-2169885.804845802,497525.54000000027,11721661610.948399,0.00008766800000000002,48755646.80227997,255.8496,100.0,BEKLE,,0.0,255.8496,1.6896,0,66027242.511329964,844.541,0.0,100.0,"[{""usdt"": 14662308.0, ""borsa"": 3, ""fiyat"": 63900.0, ""kaynak"": ""BNB+BYB+OKX""}, {""usdt"": 9467880.0, ""borsa"": 1, ""fiyat"": 63850.0, ""kaynak"": ""BNB""}, {""usdt"": 8050749.0, ""borsa"": 1, ""fiyat"": 63825.0, ""kaynak"": ""BNB""}]","[{""usdt"": 22238490.0, ""borsa"": 3, ""fiyat"": 63950.0, ""kaynak"": ""BNB+BYB+OKX""}, {""usdt"": 14311884.0, ""borsa"": 1, ""fiyat"": 64025.0, ""kaynak"": ""BNB""}, {""usdt"": 13408557.0, ""borsa"": 1, ""fiyat"": 64000.0, ""kaynak"": ""BNB""}]",YOK,0.0405,-0.1505,0.5268,0.0195,false,,false,0.3086,0,0,3,0,1,3,57.1,58.2,IZLE,,25,64000.5,,,,,SEVIYE,75,1405.4,141,,,,,,,1785301380,1,0,,19,1335.4,19,,,
30707,2026-07-29 05:08:07.004447+00,63959.95,-2196382.1731313006,595862.2890000001,11725532616.5844,0.00008766800000000002,47823828.57793996,255.8496,100.0,BEKLE,false,0.0,255.8496,1.6896,0,71359363.95402001,904.855,0.0,100.0,"[{""usdt"": 18701422.0, ""borsa"": 3, ""fiyat"": 63925.0, ""kaynak"": ""BNB+BYB+OKX""}, {""usdt"": 10398108.0, ""borsa"": 3, ""fiyat"": 63900.0, ""kaynak"": ""BNB+BYB+OKX""}, {""usdt"": 8352109.0, ""borsa"": 1, ""fiyat"": 63850.0, ""kaynak"": ""BNB""}]","[{""usdt"": 15817637.0, ""borsa"": 3, ""fiyat"": 63975.0, ""kaynak"": ""BNB+BYB+OKX""}, {""usdt"": 14375724.0, ""borsa"": 3, ""fiyat"": 63950.0, ""kaynak"": ""BNB+BYB+OKX""}, {""usdt"": 12721711.0, ""borsa"": 1, ""fiyat"": 64025.0, ""kaynak"": ""BNB""}]",YOK,0.0636,-0.1975,0.5169,0.024,false,,false,0.2817,0,0,3,0,2,3,53.3,54.4,IZLE,,25,64000.5,,,,,SEVIYE,75,1406.4,141,,,,,,,1785301380,1,1,,19,1336.4,19,,,
30708,2026-07-29 05:09:07.308886+00,63959.75,-1676915.888538899,798361.5370000002,11725920921.9795,0.00008766800000000002,50446727.98270999,0.0,79.5,BEKLE,true,0.0,0.0,1.6896,60.313,59605902.41459994,965.168,0.0,79.5,"[{""usdt"": 13075130.0, ""borsa"": 3, ""fiyat"": 63950.0, ""kaynak"": ""BNB+BYB+OKX""}, {""usdt"": 12948922.0, ""borsa"": 3, ""fiyat"": 63925.0, ""kaynak"": ""BNB+BYB+OKX""}, {""usdt"": 9154371.0, ""borsa"": 1, ""fiyat"": 63875.0, ""kaynak"": ""BNB""}]","[{""usdt"": 17287692.0, ""borsa"": 3, ""fiyat"": 63975.0, ""kaynak"": ""BNB+BYB+OKX""}, {""usdt"": 12538035.0, ""borsa"": 1, ""fiyat"": 64000.0, ""kaynak"": ""BNB""}, {""usdt"": 12495251.0, ""borsa"": 1, ""fiyat"": 64025.0, ""kaynak"": ""BNB""}]",YOK,0.1053,-0.0832,0.451,0.0107,false,,false,0.342,0,0,3,1,1,3,49.8,50.8,IZLE,,25,64000.5,,,,,SEVIYE,75,1407.5,141,,,,,,,,,0,,19,1337.4,19,,,
30709,2026-07-29 05:10:07.586711+00,63948.05,-1999334.6891152007,891789.523,11724951019.0347,0.00008766800000000002,50250481.38089,0.0,69.5,BEKLE,false,0.0,0.0,1.6896,60.291,58139316.89551995,1025.459,0.0,69.5,"[{""usdt"": 12254902.0, ""borsa"": 3, ""fiyat"": 63925.0, ""kaynak"": ""BNB+BYB+OKX""}, {""usdt"": 11356316.0, ""borsa"": 3, ""fiyat"": 63950.0, ""kaynak"": ""BNB+BYB+OKX""}, {""usdt"": 9892072.0, ""borsa"": 1, ""fiyat"": 63850.0, ""kaynak"": ""BNB""}]","[{""usdt"": 14502414.0, ""borsa"": 1, ""fiyat"": 64000.0, ""kaynak"": ""BNB""}, {""usdt"": 14305546.0, ""borsa"": 3, ""fiyat"": 63975.0, ""kaynak"": ""BNB+BYB+OKX""}, {""usdt"": 10576398.0, ""borsa"": 1, ""fiyat"": 64025.0, ""kaynak"": ""BNB""}]",YOK,0.1041,-0.0728,0.6697,0.1471,false,,false,0.3756,0,0,3,1,0,3,46.2,47.3,IZLE,,25,64000.5,,,,,SEVIYE,75,1408.5,141,,,,,,,,,0,,19,1338.4,19,,,
30710,2026-07-29 05:11:08.211059+00,63981.350000000006,-1457051.8563262008,970398.7259999999,11726479341.3316,0.00008766800000000002,49403420.58920002,0.0,35.9,BEKLE,true,0.0,0.0,1.6896,0,59123141.354300015,1085.7,0.0,35.9,"[{""usdt"": 16071797.0, ""borsa"": 3, ""fiyat"": 63925.0, ""kaynak"": ""BNB+BYB+OKX""}, {""usdt"": 9889184.0, ""borsa"": 1, ""fiyat"": 63850.0, ""kaynak"": ""BNB""}, {""usdt"": 9251620.0, ""borsa"": 1, ""fiyat"": 63875.0, ""kaynak"": ""BNB""}]","[{""usdt"": 14027729.0, ""borsa"": 1, ""fiyat"": 64000.0, ""kaynak"": ""BNB""}, {""usdt"": 13361638.0, ""borsa"": 1, ""fiyat"": 64025.0, ""kaynak"": ""BNB""}, {""usdt"": 10272715.0, ""borsa"": 3, ""fiyat"": 63975.0, ""kaynak"": ""BNB+BYB+OKX""}]",YOK,0.0478,-0.0896,0.5411,1.6103,false,,false,1.2066,0,0,3,0,0,3,42.6,43.7,IZLE,,25,64000.5,,,,,SEVIYE,75,1409.5,141,,,,,,,,,0,,19,1339.4,19,,,
30711,2026-07-29 05:12:08.641384+00,63981.55,-982054.9050017999,1227410.0159999998,11732104593.0236,0.00008766800000000002,49524137.15097008,1535.685,59.6,BEKLE,true,0.0,1535.685,1.6874,60.755,80362040.14772996,1146.455,0.0,59.6,"[{""usdt"": 13572373.0, ""borsa"": 3, ""fiyat"": 63975.0, ""kaynak"": ""BNB+BYB+OKX""}, {""usdt"": 9992400.0, ""borsa"": 3, ""fiyat"": 63950.0, ""kaynak"": ""BNB+BYB+OKX""}, {""usdt"": 8913734.0, ""borsa"": 1, ""fiyat"": 63900.0, ""kaynak"": ""BNB""}]","[{""usdt"": 33900447.0, ""borsa"": 3, ""fiyat"": 64000.0, ""kaynak"": ""BNB+BYB+OKX""}, {""usdt"": 14203053.0, ""borsa"": 1, ""fiyat"": 64100.0, ""kaynak"": ""BNB""}, {""usdt"": 12149460.0, ""borsa"": 1, ""fiyat"": 64025.0, ""kaynak"": ""BNB""}]",SPOT,0.1601,-0.2374,0.5194,0.5694,false,,false,1.6336,2,0,3,0,3,3,39.5,40.6,IZLE,,25,64000.5,,,,,SEVIYE,75,1410.5,141,,,,,,,1785301860,2,0,,19,1340.4,19,,,
30712,2026-07-29 05:13:08.914244+00,63977.649999999994,-1151466.8200577002,1266581.8439999998,11733781563.8455,0.00008766800000000002,50216978.06437012,2879.7336,57.1,BEKLE,true,0.0,2879.7336,1.6874,60.306,74947586.48587002,1206.761,0.0,57.1,"[{""usdt"": 14587118.0, ""borsa"": 3, ""fiyat"": 63950.0, ""kaynak"": ""BNB+BYB+OKX""}, {""usdt"": 10560442.0, ""borsa"": 1, ""fiyat"": 63875.0, ""kaynak"": ""BNB""}, {""usdt"": 9364952.0, ""borsa"": 1, ""fiyat"": 63900.0, ""kaynak"": ""BNB""}]","[{""usdt"": 27240313.0, ""borsa"": 3, ""fiyat"": 64000.0, ""kaynak"": ""BNB+BYB+OKX""}, {""usdt"": 11311066.0, ""borsa"": 1, ""fiyat"": 64100.0, ""kaynak"": ""BNB""}, {""usdt"": 11226564.0, ""borsa"": 1, ""fiyat"": 64025.0, ""kaynak"": ""BNB""}]",YOK,0.1189,-0.1976,0.5085,0.4713,false,,false,1.9086,1,0,3,0,3,3,36,37,IZLE,,25,64000.5,,,,,SEVIYE,75,1411.5,141,,,,,,,1785301860,2,0,,19,1341.4,19,,,
30713,2026-07-29 05:14:09.305807+00,63981.45,-1241610.7156018016,1258866.6209999998,11731060119.715698,0.00008766800000000002,50693739.77685004,2879.7336,49.7,BEKLE,true,0.0,2879.7336,1.6874,120.646,80644553.67808002,1267.101,0.0,49.7,"[{""usdt"": 14066352.0, ""borsa"": 3, ""fiyat"": 63950.0, ""kaynak"": ""BNB+BYB+OKX""}, {""usdt"": 10689929.0, ""borsa"": 1, ""fiyat"": 63875.0, ""kaynak"": ""BNB""}, {""usdt"": 8636666.0, ""borsa"": 3, ""fiyat"": 63975.0, ""kaynak"": ""BNB+BYB+OKX""}]","[{""usdt"": 36796034.0, ""borsa"": 3, ""fiyat"": 64000.0, ""kaynak"": ""BNB+BYB+OKX""}, {""usdt"": 12871817.0, ""borsa"": 1, ""fiyat"": 64050.0, ""kaynak"": ""BNB""}, {""usdt"": 10328902.0, ""borsa"": 1, ""fiyat"": 64100.0, ""kaynak"": ""BNB""}]",SPOT,0.1574,-0.228,0.3815,1.0529,false,,false,2.2444,2,0,3,0,3,3,32.4,33.5,IZLE,,25,63997.1,,,,,SEVIYE,75,1412.5,142,,,,,,,1785301860,2,1,,16,1412.5,16,,,
30714,2026-07-29 05:15:09.58084+00,63971.25,-1122549.9077414037,237680.797,11733073293.613499,0.00008766800000000002,50735153.83629,3007.6966,38.9,BEKLE,,127.96300000000001,2879.7336,1.6874,180.963,58875477.674919985,1327.418,38.9,0.0,"[{""usdt"": 17596780.0, ""borsa"": 3, ""fiyat"": 63950.0, ""kaynak"": ""BNB+BYB+OKX""}, {""usdt"": 10804898.0, ""borsa"": 1, ""fiyat"": 63875.0, ""kaynak"": ""BNB""}, {""usdt"": 9039822.0, ""borsa"": 2, ""fiyat"": 63925.0, ""kaynak"": ""BNB+OKX""}]","[{""usdt"": 12591714.0, ""borsa"": 1, ""fiyat"": 64050.0, ""kaynak"": ""BNB""}, {""usdt"": 12351411.0, ""borsa"": 3, ""fiyat"": 64000.0, ""kaynak"": ""BNB+BYB+OKX""}, {""usdt"": 11429665.0, ""borsa"": 3, ""fiyat"": 63975.0, ""kaynak"": ""BNB+BYB+OKX""}]",YOK,0.1045,-0.0743,0.4666,0.6836,false,0.7237,false,,1,0,3,0,0,3,28.8,29.8,IZLE,,25,63997.1,,,,,SEVIYE,75,1413.5,142,,,,,,,1785301980,2,0,,16,1413.5,16,,,
30715,2026-07-29 05:16:09.915652+00,63927.649999999994,300665.5076163929,-303262.97000000003,11729082368.5832,0.00008766800000000002,59864482.08460001,1855.9360000000001,37.3,BEKLE,true,127.96300000000001,1727.9730000000002,1.6874,0,56703272.68701002,1387.714,37.3,0.0,"[{""usdt"": 19842334.0, ""borsa"": 3, ""fiyat"": 63900.0, ""kaynak"": ""BNB+BYB+OKX""}, {""usdt"": 13461128.0, ""borsa"": 3, ""fiyat"": 63925.0, ""kaynak"": ""BNB+BYB+OKX""}, {""usdt"": 9873892.0, ""borsa"": 1, ""fiyat"": 63825.0, ""kaynak"": ""BNB""}]","[{""usdt"": 14116840.0, ""borsa"": 1, ""fiyat"": 64025.0, ""kaynak"": ""BNB""}, {""usdt"": 13925981.0, ""borsa"": 3, ""fiyat"": 63950.0, ""kaynak"": ""BNB+BYB+OKX""}, {""usdt"": 9513520.0, ""borsa"": 1, ""fiyat"": 63975.0, ""kaynak"": ""BNB""}]",YOK,0.0432,0.0271,0.4739,0.8012,true,0.2109,false,,1,1,3,1,0,3,25.2,26.3,IZLE,,25,63901.5,,,,,SEVIYE,75,683.5,69,PCT,0.51,1.6017506265095318,0.3899503108597721,false,0.004,1785301980,1,0,,16,1414.5,16,,,
30716,2026-07-29 05:17:11.274521+00,63924.95,41677.55135249256,-426891.39400000003,11724928766.6744,0.00008766800000000002,48761288.70947,127.96300000000001,35.5,BEKLE,true,127.96300000000001,0.0,1.6874,61.292,65488431.80163998,1449.006,35.5,0.0,"[{""usdt"": 15383103.0, ""borsa"": 3, ""fiyat"": 63900.0, ""kaynak"": ""BNB+BYB+OKX""}, {""usdt"": 8580261.0, ""borsa"": 1, ""fiyat"": 63825.0, ""kaynak"": ""BNB""}, {""usdt"": 8354479.0, ""borsa"": 1, ""fiyat"": 63875.0, ""kaynak"": ""BNB""}]","[{""usdt"": 17750195.0, ""borsa"": 3, ""fiyat"": 63925.0, ""kaynak"": ""BNB+BYB+OKX""}, {""usdt"": 12879027.0, ""borsa"": 1, ""fiyat"": 64025.0, ""kaynak"": ""BNB""}, {""usdt"": 12624265.0, ""borsa"": 1, ""fiyat"": 64000.0, ""kaynak"": ""BNB""}]",YOK,0.0477,-0.1464,0.2877,0.8802,true,0.3547,false,,0,1,3,0,1,3,22.6,23.7,IZLE,,25,63901.5,,,,,SEVIYE,75,684.5,69,,,,,,,1785301980,1,0,,16,1415.5,16,,,
30717,2026-07-29 05:18:11.583814+00,63902.149999999994,59680.68808939279,-464818.876,11720046464.3679,0.00008766800000000002,50632470.193590045,127.96300000000001,37.8,BEKLE,true,127.96300000000001,0.0,1.6867,121.732,66555775.34086999,1509.446,37.8,0.0,"[{""usdt"": 14582958.0, ""borsa"": 3, ""fiyat"": 63875.0, ""kaynak"": ""BNB+BYB+OKX""}, {""usdt"": 10261989.0, ""borsa"": 1, ""fiyat"": 63825.0, ""kaynak"": ""BNB""}, {""usdt"": 9529146.0, ""borsa"": 3, ""fiyat"": 63900.0, ""kaynak"": ""BNB+BYB+OKX""}]","[{""usdt"": 17997325.0, ""borsa"": 3, ""fiyat"": 63925.0, ""kaynak"": ""BNB+BYB+OKX""}, {""usdt"": 13449699.0, ""borsa"": 1, ""fiyat"": 64000.0, ""kaynak"": ""BNB""}, {""usdt"": 10698365.0, ""borsa"": 1, ""fiyat"": 63975.0, ""kaynak"": ""BNB""}]",YOK,0.0276,-0.1359,0.3134,1.0814,true,0.3725,false,,0,1,3,0,1,3,18.9,20,IZLE,,25,63901.5,,,,,SEVIYE,75,685.5,69,,,,,,,1785301980,1,1,,16,1416.5,16,,,
30718,2026-07-29 05:19:11.84248+00,63904.149999999994,15549.706687092694,362814.67299999995,11721814298.7812,0.00008766800000000002,48145130.73778011,0.0,26.1,BEKLE,,0.0,0.0,1.6867,120.727,65048375.61642,1569.733,26.1,0.0,"[{""usdt"": 15094282.0, ""borsa"": 3, ""fiyat"": 63875.0, ""kaynak"": ""BNB+BYB+OKX""}, {""usdt"": 10613147.0, ""borsa"": 1, ""fiyat"": 63800.0, ""kaynak"": ""BNB""}, {""usdt"": 9827257.0, ""borsa"": 1, ""fiyat"": 63825.0, ""kaynak"": ""BNB""}]","[{""usdt"": 17973330.0, ""borsa"": 3, ""fiyat"": 63900.0, ""kaynak"": ""BNB+BYB+OKX""}, {""usdt"": 13735444.0, ""borsa"": 1, ""fiyat"": 64000.0, ""kaynak"": ""BNB""}, {""usdt"": 13184736.0, ""borsa"": 3, ""fiyat"": 63925.0, ""kaynak"": ""BNB+BYB+OKX""}]",YOK,0.0042,-0.1493,0.478,1.6265,true,0.2776,false,,0,1,3,0,2,3,15.3,16.5,IZLE,,25,63901.5,,,,,SEVIYE,75,686.5,69,,,,,,,,,0,,16,1417.5,16,,,
30719,2026-07-29 05:20:12.131452+00,63900.05,-22558.34363060718,361910.02599999995,11721807865.621899,0.00008766800000000002,49812035.135700084,0.0,20.1,BEKLE,false,0.0,0.0,1.6867,180.991,62098327.73480001,1629.997,0.0,20.1,"[{""usdt"": 14536091.0, ""borsa"": 3, ""fiyat"": 63875.0, ""kaynak"": ""BNB+BYB+OKX""}, {""usdt"": 10281973.0, ""borsa"": 1, ""fiyat"": 63800.0, ""kaynak"": ""BNB""}, {""usdt"": 9811681.0, ""borsa"": 1, ""fiyat"": 63825.0, ""kaynak"": ""BNB""}]","[{""usdt"": 14509756.0, ""borsa"": 3, ""fiyat"": 63925.0, ""kaynak"": ""BNB+BYB+OKX""}, {""usdt"": 13972017.0, ""borsa"": 1, ""fiyat"": 64000.0, ""kaynak"": ""BNB""}, {""usdt"": 12630206.0, ""borsa"": 3, ""fiyat"": 63900.0, ""kaynak"": ""BNB+BYB+OKX""}]",YOK,0.0349,-0.1098,0.8525,3.0541,true,0.0461,false,,0,0,3,0,2,3,11.7,12.8,IZLE,,25,63901.5,,,,,SEVIYE,75,687.5,69,,,,,,,,,0,,16,1418.5,16,,,
30720,2026-07-29 05:21:12.471467+00,63876.25,-830247.2124023068,-398355.195,11718742933.5122,0.00008766800000000002,42132815.71026,0.0,14.5,BEKLE,true,0.0,0.0,1.6802,60.329,61567408.580589995,1690.326,14.5,0.0,"[{""usdt"": 14378228.0, ""borsa"": 3, ""fiyat"": 63850.0, ""kaynak"": ""BNB+BYB+OKX""}, {""usdt"": 8081693.0, ""borsa"": 1, ""fiyat"": 63825.0, ""kaynak"": ""BNB""}, {""usdt"": 7234450.0, ""borsa"": 1, ""fiyat"": 63800.0, ""kaynak"": ""BNB""}]","[{""usdt"": 13929046.0, ""borsa"": 3, ""fiyat"": 63900.0, ""kaynak"": ""BNB+BYB+OKX""}, {""usdt"": 12366695.0, ""borsa"": 1, ""fiyat"": 64000.0, ""kaynak"": ""BNB""}, {""usdt"": 9426381.0, ""borsa"": 1, ""fiyat"": 63950.0, ""kaynak"": ""BNB""}]",YOK,-0.0303,-0.1874,0.8859,2.23,true,0.1298,false,,0,0,3,0,2,3,8.2,9.3,IZLE,,25,63901.5,,,,,SEVIYE,75,688.5,69,,,,,,,,,0,,16,1419.5,16,,,
30721,2026-07-29 05:22:12.942443+00,63909.149999999994,-355105.8185352068,-202826.175,11720058996.935398,0.00008766800000000002,49840204.61412001,0.0,28.6,BEKLE,false,0.0,0.0,1.6802,0,66387732.52074996,1750.636,0.0,28.6,"[{""usdt"": 15553061.0, ""borsa"": 3, ""fiyat"": 63875.0, ""kaynak"": ""BNB+BYB+OKX""}, {""usdt"": 10669442.0, ""borsa"": 1, ""fiyat"": 63825.0, ""kaynak"": ""BNB""}, {""usdt"": 8794058.0, ""borsa"": 1, ""fiyat"": 63800.0, ""kaynak"": ""BNB""}]","[{""usdt"": 16450633.0, ""borsa"": 3, ""fiyat"": 63925.0, ""kaynak"": ""BNB+BYB+OKX""}, {""usdt"": 13156609.0, ""borsa"": 1, ""fiyat"": 64000.0, ""kaynak"": ""BNB""}, {""usdt"": 10968179.0, ""borsa"": 3, ""fiyat"": 63900.0, ""kaynak"": ""BNB+BYB+OKX""}]",YOK,0.0247,-0.1424,0.5361,1.1825,true,0.117,false,,0,1,3,0,1,3,4.7,5.8,IZLE,,25,63901.5,,,,,SEVIYE,75,689.5,69,,,,,,,,,0,,16,1420.5,16,,,
30722,2026-07-29 05:23:13.340933+00,63971.850000000006,151736.53181819356,-109870.76500000001,11730313820.0332,0.00008766800000000002,51791564.62152002,0.0,30.5,BEKLE,true,0.0,0.0,1.6802,0,68219790.02305003,1811.115,0.0,30.5,"[{""usdt"": 17494721.0, ""borsa"": 3, ""fiyat"": 63875.0, ""kaynak"": ""BNB+BYB+OKX""}, {""usdt"": 11070530.0, ""borsa"": 3, ""fiyat"": 63900.0, ""kaynak"": ""BNB+BYB+OKX""}, {""usdt"": 8461909.0, ""borsa"": 1, ""fiyat"": 63850.0, ""kaynak"": ""BNB""}]","[{""usdt"": 15024377.0, ""borsa"": 1, ""fiyat"": 64000.0, ""kaynak"": ""BNB""}, {""usdt"": 12772662.0, ""borsa"": 1, ""fiyat"": 64025.0, ""kaynak"": ""BNB""}, {""usdt"": 12200958.0, ""borsa"": 1, ""fiyat"": 64050.0, ""kaynak"": ""BNB""}]",SPOT,0.1593,-0.1369,0.1448,6.0731,true,0.1218,false,,2,0,3,0,1,3,1.3,63.7,IZLE,,25,63997.1,,,,,SEVIYE,75,1421.6,142,,,,,,,,,0,,16,1421.6,16,,,
30723,2026-07-29 05:24:13.624074+00,63922.95,-569064.8191347071,-133078.32799999998,11733611747.4887,0.00008766800000000002,49061558.86529002,0.0,41.5,BEKLE,true,0.0,0.0,1.6802,60.375,63191323.458240025,1871.49,41.5,0.0,"[{""usdt"": 13319449.0, ""borsa"": 3, ""fiyat"": 63950.0, ""kaynak"": ""BNB+BYB+OKX""}, {""usdt"": 8843454.0, ""borsa"": 3, ""fiyat"": 63925.0, ""kaynak"": ""BNB+BYB+OKX""}, {""usdt"": 8820282.0, ""borsa"": 1, ""fiyat"": 63875.0, ""kaynak"": ""BNB""}]","[{""usdt"": 16306152.0, ""borsa"": 2, ""fiyat"": 64000.0, ""kaynak"": ""BNB+BYB""}, {""usdt"": 12983194.0, ""borsa"": 3, ""fiyat"": 63975.0, ""kaynak"": ""BNB+BYB+OKX""}, {""usdt"": 12772662.0, ""borsa"": 1, ""fiyat"": 64025.0, ""kaynak"": ""BNB""}]",SPOT,0.1593,-0.1259,0.4518,0.7577,true,0.1377,false,,2,0,3,0,1,3,61.7,62.8,HAZIRLAN,LONG,50,63901,63997.1,65000,63892.5,35.34,SEVIYE+EMILIM,75,691.5,70,,,,,,,,,0,2.43,15,1422.6,15,,,
30724,2026-07-29 05:25:13.912294+00,63953.350000000006,-592817.5733017062,-192081.83599999995,11733098102.3642,0.00008766800000000002,47531831.922250025,0.0,51.9,BEKLE,true,0.0,0.0,1.6802,120.661,55827286.1854,1931.776,51.9,0.0,"[{""usdt"": 15392334.0, ""borsa"": 3, ""fiyat"": 63900.0, ""kaynak"": ""BNB+BYB+OKX""}, {""usdt"": 9958094.0, ""borsa"": 1, ""fiyat"": 63850.0, ""kaynak"": ""BNB""}, {""usdt"": 8773554.0, ""borsa"": 1, ""fiyat"": 63825.0, ""kaynak"": ""BNB""}]","[{""usdt"": 11475525.0, ""borsa"": 1, ""fiyat"": 64000.0, ""kaynak"": ""BNB""}, {""usdt"": 11403356.0, ""borsa"": 1, ""fiyat"": 64025.0, ""kaynak"": ""BNB""}, {""usdt"": 11039505.0, ""borsa"": 3, ""fiyat"": 63925.0, ""kaynak"": ""BNB+BYB+OKX""}]",YOK,0.0391,-0.0803,0.4184,2.0398,true,0.2854,false,,0,0,3,0,1,3,58.2,59.3,IZLE,,25,63997.1,,,,,SEVIYE,75,1423.6,143,,,,,,,,,0,,15,1423.6,15,,,
30725,2026-07-29 05:26:14.23338+00,63929.45,-2394640.1192108993,-928305.8780000001,11735909031.9064,0.00008766800000000002,46791485.13007997,0.0,40.5,BEKLE,,0.0,0.0,1.6802,0,61341871.40972993,1992.094,40.5,0.0,"[{""usdt"": 14028726.0, ""borsa"": 3, ""fiyat"": 63925.0, ""kaynak"": ""BNB+BYB+OKX""}, {""usdt"": 9223611.0, ""borsa"": 1, ""fiyat"": 63875.0, ""kaynak"": ""BNB""}, {""usdt"": 8159368.0, ""borsa"": 3, ""fiyat"": 63950.0, ""kaynak"": ""BNB+BYB+OKX""}]","[{""usdt"": 16139819.0, ""borsa"": 3, ""fiyat"": 63975.0, ""kaynak"": ""BNB+BYB+OKX""}, {""usdt"": 14495574.0, ""borsa"": 1, ""fiyat"": 64000.0, ""kaynak"": ""BNB""}, {""usdt"": 12164343.0, ""borsa"": 1, ""fiyat"": 64050.0, ""kaynak"": ""BNB""}]",YOK,0.0339,-0.1346,0.6736,1.1951,false,0.821,false,,1,0,3,0,1,3,54.7,55.8,IZLE,,25,63901,,,,,SEVIYE,75,693.5,70,,,,,,,,,0,,15,1424.6,15,,,
30726,2026-07-29 05:27:14.551023+00,63940.05,-2330166.3164964,-908415.7720000001,11735700165.132599,0.00008766800000000002,47842559.25119001,0.0,45.9,BEKLE,true,0.0,0.0,1.6759,0,53292899.70692997,2052.431,45.9,0.0,"[{""usdt"": 13944750.0, ""borsa"": 3, ""fiyat"": 63900.0, ""kaynak"": ""BNB+BYB+OKX""}, {""usdt"": 10193652.0, ""borsa"": 1, ""fiyat"": 63825.0, ""kaynak"": ""BNB""}, {""usdt"": 9275076.0, ""borsa"": 1, ""fiyat"": 63850.0, ""kaynak"": ""BNB""}]","[{""usdt"": 15620926.0, ""borsa"": 1, ""fiyat"": 64000.0, ""kaynak"": ""BNB""}, {""usdt"": 14874964.0, ""borsa"": 3, ""fiyat"": 63950.0, ""kaynak"": ""BNB+BYB+OKX""}, {""usdt"": 10042364.0, ""borsa"": 1, ""fiyat"": 64025.0, ""kaynak"": ""BNB""}]",YOK,-0.0253,-0.0539,0.6618,0.5399,false,0.7415,false,,0,0,3,0,0,3,51.2,52.3,IZLE,,25,63901,,,,,SEVIYE,75,694.5,70,,,,,,,,,0,,15,1425.6,15,,,
30727,2026-07-29 05:28:15.148795+00,63949.45,-1880559.1987711997,-890409.321,11738967835.228802,0.00008766800000000002,45304709.10946998,0.0,35.4,BEKLE,true,0.0,0.0,1.6759,60.302,73359811.04585996,2112.733,35.4,0.0,"[{""usdt"": 15195145.0, ""borsa"": 3, ""fiyat"": 63925.0, ""kaynak"": ""BNB+BYB+OKX""}, {""usdt"": 11826305.0, ""borsa"": 1, ""fiyat"": 63850.0, ""kaynak"": ""BNB""}, {""usdt"": 7445072.0, ""borsa"": 3, ""fiyat"": 63900.0, ""kaynak"": ""BNB+BYB+OKX""}]","[{""usdt"": 26179646.0, ""borsa"": 3, ""fiyat"": 63950.0, ""kaynak"": ""BNB+BYB+OKX""}, {""usdt"": 12642636.0, ""borsa"": 1, ""fiyat"": 64000.0, ""kaynak"": ""BNB""}, {""usdt"": 12560874.0, ""borsa"": 1, ""fiyat"": 64025.0, ""kaynak"": ""BNB""}]",YOK,0.0231,-0.2364,0.6454,0.3706,false,0.6538,false,,1,0,3,0,3,3,47.3,48.4,IZLE,,25,63997.1,,,,,SEVIYE,75,1426.6,143,,,,,,,,,0,,15,1426.6,15,,,
30728,2026-07-29 05:29:15.628669+00,63936.149999999994,-2348889.469793299,-850431.452,11737713285.9581,0.00008766800000000002,49539860.33631997,0.0,43.2,BEKLE,true,0.0,0.0,1.6759,120.866,70895682.64034,2173.297,43.2,0.0,"[{""usdt"": 12754656.0, ""borsa"": 3, ""fiyat"": 63925.0, ""kaynak"": ""BNB+BYB+OKX""}, {""usdt"": 10856021.0, ""borsa"": 3, ""fiyat"": 63950.0, ""kaynak"": ""BNB+BYB+OKX""}, {""usdt"": 9090072.0, ""borsa"": 1, ""fiyat"": 63875.0, ""kaynak"": ""BNB""}]","[{""usdt"": 19289938.0, ""borsa"": 3, ""fiyat"": 63975.0, ""kaynak"": ""BNB+BYB+OKX""}, {""usdt"": 14834828.0, ""borsa"": 1, ""fiyat"": 64050.0, ""kaynak"": ""BNB""}, {""usdt"": 13362962.0, ""borsa"": 1, ""fiyat"": 64000.0, ""kaynak"": ""BNB""}]",YOK,0.0681,-0.1773,0.6343,0.2453,false,0.5379,false,,0,0,3,0,2,3,44,45.1,IZLE,,25,63901,,,,,SEVIYE,75,696.5,70,,,,,,,,,0,,15,1427.6,15,,,
30729,2026-07-29 05:30:16.10499+00,63919.55,-2368873.004728901,-841639.7350000001,11736368808.2429,0.00008766800000000002,50249500.715389974,0.0,33.1,BEKLE,,0.0,0.0,1.6759,0,57154770.13511997,2233.795,33.1,0.0,"[{""usdt"": 12744249.0, ""borsa"": 3, ""fiyat"": 63900.0, ""kaynak"": ""BNB+BYB+OKX""}, {""usdt"": 10760564.0, ""borsa"": 1, ""fiyat"": 63825.0, ""kaynak"": ""BNB""}, {""usdt"": 8192961.0, ""borsa"": 3, ""fiyat"": 63925.0, ""kaynak"": ""BNB+BYB+OKX""}]","[{""usdt"": 15796269.0, ""borsa"": 3, ""fiyat"": 63950.0, ""kaynak"": ""BNB+BYB+OKX""}, {""usdt"": 15259176.0, ""borsa"": 1, ""fiyat"": 64000.0, ""kaynak"": ""BNB""}, {""usdt"": 9927063.0, ""borsa"": 1, ""fiyat"": 64025.0, ""kaynak"": ""BNB""}]",YOK,-0.0111,-0.0643,0.6565,0.6511,false,0.7647,false,,1,0,3,0,0,3,40.4,41.5,IZLE,,25,63901,,,,,SEVIYE,75,697.6,70,,,,,,,,,0,,15,1428.6,15,,,
30730,2026-07-29 05:31:16.553449+00,63937.350000000006,-1731412.8811396002,-602057.1660000001,11732726323.2264,0.00008766800000000002,50566528.482090026,0.0,32.7,BEKLE,false,0.0,0.0,1.6759,60.539,53931497.71824999,2294.334,0.0,32.7,"[{""usdt"": 14164135.0, ""borsa"": 3, ""fiyat"": 63875.0, ""kaynak"": ""BNB+BYB+OKX""}, {""usdt"": 10656633.0, ""borsa"": 1, ""fiyat"": 63800.0, ""kaynak"": ""BNB""}, {""usdt"": 8829136.0, ""borsa"": 1, ""fiyat"": 63825.0, ""kaynak"": ""BNB""}]","[{""usdt"": 12060846.0, ""borsa"": 3, ""fiyat"": 63925.0, ""kaynak"": ""BNB+BYB+OKX""}, {""usdt"": 11829169.0, ""borsa"": 1, ""fiyat"": 64000.0, ""kaynak"": ""BNB""}, {""usdt"": 10445614.0, ""borsa"": 1, ""fiyat"": 63950.0, ""kaynak"": ""BNB""}]",YOK,-0.0864,-0.0322,0.5869,0.3645,false,0.9971,false,,0,0,3,0,0,3,37.1,38.2,IZLE,,25,63901,,,,,SEVIYE,75,698.6,70,PCT,0.43,0.3899503108597721,0.02204214155055303,false,0.011,,,0,,15,1429.6,15,,,
30731,2026-07-29 05:32:18.217913+00,63959.95,-1736021.4717054004,-561726.7950000002,11735607158.8952,0.00008766800000000002,51831094.858259976,0.0,34.6,BEKLE,false,0.0,0.0,1.6759,122.288,58391738.64480001,2356.083,0.0,34.6,"[{""usdt"": 15435167.0, ""borsa"": 3, ""fiyat"": 63900.0, ""kaynak"": ""BNB+BYB+OKX""}, {""usdt"": 10275682.0, ""borsa"": 1, ""fiyat"": 63825.0, ""kaynak"": ""BNB""}, {""usdt"": 8105369.0, ""borsa"": 1, ""fiyat"": 63850.0, ""kaynak"": ""BNB""}]","[{""usdt"": 15985581.0, ""borsa"": 1, ""fiyat"": 64000.0, ""kaynak"": ""BNB""}, {""usdt"": 15922449.0, ""borsa"": 3, ""fiyat"": 63950.0, ""kaynak"": ""BNB+BYB+OKX""}, {""usdt"": 10923758.0, ""borsa"": 1, ""fiyat"": 64025.0, ""kaynak"": ""BNB""}]",YOK,-0.0072,-0.0595,0.545,0.9515,false,0.5533,false,,0,0,3,0,1,3,35,36.1,IZLE,,25,63997.1,,,,,SEVIYE,75,1430.6,143,,,,,,,,,0,,15,1430.6,15,,,
30732,2026-07-29 05:33:18.56559+00,63959.95,-1401402.9682058997,-490199.45599999995,11739559023.464,0.00008766800000000002,48812493.784699984,0.0,44.6,BEKLE,,0.0,0.0,1.6745,60.315,70213284.99771996,2416.398,0.0,44.6,"[{""usdt"": 17171762.0, ""borsa"": 3, ""fiyat"": 63925.0, ""kaynak"": ""BNB+BYB+OKX""}, {""usdt"": 9591472.0, ""borsa"": 1, ""fiyat"": 63850.0, ""kaynak"": ""BNB""}, {""usdt"": 8411544.0, ""borsa"": 1, ""fiyat"": 63900.0, ""kaynak"": ""BNB""}]","[{""usdt"": 22826447.0, ""borsa"": 3, ""fiyat"": 63950.0, ""kaynak"": ""BNB+BYB+OKX""}, {""usdt"": 13989169.0, ""borsa"": 1, ""fiyat"": 64000.0, ""kaynak"": ""BNB""}, {""usdt"": 12150506.0, ""borsa"": 1, ""fiyat"": 64025.0, ""kaynak"": ""BNB""}]",YOK,-0.0212,-0.1798,0.4556,0.5203,false,0.8112,false,,0,0,3,0,2,3,31.5,32.6,IZLE,,25,63997.1,,,,,SEVIYE,75,1431.6,143,,,,,,,,,0,,15,1431.6,15,,,
30733,2026-07-29 05:34:18.904173+00,63956.95,-1393680.7990094996,-477966.645,11739584589.810402,0.00008766800000000002,49930224.53677001,0.0,38.4,BEKLE,false,0.0,0.0,1.6745,60.372,66957912.90659,2476.77,0.0,38.4,"[{""usdt"": 15670107.0, ""borsa"": 3, ""fiyat"": 63925.0, ""kaynak"": ""BNB+BYB+OKX""}, {""usdt"": 9670266.0, ""borsa"": 1, ""fiyat"": 63850.0, ""kaynak"": ""BNB""}, {""usdt"": 8117554.0, ""borsa"": 1, ""fiyat"": 63875.0, ""kaynak"": ""BNB""}]","[{""usdt"": 16131767.0, ""borsa"": 1, ""fiyat"": 64000.0, ""kaynak"": ""BNB""}, {""usdt"": 14775807.0, ""borsa"": 3, ""fiyat"": 63950.0, ""kaynak"": ""BNB+BYB+OKX""}, {""usdt"": 12045963.0, ""borsa"": 3, ""fiyat"": 63975.0, ""kaynak"": ""BNB+BYB+OKX""}]",YOK,0.0355,-0.1457,0.6422,0.7318,false,0.7221,false,,0,0,3,0,1,3,28.1,29.1,IZLE,,25,63996.8,,,,,SEVIYE,75,1432.6,144,,,,,,,,,0,,19,941.9,19,,,
30734,2026-07-29 05:35:19.174706+00,63981.05,622684.1437306004,5584.420999999999,11741186267.9776,0.00008766800000000002,54452367.39462997,0.0,52.1,BEKLE,false,0.0,0.0,1.6745,120.641,72761246.21846992,2537.039,0.0,52.1,"[{""usdt"": 17567261.0, ""borsa"": 3, ""fiyat"": 63950.0, ""kaynak"": ""BNB+BYB+OKX""}, {""usdt"": 9625608.0, ""borsa"": 1, ""fiyat"": 63850.0, ""kaynak"": ""BNB""}, {""usdt"": 8765970.0, ""borsa"": 3, ""fiyat"": 63925.0, ""kaynak"": ""BNB+BYB+OKX""}]","[{""usdt"": 21296634.0, ""borsa"": 3, ""fiyat"": 63975.0, ""kaynak"": ""BNB+BYB+OKX""}, {""usdt"": 15317196.0, ""borsa"": 1, ""fiyat"": 64050.0, ""kaynak"": ""BNB""}, {""usdt"": 13514950.0, ""borsa"": 2, ""fiyat"": 64000.0, ""kaynak"": ""BNB+BYB""}]",SPOT,0.1513,-0.1439,0.7119,0.7661,false,,false,0.4092,2,0,3,0,1,3,24.4,25.5,IZLE,,25,63996.8,,,,,SEVIYE,75,1433.7,144,,,,,,,,,0,,19,943.0,19,,,
30735,2026-07-29 05:36:19.479+00,64008.45,1009466.8843055007,307182.78300000005,11747251540.1211,0.00008766800000000002,49175836.80668,39875.8003,46.9,BEKLE,false,0.0,39875.8003,1.6709,0,71934794.05496003,180.914,0.0,46.9,"[{""usdt"": 15373187.0, ""borsa"": 3, ""fiyat"": 63975.0, ""kaynak"": ""BNB+BYB+OKX""}, {""usdt"": 9100911.0, ""borsa"": 3, ""fiyat"": 64000.0, ""kaynak"": ""BNB+BYB+OKX""}, {""usdt"": 7684241.0, ""borsa"": 1, ""fiyat"": 63925.0, ""kaynak"": ""BNB""}]","[{""usdt"": 17469051.0, ""borsa"": 3, ""fiyat"": 64025.0, ""kaynak"": ""BNB+BYB+OKX""}, {""usdt"": 17216202.0, ""borsa"": 3, ""fiyat"": 64000.0, ""kaynak"": ""BNB+BYB+OKX""}, {""usdt"": 15380146.0, ""borsa"": 1, ""fiyat"": 64100.0, ""kaynak"": ""BNB""}]",YOK,0.0782,-0.1879,0.6784,0.9209,false,,false,0.9873,2,0,3,0,3,3,20.9,21.9,IZLE,,25,63996.8,,,,,SEVIYE,75,1434.7,144,,,,,,,1785303300,1,0,,19,944.0,19,,,
30736,2026-07-29 05:37:19.775255+00,63968.95,726950.0144620002,1782674.5980000002,11737496621.8653,0.00008766800000000002,52442695.919439994,49730.1388,81.5,BEKLE,false,0.0,49730.1388,1.6709,60.296,57031176.63318002,241.21,0.0,81.5,"[{""usdt"": 19573433.0, ""borsa"": 3, ""fiyat"": 63950.0, ""kaynak"": ""BNB+BYB+OKX""}, {""usdt"": 9222329.0, ""borsa"": 1, ""fiyat"": 63875.0, ""kaynak"": ""BNB""}, {""usdt"": 8852735.0, ""borsa"": 1, ""fiyat"": 63900.0, ""kaynak"": ""BNB""}]","[{""usdt"": 12096720.0, ""borsa"": 3, ""fiyat"": 64000.0, ""kaynak"": ""BNB+BYB+OKX""}, {""usdt"": 11208813.0, ""borsa"": 1, ""fiyat"": 64075.0, ""kaynak"": ""BNB""}, {""usdt"": 8622362.0, ""borsa"": 3, ""fiyat"": 63975.0, ""kaynak"": ""BNB+BYB+OKX""}]",YOK,0.0092,-0.0419,0.4237,0.081,false,,false,1.4535,1,0,3,1,0,3,17.3,18.4,IZLE,,25,63996.8,,,,,SEVIYE,75,1435.7,144,,,,,,,1785303360,2,0,,19,945.0,19,,,
30737,2026-07-29 05:38:20.052633+00,63970.95,732541.4355840005,1755298.4090000002,11736746872.174,0.00008766800000000002,46851862.49632001,49730.1388,78.0,BEKLE,false,0.0,49730.1388,1.6709,0,58182728.96292002,301.505,0.0,78.0,"[{""usdt"": 16411819.0, ""borsa"": 3, ""fiyat"": 63950.0, ""kaynak"": ""BNB+BYB+OKX""}, {""usdt"": 10111218.0, ""borsa"": 1, ""fiyat"": 63875.0, ""kaynak"": ""BNB""}, {""usdt"": 8139248.0, ""borsa"": 1, ""fiyat"": 63925.0, ""kaynak"": ""BNB""}]","[{""usdt"": 15014641.0, ""borsa"": 3, ""fiyat"": 64000.0, ""kaynak"": ""BNB+BYB+OKX""}, {""usdt"": 10793774.0, ""borsa"": 1, ""fiyat"": 64050.0, ""kaynak"": ""BNB""}, {""usdt"": 9492287.0, ""borsa"": 1, ""fiyat"": 64075.0, ""kaynak"": ""BNB""}]",YOK,0.0048,-0.1079,0.3995,0.1077,false,,false,1.8671,0,0,3,0,0,3,13.8,14.9,IZLE,,25,63996.8,,,,,SEVIYE,75,1436.7,144,,,,,,,1785303360,2,1,,19,946.0,19,,,
30738,2026-07-29 05:39:20.336908+00,64004.55,889189.5110173994,2128754.5900000003,11742268444.380798,0.00008766800000000002,47398377.75566999,49730.1388,78.7,BEKLE,false,0.0,49730.1388,1.6709,0,60675405.64424004,361.825,0.0,78.7,"[{""usdt"": 14010230.0, ""borsa"": 3, ""fiyat"": 63975.0, ""kaynak"": ""BNB+BYB+OKX""}, {""usdt"": 9503587.0, ""borsa"": 1, ""fiyat"": 63925.0, ""kaynak"": ""BNB""}, {""usdt"": 8478467.0, ""borsa"": 3, ""fiyat"": 64000.0, ""kaynak"": ""BNB+BYB+OKX""}]","[{""usdt"": 15918995.0, ""borsa"": 3, ""fiyat"": 64025.0, ""kaynak"": ""BNB+BYB+OKX""}, {""usdt"": 14993493.0, ""borsa"": 1, ""fiyat"": 64100.0, ""kaynak"": ""BNB""}, {""usdt"": 13368517.0, ""borsa"": 1, ""fiyat"": 64050.0, ""kaynak"": ""BNB""}]",YOK,0.1133,-0.1229,0.38,0.4145,false,,false,1.7062,1,0,3,0,1,3,10.3,11.4,IZLE,,25,63996.8,,,,,SEVIYE,75,1437.7,144,,,,,,,1785303360,2,2,,19,947.0,19,,,
30739,2026-07-29 05:40:20.705702+00,64004.55,954374.9998315991,1952470.586,11743277958.328499,0.00008766800000000002,45535006.75057999,9854.3385,74.6,BEKLE,false,0.0,9854.3385,1.6709,60.276,60284844.91346999,422.101,0.0,74.6,"[{""usdt"": 14746769.0, ""borsa"": 3, ""fiyat"": 63975.0, ""kaynak"": ""BNB+BYB+OKX""}, {""usdt"": 9376609.0, ""borsa"": 1, ""fiyat"": 63925.0, ""kaynak"": ""BNB""}, {""usdt"": 7897216.0, ""borsa"": 3, ""fiyat"": 64000.0, ""kaynak"": ""BNB+BYB+OKX""}]","[{""usdt"": 14927696.0, ""borsa"": 1, ""fiyat"": 64100.0, ""kaynak"": ""BNB""}, {""usdt"": 14005820.0, ""borsa"": 3, ""fiyat"": 64025.0, ""kaynak"": ""BNB+BYB+OKX""}, {""usdt"": 13440141.0, ""borsa"": 1, ""fiyat"": 64050.0, ""kaynak"": ""BNB""}]",YOK,0.0894,-0.1394,0.1065,0.3947,false,,false,3.1468,1,0,3,0,1,3,6.2,7.8,IZLE,,25,63996.8,,,,,SEVIYE,75,1438.7,144,,,,,,,1785303360,2,0,,19,948.0,19,,,
30740,2026-07-29 05:41:20.98746+00,64016.649999999994,480375.428875598,1305002.1450000003,11745680195.7754,0.00008766800000000002,48695211.83297003,123433.33899999999,72.6,BEKLE,,0.0,123433.33899999999,1.6709,120.652,64328686.67975997,482.477,0.0,72.6,"[{""usdt"": 12301231.0, ""borsa"": 3, ""fiyat"": 64000.0, ""kaynak"": ""BNB+BYB+OKX""}, {""usdt"": 10040782.0, ""borsa"": 1, ""fiyat"": 63925.0, ""kaynak"": ""BNB""}, {""usdt"": 9893872.0, ""borsa"": 3, ""fiyat"": 63975.0, ""kaynak"": ""BNB+BYB+OKX""}]","[{""usdt"": 16633199.0, ""borsa"": 1, ""fiyat"": 64100.0, ""kaynak"": ""BNB""}, {""usdt"": 15956828.0, ""borsa"": 3, ""fiyat"": 64025.0, ""kaynak"": ""BNB+BYB+OKX""}, {""usdt"": 12716265.0, ""borsa"": 1, ""fiyat"": 64050.0, ""kaynak"": ""BNB""}]",YOK,0.113,-0.1383,0.2707,0.2193,false,,false,1.7252,1,0,3,0,1,3,2.7,3.8,IZLE,,25,63996.8,,,,,SEVIYE,75,1439.7,144,,,,,,,1785303660,2,0,,19,949.0,19,,,
30741,2026-07-29 05:42:21.332678+00,64020.350000000006,472048.02896869835,1096609.052,11746070214.790901,0.00008766800000000002,49415391.94646996,123433.22099999999,47.6,BEKLE,true,0.0,123433.22099999999,1.6709,60.261,67611506.21606,542.738,47.6,0.0,"[{""usdt"": 13032699.0, ""borsa"": 3, ""fiyat"": 64000.0, ""kaynak"": ""BNB+BYB+OKX""}, {""usdt"": 9523752.0, ""borsa"": 1, ""fiyat"": 63925.0, ""kaynak"": ""BNB""}, {""usdt"": 9463633.0, ""borsa"": 3, ""fiyat"": 63975.0, ""kaynak"": ""BNB+BYB+OKX""}]","[{""usdt"": 16460054.0, ""borsa"": 1, ""fiyat"": 64100.0, ""kaynak"": ""BNB""}, {""usdt"": 14737347.0, ""borsa"": 3, ""fiyat"": 64025.0, ""kaynak"": ""BNB+BYB+OKX""}, {""usdt"": 13714398.0, ""borsa"": 1, ""fiyat"": 64050.0, ""kaynak"": ""BNB""}]",YOK,0.113,-0.1555,0.2064,2.1766,false,,false,1.1742,1,0,3,0,1,3,63,61.5,IZLE,,25,63996.8,,,,,SEVIYE,75,1440.7,144,,,,,,,1785303660,2,0,,19,950.0,19,,,
30742,2026-07-29 05:43:21.995708+00,64022.95,557517.4571786991,1240656.361,11748792484.7346,0.00008766800000000002,48607903.350999966,123433.22099999999,45.7,BEKLE,true,0.0,123433.22099999999,1.6667,120.618,69020084.61323,603.095,45.7,0.0,"[{""usdt"": 11422597.0, ""borsa"": 3, ""fiyat"": 64000.0, ""kaynak"": ""BNB+BYB+OKX""}, {""usdt"": 10266246.0, ""borsa"": 3, ""fiyat"": 63975.0, ""kaynak"": ""BNB+BYB+OKX""}, {""usdt"": 9523752.0, ""borsa"": 1, ""fiyat"": 63925.0, ""kaynak"": ""BNB""}]","[{""usdt"": 16460054.0, ""borsa"": 1, ""fiyat"": 64100.0, ""kaynak"": ""BNB""}, {""usdt"": 15294802.0, ""borsa"": 3, ""fiyat"": 64025.0, ""kaynak"": ""BNB+BYB+OKX""}, {""usdt"": 13714398.0, ""borsa"": 1, ""fiyat"": 64050.0, ""kaynak"": ""BNB""}]",YOK,0.1086,-0.1735,0.1923,2.9876,false,,false,1.4783,1,0,3,0,2,3,59.3,60.4,IZLE,,25,63996.8,,,,,SEVIYE,75,1441.7,144,,,,,,,1785303660,2,1,,19,951.0,19,,,
30743,2026-07-29 05:44:22.407414+00,64000.05,275792.6153504001,1219805.701,11745030872.7942,0.00008766800000000002,58200483.13395997,123433.22099999999,58.5,BEKLE,true,0.0,123433.22099999999,1.6667,121.189,62247866.07280997,663.927,58.5,0.0,"[{""usdt"": 22771398.0, ""borsa"": 3, ""fiyat"": 64000.0, ""kaynak"": ""BNB+BYB+OKX""}, {""usdt"": 9228138.0, ""borsa"": 1, ""fiyat"": 63950.0, ""kaynak"": ""BNB""}, {""usdt"": 8687324.0, ""borsa"": 1, ""fiyat"": 63925.0, ""kaynak"": ""BNB""}]","[{""usdt"": 15582896.0, ""borsa"": 2, ""fiyat"": 64050.0, ""kaynak"": ""BNB+BYB""}, {""usdt"": 12768646.0, ""borsa"": 1, ""fiyat"": 64125.0, ""kaynak"": ""BNB""}, {""usdt"": 12132400.0, ""borsa"": 1, ""fiyat"": 64100.0, ""kaynak"": ""BNB""}]",YOK,0.1216,-0.0336,0.3208,0.1221,false,,false,1.3625,1,0,3,1,0,3,56.3,57.3,IZLE,,25,64000.3,,,,,SEVIYE,75,1442.7,145,,,,,,,1785303660,2,2,,16,1442.7,16,,,
30744,2026-07-29 05:45:23.22038+00,63992.45,47403.106137300696,4596.531000000006,11744657993.3368,0.00008766800000000002,52794271.53269,639.984,76.5,BEKLE,,0.0,639.984,1.6667,181.855,67794449.34132999,724.593,76.5,0.0,"[{""usdt"": 16684543.0, ""borsa"": 3, ""fiyat"": 63975.0, ""kaynak"": ""BNB+BYB+OKX""}, {""usdt"": 12653076.0, ""borsa"": 1, ""fiyat"": 63900.0, ""kaynak"": ""BNB""}, {""usdt"": 9922233.0, ""borsa"": 1, ""fiyat"": 63925.0, ""kaynak"": ""BNB""}]","[{""usdt"": 16911708.0, ""borsa"": 3, ""fiyat"": 64000.0, ""kaynak"": ""BNB+BYB+OKX""}, {""usdt"": 16281791.0, ""borsa"": 3, ""fiyat"": 64025.0, ""kaynak"": ""BNB+BYB+OKX""}, {""usdt"": 13715836.0, ""borsa"": 1, ""fiyat"": 64100.0, ""kaynak"": ""BNB""}]",YOK,0.036,-0.1244,0.2458,0.1701,true,0,false,,1,0,3,0,2,3,53.1,54.1,IZLE,,25,64000.3,,,,,SEVIYE,75,1443.7,145,,,,,,,1785303660,2,0,,16,1443.7,16,,,
30745,2026-07-29 05:46:24.699372+00,64004.75,47403.106137300696,4596.531000000006,11744657993.3368,0.00008766800000000002,51230455.72743001,639.984,49.7,BEKLE,true,0.0,639.984,1.6667,61.485,58456618.60176001,786.078,49.7,0.0,"[{""usdt"": 12330444.0, ""borsa"": 1, ""fiyat"": 63900.0, ""kaynak"": ""BNB""}, {""usdt"": 12065610.0, ""borsa"": 3, ""fiyat"": 63975.0, ""kaynak"": ""BNB+BYB+OKX""}, {""usdt"": 10965048.0, ""borsa"": 3, ""fiyat"": 63950.0, ""kaynak"": ""BNB+BYB+OKX""}]","[{""usdt"": 18194942.0, ""borsa"": 3, ""fiyat"": 64000.0, ""kaynak"": ""BNB+BYB+OKX""}, {""usdt"": 11133597.0, ""borsa"": 1, ""fiyat"": 64100.0, ""kaynak"": ""BNB""}, {""usdt"": 9972790.0, ""borsa"": 1, ""fiyat"": 64050.0, ""kaynak"": ""BNB""}]",YOK,0.0737,-0.0659,0.189,0.2693,false,,false,1.4805,2,0,3,0,1,3,50.1,51.1,IZLE,,25,64000.3,,,,,SEVIYE,75,1444.7,145,,,,,,,,,0,,16,1444.7,16,,,
30746,2026-07-29 05:47:24.888644+00,64017.95,419902.0336229013,34469.804999999986,11745037006.9119,0.00008766800000000002,51740645.48133002,0.0,49.2,BEKLE,true,0.0,0.0,1.6667,121.838,64154378.58142999,846.431,49.2,0.0,"[{""usdt"": 13344747.0, ""borsa"": 3, ""fiyat"": 63975.0, ""kaynak"": ""BNB+BYB+OKX""}, {""usdt"": 10448323.0, ""borsa"": 1, ""fiyat"": 63900.0, ""kaynak"": ""BNB""}, {""usdt"": 9990948.0, ""borsa"": 3, ""fiyat"": 64000.0, ""kaynak"": ""BNB+BYB+OKX""}]","[{""usdt"": 19393394.0, ""borsa"": 3, ""fiyat"": 64025.0, ""kaynak"": ""BNB+BYB+OKX""}, {""usdt"": 14143905.0, ""borsa"": 1, ""fiyat"": 64050.0, ""kaynak"": ""BNB""}, {""usdt"": 11958688.0, ""borsa"": 1, ""fiyat"": 64100.0, ""kaynak"": ""BNB""}]",YOK,0.1213,-0.1071,0.0332,0.0793,true,0,false,1.6329,1,0,3,0,0,3,46.6,47.6,IZLE,,25,64000.3,,,,,SEVIYE,75,1445.7,145,,,,,,,,,0,,16,1445.7,16,,,
30747,2026-07-29 05:48:25.148236+00,64003.850000000006,632389.5699693002,79272.79800000001,11749617070.2864,0.00008766800000000002,52642176.14543,0.0,42.5,BEKLE,true,0.0,0.0,1.6674,120.526,66648103.631749995,906.604,42.5,0.0,"[{""usdt"": 16175347.0, ""borsa"": 3, ""fiyat"": 64000.0, ""kaynak"": ""BNB+BYB+OKX""}, {""usdt"": 9099598.0, ""borsa"": 1, ""fiyat"": 63950.0, ""kaynak"": ""BNB""}, {""usdt"": 8226768.0, ""borsa"": 1, ""fiyat"": 63925.0, ""kaynak"": ""BNB""}]","[{""usdt"": 16690026.0, ""borsa"": 3, ""fiyat"": 64025.0, ""kaynak"": ""BNB+BYB+OKX""}, {""usdt"": 16262758.0, ""borsa"": 2, ""fiyat"": 64050.0, ""kaynak"": ""BNB+BYB""}, {""usdt"": 13353416.0, ""borsa"": 1, ""fiyat"": 64100.0, ""kaynak"": ""BNB""}]",SPOT,0.1581,-0.1174,0.0432,0.571,true,0,false,1.7089,2,0,3,0,0,3,42.9,44,HAZIRLAN,LONG,50,64000.3,64056.9,65000,63991.7,82.13,SEVIYE+EMILIM,75,1446.8,145,,,,,,,,,0,4.37,16,1446.8,16,,,
30748,2026-07-29 05:49:25.488328+00,64006.149999999994,230458.6330149005,77427.14900000002,11752709289.0058,0.00008766800000000002,54784523.86855003,0.0,57.4,BEKLE,true,0.0,0.0,1.6674,180.838,57784950.03668,966.916,57.4,0.0,"[{""usdt"": 11906990.0, ""borsa"": 1, ""fiyat"": 63900.0, ""kaynak"": ""BNB""}, {""usdt"": 11861283.0, ""borsa"": 3, ""fiyat"": 63975.0, ""kaynak"": ""BNB+BYB+OKX""}, {""usdt"": 11007122.0, ""borsa"": 1, ""fiyat"": 63925.0, ""kaynak"": ""BNB""}]","[{""usdt"": 17787681.0, ""borsa"": 3, ""fiyat"": 64025.0, ""kaynak"": ""BNB+BYB+OKX""}, {""usdt"": 14180307.0, ""borsa"": 1, ""fiyat"": 64100.0, ""kaynak"": ""BNB""}, {""usdt"": 10173525.0, ""borsa"": 1, ""fiyat"": 64075.0, ""kaynak"": ""BNB""}]",YOK,0.1074,-0.0267,0.027,0.1886,false,,false,,2,0,3,1,0,3,39.1,40.1,IZLE,,25,64000.3,,,,,SEVIYE,75,1447.8,145,,,,,,,,,0,,16,1447.8,16,,,
30749,2026-07-29 05:50:25.732244+00,64005.95,-79427.18522089877,108932.407,11755401183.9897,0.00008766800000000002,48742536.29419999,0.0,17.8,BEKLE,false,0.0,0.0,1.6674,241.169,66966774.53141002,1027.247,0.0,17.8,"[{""usdt"": 12193993.0, ""borsa"": 3, ""fiyat"": 64000.0, ""kaynak"": ""BNB+BYB+OKX""}, {""usdt"": 11239334.0, ""borsa"": 1, ""fiyat"": 63925.0, ""kaynak"": ""BNB""}, {""usdt"": 9650239.0, ""borsa"": 3, ""fiyat"": 63975.0, ""kaynak"": ""BNB+BYB+OKX""}]","[{""usdt"": 23590880.0, ""borsa"": 3, ""fiyat"": 64025.0, ""kaynak"": ""BNB+BYB+OKX""}, {""usdt"": 11866006.0, ""borsa"": 2, ""fiyat"": 64050.0, ""kaynak"": ""BNB+BYB""}, {""usdt"": 11594191.0, ""borsa"": 1, ""fiyat"": 64100.0, ""kaynak"": ""BNB""}]",YOK,0.1354,-0.1575,,,false,,true,0,2,0,3,0,2,3,35.6,36.6,IZLE,,25,64000.3,,,,,SEVIYE,75,1448.8,145,,,,,,,,,0,,16,1448.8,16,,,
30750,2026-07-29 05:51:25.996355+00,64032.55,-540880.5203428952,-722051.1570000002,11753905825.2521,0.00008766800000000002,55353723.94727001,0.0,72.6,BEKLE,true,0.0,0.0,1.6483,301.375,67748792.40345001,1087.453,72.6,0.0,"[{""usdt"": 16747467.0, ""borsa"": 3, ""fiyat"": 64000.0, ""kaynak"": ""BNB+BYB+OKX""}, {""usdt"": 12237637.0, ""borsa"": 1, ""fiyat"": 63900.0, ""kaynak"": ""BNB""}, {""usdt"": 10667363.0, ""borsa"": 3, ""fiyat"": 63975.0, ""kaynak"": ""BNB+BYB+OKX""}]","[{""usdt"": 26119238.0, ""borsa"": 3, ""fiyat"": 64025.0, ""kaynak"": ""BNB+BYB+OKX""}, {""usdt"": 15709560.0, ""borsa"": 1, ""fiyat"": 64100.0, ""kaynak"": ""BNB""}, {""usdt"": 9970959.0, ""borsa"": 1, ""fiyat"": 64075.0, ""kaynak"": ""BNB""}]",YOK,0.1346,-0.1007,0.3617,0.8864,false,3.7863,true,0,1,0,3,0,2,3,31.9,33,IZLE,,25,64056.9,,,,,SEVIYE,55,768.8,77,,,,,,,,,0,,16,1449.8,16,,,
30751,2026-07-29 05:52:26.346749+00,64019.95,62668.20954680469,-623031.3450000001,11759621233.09,0.00008766800000000002,55524112.25293001,4995.081,39.1,BEKLE,true,0.0,4995.081,1.6483,0,71700305.23618004,1147.769,39.1,0.0,"[{""usdt"": 19228356.0, ""borsa"": 3, ""fiyat"": 64000.0, ""kaynak"": ""BNB+BYB+OKX""}, {""usdt"": 11147799.0, ""borsa"": 3, ""fiyat"": 64025.0, ""kaynak"": ""BNB+BYB+OKX""}, {""usdt"": 10554091.0, ""borsa"": 1, ""fiyat"": 63950.0, ""kaynak"": ""BNB""}]","[{""usdt"": 25167028.0, ""borsa"": 3, ""fiyat"": 64050.0, ""kaynak"": ""BNB+BYB+OKX""}, {""usdt"": 14360954.0, ""borsa"": 1, ""fiyat"": 64125.0, ""kaynak"": ""BNB""}, {""usdt"": 12853739.0, ""borsa"": 1, ""fiyat"": 64100.0, ""kaynak"": ""BNB""}]",YOK,0.0948,-0.1271,0.2755,0.08,false,3.5648,true,0,0,0,3,0,1,3,28.4,29.5,IZLE,,25,64000.3,,,,,SEVIYE,75,1450.8,145,,,,,,,1785304260,1,0,,16,1450.8,16,,,
30752,2026-07-29 05:53:26.757844+00,64057.95,-110267.257862395,-498093.52799999993,11760409076.743801,0.00008766800000000002,59981062.02465003,5571.3487000000005,51.4,BEKLE,true,0.0,5571.3487000000005,1.6483,60.325,72296362.68735002,1208.094,51.4,0.0,"[{""usdt"": 18164764.0, ""borsa"": 3, ""fiyat"": 64025.0, ""kaynak"": ""BNB+BYB+OKX""}, {""usdt"": 10669858.0, ""borsa"": 3, ""fiyat"": 64050.0, ""kaynak"": ""BNB+BYB+OKX""}, {""usdt"": 10543782.0, ""borsa"": 1, ""fiyat"": 64000.0, ""kaynak"": ""BNB""}]","[{""usdt"": 21548175.0, ""borsa"": 3, ""fiyat"": 64075.0, ""kaynak"": ""BNB+BYB+OKX""}, {""usdt"": 15434068.0, ""borsa"": 1, ""fiyat"": 64125.0, ""kaynak"": ""BNB""}, {""usdt"": 12798848.0, ""borsa"": 1, ""fiyat"": 64100.0, ""kaynak"": ""BNB""}]",SPOT,0.1562,-0.0931,0.4738,1.7898,false,3.6625,false,0,2,0,3,0,0,3,24.9,26,IZLE,,25,64056.9,,,,,SEVIYE,55,770.8,77,,,,,,,1785304260,2,0,,16,1451.8,16,,,
30753,2026-07-29 05:54:27.108826+00,64056.850000000006,-44377.53800549515,-892259.7420000003,11764431023.6782,0.00008766800000000002,54689107.277570024,9735.040700000001,58.3,BEKLE,false,0.0,9735.040700000001,1.6483,60.466,68793961.92239994,906.735,58.3,0.0,"[{""usdt"": 18787033.0, ""borsa"": 3, ""fiyat"": 64025.0, ""kaynak"": ""BNB+BYB+OKX""}, {""usdt"": 12915654.0, ""borsa"": 3, ""fiyat"": 64050.0, ""kaynak"": ""BNB+BYB+OKX""}, {""usdt"": 8657554.0, ""borsa"": 1, ""fiyat"": 63950.0, ""kaynak"": ""BNB""}]","[{""usdt"": 21755928.0, ""borsa"": 3, ""fiyat"": 64075.0, ""kaynak"": ""BNB+BYB+OKX""}, {""usdt"": 12949102.0, ""borsa"": 1, ""fiyat"": 64100.0, ""kaynak"": ""BNB""}, {""usdt"": 11788098.0, ""borsa"": 1, ""fiyat"": 64150.0, ""kaynak"": ""BNB""}]",YOK,0.0935,-0.1142,0.1684,1.5913,false,3.4719,false,0,2,0,3,0,1,3,21.5,22.6,IZLE,,25,64074.6,,,,,SEVIYE,50,771.8,78,,,,,,,1785304380,2,0,,16,962.1,16,,,
30754,2026-07-29 05:55:27.674648+00,64071.05,141611.94018280465,-837692.3350000001,11764179506.4567,0.00008766800000000002,62124190.05479004,59954.0437,60.8,BEKLE,false,0.0,59954.0437,1.6483,120.786,75100068.8241199,967.055,60.8,0.0,"[{""usdt"": 25251144.0, ""borsa"": 3, ""fiyat"": 64050.0, ""kaynak"": ""BNB+BYB+OKX""}, {""usdt"": 9032549.0, ""borsa"": 1, ""fiyat"": 63975.0, ""kaynak"": ""BNB""}, {""usdt"": 7849763.0, ""borsa"": 1, ""fiyat"": 64025.0, ""kaynak"": ""BNB""}]","[{""usdt"": 19939100.0, ""borsa"": 3, ""fiyat"": 64075.0, ""kaynak"": ""BNB+BYB+OKX""}, {""usdt"": 18136095.0, ""borsa"": 2, ""fiyat"": 64100.0, ""kaynak"": ""BNB+BYB""}, {""usdt"": 15491914.0, ""borsa"": 1, ""fiyat"": 64175.0, ""kaynak"": ""BNB""}]",YOK,0.1294,-0.0946,0.143,2.1571,false,2.0514,false,,2,0,3,0,0,3,17.7,18.7,IZLE,,25,64074.6,,,,,SEVIYE,50,772.8,78,,,,,,,1785304380,2,0,,16,963.1,16,,,
30755,2026-07-29 05:56:27.921512+00,64060.05,1304897.431048402,420498.5180000001,11767676257.100498,0.00008766800000000002,57962669.85266994,72574.9502,63.9,BEKLE,true,0.0,72574.9502,1.6483,120.907,65228935.39762997,1027.642,0.0,63.9,"[{""usdt"": 15990419.0, ""borsa"": 3, ""fiyat"": 64025.0, ""kaynak"": ""BNB+BYB+OKX""}, {""usdt"": 11825189.0, ""borsa"": 3, ""fiyat"": 64050.0, ""kaynak"": ""BNB+BYB+OKX""}, {""usdt"": 10070349.0, ""borsa"": 1, ""fiyat"": 64000.0, ""kaynak"": ""BNB""}]","[{""usdt"": 20756094.0, ""borsa"": 3, ""fiyat"": 64075.0, ""kaynak"": ""BNB+BYB+OKX""}, {""usdt"": 12782639.0, ""borsa"": 1, ""fiyat"": 64100.0, ""kaynak"": ""BNB""}, {""usdt"": 11636911.0, ""borsa"": 1, ""fiyat"": 64125.0, ""kaynak"": ""BNB""}]",YOK,0.0331,-0.059,0.5358,0.4088,true,0.2136,false,,1,0,3,0,0,3,14.4,15.5,IZLE,,25,64074.6,,,,,SEVIYE,50,773.8,78,,,,,,,1785304500,2,0,,16,964.1,16,,,
30756,2026-07-29 05:57:28.197931+00,64045.149999999994,913505.8654651018,217529.64700000003,11766177416.7314,0.00008766800000000002,52516328.69766997,67003.1335,61.6,BEKLE,false,0.0,67003.1335,1.642,120.751,66466180.034779966,1087.806,0.0,61.6,"[{""usdt"": 16102938.0, ""borsa"": 3, ""fiyat"": 64025.0, ""kaynak"": ""BNB+BYB+OKX""}, {""usdt"": 12454769.0, ""borsa"": 3, ""fiyat"": 64000.0, ""kaynak"": ""BNB+BYB+OKX""}, {""usdt"": 9543029.0, ""borsa"": 1, ""fiyat"": 63950.0, ""kaynak"": ""BNB""}]","[{""usdt"": 15782374.0, ""borsa"": 3, ""fiyat"": 64050.0, ""kaynak"": ""BNB+BYB+OKX""}, {""usdt"": 13839424.0, ""borsa"": 3, ""fiyat"": 64075.0, ""kaynak"": ""BNB+BYB+OKX""}, {""usdt"": 13091518.0, ""borsa"": 1, ""fiyat"": 64100.0, ""kaynak"": ""BNB""}]",YOK,0.0332,-0.1172,0.4197,0.6366,true,0.3391,false,,0,0,3,0,2,3,10.7,11.8,IZLE,,25,64016.5,,,,,SEVIYE,80,1455.8,146,,,,,,,1785304500,1,0,,16,965.1,16,,,
30757,2026-07-29 05:58:28.588112+00,64029.95,1234590.2242640022,196117.54799999998,11768985177.0156,0.00008766800000000002,56970855.924780004,67003.1335,70.1,BEKLE,false,0.0,67003.1335,1.642,181.099,68736353.77348009,1148.154,0.0,70.1,"[{""usdt"": 21431015.0, ""borsa"": 3, ""fiyat"": 64000.0, ""kaynak"": ""BNB+BYB+OKX""}, {""usdt"": 12331260.0, ""borsa"": 1, ""fiyat"": 63950.0, ""kaynak"": ""BNB""}, {""usdt"": 8290940.0, ""borsa"": 1, ""fiyat"": 63925.0, ""kaynak"": ""BNB""}]","[{""usdt"": 17279372.0, ""borsa"": 3, ""fiyat"": 64050.0, ""kaynak"": ""BNB+BYB+OKX""}, {""usdt"": 14177955.0, ""borsa"": 1, ""fiyat"": 64125.0, ""kaynak"": ""BNB""}, {""usdt"": 13403299.0, ""borsa"": 1, ""fiyat"": 64100.0, ""kaynak"": ""BNB""}]",YOK,0.0295,-0.0936,0.5805,0.6187,true,0.3929,false,,1,0,3,0,1,3,7.3,8.3,IZLE,,25,64016.5,,,,,SEVIYE,80,1456.8,146,,,,,,,1785304500,1,1,,16,966.1,16,,,
30758,2026-07-29 05:59:28.825063+00,64040.149999999994,724340.5926226022,139654.46699999998,11765116528.2957,0.00008766800000000002,58175249.604970016,12620.4385,73.6,BEKLE,false,0.0,12620.4385,1.642,241.459,71338587.32366003,1208.514,0.0,73.6,"[{""usdt"": 18265741.0, ""borsa"": 3, ""fiyat"": 64025.0, ""kaynak"": ""BNB+BYB+OKX""}, {""usdt"": 13234033.0, ""borsa"": 3, ""fiyat"": 64000.0, ""kaynak"": ""BNB+BYB+OKX""}, {""usdt"": 9368305.0, ""borsa"": 1, ""fiyat"": 63925.0, ""kaynak"": ""BNB""}]","[{""usdt"": 25240359.0, ""borsa"": 3, ""fiyat"": 64050.0, ""kaynak"": ""BNB+BYB+OKX""}, {""usdt"": 15611720.0, ""borsa"": 1, ""fiyat"": 64125.0, ""kaynak"": ""BNB""}, {""usdt"": 13107746.0, ""borsa"": 1, ""fiyat"": 64100.0, ""kaynak"": ""BNB""}]",YOK,0.089,-0.1016,0.3474,0.3863,true,0,false,,1,0,3,0,0,3,3.8,4.9,IZLE,,25,64016.5,,,,,SEVIYE,80,1457.8,146,,,,,,,1785304500,1,0,,16,967.1,16,,,
30759,2026-07-29 06:00:29.060368+00,64027.649999999994,1259819.4212030028,116029.46099999998,11760704371.4927,0.00008766800000000002,60094204.21796999,9993.5316,72.4,BEKLE,false,0.0,9993.5316,1.642,301.644,65281336.837460116,1268.699,0.0,72.4,"[{""usdt"": 16232007.0, ""borsa"": 3, ""fiyat"": 64000.0, ""kaynak"": ""BNB+BYB+OKX""}, {""usdt"": 14318248.0, ""borsa"": 3, ""fiyat"": 64025.0, ""kaynak"": ""BNB+BYB+OKX""}, {""usdt"": 11541821.0, ""borsa"": 1, ""fiyat"": 63925.0, ""kaynak"": ""BNB""}]","[{""usdt"": 21818196.0, ""borsa"": 3, ""fiyat"": 64050.0, ""kaynak"": ""BNB+BYB+OKX""}, {""usdt"": 13233402.0, ""borsa"": 1, ""fiyat"": 64100.0, ""kaynak"": ""BNB""}, {""usdt"": 11753219.0, ""borsa"": 1, ""fiyat"": 64075.0, ""kaynak"": ""BNB""}]",YOK,0.0108,-0.0414,0.4558,0.9054,true,0,false,,1,0,3,0,0,3,63.5,62.5,IZLE,,25,64016.5,,,,,SEVIYE,80,1458.8,146,,,,,,,1785304500,1,0,,16,968.1,16,,,
30760,2026-07-29 06:01:29.800259+00,64036.350000000006,693898.7135162011,-72005.95100000003,11757721977.772202,0.00008766800000000002,57803461.01713999,0.0,45.7,BEKLE,true,0.0,0.0,1.642,361.982,59817489.41144011,1329.037,45.7,0.0,"[{""usdt"": 24115131.0, ""borsa"": 3, ""fiyat"": 64000.0, ""kaynak"": ""BNB+BYB+OKX""}, {""usdt"": 11541821.0, ""borsa"": 1, ""fiyat"": 63925.0, ""kaynak"": ""BNB""}, {""usdt"": 7713393.0, ""borsa"": 1, ""fiyat"": 63950.0, ""kaynak"": ""BNB""}]","[{""usdt"": 13233402.0, ""borsa"": 1, ""fiyat"": 64100.0, ""kaynak"": ""BNB""}, {""usdt"": 11753219.0, ""borsa"": 1, ""fiyat"": 64075.0, ""kaynak"": ""BNB""}, {""usdt"": 10864068.0, ""borsa"": 3, ""fiyat"": 64050.0, ""kaynak"": ""BNB+BYB+OKX""}]",YOK,0.0178,-0.0171,0.4699,0.9329,true,0.0738,false,,0,0,3,0,0,3,60.5,61.6,IZLE,,25,64016.5,,,,,SEVIYE,80,1459.8,146,,,,,,,,,0,,16,969.1,16,,,
30761,2026-07-29 06:02:30.368137+00,64076.95,1603563.406694601,332615.574,11764238769.512001,0.00008766800000000002,54750229.312270015,0.0,15.3,BEKLE,false,0.0,0.0,1.642,362.42,64476694.57357003,1390.062,0.0,15.3,"[{""usdt"": 19524186.0, ""borsa"": 3, ""fiyat"": 64000.0, ""kaynak"": ""BNB+BYB+OKX""}, {""usdt"": 12139616.0, ""borsa"": 3, ""fiyat"": 64025.0, ""kaynak"": ""BNB+BYB+OKX""}, {""usdt"": 8137283.0, ""borsa"": 1, ""fiyat"": 63975.0, ""kaynak"": ""BNB""}]","[{""usdt"": 20505138.0, ""borsa"": 3, ""fiyat"": 64050.0, ""kaynak"": ""BNB+BYB+OKX""}, {""usdt"": 15527854.0, ""borsa"": 1, ""fiyat"": 64100.0, ""kaynak"": ""BNB""}, {""usdt"": 11272738.0, ""borsa"": 1, ""fiyat"": 64125.0, ""kaynak"": ""BNB""}]",YOK,0.052,-0.0816,0.8107,1.9127,true,0,false,,1,0,3,1,0,3,57.7,58.8,IZLE,,25,64074.6,,,,,SEVIYE,50,779.9,78,,,,,,,,,0,,16,970.1,16,,,
30762,2026-07-29 06:03:30.852095+00,64072.649999999994,1815191.067639702,1211867.5470000003,11765533058.5144,0.00008766800000000002,53979406.91731004,128.116,58.8,BEKLE,false,0.0,128.116,1.6378,422.649,69126218.92108989,1450.291,0.0,58.8,"[{""usdt"": 17852424.0, ""borsa"": 3, ""fiyat"": 64050.0, ""kaynak"": ""BNB+BYB+OKX""}, {""usdt"": 12331602.0, ""borsa"": 1, ""fiyat"": 64000.0, ""kaynak"": ""BNB""}, {""usdt"": 9469239.0, ""borsa"": 1, ""fiyat"": 63975.0, ""kaynak"": ""BNB""}]","[{""usdt"": 15943022.0, ""borsa"": 3, ""fiyat"": 64075.0, ""kaynak"": ""BNB+BYB+OKX""}, {""usdt"": 15217496.0, ""borsa"": 1, ""fiyat"": 64100.0, ""kaynak"": ""BNB""}, {""usdt"": 14783787.0, ""borsa"": 1, ""fiyat"": 64175.0, ""kaynak"": ""BNB""}]",YOK,0.0505,-0.123,0.29,1.092,true,0,false,,2,0,3,1,1,3,54,55.1,IZLE,,25,64074.6,,,,,SEVIYE,50,780.9,78,,,,,,,1785304920,1,0,,16,971.1,16,,,
30763,2026-07-29 06:04:31.200989+00,64038.75,1759410.5447273029,511088.693,11766850532.2234,0.00008766800000000002,55424365.25417006,128.116,33.9,BEKLE,false,0.0,128.116,1.6378,483.118,66064658.7407999,1510.76,0.0,33.9,"[{""usdt"": 15581225.0, ""borsa"": 3, ""fiyat"": 64050.0, ""kaynak"": ""BNB+BYB+OKX""}, {""usdt"": 12892647.0, ""borsa"": 1, ""fiyat"": 64000.0, ""kaynak"": ""BNB""}, {""usdt"": 9321825.0, ""borsa"": 1, ""fiyat"": 63975.0, ""kaynak"": ""BNB""}]","[{""usdt"": 23579605.0, ""borsa"": 3, ""fiyat"": 64100.0, ""kaynak"": ""BNB+BYB+OKX""}, {""usdt"": 11539276.0, ""borsa"": 1, ""fiyat"": 64150.0, ""kaynak"": ""BNB""}, {""usdt"": 11187020.0, ""borsa"": 1, ""fiyat"": 64175.0, ""kaynak"": ""BNB""}]",YOK,0.134,-0.0876,0.6668,0.045,true,0,false,,2,0,3,0,0,3,50.6,51.7,IZLE,,25,64022,,,,,SEVIYE,80,1462.9,147,,,,,,,1785304920,1,1,,17,972.2,17,,,
30764,2026-07-29 06:05:31.750623+00,64054.149999999994,3555653.8668417,484093.54600000003,11763660295.2487,0.00008766800000000002,55362993.23588001,3650.448,32.1,BEKLE,false,3522.332,128.116,1.6378,543.497,58711116.30258997,1571.139,0.0,32.1,"[{""usdt"": 17340602.0, ""borsa"": 3, ""fiyat"": 64000.0, ""kaynak"": ""BNB+BYB+OKX""}, {""usdt"": 12335501.0, ""borsa"": 3, ""fiyat"": 64025.0, ""kaynak"": ""BNB+BYB+OKX""}, {""usdt"": 8904255.0, ""borsa"": 1, ""fiyat"": 63925.0, ""kaynak"": ""BNB""}]","[{""usdt"": 17005316.0, ""borsa"": 3, ""fiyat"": 64050.0, ""kaynak"": ""BNB+BYB+OKX""}, {""usdt"": 11413334.0, ""borsa"": 1, ""fiyat"": 64125.0, ""kaynak"": ""BNB""}, {""usdt"": 11279181.0, ""borsa"": 1, ""fiyat"": 64100.0, ""kaynak"": ""BNB""}]",YOK,0.0905,-0.0294,0.8175,0.4712,false,,false,2.8659,1,0,3,0,0,3,47.2,48.2,IZLE,,25,64074.6,,,,,SEVIYE,50,782.9,79,,,,,,,1785305040,1,0,,17,973.2,17,,,
30765,2026-07-29 06:06:32.528662+00,64054.95,2202854.0004125996,692291.147,11764371906.46,0.00008766800000000002,52232140.031330004,3650.448,46.5,BEKLE,false,3522.332,128.116,1.6344,604.484,61830468.02645984,1632.126,0.0,46.5,"[{""usdt"": 13617861.0, ""borsa"": 3, ""fiyat"": 64025.0, ""kaynak"": ""BNB+BYB+OKX""}, {""usdt"": 12462108.0, ""borsa"": 1, ""fiyat"": 64000.0, ""kaynak"": ""BNB""}, {""usdt"": 9987072.0, ""borsa"": 3, ""fiyat"": 64050.0, ""kaynak"": ""BNB+BYB+OKX""}]","[{""usdt"": 20295933.0, ""borsa"": 3, ""fiyat"": 64075.0, ""kaynak"": ""BNB+BYB+OKX""}, {""usdt"": 12955501.0, ""borsa"": 1, ""fiyat"": 64125.0, ""kaynak"": ""BNB""}, {""usdt"": 12186884.0, ""borsa"": 1, ""fiyat"": 64150.0, ""kaynak"": ""BNB""}]",SPOT,0.1779,-0.0841,0.5864,0.3609,false,,false,1.9143,3,0,3,0,0,3,44.4,45.4,IZLE,,25,64074.6,,,,,SEVIYE,50,783.9,79,,,,,,,1785305040,1,1,,17,974.2,17,,,
30766,2026-07-29 06:07:32.884548+00,64068.95,2204818.2381586,720941.231,11766192027.3948,0.00008766800000000002,56054967.713329986,3650.448,35.2,BEKLE,false,3522.332,128.116,1.6344,664.782,59202087.454319924,1692.424,0.0,35.2,"[{""usdt"": 14116159.0, ""borsa"": 3, ""fiyat"": 64025.0, ""kaynak"": ""BNB+BYB+OKX""}, {""usdt"": 13380608.0, ""borsa"": 3, ""fiyat"": 64050.0, ""kaynak"": ""BNB+BYB+OKX""}, {""usdt"": 11612776.0, ""borsa"": 1, ""fiyat"": 64000.0, ""kaynak"": ""BNB""}]","[{""usdt"": 17009043.0, ""borsa"": 3, ""fiyat"": 64075.0, ""kaynak"": ""BNB+BYB+OKX""}, {""usdt"": 14792831.0, ""borsa"": 1, ""fiyat"": 64150.0, ""kaynak"": ""BNB""}, {""usdt"": 12684702.0, ""borsa"": 1, ""fiyat"": 64125.0, ""kaynak"": ""BNB""}]",SPOT,0.3006,-0.0273,0.5265,0.3495,false,,false,1.2498,3,0,3,1,0,3,40.8,41.9,IZLE,,25,64074.6,,,,,SEVIYE,50,784.9,79,,,,,,,1785305040,1,2,,17,975.2,17,,,
30767,2026-07-29 06:08:33.250117+00,64058.25,1968920.4006701994,707913.685,11767698101.9508,0.00008766800000000002,52415783.85256997,3522.332,32.8,BEKLE,true,3522.332,0.0,1.6344,725.234,64846615.787839815,1752.876,32.8,0.0,"[{""usdt"": 12223554.0, ""borsa"": 3, ""fiyat"": 64025.0, ""kaynak"": ""BNB+BYB+OKX""}, {""usdt"": 11853033.0, ""borsa"": 1, ""fiyat"": 64000.0, ""kaynak"": ""BNB""}, {""usdt"": 11699694.0, ""borsa"": 3, ""fiyat"": 64050.0, ""kaynak"": ""BNB+BYB+OKX""}]","[{""usdt"": 20548175.0, ""borsa"": 3, ""fiyat"": 64075.0, ""kaynak"": ""BNB+BYB+OKX""}, {""usdt"": 12763078.0, ""borsa"": 1, ""fiyat"": 64125.0, ""kaynak"": ""BNB""}, {""usdt"": 12263601.0, ""borsa"": 1, ""fiyat"": 64100.0, ""kaynak"": ""BNB""}]",SPOT,0.2243,-0.106,0.1797,0.84,false,,false,1.079,2,0,3,0,1,3,37.3,38.4,IZLE,,25,64074.6,,,,,SEVIYE,50,785.9,79,,,,,,,1785305040,1,0,,17,976.2,17,,,
30768,2026-07-29 06:09:33.59032+00,64043.850000000006,1429299.9504806,738938.782,11765841565.864,0.00008766800000000002,55355017.98229,0.0,26.4,BEKLE,,0.0,0.0,1.6344,785.614,64715935.96103993,1813.256,0.0,26.4,"[{""usdt"": 18226367.0, ""borsa"": 3, ""fiyat"": 64025.0, ""kaynak"": ""BNB+BYB+OKX""}, {""usdt"": 11736696.0, ""borsa"": 1, ""fiyat"": 64000.0, ""kaynak"": ""BNB""}, {""usdt"": 8200861.0, ""borsa"": 1, ""fiyat"": 63975.0, ""kaynak"": ""BNB""}]","[{""usdt"": 18904981.0, ""borsa"": 3, ""fiyat"": 64075.0, ""kaynak"": ""BNB+BYB+OKX""}, {""usdt"": 12406200.0, ""borsa"": 1, ""fiyat"": 64125.0, ""kaynak"": ""BNB""}, {""usdt"": 11737124.0, ""borsa"": 1, ""fiyat"": 64100.0, ""kaynak"": ""BNB""}]",SPOT,0.2158,-0.078,0.5099,0.3933,false,,false,0.7389,1,0,3,0,0,3,33.9,35,IZLE,,25,64022,,,,,SEVIYE,80,1467.9,147,,,,,,,,,0,,17,977.2,17,,,
30769,2026-07-29 06:10:33.873706+00,64026.05,-5179406.550525603,562213.119,11763124048.7958,0.00008766800000000002,60474637.60762997,0.0,17.0,BEKLE,false,0.0,0.0,1.6344,845.873,58780522.99488002,1873.515,0.0,17.0,"[{""usdt"": 19368008.0, ""borsa"": 3, ""fiyat"": 64000.0, ""kaynak"": ""BNB+BYB+OKX""}, {""usdt"": 11674540.0, ""borsa"": 1, ""fiyat"": 63925.0, ""kaynak"": ""BNB""}, {""usdt"": 9165130.0, ""borsa"": 3, ""fiyat"": 64025.0, ""kaynak"": ""BNB+BYB+OKX""}]","[{""usdt"": 19218831.0, ""borsa"": 3, ""fiyat"": 64050.0, ""kaynak"": ""BNB+BYB+OKX""}, {""usdt"": 13372371.0, ""borsa"": 1, ""fiyat"": 64100.0, ""kaynak"": ""BNB""}, {""usdt"": 11367385.0, ""borsa"": 1, ""fiyat"": 64125.0, ""kaynak"": ""BNB""}]",SPOT,0.2041,0.0142,0.9877,0.1586,false,,false,0.0268,3,0,3,1,0,3,30.1,31.2,IZLE,,25,64022,,,,,SEVIYE,80,1468.9,147,,,,,,,,,0,,17,978.2,17,,,
30770,2026-07-29 06:11:34.074129+00,64059.75,-4933180.368283603,681334.2920000001,11768649552.3861,0.00008766800000000002,56595590.42115001,0.0,5.6,BEKLE,,0.0,0.0,1.6344,906.141,66848988.22820999,1933.783,5.6,0.0,"[{""usdt"": 15453030.0, ""borsa"": 1, ""fiyat"": 64000.0, ""kaynak"": ""BNB""}, {""usdt"": 13894000.0, ""borsa"": 3, ""fiyat"": 64025.0, ""kaynak"": ""BNB+BYB+OKX""}, {""usdt"": 7960633.0, ""borsa"": 1, ""fiyat"": 63950.0, ""kaynak"": ""BNB""}]","[{""usdt"": 20223355.0, ""borsa"": 3, ""fiyat"": 64075.0, ""kaynak"": ""BNB+BYB+OKX""}, {""usdt"": 15174389.0, ""borsa"": 1, ""fiyat"": 64125.0, ""kaynak"": ""BNB""}, {""usdt"": 11666638.0, ""borsa"": 1, ""fiyat"": 64100.0, ""kaynak"": ""BNB""}]",SPOT,0.1844,-0.0831,0.9979,0.0335,false,,false,0.1096,3,0,3,0,1,3,26.3,27.3,IZLE,,25,64074.6,,,,,SEVIYE,50,788.9,79,,,,,,,,,0,,17,979.2,17,,,
30771,2026-07-29 06:12:34.559522+00,64059.75,-4965835.263678503,761084.937,11774908286.7806,0.00008766800000000002,53695990.30986001,0.0,13.6,BEKLE,false,0.0,0.0,1.6323,966.487,68079368.17330995,1994.129,0.0,13.6,"[{""usdt"": 12815907.0, ""borsa"": 3, ""fiyat"": 64025.0, ""kaynak"": ""BNB+BYB+OKX""}, {""usdt"": 11970427.0, ""borsa"": 3, ""fiyat"": 64050.0, ""kaynak"": ""BNB+BYB+OKX""}, {""usdt"": 11705079.0, ""borsa"": 1, ""fiyat"": 64000.0, ""kaynak"": ""BNB""}]","[{""usdt"": 25503623.0, ""borsa"": 3, ""fiyat"": 64075.0, ""kaynak"": ""BNB+BYB+OKX""}, {""usdt"": 12984225.0, ""borsa"": 1, ""fiyat"": 64125.0, ""kaynak"": ""BNB""}, {""usdt"": 12498377.0, ""borsa"": 1, ""fiyat"": 64150.0, ""kaynak"": ""BNB""}]",SPOT,0.1966,-0.1181,0.9923,0.0635,false,,false,0.1537,3,0,3,0,1,3,22.7,23.8,IZLE,,25,64074.6,,,,,SEVIYE,50,789.9,79,,,,,,,,,0,,17,980.2,17,,,
30772,2026-07-29 06:13:34.931533+00,64065.350000000006,-5144401.094340902,783928.1600000001,11775160930.012798,0.00008766800000000002,50890248.43581998,0.0,17.3,BEKLE,false,0.0,0.0,1.6323,1026.869,68183349.00476004,2054.511,0.0,17.3,"[{""usdt"": 14239037.0, ""borsa"": 3, ""fiyat"": 64025.0, ""kaynak"": ""BNB+BYB+OKX""}, {""usdt"": 12080305.0, ""borsa"": 1, ""fiyat"": 64000.0, ""kaynak"": ""BNB""}, {""usdt"": 8341209.0, ""borsa"": 1, ""fiyat"": 63950.0, ""kaynak"": ""BNB""}]","[{""usdt"": 24839181.0, ""borsa"": 3, ""fiyat"": 64075.0, ""kaynak"": ""BNB+BYB+OKX""}, {""usdt"": 12868849.0, ""borsa"": 1, ""fiyat"": 64125.0, ""kaynak"": ""BNB""}, {""usdt"": 12165363.0, ""borsa"": 1, ""fiyat"": 64150.0, ""kaynak"": ""BNB""}]",YOK,0.1377,-0.1452,0.9853,0.0491,false,,false,0.1542,1,0,3,0,1,3,19.2,20.3,IZLE,,25,64074.6,,,,,SEVIYE,50,790.9,79,,,,,,,,,0,,17,981.2,17,,,
30773,2026-07-29 06:14:35.438499+00,64124.850000000006,-4831499.3487535,806977.5780000002,11778725458.391998,0.00008766800000000002,57034104.222749956,0.0,13.8,BEKLE,false,0.0,0.0,1.6323,1087.324,80240220.14845997,2114.966,0.0,13.8,"[{""usdt"": 13542510.0, ""borsa"": 1, ""fiyat"": 64000.0, ""kaynak"": ""BNB""}, {""usdt"": 13140898.0, ""borsa"": 3, ""fiyat"": 64075.0, ""kaynak"": ""BNB+BYB+OKX""}, {""usdt"": 10098951.0, ""borsa"": 3, ""fiyat"": 64050.0, ""kaynak"": ""BNB+BYB+OKX""}]","[{""usdt"": 35687714.0, ""borsa"": 3, ""fiyat"": 64100.0, ""kaynak"": ""BNB+BYB+OKX""}, {""usdt"": 14046502.0, ""borsa"": 1, ""fiyat"": 64175.0, ""kaynak"": ""BNB""}, {""usdt"": 12387257.0, ""borsa"": 1, ""fiyat"": 64125.0, ""kaynak"": ""BNB""}]",SPOT,0.1856,-0.169,0.9859,0.6082,false,,false,0.17,2,0,3,0,2,3,15.8,16.9,IZLE,,25,64124.5,,,,,SEVIYE,50,361.4,37,,,,,,,,,0,,15,982.2,15,,,
30774,2026-07-29 06:15:35.751385+00,64076.75,-7449840.9219983015,-240894.09399999992,11779341109.750301,0.00008766800000000002,56502446.72683995,22934.784,74.5,BEKLE,true,0.0,22934.784,1.6323,1147.787,58518905.31965995,1389.485,74.5,0.0,"[{""usdt"": 15889724.0, ""borsa"": 3, ""fiyat"": 64050.0, ""kaynak"": ""BNB+BYB+OKX""}, {""usdt"": 13444532.0, ""borsa"": 1, ""fiyat"": 64000.0, ""kaynak"": ""BNB""}, {""usdt"": 9586543.0, ""borsa"": 1, ""fiyat"": 64025.0, ""kaynak"": ""BNB""}]","[{""usdt"": 15983774.0, ""borsa"": 3, ""fiyat"": 64100.0, ""kaynak"": ""BNB+BYB+OKX""}, {""usdt"": 12275827.0, ""borsa"": 1, ""fiyat"": 64150.0, ""kaynak"": ""BNB""}, {""usdt"": 11399399.0, ""borsa"": 1, ""fiyat"": 64125.0, ""kaynak"": ""BNB""}]",YOK,0.1048,-0.0175,0.6816,0.726,false,,false,0,1,0,3,0,0,3,12.5,13.5,IZLE,,25,64074.6,,,,,SEVIYE,50,793.0,80,PCT,0.35,1.3280312891075972,0.5214683009283126,false,0.167,1785305640,3,0,,15,983.2,15,,,
30775,2026-07-29 06:16:36.782113+00,64079.95,-7369807.166253302,-241462.93,11781938145.681599,0.00008766800000000002,56361211.069380015,23319.2442,76.4,BEKLE,true,384.4602,22934.784,1.6323,1208.803,59123101.21817992,1450.501,76.4,0.0,"[{""usdt"": 16063955.0, ""borsa"": 3, ""fiyat"": 64050.0, ""kaynak"": ""BNB+BYB+OKX""}, {""usdt"": 11657425.0, ""borsa"": 1, ""fiyat"": 64000.0, ""kaynak"": ""BNB""}, {""usdt"": 11179890.0, ""borsa"": 2, ""fiyat"": 64025.0, ""kaynak"": ""BNB+BYB""}]","[{""usdt"": 15072219.0, ""borsa"": 3, ""fiyat"": 64075.0, ""kaynak"": ""BNB+BYB+OKX""}, {""usdt"": 12515620.0, ""borsa"": 1, ""fiyat"": 64175.0, ""kaynak"": ""BNB""}, {""usdt"": 11939110.0, ""borsa"": 1, ""fiyat"": 64125.0, ""kaynak"": ""BNB""}]",YOK,0.0821,-0.0239,0.6666,0.2635,false,,false,0,1,0,3,0,0,3,9.6,10.7,IZLE,,25,64074.6,,,,,SEVIYE,50,794.0,80,,,,,,,1785305700,3,0,,15,984.2,15,,,
30776,2026-07-29 06:17:37.054081+00,64094.75,-7569758.804071502,-216321.773,11780411106.1869,0.00008766800000000002,57536088.74695997,23319.2442,67.7,BEKLE,true,384.4602,22934.784,1.6254,1269.093,74889929.41821998,1510.791,67.7,0.0,"[{""usdt"": 16849442.0, ""borsa"": 3, ""fiyat"": 64075.0, ""kaynak"": ""BNB+BYB+OKX""}, {""usdt"": 12763912.0, ""borsa"": 1, ""fiyat"": 64000.0, ""kaynak"": ""BNB""}, {""usdt"": 11561515.0, ""borsa"": 3, ""fiyat"": 64050.0, ""kaynak"": ""BNB+BYB+OKX""}]","[{""usdt"": 24243487.0, ""borsa"": 3, ""fiyat"": 64100.0, ""kaynak"": ""BNB+BYB+OKX""}, {""usdt"": 16012586.0, ""borsa"": 1, ""fiyat"": 64175.0, ""kaynak"": ""BNB""}, {""usdt"": 13821812.0, ""borsa"": 1, ""fiyat"": 64125.0, ""kaynak"": ""BNB""}]",YOK,0.111,-0.131,0.6686,0.4284,false,,false,0,1,0,3,0,1,3,6.1,7.1,IZLE,,25,64074.6,,,,,SEVIYE,50,795.0,80,,,,,,,1785305700,3,1,,15,985.3,15,,,
30777,2026-07-29 06:18:37.355929+00,64109.350000000006,-7627643.602560903,-189727.33599999992,11780884293.088402,0.00008766800000000002,60397498.33376994,23319.2442,70.2,BEKLE,true,384.4602,22934.784,1.6254,1329.369,66124232.11647999,1571.067,70.2,0.0,"[{""usdt"": 13852348.0, ""borsa"": 3, ""fiyat"": 64075.0, ""kaynak"": ""BNB+BYB+OKX""}, {""usdt"": 13351968.0, ""borsa"": 1, ""fiyat"": 64000.0, ""kaynak"": ""BNB""}, {""usdt"": 12096403.0, ""borsa"": 3, ""fiyat"": 64100.0, ""kaynak"": ""BNB+BYB+OKX""}]","[{""usdt"": 21569480.0, ""borsa"": 3, ""fiyat"": 64125.0, ""kaynak"": ""BNB+BYB+OKX""}, {""usdt"": 14232616.0, ""borsa"": 1, ""fiyat"": 64200.0, ""kaynak"": ""BNB""}, {""usdt"": 13391409.0, ""borsa"": 1, ""fiyat"": 64175.0, ""kaynak"": ""BNB""}]",SPOT,0.2079,-0.0453,0.6589,0.5565,false,,false,0,3,0,3,0,0,3,2.4,3.5,IZLE,,25,64124.5,,,,,SEVIYE,50,365.4,37,,,,,,,1785305700,3,2,,15,986.3,15,,,
30778,2026-07-29 06:19:37.592335+00,64112.95,-7248241.037802502,-152940.35600000003,11784113150.5024,0.00008766800000000002,60397498.33376994,5577.759,63.2,BEKLE,true,384.4602,5193.2988000000005,1.6254,1389.64,66124232.11647999,1631.338,63.2,0.0,"[{""usdt"": 13852348.0, ""borsa"": 3, ""fiyat"": 64075.0, ""kaynak"": ""BNB+BYB+OKX""}, {""usdt"": 13351968.0, ""borsa"": 1, ""fiyat"": 64000.0, ""kaynak"": ""BNB""}, {""usdt"": 12096403.0, ""borsa"": 3, ""fiyat"": 64100.0, ""kaynak"": ""BNB+BYB+OKX""}]","[{""usdt"": 21569480.0, ""borsa"": 3, ""fiyat"": 64125.0, ""kaynak"": ""BNB+BYB+OKX""}, {""usdt"": 14232616.0, ""borsa"": 1, ""fiyat"": 64200.0, ""kaynak"": ""BNB""}, {""usdt"": 13391409.0, ""borsa"": 1, ""fiyat"": 64175.0, ""kaynak"": ""BNB""}]",SPOT,0.2079,-0.0453,0.656,0.1538,false,,false,,3,0,3,0,0,3,62.7,63.8,IZLE,,25,64124.5,,,,,SEVIYE,50,366.4,37,,,,,,,1785305880,1,0,,15,987.3,15,,,
30779,2026-07-29 06:20:37.814158+00,64109.25,155912.2217380028,791676.1700000002,11784314164.298,0.00008766800000000002,56910119.14694997,5193.2988000000005,60.7,BEKLE,false,0.0,5193.2988000000005,1.6254,1449.852,82110843.32920001,1691.55,0.0,60.7,"[{""usdt"": 15158741.0, ""borsa"": 1, ""fiyat"": 64000.0, ""kaynak"": ""BNB""}, {""usdt"": 14662812.0, ""borsa"": 3, ""fiyat"": 64075.0, ""kaynak"": ""BNB+BYB+OKX""}, {""usdt"": 10239891.0, ""borsa"": 3, ""fiyat"": 64100.0, ""kaynak"": ""BNB+BYB+OKX""}]","[{""usdt"": 27316326.0, ""borsa"": 3, ""fiyat"": 64125.0, ""kaynak"": ""BNB+BYB+OKX""}, {""usdt"": 18544817.0, ""borsa"": 1, ""fiyat"": 64200.0, ""kaynak"": ""BNB""}, {""usdt"": 14351615.0, ""borsa"": 1, ""fiyat"": 64150.0, ""kaynak"": ""BNB""}]",SPOT,0.1946,-0.1813,0.848,0.1727,false,1.5155,false,,2,0,3,0,2,3,59,60.1,IZLE,,25,64124.5,,,,,SEVIYE,50,367.4,37,,,,,,,1785305880,1,0,,15,988.3,15,,,
30780,2026-07-29 06:21:38.058478+00,64110.55,615479.8129024031,1079041.0889999997,11789380575.855202,0.00008766800000000002,55638327.329479985,38663.2917,72.5,BEKLE,false,0.0,38663.2917,1.6254,1510.059,81357009.33740002,1751.757,0.0,72.5,"[{""usdt"": 14697847.0, ""borsa"": 1, ""fiyat"": 64000.0, ""kaynak"": ""BNB""}, {""usdt"": 12191576.0, ""borsa"": 3, ""fiyat"": 64100.0, ""kaynak"": ""BNB+BYB+OKX""}, {""usdt"": 11395625.0, ""borsa"": 3, ""fiyat"": 64075.0, ""kaynak"": ""BNB+BYB+OKX""}]","[{""usdt"": 27061968.0, ""borsa"": 3, ""fiyat"": 64125.0, ""kaynak"": ""BNB+BYB+OKX""}, {""usdt"": 14791955.0, ""borsa"": 1, ""fiyat"": 64200.0, ""kaynak"": ""BNB""}, {""usdt"": 14576690.0, ""borsa"": 1, ""fiyat"": 64150.0, ""kaynak"": ""BNB""}]",SPOT,0.2064,-0.1877,0.8208,0.1499,true,0.3474,false,,2,0,3,0,3,3,55.4,56.5,HAZIRLAN,LONG,50,64124.5,64124.5,65000,64066.1,20.01,SEVIYE+EMILIM,50,368.4,37,,,,,,,1785306060,2,0,0.31,15,989.3,15,,,
30781,2026-07-29 06:22:38.356069+00,64118.75,498799.5751285034,679708.2460000002,11788940024.2986,0.00008766800000000002,60194995.19694001,38659.343400000005,46.9,BEKLE,false,0.0,38659.343400000005,1.6254,1570.371,59846403.27344999,664.23,0.0,46.9,"[{""usdt"": 14515201.0, ""borsa"": 3, ""fiyat"": 64075.0, ""kaynak"": ""BNB+BYB+OKX""}, {""usdt"": 14417998.0, ""borsa"": 3, ""fiyat"": 64100.0, ""kaynak"": ""BNB+BYB+OKX""}, {""usdt"": 12149918.0, ""borsa"": 1, ""fiyat"": 64000.0, ""kaynak"": ""BNB""}]","[{""usdt"": 15057406.0, ""borsa"": 3, ""fiyat"": 64125.0, ""kaynak"": ""BNB+BYB+OKX""}, {""usdt"": 14113830.0, ""borsa"": 1, ""fiyat"": 64200.0, ""kaynak"": ""BNB""}, {""usdt"": 13691147.0, ""borsa"": 1, ""fiyat"": 64175.0, ""kaynak"": ""BNB""}]",SPOT,0.2144,0.0029,0.8721,0.1236,true,0.3956,false,,3,0,3,1,0,3,51.9,53,HAZIRLAN,LONG,50,64124.5,64124.5,65000,64066.1,16.74,SEVIYE+EMILIM,50,369.4,37,,,,,,,1785306060,2,0,0.11,15,990.3,15,,,
30782,2026-07-29 06:23:38.590046+00,64149.95,716381.3170493034,992834.8080000002,11794666686.987999,0.00008766800000000002,58637109.02877997,33594.3338,63.6,BEKLE,false,0.0,33594.3338,1.6254,1630.66,81380582.04642995,724.519,0.0,63.6,"[{""usdt"": 18517994.0, ""borsa"": 3, ""fiyat"": 64100.0, ""kaynak"": ""BNB+BYB+OKX""}, {""usdt"": 12593860.0, ""borsa"": 1, ""fiyat"": 64025.0, ""kaynak"": ""BNB""}, {""usdt"": 8802012.0, ""borsa"": 2, ""fiyat"": 64075.0, ""kaynak"": ""BNB+BYB""}]","[{""usdt"": 26177238.0, ""borsa"": 3, ""fiyat"": 64125.0, ""kaynak"": ""BNB+BYB+OKX""}, {""usdt"": 17488701.0, ""borsa"": 3, ""fiyat"": 64150.0, ""kaynak"": ""BNB+BYB+OKX""}, {""usdt"": 13654100.0, ""borsa"": 1, ""fiyat"": 64200.0, ""kaynak"": ""BNB""}]",SPOT,0.2612,-0.1624,0.8424,0.1952,true,0.1596,false,,3,0,3,0,1,3,48.3,49.4,HAZIRLAN,LONG,50,64124.5,65000,65000,64116,25.03,SEVIYE+EMILIM,50,370.4,37,,,,,,,1785306180,2,0,25.03,15,991.3,15,,,
30783,2026-07-29 06:24:38.833199+00,64174.350000000006,946855.6459374053,2165744.5009999997,11798067767.4991,0.00008766800000000002,49524224.38921002,401707.92429999996,74.1,BEKLE,false,0.0,401707.92429999996,1.6254,180.799,66704721.78763003,784.717,0.0,74.1,"[{""usdt"": 16218937.0, ""borsa"": 3, ""fiyat"": 64125.0, ""kaynak"": ""BNB+BYB+OKX""}, {""usdt"": 10339461.0, ""borsa"": 1, ""fiyat"": 64075.0, ""kaynak"": ""BNB""}, {""usdt"": 8174475.0, ""borsa"": 1, ""fiyat"": 64050.0, ""kaynak"": ""BNB""}]","[{""usdt"": 16935434.0, ""borsa"": 3, ""fiyat"": 64150.0, ""kaynak"": ""BNB+BYB+OKX""}, {""usdt"": 13733268.0, ""borsa"": 1, ""fiyat"": 64250.0, ""kaynak"": ""BNB""}, {""usdt"": 13425631.0, ""borsa"": 1, ""fiyat"": 64200.0, ""kaynak"": ""BNB""}]",SPOT,0.2543,-0.1478,0.7144,0.2714,true,0,false,,3,0,3,0,1,3,44.7,45.7,HAZIRLAN,LONG,50,64149.9,65000,65000,64141.5,25.11,SEVIYE+EMILIM,50,371.4,38,,,,,,,1785306240,2,0,25.11,17,992.3,17,,,
30784,2026-07-29 06:25:39.041972+00,64170.75,697849.4766054078,1459168.985,11799297018.6501,0.00008766800000000002,56136215.28914004,468457.99979999993,41.9,BEKLE,false,0.0,468457.99979999993,1.6254,60.222,64574066.80758012,663.756,0.0,41.9,"[{""usdt"": 16596037.0, ""borsa"": 3, ""fiyat"": 64150.0, ""kaynak"": ""BNB+BYB+OKX""}, {""usdt"": 11323620.0, ""borsa"": 1, ""fiyat"": 64075.0, ""kaynak"": ""BNB""}, {""usdt"": 9493549.0, ""borsa"": 1, ""fiyat"": 64100.0, ""kaynak"": ""BNB""}]","[{""usdt"": 17197276.0, ""borsa"": 3, ""fiyat"": 64175.0, ""kaynak"": ""BNB+BYB+OKX""}, {""usdt"": 12741263.0, ""borsa"": 1, ""fiyat"": 64200.0, ""kaynak"": ""BNB""}, {""usdt"": 12712215.0, ""borsa"": 1, ""fiyat"": 64225.0, ""kaynak"": ""BNB""}]",SPOT,0.2641,-0.0699,0.3649,2.0997,true,0,false,,3,0,3,0,0,3,41,42.1,IZLE,,25,64149.9,,,,,SEVIYE,50,372.4,38,,,,,,,1785306240,2,0,,17,993.3,17,,,
30785,2026-07-29 06:26:39.46084+00,64235.850000000006,2805941.172085808,3330025.363,11792134741.3378,0.00008766800000000002,51147144.21673999,1099434.1809,31.4,BEKLE,,0.0,1099434.1809,1.6254,0,66472139.34660007,120.488,0.0,31.4,"[{""usdt"": 10042389.0, ""borsa"": 1, ""fiyat"": 64175.0, ""kaynak"": ""BNB""}, {""usdt"": 9878550.0, ""borsa"": 3, ""fiyat"": 64250.0, ""kaynak"": ""BNB+BYB+OKX""}, {""usdt"": 9452260.0, ""borsa"": 1, ""fiyat"": 64125.0, ""kaynak"": ""BNB""}]","[{""usdt"": 21308752.0, ""borsa"": 3, ""fiyat"": 64300.0, ""kaynak"": ""BNB+BYB+OKX""}, {""usdt"": 18801547.0, ""borsa"": 3, ""fiyat"": 64275.0, ""kaynak"": ""BNB+BYB+OKX""}, {""usdt"": 9828950.0, ""borsa"": 1, ""fiyat"": 64350.0, ""kaynak"": ""BNB""}]",SPOT,0.3442,-0.1303,0.4079,1.1828,false,,false,,3,0,3,0,2,3,37.3,38.4,YOK,,0,64149.9,,,,,SEVIYE,50,373.4,38,,,,,,,1785306360,3,0,,17,994.3,17,,,
30786,2026-07-29 06:27:39.680026+00,64249.75,2827075.4898167034,3471827.3379999995,11791285450.0378,0.00008766800000000002,55662606.191429965,1099428.1953,0.0,BEKLE,,0.0,1099428.1953,1.6281,60.375,51836405.68544003,60.375,0.0,0.0,"[{""usdt"": 16906822.0, ""borsa"": 3, ""fiyat"": 64225.0, ""kaynak"": ""BNB+BYB+OKX""}, {""usdt"": 10653654.0, ""borsa"": 1, ""fiyat"": 64175.0, ""kaynak"": ""BNB""}, {""usdt"": 9334165.0, ""borsa"": 1, ""fiyat"": 64125.0, ""kaynak"": ""BNB""}]","[{""usdt"": 13582001.0, ""borsa"": 3, ""fiyat"": 64250.0, ""kaynak"": ""BNB+BYB+OKX""}, {""usdt"": 11496562.0, ""borsa"": 1, ""fiyat"": 64325.0, ""kaynak"": ""BNB""}, {""usdt"": 9841040.0, ""borsa"": 1, ""fiyat"": 64300.0, ""kaynak"": ""BNB""}]",SPOT,0.251,0.0356,0.3712,1.0586,true,0,false,,3,0,3,0,0,3,33.8,34.9,YOK,,0,64149.9,,,,,SEVIYE,50,374.4,38,,,,,,,1785306360,3,0,,17,995.3,17,,,
30787,2026-07-29 06:28:39.8939+00,64330.05,2827075.4898167034,3471827.3379999995,11791285450.0378,0.00008766800000000002,58628383.21453996,1099428.1953,0.0,BEKLE,,0.0,1099428.1953,1.6281,0,63638963.07152996,120.584,0.0,0.0,"[{""usdt"": 15448063.0, ""borsa"": 3, ""fiyat"": 64300.0, ""kaynak"": ""BNB+BYB+OKX""}, {""usdt"": 12447720.0, ""borsa"": 3, ""fiyat"": 64325.0, ""kaynak"": ""BNB+BYB+OKX""}, {""usdt"": 8462776.0, ""borsa"": 1, ""fiyat"": 64250.0, ""kaynak"": ""BNB""}]","[{""usdt"": 16733050.0, ""borsa"": 3, ""fiyat"": 64350.0, ""kaynak"": ""BNB+BYB+OKX""}, {""usdt"": 13054102.0, ""borsa"": 1, ""fiyat"": 64400.0, ""kaynak"": ""BNB""}, {""usdt"": 11334949.0, ""borsa"": 1, ""fiyat"": 64375.0, ""kaynak"": ""BNB""}]",SPOT,0.3114,-0.041,0.376,1.6257,true,0,false,,3,0,3,1,1,3,30.2,31.3,YOK,,0,64149.9,,,,,SEVIYE,50,375.4,38,,,,,,,1785306360,3,0,,17,996.3,17,,,
30788,2026-07-29 06:29:40.238493+00,64373.149999999994,4044118.6962655047,4985277.7930000005,11789353456.193802,0.00008766800000000002,51451742.07264997,1522273.5559999999,0.0,BEKLE,,0.0,1522273.5559999999,1.6281,60.222,70244116.18392998,60.222,0.0,0.0,"[{""usdt"": 14277593.0, ""borsa"": 3, ""fiyat"": 64350.0, ""kaynak"": ""BNB+BYB+OKX""}, {""usdt"": 12423919.0, ""borsa"": 3, ""fiyat"": 64325.0, ""kaynak"": ""BNB+BYB+OKX""}, {""usdt"": 9176873.0, ""borsa"": 1, ""fiyat"": 64275.0, ""kaynak"": ""BNB""}]","[{""usdt"": 17289337.0, ""borsa"": 1, ""fiyat"": 64400.0, ""kaynak"": ""BNB""}, {""usdt"": 14924528.0, ""borsa"": 3, ""fiyat"": 64375.0, ""kaynak"": ""BNB+BYB+OKX""}, {""usdt"": 14485145.0, ""borsa"": 1, ""fiyat"": 64450.0, ""kaynak"": ""BNB""}]",YOK,0.122,-0.1544,0.4374,1.422,false,,false,,2,0,3,1,2,3,26.6,27.7,YOK,,0,64149.9,,,,,SEVIYE+TASFIYE,50,376.5,38,,,,,,,1785306480,3,0,,17,997.3,17,,,
30789,2026-07-29 06:30:42.034277+00,64375.45,5461709.137147602,5112654.868999999,11806756613.1889,0.00008766800000000002,54605101.50012997,2059050.6267,0.0,BEKLE,,0.0,2059050.6267,1.6281,61.829,74794978.64548,122.051,0.0,0.0,"[{""usdt"": 18648751.0, ""borsa"": 3, ""fiyat"": 64350.0, ""kaynak"": ""BNB+BYB+OKX""}, {""usdt"": 9780764.0, ""borsa"": 1, ""fiyat"": 64300.0, ""kaynak"": ""BNB""}, {""usdt"": 8917155.0, ""borsa"": 1, ""fiyat"": 64275.0, ""kaynak"": ""BNB""}]","[{""usdt"": 20973983.0, ""borsa"": 1, ""fiyat"": 64500.0, ""kaynak"": ""BNB""}, {""usdt"": 16603228.0, ""borsa"": 1, ""fiyat"": 64450.0, ""kaynak"": ""BNB""}, {""usdt"": 13720754.0, ""borsa"": 1, ""fiyat"": 64475.0, ""kaynak"": ""BNB""}]",YOK,0.1308,-0.156,0.48,1.0446,false,,false,14.8892,2,0,3,0,1,3,24.6,25.7,YOK,,0,64149.9,,,,,SEVIYE,50,377.5,38,,,,,,,1785306480,3,0,,17,998.3,17,,,
30790,2026-07-29 06:31:42.344879+00,64383.149999999994,7163389.744034101,4662580.586,11802152033.4931,0.00008766800000000002,52979045.987040035,2030210.9711,0.0,BEKLE,,0.0,2030210.9711,1.6281,60.386,74567614.18176004,182.437,0.0,0.0,"[{""usdt"": 16449064.0, ""borsa"": 3, ""fiyat"": 64375.0, ""kaynak"": ""BNB+BYB+OKX""}, {""usdt"": 10691691.0, ""borsa"": 1, ""fiyat"": 64325.0, ""kaynak"": ""BNB""}, {""usdt"": 8637801.0, ""borsa"": 1, ""fiyat"": 64300.0, ""kaynak"": ""BNB""}]","[{""usdt"": 23456300.0, ""borsa"": 1, ""fiyat"": 64500.0, ""kaynak"": ""BNB""}, {""usdt"": 14937754.0, ""borsa"": 1, ""fiyat"": 64475.0, ""kaynak"": ""BNB""}, {""usdt"": 14351842.0, ""borsa"": 1, ""fiyat"": 64450.0, ""kaynak"": ""BNB""}]",SPOT,0.1634,-0.1693,0.6983,1.1944,false,,false,,2,0,3,1,1,3,20.5,21.6,YOK,,0,64149.9,,,,,SEVIYE,50,378.5,38,,,,,,,1785306600,3,0,,17,999.4,17,,,
30791,2026-07-29 06:32:43.615441+00,64433.649999999994,12998989.587623192,5158542.607999999,11808295767.6877,0.00008766800000000002,53015954.374480024,1712691.3829,0.0,BEKLE,,0.0,1712691.3829,1.6267,61.316,76825205.44370998,243.753,0.0,0.0,"[{""usdt"": 18491302.0, ""borsa"": 3, ""fiyat"": 64375.0, ""kaynak"": ""BNB+BYB+OKX""}, {""usdt"": 8547496.0, ""borsa"": 2, ""fiyat"": 64350.0, ""kaynak"": ""BNB+OKX""}, {""usdt"": 8530338.0, ""borsa"": 1, ""fiyat"": 64325.0, ""kaynak"": ""BNB""}]","[{""usdt"": 24202943.0, ""borsa"": 1, ""fiyat"": 64500.0, ""kaynak"": ""BNB""}, {""usdt"": 16433265.0, ""borsa"": 1, ""fiyat"": 64475.0, ""kaynak"": ""BNB""}, {""usdt"": 14401314.0, ""borsa"": 1, ""fiyat"": 64450.0, ""kaynak"": ""BNB""}]",SPOT,0.1997,-0.1834,0.8102,0.741,false,,false,21.2044,3,0,3,1,1,3,17.7,18.8,YOK,,0,64149.9,,,,,SEVIYE,50,379.5,38,,,,,,,1785306660,3,0,,17,1000.4,17,,,
30792,2026-07-29 06:33:43.765572+00,64398.55,15958429.403072696,4999073.291999999,11814510144.409,0.00008766800000000002,51248745.76859003,1251161.0141999999,63.7,BEKLE,true,0.0,1251161.0141999999,1.6267,60.159,74720714.53243007,303.912,0.0,63.7,"[{""usdt"": 17922511.0, ""borsa"": 3, ""fiyat"": 64375.0, ""kaynak"": ""BNB+BYB+OKX""}, {""usdt"": 9520572.0, ""borsa"": 1, ""fiyat"": 64300.0, ""kaynak"": ""BNB""}, {""usdt"": 8321633.0, ""borsa"": 1, ""fiyat"": 64350.0, ""kaynak"": ""BNB""}]","[{""usdt"": 22970263.0, ""borsa"": 1, ""fiyat"": 64500.0, ""kaynak"": ""BNB""}, {""usdt"": 14670686.0, ""borsa"": 1, ""fiyat"": 64475.0, ""kaynak"": ""BNB""}, {""usdt"": 12414752.0, ""borsa"": 3, ""fiyat"": 64425.0, ""kaynak"": ""BNB+BYB+OKX""}]",SPOT,0.1629,-0.1863,0.8578,0.2257,false,,false,9.5424,2,0,3,0,2,3,14,15.1,IZLE,,25,64371.5,,,,,SEVIYE,65,0.0,1,,,,,,,1785306720,4,0,,18,811.1,18,,,
30793,2026-07-29 06:34:44.078802+00,64392.55,15239742.351719724,4371517.449,11811463915.028,0.00008766800000000002,54291546.25629,444772.4081,45.5,BEKLE,false,0.0,444772.4081,1.6267,120.408,60236134.94407995,364.161,45.5,0.0,"[{""usdt"": 20216818.0, ""borsa"": 3, ""fiyat"": 64350.0, ""kaynak"": ""BNB+BYB+OKX""}, {""usdt"": 10180629.0, ""borsa"": 1, ""fiyat"": 64300.0, ""kaynak"": ""BNB""}, {""usdt"": 9186283.0, ""borsa"": 1, ""fiyat"": 64275.0, ""kaynak"": ""BNB""}]","[{""usdt"": 15493082.0, ""borsa"": 1, ""fiyat"": 64475.0, ""kaynak"": ""BNB""}, {""usdt"": 11457617.0, ""borsa"": 1, ""fiyat"": 64450.0, ""kaynak"": ""BNB""}, {""usdt"": 10163146.0, ""borsa"": 1, ""fiyat"": 64425.0, ""kaynak"": ""BNB""}]",YOK,0.0471,-0.0519,0.9275,0.081,false,,false,8.3689,0,0,3,1,0,3,10,11.1,IZLE,,25,64371.5,,,,,SEVIYE,65,1.0,1,,,,,,,1785306720,3,0,,18,812.1,18,,,
30794,2026-07-29 06:35:44.349553+00,64420.05,15063539.720095318,4210905.984999999,11811830290.8521,0.00008766800000000002,57257008.45753994,338811.6325,44.3,BEKLE,false,0.0,338811.6325,1.6089,120.54,80531883.30405,424.452,44.3,0.0,"[{""usdt"": 20059497.0, ""borsa"": 3, ""fiyat"": 64400.0, ""kaynak"": ""BNB+BYB+OKX""}, {""usdt"": 10005691.0, ""borsa"": 1, ""fiyat"": 64350.0, ""kaynak"": ""BNB""}, {""usdt"": 8784187.0, ""borsa"": 1, ""fiyat"": 64325.0, ""kaynak"": ""BNB""}]","[{""usdt"": 25614051.0, ""borsa"": 1, ""fiyat"": 64500.0, ""kaynak"": ""BNB""}, {""usdt"": 17649935.0, ""borsa"": 3, ""fiyat"": 64450.0, ""kaynak"": ""BNB+BYB+OKX""}, {""usdt"": 13213821.0, ""borsa"": 1, ""fiyat"": 64475.0, ""kaynak"": ""BNB""}]",SPOT,0.1531,-0.1689,0.882,0.2065,false,,false,3.2519,2,0,3,1,2,3,6.1,7.2,IZLE,,25,64433.6,,,,,SEVIYE,45,2.0,1,,,,,,,1785306720,3,0,,18,813.1,18,,,
30795,2026-07-29 06:36:44.599558+00,64417.149999999994,14842500.20954461,2781476.5409999997,11817331963.4482,0.00008766800000000002,56040953.059359916,137124.7936,86.5,BEKLE,false,0.0,137124.7936,1.6089,180.76,77527451.90538001,484.672,86.5,0.0,"[{""usdt"": 17724993.0, ""borsa"": 3, ""fiyat"": 64400.0, ""kaynak"": ""BNB+BYB+OKX""}, {""usdt"": 12603007.0, ""borsa"": 3, ""fiyat"": 64375.0, ""kaynak"": ""BNB+BYB+OKX""}, {""usdt"": 8794226.0, ""borsa"": 1, ""fiyat"": 64300.0, ""kaynak"": ""BNB""}]","[{""usdt"": 24238769.0, ""borsa"": 1, ""fiyat"": 64500.0, ""kaynak"": ""BNB""}, {""usdt"": 16376868.0, ""borsa"": 1, ""fiyat"": 64450.0, ""kaynak"": ""BNB""}, {""usdt"": 14365567.0, ""borsa"": 3, ""fiyat"": 64425.0, ""kaynak"": ""BNB+BYB+OKX""}]",SPOT,0.1887,-0.1609,0.7412,0.1654,false,,false,4.319,2,0,3,0,1,3,2.2,3.3,IZLE,,25,64433.6,,,,,SEVIYE,45,3.0,1,,,,,,,1785306720,3,0,,18,814.1,18,,,
30796,2026-07-29 06:37:44.854743+00,64414.95,14304634.126707608,2479326.4490000005,11818406730.276,0.00008766800000000002,56040953.059359916,126698.0362,72.3,BEKLE,false,0.0,126698.0362,1.6089,241.01,77527451.90538001,544.922,72.3,0.0,"[{""usdt"": 17724993.0, ""borsa"": 3, ""fiyat"": 64400.0, ""kaynak"": ""BNB+BYB+OKX""}, {""usdt"": 12603007.0, ""borsa"": 3, ""fiyat"": 64375.0, ""kaynak"": ""BNB+BYB+OKX""}, {""usdt"": 8794226.0, ""borsa"": 1, ""fiyat"": 64300.0, ""kaynak"": ""BNB""}]","[{""usdt"": 24238769.0, ""borsa"": 1, ""fiyat"": 64500.0, ""kaynak"": ""BNB""}, {""usdt"": 16376868.0, ""borsa"": 1, ""fiyat"": 64450.0, ""kaynak"": ""BNB""}, {""usdt"": 14365567.0, ""borsa"": 3, ""fiyat"": 64425.0, ""kaynak"": ""BNB+BYB+OKX""}]",SPOT,0.1887,-0.1609,0.2548,0.1838,false,,false,3.876,2,0,3,0,1,3,62.5,63.5,IZLE,,25,64433.6,,,,,SEVIYE,45,4.0,1,,,,,,,1785306720,3,0,,18,815.1,18,,,
30797,2026-07-29 06:38:45.094554+00,64388.45,14396768.297835704,2444531.7630000003,11814579417.1666,0.00008766800000000002,52386539.730239965,0.0,95.2,BEKLE,true,0.0,0.0,1.6089,301.294,80156523.40531997,605.206,95.2,0.0,"[{""usdt"": 14566130.0, ""borsa"": 3, ""fiyat"": 64400.0, ""kaynak"": ""BNB+BYB+OKX""}, {""usdt"": 12869247.0, ""borsa"": 3, ""fiyat"": 64375.0, ""kaynak"": ""BNB+BYB+OKX""}, {""usdt"": 8182823.0, ""borsa"": 1, ""fiyat"": 64350.0, ""kaynak"": ""BNB""}]","[{""usdt"": 23558717.0, ""borsa"": 1, ""fiyat"": 64500.0, ""kaynak"": ""BNB""}, {""usdt"": 22734883.0, ""borsa"": 3, ""fiyat"": 64425.0, ""kaynak"": ""BNB+BYB+OKX""}, {""usdt"": 13392802.0, ""borsa"": 1, ""fiyat"": 64475.0, ""kaynak"": ""BNB""}]",SPOT,0.1684,-0.2095,0.3002,0.0978,false,,false,3.2251,1,0,3,0,2,3,58.9,60,IZLE,,25,64371.5,,,,,SEVIYE,65,5.0,1,,,,,,,,,0,,18,816.1,18,LONG,surec,95.15563607725899
30798,2026-07-29 06:39:45.380812+00,64401.95,13336851.981604105,2161281.4950000006,11811647239.313198,0.00008766800000000002,55543482.181390025,0.0,100.0,BEKLE,false,0.0,0.0,1.6089,361.573,74411995.70447996,665.485,100.0,0.0,"[{""usdt"": 17199104.0, ""borsa"": 3, ""fiyat"": 64375.0, ""kaynak"": ""BNB+BYB+OKX""}, {""usdt"": 12557638.0, ""borsa"": 3, ""fiyat"": 64350.0, ""kaynak"": ""BNB+BYB+OKX""}, {""usdt"": 9337383.0, ""borsa"": 1, ""fiyat"": 64275.0, ""kaynak"": ""BNB""}]","[{""usdt"": 21419579.0, ""borsa"": 1, ""fiyat"": 64500.0, ""kaynak"": ""BNB""}, {""usdt"": 15673331.0, ""borsa"": 3, ""fiyat"": 64400.0, ""kaynak"": ""BNB+BYB+OKX""}, {""usdt"": 14448156.0, ""borsa"": 1, ""fiyat"": 64475.0, ""kaynak"": ""BNB""}]",SPOT,0.1666,-0.1452,0.3766,0.0938,false,,false,3.8591,2,0,3,1,1,3,55.3,56.4,IZLE,,25,64371.5,,,,,SEVIYE,65,6.0,1,,,,,,,,,0,,18,817.1,18,,,
30799,2026-07-29 06:40:45.610662+00,64411.850000000006,13663727.300390305,2887716.4039999996,11815479345.331902,0.00008766800000000002,50775201.98446999,0.0,76.1,BEKLE,false,0.0,0.0,1.6089,421.8,84826776.82933006,725.712,76.1,0.0,"[{""usdt"": 17254559.0, ""borsa"": 3, ""fiyat"": 64375.0, ""kaynak"": ""BNB+BYB+OKX""}, {""usdt"": 8922119.0, ""borsa"": 1, ""fiyat"": 64325.0, ""kaynak"": ""BNB""}, {""usdt"": 8290176.0, ""borsa"": 1, ""fiyat"": 64300.0, ""kaynak"": ""BNB""}]","[{""usdt"": 24225628.0, ""borsa"": 1, ""fiyat"": 64500.0, ""kaynak"": ""BNB""}, {""usdt"": 21361777.0, ""borsa"": 3, ""fiyat"": 64425.0, ""kaynak"": ""BNB+BYB+OKX""}, {""usdt"": 14056775.0, ""borsa"": 1, ""fiyat"": 64475.0, ""kaynak"": ""BNB""}]",YOK,0.1306,-0.2511,0.4261,0.1257,true,0.0972,false,,2,0,3,0,2,3,51.7,52.8,IZLE,,25,64433.6,,,,,SEVIYE,45,7.1,1,,,,,,,,,0,,18,818.1,18,,,
30800,2026-07-29 06:41:45.814596+00,64408.75,10211144.108624013,-641150.2419999997,11820099355.2761,0.00008766800000000002,60886112.429869965,0.0,100.0,BEKLE,false,0.0,0.0,1.6089,482.041,80209258.99961999,785.953,100.0,0.0,"[{""usdt"": 20795387.0, ""borsa"": 3, ""fiyat"": 64400.0, ""kaynak"": ""BNB+BYB+OKX""}, {""usdt"": 13051785.0, ""borsa"": 3, ""fiyat"": 64375.0, ""kaynak"": ""BNB+BYB+OKX""}, {""usdt"": 9579955.0, ""borsa"": 1, ""fiyat"": 64350.0, ""kaynak"": ""BNB""}]","[{""usdt"": 24597119.0, ""borsa"": 1, ""fiyat"": 64500.0, ""kaynak"": ""BNB""}, {""usdt"": 18842680.0, ""borsa"": 3, ""fiyat"": 64425.0, ""kaynak"": ""BNB+BYB+OKX""}, {""usdt"": 13620750.0, ""borsa"": 1, ""fiyat"": 64475.0, ""kaynak"": ""BNB""}]",SPOT,0.2095,-0.137,0.4871,0.0445,false,1.0025,false,,3,0,3,0,1,3,48.1,49.2,IZLE,,25,64433.6,,,,,SEVIYE,45,8.1,1,,,,,,,,,0,,18,819.1,18,,,
30801,2026-07-29 06:42:46.103377+00,64407.75,9689766.623906512,-762178.5199999999,11820277635.208,0.00008766800000000002,54320413.71452996,0.0,98.9,BEKLE,false,0.0,0.0,1.5988,542.294,80850116.5325,846.206,98.9,0.0,"[{""usdt"": 15965490.0, ""borsa"": 3, ""fiyat"": 64375.0, ""kaynak"": ""BNB+BYB+OKX""}, {""usdt"": 10108043.0, ""borsa"": 3, ""fiyat"": 64400.0, ""kaynak"": ""BNB+BYB+OKX""}, {""usdt"": 9330961.0, ""borsa"": 1, ""fiyat"": 64350.0, ""kaynak"": ""BNB""}]","[{""usdt"": 23487074.0, ""borsa"": 1, ""fiyat"": 64500.0, ""kaynak"": ""BNB""}, {""usdt"": 19626092.0, ""borsa"": 3, ""fiyat"": 64425.0, ""kaynak"": ""BNB+BYB+OKX""}, {""usdt"": 13409219.0, ""borsa"": 1, ""fiyat"": 64475.0, ""kaynak"": ""BNB""}]",SPOT,0.1777,-0.1963,0.4998,0.0393,false,0.9731,false,,1,0,3,0,2,3,44.4,45.4,IZLE,,25,64433.6,,,,,SEVIYE,45,9.1,1,,,,,,,,,0,,18,820.1,18,,,
30802,2026-07-29 06:43:46.309477+00,64405.25,9766833.67007261,-708632.08,11819895814.7736,0.00008766800000000002,56703783.361019984,0.0,100.0,BEKLE,false,0.0,0.0,1.5988,602.53,81058371.17730999,906.442,100.0,0.0,"[{""usdt"": 14342579.0, ""borsa"": 3, ""fiyat"": 64375.0, ""kaynak"": ""BNB+BYB+OKX""}, {""usdt"": 12283542.0, ""borsa"": 3, ""fiyat"": 64400.0, ""kaynak"": ""BNB+BYB+OKX""}, {""usdt"": 9324241.0, ""borsa"": 1, ""fiyat"": 64325.0, ""kaynak"": ""BNB""}]","[{""usdt"": 24575042.0, ""borsa"": 1, ""fiyat"": 64500.0, ""kaynak"": ""BNB""}, {""usdt"": 23433619.0, ""borsa"": 3, ""fiyat"": 64425.0, ""kaynak"": ""BNB+BYB+OKX""}, {""usdt"": 12858300.0, ""borsa"": 1, ""fiyat"": 64475.0, ""kaynak"": ""BNB""}]",SPOT,0.1936,-0.1768,0.5126,0.0963,false,1.3546,false,,2,0,3,0,2,3,40.8,41.9,IZLE,,25,64383.3,,,,,SEVIYE,65,10.1,2,,,,,,,,,0,,17,821.1,17,,,
30803,2026-07-29 06:44:46.552117+00,64425.45,9688621.614793513,-714490.0199999999,11819407465.957201,0.00008766800000000002,55923118.50324997,0.0,100.0,BEKLE,false,0.0,0.0,1.5988,662.749,78332380.73900998,966.661,100.0,0.0,"[{""usdt"": 16449427.0, ""borsa"": 3, ""fiyat"": 64375.0, ""kaynak"": ""BNB+BYB+OKX""}, {""usdt"": 9764304.0, ""borsa"": 3, ""fiyat"": 64400.0, ""kaynak"": ""BNB+BYB+OKX""}, {""usdt"": 9190464.0, ""borsa"": 1, ""fiyat"": 64325.0, ""kaynak"": ""BNB""}]","[{""usdt"": 27336754.0, ""borsa"": 1, ""fiyat"": 64500.0, ""kaynak"": ""BNB""}, {""usdt"": 17388298.0, ""borsa"": 3, ""fiyat"": 64425.0, ""kaynak"": ""BNB+BYB+OKX""}, {""usdt"": 14524073.0, ""borsa"": 1, ""fiyat"": 64475.0, ""kaynak"": ""BNB""}]",SPOT,0.1923,-0.1669,0.4761,0.1588,false,1.3357,false,,2,0,3,0,2,3,36.3,37.3,IZLE,,25,64433.6,,,,,SEVIYE,45,11.1,2,,,,,,,,,0,,17,822.1,17,,,
30804,2026-07-29 06:45:46.817845+00,64396.350000000006,54947.551703701196,174352.13999999996,11823673291.6384,0.00008766800000000002,60602354.50039998,0.0,100.0,BEKLE,false,0.0,0.0,1.5988,722.984,77960364.20061995,1026.896,100.0,0.0,"[{""usdt"": 21512262.0, ""borsa"": 3, ""fiyat"": 64400.0, ""kaynak"": ""BNB+BYB+OKX""}, {""usdt"": 12172083.0, ""borsa"": 3, ""fiyat"": 64375.0, ""kaynak"": ""BNB+BYB+OKX""}, {""usdt"": 9884211.0, ""borsa"": 1, ""fiyat"": 64350.0, ""kaynak"": ""BNB""}]","[{""usdt"": 23933647.0, ""borsa"": 1, ""fiyat"": 64500.0, ""kaynak"": ""BNB""}, {""usdt"": 15000027.0, ""borsa"": 3, ""fiyat"": 64425.0, ""kaynak"": ""BNB+BYB+OKX""}, {""usdt"": 13802825.0, ""borsa"": 1, ""fiyat"": 64475.0, ""kaynak"": ""BNB""}]",SPOT,0.2422,-0.1253,0.7822,0.0461,false,1.5961,false,,3,0,3,0,1,3,32.6,33.7,IZLE,,25,64383.3,,,,,SEVIYE,65,12.1,2,PCT,0.39,211.50919550855085,0.0,false,0.182,,,0,,17,823.1,17,,,
30805,2026-07-29 06:46:48.134051+00,64389.55,-934140.7337362983,-994713.2099999998,11818193513.2944,0.00008766800000000002,78740520.46536997,0.0,39.5,BEKLE,false,0.0,0.0,1.5988,784.289,78864840.76563995,1088.201,39.5,0.0,"[{""usdt"": 34067915.0, ""borsa"": 1, ""fiyat"": 64300.0, ""kaynak"": ""BNB""}, {""usdt"": 16325727.0, ""borsa"": 3, ""fiyat"": 64375.0, ""kaynak"": ""BNB+BYB+OKX""}, {""usdt"": 11350161.0, ""borsa"": 2, ""fiyat"": 64350.0, ""kaynak"": ""BNB+OKX""}]","[{""usdt"": 23894973.0, ""borsa"": 1, ""fiyat"": 64500.0, ""kaynak"": ""BNB""}, {""usdt"": 15234945.0, ""borsa"": 1, ""fiyat"": 64450.0, ""kaynak"": ""BNB""}, {""usdt"": 14192129.0, ""borsa"": 1, ""fiyat"": 64475.0, ""kaynak"": ""BNB""}]",SPOT,0.2352,-0.0008,0.9576,0.0854,false,2.3043,false,,3,0,3,0,0,3,30,31.1,IZLE,,25,64383.3,,,,,SEVIYE,65,13.1,2,,,,,,,,,0,,17,824.1,17,,,
30806,2026-07-29 06:47:48.342264+00,64416.75,-1344250.6063284993,-1225135.352,11820856224.246498,0.00008766800000000002,72779042.68640998,0.0,46.5,BEKLE,false,0.0,0.0,1.5988,844.564,76292312.78437988,1088.254,46.5,0.0,"[{""usdt"": 28814162.0, ""borsa"": 1, ""fiyat"": 64300.0, ""kaynak"": ""BNB""}, {""usdt"": 15940348.0, ""borsa"": 3, ""fiyat"": 64375.0, ""kaynak"": ""BNB+BYB+OKX""}, {""usdt"": 9485361.0, ""borsa"": 3, ""fiyat"": 64400.0, ""kaynak"": ""BNB+BYB+OKX""}]","[{""usdt"": 23567265.0, ""borsa"": 1, ""fiyat"": 64500.0, ""kaynak"": ""BNB""}, {""usdt"": 16759790.0, ""borsa"": 3, ""fiyat"": 64425.0, ""kaynak"": ""BNB+BYB+OKX""}, {""usdt"": 14489053.0, ""borsa"": 1, ""fiyat"": 64475.0, ""kaynak"": ""BNB""}]",SPOT,0.1947,-0.0236,0.9447,0.0399,false,2.2843,false,,3,0,3,0,0,3,26.4,27.5,IZLE,,25,64433.6,,,,,SEVIYE,45,14.1,2,,,,,,,,,0,,17,825.2,17,,,
30807,2026-07-29 06:48:48.647659+00,64389.95,-282312.77711770043,-1377367.489,11821645195.523201,0.00008766800000000002,76025759.00552998,0.0,54.4,BEKLE,false,0.0,0.0,1.5907,904.799,78380896.86654995,1148.489,54.4,0.0,"[{""usdt"": 29139737.0, ""borsa"": 1, ""fiyat"": 64300.0, ""kaynak"": ""BNB""}, {""usdt"": 16234856.0, ""borsa"": 3, ""fiyat"": 64375.0, ""kaynak"": ""BNB+BYB+OKX""}, {""usdt"": 10835323.0, ""borsa"": 3, ""fiyat"": 64400.0, ""kaynak"": ""BNB+BYB+OKX""}]","[{""usdt"": 24597085.0, ""borsa"": 1, ""fiyat"": 64500.0, ""kaynak"": ""BNB""}, {""usdt"": 15586589.0, ""borsa"": 3, ""fiyat"": 64425.0, ""kaynak"": ""BNB+BYB+OKX""}, {""usdt"": 14909162.0, ""borsa"": 1, ""fiyat"": 64475.0, ""kaynak"": ""BNB""}]",SPOT,0.247,-0.0153,0.915,0.0721,false,2.2718,false,,3,0,3,0,0,3,22.8,23.9,IZLE,,25,64383.3,,,,,SEVIYE,65,15.1,2,,,,,,,,,0,,17,826.2,17,,,
30808,2026-07-29 06:49:48.908967+00,64374.95,-938756.9103122996,-1794636.703,11816565595.640999,0.00008766800000000002,74780867.17062998,20795.5475,63.0,BEKLE,true,0.0,20795.5475,1.5907,965.081,89810054.03654997,1208.771,63.0,0.0,"[{""usdt"": 29269580.0, ""borsa"": 1, ""fiyat"": 64300.0, ""kaynak"": ""BNB""}, {""usdt"": 16263635.0, ""borsa"": 3, ""fiyat"": 64350.0, ""kaynak"": ""BNB+BYB+OKX""}, {""usdt"": 11278665.0, ""borsa"": 3, ""fiyat"": 64375.0, ""kaynak"": ""BNB+BYB+OKX""}]","[{""usdt"": 21776021.0, ""borsa"": 3, ""fiyat"": 64400.0, ""kaynak"": ""BNB+BYB+OKX""}, {""usdt"": 20181354.0, ""borsa"": 1, ""fiyat"": 64500.0, ""kaynak"": ""BNB""}, {""usdt"": 17512517.0, ""borsa"": 1, ""fiyat"": 64475.0, ""kaynak"": ""BNB""}]",SPOT,0.2126,-0.0913,0.8757,0.2154,false,2.0856,false,,3,0,3,0,1,3,19.3,20.4,IZLE,,25,64383.3,,,,,SEVIYE,65,16.1,2,,,,,,,1785307680,1,0,,17,827.2,17,,,
30809,2026-07-29 06:50:49.156904+00,64405.649999999994,-377635.0180506954,-1876704.05,11816522816.374,0.00008766800000000002,78918758.82227997,20795.5475,100.0,BEKLE,false,0.0,20795.5475,1.5806,1025.356,89570416.27914995,1269.046,100.0,0.0,"[{""usdt"": 30453846.0, ""borsa"": 1, ""fiyat"": 64300.0, ""kaynak"": ""BNB""}, {""usdt"": 16481810.0, ""borsa"": 3, ""fiyat"": 64375.0, ""kaynak"": ""BNB+BYB+OKX""}, {""usdt"": 12023324.0, ""borsa"": 3, ""fiyat"": 64400.0, ""kaynak"": ""BNB+BYB+OKX""}]","[{""usdt"": 30145927.0, ""borsa"": 3, ""fiyat"": 64425.0, ""kaynak"": ""BNB+BYB+OKX""}, {""usdt"": 26389690.0, ""borsa"": 1, ""fiyat"": 64500.0, ""kaynak"": ""BNB""}, {""usdt"": 15251120.0, ""borsa"": 1, ""fiyat"": 64475.0, ""kaynak"": ""BNB""}]",SPOT,0.2614,-0.0632,0.1312,0.1461,false,10.6129,false,,3,0,3,0,1,3,15.7,16.8,IZLE,,25,64383.3,,,,,SEVIYE,65,17.1,2,,,,,,,1785307680,1,1,,17,828.2,17,,,
30810,2026-07-29 06:51:49.416537+00,64396.149999999994,-1093824.1377455955,-1542819.767,11814371532.058598,0.00008766800000000002,74995627.15661001,20795.5475,53.2,BEKLE,true,0.0,20795.5475,1.5806,1085.571,83531377.08157003,1329.261,53.2,0.0,"[{""usdt"": 32301290.0, ""borsa"": 1, ""fiyat"": 64300.0, ""kaynak"": ""BNB""}, {""usdt"": 16681804.0, ""borsa"": 3, ""fiyat"": 64375.0, ""kaynak"": ""BNB+BYB+OKX""}, {""usdt"": 9252918.0, ""borsa"": 1, ""fiyat"": 64350.0, ""kaynak"": ""BNB""}]","[{""usdt"": 24991876.0, ""borsa"": 1, ""fiyat"": 64500.0, ""kaynak"": ""BNB""}, {""usdt"": 19919259.0, ""borsa"": 3, ""fiyat"": 64425.0, ""kaynak"": ""BNB+BYB+OKX""}, {""usdt"": 15236106.0, ""borsa"": 1, ""fiyat"": 64475.0, ""kaynak"": ""BNB""}]",SPOT,0.2046,-0.0538,0.1726,0.3695,false,13.222,false,,2,0,3,0,1,3,12.1,13.2,IZLE,,25,64383.3,,,,,SEVIYE,65,18.1,2,,,,,,,1785307680,1,2,,17,829.2,17,,,
30811,2026-07-29 06:52:49.704708+00,64408.55,-1427470.9832743963,-1655459.9449999998,11812373479.731,0.00008766800000000002,82434664.69433995,20795.5475,45.9,BEKLE,true,0.0,20795.5475,1.5806,1145.88,90174873.42043999,1389.57,45.9,0.0,"[{""usdt"": 34080892.0, ""borsa"": 1, ""fiyat"": 64300.0, ""kaynak"": ""BNB""}, {""usdt"": 16114784.0, ""borsa"": 3, ""fiyat"": 64375.0, ""kaynak"": ""BNB+BYB+OKX""}, {""usdt"": 14234038.0, ""borsa"": 3, ""fiyat"": 64400.0, ""kaynak"": ""BNB+BYB+OKX""}]","[{""usdt"": 29223668.0, ""borsa"": 3, ""fiyat"": 64425.0, ""kaynak"": ""BNB+BYB+OKX""}, {""usdt"": 25789263.0, ""borsa"": 1, ""fiyat"": 64500.0, ""kaynak"": ""BNB""}, {""usdt"": 15100539.0, ""borsa"": 1, ""fiyat"": 64475.0, ""kaynak"": ""BNB""}]",SPOT,0.2236,-0.0448,0.1217,0.6205,false,14.2754,false,,3,0,3,0,1,3,8.5,9.6,IZLE,,25,64433.6,,,,,SEVIYE,45,19.1,2,,,,,,,1785307680,1,3,,17,830.2,17,,,
30812,2026-07-29 06:53:49.930574+00,64396.25,-497943.8723093959,-1051824.182,11820658678.8944,0.00008766800000000002,74174888.36876003,0.0,37.8,BEKLE,false,0.0,0.0,1.5806,1206.157,78307368.75985001,1449.847,0.0,37.8,"[{""usdt"": 31670838.0, ""borsa"": 1, ""fiyat"": 64300.0, ""kaynak"": ""BNB""}, {""usdt"": 17637757.0, ""borsa"": 3, ""fiyat"": 64375.0, ""kaynak"": ""BNB+BYB+OKX""}, {""usdt"": 8803706.0, ""borsa"": 1, ""fiyat"": 64350.0, ""kaynak"": ""BNB""}]","[{""usdt"": 26553608.0, ""borsa"": 1, ""fiyat"": 64500.0, ""kaynak"": ""BNB""}, {""usdt"": 16237617.0, ""borsa"": 3, ""fiyat"": 64425.0, ""kaynak"": ""BNB+BYB+OKX""}, {""usdt"": 14051180.0, ""borsa"": 1, ""fiyat"": 64475.0, ""kaynak"": ""BNB""}]",SPOT,0.2441,-0.0271,0.3221,0.4967,false,,false,,3,0,3,0,1,3,4.5,5.6,IZLE,,25,64371.9,,,,,SEVIYE,85,20.1,3,,,,,,,,,0,,17,791.1,17,,,
30813,2026-07-29 06:54:50.176779+00,64398.25,-1538597.3743433955,-438964.796,11815021242.3586,0.00008766800000000002,76873046.30206002,0.0,77.9,BEKLE,false,0.0,0.0,1.5806,1266.328,83193995.79414992,1510.018,0.0,77.9,"[{""usdt"": 32284063.0, ""borsa"": 1, ""fiyat"": 64300.0, ""kaynak"": ""BNB""}, {""usdt"": 15898641.0, ""borsa"": 3, ""fiyat"": 64375.0, ""kaynak"": ""BNB+BYB+OKX""}, {""usdt"": 13262781.0, ""borsa"": 1, ""fiyat"": 64350.0, ""kaynak"": ""BNB""}]","[{""usdt"": 25212882.0, ""borsa"": 1, ""fiyat"": 64500.0, ""kaynak"": ""BNB""}, {""usdt"": 19778581.0, ""borsa"": 3, ""fiyat"": 64425.0, ""kaynak"": ""BNB+BYB+OKX""}, {""usdt"": 14850957.0, ""borsa"": 1, ""fiyat"": 64475.0, ""kaynak"": ""BNB""}]",SPOT,0.261,-0.0395,0.241,0.4941,false,,false,0,3,0,3,0,1,3,63.7,63.2,IZLE,,25,64371.9,,,,,SEVIYE,85,21.1,3,,,,,,,,,0,,17,792.1,17,,,
30814,2026-07-29 06:55:50.445413+00,64393.649999999994,-3344329.4549995,-1505843.427,11813915241.808,0.00008766800000000002,76537937.53260002,0.0,51.2,BEKLE,false,0.0,0.0,1.5806,1326.597,86547679.99405992,1570.287,0.0,51.2,"[{""usdt"": 32284063.0, ""borsa"": 1, ""fiyat"": 64300.0, ""kaynak"": ""BNB""}, {""usdt"": 15240959.0, ""borsa"": 3, ""fiyat"": 64375.0, ""kaynak"": ""BNB+BYB+OKX""}, {""usdt"": 13262781.0, ""borsa"": 1, ""fiyat"": 64350.0, ""kaynak"": ""BNB""}]","[{""usdt"": 25212882.0, ""borsa"": 1, ""fiyat"": 64500.0, ""kaynak"": ""BNB""}, {""usdt"": 22042498.0, ""borsa"": 3, ""fiyat"": 64425.0, ""kaynak"": ""BNB+BYB+OKX""}, {""usdt"": 14850957.0, ""borsa"": 1, ""fiyat"": 64475.0, ""kaynak"": ""BNB""}]",SPOT,0.2395,-0.0614,0.8516,0.1818,false,,false,0,3,0,3,0,1,3,61.1,62.2,IZLE,,25,64371.9,,,,,SEVIYE,85,22.1,3,,,,,,,,,0,,17,793.1,17,,,
30815,2026-07-29 06:56:50.681978+00,64392.75,-2996383.1246140995,-1229599.5149999997,11814131130.6828,0.00008766800000000002,79853967.65051003,0.0,46.0,BEKLE,false,0.0,0.0,1.5806,1386.909,80760512.02951,1630.599,0.0,46.0,"[{""usdt"": 31773417.0, ""borsa"": 1, ""fiyat"": 64300.0, ""kaynak"": ""BNB""}, {""usdt"": 15451410.0, ""borsa"": 3, ""fiyat"": 64375.0, ""kaynak"": ""BNB+BYB+OKX""}, {""usdt"": 13182415.0, ""borsa"": 2, ""fiyat"": 64350.0, ""kaynak"": ""BNB+BYB""}]","[{""usdt"": 24182749.0, ""borsa"": 1, ""fiyat"": 64500.0, ""kaynak"": ""BNB""}, {""usdt"": 15652392.0, ""borsa"": 3, ""fiyat"": 64400.0, ""kaynak"": ""BNB+BYB+OKX""}, {""usdt"": 15611008.0, ""borsa"": 3, ""fiyat"": 64425.0, ""kaynak"": ""BNB+BYB+OKX""}]",SPOT,0.2055,-0.0056,0.8134,0.0767,false,,false,0,3,0,3,0,1,3,57.3,58.4,IZLE,,25,64371.9,,,,,SEVIYE,85,23.1,3,,,,,,,,,0,,17,794.1,17,,,
30816,2026-07-29 06:57:50.947255+00,64399.25,-3225819.490290599,-1340421.7599999998,11817163073.8312,0.00008766800000000002,77440632.44164002,0.0,46.5,BEKLE,false,0.0,0.0,1.5753,1447.116,89737770.32474989,1690.806,0.0,46.5,"[{""usdt"": 32288867.0, ""borsa"": 1, ""fiyat"": 64300.0, ""kaynak"": ""BNB""}, {""usdt"": 17023512.0, ""borsa"": 3, ""fiyat"": 64375.0, ""kaynak"": ""BNB+BYB+OKX""}, {""usdt"": 12021416.0, ""borsa"": 2, ""fiyat"": 64350.0, ""kaynak"": ""BNB+BYB""}]","[{""usdt"": 24436812.0, ""borsa"": 1, ""fiyat"": 64500.0, ""kaynak"": ""BNB""}, {""usdt"": 20386641.0, ""borsa"": 3, ""fiyat"": 64400.0, ""kaynak"": ""BNB+BYB+OKX""}, {""usdt"": 19535310.0, ""borsa"": 3, ""fiyat"": 64425.0, ""kaynak"": ""BNB+BYB+OKX""}]",SPOT,0.19,-0.0736,0.8038,0.2193,false,,false,0,3,0,3,0,1,3,53.7,54.7,IZLE,,25,64371.9,,,,,SEVIYE,85,24.1,3,,,,,,,,,0,,17,795.1,17,,,
30817,2026-07-29 06:58:51.267802+00,64404.05,-2969981.2640698003,-834820.3109999999,11818095175.416,0.00008766800000000002,79679318.05000003,0.0,30.5,BEKLE,false,0.0,0.0,1.5753,1507.449,92679064.08829986,1751.139,0.0,30.5,"[{""usdt"": 32672451.0, ""borsa"": 1, ""fiyat"": 64300.0, ""kaynak"": ""BNB""}, {""usdt"": 15677643.0, ""borsa"": 3, ""fiyat"": 64375.0, ""kaynak"": ""BNB+BYB+OKX""}, {""usdt"": 11553996.0, ""borsa"": 1, ""fiyat"": 64350.0, ""kaynak"": ""BNB""}]","[{""usdt"": 25759921.0, ""borsa"": 3, ""fiyat"": 64425.0, ""kaynak"": ""BNB+BYB+OKX""}, {""usdt"": 25499772.0, ""borsa"": 1, ""fiyat"": 64500.0, ""kaynak"": ""BNB""}, {""usdt"": 15639616.0, ""borsa"": 3, ""fiyat"": 64400.0, ""kaynak"": ""BNB+BYB+OKX""}]",SPOT,0.211,-0.0754,0.891,0.1484,false,,false,0,3,0,3,0,1,3,50.2,51.2,IZLE,,25,64433.6,,,,,SEVIYE,45,25.1,3,,,,,,,,,0,,17,796.1,17,,,
30818,2026-07-29 06:59:51.504191+00,64407.75,-3182956.871088701,4544615.077999999,11815482942.907799,0.00008766800000000002,77303255.56673999,0.0,95.9,BEKLE,false,0.0,0.0,1.5753,1567.717,83163504.29802,1811.407,0.0,95.9,"[{""usdt"": 30518459.0, ""borsa"": 1, ""fiyat"": 64300.0, ""kaynak"": ""BNB""}, {""usdt"": 14849298.0, ""borsa"": 3, ""fiyat"": 64375.0, ""kaynak"": ""BNB+BYB+OKX""}, {""usdt"": 11461110.0, ""borsa"": 1, ""fiyat"": 64350.0, ""kaynak"": ""BNB""}]","[{""usdt"": 26140102.0, ""borsa"": 1, ""fiyat"": 64500.0, ""kaynak"": ""BNB""}, {""usdt"": 23381036.0, ""borsa"": 3, ""fiyat"": 64425.0, ""kaynak"": ""BNB+BYB+OKX""}, {""usdt"": 14241621.0, ""borsa"": 1, ""fiyat"": 64475.0, ""kaynak"": ""BNB""}]",SPOT,0.1924,-0.0365,0.1914,0.0584,false,,false,0.3244,2,0,3,0,1,3,46.6,47.6,IZLE,,25,64433.6,,,,,SEVIYE,45,26.1,3,,,,,,,,,0,,17,797.2,17,SHORT,hedef,95.88807722546888
30819,2026-07-29 07:00:51.77137+00,64407.350000000006,-2078206.7189967008,6577337.022,11814136096.9041,0.00008766800000000002,77522220.99163999,0.0,84.5,BEKLE,,0.0,0.0,1.5753,1627.932,79363648.18665001,1871.622,0.0,84.5,"[{""usdt"": 29622784.0, ""borsa"": 1, ""fiyat"": 64300.0, ""kaynak"": ""BNB""}, {""usdt"": 17575372.0, ""borsa"": 3, ""fiyat"": 64400.0, ""kaynak"": ""BNB+BYB+OKX""}, {""usdt"": 9948360.0, ""borsa"": 1, ""fiyat"": 64325.0, ""kaynak"": ""BNB""}]","[{""usdt"": 24628022.0, ""borsa"": 3, ""fiyat"": 64425.0, ""kaynak"": ""BNB+BYB+OKX""}, {""usdt"": 23994130.0, ""borsa"": 1, ""fiyat"": 64500.0, ""kaynak"": ""BNB""}, {""usdt"": 12956019.0, ""borsa"": 3, ""fiyat"": 64450.0, ""kaynak"": ""BNB+BYB+OKX""}]",SPOT,0.2453,-0.0117,0.101,0.0577,false,,false,0.52,3,0,3,0,1,3,43,44.1,IZLE,,25,64433.6,,,,,SEVIYE,45,27.2,3,,,,,,,,,0,,17,798.2,17,,,
30820,2026-07-29 07:01:52.611183+00,64379.95,-2608540.3350179004,6419799.029,11809696079.1712,0.00008766800000000002,81138577.09662992,0.0,87.3,BEKLE,false,0.0,0.0,1.5753,1688.809,86064947.77450995,1932.499,0.0,87.3,"[{""usdt"": 30689774.0, ""borsa"": 1, ""fiyat"": 64300.0, ""kaynak"": ""BNB""}, {""usdt"": 19858926.0, ""borsa"": 3, ""fiyat"": 64375.0, ""kaynak"": ""BNB+BYB+OKX""}, {""usdt"": 14015260.0, ""borsa"": 3, ""fiyat"": 64350.0, ""kaynak"": ""BNB+BYB+OKX""}]","[{""usdt"": 23992378.0, ""borsa"": 2, ""fiyat"": 64425.0, ""kaynak"": ""BNB+BYB""}, {""usdt"": 21857659.0, ""borsa"": 1, ""fiyat"": 64500.0, ""kaynak"": ""BNB""}, {""usdt"": 19725412.0, ""borsa"": 3, ""fiyat"": 64400.0, ""kaynak"": ""BNB+BYB+OKX""}]",YOK,0.1265,-0.0295,0.0351,0.0611,false,,false,0.4948,1,0,3,1,0,3,39.9,41.1,IZLE,,25,64371.9,,,,,SEVIYE,85,28.2,3,,,,,,,,,0,,17,799.2,17,,,
30821,2026-07-29 07:02:52.825667+00,64389.350000000006,-2574035.0310319006,6543990.538,11811980642.1694,0.00008766800000000002,76267664.34775995,0.0,87.3,BEKLE,false,0.0,0.0,1.5753,1749.053,83869009.39152,1992.743,0.0,87.3,"[{""usdt"": 32110521.0, ""borsa"": 1, ""fiyat"": 64300.0, ""kaynak"": ""BNB""}, {""usdt"": 14648171.0, ""borsa"": 3, ""fiyat"": 64350.0, ""kaynak"": ""BNB+BYB+OKX""}, {""usdt"": 12022845.0, ""borsa"": 3, ""fiyat"": 64375.0, ""kaynak"": ""BNB+BYB+OKX""}]","[{""usdt"": 20863000.0, ""borsa"": 1, ""fiyat"": 64425.0, ""kaynak"": ""BNB""}, {""usdt"": 20600720.0, ""borsa"": 3, ""fiyat"": 64400.0, ""kaynak"": ""BNB+BYB+OKX""}, {""usdt"": 19876932.0, ""borsa"": 1, ""fiyat"": 64500.0, ""kaynak"": ""BNB""}]",YOK,0.1462,-0.0475,0.056,0.0449,false,,false,0.3932,2,0,3,0,2,3,36.4,37.4,IZLE,,25,64371.9,,,,,SEVIYE,85,29.2,3,,,,,,,,,0,,17,800.2,17,,,
30822,2026-07-29 07:03:53.074747+00,64383.649999999994,-2687403.839582601,6548536.308999999,11811650068.46,0.00008766800000000002,74989407.58761999,0.0,75.0,BEKLE,false,0.0,0.0,1.5694,1809.246,93433913.43258004,2052.936,0.0,75.0,"[{""usdt"": 29246868.0, ""borsa"": 1, ""fiyat"": 64300.0, ""kaynak"": ""BNB""}, {""usdt"": 13819215.0, ""borsa"": 3, ""fiyat"": 64350.0, ""kaynak"": ""BNB+BYB+OKX""}, {""usdt"": 12296406.0, ""borsa"": 3, ""fiyat"": 64375.0, ""kaynak"": ""BNB+BYB+OKX""}]","[{""usdt"": 27162565.0, ""borsa"": 3, ""fiyat"": 64400.0, ""kaynak"": ""BNB+BYB+OKX""}, {""usdt"": 21414868.0, ""borsa"": 1, ""fiyat"": 64500.0, ""kaynak"": ""BNB""}, {""usdt"": 21322123.0, ""borsa"": 1, ""fiyat"": 64425.0, ""kaynak"": ""BNB""}]",YOK,0.1489,-0.1095,0.0249,0.0966,false,,false,0.4048,2,0,3,0,2,3,32.7,33.8,IZLE,,25,64370.9,,,,,SEVIYE,85,30.2,4,,,,,,,,,0,,18,841.2,18,,,
30823,2026-07-29 07:04:53.509825+00,64396.55,-2524199.206875602,6534069.362,11813370546.012798,0.00008766800000000002,79467673.34854998,0.0,81.0,BEKLE,false,0.0,0.0,1.5694,1869.509,74519388.01342998,2113.199,0.0,81.0,"[{""usdt"": 30419093.0, ""borsa"": 1, ""fiyat"": 64300.0, ""kaynak"": ""BNB""}, {""usdt"": 16652398.0, ""borsa"": 3, ""fiyat"": 64350.0, ""kaynak"": ""BNB+BYB+OKX""}, {""usdt"": 12139606.0, ""borsa"": 3, ""fiyat"": 64375.0, ""kaynak"": ""BNB+BYB+OKX""}]","[{""usdt"": 22930257.0, ""borsa"": 3, ""fiyat"": 64400.0, ""kaynak"": ""BNB+BYB+OKX""}, {""usdt"": 20432057.0, ""borsa"": 1, ""fiyat"": 64425.0, ""kaynak"": ""BNB""}, {""usdt"": 11052121.0, ""borsa"": 1, ""fiyat"": 64475.0, ""kaynak"": ""BNB""}]",SPOT,0.1641,0.0321,0.1807,0.1653,false,,false,0.6172,2,0,3,0,1,3,29.1,30.2,IZLE,,25,64370.9,,,,,SEVIYE,85,31.2,4,,,,,,,,,0,,18,842.2,18,,,
30824,2026-07-29 07:05:53.800131+00,64398.25,-892737.1325609024,5891913.997,11812031358.021702,0.00008766800000000002,84046398.69015996,0.0,45.0,BEKLE,true,0.0,0.0,1.5621,1929.977,91344700.90306994,2173.667,45.0,0.0,"[{""usdt"": 32001507.0, ""borsa"": 1, ""fiyat"": 64300.0, ""kaynak"": ""BNB""}, {""usdt"": 19273665.0, ""borsa"": 3, ""fiyat"": 64375.0, ""kaynak"": ""BNB+BYB+OKX""}, {""usdt"": 13995157.0, ""borsa"": 3, ""fiyat"": 64400.0, ""kaynak"": ""BNB+BYB+OKX""}]","[{""usdt"": 30387390.0, ""borsa"": 3, ""fiyat"": 64425.0, ""kaynak"": ""BNB+BYB+OKX""}, {""usdt"": 24602609.0, ""borsa"": 1, ""fiyat"": 64500.0, ""kaynak"": ""BNB""}, {""usdt"": 16590384.0, ""borsa"": 3, ""fiyat"": 64400.0, ""kaynak"": ""BNB+BYB+OKX""}]",SPOT,0.1691,-0.0416,0.5353,0.2211,false,,false,0.5933,2,0,3,0,2,3,25.7,26.8,IZLE,,25,64370.9,,,,,SEVIYE,85,32.2,4,,,,,,,,,0,,18,843.2,18,,,
30825,2026-07-29 07:06:54.55484+00,64414.149999999994,-680527.5957369024,6158369.614000001,11815008955.941399,0.00008766800000000002,89869314.41756003,0.0,27.7,BEKLE,,0.0,0.0,1.5621,1990.641,83747051.04517998,2234.331,27.7,0.0,"[{""usdt"": 32592786.0, ""borsa"": 1, ""fiyat"": 64300.0, ""kaynak"": ""BNB""}, {""usdt"": 27153543.0, ""borsa"": 3, ""fiyat"": 64400.0, ""kaynak"": ""BNB+BYB+OKX""}, {""usdt"": 13038028.0, ""borsa"": 3, ""fiyat"": 64375.0, ""kaynak"": ""BNB+BYB+OKX""}]","[{""usdt"": 31466894.0, ""borsa"": 3, ""fiyat"": 64425.0, ""kaynak"": ""BNB+BYB+OKX""}, {""usdt"": 24923352.0, ""borsa"": 1, ""fiyat"": 64500.0, ""kaynak"": ""BNB""}, {""usdt"": 10937285.0, ""borsa"": 1, ""fiyat"": 64450.0, ""kaynak"": ""BNB""}]",SPOT,0.2481,0.0353,0.8309,0.7932,false,,false,0.713,3,0,3,0,0,3,22,23,IZLE,,25,64433.6,,,,,SEVIYE,45,33.2,4,,,,,,,,,0,,18,844.3,18,,,
30826,2026-07-29 07:07:54.845956+00,64417.45,128544.0339385953,6532323.080000001,11811351103.7726,0.00008766800000000002,89850248.49382001,1868.2350000000001,5.4,BEKLE,,0.0,1868.2350000000001,1.5621,2051.049,80539999.05016996,2294.739,5.4,0.0,"[{""usdt"": 27207516.0, ""borsa"": 1, ""fiyat"": 64300.0, ""kaynak"": ""BNB""}, {""usdt"": 22250172.0, ""borsa"": 2, ""fiyat"": 64400.0, ""kaynak"": ""BNB+BYB""}, {""usdt"": 11434221.0, ""borsa"": 3, ""fiyat"": 64425.0, ""kaynak"": ""BNB+BYB+OKX""}]","[{""usdt"": 27882200.0, ""borsa"": 3, ""fiyat"": 64450.0, ""kaynak"": ""BNB+BYB+OKX""}, {""usdt"": 24726507.0, ""borsa"": 1, ""fiyat"": 64500.0, ""kaynak"": ""BNB""}, {""usdt"": 10331119.0, ""borsa"": 1, ""fiyat"": 64475.0, ""kaynak"": ""BNB""}]",SPOT,0.2964,0.0546,0.9936,0.5559,false,,false,0.7593,3,0,3,0,1,3,18.2,19.3,IZLE,,25,64433.6,,,,,SEVIYE,45,34.2,4,,,,,,,1785308820,2,0,,18,845.3,18,,,
30827,2026-07-29 07:08:55.048897+00,64429.75,128544.0339385953,6532323.080000001,11811351103.7726,0.00008766800000000002,72304904.33609003,1868.2350000000001,6.5,BEKLE,,0.0,1868.2350000000001,1.5621,2111.277,67592307.49025002,2354.967,6.5,0.0,"[{""usdt"": 25890790.0, ""borsa"": 3, ""fiyat"": 64400.0, ""kaynak"": ""BNB+BYB+OKX""}, {""usdt"": 13409559.0, ""borsa"": 1, ""fiyat"": 64375.0, ""kaynak"": ""BNB""}, {""usdt"": 12151991.0, ""borsa"": 1, ""fiyat"": 64325.0, ""kaynak"": ""BNB""}]","[{""usdt"": 23447851.0, ""borsa"": 1, ""fiyat"": 64500.0, ""kaynak"": ""BNB""}, {""usdt"": 16298177.0, ""borsa"": 3, ""fiyat"": 64450.0, ""kaynak"": ""BNB+BYB+OKX""}, {""usdt"": 9488101.0, ""borsa"": 1, ""fiyat"": 64475.0, ""kaynak"": ""BNB""}]",SPOT,0.2152,0.0337,0.9914,0.8734,false,,false,0.8748,3,0,3,0,1,3,14.3,15.4,IZLE,,25,64433.6,,,,,SEVIYE,45,35.2,4,,,,,,,1785308820,2,0,,18,846.3,18,,,
30828,2026-07-29 07:09:55.338744+00,64430.75,489680.511266194,6835289.254000001,11813459196.5611,0.00008766800000000002,75239139.81307001,1868.4502,26.9,BEKLE,true,0.0,1868.4502,1.5621,2171.54,65481722.66163006,2415.23,0.0,26.9,"[{""usdt"": 26043727.0, ""borsa"": 3, ""fiyat"": 64400.0, ""kaynak"": ""BNB+BYB+OKX""}, {""usdt"": 13553296.0, ""borsa"": 3, ""fiyat"": 64425.0, ""kaynak"": ""BNB+BYB+OKX""}, {""usdt"": 13360215.0, ""borsa"": 1, ""fiyat"": 64375.0, ""kaynak"": ""BNB""}]","[{""usdt"": 23368135.0, ""borsa"": 1, ""fiyat"": 64500.0, ""kaynak"": ""BNB""}, {""usdt"": 15419330.0, ""borsa"": 3, ""fiyat"": 64450.0, ""kaynak"": ""BNB+BYB+OKX""}, {""usdt"": 12123544.0, ""borsa"": 1, ""fiyat"": 64525.0, ""kaynak"": ""BNB""}]",SPOT,0.2406,0.0693,0.8695,0.5309,false,,false,1.1944,3,0,3,0,0,3,10.8,11.9,IZLE,,25,64433.6,,,,,SEVIYE,45,36.2,4,,,,,,,1785308820,2,0,,18,847.3,18,,,
30829,2026-07-29 07:10:55.61434+00,64436.850000000006,582725.7394989948,6740008.514000001,11813661503.0827,0.00008766800000000002,73732991.79667,1868.4502,54.3,BEKLE,,0.0,1868.4502,1.5621,2231.759,68780650.52707002,2475.449,0.0,54.3,"[{""usdt"": 23757081.0, ""borsa"": 3, ""fiyat"": 64400.0, ""kaynak"": ""BNB+BYB+OKX""}, {""usdt"": 16089118.0, ""borsa"": 3, ""fiyat"": 64425.0, ""kaynak"": ""BNB+BYB+OKX""}, {""usdt"": 14701269.0, ""borsa"": 1, ""fiyat"": 64375.0, ""kaynak"": ""BNB""}]","[{""usdt"": 23592997.0, ""borsa"": 1, ""fiyat"": 64500.0, ""kaynak"": ""BNB""}, {""usdt"": 18077294.0, ""borsa"": 3, ""fiyat"": 64450.0, ""kaynak"": ""BNB+BYB+OKX""}, {""usdt"": 10480576.0, ""borsa"": 1, ""fiyat"": 64475.0, ""kaynak"": ""BNB""}]",SPOT,0.2592,0.0347,0.5368,0.7556,false,,false,1.4315,3,0,3,0,0,3,7.2,8.2,IZLE,,25,64433.6,,,,,SEVIYE,45,37.2,4,,,,,,,1785308820,2,1,,18,848.3,18,,,
30830,2026-07-29 07:11:55.982509+00,64430.05,713143.0683550952,827936.254,11815358317.5904,0.00008766800000000002,76705415.71436009,4188.149799999999,100.0,BEKLE,true,0.0,4188.149799999999,1.5582,2292.08,66824838.65049003,2535.77,100.0,0.0,"[{""usdt"": 28120063.0, ""borsa"": 3, ""fiyat"": 64400.0, ""kaynak"": ""BNB+BYB+OKX""}, {""usdt"": 15394931.0, ""borsa"": 1, ""fiyat"": 64375.0, ""kaynak"": ""BNB""}, {""usdt"": 9948785.0, ""borsa"": 1, ""fiyat"": 64325.0, ""kaynak"": ""BNB""}]","[{""usdt"": 23267135.0, ""borsa"": 1, ""fiyat"": 64500.0, ""kaynak"": ""BNB""}, {""usdt"": 16271617.0, ""borsa"": 3, ""fiyat"": 64450.0, ""kaynak"": ""BNB+BYB+OKX""}, {""usdt"": 10183944.0, ""borsa"": 1, ""fiyat"": 64475.0, ""kaynak"": ""BNB""}]",SPOT,0.2551,0.0688,0.1483,0.091,true,0,false,0.9743,3,0,3,0,0,3,3.6,4.7,HAZIRLAN,LONG,50,64433.6,64433.6,65000,64363,8.49,SEVIYE+EMILIM,45,38.2,4,,,,,,,1785309000,2,0,0.05,18,849.3,18,LONG,surec,100.0
30831,2026-07-29 07:12:56.489044+00,64456.850000000006,259019.49271339434,726968.373,11815417750.6862,0.00008766800000000002,70120828.19726002,4188.146199999999,100.0,BEKLE,false,0.0,4188.146199999999,1.5582,2352.576,78248122.14949001,2596.266,100.0,0.0,"[{""usdt"": 25104879.0, ""borsa"": 3, ""fiyat"": 64400.0, ""kaynak"": ""BNB+BYB+OKX""}, {""usdt"": 15566892.0, ""borsa"": 1, ""fiyat"": 64375.0, ""kaynak"": ""BNB""}, {""usdt"": 14155857.0, ""borsa"": 3, ""fiyat"": 64425.0, ""kaynak"": ""BNB+BYB+OKX""}]","[{""usdt"": 24199480.0, ""borsa"": 1, ""fiyat"": 64500.0, ""kaynak"": ""BNB""}, {""usdt"": 15190434.0, ""borsa"": 1, ""fiyat"": 64550.0, ""kaynak"": ""BNB""}, {""usdt"": 14473068.0, ""borsa"": 1, ""fiyat"": 64475.0, ""kaynak"": ""BNB""}]",SPOT,0.2665,-0.0548,0.0148,0.2396,true,0,false,0.8121,3,0,3,0,0,3,63.7,62.7,HAZIRLAN,LONG,50,64433.6,65000,65000,64425.7,17.41,SEVIYE+EMILIM,45,39.2,4,,,,,,,1785309000,2,0,17.41,18,850.3,18,,,
30832,2026-07-29 07:13:56.825698+00,64430.05,707458.0412868942,916525.0249999999,11818130175.0088,0.00008766800000000002,69393138.69392002,7347.325200000001,84.0,BEKLE,true,0.0,7347.325200000001,1.5582,2413.016,80635139.52898003,2656.706,84.0,0.0,"[{""usdt"": 18282468.0, ""borsa"": 1, ""fiyat"": 64400.0, ""kaynak"": ""BNB""}, {""usdt"": 15566892.0, ""borsa"": 1, ""fiyat"": 64375.0, ""kaynak"": ""BNB""}, {""usdt"": 14320471.0, ""borsa"": 3, ""fiyat"": 64425.0, ""kaynak"": ""BNB+BYB+OKX""}]","[{""usdt"": 24199480.0, ""borsa"": 1, ""fiyat"": 64500.0, ""kaynak"": ""BNB""}, {""usdt"": 22328180.0, ""borsa"": 3, ""fiyat"": 64475.0, ""kaynak"": ""BNB+BYB+OKX""}, {""usdt"": 15190434.0, ""borsa"": 1, ""fiyat"": 64550.0, ""kaynak"": ""BNB""}]",SPOT,0.2539,-0.0749,0.0654,0.0018,false,0.6372,false,0.6798,3,0,3,0,1,3,60.8,61.8,IZLE,,25,64456.9,,,,,SEVIYE,45,40.2,5,,,,,,,1785309120,2,0,,17,801.2,17,,,
30833,2026-07-29 07:14:57.064107+00,64435.95,312146.73132269736,1042267.7329999999,11815409332.7703,0.00008766800000000002,77365090.77410004,33505.9052,100.0,BEKLE,true,0.0,33505.9052,1.5582,2473.288,65965938.56707995,2716.978,100.0,0.0,"[{""usdt"": 28754145.0, ""borsa"": 3, ""fiyat"": 64400.0, ""kaynak"": ""BNB+BYB+OKX""}, {""usdt"": 15275097.0, ""borsa"": 1, ""fiyat"": 64375.0, ""kaynak"": ""BNB""}, {""usdt"": 10219335.0, ""borsa"": 1, ""fiyat"": 64325.0, ""kaynak"": ""BNB""}]","[{""usdt"": 22109205.0, ""borsa"": 1, ""fiyat"": 64500.0, ""kaynak"": ""BNB""}, {""usdt"": 13744530.0, ""borsa"": 3, ""fiyat"": 64450.0, ""kaynak"": ""BNB+BYB+OKX""}, {""usdt"": 12494394.0, ""borsa"": 1, ""fiyat"": 64475.0, ""kaynak"": ""BNB""}]",SPOT,0.178,0.0795,0.0204,0.0312,false,0.9499,false,0.5655,2,0,3,0,0,3,56.7,58.3,IZLE,,25,64456.9,,,,,SEVIYE,45,41.2,5,,,,,,,1785309180,2,0,,17,802.2,17,,,
30834,2026-07-29 07:15:57.498757+00,64433.45,1108235.996343298,1262454.4200000002,11818290761.996601,0.00008766800000000002,72834314.46192999,31186.209200000005,93.6,BEKLE,true,0.0,31186.209200000005,1.5582,2533.661,68836148.15389998,2777.351,93.6,0.0,"[{""usdt"": 26220634.0, ""borsa"": 3, ""fiyat"": 64400.0, ""kaynak"": ""BNB+BYB+OKX""}, {""usdt"": 15167854.0, ""borsa"": 1, ""fiyat"": 64375.0, ""kaynak"": ""BNB""}, {""usdt"": 11537541.0, ""borsa"": 3, ""fiyat"": 64425.0, ""kaynak"": ""BNB+BYB+OKX""}]","[{""usdt"": 21881560.0, ""borsa"": 1, ""fiyat"": 64500.0, ""kaynak"": ""BNB""}, {""usdt"": 17321745.0, ""borsa"": 3, ""fiyat"": 64450.0, ""kaynak"": ""BNB+BYB+OKX""}, {""usdt"": 12195695.0, ""borsa"": 1, ""fiyat"": 64475.0, ""kaynak"": ""BNB""}]",SPOT,0.1814,0.0282,0.0611,0.0207,false,0.5537,false,,2,0,3,0,0,3,53.3,54.3,IZLE,,25,64456.9,,,,,SEVIYE,45,42.3,5,,,,,,,1785309180,2,0,,17,803.2,17,,,
30835,2026-07-29 07:16:58.060256+00,64438.05,824116.2148081976,1181005.4570000002,11819173082.0752,0.00008766800000000002,73908685.19212003,31186.209200000005,32.1,BEKLE,false,0.0,31186.209200000005,1.5582,2594.184,69107612.74997002,2837.874,0.0,32.1,"[{""usdt"": 27349200.0, ""borsa"": 3, ""fiyat"": 64400.0, ""kaynak"": ""BNB+BYB+OKX""}, {""usdt"": 14966017.0, ""borsa"": 1, ""fiyat"": 64375.0, ""kaynak"": ""BNB""}, {""usdt"": 10252745.0, ""borsa"": 3, ""fiyat"": 64425.0, ""kaynak"": ""BNB+BYB+OKX""}]","[{""usdt"": 21674401.0, ""borsa"": 1, ""fiyat"": 64500.0, ""kaynak"": ""BNB""}, {""usdt"": 16257758.0, ""borsa"": 3, ""fiyat"": 64450.0, ""kaynak"": ""BNB+BYB+OKX""}, {""usdt"": 11978511.0, ""borsa"": 1, ""fiyat"": 64525.0, ""kaynak"": ""BNB""}]",SPOT,0.1678,0.0336,0.1759,0.6622,true,0.3435,false,,2,0,3,0,0,3,49.9,51,HAZIRLAN,LONG,50,64456.9,64456.9,65000,64370.2,8.28,SEVIYE+EMILIM,45,43.3,5,,,,,,,1785309180,2,1,0.28,17,804.3,17,,,
30836,2026-07-29 07:17:58.417083+00,64427.75,755996.8826802972,953945.96,11818162203.6128,0.00008766800000000002,96893808.38474001,26158.58,23.0,BEKLE,false,0.0,26158.58,1.5582,2654.64,70023066.56710999,2898.33,0.0,23.0,"[{""usdt"": 30597818.0, ""borsa"": 1, ""fiyat"": 64300.0, ""kaynak"": ""BNB""}, {""usdt"": 28217744.0, ""borsa"": 3, ""fiyat"": 64400.0, ""kaynak"": ""BNB+BYB+OKX""}, {""usdt"": 15430407.0, ""borsa"": 1, ""fiyat"": 64375.0, ""kaynak"": ""BNB""}]","[{""usdt"": 22579452.0, ""borsa"": 1, ""fiyat"": 64500.0, ""kaynak"": ""BNB""}, {""usdt"": 15620636.0, ""borsa"": 1, ""fiyat"": 64475.0, ""kaynak"": ""BNB""}, {""usdt"": 11607376.0, ""borsa"": 3, ""fiyat"": 64450.0, ""kaynak"": ""BNB+BYB+OKX""}]",HER_IKISI,0.197,0.161,0.5978,1.8277,true,0.3113,false,,2,0,3,1,0,3,46.1,47.2,IZLE,,25,64456.9,,,,,SEVIYE,45,44.3,5,,,,,,,1785309180,1,0,,17,805.3,17,,,
30837,2026-07-29 07:18:58.666182+00,64407.149999999994,804078.2243255955,799680.995,11818670395.122002,0.00008766800000000002,96707055.46264997,0.0,14.7,BEKLE,true,0.0,0.0,1.5582,2714.853,73154927.54342,2958.543,14.7,0.0,"[{""usdt"": 31176844.0, ""borsa"": 3, ""fiyat"": 64400.0, ""kaynak"": ""BNB+BYB+OKX""}, {""usdt"": 27478997.0, ""borsa"": 1, ""fiyat"": 64300.0, ""kaynak"": ""BNB""}, {""usdt"": 16707687.0, ""borsa"": 3, ""fiyat"": 64375.0, ""kaynak"": ""BNB+BYB+OKX""}]","[{""usdt"": 23068787.0, ""borsa"": 1, ""fiyat"": 64500.0, ""kaynak"": ""BNB""}, {""usdt"": 13156362.0, ""borsa"": 1, ""fiyat"": 64475.0, ""kaynak"": ""BNB""}, {""usdt"": 13061485.0, ""borsa"": 3, ""fiyat"": 64425.0, ""kaynak"": ""BNB+BYB+OKX""}]",YOK,0.1399,0.1387,,,true,0.3521,false,,2,0,3,2,0,3,42.4,43.5,IZLE,,25,64378,,,,,SEVIYE,65,45.3,5,,,,,,,,,0,,17,806.3,17,,,
30838,2026-07-29 07:19:58.959437+00,64463.649999999994,238422.6031996957,262772.0549999999,11816732177.4236,0.00008766800000000002,90903871.32677007,0.0,68.0,BEKLE,false,0.0,0.0,1.5582,2775.128,80791937.88262,3018.818,68.0,0.0,"[{""usdt"": 31238219.0, ""borsa"": 1, ""fiyat"": 64300.0, ""kaynak"": ""BNB""}, {""usdt"": 22538565.0, ""borsa"": 3, ""fiyat"": 64375.0, ""kaynak"": ""BNB+BYB+OKX""}, {""usdt"": 19024712.0, ""borsa"": 3, ""fiyat"": 64400.0, ""kaynak"": ""BNB+BYB+OKX""}]","[{""usdt"": 24046925.0, ""borsa"": 1, ""fiyat"": 64500.0, ""kaynak"": ""BNB""}, {""usdt"": 17150784.0, ""borsa"": 3, ""fiyat"": 64425.0, ""kaynak"": ""BNB+BYB+OKX""}, {""usdt"": 13820539.0, ""borsa"": 1, ""fiyat"": 64450.0, ""kaynak"": ""BNB""}]",YOK,0.1413,0.0589,0.0603,1.184,true,0.3337,false,,2,0,3,0,2,3,38,39.5,IZLE,,25,64456.9,,,,,SEVIYE,45,46.3,5,,,,,,,,,0,,17,807.3,17,,,