id,kayit_zamani,anlik_fiyat,spot_cvd,vadeli_cvd,open_interest,funding_rate,order_book_depth_bid_1pct,liquidation_pool_volume,guven_skoru,sinyal_durumu,is_win,agg_long_liq,agg_short_liq,long_short_ratio,en_olgun_emir_yasi_sn,order_book_depth_ask_1pct,en_olgun_ask_yasi_sn,long_skor,short_skor,yakin_likidite_bid,yakin_likidite_ask,emilim_borsasi,spot_egilim,perp_egilim,emilim_spot_pay,emilim_esnekligi,satici_tukenmesi,sonme_orani,alici_tukenmesi,alici_sonme_orani,spot_bid_agir_sayi,spot_ask_agir_sayi,spot_borsa_sayisi,perp_bid_agir_sayi,perp_ask_agir_sayi,perp_borsa_sayisi,spot_ob_yasi_sn,perp_ob_yasi_sn,swing_kademe,swing_yon,swing_skor,swing_seviye,swing_kisa_hedef,swing_uzun_hedef,swing_stop,swing_rr,swing_tetik,seviye_guc,seviye_yasi_dk,seviye_yenileme_sayisi,delme_min_belirleyen,delme_atr_kati,lik_yog_yon,lik_yog_ters,lik_iki_tarafli,mum_ici_konum,lik_pencere_damgasi,lik_borsa_sayisi,lik_donma_sayaci,swing_rr_kisa,harita_seviye_sayisi,harita_medyan_yas_dk,harita_grab_uygun,golge_yon,golge_kapi,golge_skor
28839,2026-07-27 21:46:17.746749+00,64779.95,210630.78338830103,-701472.893,11796276310.8769,0.000070782,46551160.913760036,388.644,45.4,BEKLE,false,388.644,0.0,1.524,603.985,51440028.99916001,1692.714,45.4,0.0,"[{""usdt"": 11038428.0, ""borsa"": 3, ""fiyat"": 64750.0, ""kaynak"": ""BNB+BYB+OKX""}, {""usdt"": 10755801.0, ""borsa"": 3, ""fiyat"": 64775.0, ""kaynak"": ""BNB+BYB+OKX""}, {""usdt"": 9056355.0, ""borsa"": 1, ""fiyat"": 64675.0, ""kaynak"": ""BNB""}]","[{""usdt"": 18950841.0, ""borsa"": 3, ""fiyat"": 64800.0, ""kaynak"": ""BNB+BYB+OKX""}, {""usdt"": 7093419.0, ""borsa"": 1, ""fiyat"": 64875.0, ""kaynak"": ""BNB""}, {""usdt"": 6860330.0, ""borsa"": 1, ""fiyat"": 64900.0, ""kaynak"": ""BNB""}]",YOK,-0.2223,-0.0499,0.0274,0.0781,false,,false,,0,2,3,0,1,3,49.8,178.5,IZLE,,25,64772.3,,,,,SEVIYE,65,1800.4,180,PCT,0.78,0.0,1.1386727986400673,false,0.011,1785188460,1,1,,22,1349.8,21,,,
28840,2026-07-27 21:47:19.055976+00,64788.95,277392.3674075006,-913268.0920000001,11794736667.9683,0.000070782,45156330.99890004,38927.1306,48.5,BEKLE,false,38927.1306,0.0,1.524,664.948,44229267.43880001,1753.677,48.5,0.0,"[{""usdt"": 13163389.0, ""borsa"": 3, ""fiyat"": 64750.0, ""kaynak"": ""BNB+BYB+OKX""}, {""usdt"": 9056355.0, ""borsa"": 1, ""fiyat"": 64675.0, ""kaynak"": ""BNB""}, {""usdt"": 8607215.0, ""borsa"": 1, ""fiyat"": 64700.0, ""kaynak"": ""BNB""}]","[{""usdt"": 9682962.0, ""borsa"": 3, ""fiyat"": 64800.0, ""kaynak"": ""BNB+BYB+OKX""}, {""usdt"": 7093419.0, ""borsa"": 1, ""fiyat"": 64875.0, ""kaynak"": ""BNB""}, {""usdt"": 6860330.0, ""borsa"": 1, ""fiyat"": 64900.0, ""kaynak"": ""BNB""}]",YOK,-0.228,0.0104,0.0182,0.5873,false,,true,0.169,0,2,3,0,1,2,47,45.6,HAZIRLAN,SHORT,50,64772.3,64772.3,64000,64818.4,26.76,SEVIYE+EMILIM,65,1801.4,180,,,,,,,1785188760,1,0,0.56,22,1350.8,21,,,
28841,2026-07-27 21:48:19.349304+00,64782.350000000006,242758.14102020068,-933362.194,11795867922.369999,0.000070782,41143189.861230016,38931.3376,48.9,BEKLE,false,38931.3376,0.0,1.5221,725.597,40212328.92142001,1814.326,48.9,0.0,"[{""usdt"": 11048089.0, ""borsa"": 1, ""fiyat"": 64700.0, ""kaynak"": ""BNB""}, {""usdt"": 8611973.0, ""borsa"": 3, ""fiyat"": 64750.0, ""kaynak"": ""BNB+BYB+OKX""}, {""usdt"": 8068138.0, ""borsa"": 3, ""fiyat"": 64775.0, ""kaynak"": ""BNB+BYB+OKX""}]","[{""usdt"": 11019962.0, ""borsa"": 3, ""fiyat"": 64800.0, ""kaynak"": ""BNB+BYB+OKX""}, {""usdt"": 7990492.0, ""borsa"": 1, ""fiyat"": 64875.0, ""kaynak"": ""BNB""}, {""usdt"": 6892773.0, ""borsa"": 1, ""fiyat"": 64900.0, ""kaynak"": ""BNB""}]",YOK,-0.2138,0.0114,0.03,0.0619,false,,true,0,0,2,3,0,1,3,43.9,44.9,HAZIRLAN,SHORT,50,64780.7,64780.7,64000,64833.2,15.4,SEVIYE+EMILIM,85,1802.4,181,,,,,,,1785188760,1,0,0.03,23,1351.8,21,,,
28842,2026-07-27 21:49:19.733394+00,64782.350000000006,305010.3202711015,-947453.453,11796765206.8116,0.000070782,48306402.74115996,38931.3376,27.0,BEKLE,false,38931.3376,0.0,1.5221,785.841,52192621.71177999,1874.57,27.0,0.0,"[{""usdt"": 13299440.0, ""borsa"": 1, ""fiyat"": 64700.0, ""kaynak"": ""BNB""}, {""usdt"": 12996899.0, ""borsa"": 3, ""fiyat"": 64775.0, ""kaynak"": ""BNB+BYB+OKX""}, {""usdt"": 7971353.0, ""borsa"": 3, ""fiyat"": 64750.0, ""kaynak"": ""BNB+BYB+OKX""}]","[{""usdt"": 13489193.0, ""borsa"": 3, ""fiyat"": 64825.0, ""kaynak"": ""BNB+BYB+OKX""}, {""usdt"": 9126524.0, ""borsa"": 3, ""fiyat"": 64800.0, ""kaynak"": ""BNB+BYB+OKX""}, {""usdt"": 8554926.0, ""borsa"": 1, ""fiyat"": 64850.0, ""kaynak"": ""BNB""}]",YOK,-0.2052,-0.0387,0.2632,0.8261,false,,true,0,0,2,3,0,0,3,40.3,41.4,HAZIRLAN,SHORT,50,64780.7,64780.7,64000,64833.2,15.4,SEVIYE+EMILIM,85,1803.4,181,,,,,,,1785188760,1,1,0.03,23,1352.8,21,,,
28843,2026-07-27 21:50:20.275277+00,64782.350000000006,593787.281197202,-577336.002,11796440387.0025,0.000070782,45384377.93922999,38931.3376,10.0,BEKLE,false,38931.3376,0.0,1.5221,846.238,44903371.37287997,1934.967,10.0,0.0,"[{""usdt"": 10392431.0, ""borsa"": 3, ""fiyat"": 64750.0, ""kaynak"": ""BNB+BYB+OKX""}, {""usdt"": 10146523.0, ""borsa"": 1, ""fiyat"": 64700.0, ""kaynak"": ""BNB""}, {""usdt"": 9780601.0, ""borsa"": 1, ""fiyat"": 64675.0, ""kaynak"": ""BNB""}]","[{""usdt"": 13244638.0, ""borsa"": 3, ""fiyat"": 64800.0, ""kaynak"": ""BNB+BYB+OKX""}, {""usdt"": 9021737.0, ""borsa"": 1, ""fiyat"": 64875.0, ""kaynak"": ""BNB""}, {""usdt"": 8146295.0, ""borsa"": 1, ""fiyat"": 64850.0, ""kaynak"": ""BNB""}]",YOK,-0.1893,0.0053,,,false,,false,,0,2,3,0,0,3,36.8,37.9,IZLE,,25,64780.7,,,,,SEVIYE,85,1804.4,181,,,,,,,1785188760,1,2,,23,1353.8,21,,,
28844,2026-07-27 21:51:20.984375+00,64805.850000000006,773289.3092140022,-574928.2089999999,11798777951.736599,0.000070782,48810918.84453997,0.0,16.5,BEKLE,true,0.0,0.0,1.5208,907.003,42904546.84968999,1995.732,0.0,16.5,"[{""usdt"": 11996361.0, ""borsa"": 1, ""fiyat"": 64675.0, ""kaynak"": ""BNB""}, {""usdt"": 10335170.0, ""borsa"": 1, ""fiyat"": 64700.0, ""kaynak"": ""BNB""}, {""usdt"": 9935002.0, ""borsa"": 3, ""fiyat"": 64775.0, ""kaynak"": ""BNB+BYB+OKX""}]","[{""usdt"": 11025788.0, ""borsa"": 3, ""fiyat"": 64800.0, ""kaynak"": ""BNB+BYB+OKX""}, {""usdt"": 8052010.0, ""borsa"": 1, ""fiyat"": 64850.0, ""kaynak"": ""BNB""}, {""usdt"": 8004902.0, ""borsa"": 1, ""fiyat"": 64875.0, ""kaynak"": ""BNB""}]",YOK,-0.2026,0.0644,0.6406,1.8544,false,,true,0.3503,0,2,3,0,1,3,33.8,34.8,IZLE,,25,64826.1,,,,,SEVIYE,50,1755.3,176,,,,,,,,,0,,23,1354.8,21,,,
28845,2026-07-27 21:52:21.439341+00,64826.149999999994,946315.9893743022,-612112.0429999998,11803012870.699001,0.000070782,44022069.25376999,0.0,33.4,BEKLE,true,0.0,0.0,1.5208,967.59,56956654.16783,2056.319,0.0,33.4,"[{""usdt"": 11932640.0, ""borsa"": 3, ""fiyat"": 64800.0, ""kaynak"": ""BNB+BYB+OKX""}, {""usdt"": 9974891.0, ""borsa"": 1, ""fiyat"": 64725.0, ""kaynak"": ""BNB""}, {""usdt"": 8482179.0, ""borsa"": 1, ""fiyat"": 64700.0, ""kaynak"": ""BNB""}]","[{""usdt"": 14796899.0, ""borsa"": 3, ""fiyat"": 64825.0, ""kaynak"": ""BNB+BYB+OKX""}, {""usdt"": 14061482.0, ""borsa"": 3, ""fiyat"": 64850.0, ""kaynak"": ""BNB+BYB+OKX""}, {""usdt"": 11035655.0, ""borsa"": 1, ""fiyat"": 64900.0, ""kaynak"": ""BNB""}]",YOK,-0.1495,-0.1281,0.471,1.647,false,,true,0.2828,0,2,3,0,2,3,30.5,31.6,IZLE,,25,64826.1,,,,,SEVIYE,50,1756.3,176,,,,,,,,,0,,23,1355.8,21,,,
28846,2026-07-27 21:53:21.815121+00,64824.25,1141911.8811425022,-611015.0179999999,11803586757.643002,0.000070782,44369443.095960006,0.0,33.2,BEKLE,true,0.0,0.0,1.5208,1027.956,55738082.33546997,2116.685,0.0,33.2,"[{""usdt"": 12226922.0, ""borsa"": 3, ""fiyat"": 64800.0, ""kaynak"": ""BNB+BYB+OKX""}, {""usdt"": 11966578.0, ""borsa"": 1, ""fiyat"": 64725.0, ""kaynak"": ""BNB""}, {""usdt"": 6071760.0, ""borsa"": 1, ""fiyat"": 64700.0, ""kaynak"": ""BNB""}]","[{""usdt"": 19676974.0, ""borsa"": 3, ""fiyat"": 64850.0, ""kaynak"": ""BNB+BYB+OKX""}, {""usdt"": 9603782.0, ""borsa"": 1, ""fiyat"": 64925.0, ""kaynak"": ""BNB""}, {""usdt"": 8147811.0, ""borsa"": 1, ""fiyat"": 64875.0, ""kaynak"": ""BNB""}]",YOK,-0.1768,-0.1136,0.5279,1.5469,false,,true,0.3205,0,2,3,0,2,3,27.1,28.1,IZLE,,25,64826.1,,,,,SEVIYE,50,1757.3,176,,,,,,,,,0,,23,1356.8,21,,,
28847,2026-07-27 21:54:22.172141+00,64829.25,1167596.9536692023,-629708.6479999999,11803310184.6609,0.000070782,48045018.78626001,0.0,29.7,BEKLE,true,0.0,0.0,1.5208,1088.412,50889124.174169965,2177.141,0.0,29.7,"[{""usdt"": 10884999.0, ""borsa"": 1, ""fiyat"": 64700.0, ""kaynak"": ""BNB""}, {""usdt"": 10873435.0, ""borsa"": 3, ""fiyat"": 64800.0, ""kaynak"": ""BNB+BYB+OKX""}, {""usdt"": 10477665.0, ""borsa"": 1, ""fiyat"": 64725.0, ""kaynak"": ""BNB""}]","[{""usdt"": 15056531.0, ""borsa"": 3, ""fiyat"": 64825.0, ""kaynak"": ""BNB+BYB+OKX""}, {""usdt"": 10276868.0, ""borsa"": 3, ""fiyat"": 64850.0, ""kaynak"": ""BNB+BYB+OKX""}, {""usdt"": 8846875.0, ""borsa"": 1, ""fiyat"": 64900.0, ""kaynak"": ""BNB""}]",YOK,-0.1578,-0.0287,0.5211,1.7818,false,,true,0.4681,0,2,3,0,2,3,23.7,24.8,IZLE,,25,64826.1,,,,,SEVIYE,50,1758.4,176,,,,,,,,,0,,23,1357.8,21,,,
28848,2026-07-27 21:55:22.60595+00,64802.55,44019.95240910036,50822.994999999995,11801465069.1027,0.000070782,48562442.547440045,0.0,40.6,BEKLE,,0.0,0.0,1.5208,1148.712,44978575.243339986,2237.441,0.0,40.6,"[{""usdt"": 12440896.0, ""borsa"": 1, ""fiyat"": 64725.0, ""kaynak"": ""BNB""}, {""usdt"": 12421855.0, ""borsa"": 3, ""fiyat"": 64800.0, ""kaynak"": ""BNB+BYB+OKX""}, {""usdt"": 7171480.0, ""borsa"": 1, ""fiyat"": 64700.0, ""kaynak"": ""BNB""}]","[{""usdt"": 10944309.0, ""borsa"": 3, ""fiyat"": 64850.0, ""kaynak"": ""BNB+BYB+OKX""}, {""usdt"": 9082925.0, ""borsa"": 1, ""fiyat"": 64900.0, ""kaynak"": ""BNB""}, {""usdt"": 7719956.0, ""borsa"": 3, ""fiyat"": 64825.0, ""kaynak"": ""BNB+BYB+OKX""}]",YOK,-0.0923,0.0383,0.2597,0.6001,false,,false,0.5006,0,1,3,0,1,3,19.8,21.1,IZLE,,25,64780.7,,,,,SEVIYE,85,1809.4,181,,,,,,,,,0,,23,1358.8,21,,,
28849,2026-07-27 21:56:22.939753+00,64811.149999999994,116752.84054940048,51407.971999999994,11801451891.568,0.000070782,44616145.30229998,0.0,51.2,BEKLE,true,0.0,0.0,1.5208,1209.093,51685096.46186996,2297.822,0.0,51.2,"[{""usdt"": 13451274.0, ""borsa"": 3, ""fiyat"": 64800.0, ""kaynak"": ""BNB+BYB+OKX""}, {""usdt"": 11704825.0, ""borsa"": 1, ""fiyat"": 64725.0, ""kaynak"": ""BNB""}, {""usdt"": 7211810.0, ""borsa"": 1, ""fiyat"": 64750.0, ""kaynak"": ""BNB""}]","[{""usdt"": 14740958.0, ""borsa"": 3, ""fiyat"": 64850.0, ""kaynak"": ""BNB+BYB+OKX""}, {""usdt"": 10776435.0, ""borsa"": 3, ""fiyat"": 64825.0, ""kaynak"": ""BNB+BYB+OKX""}, {""usdt"": 8729690.0, ""borsa"": 1, ""fiyat"": 64900.0, ""kaynak"": ""BNB""}]",YOK,-0.1585,-0.0734,0.2958,0.1501,false,,true,0.3175,0,2,3,0,0,3,16.4,17.5,HAZIRLAN,SHORT,50,64826.1,64780.7,64000,64833.2,36.85,SEVIYE+EMILIM,50,1760.4,176,,,,,,,,,0,1.38,23,1359.8,21,,,
28850,2026-07-27 21:57:23.287591+00,64816.649999999994,107329.0864252005,55740.55699999999,11802336993.7009,0.000070782,44694241.00932996,0.0,54.5,BEKLE,true,0.0,0.0,1.5221,1269.45,53032415.37213999,2358.179,0.0,54.5,"[{""usdt"": 12187680.0, ""borsa"": 1, ""fiyat"": 64725.0, ""kaynak"": ""BNB""}, {""usdt"": 10706746.0, ""borsa"": 3, ""fiyat"": 64800.0, ""kaynak"": ""BNB+BYB+OKX""}, {""usdt"": 7021565.0, ""borsa"": 2, ""fiyat"": 64775.0, ""kaynak"": ""BNB+BYB""}]","[{""usdt"": 13922081.0, ""borsa"": 3, ""fiyat"": 64825.0, ""kaynak"": ""BNB+BYB+OKX""}, {""usdt"": 12814632.0, ""borsa"": 3, ""fiyat"": 64850.0, ""kaynak"": ""BNB+BYB+OKX""}, {""usdt"": 8760755.0, ""borsa"": 1, ""fiyat"": 64900.0, ""kaynak"": ""BNB""}]",YOK,-0.1301,-0.0853,0.3349,0.2383,false,,true,0.2109,0,2,3,0,2,3,12.9,14,IZLE,,25,64826.1,,,,,SEVIYE,50,1761.4,176,,,,,,,,,0,,23,1360.8,21,,,
28851,2026-07-27 21:58:23.623703+00,64812.05,98203.61566030033,-349066.90799999994,11801028149.197102,0.000070782,44858756.84256,0.0,36.7,BEKLE,true,0.0,0.0,1.5221,1329.85,48854569.44804998,2418.579,0.0,36.7,"[{""usdt"": 11778860.0, ""borsa"": 3, ""fiyat"": 64775.0, ""kaynak"": ""BNB+BYB+OKX""}, {""usdt"": 8993621.0, ""borsa"": 1, ""fiyat"": 64700.0, ""kaynak"": ""BNB""}, {""usdt"": 8488275.0, ""borsa"": 1, ""fiyat"": 64725.0, ""kaynak"": ""BNB""}]","[{""usdt"": 15276590.0, ""borsa"": 3, ""fiyat"": 64825.0, ""kaynak"": ""BNB+BYB+OKX""}, {""usdt"": 8563357.0, ""borsa"": 1, ""fiyat"": 64925.0, ""kaynak"": ""BNB""}, {""usdt"": 7830207.0, ""borsa"": 1, ""fiyat"": 64875.0, ""kaynak"": ""BNB""}]",YOK,-0.1345,-0.0426,0.6186,0.4497,false,,true,0.1794,0,2,3,0,0,3,9.2,10.2,IZLE,,25,64826.1,,,,,SEVIYE,50,1762.4,177,,,,,,,,,0,,23,1361.8,21,,,
28852,2026-07-27 21:59:23.93929+00,64811.45,401164.7195219004,-259668.72399999996,11801125615.974998,0.000070782,45487250.33855003,0.0,44.5,BEKLE,,0.0,0.0,1.5221,1390.08,54389286.70332992,2478.809,0.0,44.5,"[{""usdt"": 10776038.0, ""borsa"": 3, ""fiyat"": 64775.0, ""kaynak"": ""BNB+BYB+OKX""}, {""usdt"": 9660242.0, ""borsa"": 1, ""fiyat"": 64725.0, ""kaynak"": ""BNB""}, {""usdt"": 9545130.0, ""borsa"": 1, ""fiyat"": 64700.0, ""kaynak"": ""BNB""}]","[{""usdt"": 21096222.0, ""borsa"": 3, ""fiyat"": 64825.0, ""kaynak"": ""BNB+BYB+OKX""}, {""usdt"": 8868310.0, ""borsa"": 1, ""fiyat"": 64900.0, ""kaynak"": ""BNB""}, {""usdt"": 7948154.0, ""borsa"": 2, ""fiyat"": 64850.0, ""kaynak"": ""BNB+OKX""}]",YOK,-0.1016,-0.0891,0.4575,0.6607,false,,false,,0,2,3,0,1,3,5.5,6.6,IZLE,,25,64826.1,,,,,SEVIYE,50,1763.4,177,,,,,,,,,0,,23,1362.9,21,,,
28853,2026-07-27 22:00:24.212005+00,64748.649999999994,401164.7195219004,-259668.72399999996,11801125615.974998,0.000070782,48672196.109449945,0.0,25.7,BEKLE,false,0.0,0.0,1.5221,1269.488,52487686.190630004,2539.182,25.7,0.0,"[{""usdt"": 11617080.0, ""borsa"": 2, ""fiyat"": 64725.0, ""kaynak"": ""BNB+BYB""}, {""usdt"": 10028400.0, ""borsa"": 1, ""fiyat"": 64675.0, ""kaynak"": ""BNB""}, {""usdt"": 9497170.0, ""borsa"": 1, ""fiyat"": 64650.0, ""kaynak"": ""BNB""}]","[{""usdt"": 19068665.0, ""borsa"": 2, ""fiyat"": 64825.0, ""kaynak"": ""BNB+OKX""}, {""usdt"": 8699161.0, ""borsa"": 2, ""fiyat"": 64850.0, ""kaynak"": ""BNB+OKX""}, {""usdt"": 8046003.0, ""borsa"": 2, ""fiyat"": 64775.0, ""kaynak"": ""BNB+BYB""}]",YOK,-0.2505,-0.0377,0.3189,2.9943,false,0,false,,0,2,3,0,1,3,1.9,63.8,IZLE,,25,64731.4,,,,,SEVIYE,55,1814.5,182,,,,,,,,,0,,23,1363.9,21,,,
28854,2026-07-27 22:01:24.656043+00,64729.149999999994,-317610.85302519996,-26875.375000000004,11791555206.9146,0.000070782,48435409.058959946,4985.6422,15.5,BEKLE,false,4985.6422,0.0,1.5221,1329.776,48113321.31856001,2599.47,15.5,0.0,"[{""usdt"": 14192489.0, ""borsa"": 3, ""fiyat"": 64725.0, ""kaynak"": ""BNB+BYB+OKX""}, {""usdt"": 10028400.0, ""borsa"": 1, ""fiyat"": 64675.0, ""kaynak"": ""BNB""}, {""usdt"": 9497170.0, ""borsa"": 1, ""fiyat"": 64650.0, ""kaynak"": ""BNB""}]","[{""usdt"": 12176040.0, ""borsa"": 3, ""fiyat"": 64775.0, ""kaynak"": ""BNB+BYB+OKX""}, {""usdt"": 9486875.0, ""borsa"": 1, ""fiyat"": 64825.0, ""kaynak"": ""BNB""}, {""usdt"": 7583654.0, ""borsa"": 1, ""fiyat"": 64850.0, ""kaynak"": ""BNB""}]",YOK,-0.2505,0.0033,0.6931,8.1395,false,,false,1.6432,0,2,3,0,1,3,62.2,63.3,IZLE,,25,64731.4,,,,,SEVIYE,55,1815.5,182,,,,,,,1785189600,1,0,,23,1364.9,21,,,
28855,2026-07-27 22:02:26.021247+00,64684.850000000006,-428237.1596458997,-82543.669,11789092764.1031,0.000070782,48621566.82598991,6603.961200000001,0.0,BEKLE,,6603.961200000001,0.0,1.5221,1391.283,48829276.70316001,302.798,0.0,0.0,"[{""usdt"": 13460372.0, ""borsa"": 3, ""fiyat"": 64700.0, ""kaynak"": ""BNB+BYB+OKX""}, {""usdt"": 12146503.0, ""borsa"": 1, ""fiyat"": 64675.0, ""kaynak"": ""BNB""}, {""usdt"": 9134874.0, ""borsa"": 3, ""fiyat"": 64725.0, ""kaynak"": ""BNB+BYB+OKX""}]","[{""usdt"": 13042175.0, ""borsa"": 3, ""fiyat"": 64750.0, ""kaynak"": ""BNB+BYB+OKX""}, {""usdt"": 8934611.0, ""borsa"": 1, ""fiyat"": 64825.0, ""kaynak"": ""BNB""}, {""usdt"": 8041520.0, ""borsa"": 1, ""fiyat"": 64800.0, ""kaynak"": ""BNB""}]",YOK,-0.2783,-0.0021,0.6119,9.3661,false,,false,0.9951,0,2,3,0,1,3,59.5,60.6,IZLE,,25,64687.8,,,,,SEVIYE,65,444.8,45,,,,,,,1785189660,1,0,,23,1365.9,21,,,
28856,2026-07-27 22:03:26.518258+00,64662.55,-1289289.8927298996,-681484.99,11771738261.432999,0.000070782,40740471.45406002,793663.1359,0.0,BEKLE,,789037.896,4625.2399000000005,1.5227,0,56712378.22149006,363.137,0.0,0.0,"[{""usdt"": 13209433.0, ""borsa"": 3, ""fiyat"": 64650.0, ""kaynak"": ""BNB+BYB+OKX""}, {""usdt"": 8054558.0, ""borsa"": 1, ""fiyat"": 64600.0, ""kaynak"": ""BNB""}, {""usdt"": 7888982.0, ""borsa"": 1, ""fiyat"": 64575.0, ""kaynak"": ""BNB""}]","[{""usdt"": 23825988.0, ""borsa"": 3, ""fiyat"": 64700.0, ""kaynak"": ""BNB+BYB+OKX""}, {""usdt"": 7988911.0, ""borsa"": 1, ""fiyat"": 64775.0, ""kaynak"": ""BNB""}, {""usdt"": 7260136.0, ""borsa"": 1, ""fiyat"": 64750.0, ""kaynak"": ""BNB""}]",YOK,-0.1779,-0.1639,0.6295,4.2192,false,,true,0.3514,0,2,3,0,2,3,56,57.1,IZLE,,50,64687.8,,,,,SEVIYE+TASFIYE,65,445.8,45,,,,,,,1785189720,4,0,,23,1366.9,21,,,
28857,2026-07-27 22:04:27.763994+00,64682.05,-1969198.4239008026,-1306983.004,11758669331.4785,0.000070782,41661233.67955002,805492.5085000001,10.9,BEKLE,true,800867.2686000001,4625.2399000000005,1.5227,61.42,53640745.588799976,61.42,10.9,0.0,"[{""usdt"": 9393569.0, ""borsa"": 1, ""fiyat"": 64575.0, ""kaynak"": ""BNB""}, {""usdt"": 8952843.0, ""borsa"": 3, ""fiyat"": 64650.0, ""kaynak"": ""BNB+BYB+OKX""}, {""usdt"": 8205637.0, ""borsa"": 1, ""fiyat"": 64600.0, ""kaynak"": ""BNB""}]","[{""usdt"": 22580204.0, ""borsa"": 3, ""fiyat"": 64700.0, ""kaynak"": ""BNB+BYB+OKX""}, {""usdt"": 8488758.0, ""borsa"": 1, ""fiyat"": 64775.0, ""kaynak"": ""BNB""}, {""usdt"": 7757535.0, ""borsa"": 1, ""fiyat"": 64750.0, ""kaynak"": ""BNB""}]",YOK,-0.2478,-0.1257,0.4795,1.6284,false,,true,0,0,2,3,0,2,3,53.6,54.7,IZLE,,50,64687.8,,,,,SEVIYE+TASFIYE,65,446.8,45,,,,,,,1785189720,4,0,,23,1367.9,21,,,
28858,2026-07-27 22:05:28.316376+00,64670.649999999994,-1845953.3743755994,-1320372.7419999999,11761222876.166,0.000070782,40462432.38283001,805492.5085000001,47.3,BEKLE,true,800867.2686000001,4625.2399000000005,1.5227,121.695,49484252.323189974,121.695,47.3,0.0,"[{""usdt"": 10455292.0, ""borsa"": 3, ""fiyat"": 64650.0, ""kaynak"": ""BNB+BYB+OKX""}, {""usdt"": 10245988.0, ""borsa"": 1, ""fiyat"": 64575.0, ""kaynak"": ""BNB""}, {""usdt"": 8586174.0, ""borsa"": 3, ""fiyat"": 64625.0, ""kaynak"": ""BNB+BYB+OKX""}]","[{""usdt"": 11428813.0, ""borsa"": 3, ""fiyat"": 64675.0, ""kaynak"": ""BNB+BYB+OKX""}, {""usdt"": 10170218.0, ""borsa"": 1, ""fiyat"": 64750.0, ""kaynak"": ""BNB""}, {""usdt"": 7371824.0, ""borsa"": 1, ""fiyat"": 64725.0, ""kaynak"": ""BNB""}]",YOK,-0.2298,-0.1003,0.4631,1.0008,false,,true,0,0,2,3,0,2,3,50,51.1,IZLE,,50,64687.8,,,,,SEVIYE+TASFIYE,65,447.8,45,,,,,,,1785189720,4,1,,23,1368.9,21,,,
28859,2026-07-27 22:06:28.697241+00,64674.25,-1573504.9311978973,-1041792.9029999999,11758840669.4212,0.000070782,46029787.44075001,799665.2965,63.1,BEKLE,true,795040.0566,4625.2399000000005,1.524,182.333,51783373.48054999,182.333,63.1,0.0,"[{""usdt"": 10510534.0, ""borsa"": 1, ""fiyat"": 64575.0, ""kaynak"": ""BNB""}, {""usdt"": 9127280.0, ""borsa"": 3, ""fiyat"": 64650.0, ""kaynak"": ""BNB+BYB+OKX""}, {""usdt"": 8417855.0, ""borsa"": 1, ""fiyat"": 64600.0, ""kaynak"": ""BNB""}]","[{""usdt"": 18730647.0, ""borsa"": 3, ""fiyat"": 64700.0, ""kaynak"": ""BNB+BYB+OKX""}, {""usdt"": 9901227.0, ""borsa"": 1, ""fiyat"": 64750.0, ""kaynak"": ""BNB""}, {""usdt"": 7777444.0, ""borsa"": 1, ""fiyat"": 64725.0, ""kaynak"": ""BNB""}]",YOK,-0.1828,-0.0588,0.335,0.9121,false,,false,,0,2,3,0,2,3,46.6,47.7,IZLE,,50,64687.8,,,,,SEVIYE+TASFIYE,65,448.8,45,,,,,,,1785189720,4,0,,23,1369.9,21,,,
28860,2026-07-27 22:07:29.10898+00,64692.649999999994,-1765527.0985744975,-1037799.911,11758927935.7341,0.000070782,46393813.33008001,11900.372599999999,74.9,BEKLE,,11900.372599999999,0.0,1.524,242.699,46496494.65640999,242.699,74.9,0.0,"[{""usdt"": 10510534.0, ""borsa"": 1, ""fiyat"": 64575.0, ""kaynak"": ""BNB""}, {""usdt"": 8919610.0, ""borsa"": 3, ""fiyat"": 64675.0, ""kaynak"": ""BNB+BYB+OKX""}, {""usdt"": 8417855.0, ""borsa"": 1, ""fiyat"": 64600.0, ""kaynak"": ""BNB""}]","[{""usdt"": 12459242.0, ""borsa"": 3, ""fiyat"": 64700.0, ""kaynak"": ""BNB+BYB+OKX""}, {""usdt"": 9901227.0, ""borsa"": 1, ""fiyat"": 64750.0, ""kaynak"": ""BNB""}, {""usdt"": 9063860.0, ""borsa"": 3, ""fiyat"": 64725.0, ""kaynak"": ""BNB+BYB+OKX""}]",YOK,-0.1906,-0.0011,0.363,0.132,false,,true,0,0,2,3,1,0,3,43.1,108,HAZIRLAN,SHORT,75,64687.8,64687.8,64000,64738.4,15.13,SEVIYE+TASFIYE+EMILIM,65,449.8,45,,,,,,,1785189720,3,0,0.11,23,1370.9,21,,,
28861,2026-07-27 22:08:29.407432+00,64698.95,-830719.5978477964,-1010704.931,11761308689.074001,0.000070782,45240827.54813001,0.0,31.7,BEKLE,false,0.0,0.0,1.524,303.053,47248172.92294999,303.053,31.7,0.0,"[{""usdt"": 10510534.0, ""borsa"": 1, ""fiyat"": 64575.0, ""kaynak"": ""BNB""}, {""usdt"": 9681143.0, ""borsa"": 3, ""fiyat"": 64650.0, ""kaynak"": ""BNB+BYB+OKX""}, {""usdt"": 8417855.0, ""borsa"": 1, ""fiyat"": 64600.0, ""kaynak"": ""BNB""}]","[{""usdt"": 13792792.0, ""borsa"": 3, ""fiyat"": 64700.0, ""kaynak"": ""BNB+BYB+OKX""}, {""usdt"": 9901227.0, ""borsa"": 1, ""fiyat"": 64750.0, ""kaynak"": ""BNB""}, {""usdt"": 7777444.0, ""borsa"": 1, ""fiyat"": 64725.0, ""kaynak"": ""BNB""}]",YOK,-0.1622,-0.0217,0.358,1.8141,false,,true,0,0,2,3,0,0,3,39.6,168.4,IZLE,,25,64727.7,,,,,SEVIYE,100,1822.5,183,,,,,,,,,0,,22,1371.9,21,,,
28862,2026-07-27 22:09:29.775808+00,64697.649999999994,-700385.8668011965,-1024201.7999999999,11765694994.357,0.000070782,43451262.668160014,1099.5515,29.0,BEKLE,true,1099.5515,0.0,1.524,363.28,48862548.54943999,363.28,0.0,29.0,"[{""usdt"": 10510534.0, ""borsa"": 1, ""fiyat"": 64575.0, ""kaynak"": ""BNB""}, {""usdt"": 9394795.0, ""borsa"": 3, ""fiyat"": 64650.0, ""kaynak"": ""BNB+BYB+OKX""}, {""usdt"": 8417855.0, ""borsa"": 1, ""fiyat"": 64600.0, ""kaynak"": ""BNB""}]","[{""usdt"": 14053301.0, ""borsa"": 3, ""fiyat"": 64700.0, ""kaynak"": ""BNB+BYB+OKX""}, {""usdt"": 9901227.0, ""borsa"": 1, ""fiyat"": 64750.0, ""kaynak"": ""BNB""}, {""usdt"": 7777444.0, ""borsa"": 1, ""fiyat"": 64725.0, ""kaynak"": ""BNB""}]",YOK,-0.1832,-0.0586,0.6424,0.5041,false,,true,0,0,2,3,0,1,2,36,34.6,HAZIRLAN,SHORT,50,64727.7,64657,64586.4,64734.8,3,SEVIYE+EMILIM,100,1823.5,183,,,,,,,1785190020,1,0,1.1,22,1373.0,21,,,
28863,2026-07-27 22:10:30.130964+00,64707.25,-821728.6865883976,-1110240.2989999999,11765254445.930199,0.000070782,41486491.98350001,1099.5515,23.7,BEKLE,true,1099.5515,0.0,1.524,423.697,56055134.096710004,423.697,0.0,23.7,"[{""usdt"": 9679296.0, ""borsa"": 1, ""fiyat"": 64625.0, ""kaynak"": ""BNB""}, {""usdt"": 9416800.0, ""borsa"": 3, ""fiyat"": 64675.0, ""kaynak"": ""BNB+BYB+OKX""}, {""usdt"": 8552851.0, ""borsa"": 1, ""fiyat"": 64600.0, ""kaynak"": ""BNB""}]","[{""usdt"": 20367031.0, ""borsa"": 3, ""fiyat"": 64725.0, ""kaynak"": ""BNB+BYB+OKX""}, {""usdt"": 9775758.0, ""borsa"": 1, ""fiyat"": 64825.0, ""kaynak"": ""BNB""}, {""usdt"": 8240361.0, ""borsa"": 1, ""fiyat"": 64750.0, ""kaynak"": ""BNB""}]",YOK,-0.1351,-0.1494,0.6612,1.5081,false,,false,,0,2,3,0,1,3,32.6,33.7,IZLE,,25,64727.7,,,,,SEVIYE,100,1824.6,183,,,,,,,1785190020,1,1,,22,1374.0,21,,,
28864,2026-07-27 22:11:30.583352+00,64691.05,-848589.501890998,-1146065.6099999999,11768151916.061901,0.000070782,42590695.19278001,1099.5515,23.3,BEKLE,false,1099.5515,0.0,1.524,484.065,49445358.83387,484.065,23.3,0.0,"[{""usdt"": 12371225.0, ""borsa"": 3, ""fiyat"": 64675.0, ""kaynak"": ""BNB+BYB+OKX""}, {""usdt"": 9156921.0, ""borsa"": 1, ""fiyat"": 64625.0, ""kaynak"": ""BNB""}, {""usdt"": 8928576.0, ""borsa"": 1, ""fiyat"": 64600.0, ""kaynak"": ""BNB""}]","[{""usdt"": 12220314.0, ""borsa"": 3, ""fiyat"": 64725.0, ""kaynak"": ""BNB+BYB+OKX""}, {""usdt"": 9133817.0, ""borsa"": 1, ""fiyat"": 64775.0, ""kaynak"": ""BNB""}, {""usdt"": 8412824.0, ""borsa"": 1, ""fiyat"": 64750.0, ""kaynak"": ""BNB""}]",YOK,-0.1254,-0.0745,0.7357,1.0882,false,,false,,0,2,3,0,0,3,29.1,30.2,IZLE,,25,64657,,,,,SEVIYE,85,453.8,46,,,,,,,1785190020,1,2,,22,1375.0,21,,,
28865,2026-07-27 22:12:30.871299+00,64675.05,-795130.9535444976,-1164264.9779999997,11766068932.307,0.000070782,41363459.04275002,1099.5515,20.0,BEKLE,false,1099.5515,0.0,1.5265,544.476,50269293.392030016,544.476,20.0,0.0,"[{""usdt"": 10756886.0, ""borsa"": 3, ""fiyat"": 64675.0, ""kaynak"": ""BNB+BYB+OKX""}, {""usdt"": 9198781.0, ""borsa"": 3, ""fiyat"": 64650.0, ""kaynak"": ""BNB+BYB+OKX""}, {""usdt"": 7987297.0, ""borsa"": 1, ""fiyat"": 64625.0, ""kaynak"": ""BNB""}]","[{""usdt"": 14844957.0, ""borsa"": 3, ""fiyat"": 64700.0, ""kaynak"": ""BNB+BYB+OKX""}, {""usdt"": 9636012.0, ""borsa"": 1, ""fiyat"": 64775.0, ""kaynak"": ""BNB""}, {""usdt"": 9107524.0, ""borsa"": 2, ""fiyat"": 64725.0, ""kaynak"": ""BNB+OKX""}]",YOK,-0.1391,-0.0972,0.7544,0.8731,false,,false,,0,2,3,0,1,3,25.7,26.8,IZLE,,25,64657,,,,,SEVIYE,85,454.8,46,,,,,,,1785190020,1,3,,22,1376.0,21,,,
28866,2026-07-27 22:13:31.619623+00,64681.55,-792384.5155219974,-1148956.9399999997,11764292564.269402,0.000070782,42903974.05207002,0.0,20.4,BEKLE,false,0.0,0.0,1.5265,604.811,53621062.58818999,604.811,20.4,0.0,"[{""usdt"": 11498839.0, ""borsa"": 3, ""fiyat"": 64675.0, ""kaynak"": ""BNB+BYB+OKX""}, {""usdt"": 9327710.0, ""borsa"": 1, ""fiyat"": 64600.0, ""kaynak"": ""BNB""}, {""usdt"": 8252848.0, ""borsa"": 3, ""fiyat"": 64650.0, ""kaynak"": ""BNB+BYB+OKX""}]","[{""usdt"": 15786681.0, ""borsa"": 3, ""fiyat"": 64700.0, ""kaynak"": ""BNB+BYB+OKX""}, {""usdt"": 9582270.0, ""borsa"": 1, ""fiyat"": 64775.0, ""kaynak"": ""BNB""}, {""usdt"": 9387785.0, ""borsa"": 1, ""fiyat"": 64800.0, ""kaynak"": ""BNB""}]",YOK,-0.1477,-0.111,,,false,,false,,0,2,3,0,0,3,22.3,23.3,IZLE,,25,64657,,,,,SEVIYE,85,455.9,46,,,,,,,,,0,,22,1377.0,21,,,
28867,2026-07-27 22:14:31.910103+00,64680.55,-783811.5362294973,-1141349.1309999998,11765899214.3078,0.000070782,41570212.82535006,0.0,25.6,BEKLE,false,0.0,0.0,1.5265,665.547,52601220.96549001,665.547,25.6,0.0,"[{""usdt"": 14249442.0, ""borsa"": 3, ""fiyat"": 64650.0, ""kaynak"": ""BNB+BYB+OKX""}, {""usdt"": 9165569.0, ""borsa"": 1, ""fiyat"": 64600.0, ""kaynak"": ""BNB""}, {""usdt"": 7321010.0, ""borsa"": 1, ""fiyat"": 64575.0, ""kaynak"": ""BNB""}]","[{""usdt"": 14191041.0, ""borsa"": 3, ""fiyat"": 64700.0, ""kaynak"": ""BNB+BYB+OKX""}, {""usdt"": 9102592.0, ""borsa"": 1, ""fiyat"": 64750.0, ""kaynak"": ""BNB""}, {""usdt"": 8658227.0, ""borsa"": 1, ""fiyat"": 64800.0, ""kaynak"": ""BNB""}]",YOK,-0.1771,-0.1171,,,false,,true,0,0,2,3,0,1,3,19.2,20.3,IZLE,,25,64657,,,,,SEVIYE,85,456.9,46,,,,,,,,,0,,22,1378.0,21,,,
28868,2026-07-27 22:15:32.279096+00,64702.850000000006,-858371.9251481977,-1129150.4489999998,11767162418.666399,0.000070782,42235202.325250015,0.0,10.2,BEKLE,false,0.0,0.0,1.5265,725.847,61886138.10283001,725.847,10.2,0.0,"[{""usdt"": 12044693.0, ""borsa"": 3, ""fiyat"": 64700.0, ""kaynak"": ""BNB+BYB+OKX""}, {""usdt"": 9312508.0, ""borsa"": 1, ""fiyat"": 64625.0, ""kaynak"": ""BNB""}, {""usdt"": 7778163.0, ""borsa"": 3, ""fiyat"": 64675.0, ""kaynak"": ""BNB+BYB+OKX""}]","[{""usdt"": 24279147.0, ""borsa"": 3, ""fiyat"": 64725.0, ""kaynak"": ""BNB+BYB+OKX""}, {""usdt"": 10427707.0, ""borsa"": 1, ""fiyat"": 64800.0, ""kaynak"": ""BNB""}, {""usdt"": 9238457.0, ""borsa"": 1, ""fiyat"": 64825.0, ""kaynak"": ""BNB""}]",YOK,-0.1043,-0.1887,,,false,2.2089,false,,0,1,3,0,3,3,15.6,16.7,IZLE,,25,64727.7,,,,,SEVIYE,100,1829.6,183,,,,,,,,,0,,22,1379.0,21,,,
28869,2026-07-27 22:16:32.591894+00,64693.649999999994,573130.3694372001,119682.81500000002,11764204750.9926,0.000070782,44336500.47813005,33637.255600000004,75.4,BEKLE,true,4463.2833,29173.9723,1.5265,786.19,51167812.34657999,786.19,0.0,75.4,"[{""usdt"": 13992137.0, ""borsa"": 3, ""fiyat"": 64675.0, ""kaynak"": ""BNB+BYB+OKX""}, {""usdt"": 10754879.0, ""borsa"": 1, ""fiyat"": 64600.0, ""kaynak"": ""BNB""}, {""usdt"": 7896371.0, ""borsa"": 1, ""fiyat"": 64625.0, ""kaynak"": ""BNB""}]","[{""usdt"": 14686218.0, ""borsa"": 3, ""fiyat"": 64725.0, ""kaynak"": ""BNB+BYB+OKX""}, {""usdt"": 8669653.0, ""borsa"": 1, ""fiyat"": 64800.0, ""kaynak"": ""BNB""}, {""usdt"": 8592555.0, ""borsa"": 1, ""fiyat"": 64775.0, ""kaynak"": ""BNB""}]",YOK,-0.118,-0.0715,0.3102,0.0362,false,0,false,,0,2,3,0,2,3,12.1,13.2,IZLE,,25,64727.7,,,,,SEVIYE,100,1830.6,183,PCT,0.57,1.597356358661222,171.08919774835792,false,0.027,1785190500,2,0,,22,1380.0,21,,,
28870,2026-07-27 22:17:34.201523+00,64721.05,856747.7298720008,178492.926,11765688359.949001,0.000070782,44892024.53227997,33643.865,74.2,BEKLE,true,4464.165,29179.7,1.5246,121.83,59325449.51524997,786.257,0.0,74.2,"[{""usdt"": 14314691.0, ""borsa"": 3, ""fiyat"": 64700.0, ""kaynak"": ""BNB+BYB+OKX""}, {""usdt"": 12113878.0, ""borsa"": 1, ""fiyat"": 64625.0, ""kaynak"": ""BNB""}, {""usdt"": 9251800.0, ""borsa"": 3, ""fiyat"": 64675.0, ""kaynak"": ""BNB+BYB+OKX""}]","[{""usdt"": 13210667.0, ""borsa"": 3, ""fiyat"": 64725.0, ""kaynak"": ""BNB+BYB+OKX""}, {""usdt"": 13147675.0, ""borsa"": 3, ""fiyat"": 64750.0, ""kaynak"": ""BNB+BYB+OKX""}, {""usdt"": 11808404.0, ""borsa"": 1, ""fiyat"": 64825.0, ""kaynak"": ""BNB""}]",YOK,-0.0983,-0.1385,0.33,0.5865,false,0,false,,0,1,3,0,1,3,9.7,10.8,IZLE,,25,64727.7,,,,,SEVIYE,100,1831.6,183,,,,,,,1785190500,2,0,,22,1381.0,21,,,
28871,2026-07-27 22:18:34.520525+00,64719.95,761921.757217501,175302.275,11767025585.528702,0.000070782,50050472.58770997,33643.865,60.2,BEKLE,true,4464.165,29179.7,1.5246,182.344,50982149.42426999,846.771,0.0,60.2,"[{""usdt"": 13772123.0, ""borsa"": 3, ""fiyat"": 64700.0, ""kaynak"": ""BNB+BYB+OKX""}, {""usdt"": 9675378.0, ""borsa"": 1, ""fiyat"": 64600.0, ""kaynak"": ""BNB""}, {""usdt"": 9591318.0, ""borsa"": 1, ""fiyat"": 64625.0, ""kaynak"": ""BNB""}]","[{""usdt"": 13226880.0, ""borsa"": 3, ""fiyat"": 64725.0, ""kaynak"": ""BNB+BYB+OKX""}, {""usdt"": 10832050.0, ""borsa"": 3, ""fiyat"": 64750.0, ""kaynak"": ""BNB+BYB+OKX""}, {""usdt"": 9958030.0, ""borsa"": 1, ""fiyat"": 64825.0, ""kaynak"": ""BNB""}]",YOK,-0.0933,-0.0092,0.3193,0.5035,false,0,false,,0,1,3,0,0,3,6.4,7.5,IZLE,,25,64731.4,,,,,SEVIYE,55,1832.6,184,,,,,,,1785190500,2,1,,25,1382.0,24,,,
28872,2026-07-27 22:19:34.814664+00,64722.55,896628.3972342018,227913.285,11769481176.640598,0.000070782,46674642.126119986,33643.865,66.0,BEKLE,true,4464.165,29179.7,1.5246,242.559,50703571.30195999,906.986,0.0,66.0,"[{""usdt"": 14575154.0, ""borsa"": 3, ""fiyat"": 64700.0, ""kaynak"": ""BNB+BYB+OKX""}, {""usdt"": 11573857.0, ""borsa"": 1, ""fiyat"": 64625.0, ""kaynak"": ""BNB""}, {""usdt"": 7703766.0, ""borsa"": 1, ""fiyat"": 64675.0, ""kaynak"": ""BNB""}]","[{""usdt"": 13670947.0, ""borsa"": 3, ""fiyat"": 64750.0, ""kaynak"": ""BNB+BYB+OKX""}, {""usdt"": 9734578.0, ""borsa"": 1, ""fiyat"": 64800.0, ""kaynak"": ""BNB""}, {""usdt"": 9188778.0, ""borsa"": 1, ""fiyat"": 64825.0, ""kaynak"": ""BNB""}]",YOK,-0.0894,-0.0414,0.3291,0.525,false,0,false,,0,0,3,0,1,3,2.7,3.8,IZLE,,25,64731.4,,,,,SEVIYE,55,1833.6,184,,,,,,,1785190500,2,2,,25,1383.0,24,,,
28873,2026-07-27 22:20:35.189101+00,64708.75,570679.4481669012,167880.268,11767350142.3998,0.000070782,47922479.62381999,34043.865,75.9,BEKLE,true,4864.165,29179.7,1.5246,302.946,57926137.03726001,967.373,0.0,75.9,"[{""usdt"": 12198434.0, ""borsa"": 3, ""fiyat"": 64700.0, ""kaynak"": ""BNB+BYB+OKX""}, {""usdt"": 11003515.0, ""borsa"": 1, ""fiyat"": 64625.0, ""kaynak"": ""BNB""}, {""usdt"": 8135456.0, ""borsa"": 1, ""fiyat"": 64600.0, ""kaynak"": ""BNB""}]","[{""usdt"": 18276458.0, ""borsa"": 3, ""fiyat"": 64725.0, ""kaynak"": ""BNB+BYB+OKX""}, {""usdt"": 13880027.0, ""borsa"": 3, ""fiyat"": 64750.0, ""kaynak"": ""BNB+BYB+OKX""}, {""usdt"": 11979791.0, ""borsa"": 1, ""fiyat"": 64800.0, ""kaynak"": ""BNB""}]",YOK,-0.0894,-0.0945,0.3057,0.0805,false,0,false,,0,0,3,0,1,3,63.1,61.6,IZLE,,25,64689.7,,,,,SEVIYE,65,462.9,47,,,,,,,1785190740,3,0,,25,1384.0,24,,,
28874,2026-07-27 22:21:35.730995+00,64675.149999999994,-630401.037563399,136805.027,11764757406.0915,0.000070782,45834727.03168999,400.0,9.7,BEKLE,,400.0,0.0,1.5259,363.4,59152848.345570005,1027.827,0.0,9.7,"[{""usdt"": 12288341.0, ""borsa"": 3, ""fiyat"": 64675.0, ""kaynak"": ""BNB+BYB+OKX""}, {""usdt"": 11003515.0, ""borsa"": 1, ""fiyat"": 64625.0, ""kaynak"": ""BNB""}, {""usdt"": 8135456.0, ""borsa"": 1, ""fiyat"": 64600.0, ""kaynak"": ""BNB""}]","[{""usdt"": 21808932.0, ""borsa"": 3, ""fiyat"": 64725.0, ""kaynak"": ""BNB+BYB+OKX""}, {""usdt"": 11979791.0, ""borsa"": 1, ""fiyat"": 64800.0, ""kaynak"": ""BNB""}, {""usdt"": 9085869.0, ""borsa"": 1, ""fiyat"": 64750.0, ""kaynak"": ""BNB""}]",YOK,-0.0929,-0.1269,0.9656,0.9472,false,0,false,,0,1,3,0,1,3,59.7,60.8,IZLE,,25,64689.7,,,,,SEVIYE,65,463.9,47,,,,,,,1785190740,1,0,,25,1385.1,24,,,
28875,2026-07-27 22:22:36.308552+00,64691.850000000006,-782162.2326035991,74971.53500000002,11763308160.1118,0.000070782,47845059.59980005,15341.542000000001,21.0,BEKLE,false,15341.542000000001,0.0,1.5259,120.849,54959947.517179996,1088.222,21.0,0.0,"[{""usdt"": 12998869.0, ""borsa"": 3, ""fiyat"": 64650.0, ""kaynak"": ""BNB+BYB+OKX""}, {""usdt"": 11761008.0, ""borsa"": 1, ""fiyat"": 64575.0, ""kaynak"": ""BNB""}, {""usdt"": 8520150.0, ""borsa"": 1, ""fiyat"": 64600.0, ""kaynak"": ""BNB""}]","[{""usdt"": 14103509.0, ""borsa"": 1, ""fiyat"": 64725.0, ""kaynak"": ""BNB""}, {""usdt"": 13581327.0, ""borsa"": 3, ""fiyat"": 64700.0, ""kaynak"": ""BNB+BYB+OKX""}, {""usdt"": 12449941.0, ""borsa"": 1, ""fiyat"": 64775.0, ""kaynak"": ""BNB""}]",YOK,-0.1733,-0.0692,0.8635,0.9814,false,0,false,,0,2,3,0,0,3,56.3,57.4,IZLE,,25,64689.7,,,,,SEVIYE,65,464.9,47,,,,,,,1785190860,2,0,,25,1386.1,24,,,
28876,2026-07-27 22:23:36.83201+00,64666.05,-784217.3099374982,76416.54600000002,11764684504.9016,0.000070782,45576527.10549002,15341.542000000001,19.1,BEKLE,,15341.542000000001,0.0,1.5259,181.564,63619847.52766999,1148.937,19.1,0.0,"[{""usdt"": 12782511.0, ""borsa"": 3, ""fiyat"": 64675.0, ""kaynak"": ""BNB+BYB+OKX""}, {""usdt"": 10117004.0, ""borsa"": 1, ""fiyat"": 64600.0, ""kaynak"": ""BNB""}, {""usdt"": 7136531.0, ""borsa"": 1, ""fiyat"": 64625.0, ""kaynak"": ""BNB""}]","[{""usdt"": 23411072.0, ""borsa"": 3, ""fiyat"": 64725.0, ""kaynak"": ""BNB+BYB+OKX""}, {""usdt"": 13084656.0, ""borsa"": 1, ""fiyat"": 64800.0, ""kaynak"": ""BNB""}, {""usdt"": 9433905.0, ""borsa"": 3, ""fiyat"": 64700.0, ""kaynak"": ""BNB+BYB+OKX""}]",YOK,-0.1013,-0.1652,0.8621,1.917,false,0.0608,false,,0,1,3,0,2,3,53,54.1,IZLE,,25,64654.3,,,,,SEVIYE,85,465.9,47,,,,,,,1785190860,2,1,,25,1387.1,24,,,
28877,2026-07-27 22:24:37.22369+00,64647.55,-1465685.0361102987,-37377.286000000015,11759092625.985699,0.000070782,45804825.086620025,14941.542000000001,27.9,BEKLE,,14941.542000000001,0.0,1.5259,242.013,63383163.78897006,1209.386,27.9,0.0,"[{""usdt"": 12012934.0, ""borsa"": 3, ""fiyat"": 64650.0, ""kaynak"": ""BNB+BYB+OKX""}, {""usdt"": 10270269.0, ""borsa"": 1, ""fiyat"": 64575.0, ""kaynak"": ""BNB""}, {""usdt"": 8135022.0, ""borsa"": 1, ""fiyat"": 64600.0, ""kaynak"": ""BNB""}]","[{""usdt"": 20200510.0, ""borsa"": 3, ""fiyat"": 64700.0, ""kaynak"": ""BNB+BYB+OKX""}, {""usdt"": 13665404.0, ""borsa"": 1, ""fiyat"": 64725.0, ""kaynak"": ""BNB""}, {""usdt"": 10217034.0, ""borsa"": 1, ""fiyat"": 64750.0, ""kaynak"": ""BNB""}]",YOK,-0.1341,-0.161,0.7807,1.581,false,,false,2.1892,0,1,3,0,1,3,49.6,50.7,IZLE,,50,64654.3,,,,,SEVIYE+TASFIYE,85,466.9,47,,,,,,,1785190860,1,0,,25,1388.1,24,,,
28878,2026-07-27 22:25:38.924356+00,64610.149999999994,-1533271.9387327996,8860.975,11756256538.323,0.000070782,45274853.46061997,15652.6051,19.4,BEKLE,false,15652.6051,0.0,1.5259,303.583,58504205.44418,1270.956,19.4,0.0,"[{""usdt"": 12593562.0, ""borsa"": 3, ""fiyat"": 64625.0, ""kaynak"": ""BNB+BYB+OKX""}, {""usdt"": 9760157.0, ""borsa"": 1, ""fiyat"": 64550.0, ""kaynak"": ""BNB""}, {""usdt"": 8382712.0, ""borsa"": 1, ""fiyat"": 64600.0, ""kaynak"": ""BNB""}]","[{""usdt"": 14814476.0, ""borsa"": 1, ""fiyat"": 64725.0, ""kaynak"": ""BNB""}, {""usdt"": 11888554.0, ""borsa"": 3, ""fiyat"": 64650.0, ""kaynak"": ""BNB+BYB+OKX""}, {""usdt"": 10995923.0, ""borsa"": 3, ""fiyat"": 64675.0, ""kaynak"": ""BNB+BYB+OKX""}]",YOK,-0.2498,-0.1275,0.841,2.5145,false,,false,,0,2,3,0,2,3,47.3,48.4,IZLE,,50,64618.9,,,,,SEVIYE+TASFIYE,85,468.0,47,,,,,,,1785191040,1,0,,25,1389.1,24,,,
28879,2026-07-27 22:26:39.306286+00,64595.45,-2420807.4530203,-512840.626,11739458767.1719,0.000070782,47011149.37655005,619497.4466,47.4,BEKLE,false,611297.9075,8199.5391,1.5259,364.107,60830254.22600995,424.494,47.4,0.0,"[{""usdt"": 12471085.0, ""borsa"": 3, ""fiyat"": 64600.0, ""kaynak"": ""BNB+BYB+OKX""}, {""usdt"": 9604555.0, ""borsa"": 1, ""fiyat"": 64500.0, ""kaynak"": ""BNB""}, {""usdt"": 8423881.0, ""borsa"": 2, ""fiyat"": 64575.0, ""kaynak"": ""BNB+BYB""}]","[{""usdt"": 20950188.0, ""borsa"": 3, ""fiyat"": 64625.0, ""kaynak"": ""BNB+BYB+OKX""}, {""usdt"": 14647829.0, ""borsa"": 1, ""fiyat"": 64725.0, ""kaynak"": ""BNB""}, {""usdt"": 10078081.0, ""borsa"": 2, ""fiyat"": 64650.0, ""kaynak"": ""BNB+OKX""}]",YOK,-0.2231,-0.1281,0.5242,1.4894,false,,false,,0,2,3,0,2,3,44,45.1,IZLE,,50,64618.9,,,,,SEVIYE+TASFIYE,85,469.0,47,,,,,,,1785191160,3,0,,25,1390.1,24,,,
28880,2026-07-27 22:27:39.72018+00,64572.649999999994,-2325075.3501811977,-448208.369,11742270895.917,0.000070782,44306953.04892998,624494.5733,20.4,BEKLE,,616295.0342,8199.5391,1.5246,60.353,60747055.40291998,484.847,20.4,0.0,"[{""usdt"": 13359764.0, ""borsa"": 1, ""fiyat"": 64500.0, ""kaynak"": ""BNB""}, {""usdt"": 12348010.0, ""borsa"": 3, ""fiyat"": 64575.0, ""kaynak"": ""BNB+BYB+OKX""}, {""usdt"": 7118732.0, ""borsa"": 2, ""fiyat"": 64550.0, ""kaynak"": ""BNB+OKX""}]","[{""usdt"": 16403656.0, ""borsa"": 3, ""fiyat"": 64600.0, ""kaynak"": ""BNB+BYB+OKX""}, {""usdt"": 11424712.0, ""borsa"": 1, ""fiyat"": 64725.0, ""kaynak"": ""BNB""}, {""usdt"": 9954894.0, ""borsa"": 1, ""fiyat"": 64650.0, ""kaynak"": ""BNB""}]",YOK,-0.1336,-0.1565,0.541,2.6674,false,,false,,0,2,3,0,1,3,40.5,41.6,IZLE,,50,64565.8,,,,,SEVIYE+TASFIYE,90,460.0,46,,,,,,,1785191160,3,0,,25,1391.1,24,,,
28881,2026-07-27 22:28:40.03896+00,64579.45,-2451384.830282597,-459580.2480000001,11743148195.0436,0.000070782,44956555.565029964,624494.5733,33.3,BEKLE,,616295.0342,8199.5391,1.5246,120.808,56090299.61292007,60.455,33.3,0.0,"[{""usdt"": 13993691.0, ""borsa"": 3, ""fiyat"": 64550.0, ""kaynak"": ""BNB+BYB+OKX""}, {""usdt"": 10723955.0, ""borsa"": 1, ""fiyat"": 64475.0, ""kaynak"": ""BNB""}, {""usdt"": 10578477.0, ""borsa"": 1, ""fiyat"": 64500.0, ""kaynak"": ""BNB""}]","[{""usdt"": 16803523.0, ""borsa"": 3, ""fiyat"": 64600.0, ""kaynak"": ""BNB+BYB+OKX""}, {""usdt"": 13870922.0, ""borsa"": 3, ""fiyat"": 64575.0, ""kaynak"": ""BNB+BYB+OKX""}, {""usdt"": 8677825.0, ""borsa"": 1, ""fiyat"": 64675.0, ""kaynak"": ""BNB""}]",YOK,-0.2011,-0.1102,0.5545,1.8228,false,,false,,0,2,3,0,2,3,37.1,38.2,IZLE,,50,64569.7,,,,,SEVIYE+TASFIYE,90,461.0,47,,,,,,,1785191160,3,1,,22,1422.2,20,,,
28882,2026-07-27 22:29:40.398122+00,64570.45,-2243107.5044465964,-267615.7200000001,11745404162.2512,0.000070782,44412991.29266993,623783.5102,24.5,BEKLE,false,615583.9711,8199.5391,1.5246,181.032,57712690.544020064,120.679,24.5,0.0,"[{""usdt"": 10971913.0, ""borsa"": 3, ""fiyat"": 64550.0, ""kaynak"": ""BNB+BYB+OKX""}, {""usdt"": 9596214.0, ""borsa"": 1, ""fiyat"": 64500.0, ""kaynak"": ""BNB""}, {""usdt"": 9158359.0, ""borsa"": 1, ""fiyat"": 64475.0, ""kaynak"": ""BNB""}]","[{""usdt"": 24498067.0, ""borsa"": 3, ""fiyat"": 64600.0, ""kaynak"": ""BNB+BYB+OKX""}, {""usdt"": 9176932.0, ""borsa"": 1, ""fiyat"": 64650.0, ""kaynak"": ""BNB""}, {""usdt"": 8015626.0, ""borsa"": 1, ""fiyat"": 64675.0, ""kaynak"": ""BNB""}]",YOK,-0.1305,-0.1302,0.5747,3.6078,false,,false,,0,1,3,0,2,3,33.5,34.6,IZLE,,50,64569.7,,,,,SEVIYE+TASFIYE,90,462.0,47,,,,,,,1785191160,3,0,,22,1423.2,20,,,
28883,2026-07-27 22:30:40.74691+00,64544.149999999994,-2180876.422426498,-175655.515,11735690401.8508,0.000070782,46476562.98810002,602177.0158999999,25.9,BEKLE,,602177.0158999999,0.0,1.5246,241.493,55785084.94510003,181.14,25.9,0.0,"[{""usdt"": 15037300.0, ""borsa"": 3, ""fiyat"": 64525.0, ""kaynak"": ""BNB+BYB+OKX""}, {""usdt"": 11023358.0, ""borsa"": 1, ""fiyat"": 64500.0, ""kaynak"": ""BNB""}, {""usdt"": 8746390.0, ""borsa"": 1, ""fiyat"": 64475.0, ""kaynak"": ""BNB""}]","[{""usdt"": 14337512.0, ""borsa"": 3, ""fiyat"": 64575.0, ""kaynak"": ""BNB+BYB+OKX""}, {""usdt"": 11022120.0, ""borsa"": 3, ""fiyat"": 64550.0, ""kaynak"": ""BNB+BYB+OKX""}, {""usdt"": 8697236.0, ""borsa"": 1, ""fiyat"": 64625.0, ""kaynak"": ""BNB""}]",YOK,-0.2274,-0.091,0.5841,3.7705,false,,true,0,0,2,3,0,1,3,30.1,31.2,IZLE,,50,64569.7,,,,,SEVIYE+TASFIYE,90,463.0,47,PCT,1.46,9.488251826905584,131.65904902306406,true,0.036,1785191400,3,0,,22,1424.2,20,,,
28884,2026-07-27 22:31:41.689414+00,64547.850000000006,-2094524.4490574982,-185058.08800000002,11736448195.559399,0.000070782,46587573.202399984,108382.7842,30.9,BEKLE,true,108382.7842,0.0,1.5246,302.309,56626632.54049003,60.816,0.0,30.9,"[{""usdt"": 15480031.0, ""borsa"": 3, ""fiyat"": 64525.0, ""kaynak"": ""BNB+BYB+OKX""}, {""usdt"": 12552666.0, ""borsa"": 1, ""fiyat"": 64450.0, ""kaynak"": ""BNB""}, {""usdt"": 9589633.0, ""borsa"": 1, ""fiyat"": 64500.0, ""kaynak"": ""BNB""}]","[{""usdt"": 15235312.0, ""borsa"": 3, ""fiyat"": 64550.0, ""kaynak"": ""BNB+BYB+OKX""}, {""usdt"": 12343345.0, ""borsa"": 3, ""fiyat"": 64575.0, ""kaynak"": ""BNB+BYB+OKX""}, {""usdt"": 9056396.0, ""borsa"": 1, ""fiyat"": 64650.0, ""kaynak"": ""BNB""}]",YOK,-0.1896,-0.0973,0.2849,2.6329,false,,true,0,0,2,3,0,1,3,27.2,28.2,IZLE,,25,64569.7,,,,,SEVIYE,90,464.0,47,,,,,,,1785191400,2,0,,22,1425.2,20,,,
28885,2026-07-27 22:32:42.344177+00,64556.850000000006,-1636881.713838198,826210.258,11739276036.145802,0.000070782,51512016.36319998,112383.01419999999,64.6,BEKLE,true,112383.01419999999,0.0,1.5233,362.711,59302400.840660006,121.218,0.0,64.6,"[{""usdt"": 15290861.0, ""borsa"": 3, ""fiyat"": 64525.0, ""kaynak"": ""BNB+BYB+OKX""}, {""usdt"": 10496914.0, ""borsa"": 1, ""fiyat"": 64450.0, ""kaynak"": ""BNB""}, {""usdt"": 9193116.0, ""borsa"": 3, ""fiyat"": 64550.0, ""kaynak"": ""BNB+BYB+OKX""}]","[{""usdt"": 22267271.0, ""borsa"": 3, ""fiyat"": 64575.0, ""kaynak"": ""BNB+BYB+OKX""}, {""usdt"": 9518740.0, ""borsa"": 1, ""fiyat"": 64625.0, ""kaynak"": ""BNB""}, {""usdt"": 9007980.0, ""borsa"": 1, ""fiyat"": 64650.0, ""kaynak"": ""BNB""}]",YOK,-0.1763,-0.0703,0.1777,0.2586,false,,false,0.765,0,2,3,0,0,3,23.7,24.8,IZLE,,25,64569.7,,,,,SEVIYE,90,465.0,47,,,,,,,1785191460,2,0,,22,1426.2,20,,,
28886,2026-07-27 22:33:42.760903+00,64567.05,-1210450.6225566973,977298.1340000001,11740846499.5315,0.000070782,48826108.03087992,112383.01419999999,77.5,BEKLE,true,112383.01419999999,0.0,1.5233,423.385,59016272.80489995,181.892,0.0,77.5,"[{""usdt"": 14604670.0, ""borsa"": 3, ""fiyat"": 64550.0, ""kaynak"": ""BNB+BYB+OKX""}, {""usdt"": 11892790.0, ""borsa"": 1, ""fiyat"": 64475.0, ""kaynak"": ""BNB""}, {""usdt"": 8163399.0, ""borsa"": 1, ""fiyat"": 64500.0, ""kaynak"": ""BNB""}]","[{""usdt"": 21773440.0, ""borsa"": 3, ""fiyat"": 64575.0, ""kaynak"": ""BNB+BYB+OKX""}, {""usdt"": 11713117.0, ""borsa"": 1, ""fiyat"": 64650.0, ""kaynak"": ""BNB""}, {""usdt"": 10309473.0, ""borsa"": 2, ""fiyat"": 64600.0, ""kaynak"": ""BNB+OKX""}]",YOK,-0.1627,-0.0945,0.2569,0.1626,false,1.3216,false,,0,2,3,0,1,3,20.5,21.6,IZLE,,25,64569.7,,,,,SEVIYE,90,466.0,47,,,,,,,1785191460,2,1,,22,1427.2,20,,,
28887,2026-07-27 22:34:43.169913+00,64490.05,-1453198.9591665976,957628.86,11734799319.4104,0.000070782,48333776.20219002,79772.8412,74.3,BEKLE,true,79772.8412,0.0,1.5233,483.83,56386898.274860024,242.337,0.0,74.3,"[{""usdt"": 14452226.0, ""borsa"": 3, ""fiyat"": 64500.0, ""kaynak"": ""BNB+BYB+OKX""}, {""usdt"": 10900065.0, ""borsa"": 1, ""fiyat"": 64450.0, ""kaynak"": ""BNB""}, {""usdt"": 8320753.0, ""borsa"": 1, ""fiyat"": 64425.0, ""kaynak"": ""BNB""}]","[{""usdt"": 14736640.0, ""borsa"": 3, ""fiyat"": 64550.0, ""kaynak"": ""BNB+BYB+OKX""}, {""usdt"": 11718411.0, ""borsa"": 3, ""fiyat"": 64525.0, ""kaynak"": ""BNB+BYB+OKX""}, {""usdt"": 9845719.0, ""borsa"": 1, ""fiyat"": 64575.0, ""kaynak"": ""BNB""}]",YOK,-0.2596,-0.0769,0.2051,1.323,false,0.4614,false,,0,2,3,0,2,3,17.1,18.1,IZLE,,50,64516.2,,,,,SEVIYE+TASFIYE,65,467.0,47,,,,,,,1785191460,2,0,,22,1428.2,20,,,
28888,2026-07-27 22:35:45.274337+00,64519.95,-812091.040783297,712560.308,11732775327.3029,0.000070782,47637015.62855002,186679.8348,49.6,BEKLE,true,186679.8348,0.0,1.5297,61.828,59467196.62305006,0,0.0,49.6,"[{""usdt"": 11661986.0, ""borsa"": 3, ""fiyat"": 64475.0, ""kaynak"": ""BNB+BYB+OKX""}, {""usdt"": 11313102.0, ""borsa"": 3, ""fiyat"": 64500.0, ""kaynak"": ""BNB+BYB+OKX""}, {""usdt"": 11302428.0, ""borsa"": 1, ""fiyat"": 64400.0, ""kaynak"": ""BNB""}]","[{""usdt"": 22104763.0, ""borsa"": 3, ""fiyat"": 64525.0, ""kaynak"": ""BNB+BYB+OKX""}, {""usdt"": 9915593.0, ""borsa"": 1, ""fiyat"": 64575.0, ""kaynak"": ""BNB""}, {""usdt"": 9391406.0, ""borsa"": 1, ""fiyat"": 64550.0, ""kaynak"": ""BNB""}]",YOK,-0.2611,-0.1105,0.3815,0.4276,false,0.0405,false,,0,3,3,0,2,3,15,16.1,IZLE,,25,64516.2,,,,,SEVIYE,65,468.1,47,,,,,,,1785191640,2,0,,22,1429.2,20,,,
28889,2026-07-27 22:36:45.619866+00,64542.05,-621041.6917473966,703010.275,11740611700.874,0.000070782,41866397.83267,182679.6048,48.2,BEKLE,true,182679.6048,0.0,1.5297,0,60737841.810690045,60.656,0.0,48.2,"[{""usdt"": 10654541.0, ""borsa"": 3, ""fiyat"": 64525.0, ""kaynak"": ""BNB+BYB+OKX""}, {""usdt"": 10407086.0, ""borsa"": 1, ""fiyat"": 64450.0, ""kaynak"": ""BNB""}, {""usdt"": 10161029.0, ""borsa"": 3, ""fiyat"": 64500.0, ""kaynak"": ""BNB+BYB+OKX""}]","[{""usdt"": 23693533.0, ""borsa"": 3, ""fiyat"": 64550.0, ""kaynak"": ""BNB+BYB+OKX""}, {""usdt"": 10499385.0, ""borsa"": 1, ""fiyat"": 64575.0, ""kaynak"": ""BNB""}, {""usdt"": 10128277.0, ""borsa"": 1, ""fiyat"": 64600.0, ""kaynak"": ""BNB""}]",YOK,-0.1718,-0.1839,0.399,0.0996,false,0,false,,0,3,3,0,3,3,11.8,12.9,IZLE,,25,64516.2,,,,,SEVIYE,65,469.1,47,,,,,,,1785191640,2,0,,22,1430.2,20,,,
28890,2026-07-27 22:37:45.996117+00,64495.05,-1050080.1152227963,523813.37799999997,11730849411.9981,0.000070782,49566408.002779946,187257.22380000004,19.7,BEKLE,false,187257.22380000004,0.0,1.5297,0,53711032.53801998,120.974,19.7,0.0,"[{""usdt"": 15361033.0, ""borsa"": 3, ""fiyat"": 64475.0, ""kaynak"": ""BNB+BYB+OKX""}, {""usdt"": 12044183.0, ""borsa"": 1, ""fiyat"": 64400.0, ""kaynak"": ""BNB""}, {""usdt"": 8095087.0, ""borsa"": 2, ""fiyat"": 64450.0, ""kaynak"": ""BNB+BYB""}]","[{""usdt"": 15683681.0, ""borsa"": 3, ""fiyat"": 64500.0, ""kaynak"": ""BNB+BYB+OKX""}, {""usdt"": 9130147.0, ""borsa"": 3, ""fiyat"": 64525.0, ""kaynak"": ""BNB+BYB+OKX""}, {""usdt"": 8504892.0, ""borsa"": 1, ""fiyat"": 64550.0, ""kaynak"": ""BNB""}]",YOK,-0.1023,-0.0401,0.4371,2.9182,false,0.0669,false,,1,2,3,0,1,3,8.3,9.4,IZLE,,50,64516.2,,,,,SEVIYE+TASFIYE,65,470.1,47,,,,,,,1785191820,2,0,,22,1431.3,20,,,
28891,2026-07-27 22:38:46.262788+00,64502.649999999994,-842558.7669254957,600820.215,11734206305.2572,0.000070782,48167765.470369995,187258.4785,19.5,BEKLE,false,187258.4785,0.0,1.5297,60.393,63586424.128160045,181.367,19.5,0.0,"[{""usdt"": 12381838.0, ""borsa"": 3, ""fiyat"": 64500.0, ""kaynak"": ""BNB+BYB+OKX""}, {""usdt"": 11458335.0, ""borsa"": 3, ""fiyat"": 64475.0, ""kaynak"": ""BNB+BYB+OKX""}, {""usdt"": 9070597.0, ""borsa"": 1, ""fiyat"": 64425.0, ""kaynak"": ""BNB""}]","[{""usdt"": 23486568.0, ""borsa"": 3, ""fiyat"": 64525.0, ""kaynak"": ""BNB+BYB+OKX""}, {""usdt"": 10197337.0, ""borsa"": 1, ""fiyat"": 64600.0, ""kaynak"": ""BNB""}, {""usdt"": 8861145.0, ""borsa"": 1, ""fiyat"": 64575.0, ""kaynak"": ""BNB""}]",YOK,-0.1669,-0.138,0.2767,3.1096,false,0,false,,0,2,3,0,2,3,4.9,6,IZLE,,50,64513.8,,,,,SEVIYE+TASFIYE,65,471.1,48,,,,,,,1785191820,2,0,,21,1402.2,19,,,
28892,2026-07-27 22:39:46.628807+00,64502.850000000006,-957518.8327573959,617853.29,11731859201.8567,0.000070782,53495450.18347001,4578.8737,28.4,BEKLE,false,4578.8737,0.0,1.5297,120.609,54708725.564260006,241.583,28.4,0.0,"[{""usdt"": 15231057.0, ""borsa"": 1, ""fiyat"": 64400.0, ""kaynak"": ""BNB""}, {""usdt"": 13330376.0, ""borsa"": 3, ""fiyat"": 64475.0, ""kaynak"": ""BNB+BYB+OKX""}, {""usdt"": 10034365.0, ""borsa"": 3, ""fiyat"": 64500.0, ""kaynak"": ""BNB+BYB+OKX""}]","[{""usdt"": 19029297.0, ""borsa"": 3, ""fiyat"": 64525.0, ""kaynak"": ""BNB+BYB+OKX""}, {""usdt"": 9833957.0, ""borsa"": 1, ""fiyat"": 64575.0, ""kaynak"": ""BNB""}, {""usdt"": 8271775.0, ""borsa"": 1, ""fiyat"": 64600.0, ""kaynak"": ""BNB""}]",YOK,-0.1952,-0.0112,0.3636,0.6033,false,0,false,,0,2,3,0,2,3,1.3,63.6,IZLE,,25,64513.8,,,,,SEVIYE,65,472.1,48,,,,,,,1785191820,2,0,,21,1403.2,19,,,
28893,2026-07-27 22:40:46.916291+00,64189.05,-900396.827146498,708365.386,11727622024.0845,0.000070782,54462389.52679002,390156.70460000006,0.0,BEKLE,,390156.70460000006,0.0,1.5297,180.993,46973371.18205,301.967,0.0,0.0,"[{""usdt"": 15231057.0, ""borsa"": 1, ""fiyat"": 64400.0, ""kaynak"": ""BNB""}, {""usdt"": 13983298.0, ""borsa"": 3, ""fiyat"": 64475.0, ""kaynak"": ""BNB+BYB+OKX""}, {""usdt"": 10348382.0, ""borsa"": 3, ""fiyat"": 64500.0, ""kaynak"": ""BNB+BYB+OKX""}]","[{""usdt"": 12393514.0, ""borsa"": 3, ""fiyat"": 64525.0, ""kaynak"": ""BNB+BYB+OKX""}, {""usdt"": 9833957.0, ""borsa"": 1, ""fiyat"": 64575.0, ""kaynak"": ""BNB""}, {""usdt"": 8271775.0, ""borsa"": 1, ""fiyat"": 64600.0, ""kaynak"": ""BNB""}]",YOK,-0.1952,0.0738,,,false,0,false,,0,2,3,0,0,3,61.7,62.8,YOK,,0,64000,,,,,SEVIYE,55,483.1,49,,,,,,,1785192000,2,0,,21,1404.2,19,,,
28894,2026-07-27 22:41:47.518871+00,64215.649999999994,-8228304.094141299,-9897554.388,11625620698.5238,0.000070782,100946250.67205998,11257316.169999998,0.0,BEKLE,,11084943.734499998,172372.43550000002,1.5297,0,59361846.861770004,0,0.0,0.0,"[{""usdt"": 37844547.0, ""borsa"": 1, ""fiyat"": 64000.0, ""kaynak"": ""BNB""}, {""usdt"": 21899578.0, ""borsa"": 2, ""fiyat"": 64150.0, ""kaynak"": ""BNB+OKX""}, {""usdt"": 10432842.0, ""borsa"": 3, ""fiyat"": 64100.0, ""kaynak"": ""BNB+BYB+OKX""}]","[{""usdt"": 13071289.0, ""borsa"": 2, ""fiyat"": 64175.0, ""kaynak"": ""BNB+OKX""}, {""usdt"": 9686332.0, ""borsa"": 1, ""fiyat"": 64300.0, ""kaynak"": ""BNB""}, {""usdt"": 8003174.0, ""borsa"": 1, ""fiyat"": 64250.0, ""kaynak"": ""BNB""}]",PERP,0.1304,0.2594,0.2194,0.6044,false,7.4619,false,,1,1,3,2,1,3,58.3,59.4,YOK,,0,64000,,,,,SEVIYE+TASFIYE,55,484.1,49,,,,,,,1785192060,4,0,,21,1405.2,19,,,
28895,2026-07-27 22:42:48.008838+00,64188.95,-8947252.762394495,-10533707.077,11606340420.563702,0.000070782,40036284.17004,11319797.400600003,0.0,BEKLE,,11147360.783400003,172436.6172,1.5413,0,55554505.86021001,60.363,0.0,0.0,"[{""usdt"": 10221902.0, ""borsa"": 3, ""fiyat"": 64200.0, ""kaynak"": ""BNB+BYB+OKX""}, {""usdt"": 7685409.0, ""borsa"": 1, ""fiyat"": 64150.0, ""kaynak"": ""BNB""}, {""usdt"": 7624285.0, ""borsa"": 1, ""fiyat"": 64100.0, ""kaynak"": ""BNB""}]","[{""usdt"": 17103632.0, ""borsa"": 3, ""fiyat"": 64250.0, ""kaynak"": ""BNB+BYB+OKX""}, {""usdt"": 10568762.0, ""borsa"": 3, ""fiyat"": 64225.0, ""kaynak"": ""BNB+BYB+OKX""}, {""usdt"": 10053294.0, ""borsa"": 1, ""fiyat"": 64325.0, ""kaynak"": ""BNB""}]",YOK,0.1424,-0.1623,0.2185,0.5443,false,10.8307,false,,1,1,3,0,2,3,54.7,55.8,YOK,,0,64000,,,,,SEVIYE+TASFIYE,55,485.1,49,,,,,,,1785192120,4,0,,21,1406.3,19,,,
28896,2026-07-27 22:43:48.676339+00,64204.25,-8907939.505232481,-10465334.877999999,11612435599.880901,0.000070782,42906367.77911997,11323521.0057,0.0,BEKLE,,11151084.4234,172436.5823,1.5413,0,55544775.277079985,121.044,0.0,0.0,"[{""usdt"": 11815424.0, ""borsa"": 1, ""fiyat"": 64050.0, ""kaynak"": ""BNB""}, {""usdt"": 8487979.0, ""borsa"": 3, ""fiyat"": 64125.0, ""kaynak"": ""BNB+BYB+OKX""}, {""usdt"": 8045656.0, ""borsa"": 1, ""fiyat"": 64075.0, ""kaynak"": ""BNB""}]","[{""usdt"": 20640308.0, ""borsa"": 3, ""fiyat"": 64175.0, ""kaynak"": ""BNB+BYB+OKX""}, {""usdt"": 8640305.0, ""borsa"": 1, ""fiyat"": 64225.0, ""kaynak"": ""BNB""}, {""usdt"": 7923408.0, ""borsa"": 1, ""fiyat"": 64250.0, ""kaynak"": ""BNB""}]",YOK,0.1038,-0.1284,0.222,0.5278,false,9.4406,false,,2,1,3,0,1,3,51.5,52.6,YOK,,0,64000,,,,,SEVIYE+TASFIYE,55,486.1,49,,,,,,,1785192180,4,0,,21,1407.3,19,,,
28897,2026-07-27 22:44:49.13468+00,64162.350000000006,-10856208.623431383,-10393044.131,11604467232.892399,0.000070782,43333391.88924999,13236307.457000002,0.0,BEKLE,,13063870.874700002,172436.5823,1.5413,0,49314170.64995998,181.661,0.0,0.0,"[{""usdt"": 10890293.0, ""borsa"": 3, ""fiyat"": 64200.0, ""kaynak"": ""BNB+BYB+OKX""}, {""usdt"": 8809368.0, ""borsa"": 1, ""fiyat"": 64100.0, ""kaynak"": ""BNB""}, {""usdt"": 8057798.0, ""borsa"": 3, ""fiyat"": 64175.0, ""kaynak"": ""BNB+BYB+OKX""}]","[{""usdt"": 13509081.0, ""borsa"": 3, ""fiyat"": 64225.0, ""kaynak"": ""BNB+BYB+OKX""}, {""usdt"": 9852943.0, ""borsa"": 1, ""fiyat"": 64300.0, ""kaynak"": ""BNB""}, {""usdt"": 8577001.0, ""borsa"": 2, ""fiyat"": 64250.0, ""kaynak"": ""BNB+BYB""}]",SPOT,0.1693,-0.0646,0.2604,0.5755,false,10.1171,false,,1,0,3,0,0,3,48.3,49.4,YOK,,0,64000,,,,,SEVIYE+TASFIYE,55,487.1,49,,,,,,,1785192240,4,0,,21,1408.3,19,,,
28898,2026-07-27 22:45:50.302738+00,64134.55,-11846916.709469695,-11650885.269000001,11603098640.3372,0.000070782,40656512.45588998,1990192.8665000002,55.7,BEKLE,false,1990128.7197000002,64.1468,1.5413,61.138,58708718.57601998,242.799,55.7,0.0,"[{""usdt"": 9386445.0, ""borsa"": 3, ""fiyat"": 64150.0, ""kaynak"": ""BNB+BYB+OKX""}, {""usdt"": 8145141.0, ""borsa"": 1, ""fiyat"": 64075.0, ""kaynak"": ""BNB""}, {""usdt"": 7010496.0, ""borsa"": 1, ""fiyat"": 64050.0, ""kaynak"": ""BNB""}]","[{""usdt"": 23004458.0, ""borsa"": 3, ""fiyat"": 64200.0, ""kaynak"": ""BNB+BYB+OKX""}, {""usdt"": 10879323.0, ""borsa"": 1, ""fiyat"": 64250.0, ""kaynak"": ""BNB""}, {""usdt"": 6992279.0, ""borsa"": 3, ""fiyat"": 64175.0, ""kaynak"": ""BNB+BYB+OKX""}]",SPOT,0.1788,-0.1817,0.2575,0.0828,false,11.6319,false,,2,1,3,0,1,3,45.4,46.7,YOK,,0,64000,,,,,SEVIYE+TASFIYE,55,488.2,49,PCT,0.56,50.13160449748971,2537.121819834255,true,0.045,1785192300,3,0,,21,1409.3,19,,,
28899,2026-07-27 22:46:51.185085+00,64097.350000000006,-23962123.764184803,-12266280.371,11575919869.1261,0.000070782,85285124.27731992,6462182.7251,41.9,BEKLE,false,6462118.5783,64.1468,1.5413,0,48165126.70859006,0,41.9,0.0,"[{""usdt"": 51678788.0, ""borsa"": 1, ""fiyat"": 64000.0, ""kaynak"": ""BNB""}, {""usdt"": 10152546.0, ""borsa"": 3, ""fiyat"": 64075.0, ""kaynak"": ""BNB+BYB+OKX""}, {""usdt"": 8442984.0, ""borsa"": 1, ""fiyat"": 64025.0, ""kaynak"": ""BNB""}]","[{""usdt"": 12664060.0, ""borsa"": 3, ""fiyat"": 64125.0, ""kaynak"": ""BNB+BYB+OKX""}, {""usdt"": 9806383.0, ""borsa"": 3, ""fiyat"": 64100.0, ""kaynak"": ""BNB+BYB+OKX""}, {""usdt"": 8312334.0, ""borsa"": 1, ""fiyat"": 64200.0, ""kaynak"": ""BNB""}]",HER_IKISI,0.1542,0.2782,0.7223,0.3505,false,,true,0,1,1,3,1,1,3,42.5,43.6,YOK,,0,64000,,,,,SEVIYE+TASFIYE,55,489.2,49,,,,,,,1785192360,4,0,,21,1410.3,19,,,
28900,2026-07-27 22:47:51.775583+00,64077.649999999994,-23962123.764184803,-12266280.371,11575919869.1261,0.000070782,90429625.31807998,6462182.7251,47.5,BEKLE,false,6462118.5783,64.1468,1.5747,60.367,52110578.833550006,60.367,47.5,0.0,"[{""usdt"": 55113827.0, ""borsa"": 1, ""fiyat"": 64000.0, ""kaynak"": ""BNB""}, {""usdt"": 14981255.0, ""borsa"": 3, ""fiyat"": 64050.0, ""kaynak"": ""BNB+BYB+OKX""}, {""usdt"": 7628968.0, ""borsa"": 1, ""fiyat"": 64025.0, ""kaynak"": ""BNB""}]","[{""usdt"": 9772776.0, ""borsa"": 3, ""fiyat"": 64100.0, ""kaynak"": ""BNB+BYB+OKX""}, {""usdt"": 9430319.0, ""borsa"": 1, ""fiyat"": 64200.0, ""kaynak"": ""BNB""}, {""usdt"": 8211340.0, ""borsa"": 1, ""fiyat"": 64150.0, ""kaynak"": ""BNB""}]",PERP,-0.0479,0.2688,0.7724,0.3697,false,,true,0,0,1,3,1,1,3,39.1,40.1,YOK,,0,64000,,,,,SEVIYE+TASFIYE,55,490.2,49,,,,,,,1785192360,4,0,,21,1411.3,19,,,
28901,2026-07-27 22:48:52.123682+00,64100.05,-24082611.729446586,-13448316.846000003,11577751134.2016,0.000070782,87424809.96604992,6396149.2606,64.8,BEKLE,false,6396149.2606,0.0,1.5747,120.949,54486992.04034999,60.582,64.8,0.0,"[{""usdt"": 53050853.0, ""borsa"": 1, ""fiyat"": 64000.0, ""kaynak"": ""BNB""}, {""usdt"": 10458125.0, ""borsa"": 3, ""fiyat"": 64100.0, ""kaynak"": ""BNB+BYB+OKX""}, {""usdt"": 8588657.0, ""borsa"": 3, ""fiyat"": 64075.0, ""kaynak"": ""BNB+BYB+OKX""}]","[{""usdt"": 18323648.0, ""borsa"": 3, ""fiyat"": 64125.0, ""kaynak"": ""BNB+BYB+OKX""}, {""usdt"": 9314381.0, ""borsa"": 2, ""fiyat"": 64150.0, ""kaynak"": ""BNB+BYB""}, {""usdt"": 8529151.0, ""borsa"": 1, ""fiyat"": 64175.0, ""kaynak"": ""BNB""}]",PERP,-0.0872,0.2321,0.6676,0.2911,false,,true,0,0,1,3,1,1,3,35.8,36.9,IZLE,,50,64077.6,,,,,SEVIYE+TASFIYE,85,0.6,1,,,,,,,1785192360,4,0,,25,1262.2,23,,,
28902,2026-07-27 22:49:52.473632+00,64092.55,-25323683.26457989,-13612065.701,11580573611.6786,0.000070782,41641842.06634998,6659529.6077,47.8,BEKLE,false,6659529.6077,0.0,1.5747,0,57895872.69140002,0,47.8,0.0,"[{""usdt"": 11599841.0, ""borsa"": 3, ""fiyat"": 64125.0, ""kaynak"": ""BNB+BYB+OKX""}, {""usdt"": 9658663.0, ""borsa"": 1, ""fiyat"": 64050.0, ""kaynak"": ""BNB""}, {""usdt"": 6513133.0, ""borsa"": 1, ""fiyat"": 64075.0, ""kaynak"": ""BNB""}]","[{""usdt"": 18259606.0, ""borsa"": 3, ""fiyat"": 64175.0, ""kaynak"": ""BNB+BYB+OKX""}, {""usdt"": 9427870.0, ""borsa"": 1, ""fiyat"": 64250.0, ""kaynak"": ""BNB""}, {""usdt"": 9379455.0, ""borsa"": 1, ""fiyat"": 64225.0, ""kaynak"": ""BNB""}]",YOK,0.0636,-0.1633,0.6395,0.196,false,,true,0,1,0,3,0,1,3,32.3,33.4,IZLE,,50,64077.6,,,,,SEVIYE+TASFIYE,85,1.6,1,,,,,,,1785192480,4,0,,25,1263.2,23,,,
28903,2026-07-27 22:50:52.790378+00,64031.850000000006,-25386709.55452839,-13290651.643,11582215009.9466,0.000070782,51503107.83568004,4743944.9129,43.4,BEKLE,false,4743944.9129,0.0,1.5806,0,56631590.421740055,0,43.4,0.0,"[{""usdt"": 16419839.0, ""borsa"": 1, ""fiyat"": 63900.0, ""kaynak"": ""BNB""}, {""usdt"": 11941804.0, ""borsa"": 3, ""fiyat"": 63975.0, ""kaynak"": ""BNB+BYB+OKX""}, {""usdt"": 10133947.0, ""borsa"": 1, ""fiyat"": 63925.0, ""kaynak"": ""BNB""}]","[{""usdt"": 16728520.0, ""borsa"": 3, ""fiyat"": 64025.0, ""kaynak"": ""BNB+BYB+OKX""}, {""usdt"": 9692282.0, ""borsa"": 1, ""fiyat"": 64100.0, ""kaynak"": ""BNB""}, {""usdt"": 9339685.0, ""borsa"": 1, ""fiyat"": 64075.0, ""kaynak"": ""BNB""}]",YOK,-0.1703,-0.0474,0.7652,0.369,false,,true,0,0,2,3,0,2,3,28.3,29.4,HAZIRLAN,SHORT,75,64000,64000,63000,64084.8,19.47,SEVIYE+TASFIYE+EMILIM,55,493.2,50,,,,,,,1785192480,4,0,0.6,25,1264.2,23,,,
28904,2026-07-27 22:51:53.18069+00,64022.149999999994,-25804557.707996283,-14770032.443,11590325856.6315,0.000070782,50955476.59489003,5926854.218900001,57.4,BEKLE,,5924933.252900001,1920.966,1.5806,60.294,55383645.02852,60.294,57.4,0.0,"[{""usdt"": 17433924.0, ""borsa"": 1, ""fiyat"": 63900.0, ""kaynak"": ""BNB""}, {""usdt"": 11610796.0, ""borsa"": 3, ""fiyat"": 63925.0, ""kaynak"": ""BNB+BYB+OKX""}, {""usdt"": 9321036.0, ""borsa"": 1, ""fiyat"": 63875.0, ""kaynak"": ""BNB""}]","[{""usdt"": 12392351.0, ""borsa"": 1, ""fiyat"": 64000.0, ""kaynak"": ""BNB""}, {""usdt"": 10002759.0, ""borsa"": 3, ""fiyat"": 63975.0, ""kaynak"": ""BNB+BYB+OKX""}, {""usdt"": 9974886.0, ""borsa"": 1, ""fiyat"": 64050.0, ""kaynak"": ""BNB""}]",YOK,-0.3159,-0.0416,0.2251,0.5843,false,,true,0,0,3,3,0,2,3,24.8,25.8,HAZIRLAN,SHORT,50,64000,64000,63000,64084.8,16.31,SEVIYE+EMILIM,55,494.2,50,,,,,,,1785192600,4,0,0.35,25,1265.2,23,,,
28905,2026-07-27 22:52:53.432261+00,63989.75,-27975756.582052384,-15007836.978,11590922355.349,0.000070782,59270046.690499984,1954508.4670000002,64.2,BEKLE,false,1952587.4620000003,1921.0049999999999,1.5806,120.645,58072562.96601001,120.645,64.2,0.0,"[{""usdt"": 16659682.0, ""borsa"": 1, ""fiyat"": 63900.0, ""kaynak"": ""BNB""}, {""usdt"": 12290965.0, ""borsa"": 3, ""fiyat"": 63950.0, ""kaynak"": ""BNB+BYB+OKX""}, {""usdt"": 11318563.0, ""borsa"": 1, ""fiyat"": 63875.0, ""kaynak"": ""BNB""}]","[{""usdt"": 19086334.0, ""borsa"": 3, ""fiyat"": 64000.0, ""kaynak"": ""BNB+BYB+OKX""}, {""usdt"": 13604264.0, ""borsa"": 3, ""fiyat"": 63975.0, ""kaynak"": ""BNB+BYB+OKX""}, {""usdt"": 9685390.0, ""borsa"": 1, ""fiyat"": 64050.0, ""kaynak"": ""BNB""}]",YOK,-0.3383,0.0102,0.3662,0.5103,false,,true,0,0,3,3,0,2,3,21.3,22.4,HAZIRLAN,SHORT,50,64000,63000,63000,64084.8,10.41,SEVIYE+EMILIM,55,495.2,50,,,,,,,1785192660,4,0,10.41,25,1266.2,23,,,
28906,2026-07-27 22:53:53.932175+00,63959.95,-28475823.50345208,-16339959.422999997,11586162460.7252,0.000070782,52334678.84346997,1963279.0365000002,0.0,BEKLE,,1961358.0315000003,1921.0049999999999,1.5806,180.92,55789887.06005,180.92,0.0,0.0,"[{""usdt"": 14106577.0, ""borsa"": 1, ""fiyat"": 63900.0, ""kaynak"": ""BNB""}, {""usdt"": 11535490.0, ""borsa"": 1, ""fiyat"": 63875.0, ""kaynak"": ""BNB""}, {""usdt"": 11277714.0, ""borsa"": 3, ""fiyat"": 63950.0, ""kaynak"": ""BNB+BYB+OKX""}]","[{""usdt"": 15963633.0, ""borsa"": 3, ""fiyat"": 64000.0, ""kaynak"": ""BNB+BYB+OKX""}, {""usdt"": 10739524.0, ""borsa"": 3, ""fiyat"": 63975.0, ""kaynak"": ""BNB+BYB+OKX""}, {""usdt"": 9942863.0, ""borsa"": 1, ""fiyat"": 64025.0, ""kaynak"": ""BNB""}]",YOK,-0.3112,-0.032,0.3749,0.7604,false,,true,0,0,3,3,0,1,3,17.7,18.8,HAZIRLAN,SHORT,50,64000,63000,63000,64084.8,7.69,SEVIYE+EMILIM,55,496.2,50,,,,,,,1785192720,4,0,7.69,25,1267.2,23,,,
28907,2026-07-27 22:54:54.315369+00,63967.649999999994,-28558975.99465399,-16946139.764000002,11581546308.8804,0.000070782,62785853.35840998,1850226.2521000002,42.3,BEKLE,false,1848305.2471000003,1921.0049999999999,1.5806,241.474,62765530.85212999,241.474,42.3,0.0,"[{""usdt"": 18382084.0, ""borsa"": 3, ""fiyat"": 63950.0, ""kaynak"": ""BNB+BYB+OKX""}, {""usdt"": 15401945.0, ""borsa"": 1, ""fiyat"": 63900.0, ""kaynak"": ""BNB""}, {""usdt"": 10951758.0, ""borsa"": 1, ""fiyat"": 63850.0, ""kaynak"": ""BNB""}]","[{""usdt"": 19736289.0, ""borsa"": 3, ""fiyat"": 63975.0, ""kaynak"": ""BNB+BYB+OKX""}, {""usdt"": 14712392.0, ""borsa"": 3, ""fiyat"": 64000.0, ""kaynak"": ""BNB+BYB+OKX""}, {""usdt"": 9810623.0, ""borsa"": 1, ""fiyat"": 64050.0, ""kaynak"": ""BNB""}]",YOK,-0.2454,0.0002,0.277,0.6801,false,,true,0,0,2,3,0,1,3,14.4,15.5,HAZIRLAN,SHORT,50,64000,63000,63000,64084.8,8.26,SEVIYE+EMILIM,55,497.2,50,,,,,,,1785192780,4,0,8.26,25,1268.2,23,,,
28908,2026-07-27 22:55:54.772417+00,64006.25,-16830181.270774502,-5481958.204,11588498097.581001,0.000070782,49170268.58835997,270289.70759999997,100.0,BEKLE,true,270289.70759999997,0.0,1.5806,301.772,55544374.209489934,301.772,0.0,100.0,"[{""usdt"": 15091392.0, ""borsa"": 1, ""fiyat"": 63900.0, ""kaynak"": ""BNB""}, {""usdt"": 10002213.0, ""borsa"": 3, ""fiyat"": 63975.0, ""kaynak"": ""BNB+BYB+OKX""}, {""usdt"": 8366097.0, ""borsa"": 1, ""fiyat"": 63925.0, ""kaynak"": ""BNB""}]","[{""usdt"": 18773444.0, ""borsa"": 3, ""fiyat"": 64025.0, ""kaynak"": ""BNB+BYB+OKX""}, {""usdt"": 10845075.0, ""borsa"": 1, ""fiyat"": 64050.0, ""kaynak"": ""BNB""}, {""usdt"": 8685271.0, ""borsa"": 1, ""fiyat"": 64075.0, ""kaynak"": ""BNB""}]",YOK,-0.1754,-0.0609,0.3019,0.0575,false,,false,3.8233,0,2,3,0,1,3,10.9,11.9,IZLE,,25,64000,,,,,SEVIYE,55,498.2,50,,,,,,,1785192780,3,0,,25,1269.2,23,,,
28909,2026-07-27 22:56:55.05046+00,63999.95,-16194892.4181219,-4528688.576,11597763731.366001,0.000070782,50071913.994530015,162854.8677,100.0,BEKLE,,162854.8677,0.0,1.5887,362.243,63608658.005559966,362.243,0.0,100.0,"[{""usdt"": 13669288.0, ""borsa"": 1, ""fiyat"": 63900.0, ""kaynak"": ""BNB""}, {""usdt"": 10947151.0, ""borsa"": 3, ""fiyat"": 63975.0, ""kaynak"": ""BNB+BYB+OKX""}, {""usdt"": 9097709.0, ""borsa"": 1, ""fiyat"": 63925.0, ""kaynak"": ""BNB""}]","[{""usdt"": 19335345.0, ""borsa"": 3, ""fiyat"": 64025.0, ""kaynak"": ""BNB+BYB+OKX""}, {""usdt"": 12780567.0, ""borsa"": 1, ""fiyat"": 64100.0, ""kaynak"": ""BNB""}, {""usdt"": 9861587.0, ""borsa"": 1, ""fiyat"": 64050.0, ""kaynak"": ""BNB""}]",YOK,-0.1421,-0.1191,0.2703,0.0398,false,4.4582,false,9.2183,0,2,3,0,2,3,7.5,8.6,IZLE,,25,64000,,,,,SEVIYE,55,499.2,50,,,,,,,1785192780,3,0,,25,1270.2,23,,,
28910,2026-07-27 22:57:55.637747+00,63788.850000000006,-16253358.765038801,-4563023.494,11604790676.308498,0.000070782,63724738.50162998,154088.7172,100.0,BEKLE,true,154088.7172,0.0,1.5887,0,88279062.8667901,0,0.0,100.0,"[{""usdt"": 18250299.0, ""borsa"": 1, ""fiyat"": 63700.0, ""kaynak"": ""BNB""}, {""usdt"": 16003792.0, ""borsa"": 3, ""fiyat"": 63775.0, ""kaynak"": ""BNB+BYB+OKX""}, {""usdt"": 10427209.0, ""borsa"": 1, ""fiyat"": 63725.0, ""kaynak"": ""BNB""}]","[{""usdt"": 40765470.0, ""borsa"": 3, ""fiyat"": 63800.0, ""kaynak"": ""BNB+BYB+OKX""}, {""usdt"": 18721380.0, ""borsa"": 3, ""fiyat"": 63825.0, ""kaynak"": ""BNB+BYB+OKX""}, {""usdt"": 9499119.0, ""borsa"": 1, ""fiyat"": 63900.0, ""kaynak"": ""BNB""}]",YOK,-0.3374,-0.1615,0.307,0.3352,false,4.7925,false,8.4229,0,3,3,0,2,3,4.2,5.3,YOK,,0,64000,,,,,SEVIYE,55,500.3,50,,,,,,,1785192780,3,0,,25,1271.2,23,,,
28911,2026-07-27 22:58:55.902755+00,63849.649999999994,-22293044.44587571,-8247683.408000001,11606279734.6898,0.000070782,46301283.544629976,4776898.4898,84.1,BEKLE,true,4776770.8838,127.60600000000001,1.5887,60.33,54724282.13298998,0,0.0,84.1,"[{""usdt"": 12177013.0, ""borsa"": 3, ""fiyat"": 63775.0, ""kaynak"": ""BNB+BYB+OKX""}, {""usdt"": 11006743.0, ""borsa"": 1, ""fiyat"": 63750.0, ""kaynak"": ""BNB""}, {""usdt"": 9574981.0, ""borsa"": 3, ""fiyat"": 63800.0, ""kaynak"": ""BNB+BYB+OKX""}]","[{""usdt"": 12246433.0, ""borsa"": 1, ""fiyat"": 63875.0, ""kaynak"": ""BNB""}, {""usdt"": 9309889.0, ""borsa"": 1, ""fiyat"": 63925.0, ""kaynak"": ""BNB""}, {""usdt"": 8227948.0, ""borsa"": 1, ""fiyat"": 63900.0, ""kaynak"": ""BNB""}]",YOK,-0.2028,-0.0834,0.2308,0.2665,false,6.8584,false,3.1468,0,2,3,0,1,3,63.5,63.1,IZLE,,25,63788.9,,,,,SEVIYE,45,0.6,1,,,,,,,1785193080,4,0,,26,1272.2,25,,,
28912,2026-07-27 22:59:56.271488+00,63763.25,-24425145.629234098,-8630139.893000001,11623845303.764301,0.000070782,45319542.467649974,5874594.1115999995,79.9,BEKLE,true,5874466.5056,127.60600000000001,1.5887,120.629,53753727.80945998,60.299,0.0,79.9,"[{""usdt"": 11006743.0, ""borsa"": 1, ""fiyat"": 63750.0, ""kaynak"": ""BNB""}, {""usdt"": 10913481.0, ""borsa"": 3, ""fiyat"": 63825.0, ""kaynak"": ""BNB+BYB+OKX""}, {""usdt"": 7429718.0, ""borsa"": 1, ""fiyat"": 63800.0, ""kaynak"": ""BNB""}]","[{""usdt"": 16818799.0, ""borsa"": 3, ""fiyat"": 63875.0, ""kaynak"": ""BNB+BYB+OKX""}, {""usdt"": 9309889.0, ""borsa"": 1, ""fiyat"": 63925.0, ""kaynak"": ""BNB""}, {""usdt"": 8227948.0, ""borsa"": 1, ""fiyat"": 63900.0, ""kaynak"": ""BNB""}]",YOK,-0.1541,-0.0851,0.1634,0.5227,false,9.0835,false,3.5062,0,2,3,0,1,3,61,62.1,IZLE,,25,63788.9,,,,,SEVIYE,45,1.6,1,,,,,,,1785193080,4,0,,26,1273.2,25,,,
28913,2026-07-27 23:00:56.604553+00,63760.95,-14164472.879190302,-28655339.999999996,11607525345.077301,0.000070782,61494420.02030998,10593889.037200002,0.0,BEKLE,,10593761.431200001,127.60600000000001,1.5887,180.991,55829842.17185,0,0.0,0.0,"[{""usdt"": 15876868.0, ""borsa"": 1, ""fiyat"": 63700.0, ""kaynak"": ""BNB""}, {""usdt"": 15291847.0, ""borsa"": 3, ""fiyat"": 63750.0, ""kaynak"": ""BNB+BYB+OKX""}, {""usdt"": 10494026.0, ""borsa"": 3, ""fiyat"": 63725.0, ""kaynak"": ""BNB+BYB+OKX""}]","[{""usdt"": 20980449.0, ""borsa"": 3, ""fiyat"": 63775.0, ""kaynak"": ""BNB+BYB+OKX""}, {""usdt"": 8709102.0, ""borsa"": 1, ""fiyat"": 63875.0, ""kaynak"": ""BNB""}, {""usdt"": 8656539.0, ""borsa"": 1, ""fiyat"": 63800.0, ""kaynak"": ""BNB""}]",YOK,-0.2763,0.0483,0.0432,0.2573,false,11.9011,false,,0,2,3,0,0,3,57.5,58.5,IZLE,,25,63788.9,,,,,SEVIYE,45,2.6,1,PCT,0.84,0.5584838328509046,1255.0018447528282,false,0.056,1785193200,4,0,,26,1274.3,25,,,
28914,2026-07-27 23:01:57.920757+00,63647.649999999994,-13987131.118459104,-29300699.766,11601586554.486,0.000070782,60477971.25826,10738097.214400003,0.0,BEKLE,,10737969.608400002,127.60600000000001,1.5887,0,57201442.463190034,61.074,0.0,0.0,"[{""usdt"": 22621213.0, ""borsa"": 1, ""fiyat"": 63625.0, ""kaynak"": ""BNB""}, {""usdt"": 11802479.0, ""borsa"": 1, ""fiyat"": 63600.0, ""kaynak"": ""BNB""}, {""usdt"": 9387385.0, ""borsa"": 3, ""fiyat"": 63675.0, ""kaynak"": ""BNB+BYB+OKX""}]","[{""usdt"": 11359789.0, ""borsa"": 1, ""fiyat"": 63800.0, ""kaynak"": ""BNB""}, {""usdt"": 10988026.0, ""borsa"": 3, ""fiyat"": 63725.0, ""kaynak"": ""BNB+BYB+OKX""}, {""usdt"": 10003180.0, ""borsa"": 2, ""fiyat"": 63750.0, ""kaynak"": ""BNB+BYB""}]",YOK,-0.0751,0.0278,0.0338,0.3491,false,11.1863,false,,0,0,3,0,2,3,54.6,55.7,YOK,,0,63788.9,,,,,SEVIYE,45,3.6,1,,,,,,,1785193260,4,0,,26,1275.3,25,,,
28915,2026-07-27 23:02:58.241113+00,63671.25,-14700687.405883593,-40694766.154,11624673438.5779,0.000070782,68428874.13172998,6360321.709500001,33.0,BEKLE,true,6360321.709500001,0.0,1.5887,60.546,52949760.37399997,0,33.0,0.0,"[{""usdt"": 19250289.0, ""borsa"": 3, ""fiyat"": 63625.0, ""kaynak"": ""BNB+BYB+OKX""}, {""usdt"": 15205017.0, ""borsa"": 1, ""fiyat"": 63575.0, ""kaynak"": ""BNB""}, {""usdt"": 13565277.0, ""borsa"": 3, ""fiyat"": 63600.0, ""kaynak"": ""BNB+BYB+OKX""}]","[{""usdt"": 15310922.0, ""borsa"": 3, ""fiyat"": 63650.0, ""kaynak"": ""BNB+BYB+OKX""}, {""usdt"": 10040009.0, ""borsa"": 1, ""fiyat"": 63700.0, ""kaynak"": ""BNB""}, {""usdt"": 10036671.0, ""borsa"": 2, ""fiyat"": 63675.0, ""kaynak"": ""BNB+BYB""}]",YOK,-0.299,0.1275,0.0166,0.0816,false,28.9167,false,5.6616,0,3,3,1,1,3,51.2,52.3,YOK,,0,63788.9,,,,,SEVIYE,45,4.7,1,,,,,,,1785193320,4,0,,26,1276.3,25,,,
28916,2026-07-27 23:03:58.765427+00,63652.95,-15099857.546331992,-41245249.468,11615409025.8409,0.000070782,60084368.83394004,5838668.4725,0.0,BEKLE,,5838668.4725,0.0,1.5954,121.066,51566194.93631004,0,0.0,0.0,"[{""usdt"": 18515907.0, ""borsa"": 2, ""fiyat"": 63575.0, ""kaynak"": ""BNB+OKX""}, {""usdt"": 17120014.0, ""borsa"": 3, ""fiyat"": 63600.0, ""kaynak"": ""BNB+BYB+OKX""}, {""usdt"": 11908083.0, ""borsa"": 1, ""fiyat"": 63550.0, ""kaynak"": ""BNB""}]","[{""usdt"": 9450937.0, ""borsa"": 1, ""fiyat"": 63700.0, ""kaynak"": ""BNB""}, {""usdt"": 8762995.0, ""borsa"": 1, ""fiyat"": 63725.0, ""kaynak"": ""BNB""}, {""usdt"": 8646162.0, ""borsa"": 1, ""fiyat"": 63675.0, ""kaynak"": ""BNB""}]",YOK,-0.3137,0.0763,0.0789,0.1398,false,33.3875,false,5.3589,0,3,3,0,0,3,47.9,49,YOK,,0,63788.9,,,,,SEVIYE,45,5.7,1,,,,,,,1785193380,4,0,,26,1277.3,25,,,
28917,2026-07-27 23:04:59.260335+00,63660.649999999994,-16678962.991726097,-41044188.301,11595583569.942501,0.000070782,66424267.704480074,5789557.0202,44.4,BEKLE,true,5789557.0202,0.0,1.5954,120.837,51457891.633089975,0,44.4,0.0,"[{""usdt"": 21545785.0, ""borsa"": 1, ""fiyat"": 63500.0, ""kaynak"": ""BNB""}, {""usdt"": 14205743.0, ""borsa"": 1, ""fiyat"": 63550.0, ""kaynak"": ""BNB""}, {""usdt"": 13511725.0, ""borsa"": 1, ""fiyat"": 63575.0, ""kaynak"": ""BNB""}]","[{""usdt"": 15389222.0, ""borsa"": 3, ""fiyat"": 63650.0, ""kaynak"": ""BNB+BYB+OKX""}, {""usdt"": 10810030.0, ""borsa"": 3, ""fiyat"": 63625.0, ""kaynak"": ""BNB+BYB+OKX""}, {""usdt"": 10097921.0, ""borsa"": 1, ""fiyat"": 63700.0, ""kaynak"": ""BNB""}]",YOK,-0.1011,0.127,0.0858,0.0738,false,34.9114,false,4.331,0,1,3,1,2,3,44.3,45.4,YOK,,0,63788.9,,,,,SEVIYE+TASFIYE,45,6.7,1,,,,,,,1785193440,4,0,,26,1278.3,25,,,
28918,2026-07-27 23:06:00.830231+00,63748.55,-13120792.30186298,-37602970.05100001,11628145719.6311,0.000070782,47361960.098289944,2272675.0715,55.6,BEKLE,true,2272675.0715,0.0,1.5947,61.514,54991748.34619003,0,55.6,0.0,"[{""usdt"": 11036814.0, ""borsa"": 3, ""fiyat"": 63700.0, ""kaynak"": ""BNB+BYB+OKX""}, {""usdt"": 9676073.0, ""borsa"": 1, ""fiyat"": 63600.0, ""kaynak"": ""BNB""}, {""usdt"": 8676797.0, ""borsa"": 1, ""fiyat"": 63625.0, ""kaynak"": ""BNB""}]","[{""usdt"": 16804318.0, ""borsa"": 3, ""fiyat"": 63750.0, ""kaynak"": ""BNB+BYB+OKX""}, {""usdt"": 11109452.0, ""borsa"": 1, ""fiyat"": 63775.0, ""kaynak"": ""BNB""}, {""usdt"": 10130331.0, ""borsa"": 1, ""fiyat"": 63800.0, ""kaynak"": ""BNB""}]",YOK,0.0512,-0.0745,0.0438,0.0338,false,,false,8.6532,0,0,3,2,0,3,41.1,42.1,IZLE,,25,63788.9,,,,,SEVIYE,45,7.7,1,,,,,,,1785193440,4,0,,26,1279.3,25,,,
28919,2026-07-27 23:07:01.186833+00,63793.850000000006,-12623958.57140748,-37540341.641,11641516108.246601,0.000070782,50446496.97513003,2337258.2518999996,70.4,BEKLE,true,2260898.5096999994,76359.74220000001,1.5947,0,49914716.94493997,0,70.4,0.0,"[{""usdt"": 14994040.0, ""borsa"": 3, ""fiyat"": 63775.0, ""kaynak"": ""BNB+BYB+OKX""}, {""usdt"": 9423524.0, ""borsa"": 1, ""fiyat"": 63725.0, ""kaynak"": ""BNB""}, {""usdt"": 7953374.0, ""borsa"": 3, ""fiyat"": 63800.0, ""kaynak"": ""BNB+BYB+OKX""}]","[{""usdt"": 14819522.0, ""borsa"": 3, ""fiyat"": 63825.0, ""kaynak"": ""BNB+BYB+OKX""}, {""usdt"": 9182926.0, ""borsa"": 1, ""fiyat"": 63850.0, ""kaynak"": ""BNB""}, {""usdt"": 8112437.0, ""borsa"": 1, ""fiyat"": 63875.0, ""kaynak"": ""BNB""}]",SPOT,0.2569,0.0053,0.061,0.4256,false,,false,8.7225,3,0,3,1,0,3,37.8,38.9,IZLE,,25,63788.9,,,,,SEVIYE,45,8.7,1,,,,,,,1785193560,4,0,,26,1280.3,25,,,
28920,2026-07-27 23:08:01.508055+00,63744.05,-12383578.424484376,-37377669.153000005,11640976723.6061,0.000070782,50051547.20254998,1961084.7136,48.0,BEKLE,false,1884723.535,76361.17860000001,1.5947,60.281,53572617.24980994,60.281,0.0,48.0,"[{""usdt"": 10227960.0, ""borsa"": 3, ""fiyat"": 63750.0, ""kaynak"": ""BNB+BYB+OKX""}, {""usdt"": 10148594.0, ""borsa"": 1, ""fiyat"": 63675.0, ""kaynak"": ""BNB""}, {""usdt"": 8408007.0, ""borsa"": 1, ""fiyat"": 63700.0, ""kaynak"": ""BNB""}]","[{""usdt"": 14885233.0, ""borsa"": 3, ""fiyat"": 63800.0, ""kaynak"": ""BNB+BYB+OKX""}, {""usdt"": 12469844.0, ""borsa"": 2, ""fiyat"": 63825.0, ""kaynak"": ""BNB+BYB""}, {""usdt"": 10555010.0, ""borsa"": 1, ""fiyat"": 63875.0, ""kaynak"": ""BNB""}]",SPOT,0.2338,-0.034,0.2153,0.4398,false,,false,,3,0,3,0,0,3,33.9,35,IZLE,,25,63788.9,,,,,SEVIYE,45,9.7,1,,,,,,,1785193560,4,0,,26,1281.3,25,,,
28921,2026-07-27 23:09:01.91849+00,63651.850000000006,-13432146.508629484,-37237978.337000005,11637445641.010101,0.000070782,47354339.998810045,1344076.5585999999,49.2,BEKLE,,1267715.38,76361.17860000001,1.5947,0,48971271.269710034,0,0.0,49.2,"[{""usdt"": 14192169.0, ""borsa"": 1, ""fiyat"": 63575.0, ""kaynak"": ""BNB""}, {""usdt"": 7880370.0, ""borsa"": 3, ""fiyat"": 63675.0, ""kaynak"": ""BNB+BYB+OKX""}, {""usdt"": 7446071.0, ""borsa"": 1, ""fiyat"": 63600.0, ""kaynak"": ""BNB""}]","[{""usdt"": 16222328.0, ""borsa"": 3, ""fiyat"": 63725.0, ""kaynak"": ""BNB+BYB+OKX""}, {""usdt"": 9873873.0, ""borsa"": 1, ""fiyat"": 63775.0, ""kaynak"": ""BNB""}, {""usdt"": 8059705.0, ""borsa"": 1, ""fiyat"": 63750.0, ""kaynak"": ""BNB""}]",YOK,-0.0429,-0.0168,0.1423,0.0059,false,,false,6.8001,0,0,3,2,0,3,30.4,31.5,IZLE,,25,63647.6,,,,,SEVIYE,85,0.7,1,,,,,,,1785193680,3,0,,30,1102.1,29,,,
28922,2026-07-27 23:10:02.279934+00,63607.05,-13616999.470053896,-37649875.518,11634660318.832298,0.000070782,56811563.23261997,82727.95860000001,68.3,BEKLE,false,6366.780000000001,76361.17860000001,1.5947,60.356,47419350.1221,0,0.0,68.3,"[{""usdt"": 15071319.0, ""borsa"": 1, ""fiyat"": 63575.0, ""kaynak"": ""BNB""}, {""usdt"": 12606068.0, ""borsa"": 1, ""fiyat"": 63550.0, ""kaynak"": ""BNB""}, {""usdt"": 10993256.0, ""borsa"": 3, ""fiyat"": 63625.0, ""kaynak"": ""BNB+BYB+OKX""}]","[{""usdt"": 14028516.0, ""borsa"": 3, ""fiyat"": 63675.0, ""kaynak"": ""BNB+BYB+OKX""}, {""usdt"": 9335511.0, ""borsa"": 3, ""fiyat"": 63650.0, ""kaynak"": ""BNB+BYB+OKX""}, {""usdt"": 9117567.0, ""borsa"": 1, ""fiyat"": 63750.0, ""kaynak"": ""BNB""}]",YOK,-0.2636,0.0901,0.2644,0.2921,false,,false,1.5273,0,1,3,1,0,3,26.8,27.9,IZLE,,25,63647.6,,,,,SEVIYE,85,1.7,1,,,,,,,1785193680,2,0,,30,1103.1,29,,,
28923,2026-07-27 23:11:02.530512+00,63663.350000000006,-4157927.448435901,-33565820.47100001,11636529097.3582,0.000070782,72954694.48004003,95072.11810000002,66.0,BEKLE,false,18710.939500000004,76361.17860000001,1.5947,120.693,49480785.50643997,60.337,0.0,66.0,"[{""usdt"": 20965482.0, ""borsa"": 1, ""fiyat"": 63500.0, ""kaynak"": ""BNB""}, {""usdt"": 14245204.0, ""borsa"": 1, ""fiyat"": 63550.0, ""kaynak"": ""BNB""}, {""usdt"": 14033933.0, ""borsa"": 1, ""fiyat"": 63575.0, ""kaynak"": ""BNB""}]","[{""usdt"": 14501930.0, ""borsa"": 3, ""fiyat"": 63650.0, ""kaynak"": ""BNB+BYB+OKX""}, {""usdt"": 10762643.0, ""borsa"": 1, ""fiyat"": 63700.0, ""kaynak"": ""BNB""}, {""usdt"": 10014031.0, ""borsa"": 3, ""fiyat"": 63625.0, ""kaynak"": ""BNB+BYB+OKX""}]",PERP,-0.2729,0.1917,0.4694,0.2812,false,,false,2.6255,0,1,3,1,1,3,23.3,24.4,IZLE,,25,63647.6,,,,,SEVIYE,85,2.7,1,,,,,,,1785193800,2,0,,30,1104.1,29,,,
28924,2026-07-27 23:12:03.221363+00,63716.95,-2939157.872984502,-33155860.894,11646886683.7044,0.000070782,61878082.24725995,18711.539500000003,52.6,BEKLE,false,18711.539500000003,0.0,1.6337,181.018,45786118.08498005,60.325,0.0,52.6,"[{""usdt"": 15239205.0, ""borsa"": 1, ""fiyat"": 63575.0, ""kaynak"": ""BNB""}, {""usdt"": 11834248.0, ""borsa"": 1, ""fiyat"": 63625.0, ""kaynak"": ""BNB""}, {""usdt"": 10909655.0, ""borsa"": 3, ""fiyat"": 63650.0, ""kaynak"": ""BNB+BYB+OKX""}]","[{""usdt"": 14738201.0, ""borsa"": 3, ""fiyat"": 63700.0, ""kaynak"": ""BNB+BYB+OKX""}, {""usdt"": 10793063.0, ""borsa"": 1, ""fiyat"": 63750.0, ""kaynak"": ""BNB""}, {""usdt"": 7941675.0, ""borsa"": 1, ""fiyat"": 63775.0, ""kaynak"": ""BNB""}]",YOK,-0.0461,0.1495,0.4682,0.2341,false,2.4227,false,,0,0,3,2,0,3,19.7,20.8,IZLE,,25,63742.5,,,,,SEVIYE,85,3.7,1,,,,,,,1785193800,2,0,,30,1105.1,29,,,
28925,2026-07-27 23:13:03.588207+00,63749.95,-2119427.8112173043,-32399422.088000003,11656398579.117,0.000070782,49066006.733989984,18711.539500000003,55.1,BEKLE,false,18711.539500000003,0.0,1.6337,60.649,50941540.790850006,0,0.0,55.1,"[{""usdt"": 12433909.0, ""borsa"": 1, ""fiyat"": 63625.0, ""kaynak"": ""BNB""}, {""usdt"": 11996187.0, ""borsa"": 3, ""fiyat"": 63725.0, ""kaynak"": ""BNB+BYB+OKX""}, {""usdt"": 8102117.0, ""borsa"": 1, ""fiyat"": 63675.0, ""kaynak"": ""BNB""}]","[{""usdt"": 13955037.0, ""borsa"": 3, ""fiyat"": 63750.0, ""kaynak"": ""BNB+BYB+OKX""}, {""usdt"": 10319756.0, ""borsa"": 1, ""fiyat"": 63825.0, ""kaynak"": ""BNB""}, {""usdt"": 9045964.0, ""borsa"": 1, ""fiyat"": 63850.0, ""kaynak"": ""BNB""}]",YOK,0.0835,-0.0188,0.4511,0.0163,false,1.9073,false,,1,0,3,0,0,3,16.3,17.4,IZLE,,25,63742.5,,,,,SEVIYE,85,4.7,1,,,,,,,1785193800,2,1,,30,1106.2,29,,,
28926,2026-07-27 23:14:04.093394+00,63779.850000000006,-282631.95301070483,-31188964.03,11669252251.451199,0.000070782,47539444.64135002,97665.6819,0.0,BEKLE,,12344.7595,85320.9224,1.6337,0,46874308.109409995,60.483,0.0,0.0,"[{""usdt"": 12263690.0, ""borsa"": 3, ""fiyat"": 63750.0, ""kaynak"": ""BNB+BYB+OKX""}, {""usdt"": 8908579.0, ""borsa"": 1, ""fiyat"": 63675.0, ""kaynak"": ""BNB""}, {""usdt"": 8429808.0, ""borsa"": 1, ""fiyat"": 63725.0, ""kaynak"": ""BNB""}]","[{""usdt"": 12716246.0, ""borsa"": 3, ""fiyat"": 63800.0, ""kaynak"": ""BNB+BYB+OKX""}, {""usdt"": 9649406.0, ""borsa"": 1, ""fiyat"": 63850.0, ""kaynak"": ""BNB""}, {""usdt"": 8863515.0, ""borsa"": 2, ""fiyat"": 63825.0, ""kaynak"": ""BNB+BYB""}]",YOK,0.1474,0.007,0.4642,0.2852,false,1.755,false,,2,0,3,0,0,3,13,14,IZLE,,25,63742.5,,,,,SEVIYE,85,5.7,1,,,,,,,1785193980,2,0,,30,1107.2,29,,,
28927,2026-07-27 23:15:04.426058+00,63760.850000000006,-22711.01668759901,-32169669.838000003,11659794534.9223,0.000070782,45991102.85158999,90810.6577,0.0,BEKLE,,5536.9314,85273.7263,1.6337,60.437,53666754.82711004,120.92,0.0,0.0,"[{""usdt"": 12973170.0, ""borsa"": 3, ""fiyat"": 63750.0, ""kaynak"": ""BNB+BYB+OKX""}, {""usdt"": 9891451.0, ""borsa"": 1, ""fiyat"": 63675.0, ""kaynak"": ""BNB""}, {""usdt"": 8397009.0, ""borsa"": 1, ""fiyat"": 63700.0, ""kaynak"": ""BNB""}]","[{""usdt"": 13473109.0, ""borsa"": 3, ""fiyat"": 63775.0, ""kaynak"": ""BNB+BYB+OKX""}, {""usdt"": 12499718.0, ""borsa"": 1, ""fiyat"": 63850.0, ""kaynak"": ""BNB""}, {""usdt"": 9955873.0, ""borsa"": 1, ""fiyat"": 63875.0, ""kaynak"": ""BNB""}]",YOK,0.0843,-0.077,0.4971,0.3553,false,0.257,false,,0,0,3,0,1,3,9.6,10.6,IZLE,,25,63742.5,,,,,SEVIYE,85,6.7,1,,,,,,,1785193980,2,0,,30,1108.2,29,,,
28928,2026-07-27 23:16:04.785835+00,63740.350000000006,4260023.022042391,1231287.215,11657682443.680199,0.000070782,45664607.511169985,85273.7263,45.4,BEKLE,false,0.0,85273.7263,1.6337,0,47932480.06180001,181.239,0.0,45.4,"[{""usdt"": 11299931.0, ""borsa"": 3, ""fiyat"": 63725.0, ""kaynak"": ""BNB+BYB+OKX""}, {""usdt"": 8310133.0, ""borsa"": 1, ""fiyat"": 63625.0, ""kaynak"": ""BNB""}, {""usdt"": 8071588.0, ""borsa"": 1, ""fiyat"": 63675.0, ""kaynak"": ""BNB""}]","[{""usdt"": 11206854.0, ""borsa"": 1, ""fiyat"": 63825.0, ""kaynak"": ""BNB""}, {""usdt"": 10074944.0, ""borsa"": 1, ""fiyat"": 63850.0, ""kaynak"": ""BNB""}, {""usdt"": 8979028.0, ""borsa"": 3, ""fiyat"": 63750.0, ""kaynak"": ""BNB+BYB+OKX""}]",YOK,0.007,-0.0242,0.0879,0.0508,false,0,false,,0,0,3,0,0,3,6,7.1,IZLE,,25,63742.5,,,,,SEVIYE,85,7.8,1,PCT,1.09,30.601124252778625,1803.6677427674285,true,0.063,1785193980,1,0,,30,1109.2,29,,,
28929,2026-07-27 23:17:05.840572+00,63720.649999999994,4186422.761997792,1034166.0260000001,11656490102.603,0.000070782,51927598.87823996,86101.8263,59.8,BEKLE,false,828.0999999999999,85273.7263,1.6337,0,47654278.01933001,242.296,0.0,59.8,"[{""usdt"": 13523149.0, ""borsa"": 3, ""fiyat"": 63675.0, ""kaynak"": ""BNB+BYB+OKX""}, {""usdt"": 10665038.0, ""borsa"": 1, ""fiyat"": 63600.0, ""kaynak"": ""BNB""}, {""usdt"": 9362971.0, ""borsa"": 1, ""fiyat"": 63650.0, ""kaynak"": ""BNB""}]","[{""usdt"": 12124181.0, ""borsa"": 3, ""fiyat"": 63725.0, ""kaynak"": ""BNB+BYB+OKX""}, {""usdt"": 8703304.0, ""borsa"": 1, ""fiyat"": 63800.0, ""kaynak"": ""BNB""}, {""usdt"": 8526555.0, ""borsa"": 1, ""fiyat"": 63825.0, ""kaynak"": ""BNB""}]",YOK,-0.0744,0.0429,0.0767,0.0025,false,0,false,,0,1,3,2,0,3,3.2,4.3,IZLE,,25,63742.5,,,,,SEVIYE,85,8.8,1,,,,,,,1785194160,1,0,,30,1110.2,29,,,
28930,2026-07-27 23:18:06.215713+00,63773.149999999994,4953606.112980389,991686.619,11667855991.331402,0.000070782,47098086.061439976,86101.8263,61.8,BEKLE,false,828.0999999999999,85273.7263,1.624,0,50345287.827429995,302.586,0.0,61.8,"[{""usdt"": 14706461.0, ""borsa"": 3, ""fiyat"": 63700.0, ""kaynak"": ""BNB+BYB+OKX""}, {""usdt"": 14366348.0, ""borsa"": 3, ""fiyat"": 63675.0, ""kaynak"": ""BNB+BYB+OKX""}, {""usdt"": 6122773.0, ""borsa"": 1, ""fiyat"": 63650.0, ""kaynak"": ""BNB""}]","[{""usdt"": 11058972.0, ""borsa"": 1, ""fiyat"": 63875.0, ""kaynak"": ""BNB""}, {""usdt"": 10167158.0, ""borsa"": 1, ""fiyat"": 63825.0, ""kaynak"": ""BNB""}, {""usdt"": 8965925.0, ""borsa"": 1, ""fiyat"": 63850.0, ""kaynak"": ""BNB""}]",YOK,-0.0744,-0.0333,0.0778,0.0161,false,0,false,,0,1,3,2,0,3,63.5,61.9,IZLE,,25,63742.5,,,,,SEVIYE,85,9.8,1,,,,,,,1785194160,1,1,,30,1111.2,29,,,
28931,2026-07-27 23:19:06.452245+00,63839.350000000006,6736391.948703092,1541334.6620000002,11681548848.485199,0.000070782,45001033.60705998,828.0999999999999,56.8,BEKLE,true,828.0999999999999,0.0,1.624,60.37,52507664.804290004,362.956,0.0,56.8,"[{""usdt"": 10222822.0, ""borsa"": 1, ""fiyat"": 63700.0, ""kaynak"": ""BNB""}, {""usdt"": 9617047.0, ""borsa"": 3, ""fiyat"": 63775.0, ""kaynak"": ""BNB+BYB+OKX""}, {""usdt"": 6637850.0, ""borsa"": 1, ""fiyat"": 63675.0, ""kaynak"": ""BNB""}]","[{""usdt"": 16963975.0, ""borsa"": 3, ""fiyat"": 63800.0, ""kaynak"": ""BNB+BYB+OKX""}, {""usdt"": 11058972.0, ""borsa"": 1, ""fiyat"": 63875.0, ""kaynak"": ""BNB""}, {""usdt"": 10841297.0, ""borsa"": 2, ""fiyat"": 63825.0, ""kaynak"": ""BNB+BYB""}]",YOK,0.0377,-0.077,0.0784,0.0425,false,0,false,,0,0,3,0,0,3,59.9,60.9,IZLE,,25,63849.8,,,,,SEVIYE,65,10.8,2,,,,,,,1785194160,1,0,,27,521.4,25,,,
28932,2026-07-27 23:20:06.824013+00,63885.95,8527020.514186889,2753442.7729999996,11689321619.932001,0.000070782,49088810.626100026,5937.9479999999985,23.7,BEKLE,true,828.0999999999999,5109.847999999999,1.624,120.668,57487979.40596998,120.668,0.0,23.7,"[{""usdt"": 10456612.0, ""borsa"": 1, ""fiyat"": 63750.0, ""kaynak"": ""BNB""}, {""usdt"": 9727185.0, ""borsa"": 3, ""fiyat"": 63850.0, ""kaynak"": ""BNB+BYB+OKX""}, {""usdt"": 9293915.0, ""borsa"": 1, ""fiyat"": 63775.0, ""kaynak"": ""BNB""}]","[{""usdt"": 16425194.0, ""borsa"": 3, ""fiyat"": 63875.0, ""kaynak"": ""BNB+BYB+OKX""}, {""usdt"": 14782114.0, ""borsa"": 1, ""fiyat"": 63925.0, ""kaynak"": ""BNB""}, {""usdt"": 10075013.0, ""borsa"": 1, ""fiyat"": 63950.0, ""kaynak"": ""BNB""}]",SPOT,0.1971,-0.0788,0.0885,0.0828,false,0,false,,2,0,3,0,0,3,56.1,57.3,IZLE,,25,63849.8,,,,,SEVIYE,65,11.8,2,,,,,,,1785194340,1,0,,27,522.4,25,,,
28933,2026-07-27 23:21:07.149897+00,63858.05,8985045.975993399,3225128.217,11688043891.1376,0.000070782,45515777.06202994,8365.1904,30.2,BEKLE,true,828.0999999999999,7537.090399999999,1.6371,60.374,55061004.22206999,60.374,0.0,30.2,"[{""usdt"": 11737202.0, ""borsa"": 3, ""fiyat"": 63850.0, ""kaynak"": ""BNB+BYB+OKX""}, {""usdt"": 9563826.0, ""borsa"": 1, ""fiyat"": 63775.0, ""kaynak"": ""BNB""}, {""usdt"": 6714650.0, ""borsa"": 1, ""fiyat"": 63800.0, ""kaynak"": ""BNB""}]","[{""usdt"": 14998950.0, ""borsa"": 3, ""fiyat"": 63900.0, ""kaynak"": ""BNB+BYB+OKX""}, {""usdt"": 11725489.0, ""borsa"": 1, ""fiyat"": 63925.0, ""kaynak"": ""BNB""}, {""usdt"": 10892480.0, ""borsa"": 1, ""fiyat"": 63950.0, ""kaynak"": ""BNB""}]",SPOT,0.2244,-0.0949,0.4845,0.7724,false,0,false,,3,0,3,0,1,3,52.6,53.7,IZLE,,25,63849.8,,,,,SEVIYE,65,12.8,2,,,,,,,1785194400,1,0,,27,523.4,25,,,
28934,2026-07-27 23:22:07.492271+00,63867.350000000006,9684524.6789948,3296961.197,11687883261.6179,0.000070782,40141933.08632995,7536.983999999999,0.0,BEKLE,,0.0,7536.983999999999,1.6371,120.699,52845730.04941999,120.699,0.0,0.0,"[{""usdt"": 10089627.0, ""borsa"": 3, ""fiyat"": 63850.0, ""kaynak"": ""BNB+BYB+OKX""}, {""usdt"": 8077642.0, ""borsa"": 1, ""fiyat"": 63750.0, ""kaynak"": ""BNB""}, {""usdt"": 7783173.0, ""borsa"": 2, ""fiyat"": 63825.0, ""kaynak"": ""BNB+OKX""}]","[{""usdt"": 13534382.0, ""borsa"": 3, ""fiyat"": 63875.0, ""kaynak"": ""BNB+BYB+OKX""}, {""usdt"": 12856196.0, ""borsa"": 1, ""fiyat"": 63925.0, ""kaynak"": ""BNB""}, {""usdt"": 8881455.0, ""borsa"": 1, ""fiyat"": 63975.0, ""kaynak"": ""BNB""}]",SPOT,0.2047,-0.1366,0.4907,0.8382,false,0,false,,3,0,3,0,1,3,49.1,50.1,IZLE,,25,63849.8,,,,,SEVIYE,65,13.8,2,,,,,,,1785194400,1,0,,27,524.4,25,,,
28935,2026-07-27 23:23:07.779125+00,63841.25,9515661.3299186,3308979.4590000003,11684856467.985401,0.000070782,47792402.27193995,7536.983999999999,62.4,BEKLE,true,0.0,7536.983999999999,1.6371,181.025,57486300.99436005,181.025,0.0,62.4,"[{""usdt"": 12965052.0, ""borsa"": 3, ""fiyat"": 63850.0, ""kaynak"": ""BNB+BYB+OKX""}, {""usdt"": 9978587.0, ""borsa"": 1, ""fiyat"": 63800.0, ""kaynak"": ""BNB""}, {""usdt"": 9339283.0, ""borsa"": 1, ""fiyat"": 63775.0, ""kaynak"": ""BNB""}]","[{""usdt"": 12736772.0, ""borsa"": 1, ""fiyat"": 63925.0, ""kaynak"": ""BNB""}, {""usdt"": 11315656.0, ""borsa"": 3, ""fiyat"": 63875.0, ""kaynak"": ""BNB+BYB+OKX""}, {""usdt"": 11029917.0, ""borsa"": 3, ""fiyat"": 63900.0, ""kaynak"": ""BNB+BYB+OKX""}]",YOK,0.1318,-0.0921,0.4384,0.4186,false,0,false,,1,0,3,0,1,3,45.6,46.6,IZLE,,25,63849.8,,,,,SEVIYE,65,14.8,2,,,,,,,1785194400,1,1,,27,525.5,25,,,
28936,2026-07-27 23:24:08.168992+00,63829.149999999994,8814600.507887004,2628608.153,11679903712.7124,0.000070782,74660293.67098996,7536.983999999999,53.9,BEKLE,true,0.0,7536.983999999999,1.6371,241.309,53981015.392379984,241.309,0.0,53.9,"[{""usdt"": 34957562.0, ""borsa"": 3, ""fiyat"": 63800.0, ""kaynak"": ""BNB+BYB+OKX""}, {""usdt"": 12388549.0, ""borsa"": 3, ""fiyat"": 63825.0, ""kaynak"": ""BNB+BYB+OKX""}, {""usdt"": 9952494.0, ""borsa"": 1, ""fiyat"": 63725.0, ""kaynak"": ""BNB""}]","[{""usdt"": 12374260.0, ""borsa"": 1, ""fiyat"": 63925.0, ""kaynak"": ""BNB""}, {""usdt"": 11084884.0, ""borsa"": 3, ""fiyat"": 63850.0, ""kaynak"": ""BNB+BYB+OKX""}, {""usdt"": 10893422.0, ""borsa"": 1, ""fiyat"": 63950.0, ""kaynak"": ""BNB""}]",PERP,-0.0079,0.1608,0.4312,0.1352,false,0,false,,0,0,3,1,0,3,41.7,42.7,IZLE,,25,63849.8,,,,,SEVIYE,65,15.8,2,,,,,,,1785194400,1,2,,27,526.5,25,,,
28937,2026-07-27 23:25:08.739742+00,63853.350000000006,8525020.975554602,2558882.3490000004,11677828020.7267,0.000070782,77253856.12816003,2427.136,32.2,BEKLE,false,0.0,2427.136,1.6371,301.702,51350977.81457003,301.702,32.2,0.0,"[{""usdt"": 35691910.0, ""borsa"": 3, ""fiyat"": 63800.0, ""kaynak"": ""BNB+BYB+OKX""}, {""usdt"": 9375196.0, ""borsa"": 1, ""fiyat"": 63775.0, ""kaynak"": ""BNB""}, {""usdt"": 9301819.0, ""borsa"": 1, ""fiyat"": 63750.0, ""kaynak"": ""BNB""}]","[{""usdt"": 16014565.0, ""borsa"": 1, ""fiyat"": 63925.0, ""kaynak"": ""BNB""}, {""usdt"": 14060582.0, ""borsa"": 3, ""fiyat"": 63850.0, ""kaynak"": ""BNB+BYB+OKX""}, {""usdt"": 8947145.0, ""borsa"": 1, ""fiyat"": 63900.0, ""kaynak"": ""BNB""}]",PERP,0.0399,0.2014,,,false,0,false,,0,0,3,1,0,3,38.2,39.3,IZLE,,25,63849.8,,,,,SEVIYE,65,16.8,2,,,,,,,1785194400,1,0,,27,527.5,25,,,
28938,2026-07-27 23:26:09.123344+00,63895.95,5790015.019917,2625377.6,11692460543.2172,0.000070782,55751154.64165998,0.0,71.6,BEKLE,false,0.0,0.0,1.6371,362.302,55866884.18507995,362.302,71.6,0.0,"[{""usdt"": 12727405.0, ""borsa"": 1, ""fiyat"": 63750.0, ""kaynak"": ""BNB""}, {""usdt"": 10038076.0, ""borsa"": 3, ""fiyat"": 63850.0, ""kaynak"": ""BNB+BYB+OKX""}, {""usdt"": 8491719.0, ""borsa"": 3, ""fiyat"": 63875.0, ""kaynak"": ""BNB+BYB+OKX""}]","[{""usdt"": 17031107.0, ""borsa"": 3, ""fiyat"": 63900.0, ""kaynak"": ""BNB+BYB+OKX""}, {""usdt"": 15786216.0, ""borsa"": 3, ""fiyat"": 63925.0, ""kaynak"": ""BNB+BYB+OKX""}, {""usdt"": 10537887.0, ""borsa"": 1, ""fiyat"": 63950.0, ""kaynak"": ""BNB""}]",SPOT,0.216,-0.001,0.6787,0.5143,false,0,false,8.8873,3,0,3,1,0,3,34.9,36,IZLE,,25,63849.8,,,,,SEVIYE,65,17.8,2,,,,,,,,,0,,27,528.5,25,,,
28939,2026-07-27 23:27:09.487873+00,63833.850000000006,6132177.157262798,3567604.1950000003,11689328989.206802,0.000070782,48941955.27969,0.0,37.3,BEKLE,true,0.0,0.0,1.6497,422.663,58841420.29639002,422.663,0.0,37.3,"[{""usdt"": 10034734.0, ""borsa"": 3, ""fiyat"": 63850.0, ""kaynak"": ""BNB+BYB+OKX""}, {""usdt"": 9602571.0, ""borsa"": 3, ""fiyat"": 63875.0, ""kaynak"": ""BNB+BYB+OKX""}, {""usdt"": 8616464.0, ""borsa"": 1, ""fiyat"": 63775.0, ""kaynak"": ""BNB""}]","[{""usdt"": 16845110.0, ""borsa"": 3, ""fiyat"": 63900.0, ""kaynak"": ""BNB+BYB+OKX""}, {""usdt"": 14462592.0, ""borsa"": 2, ""fiyat"": 63925.0, ""kaynak"": ""BNB+OKX""}, {""usdt"": 9137362.0, ""borsa"": 1, ""fiyat"": 63950.0, ""kaynak"": ""BNB""}]",SPOT,0.1733,-0.0918,0.8388,0.5053,false,0,false,6.5344,1,0,3,1,0,3,31.5,32.6,IZLE,,25,63849.8,,,,,SEVIYE,65,18.8,2,,,,,,,,,0,,27,529.5,25,,,
28940,2026-07-27 23:28:09.835329+00,63852.649999999994,6388100.226190304,3589385.997000001,11683609971.482101,0.000070782,50415801.0741,0.0,37.2,BEKLE,true,0.0,0.0,1.6497,482.998,55142095.24392,482.998,0.0,37.2,"[{""usdt"": 12063168.0, ""borsa"": 1, ""fiyat"": 63750.0, ""kaynak"": ""BNB""}, {""usdt"": 10940131.0, ""borsa"": 3, ""fiyat"": 63800.0, ""kaynak"": ""BNB+BYB+OKX""}, {""usdt"": 9919500.0, ""borsa"": 3, ""fiyat"": 63825.0, ""kaynak"": ""BNB+BYB+OKX""}]","[{""usdt"": 13374246.0, ""borsa"": 1, ""fiyat"": 63925.0, ""kaynak"": ""BNB""}, {""usdt"": 12865696.0, ""borsa"": 3, ""fiyat"": 63850.0, ""kaynak"": ""BNB+BYB+OKX""}, {""usdt"": 12109725.0, ""borsa"": 1, ""fiyat"": 63900.0, ""kaynak"": ""BNB""}]",YOK,0.0834,-0.0448,0.8156,0.19,false,0,false,6.3405,1,0,3,1,0,3,28,29.1,IZLE,,25,63849.8,,,,,SEVIYE,65,19.8,2,,,,,,,,,0,,27,530.5,25,,,
28941,2026-07-27 23:29:10.184693+00,63857.75,6909160.976499006,3850965.4590000003,11688485834.631,0.000070782,46831519.17443995,4087.3664,63.9,BEKLE,true,4087.3664,0.0,1.6497,543.389,60112655.24027999,543.389,0.0,63.9,"[{""usdt"": 11894467.0, ""borsa"": 3, ""fiyat"": 63850.0, ""kaynak"": ""BNB+BYB+OKX""}, {""usdt"": 8369081.0, ""borsa"": 1, ""fiyat"": 63775.0, ""kaynak"": ""BNB""}, {""usdt"": 8368523.0, ""borsa"": 1, ""fiyat"": 63800.0, ""kaynak"": ""BNB""}]","[{""usdt"": 17982949.0, ""borsa"": 3, ""fiyat"": 63900.0, ""kaynak"": ""BNB+BYB+OKX""}, {""usdt"": 12774396.0, ""borsa"": 1, ""fiyat"": 63925.0, ""kaynak"": ""BNB""}, {""usdt"": 10990323.0, ""borsa"": 1, ""fiyat"": 63950.0, ""kaynak"": ""BNB""}]",YOK,0.1054,-0.1242,0.3764,0.3693,false,0,false,18.0413,0,0,3,1,1,3,24.5,25.6,IZLE,,25,63855.8,,,,,SEVIYE,65,20.8,3,,,,,,,1785194880,1,0,,29,531.5,27,,,
28942,2026-07-27 23:30:10.591154+00,63845.95,2784840.349667708,1918723.5239999997,11686506843.7171,0.000070782,55574668.175039954,4087.3664,61.1,BEKLE,false,4087.3664,0.0,1.6497,603.712,56703260.25294,603.712,61.1,0.0,"[{""usdt"": 18973908.0, ""borsa"": 3, ""fiyat"": 63825.0, ""kaynak"": ""BNB+BYB+OKX""}, {""usdt"": 11909376.0, ""borsa"": 1, ""fiyat"": 63750.0, ""kaynak"": ""BNB""}, {""usdt"": 8498749.0, ""borsa"": 1, ""fiyat"": 63800.0, ""kaynak"": ""BNB""}]","[{""usdt"": 13865951.0, ""borsa"": 3, ""fiyat"": 63875.0, ""kaynak"": ""BNB+BYB+OKX""}, {""usdt"": 13666138.0, ""borsa"": 1, ""fiyat"": 63925.0, ""kaynak"": ""BNB""}, {""usdt"": 12127910.0, ""borsa"": 1, ""fiyat"": 63900.0, ""kaynak"": ""BNB""}]",YOK,0.0512,-0.0101,0.7764,0.0654,false,0.1173,true,0.2276,0,0,3,0,0,3,21,22.1,IZLE,,25,63855.8,,,,,SEVIYE,65,21.9,3,PCT,1.0,0.8813196190640152,30.58419694257474,false,0.005,1785194880,1,1,,29,532.5,27,,,
28943,2026-07-27 23:31:11.674444+00,63889.75,3554730.2705979077,1581032.297,11695387457.0942,0.000070782,50270035.56377991,4087.3664,86.9,BEKLE,false,4087.3664,0.0,1.6497,664.788,49355129.19662,664.788,86.9,0.0,"[{""usdt"": 15329955.0, ""borsa"": 3, ""fiyat"": 63850.0, ""kaynak"": ""BNB+BYB+OKX""}, {""usdt"": 8573116.0, ""borsa"": 1, ""fiyat"": 63775.0, ""kaynak"": ""BNB""}, {""usdt"": 8337113.0, ""borsa"": 3, ""fiyat"": 63875.0, ""kaynak"": ""BNB+BYB+OKX""}]","[{""usdt"": 16048377.0, ""borsa"": 3, ""fiyat"": 63900.0, ""kaynak"": ""BNB+BYB+OKX""}, {""usdt"": 10759084.0, ""borsa"": 1, ""fiyat"": 63925.0, ""kaynak"": ""BNB""}, {""usdt"": 9460671.0, ""borsa"": 1, ""fiyat"": 63950.0, ""kaynak"": ""BNB""}]",SPOT,0.1559,0.0092,0.4532,0.0821,false,0.0149,true,0.1441,1,0,3,1,0,3,18.2,19.3,IZLE,,25,63855.8,,,,,SEVIYE,65,22.9,3,,,,,,,1785194880,1,2,,29,533.5,27,,,
28944,2026-07-27 23:32:12.248126+00,63858.850000000006,3554730.2705979077,1581032.297,11695387457.0942,0.000070782,54860235.820809945,4087.3664,100.0,BEKLE,false,4087.3664,0.0,1.6497,725.219,60965081.90629003,725.219,100.0,0.0,"[{""usdt"": 20931206.0, ""borsa"": 3, ""fiyat"": 63825.0, ""kaynak"": ""BNB+BYB+OKX""}, {""usdt"": 8827858.0, ""borsa"": 1, ""fiyat"": 63750.0, ""kaynak"": ""BNB""}, {""usdt"": 8216910.0, ""borsa"": 2, ""fiyat"": 63800.0, ""kaynak"": ""BNB+BYB""}]","[{""usdt"": 14685278.0, ""borsa"": 1, ""fiyat"": 63925.0, ""kaynak"": ""BNB""}, {""usdt"": 12386961.0, ""borsa"": 1, ""fiyat"": 63900.0, ""kaynak"": ""BNB""}, {""usdt"": 11296362.0, ""borsa"": 3, ""fiyat"": 63875.0, ""kaynak"": ""BNB+BYB+OKX""}]",YOK,0.0877,-0.0527,0.3344,0.212,false,0.0318,true,0.1526,1,0,3,0,1,3,14.8,15.9,IZLE,,25,63855.8,,,,,SEVIYE,65,23.9,3,,,,,,,1785194880,1,2,,29,534.5,27,,,
28945,2026-07-27 23:33:12.600728+00,63839.95,3584495.2371193073,1474147.7029999995,11689504310.2955,0.000070782,51593503.34859,4151.2067,100.0,BEKLE,false,4087.3664,63.840300000000006,1.6539,785.749,56537961.88219006,785.749,100.0,0.0,"[{""usdt"": 15257809.0, ""borsa"": 3, ""fiyat"": 63825.0, ""kaynak"": ""BNB+BYB+OKX""}, {""usdt"": 10898840.0, ""borsa"": 1, ""fiyat"": 63725.0, ""kaynak"": ""BNB""}, {""usdt"": 9109666.0, ""borsa"": 1, ""fiyat"": 63750.0, ""kaynak"": ""BNB""}]","[{""usdt"": 16088993.0, ""borsa"": 1, ""fiyat"": 63925.0, ""kaynak"": ""BNB""}, {""usdt"": 11405858.0, ""borsa"": 1, ""fiyat"": 63900.0, ""kaynak"": ""BNB""}, {""usdt"": 9826120.0, ""borsa"": 3, ""fiyat"": 63875.0, ""kaynak"": ""BNB+BYB+OKX""}]",YOK,0.0657,-0.0457,0.3392,0.1004,false,0.0473,true,0,1,0,3,2,0,3,11.5,12.6,IZLE,,25,63855.8,,,,,SEVIYE,65,24.9,3,,,,,,,1785195060,2,0,,29,535.5,27,,,
28946,2026-07-27 23:34:12.903392+00,63824.95,3214305.0125544076,1419125.0129999998,11687508940.9915,0.000070782,59376440.268029995,63.840300000000006,100.0,BEKLE,false,0.0,63.840300000000006,1.6539,846.117,56385327.352729976,846.117,100.0,0.0,"[{""usdt"": 17601456.0, ""borsa"": 3, ""fiyat"": 63800.0, ""kaynak"": ""BNB+BYB+OKX""}, {""usdt"": 10219055.0, ""borsa"": 1, ""fiyat"": 63750.0, ""kaynak"": ""BNB""}, {""usdt"": 8478941.0, ""borsa"": 1, ""fiyat"": 63725.0, ""kaynak"": ""BNB""}]","[{""usdt"": 15798039.0, ""borsa"": 1, ""fiyat"": 63925.0, ""kaynak"": ""BNB""}, {""usdt"": 14298169.0, ""borsa"": 1, ""fiyat"": 63900.0, ""kaynak"": ""BNB""}, {""usdt"": 12143555.0, ""borsa"": 3, ""fiyat"": 63850.0, ""kaynak"": ""BNB+BYB+OKX""}]",YOK,0.075,0.0258,0.3704,0.2148,false,0.1227,true,0,1,0,3,2,0,3,8,9.1,IZLE,,25,63855.8,,,,,SEVIYE,65,25.9,3,,,,,,,1785195060,1,0,,29,536.5,27,,,
28947,2026-07-27 23:35:13.215707+00,63811.350000000006,3221841.0791261084,1459927.206,11684543265.0955,0.000070782,50945466.40179002,127.66300000000001,32.8,BEKLE,false,63.8227,63.840300000000006,1.6539,906.394,58109965.834539935,906.394,32.8,0.0,"[{""usdt"": 16210475.0, ""borsa"": 3, ""fiyat"": 63800.0, ""kaynak"": ""BNB+BYB+OKX""}, {""usdt"": 9826033.0, ""borsa"": 1, ""fiyat"": 63700.0, ""kaynak"": ""BNB""}, {""usdt"": 9096919.0, ""borsa"": 1, ""fiyat"": 63750.0, ""kaynak"": ""BNB""}]","[{""usdt"": 14018615.0, ""borsa"": 3, ""fiyat"": 63825.0, ""kaynak"": ""BNB+BYB+OKX""}, {""usdt"": 13182418.0, ""borsa"": 1, ""fiyat"": 63900.0, ""kaynak"": ""BNB""}, {""usdt"": 11725011.0, ""borsa"": 1, ""fiyat"": 63925.0, ""kaynak"": ""BNB""}]",YOK,0.0154,-0.0657,0.2695,1.394,false,0.144,true,0,1,1,3,0,0,3,4.4,5.5,IZLE,,25,63855.8,,,,,SEVIYE,65,26.9,3,,,,,,,1785195180,1,0,,29,537.5,27,,,
28948,2026-07-27 23:36:13.523272+00,63728.350000000006,1736747.6421974073,752182.5019999999,11675936481.8804,0.000070782,45065813.87009002,127.66300000000001,0.0,BEKLE,,63.8227,63.840300000000006,1.6624,0,54709734.84644004,0,0.0,0.0,"[{""usdt"": 9365324.0, ""borsa"": 2, ""fiyat"": 63800.0, ""kaynak"": ""BYB+OKX""}, {""usdt"": 8402624.0, ""borsa"": 1, ""fiyat"": 63650.0, ""kaynak"": ""BNB""}, {""usdt"": 7425578.0, ""borsa"": 1, ""fiyat"": 63675.0, ""kaynak"": ""BNB""}]","[{""usdt"": 14621735.0, ""borsa"": 3, ""fiyat"": 63825.0, ""kaynak"": ""BNB+BYB+OKX""}, {""usdt"": 13376864.0, ""borsa"": 3, ""fiyat"": 63850.0, ""kaynak"": ""BNB+BYB+OKX""}, {""usdt"": 9081985.0, ""borsa"": 1, ""fiyat"": 63800.0, ""kaynak"": ""BNB""}]",YOK,-0.0892,-0.0967,0.4593,2.6624,false,0.2463,true,0,1,1,3,0,0,3,64.3,63.3,IZLE,,25,63747.2,,,,,SEVIYE,85,27.9,3,,,,,,,1785195180,1,1,,29,538.5,27,,,
28949,2026-07-27 23:37:13.884811+00,63733.149999999994,-557975.2296771924,-1099924.8080000002,11668189662.448399,0.000070782,44407488.46880003,16380.392300000001,23.1,BEKLE,false,16380.392300000001,0.0,1.6624,60.326,54579449.85579004,60.326,23.1,0.0,"[{""usdt"": 11585925.0, ""borsa"": 3, ""fiyat"": 63725.0, ""kaynak"": ""BNB+BYB+OKX""}, {""usdt"": 8402624.0, ""borsa"": 1, ""fiyat"": 63650.0, ""kaynak"": ""BNB""}, {""usdt"": 7425578.0, ""borsa"": 1, ""fiyat"": 63675.0, ""kaynak"": ""BNB""}]","[{""usdt"": 15378598.0, ""borsa"": 3, ""fiyat"": 63775.0, ""kaynak"": ""BNB+BYB+OKX""}, {""usdt"": 9795326.0, ""borsa"": 3, ""fiyat"": 63750.0, ""kaynak"": ""BNB+BYB+OKX""}, {""usdt"": 9281326.0, ""borsa"": 1, ""fiyat"": 63850.0, ""kaynak"": ""BNB""}]",YOK,-0.0276,-0.1028,0.3727,0.7441,false,0.3688,true,0,1,1,3,0,1,3,60.7,61.8,IZLE,,50,63747.2,,,,,SEVIYE+TASFIYE,85,28.9,3,,,,,,,1785195360,1,0,,29,539.6,27,,,
28950,2026-07-27 23:38:14.784002+00,63737.149999999994,-389362.63379709213,-734738.461,11671186127.0695,0.000070782,49844117.05594002,16389.4291,45.6,BEKLE,false,16389.4291,0.0,1.6624,0,47727929.480210066,121.286,45.6,0.0,"[{""usdt"": 13936432.0, ""borsa"": 3, ""fiyat"": 63725.0, ""kaynak"": ""BNB+BYB+OKX""}, {""usdt"": 8923537.0, ""borsa"": 1, ""fiyat"": 63650.0, ""kaynak"": ""BNB""}, {""usdt"": 8476105.0, ""borsa"": 1, ""fiyat"": 63675.0, ""kaynak"": ""BNB""}]","[{""usdt"": 10947655.0, ""borsa"": 1, ""fiyat"": 63800.0, ""kaynak"": ""BNB""}, {""usdt"": 9951117.0, ""borsa"": 3, ""fiyat"": 63750.0, ""kaynak"": ""BNB+BYB+OKX""}, {""usdt"": 9479287.0, ""borsa"": 3, ""fiyat"": 63775.0, ""kaynak"": ""BNB+BYB+OKX""}]",YOK,-0.1542,0.0217,0.4106,0.6941,false,0.3293,true,0,0,1,3,1,0,3,57.8,58.9,HAZIRLAN,SHORT,75,63747.2,63656.7,63656.7,63754.4,4.66,SEVIYE+TASFIYE+EMILIM,85,29.9,3,,,,,,,1785195360,1,0,4.66,29,540.6,27,,,
28951,2026-07-27 23:39:15.253394+00,63724.75,-581675.6173404928,-878526.612,11670235061.577599,0.000070782,45584577.43264998,16453.0708,44.7,BEKLE,true,16453.0708,0.0,1.6624,60.339,55985156.309850104,181.625,44.7,0.0,"[{""usdt"": 9985797.0, ""borsa"": 3, ""fiyat"": 63700.0, ""kaynak"": ""BNB+BYB+OKX""}, {""usdt"": 9459584.0, ""borsa"": 3, ""fiyat"": 63725.0, ""kaynak"": ""BNB+BYB+OKX""}, {""usdt"": 9247158.0, ""borsa"": 1, ""fiyat"": 63625.0, ""kaynak"": ""BNB""}]","[{""usdt"": 19626124.0, ""borsa"": 3, ""fiyat"": 63750.0, ""kaynak"": ""BNB+BYB+OKX""}, {""usdt"": 9595782.0, ""borsa"": 1, ""fiyat"": 63800.0, ""kaynak"": ""BNB""}, {""usdt"": 8063019.0, ""borsa"": 1, ""fiyat"": 63850.0, ""kaynak"": ""BNB""}]",YOK,-0.0861,-0.1024,0.3796,0.6964,false,0.3356,true,0,0,1,3,0,1,3,54.3,55.4,IZLE,,50,63742.3,,,,,SEVIYE+TASFIYE,85,30.9,4,,,,,,,1785195420,1,0,,28,1042.2,26,,,
28952,2026-07-27 23:40:15.592088+00,63727.649999999994,-435062.5013125926,-852534.544,11669075466.2672,0.000070782,51498410.01307999,16453.0708,60.7,BEKLE,true,16453.0708,0.0,1.6624,120.819,51979059.705750056,242.105,60.7,0.0,"[{""usdt"": 14935768.0, ""borsa"": 3, ""fiyat"": 63700.0, ""kaynak"": ""BNB+BYB+OKX""}, {""usdt"": 10200854.0, ""borsa"": 1, ""fiyat"": 63625.0, ""kaynak"": ""BNB""}, {""usdt"": 7697053.0, ""borsa"": 1, ""fiyat"": 63675.0, ""kaynak"": ""BNB""}]","[{""usdt"": 15916706.0, ""borsa"": 3, ""fiyat"": 63750.0, ""kaynak"": ""BNB+BYB+OKX""}, {""usdt"": 9749796.0, ""borsa"": 1, ""fiyat"": 63800.0, ""kaynak"": ""BNB""}, {""usdt"": 7663066.0, ""borsa"": 1, ""fiyat"": 63775.0, ""kaynak"": ""BNB""}]",YOK,-0.0722,-0.0046,0.3694,0.5876,false,0.1798,true,0,0,1,3,1,1,3,50.8,51.9,IZLE,,50,63742.3,,,,,SEVIYE+TASFIYE,85,31.9,4,,,,,,,1785195420,1,1,,28,1043.2,26,,,
28953,2026-07-27 23:41:15.868411+00,63726.649999999994,-2994676.166566799,-3135486.9510000004,11668214446.922699,0.000070782,48926611.31124997,19193.4522,85.7,BEKLE,false,19193.4522,0.0,1.6624,181.114,55426665.13791005,302.4,85.7,0.0,"[{""usdt"": 12314500.0, ""borsa"": 3, ""fiyat"": 63700.0, ""kaynak"": ""BNB+BYB+OKX""}, {""usdt"": 10524051.0, ""borsa"": 1, ""fiyat"": 63650.0, ""kaynak"": ""BNB""}, {""usdt"": 7836633.0, ""borsa"": 3, ""fiyat"": 63725.0, ""kaynak"": ""BNB+BYB+OKX""}]","[{""usdt"": 19732915.0, ""borsa"": 3, ""fiyat"": 63750.0, ""kaynak"": ""BNB+BYB+OKX""}, {""usdt"": 10025808.0, ""borsa"": 1, ""fiyat"": 63800.0, ""kaynak"": ""BNB""}, {""usdt"": 7742416.0, ""borsa"": 1, ""fiyat"": 63825.0, ""kaynak"": ""BNB""}]",YOK,-0.0426,-0.0623,0.3107,0.0078,false,0.3473,true,0,0,1,3,0,1,3,46.9,48,IZLE,,50,63742.3,,,,,SEVIYE+TASFIYE,85,32.9,4,,,,,,,1785195540,1,0,,28,1044.2,26,,,
28954,2026-07-27 23:42:16.387502+00,63619.149999999994,-3317323.341843899,-4369926.760000001,11662205063.2145,0.000070782,52484850.80015999,7262.7387,56.2,BEKLE,true,7262.7387,0.0,1.6638,181.025,54028271.390319996,120.545,56.2,0.0,"[{""usdt"": 13187782.0, ""borsa"": 3, ""fiyat"": 63675.0, ""kaynak"": ""BNB+BYB+OKX""}, {""usdt"": 10802540.0, ""borsa"": 1, ""fiyat"": 63575.0, ""kaynak"": ""BNB""}, {""usdt"": 9816871.0, ""borsa"": 1, ""fiyat"": 63625.0, ""kaynak"": ""BNB""}]","[{""usdt"": 18876308.0, ""borsa"": 3, ""fiyat"": 63725.0, ""kaynak"": ""BNB+BYB+OKX""}, {""usdt"": 7760788.0, ""borsa"": 1, ""fiyat"": 63750.0, ""kaynak"": ""BNB""}, {""usdt"": 7716711.0, ""borsa"": 3, ""fiyat"": 63700.0, ""kaynak"": ""BNB+BYB+OKX""}]",YOK,-0.0772,-0.0145,0.2381,0.6846,false,0.4041,true,0,0,1,3,1,1,3,43.3,44.4,IZLE,,25,63607.1,,,,,SEVIYE,45,23.9,3,,,,,,,1785195660,1,0,,28,1045.3,26,,,
28955,2026-07-27 23:43:16.92969+00,63649.95,-4937220.016696599,-5587686.319000001,11650474299.572601,0.000070782,62647494.09547995,54913.4552,70.2,BEKLE,,54913.4552,0.0,1.6638,60.697,46825800.91530001,0,70.2,0.0,"[{""usdt"": 19931429.0, ""borsa"": 3, ""fiyat"": 63600.0, ""kaynak"": ""BNB+BYB+OKX""}, {""usdt"": 15303287.0, ""borsa"": 1, ""fiyat"": 63575.0, ""kaynak"": ""BNB""}, {""usdt"": 12582618.0, ""borsa"": 1, ""fiyat"": 63550.0, ""kaynak"": ""BNB""}]","[{""usdt"": 11758665.0, ""borsa"": 3, ""fiyat"": 63650.0, ""kaynak"": ""BNB+BYB+OKX""}, {""usdt"": 10133139.0, ""borsa"": 1, ""fiyat"": 63700.0, ""kaynak"": ""BNB""}, {""usdt"": 7456436.0, ""borsa"": 1, ""fiyat"": 63725.0, ""kaynak"": ""BNB""}]",YOK,-0.218,0.1445,0.2577,0.3438,false,0.5725,true,0,0,2,3,2,0,3,40.1,41.2,HAZIRLAN,SHORT,75,63652.5,63607.1,63000,63659.7,66.85,SEVIYE+TASFIYE+EMILIM,85,34.9,4,,,,,,,1785195720,2,0,4.41,28,1046.3,26,,,
28956,2026-07-27 23:44:17.284572+00,63646.25,-4490620.655710699,-5151099.242000001,11662036207.5605,0.000070782,56334270.24445995,55555.700800000006,78.5,BEKLE,true,55555.700800000006,0.0,1.6638,121.146,45384561.273569986,60.449,78.5,0.0,"[{""usdt"": 15736943.0, ""borsa"": 3, ""fiyat"": 63650.0, ""kaynak"": ""BNB+BYB+OKX""}, {""usdt"": 15396233.0, ""borsa"": 1, ""fiyat"": 63575.0, ""kaynak"": ""BNB""}, {""usdt"": 9274664.0, ""borsa"": 1, ""fiyat"": 63550.0, ""kaynak"": ""BNB""}]","[{""usdt"": 11413135.0, ""borsa"": 3, ""fiyat"": 63700.0, ""kaynak"": ""BNB+BYB+OKX""}, {""usdt"": 9380176.0, ""borsa"": 1, ""fiyat"": 63750.0, ""kaynak"": ""BNB""}, {""usdt"": 8429028.0, ""borsa"": 3, ""fiyat"": 63675.0, ""kaynak"": ""BNB+BYB+OKX""}]",YOK,-0.0986,0.1076,0.2531,0.3538,false,0.4329,true,0,0,1,3,0,0,3,36.7,37.7,IZLE,,50,63652.5,,,,,SEVIYE+TASFIYE,85,36.0,4,,,,,,,1785195720,2,0,,28,1047.3,26,,,
28957,2026-07-27 23:45:17.673246+00,63659.350000000006,-4807333.4748227,-6876473.647000001,11647848882.5674,0.000070782,61160890.134709954,52815.3194,89.8,BEKLE,true,52815.3194,0.0,1.6638,181.476,48451451.257470064,0,89.8,0.0,"[{""usdt"": 17074985.0, ""borsa"": 1, ""fiyat"": 63575.0, ""kaynak"": ""BNB""}, {""usdt"": 15000493.0, ""borsa"": 1, ""fiyat"": 63550.0, ""kaynak"": ""BNB""}, {""usdt"": 12818858.0, ""borsa"": 3, ""fiyat"": 63625.0, ""kaynak"": ""BNB+BYB+OKX""}]","[{""usdt"": 14528193.0, ""borsa"": 3, ""fiyat"": 63675.0, ""kaynak"": ""BNB+BYB+OKX""}, {""usdt"": 9887649.0, ""borsa"": 1, ""fiyat"": 63725.0, ""kaynak"": ""BNB""}, {""usdt"": 8014365.0, ""borsa"": 1, ""fiyat"": 63750.0, ""kaynak"": ""BNB""}]",YOK,-0.0952,0.1159,0.2119,0.2304,false,3.2879,true,0,0,1,3,1,0,3,33.1,34.2,IZLE,,50,63652.5,,,,,SEVIYE+TASFIYE,85,37.0,4,,,,,,,1785195720,2,0,,28,1048.3,26,,,
28958,2026-07-27 23:46:18.098764+00,63678.05,-3852781.5247472054,-5234649.060000001,11648326725.0443,0.000070782,58100696.39184995,52815.3194,82.6,BEKLE,true,52815.3194,0.0,1.6638,241.885,52413112.787480064,60.409,82.6,0.0,"[{""usdt"": 14673379.0, ""borsa"": 1, ""fiyat"": 63575.0, ""kaynak"": ""BNB""}, {""usdt"": 14042893.0, ""borsa"": 1, ""fiyat"": 63550.0, ""kaynak"": ""BNB""}, {""usdt"": 10396066.0, ""borsa"": 3, ""fiyat"": 63625.0, ""kaynak"": ""BNB+BYB+OKX""}]","[{""usdt"": 17804634.0, ""borsa"": 3, ""fiyat"": 63675.0, ""kaynak"": ""BNB+BYB+OKX""}, {""usdt"": 10318174.0, ""borsa"": 1, ""fiyat"": 63750.0, ""kaynak"": ""BNB""}, {""usdt"": 7673594.0, ""borsa"": 1, ""fiyat"": 63725.0, ""kaynak"": ""BNB""}]",YOK,-0.0833,0.0515,0.1315,0.5184,false,,true,0,0,0,3,0,0,3,29.7,30.8,IZLE,,50,63652.5,,,,,SEVIYE+TASFIYE,85,38.0,4,PCT,1.59,0.02077813759632057,8.572167123904865,false,0.012,1785195720,2,1,,28,1049.3,26,,,
28959,2026-07-27 23:47:19.36049+00,63674.05,-3329189.202240204,-5421737.280000001,11652945044.198002,0.000070782,70982582.09952,43648.913,75.0,BEKLE,,43648.913,0.0,1.6638,303.094,50241355.22850001,61.209,75.0,0.0,"[{""usdt"": 19567034.0, ""borsa"": 3, ""fiyat"": 63625.0, ""kaynak"": ""BNB+BYB+OKX""}, {""usdt"": 16738144.0, ""borsa"": 1, ""fiyat"": 63575.0, ""kaynak"": ""BNB""}, {""usdt"": 16255215.0, ""borsa"": 1, ""fiyat"": 63550.0, ""kaynak"": ""BNB""}]","[{""usdt"": 14416207.0, ""borsa"": 3, ""fiyat"": 63675.0, ""kaynak"": ""BNB+BYB+OKX""}, {""usdt"": 9054739.0, ""borsa"": 1, ""fiyat"": 63750.0, ""kaynak"": ""BNB""}, {""usdt"": 7953964.0, ""borsa"": 1, ""fiyat"": 63700.0, ""kaynak"": ""BNB""}]",PERP,-0.136,0.1711,0.0042,1.3422,false,,true,0,0,2,3,2,0,3,26.6,28.2,IZLE,,50,63652.5,,,,,SEVIYE+TASFIYE,85,39.0,4,,,,,,,1785195720,2,0,,28,1050.3,26,,,
28960,2026-07-27 23:48:20.413889+00,63687.350000000006,-2131071.369354405,-4721878.147000001,11652632837.6531,0.000070782,53083288.33791,0.0,33.2,BEKLE,false,0.0,0.0,1.6702,364.231,46378575.08148001,122.346,0.0,33.2,"[{""usdt"": 15383918.0, ""borsa"": 1, ""fiyat"": 63575.0, ""kaynak"": ""BNB""}, {""usdt"": 13565685.0, ""borsa"": 3, ""fiyat"": 63675.0, ""kaynak"": ""BNB+BYB+OKX""}, {""usdt"": 8617957.0, ""borsa"": 1, ""fiyat"": 63600.0, ""kaynak"": ""BNB""}]","[{""usdt"": 15272881.0, ""borsa"": 3, ""fiyat"": 63700.0, ""kaynak"": ""BNB+BYB+OKX""}, {""usdt"": 9063498.0, ""borsa"": 1, ""fiyat"": 63750.0, ""kaynak"": ""BNB""}, {""usdt"": 8533220.0, ""borsa"": 1, ""fiyat"": 63775.0, ""kaynak"": ""BNB""}]",YOK,-0.0284,0.0674,0.5456,0.5067,false,,true,0,0,0,3,1,1,3,23.9,25,IZLE,,25,63652.5,,,,,SEVIYE,85,40.0,4,,,,,,,,,0,,28,1051.3,26,,,
28961,2026-07-27 23:49:20.721777+00,63650.05,-1716984.468897006,-4411183.876,11660372157.2383,0.000070782,72347921.35665005,0.0,28.8,BEKLE,true,0.0,0.0,1.6702,424.558,45119540.895089984,0,0.0,28.8,"[{""usdt"": 17456559.0, ""borsa"": 1, ""fiyat"": 63575.0, ""kaynak"": ""BNB""}, {""usdt"": 16716301.0, ""borsa"": 3, ""fiyat"": 63675.0, ""kaynak"": ""BNB+BYB+OKX""}, {""usdt"": 14295949.0, ""borsa"": 3, ""fiyat"": 63650.0, ""kaynak"": ""BNB+BYB+OKX""}]","[{""usdt"": 12867012.0, ""borsa"": 3, ""fiyat"": 63700.0, ""kaynak"": ""BNB+BYB+OKX""}, {""usdt"": 7690515.0, ""borsa"": 1, ""fiyat"": 63750.0, ""kaynak"": ""BNB""}, {""usdt"": 7619941.0, ""borsa"": 1, ""fiyat"": 63775.0, ""kaynak"": ""BNB""}]",PERP,-0.0559,0.2318,0.5698,0.057,false,,true,0,0,0,3,2,0,3,20.4,21.5,IZLE,,25,63648.4,,,,,SEVIYE,85,41.0,5,,,,,,,,,0,,28,1052.3,26,,,
28962,2026-07-27 23:50:21.094374+00,63699.95,-1752284.6551784049,-4423310.477000001,11669840267.4453,0.000070782,60814744.27659998,0.0,48.5,BEKLE,true,0.0,0.0,1.6702,484.91,51045687.31083002,0,0.0,48.5,"[{""usdt"": 16641047.0, ""borsa"": 1, ""fiyat"": 63575.0, ""kaynak"": ""BNB""}, {""usdt"": 13184246.0, ""borsa"": 1, ""fiyat"": 63550.0, ""kaynak"": ""BNB""}, {""usdt"": 10777145.0, ""borsa"": 3, ""fiyat"": 63650.0, ""kaynak"": ""BNB+BYB+OKX""}]","[{""usdt"": 14626416.0, ""borsa"": 3, ""fiyat"": 63700.0, ""kaynak"": ""BNB+BYB+OKX""}, {""usdt"": 10398175.0, ""borsa"": 1, ""fiyat"": 63750.0, ""kaynak"": ""BNB""}, {""usdt"": 10340571.0, ""borsa"": 3, ""fiyat"": 63675.0, ""kaynak"": ""BNB+BYB+OKX""}]",YOK,-0.0533,0.0873,0.3056,0.2965,false,,true,0,0,1,3,1,0,3,16.8,17.9,IZLE,,25,63648.4,,,,,SEVIYE,85,42.0,5,,,,,,,,,0,,28,1053.3,26,,,
28963,2026-07-27 23:51:21.397421+00,63698.95,754024.6653015947,-2428583.261,11670843723.4258,0.000070782,52107773.41075005,0.0,46.5,BEKLE,true,0.0,0.0,1.6759,545.255,45751673.57996997,60.345,0.0,46.5,"[{""usdt"": 13696777.0, ""borsa"": 1, ""fiyat"": 63575.0, ""kaynak"": ""BNB""}, {""usdt"": 12675232.0, ""borsa"": 3, ""fiyat"": 63675.0, ""kaynak"": ""BNB+BYB+OKX""}, {""usdt"": 10527849.0, ""borsa"": 1, ""fiyat"": 63600.0, ""kaynak"": ""BNB""}]","[{""usdt"": 12420494.0, ""borsa"": 3, ""fiyat"": 63725.0, ""kaynak"": ""BNB+BYB+OKX""}, {""usdt"": 10561297.0, ""borsa"": 1, ""fiyat"": 63775.0, ""kaynak"": ""BNB""}, {""usdt"": 9651937.0, ""borsa"": 3, ""fiyat"": 63700.0, ""kaynak"": ""BNB+BYB+OKX""}]",YOK,0.0358,0.065,0.3672,0.1216,false,,true,0.0096,0,0,3,0,0,3,13.4,14.4,IZLE,,25,63648.4,,,,,SEVIYE,85,43.0,5,,,,,,,,,0,,28,1054.3,26,,,
28964,2026-07-27 23:52:21.765614+00,63719.850000000006,1453673.1162715945,-1662825.274,11680052726.16,0.000070782,51553639.82828992,0.0,46.0,BEKLE,true,0.0,0.0,1.6759,363.674,47949648.72382005,60.304,0.0,46.0,"[{""usdt"": 21008154.0, ""borsa"": 3, ""fiyat"": 63700.0, ""kaynak"": ""BNB+BYB+OKX""}, {""usdt"": 10043767.0, ""borsa"": 1, ""fiyat"": 63625.0, ""kaynak"": ""BNB""}, {""usdt"": 7556414.0, ""borsa"": 1, ""fiyat"": 63675.0, ""kaynak"": ""BNB""}]","[{""usdt"": 12900170.0, ""borsa"": 3, ""fiyat"": 63725.0, ""kaynak"": ""BNB+BYB+OKX""}, {""usdt"": 9330706.0, ""borsa"": 1, ""fiyat"": 63800.0, ""kaynak"": ""BNB""}, {""usdt"": 8875134.0, ""borsa"": 1, ""fiyat"": 63825.0, ""kaynak"": ""BNB""}]",YOK,0.0441,0.0362,0.3102,0.2168,false,,true,0.0134,0,0,3,1,0,3,9.8,10.9,IZLE,,25,63757,,,,,SEVIYE,85,54.0,6,,,,,,,,,0,,28,1055.3,26,,,
28965,2026-07-27 23:53:22.204367+00,63731.149999999994,1747110.060445396,-1135098.414,11682585371.160301,0.000070782,56702748.53810997,0.0,48.5,BEKLE,true,0.0,0.0,1.6759,424.165,50046347.67402001,60.491,0.0,48.5,"[{""usdt"": 18553351.0, ""borsa"": 3, ""fiyat"": 63700.0, ""kaynak"": ""BNB+BYB+OKX""}, {""usdt"": 9130531.0, ""borsa"": 3, ""fiyat"": 63725.0, ""kaynak"": ""BNB+BYB+OKX""}, {""usdt"": 8752622.0, ""borsa"": 1, ""fiyat"": 63650.0, ""kaynak"": ""BNB""}]","[{""usdt"": 13981793.0, ""borsa"": 3, ""fiyat"": 63750.0, ""kaynak"": ""BNB+BYB+OKX""}, {""usdt"": 9473929.0, ""borsa"": 1, ""fiyat"": 63800.0, ""kaynak"": ""BNB""}, {""usdt"": 9384925.0, ""borsa"": 1, ""fiyat"": 63825.0, ""kaynak"": ""BNB""}]",YOK,0.0575,0.0624,0.2765,0.2279,false,,false,0.0169,0,0,3,2,0,3,6.4,7.5,IZLE,,25,63757,,,,,SEVIYE,85,55.0,6,,,,,,,,,0,,28,1056.4,26,,,
28966,2026-07-27 23:54:22.837839+00,63730.55,2322646.8023874974,-898336.4709999999,11688240252.1889,0.000070782,49108046.293020025,0.0,41.4,BEKLE,true,0.0,0.0,1.6759,60.327,49618951.47257003,60.327,0.0,41.4,"[{""usdt"": 11667343.0, ""borsa"": 3, ""fiyat"": 63700.0, ""kaynak"": ""BNB+BYB+OKX""}, {""usdt"": 9565745.0, ""borsa"": 3, ""fiyat"": 63725.0, ""kaynak"": ""BNB+BYB+OKX""}, {""usdt"": 8347504.0, ""borsa"": 1, ""fiyat"": 63650.0, ""kaynak"": ""BNB""}]","[{""usdt"": 14301949.0, ""borsa"": 3, ""fiyat"": 63750.0, ""kaynak"": ""BNB+BYB+OKX""}, {""usdt"": 10401666.0, ""borsa"": 1, ""fiyat"": 63800.0, ""kaynak"": ""BNB""}, {""usdt"": 7940380.0, ""borsa"": 1, ""fiyat"": 63825.0, ""kaynak"": ""BNB""}]",YOK,0.0372,-0.0052,0.289,0.4205,false,,false,0.0202,0,0,3,0,0,3,3,4,IZLE,,25,63757,,,,,SEVIYE,85,56.1,6,,,,,,,,,0,,28,1057.4,26,,,
28967,2026-07-27 23:55:23.253757+00,63728.649999999994,1976740.9177445972,-836890.3369999999,11685598475.750698,0.000070782,54254140.87312004,0.0,56.0,BEKLE,true,0.0,0.0,1.6759,121.042,48462918.38257005,121.042,0.0,56.0,"[{""usdt"": 15981529.0, ""borsa"": 3, ""fiyat"": 63700.0, ""kaynak"": ""BNB+BYB+OKX""}, {""usdt"": 10175111.0, ""borsa"": 3, ""fiyat"": 63725.0, ""kaynak"": ""BNB+BYB+OKX""}, {""usdt"": 7613927.0, ""borsa"": 1, ""fiyat"": 63675.0, ""kaynak"": ""BNB""}]","[{""usdt"": 14788997.0, ""borsa"": 3, ""fiyat"": 63750.0, ""kaynak"": ""BNB+BYB+OKX""}, {""usdt"": 9844774.0, ""borsa"": 1, ""fiyat"": 63800.0, ""kaynak"": ""BNB""}, {""usdt"": 8316147.0, ""borsa"": 1, ""fiyat"": 63825.0, ""kaynak"": ""BNB""}]",YOK,0.0372,0.0564,0.2687,0.1509,false,,true,0.0999,0,0,3,0,0,3,63.7,62.2,IZLE,,25,63757,,,,,SEVIYE,85,57.1,6,,,,,,,,,0,,28,1058.4,26,,,
28968,2026-07-27 23:56:23.571577+00,63720.75,3905805.8591690017,518886.0739999999,11685082491.3288,0.000070782,54595241.646850035,0.0,61.5,BEKLE,true,0.0,0.0,1.6759,181.386,48708203.46973005,181.386,0.0,61.5,"[{""usdt"": 16876562.0, ""borsa"": 3, ""fiyat"": 63700.0, ""kaynak"": ""BNB+BYB+OKX""}, {""usdt"": 9621179.0, ""borsa"": 3, ""fiyat"": 63725.0, ""kaynak"": ""BNB+BYB+OKX""}, {""usdt"": 7613927.0, ""borsa"": 1, ""fiyat"": 63675.0, ""kaynak"": ""BNB""}]","[{""usdt"": 15638271.0, ""borsa"": 3, ""fiyat"": 63750.0, ""kaynak"": ""BNB+BYB+OKX""}, {""usdt"": 9844774.0, ""borsa"": 1, ""fiyat"": 63800.0, ""kaynak"": ""BNB""}, {""usdt"": 8316147.0, ""borsa"": 1, ""fiyat"": 63825.0, ""kaynak"": ""BNB""}]",YOK,0.0386,0.057,0.2743,0.1384,false,,true,0.1915,1,0,3,0,0,3,60.2,61.2,IZLE,,25,63757,,,,,SEVIYE,85,58.1,6,,,,,,,,,0,,28,1059.4,26,,,
28969,2026-07-27 23:57:23.890102+00,63743.149999999994,4167316.5484061013,450623.1709999999,11689384977.850899,0.000070782,55646584.13541003,0.0,64.5,BEKLE,true,0.0,0.0,1.6802,241.659,50127185.22207006,241.659,0.0,64.5,"[{""usdt"": 18274767.0, ""borsa"": 3, ""fiyat"": 63700.0, ""kaynak"": ""BNB+BYB+OKX""}, {""usdt"": 8828971.0, ""borsa"": 3, ""fiyat"": 63725.0, ""kaynak"": ""BNB+BYB+OKX""}, {""usdt"": 7424215.0, ""borsa"": 1, ""fiyat"": 63675.0, ""kaynak"": ""BNB""}]","[{""usdt"": 13632140.0, ""borsa"": 3, ""fiyat"": 63750.0, ""kaynak"": ""BNB+BYB+OKX""}, {""usdt"": 10893603.0, ""borsa"": 1, ""fiyat"": 63800.0, ""kaynak"": ""BNB""}, {""usdt"": 9139151.0, ""borsa"": 1, ""fiyat"": 63825.0, ""kaynak"": ""BNB""}]",YOK,0.022,0.0522,0.3121,0.1955,false,,true,0.238,0,0,3,1,0,3,56.3,57.4,IZLE,,25,63757,,,,,SEVIYE,85,59.1,6,,,,,,,,,0,,28,1060.4,26,,,
28970,2026-07-27 23:58:24.168218+00,63752.95,4429449.191838001,464852.36299999995,11692034118.814701,0.000070782,52108217.93603004,318.7335,60.1,BEKLE,true,0.0,318.7335,1.6802,0,51296211.823070064,241.728,0.0,60.1,"[{""usdt"": 18863289.0, ""borsa"": 3, ""fiyat"": 63725.0, ""kaynak"": ""BNB+BYB+OKX""}, {""usdt"": 10519219.0, ""borsa"": 1, ""fiyat"": 63650.0, ""kaynak"": ""BNB""}, {""usdt"": 7156363.0, ""borsa"": 2, ""fiyat"": 63700.0, ""kaynak"": ""BNB+BYB""}]","[{""usdt"": 13918672.0, ""borsa"": 3, ""fiyat"": 63750.0, ""kaynak"": ""BNB+BYB+OKX""}, {""usdt"": 10751189.0, ""borsa"": 3, ""fiyat"": 63775.0, ""kaynak"": ""BNB+BYB+OKX""}, {""usdt"": 10739048.0, ""borsa"": 1, ""fiyat"": 63825.0, ""kaynak"": ""BNB""}]",YOK,0.063,0.0079,0.3796,0.2223,false,,true,0.2384,0,0,3,0,0,3,52.8,53.9,IZLE,,25,63754,,,,,SEVIYE,85,60.1,7,,,,,,,1785196620,1,0,,27,560.7,25,,,
28971,2026-07-27 23:59:24.519008+00,63720.649999999994,4144830.565274603,468365.16099999996,11690511245.8401,0.000070782,47214839.372140065,318.69599999999997,46.0,BEKLE,true,0.0,318.69599999999997,1.6802,60.198,49006973.210110016,60.198,0.0,46.0,"[{""usdt"": 14171284.0, ""borsa"": 3, ""fiyat"": 63725.0, ""kaynak"": ""BNB+BYB+OKX""}, {""usdt"": 8978535.0, ""borsa"": 1, ""fiyat"": 63650.0, ""kaynak"": ""BNB""}, {""usdt"": 7644141.0, ""borsa"": 1, ""fiyat"": 63675.0, ""kaynak"": ""BNB""}]","[{""usdt"": 13458297.0, ""borsa"": 3, ""fiyat"": 63775.0, ""kaynak"": ""BNB+BYB+OKX""}, {""usdt"": 12477812.0, ""borsa"": 1, ""fiyat"": 63850.0, ""kaynak"": ""BNB""}, {""usdt"": 7814684.0, ""borsa"": 1, ""fiyat"": 63825.0, ""kaynak"": ""BNB""}]",YOK,0.0649,-0.0186,0.3273,0.1282,false,,true,0.2753,0,0,3,0,0,3,49.1,50.2,IZLE,,25,63754,,,,,SEVIYE,85,61.1,7,,,,,,,1785196620,1,0,,27,561.7,25,,,
28972,2026-07-28 00:00:24.816437+00,63756.850000000006,2117090.786114204,1616627.255,11689623684.282001,0.000070782,52464116.57997997,318.69599999999997,42.0,BEKLE,true,0.0,318.69599999999997,1.6802,60.374,46732049.196180016,0,0.0,42.0,"[{""usdt"": 17476038.0, ""borsa"": 3, ""fiyat"": 63700.0, ""kaynak"": ""BNB+BYB+OKX""}, {""usdt"": 7985953.0, ""borsa"": 1, ""fiyat"": 63600.0, ""kaynak"": ""BNB""}, {""usdt"": 7490556.0, ""borsa"": 1, ""fiyat"": 63625.0, ""kaynak"": ""BNB""}]","[{""usdt"": 13816479.0, ""borsa"": 3, ""fiyat"": 63750.0, ""kaynak"": ""BNB+BYB+OKX""}, {""usdt"": 9996608.0, ""borsa"": 1, ""fiyat"": 63800.0, ""kaynak"": ""BNB""}, {""usdt"": 8275231.0, ""borsa"": 1, ""fiyat"": 63825.0, ""kaynak"": ""BNB""}]",YOK,0.0353,0.0578,0.0204,0.2961,true,0,false,13.1353,0,0,3,0,0,3,45.7,46.8,IZLE,,25,63754,,,,,SEVIYE,85,62.1,7,,,,,,,1785196620,1,1,,27,562.7,25,,,
28973,2026-07-28 00:01:25.729435+00,63702.75,2277868.4806394055,1463300.2010000001,11685698702.291899,0.000070782,46542834.135310024,318.69599999999997,45.0,BEKLE,true,0.0,318.69599999999997,1.6802,60.846,47939274.83753996,0,0.0,45.0,"[{""usdt"": 14454207.0, ""borsa"": 3, ""fiyat"": 63725.0, ""kaynak"": ""BNB+BYB+OKX""}, {""usdt"": 10183879.0, ""borsa"": 1, ""fiyat"": 63675.0, ""kaynak"": ""BNB""}, {""usdt"": 7054059.0, ""borsa"": 3, ""fiyat"": 63750.0, ""kaynak"": ""BNB+BYB+OKX""}]","[{""usdt"": 12846668.0, ""borsa"": 3, ""fiyat"": 63775.0, ""kaynak"": ""BNB+BYB+OKX""}, {""usdt"": 11252083.0, ""borsa"": 1, ""fiyat"": 63850.0, ""kaynak"": ""BNB""}, {""usdt"": 8274891.0, ""borsa"": 1, ""fiyat"": 63825.0, ""kaynak"": ""BNB""}]",YOK,0.028,-0.0148,0.3861,0.3078,false,,false,16.3313,0,0,3,1,0,3,42.7,43.8,IZLE,,25,63754,,,,,SEVIYE,85,63.1,7,,,,,,,1785196620,1,2,,27,563.8,25,,,
28974,2026-07-28 00:02:26.043956+00,63698.850000000006,2482164.584313706,1317806.866,11680850486.520601,0.000070782,58293410.34316005,0.0,39.5,BEKLE,true,0.0,0.0,1.6802,0,44189427.687079966,60.384,0.0,39.5,"[{""usdt"": 15283410.0, ""borsa"": 3, ""fiyat"": 63675.0, ""kaynak"": ""BNB+BYB+OKX""}, {""usdt"": 15007080.0, ""borsa"": 1, ""fiyat"": 63575.0, ""kaynak"": ""BNB""}, {""usdt"": 7626287.0, ""borsa"": 1, ""fiyat"": 63650.0, ""kaynak"": ""BNB""}]","[{""usdt"": 11182041.0, ""borsa"": 3, ""fiyat"": 63725.0, ""kaynak"": ""BNB+BYB+OKX""}, {""usdt"": 9249457.0, ""borsa"": 1, ""fiyat"": 63800.0, ""kaynak"": ""BNB""}, {""usdt"": 8647506.0, ""borsa"": 1, ""fiyat"": 63750.0, ""kaynak"": ""BNB""}]",YOK,-0.0134,0.1376,0.4149,0.786,false,0,false,13.1044,0,0,3,2,0,3,39.2,40.3,IZLE,,25,63644.9,,,,,SEVIYE,85,54.1,6,,,,,,,,,0,,27,564.8,25,,,
28975,2026-07-28 00:03:26.577537+00,63688.05,2190955.640390209,1327780.998,11675930460.636799,0.000029412000000000002,47093409.11152999,0.0,49.4,BEKLE,false,0.0,0.0,1.686,60.324,50605609.90091996,60.324,0.0,49.4,"[{""usdt"": 15363397.0, ""borsa"": 3, ""fiyat"": 63675.0, ""kaynak"": ""BNB+BYB+OKX""}, {""usdt"": 7850942.0, ""borsa"": 1, ""fiyat"": 63600.0, ""kaynak"": ""BNB""}, {""usdt"": 7568910.0, ""borsa"": 1, ""fiyat"": 63625.0, ""kaynak"": ""BNB""}]","[{""usdt"": 12707936.0, ""borsa"": 3, ""fiyat"": 63725.0, ""kaynak"": ""BNB+BYB+OKX""}, {""usdt"": 8635271.0, ""borsa"": 1, ""fiyat"": 63775.0, ""kaynak"": ""BNB""}, {""usdt"": 8413829.0, ""borsa"": 1, ""fiyat"": 63800.0, ""kaynak"": ""BNB""}]",YOK,-0.0343,-0.0359,0.4863,1.0159,false,0,false,,0,0,3,0,0,3,35.8,36.8,IZLE,,25,63644.9,,,,,SEVIYE,85,55.1,6,,,,,,,,,0,,27,565.8,25,,,
28976,2026-07-28 00:04:27.01931+00,63737.149999999994,3094854.91456571,1135337.547,11681962959.904,0.000029412000000000002,43224987.08232006,0.0,44.4,BEKLE,,0.0,0.0,1.686,120.895,55688639.297420025,120.895,0.0,44.4,"[{""usdt"": 13589414.0, ""borsa"": 3, ""fiyat"": 63700.0, ""kaynak"": ""BNB+BYB+OKX""}, {""usdt"": 8274988.0, ""borsa"": 1, ""fiyat"": 63625.0, ""kaynak"": ""BNB""}, {""usdt"": 6763917.0, ""borsa"": 1, ""fiyat"": 63650.0, ""kaynak"": ""BNB""}]","[{""usdt"": 18033729.0, ""borsa"": 3, ""fiyat"": 63750.0, ""kaynak"": ""BNB+BYB+OKX""}, {""usdt"": 9964721.0, ""borsa"": 1, ""fiyat"": 63800.0, ""kaynak"": ""BNB""}, {""usdt"": 9155207.0, ""borsa"": 1, ""fiyat"": 63825.0, ""kaynak"": ""BNB""}]",YOK,0.0382,-0.126,0.3649,0.4133,false,0,false,,1,0,3,0,1,3,31.6,33.1,IZLE,,25,63754,,,,,SEVIYE,85,66.1,7,,,,,,,,,0,,27,566.8,25,,,
28977,2026-07-28 00:05:27.52427+00,63700.05,694482.3347303072,-600938.826,11678187647.8626,0.000029412000000000002,50934406.50107005,0.0,60.5,BEKLE,,0.0,0.0,1.686,0,49425971.874239996,121.111,60.5,0.0,"[{""usdt"": 19270623.0, ""borsa"": 3, ""fiyat"": 63700.0, ""kaynak"": ""BNB+BYB+OKX""}, {""usdt"": 9438518.0, ""borsa"": 1, ""fiyat"": 63625.0, ""kaynak"": ""BNB""}, {""usdt"": 6875983.0, ""borsa"": 1, ""fiyat"": 63675.0, ""kaynak"": ""BNB""}]","[{""usdt"": 13530627.0, ""borsa"": 3, ""fiyat"": 63750.0, ""kaynak"": ""BNB+BYB+OKX""}, {""usdt"": 9862215.0, ""borsa"": 1, ""fiyat"": 63825.0, ""kaynak"": ""BNB""}, {""usdt"": 8687621.0, ""borsa"": 1, ""fiyat"": 63800.0, ""kaynak"": ""BNB""}]",YOK,0.0345,0.015,0.1897,0.5457,false,0.0056,false,,1,0,3,1,0,3,28.3,29.4,IZLE,,25,63754,,,,,SEVIYE,85,67.1,7,,,,,,,,,0,,27,567.8,25,,,
28978,2026-07-28 00:06:28.776666+00,63637.95,285316.4611435071,-1197283.286,11669301626.6485,0.000029412000000000002,63962202.19109998,2481.8781,66.6,BEKLE,true,2481.8781,0.0,1.686,0,45729147.390679985,0,66.6,0.0,"[{""usdt"": 14743318.0, ""borsa"": 1, ""fiyat"": 63575.0, ""kaynak"": ""BNB""}, {""usdt"": 13496465.0, ""borsa"": 1, ""fiyat"": 63550.0, ""kaynak"": ""BNB""}, {""usdt"": 12724814.0, ""borsa"": 2, ""fiyat"": 63600.0, ""kaynak"": ""BNB+BYB""}]","[{""usdt"": 13772385.0, ""borsa"": 3, ""fiyat"": 63650.0, ""kaynak"": ""BNB+BYB+OKX""}, {""usdt"": 9054694.0, ""borsa"": 3, ""fiyat"": 63675.0, ""kaynak"": ""BNB+BYB+OKX""}, {""usdt"": 8476896.0, ""borsa"": 1, ""fiyat"": 63700.0, ""kaynak"": ""BNB""}]",PERP,-0.1225,0.1662,0.2146,0.5033,false,0.0783,false,,0,1,3,1,0,3,25.8,26.9,IZLE,,25,63644.9,,,,,SEVIYE,85,58.1,6,,,,,,,1785197160,1,0,,27,568.8,25,,,
28979,2026-07-28 00:07:29.102392+00,63617.25,520652.9496811053,-1284261.5040000002,11667252382.878601,0.000029412000000000002,62891137.38805998,2481.8274,67.3,BEKLE,true,2481.8274,0.0,1.686,60.33,47060113.84724001,60.33,67.3,0.0,"[{""usdt"": 16494146.0, ""borsa"": 3, ""fiyat"": 63600.0, ""kaynak"": ""BNB+BYB+OKX""}, {""usdt"": 14614719.0, ""borsa"": 1, ""fiyat"": 63575.0, ""kaynak"": ""BNB""}, {""usdt"": 13373439.0, ""borsa"": 1, ""fiyat"": 63550.0, ""kaynak"": ""BNB""}]","[{""usdt"": 14087737.0, ""borsa"": 3, ""fiyat"": 63650.0, ""kaynak"": ""BNB+BYB+OKX""}, {""usdt"": 8992146.0, ""borsa"": 1, ""fiyat"": 63725.0, ""kaynak"": ""BNB""}, {""usdt"": 6916493.0, ""borsa"": 1, ""fiyat"": 63675.0, ""kaynak"": ""BNB""}]",YOK,-0.1321,0.144,0.2157,0.6472,false,0.0738,false,,0,2,3,2,0,3,22.2,23.3,IZLE,,25,63607.1,,,,,SEVIYE,45,49.1,5,,,,,,,1785197160,1,0,,27,569.8,25,,,
28980,2026-07-28 00:08:29.402916+00,63606.850000000006,353574.7367658033,-1415108.4980000001,11668229684.261501,0.000029412000000000002,73721011.84449995,3181.709,79.8,BEKLE,true,3181.709,0.0,1.686,120.697,51153867.43710002,120.697,79.8,0.0,"[{""usdt"": 19470493.0, ""borsa"": 3, ""fiyat"": 63600.0, ""kaynak"": ""BNB+BYB+OKX""}, {""usdt"": 16197786.0, ""borsa"": 2, ""fiyat"": 63575.0, ""kaynak"": ""BNB+BYB""}, {""usdt"": 15028244.0, ""borsa"": 1, ""fiyat"": 63500.0, ""kaynak"": ""BNB""}]","[{""usdt"": 14749342.0, ""borsa"": 3, ""fiyat"": 63625.0, ""kaynak"": ""BNB+BYB+OKX""}, {""usdt"": 10687319.0, ""borsa"": 1, ""fiyat"": 63725.0, ""kaynak"": ""BNB""}, {""usdt"": 8762461.0, ""borsa"": 1, ""fiyat"": 63700.0, ""kaynak"": ""BNB""}]",PERP,-0.224,0.1807,0.2034,0.6092,false,0.1844,false,,0,2,3,1,1,3,18.6,19.7,IZLE,,25,63607.1,,,,,SEVIYE,45,50.1,6,,,,,,,1785197220,1,0,,27,570.8,25,,,
28981,2026-07-28 00:09:30.32127+00,63623.95,866495.8635084017,-3724664.363,11677993097.1598,0.000029412000000000002,63617381.372069955,3181.709,58.5,BEKLE,,3181.709,0.0,1.686,181.532,52490773.13927,181.532,58.5,0.0,"[{""usdt"": 20130168.0, ""borsa"": 3, ""fiyat"": 63600.0, ""kaynak"": ""BNB+BYB+OKX""}, {""usdt"": 13966072.0, ""borsa"": 1, ""fiyat"": 63575.0, ""kaynak"": ""BNB""}, {""usdt"": 13368288.0, ""borsa"": 1, ""fiyat"": 63550.0, ""kaynak"": ""BNB""}]","[{""usdt"": 13792458.0, ""borsa"": 3, ""fiyat"": 63650.0, ""kaynak"": ""BNB+BYB+OKX""}, {""usdt"": 10862043.0, ""borsa"": 1, ""fiyat"": 63725.0, ""kaynak"": ""BNB""}, {""usdt"": 7916817.0, ""borsa"": 1, ""fiyat"": 63700.0, ""kaynak"": ""BNB""}]",YOK,-0.1577,0.0958,0.1487,0.5118,false,0.4793,false,,0,2,3,1,0,3,15.5,16.6,IZLE,,25,63607.1,,,,,SEVIYE,45,51.2,6,,,,,,,1785197220,1,1,,27,571.8,25,,,
28982,2026-07-28 00:10:30.716988+00,63611.05,380606.86971689906,-3735051.4269999997,11676028457.6386,0.000029412000000000002,60288550.50174995,3181.709,73.0,BEKLE,true,3181.709,0.0,1.686,241.884,53048653.224060036,241.884,73.0,0.0,"[{""usdt"": 17093837.0, ""borsa"": 2, ""fiyat"": 63575.0, ""kaynak"": ""BNB+BYB""}, {""usdt"": 15411684.0, ""borsa"": 3, ""fiyat"": 63600.0, ""kaynak"": ""BNB+BYB+OKX""}, {""usdt"": 13828472.0, ""borsa"": 1, ""fiyat"": 63550.0, ""kaynak"": ""BNB""}]","[{""usdt"": 14539328.0, ""borsa"": 3, ""fiyat"": 63625.0, ""kaynak"": ""BNB+BYB+OKX""}, {""usdt"": 10843594.0, ""borsa"": 1, ""fiyat"": 63725.0, ""kaynak"": ""BNB""}, {""usdt"": 9879484.0, ""borsa"": 1, ""fiyat"": 63675.0, ""kaynak"": ""BNB""}]",YOK,-0.2098,0.0639,0.0368,0.7065,false,0.9568,false,,0,2,3,0,0,3,12.1,13.1,IZLE,,25,63607.1,,,,,SEVIYE,45,52.2,6,,,,,,,1785197220,1,2,,27,572.8,25,,,
28983,2026-07-28 00:11:31.185752+00,63608.850000000006,-4167623.183289404,-11285530.474000001,11649396932.6778,0.000029412000000000002,39520407.741789974,2871126.0356,59.5,BEKLE,true,2871126.0356,0.0,1.6831,0,39707300.84858001,120.779,59.5,0.0,"[{""usdt"": 8744851.0, ""borsa"": 3, ""fiyat"": 63575.0, ""kaynak"": ""BNB+BYB+OKX""}, {""usdt"": 8158212.0, ""borsa"": 3, ""fiyat"": 63550.0, ""kaynak"": ""BNB+BYB+OKX""}, {""usdt"": 6830616.0, ""borsa"": 1, ""fiyat"": 63500.0, ""kaynak"": ""BNB""}]","[{""usdt"": 11635518.0, ""borsa"": 3, ""fiyat"": 63600.0, ""kaynak"": ""BNB+BYB+OKX""}, {""usdt"": 8474812.0, ""borsa"": 1, ""fiyat"": 63650.0, ""kaynak"": ""BNB""}, {""usdt"": 6465831.0, ""borsa"": 1, ""fiyat"": 63700.0, ""kaynak"": ""BNB""}]",YOK,0.0681,-0.0024,0.144,0.0638,false,1.4647,false,,0,0,3,1,0,3,8.6,9.6,IZLE,,50,63607.1,,,,,SEVIYE+TASFIYE,45,53.2,6,,,,,,,1785197460,3,0,,27,573.8,25,,,
28984,2026-07-28 00:12:32.378882+00,63638.25,-3678821.3429635107,-10928115.339000002,11653126498.352402,0.000029412000000000002,47629102.33218006,2870400.8279999997,67.9,BEKLE,false,2870400.8279999997,0.0,1.6831,0,49414160.726740025,182.035,67.9,0.0,"[{""usdt"": 15420288.0, ""borsa"": 3, ""fiyat"": 63625.0, ""kaynak"": ""BNB+BYB+OKX""}, {""usdt"": 6721245.0, ""borsa"": 1, ""fiyat"": 63500.0, ""kaynak"": ""BNB""}, {""usdt"": 6617784.0, ""borsa"": 1, ""fiyat"": 63575.0, ""kaynak"": ""BNB""}]","[{""usdt"": 14962029.0, ""borsa"": 3, ""fiyat"": 63650.0, ""kaynak"": ""BNB+BYB+OKX""}, {""usdt"": 12363218.0, ""borsa"": 2, ""fiyat"": 63675.0, ""kaynak"": ""BNB+BYB""}, {""usdt"": 8071562.0, ""borsa"": 1, ""fiyat"": 63725.0, ""kaynak"": ""BNB""}]",SPOT,0.1658,-0.0184,0.1423,0.0483,false,1.2423,false,,2,0,3,0,0,3,6,7.1,IZLE,,50,63649.9,,,,,SEVIYE+TASFIYE,85,64.2,7,,,,,,,1785197460,3,0,,27,574.9,25,,,
28985,2026-07-28 00:13:32.991505+00,63581.75,-4554664.945544399,-10898600.567000002,11632007055.8526,0.000029412000000000002,58829234.49959999,2870782.3188,69.9,BEKLE,true,2870400.828,381.49080000000004,1.6831,60.311,49069436.26235998,242.346,69.9,0.0,"[{""usdt"": 23021043.0, ""borsa"": 3, ""fiyat"": 63550.0, ""kaynak"": ""BNB+BYB+OKX""}, {""usdt"": 11234178.0, ""borsa"": 3, ""fiyat"": 63575.0, ""kaynak"": ""BNB+BYB+OKX""}, {""usdt"": 9231376.0, ""borsa"": 1, ""fiyat"": 63500.0, ""kaynak"": ""BNB""}]","[{""usdt"": 15065466.0, ""borsa"": 3, ""fiyat"": 63600.0, ""kaynak"": ""BNB+BYB+OKX""}, {""usdt"": 10275556.0, ""borsa"": 1, ""fiyat"": 63675.0, ""kaynak"": ""BNB""}, {""usdt"": 7263923.0, ""borsa"": 1, ""fiyat"": 63700.0, ""kaynak"": ""BNB""}]",YOK,0.0877,0.0905,0.1647,0.0572,false,1.0522,false,,1,1,3,1,1,3,2.5,3.6,IZLE,,50,63607.1,,,,,SEVIYE+TASFIYE,45,55.2,6,,,,,,,1785197580,3,0,,27,575.9,25,,,
28986,2026-07-28 00:14:33.225653+00,63619.95,-3893139.513146084,-10296383.717999998,11640478376.1197,0.000029412000000000002,59278205.27460006,2870782.2486,85.3,BEKLE,true,2870400.828,381.4206,1.6831,120.967,52697677.22426005,303.002,85.3,0.0,"[{""usdt"": 23590189.0, ""borsa"": 3, ""fiyat"": 63550.0, ""kaynak"": ""BNB+BYB+OKX""}, {""usdt"": 11887045.0, ""borsa"": 1, ""fiyat"": 63500.0, ""kaynak"": ""BNB""}, {""usdt"": 11593274.0, ""borsa"": 3, ""fiyat"": 63575.0, ""kaynak"": ""BNB+BYB+OKX""}]","[{""usdt"": 9462247.0, ""borsa"": 2, ""fiyat"": 63600.0, ""kaynak"": ""BYB+OKX""}, {""usdt"": 9406149.0, ""borsa"": 1, ""fiyat"": 63675.0, ""kaynak"": ""BNB""}, {""usdt"": 8795563.0, ""borsa"": 1, ""fiyat"": 63725.0, ""kaynak"": ""BNB""}]",YOK,0.0877,0.0588,0.2163,0.0123,false,1.4431,false,,1,1,3,1,1,3,63.1,61.7,IZLE,,50,63607.1,,,,,SEVIYE+TASFIYE,45,56.2,6,,,,,,,1785197580,3,0,,27,576.9,25,,,
28987,2026-07-28 00:15:33.60191+00,63655.649999999994,-4706913.119769777,-9135065.855999999,11647885314.774601,0.000029412000000000002,45179731.326110065,2050987.9769000004,75.0,BEKLE,,2050606.5563000003,381.4206,1.6831,181.147,52778179.31056005,363.182,75.0,0.0,"[{""usdt"": 11887045.0, ""borsa"": 1, ""fiyat"": 63500.0, ""kaynak"": ""BNB""}, {""usdt"": 11503858.0, ""borsa"": 3, ""fiyat"": 63600.0, ""kaynak"": ""BNB+BYB+OKX""}, {""usdt"": 7462369.0, ""borsa"": 3, ""fiyat"": 63575.0, ""kaynak"": ""BNB+BYB+OKX""}]","[{""usdt"": 13027329.0, ""borsa"": 3, ""fiyat"": 63625.0, ""kaynak"": ""BNB+BYB+OKX""}, {""usdt"": 9406149.0, ""borsa"": 1, ""fiyat"": 63675.0, ""kaynak"": ""BNB""}, {""usdt"": 8795563.0, ""borsa"": 1, ""fiyat"": 63725.0, ""kaynak"": ""BNB""}]",YOK,0.0758,-0.0776,0.2642,0.1572,false,1.1388,false,,1,1,3,0,1,3,59.4,60.5,IZLE,,50,63649.9,,,,,SEVIYE+TASFIYE,85,67.2,7,,,,,,,1785197580,3,0,,27,577.9,25,,,
28988,2026-07-28 00:16:34.122661+00,63677.95,-4706913.119769777,-9135065.855999999,11647885314.774601,0.000029412000000000002,54385363.50568996,2050987.9769000004,63.7,BEKLE,true,2050606.5563000003,381.4206,1.6831,181.464,46882579.10467999,423.81,0.0,63.7,"[{""usdt"": 20557360.0, ""borsa"": 3, ""fiyat"": 63625.0, ""kaynak"": ""BNB+BYB+OKX""}, {""usdt"": 9599517.0, ""borsa"": 1, ""fiyat"": 63550.0, ""kaynak"": ""BNB""}, {""usdt"": 7469634.0, ""borsa"": 1, ""fiyat"": 63600.0, ""kaynak"": ""BNB""}]","[{""usdt"": 13123416.0, ""borsa"": 3, ""fiyat"": 63675.0, ""kaynak"": ""BNB+BYB+OKX""}, {""usdt"": 12898700.0, ""borsa"": 1, ""fiyat"": 63750.0, ""kaynak"": ""BNB""}, {""usdt"": 7868962.0, ""borsa"": 1, ""fiyat"": 63725.0, ""kaynak"": ""BNB""}]",YOK,0.1088,0.0741,0.0872,0.7586,false,1.3687,false,,0,0,3,2,0,3,55.8,56.9,IZLE,,25,63649.9,,,,,SEVIYE,85,68.2,7,,,,,,,1785197580,1,0,,27,578.9,25,,,
28989,2026-07-28 00:17:34.425195+00,63672.75,-4258406.448097179,-8538338.862,11653293215.0072,0.000029412000000000002,49145161.19833003,381.4206,65.5,BEKLE,true,0.0,381.4206,1.6831,0,48275131.784179986,181.162,0.0,65.5,"[{""usdt"": 20478613.0, ""borsa"": 3, ""fiyat"": 63675.0, ""kaynak"": ""BNB+BYB+OKX""}, {""usdt"": 7470134.0, ""borsa"": 1, ""fiyat"": 63625.0, ""kaynak"": ""BNB""}, {""usdt"": 6817504.0, ""borsa"": 1, ""fiyat"": 63575.0, ""kaynak"": ""BNB""}]","[{""usdt"": 9979239.0, ""borsa"": 3, ""fiyat"": 63725.0, ""kaynak"": ""BNB+BYB+OKX""}, {""usdt"": 9346454.0, ""borsa"": 1, ""fiyat"": 63750.0, ""kaynak"": ""BNB""}, {""usdt"": 9199226.0, ""borsa"": 1, ""fiyat"": 63775.0, ""kaynak"": ""BNB""}]",SPOT,0.2186,0.0089,0.0846,0.3417,false,1.2931,false,,2,0,3,1,0,3,52.3,53.4,IZLE,,25,63649.9,,,,,SEVIYE,85,69.2,7,,,,,,,1785197580,1,0,,27,579.9,25,,,
28990,2026-07-28 00:18:34.662078+00,63745.45,-3818614.0997677785,-8503150.421999998,11653971124.9614,0.000029412000000000002,50433568.343390055,381.4206,0.0,BEKLE,,0.0,381.4206,1.6752,0,43846083.98228002,241.395,0.0,0.0,"[{""usdt"": 18455981.0, ""borsa"": 3, ""fiyat"": 63650.0, ""kaynak"": ""BNB+BYB+OKX""}, {""usdt"": 8714025.0, ""borsa"": 1, ""fiyat"": 63575.0, ""kaynak"": ""BNB""}, {""usdt"": 8089093.0, ""borsa"": 1, ""fiyat"": 63550.0, ""kaynak"": ""BNB""}]","[{""usdt"": 12308790.0, ""borsa"": 3, ""fiyat"": 63675.0, ""kaynak"": ""BNB+BYB+OKX""}, {""usdt"": 9299796.0, ""borsa"": 1, ""fiyat"": 63725.0, ""kaynak"": ""BNB""}, {""usdt"": 7707612.0, ""borsa"": 1, ""fiyat"": 63775.0, ""kaynak"": ""BNB""}]",YOK,0.1147,0.0699,0.1047,1.6097,false,1.5008,false,,1,0,3,0,0,3,48.7,49.8,IZLE,,25,63754.4,,,,,SEVIYE,65,80.3,9,,,,,,,1785197580,1,1,,28,580.9,26,,,
28991,2026-07-28 00:19:34.925808+00,63729.149999999994,-2653092.0558242775,-8362447.745999999,11665206895.2067,0.000029412000000000002,51372939.62287,1274.9080000000001,36.4,BEKLE,true,0.0,1274.9080000000001,1.6752,60.236,45952122.52610998,180.823,0.0,36.4,"[{""usdt"": 17451948.0, ""borsa"": 3, ""fiyat"": 63700.0, ""kaynak"": ""BNB+BYB+OKX""}, {""usdt"": 8164360.0, ""borsa"": 1, ""fiyat"": 63600.0, ""kaynak"": ""BNB""}, {""usdt"": 6881781.0, ""borsa"": 1, ""fiyat"": 63675.0, ""kaynak"": ""BNB""}]","[{""usdt"": 13122101.0, ""borsa"": 3, ""fiyat"": 63750.0, ""kaynak"": ""BNB+BYB+OKX""}, {""usdt"": 10827105.0, ""borsa"": 1, ""fiyat"": 63800.0, ""kaynak"": ""BNB""}, {""usdt"": 7395869.0, ""borsa"": 1, ""fiyat"": 63775.0, ""kaynak"": ""BNB""}]",SPOT,0.1672,0.0557,0.1961,1.1935,false,1.1658,false,,1,0,3,0,0,3,45.1,46.2,IZLE,,25,63754.4,,,,,SEVIYE,65,81.3,9,,,,,,,1785197880,1,0,,28,581.9,26,,,
28992,2026-07-28 00:20:35.166337+00,63785.149999999994,-2732823.1000931803,-8415900.188,11662794532.9505,0.000029412000000000002,46740342.95159001,1274.414,0.0,BEKLE,,0.0,1274.414,1.6752,60.313,48423721.99700002,241.136,0.0,0.0,"[{""usdt"": 11503090.0, ""borsa"": 3, ""fiyat"": 63750.0, ""kaynak"": ""BNB+BYB+OKX""}, {""usdt"": 9444266.0, ""borsa"": 1, ""fiyat"": 63650.0, ""kaynak"": ""BNB""}, {""usdt"": 9137220.0, ""borsa"": 3, ""fiyat"": 63725.0, ""kaynak"": ""BNB+BYB+OKX""}]","[{""usdt"": 14200783.0, ""borsa"": 3, ""fiyat"": 63775.0, ""kaynak"": ""BNB+BYB+OKX""}, {""usdt"": 10560801.0, ""borsa"": 1, ""fiyat"": 63850.0, ""kaynak"": ""BNB""}, {""usdt"": 9828653.0, ""borsa"": 1, ""fiyat"": 63825.0, ""kaynak"": ""BNB""}]",SPOT,0.2199,-0.0177,0.5108,2.3147,false,1.2866,false,,3,0,3,1,0,3,41.3,42.4,IZLE,,25,63754.4,,,,,SEVIYE,65,82.3,9,,,,,,,1785197880,1,0,,28,582.9,26,,,
28993,2026-07-28 00:21:35.716358+00,63720.45,-2766103.003263375,-5040915.498999999,11668772657.2884,0.000029412000000000002,47805212.56517995,8734.063699999999,56.6,BEKLE,true,0.0,8734.063699999999,1.6831,0,51743841.26627001,120.667,0.0,56.6,"[{""usdt"": 17702135.0, ""borsa"": 3, ""fiyat"": 63750.0, ""kaynak"": ""BNB+BYB+OKX""}, {""usdt"": 9190210.0, ""borsa"": 1, ""fiyat"": 63675.0, ""kaynak"": ""BNB""}, {""usdt"": 6934130.0, ""borsa"": 1, ""fiyat"": 63650.0, ""kaynak"": ""BNB""}]","[{""usdt"": 14176723.0, ""borsa"": 3, ""fiyat"": 63775.0, ""kaynak"": ""BNB+BYB+OKX""}, {""usdt"": 11114828.0, ""borsa"": 3, ""fiyat"": 63800.0, ""kaynak"": ""BNB+BYB+OKX""}, {""usdt"": 9844910.0, ""borsa"": 1, ""fiyat"": 63850.0, ""kaynak"": ""BNB""}]",YOK,0.1051,-0.0396,0.1528,0.231,false,3.7686,true,0,1,0,3,0,1,3,37.3,38.9,IZLE,,25,63754.4,,,,,SEVIYE,65,83.3,9,,,,,,,1785198000,1,0,,28,583.9,26,,,
28994,2026-07-28 00:22:36.140223+00,63621.75,-3970839.956810075,-5460509.847999999,11659463261.8693,0.000029412000000000002,47407212.60947001,8733.0017,82.8,BEKLE,false,0.0,8733.0017,1.6831,0,51555713.47152005,181.156,0.0,82.8,"[{""usdt"": 13527413.0, ""borsa"": 3, ""fiyat"": 63675.0, ""kaynak"": ""BNB+BYB+OKX""}, {""usdt"": 10208078.0, ""borsa"": 3, ""fiyat"": 63700.0, ""kaynak"": ""BNB+BYB+OKX""}, {""usdt"": 8608620.0, ""borsa"": 1, ""fiyat"": 63600.0, ""kaynak"": ""BNB""}]","[{""usdt"": 11222092.0, ""borsa"": 1, ""fiyat"": 63825.0, ""kaynak"": ""BNB""}, {""usdt"": 9635548.0, ""borsa"": 1, ""fiyat"": 63800.0, ""kaynak"": ""BNB""}, {""usdt"": 8268468.0, ""borsa"": 2, ""fiyat"": 63700.0, ""kaynak"": ""BYB+OKX""}]",YOK,0.0039,-0.0419,0.0343,0.4204,false,6.1316,true,0,0,0,3,0,2,3,33.9,35,IZLE,,25,63642.7,,,,,SEVIYE,100,74.3,8,,,,,,,1785198000,1,0,,28,584.9,26,,,
28995,2026-07-28 00:23:36.588475+00,63632.350000000006,-4456195.6659436785,-5953074.064,11645286518.8526,0.000029412000000000002,46975332.71379004,9369.138700000001,71.1,BEKLE,false,636.137,8733.0017,1.6831,60.376,48641339.87232004,0,0.0,71.1,"[{""usdt"": 11947806.0, ""borsa"": 3, ""fiyat"": 63625.0, ""kaynak"": ""BNB+BYB+OKX""}, {""usdt"": 8432931.0, ""borsa"": 1, ""fiyat"": 63600.0, ""kaynak"": ""BNB""}, {""usdt"": 7967380.0, ""borsa"": 1, ""fiyat"": 63550.0, ""kaynak"": ""BNB""}]","[{""usdt"": 15256059.0, ""borsa"": 3, ""fiyat"": 63675.0, ""kaynak"": ""BNB+BYB+OKX""}, {""usdt"": 11698713.0, ""borsa"": 1, ""fiyat"": 63725.0, ""kaynak"": ""BNB""}, {""usdt"": 8186279.0, ""borsa"": 3, ""fiyat"": 63650.0, ""kaynak"": ""BNB+BYB+OKX""}]",YOK,-0.0831,-0.0174,0.0869,1.0628,false,,true,0,0,1,3,0,0,3,30.4,31.5,IZLE,,50,63642.7,,,,,SEVIYE+TASFIYE,100,75.3,8,,,,,,,1785198120,1,0,,28,585.9,26,,,
28996,2026-07-28 00:24:37.946235+00,63620.45,-4425841.5802372815,-5942940.715999999,11645767426.912,0.000029412000000000002,45159757.10538998,8222.1859,65.4,BEKLE,false,763.5982,7458.5877,1.6831,0,49620774.95765002,0,0.0,65.4,"[{""usdt"": 13393459.0, ""borsa"": 3, ""fiyat"": 63600.0, ""kaynak"": ""BNB+BYB+OKX""}, {""usdt"": 9804131.0, ""borsa"": 1, ""fiyat"": 63500.0, ""kaynak"": ""BNB""}, {""usdt"": 8062644.0, ""borsa"": 1, ""fiyat"": 63525.0, ""kaynak"": ""BNB""}]","[{""usdt"": 14147556.0, ""borsa"": 3, ""fiyat"": 63625.0, ""kaynak"": ""BNB+BYB+OKX""}, {""usdt"": 9762544.0, ""borsa"": 3, ""fiyat"": 63650.0, ""kaynak"": ""BNB+BYB+OKX""}, {""usdt"": 9624582.0, ""borsa"": 1, ""fiyat"": 63700.0, ""kaynak"": ""BNB""}]",YOK,-0.0506,-0.0471,0.218,0.9222,false,,true,0,0,1,3,0,1,3,28,29,IZLE,,25,63642.7,,,,,SEVIYE,100,76.3,8,,,,,,,1785198180,1,0,,28,587.0,26,,,
28997,2026-07-28 00:25:38.285303+00,63625.95,-5609120.95870778,-6974922.698,11651337211.254799,0.000029412000000000002,47773203.385460034,11456.4562,58.4,BEKLE,false,9543.692200000001,1912.7640000000001,1.6831,60.337,48056375.05498001,60.337,0.0,58.4,"[{""usdt"": 14625830.0, ""borsa"": 3, ""fiyat"": 63575.0, ""kaynak"": ""BNB+BYB+OKX""}, {""usdt"": 10306573.0, ""borsa"": 3, ""fiyat"": 63600.0, ""kaynak"": ""BNB+BYB+OKX""}, {""usdt"": 8128135.0, ""borsa"": 1, ""fiyat"": 63500.0, ""kaynak"": ""BNB""}]","[{""usdt"": 12466886.0, ""borsa"": 3, ""fiyat"": 63625.0, ""kaynak"": ""BNB+BYB+OKX""}, {""usdt"": 7470404.0, ""borsa"": 1, ""fiyat"": 63725.0, ""kaynak"": ""BNB""}, {""usdt"": 7052692.0, ""borsa"": 2, ""fiyat"": 63600.0, ""kaynak"": ""BYB+OKX""}]",YOK,-0.0422,-0.003,0.4316,1.6468,false,,false,1.0288,0,1,3,0,2,3,24.5,25.6,IZLE,,25,63642.7,,,,,SEVIYE,100,77.3,8,,,,,,,1785198240,1,0,,28,588.0,26,,,
28998,2026-07-28 00:26:38.511777+00,63610.850000000006,-1066220.9841825091,-484153.0849999999,11653974592.848999,0.000029412000000000002,44018422.48629004,9543.5141,63.4,BEKLE,false,9543.5141,0.0,1.6831,120.637,45498262.508529976,120.637,0.0,63.4,"[{""usdt"": 14492123.0, ""borsa"": 3, ""fiyat"": 63600.0, ""kaynak"": ""BNB+BYB+OKX""}, {""usdt"": 8537054.0, ""borsa"": 1, ""fiyat"": 63550.0, ""kaynak"": ""BNB""}, {""usdt"": 6983878.0, ""borsa"": 1, ""fiyat"": 63525.0, ""kaynak"": ""BNB""}]","[{""usdt"": 12595075.0, ""borsa"": 3, ""fiyat"": 63650.0, ""kaynak"": ""BNB+BYB+OKX""}, {""usdt"": 9113655.0, ""borsa"": 1, ""fiyat"": 63725.0, ""kaynak"": ""BNB""}, {""usdt"": 8014403.0, ""borsa"": 3, ""fiyat"": 63625.0, ""kaynak"": ""BNB+BYB+OKX""}]",YOK,-0.0241,-0.0165,0.1243,0.5529,false,,false,1.4977,0,1,3,0,1,3,20.5,22,IZLE,,25,63581.8,,,,,SEVIYE,45,68.3,7,,,,,,,1785198240,1,0,,28,589.0,26,,,
28999,2026-07-28 00:27:38.766747+00,63593.649999999994,-1241804.5687871086,-493334.51200000005,11649794865.126,0.000029412000000000002,51157516.05553001,9543.5141,56.2,BEKLE,false,9543.5141,0.0,1.6831,180.793,46848048.66638,0,0.0,56.2,"[{""usdt"": 13524188.0, ""borsa"": 3, ""fiyat"": 63550.0, ""kaynak"": ""BNB+BYB+OKX""}, {""usdt"": 13022781.0, ""borsa"": 2, ""fiyat"": 63525.0, ""kaynak"": ""BNB+BYB""}, {""usdt"": 9187936.0, ""borsa"": 1, ""fiyat"": 63500.0, ""kaynak"": ""BNB""}]","[{""usdt"": 13419898.0, ""borsa"": 3, ""fiyat"": 63575.0, ""kaynak"": ""BNB+BYB+OKX""}, {""usdt"": 9371494.0, ""borsa"": 1, ""fiyat"": 63675.0, ""kaynak"": ""BNB""}, {""usdt"": 8875175.0, ""borsa"": 1, ""fiyat"": 63625.0, ""kaynak"": ""BNB""}]",YOK,-0.1403,0.044,0.1729,0.123,false,,false,1.2277,1,2,3,0,1,3,16.8,17.9,IZLE,,25,63581.8,,,,,SEVIYE,45,69.3,7,,,,,,,1785198240,1,1,,28,590.0,26,,,
29000,2026-07-28 00:28:39.05341+00,63629.350000000006,-1196869.946241812,-554237.971,11650065206.0,0.000029412000000000002,43739586.77169,9479.478000000001,52.6,BEKLE,,9479.478000000001,0.0,1.6831,241.13,44475985.32620995,60.337,0.0,52.6,"[{""usdt"": 11927336.0, ""borsa"": 3, ""fiyat"": 63600.0, ""kaynak"": ""BNB+BYB+OKX""}, {""usdt"": 9574450.0, ""borsa"": 1, ""fiyat"": 63500.0, ""kaynak"": ""BNB""}, {""usdt"": 7802411.0, ""borsa"": 1, ""fiyat"": 63525.0, ""kaynak"": ""BNB""}]","[{""usdt"": 14524848.0, ""borsa"": 3, ""fiyat"": 63625.0, ""kaynak"": ""BNB+BYB+OKX""}, {""usdt"": 8642416.0, ""borsa"": 1, ""fiyat"": 63675.0, ""kaynak"": ""BNB""}, {""usdt"": 8315102.0, ""borsa"": 3, ""fiyat"": 63650.0, ""kaynak"": ""BNB+BYB+OKX""}]",YOK,-0.0453,-0.0083,0.19,0.0111,false,,false,1.1881,0,1,3,0,0,3,13.3,14.3,IZLE,,25,63643.1,,,,,SEVIYE,100,80.3,9,,,,,,,1785198420,1,0,,28,591.0,26,,,
29001,2026-07-28 00:29:39.36854+00,63669.05,-820833.0949131129,-384396.078,11659622564.7433,0.000029412000000000002,44138787.61671994,9288.7026,40.2,BEKLE,,9288.7026,0.0,1.6831,120.614,41108684.825789966,0,0.0,40.2,"[{""usdt"": 14994491.0, ""borsa"": 3, ""fiyat"": 63650.0, ""kaynak"": ""BNB+BYB+OKX""}, {""usdt"": 8489552.0, ""borsa"": 1, ""fiyat"": 63550.0, ""kaynak"": ""BNB""}, {""usdt"": 7196600.0, ""borsa"": 1, ""fiyat"": 63575.0, ""kaynak"": ""BNB""}]","[{""usdt"": 10243154.0, ""borsa"": 3, ""fiyat"": 63675.0, ""kaynak"": ""BNB+BYB+OKX""}, {""usdt"": 8139992.0, ""borsa"": 3, ""fiyat"": 63700.0, ""kaynak"": ""BNB+BYB+OKX""}, {""usdt"": 7403816.0, ""borsa"": 1, ""fiyat"": 63775.0, ""kaynak"": ""BNB""}]",YOK,-0.0445,0.0355,0.2013,0.1723,false,,false,0.948,0,0,3,1,0,3,9.6,10.7,IZLE,,25,63643.1,,,,,SEVIYE,100,81.3,9,,,,,,,1785198420,1,0,,28,592.0,26,,,
29002,2026-07-28 00:30:39.921046+00,63634.850000000006,-607869.0677897141,-614984.765,11664536221.7056,0.000029412000000000002,44094539.582590036,572.3379000000001,55.3,BEKLE,true,572.3379000000001,0.0,1.6831,181.12,47813529.762550004,60.506,0.0,55.3,"[{""usdt"": 13306886.0, ""borsa"": 3, ""fiyat"": 63625.0, ""kaynak"": ""BNB+BYB+OKX""}, {""usdt"": 9280295.0, ""borsa"": 1, ""fiyat"": 63550.0, ""kaynak"": ""BNB""}, {""usdt"": 7133079.0, ""borsa"": 1, ""fiyat"": 63600.0, ""kaynak"": ""BNB""}]","[{""usdt"": 11566184.0, ""borsa"": 3, ""fiyat"": 63675.0, ""kaynak"": ""BNB+BYB+OKX""}, {""usdt"": 8172879.0, ""borsa"": 1, ""fiyat"": 63775.0, ""kaynak"": ""BNB""}, {""usdt"": 7860082.0, ""borsa"": 3, ""fiyat"": 63650.0, ""kaynak"": ""BNB+BYB+OKX""}]",YOK,-0.0274,-0.0405,0.234,0.0264,false,,false,1.1027,0,0,3,0,0,3,6.3,7.4,IZLE,,25,63643.1,,,,,SEVIYE,100,82.3,9,,,,,,,1785198420,1,0,,28,593.0,26,,,
29003,2026-07-28 00:31:40.792263+00,63563.05,-2877553.7007361087,-1645717.4290000002,11656781179.095001,0.000029412000000000002,48253772.869430035,572.3379000000001,71.3,BEKLE,true,572.3379000000001,0.0,1.6831,241.527,46741035.61047992,0,71.3,0.0,"[{""usdt"": 19169131.0, ""borsa"": 3, ""fiyat"": 63550.0, ""kaynak"": ""BNB+BYB+OKX""}, {""usdt"": 11350449.0, ""borsa"": 1, ""fiyat"": 63500.0, ""kaynak"": ""BNB""}, {""usdt"": 7912658.0, ""borsa"": 1, ""fiyat"": 63525.0, ""kaynak"": ""BNB""}]","[{""usdt"": 9765745.0, ""borsa"": 1, ""fiyat"": 63700.0, ""kaynak"": ""BNB""}, {""usdt"": 8754459.0, ""borsa"": 3, ""fiyat"": 63600.0, ""kaynak"": ""BNB+BYB+OKX""}, {""usdt"": 7568506.0, ""borsa"": 2, ""fiyat"": 63575.0, ""kaynak"": ""BYB+OKX""}]",YOK,-0.0729,0.0159,0.3773,0.6323,false,,false,0.8197,0,1,3,0,2,3,2.8,3.9,IZLE,,25,63581.8,,,,,SEVIYE,50,73.3,8,,,,,,,1785198420,1,1,,28,594.0,26,,,
29004,2026-07-28 00:32:41.493394+00,63595.75,-2443400.719328208,-1809513.7680000002,11646919574.665298,0.000029412000000000002,45852417.82193,572.3379000000001,67.6,BEKLE,false,572.3379000000001,0.0,1.6867,61.324,48932342.969879955,61.324,67.6,0.0,"[{""usdt"": 12166990.0, ""borsa"": 3, ""fiyat"": 63550.0, ""kaynak"": ""BNB+BYB+OKX""}, {""usdt"": 11958675.0, ""borsa"": 3, ""fiyat"": 63575.0, ""kaynak"": ""BNB+BYB+OKX""}, {""usdt"": 10258709.0, ""borsa"": 1, ""fiyat"": 63500.0, ""kaynak"": ""BNB""}]","[{""usdt"": 9854136.0, ""borsa"": 1, ""fiyat"": 63675.0, ""kaynak"": ""BNB""}, {""usdt"": 9132668.0, ""borsa"": 1, ""fiyat"": 63700.0, ""kaynak"": ""BNB""}, {""usdt"": 7568506.0, ""borsa"": 2, ""fiyat"": 63575.0, ""kaynak"": ""BYB+OKX""}]",YOK,-0.0373,-0.0325,0.2618,0.0291,false,,false,0.9229,0,1,3,0,2,3,63.7,62.6,IZLE,,25,63581.8,,,,,SEVIYE,50,74.3,8,,,,,,,1785198420,1,2,,28,595.0,26,,,
29005,2026-07-28 00:33:41.857819+00,63648.149999999994,-2638717.0521583064,-1598042.8190000001,11647893261.9432,0.000029412000000000002,50619837.47964,0.0,78.5,BEKLE,false,0.0,0.0,1.6867,121.495,45362513.74712996,121.495,78.5,0.0,"[{""usdt"": 19484679.0, ""borsa"": 3, ""fiyat"": 63575.0, ""kaynak"": ""BNB+BYB+OKX""}, {""usdt"": 10258709.0, ""borsa"": 1, ""fiyat"": 63500.0, ""kaynak"": ""BNB""}, {""usdt"": 7812093.0, ""borsa"": 1, ""fiyat"": 63525.0, ""kaynak"": ""BNB""}]","[{""usdt"": 10865151.0, ""borsa"": 3, ""fiyat"": 63625.0, ""kaynak"": ""BNB+BYB+OKX""}, {""usdt"": 9854136.0, ""borsa"": 1, ""fiyat"": 63675.0, ""kaynak"": ""BNB""}, {""usdt"": 9132668.0, ""borsa"": 1, ""fiyat"": 63700.0, ""kaynak"": ""BNB""}]",YOK,-0.0286,0.0548,0.3493,0.2891,false,,false,0.9328,0,1,3,1,0,3,60.2,61.4,IZLE,,25,63643.1,,,,,SEVIYE,100,85.4,9,,,,,,,,,0,,28,596.0,26,,,
29006,2026-07-28 00:34:42.182959+00,63657.649999999994,-2155224.687962507,-1408777.564,11662777759.3685,0.000029412000000000002,46811005.790990025,0.0,70.7,BEKLE,false,0.0,0.0,1.6867,120.597,43951065.268180035,120.597,70.7,0.0,"[{""usdt"": 16968131.0, ""borsa"": 3, ""fiyat"": 63625.0, ""kaynak"": ""BNB+BYB+OKX""}, {""usdt"": 8340988.0, ""borsa"": 3, ""fiyat"": 63600.0, ""kaynak"": ""BNB+BYB+OKX""}, {""usdt"": 7699020.0, ""borsa"": 1, ""fiyat"": 63550.0, ""kaynak"": ""BNB""}]","[{""usdt"": 9930070.0, ""borsa"": 1, ""fiyat"": 63750.0, ""kaynak"": ""BNB""}, {""usdt"": 8852776.0, ""borsa"": 3, ""fiyat"": 63650.0, ""kaynak"": ""BNB+BYB+OKX""}, {""usdt"": 8281897.0, ""borsa"": 2, ""fiyat"": 63675.0, ""kaynak"": ""BNB+OKX""}]",YOK,0.0361,0.0315,0.336,0.1822,false,,false,0.9717,0,0,3,1,0,3,56.8,57.9,IZLE,,25,63643.1,,,,,SEVIYE,100,86.4,9,,,,,,,,,0,,28,597.0,26,,,
29007,2026-07-28 00:35:42.41725+00,63666.45,345342.1056228943,131270.944,11661759558.2716,0.000029412000000000002,53568377.691049956,0.0,26.5,BEKLE,,0.0,0.0,1.6867,60.308,41355151.720990025,0,0.0,26.5,"[{""usdt"": 14693054.0, ""borsa"": 3, ""fiyat"": 63625.0, ""kaynak"": ""BNB+BYB+OKX""}, {""usdt"": 12038839.0, ""borsa"": 3, ""fiyat"": 63650.0, ""kaynak"": ""BNB+BYB+OKX""}, {""usdt"": 9387662.0, ""borsa"": 1, ""fiyat"": 63550.0, ""kaynak"": ""BNB""}]","[{""usdt"": 12135073.0, ""borsa"": 3, ""fiyat"": 63675.0, ""kaynak"": ""BNB+BYB+OKX""}, {""usdt"": 8010212.0, ""borsa"": 2, ""fiyat"": 63700.0, ""kaynak"": ""BNB+OKX""}, {""usdt"": 7918915.0, ""borsa"": 1, ""fiyat"": 63750.0, ""kaynak"": ""BNB""}]",YOK,0.0059,0.1287,0.3317,0.6981,false,,false,3.4914,0,0,3,1,0,3,53.2,54.3,IZLE,,25,63643.1,,,,,SEVIYE,100,87.4,9,,,,,,,,,0,,28,598.0,26,,,
29008,2026-07-28 00:36:42.721345+00,63646.649999999994,506160.5404060942,267177.5620000001,11667074295.6404,0.000029412000000000002,45526627.95401999,0.0,36.8,BEKLE,true,0.0,0.0,1.6889,60.188,47396430.75583002,60.188,0.0,36.8,"[{""usdt"": 13180428.0, ""borsa"": 3, ""fiyat"": 63650.0, ""kaynak"": ""BNB+BYB+OKX""}, {""usdt"": 8498084.0, ""borsa"": 1, ""fiyat"": 63550.0, ""kaynak"": ""BNB""}, {""usdt"": 7593455.0, ""borsa"": 1, ""fiyat"": 63575.0, ""kaynak"": ""BNB""}]","[{""usdt"": 12071710.0, ""borsa"": 3, ""fiyat"": 63675.0, ""kaynak"": ""BNB+BYB+OKX""}, {""usdt"": 11625832.0, ""borsa"": 3, ""fiyat"": 63700.0, ""kaynak"": ""BNB+BYB+OKX""}, {""usdt"": 7935852.0, ""borsa"": 1, ""fiyat"": 63725.0, ""kaynak"": ""BNB""}]",YOK,-0.0445,-0.0201,0.4073,0.6396,false,,false,16.0397,0,1,3,0,0,3,49.2,50.3,IZLE,,25,63643.1,,,,,SEVIYE,100,88.4,9,,,,,,,,,0,,28,599.0,26,,,
29009,2026-07-28 00:37:43.008081+00,63633.55,618944.269932394,359590.514,11666746498.3573,0.000029412000000000002,51411219.459010005,0.0,48.3,BEKLE,true,0.0,0.0,1.6889,120.536,42693704.891850024,120.536,0.0,48.3,"[{""usdt"": 17657019.0, ""borsa"": 3, ""fiyat"": 63625.0, ""kaynak"": ""BNB+BYB+OKX""}, {""usdt"": 9425704.0, ""borsa"": 1, ""fiyat"": 63550.0, ""kaynak"": ""BNB""}, {""usdt"": 9366344.0, ""borsa"": 2, ""fiyat"": 63600.0, ""kaynak"": ""BNB+BYB""}]","[{""usdt"": 12238592.0, ""borsa"": 3, ""fiyat"": 63650.0, ""kaynak"": ""BNB+BYB+OKX""}, {""usdt"": 8578567.0, ""borsa"": 2, ""fiyat"": 63675.0, ""kaynak"": ""BNB+OKX""}, {""usdt"": 7413711.0, ""borsa"": 1, ""fiyat"": 63750.0, ""kaynak"": ""BNB""}]",YOK,0.0651,0.0926,0.3542,0.2778,false,0,false,,0,0,3,0,0,3,45.7,46.8,IZLE,,25,63643.1,,,,,SEVIYE,100,89.4,9,,,,,,,,,0,,28,600.0,26,,,
29010,2026-07-28 00:38:43.244005+00,63660.75,969836.6140881949,580618.15,11669781389.0964,0.000029412000000000002,44797303.387390055,0.0,62.1,BEKLE,true,0.0,0.0,1.6889,180.819,44852197.03039003,180.819,0.0,62.1,"[{""usdt"": 11917744.0, ""borsa"": 3, ""fiyat"": 63625.0, ""kaynak"": ""BNB+BYB+OKX""}, {""usdt"": 8009965.0, ""borsa"": 1, ""fiyat"": 63525.0, ""kaynak"": ""BNB""}, {""usdt"": 7495012.0, ""borsa"": 2, ""fiyat"": 63600.0, ""kaynak"": ""BNB+BYB""}]","[{""usdt"": 13058474.0, ""borsa"": 3, ""fiyat"": 63675.0, ""kaynak"": ""BNB+BYB+OKX""}, {""usdt"": 10621983.0, ""borsa"": 3, ""fiyat"": 63650.0, ""kaynak"": ""BNB+BYB+OKX""}, {""usdt"": 7875161.0, ""borsa"": 1, ""fiyat"": 63750.0, ""kaynak"": ""BNB""}]",YOK,0.052,-0.0006,0.3995,0.089,true,0,false,,0,0,3,0,0,3,42.2,43.2,IZLE,,25,63673.8,,,,,SEVIYE,65,90.4,10,,,,,,,,,0,,29,601.0,27,,,
29011,2026-07-28 00:39:43.598788+00,63678.45,1252472.252663894,575043.948,11674395869.6386,0.000029412000000000002,46524624.51488003,0.0,67.1,BEKLE,true,0.0,0.0,1.6889,241.035,48006346.61888999,241.035,0.0,67.1,"[{""usdt"": 14448094.0, ""borsa"": 3, ""fiyat"": 63650.0, ""kaynak"": ""BNB+BYB+OKX""}, {""usdt"": 8382491.0, ""borsa"": 1, ""fiyat"": 63575.0, ""kaynak"": ""BNB""}, {""usdt"": 7454742.0, ""borsa"": 1, ""fiyat"": 63600.0, ""kaynak"": ""BNB""}]","[{""usdt"": 13977291.0, ""borsa"": 3, ""fiyat"": 63700.0, ""kaynak"": ""BNB+BYB+OKX""}, {""usdt"": 7632123.0, ""borsa"": 1, ""fiyat"": 63750.0, ""kaynak"": ""BNB""}, {""usdt"": 7101913.0, ""borsa"": 1, ""fiyat"": 63775.0, ""kaynak"": ""BNB""}]",YOK,0.0384,-0.0157,0.4083,0.1589,true,0,false,,0,0,3,0,0,3,38.5,39.6,IZLE,,25,63673.8,,,,,SEVIYE,65,91.4,10,,,,,,,,,0,,29,602.1,27,,,
29012,2026-07-28 00:40:44.051009+00,63647.149999999994,529651.8360825004,604997.635,11674114841.8349,0.000029412000000000002,52410279.80407001,0.0,27.9,BEKLE,true,0.0,0.0,1.6889,301.412,43717438.40306998,60.377,0.0,27.9,"[{""usdt"": 20854281.0, ""borsa"": 3, ""fiyat"": 63650.0, ""kaynak"": ""BNB+BYB+OKX""}, {""usdt"": 9894211.0, ""borsa"": 1, ""fiyat"": 63575.0, ""kaynak"": ""BNB""}, {""usdt"": 8025568.0, ""borsa"": 2, ""fiyat"": 63625.0, ""kaynak"": ""BNB+BYB""}]","[{""usdt"": 12856567.0, ""borsa"": 3, ""fiyat"": 63675.0, ""kaynak"": ""BNB+BYB+OKX""}, {""usdt"": 7982105.0, ""borsa"": 3, ""fiyat"": 63700.0, ""kaynak"": ""BNB+BYB+OKX""}, {""usdt"": 7266197.0, ""borsa"": 1, ""fiyat"": 63775.0, ""kaynak"": ""BNB""}]",YOK,0.0061,0.0904,0.1352,0.9024,true,0,false,,0,0,3,1,0,3,35,36.1,IZLE,,25,63673.8,,,,,SEVIYE,65,92.4,10,,,,,,,,,0,,29,603.1,27,,,
29013,2026-07-28 00:41:44.501186+00,63638.95,430837.97039930057,384103.53500000003,11669829252.2411,0.000029412000000000002,45530474.78342005,0.0,17.6,BEKLE,true,0.0,0.0,1.6889,361.948,43107579.15885001,0,0.0,17.6,"[{""usdt"": 13770755.0, ""borsa"": 3, ""fiyat"": 63625.0, ""kaynak"": ""BNB+BYB+OKX""}, {""usdt"": 8109372.0, ""borsa"": 3, ""fiyat"": 63600.0, ""kaynak"": ""BNB+BYB+OKX""}, {""usdt"": 7761176.0, ""borsa"": 1, ""fiyat"": 63525.0, ""kaynak"": ""BNB""}]","[{""usdt"": 12394754.0, ""borsa"": 3, ""fiyat"": 63650.0, ""kaynak"": ""BNB+BYB+OKX""}, {""usdt"": 9908342.0, ""borsa"": 3, ""fiyat"": 63675.0, ""kaynak"": ""BNB+BYB+OKX""}, {""usdt"": 6772435.0, ""borsa"": 1, ""fiyat"": 63750.0, ""kaynak"": ""BNB""}]",YOK,0.0646,0.0273,,,false,0,false,,1,0,3,0,0,3,31.7,32.8,IZLE,,25,63617.8,,,,,SEVIYE,100,83.4,9,,,,,,,,,0,,29,604.1,27,,,
29014,2026-07-28 00:42:44.809315+00,63628.850000000006,475987.30516260007,393230.25200000004,11669595522.333698,0.000029412000000000002,55662206.91692005,0.0,10.2,BEKLE,true,0.0,0.0,1.6925,422.312,44132541.27974997,60.364,0.0,10.2,"[{""usdt"": 20106568.0, ""borsa"": 3, ""fiyat"": 63600.0, ""kaynak"": ""BNB+BYB+OKX""}, {""usdt"": 9364563.0, ""borsa"": 3, ""fiyat"": 63625.0, ""kaynak"": ""BNB+BYB+OKX""}, {""usdt"": 8511069.0, ""borsa"": 1, ""fiyat"": 63525.0, ""kaynak"": ""BNB""}]","[{""usdt"": 12689950.0, ""borsa"": 3, ""fiyat"": 63650.0, ""kaynak"": ""BNB+BYB+OKX""}, {""usdt"": 7632094.0, ""borsa"": 1, ""fiyat"": 63750.0, ""kaynak"": ""BNB""}, {""usdt"": 7341075.0, ""borsa"": 1, ""fiyat"": 63725.0, ""kaynak"": ""BNB""}]",YOK,0.0526,0.1155,,,false,0,false,,0,0,3,1,0,3,28.2,29.3,IZLE,,25,63617.8,,,,,SEVIYE,100,84.4,9,,,,,,,,,0,,29,605.1,27,,,
29015,2026-07-28 00:43:45.147813+00,63628.75,630916.3983133998,442421.966,11672390677.4268,0.000029412000000000002,55752047.854760006,0.0,27.2,BEKLE,false,0.0,0.0,1.6925,482.675,43128558.24401001,120.727,27.2,0.0,"[{""usdt"": 20107217.0, ""borsa"": 3, ""fiyat"": 63625.0, ""kaynak"": ""BNB+BYB+OKX""}, {""usdt"": 9623159.0, ""borsa"": 1, ""fiyat"": 63525.0, ""kaynak"": ""BNB""}, {""usdt"": 7736412.0, ""borsa"": 1, ""fiyat"": 63550.0, ""kaynak"": ""BNB""}]","[{""usdt"": 10668844.0, ""borsa"": 3, ""fiyat"": 63675.0, ""kaynak"": ""BNB+BYB+OKX""}, {""usdt"": 9998629.0, ""borsa"": 3, ""fiyat"": 63650.0, ""kaynak"": ""BNB+BYB+OKX""}, {""usdt"": 8716842.0, ""borsa"": 1, ""fiyat"": 63750.0, ""kaynak"": ""BNB""}]",YOK,0.0768,0.1277,0.4963,2.9875,false,0,false,,0,0,3,1,0,3,24.6,25.7,IZLE,,25,63617.8,,,,,SEVIYE,100,85.4,9,,,,,,,,,0,,29,606.1,27,,,
29016,2026-07-28 00:44:45.438239+00,63584.649999999994,106865.25355249914,326798.79900000006,11667412861.600399,0.000029412000000000002,49576717.13291993,1272.59,25.8,BEKLE,false,1272.59,0.0,1.6925,542.999,47137596.305139974,120.687,25.8,0.0,"[{""usdt"": 14354940.0, ""borsa"": 3, ""fiyat"": 63575.0, ""kaynak"": ""BNB+BYB+OKX""}, {""usdt"": 9890086.0, ""borsa"": 1, ""fiyat"": 63525.0, ""kaynak"": ""BNB""}, {""usdt"": 9200265.0, ""borsa"": 2, ""fiyat"": 63600.0, ""kaynak"": ""BNB+OKX""}]","[{""usdt"": 10094735.0, ""borsa"": 3, ""fiyat"": 63625.0, ""kaynak"": ""BNB+BYB+OKX""}, {""usdt"": 8996921.0, ""borsa"": 3, ""fiyat"": 63600.0, ""kaynak"": ""BNB+BYB+OKX""}, {""usdt"": 7694319.0, ""borsa"": 1, ""fiyat"": 63700.0, ""kaynak"": ""BNB""}]",YOK,0.0189,0.0252,0.6496,3.3902,false,0,false,,1,0,3,0,1,3,21.1,22.2,IZLE,,25,63563.1,,,,,SEVIYE,65,86.4,9,,,,,,,1785199380,1,0,,29,607.1,27,,,
29017,2026-07-28 00:45:46.525262+00,63540.05,-339915.73472859926,147420.574,11659034206.734402,0.000029412000000000002,43665558.68926999,1272.59,22.4,BEKLE,false,1272.59,0.0,1.6925,60.792,45928934.615260005,0,22.4,0.0,"[{""usdt"": 13374859.0, ""borsa"": 3, ""fiyat"": 63525.0, ""kaynak"": ""BNB+BYB+OKX""}, {""usdt"": 10506366.0, ""borsa"": 1, ""fiyat"": 63450.0, ""kaynak"": ""BNB""}, {""usdt"": 8863072.0, ""borsa"": 1, ""fiyat"": 63500.0, ""kaynak"": ""BNB""}]","[{""usdt"": 11662939.0, ""borsa"": 3, ""fiyat"": 63575.0, ""kaynak"": ""BNB+BYB+OKX""}, {""usdt"": 8213868.0, ""borsa"": 1, ""fiyat"": 63650.0, ""kaynak"": ""BNB""}, {""usdt"": 6935691.0, ""borsa"": 1, ""fiyat"": 63625.0, ""kaynak"": ""BNB""}]",YOK,-0.0834,-0.0253,0.4329,3.4004,false,0,false,,1,1,3,0,1,3,17.3,18.4,IZLE,,25,63563.1,,,,,SEVIYE,65,87.4,9,PCT,0.54,0.0,0.1835461947222208,false,0.044,1785199380,1,1,,29,608.1,27,,,
29018,2026-07-28 00:46:48.004478+00,63569.850000000006,-359533.3224544993,179310.582,11655945664.669899,0.000029412000000000002,61178435.80743,3749.9947999999995,28.6,BEKLE,false,3749.9947999999995,0.0,1.6925,122.5,43218864.79784998,61.708,28.6,0.0,"[{""usdt"": 22675537.0, ""borsa"": 3, ""fiyat"": 63525.0, ""kaynak"": ""BNB+BYB+OKX""}, {""usdt"": 13041086.0, ""borsa"": 3, ""fiyat"": 63500.0, ""kaynak"": ""BNB+BYB+OKX""}, {""usdt"": 8541190.0, ""borsa"": 1, ""fiyat"": 63450.0, ""kaynak"": ""BNB""}]","[{""usdt"": 11891612.0, ""borsa"": 3, ""fiyat"": 63550.0, ""kaynak"": ""BNB+BYB+OKX""}, {""usdt"": 10653464.0, ""borsa"": 3, ""fiyat"": 63575.0, ""kaynak"": ""BNB+BYB+OKX""}, {""usdt"": 6921879.0, ""borsa"": 1, ""fiyat"": 63600.0, ""kaynak"": ""BNB""}]",PERP,-0.0613,0.172,0.6079,3.3898,false,0,false,,1,1,3,1,0,3,15.2,16.3,IZLE,,25,63563.1,,,,,SEVIYE,65,88.5,9,,,,,,,1785199560,2,0,,29,609.1,27,,,
29019,2026-07-28 00:47:48.228141+00,63533.850000000006,-714095.839591098,218085.939,11657977965.3876,0.000029412000000000002,61471940.123229995,3752.639,23.4,BEKLE,false,3752.639,0.0,1.6969,182.824,46671965.71553999,60.324,23.4,0.0,"[{""usdt"": 20854829.0, ""borsa"": 3, ""fiyat"": 63525.0, ""kaynak"": ""BNB+BYB+OKX""}, {""usdt"": 15664132.0, ""borsa"": 3, ""fiyat"": 63500.0, ""kaynak"": ""BNB+BYB+OKX""}, {""usdt"": 9776019.0, ""borsa"": 1, ""fiyat"": 63450.0, ""kaynak"": ""BNB""}]","[{""usdt"": 13955088.0, ""borsa"": 3, ""fiyat"": 63550.0, ""kaynak"": ""BNB+BYB+OKX""}, {""usdt"": 8780073.0, ""borsa"": 1, ""fiyat"": 63650.0, ""kaynak"": ""BNB""}, {""usdt"": 7512662.0, ""borsa"": 2, ""fiyat"": 63575.0, ""kaynak"": ""BNB+OKX""}]",YOK,-0.0449,0.1369,0.7319,3.7268,false,0,false,,1,1,3,1,0,3,11.3,12.4,IZLE,,25,63563.1,,,,,SEVIYE,65,89.5,9,,,,,,,1785199560,2,0,,29,610.1,27,,,
29020,2026-07-28 00:48:48.486326+00,63479.45,-938334.9474676994,-133585.431,11650902786.1943,0.000029412000000000002,53868641.17986006,11433.548999999999,0.0,BEKLE,,11433.548999999999,0.0,1.6969,182.245,44346635.80779999,0,0.0,0.0,"[{""usdt"": 16344858.0, ""borsa"": 1, ""fiyat"": 63400.0, ""kaynak"": ""BNB""}, {""usdt"": 12002306.0, ""borsa"": 3, ""fiyat"": 63450.0, ""kaynak"": ""BNB+BYB+OKX""}, {""usdt"": 9693631.0, ""borsa"": 3, ""fiyat"": 63475.0, ""kaynak"": ""BNB+BYB+OKX""}]","[{""usdt"": 15916047.0, ""borsa"": 3, ""fiyat"": 63500.0, ""kaynak"": ""BNB+BYB+OKX""}, {""usdt"": 7087029.0, ""borsa"": 1, ""fiyat"": 63550.0, ""kaynak"": ""BNB""}, {""usdt"": 6841866.0, ""borsa"": 1, ""fiyat"": 63600.0, ""kaynak"": ""BNB""}]",YOK,-0.15,0.097,0.516,3.1047,false,0,false,,0,1,3,0,1,3,7.7,8.8,IZLE,,25,63533.9,,,,,SEVIYE,45,90.5,10,,,,,,,1785199680,1,0,,28,611.1,26,,,
29021,2026-07-28 00:49:48.732159+00,63507.05,72532.66319689754,327374.72,11652398163.4464,0.000029412000000000002,54934458.51903003,108286.587,1.5,BEKLE,,108286.587,0.0,1.6969,242.474,44590618.602529995,0,0.0,1.5,"[{""usdt"": 16740621.0, ""borsa"": 1, ""fiyat"": 63400.0, ""kaynak"": ""BNB""}, {""usdt"": 11426915.0, ""borsa"": 3, ""fiyat"": 63475.0, ""kaynak"": ""BNB+BYB+OKX""}, {""usdt"": 9495273.0, ""borsa"": 1, ""fiyat"": 63450.0, ""kaynak"": ""BNB""}]","[{""usdt"": 13241114.0, ""borsa"": 3, ""fiyat"": 63525.0, ""kaynak"": ""BNB+BYB+OKX""}, {""usdt"": 9814498.0, ""borsa"": 1, ""fiyat"": 63600.0, ""kaynak"": ""BNB""}, {""usdt"": 6892610.0, ""borsa"": 1, ""fiyat"": 63575.0, ""kaynak"": ""BNB""}]",YOK,-0.1372,0.1039,,,false,0.0118,false,,0,1,3,1,0,3,4,5.1,IZLE,,50,63533.9,,,,,SEVIYE+TASFIYE,45,91.5,10,,,,,,,1785199740,3,0,,28,612.1,26,,,
29022,2026-07-28 00:50:49.990019+00,63470.75,-374784.35687540733,95968.585,11653604096.138802,0.000029412000000000002,59696485.165530026,108731.66889999999,16.3,BEKLE,false,108731.66889999999,0.0,1.6932,303.762,41751688.187630035,61.288,16.3,0.0,"[{""usdt"": 15150736.0, ""borsa"": 1, ""fiyat"": 63400.0, ""kaynak"": ""BNB""}, {""usdt"": 13769794.0, ""borsa"": 1, ""fiyat"": 63450.0, ""kaynak"": ""BNB""}, {""usdt"": 9398460.0, ""borsa"": 1, ""fiyat"": 63375.0, ""kaynak"": ""BNB""}]","[{""usdt"": 12311873.0, ""borsa"": 3, ""fiyat"": 63525.0, ""kaynak"": ""BNB+BYB+OKX""}, {""usdt"": 7503524.0, ""borsa"": 1, ""fiyat"": 63575.0, ""kaynak"": ""BNB""}, {""usdt"": 6636229.0, ""borsa"": 3, ""fiyat"": 63500.0, ""kaynak"": ""BNB+BYB+OKX""}]",PERP,-0.1561,0.1769,,,false,0.0614,false,,0,2,3,2,0,3,1.3,63.8,IZLE,,25,63533.9,,,,,SEVIYE,45,92.5,10,,,,,,,1785199800,3,0,,28,613.2,26,,,
29023,2026-07-28 00:51:50.402156+00,63470.25,-1146266.071818607,154694.50800000003,11655350489.5193,0.000029412000000000002,60429044.35136003,173479.7787,7.3,BEKLE,,173479.7787,0.0,1.6932,364.005,47714614.740340024,121.531,7.3,0.0,"[{""usdt"": 17601121.0, ""borsa"": 3, ""fiyat"": 63450.0, ""kaynak"": ""BNB+BYB+OKX""}, {""usdt"": 15150736.0, ""borsa"": 1, ""fiyat"": 63400.0, ""kaynak"": ""BNB""}, {""usdt"": 9398460.0, ""borsa"": 1, ""fiyat"": 63375.0, ""kaynak"": ""BNB""}]","[{""usdt"": 18823830.0, ""borsa"": 3, ""fiyat"": 63500.0, ""kaynak"": ""BNB+BYB+OKX""}, {""usdt"": 7503524.0, ""borsa"": 1, ""fiyat"": 63575.0, ""kaynak"": ""BNB""}, {""usdt"": 6067190.0, ""borsa"": 1, ""fiyat"": 63550.0, ""kaynak"": ""BNB""}]",YOK,-0.1561,0.1176,0.926,7.4199,false,0.1776,false,,0,2,3,1,1,3,61.5,62.7,IZLE,,25,63533.9,,,,,SEVIYE,45,93.5,10,,,,,,,1785199800,3,0,,28,614.2,26,,,
29024,2026-07-28 00:52:50.740604+00,63512.75,-1495954.929502008,582144.5789999999,11660560017.3582,0.000029412000000000002,60798447.404829994,348773.8717,31.2,BEKLE,true,348773.8717,0.0,1.6932,424.464,49286161.41134,181.99,0.0,31.2,"[{""usdt"": 22761855.0, ""borsa"": 3, ""fiyat"": 63450.0, ""kaynak"": ""BNB+BYB+OKX""}, {""usdt"": 15090833.0, ""borsa"": 1, ""fiyat"": 63400.0, ""kaynak"": ""BNB""}, {""usdt"": 10131527.0, ""borsa"": 1, ""fiyat"": 63375.0, ""kaynak"": ""BNB""}]","[{""usdt"": 12189012.0, ""borsa"": 3, ""fiyat"": 63475.0, ""kaynak"": ""BNB+BYB+OKX""}, {""usdt"": 9138190.0, ""borsa"": 1, ""fiyat"": 63575.0, ""kaynak"": ""BNB""}, {""usdt"": 8612459.0, ""borsa"": 3, ""fiyat"": 63500.0, ""kaynak"": ""BNB+BYB+OKX""}]",YOK,-0.2076,0.1046,0.4567,0.7805,false,0.1682,false,,0,2,3,1,1,3,58.1,59.2,IZLE,,25,63533.9,,,,,SEVIYE,45,94.5,10,,,,,,,1785199920,3,0,,28,615.2,26,,,
29025,2026-07-28 00:53:50.972158+00,63480.05,-1864535.8732495098,616802.2579999999,11664563193.0598,0.000029412000000000002,57739876.06809002,250283.08490000002,45.8,BEKLE,true,250283.08490000002,0.0,1.6932,484.778,47384681.324279964,242.304,0.0,45.8,"[{""usdt"": 19120858.0, ""borsa"": 1, ""fiyat"": 63400.0, ""kaynak"": ""BNB""}, {""usdt"": 15078490.0, ""borsa"": 3, ""fiyat"": 63475.0, ""kaynak"": ""BNB+BYB+OKX""}, {""usdt"": 9280811.0, ""borsa"": 1, ""fiyat"": 63450.0, ""kaynak"": ""BNB""}]","[{""usdt"": 13994699.0, ""borsa"": 3, ""fiyat"": 63525.0, ""kaynak"": ""BNB+BYB+OKX""}, {""usdt"": 7431427.0, ""borsa"": 3, ""fiyat"": 63500.0, ""kaynak"": ""BNB+BYB+OKX""}, {""usdt"": 7406468.0, ""borsa"": 1, ""fiyat"": 63600.0, ""kaynak"": ""BNB""}]",YOK,-0.1583,0.0985,0.3257,0.0134,false,0.2829,false,,0,2,3,1,1,3,54.5,55.6,IZLE,,25,63533.9,,,,,SEVIYE,45,95.5,10,,,,,,,1785199920,2,0,,28,616.2,26,,,
29026,2026-07-28 00:54:51.471827+00,63486.05,-2131967.998076615,511185.686,11665209550.316,0.000029412000000000002,53553300.84340002,242980.4413,33.6,BEKLE,true,242980.4413,0.0,1.6932,544.949,49707399.18143,60.171,0.0,33.6,"[{""usdt"": 16532440.0, ""borsa"": 1, ""fiyat"": 63400.0, ""kaynak"": ""BNB""}, {""usdt"": 13679779.0, ""borsa"": 3, ""fiyat"": 63475.0, ""kaynak"": ""BNB+BYB+OKX""}, {""usdt"": 9935632.0, ""borsa"": 2, ""fiyat"": 63450.0, ""kaynak"": ""BNB+BYB""}]","[{""usdt"": 12120847.0, ""borsa"": 3, ""fiyat"": 63525.0, ""kaynak"": ""BNB+BYB+OKX""}, {""usdt"": 10895844.0, ""borsa"": 3, ""fiyat"": 63500.0, ""kaynak"": ""BNB+BYB+OKX""}, {""usdt"": 8609844.0, ""borsa"": 1, ""fiyat"": 63600.0, ""kaynak"": ""BNB""}]",YOK,-0.2071,0.0372,0.8244,0.4975,false,0.2777,false,,0,2,3,0,1,3,50.9,51.9,IZLE,,25,63533.9,,,,,SEVIYE,45,96.5,10,,,,,,,1785199920,2,0,,28,617.2,26,,,
29027,2026-07-28 00:55:51.824974+00,63528.75,-2848859.937216217,-89746.30699999997,11668999849.639198,0.000029412000000000002,60486959.47643009,243714.7214,43.0,BEKLE,false,243714.7214,0.0,1.6932,605.5,47282910.05712997,120.722,43.0,0.0,"[{""usdt"": 18718956.0, ""borsa"": 3, ""fiyat"": 63450.0, ""kaynak"": ""BNB+BYB+OKX""}, {""usdt"": 14673669.0, ""borsa"": 1, ""fiyat"": 63400.0, ""kaynak"": ""BNB""}, {""usdt"": 11380484.0, ""borsa"": 3, ""fiyat"": 63425.0, ""kaynak"": ""BNB+BYB+OKX""}]","[{""usdt"": 13729880.0, ""borsa"": 3, ""fiyat"": 63475.0, ""kaynak"": ""BNB+BYB+OKX""}, {""usdt"": 10147945.0, ""borsa"": 1, ""fiyat"": 63575.0, ""kaynak"": ""BNB""}, {""usdt"": 6836945.0, ""borsa"": 2, ""fiyat"": 63500.0, ""kaynak"": ""BNB+OKX""}]",YOK,-0.1711,0.1225,0.8391,1.247,false,3.1151,true,0,0,1,3,0,0,3,47.5,48.6,IZLE,,25,63533.9,,,,,SEVIYE,45,97.5,10,,,,,,,1785200100,3,0,,28,618.2,26,,,
29028,2026-07-28 00:56:52.050965+00,63495.350000000006,-3209963.2761856173,-230181.19000000003,11663106995.3527,0.000029412000000000002,51142541.49209003,228237.9805,58.0,BEKLE,false,228237.9805,0.0,1.6932,604.147,45695708.37501004,0,58.0,0.0,"[{""usdt"": 13960730.0, ""borsa"": 3, ""fiyat"": 63525.0, ""kaynak"": ""BNB+BYB+OKX""}, {""usdt"": 11993604.0, ""borsa"": 3, ""fiyat"": 63500.0, ""kaynak"": ""BNB+BYB+OKX""}, {""usdt"": 10691068.0, ""borsa"": 1, ""fiyat"": 63425.0, ""kaynak"": ""BNB""}]","[{""usdt"": 14195906.0, ""borsa"": 3, ""fiyat"": 63550.0, ""kaynak"": ""BNB+BYB+OKX""}, {""usdt"": 7579614.0, ""borsa"": 1, ""fiyat"": 63625.0, ""kaynak"": ""BNB""}, {""usdt"": 7361345.0, ""borsa"": 1, ""fiyat"": 63575.0, ""kaynak"": ""BNB""}]",YOK,-0.0628,0.0562,0.6773,0.5222,false,,true,0,0,0,3,0,0,3,44,45.1,IZLE,,25,63533.9,,,,,SEVIYE,45,98.5,10,,,,,,,1785200100,3,0,,28,619.2,26,,,
29029,2026-07-28 00:57:52.570626+00,63528.95,-2732718.456837016,-204191.18499999997,11664544334.045502,0.000029412000000000002,50677861.465970024,68668.96760000002,80.3,BEKLE,false,68668.96760000002,0.0,1.6889,664.279,47597545.04690002,0,80.3,0.0,"[{""usdt"": 13173906.0, ""borsa"": 3, ""fiyat"": 63500.0, ""kaynak"": ""BNB+BYB+OKX""}, {""usdt"": 11334932.0, ""borsa"": 1, ""fiyat"": 63475.0, ""kaynak"": ""BNB""}, {""usdt"": 8868160.0, ""borsa"": 1, ""fiyat"": 63400.0, ""kaynak"": ""BNB""}]","[{""usdt"": 15611294.0, ""borsa"": 3, ""fiyat"": 63525.0, ""kaynak"": ""BNB+BYB+OKX""}, {""usdt"": 10311360.0, ""borsa"": 3, ""fiyat"": 63550.0, ""kaynak"": ""BNB+BYB+OKX""}, {""usdt"": 7495892.0, ""borsa"": 1, ""fiyat"": 63575.0, ""kaynak"": ""BNB""}]",YOK,-0.151,0.0313,0.381,0.3162,false,,true,0,0,1,3,0,1,3,40.2,41.3,HAZIRLAN,SHORT,50,63533.9,63000,63000,63541.4,42.64,SEVIYE+EMILIM,45,99.5,10,,,,,,,1785200160,3,0,42.64,28,620.2,26,,,
29030,2026-07-28 00:58:53.109421+00,63487.25,-3585804.2107154205,102770.00300000006,11660396515.812,0.000029412000000000002,52417567.07270002,68668.96760000002,56.0,BEKLE,false,68668.96760000002,0.0,1.6889,725.145,47200265.91999999,60.866,56.0,0.0,"[{""usdt"": 14665653.0, ""borsa"": 3, ""fiyat"": 63500.0, ""kaynak"": ""BNB+BYB+OKX""}, {""usdt"": 11840388.0, ""borsa"": 3, ""fiyat"": 63475.0, ""kaynak"": ""BNB+BYB+OKX""}, {""usdt"": 11008985.0, ""borsa"": 1, ""fiyat"": 63400.0, ""kaynak"": ""BNB""}]","[{""usdt"": 12576096.0, ""borsa"": 3, ""fiyat"": 63525.0, ""kaynak"": ""BNB+BYB+OKX""}, {""usdt"": 9078110.0, ""borsa"": 1, ""fiyat"": 63625.0, ""kaynak"": ""BNB""}, {""usdt"": 7395781.0, ""borsa"": 1, ""fiyat"": 63550.0, ""kaynak"": ""BNB""}]",YOK,-0.1002,0.0524,0.564,0.1503,false,,true,0,0,1,3,0,2,3,37.3,38.3,IZLE,,25,63470.2,,,,,SEVIYE,45,0.4,1,,,,,,,1785200160,3,1,,29,621.2,28,,,
29031,2026-07-28 00:59:53.320446+00,63452.75,-3446618.469988623,-1094045.038,11652691436.1481,0.000029412000000000002,64451739.63234008,1309174.9146999998,100.0,BEKLE,false,1309174.9146999998,0.0,1.6889,785.412,42874575.25306998,60.267,100.0,0.0,"[{""usdt"": 23534066.0, ""borsa"": 3, ""fiyat"": 63425.0, ""kaynak"": ""BNB+BYB+OKX""}, {""usdt"": 13760235.0, ""borsa"": 1, ""fiyat"": 63400.0, ""kaynak"": ""BNB""}, {""usdt"": 9981333.0, ""borsa"": 1, ""fiyat"": 63350.0, ""kaynak"": ""BNB""}]","[{""usdt"": 10997717.0, ""borsa"": 3, ""fiyat"": 63475.0, ""kaynak"": ""BNB+BYB+OKX""}, {""usdt"": 8043563.0, ""borsa"": 3, ""fiyat"": 63450.0, ""kaynak"": ""BNB+BYB+OKX""}, {""usdt"": 6783301.0, ""borsa"": 1, ""fiyat"": 63525.0, ""kaynak"": ""BNB""}]",PERP,-0.2247,0.201,0.2404,0.3878,false,,true,0,0,2,3,2,0,3,33.6,34.7,HAZIRLAN,SHORT,75,63470.2,63000,63000,63477.6,18.2,SEVIYE+TASFIYE+EMILIM,45,1.4,1,,,,,,,1785200340,4,0,18.2,29,622.2,28,,,
29032,2026-07-28 01:00:54.465967+00,63450.55,-4429128.6445804145,-10188677.882000003,11667282458.6698,0.000029412000000000002,51619658.884760045,1249707.6239,62.0,BEKLE,false,1249707.6239,0.0,1.6889,182.182,49440952.622969985,121.316,62.0,0.0,"[{""usdt"": 14390446.0, ""borsa"": 3, ""fiyat"": 63425.0, ""kaynak"": ""BNB+BYB+OKX""}, {""usdt"": 12657014.0, ""borsa"": 1, ""fiyat"": 63400.0, ""kaynak"": ""BNB""}, {""usdt"": 10311655.0, ""borsa"": 1, ""fiyat"": 63350.0, ""kaynak"": ""BNB""}]","[{""usdt"": 16374316.0, ""borsa"": 3, ""fiyat"": 63475.0, ""kaynak"": ""BNB+BYB+OKX""}, {""usdt"": 8525541.0, ""borsa"": 1, ""fiyat"": 63550.0, ""kaynak"": ""BNB""}, {""usdt"": 8129814.0, ""borsa"": 3, ""fiyat"": 63450.0, ""kaynak"": ""BNB+BYB+OKX""}]",YOK,-0.2458,0.0216,0.057,0.1796,false,,true,0,0,3,3,0,1,3,30.8,31.9,HAZIRLAN,SHORT,50,63470.2,63000,63000,63477.6,16.64,SEVIYE+EMILIM,45,2.4,1,PCT,0.55,0.0,159.0009886135403,false,0.051,1785200400,3,0,16.64,29,623.2,28,,,
29033,2026-07-28 01:01:55.537505+00,63455.649999999994,-4429128.6445804145,-10188677.882000003,11667282458.6698,0.000029412000000000002,66940059.906240046,1249707.6239,94.0,BEKLE,false,1249707.6239,0.0,1.6889,243.277,48553325.824079975,61.095,94.0,0.0,"[{""usdt"": 26021105.0, ""borsa"": 3, ""fiyat"": 63400.0, ""kaynak"": ""BNB+BYB+OKX""}, {""usdt"": 11921948.0, ""borsa"": 1, ""fiyat"": 63375.0, ""kaynak"": ""BNB""}, {""usdt"": 9838050.0, ""borsa"": 1, ""fiyat"": 63325.0, ""kaynak"": ""BNB""}]","[{""usdt"": 13555367.0, ""borsa"": 3, ""fiyat"": 63450.0, ""kaynak"": ""BNB+BYB+OKX""}, {""usdt"": 9765758.0, ""borsa"": 1, ""fiyat"": 63500.0, ""kaynak"": ""BNB""}, {""usdt"": 9460216.0, ""borsa"": 1, ""fiyat"": 63525.0, ""kaynak"": ""BNB""}]",PERP,-0.2679,0.1592,0.0452,0.0937,false,,true,0,0,2,3,1,0,3,28.1,29.2,HAZIRLAN,SHORT,50,63470.2,63000,63000,63477.6,20.73,SEVIYE+EMILIM,45,3.5,1,,,,,,,1785200400,3,0,20.73,29,624.2,28,,,
29034,2026-07-28 01:02:55.773799+00,63471.149999999994,-4418794.883168116,-267.66999999999945,11671236933.198,0.000029412000000000002,54127395.04727996,1494011.0815,34.1,BEKLE,true,1494011.0815,0.0,1.6867,303.58,47464270.38286996,121.398,0.0,34.1,"[{""usdt"": 12710563.0, ""borsa"": 1, ""fiyat"": 63400.0, ""kaynak"": ""BNB""}, {""usdt"": 11838046.0, ""borsa"": 3, ""fiyat"": 63425.0, ""kaynak"": ""BNB+BYB+OKX""}, {""usdt"": 11471228.0, ""borsa"": 1, ""fiyat"": 63350.0, ""kaynak"": ""BNB""}]","[{""usdt"": 14926711.0, ""borsa"": 3, ""fiyat"": 63475.0, ""kaynak"": ""BNB+BYB+OKX""}, {""usdt"": 7548943.0, ""borsa"": 1, ""fiyat"": 63550.0, ""kaynak"": ""BNB""}, {""usdt"": 7525789.0, ""borsa"": 1, ""fiyat"": 63525.0, ""kaynak"": ""BNB""}]",YOK,-0.2001,0.0656,0.7616,1.6617,false,,true,0.0185,1,2,3,0,0,3,24.5,25.6,IZLE,,25,63470.2,,,,,SEVIYE,45,4.5,1,,,,,,,1785200460,3,0,,29,625.3,28,,,
29035,2026-07-28 01:03:56.30847+00,63480.149999999994,-3982984.438958216,-254.35099999999903,11675152388.371899,0.000029412000000000002,51419578.954070084,1493994.7713000001,22.6,BEKLE,,1493994.7713000001,0.0,1.6867,363.78,47028544.46972999,0,22.6,0.0,"[{""usdt"": 15294156.0, ""borsa"": 1, ""fiyat"": 63400.0, ""kaynak"": ""BNB""}, {""usdt"": 10720487.0, ""borsa"": 3, ""fiyat"": 63475.0, ""kaynak"": ""BNB+BYB+OKX""}, {""usdt"": 10016357.0, ""borsa"": 3, ""fiyat"": 63450.0, ""kaynak"": ""BNB+BYB+OKX""}]","[{""usdt"": 14705671.0, ""borsa"": 3, ""fiyat"": 63500.0, ""kaynak"": ""BNB+BYB+OKX""}, {""usdt"": 8881414.0, ""borsa"": 1, ""fiyat"": 63550.0, ""kaynak"": ""BNB""}, {""usdt"": 7967099.0, ""borsa"": 1, ""fiyat"": 63575.0, ""kaynak"": ""BNB""}]",YOK,-0.1092,0.0446,0.5983,0.6812,false,,true,0,0,2,3,1,0,3,20.9,22,IZLE,,25,63470.2,,,,,SEVIYE,45,5.5,1,,,,,,,1785200460,3,0,,29,626.3,28,,,
29036,2026-07-28 01:04:56.687248+00,63422.05,-3208904.1164710163,-14072392.799000002,11677203294.2742,0.000029412000000000002,60124975.683359966,1493994.7713000001,74.1,BEKLE,false,1493994.7713000001,0.0,1.6867,424.354,44723692.75189999,0,74.1,0.0,"[{""usdt"": 20685319.0, ""borsa"": 2, ""fiyat"": 63400.0, ""kaynak"": ""BNB+BYB""}, {""usdt"": 13219115.0, ""borsa"": 3, ""fiyat"": 63425.0, ""kaynak"": ""BNB+BYB+OKX""}, {""usdt"": 11384251.0, ""borsa"": 1, ""fiyat"": 63350.0, ""kaynak"": ""BNB""}]","[{""usdt"": 14489221.0, ""borsa"": 3, ""fiyat"": 63450.0, ""kaynak"": ""BNB+BYB+OKX""}, {""usdt"": 7360863.0, ""borsa"": 1, ""fiyat"": 63525.0, ""kaynak"": ""BNB""}, {""usdt"": 6965960.0, ""borsa"": 2, ""fiyat"": 63475.0, ""kaynak"": ""BNB+OKX""}]",YOK,-0.1561,0.1469,0.007,0.0578,false,,true,0,1,2,3,1,0,3,17.3,18.4,HAZIRLAN,SHORT,50,63470.2,63000,63000,63477.6,7.59,SEVIYE+EMILIM,45,6.5,1,,,,,,,1785200460,3,1,7.59,29,627.3,28,,,
29037,2026-07-28 01:05:56.917114+00,63349.95,-4569007.7467716215,-14165127.385000004,11666791383.0433,0.000029412000000000002,52173749.72441993,255453.3384,43.0,BEKLE,false,255453.3384,0.0,1.686,0,118221618.04804,0,43.0,0.0,"[{""usdt"": 12843651.0, ""borsa"": 3, ""fiyat"": 63325.0, ""kaynak"": ""BNB+BYB+OKX""}, {""usdt"": 10774336.0, ""borsa"": 1, ""fiyat"": 63300.0, ""kaynak"": ""BNB""}, {""usdt"": 10687777.0, ""borsa"": 1, ""fiyat"": 63250.0, ""kaynak"": ""BNB""}]","[{""usdt"": 79424938.0, ""borsa"": 1, ""fiyat"": 63400.0, ""kaynak"": ""BNB""}, {""usdt"": 13531125.0, ""borsa"": 3, ""fiyat"": 63375.0, ""kaynak"": ""BNB+BYB+OKX""}, {""usdt"": 9311046.0, ""borsa"": 1, ""fiyat"": 63450.0, ""kaynak"": ""BNB""}]",YOK,-0.1982,-0.3876,0.0134,0.6146,false,,true,0,0,2,3,0,2,3,13.4,14.5,YOK,,0,63470.2,,,,,SEVIYE,45,7.5,1,,,,,,,1785200640,2,0,,29,628.3,28,,,
29038,2026-07-28 01:06:57.219205+00,63265.75,-4546424.737694113,-16848225.737999994,11643392561.1454,0.000029412000000000002,56530724.01263006,3284941.8427999998,0.0,BEKLE,,3284941.8427999998,0.0,1.686,0,122890599.08588,60.194,0.0,0.0,"[{""usdt"": 25289359.0, ""borsa"": 1, ""fiyat"": 63200.0, ""kaynak"": ""BNB""}, {""usdt"": 10351565.0, ""borsa"": 3, ""fiyat"": 63250.0, ""kaynak"": ""BNB+BYB+OKX""}, {""usdt"": 8857572.0, ""borsa"": 3, ""fiyat"": 63225.0, ""kaynak"": ""BNB+BYB+OKX""}]","[{""usdt"": 78665373.0, ""borsa"": 1, ""fiyat"": 63400.0, ""kaynak"": ""BNB""}, {""usdt"": 11199796.0, ""borsa"": 3, ""fiyat"": 63275.0, ""kaynak"": ""BNB+BYB+OKX""}, {""usdt"": 9759181.0, ""borsa"": 1, ""fiyat"": 63375.0, ""kaynak"": ""BNB""}]",YOK,-0.3566,-0.3699,0.0068,0.6973,false,,true,0,0,3,3,0,2,3,9.8,10.8,YOK,,0,63470.2,,,,,SEVIYE+TASFIYE,45,8.5,1,,,,,,,1785200700,4,0,,29,629.3,28,,,
29039,2026-07-28 01:07:57.530275+00,63122.55,-6948536.491235125,-21422980.520999994,11604567870.3124,0.000029412000000000002,50136697.14624997,4746345.2162,0.0,BEKLE,,4721289.7814,25055.434800000003,1.686,0,119143968.45718,0,0.0,0.0,"[{""usdt"": 17538804.0, ""borsa"": 1, ""fiyat"": 63000.0, ""kaynak"": ""BNB""}, {""usdt"": 9059624.0, ""borsa"": 3, ""fiyat"": 63100.0, ""kaynak"": ""BNB+BYB+OKX""}, {""usdt"": 8253739.0, ""borsa"": 1, ""fiyat"": 63025.0, ""kaynak"": ""BNB""}]","[{""usdt"": 75947853.0, ""borsa"": 1, ""fiyat"": 63200.0, ""kaynak"": ""BNB""}, {""usdt"": 13295189.0, ""borsa"": 3, ""fiyat"": 63125.0, ""kaynak"": ""BNB+BYB+OKX""}, {""usdt"": 11548118.0, ""borsa"": 3, ""fiyat"": 63150.0, ""kaynak"": ""BNB+BYB+OKX""}]",YOK,-0.157,-0.4077,0.0436,0.3831,false,,true,0,0,2,3,0,2,3,6.3,7.4,YOK,,0,63000,,,,,SEVIYE+TASFIYE,55,139.6,14,,,,,,,1785200820,4,0,,29,630.3,28,,,
29040,2026-07-28 01:08:57.766743+00,63091.850000000006,-12348847.156420026,-24598842.353,11556847525.148499,0.000029412000000000002,51094392.49480995,10759927.2267,0.0,BEKLE,,10734871.7919,25055.434800000003,1.686,60.32,126850444.2171099,60.32,0.0,0.0,"[{""usdt"": 13616179.0, ""borsa"": 1, ""fiyat"": 63000.0, ""kaynak"": ""BNB""}, {""usdt"": 12504657.0, ""borsa"": 3, ""fiyat"": 63050.0, ""kaynak"": ""BNB+BYB+OKX""}, {""usdt"": 12348431.0, ""borsa"": 3, ""fiyat"": 63075.0, ""kaynak"": ""BNB+BYB+OKX""}]","[{""usdt"": 82314511.0, ""borsa"": 1, ""fiyat"": 63200.0, ""kaynak"": ""BNB""}, {""usdt"": 10032192.0, ""borsa"": 3, ""fiyat"": 63100.0, ""kaynak"": ""BNB+BYB+OKX""}, {""usdt"": 9472967.0, ""borsa"": 3, ""fiyat"": 63125.0, ""kaynak"": ""BNB+BYB+OKX""}]",YOK,0.0285,-0.4257,0.117,0.3473,false,,true,0,0,0,3,0,3,3,2.8,3.9,IZLE,,50,63122.6,,,,,SEVIYE+TASFIYE,65,0.5,1,,,,,,,1785200880,4,0,,30,631.3,29,,,
29041,2026-07-28 01:09:58.098069+00,63177.45,-13014512.884909118,-24792434.726999998,11564686251.1324,0.000029412000000000002,51094392.49480995,13126825.601700002,0.0,BEKLE,,13101770.166900001,25055.434800000003,1.686,120.514,126850444.2171099,120.514,0.0,0.0,"[{""usdt"": 13616179.0, ""borsa"": 1, ""fiyat"": 63000.0, ""kaynak"": ""BNB""}, {""usdt"": 12504657.0, ""borsa"": 3, ""fiyat"": 63050.0, ""kaynak"": ""BNB+BYB+OKX""}, {""usdt"": 12348431.0, ""borsa"": 3, ""fiyat"": 63075.0, ""kaynak"": ""BNB+BYB+OKX""}]","[{""usdt"": 82314511.0, ""borsa"": 1, ""fiyat"": 63200.0, ""kaynak"": ""BNB""}, {""usdt"": 10032192.0, ""borsa"": 3, ""fiyat"": 63100.0, ""kaynak"": ""BNB+BYB+OKX""}, {""usdt"": 9472967.0, ""borsa"": 3, ""fiyat"": 63125.0, ""kaynak"": ""BNB+BYB+OKX""}]",YOK,0.0285,-0.4257,0.2627,0.4196,false,,true,0,0,0,3,0,3,3,63,64.1,IZLE,,50,63122.6,,,,,SEVIYE+TASFIYE,65,1.5,1,,,,,,,1785200880,4,0,,30,632.3,29,,,
29042,2026-07-28 01:10:59.015409+00,63132.75,-12228351.380648993,-22688973.376,11567058041.9517,0.000029412000000000002,67077567.82040004,9843849.840900002,0.0,BEKLE,,9818794.406100001,25055.434800000003,1.686,121.131,124889723.35146998,181.451,0.0,0.0,"[{""usdt"": 23166541.0, ""borsa"": 1, ""fiyat"": 63100.0, ""kaynak"": ""BNB""}, {""usdt"": 16309056.0, ""borsa"": 2, ""fiyat"": 63125.0, ""kaynak"": ""BNB+OKX""}, {""usdt"": 11888374.0, ""borsa"": 3, ""fiyat"": 63150.0, ""kaynak"": ""BNB+BYB+OKX""}]","[{""usdt"": 84446100.0, ""borsa"": 3, ""fiyat"": 63200.0, ""kaynak"": ""BNB+BYB+OKX""}, {""usdt"": 14596148.0, ""borsa"": 3, ""fiyat"": 63175.0, ""kaynak"": ""BNB+BYB+OKX""}, {""usdt"": 7469566.0, ""borsa"": 1, ""fiyat"": 63275.0, ""kaynak"": ""BNB""}]",YOK,0.0661,-0.3012,0.2592,0.4713,false,,true,0,1,0,3,0,3,3,59.5,60.8,IZLE,,50,63122.6,,,,,SEVIYE+TASFIYE,65,2.5,1,,,,,,,1785200880,4,0,,30,633.3,29,,,
29043,2026-07-28 01:11:59.216333+00,63197.149999999994,-11576262.222300991,-22724016.811999995,11566474085.975,0.000029412000000000002,82298068.78951995,8401033.970700001,72.8,BEKLE,true,8401033.970700001,0.0,1.686,60.297,130319909.89391,241.748,72.8,0.0,"[{""usdt"": 28409671.0, ""borsa"": 3, ""fiyat"": 63125.0, ""kaynak"": ""BNB+BYB+OKX""}, {""usdt"": 26659121.0, ""borsa"": 1, ""fiyat"": 63100.0, ""kaynak"": ""BNB""}, {""usdt"": 8596627.0, ""borsa"": 1, ""fiyat"": 63025.0, ""kaynak"": ""BNB""}]","[{""usdt"": 81105236.0, ""borsa"": 1, ""fiyat"": 63200.0, ""kaynak"": ""BNB""}, {""usdt"": 19046836.0, ""borsa"": 3, ""fiyat"": 63150.0, ""kaynak"": ""BNB+BYB+OKX""}, {""usdt"": 14367248.0, ""borsa"": 3, ""fiyat"": 63175.0, ""kaynak"": ""BNB+BYB+OKX""}]",YOK,0.0735,-0.2259,0.3179,0.1991,false,,true,0,1,0,3,0,2,3,56,57.1,IZLE,,50,63266.3,,,,,SEVIYE+TASFIYE,65,3.5,1,,,,,,,1785200880,4,0,,30,634.3,29,,,
29044,2026-07-28 01:12:59.504326+00,63149.95,-11699571.63398859,-23662140.262999997,11584393040.172,0.000029412000000000002,60614646.96001003,2368927.5315000005,75.0,BEKLE,true,2368927.5315000005,0.0,1.6752,120.503,127328699.22124004,301.954,75.0,0.0,"[{""usdt"": 24146202.0, ""borsa"": 1, ""fiyat"": 63100.0, ""kaynak"": ""BNB""}, {""usdt"": 11881150.0, ""borsa"": 3, ""fiyat"": 63175.0, ""kaynak"": ""BNB+BYB+OKX""}, {""usdt"": 10235864.0, ""borsa"": 1, ""fiyat"": 63125.0, ""kaynak"": ""BNB""}]","[{""usdt"": 91329320.0, ""borsa"": 3, ""fiyat"": 63200.0, ""kaynak"": ""BNB+BYB+OKX""}, {""usdt"": 12681285.0, ""borsa"": 1, ""fiyat"": 63300.0, ""kaynak"": ""BNB""}, {""usdt"": 7694077.0, ""borsa"": 2, ""fiyat"": 63225.0, ""kaynak"": ""BNB+BYB""}]",YOK,0.1196,-0.355,0.4525,0.1679,false,,true,0,2,0,3,0,3,3,52.3,53.4,IZLE,,50,63122.6,,,,,SEVIYE+TASFIYE,65,4.5,1,,,,,,,1785200880,4,0,,30,635.3,29,,,
29045,2026-07-28 01:13:59.790261+00,63185.05,-9183759.86916349,-22847713.463999998,11581831793.0105,0.000029412000000000002,64490987.926719986,631.5,65.3,BEKLE,false,631.5,0.0,1.6752,180.793,115060068.93122989,362.244,0.0,65.3,"[{""usdt"": 24599098.0, ""borsa"": 2, ""fiyat"": 63100.0, ""kaynak"": ""BNB+OKX""}, {""usdt"": 15441398.0, ""borsa"": 3, ""fiyat"": 63125.0, ""kaynak"": ""BNB+BYB+OKX""}, {""usdt"": 7944596.0, ""borsa"": 1, ""fiyat"": 63025.0, ""kaynak"": ""BNB""}]","[{""usdt"": 77704250.0, ""borsa"": 1, ""fiyat"": 63200.0, ""kaynak"": ""BNB""}, {""usdt"": 11137736.0, ""borsa"": 3, ""fiyat"": 63150.0, ""kaynak"": ""BNB+BYB+OKX""}, {""usdt"": 9314614.0, ""borsa"": 3, ""fiyat"": 63175.0, ""kaynak"": ""BNB+BYB+OKX""}]",YOK,0.0729,-0.2816,0.4131,0.7831,false,,true,0,1,0,3,0,1,3,48.7,49.8,IZLE,,25,63122.6,,,,,SEVIYE,65,5.5,1,,,,,,,1785201120,1,0,,30,636.3,29,,,
29046,2026-07-28 01:15:00.018686+00,63172.75,-7106541.509419697,-22693425.303999998,11591819622.8992,0.000029412000000000002,66185692.27947,694.6851,90.7,BEKLE,false,694.6851,0.0,1.6752,241.096,119289449.44216004,422.547,0.0,90.7,"[{""usdt"": 24213301.0, ""borsa"": 1, ""fiyat"": 63100.0, ""kaynak"": ""BNB""}, {""usdt"": 15957775.0, ""borsa"": 3, ""fiyat"": 63175.0, ""kaynak"": ""BNB+BYB+OKX""}, {""usdt"": 10055159.0, ""borsa"": 1, ""fiyat"": 63125.0, ""kaynak"": ""BNB""}]","[{""usdt"": 82430975.0, ""borsa"": 3, ""fiyat"": 63200.0, ""kaynak"": ""BNB+BYB+OKX""}, {""usdt"": 12684828.0, ""borsa"": 1, ""fiyat"": 63300.0, ""kaynak"": ""BNB""}, {""usdt"": 8406904.0, ""borsa"": 2, ""fiyat"": 63225.0, ""kaynak"": ""BNB+BYB""}]",YOK,0.0318,-0.2863,0.523,0.0267,false,,true,0,0,0,3,0,1,3,45.2,46.2,IZLE,,25,63122.6,,,,,SEVIYE,65,6.5,1,,,,,,,1785201180,1,0,,30,637.3,29,,,
29047,2026-07-28 01:16:00.507617+00,63199.95,-6575878.0929047875,-10370072.214,11595697088.6282,0.000029412000000000002,65512547.73474997,3221.5971000000004,79.1,BEKLE,false,3221.5971000000004,0.0,1.6752,301.339,116414165.45197985,482.79,0.0,79.1,"[{""usdt"": 23469249.0, ""borsa"": 1, ""fiyat"": 63100.0, ""kaynak"": ""BNB""}, {""usdt"": 13825565.0, ""borsa"": 3, ""fiyat"": 63175.0, ""kaynak"": ""BNB+BYB+OKX""}, {""usdt"": 11990340.0, ""borsa"": 1, ""fiyat"": 63125.0, ""kaynak"": ""BNB""}]","[{""usdt"": 80533438.0, ""borsa"": 3, ""fiyat"": 63200.0, ""kaynak"": ""BNB+BYB+OKX""}, {""usdt"": 10854762.0, ""borsa"": 1, ""fiyat"": 63300.0, ""kaynak"": ""BNB""}, {""usdt"": 9864318.0, ""borsa"": 2, ""fiyat"": 63225.0, ""kaynak"": ""BNB+BYB""}]",YOK,0.0794,-0.2798,0.1516,0.116,false,,true,0,1,0,3,0,1,3,41.6,42.6,IZLE,,25,63266.3,,,,,SEVIYE,65,7.5,1,PCT,1.64,7.284820459549494,1372.8454770030676,true,0.06,1785201240,1,0,,30,638.3,29,,,
29048,2026-07-28 01:17:01.658841+00,63144.149999999994,-6436135.908462187,-9971922.484999998,11586989343.4408,0.000029412000000000002,77407352.83019006,3221.5971000000004,88.4,BEKLE,false,3221.5971000000004,0.0,1.6752,362.652,51637718.545490034,544.103,0.0,88.4,"[{""usdt"": 24621862.0, ""borsa"": 1, ""fiyat"": 63100.0, ""kaynak"": ""BNB""}, {""usdt"": 24034753.0, ""borsa"": 3, ""fiyat"": 63150.0, ""kaynak"": ""BNB+BYB+OKX""}, {""usdt"": 14120987.0, ""borsa"": 1, ""fiyat"": 63125.0, ""kaynak"": ""BNB""}]","[{""usdt"": 11281227.0, ""borsa"": 3, ""fiyat"": 63200.0, ""kaynak"": ""BNB+BYB+OKX""}, {""usdt"": 9933065.0, ""borsa"": 1, ""fiyat"": 63300.0, ""kaynak"": ""BNB""}, {""usdt"": 9006409.0, ""borsa"": 1, ""fiyat"": 63225.0, ""kaynak"": ""BNB""}]",PERP,0.0925,0.1997,0.1357,0.0899,false,,true,0,2,0,3,2,0,3,38.9,40,IZLE,,25,63122.6,,,,,SEVIYE,65,8.5,1,,,,,,,1785201240,1,1,,30,639.4,29,,,
29049,2026-07-28 01:18:01.882964+00,63142.95,-6346150.177169987,-9592246.921,11583397998.0021,0.000029412000000000002,65034870.48073005,8778.2407,59.2,BEKLE,false,8588.7961,189.4446,1.6846,422.96,58901095.64043003,60.308,0.0,59.2,"[{""usdt"": 23286423.0, ""borsa"": 1, ""fiyat"": 63100.0, ""kaynak"": ""BNB""}, {""usdt"": 16751977.0, ""borsa"": 3, ""fiyat"": 63125.0, ""kaynak"": ""BNB+BYB+OKX""}, {""usdt"": 7600861.0, ""borsa"": 1, ""fiyat"": 63050.0, ""kaynak"": ""BNB""}]","[{""usdt"": 18549885.0, ""borsa"": 3, ""fiyat"": 63175.0, ""kaynak"": ""BNB+BYB+OKX""}, {""usdt"": 10578035.0, ""borsa"": 1, ""fiyat"": 63225.0, ""kaynak"": ""BNB""}, {""usdt"": 9882386.0, ""borsa"": 1, ""fiyat"": 63250.0, ""kaynak"": ""BNB""}]",YOK,0.0169,0.0495,0.1291,0.0109,false,,true,0,0,0,3,0,2,3,35.4,36.5,IZLE,,25,63122.6,,,,,SEVIYE,65,9.5,1,,,,,,,1785201420,2,0,,30,640.4,29,,,
29050,2026-07-28 01:19:02.24369+00,63168.55,-7156559.152401194,-9758610.137999998,11591825784.2565,0.000029412000000000002,74795606.66207998,8841.3641,69.5,BEKLE,,8651.928800000002,189.4353,1.6846,483.157,56348424.59380002,120.505,0.0,69.5,"[{""usdt"": 23486520.0, ""borsa"": 1, ""fiyat"": 63100.0, ""kaynak"": ""BNB""}, {""usdt"": 19880552.0, ""borsa"": 3, ""fiyat"": 63125.0, ""kaynak"": ""BNB+BYB+OKX""}, {""usdt"": 13498365.0, ""borsa"": 3, ""fiyat"": 63150.0, ""kaynak"": ""BNB+BYB+OKX""}]","[{""usdt"": 15666014.0, ""borsa"": 3, ""fiyat"": 63175.0, ""kaynak"": ""BNB+BYB+OKX""}, {""usdt"": 12263520.0, ""borsa"": 1, ""fiyat"": 63250.0, ""kaynak"": ""BNB""}, {""usdt"": 9316834.0, ""borsa"": 1, ""fiyat"": 63225.0, ""kaynak"": ""BNB""}]",YOK,-0.0185,0.1407,0.0577,0.0303,false,,false,2.4566,1,0,3,1,0,3,31.6,32.7,IZLE,,25,63141.9,,,,,SEVIYE,85,10.6,2,,,,,,,1785201480,2,0,,32,641.4,31,,,
29051,2026-07-28 01:20:02.655003+00,63160.850000000006,-8249235.820945289,-9680315.657,11597078116.511398,0.000029412000000000002,67277731.79373,6314.4523,62.2,BEKLE,false,6125.017,189.4353,1.6846,543.57,49718869.354499914,60.413,0.0,62.2,"[{""usdt"": 31710454.0, ""borsa"": 3, ""fiyat"": 63100.0, ""kaynak"": ""BNB+BYB+OKX""}, {""usdt"": 14020490.0, ""borsa"": 3, ""fiyat"": 63125.0, ""kaynak"": ""BNB+BYB+OKX""}, {""usdt"": 8873688.0, ""borsa"": 1, ""fiyat"": 63025.0, ""kaynak"": ""BNB""}]","[{""usdt"": 15139259.0, ""borsa"": 3, ""fiyat"": 63150.0, ""kaynak"": ""BNB+BYB+OKX""}, {""usdt"": 10801175.0, ""borsa"": 1, ""fiyat"": 63200.0, ""kaynak"": ""BNB""}, {""usdt"": 9087817.0, ""borsa"": 3, ""fiyat"": 63175.0, ""kaynak"": ""BNB+BYB+OKX""}]",PERP,-0.0231,0.1501,0.0335,0.0226,false,,false,,0,0,3,1,0,3,28.2,29.3,IZLE,,25,63141.9,,,,,SEVIYE,85,11.6,2,,,,,,,1785201480,2,0,,32,642.4,31,,,
29052,2026-07-28 01:21:02.945638+00,63197.45,3102285.089058302,387217.57999999996,11602005685.3888,0.000029412000000000002,57723125.69456992,6314.4523,68.4,BEKLE,false,6125.017,189.4353,1.6846,604.008,53505391.51239,120.851,0.0,68.4,"[{""usdt"": 23125955.0, ""borsa"": 1, ""fiyat"": 63100.0, ""kaynak"": ""BNB""}, {""usdt"": 10977474.0, ""borsa"": 3, ""fiyat"": 63125.0, ""kaynak"": ""BNB+BYB+OKX""}, {""usdt"": 8413738.0, ""borsa"": 3, ""fiyat"": 63150.0, ""kaynak"": ""BNB+BYB+OKX""}]","[{""usdt"": 18228790.0, ""borsa"": 3, ""fiyat"": 63175.0, ""kaynak"": ""BNB+BYB+OKX""}, {""usdt"": 9328234.0, ""borsa"": 1, ""fiyat"": 63250.0, ""kaynak"": ""BNB""}, {""usdt"": 9034868.0, ""borsa"": 1, ""fiyat"": 63225.0, ""kaynak"": ""BNB""}]",YOK,-0.0439,0.0379,0.2623,0.0044,false,0,false,,0,0,3,0,1,3,24.7,25.8,IZLE,,25,63198.2,,,,,SEVIYE,65,2.6,1,,,,,,,1785201480,2,1,,32,643.4,31,,,
29053,2026-07-28 01:22:04.228466+00,63236.05,3688799.1187902004,747462.056,11612145863.8076,0.000029412000000000002,42985391.24266002,315.7533,49.1,BEKLE,false,126.318,189.4353,1.6846,0,61057400.27949998,0,0.0,49.1,"[{""usdt"": 10363183.0, ""borsa"": 3, ""fiyat"": 63200.0, ""kaynak"": ""BNB+BYB+OKX""}, {""usdt"": 9348409.0, ""borsa"": 1, ""fiyat"": 63150.0, ""kaynak"": ""BNB""}, {""usdt"": 8812385.0, ""borsa"": 1, ""fiyat"": 63125.0, ""kaynak"": ""BNB""}]","[{""usdt"": 14158906.0, ""borsa"": 3, ""fiyat"": 63250.0, ""kaynak"": ""BNB+BYB+OKX""}, {""usdt"": 13170690.0, ""borsa"": 1, ""fiyat"": 63300.0, ""kaynak"": ""BNB""}, {""usdt"": 10892152.0, ""borsa"": 3, ""fiyat"": 63225.0, ""kaynak"": ""BNB+BYB+OKX""}]",YOK,0.1233,-0.1737,0.2718,0.1595,false,0,false,,1,0,3,0,1,3,21.8,22.9,IZLE,,25,63198.2,,,,,SEVIYE,65,3.6,1,,,,,,,1785201480,2,0,,32,644.4,31,,,
29054,2026-07-28 01:23:04.55962+00,63176.05,3736128.2682030983,707264.985,11609733694.2342,0.000029412000000000002,63443682.275299884,126.318,56.6,BEKLE,,126.318,0.0,1.6846,60.605,52864132.138620004,60.605,0.0,56.6,"[{""usdt"": 22252371.0, ""borsa"": 1, ""fiyat"": 63100.0, ""kaynak"": ""BNB""}, {""usdt"": 17230445.0, ""borsa"": 3, ""fiyat"": 63150.0, ""kaynak"": ""BNB+BYB+OKX""}, {""usdt"": 10013809.0, ""borsa"": 2, ""fiyat"": 63125.0, ""kaynak"": ""BNB+OKX""}]","[{""usdt"": 15199033.0, ""borsa"": 3, ""fiyat"": 63175.0, ""kaynak"": ""BNB+BYB+OKX""}, {""usdt"": 8759382.0, ""borsa"": 1, ""fiyat"": 63250.0, ""kaynak"": ""BNB""}, {""usdt"": 8121908.0, ""borsa"": 1, ""fiyat"": 63275.0, ""kaynak"": ""BNB""}]",YOK,-0.0166,0.091,0.2789,0.0592,false,0,false,,1,1,3,1,2,3,18.5,19.6,IZLE,,25,63198.2,,,,,SEVIYE,65,4.6,1,,,,,,,1785201480,1,0,,32,645.4,31,,,
29055,2026-07-28 01:24:04.911128+00,63194.95,4493952.756881198,711020.688,11611312493.6582,0.000029412000000000002,60234570.9183,0.0,54.2,BEKLE,false,0.0,0.0,1.6846,120.953,46761497.68413,120.953,0.0,54.2,"[{""usdt"": 24661655.0, ""borsa"": 1, ""fiyat"": 63100.0, ""kaynak"": ""BNB""}, {""usdt"": 10682997.0, ""borsa"": 3, ""fiyat"": 63175.0, ""kaynak"": ""BNB+BYB+OKX""}, {""usdt"": 10381545.0, ""borsa"": 3, ""fiyat"": 63150.0, ""kaynak"": ""BNB+BYB+OKX""}]","[{""usdt"": 12944721.0, ""borsa"": 3, ""fiyat"": 63200.0, ""kaynak"": ""BNB+BYB+OKX""}, {""usdt"": 9641489.0, ""borsa"": 1, ""fiyat"": 63300.0, ""kaynak"": ""BNB""}, {""usdt"": 9398337.0, ""borsa"": 1, ""fiyat"": 63275.0, ""kaynak"": ""BNB""}]",YOK,0.0443,0.1259,0.3054,0.0447,false,0,false,,1,0,3,1,0,3,15.1,16.2,IZLE,,25,63198.2,,,,,SEVIYE,65,5.6,1,,,,,,,,,0,,32,646.4,31,,,
29056,2026-07-28 01:25:05.577468+00,63165.45,4292064.422741694,813982.1250000001,11614380732.3169,0.000029412000000000002,66392209.22689,0.0,69.1,BEKLE,false,0.0,0.0,1.6846,181.537,49120525.3417,181.537,0.0,69.1,"[{""usdt"": 23499205.0, ""borsa"": 1, ""fiyat"": 63100.0, ""kaynak"": ""BNB""}, {""usdt"": 17783591.0, ""borsa"": 3, ""fiyat"": 63150.0, ""kaynak"": ""BNB+BYB+OKX""}, {""usdt"": 8999977.0, ""borsa"": 1, ""fiyat"": 63075.0, ""kaynak"": ""BNB""}]","[{""usdt"": 10579268.0, ""borsa"": 3, ""fiyat"": 63200.0, ""kaynak"": ""BNB+BYB+OKX""}, {""usdt"": 8869911.0, ""borsa"": 1, ""fiyat"": 63250.0, ""kaynak"": ""BNB""}, {""usdt"": 8179564.0, ""borsa"": 1, ""fiyat"": 63275.0, ""kaynak"": ""BNB""}]",YOK,0.0096,0.1495,0.3207,0.0076,false,0,false,,1,0,3,1,0,3,11.8,12.9,IZLE,,25,63141.9,,,,,SEVIYE,85,16.6,2,,,,,,,,,0,,32,647.4,31,,,
29057,2026-07-28 01:26:05.910525+00,63235.149999999994,3292014.262792492,1553916.33,11618678706.036201,0.000029412000000000002,55463443.84214998,0.0,53.9,BEKLE,true,0.0,0.0,1.6846,241.926,56979988.696250066,241.926,0.0,53.9,"[{""usdt"": 14830484.0, ""borsa"": 1, ""fiyat"": 63100.0, ""kaynak"": ""BNB""}, {""usdt"": 11663676.0, ""borsa"": 3, ""fiyat"": 63200.0, ""kaynak"": ""BNB+BYB+OKX""}, {""usdt"": 9408796.0, ""borsa"": 1, ""fiyat"": 63125.0, ""kaynak"": ""BNB""}]","[{""usdt"": 13043429.0, ""borsa"": 3, ""fiyat"": 63250.0, ""kaynak"": ""BNB+BYB+OKX""}, {""usdt"": 12375440.0, ""borsa"": 1, ""fiyat"": 63300.0, ""kaynak"": ""BNB""}, {""usdt"": 11457571.0, ""borsa"": 1, ""fiyat"": 63325.0, ""kaynak"": ""BNB""}]",YOK,0.1358,-0.0135,0.0604,0.775,false,0,false,,1,0,3,0,0,3,8.3,9.4,IZLE,,25,63198.2,,,,,SEVIYE,65,7.6,1,,,,,,,,,0,,32,648.4,31,,,
29058,2026-07-28 01:27:06.189809+00,63258.95,3422238.8954751915,1901931.987,11622974107.253399,0.000029412000000000002,52434794.04600999,2528.68,64.1,BEKLE,true,2528.68,0.0,1.6947,181.374,52375596.82874996,302.327,0.0,64.1,"[{""usdt"": 18906037.0, ""borsa"": 3, ""fiyat"": 63225.0, ""kaynak"": ""BNB+BYB+OKX""}, {""usdt"": 8662256.0, ""borsa"": 1, ""fiyat"": 63175.0, ""kaynak"": ""BNB""}, {""usdt"": 8195343.0, ""borsa"": 1, ""fiyat"": 63125.0, ""kaynak"": ""BNB""}]","[{""usdt"": 13152914.0, ""borsa"": 3, ""fiyat"": 63275.0, ""kaynak"": ""BNB+BYB+OKX""}, {""usdt"": 11930322.0, ""borsa"": 1, ""fiyat"": 63300.0, ""kaynak"": ""BNB""}, {""usdt"": 10217225.0, ""borsa"": 3, ""fiyat"": 63250.0, ""kaynak"": ""BNB+BYB+OKX""}]",YOK,0.1321,0.0006,0.0836,0.4637,false,0,false,,1,0,3,0,0,3,4.4,5.5,IZLE,,25,63198.2,,,,,SEVIYE,65,8.6,1,,,,,,,1785201960,1,0,,32,649.4,31,,,
29059,2026-07-28 01:28:06.982035+00,63267.45,3653508.126935491,2103568.3460000004,11621504707.7477,0.000029412000000000002,48598234.52800999,34149.708,63.8,BEKLE,true,34149.708,0.0,1.6947,60.711,57217448.73295001,363.038,0.0,63.8,"[{""usdt"": 13839830.0, ""borsa"": 3, ""fiyat"": 63225.0, ""kaynak"": ""BNB+BYB+OKX""}, {""usdt"": 9458264.0, ""borsa"": 1, ""fiyat"": 63150.0, ""kaynak"": ""BNB""}, {""usdt"": 9247901.0, ""borsa"": 1, ""fiyat"": 63175.0, ""kaynak"": ""BNB""}]","[{""usdt"": 13746951.0, ""borsa"": 1, ""fiyat"": 63350.0, ""kaynak"": ""BNB""}, {""usdt"": 10708760.0, ""borsa"": 3, ""fiyat"": 63275.0, ""kaynak"": ""BNB+BYB+OKX""}, {""usdt"": 9152431.0, ""borsa"": 1, ""fiyat"": 63300.0, ""kaynak"": ""BNB""}]",SPOT,0.1975,-0.0815,0.0228,1.6333,false,0,false,,2,0,3,0,0,3,1.3,63.6,IZLE,,25,63198.2,,,,,SEVIYE,65,9.6,1,,,,,,,1785201960,1,0,,32,650.4,31,,,
29060,2026-07-28 01:29:07.237879+00,63284.05,4521525.719851888,3226491.984,11632813876.6646,0.000029412000000000002,48462741.541069984,34213.0226,57.2,BEKLE,true,34149.708,63.3146,1.6947,120.973,59566606.250800006,423.3,0.0,57.2,"[{""usdt"": 14223002.0, ""borsa"": 3, ""fiyat"": 63250.0, ""kaynak"": ""BNB+BYB+OKX""}, {""usdt"": 9458264.0, ""borsa"": 1, ""fiyat"": 63150.0, ""kaynak"": ""BNB""}, {""usdt"": 9247901.0, ""borsa"": 1, ""fiyat"": 63175.0, ""kaynak"": ""BNB""}]","[{""usdt"": 18052588.0, ""borsa"": 3, ""fiyat"": 63275.0, ""kaynak"": ""BNB+BYB+OKX""}, {""usdt"": 13746951.0, ""borsa"": 1, ""fiyat"": 63350.0, ""kaynak"": ""BNB""}, {""usdt"": 9885263.0, ""borsa"": 2, ""fiyat"": 63300.0, ""kaynak"": ""BNB+BYB""}]",SPOT,0.1975,-0.1028,0.0043,0.9024,false,0,false,,2,0,3,0,1,3,61.5,62.6,YOK,,0,63206.2,,,,,SEVIYE,65,10.6,2,,,,,,,1785202080,2,0,,29,641.4,28,,,
29061,2026-07-28 01:30:07.625254+00,63264.95,4377071.990643689,3169552.1870000004,11618798286.0489,0.000029412000000000002,58242403.72702998,34212.9956,38.0,BEKLE,true,34149.708,63.2876,1.6947,0,58651858.01042,120.588,0.0,38.0,"[{""usdt"": 18499229.0, ""borsa"": 3, ""fiyat"": 63250.0, ""kaynak"": ""BNB+BYB+OKX""}, {""usdt"": 13050312.0, ""borsa"": 3, ""fiyat"": 63275.0, ""kaynak"": ""BNB+BYB+OKX""}, {""usdt"": 9025330.0, ""borsa"": 1, ""fiyat"": 63175.0, ""kaynak"": ""BNB""}]","[{""usdt"": 14580213.0, ""borsa"": 1, ""fiyat"": 63400.0, ""kaynak"": ""BNB""}, {""usdt"": 12420003.0, ""borsa"": 1, ""fiyat"": 63375.0, ""kaynak"": ""BNB""}, {""usdt"": 10212256.0, ""borsa"": 3, ""fiyat"": 63300.0, ""kaynak"": ""BNB+BYB+OKX""}]",SPOT,0.18,-0.0035,0.014,1.0661,false,0,false,,3,0,3,2,0,3,56.7,57.8,IZLE,,25,63206.2,,,,,SEVIYE,65,11.6,2,,,,,,,1785202080,2,0,,29,642.4,28,,,
29062,2026-07-28 01:31:08.14797+00,63292.05,3363416.7383324862,2257828.4999999995,11627728123.3955,0.000029412000000000002,51426213.16153002,34212.9956,31.5,BEKLE,,34149.708,63.2876,1.6947,60.434,55869402.15509003,181.022,0.0,31.5,"[{""usdt"": 16054642.0, ""borsa"": 3, ""fiyat"": 63250.0, ""kaynak"": ""BNB+BYB+OKX""}, {""usdt"": 8166549.0, ""borsa"": 3, ""fiyat"": 63275.0, ""kaynak"": ""BNB+BYB+OKX""}, {""usdt"": 8101422.0, ""borsa"": 1, ""fiyat"": 63175.0, ""kaynak"": ""BNB""}]","[{""usdt"": 15754264.0, ""borsa"": 3, ""fiyat"": 63300.0, ""kaynak"": ""BNB+BYB+OKX""}, {""usdt"": 11441765.0, ""borsa"": 1, ""fiyat"": 63375.0, ""kaynak"": ""BNB""}, {""usdt"": 9768516.0, ""borsa"": 1, ""fiyat"": 63325.0, ""kaynak"": ""BNB""}]",YOK,0.1376,-0.0414,0.0385,1.9874,false,0,false,,1,0,3,0,1,3,53,54,YOK,,0,63206.2,,,,,SEVIYE,65,12.7,2,ATR,0.59,0.0541944325097595,3.5783158742333705,false,0.067,1785202080,2,1,,29,643.5,28,,,
29063,2026-07-28 01:32:09.615687+00,63312.350000000006,3441598.9593611867,2394320.753,11630891916.9132,0.000029412000000000002,53001497.47694,63.2876,36.2,BEKLE,true,0.0,63.2876,1.6947,121.713,126294065.19439998,242.301,0.0,36.2,"[{""usdt"": 16259363.0, ""borsa"": 3, ""fiyat"": 63275.0, ""kaynak"": ""BNB+BYB+OKX""}, {""usdt"": 11638148.0, ""borsa"": 2, ""fiyat"": 63250.0, ""kaynak"": ""BNB+OKX""}, {""usdt"": 11470868.0, ""borsa"": 1, ""fiyat"": 63200.0, ""kaynak"": ""BNB""}]","[{""usdt"": 83007178.0, ""borsa"": 1, ""fiyat"": 63400.0, ""kaynak"": ""BNB""}, {""usdt"": 11790562.0, ""borsa"": 1, ""fiyat"": 63375.0, ""kaynak"": ""BNB""}, {""usdt"": 11501257.0, ""borsa"": 3, ""fiyat"": 63300.0, ""kaynak"": ""BNB+BYB+OKX""}]",SPOT,0.159,-0.4088,0.0153,2.7298,false,0,false,,2,0,3,0,1,3,50.3,51.4,YOK,,0,63206.2,,,,,SEVIYE,65,13.7,2,,,,,,,1785202080,1,0,,29,644.5,28,,,
29064,2026-07-28 01:33:09.824178+00,63316.45,3512377.610849288,2532904.3469999996,11637928762.800299,0.000029412000000000002,54062478.29219996,569.7748,45.5,BEKLE,true,0.0,569.7748,1.7042,182.339,122303048.92326999,302.927,0.0,45.5,"[{""usdt"": 20308698.0, ""borsa"": 3, ""fiyat"": 63275.0, ""kaynak"": ""BNB+BYB+OKX""}, {""usdt"": 9335496.0, ""borsa"": 1, ""fiyat"": 63200.0, ""kaynak"": ""BNB""}, {""usdt"": 8288994.0, ""borsa"": 1, ""fiyat"": 63250.0, ""kaynak"": ""BNB""}]","[{""usdt"": 81015699.0, ""borsa"": 1, ""fiyat"": 63400.0, ""kaynak"": ""BNB""}, {""usdt"": 13219896.0, ""borsa"": 1, ""fiyat"": 63375.0, ""kaynak"": ""BNB""}, {""usdt"": 12686602.0, ""borsa"": 3, ""fiyat"": 63325.0, ""kaynak"": ""BNB+BYB+OKX""}]",SPOT,0.2007,-0.3869,0.1148,2.582,false,0,false,,2,0,3,1,1,3,47.1,48.2,YOK,,0,63206.2,,,,,SEVIYE,65,14.7,2,,,,,,,1785202320,1,0,,29,645.5,28,,,
29065,2026-07-28 01:34:10.184139+00,63334.55,4176828.3506056876,2883209.306,11643444378.644901,0.000029412000000000002,55321950.51935998,7030.2425,63.2,BEKLE,false,0.0,7030.2425,1.7042,242.507,125524070.54249969,363.095,63.2,0.0,"[{""usdt"": 23454204.0, ""borsa"": 3, ""fiyat"": 63300.0, ""kaynak"": ""BNB+BYB+OKX""}, {""usdt"": 9151442.0, ""borsa"": 1, ""fiyat"": 63250.0, ""kaynak"": ""BNB""}, {""usdt"": 7385080.0, ""borsa"": 1, ""fiyat"": 63275.0, ""kaynak"": ""BNB""}]","[{""usdt"": 80382772.0, ""borsa"": 1, ""fiyat"": 63400.0, ""kaynak"": ""BNB""}, {""usdt"": 14251829.0, ""borsa"": 3, ""fiyat"": 63350.0, ""kaynak"": ""BNB+BYB+OKX""}, {""usdt"": 11553973.0, ""borsa"": 1, ""fiyat"": 63375.0, ""kaynak"": ""BNB""}]",SPOT,0.2641,-0.3882,0.2838,2.692,false,0,false,,3,0,3,0,1,3,43.4,44.5,YOK,,0,63206.2,,,,,SEVIYE,65,15.7,2,,,,,,,1785202380,1,0,,29,646.5,28,,,
29066,2026-07-28 01:35:10.565266+00,63350.05,5596316.964107289,3103681.201,11648910946.2812,0.000029412000000000002,52205813.50390996,22426.2036,19.5,BEKLE,false,0.0,22426.2036,1.7042,302.954,124098474.31659971,423.542,19.5,0.0,"[{""usdt"": 18705796.0, ""borsa"": 3, ""fiyat"": 63325.0, ""kaynak"": ""BNB+BYB+OKX""}, {""usdt"": 9670827.0, ""borsa"": 3, ""fiyat"": 63300.0, ""kaynak"": ""BNB+BYB+OKX""}, {""usdt"": 7635652.0, ""borsa"": 1, ""fiyat"": 63250.0, ""kaynak"": ""BNB""}]","[{""usdt"": 79164234.0, ""borsa"": 1, ""fiyat"": 63400.0, ""kaynak"": ""BNB""}, {""usdt"": 17223648.0, ""borsa"": 3, ""fiyat"": 63350.0, ""kaynak"": ""BNB+BYB+OKX""}, {""usdt"": 10576856.0, ""borsa"": 2, ""fiyat"": 63375.0, ""kaynak"": ""BNB+BYB""}]",SPOT,0.254,-0.4078,0.8796,3.976,false,0,false,,2,0,3,0,1,3,40,41.1,YOK,,0,63206.2,,,,,SEVIYE,65,16.7,2,,,,,,,1785202440,1,0,,29,647.5,28,,,
29067,2026-07-28 01:36:10.837433+00,63289.95,3029301.8364289985,2998050.376,11637829965.765701,0.000029412000000000002,53325722.54686,23882.2882,66.2,BEKLE,true,0.0,23882.2882,1.7159,363.322,129117921.0903898,483.91,0.0,66.2,"[{""usdt"": 16352484.0, ""borsa"": 3, ""fiyat"": 63275.0, ""kaynak"": ""BNB+BYB+OKX""}, {""usdt"": 11509194.0, ""borsa"": 3, ""fiyat"": 63300.0, ""kaynak"": ""BNB+BYB+OKX""}, {""usdt"": 8618697.0, ""borsa"": 1, ""fiyat"": 63200.0, ""kaynak"": ""BNB""}]","[{""usdt"": 81739849.0, ""borsa"": 1, ""fiyat"": 63400.0, ""kaynak"": ""BNB""}, {""usdt"": 12253425.0, ""borsa"": 3, ""fiyat"": 63325.0, ""kaynak"": ""BNB+BYB+OKX""}, {""usdt"": 10287779.0, ""borsa"": 1, ""fiyat"": 63375.0, ""kaynak"": ""BNB""}]",SPOT,0.1593,-0.4154,0.1512,0.0615,false,0.0166,false,,2,0,3,0,1,3,36.5,37.6,YOK,,0,63206.2,,,,,SEVIYE,65,17.7,2,,,,,,,1785202500,1,0,,29,648.5,28,,,
29068,2026-07-28 01:37:11.093408+00,63289.95,2310278.6897960994,2972573.521,11637540740.198801,0.000029412000000000002,56403577.66488002,23882.0651,65.4,BEKLE,true,0.0,23882.0651,1.7159,423.495,133732324.3180401,544.083,0.0,65.4,"[{""usdt"": 18007353.0, ""borsa"": 3, ""fiyat"": 63250.0, ""kaynak"": ""BNB+BYB+OKX""}, {""usdt"": 13999529.0, ""borsa"": 3, ""fiyat"": 63275.0, ""kaynak"": ""BNB+BYB+OKX""}, {""usdt"": 8379416.0, ""borsa"": 1, ""fiyat"": 63175.0, ""kaynak"": ""BNB""}]","[{""usdt"": 79357495.0, ""borsa"": 1, ""fiyat"": 63400.0, ""kaynak"": ""BNB""}, {""usdt"": 18055464.0, ""borsa"": 3, ""fiyat"": 63300.0, ""kaynak"": ""BNB+BYB+OKX""}, {""usdt"": 12932632.0, ""borsa"": 1, ""fiyat"": 63375.0, ""kaynak"": ""BNB""}]",YOK,0.0789,-0.4067,0.4357,0.5583,false,0.0302,false,,0,0,3,0,1,3,32.9,33.9,YOK,,0,63206.2,,,,,SEVIYE,65,18.7,2,,,,,,,1785202500,1,0,,29,649.5,28,,,
29069,2026-07-28 01:38:11.455555+00,63258.55,1174936.8385149967,2594202.438,11630414114.7844,0.000029412000000000002,54108498.317010015,23375.585100000004,17.4,BEKLE,true,0.0,23375.585100000004,1.7159,120.479,57275512.92273,120.479,0.0,17.4,"[{""usdt"": 15595691.0, ""borsa"": 3, ""fiyat"": 63225.0, ""kaynak"": ""BNB+BYB+OKX""}, {""usdt"": 12126899.0, ""borsa"": 1, ""fiyat"": 63125.0, ""kaynak"": ""BNB""}, {""usdt"": 10217427.0, ""borsa"": 3, ""fiyat"": 63200.0, ""kaynak"": ""BNB+BYB+OKX""}]","[{""usdt"": 16758002.0, ""borsa"": 3, ""fiyat"": 63250.0, ""kaynak"": ""BNB+BYB+OKX""}, {""usdt"": 11532854.0, ""borsa"": 1, ""fiyat"": 63300.0, ""kaynak"": ""BNB""}, {""usdt"": 9949665.0, ""borsa"": 1, ""fiyat"": 63325.0, ""kaynak"": ""BNB""}]",YOK,0.0142,-0.0284,0.9377,1.5031,false,0.0545,false,,0,0,3,0,1,3,28.9,30,IZLE,,50,63206.2,,,,,SEVIYE+TASFIYE,65,19.7,2,,,,,,,1785202500,1,0,,29,650.5,28,,,
29070,2026-07-28 01:39:12.747764+00,63243.05,1192359.1119354968,2621917.31,11634033245.7769,0.000029412000000000002,46179517.72403001,1455.5573,22.5,BEKLE,false,0.0,1455.5573,1.7159,181.918,57902619.74903002,121.745,22.5,0.0,"[{""usdt"": 13678281.0, ""borsa"": 3, ""fiyat"": 63250.0, ""kaynak"": ""BNB+BYB+OKX""}, {""usdt"": 11344090.0, ""borsa"": 3, ""fiyat"": 63225.0, ""kaynak"": ""BNB+BYB+OKX""}, {""usdt"": 8009104.0, ""borsa"": 1, ""fiyat"": 63200.0, ""kaynak"": ""BNB""}]","[{""usdt"": 13912117.0, ""borsa"": 1, ""fiyat"": 63375.0, ""kaynak"": ""BNB""}, {""usdt"": 12737998.0, ""borsa"": 1, ""fiyat"": 63300.0, ""kaynak"": ""BNB""}, {""usdt"": 11085905.0, ""borsa"": 3, ""fiyat"": 63275.0, ""kaynak"": ""BNB+BYB+OKX""}]",YOK,0.0669,-0.1126,0.8172,1.6271,false,0.0417,false,,0,0,3,0,2,3,26.5,27.6,IZLE,,25,63268.2,,,,,SEVIYE,65,0.7,1,,,,,,,1785202500,1,0,,34,651.5,33,,,
29071,2026-07-28 01:40:13.05823+00,63238.05,131823.28640459818,1228116.0860000001,11633510390.822601,0.000029412000000000002,52659098.68072003,0.0,50.8,BEKLE,,0.0,0.0,1.7159,242.096,57167320.89164998,181.923,50.8,0.0,"[{""usdt"": 14006866.0, ""borsa"": 3, ""fiyat"": 63200.0, ""kaynak"": ""BNB+BYB+OKX""}, {""usdt"": 12581096.0, ""borsa"": 3, ""fiyat"": 63225.0, ""kaynak"": ""BNB+BYB+OKX""}, {""usdt"": 9325856.0, ""borsa"": 1, ""fiyat"": 63150.0, ""kaynak"": ""BNB""}]","[{""usdt"": 14786209.0, ""borsa"": 3, ""fiyat"": 63250.0, ""kaynak"": ""BNB+BYB+OKX""}, {""usdt"": 11276069.0, ""borsa"": 1, ""fiyat"": 63300.0, ""kaynak"": ""BNB""}, {""usdt"": 8777635.0, ""borsa"": 1, ""fiyat"": 63325.0, ""kaynak"": ""BNB""}]",YOK,0.0222,-0.041,0.5327,0.7089,false,0.0545,false,,0,0,3,0,1,3,22.8,23.9,IZLE,,25,63268.2,,,,,SEVIYE,65,1.7,1,,,,,,,,,0,,34,652.5,33,,,
29072,2026-07-28 01:41:13.42784+00,63202.75,448225.88040869805,610526.4630000001,11626858843.217201,0.000029412000000000002,66296989.11168,5432.4566,61.7,BEKLE,,5432.4566,0.0,1.7159,60.443,57079485.37528002,242.366,61.7,0.0,"[{""usdt"": 24688324.0, ""borsa"": 1, ""fiyat"": 63100.0, ""kaynak"": ""BNB""}, {""usdt"": 19879211.0, ""borsa"": 3, ""fiyat"": 63150.0, ""kaynak"": ""BNB+BYB+OKX""}, {""usdt"": 8054634.0, ""borsa"": 1, ""fiyat"": 63125.0, ""kaynak"": ""BNB""}]","[{""usdt"": 12255419.0, ""borsa"": 3, ""fiyat"": 63200.0, ""kaynak"": ""BNB+BYB+OKX""}, {""usdt"": 11537518.0, ""borsa"": 1, ""fiyat"": 63300.0, ""kaynak"": ""BNB""}, {""usdt"": 9252074.0, ""borsa"": 1, ""fiyat"": 63250.0, ""kaynak"": ""BNB""}]",YOK,-0.0307,0.0747,0.2973,0.6527,false,0.0945,false,,0,1,3,0,0,3,19.4,20.5,IZLE,,25,63173.8,,,,,SEVIYE,85,22.7,3,,,,,,,1785202800,1,0,,34,653.5,33,,,
29073,2026-07-28 01:42:13.650702+00,63194.95,379898.3442444984,824996.986,11628869900.5558,0.000029412000000000002,63314455.40055004,5432.4566,63.9,BEKLE,true,5432.4566,0.0,1.7218,120.745,61746795.08920007,302.668,63.9,0.0,"[{""usdt"": 24985709.0, ""borsa"": 1, ""fiyat"": 63100.0, ""kaynak"": ""BNB""}, {""usdt"": 12835017.0, ""borsa"": 3, ""fiyat"": 63175.0, ""kaynak"": ""BNB+BYB+OKX""}, {""usdt"": 9771716.0, ""borsa"": 3, ""fiyat"": 63150.0, ""kaynak"": ""BNB+BYB+OKX""}]","[{""usdt"": 15670246.0, ""borsa"": 3, ""fiyat"": 63200.0, ""kaynak"": ""BNB+BYB+OKX""}, {""usdt"": 13479957.0, ""borsa"": 1, ""fiyat"": 63300.0, ""kaynak"": ""BNB""}, {""usdt"": 10963588.0, ""borsa"": 3, ""fiyat"": 63225.0, ""kaynak"": ""BNB+BYB+OKX""}]",YOK,-0.0155,0.0125,0.2602,0.8322,false,0.0985,false,,0,1,3,0,1,3,15.9,17,IZLE,,25,63173.8,,,,,SEVIYE,85,23.7,3,,,,,,,1785202800,1,1,,34,654.5,33,,,
29074,2026-07-28 01:43:13.905184+00,63185.649999999994,671356.5010807959,881757.4530000001,11628745743.1304,0.000029412000000000002,69861277.14026009,5432.4566,82.0,BEKLE,true,5432.4566,0.0,1.7218,180.932,55624498.99648001,362.855,82.0,0.0,"[{""usdt"": 24366433.0, ""borsa"": 1, ""fiyat"": 63100.0, ""kaynak"": ""BNB""}, {""usdt"": 17005086.0, ""borsa"": 3, ""fiyat"": 63175.0, ""kaynak"": ""BNB+BYB+OKX""}, {""usdt"": 12792078.0, ""borsa"": 3, ""fiyat"": 63150.0, ""kaynak"": ""BNB+BYB+OKX""}]","[{""usdt"": 14908725.0, ""borsa"": 1, ""fiyat"": 63300.0, ""kaynak"": ""BNB""}, {""usdt"": 13280706.0, ""borsa"": 3, ""fiyat"": 63200.0, ""kaynak"": ""BNB+BYB+OKX""}, {""usdt"": 11001785.0, ""borsa"": 1, ""fiyat"": 63250.0, ""kaynak"": ""BNB""}]",YOK,0.031,0.1135,0.1032,0.9713,false,0.143,false,,1,1,3,0,0,3,11.9,12.9,IZLE,,25,63173.8,,,,,SEVIYE,85,24.7,3,,,,,,,1785202800,1,2,,34,655.5,33,,,
29075,2026-07-28 01:44:14.497399+00,63189.55,27998.860381392995,907075.047,11630967693.0549,0.000029412000000000002,68522202.06511004,5432.4566,99.4,BEKLE,true,5432.4566,0.0,1.7218,241.2,58232922.36283006,423.123,99.4,0.0,"[{""usdt"": 26060041.0, ""borsa"": 1, ""fiyat"": 63100.0, ""kaynak"": ""BNB""}, {""usdt"": 17050435.0, ""borsa"": 3, ""fiyat"": 63175.0, ""kaynak"": ""BNB+BYB+OKX""}, {""usdt"": 9431201.0, ""borsa"": 3, ""fiyat"": 63150.0, ""kaynak"": ""BNB+BYB+OKX""}]","[{""usdt"": 13836479.0, ""borsa"": 3, ""fiyat"": 63200.0, ""kaynak"": ""BNB+BYB+OKX""}, {""usdt"": 13633579.0, ""borsa"": 1, ""fiyat"": 63300.0, ""kaynak"": ""BNB""}, {""usdt"": 9314006.0, ""borsa"": 1, ""fiyat"": 63250.0, ""kaynak"": ""BNB""}]",YOK,-0.0506,0.0812,0.2099,0.6273,false,0.1652,false,,0,1,3,0,1,3,8.3,9.4,IZLE,,25,63173.8,,,,,SEVIYE,85,25.7,3,,,,,,,1785202800,1,3,,34,656.6,33,,,
29076,2026-07-28 01:45:15.019356+00,63157.95,27998.860381392995,907075.047,11630967693.0549,0.000029412000000000002,66580015.85397005,5432.4566,40.9,BEKLE,true,5432.4566,0.0,1.7218,301.897,49492800.41321003,0,40.9,0.0,"[{""usdt"": 23425398.0, ""borsa"": 1, ""fiyat"": 63100.0, ""kaynak"": ""BNB""}, {""usdt"": 15642418.0, ""borsa"": 3, ""fiyat"": 63150.0, ""kaynak"": ""BNB+BYB+OKX""}, {""usdt"": 11922133.0, ""borsa"": 3, ""fiyat"": 63125.0, ""kaynak"": ""BNB+BYB+OKX""}]","[{""usdt"": 13635168.0, ""borsa"": 3, ""fiyat"": 63175.0, ""kaynak"": ""BNB+BYB+OKX""}, {""usdt"": 9959131.0, ""borsa"": 1, ""fiyat"": 63250.0, ""kaynak"": ""BNB""}, {""usdt"": 9081204.0, ""borsa"": 1, ""fiyat"": 63225.0, ""kaynak"": ""BNB""}]",YOK,-0.0791,0.1472,0.1123,5.6366,false,0.196,false,,0,1,3,1,0,3,5.1,6.2,IZLE,,25,63173.8,,,,,SEVIYE,85,26.8,3,,,,,,,1785203040,1,0,,34,657.6,33,,,
29077,2026-07-28 01:46:15.665563+00,63163.149999999994,-1928027.593934105,-25725.603999999992,11636557334.5377,0.000029412000000000002,60753771.781170055,298580.955,58.3,BEKLE,false,298580.955,0.0,1.7218,362.509,50961432.00700995,60.612,58.3,0.0,"[{""usdt"": 23252635.0, ""borsa"": 1, ""fiyat"": 63100.0, ""kaynak"": ""BNB""}, {""usdt"": 12038304.0, ""borsa"": 3, ""fiyat"": 63125.0, ""kaynak"": ""BNB+BYB+OKX""}, {""usdt"": 9139314.0, ""borsa"": 3, ""fiyat"": 63150.0, ""kaynak"": ""BNB+BYB+OKX""}]","[{""usdt"": 14672913.0, ""borsa"": 3, ""fiyat"": 63175.0, ""kaynak"": ""BNB+BYB+OKX""}, {""usdt"": 10576472.0, ""borsa"": 1, ""fiyat"": 63250.0, ""kaynak"": ""BNB""}, {""usdt"": 8386947.0, ""borsa"": 1, ""fiyat"": 63225.0, ""kaynak"": ""BNB""}]",YOK,-0.1,0.0877,0.5937,0.6439,false,4.4265,false,,0,1,3,0,0,3,1.9,63.7,IZLE,,25,63173.8,,,,,SEVIYE,85,27.8,3,,,,,,,1785203040,1,0,,34,658.6,33,,,
29078,2026-07-28 01:47:16.654777+00,63182.95,-483025.22005540575,-3614.726999999971,11636360161.8959,0.000029412000000000002,68557735.3458601,298580.955,84.1,BEKLE,false,298580.955,0.0,1.7218,423.618,53415820.43807,121.721,84.1,0.0,"[{""usdt"": 26212593.0, ""borsa"": 1, ""fiyat"": 63100.0, ""kaynak"": ""BNB""}, {""usdt"": 15615462.0, ""borsa"": 3, ""fiyat"": 63150.0, ""kaynak"": ""BNB+BYB+OKX""}, {""usdt"": 14553494.0, ""borsa"": 3, ""fiyat"": 63125.0, ""kaynak"": ""BNB+BYB+OKX""}]","[{""usdt"": 11816146.0, ""borsa"": 1, ""fiyat"": 63300.0, ""kaynak"": ""BNB""}, {""usdt"": 10265672.0, ""borsa"": 3, ""fiyat"": 63175.0, ""kaynak"": ""BNB+BYB+OKX""}, {""usdt"": 9387830.0, ""borsa"": 1, ""fiyat"": 63250.0, ""kaynak"": ""BNB""}]",YOK,-0.1,0.1241,0.2895,0.262,false,0.381,false,,0,1,3,1,0,3,63,61.5,IZLE,,25,63173.8,,,,,SEVIYE,85,28.8,3,,,,,,,1785203040,1,1,,34,659.6,33,,,
29079,2026-07-28 01:48:16.905253+00,63228.850000000006,93866.63435219391,1030355.796,11632982542.8473,0.000029412000000000002,69006499.96422009,298580.955,19.1,BEKLE,true,298580.955,0.0,1.7211,483.938,53145473.55089,182.041,0.0,19.1,"[{""usdt"": 26212593.0, ""borsa"": 1, ""fiyat"": 63100.0, ""kaynak"": ""BNB""}, {""usdt"": 16870424.0, ""borsa"": 3, ""fiyat"": 63150.0, ""kaynak"": ""BNB+BYB+OKX""}, {""usdt"": 9871417.0, ""borsa"": 3, ""fiyat"": 63175.0, ""kaynak"": ""BNB+BYB+OKX""}]","[{""usdt"": 13743405.0, ""borsa"": 3, ""fiyat"": 63200.0, ""kaynak"": ""BNB+BYB+OKX""}, {""usdt"": 11816146.0, ""borsa"": 1, ""fiyat"": 63300.0, ""kaynak"": ""BNB""}, {""usdt"": 9387830.0, ""borsa"": 1, ""fiyat"": 63250.0, ""kaynak"": ""BNB""}]",YOK,-0.0254,0.1298,0.6033,2.9378,false,0.3281,false,,0,1,3,1,1,3,59.5,60.5,IZLE,,25,63268.2,,,,,SEVIYE,65,9.8,1,,,,,,,1785203040,1,2,,34,660.6,33,,,
29080,2026-07-28 01:49:17.267779+00,63245.25,854299.6727670945,2363873.0790000004,11637867517.100498,0.000029412000000000002,59041085.20001997,298580.955,41.8,BEKLE,true,298580.955,0.0,1.7211,544.231,49799728.786440015,120.613,0.0,41.8,"[{""usdt"": 19265080.0, ""borsa"": 3, ""fiyat"": 63200.0, ""kaynak"": ""BNB+BYB+OKX""}, {""usdt"": 14085645.0, ""borsa"": 1, ""fiyat"": 63100.0, ""kaynak"": ""BNB""}, {""usdt"": 8479955.0, ""borsa"": 1, ""fiyat"": 63125.0, ""kaynak"": ""BNB""}]","[{""usdt"": 13360054.0, ""borsa"": 1, ""fiyat"": 63300.0, ""kaynak"": ""BNB""}, {""usdt"": 9625244.0, ""borsa"": 3, ""fiyat"": 63250.0, ""kaynak"": ""BNB+BYB+OKX""}, {""usdt"": 6989801.0, ""borsa"": 1, ""fiyat"": 63325.0, ""kaynak"": ""BNB""}]",YOK,0.0723,0.0849,0.1816,0.8031,false,1.6804,true,0,0,0,3,1,1,3,55.9,57,IZLE,,25,63256.8,,,,,SEVIYE,65,10.8,2,,,,,,,1785203040,1,3,,31,671.6,30,,,
29081,2026-07-28 01:50:17.691085+00,63224.05,537572.9949983978,2254355.605,11647670843.039,0.000029412000000000002,46521790.74723999,0.0,36.4,BEKLE,true,0.0,0.0,1.7211,604.576,48934833.778110005,60.345,0.0,36.4,"[{""usdt"": 10354721.0, ""borsa"": 3, ""fiyat"": 63225.0, ""kaynak"": ""BNB+BYB+OKX""}, {""usdt"": 9331750.0, ""borsa"": 3, ""fiyat"": 63250.0, ""kaynak"": ""BNB+BYB+OKX""}, {""usdt"": 7344647.0, ""borsa"": 1, ""fiyat"": 63150.0, ""kaynak"": ""BNB""}]","[{""usdt"": 12532804.0, ""borsa"": 3, ""fiyat"": 63275.0, ""kaynak"": ""BNB+BYB+OKX""}, {""usdt"": 9869043.0, ""borsa"": 1, ""fiyat"": 63350.0, ""kaynak"": ""BNB""}, {""usdt"": 9526226.0, ""borsa"": 1, ""fiyat"": 63325.0, ""kaynak"": ""BNB""}]",YOK,0.0963,-0.0253,0.1289,1.0974,false,1.1937,true,0,0,0,3,0,0,3,52.4,53.5,IZLE,,25,63256.8,,,,,SEVIYE,65,11.8,2,,,,,,,,,0,,31,672.6,30,,,
29082,2026-07-28 01:51:17.96345+00,63220.649999999994,-492060.1713074967,1989207.0289999999,11644045964.5648,0.000029412000000000002,66194144.98199,0.0,48.9,BEKLE,,0.0,0.0,1.7233,665.035,48532678.81794001,120.804,0.0,48.9,"[{""usdt"": 18030618.0, ""borsa"": 3, ""fiyat"": 63200.0, ""kaynak"": ""BNB+BYB+OKX""}, {""usdt"": 13588122.0, ""borsa"": 1, ""fiyat"": 63100.0, ""kaynak"": ""BNB""}, {""usdt"": 12603425.0, ""borsa"": 1, ""fiyat"": 63125.0, ""kaynak"": ""BNB""}]","[{""usdt"": 11777843.0, ""borsa"": 3, ""fiyat"": 63250.0, ""kaynak"": ""BNB+BYB+OKX""}, {""usdt"": 9006511.0, ""borsa"": 3, ""fiyat"": 63225.0, ""kaynak"": ""BNB+BYB+OKX""}, {""usdt"": 8260832.0, ""borsa"": 1, ""fiyat"": 63275.0, ""kaynak"": ""BNB""}]",PERP,0.1245,0.1539,0.218,0.573,false,,true,0,0,0,3,2,0,3,49,50.1,IZLE,,25,63256.8,,,,,SEVIYE,65,12.8,2,,,,,,,,,0,,31,673.6,30,,,
29083,2026-07-28 01:52:18.242542+00,63185.05,227688.44166190317,2122954.517,11642082240.580101,0.000029412000000000002,71573064.79535004,0.0,48.3,BEKLE,true,0.0,0.0,1.7233,725.242,50186806.33526002,60.207,0.0,48.3,"[{""usdt"": 23735002.0, ""borsa"": 1, ""fiyat"": 63100.0, ""kaynak"": ""BNB""}, {""usdt"": 17510381.0, ""borsa"": 3, ""fiyat"": 63175.0, ""kaynak"": ""BNB+BYB+OKX""}, {""usdt"": 11616354.0, ""borsa"": 3, ""fiyat"": 63200.0, ""kaynak"": ""BNB+BYB+OKX""}]","[{""usdt"": 14182116.0, ""borsa"": 3, ""fiyat"": 63225.0, ""kaynak"": ""BNB+BYB+OKX""}, {""usdt"": 8524958.0, ""borsa"": 1, ""fiyat"": 63250.0, ""kaynak"": ""BNB""}, {""usdt"": 8022149.0, ""borsa"": 1, ""fiyat"": 63275.0, ""kaynak"": ""BNB""}]",PERP,0.0529,0.1756,0.1156,0.0224,false,,true,0,1,0,3,1,1,3,45.4,46.5,IZLE,,25,63180.7,,,,,SEVIYE,85,33.8,4,,,,,,,,,0,,31,674.6,30,,,
29084,2026-07-28 01:53:18.726681+00,63200.05,956482.9674528032,2044379.82,11640154798.831501,0.000029412000000000002,58999128.485099986,0.0,52.1,BEKLE,false,0.0,0.0,1.7233,785.536,49485717.97256999,60.294,0.0,52.1,"[{""usdt"": 24067087.0, ""borsa"": 1, ""fiyat"": 63100.0, ""kaynak"": ""BNB""}, {""usdt"": 13434387.0, ""borsa"": 3, ""fiyat"": 63175.0, ""kaynak"": ""BNB+BYB+OKX""}, {""usdt"": 8948023.0, ""borsa"": 1, ""fiyat"": 63125.0, ""kaynak"": ""BNB""}]","[{""usdt"": 11329652.0, ""borsa"": 3, ""fiyat"": 63200.0, ""kaynak"": ""BNB+BYB+OKX""}, {""usdt"": 9707667.0, ""borsa"": 3, ""fiyat"": 63225.0, ""kaynak"": ""BNB+BYB+OKX""}, {""usdt"": 9646513.0, ""borsa"": 1, ""fiyat"": 63250.0, ""kaynak"": ""BNB""}]",YOK,0.0339,0.0877,0.2496,0.5466,false,,false,0,0,0,3,0,1,3,41.5,42.6,IZLE,,25,63180.7,,,,,SEVIYE,85,34.8,4,,,,,,,,,0,,31,675.6,30,,,
29085,2026-07-28 01:54:19.444261+00,63202.75,1927529.9829433039,2284036.234,11641662893.344,0.000029412000000000002,62558364.06034003,0.0,14.5,BEKLE,false,0.0,0.0,1.7233,846.049,51009496.95026997,60.513,14.5,0.0,"[{""usdt"": 24027078.0, ""borsa"": 1, ""fiyat"": 63100.0, ""kaynak"": ""BNB""}, {""usdt"": 11927184.0, ""borsa"": 3, ""fiyat"": 63200.0, ""kaynak"": ""BNB+BYB+OKX""}, {""usdt"": 10686075.0, ""borsa"": 3, ""fiyat"": 63175.0, ""kaynak"": ""BNB+BYB+OKX""}]","[{""usdt"": 15251967.0, ""borsa"": 3, ""fiyat"": 63225.0, ""kaynak"": ""BNB+BYB+OKX""}, {""usdt"": 9434044.0, ""borsa"": 1, ""fiyat"": 63275.0, ""kaynak"": ""BNB""}, {""usdt"": 8131399.0, ""borsa"": 2, ""fiyat"": 63250.0, ""kaynak"": ""BNB+BYB""}]",YOK,0.0504,0.1017,0.8402,2.1813,false,,true,0.0543,0,0,3,0,0,3,37.5,38.6,IZLE,,25,63180.7,,,,,SEVIYE,85,35.8,4,,,,,,,,,0,,31,676.6,30,,,
29086,2026-07-28 01:55:19.908013+00,63179.25,1709013.685988498,2847665.6930000004,11641699572.119,0.000029412000000000002,72064239.16009003,0.0,28.7,BEKLE,false,0.0,0.0,1.7233,906.867,47491496.15105001,60.818,0.0,28.7,"[{""usdt"": 23457409.0, ""borsa"": 1, ""fiyat"": 63100.0, ""kaynak"": ""BNB""}, {""usdt"": 16651140.0, ""borsa"": 3, ""fiyat"": 63150.0, ""kaynak"": ""BNB+BYB+OKX""}, {""usdt"": 12784245.0, ""borsa"": 3, ""fiyat"": 63175.0, ""kaynak"": ""BNB+BYB+OKX""}]","[{""usdt"": 13791089.0, ""borsa"": 3, ""fiyat"": 63200.0, ""kaynak"": ""BNB+BYB+OKX""}, {""usdt"": 8535345.0, ""borsa"": 1, ""fiyat"": 63250.0, ""kaynak"": ""BNB""}, {""usdt"": 8034471.0, ""borsa"": 1, ""fiyat"": 63275.0, ""kaynak"": ""BNB""}]",PERP,0.0564,0.2055,0.4357,1.0929,false,,true,0.0911,0,0,3,1,0,3,34.2,35.3,IZLE,,25,63180.7,,,,,SEVIYE,85,36.8,4,,,,,,,,,0,,31,677.7,30,,,
29087,2026-07-28 01:56:20.229964+00,63169.95,1751396.1519309978,2135137.2219999996,11640856084.774399,0.000029412000000000002,72972917.70647004,0.0,19.4,BEKLE,false,0.0,0.0,1.7233,967.224,53657539.625980005,60.357,0.0,19.4,"[{""usdt"": 24468552.0, ""borsa"": 1, ""fiyat"": 63100.0, ""kaynak"": ""BNB""}, {""usdt"": 22209453.0, ""borsa"": 3, ""fiyat"": 63150.0, ""kaynak"": ""BNB+BYB+OKX""}, {""usdt"": 9462597.0, ""borsa"": 3, ""fiyat"": 63125.0, ""kaynak"": ""BNB+BYB+OKX""}]","[{""usdt"": 15045223.0, ""borsa"": 3, ""fiyat"": 63175.0, ""kaynak"": ""BNB+BYB+OKX""}, {""usdt"": 9892954.0, ""borsa"": 1, ""fiyat"": 63250.0, ""kaynak"": ""BNB""}, {""usdt"": 8641091.0, ""borsa"": 1, ""fiyat"": 63275.0, ""kaynak"": ""BNB""}]",PERP,-0.0776,0.1525,0.8574,1.2708,false,,true,0.0614,0,1,3,1,0,3,30.7,31.8,IZLE,,25,63180.7,,,,,SEVIYE,85,37.8,4,,,,,,,,,0,,31,678.7,30,,,
29088,2026-07-28 01:57:20.437158+00,63213.149999999994,2181054.875675198,2173165.2010000004,11644107302.781399,0.000029412000000000002,59293876.698750064,379.16580000000005,9.8,BEKLE,,379.16580000000005,0.0,1.7278,1027.526,53598315.31067002,0,0.0,9.8,"[{""usdt"": 18370993.0, ""borsa"": 3, ""fiyat"": 63200.0, ""kaynak"": ""BNB+BYB+OKX""}, {""usdt"": 15217814.0, ""borsa"": 1, ""fiyat"": 63100.0, ""kaynak"": ""BNB""}, {""usdt"": 9486626.0, ""borsa"": 2, ""fiyat"": 63175.0, ""kaynak"": ""BNB+OKX""}]","[{""usdt"": 13687076.0, ""borsa"": 3, ""fiyat"": 63225.0, ""kaynak"": ""BNB+BYB+OKX""}, {""usdt"": 11297247.0, ""borsa"": 1, ""fiyat"": 63300.0, ""kaynak"": ""BNB""}, {""usdt"": 9436029.0, ""borsa"": 2, ""fiyat"": 63250.0, ""kaynak"": ""BNB+BYB""}]",YOK,0.1005,0.0505,0.9383,0.8858,false,,true,0.0598,0,0,3,0,1,3,26.7,27.8,IZLE,,25,63180.7,,,,,SEVIYE,85,38.8,4,,,,,,,1785203760,1,0,,31,679.7,30,,,
29089,2026-07-28 01:58:20.755307+00,63192.75,1889929.2826680979,3604126.7279999997,11647946930.886402,0.000029412000000000002,70676432.19754,379.2786,46.4,BEKLE,false,379.2786,0.0,1.7278,1087.744,51733777.61045001,60.218,0.0,46.4,"[{""usdt"": 26065293.0, ""borsa"": 1, ""fiyat"": 63100.0, ""kaynak"": ""BNB""}, {""usdt"": 20280856.0, ""borsa"": 3, ""fiyat"": 63175.0, ""kaynak"": ""BNB+BYB+OKX""}, {""usdt"": 10966219.0, ""borsa"": 2, ""fiyat"": 63150.0, ""kaynak"": ""BNB+OKX""}]","[{""usdt"": 15770333.0, ""borsa"": 3, ""fiyat"": 63200.0, ""kaynak"": ""BNB+BYB+OKX""}, {""usdt"": 8958972.0, ""borsa"": 1, ""fiyat"": 63275.0, ""kaynak"": ""BNB""}, {""usdt"": 8895805.0, ""borsa"": 1, ""fiyat"": 63300.0, ""kaynak"": ""BNB""}]",PERP,0.039,0.1547,0.1897,0.0973,false,,true,0.1143,1,0,3,1,0,3,23.1,24.1,IZLE,,25,63180.7,,,,,SEVIYE,85,39.8,4,,,,,,,1785203760,1,0,,31,680.7,30,,,
29090,2026-07-28 01:59:21.057595+00,63195.25,2054536.226308298,3668030.135,11649093570.4678,0.000029412000000000002,73066624.97731999,379.2786,43.9,BEKLE,false,379.2786,0.0,1.7278,1148.055,50390501.14579001,120.529,0.0,43.9,"[{""usdt"": 27102978.0, ""borsa"": 1, ""fiyat"": 63100.0, ""kaynak"": ""BNB""}, {""usdt"": 23787783.0, ""borsa"": 3, ""fiyat"": 63175.0, ""kaynak"": ""BNB+BYB+OKX""}, {""usdt"": 9337618.0, ""borsa"": 2, ""fiyat"": 63150.0, ""kaynak"": ""BNB+OKX""}]","[{""usdt"": 13536159.0, ""borsa"": 3, ""fiyat"": 63200.0, ""kaynak"": ""BNB+BYB+OKX""}, {""usdt"": 8953050.0, ""borsa"": 3, ""fiyat"": 63225.0, ""kaynak"": ""BNB+BYB+OKX""}, {""usdt"": 8551388.0, ""borsa"": 1, ""fiyat"": 63275.0, ""kaynak"": ""BNB""}]",PERP,0.0451,0.1837,0.0348,0.1337,false,,true,0.1167,0,0,3,2,0,3,19.3,20.3,IZLE,,25,63180.4,,,,,SEVIYE,85,40.9,5,,,,,,,1785203760,1,1,,33,681.7,32,,,
29091,2026-07-28 02:00:21.401901+00,63188.45,1969930.8135189987,3716234.4359999998,11648917532.4298,0.000029412000000000002,76595160.18793002,379.2786,33.8,BEKLE,false,379.2786,0.0,1.7278,1208.382,47729681.271239966,120.638,0.0,33.8,"[{""usdt"": 23883950.0, ""borsa"": 1, ""fiyat"": 63100.0, ""kaynak"": ""BNB""}, {""usdt"": 20000792.0, ""borsa"": 3, ""fiyat"": 63150.0, ""kaynak"": ""BNB+BYB+OKX""}, {""usdt"": 12510340.0, ""borsa"": 3, ""fiyat"": 63175.0, ""kaynak"": ""BNB+BYB+OKX""}]","[{""usdt"": 13172949.0, ""borsa"": 3, ""fiyat"": 63200.0, ""kaynak"": ""BNB+BYB+OKX""}, {""usdt"": 9441589.0, ""borsa"": 1, ""fiyat"": 63250.0, ""kaynak"": ""BNB""}, {""usdt"": 7830638.0, ""borsa"": 1, ""fiyat"": 63275.0, ""kaynak"": ""BNB""}]",PERP,0.0858,0.2322,0.1057,0.2422,false,,true,0.2956,1,0,3,3,0,3,15.6,16.7,IZLE,,25,63180.4,,,,,SEVIYE,85,41.9,5,,,,,,,1785203760,1,2,,33,682.7,32,,,
29092,2026-07-28 02:01:21.736105+00,63153.75,-145320.603652008,-26359.414,11649133071.94,0.000029412000000000002,69326801.29507002,379.2786,100.0,BEKLE,true,379.2786,0.0,1.7278,1268.72,48124731.28856005,180.976,100.0,0.0,"[{""usdt"": 24273741.0, ""borsa"": 1, ""fiyat"": 63100.0, ""kaynak"": ""BNB""}, {""usdt"": 21722746.0, ""borsa"": 3, ""fiyat"": 63150.0, ""kaynak"": ""BNB+BYB+OKX""}, {""usdt"": 9514672.0, ""borsa"": 1, ""fiyat"": 63075.0, ""kaynak"": ""BNB""}]","[{""usdt"": 12010730.0, ""borsa"": 3, ""fiyat"": 63175.0, ""kaynak"": ""BNB+BYB+OKX""}, {""usdt"": 10503195.0, ""borsa"": 1, ""fiyat"": 63275.0, ""kaynak"": ""BNB""}, {""usdt"": 9361602.0, ""borsa"": 1, ""fiyat"": 63250.0, ""kaynak"": ""BNB""}]",PERP,-0.0279,0.1805,0.2566,0.1425,false,,true,0.0083,0,1,3,1,1,3,12.1,13.2,IZLE,,25,63142,,,,,SEVIYE,65,52.9,6,,,,,,,1785203760,1,3,,33,683.7,32,,,
29093,2026-07-28 02:02:22.761702+00,63182.75,-370817.1373263074,-75729.445,11650378866.001,0.000029412000000000002,74152271.71134001,4107.0965,100.0,BEKLE,true,4107.0965,0.0,1.73,1329.808,50024968.054370016,61.088,100.0,0.0,"[{""usdt"": 25057253.0, ""borsa"": 1, ""fiyat"": 63100.0, ""kaynak"": ""BNB""}, {""usdt"": 20501325.0, ""borsa"": 3, ""fiyat"": 63150.0, ""kaynak"": ""BNB+BYB+OKX""}, {""usdt"": 10707264.0, ""borsa"": 1, ""fiyat"": 63075.0, ""kaynak"": ""BNB""}]","[{""usdt"": 15210451.0, ""borsa"": 3, ""fiyat"": 63200.0, ""kaynak"": ""BNB+BYB+OKX""}, {""usdt"": 11965688.0, ""borsa"": 1, ""fiyat"": 63275.0, ""kaynak"": ""BNB""}, {""usdt"": 7912764.0, ""borsa"": 1, ""fiyat"": 63225.0, ""kaynak"": ""BNB""}]",PERP,-0.0263,0.1943,0.3086,0.2388,false,,true,0,0,0,3,2,0,3,9.3,10.4,IZLE,,25,63180.4,,,,,SEVIYE,85,43.9,5,,,,,,,1785204060,1,0,,33,684.7,32,,,
29094,2026-07-28 02:03:23.255877+00,63166.149999999994,-525794.9307159064,-76570.21600000001,11649518561.7261,0.000029412000000000002,69903876.90594004,4106.2515,100.0,BEKLE,true,4106.2515,0.0,1.73,1390.067,51368359.27674001,121.347,100.0,0.0,"[{""usdt"": 25231280.0, ""borsa"": 1, ""fiyat"": 63100.0, ""kaynak"": ""BNB""}, {""usdt"": 20361832.0, ""borsa"": 3, ""fiyat"": 63150.0, ""kaynak"": ""BNB+BYB+OKX""}, {""usdt"": 10253542.0, ""borsa"": 1, ""fiyat"": 63075.0, ""kaynak"": ""BNB""}]","[{""usdt"": 15684621.0, ""borsa"": 3, ""fiyat"": 63175.0, ""kaynak"": ""BNB+BYB+OKX""}, {""usdt"": 9863064.0, ""borsa"": 1, ""fiyat"": 63275.0, ""kaynak"": ""BNB""}, {""usdt"": 8368097.0, ""borsa"": 1, ""fiyat"": 63250.0, ""kaynak"": ""BNB""}]",PERP,-0.022,0.1528,0.2052,0.1468,false,,true,0,0,1,3,1,1,3,5.8,6.9,IZLE,,25,63180.4,,,,,SEVIYE,85,44.9,5,,,,,,,1785204060,1,0,,33,685.7,32,,,
29095,2026-07-28 02:04:23.803111+00,63139.149999999994,-1774374.8625642096,1542945.8229999994,11639523233.067799,0.000029412000000000002,60870375.052889965,4358.7915,96.2,BEKLE,true,4358.7915,0.0,1.73,785.613,55355348.13182005,0,96.2,0.0,"[{""usdt"": 26997445.0, ""borsa"": 3, ""fiyat"": 63100.0, ""kaynak"": ""BNB+BYB+OKX""}, {""usdt"": 10937129.0, ""borsa"": 3, ""fiyat"": 63125.0, ""kaynak"": ""BNB+BYB+OKX""}, {""usdt"": 7832405.0, ""borsa"": 1, ""fiyat"": 63075.0, ""kaynak"": ""BNB""}]","[{""usdt"": 20368559.0, ""borsa"": 3, ""fiyat"": 63150.0, ""kaynak"": ""BNB+BYB+OKX""}, {""usdt"": 10559420.0, ""borsa"": 1, ""fiyat"": 63225.0, ""kaynak"": ""BNB""}, {""usdt"": 8311840.0, ""borsa"": 1, ""fiyat"": 63250.0, ""kaynak"": ""BNB""}]",YOK,-0.1449,0.0475,0.4147,0.3949,false,,true,0,0,1,3,0,0,3,2.6,3.6,IZLE,,25,63142,,,,,SEVIYE,65,55.9,6,,,,,,,1785204180,1,0,,33,686.7,32,,,
29096,2026-07-28 02:05:24.255651+00,63137.45,-1324016.9988926067,1751546.8909999998,11640489877.3228,0.000029412000000000002,67773272.05928992,4358.851500000001,100.0,BEKLE,true,4358.851500000001,0.0,1.73,846.132,59602876.036320075,60.519,100.0,0.0,"[{""usdt"": 32150139.0, ""borsa"": 3, ""fiyat"": 63100.0, ""kaynak"": ""BNB+BYB+OKX""}, {""usdt"": 12691471.0, ""borsa"": 3, ""fiyat"": 63125.0, ""kaynak"": ""BNB+BYB+OKX""}, {""usdt"": 11469104.0, ""borsa"": 1, ""fiyat"": 63050.0, ""kaynak"": ""BNB""}]","[{""usdt"": 22750218.0, ""borsa"": 3, ""fiyat"": 63150.0, ""kaynak"": ""BNB+BYB+OKX""}, {""usdt"": 12279714.0, ""borsa"": 2, ""fiyat"": 63175.0, ""kaynak"": ""BNB+BYB""}, {""usdt"": 9357632.0, ""borsa"": 1, ""fiyat"": 63225.0, ""kaynak"": ""BNB""}]",YOK,-0.1449,0.0641,0.3974,0.3999,false,,true,0,0,1,3,0,0,3,63.1,61.6,IZLE,,25,63142,,,,,SEVIYE,65,56.9,6,,,,,,,1785204180,1,0,,33,687.7,32,,,
29097,2026-07-28 02:06:24.688011+00,63136.55,-1450264.9604015006,1118854.6159999997,11638822696.6768,0.000029412000000000002,69853612.63357992,4421.991800000001,50.2,BEKLE,false,4421.991800000001,0.0,1.7594,906.522,61183158.85965007,120.909,0.0,50.2,"[{""usdt"": 30484113.0, ""borsa"": 2, ""fiyat"": 63100.0, ""kaynak"": ""BNB+OKX""}, {""usdt"": 15493544.0, ""borsa"": 3, ""fiyat"": 63125.0, ""kaynak"": ""BNB+BYB+OKX""}, {""usdt"": 11469104.0, ""borsa"": 1, ""fiyat"": 63050.0, ""kaynak"": ""BNB""}]","[{""usdt"": 22763881.0, ""borsa"": 3, ""fiyat"": 63150.0, ""kaynak"": ""BNB+BYB+OKX""}, {""usdt"": 13849788.0, ""borsa"": 2, ""fiyat"": 63175.0, ""kaynak"": ""BNB+BYB""}, {""usdt"": 9357632.0, ""borsa"": 1, ""fiyat"": 63225.0, ""kaynak"": ""BNB""}]",YOK,-0.0983,0.0662,0.3095,0.2652,false,,true,0,0,1,3,0,0,3,59.7,60.8,IZLE,,25,63142,,,,,SEVIYE,65,57.9,6,,,,,,,1785204300,1,0,,33,688.7,32,,,
29098,2026-07-28 02:07:25.500423+00,63159.45,-1007624.9727994999,2282413.697,11641780040.4464,0.000029412000000000002,69968141.25293998,13577.8823,75.0,BEKLE,false,13577.8823,0.0,1.7594,967.23,60668330.22677003,181.617,0.0,75.0,"[{""usdt"": 31207126.0, ""borsa"": 2, ""fiyat"": 63100.0, ""kaynak"": ""BNB+OKX""}, {""usdt"": 15738667.0, ""borsa"": 3, ""fiyat"": 63125.0, ""kaynak"": ""BNB+BYB+OKX""}, {""usdt"": 10594465.0, ""borsa"": 1, ""fiyat"": 63050.0, ""kaynak"": ""BNB""}]","[{""usdt"": 25861274.0, ""borsa"": 3, ""fiyat"": 63150.0, ""kaynak"": ""BNB+BYB+OKX""}, {""usdt"": 9137201.0, ""borsa"": 1, ""fiyat"": 63250.0, ""kaynak"": ""BNB""}, {""usdt"": 9056662.0, ""borsa"": 2, ""fiyat"": 63175.0, ""kaynak"": ""BNB+BYB""}]",YOK,-0.0857,0.0712,0.096,0.2283,false,1.3775,true,0.1051,0,1,3,0,1,3,56.5,57.6,IZLE,,25,63142,,,,,SEVIYE,65,58.9,6,,,,,,,1785204360,1,0,,33,689.7,32,,,
29099,2026-07-28 02:08:25.794778+00,63202.95,193672.95706760258,2411204.493,11641258571.132801,0.000029412000000000002,70452168.46522,13577.252299999998,57.4,BEKLE,false,13577.252299999998,0.0,1.7594,1027.744,50909353.25443997,242.131,0.0,57.4,"[{""usdt"": 23018149.0, ""borsa"": 1, ""fiyat"": 63100.0, ""kaynak"": ""BNB""}, {""usdt"": 19404185.0, ""borsa"": 3, ""fiyat"": 63150.0, ""kaynak"": ""BNB+BYB+OKX""}, {""usdt"": 9104067.0, ""borsa"": 2, ""fiyat"": 63125.0, ""kaynak"": ""BNB+OKX""}]","[{""usdt"": 12437212.0, ""borsa"": 1, ""fiyat"": 63250.0, ""kaynak"": ""BNB""}, {""usdt"": 11944900.0, ""borsa"": 3, ""fiyat"": 63175.0, ""kaynak"": ""BNB+BYB+OKX""}, {""usdt"": 11577697.0, ""borsa"": 3, ""fiyat"": 63200.0, ""kaynak"": ""BNB+BYB+OKX""}]",PERP,-0.025,0.161,0.1021,0.3396,false,0.5224,true,0.0675,0,1,3,2,0,3,53.1,54.2,IZLE,,25,63180.4,,,,,SEVIYE,85,49.9,5,,,,,,,1785204360,1,0,,33,690.8,32,,,
29100,2026-07-28 02:09:26.092381+00,63194.95,70531.01314810239,2295334.1880000005,11640823920.8549,0.000029412000000000002,75580157.67470005,27923.089999999997,26.4,BEKLE,false,27923.089999999997,0.0,1.7594,1088.068,53699730.682660036,0,0.0,26.4,"[{""usdt"": 29083402.0, ""borsa"": 1, ""fiyat"": 63100.0, ""kaynak"": ""BNB""}, {""usdt"": 21873936.0, ""borsa"": 3, ""fiyat"": 63175.0, ""kaynak"": ""BNB+BYB+OKX""}, {""usdt"": 8564342.0, ""borsa"": 1, ""fiyat"": 63150.0, ""kaynak"": ""BNB""}]","[{""usdt"": 14195593.0, ""borsa"": 3, ""fiyat"": 63225.0, ""kaynak"": ""BNB+BYB+OKX""}, {""usdt"": 10471116.0, ""borsa"": 1, ""fiyat"": 63275.0, ""kaynak"": ""BNB""}, {""usdt"": 8415488.0, ""borsa"": 3, ""fiyat"": 63200.0, ""kaynak"": ""BNB+BYB+OKX""}]",PERP,0.0468,0.1692,0.4936,0.9982,false,0.9769,true,0,0,0,3,1,0,3,49.1,50.6,IZLE,,25,63172.6,,,,,SEVIYE,85,50.9,6,,,,,,,1785204480,1,0,,32,681.7,31,,,
29101,2026-07-28 02:10:26.356403+00,63216.75,199091.35700029973,2349693.1800000006,11644259002.6026,0.000029412000000000002,74226536.90153006,27923.089999999997,21.0,BEKLE,false,27923.089999999997,0.0,1.7594,1148.328,52456306.27257,60.26,0.0,21.0,"[{""usdt"": 27082538.0, ""borsa"": 1, ""fiyat"": 63100.0, ""kaynak"": ""BNB""}, {""usdt"": 14992413.0, ""borsa"": 3, ""fiyat"": 63175.0, ""kaynak"": ""BNB+BYB+OKX""}, {""usdt"": 11938160.0, ""borsa"": 3, ""fiyat"": 63200.0, ""kaynak"": ""BNB+BYB+OKX""}]","[{""usdt"": 17834573.0, ""borsa"": 3, ""fiyat"": 63225.0, ""kaynak"": ""BNB+BYB+OKX""}, {""usdt"": 9781955.0, ""borsa"": 1, ""fiyat"": 63275.0, ""kaynak"": ""BNB""}, {""usdt"": 9719520.0, ""borsa"": 1, ""fiyat"": 63300.0, ""kaynak"": ""BNB""}]",PERP,0.0113,0.1718,0.503,1.7512,true,0.39,false,,0,0,3,2,0,3,45.5,46.6,IZLE,,25,63172.6,,,,,SEVIYE,85,51.9,6,,,,,,,1785204480,1,1,,32,682.7,31,,,
29102,2026-07-28 02:11:26.738025+00,63239.149999999994,-127329.38066290105,581903.22,11646734934.337,0.000029412000000000002,67878949.71964999,27859.9587,61.3,BEKLE,false,27859.9587,0.0,1.7594,1208.655,56414860.898170054,120.587,61.3,0.0,"[{""usdt"": 21572047.0, ""borsa"": 3, ""fiyat"": 63200.0, ""kaynak"": ""BNB+BYB+OKX""}, {""usdt"": 18945615.0, ""borsa"": 1, ""fiyat"": 63100.0, ""kaynak"": ""BNB""}, {""usdt"": 9962300.0, ""borsa"": 1, ""fiyat"": 63125.0, ""kaynak"": ""BNB""}]","[{""usdt"": 17187730.0, ""borsa"": 3, ""fiyat"": 63225.0, ""kaynak"": ""BNB+BYB+OKX""}, {""usdt"": 11768983.0, ""borsa"": 1, ""fiyat"": 63300.0, ""kaynak"": ""BNB""}, {""usdt"": 10067380.0, ""borsa"": 3, ""fiyat"": 63250.0, ""kaynak"": ""BNB+BYB+OKX""}]",YOK,0.0225,0.0922,0.4948,2.5659,false,1.0143,false,,0,0,3,0,0,3,42,43,IZLE,,25,63268.3,,,,,SEVIYE,65,32.9,4,,,,,,,1785204480,1,0,,32,683.8,31,,,
29103,2026-07-28 02:12:27.220463+00,63247.95,36647.902237198985,708747.1379999999,11651742041.704102,0.000029412000000000002,55198414.54798001,14598.4377,85.3,BEKLE,false,14598.4377,0.0,1.7609,241.512,58805012.38458999,181.188,85.3,0.0,"[{""usdt"": 18504944.0, ""borsa"": 3, ""fiyat"": 63225.0, ""kaynak"": ""BNB+BYB+OKX""}, {""usdt"": 9658840.0, ""borsa"": 1, ""fiyat"": 63150.0, ""kaynak"": ""BNB""}, {""usdt"": 9180063.0, ""borsa"": 1, ""fiyat"": 63125.0, ""kaynak"": ""BNB""}]","[{""usdt"": 15788227.0, ""borsa"": 3, ""fiyat"": 63250.0, ""kaynak"": ""BNB+BYB+OKX""}, {""usdt"": 12189545.0, ""borsa"": 1, ""fiyat"": 63325.0, ""kaynak"": ""BNB""}, {""usdt"": 9624754.0, ""borsa"": 2, ""fiyat"": 63275.0, ""kaynak"": ""BNB+BYB""}]",YOK,0.0599,-0.0316,0.2087,1.1824,false,1.4079,false,,0,0,3,0,2,3,38.6,39.7,IZLE,,25,63268.3,,,,,SEVIYE,65,33.9,4,,,,,,,1785204480,1,0,,32,684.8,31,,,
29104,2026-07-28 02:13:28.020222+00,63215.25,-598701.0821008002,654669.666,11647302523.2982,0.000029412000000000002,58778852.67749997,0.0,100.0,BEKLE,true,0.0,0.0,1.7609,302.064,59133261.47793992,241.74,100.0,0.0,"[{""usdt"": 22555417.0, ""borsa"": 3, ""fiyat"": 63225.0, ""kaynak"": ""BNB+BYB+OKX""}, {""usdt"": 9931767.0, ""borsa"": 1, ""fiyat"": 63150.0, ""kaynak"": ""BNB""}, {""usdt"": 8700724.0, ""borsa"": 1, ""fiyat"": 63175.0, ""kaynak"": ""BNB""}]","[{""usdt"": 13351598.0, ""borsa"": 3, ""fiyat"": 63250.0, ""kaynak"": ""BNB+BYB+OKX""}, {""usdt"": 12568019.0, ""borsa"": 3, ""fiyat"": 63275.0, ""kaynak"": ""BNB+BYB+OKX""}, {""usdt"": 10968798.0, ""borsa"": 1, ""fiyat"": 63350.0, ""kaynak"": ""BNB""}]",YOK,0.0843,-0.003,0.152,0.1577,false,1.0498,false,,1,0,3,0,1,3,35.3,36.4,IZLE,,25,63172.6,,,,,SEVIYE,85,55.0,6,,,,,,,,,0,,32,685.8,31,,,
29105,2026-07-28 02:14:28.298065+00,63224.75,-42872.07936450027,1179881.4009999998,11646734099.5242,0.000029412000000000002,72248825.05231,1200.0,100.0,BEKLE,false,0.0,1200.0,1.7609,362.533,49280201.32302004,302.209,100.0,0.0,"[{""usdt"": 25648468.0, ""borsa"": 1, ""fiyat"": 63100.0, ""kaynak"": ""BNB""}, {""usdt"": 16599327.0, ""borsa"": 3, ""fiyat"": 63175.0, ""kaynak"": ""BNB+BYB+OKX""}, {""usdt"": 11671540.0, ""borsa"": 3, ""fiyat"": 63200.0, ""kaynak"": ""BNB+BYB+OKX""}]","[{""usdt"": 14347316.0, ""borsa"": 3, ""fiyat"": 63225.0, ""kaynak"": ""BNB+BYB+OKX""}, {""usdt"": 9354666.0, ""borsa"": 1, ""fiyat"": 63300.0, ""kaynak"": ""BNB""}, {""usdt"": 7902389.0, ""borsa"": 1, ""fiyat"": 63275.0, ""kaynak"": ""BNB""}]",PERP,0.0648,0.189,0.0388,0.6819,false,0.836,false,,0,0,3,1,0,3,31.9,33,IZLE,,25,63268.3,,,,,SEVIYE,65,36.0,4,,,,,,,1785204780,1,0,,32,686.8,31,,,
29106,2026-07-28 02:15:28.782639+00,63205.25,1528706.742823702,1805809.9730000002,11650145539.6553,0.000029412000000000002,57172220.72371999,1200.0,46.2,BEKLE,true,0.0,1200.0,1.7609,422.837,54735379.49220995,362.513,46.2,0.0,"[{""usdt"": 21854159.0, ""borsa"": 3, ""fiyat"": 63200.0, ""kaynak"": ""BNB+BYB+OKX""}, {""usdt"": 10134699.0, ""borsa"": 1, ""fiyat"": 63150.0, ""kaynak"": ""BNB""}, {""usdt"": 10094705.0, ""borsa"": 3, ""fiyat"": 63225.0, ""kaynak"": ""BNB+BYB+OKX""}]","[{""usdt"": 15943264.0, ""borsa"": 3, ""fiyat"": 63250.0, ""kaynak"": ""BNB+BYB+OKX""}, {""usdt"": 10310227.0, ""borsa"": 1, ""fiyat"": 63300.0, ""kaynak"": ""BNB""}, {""usdt"": 8302798.0, ""borsa"": 1, ""fiyat"": 63275.0, ""kaynak"": ""BNB""}]",YOK,0.0719,0.0218,0.4928,0.2847,false,0,false,,0,0,3,0,0,3,28.4,29.5,IZLE,,25,63172.6,,,,,SEVIYE,85,57.0,6,,,,,,,1785204780,1,1,,32,687.8,31,,,
29107,2026-07-28 02:16:30.362906+00,63214.55,1264760.7748072017,1702877.747,11647259674.4658,0.000029412000000000002,74235659.74223006,1200.0,63.7,BEKLE,true,0.0,1200.0,1.7609,484.596,57155741.92138001,424.272,0.0,63.7,"[{""usdt"": 25419007.0, ""borsa"": 1, ""fiyat"": 63100.0, ""kaynak"": ""BNB""}, {""usdt"": 15999246.0, ""borsa"": 3, ""fiyat"": 63200.0, ""kaynak"": ""BNB+BYB+OKX""}, {""usdt"": 15881443.0, ""borsa"": 3, ""fiyat"": 63175.0, ""kaynak"": ""BNB+BYB+OKX""}]","[{""usdt"": 16174603.0, ""borsa"": 3, ""fiyat"": 63225.0, ""kaynak"": ""BNB+BYB+OKX""}, {""usdt"": 12427470.0, ""borsa"": 1, ""fiyat"": 63300.0, ""kaynak"": ""BNB""}, {""usdt"": 8973842.0, ""borsa"": 2, ""fiyat"": 63250.0, ""kaynak"": ""BNB+BYB""}]",YOK,0.0511,0.13,0.3305,0.3899,false,0,false,,0,0,3,1,1,3,25.2,26.9,IZLE,,25,63172.6,,,,,SEVIYE,85,58.0,6,,,,,,,1785204780,1,2,,32,688.8,31,,,
29108,2026-07-28 02:17:30.807722+00,63188.05,1447208.1384021023,1346275.837,11644179515.576,0.000029412000000000002,72688499.81706004,1200.0,42.5,BEKLE,false,0.0,1200.0,1.7609,544.87,54639924.60518001,484.546,0.0,42.5,"[{""usdt"": 24858940.0, ""borsa"": 1, ""fiyat"": 63100.0, ""kaynak"": ""BNB""}, {""usdt"": 18373165.0, ""borsa"": 3, ""fiyat"": 63175.0, ""kaynak"": ""BNB+BYB+OKX""}, {""usdt"": 11222002.0, ""borsa"": 1, ""fiyat"": 63125.0, ""kaynak"": ""BNB""}]","[{""usdt"": 17359202.0, ""borsa"": 3, ""fiyat"": 63200.0, ""kaynak"": ""BNB+BYB+OKX""}, {""usdt"": 12431297.0, ""borsa"": 3, ""fiyat"": 63225.0, ""kaynak"": ""BNB+BYB+OKX""}, {""usdt"": 9011505.0, ""borsa"": 1, ""fiyat"": 63300.0, ""kaynak"": ""BNB""}]",YOK,0.0347,0.1417,0.4679,1.3264,false,0,false,,0,0,3,1,0,3,21.6,22.7,IZLE,,25,63172.6,,,,,SEVIYE,85,59.0,6,,,,,,,1785204780,1,3,,32,689.8,31,,,
29109,2026-07-28 02:18:31.009133+00,63191.850000000006,1660700.8085833013,1328007.551,11645788519.371899,0.000029412000000000002,70995205.13558002,379.20480000000003,42.6,BEKLE,true,379.20480000000003,0.0,1.7693,605.299,61288481.44561002,544.975,0.0,42.6,"[{""usdt"": 24730543.0, ""borsa"": 1, ""fiyat"": 63100.0, ""kaynak"": ""BNB""}, {""usdt"": 16232136.0, ""borsa"": 3, ""fiyat"": 63175.0, ""kaynak"": ""BNB+BYB+OKX""}, {""usdt"": 11633050.0, ""borsa"": 3, ""fiyat"": 63200.0, ""kaynak"": ""BNB+BYB+OKX""}]","[{""usdt"": 21654905.0, ""borsa"": 3, ""fiyat"": 63225.0, ""kaynak"": ""BNB+BYB+OKX""}, {""usdt"": 12346857.0, ""borsa"": 1, ""fiyat"": 63275.0, ""kaynak"": ""BNB""}, {""usdt"": 8287547.0, ""borsa"": 1, ""fiyat"": 63300.0, ""kaynak"": ""BNB""}]",YOK,0.0313,0.0734,0.5715,0.3953,false,0.0618,false,,0,0,3,0,1,3,18.2,19.3,IZLE,,25,63172.6,,,,,SEVIYE,85,60.0,6,,,,,,,1785205020,1,0,,32,690.8,31,,,
29110,2026-07-28 02:19:31.287723+00,63205.75,1264480.2216785997,1047560.2689999999,11645973717.956799,0.000029412000000000002,68238956.11449,379.20480000000003,21.7,BEKLE,false,379.20480000000003,0.0,1.7693,665.466,56955327.59683004,605.142,21.7,0.0,"[{""usdt"": 25653019.0, ""borsa"": 1, ""fiyat"": 63100.0, ""kaynak"": ""BNB""}, {""usdt"": 18132776.0, ""borsa"": 3, ""fiyat"": 63175.0, ""kaynak"": ""BNB+BYB+OKX""}, {""usdt"": 7556912.0, ""borsa"": 1, ""fiyat"": 63125.0, ""kaynak"": ""BNB""}]","[{""usdt"": 17906108.0, ""borsa"": 3, ""fiyat"": 63225.0, ""kaynak"": ""BNB+BYB+OKX""}, {""usdt"": 10462297.0, ""borsa"": 1, ""fiyat"": 63275.0, ""kaynak"": ""BNB""}, {""usdt"": 7911109.0, ""borsa"": 3, ""fiyat"": 63200.0, ""kaynak"": ""BNB+BYB+OKX""}]",YOK,0.0443,0.0901,0.8032,0.7804,false,0.2609,false,,0,0,3,0,0,3,14.5,15.6,IZLE,,25,63179.5,,,,,SEVIYE,85,61.0,7,,,,,,,1785205020,1,1,,31,701.8,31,,,
29111,2026-07-28 02:20:31.580171+00,63253.149999999994,-21166.19956780118,-452232.428,11650605645.013302,0.000029412000000000002,57304994.27236996,379.20480000000003,100.0,BEKLE,false,379.20480000000003,0.0,1.7747,725.799,53396142.93535994,665.475,100.0,0.0,"[{""usdt"": 20976410.0, ""borsa"": 3, ""fiyat"": 63225.0, ""kaynak"": ""BNB+BYB+OKX""}, {""usdt"": 8948645.0, ""borsa"": 1, ""fiyat"": 63125.0, ""kaynak"": ""BNB""}, {""usdt"": 8139534.0, ""borsa"": 1, ""fiyat"": 63150.0, ""kaynak"": ""BNB""}]","[{""usdt"": 13607042.0, ""borsa"": 3, ""fiyat"": 63275.0, ""kaynak"": ""BNB+BYB+OKX""}, {""usdt"": 10379857.0, ""borsa"": 1, ""fiyat"": 63300.0, ""kaynak"": ""BNB""}, {""usdt"": 10085968.0, ""borsa"": 3, ""fiyat"": 63250.0, ""kaynak"": ""BNB+BYB+OKX""}]",YOK,0.1417,0.0353,0.2209,0.4565,false,0.8863,false,,1,0,3,0,0,3,11,12.1,IZLE,,25,63256.2,,,,,SEVIYE,65,42.0,5,,,,,,,1785205020,1,2,,31,702.9,31,,,
29112,2026-07-28 02:21:31.886533+00,63262.149999999994,139210.59276289894,-351920.59699999995,11654299651.421999,0.000029412000000000002,47590657.312279984,379.20480000000003,100.0,BEKLE,false,379.20480000000003,0.0,1.7747,786.114,56344606.20749004,725.79,100.0,0.0,"[{""usdt"": 15190756.0, ""borsa"": 3, ""fiyat"": 63250.0, ""kaynak"": ""BNB+BYB+OKX""}, {""usdt"": 8516149.0, ""borsa"": 1, ""fiyat"": 63175.0, ""kaynak"": ""BNB""}, {""usdt"": 8254752.0, ""borsa"": 2, ""fiyat"": 63225.0, ""kaynak"": ""BNB+OKX""}]","[{""usdt"": 16389423.0, ""borsa"": 3, ""fiyat"": 63275.0, ""kaynak"": ""BNB+BYB+OKX""}, {""usdt"": 11510463.0, ""borsa"": 2, ""fiyat"": 63300.0, ""kaynak"": ""BNB+BYB""}, {""usdt"": 11101101.0, ""borsa"": 1, ""fiyat"": 63375.0, ""kaynak"": ""BNB""}]",YOK,0.1488,-0.0842,0.1845,0.5217,false,1.2306,false,,1,0,3,0,0,3,7.5,8.6,IZLE,,25,63256.2,,,,,SEVIYE,65,43.0,5,,,,,,,1785205020,1,3,,31,703.9,31,,,
29113,2026-07-28 02:22:32.206941+00,63258.55,66547.86435740006,-426583.34200000006,11656635021.4044,0.000029412000000000002,60398293.61408001,0.0,100.0,BEKLE,false,0.0,0.0,1.7747,846.487,59510233.307569966,786.163,100.0,0.0,"[{""usdt"": 20620362.0, ""borsa"": 3, ""fiyat"": 63250.0, ""kaynak"": ""BNB+BYB+OKX""}, {""usdt"": 9683487.0, ""borsa"": 3, ""fiyat"": 63225.0, ""kaynak"": ""BNB+BYB+OKX""}, {""usdt"": 9022280.0, ""borsa"": 1, ""fiyat"": 63150.0, ""kaynak"": ""BNB""}]","[{""usdt"": 19053190.0, ""borsa"": 3, ""fiyat"": 63275.0, ""kaynak"": ""BNB+BYB+OKX""}, {""usdt"": 10392998.0, ""borsa"": 1, ""fiyat"": 63375.0, ""kaynak"": ""BNB""}, {""usdt"": 9913765.0, ""borsa"": 1, ""fiyat"": 63350.0, ""kaynak"": ""BNB""}]",YOK,0.1099,0.0074,0.2434,0.8312,false,3.3513,false,,1,0,3,0,1,3,4,5.1,IZLE,,25,63256.2,,,,,SEVIYE,65,44.0,5,,,,,,,,,0,,31,704.9,31,,,
29114,2026-07-28 02:23:32.493414+00,63261.649999999994,653148.1697709998,-58481.19500000002,11659516846.5751,0.000029412000000000002,59749663.03518003,0.0,100.0,BEKLE,false,0.0,0.0,1.7747,906.721,60913764.169170015,846.397,100.0,0.0,"[{""usdt"": 20625566.0, ""borsa"": 3, ""fiyat"": 63250.0, ""kaynak"": ""BNB+BYB+OKX""}, {""usdt"": 10928035.0, ""borsa"": 3, ""fiyat"": 63225.0, ""kaynak"": ""BNB+BYB+OKX""}, {""usdt"": 9765328.0, ""borsa"": 1, ""fiyat"": 63150.0, ""kaynak"": ""BNB""}]","[{""usdt"": 18355854.0, ""borsa"": 3, ""fiyat"": 63275.0, ""kaynak"": ""BNB+BYB+OKX""}, {""usdt"": 12318186.0, ""borsa"": 1, ""fiyat"": 63350.0, ""kaynak"": ""BNB""}, {""usdt"": 11016381.0, ""borsa"": 1, ""fiyat"": 63375.0, ""kaynak"": ""BNB""}]",YOK,0.083,-0.0096,0.2308,1.0696,false,3.4874,false,,1,0,3,0,1,3,63.8,62.8,IZLE,,25,63256.2,,,,,SEVIYE,65,45.0,5,,,,,,,,,0,,31,705.9,31,,,
29115,2026-07-28 02:24:32.899812+00,63254.05,333138.9606406004,-146390.55899999998,11658372785.3466,0.000029412000000000002,58751575.187980026,55963.9485,100.0,BEKLE,false,55963.9485,0.0,1.7747,967.016,59249291.70785002,906.692,100.0,0.0,"[{""usdt"": 19988904.0, ""borsa"": 3, ""fiyat"": 63250.0, ""kaynak"": ""BNB+BYB+OKX""}, {""usdt"": 10740900.0, ""borsa"": 3, ""fiyat"": 63225.0, ""kaynak"": ""BNB+BYB+OKX""}, {""usdt"": 9765328.0, ""borsa"": 1, ""fiyat"": 63150.0, ""kaynak"": ""BNB""}]","[{""usdt"": 15512097.0, ""borsa"": 3, ""fiyat"": 63275.0, ""kaynak"": ""BNB+BYB+OKX""}, {""usdt"": 12318186.0, ""borsa"": 1, ""fiyat"": 63350.0, ""kaynak"": ""BNB""}, {""usdt"": 11016381.0, ""borsa"": 1, ""fiyat"": 63375.0, ""kaynak"": ""BNB""}]",YOK,0.0664,-0.0042,0.2437,0.845,false,,true,0.0308,0,0,3,0,0,3,60.7,61.8,IZLE,,25,63256.2,,,,,SEVIYE,65,46.0,5,,,,,,,1785205380,1,0,,31,706.9,31,,,
29116,2026-07-28 02:25:33.411747+00,63254.45,35826.02846989746,-575043.1809999999,11658352296.3559,0.000029412000000000002,61130721.75853004,55963.9485,20.4,BEKLE,false,55963.9485,0.0,1.7747,1027.56,51632934.929829985,967.236,20.4,0.0,"[{""usdt"": 18994715.0, ""borsa"": 3, ""fiyat"": 63225.0, ""kaynak"": ""BNB+BYB+OKX""}, {""usdt"": 11126874.0, ""borsa"": 1, ""fiyat"": 63150.0, ""kaynak"": ""BNB""}, {""usdt"": 9828418.0, ""borsa"": 3, ""fiyat"": 63250.0, ""kaynak"": ""BNB+BYB+OKX""}]","[{""usdt"": 15264608.0, ""borsa"": 3, ""fiyat"": 63275.0, ""kaynak"": ""BNB+BYB+OKX""}, {""usdt"": 9439176.0, ""borsa"": 1, ""fiyat"": 63325.0, ""kaynak"": ""BNB""}, {""usdt"": 8743724.0, ""borsa"": 1, ""fiyat"": 63300.0, ""kaynak"": ""BNB""}]",YOK,0.1355,0.0842,,,false,,true,0.0244,1,0,3,1,0,3,57.4,58.5,IZLE,,25,63256.2,,,,,SEVIYE,65,47.0,5,,,,,,,1785205380,1,1,,31,707.9,31,,,
29117,2026-07-28 02:26:33.671303+00,63218.649999999994,-281977.9367875025,-583031.8449999997,11655447396.8022,0.000029412000000000002,60517499.33985997,55963.9485,33.1,BEKLE,false,55963.9485,0.0,1.7747,1087.952,56379002.40938997,1027.628,33.1,0.0,"[{""usdt"": 19837016.0, ""borsa"": 3, ""fiyat"": 63225.0, ""kaynak"": ""BNB+BYB+OKX""}, {""usdt"": 11300220.0, ""borsa"": 3, ""fiyat"": 63250.0, ""kaynak"": ""BNB+BYB+OKX""}, {""usdt"": 9206328.0, ""borsa"": 1, ""fiyat"": 63150.0, ""kaynak"": ""BNB""}]","[{""usdt"": 15574407.0, ""borsa"": 3, ""fiyat"": 63275.0, ""kaynak"": ""BNB+BYB+OKX""}, {""usdt"": 9168829.0, ""borsa"": 1, ""fiyat"": 63350.0, ""kaynak"": ""BNB""}, {""usdt"": 8969835.0, ""borsa"": 1, ""fiyat"": 63325.0, ""kaynak"": ""BNB""}]",YOK,0.1139,0.0354,0.4294,2.9633,false,,true,0,1,0,3,1,0,3,54,55,IZLE,,25,63256.2,,,,,SEVIYE,65,48.0,5,,,,,,,1785205380,1,2,,31,708.9,31,,,
29118,2026-07-28 02:27:33.917717+00,63217.149999999994,142340.7606787971,-275125.62000000005,11653855823.268,0.000029412000000000002,71357211.57464999,55963.9485,18.6,BEKLE,true,55963.9485,0.0,1.7871,1148.219,57659167.079550095,1087.895,0.0,18.6,"[{""usdt"": 19415356.0, ""borsa"": 3, ""fiyat"": 63200.0, ""kaynak"": ""BNB+BYB+OKX""}, {""usdt"": 16779491.0, ""borsa"": 1, ""fiyat"": 63100.0, ""kaynak"": ""BNB""}, {""usdt"": 10106240.0, ""borsa"": 1, ""fiyat"": 63150.0, ""kaynak"": ""BNB""}]","[{""usdt"": 16954285.0, ""borsa"": 3, ""fiyat"": 63250.0, ""kaynak"": ""BNB+BYB+OKX""}, {""usdt"": 11862782.0, ""borsa"": 1, ""fiyat"": 63300.0, ""kaynak"": ""BNB""}, {""usdt"": 11580324.0, ""borsa"": 3, ""fiyat"": 63225.0, ""kaynak"": ""BNB+BYB+OKX""}]",YOK,0.0928,0.1062,,,false,,true,0.1598,0,0,3,2,0,3,50.4,51.5,IZLE,,25,63179.5,,,,,SEVIYE,85,69.1,7,,,,,,,1785205380,1,3,,31,709.9,31,,,
29119,2026-07-28 02:28:34.984589+00,63223.55,600547.5866739983,-181364.54800000004,11655191038.7908,0.000029412000000000002,74047983.94856007,0.0,21.6,BEKLE,false,0.0,0.0,1.7871,1209.298,55457860.236160025,1148.974,21.6,0.0,"[{""usdt"": 27127442.0, ""borsa"": 1, ""fiyat"": 63100.0, ""kaynak"": ""BNB""}, {""usdt"": 22235813.0, ""borsa"": 3, ""fiyat"": 63200.0, ""kaynak"": ""BNB+BYB+OKX""}, {""usdt"": 9350362.0, ""borsa"": 3, ""fiyat"": 63175.0, ""kaynak"": ""BNB+BYB+OKX""}]","[{""usdt"": 18910043.0, ""borsa"": 3, ""fiyat"": 63225.0, ""kaynak"": ""BNB+BYB+OKX""}, {""usdt"": 11001440.0, ""borsa"": 1, ""fiyat"": 63300.0, ""kaynak"": ""BNB""}, {""usdt"": 9783048.0, ""borsa"": 2, ""fiyat"": 63250.0, ""kaynak"": ""BNB+BYB""}]",YOK,0.0724,0.1435,,,false,,true,0.0786,1,0,3,1,0,3,47.6,48.7,IZLE,,25,63257.2,,,,,SEVIYE,65,50.1,6,,,,,,,,,0,,30,700.9,30,,,
29120,2026-07-28 02:29:35.28529+00,63206.05,600547.5866739983,-181364.54800000004,11655191038.7908,0.000029412000000000002,76950261.95243001,0.0,9.7,BEKLE,,0.0,0.0,1.7871,1269.479,54680322.44868,1209.155,9.7,0.0,"[{""usdt"": 26196942.0, ""borsa"": 3, ""fiyat"": 63200.0, ""kaynak"": ""BNB+BYB+OKX""}, {""usdt"": 23329971.0, ""borsa"": 1, ""fiyat"": 63100.0, ""kaynak"": ""BNB""}, {""usdt"": 9665302.0, ""borsa"": 1, ""fiyat"": 63150.0, ""kaynak"": ""BNB""}]","[{""usdt"": 14458106.0, ""borsa"": 3, ""fiyat"": 63225.0, ""kaynak"": ""BNB+BYB+OKX""}, {""usdt"": 12058315.0, ""borsa"": 1, ""fiyat"": 63300.0, ""kaynak"": ""BNB""}, {""usdt"": 10444510.0, ""borsa"": 3, ""fiyat"": 63250.0, ""kaynak"": ""BNB+BYB+OKX""}]",PERP,0.0696,0.1692,,,false,,true,0,0,0,3,2,0,3,43.9,45,IZLE,,25,63180.2,,,,,SEVIYE,85,71.1,8,,,,,,,,,0,,30,701.9,30,,,
29121,2026-07-28 02:30:35.528041+00,63205.45,332393.3524946987,-172462.479,11651927871.5581,0.000029412000000000002,76481400.54637,0.0,34.9,BEKLE,true,0.0,0.0,1.7871,1329.808,55677478.18394002,1269.484,0.0,34.9,"[{""usdt"": 26558520.0, ""borsa"": 1, ""fiyat"": 63100.0, ""kaynak"": ""BNB""}, {""usdt"": 24867770.0, ""borsa"": 3, ""fiyat"": 63175.0, ""kaynak"": ""BNB+BYB+OKX""}, {""usdt"": 8317079.0, ""borsa"": 1, ""fiyat"": 63150.0, ""kaynak"": ""BNB""}]","[{""usdt"": 13234718.0, ""borsa"": 3, ""fiyat"": 63225.0, ""kaynak"": ""BNB+BYB+OKX""}, {""usdt"": 10955018.0, ""borsa"": 1, ""fiyat"": 63300.0, ""kaynak"": ""BNB""}, {""usdt"": 10312932.0, ""borsa"": 1, ""fiyat"": 63275.0, ""kaynak"": ""BNB""}]",PERP,0.0802,0.1574,0.2392,2.6162,false,,true,0,1,0,3,2,0,3,40.4,41.5,IZLE,,25,63180.2,,,,,SEVIYE,85,72.1,8,,,,,,,,,0,,30,702.9,30,,,
29122,2026-07-28 02:31:36.539044+00,63196.45,762569.7400151031,663352.645,11652242739.7085,0.000029412000000000002,69272948.16276,0.0,57.5,BEKLE,true,0.0,0.0,1.7871,1390.502,51396333.27471002,1330.178,0.0,57.5,"[{""usdt"": 25923475.0, ""borsa"": 1, ""fiyat"": 63100.0, ""kaynak"": ""BNB""}, {""usdt"": 18636845.0, ""borsa"": 3, ""fiyat"": 63200.0, ""kaynak"": ""BNB+BYB+OKX""}, {""usdt"": 9302541.0, ""borsa"": 2, ""fiyat"": 63175.0, ""kaynak"": ""BNB+OKX""}]","[{""usdt"": 16885610.0, ""borsa"": 3, ""fiyat"": 63225.0, ""kaynak"": ""BNB+BYB+OKX""}, {""usdt"": 12333170.0, ""borsa"": 1, ""fiyat"": 63300.0, ""kaynak"": ""BNB""}, {""usdt"": 9020795.0, ""borsa"": 2, ""fiyat"": 63250.0, ""kaynak"": ""BNB+BYB""}]",YOK,0.1172,0.1481,0.2634,0.3709,false,,false,,1,0,3,1,1,3,37.3,38.3,IZLE,,25,63180.2,,,,,SEVIYE,85,73.1,8,,,,,,,,,0,,30,703.9,30,,,
29123,2026-07-28 02:32:37.617209+00,63194.55,392803.1890546032,576296.0170000001,11649700127.170502,0.000029412000000000002,76044747.88309002,0.0,46.1,BEKLE,true,0.0,0.0,1.7871,1451.712,57648220.93063999,1391.388,0.0,46.1,"[{""usdt"": 26669186.0, ""borsa"": 1, ""fiyat"": 63100.0, ""kaynak"": ""BNB""}, {""usdt"": 16789587.0, ""borsa"": 3, ""fiyat"": 63175.0, ""kaynak"": ""BNB+BYB+OKX""}, {""usdt"": 13451702.0, ""borsa"": 1, ""fiyat"": 63150.0, ""kaynak"": ""BNB""}]","[{""usdt"": 14385077.0, ""borsa"": 3, ""fiyat"": 63200.0, ""kaynak"": ""BNB+BYB+OKX""}, {""usdt"": 13622528.0, ""borsa"": 3, ""fiyat"": 63225.0, ""kaynak"": ""BNB+BYB+OKX""}, {""usdt"": 11555617.0, ""borsa"": 1, ""fiyat"": 63275.0, ""kaynak"": ""BNB""}]",YOK,0.0826,0.1376,0.1115,0.6667,false,0.9911,false,,0,0,3,1,0,3,34.6,35.7,IZLE,,25,63180.2,,,,,SEVIYE,85,74.1,8,,,,,,,,,0,,30,704.9,30,,,
29124,2026-07-28 02:33:37.920528+00,63177.05,722242.8340551032,606404.5710000001,11649714637.2808,0.000029412000000000002,72181107.58329006,0.0,49.8,BEKLE,true,0.0,0.0,1.791,1512.237,58628638.71202001,1451.913,0.0,49.8,"[{""usdt"": 24977411.0, ""borsa"": 1, ""fiyat"": 63100.0, ""kaynak"": ""BNB""}, {""usdt"": 23562154.0, ""borsa"": 3, ""fiyat"": 63175.0, ""kaynak"": ""BNB+BYB+OKX""}, {""usdt"": 8604493.0, ""borsa"": 1, ""fiyat"": 63150.0, ""kaynak"": ""BNB""}]","[{""usdt"": 17632220.0, ""borsa"": 3, ""fiyat"": 63200.0, ""kaynak"": ""BNB+BYB+OKX""}, {""usdt"": 12193005.0, ""borsa"": 3, ""fiyat"": 63225.0, ""kaynak"": ""BNB+BYB+OKX""}, {""usdt"": 10591768.0, ""borsa"": 1, ""fiyat"": 63275.0, ""kaynak"": ""BNB""}]",YOK,0.0453,0.1036,0.0618,1.5653,true,0.222,false,,0,0,3,0,1,3,30.9,32.4,IZLE,,25,63180.2,,,,,SEVIYE,85,75.1,8,,,,,,,,,0,,30,705.9,30,,,
29125,2026-07-28 02:34:38.239211+00,63181.850000000006,434137.79144000297,554587.479,11648082719.503,0.000029412000000000002,73096096.24485011,0.0,51.2,BEKLE,true,0.0,0.0,1.791,1572.418,58956417.67321998,242.61,0.0,51.2,"[{""usdt"": 24903024.0, ""borsa"": 1, ""fiyat"": 63100.0, ""kaynak"": ""BNB""}, {""usdt"": 20077288.0, ""borsa"": 3, ""fiyat"": 63150.0, ""kaynak"": ""BNB+BYB+OKX""}, {""usdt"": 9143141.0, ""borsa"": 3, ""fiyat"": 63175.0, ""kaynak"": ""BNB+BYB+OKX""}]","[{""usdt"": 18880393.0, ""borsa"": 3, ""fiyat"": 63200.0, ""kaynak"": ""BNB+BYB+OKX""}, {""usdt"": 12182550.0, ""borsa"": 1, ""fiyat"": 63275.0, ""kaynak"": ""BNB""}, {""usdt"": 9905146.0, ""borsa"": 3, ""fiyat"": 63175.0, ""kaynak"": ""BNB+BYB+OKX""}]",YOK,0.056,0.1071,0.088,0.8479,true,0,false,,0,0,3,1,0,3,27.2,28.3,IZLE,,25,63180.2,,,,,SEVIYE,85,76.1,8,,,,,,,,,0,,30,706.9,30,,,
29126,2026-07-28 02:35:39.141756+00,63187.25,668757.0739504034,576619.8980000002,11649464159.6665,0.000029412000000000002,71910880.90608013,0.0,32.7,BEKLE,true,0.0,0.0,1.7941,1632.743,57904378.61110002,60.325,0.0,32.7,"[{""usdt"": 25835868.0, ""borsa"": 1, ""fiyat"": 63100.0, ""kaynak"": ""BNB""}, {""usdt"": 15882646.0, ""borsa"": 3, ""fiyat"": 63175.0, ""kaynak"": ""BNB+BYB+OKX""}, {""usdt"": 14093573.0, ""borsa"": 2, ""fiyat"": 63150.0, ""kaynak"": ""BNB+OKX""}]","[{""usdt"": 19478043.0, ""borsa"": 3, ""fiyat"": 63200.0, ""kaynak"": ""BNB+BYB+OKX""}, {""usdt"": 10339444.0, ""borsa"": 1, ""fiyat"": 63275.0, ""kaynak"": ""BNB""}, {""usdt"": 10086341.0, ""borsa"": 3, ""fiyat"": 63225.0, ""kaynak"": ""BNB+BYB+OKX""}]",YOK,0.0397,0.1079,0.1608,0.5765,true,0,false,,0,0,3,0,0,3,23.7,24.8,IZLE,,25,63180.2,,,,,SEVIYE,85,77.2,8,,,,,,,,,0,,30,708.0,30,,,
29127,2026-07-28 02:36:39.402216+00,63162.05,355082.8579945023,118258.149,11649064347.1548,0.000029412000000000002,76942944.6075501,0.0,67.3,BEKLE,false,0.0,0.0,1.7941,1693.701,64753626.93529993,121.283,67.3,0.0,"[{""usdt"": 25647971.0, ""borsa"": 1, ""fiyat"": 63100.0, ""kaynak"": ""BNB""}, {""usdt"": 23476438.0, ""borsa"": 3, ""fiyat"": 63150.0, ""kaynak"": ""BNB+BYB+OKX""}, {""usdt"": 12635698.0, ""borsa"": 3, ""fiyat"": 63175.0, ""kaynak"": ""BNB+BYB+OKX""}]","[{""usdt"": 21628482.0, ""borsa"": 3, ""fiyat"": 63200.0, ""kaynak"": ""BNB+BYB+OKX""}, {""usdt"": 11021437.0, ""borsa"": 1, ""fiyat"": 63300.0, ""kaynak"": ""BNB""}, {""usdt"": 8250296.0, ""borsa"": 3, ""fiyat"": 63175.0, ""kaynak"": ""BNB+BYB+OKX""}]",YOK,0.0231,0.086,0.2419,1.3529,true,0,false,,0,0,3,1,1,3,20.3,21.4,IZLE,,25,63180.2,,,,,SEVIYE,85,78.2,8,,,,,,,,,0,,30,709.0,30,,,
29128,2026-07-28 02:37:39.685479+00,63173.350000000006,409087.95988310216,50850.227000000006,11646060847.196999,0.000029412000000000002,71123953.35327008,0.0,52.7,BEKLE,false,0.0,0.0,1.7941,605.666,63365409.54868996,181.467,52.7,0.0,"[{""usdt"": 25425189.0, ""borsa"": 1, ""fiyat"": 63100.0, ""kaynak"": ""BNB""}, {""usdt"": 22071686.0, ""borsa"": 3, ""fiyat"": 63150.0, ""kaynak"": ""BNB+BYB+OKX""}, {""usdt"": 7446337.0, ""borsa"": 3, ""fiyat"": 63175.0, ""kaynak"": ""BNB+BYB+OKX""}]","[{""usdt"": 23849030.0, ""borsa"": 3, ""fiyat"": 63200.0, ""kaynak"": ""BNB+BYB+OKX""}, {""usdt"": 11312170.0, ""borsa"": 1, ""fiyat"": 63250.0, ""kaynak"": ""BNB""}, {""usdt"": 10185056.0, ""borsa"": 1, ""fiyat"": 63275.0, ""kaynak"": ""BNB""}]",YOK,0.0407,0.0577,0.0131,1.1261,true,0.1243,false,,0,0,3,1,0,3,16.6,17.7,IZLE,,25,63180.2,,,,,SEVIYE,85,79.2,8,,,,,,,,,0,,30,710.0,30,,,
29129,2026-07-28 02:38:39.921961+00,63181.05,538212.6425403015,-75402.373,11645621201.995901,0.000029412000000000002,80849929.41878007,0.0,80.7,BEKLE,false,0.0,0.0,1.7941,666.0,57063233.58341003,241.801,80.7,0.0,"[{""usdt"": 27181592.0, ""borsa"": 3, ""fiyat"": 63150.0, ""kaynak"": ""BNB+BYB+OKX""}, {""usdt"": 24604643.0, ""borsa"": 1, ""fiyat"": 63100.0, ""kaynak"": ""BNB""}, {""usdt"": 10784925.0, ""borsa"": 1, ""fiyat"": 63050.0, ""kaynak"": ""BNB""}]","[{""usdt"": 17393428.0, ""borsa"": 3, ""fiyat"": 63200.0, ""kaynak"": ""BNB+BYB+OKX""}, {""usdt"": 12612766.0, ""borsa"": 1, ""fiyat"": 63250.0, ""kaynak"": ""BNB""}, {""usdt"": 12510344.0, ""borsa"": 3, ""fiyat"": 63175.0, ""kaynak"": ""BNB+BYB+OKX""}]",PERP,0.0231,0.1725,0.1042,0.1486,true,0,false,,0,0,3,1,0,3,13,14.1,IZLE,,25,63180.4,,,,,SEVIYE,85,80.2,9,,,,,,,,,0,,31,711.0,31,,,
29130,2026-07-28 02:39:40.197231+00,63155.55,788257.9846672046,-217703.405,11648950669.4087,0.000029412000000000002,74579298.06909005,0.0,56.7,BEKLE,true,0.0,0.0,1.7941,726.284,61686264.80112001,302.085,56.7,0.0,"[{""usdt"": 26132751.0, ""borsa"": 1, ""fiyat"": 63100.0, ""kaynak"": ""BNB""}, {""usdt"": 18677791.0, ""borsa"": 3, ""fiyat"": 63150.0, ""kaynak"": ""BNB+BYB+OKX""}, {""usdt"": 11697830.0, ""borsa"": 3, ""fiyat"": 63125.0, ""kaynak"": ""BNB+BYB+OKX""}]","[{""usdt"": 17795702.0, ""borsa"": 3, ""fiyat"": 63175.0, ""kaynak"": ""BNB+BYB+OKX""}, {""usdt"": 12947561.0, ""borsa"": 1, ""fiyat"": 63200.0, ""kaynak"": ""BNB""}, {""usdt"": 9525143.0, ""borsa"": 1, ""fiyat"": 63250.0, ""kaynak"": ""BNB""}]",YOK,-0.0035,0.0946,0.165,0.804,true,0,false,,0,0,3,0,0,3,9.4,10.5,IZLE,,25,63141.9,,,,,SEVIYE,65,91.2,10,,,,,,,,,0,,31,712.0,31,,,
29131,2026-07-28 02:40:41.219777+00,63136.95,724688.7101491062,-335533.37,11646776098.2108,0.000029412000000000002,69944353.83786,0.0,54.9,BEKLE,true,0.0,0.0,1.7941,787.255,61547175.73418001,363.056,54.9,0.0,"[{""usdt"": 25745989.0, ""borsa"": 1, ""fiyat"": 63100.0, ""kaynak"": ""BNB""}, {""usdt"": 19470048.0, ""borsa"": 3, ""fiyat"": 63125.0, ""kaynak"": ""BNB+BYB+OKX""}, {""usdt"": 11429068.0, ""borsa"": 1, ""fiyat"": 63050.0, ""kaynak"": ""BNB""}]","[{""usdt"": 18070924.0, ""borsa"": 3, ""fiyat"": 63150.0, ""kaynak"": ""BNB+BYB+OKX""}, {""usdt"": 13551229.0, ""borsa"": 1, ""fiyat"": 63200.0, ""kaynak"": ""BNB""}, {""usdt"": 11083181.0, ""borsa"": 3, ""fiyat"": 63175.0, ""kaynak"": ""BNB+BYB+OKX""}]",YOK,-0.1171,0.0639,0.0257,1.5188,true,0,false,,0,1,3,0,1,3,6.5,7.6,IZLE,,25,63141.9,,,,,SEVIYE,65,92.2,10,,,,,,,,,0,,31,713.0,31,,,
29132,2026-07-28 02:41:41.63705+00,63124.850000000006,108691.77122860402,-810775.1739999999,11643785583.0046,0.000029412000000000002,74304809.12658,0.0,82.8,BEKLE,,0.0,0.0,1.7941,847.595,56977725.255499974,423.396,82.8,0.0,"[{""usdt"": 37870356.0, ""borsa"": 3, ""fiyat"": 63100.0, ""kaynak"": ""BNB+BYB+OKX""}, {""usdt"": 9614146.0, ""borsa"": 1, ""fiyat"": 63050.0, ""kaynak"": ""BNB""}, {""usdt"": 8828174.0, ""borsa"": 1, ""fiyat"": 63025.0, ""kaynak"": ""BNB""}]","[{""usdt"": 15286391.0, ""borsa"": 1, ""fiyat"": 63200.0, ""kaynak"": ""BNB""}, {""usdt"": 13876079.0, ""borsa"": 3, ""fiyat"": 63150.0, ""kaynak"": ""BNB+BYB+OKX""}, {""usdt"": 8369086.0, ""borsa"": 3, ""fiyat"": 63125.0, ""kaynak"": ""BNB+BYB+OKX""}]",YOK,-0.0425,0.132,0.1026,1.0163,false,0.2127,false,,0,0,3,1,0,3,2.6,3.7,IZLE,,25,63141.9,,,,,SEVIYE,65,93.2,10,,,,,,,,,0,,31,714.0,31,,,
29133,2026-07-28 02:42:41.906226+00,63113.350000000006,-97899.99150599618,-959605.684,11642896197.7465,0.000029412000000000002,78607737.68908001,7449.1748,85.4,BEKLE,true,7449.1748,0.0,1.7941,907.984,58186834.80680002,483.785,85.4,0.0,"[{""usdt"": 37727946.0, ""borsa"": 3, ""fiyat"": 63100.0, ""kaynak"": ""BNB+BYB+OKX""}, {""usdt"": 10722348.0, ""borsa"": 1, ""fiyat"": 63000.0, ""kaynak"": ""BNB""}, {""usdt"": 10094095.0, ""borsa"": 1, ""fiyat"": 63050.0, ""kaynak"": ""BNB""}]","[{""usdt"": 17177798.0, ""borsa"": 1, ""fiyat"": 63200.0, ""kaynak"": ""BNB""}, {""usdt"": 14786751.0, ""borsa"": 3, ""fiyat"": 63150.0, ""kaynak"": ""BNB+BYB+OKX""}, {""usdt"": 11399740.0, ""borsa"": 3, ""fiyat"": 63125.0, ""kaynak"": ""BNB+BYB+OKX""}]",YOK,-0.0425,0.1493,0.1778,1.3806,false,0.2922,false,,0,0,3,2,0,3,63,61.5,IZLE,,25,63091.9,,,,,SEVIYE,90,94.2,10,,,,,,,1785206460,1,0,,31,715.0,31,,,
29134,2026-07-28 02:43:42.49202+00,63101.25,-170409.82272609684,-1015830.2329999999,11641912851.779099,0.000029412000000000002,80172745.88163002,37940.2403,79.1,BEKLE,,37940.2403,0.0,1.7941,968.484,58477120.74781001,544.285,79.1,0.0,"[{""usdt"": 37027838.0, ""borsa"": 3, ""fiyat"": 63100.0, ""kaynak"": ""BNB+BYB+OKX""}, {""usdt"": 10722348.0, ""borsa"": 1, ""fiyat"": 63000.0, ""kaynak"": ""BNB""}, {""usdt"": 10094095.0, ""borsa"": 1, ""fiyat"": 63050.0, ""kaynak"": ""BNB""}]","[{""usdt"": 17650293.0, ""borsa"": 3, ""fiyat"": 63150.0, ""kaynak"": ""BNB+BYB+OKX""}, {""usdt"": 17177798.0, ""borsa"": 1, ""fiyat"": 63200.0, ""kaynak"": ""BNB""}, {""usdt"": 8826484.0, ""borsa"": 3, ""fiyat"": 63125.0, ""kaynak"": ""BNB+BYB+OKX""}]",PERP,-0.0476,0.1565,0.2451,1.811,false,0.2807,false,,0,0,3,2,0,3,59.5,60.6,IZLE,,25,63091.9,,,,,SEVIYE,90,95.2,10,,,,,,,1785206520,1,0,,31,716.0,31,,,
29135,2026-07-28 02:44:43.028344+00,63094.45,-1115076.9855520986,-1799317.779,11650361341.736801,0.000029412000000000002,58974375.80424006,53084.8643,86.3,BEKLE,true,53084.8643,0.0,1.7941,967.79,61615321.26187995,604.67,86.3,0.0,"[{""usdt"": 13798682.0, ""borsa"": 1, ""fiyat"": 63000.0, ""kaynak"": ""BNB""}, {""usdt"": 13554182.0, ""borsa"": 1, ""fiyat"": 63050.0, ""kaynak"": ""BNB""}, {""usdt"": 13541291.0, ""borsa"": 3, ""fiyat"": 63075.0, ""kaynak"": ""BNB+BYB+OKX""}]","[{""usdt"": 15376115.0, ""borsa"": 3, ""fiyat"": 63125.0, ""kaynak"": ""BNB+BYB+OKX""}, {""usdt"": 13211220.0, ""borsa"": 1, ""fiyat"": 63200.0, ""kaynak"": ""BNB""}, {""usdt"": 11886002.0, ""borsa"": 1, ""fiyat"": 63175.0, ""kaynak"": ""BNB""}]",YOK,-0.0679,-0.0219,0.3415,0.7195,false,0.6612,false,,0,1,3,0,0,3,56,57.1,IZLE,,25,63091.9,,,,,SEVIYE,90,96.2,10,,,,,,,1785206580,1,0,,31,717.0,31,,,
29136,2026-07-28 02:45:43.389135+00,63114.3,-771828.4002844989,-828702.748,11649994578.886002,0.000029412000000000002,59165898.30428,56366.0643,49.9,BEKLE,true,56366.0643,0.0,1.7941,1028.339,58768710.51334993,665.219,49.9,0.0,"[{""usdt"": 14657926.0, ""borsa"": 1, ""fiyat"": 63000.0, ""kaynak"": ""BNB""}, {""usdt"": 13968064.0, ""borsa"": 3, ""fiyat"": 63075.0, ""kaynak"": ""BNB+BYB+OKX""}, {""usdt"": 10867504.0, ""borsa"": 3, ""fiyat"": 63100.0, ""kaynak"": ""BNB+BYB+OKX""}]","[{""usdt"": 14356061.0, ""borsa"": 3, ""fiyat"": 63125.0, ""kaynak"": ""BNB+BYB+OKX""}, {""usdt"": 13667486.0, ""borsa"": 1, ""fiyat"": 63200.0, ""kaynak"": ""BNB""}, {""usdt"": 11640617.0, ""borsa"": 1, ""fiyat"": 63175.0, ""kaynak"": ""BNB""}]",YOK,-0.0506,0.0034,0.5667,0.5631,false,,true,0,0,0,3,1,0,3,52.6,53.7,IZLE,,25,63091.9,,,,,SEVIYE,90,97.3,10,,,,,,,1785206640,1,0,,31,718.0,31,,,
29137,2026-07-28 02:46:44.633799+00,63103.95,-973988.1047425981,-850613.9619999999,11651578979.134499,0.000029412000000000002,54661835.978410065,53334.7155,12.0,BEKLE,true,53334.7155,0.0,1.7941,1089.537,63965806.62942996,726.417,12.0,0.0,"[{""usdt"": 14664177.0, ""borsa"": 3, ""fiyat"": 63100.0, ""kaynak"": ""BNB+BYB+OKX""}, {""usdt"": 11775917.0, ""borsa"": 3, ""fiyat"": 63075.0, ""kaynak"": ""BNB+BYB+OKX""}, {""usdt"": 11770214.0, ""borsa"": 1, ""fiyat"": 63000.0, ""kaynak"": ""BNB""}]","[{""usdt"": 19413011.0, ""borsa"": 3, ""fiyat"": 63125.0, ""kaynak"": ""BNB+BYB+OKX""}, {""usdt"": 13937161.0, ""borsa"": 1, ""fiyat"": 63200.0, ""kaynak"": ""BNB""}, {""usdt"": 11074019.0, ""borsa"": 1, ""fiyat"": 63175.0, ""kaynak"": ""BNB""}]",YOK,-0.0896,-0.0784,0.9213,1.1679,false,,true,0,0,1,3,0,1,3,50,51.1,IZLE,,25,63091.9,,,,,SEVIYE,90,98.3,10,,,,,,,1785206700,2,0,,31,719.1,31,,,
29138,2026-07-28 02:47:45.011079+00,63090.649999999994,-1003222.1982239992,-886918.346,11649350781.579601,0.000029412000000000002,61044738.99505006,22843.650000000005,20.2,BEKLE,false,22843.650000000005,0.0,1.7941,1149.84,60764890.60188996,786.72,0.0,20.2,"[{""usdt"": 15801287.0, ""borsa"": 1, ""fiyat"": 63050.0, ""kaynak"": ""BNB""}, {""usdt"": 14821443.0, ""borsa"": 1, ""fiyat"": 63000.0, ""kaynak"": ""BNB""}, {""usdt"": 12574908.0, ""borsa"": 3, ""fiyat"": 63075.0, ""kaynak"": ""BNB+BYB+OKX""}]","[{""usdt"": 15880140.0, ""borsa"": 3, ""fiyat"": 63125.0, ""kaynak"": ""BNB+BYB+OKX""}, {""usdt"": 13408072.0, ""borsa"": 1, ""fiyat"": 63200.0, ""kaynak"": ""BNB""}, {""usdt"": 10056621.0, ""borsa"": 1, ""fiyat"": 63175.0, ""kaynak"": ""BNB""}]",YOK,-0.0811,0.0023,0.843,1.3881,false,,true,0,0,1,3,0,0,3,46.5,47.5,IZLE,,25,63091.9,,,,,SEVIYE,90,99.3,10,,,,,,,1785206700,2,0,,31,720.1,31,,,
29139,2026-07-28 02:48:45.279645+00,63069.95,-1157790.315226599,-682412.5859999999,11653354552.1078,0.000029412000000000002,59520825.92891997,36658.804800000005,42.7,BEKLE,false,36658.804800000005,0.0,1.7949,605.368,58871099.71993002,847.169,0.0,42.7,"[{""usdt"": 14736535.0, ""borsa"": 1, ""fiyat"": 63000.0, ""kaynak"": ""BNB""}, {""usdt"": 13994317.0, ""borsa"": 1, ""fiyat"": 63050.0, ""kaynak"": ""BNB""}, {""usdt"": 13698977.0, ""borsa"": 3, ""fiyat"": 63075.0, ""kaynak"": ""BNB+BYB+OKX""}]","[{""usdt"": 14448784.0, ""borsa"": 3, ""fiyat"": 63125.0, ""kaynak"": ""BNB+BYB+OKX""}, {""usdt"": 12418526.0, ""borsa"": 1, ""fiyat"": 63175.0, ""kaynak"": ""BNB""}, {""usdt"": 12276297.0, ""borsa"": 1, ""fiyat"": 63200.0, ""kaynak"": ""BNB""}]",YOK,-0.098,0.0055,0.5681,1.1742,false,,true,0,0,1,3,0,0,3,43.1,44.2,IZLE,,25,63090.6,,,,,SEVIYE,90,100.3,11,,,,,,,1785206820,2,0,,32,721.1,31,,,
29140,2026-07-28 02:49:45.669977+00,63092.25,-1645809.3555452982,-730021.299,11650967137.246,0.000029412000000000002,72762054.30008997,34512.9314,61.6,BEKLE,false,34512.9314,0.0,1.7949,665.551,65560905.20683,907.352,0.0,61.6,"[{""usdt"": 22268016.0, ""borsa"": 3, ""fiyat"": 63050.0, ""kaynak"": ""BNB+BYB+OKX""}, {""usdt"": 13956892.0, ""borsa"": 1, ""fiyat"": 63000.0, ""kaynak"": ""BNB""}, {""usdt"": 13161423.0, ""borsa"": 1, ""fiyat"": 63025.0, ""kaynak"": ""BNB""}]","[{""usdt"": 16412276.0, ""borsa"": 3, ""fiyat"": 63100.0, ""kaynak"": ""BNB+BYB+OKX""}, {""usdt"": 13129338.0, ""borsa"": 1, ""fiyat"": 63150.0, ""kaynak"": ""BNB""}, {""usdt"": 11694758.0, ""borsa"": 1, ""fiyat"": 63200.0, ""kaynak"": ""BNB""}]",YOK,-0.1424,0.0521,0.1806,0.0488,false,3.3162,true,0,0,1,3,1,0,3,39.4,40.5,IZLE,,25,63090.6,,,,,SEVIYE,90,101.3,11,,,,,,,1785206880,2,0,,32,722.1,31,,,
29141,2026-07-28 02:50:45.935835+00,63109.850000000006,-1402732.1655737036,565032.3770000001,11656587250.8866,0.000029412000000000002,56152685.89963997,30095.105400000004,69.8,BEKLE,false,30095.105400000004,0.0,1.7949,725.983,62562720.78504999,967.784,0.0,69.8,"[{""usdt"": 13702990.0, ""borsa"": 1, ""fiyat"": 63000.0, ""kaynak"": ""BNB""}, {""usdt"": 10775899.0, ""borsa"": 1, ""fiyat"": 63025.0, ""kaynak"": ""BNB""}, {""usdt"": 9868840.0, ""borsa"": 3, ""fiyat"": 63075.0, ""kaynak"": ""BNB+BYB+OKX""}]","[{""usdt"": 17491036.0, ""borsa"": 3, ""fiyat"": 63125.0, ""kaynak"": ""BNB+BYB+OKX""}, {""usdt"": 15433062.0, ""borsa"": 1, ""fiyat"": 63200.0, ""kaynak"": ""BNB""}, {""usdt"": 11511343.0, ""borsa"": 1, ""fiyat"": 63150.0, ""kaynak"": ""BNB""}]",YOK,-0.0714,-0.054,0.1674,0.077,true,0.4969,false,0.704,0,1,3,1,0,3,36,37,IZLE,,25,63090.6,,,,,SEVIYE,90,102.3,11,,,,,,,1785206880,1,0,,32,723.1,31,,,
29142,2026-07-28 02:51:46.141339+00,63106.350000000006,-1502863.9956262035,443302.104,11653961032.505402,0.000029412000000000002,64063327.51529004,30095.105400000004,67.0,BEKLE,false,30095.105400000004,0.0,1.7933,786.236,62800013.47304997,1028.037,0.0,67.0,"[{""usdt"": 19201062.0, ""borsa"": 3, ""fiyat"": 63075.0, ""kaynak"": ""BNB+BYB+OKX""}, {""usdt"": 17282364.0, ""borsa"": 1, ""fiyat"": 63000.0, ""kaynak"": ""BNB""}, {""usdt"": 10629462.0, ""borsa"": 1, ""fiyat"": 63050.0, ""kaynak"": ""BNB""}]","[{""usdt"": 15973412.0, ""borsa"": 3, ""fiyat"": 63125.0, ""kaynak"": ""BNB+BYB+OKX""}, {""usdt"": 14922973.0, ""borsa"": 1, ""fiyat"": 63200.0, ""kaynak"": ""BNB""}, {""usdt"": 10908984.0, ""borsa"": 1, ""fiyat"": 63175.0, ""kaynak"": ""BNB""}]",YOK,-0.0742,0.01,0.1536,0.0455,true,0.3223,false,,0,0,3,0,0,3,32.4,33.4,IZLE,,25,63090.6,,,,,SEVIYE,90,103.3,11,,,,,,,1785206880,1,1,,32,724.1,31,,,
29143,2026-07-28 02:52:46.419295+00,63115.05,-1510081.8207667023,459863.479,11657163730.8372,0.000029412000000000002,54666458.553090006,1135.3265999999999,77.6,BEKLE,false,1135.3265999999999,0.0,1.7933,846.429,67186530.86914995,1088.23,0.0,77.6,"[{""usdt"": 21934634.0, ""borsa"": 3, ""fiyat"": 63100.0, ""kaynak"": ""BNB+BYB+OKX""}, {""usdt"": 10730718.0, ""borsa"": 1, ""fiyat"": 63050.0, ""kaynak"": ""BNB""}, {""usdt"": 9127612.0, ""borsa"": 1, ""fiyat"": 63025.0, ""kaynak"": ""BNB""}]","[{""usdt"": 17252807.0, ""borsa"": 3, ""fiyat"": 63125.0, ""kaynak"": ""BNB+BYB+OKX""}, {""usdt"": 16355153.0, ""borsa"": 1, ""fiyat"": 63200.0, ""kaynak"": ""BNB""}, {""usdt"": 14238829.0, ""borsa"": 3, ""fiyat"": 63150.0, ""kaynak"": ""BNB+BYB+OKX""}]",YOK,-0.0969,-0.1027,0.1432,0.4496,false,0.3143,false,,0,1,3,0,0,3,28.7,29.8,IZLE,,25,63090.6,,,,,SEVIYE,90,104.3,11,,,,,,,1785206880,1,0,,32,725.1,31,,,
29144,2026-07-28 02:53:46.815948+00,63169.45,-1171297.8548224028,446625.647,11662345257.4427,0.000029412000000000002,54567586.65503,0.0,48.7,BEKLE,false,0.0,0.0,1.7933,906.697,58100866.02956003,1148.498,0.0,48.7,"[{""usdt"": 20315875.0, ""borsa"": 3, ""fiyat"": 63125.0, ""kaynak"": ""BNB+BYB+OKX""}, {""usdt"": 9300713.0, ""borsa"": 1, ""fiyat"": 63075.0, ""kaynak"": ""BNB""}, {""usdt"": 8793048.0, ""borsa"": 1, ""fiyat"": 63050.0, ""kaynak"": ""BNB""}]","[{""usdt"": 15512958.0, ""borsa"": 3, ""fiyat"": 63175.0, ""kaynak"": ""BNB+BYB+OKX""}, {""usdt"": 13684972.0, ""borsa"": 1, ""fiyat"": 63200.0, ""kaynak"": ""BNB""}, {""usdt"": 9461067.0, ""borsa"": 1, ""fiyat"": 63250.0, ""kaynak"": ""BNB""}]",YOK,0.0528,-0.0314,0.0053,2.5399,true,0.3697,false,,0,0,3,0,0,3,25.1,26.2,IZLE,,25,63182.3,,,,,SEVIYE,85,95.3,10,,,,,,,,,0,,32,726.1,31,,,
29145,2026-07-28 02:54:47.091018+00,63158.850000000006,-1122159.3805662026,210221.39699999994,11665288258.291,0.000029412000000000002,65560096.96842995,0.0,39.5,BEKLE,false,0.0,0.0,1.7933,967.184,55704866.92294,1208.985,0.0,39.5,"[{""usdt"": 21567965.0, ""borsa"": 3, ""fiyat"": 63150.0, ""kaynak"": ""BNB+BYB+OKX""}, {""usdt"": 14382612.0, ""borsa"": 3, ""fiyat"": 63125.0, ""kaynak"": ""BNB+BYB+OKX""}, {""usdt"": 11953024.0, ""borsa"": 1, ""fiyat"": 63050.0, ""kaynak"": ""BNB""}]","[{""usdt"": 17200451.0, ""borsa"": 3, ""fiyat"": 63175.0, ""kaynak"": ""BNB+BYB+OKX""}, {""usdt"": 13693122.0, ""borsa"": 2, ""fiyat"": 63200.0, ""kaynak"": ""BNB+BYB""}, {""usdt"": 8750086.0, ""borsa"": 1, ""fiyat"": 63250.0, ""kaynak"": ""BNB""}]",YOK,0.0232,0.0813,0.1983,1.6447,true,0.3286,false,,0,0,3,1,0,3,21.8,22.9,IZLE,,25,63182.3,,,,,SEVIYE,85,96.3,10,,,,,,,,,0,,32,727.1,31,,,
29146,2026-07-28 02:55:47.393397+00,63148.350000000006,1531557.743015599,810124.5170000001,11662572760.8498,0.000029412000000000002,62889480.98958005,0.0,18.7,BEKLE,false,0.0,0.0,1.7933,1027.384,57043902.04431002,1269.185,0.0,18.7,"[{""usdt"": 26396229.0, ""borsa"": 3, ""fiyat"": 63125.0, ""kaynak"": ""BNB+BYB+OKX""}, {""usdt"": 13836163.0, ""borsa"": 1, ""fiyat"": 63050.0, ""kaynak"": ""BNB""}, {""usdt"": 8179480.0, ""borsa"": 1, ""fiyat"": 63075.0, ""kaynak"": ""BNB""}]","[{""usdt"": 12595245.0, ""borsa"": 3, ""fiyat"": 63175.0, ""kaynak"": ""BNB+BYB+OKX""}, {""usdt"": 12228805.0, ""borsa"": 1, ""fiyat"": 63200.0, ""kaynak"": ""BNB""}, {""usdt"": 11559373.0, ""borsa"": 1, ""fiyat"": 63250.0, ""kaynak"": ""BNB""}]",YOK,0.0276,0.0487,0.8417,0.72,false,0,false,,1,0,3,1,0,3,17.8,18.9,IZLE,,25,63182.3,,,,,SEVIYE,85,97.3,10,,,,,,,,,0,,32,728.1,31,,,
29147,2026-07-28 02:56:47.661587+00,63162.850000000006,1643118.0514985991,896420.3440000002,11665021893.651299,0.000029412000000000002,60421590.79412997,0.0,27.4,BEKLE,false,0.0,0.0,1.7964,1087.714,59357636.74985005,1329.515,0.0,27.4,"[{""usdt"": 21653606.0, ""borsa"": 3, ""fiyat"": 63150.0, ""kaynak"": ""BNB+BYB+OKX""}, {""usdt"": 12230369.0, ""borsa"": 3, ""fiyat"": 63125.0, ""kaynak"": ""BNB+BYB+OKX""}, {""usdt"": 9624332.0, ""borsa"": 1, ""fiyat"": 63050.0, ""kaynak"": ""BNB""}]","[{""usdt"": 19079857.0, ""borsa"": 3, ""fiyat"": 63175.0, ""kaynak"": ""BNB+BYB+OKX""}, {""usdt"": 13848298.0, ""borsa"": 2, ""fiyat"": 63200.0, ""kaynak"": ""BNB+BYB""}, {""usdt"": 10094142.0, ""borsa"": 1, ""fiyat"": 63275.0, ""kaynak"": ""BNB""}]",YOK,0.0084,0.0089,0.7551,0.8842,false,0,false,,0,0,3,1,0,3,14.2,15.3,IZLE,,25,63182.3,,,,,SEVIYE,85,98.3,10,,,,,,,,,0,,32,729.1,31,,,
29148,2026-07-28 02:57:47.978541+00,63147.25,1515692.7916745988,986662.3170000002,11664103509.649399,0.000029412000000000002,64062369.34103993,0.0,32.5,BEKLE,false,0.0,0.0,1.7964,1148.01,61323609.07830005,1389.811,0.0,32.5,"[{""usdt"": 21813074.0, ""borsa"": 3, ""fiyat"": 63125.0, ""kaynak"": ""BNB+BYB+OKX""}, {""usdt"": 13629633.0, ""borsa"": 1, ""fiyat"": 63050.0, ""kaynak"": ""BNB""}, {""usdt"": 11090124.0, ""borsa"": 3, ""fiyat"": 63150.0, ""kaynak"": ""BNB+BYB+OKX""}]","[{""usdt"": 13978542.0, ""borsa"": 3, ""fiyat"": 63175.0, ""kaynak"": ""BNB+BYB+OKX""}, {""usdt"": 11442948.0, ""borsa"": 3, ""fiyat"": 63150.0, ""kaynak"": ""BNB+BYB+OKX""}, {""usdt"": 11083735.0, ""borsa"": 1, ""fiyat"": 63250.0, ""kaynak"": ""BNB""}]",YOK,0.003,0.0218,0.7184,0.4984,true,0,false,,0,0,3,0,0,3,10.7,11.8,IZLE,,25,63182.3,,,,,SEVIYE,85,99.3,10,,,,,,,,,0,,32,730.1,31,,,
29149,2026-07-28 02:58:48.186615+00,63169.95,1801645.895206398,1818568.035,11667023868.6539,0.000029412000000000002,56412769.75071997,0.0,59.1,BEKLE,false,0.0,0.0,1.7964,1208.246,61849928.845510036,1450.047,0.0,59.1,"[{""usdt"": 18289490.0, ""borsa"": 3, ""fiyat"": 63150.0, ""kaynak"": ""BNB+BYB+OKX""}, {""usdt"": 11201693.0, ""borsa"": 1, ""fiyat"": 63075.0, ""kaynak"": ""BNB""}, {""usdt"": 10687188.0, ""borsa"": 1, ""fiyat"": 63125.0, ""kaynak"": ""BNB""}]","[{""usdt"": 15723973.0, ""borsa"": 3, ""fiyat"": 63200.0, ""kaynak"": ""BNB+BYB+OKX""}, {""usdt"": 13662623.0, ""borsa"": 3, ""fiyat"": 63175.0, ""kaynak"": ""BNB+BYB+OKX""}, {""usdt"": 13409579.0, ""borsa"": 1, ""fiyat"": 63275.0, ""kaynak"": ""BNB""}]",YOK,0.039,-0.046,0.4983,0.0054,true,0,false,,0,0,3,0,0,3,7.1,8.1,IZLE,,25,63178.3,,,,,SEVIYE,85,100.3,11,,,,,,,,,0,,31,731.1,30,,,
29150,2026-07-28 02:59:48.40906+00,63148.149999999994,1357755.1028522982,1775560.708,11662954173.103401,0.000029412000000000002,62765375.472689986,0.0,64.7,BEKLE,,0.0,0.0,1.7964,1268.423,58669809.34891006,1510.224,0.0,64.7,"[{""usdt"": 20365923.0, ""borsa"": 3, ""fiyat"": 63125.0, ""kaynak"": ""BNB+BYB+OKX""}, {""usdt"": 11570778.0, ""borsa"": 1, ""fiyat"": 63050.0, ""kaynak"": ""BNB""}, {""usdt"": 11357514.0, ""borsa"": 3, ""fiyat"": 63150.0, ""kaynak"": ""BNB+BYB+OKX""}]","[{""usdt"": 15027387.0, ""borsa"": 3, ""fiyat"": 63175.0, ""kaynak"": ""BNB+BYB+OKX""}, {""usdt"": 11913908.0, ""borsa"": 1, ""fiyat"": 63200.0, ""kaynak"": ""BNB""}, {""usdt"": 10031594.0, ""borsa"": 3, ""fiyat"": 63150.0, ""kaynak"": ""BNB+BYB+OKX""}]",YOK,0.0201,0.0337,0.4207,0.1166,true,0,false,,1,0,3,0,0,3,3.4,4.5,IZLE,,25,63119.9,,,,,SEVIYE,90,111.3,12,,,,,,,,,0,,31,732.1,30,,,
29151,2026-07-28 03:00:48.817692+00,63177.75,2143567.8692899994,2110281.7019999996,11670312354.9985,0.000029412000000000002,65217846.64589003,0.0,54.1,BEKLE,false,0.0,0.0,1.7964,422.096,62189402.23211002,1570.594,0.0,54.1,"[{""usdt"": 25541243.0, ""borsa"": 3, ""fiyat"": 63125.0, ""kaynak"": ""BNB+BYB+OKX""}, {""usdt"": 10587387.0, ""borsa"": 3, ""fiyat"": 63150.0, ""kaynak"": ""BNB+BYB+OKX""}, {""usdt"": 10442076.0, ""borsa"": 1, ""fiyat"": 63075.0, ""kaynak"": ""BNB""}]","[{""usdt"": 14341679.0, ""borsa"": 1, ""fiyat"": 63200.0, ""kaynak"": ""BNB""}, {""usdt"": 11598831.0, ""borsa"": 1, ""fiyat"": 63275.0, ""kaynak"": ""BNB""}, {""usdt"": 9362443.0, ""borsa"": 3, ""fiyat"": 63175.0, ""kaynak"": ""BNB+BYB+OKX""}]",YOK,0.0201,0.0238,0.1775,0.5476,true,0,false,,1,0,3,0,0,3,63.8,62.3,IZLE,,25,63178.3,,,,,SEVIYE,85,102.3,11,PCT,0.25,0.0,5.906161793829408,false,0.585,,,0,,31,733.1,30,,,
29152,2026-07-28 03:01:50.64863+00,63155.05,1832368.4734491978,1970649.001,11666067661.3425,0.000029412000000000002,84090467.45377001,0.0,50.5,BEKLE,,0.0,0.0,1.7964,483.38,61354596.50447003,1631.878,0.0,50.5,"[{""usdt"": 24440450.0, ""borsa"": 3, ""fiyat"": 63175.0, ""kaynak"": ""BNB+BYB+OKX""}, {""usdt"": 23106334.0, ""borsa"": 3, ""fiyat"": 63150.0, ""kaynak"": ""BNB+BYB+OKX""}, {""usdt"": 15436886.0, ""borsa"": 1, ""fiyat"": 63125.0, ""kaynak"": ""BNB""}]","[{""usdt"": 22940353.0, ""borsa"": 3, ""fiyat"": 63200.0, ""kaynak"": ""BNB+BYB+OKX""}, {""usdt"": 11598831.0, ""borsa"": 1, ""fiyat"": 63275.0, ""kaynak"": ""BNB""}, {""usdt"": 7900029.0, ""borsa"": 1, ""fiyat"": 63225.0, ""kaynak"": ""BNB""}]",PERP,0.0252,0.1563,0.0747,0.1977,true,0,false,,1,0,3,1,0,3,60.9,62.3,IZLE,,25,63178.3,,,,,SEVIYE,85,103.3,11,,,,,,,,,0,,31,734.2,30,,,
29153,2026-07-28 03:02:51.143633+00,63179.350000000006,2196808.989982497,1968272.0069999998,11667824874.284,0.000029412000000000002,60320512.17928993,0.0,46.6,BEKLE,false,0.0,0.0,1.7964,544.324,57183446.15122004,1692.822,0.0,46.6,"[{""usdt"": 19993742.0, ""borsa"": 3, ""fiyat"": 63125.0, ""kaynak"": ""BNB+BYB+OKX""}, {""usdt"": 12431106.0, ""borsa"": 1, ""fiyat"": 63050.0, ""kaynak"": ""BNB""}, {""usdt"": 10514461.0, ""borsa"": 3, ""fiyat"": 63150.0, ""kaynak"": ""BNB+BYB+OKX""}]","[{""usdt"": 16420880.0, ""borsa"": 3, ""fiyat"": 63175.0, ""kaynak"": ""BNB+BYB+OKX""}, {""usdt"": 11365928.0, ""borsa"": 1, ""fiyat"": 63200.0, ""kaynak"": ""BNB""}, {""usdt"": 9622872.0, ""borsa"": 1, ""fiyat"": 63250.0, ""kaynak"": ""BNB""}]",YOK,0.0347,0.0267,0.2413,0.7304,true,0,false,,1,0,3,0,1,3,57.9,59,IZLE,,25,63178.3,,,,,SEVIYE,85,104.4,11,,,,,,,,,0,,31,735.2,30,,,
29154,2026-07-28 03:03:51.468612+00,63190.350000000006,2413851.2239591964,1997817.2629999998,11671630980.6504,0.000029412000000000002,57125766.73118,0.0,17.4,BEKLE,false,0.0,0.0,1.8043,604.841,58794597.65524002,1753.339,0.0,17.4,"[{""usdt"": 16239487.0, ""borsa"": 3, ""fiyat"": 63150.0, ""kaynak"": ""BNB+BYB+OKX""}, {""usdt"": 10869407.0, ""borsa"": 1, ""fiyat"": 63125.0, ""kaynak"": ""BNB""}, {""usdt"": 10528066.0, ""borsa"": 3, ""fiyat"": 63175.0, ""kaynak"": ""BNB+BYB+OKX""}]","[{""usdt"": 24109726.0, ""borsa"": 3, ""fiyat"": 63200.0, ""kaynak"": ""BNB+BYB+OKX""}, {""usdt"": 11162403.0, ""borsa"": 1, ""fiyat"": 63275.0, ""kaynak"": ""BNB""}, {""usdt"": 8634369.0, ""borsa"": 1, ""fiyat"": 63225.0, ""kaynak"": ""BNB""}]",YOK,0.0113,-0.0144,0.6102,1.3056,true,0,false,,0,0,3,0,0,3,54.6,55.6,IZLE,,25,63178.3,,,,,SEVIYE,85,105.4,11,,,,,,,,,0,,31,736.2,30,,,
29155,2026-07-28 03:04:51.706317+00,63160.350000000006,2268822.3394821994,1931830.062,11668351411.658901,0.000029412000000000002,59281059.20575997,0.0,16.2,BEKLE,false,0.0,0.0,1.8043,665.063,57970630.58812995,1813.561,0.0,16.2,"[{""usdt"": 22165538.0, ""borsa"": 3, ""fiyat"": 63175.0, ""kaynak"": ""BNB+BYB+OKX""}, {""usdt"": 11451446.0, ""borsa"": 1, ""fiyat"": 63125.0, ""kaynak"": ""BNB""}, {""usdt"": 8522539.0, ""borsa"": 1, ""fiyat"": 63100.0, ""kaynak"": ""BNB""}]","[{""usdt"": 17055166.0, ""borsa"": 3, ""fiyat"": 63200.0, ""kaynak"": ""BNB+BYB+OKX""}, {""usdt"": 14197231.0, ""borsa"": 1, ""fiyat"": 63275.0, ""kaynak"": ""BNB""}, {""usdt"": 10470693.0, ""borsa"": 3, ""fiyat"": 63225.0, ""kaynak"": ""BNB+BYB+OKX""}]",YOK,0.0222,0.0112,0.7277,0.6259,false,,false,2.5089,0,0,3,0,0,3,50.9,52,IZLE,,25,63178.3,,,,,SEVIYE,85,106.4,11,,,,,,,,,0,,31,737.2,30,,,
29156,2026-07-28 03:05:52.132058+00,63150.05,559663.9389264968,1326722.3190000001,11666837395.020802,0.000029412000000000002,62404087.53574994,0.0,63.5,BEKLE,true,0.0,0.0,1.8043,725.37,59419932.54249002,1873.868,63.5,0.0,"[{""usdt"": 20763396.0, ""borsa"": 3, ""fiyat"": 63150.0, ""kaynak"": ""BNB+BYB+OKX""}, {""usdt"": 9928521.0, ""borsa"": 1, ""fiyat"": 63125.0, ""kaynak"": ""BNB""}, {""usdt"": 9851919.0, ""borsa"": 1, ""fiyat"": 63075.0, ""kaynak"": ""BNB""}]","[{""usdt"": 17468062.0, ""borsa"": 3, ""fiyat"": 63200.0, ""kaynak"": ""BNB+BYB+OKX""}, {""usdt"": 13559464.0, ""borsa"": 1, ""fiyat"": 63275.0, ""kaynak"": ""BNB""}, {""usdt"": 10415807.0, ""borsa"": 3, ""fiyat"": 63175.0, ""kaynak"": ""BNB+BYB+OKX""}]",YOK,0.083,0.0245,0.4809,0.54,false,,false,1.5614,1,0,3,1,0,3,46.9,48,IZLE,,25,63178.3,,,,,SEVIYE,85,107.4,11,,,,,,,,,0,,31,738.2,30,,,
29157,2026-07-28 03:06:52.326201+00,63142.45,495462.00759979634,1170922.9009999998,11660631863.6644,0.000029412000000000002,59292708.78808997,17744.897100000002,66.0,BEKLE,true,17744.897100000002,0.0,1.8114,785.721,60837002.34083003,1934.219,66.0,0.0,"[{""usdt"": 23628716.0, ""borsa"": 3, ""fiyat"": 63125.0, ""kaynak"": ""BNB+BYB+OKX""}, {""usdt"": 13541819.0, ""borsa"": 1, ""fiyat"": 63050.0, ""kaynak"": ""BNB""}, {""usdt"": 8613017.0, ""borsa"": 1, ""fiyat"": 63075.0, ""kaynak"": ""BNB""}]","[{""usdt"": 19526912.0, ""borsa"": 3, ""fiyat"": 63150.0, ""kaynak"": ""BNB+BYB+OKX""}, {""usdt"": 11359124.0, ""borsa"": 1, ""fiyat"": 63200.0, ""kaynak"": ""BNB""}, {""usdt"": 10211089.0, ""borsa"": 3, ""fiyat"": 63175.0, ""kaynak"": ""BNB+BYB+OKX""}]",YOK,0.0548,-0.0129,0.4338,0.2626,false,,false,2.4078,0,0,3,0,2,3,43.4,44.5,IZLE,,25,63119.9,,,,,SEVIYE,90,118.4,12,,,,,,,1785207900,1,0,,31,739.2,30,,,
29158,2026-07-28 03:07:52.689671+00,63194.75,1021606.8524478966,1335661.3220000002,11671281224.8124,0.000029412000000000002,61078153.51320999,17744.897100000002,68.5,BEKLE,true,17744.897100000002,0.0,1.8114,845.921,58482559.40452007,1994.419,68.5,0.0,"[{""usdt"": 15926144.0, ""borsa"": 1, ""fiyat"": 63125.0, ""kaynak"": ""BNB""}, {""usdt"": 11625308.0, ""borsa"": 3, ""fiyat"": 63150.0, ""kaynak"": ""BNB+BYB+OKX""}, {""usdt"": 9053756.0, ""borsa"": 1, ""fiyat"": 63050.0, ""kaynak"": ""BNB""}]","[{""usdt"": 21686873.0, ""borsa"": 3, ""fiyat"": 63200.0, ""kaynak"": ""BNB+BYB+OKX""}, {""usdt"": 10836135.0, ""borsa"": 1, ""fiyat"": 63225.0, ""kaynak"": ""BNB""}, {""usdt"": 10045171.0, ""borsa"": 3, ""fiyat"": 63175.0, ""kaynak"": ""BNB+BYB+OKX""}]",YOK,0.0896,0.0217,0.4599,0.3869,false,,false,,1,0,3,1,0,3,39.8,40.9,IZLE,,25,63178.3,,,,,SEVIYE,85,109.4,11,,,,,,,1785207900,1,1,,31,740.2,30,,,
29159,2026-07-28 03:08:52.965458+00,63184.05,738477.0264928973,1330864.188,11668559144.1968,0.000029412000000000002,54062527.73353998,17744.897100000002,55.6,BEKLE,true,17744.897100000002,0.0,1.8114,906.339,55645773.50881002,2054.837,55.6,0.0,"[{""usdt"": 21078573.0, ""borsa"": 3, ""fiyat"": 63175.0, ""kaynak"": ""BNB+BYB+OKX""}, {""usdt"": 11789791.0, ""borsa"": 1, ""fiyat"": 63125.0, ""kaynak"": ""BNB""}, {""usdt"": 7145645.0, ""borsa"": 1, ""fiyat"": 63150.0, ""kaynak"": ""BNB""}]","[{""usdt"": 14591355.0, ""borsa"": 3, ""fiyat"": 63200.0, ""kaynak"": ""BNB+BYB+OKX""}, {""usdt"": 13306416.0, ""borsa"": 1, ""fiyat"": 63275.0, ""kaynak"": ""BNB""}, {""usdt"": 9876181.0, ""borsa"": 3, ""fiyat"": 63225.0, ""kaynak"": ""BNB+BYB+OKX""}]",YOK,0.0746,-0.0144,0.5374,0.1306,false,,false,,0,0,3,0,0,3,36.4,37.5,IZLE,,25,63169.4,,,,,SEVIYE,85,110.4,12,,,,,,,1785207900,1,2,,33,741.2,33,,,
29160,2026-07-28 03:09:53.2109+00,63154.55,499170.44315339567,1348416.879,11664574408.0033,0.000029412000000000002,61901524.94453001,18060.670100000003,63.2,BEKLE,,18060.670100000003,0.0,1.8114,966.591,56566229.30312006,2115.089,63.2,0.0,"[{""usdt"": 18198209.0, ""borsa"": 3, ""fiyat"": 63175.0, ""kaynak"": ""BNB+BYB+OKX""}, {""usdt"": 13968594.0, ""borsa"": 3, ""fiyat"": 63150.0, ""kaynak"": ""BNB+BYB+OKX""}, {""usdt"": 11602379.0, ""borsa"": 1, ""fiyat"": 63125.0, ""kaynak"": ""BNB""}]","[{""usdt"": 19339169.0, ""borsa"": 3, ""fiyat"": 63200.0, ""kaynak"": ""BNB+BYB+OKX""}, {""usdt"": 10135600.0, ""borsa"": 1, ""fiyat"": 63275.0, ""kaynak"": ""BNB""}, {""usdt"": 8411192.0, ""borsa"": 1, ""fiyat"": 63250.0, ""kaynak"": ""BNB""}]",YOK,0.0389,0.045,0.5838,0.1237,false,,false,0.7632,0,0,3,0,0,3,32.7,33.8,IZLE,,25,63169.4,,,,,SEVIYE,85,111.4,12,,,,,,,1785208140,1,0,,33,742.2,33,,,
29161,2026-07-28 03:10:53.64075+00,63167.75,919589.0446446976,-261238.41199999998,11667498358.36,0.000029412000000000002,55336650.419559956,315.7725,70.7,BEKLE,,315.7725,0.0,1.8114,1026.779,57373878.644499965,2175.277,70.7,0.0,"[{""usdt"": 15717452.0, ""borsa"": 3, ""fiyat"": 63175.0, ""kaynak"": ""BNB+BYB+OKX""}, {""usdt"": 10346774.0, ""borsa"": 1, ""fiyat"": 63125.0, ""kaynak"": ""BNB""}, {""usdt"": 10251271.0, ""borsa"": 3, ""fiyat"": 63150.0, ""kaynak"": ""BNB+BYB+OKX""}]","[{""usdt"": 20230595.0, ""borsa"": 3, ""fiyat"": 63200.0, ""kaynak"": ""BNB+BYB+OKX""}, {""usdt"": 12633307.0, ""borsa"": 1, ""fiyat"": 63275.0, ""kaynak"": ""BNB""}, {""usdt"": 8816341.0, ""borsa"": 1, ""fiyat"": 63250.0, ""kaynak"": ""BNB""}]",YOK,0.1345,-0.0181,0.0949,0.3017,false,,true,0,1,0,3,0,0,3,29.1,30.2,IZLE,,25,63169.4,,,,,SEVIYE,85,112.4,12,,,,,,,1785208140,1,0,,33,743.2,33,,,
29162,2026-07-28 03:11:54.103072+00,63202.850000000006,1282078.888823297,-241137.24000000002,11674186679.837502,0.000029412000000000002,63983248.12076993,10301.972899999999,98.8,BEKLE,true,10301.972899999999,0.0,1.8153,1087.326,55238688.53451999,2235.824,98.8,0.0,"[{""usdt"": 20435800.0, ""borsa"": 3, ""fiyat"": 63150.0, ""kaynak"": ""BNB+BYB+OKX""}, {""usdt"": 10895229.0, ""borsa"": 1, ""fiyat"": 63125.0, ""kaynak"": ""BNB""}, {""usdt"": 9733259.0, ""borsa"": 1, ""fiyat"": 63075.0, ""kaynak"": ""BNB""}]","[{""usdt"": 19890660.0, ""borsa"": 3, ""fiyat"": 63200.0, ""kaynak"": ""BNB+BYB+OKX""}, {""usdt"": 12341214.0, ""borsa"": 1, ""fiyat"": 63275.0, ""kaynak"": ""BNB""}, {""usdt"": 8553372.0, ""borsa"": 1, ""fiyat"": 63250.0, ""kaynak"": ""BNB""}]",YOK,0.1175,0.0733,0.2049,1.0174,false,,false,,1,0,3,1,0,3,25.8,26.9,IZLE,,25,63169.4,,,,,SEVIYE,85,113.4,12,,,,,,,1785208260,1,0,,33,744.2,33,,,
29163,2026-07-28 03:12:54.293472+00,63206.45,1282078.888823297,-241137.24000000002,11674186679.837502,0.000029412000000000002,56182890.22067002,10301.972899999999,71.0,BEKLE,true,10301.972899999999,0.0,1.8153,1147.674,54709436.89105003,241.335,71.0,0.0,"[{""usdt"": 17485269.0, ""borsa"": 3, ""fiyat"": 63200.0, ""kaynak"": ""BNB+BYB+OKX""}, {""usdt"": 12058279.0, ""borsa"": 1, ""fiyat"": 63125.0, ""kaynak"": ""BNB""}, {""usdt"": 10971869.0, ""borsa"": 3, ""fiyat"": 63175.0, ""kaynak"": ""BNB+BYB+OKX""}]","[{""usdt"": 17029648.0, ""borsa"": 3, ""fiyat"": 63225.0, ""kaynak"": ""BNB+BYB+OKX""}, {""usdt"": 11912685.0, ""borsa"": 1, ""fiyat"": 63300.0, ""kaynak"": ""BNB""}, {""usdt"": 9045252.0, ""borsa"": 1, ""fiyat"": 63250.0, ""kaynak"": ""BNB""}]",YOK,0.1007,0.0133,0.071,0.206,false,2.0885,false,,1,0,3,0,0,3,22.3,23.4,IZLE,,25,63169.4,,,,,SEVIYE,85,114.4,12,,,,,,,1785208260,1,0,,33,745.2,33,,,
29164,2026-07-28 03:13:54.583654+00,63236.45,1291229.768077697,-166786.202,11673516051.4745,0.000029412000000000002,66758012.09629002,26482.8113,84.8,BEKLE,true,10301.972899999999,16180.8384,1.8153,1207.857,54763107.83412998,301.518,84.8,0.0,"[{""usdt"": 23943600.0, ""borsa"": 3, ""fiyat"": 63225.0, ""kaynak"": ""BNB+BYB+OKX""}, {""usdt"": 13672104.0, ""borsa"": 1, ""fiyat"": 63125.0, ""kaynak"": ""BNB""}, {""usdt"": 10626206.0, ""borsa"": 1, ""fiyat"": 63150.0, ""kaynak"": ""BNB""}]","[{""usdt"": 16809446.0, ""borsa"": 3, ""fiyat"": 63250.0, ""kaynak"": ""BNB+BYB+OKX""}, {""usdt"": 10397486.0, ""borsa"": 2, ""fiyat"": 63275.0, ""kaynak"": ""BNB+BYB""}, {""usdt"": 10394844.0, ""borsa"": 1, ""fiyat"": 63325.0, ""kaynak"": ""BNB""}]",YOK,0.1187,0.0987,0.1458,0.8934,false,1.6566,false,,1,0,3,1,0,3,18.6,19.7,IZLE,,25,63266.4,,,,,SEVIYE,65,95.4,10,,,,,,,1785208320,1,0,,33,746.2,33,,,
29165,2026-07-28 03:14:54.891539+00,63252.149999999994,1528054.7779441976,-153589.01499999996,11677733888.675602,0.000029412000000000002,62016537.29908,26482.8369,93.9,BEKLE,false,10301.972899999999,16180.864,1.8153,1268.197,55947171.92369002,361.858,93.9,0.0,"[{""usdt"": 21666411.0, ""borsa"": 3, ""fiyat"": 63225.0, ""kaynak"": ""BNB+BYB+OKX""}, {""usdt"": 10091001.0, ""borsa"": 3, ""fiyat"": 63250.0, ""kaynak"": ""BNB+BYB+OKX""}, {""usdt"": 8957735.0, ""borsa"": 1, ""fiyat"": 63150.0, ""kaynak"": ""BNB""}]","[{""usdt"": 15183429.0, ""borsa"": 3, ""fiyat"": 63275.0, ""kaynak"": ""BNB+BYB+OKX""}, {""usdt"": 10609222.0, ""borsa"": 1, ""fiyat"": 63325.0, ""kaynak"": ""BNB""}, {""usdt"": 10459058.0, ""borsa"": 1, ""fiyat"": 63350.0, ""kaynak"": ""BNB""}]",YOK,0.0366,0.0515,0.2406,1.4758,false,1.1098,false,,1,0,3,1,0,3,15.1,16.2,IZLE,,25,63266.4,,,,,SEVIYE,65,96.4,10,,,,,,,1785208320,1,0,,33,747.2,33,,,
29166,2026-07-28 03:15:55.118506+00,63249.850000000006,1381793.442132999,-194993.197,11680813730.6558,0.000029412000000000002,65619088.92106001,28380.4049,8.2,BEKLE,,9986.2004,18394.2045,1.8153,1328.503,50078116.984990045,422.164,0.0,8.2,"[{""usdt"": 25399038.0, ""borsa"": 3, ""fiyat"": 63225.0, ""kaynak"": ""BNB+BYB+OKX""}, {""usdt"": 12758848.0, ""borsa"": 1, ""fiyat"": 63125.0, ""kaynak"": ""BNB""}, {""usdt"": 7959567.0, ""borsa"": 1, ""fiyat"": 63150.0, ""kaynak"": ""BNB""}]","[{""usdt"": 14716005.0, ""borsa"": 3, ""fiyat"": 63250.0, ""kaynak"": ""BNB+BYB+OKX""}, {""usdt"": 11871746.0, ""borsa"": 3, ""fiyat"": 63275.0, ""kaynak"": ""BNB+BYB+OKX""}, {""usdt"": 9104790.0, ""borsa"": 1, ""fiyat"": 63300.0, ""kaynak"": ""BNB""}]",YOK,0.1326,0.1343,,,false,1.0783,false,,1,0,3,1,0,3,11.6,12.6,IZLE,,25,63266.4,,,,,SEVIYE,65,97.4,10,,,,,,,1785208440,1,0,,33,748.2,33,,,
29167,2026-07-28 03:16:55.346846+00,63261.95,977580.5665763011,-545615.2059999999,11682802552.9202,0.000029412000000000002,59202501.28748998,28380.4049,47.2,BEKLE,false,9986.2004,18394.2045,1.8153,60.206,55191328.62729,482.37,47.2,0.0,"[{""usdt"": 20561321.0, ""borsa"": 3, ""fiyat"": 63250.0, ""kaynak"": ""BNB+BYB+OKX""}, {""usdt"": 13886312.0, ""borsa"": 3, ""fiyat"": 63225.0, ""kaynak"": ""BNB+BYB+OKX""}, {""usdt"": 8218249.0, ""borsa"": 1, ""fiyat"": 63175.0, ""kaynak"": ""BNB""}]","[{""usdt"": 17829231.0, ""borsa"": 3, ""fiyat"": 63275.0, ""kaynak"": ""BNB+BYB+OKX""}, {""usdt"": 9853946.0, ""borsa"": 1, ""fiyat"": 63350.0, ""kaynak"": ""BNB""}, {""usdt"": 9232396.0, ""borsa"": 1, ""fiyat"": 63325.0, ""kaynak"": ""BNB""}]",YOK,0.1172,0.0351,0.3163,3.9661,false,1.4948,false,,1,0,3,1,0,3,7.9,9,IZLE,,25,63266.4,,,,,SEVIYE,65,98.4,10,PCT,0.46,4.099878137756404,1.5735927562353915,false,0.054,1785208440,1,1,,33,749.2,33,,,
29168,2026-07-28 03:17:56.677631+00,63247.850000000006,916695.6534431011,45928.247999999934,11686470057.820202,0.000029412000000000002,55870759.77777004,2276.6094000000003,22.9,BEKLE,true,0.0,2276.6094000000003,1.8233,61.167,55515442.778500065,543.537,0.0,22.9,"[{""usdt"": 22688824.0, ""borsa"": 3, ""fiyat"": 63225.0, ""kaynak"": ""BNB+BYB+OKX""}, {""usdt"": 10117814.0, ""borsa"": 1, ""fiyat"": 63150.0, ""kaynak"": ""BNB""}, {""usdt"": 6827202.0, ""borsa"": 1, ""fiyat"": 63175.0, ""kaynak"": ""BNB""}]","[{""usdt"": 14462897.0, ""borsa"": 3, ""fiyat"": 63275.0, ""kaynak"": ""BNB+BYB+OKX""}, {""usdt"": 11583756.0, ""borsa"": 1, ""fiyat"": 63350.0, ""kaynak"": ""BNB""}, {""usdt"": 9783660.0, ""borsa"": 3, ""fiyat"": 63250.0, ""kaynak"": ""BNB+BYB+OKX""}]",YOK,0.0582,0.0032,0.3705,2.7126,false,1.154,false,,1,0,3,0,0,3,5.3,6.3,IZLE,,25,63266.4,,,,,SEVIYE,65,99.4,10,,,,,,,1785208560,1,0,,33,750.3,33,,,
29169,2026-07-28 03:18:56.927674+00,63265.149999999994,-312944.5831216991,20746.827999999983,11685357081.7383,0.000029412000000000002,58324847.716070004,3288.7182000000003,21.7,BEKLE,false,1012.1088000000001,2276.6094000000003,1.8233,0,58825829.43390002,603.977,0.0,21.7,"[{""usdt"": 16066997.0, ""borsa"": 3, ""fiyat"": 63250.0, ""kaynak"": ""BNB+BYB+OKX""}, {""usdt"": 15318867.0, ""borsa"": 2, ""fiyat"": 63225.0, ""kaynak"": ""BNB+OKX""}, {""usdt"": 11384011.0, ""borsa"": 1, ""fiyat"": 63150.0, ""kaynak"": ""BNB""}]","[{""usdt"": 15485586.0, ""borsa"": 3, ""fiyat"": 63275.0, ""kaynak"": ""BNB+BYB+OKX""}, {""usdt"": 12447561.0, ""borsa"": 1, ""fiyat"": 63375.0, ""kaynak"": ""BNB""}, {""usdt"": 10684246.0, ""borsa"": 1, ""fiyat"": 63350.0, ""kaynak"": ""BNB""}]",YOK,0.0331,-0.0043,0.8185,0.9373,false,1.576,false,,1,0,3,0,1,3,1.8,63.7,IZLE,,25,63256.6,,,,,SEVIYE,65,100.4,11,,,,,,,1785208620,1,0,,33,751.3,33,,,
29170,2026-07-28 03:19:57.20255+00,63289.649999999994,-383316.3778288991,-169555.946,11685272240.248402,0.000029412000000000002,55418462.27407,1075.3777,9.2,BEKLE,,1012.1088000000001,63.2689,1.8233,60.193,57791750.452820025,664.17,9.2,0.0,"[{""usdt"": 20148264.0, ""borsa"": 3, ""fiyat"": 63250.0, ""kaynak"": ""BNB+BYB+OKX""}, {""usdt"": 11384011.0, ""borsa"": 1, ""fiyat"": 63150.0, ""kaynak"": ""BNB""}, {""usdt"": 8169957.0, ""borsa"": 2, ""fiyat"": 63225.0, ""kaynak"": ""BNB+OKX""}]","[{""usdt"": 18367476.0, ""borsa"": 3, ""fiyat"": 63275.0, ""kaynak"": ""BNB+BYB+OKX""}, {""usdt"": 12447561.0, ""borsa"": 1, ""fiyat"": 63375.0, ""kaynak"": ""BNB""}, {""usdt"": 10684246.0, ""borsa"": 1, ""fiyat"": 63350.0, ""kaynak"": ""BNB""}]",YOK,0.0331,-0.021,0.9844,1.2359,false,0.7889,false,,1,0,3,0,1,3,62,63.1,IZLE,,25,63256.6,,,,,SEVIYE,65,101.4,11,,,,,,,1785208620,1,0,,33,752.3,33,,,
29171,2026-07-28 03:20:57.483112+00,63300.05,-49628.88939170168,-692639.033,11689447974.538399,0.000029412000000000002,59227858.00347995,1708.2747,56.0,BEKLE,false,1012.1088000000001,696.1659,1.8233,120.498,128630651.64486009,120.498,56.0,0.0,"[{""usdt"": 21885190.0, ""borsa"": 3, ""fiyat"": 63275.0, ""kaynak"": ""BNB+BYB+OKX""}, {""usdt"": 9877093.0, ""borsa"": 1, ""fiyat"": 63200.0, ""kaynak"": ""BNB""}, {""usdt"": 7615011.0, ""borsa"": 1, ""fiyat"": 63225.0, ""kaynak"": ""BNB""}]","[{""usdt"": 80153363.0, ""borsa"": 1, ""fiyat"": 63400.0, ""kaynak"": ""BNB""}, {""usdt"": 15814345.0, ""borsa"": 1, ""fiyat"": 63375.0, ""kaynak"": ""BNB""}, {""usdt"": 13906505.0, ""borsa"": 3, ""fiyat"": 63300.0, ""kaynak"": ""BNB+BYB+OKX""}]",SPOT,0.1864,-0.3694,0.6026,1.3525,false,2.321,false,,2,0,3,1,1,3,58.4,59.4,IZLE,,25,63256.6,,,,,SEVIYE,65,102.4,11,,,,,,,1785208740,1,0,,33,753.3,33,,,
29172,2026-07-28 03:21:57.775515+00,63279.850000000006,87705.70374999894,-605825.5530000001,11686024959.4654,0.000029412000000000002,61135244.63701998,107039.6723,14.6,BEKLE,false,1012.1088000000001,106027.5635,1.8337,60.342,132040955.15515009,180.84,14.6,0.0,"[{""usdt"": 17835970.0, ""borsa"": 3, ""fiyat"": 63250.0, ""kaynak"": ""BNB+BYB+OKX""}, {""usdt"": 16703575.0, ""borsa"": 3, ""fiyat"": 63275.0, ""kaynak"": ""BNB+BYB+OKX""}, {""usdt"": 9470401.0, ""borsa"": 1, ""fiyat"": 63200.0, ""kaynak"": ""BNB""}]","[{""usdt"": 81510007.0, ""borsa"": 1, ""fiyat"": 63400.0, ""kaynak"": ""BNB""}, {""usdt"": 14992797.0, ""borsa"": 3, ""fiyat"": 63300.0, ""kaynak"": ""BNB+BYB+OKX""}, {""usdt"": 13383645.0, ""borsa"": 1, ""fiyat"": 63375.0, ""kaynak"": ""BNB""}]",YOK,0.1084,-0.3671,0.8863,1.1407,false,2.4146,false,,0,0,3,0,1,3,54.8,55.9,IZLE,,25,63256.6,,,,,SEVIYE,65,103.4,11,,,,,,,1785208800,1,0,,33,754.3,33,,,
29173,2026-07-28 03:22:58.135185+00,63280.149999999994,306634.32559439924,-538805.091,11691655983.84,0.000029412000000000002,55898777.43220998,106027.5635,42.8,BEKLE,true,0.0,106027.5635,1.8337,60.186,133676382.71670002,241.026,42.8,0.0,"[{""usdt"": 20693820.0, ""borsa"": 3, ""fiyat"": 63275.0, ""kaynak"": ""BNB+BYB+OKX""}, {""usdt"": 10820189.0, ""borsa"": 3, ""fiyat"": 63250.0, ""kaynak"": ""BNB+BYB+OKX""}, {""usdt"": 9443358.0, ""borsa"": 1, ""fiyat"": 63200.0, ""kaynak"": ""BNB""}]","[{""usdt"": 79077537.0, ""borsa"": 1, ""fiyat"": 63400.0, ""kaynak"": ""BNB""}, {""usdt"": 18643585.0, ""borsa"": 3, ""fiyat"": 63300.0, ""kaynak"": ""BNB+BYB+OKX""}, {""usdt"": 16984575.0, ""borsa"": 1, ""fiyat"": 63375.0, ""kaynak"": ""BNB""}]",SPOT,0.1794,-0.4103,0.3549,1.2024,false,1.9422,false,,2,0,3,1,1,3,51.2,52.3,IZLE,,25,63256.6,,,,,SEVIYE,65,104.5,11,,,,,,,1785208800,1,0,,33,755.3,33,,,
29174,2026-07-28 03:23:58.533804+00,63282.25,384410.76184499904,-486095.563,11692676646.266901,0.000029412000000000002,55350455.08926997,106027.5635,32.9,BEKLE,true,0.0,106027.5635,1.8337,60.43,128860378.81028004,301.456,32.9,0.0,"[{""usdt"": 19370939.0, ""borsa"": 3, ""fiyat"": 63275.0, ""kaynak"": ""BNB+BYB+OKX""}, {""usdt"": 9609375.0, ""borsa"": 3, ""fiyat"": 63250.0, ""kaynak"": ""BNB+BYB+OKX""}, {""usdt"": 8713065.0, ""borsa"": 1, ""fiyat"": 63200.0, ""kaynak"": ""BNB""}]","[{""usdt"": 77909294.0, ""borsa"": 1, ""fiyat"": 63400.0, ""kaynak"": ""BNB""}, {""usdt"": 17172056.0, ""borsa"": 1, ""fiyat"": 63375.0, ""kaynak"": ""BNB""}, {""usdt"": 16146679.0, ""borsa"": 3, ""fiyat"": 63300.0, ""kaynak"": ""BNB+BYB+OKX""}]",YOK,0.1354,-0.3991,0.4204,0.6596,false,1.8343,false,0,2,0,3,1,1,3,47.5,48.5,IZLE,,25,63256.6,,,,,SEVIYE,65,105.5,11,,,,,,,1785208800,1,1,,33,756.3,33,,,
29175,2026-07-28 03:24:58.802886+00,63280.05,280423.47894090053,-490889.34800000006,11692606592.838799,0.000029412000000000002,58224915.781769976,105394.6665,22.3,BEKLE,true,0.0,105394.6665,1.8337,60.411,133196394.24538004,361.867,22.3,0.0,"[{""usdt"": 18324207.0, ""borsa"": 3, ""fiyat"": 63275.0, ""kaynak"": ""BNB+BYB+OKX""}, {""usdt"": 13815310.0, ""borsa"": 3, ""fiyat"": 63250.0, ""kaynak"": ""BNB+BYB+OKX""}, {""usdt"": 8784938.0, ""borsa"": 1, ""fiyat"": 63200.0, ""kaynak"": ""BNB""}]","[{""usdt"": 77976535.0, ""borsa"": 1, ""fiyat"": 63400.0, ""kaynak"": ""BNB""}, {""usdt"": 18889416.0, ""borsa"": 3, ""fiyat"": 63300.0, ""kaynak"": ""BNB+BYB+OKX""}, {""usdt"": 17674069.0, ""borsa"": 1, ""fiyat"": 63375.0, ""kaynak"": ""BNB""}]",SPOT,0.1531,-0.3917,0.5213,0.4822,false,0.5819,false,,2,0,3,1,1,3,44,45.1,IZLE,,25,63256.6,,,,,SEVIYE,65,106.5,11,,,,,,,1785208800,1,0,,33,757.3,33,,,
29176,2026-07-28 03:25:59.120923+00,63280.05,-565237.1233395012,-588182.9580000001,11692818106.9693,0.000029412000000000002,61742419.11153995,0.0,17.6,BEKLE,false,0.0,0.0,1.8337,120.596,60428056.80312004,422.052,0.0,17.6,"[{""usdt"": 17615000.0, ""borsa"": 3, ""fiyat"": 63275.0, ""kaynak"": ""BNB+BYB+OKX""}, {""usdt"": 14987862.0, ""borsa"": 3, ""fiyat"": 63250.0, ""kaynak"": ""BNB+BYB+OKX""}, {""usdt"": 9387824.0, ""borsa"": 1, ""fiyat"": 63200.0, ""kaynak"": ""BNB""}]","[{""usdt"": 18382302.0, ""borsa"": 3, ""fiyat"": 63300.0, ""kaynak"": ""BNB+BYB+OKX""}, {""usdt"": 17850884.0, ""borsa"": 1, ""fiyat"": 63375.0, ""kaynak"": ""BNB""}, {""usdt"": 9022326.0, ""borsa"": 1, ""fiyat"": 63350.0, ""kaynak"": ""BNB""}]",YOK,0.1258,0.0108,0.7224,1.7918,false,,false,0,1,0,3,1,0,3,40.3,41.4,IZLE,,25,63256.6,,,,,SEVIYE,65,107.5,11,,,,,,,,,0,,33,758.3,33,,,
29177,2026-07-28 03:26:59.399969+00,63256.350000000006,-353695.58601480135,-32135.822000000004,11688807077.922699,0.000029412000000000002,59834236.29427006,0.0,41.2,BEKLE,false,0.0,0.0,1.8466,180.991,59766778.66915003,482.447,0.0,41.2,"[{""usdt"": 26343668.0, ""borsa"": 3, ""fiyat"": 63250.0, ""kaynak"": ""BNB+BYB+OKX""}, {""usdt"": 8225850.0, ""borsa"": 1, ""fiyat"": 63200.0, ""kaynak"": ""BNB""}, {""usdt"": 8206932.0, ""borsa"": 1, ""fiyat"": 63225.0, ""kaynak"": ""BNB""}]","[{""usdt"": 16280614.0, ""borsa"": 3, ""fiyat"": 63275.0, ""kaynak"": ""BNB+BYB+OKX""}, {""usdt"": 14833087.0, ""borsa"": 1, ""fiyat"": 63375.0, ""kaynak"": ""BNB""}, {""usdt"": 12173255.0, ""borsa"": 1, ""fiyat"": 63350.0, ""kaynak"": ""BNB""}]",YOK,0.0789,0.0006,0.2886,0.9828,false,,false,0.0753,0,0,3,0,0,3,36.9,38,IZLE,,25,63256.6,,,,,SEVIYE,65,108.5,11,,,,,,,,,0,,33,759.3,33,,,
29178,2026-07-28 03:27:59.598291+00,63254.05,-443693.125422302,-47545.759999999966,11687533197.3665,0.000029412000000000002,54315321.07119002,0.0,29.9,BEKLE,false,0.0,0.0,1.8466,120.63,52783444.96113,0,0.0,29.9,"[{""usdt"": 16033733.0, ""borsa"": 3, ""fiyat"": 63225.0, ""kaynak"": ""BNB+BYB+OKX""}, {""usdt"": 10841147.0, ""borsa"": 1, ""fiyat"": 63150.0, ""kaynak"": ""BNB""}, {""usdt"": 9656115.0, ""borsa"": 1, ""fiyat"": 63200.0, ""kaynak"": ""BNB""}]","[{""usdt"": 15762184.0, ""borsa"": 3, ""fiyat"": 63275.0, ""kaynak"": ""BNB+BYB+OKX""}, {""usdt"": 10243510.0, ""borsa"": 1, ""fiyat"": 63350.0, ""kaynak"": ""BNB""}, {""usdt"": 8478352.0, ""borsa"": 1, ""fiyat"": 63325.0, ""kaynak"": ""BNB""}]",YOK,0.0667,0.0143,0.4461,0.9925,false,,false,0.0412,0,0,3,0,0,3,33.3,34.3,IZLE,,25,63256.6,,,,,SEVIYE,65,109.5,11,,,,,,,,,0,,33,760.3,33,,,
29179,2026-07-28 03:28:59.801024+00,63254.05,-412443.19492400234,-46320.64,11688831260.6567,0.000029412000000000002,57022396.18094,0.0,26.9,BEKLE,false,0.0,0.0,1.8466,180.798,55121261.286710024,60.168,0.0,26.9,"[{""usdt"": 17873687.0, ""borsa"": 3, ""fiyat"": 63225.0, ""kaynak"": ""BNB+BYB+OKX""}, {""usdt"": 10340383.0, ""borsa"": 1, ""fiyat"": 63150.0, ""kaynak"": ""BNB""}, {""usdt"": 10278051.0, ""borsa"": 3, ""fiyat"": 63250.0, ""kaynak"": ""BNB+BYB+OKX""}]","[{""usdt"": 15964961.0, ""borsa"": 3, ""fiyat"": 63275.0, ""kaynak"": ""BNB+BYB+OKX""}, {""usdt"": 10038628.0, ""borsa"": 1, ""fiyat"": 63350.0, ""kaynak"": ""BNB""}, {""usdt"": 8941779.0, ""borsa"": 1, ""fiyat"": 63325.0, ""kaynak"": ""BNB""}]",YOK,0.1084,0.017,0.487,1.1047,false,,false,0.0208,1,0,3,0,1,3,29.6,30.7,IZLE,,25,63268.3,,,,,SEVIYE,65,110.5,12,,,,,,,,,0,,33,761.3,33,,,
29180,2026-07-28 03:30:00.14826+00,63261.350000000006,-224797.34373080172,-43522.82499999999,11688295928.4345,0.000029412000000000002,52948489.3374,0.0,26.8,BEKLE,,0.0,0.0,1.8466,241.024,51165514.40025003,120.394,0.0,26.8,"[{""usdt"": 13793922.0, ""borsa"": 3, ""fiyat"": 63250.0, ""kaynak"": ""BNB+BYB+OKX""}, {""usdt"": 13420764.0, ""borsa"": 3, ""fiyat"": 63225.0, ""kaynak"": ""BNB+BYB+OKX""}, {""usdt"": 8538795.0, ""borsa"": 1, ""fiyat"": 63200.0, ""kaynak"": ""BNB""}]","[{""usdt"": 15280393.0, ""borsa"": 3, ""fiyat"": 63275.0, ""kaynak"": ""BNB+BYB+OKX""}, {""usdt"": 9343798.0, ""borsa"": 1, ""fiyat"": 63350.0, ""kaynak"": ""BNB""}, {""usdt"": 7744477.0, ""borsa"": 3, ""fiyat"": 63250.0, ""kaynak"": ""BNB+BYB+OKX""}]",YOK,0.0968,0.0171,0.3717,0.882,false,,false,0.0407,0,0,3,0,0,3,25.8,26.8,IZLE,,25,63268.3,,,,,SEVIYE,65,111.5,12,,,,,,,,,0,,33,762.3,33,,,
29181,2026-07-28 03:31:00.439169+00,63215.649999999994,1203444.6296546,936733.569,11685930982.0424,0.000029412000000000002,57067086.95872992,758.874,60.6,BEKLE,false,758.874,0.0,1.8466,301.424,54966401.77195995,180.794,0.0,60.6,"[{""usdt"": 18103897.0, ""borsa"": 3, ""fiyat"": 63200.0, ""kaynak"": ""BNB+BYB+OKX""}, {""usdt"": 11194943.0, ""borsa"": 3, ""fiyat"": 63225.0, ""kaynak"": ""BNB+BYB+OKX""}, {""usdt"": 9671251.0, ""borsa"": 1, ""fiyat"": 63175.0, ""kaynak"": ""BNB""}]","[{""usdt"": 15145326.0, ""borsa"": 3, ""fiyat"": 63250.0, ""kaynak"": ""BNB+BYB+OKX""}, {""usdt"": 10201488.0, ""borsa"": 1, ""fiyat"": 63350.0, ""kaynak"": ""BNB""}, {""usdt"": 8278271.0, ""borsa"": 1, ""fiyat"": 63325.0, ""kaynak"": ""BNB""}]",SPOT,0.1615,0.0188,0.3779,0.8822,false,,false,0.3484,1,0,3,0,1,3,22.4,23.4,IZLE,,25,63171.3,,,,,SEVIYE,90,132.5,14,PCT,0.3,0.8700791567946844,29.253120434440483,false,0.061,1785209400,1,0,,33,763.3,33,,,
29182,2026-07-28 03:32:01.802046+00,63227.05,-5259075.025649105,1073425.956,11679580319.0495,0.000029412000000000002,62635942.41146,758.5668000000001,43.3,BEKLE,false,758.5668000000001,0.0,1.8466,362.522,50467158.69317998,0,0.0,43.3,"[{""usdt"": 22449412.0, ""borsa"": 3, ""fiyat"": 63200.0, ""kaynak"": ""BNB+BYB+OKX""}, {""usdt"": 12055178.0, ""borsa"": 1, ""fiyat"": 63100.0, ""kaynak"": ""BNB""}, {""usdt"": 9972360.0, ""borsa"": 3, ""fiyat"": 63175.0, ""kaynak"": ""BNB+BYB+OKX""}]","[{""usdt"": 16774814.0, ""borsa"": 3, ""fiyat"": 63225.0, ""kaynak"": ""BNB+BYB+OKX""}, {""usdt"": 9370576.0, ""borsa"": 1, ""fiyat"": 63300.0, ""kaynak"": ""BNB""}, {""usdt"": 7758565.0, ""borsa"": 1, ""fiyat"": 63275.0, ""kaynak"": ""BNB""}]",YOK,0.0756,0.1076,0.6992,0.2678,false,,false,0.2366,1,0,3,1,0,3,19.6,20.7,IZLE,,25,63268.3,,,,,SEVIYE,65,113.5,12,,,,,,,1785209400,1,0,,33,764.3,33,,,
29183,2026-07-28 03:33:02.194395+00,63246.649999999994,-5072955.365032017,937457.0380000001,11686718024.5506,0.000029412000000000002,58264405.17853995,758.5668000000001,40.6,BEKLE,false,758.5668000000001,0.0,1.8458,423.122,52889026.04971996,0,0.0,40.6,"[{""usdt"": 15495384.0, ""borsa"": 3, ""fiyat"": 63250.0, ""kaynak"": ""BNB+BYB+OKX""}, {""usdt"": 13664555.0, ""borsa"": 1, ""fiyat"": 63150.0, ""kaynak"": ""BNB""}, {""usdt"": 11854748.0, ""borsa"": 3, ""fiyat"": 63225.0, ""kaynak"": ""BNB+BYB+OKX""}]","[{""usdt"": 15161172.0, ""borsa"": 3, ""fiyat"": 63275.0, ""kaynak"": ""BNB+BYB+OKX""}, {""usdt"": 12646586.0, ""borsa"": 1, ""fiyat"": 63350.0, ""kaynak"": ""BNB""}, {""usdt"": 7827679.0, ""borsa"": 1, ""fiyat"": 63300.0, ""kaynak"": ""BNB""}]",YOK,0.087,0.0484,0.7111,0.0729,false,,false,0.208,0,0,3,0,0,3,16.4,17.4,IZLE,,25,63268.3,,,,,SEVIYE,65,114.5,12,,,,,,,1785209400,1,1,,33,765.3,33,,,
29184,2026-07-28 03:34:02.384219+00,63265.649999999994,-4915751.508363017,932393.2509999999,11690983570.584,0.000029412000000000002,59139772.78776996,758.5668000000001,41.9,BEKLE,false,758.5668000000001,0.0,1.8458,483.416,61231613.23239007,0,0.0,41.9,"[{""usdt"": 21645515.0, ""borsa"": 3, ""fiyat"": 63250.0, ""kaynak"": ""BNB+BYB+OKX""}, {""usdt"": 10747559.0, ""borsa"": 1, ""fiyat"": 63175.0, ""kaynak"": ""BNB""}, {""usdt"": 9050624.0, ""borsa"": 1, ""fiyat"": 63200.0, ""kaynak"": ""BNB""}]","[{""usdt"": 13257034.0, ""borsa"": 1, ""fiyat"": 63375.0, ""kaynak"": ""BNB""}, {""usdt"": 13051219.0, ""borsa"": 3, ""fiyat"": 63275.0, ""kaynak"": ""BNB+BYB+OKX""}, {""usdt"": 11453429.0, ""borsa"": 3, ""fiyat"": 63300.0, ""kaynak"": ""BNB+BYB+OKX""}]",YOK,0.0958,-0.0174,0.7068,0.1168,false,,false,0.227,1,0,3,0,0,3,12.8,13.9,IZLE,,25,63268.3,,,,,SEVIYE,65,115.5,12,,,,,,,1785209400,1,2,,33,766.3,33,,,
29185,2026-07-28 03:35:02.577682+00,63285.350000000006,-4711518.554168811,946118.078,11692323127.819,0.000029412000000000002,63710477.13260993,758.5668000000001,47.8,BEKLE,false,758.5668000000001,0.0,1.8458,543.571,127084443.90258001,60.155,0.0,47.8,"[{""usdt"": 19877359.0, ""borsa"": 3, ""fiyat"": 63275.0, ""kaynak"": ""BNB+BYB+OKX""}, {""usdt"": 14122276.0, ""borsa"": 3, ""fiyat"": 63250.0, ""kaynak"": ""BNB+BYB+OKX""}, {""usdt"": 10454714.0, ""borsa"": 1, ""fiyat"": 63200.0, ""kaynak"": ""BNB""}]","[{""usdt"": 79007257.0, ""borsa"": 1, ""fiyat"": 63400.0, ""kaynak"": ""BNB""}, {""usdt"": 14929869.0, ""borsa"": 3, ""fiyat"": 63300.0, ""kaynak"": ""BNB+BYB+OKX""}, {""usdt"": 12668740.0, ""borsa"": 1, ""fiyat"": 63375.0, ""kaynak"": ""BNB""}]",YOK,0.1414,-0.3322,0.7037,0.2414,false,,false,0.4981,1,0,3,1,1,3,9.1,10.2,IZLE,,25,63268.3,,,,,SEVIYE,65,116.5,12,,,,,,,1785209400,1,3,,33,767.4,33,,,
29186,2026-07-28 03:36:02.95687+00,63279.55,-4913924.343312913,916536.8870000001,11689129230.866798,0.000029412000000000002,63384261.69151995,126.53880000000001,9.9,BEKLE,,0.0,126.53880000000001,1.8498,603.843,55580242.02678997,120.427,9.9,0.0,"[{""usdt"": 21965681.0, ""borsa"": 3, ""fiyat"": 63250.0, ""kaynak"": ""BNB+BYB+OKX""}, {""usdt"": 9877292.0, ""borsa"": 1, ""fiyat"": 63200.0, ""kaynak"": ""BNB""}, {""usdt"": 8747198.0, ""borsa"": 1, ""fiyat"": 63175.0, ""kaynak"": ""BNB""}]","[{""usdt"": 16170874.0, ""borsa"": 3, ""fiyat"": 63300.0, ""kaynak"": ""BNB+BYB+OKX""}, {""usdt"": 12638516.0, ""borsa"": 1, ""fiyat"": 63375.0, ""kaynak"": ""BNB""}, {""usdt"": 11362115.0, ""borsa"": 1, ""fiyat"": 63350.0, ""kaynak"": ""BNB""}]",YOK,0.1423,0.0656,0.9937,0.6661,false,,false,0.7752,2,0,3,2,0,3,5.1,6.2,IZLE,,25,63268.3,,,,,SEVIYE,65,117.5,12,,,,,,,1785209700,1,0,,33,768.4,33,,,
29187,2026-07-28 03:37:03.232846+00,63274.350000000006,-4979471.416348312,887093.052,11687954899.6464,0.000029412000000000002,58348571.68142,126.55680000000001,24.5,BEKLE,false,0.0,126.55680000000001,1.8498,664.235,57612714.61719003,180.819,24.5,0.0,"[{""usdt"": 22700888.0, ""borsa"": 3, ""fiyat"": 63250.0, ""kaynak"": ""BNB+BYB+OKX""}, {""usdt"": 9336707.0, ""borsa"": 1, ""fiyat"": 63200.0, ""kaynak"": ""BNB""}, {""usdt"": 7312374.0, ""borsa"": 1, ""fiyat"": 63225.0, ""kaynak"": ""BNB""}]","[{""usdt"": 14528080.0, ""borsa"": 3, ""fiyat"": 63300.0, ""kaynak"": ""BNB+BYB+OKX""}, {""usdt"": 12233565.0, ""borsa"": 1, ""fiyat"": 63375.0, ""kaynak"": ""BNB""}, {""usdt"": 12175742.0, ""borsa"": 1, ""fiyat"": 63350.0, ""kaynak"": ""BNB""}]",YOK,0.1253,0.0063,0.4401,4.7768,false,,false,0.8094,1,0,3,1,0,3,1.6,63.5,IZLE,,25,63268.3,,,,,SEVIYE,65,118.5,12,,,,,,,1785209700,1,0,,33,769.4,33,,,
29188,2026-07-28 03:38:03.580129+00,63289.95,-4725273.275365011,941433.3530000001,11690197303.142899,0.000029412000000000002,58012751.62340999,126.55680000000001,2.3,BEKLE,,0.0,126.55680000000001,1.8498,724.436,58125957.962840036,241.02,0.0,2.3,"[{""usdt"": 23868492.0, ""borsa"": 3, ""fiyat"": 63250.0, ""kaynak"": ""BNB+BYB+OKX""}, {""usdt"": 9336707.0, ""borsa"": 1, ""fiyat"": 63200.0, ""kaynak"": ""BNB""}, {""usdt"": 7312374.0, ""borsa"": 1, ""fiyat"": 63225.0, ""kaynak"": ""BNB""}]","[{""usdt"": 13649162.0, ""borsa"": 3, ""fiyat"": 63300.0, ""kaynak"": ""BNB+BYB+OKX""}, {""usdt"": 12233565.0, ""borsa"": 1, ""fiyat"": 63375.0, ""kaynak"": ""BNB""}, {""usdt"": 12175742.0, ""borsa"": 1, ""fiyat"": 63350.0, ""kaynak"": ""BNB""}]",YOK,0.1253,-0.001,,,false,,false,0.7005,1,0,3,1,0,3,61.8,62.9,IZLE,,25,63268.3,,,,,SEVIYE,65,119.5,12,,,,,,,1785209700,1,1,,33,770.4,33,,,
29189,2026-07-28 03:39:03.778766+00,63304.25,-3678692.402125311,1449863.595,11693959316.6106,0.000029412000000000002,60396799.42673994,189.8495,41.3,BEKLE,true,0.0,189.8495,1.8498,784.79,128877703.00691003,301.374,0.0,41.3,"[{""usdt"": 15895380.0, ""borsa"": 3, ""fiyat"": 63275.0, ""kaynak"": ""BNB+BYB+OKX""}, {""usdt"": 11345306.0, ""borsa"": 3, ""fiyat"": 63300.0, ""kaynak"": ""BNB+BYB+OKX""}, {""usdt"": 10767995.0, ""borsa"": 1, ""fiyat"": 63200.0, ""kaynak"": ""BNB""}]","[{""usdt"": 82539796.0, ""borsa"": 1, ""fiyat"": 63400.0, ""kaynak"": ""BNB""}, {""usdt"": 16604718.0, ""borsa"": 3, ""fiyat"": 63325.0, ""kaynak"": ""BNB+BYB+OKX""}, {""usdt"": 11439210.0, ""borsa"": 1, ""fiyat"": 63350.0, ""kaynak"": ""BNB""}]",YOK,0.1456,-0.3618,0.5422,1.1077,false,,false,0.9502,1,0,3,1,1,3,58.3,59.4,IZLE,,25,63266.1,,,,,SEVIYE,70,120.5,13,,,,,,,1785209880,1,0,,34,771.4,34,,,
29190,2026-07-28 03:40:03.935367+00,63305.95,-3592352.2582906117,1475289.7899999998,11695919025.306599,0.000029412000000000002,59685393.05788994,189.86100000000002,44.1,BEKLE,true,0.0,189.86100000000002,1.8498,844.968,128208734.07511996,361.552,0.0,44.1,"[{""usdt"": 17332836.0, ""borsa"": 3, ""fiyat"": 63300.0, ""kaynak"": ""BNB+BYB+OKX""}, {""usdt"": 14884557.0, ""borsa"": 3, ""fiyat"": 63275.0, ""kaynak"": ""BNB+BYB+OKX""}, {""usdt"": 10911619.0, ""borsa"": 1, ""fiyat"": 63200.0, ""kaynak"": ""BNB""}]","[{""usdt"": 81205055.0, ""borsa"": 1, ""fiyat"": 63400.0, ""kaynak"": ""BNB""}, {""usdt"": 15713711.0, ""borsa"": 3, ""fiyat"": 63325.0, ""kaynak"": ""BNB+BYB+OKX""}, {""usdt"": 13439364.0, ""borsa"": 1, ""fiyat"": 63375.0, ""kaynak"": ""BNB""}]",SPOT,0.181,-0.3647,0.5117,0.6164,false,,false,,3,0,3,1,1,3,54.6,55.7,IZLE,,25,63266.1,,,,,SEVIYE,70,121.5,13,,,,,,,1785209880,1,0,,34,772.4,34,,,
29191,2026-07-28 03:41:04.203532+00,63331.55,-6417282.530020111,588416.94,11700621742.886799,0.000029412000000000002,58273054.89320002,63.3042,54.0,BEKLE,false,0.0,63.3042,1.8498,905.132,126320634.93383002,421.716,54.0,0.0,"[{""usdt"": 22952195.0, ""borsa"": 3, ""fiyat"": 63300.0, ""kaynak"": ""BNB+BYB+OKX""}, {""usdt"": 8891455.0, ""borsa"": 1, ""fiyat"": 63225.0, ""kaynak"": ""BNB""}, {""usdt"": 8571369.0, ""borsa"": 1, ""fiyat"": 63200.0, ""kaynak"": ""BNB""}]","[{""usdt"": 81154491.0, ""borsa"": 1, ""fiyat"": 63400.0, ""kaynak"": ""BNB""}, {""usdt"": 13902364.0, ""borsa"": 1, ""fiyat"": 63375.0, ""kaynak"": ""BNB""}, {""usdt"": 13902088.0, ""borsa"": 3, ""fiyat"": 63325.0, ""kaynak"": ""BNB+BYB+OKX""}]",SPOT,0.1979,-0.3686,0.6942,1.5717,false,1.9816,false,,3,0,3,1,1,3,50.9,52,IZLE,,25,63350.1,,,,,SEVIYE,50,52.5,6,,,,,,,1785209880,1,0,,34,773.4,34,,,
29192,2026-07-28 03:42:04.494833+00,63321.05,-6531903.0175112095,592394.742,11700354752.5568,0.000029412000000000002,62054775.60018005,12414.3312,47.4,BEKLE,false,0.0,12414.3312,1.8547,965.421,124654117.47825997,482.005,47.4,0.0,"[{""usdt"": 20662891.0, ""borsa"": 3, ""fiyat"": 63300.0, ""kaynak"": ""BNB+BYB+OKX""}, {""usdt"": 10682935.0, ""borsa"": 3, ""fiyat"": 63325.0, ""kaynak"": ""BNB+BYB+OKX""}, {""usdt"": 8448096.0, ""borsa"": 1, ""fiyat"": 63225.0, ""kaynak"": ""BNB""}]","[{""usdt"": 80427497.0, ""borsa"": 1, ""fiyat"": 63400.0, ""kaynak"": ""BNB""}, {""usdt"": 14566429.0, ""borsa"": 3, ""fiyat"": 63350.0, ""kaynak"": ""BNB+BYB+OKX""}, {""usdt"": 12263839.0, ""borsa"": 1, ""fiyat"": 63375.0, ""kaynak"": ""BNB""}]",YOK,0.145,-0.3353,0.723,1.4237,false,2.2452,false,,2,0,3,1,1,3,47.3,48.4,IZLE,,25,63350.1,,,,,SEVIYE,50,53.5,6,,,,,,,1785210000,1,0,,34,774.4,34,,,
29193,2026-07-28 03:43:04.691972+00,63327.05,-6325304.060420411,574882.531,11699171143.6518,0.000029412000000000002,60515357.63754998,12414.3312,47.4,BEKLE,false,0.0,12414.3312,1.8547,120.591,125404036.56948999,542.307,47.4,0.0,"[{""usdt"": 18414519.0, ""borsa"": 3, ""fiyat"": 63300.0, ""kaynak"": ""BNB+BYB+OKX""}, {""usdt"": 11936024.0, ""borsa"": 3, ""fiyat"": 63325.0, ""kaynak"": ""BNB+BYB+OKX""}, {""usdt"": 9475791.0, ""borsa"": 1, ""fiyat"": 63250.0, ""kaynak"": ""BNB""}]","[{""usdt"": 81681524.0, ""borsa"": 1, ""fiyat"": 63400.0, ""kaynak"": ""BNB""}, {""usdt"": 15729295.0, ""borsa"": 3, ""fiyat"": 63350.0, ""kaynak"": ""BNB+BYB+OKX""}, {""usdt"": 12073911.0, ""borsa"": 1, ""fiyat"": 63375.0, ""kaynak"": ""BNB""}]",YOK,0.1406,-0.349,0.6838,1.0377,false,1.2644,false,,1,0,3,1,1,3,43.7,44.8,IZLE,,25,63350.1,,,,,SEVIYE,50,54.5,6,,,,,,,1785210000,1,1,,34,775.4,34,,,
29194,2026-07-28 03:44:04.939906+00,63341.25,-6092593.81247471,572610.4069999999,11701069603.3312,0.000029412000000000002,58362188.378370024,12351.027,73.7,BEKLE,false,0.0,12351.027,1.8547,120.466,123914344.18437003,602.471,73.7,0.0,"[{""usdt"": 16306728.0, ""borsa"": 3, ""fiyat"": 63300.0, ""kaynak"": ""BNB+BYB+OKX""}, {""usdt"": 14925864.0, ""borsa"": 3, ""fiyat"": 63325.0, ""kaynak"": ""BNB+BYB+OKX""}, {""usdt"": 10479922.0, ""borsa"": 1, ""fiyat"": 63250.0, ""kaynak"": ""BNB""}]","[{""usdt"": 81770179.0, ""borsa"": 1, ""fiyat"": 63400.0, ""kaynak"": ""BNB""}, {""usdt"": 17497971.0, ""borsa"": 3, ""fiyat"": 63350.0, ""kaynak"": ""BNB+BYB+OKX""}, {""usdt"": 13375090.0, ""borsa"": 1, ""fiyat"": 63375.0, ""kaynak"": ""BNB""}]",SPOT,0.2299,-0.3596,0.5769,0.5786,false,1.4719,false,,3,0,3,1,1,3,40,41.1,IZLE,,25,63350.1,,,,,SEVIYE,50,55.5,6,,,,,,,1785210000,1,0,,34,776.4,34,,,
29195,2026-07-28 03:45:05.253899+00,63329.350000000006,-6655624.814821111,606848.01,11696914469.0022,0.000029412000000000002,62812926.92028001,13047.5415,66.1,BEKLE,false,0.0,13047.5415,1.8547,180.697,128878581.53401002,662.702,66.1,0.0,"[{""usdt"": 17255612.0, ""borsa"": 3, ""fiyat"": 63300.0, ""kaynak"": ""BNB+BYB+OKX""}, {""usdt"": 14849865.0, ""borsa"": 3, ""fiyat"": 63325.0, ""kaynak"": ""BNB+BYB+OKX""}, {""usdt"": 10654071.0, ""borsa"": 1, ""fiyat"": 63250.0, ""kaynak"": ""BNB""}]","[{""usdt"": 82239369.0, ""borsa"": 1, ""fiyat"": 63400.0, ""kaynak"": ""BNB""}, {""usdt"": 15952650.0, ""borsa"": 3, ""fiyat"": 63350.0, ""kaynak"": ""BNB+BYB+OKX""}, {""usdt"": 11164773.0, ""borsa"": 1, ""fiyat"": 63375.0, ""kaynak"": ""BNB""}]",YOK,0.1347,-0.3446,0.6361,0.3179,false,1.6443,false,,1,0,3,1,1,3,36.4,37.5,IZLE,,25,63350.1,,,,,SEVIYE,50,56.5,6,,,,,,,1785210240,1,0,,34,777.4,34,,,
29196,2026-07-28 03:46:05.45578+00,63305.95,1671515.7281790003,-1205016.286,11698028250.644901,0.000029412000000000002,63160242.446700044,696.5156,66.1,BEKLE,,0.0,696.5156,1.8547,241.067,128973313.84614013,723.072,66.1,0.0,"[{""usdt"": 24912481.0, ""borsa"": 3, ""fiyat"": 63300.0, ""kaynak"": ""BNB+BYB+OKX""}, {""usdt"": 10828254.0, ""borsa"": 1, ""fiyat"": 63225.0, ""kaynak"": ""BNB""}, {""usdt"": 8937895.0, ""borsa"": 1, ""fiyat"": 63200.0, ""kaynak"": ""BNB""}]","[{""usdt"": 81470811.0, ""borsa"": 1, ""fiyat"": 63400.0, ""kaynak"": ""BNB""}, {""usdt"": 14516919.0, ""borsa"": 3, ""fiyat"": 63325.0, ""kaynak"": ""BNB+BYB+OKX""}, {""usdt"": 13953551.0, ""borsa"": 3, ""fiyat"": 63350.0, ""kaynak"": ""BNB+BYB+OKX""}]",YOK,0.1174,-0.3425,0.6909,0.143,false,0.9538,false,,1,0,3,1,1,3,32.9,34,IZLE,,25,63266.1,,,,,SEVIYE,70,127.6,13,,,,,,,1785210240,1,0,,34,778.4,34,,,
29197,2026-07-28 03:47:06.521943+00,63271.149999999994,1283797.9328021002,-1205154.856,11694255630.493301,0.000029412000000000002,56589518.77920999,696.5156,67.4,BEKLE,true,0.0,696.5156,1.8547,302.091,132149224.5734401,784.096,67.4,0.0,"[{""usdt"": 21097559.0, ""borsa"": 3, ""fiyat"": 63275.0, ""kaynak"": ""BNB+BYB+OKX""}, {""usdt"": 11350230.0, ""borsa"": 1, ""fiyat"": 63225.0, ""kaynak"": ""BNB""}, {""usdt"": 11211863.0, ""borsa"": 1, ""fiyat"": 63200.0, ""kaynak"": ""BNB""}]","[{""usdt"": 82381091.0, ""borsa"": 1, ""fiyat"": 63400.0, ""kaynak"": ""BNB""}, {""usdt"": 15670810.0, ""borsa"": 3, ""fiyat"": 63300.0, ""kaynak"": ""BNB+BYB+OKX""}, {""usdt"": 15132977.0, ""borsa"": 1, ""fiyat"": 63375.0, ""kaynak"": ""BNB""}]",YOK,0.1132,-0.4003,0.683,0.2852,false,0.6872,false,,0,0,3,1,1,3,30,31.1,IZLE,,25,63266.1,,,,,SEVIYE,70,128.6,13,,,,,,,1785210240,1,1,,34,779.4,34,,,
29198,2026-07-28 03:48:06.795348+00,63287.149999999994,1720445.4059110004,-1203180.002,11696000494.785599,0.000029412000000000002,54992774.751559936,696.5156,56.7,BEKLE,true,0.0,696.5156,1.862,121.271,127913855.20108004,844.343,56.7,0.0,"[{""usdt"": 17903214.0, ""borsa"": 3, ""fiyat"": 63275.0, ""kaynak"": ""BNB+BYB+OKX""}, {""usdt"": 10605536.0, ""borsa"": 1, ""fiyat"": 63200.0, ""kaynak"": ""BNB""}, {""usdt"": 9277359.0, ""borsa"": 1, ""fiyat"": 63225.0, ""kaynak"": ""BNB""}]","[{""usdt"": 80709706.0, ""borsa"": 1, ""fiyat"": 63400.0, ""kaynak"": ""BNB""}, {""usdt"": 15233824.0, ""borsa"": 3, ""fiyat"": 63300.0, ""kaynak"": ""BNB+BYB+OKX""}, {""usdt"": 12044023.0, ""borsa"": 1, ""fiyat"": 63375.0, ""kaynak"": ""BNB""}]",YOK,0.115,-0.3987,0.6916,0.2243,false,0.7928,false,,1,0,3,0,1,3,26.5,27.5,IZLE,,25,63266.1,,,,,SEVIYE,70,129.6,13,,,,,,,1785210240,1,2,,34,780.4,34,,,
29199,2026-07-28 03:49:06.986376+00,63287.850000000006,1627838.7024860003,141945.03899999993,11696719404.15,0.000029412000000000002,58527810.113710016,696.5156,31.6,BEKLE,false,0.0,696.5156,1.862,181.512,131277210.81201003,904.584,31.6,0.0,"[{""usdt"": 16888034.0, ""borsa"": 3, ""fiyat"": 63275.0, ""kaynak"": ""BNB+BYB+OKX""}, {""usdt"": 12070768.0, ""borsa"": 1, ""fiyat"": 63200.0, ""kaynak"": ""BNB""}, {""usdt"": 11574186.0, ""borsa"": 3, ""fiyat"": 63250.0, ""kaynak"": ""BNB+BYB+OKX""}]","[{""usdt"": 77649110.0, ""borsa"": 1, ""fiyat"": 63400.0, ""kaynak"": ""BNB""}, {""usdt"": 18448081.0, ""borsa"": 3, ""fiyat"": 63300.0, ""kaynak"": ""BNB+BYB+OKX""}, {""usdt"": 13970525.0, ""borsa"": 1, ""fiyat"": 63375.0, ""kaynak"": ""BNB""}]",YOK,0.1179,-0.3833,0.8904,0.416,true,0.261,false,,1,0,3,0,1,3,22.9,23.9,IZLE,,25,63262.6,,,,,SEVIYE,70,130.6,14,,,,,,,1785210240,1,3,,34,781.4,34,,,
29200,2026-07-28 03:50:07.278424+00,63300.05,1738405.8675162012,128575.82199999994,11697085075.064701,0.000029412000000000002,58909986.94578004,0.0,38.0,BEKLE,true,0.0,0.0,1.862,241.701,53961628.11150006,964.773,38.0,0.0,"[{""usdt"": 18401467.0, ""borsa"": 3, ""fiyat"": 63275.0, ""kaynak"": ""BNB+BYB+OKX""}, {""usdt"": 11624998.0, ""borsa"": 1, ""fiyat"": 63200.0, ""kaynak"": ""BNB""}, {""usdt"": 8726170.0, ""borsa"": 1, ""fiyat"": 63175.0, ""kaynak"": ""BNB""}]","[{""usdt"": 14843230.0, ""borsa"": 3, ""fiyat"": 63300.0, ""kaynak"": ""BNB+BYB+OKX""}, {""usdt"": 12467732.0, ""borsa"": 1, ""fiyat"": 63375.0, ""kaynak"": ""BNB""}, {""usdt"": 11833881.0, ""borsa"": 1, ""fiyat"": 63350.0, ""kaynak"": ""BNB""}]",SPOT,0.2001,0.0438,0.8883,0.2095,true,0.4096,false,,3,0,3,1,0,3,19.1,20.2,HAZIRLAN,LONG,50,63262.6,63350.1,64213.7,63254.8,20.21,SEVIYE+EMILIM,70,131.6,14,,,,,,,,,0,1.11,34,782.4,34,,,
29201,2026-07-28 03:51:07.565221+00,63267.850000000006,144325.37946000122,76328.402,11693877906.5136,0.000029412000000000002,55972318.327680066,0.0,61.0,BEKLE,false,0.0,0.0,1.8637,302.035,57747936.06115003,1025.107,0.0,61.0,"[{""usdt"": 16810639.0, ""borsa"": 3, ""fiyat"": 63250.0, ""kaynak"": ""BNB+BYB+OKX""}, {""usdt"": 10765378.0, ""borsa"": 1, ""fiyat"": 63200.0, ""kaynak"": ""BNB""}, {""usdt"": 9557673.0, ""borsa"": 1, ""fiyat"": 63175.0, ""kaynak"": ""BNB""}]","[{""usdt"": 13951879.0, ""borsa"": 3, ""fiyat"": 63300.0, ""kaynak"": ""BNB+BYB+OKX""}, {""usdt"": 13261174.0, ""borsa"": 1, ""fiyat"": 63375.0, ""kaynak"": ""BNB""}, {""usdt"": 11456565.0, ""borsa"": 1, ""fiyat"": 63350.0, ""kaynak"": ""BNB""}]",YOK,0.1165,-0.0156,0.3508,0.5914,true,0.3841,false,,0,0,3,1,0,3,15.6,16.7,IZLE,,25,63262.6,,,,,SEVIYE,70,132.6,14,,,,,,,,,0,,34,783.4,34,,,
29202,2026-07-28 03:52:07.777923+00,63272.75,482316.59485620115,191266.427,11696501541.4478,0.000029412000000000002,61449943.59704006,0.0,61.1,BEKLE,false,0.0,0.0,1.8637,362.281,54979514.884080075,1085.353,0.0,61.1,"[{""usdt"": 22230570.0, ""borsa"": 3, ""fiyat"": 63250.0, ""kaynak"": ""BNB+BYB+OKX""}, {""usdt"": 10803733.0, ""borsa"": 1, ""fiyat"": 63200.0, ""kaynak"": ""BNB""}, {""usdt"": 9490062.0, ""borsa"": 1, ""fiyat"": 63175.0, ""kaynak"": ""BNB""}]","[{""usdt"": 13176988.0, ""borsa"": 1, ""fiyat"": 63375.0, ""kaynak"": ""BNB""}, {""usdt"": 11682820.0, ""borsa"": 3, ""fiyat"": 63275.0, ""kaynak"": ""BNB+BYB+OKX""}, {""usdt"": 11456066.0, ""borsa"": 1, ""fiyat"": 63350.0, ""kaynak"": ""BNB""}]",YOK,0.133,0.0556,0.2065,0.0279,true,0.3172,false,,1,0,3,2,0,3,12,13.1,IZLE,,25,63262.6,,,,,SEVIYE,70,133.6,14,,,,,,,,,0,,34,784.4,34,,,
29203,2026-07-28 03:53:08.009244+00,63266.05,538380.9839851016,234657.081,11695499752.6788,0.000029412000000000002,56510452.76431002,0.0,60.6,BEKLE,false,0.0,0.0,1.8637,422.515,53613634.36589002,1145.587,0.0,60.6,"[{""usdt"": 19264411.0, ""borsa"": 3, ""fiyat"": 63250.0, ""kaynak"": ""BNB+BYB+OKX""}, {""usdt"": 10214776.0, ""borsa"": 1, ""fiyat"": 63200.0, ""kaynak"": ""BNB""}, {""usdt"": 9072672.0, ""borsa"": 1, ""fiyat"": 63225.0, ""kaynak"": ""BNB""}]","[{""usdt"": 12746034.0, ""borsa"": 3, ""fiyat"": 63275.0, ""kaynak"": ""BNB+BYB+OKX""}, {""usdt"": 11782045.0, ""borsa"": 1, ""fiyat"": 63375.0, ""kaynak"": ""BNB""}, {""usdt"": 11395794.0, ""borsa"": 3, ""fiyat"": 63300.0, ""kaynak"": ""BNB+BYB+OKX""}]",YOK,0.094,0.0263,0.2715,0.3276,false,0.5884,false,,1,0,3,1,0,3,8.4,9.5,IZLE,,25,63262.6,,,,,SEVIYE,70,134.6,14,,,,,,,,,0,,34,785.4,34,,,
29204,2026-07-28 03:54:08.3563+00,63292.75,538380.9839851016,234657.081,11695499752.6788,0.000029412000000000002,53699260.50526,0.0,16.4,BEKLE,,0.0,0.0,1.8637,482.752,129983910.78963992,1205.824,0.0,16.4,"[{""usdt"": 19426750.0, ""borsa"": 3, ""fiyat"": 63275.0, ""kaynak"": ""BNB+BYB+OKX""}, {""usdt"": 10941468.0, ""borsa"": 1, ""fiyat"": 63200.0, ""kaynak"": ""BNB""}, {""usdt"": 8593585.0, ""borsa"": 1, ""fiyat"": 63225.0, ""kaynak"": ""BNB""}]","[{""usdt"": 81685139.0, ""borsa"": 1, ""fiyat"": 63400.0, ""kaynak"": ""BNB""}, {""usdt"": 14086072.0, ""borsa"": 1, ""fiyat"": 63375.0, ""kaynak"": ""BNB""}, {""usdt"": 13270983.0, ""borsa"": 3, ""fiyat"": 63300.0, ""kaynak"": ""BNB+BYB+OKX""}]",YOK,0.1103,-0.4153,0.8419,0.256,false,0.6576,false,,0,0,3,1,1,3,4.8,5.9,IZLE,,25,63262.6,,,,,SEVIYE,70,135.6,14,,,,,,,,,0,,34,786.4,34,,,
29205,2026-07-28 03:55:08.54155+00,63297.149999999994,980523.3850450022,242804.126,11700192834.866001,0.000029412000000000002,51470258.73966001,0.0,18.3,BEKLE,,0.0,0.0,1.8637,543.076,129952684.01593989,1266.148,0.0,18.3,"[{""usdt"": 19457419.0, ""borsa"": 3, ""fiyat"": 63275.0, ""kaynak"": ""BNB+BYB+OKX""}, {""usdt"": 10468356.0, ""borsa"": 1, ""fiyat"": 63225.0, ""kaynak"": ""BNB""}, {""usdt"": 8947518.0, ""borsa"": 1, ""fiyat"": 63200.0, ""kaynak"": ""BNB""}]","[{""usdt"": 80065993.0, ""borsa"": 1, ""fiyat"": 63400.0, ""kaynak"": ""BNB""}, {""usdt"": 16983390.0, ""borsa"": 1, ""fiyat"": 63375.0, ""kaynak"": ""BNB""}, {""usdt"": 13498142.0, ""borsa"": 3, ""fiyat"": 63300.0, ""kaynak"": ""BNB+BYB+OKX""}]",YOK,0.1177,-0.4326,0.7505,0.1941,false,,false,,0,0,3,1,1,3,1.3,63.6,IZLE,,25,63262.6,,,,,SEVIYE,70,136.6,14,,,,,,,,,0,,34,787.5,34,,,
29206,2026-07-28 03:56:08.879581+00,63272.45,940533.4484134036,236751.545,11700992816.7976,0.000029412000000000002,52948849.23728001,0.0,16.8,BEKLE,false,0.0,0.0,1.8637,603.264,129979592.25850989,1326.336,0.0,16.8,"[{""usdt"": 20337932.0, ""borsa"": 3, ""fiyat"": 63275.0, ""kaynak"": ""BNB+BYB+OKX""}, {""usdt"": 10468356.0, ""borsa"": 1, ""fiyat"": 63225.0, ""kaynak"": ""BNB""}, {""usdt"": 8947518.0, ""borsa"": 1, ""fiyat"": 63200.0, ""kaynak"": ""BNB""}]","[{""usdt"": 80065993.0, ""borsa"": 1, ""fiyat"": 63400.0, ""kaynak"": ""BNB""}, {""usdt"": 16983390.0, ""borsa"": 1, ""fiyat"": 63375.0, ""kaynak"": ""BNB""}, {""usdt"": 12346345.0, ""borsa"": 3, ""fiyat"": 63300.0, ""kaynak"": ""BNB+BYB+OKX""}]",YOK,0.1177,-0.4211,0.6923,0.2705,true,0.3003,false,,0,0,3,1,1,3,61.5,62.5,IZLE,,25,63262.6,,,,,SEVIYE,70,137.6,14,,,,,,,,,0,,34,788.5,34,,,
29207,2026-07-28 03:57:09.258196+00,63274.05,1085360.0468217041,187682.44100000002,11698267559.710098,0.000029412000000000002,54303742.316480026,0.0,3.4,BEKLE,,0.0,0.0,1.8637,663.763,53392634.28877999,1386.835,3.4,0.0,"[{""usdt"": 18414614.0, ""borsa"": 3, ""fiyat"": 63250.0, ""kaynak"": ""BNB+BYB+OKX""}, {""usdt"": 11444921.0, ""borsa"": 1, ""fiyat"": 63200.0, ""kaynak"": ""BNB""}, {""usdt"": 8659151.0, ""borsa"": 1, ""fiyat"": 63175.0, ""kaynak"": ""BNB""}]","[{""usdt"": 12542275.0, ""borsa"": 1, ""fiyat"": 63375.0, ""kaynak"": ""BNB""}, {""usdt"": 12063561.0, ""borsa"": 3, ""fiyat"": 63275.0, ""kaynak"": ""BNB+BYB+OKX""}, {""usdt"": 10784858.0, ""borsa"": 1, ""fiyat"": 63350.0, ""kaynak"": ""BNB""}]",YOK,0.0701,0.0085,,,false,0.5222,false,,1,0,3,1,0,3,58,59.1,IZLE,,25,63262.6,,,,,SEVIYE,70,138.6,14,,,,,,,,,0,,34,789.5,34,,,
29208,2026-07-28 03:58:09.509737+00,63250.05,1250314.2604581057,191791.68100000004,11699716985.7184,0.000029412000000000002,59475404.82920003,0.0,11.3,BEKLE,true,0.0,0.0,1.8662,724.045,56031296.332560055,1447.117,11.3,0.0,"[{""usdt"": 21691932.0, ""borsa"": 3, ""fiyat"": 63250.0, ""kaynak"": ""BNB+BYB+OKX""}, {""usdt"": 10540800.0, ""borsa"": 1, ""fiyat"": 63225.0, ""kaynak"": ""BNB""}, {""usdt"": 8818468.0, ""borsa"": 1, ""fiyat"": 63200.0, ""kaynak"": ""BNB""}]","[{""usdt"": 13268379.0, ""borsa"": 3, ""fiyat"": 63300.0, ""kaynak"": ""BNB+BYB+OKX""}, {""usdt"": 12252176.0, ""borsa"": 1, ""fiyat"": 63375.0, ""kaynak"": ""BNB""}, {""usdt"": 10569701.0, ""borsa"": 1, ""fiyat"": 63350.0, ""kaynak"": ""BNB""}]",YOK,0.0871,0.0298,0.8827,1.3417,true,0.4842,false,,0,0,3,2,0,3,54.5,55.6,IZLE,,25,63262.6,,,,,SEVIYE,70,139.6,14,,,,,,,,,0,,34,790.5,34,,,
29209,2026-07-28 03:59:09.725922+00,63269.95,700363.5833776061,143658.679,11696873023.1462,0.000029412000000000002,64127735.99567002,0.0,15.4,BEKLE,true,0.0,0.0,1.8662,784.245,50136337.773690015,0,15.4,0.0,"[{""usdt"": 20213382.0, ""borsa"": 3, ""fiyat"": 63225.0, ""kaynak"": ""BNB+BYB+OKX""}, {""usdt"": 12444024.0, ""borsa"": 3, ""fiyat"": 63250.0, ""kaynak"": ""BNB+BYB+OKX""}, {""usdt"": 11889387.0, ""borsa"": 1, ""fiyat"": 63200.0, ""kaynak"": ""BNB""}]","[{""usdt"": 15344668.0, ""borsa"": 3, ""fiyat"": 63275.0, ""kaynak"": ""BNB+BYB+OKX""}, {""usdt"": 10278160.0, ""borsa"": 1, ""fiyat"": 63325.0, ""kaynak"": ""BNB""}, {""usdt"": 9812614.0, ""borsa"": 1, ""fiyat"": 63350.0, ""kaynak"": ""BNB""}]",YOK,0.0802,0.1224,,,false,0.519,false,,1,0,3,2,0,3,50.8,51.9,IZLE,,25,63261.5,,,,,SEVIYE,70,140.6,15,,,,,,,,,0,,33,791.5,33,,,
29210,2026-07-28 04:00:10.035409+00,63296.25,572156.8903572035,135851.613,11704998708.4804,0.000029412000000000002,47063828.42706,0.0,20.4,BEKLE,true,0.0,0.0,1.8662,844.437,128433616.69498998,0,20.4,0.0,"[{""usdt"": 12081648.0, ""borsa"": 3, ""fiyat"": 63275.0, ""kaynak"": ""BNB+BYB+OKX""}, {""usdt"": 9593216.0, ""borsa"": 1, ""fiyat"": 63200.0, ""kaynak"": ""BNB""}, {""usdt"": 8712895.0, ""borsa"": 1, ""fiyat"": 63175.0, ""kaynak"": ""BNB""}]","[{""usdt"": 80484447.0, ""borsa"": 1, ""fiyat"": 63400.0, ""kaynak"": ""BNB""}, {""usdt"": 14869709.0, ""borsa"": 3, ""fiyat"": 63300.0, ""kaynak"": ""BNB+BYB+OKX""}, {""usdt"": 11586770.0, ""borsa"": 1, ""fiyat"": 63375.0, ""kaynak"": ""BNB""}]",YOK,0.097,-0.4637,,,false,0.6843,false,,1,0,3,0,1,3,47.2,48.3,IZLE,,25,63261.5,,,,,SEVIYE,70,141.7,15,,,,,,,,,0,,33,792.5,33,,,
29211,2026-07-28 04:01:10.419361+00,63298.850000000006,1563309.161323001,430475.943,11709841655.0966,0.000029412000000000002,48550338.12356002,0.0,17.9,BEKLE,false,0.0,0.0,1.8662,904.862,127378422.01400006,60.425,0.0,17.9,"[{""usdt"": 14976574.0, ""borsa"": 3, ""fiyat"": 63300.0, ""kaynak"": ""BNB+BYB+OKX""}, {""usdt"": 9528428.0, ""borsa"": 3, ""fiyat"": 63275.0, ""kaynak"": ""BNB+BYB+OKX""}, {""usdt"": 8008282.0, ""borsa"": 1, ""fiyat"": 63225.0, ""kaynak"": ""BNB""}]","[{""usdt"": 81934054.0, ""borsa"": 1, ""fiyat"": 63400.0, ""kaynak"": ""BNB""}, {""usdt"": 13853826.0, ""borsa"": 3, ""fiyat"": 63325.0, ""kaynak"": ""BNB+BYB+OKX""}, {""usdt"": 11983705.0, ""borsa"": 1, ""fiyat"": 63375.0, ""kaynak"": ""BNB""}]",YOK,0.1231,-0.4481,0.5965,1.683,false,,false,1.1122,1,0,3,1,1,3,43.8,44.9,IZLE,,25,63261.5,,,,,SEVIYE,70,142.7,15,,,,,,,,,0,,33,793.5,33,,,
29212,2026-07-28 04:02:12.400049+00,63288.149999999994,1402812.0075495003,428171.699,11711021741.7448,0.000029412000000000002,52820906.994540036,443.0754,22.1,BEKLE,false,443.0754,0.0,1.8662,966.649,129713892.65911,122.212,0.0,22.1,"[{""usdt"": 19467912.0, ""borsa"": 3, ""fiyat"": 63275.0, ""kaynak"": ""BNB+BYB+OKX""}, {""usdt"": 9479883.0, ""borsa"": 1, ""fiyat"": 63225.0, ""kaynak"": ""BNB""}, {""usdt"": 8125187.0, ""borsa"": 2, ""fiyat"": 63250.0, ""kaynak"": ""BNB+BYB""}]","[{""usdt"": 81110345.0, ""borsa"": 1, ""fiyat"": 63400.0, ""kaynak"": ""BNB""}, {""usdt"": 14639404.0, ""borsa"": 3, ""fiyat"": 63300.0, ""kaynak"": ""BNB+BYB+OKX""}, {""usdt"": 14429792.0, ""borsa"": 1, ""fiyat"": 63375.0, ""kaynak"": ""BNB""}]",YOK,0.0336,-0.4213,0.3778,1.1167,true,0.0514,false,1.5877,0,0,3,0,1,3,41.7,42.8,IZLE,,25,63261.5,,,,,SEVIYE,70,143.7,15,,,,,,,1785211260,1,0,,33,794.5,33,,,
29213,2026-07-28 04:03:12.772711+00,63293.95,1434312.0596278007,371386.24500000005,11709891006.856102,0.000029412000000000002,59651106.90423001,443.04359999999997,18.3,BEKLE,true,443.04359999999997,0.0,1.867,1027.251,124683082.41970001,182.814,0.0,18.3,"[{""usdt"": 22660546.0, ""borsa"": 3, ""fiyat"": 63275.0, ""kaynak"": ""BNB+BYB+OKX""}, {""usdt"": 10622119.0, ""borsa"": 1, ""fiyat"": 63200.0, ""kaynak"": ""BNB""}, {""usdt"": 9047608.0, ""borsa"": 2, ""fiyat"": 63250.0, ""kaynak"": ""BNB+BYB""}]","[{""usdt"": 78628221.0, ""borsa"": 1, ""fiyat"": 63400.0, ""kaynak"": ""BNB""}, {""usdt"": 15546800.0, ""borsa"": 1, ""fiyat"": 63375.0, ""kaynak"": ""BNB""}, {""usdt"": 12580289.0, ""borsa"": 3, ""fiyat"": 63300.0, ""kaynak"": ""BNB+BYB+OKX""}]",YOK,0.0518,-0.3528,,,true,0.0407,true,0.2503,0,0,3,2,1,3,38.5,39.6,IZLE,,25,63261.5,,,,,SEVIYE,70,144.7,15,,,,,,,1785211260,1,0,,33,795.5,33,,,
29214,2026-07-28 04:04:13.020491+00,63286.05,1881178.6322899014,543183.9680000001,11710615917.597301,0.000029412000000000002,59831921.93973997,443.04359999999997,32.9,BEKLE,false,443.04359999999997,0.0,1.867,1087.563,125255946.46338001,243.126,0.0,32.9,"[{""usdt"": 24811059.0, ""borsa"": 3, ""fiyat"": 63275.0, ""kaynak"": ""BNB+BYB+OKX""}, {""usdt"": 10209214.0, ""borsa"": 1, ""fiyat"": 63200.0, ""kaynak"": ""BNB""}, {""usdt"": 7572780.0, ""borsa"": 1, ""fiyat"": 63225.0, ""kaynak"": ""BNB""}]","[{""usdt"": 79574431.0, ""borsa"": 1, ""fiyat"": 63400.0, ""kaynak"": ""BNB""}, {""usdt"": 15541931.0, ""borsa"": 1, ""fiyat"": 63375.0, ""kaynak"": ""BNB""}, {""usdt"": 11869504.0, ""borsa"": 3, ""fiyat"": 63325.0, ""kaynak"": ""BNB+BYB+OKX""}]",YOK,0.0466,-0.3535,0.5761,0.5228,true,0,true,0.4358,0,0,3,2,1,3,34.9,36,IZLE,,25,63261.5,,,,,SEVIYE,70,145.7,15,,,,,,,1785211260,1,1,,33,796.5,33,,,
29215,2026-07-28 04:05:13.300593+00,63310.649999999994,1655105.2760098015,462963.976,11708190097.3176,0.000029412000000000002,58827376.01706,1898.8033,31.0,BEKLE,false,1898.8033,0.0,1.867,1147.74,124150326.14746009,303.303,0.0,31.0,"[{""usdt"": 24902025.0, ""borsa"": 3, ""fiyat"": 63275.0, ""kaynak"": ""BNB+BYB+OKX""}, {""usdt"": 10190099.0, ""borsa"": 1, ""fiyat"": 63200.0, ""kaynak"": ""BNB""}, {""usdt"": 7732518.0, ""borsa"": 3, ""fiyat"": 63300.0, ""kaynak"": ""BNB+BYB+OKX""}]","[{""usdt"": 80493117.0, ""borsa"": 1, ""fiyat"": 63400.0, ""kaynak"": ""BNB""}, {""usdt"": 15019564.0, ""borsa"": 1, ""fiyat"": 63375.0, ""kaynak"": ""BNB""}, {""usdt"": 12255795.0, ""borsa"": 3, ""fiyat"": 63325.0, ""kaynak"": ""BNB+BYB+OKX""}]",YOK,0.0882,-0.357,0.6036,0.534,true,0,false,0.6599,1,0,3,2,1,3,31,32.1,IZLE,,25,63350.1,,,,,SEVIYE,50,76.6,8,,,,,,,1785211380,1,0,,33,797.5,33,,,
29216,2026-07-28 04:06:13.630986+00,63320.05,1844997.643578799,423745.90799999994,11714399318.7868,0.000029412000000000002,58323158.28629002,1835.5039000000002,4.9,BEKLE,,1835.5039000000002,0.0,1.8637,1208.057,125163012.62157004,363.62,4.9,0.0,"[{""usdt"": 26392512.0, ""borsa"": 3, ""fiyat"": 63300.0, ""kaynak"": ""BNB+BYB+OKX""}, {""usdt"": 9980484.0, ""borsa"": 1, ""fiyat"": 63225.0, ""kaynak"": ""BNB""}, {""usdt"": 7324857.0, ""borsa"": 1, ""fiyat"": 63200.0, ""kaynak"": ""BNB""}]","[{""usdt"": 82631390.0, ""borsa"": 1, ""fiyat"": 63400.0, ""kaynak"": ""BNB""}, {""usdt"": 14030937.0, ""borsa"": 3, ""fiyat"": 63325.0, ""kaynak"": ""BNB+BYB+OKX""}, {""usdt"": 11487093.0, ""borsa"": 3, ""fiyat"": 63350.0, ""kaynak"": ""BNB+BYB+OKX""}]",YOK,0.1101,-0.3643,,,true,0,false,0.5644,1,0,3,1,1,3,27.5,28.6,IZLE,,25,63350.1,,,,,SEVIYE,50,77.6,8,,,,,,,1785211380,1,0,,33,798.5,33,,,
29217,2026-07-28 04:07:13.859073+00,63310.05,1948684.9146774989,505549.57599999994,11711918818.7019,0.000029412000000000002,63543903.67305004,1455.7597,11.1,BEKLE,true,1455.7597,0.0,1.8637,1268.405,131172989.28918998,423.968,0.0,11.1,"[{""usdt"": 28433015.0, ""borsa"": 3, ""fiyat"": 63300.0, ""kaynak"": ""BNB+BYB+OKX""}, {""usdt"": 10513333.0, ""borsa"": 1, ""fiyat"": 63225.0, ""kaynak"": ""BNB""}, {""usdt"": 7550928.0, ""borsa"": 3, ""fiyat"": 63275.0, ""kaynak"": ""BNB+BYB+OKX""}]","[{""usdt"": 82155673.0, ""borsa"": 1, ""fiyat"": 63400.0, ""kaynak"": ""BNB""}, {""usdt"": 21006892.0, ""borsa"": 3, ""fiyat"": 63325.0, ""kaynak"": ""BNB+BYB+OKX""}, {""usdt"": 11385365.0, ""borsa"": 1, ""fiyat"": 63375.0, ""kaynak"": ""BNB""}]",SPOT,0.153,-0.3473,0.7644,2.0406,true,0,false,0.6449,1,0,3,2,1,3,24,25.1,IZLE,,25,63350.1,,,,,SEVIYE,50,78.6,8,,,,,,,1785211380,1,0,,33,799.5,33,,,
29218,2026-07-28 04:08:14.159624+00,63308.55,1759482.7160112993,405352.428,11707869529.8734,0.000029412000000000002,60749951.98214002,1455.7597,7.4,BEKLE,,1455.7597,0.0,1.8637,1328.535,131695079.27356002,484.098,0.0,7.4,"[{""usdt"": 20025571.0, ""borsa"": 3, ""fiyat"": 63300.0, ""kaynak"": ""BNB+BYB+OKX""}, {""usdt"": 13262497.0, ""borsa"": 3, ""fiyat"": 63275.0, ""kaynak"": ""BNB+BYB+OKX""}, {""usdt"": 10655024.0, ""borsa"": 1, ""fiyat"": 63200.0, ""kaynak"": ""BNB""}]","[{""usdt"": 82123493.0, ""borsa"": 1, ""fiyat"": 63400.0, ""kaynak"": ""BNB""}, {""usdt"": 24064693.0, ""borsa"": 3, ""fiyat"": 63325.0, ""kaynak"": ""BNB+BYB+OKX""}, {""usdt"": 10463748.0, ""borsa"": 1, ""fiyat"": 63375.0, ""kaynak"": ""BNB""}]",YOK,0.1337,-0.3687,,,true,0,false,0.513,1,0,3,2,1,3,20.3,21.4,IZLE,,25,63350.1,,,,,SEVIYE,50,79.6,8,,,,,,,1785211380,1,1,,33,800.5,33,,,
29219,2026-07-28 04:09:14.506201+00,63310.05,1741690.5547892996,418504.058,11704020121.1302,0.000029412000000000002,62490619.984630086,0.0,28.2,BEKLE,false,0.0,0.0,1.8637,1388.954,132067151.10709004,544.517,28.2,0.0,"[{""usdt"": 24021051.0, ""borsa"": 3, ""fiyat"": 63300.0, ""kaynak"": ""BNB+BYB+OKX""}, {""usdt"": 11204220.0, ""borsa"": 3, ""fiyat"": 63275.0, ""kaynak"": ""BNB+BYB+OKX""}, {""usdt"": 10121811.0, ""borsa"": 1, ""fiyat"": 63200.0, ""kaynak"": ""BNB""}]","[{""usdt"": 82143637.0, ""borsa"": 1, ""fiyat"": 63400.0, ""kaynak"": ""BNB""}, {""usdt"": 23773550.0, ""borsa"": 3, ""fiyat"": 63325.0, ""kaynak"": ""BNB+BYB+OKX""}, {""usdt"": 10349551.0, ""borsa"": 1, ""fiyat"": 63375.0, ""kaynak"": ""BNB""}]",YOK,0.1139,-0.3576,,,true,0,true,0.2705,1,0,3,2,1,3,16.9,18,IZLE,,25,63350.1,,,,,SEVIYE,50,80.6,9,,,,,,,,,0,,32,801.6,32,,,
29220,2026-07-28 04:10:14.749257+00,63310.05,2138612.7625368014,424060.34599999996,11702667744.968601,0.000029412000000000002,60080053.35317007,0.0,11.1,BEKLE,false,0.0,0.0,1.8637,1449.269,131308256.22329009,604.832,11.1,0.0,"[{""usdt"": 15729037.0, ""borsa"": 3, ""fiyat"": 63275.0, ""kaynak"": ""BNB+BYB+OKX""}, {""usdt"": 15708323.0, ""borsa"": 3, ""fiyat"": 63300.0, ""kaynak"": ""BNB+BYB+OKX""}, {""usdt"": 10715016.0, ""borsa"": 1, ""fiyat"": 63200.0, ""kaynak"": ""BNB""}]","[{""usdt"": 80758926.0, ""borsa"": 1, ""fiyat"": 63400.0, ""kaynak"": ""BNB""}, {""usdt"": 24657027.0, ""borsa"": 3, ""fiyat"": 63325.0, ""kaynak"": ""BNB+BYB+OKX""}, {""usdt"": 11142599.0, ""borsa"": 1, ""fiyat"": 63375.0, ""kaynak"": ""BNB""}]",YOK,0.1208,-0.3722,,,true,0,true,0.3572,1,0,3,2,1,3,13.3,14.4,IZLE,,25,63350.1,,,,,SEVIYE,50,81.6,9,,,,,,,,,0,,32,802.6,32,,,
29221,2026-07-28 04:11:15.069327+00,63302.05,1068366.915852904,77214.99100000001,11702621026.2255,0.000029412000000000002,61758382.26476002,0.0,44.5,BEKLE,false,0.0,0.0,1.8637,1509.475,137410817.31849006,665.038,44.5,0.0,"[{""usdt"": 21826179.0, ""borsa"": 3, ""fiyat"": 63300.0, ""kaynak"": ""BNB+BYB+OKX""}, {""usdt"": 10925601.0, ""borsa"": 3, ""fiyat"": 63275.0, ""kaynak"": ""BNB+BYB+OKX""}, {""usdt"": 10773830.0, ""borsa"": 1, ""fiyat"": 63200.0, ""kaynak"": ""BNB""}]","[{""usdt"": 81555847.0, ""borsa"": 1, ""fiyat"": 63400.0, ""kaynak"": ""BNB""}, {""usdt"": 28101258.0, ""borsa"": 3, ""fiyat"": 63325.0, ""kaynak"": ""BNB+BYB+OKX""}, {""usdt"": 10739722.0, ""borsa"": 1, ""fiyat"": 63375.0, ""kaynak"": ""BNB""}]",YOK,0.1255,-0.3798,0.507,0.7874,true,0.0425,true,0,1,0,3,2,1,3,9.3,10.4,IZLE,,25,63260.5,,,,,SEVIYE,70,152.7,16,,,,,,,,,0,,32,803.6,32,,,
29222,2026-07-28 04:12:15.4481+00,63305.05,1133899.6831567043,90002.41300000002,11698154040.8937,0.000029412000000000002,62391367.00869,1012.856,50.9,BEKLE,,0.0,1012.856,1.8944,1569.872,135647801.47436008,725.435,50.9,0.0,"[{""usdt"": 15882056.0, ""borsa"": 3, ""fiyat"": 63300.0, ""kaynak"": ""BNB+BYB+OKX""}, {""usdt"": 15602621.0, ""borsa"": 3, ""fiyat"": 63275.0, ""kaynak"": ""BNB+BYB+OKX""}, {""usdt"": 10945709.0, ""borsa"": 1, ""fiyat"": 63200.0, ""kaynak"": ""BNB""}]","[{""usdt"": 81431474.0, ""borsa"": 1, ""fiyat"": 63400.0, ""kaynak"": ""BNB""}, {""usdt"": 27239926.0, ""borsa"": 3, ""fiyat"": 63325.0, ""kaynak"": ""BNB+BYB+OKX""}, {""usdt"": 10443603.0, ""borsa"": 1, ""fiyat"": 63375.0, ""kaynak"": ""BNB""}]",YOK,0.072,-0.3699,0.4736,0.1948,true,0.0556,true,0,0,0,3,2,1,3,5.8,6.9,IZLE,,25,63260.5,,,,,SEVIYE,70,153.7,16,,,,,,,1785211860,1,0,,32,804.6,32,,,
29223,2026-07-28 04:13:15.727691+00,63279.350000000006,1616257.5101602052,103217.743,11697094935.800001,0.000029412000000000002,59187183.75589004,1012.9744000000001,36.2,BEKLE,false,0.0,1012.9744000000001,1.8944,1630.239,63276542.47990997,785.802,36.2,0.0,"[{""usdt"": 21226586.0, ""borsa"": 3, ""fiyat"": 63250.0, ""kaynak"": ""BNB+BYB+OKX""}, {""usdt"": 8997862.0, ""borsa"": 1, ""fiyat"": 63175.0, ""kaynak"": ""BNB""}, {""usdt"": 8931680.0, ""borsa"": 1, ""fiyat"": 63200.0, ""kaynak"": ""BNB""}]","[{""usdt"": 18878272.0, ""borsa"": 1, ""fiyat"": 63325.0, ""kaynak"": ""BNB""}, {""usdt"": 16770100.0, ""borsa"": 3, ""fiyat"": 63300.0, ""kaynak"": ""BNB+BYB+OKX""}, {""usdt"": 10087326.0, ""borsa"": 3, ""fiyat"": 63275.0, ""kaynak"": ""BNB+BYB+OKX""}]",SPOT,0.1567,-0.0334,0.1786,2.441,true,0.0149,false,0.6764,2,0,3,0,0,3,2.4,3.4,IZLE,,25,63260.5,,,,,SEVIYE,70,154.7,16,,,,,,,1785211860,1,0,,32,805.6,32,,,
29224,2026-07-28 04:14:16.17291+00,63300.05,1180031.578093104,185414.83699999997,11681214211.971199,0.000029412000000000002,59187183.75589004,1012.9744000000001,30.4,BEKLE,,0.0,1012.9744000000001,1.8944,1690.479,63276542.47990997,846.042,30.4,0.0,"[{""usdt"": 21226586.0, ""borsa"": 3, ""fiyat"": 63250.0, ""kaynak"": ""BNB+BYB+OKX""}, {""usdt"": 8997862.0, ""borsa"": 1, ""fiyat"": 63175.0, ""kaynak"": ""BNB""}, {""usdt"": 8931680.0, ""borsa"": 1, ""fiyat"": 63200.0, ""kaynak"": ""BNB""}]","[{""usdt"": 18878272.0, ""borsa"": 1, ""fiyat"": 63325.0, ""kaynak"": ""BNB""}, {""usdt"": 16770100.0, ""borsa"": 3, ""fiyat"": 63300.0, ""kaynak"": ""BNB+BYB+OKX""}, {""usdt"": 10087326.0, ""borsa"": 3, ""fiyat"": 63275.0, ""kaynak"": ""BNB+BYB+OKX""}]",SPOT,0.1567,-0.0334,0.5251,0.6265,true,0,false,0.5331,2,0,3,0,0,3,62.6,63.7,HAZIRLAN,LONG,50,63260.5,63350.1,63647.4,63252.8,7.35,SEVIYE+EMILIM,70,155.8,16,,,,,,,1785211860,1,1,1.06,32,806.6,32,,,
29225,2026-07-28 04:15:16.436787+00,63300.05,2213693.1008033026,779764.051,11680485288.226898,0.000029412000000000002,57192203.913170025,1012.9744000000001,36.8,BEKLE,true,0.0,1012.9744000000001,1.8944,1750.937,135275283.59337002,906.5,0.0,36.8,"[{""usdt"": 23389641.0, ""borsa"": 3, ""fiyat"": 63275.0, ""kaynak"": ""BNB+BYB+OKX""}, {""usdt"": 8213600.0, ""borsa"": 1, ""fiyat"": 63225.0, ""kaynak"": ""BNB""}, {""usdt"": 7986219.0, ""borsa"": 1, ""fiyat"": 63200.0, ""kaynak"": ""BNB""}]","[{""usdt"": 84556505.0, ""borsa"": 1, ""fiyat"": 63400.0, ""kaynak"": ""BNB""}, {""usdt"": 20088037.0, ""borsa"": 3, ""fiyat"": 63325.0, ""kaynak"": ""BNB+BYB+OKX""}, {""usdt"": 13100908.0, ""borsa"": 3, ""fiyat"": 63300.0, ""kaynak"": ""BNB+BYB+OKX""}]",YOK,0.1199,-0.4057,0.0883,0.7881,true,0,false,,2,0,3,1,1,3,59.1,60.2,IZLE,,25,63260.5,,,,,SEVIYE,70,156.8,16,,,,,,,1785211860,1,2,,32,807.6,32,,,
29226,2026-07-28 04:16:16.765834+00,63310.25,3466353.3010690003,857173.982,11683387176.866001,0.000029412000000000002,57971108.77512997,1012.9744000000001,53.6,BEKLE,true,0.0,1012.9744000000001,1.8944,1811.246,193468027.79230005,966.809,0.0,53.6,"[{""usdt"": 20448307.0, ""borsa"": 3, ""fiyat"": 63275.0, ""kaynak"": ""BNB+BYB+OKX""}, {""usdt"": 9815920.0, ""borsa"": 1, ""fiyat"": 63200.0, ""kaynak"": ""BNB""}, {""usdt"": 9089773.0, ""borsa"": 1, ""fiyat"": 63225.0, ""kaynak"": ""BNB""}]","[{""usdt"": 83643181.0, ""borsa"": 3, ""fiyat"": 63325.0, ""kaynak"": ""BNB+BYB+OKX""}, {""usdt"": 79628617.0, ""borsa"": 1, ""fiyat"": 63400.0, ""kaynak"": ""BNB""}, {""usdt"": 10587160.0, ""borsa"": 1, ""fiyat"": 63375.0, ""kaynak"": ""BNB""}]",YOK,0.1179,-0.5389,0.5852,0.1341,true,0,false,0.4327,1,0,3,1,1,3,55.6,56.6,IZLE,,25,63350.1,,,,,SEVIYE,50,87.7,9,,,,,,,1785211860,1,3,,32,808.6,32,,,
29227,2026-07-28 04:17:17.238938+00,63309.25,3480268.966980401,777375.901,11681626920.5149,0.000029412000000000002,60629331.409410015,0.0,50.5,BEKLE,true,0.0,0.0,1.8944,1871.721,125671589.93333,1027.284,0.0,50.5,"[{""usdt"": 20769685.0, ""borsa"": 3, ""fiyat"": 63275.0, ""kaynak"": ""BNB+BYB+OKX""}, {""usdt"": 10501675.0, ""borsa"": 1, ""fiyat"": 63225.0, ""kaynak"": ""BNB""}, {""usdt"": 8629110.0, ""borsa"": 1, ""fiyat"": 63200.0, ""kaynak"": ""BNB""}]","[{""usdt"": 80394804.0, ""borsa"": 1, ""fiyat"": 63400.0, ""kaynak"": ""BNB""}, {""usdt"": 13979840.0, ""borsa"": 1, ""fiyat"": 63375.0, ""kaynak"": ""BNB""}, {""usdt"": 12964474.0, ""borsa"": 3, ""fiyat"": 63300.0, ""kaynak"": ""BNB+BYB+OKX""}]",YOK,0.1243,-0.3491,0.6103,0.0732,true,0,true,0.4611,1,0,3,1,1,3,52.2,53.3,IZLE,,25,63350.1,,,,,SEVIYE,50,88.7,9,,,,,,,,,0,,32,809.6,32,,,
29228,2026-07-28 04:18:17.626345+00,63282.55,3089994.4882301,620095.9669999998,11677726042.43,0.000029412000000000002,64779641.98494003,0.0,44.3,BEKLE,true,0.0,0.0,1.8935,1931.997,193938158.88454002,1087.56,0.0,44.3,"[{""usdt"": 26240178.0, ""borsa"": 3, ""fiyat"": 63275.0, ""kaynak"": ""BNB+BYB+OKX""}, {""usdt"": 11084191.0, ""borsa"": 3, ""fiyat"": 63300.0, ""kaynak"": ""BNB+BYB+OKX""}, {""usdt"": 8206982.0, ""borsa"": 1, ""fiyat"": 63200.0, ""kaynak"": ""BNB""}]","[{""usdt"": 82219061.0, ""borsa"": 3, ""fiyat"": 63300.0, ""kaynak"": ""BNB+BYB+OKX""}, {""usdt"": 80541120.0, ""borsa"": 1, ""fiyat"": 63400.0, ""kaynak"": ""BNB""}, {""usdt"": 10409011.0, ""borsa"": 1, ""fiyat"": 63375.0, ""kaynak"": ""BNB""}]",YOK,0.1093,-0.4992,0.5668,0.0825,true,0,true,0.2074,1,0,3,1,1,3,48.6,49.7,IZLE,,25,63260.5,,,,,SEVIYE,70,159.8,16,,,,,,,,,0,,32,810.6,32,,,
29229,2026-07-28 04:19:17.828122+00,63322.45,4743397.1677688,1063346.3390000002,11681613330.4907,0.000029412000000000002,58107527.54264997,2532.476,39.3,BEKLE,true,2532.476,0.0,1.8935,1992.371,54434200.018040024,1147.934,0.0,39.3,"[{""usdt"": 16489431.0, ""borsa"": 3, ""fiyat"": 63250.0, ""kaynak"": ""BNB+BYB+OKX""}, {""usdt"": 14423951.0, ""borsa"": 3, ""fiyat"": 63275.0, ""kaynak"": ""BNB+BYB+OKX""}, {""usdt"": 8901693.0, ""borsa"": 1, ""fiyat"": 63175.0, ""kaynak"": ""BNB""}]","[{""usdt"": 14844754.0, ""borsa"": 1, ""fiyat"": 63375.0, ""kaynak"": ""BNB""}, {""usdt"": 13290238.0, ""borsa"": 3, ""fiyat"": 63300.0, ""kaynak"": ""BNB+BYB+OKX""}, {""usdt"": 7746782.0, ""borsa"": 1, ""fiyat"": 63350.0, ""kaynak"": ""BNB""}]",YOK,0.0687,0.0326,0.6474,0.2775,true,0,false,0.6965,1,0,3,1,1,3,44.9,46,IZLE,,25,63350.1,,,,,SEVIYE,50,90.7,10,,,,,,,1785212280,1,0,,33,811.6,33,,,
29230,2026-07-28 04:20:18.072415+00,63329.05,4986070.7637113,1071151.357,11685707650.371601,0.000029412000000000002,67401900.54810996,2532.472,21.0,BEKLE,true,2532.472,0.0,1.8935,0,122007981.16514999,1208.104,0.0,21.0,"[{""usdt"": 24072938.0, ""borsa"": 3, ""fiyat"": 63300.0, ""kaynak"": ""BNB+BYB+OKX""}, {""usdt"": 15194497.0, ""borsa"": 3, ""fiyat"": 63325.0, ""kaynak"": ""BNB+BYB+OKX""}, {""usdt"": 12082724.0, ""borsa"": 1, ""fiyat"": 63225.0, ""kaynak"": ""BNB""}]","[{""usdt"": 82005763.0, ""borsa"": 1, ""fiyat"": 63400.0, ""kaynak"": ""BNB""}, {""usdt"": 13171183.0, ""borsa"": 3, ""fiyat"": 63350.0, ""kaynak"": ""BNB+BYB+OKX""}, {""usdt"": 11884825.0, ""borsa"": 1, ""fiyat"": 63375.0, ""kaynak"": ""BNB""}]",YOK,0.1371,-0.2883,0.8115,0.5788,true,0,false,0.6873,2,0,3,1,1,3,41.2,42.3,IZLE,,25,63350.1,,,,,SEVIYE,50,91.7,10,,,,,,,1785212280,1,0,,33,812.6,33,,,
29231,2026-07-28 04:21:18.541482+00,63281.05,3710534.419149797,776888.4659999999,11681049006.029999,0.000029412000000000002,57270656.05571002,2532.472,13.0,BEKLE,false,2532.472,0.0,1.896,60.266,122229599.42667995,1268.37,13.0,0.0,"[{""usdt"": 23213651.0, ""borsa"": 3, ""fiyat"": 63300.0, ""kaynak"": ""BNB+BYB+OKX""}, {""usdt"": 9335799.0, ""borsa"": 1, ""fiyat"": 63225.0, ""kaynak"": ""BNB""}, {""usdt"": 8625973.0, ""borsa"": 3, ""fiyat"": 63325.0, ""kaynak"": ""BNB+BYB+OKX""}]","[{""usdt"": 80119404.0, ""borsa"": 1, ""fiyat"": 63400.0, ""kaynak"": ""BNB""}, {""usdt"": 11886736.0, ""borsa"": 3, ""fiyat"": 63350.0, ""kaynak"": ""BNB+BYB+OKX""}, {""usdt"": 11119754.0, ""borsa"": 3, ""fiyat"": 63325.0, ""kaynak"": ""BNB+BYB+OKX""}]",YOK,0.108,-0.3619,,,true,0,true,0.4609,1,0,3,0,2,3,37.6,38.7,IZLE,,25,63270.3,,,,,SEVIYE,70,162.8,17,,,,,,,1785212280,1,1,,33,813.6,33,,,
29232,2026-07-28 04:22:18.835843+00,63306.05,3310289.5435980964,695174.59,11677549286.7046,0.000029412000000000002,53876921.82517999,2532.472,18.5,BEKLE,false,2532.472,0.0,1.896,60.559,51754625.22310006,1328.929,18.5,0.0,"[{""usdt"": 13844588.0, ""borsa"": 3, ""fiyat"": 63275.0, ""kaynak"": ""BNB+BYB+OKX""}, {""usdt"": 13599820.0, ""borsa"": 3, ""fiyat"": 63250.0, ""kaynak"": ""BNB+BYB+OKX""}, {""usdt"": 11033559.0, ""borsa"": 1, ""fiyat"": 63200.0, ""kaynak"": ""BNB""}]","[{""usdt"": 13484929.0, ""borsa"": 3, ""fiyat"": 63300.0, ""kaynak"": ""BNB+BYB+OKX""}, {""usdt"": 11651710.0, ""borsa"": 1, ""fiyat"": 63350.0, ""kaynak"": ""BNB""}, {""usdt"": 11616855.0, ""borsa"": 1, ""fiyat"": 63375.0, ""kaynak"": ""BNB""}]",YOK,0.1415,0.0201,,,true,0,true,0.4208,2,0,3,0,0,3,34.4,35.4,IZLE,,25,63270.3,,,,,SEVIYE,70,163.8,17,,,,,,,1785212280,1,2,,33,814.6,33,,,
29233,2026-07-28 04:23:19.053151+00,63300.45,4460049.8075068975,1305480.5089999998,11682554295.3084,0.000029412000000000002,55049774.71098998,2532.472,50.7,BEKLE,true,2532.472,0.0,1.896,120.704,125440125.07604995,1389.074,0.0,50.7,"[{""usdt"": 23331922.0, ""borsa"": 3, ""fiyat"": 63300.0, ""kaynak"": ""BNB+BYB+OKX""}, {""usdt"": 9489051.0, ""borsa"": 3, ""fiyat"": 63275.0, ""kaynak"": ""BNB+BYB+OKX""}, {""usdt"": 8129148.0, ""borsa"": 1, ""fiyat"": 63225.0, ""kaynak"": ""BNB""}]","[{""usdt"": 82865531.0, ""borsa"": 1, ""fiyat"": 63400.0, ""kaynak"": ""BNB""}, {""usdt"": 12949744.0, ""borsa"": 3, ""fiyat"": 63325.0, ""kaynak"": ""BNB+BYB+OKX""}, {""usdt"": 11162498.0, ""borsa"": 1, ""fiyat"": 63375.0, ""kaynak"": ""BNB""}]",YOK,0.1334,-0.39,0.4748,0.4231,true,0,false,1.1096,1,0,3,1,1,3,30.7,31.7,IZLE,,25,63270.3,,,,,SEVIYE,70,164.8,17,,,,,,,1785212280,1,3,,33,815.6,33,,,
29234,2026-07-28 04:24:19.303918+00,63300.05,4532406.863838498,1380952.826,11682743453.612,0.000029412000000000002,53652981.91877999,63.307,42.6,BEKLE,true,63.307,0.0,1.896,180.972,126700379.7577,1449.342,0.0,42.6,"[{""usdt"": 17018058.0, ""borsa"": 3, ""fiyat"": 63300.0, ""kaynak"": ""BNB+BYB+OKX""}, {""usdt"": 12874845.0, ""borsa"": 3, ""fiyat"": 63275.0, ""kaynak"": ""BNB+BYB+OKX""}, {""usdt"": 9682027.0, ""borsa"": 1, ""fiyat"": 63200.0, ""kaynak"": ""BNB""}]","[{""usdt"": 80090605.0, ""borsa"": 1, ""fiyat"": 63400.0, ""kaynak"": ""BNB""}, {""usdt"": 15589881.0, ""borsa"": 3, ""fiyat"": 63325.0, ""kaynak"": ""BNB+BYB+OKX""}, {""usdt"": 12856605.0, ""borsa"": 1, ""fiyat"": 63375.0, ""kaynak"": ""BNB""}]",YOK,0.0924,-0.405,0.2311,1.672,true,0,false,1.0916,0,0,3,0,1,3,26.9,28,IZLE,,25,63270.3,,,,,SEVIYE,70,165.8,17,,,,,,,1785212580,1,0,,33,816.6,33,,,
29235,2026-07-28 04:25:19.498132+00,63305.350000000006,1762718.893138299,507182.21199999994,11682745914.292,0.000029412000000000002,62205719.610010006,63.307,46.5,BEKLE,false,63.307,0.0,1.896,241.229,122281338.33264007,1509.599,46.5,0.0,"[{""usdt"": 24519553.0, ""borsa"": 3, ""fiyat"": 63275.0, ""kaynak"": ""BNB+BYB+OKX""}, {""usdt"": 11541331.0, ""borsa"": 1, ""fiyat"": 63200.0, ""kaynak"": ""BNB""}, {""usdt"": 8711073.0, ""borsa"": 1, ""fiyat"": 63225.0, ""kaynak"": ""BNB""}]","[{""usdt"": 81173273.0, ""borsa"": 1, ""fiyat"": 63400.0, ""kaynak"": ""BNB""}, {""usdt"": 12121458.0, ""borsa"": 3, ""fiyat"": 63325.0, ""kaynak"": ""BNB+BYB+OKX""}, {""usdt"": 11034853.0, ""borsa"": 1, ""fiyat"": 63375.0, ""kaynak"": ""BNB""}]",SPOT,0.1679,-0.3256,0.7211,0.3613,false,,true,0.2223,1,0,3,1,1,3,23.3,24.4,IZLE,,25,63270.3,,,,,SEVIYE,70,166.8,17,,,,,,,1785212580,1,1,,33,817.6,33,,,
29236,2026-07-28 04:26:20.910077+00,63281.55,1577756.9063676991,411737.6869999999,11679613417.3479,0.000029412000000000002,58802310.553410016,63.307,40.2,BEKLE,false,63.307,0.0,1.896,302.494,122810699.63195002,1570.864,40.2,0.0,"[{""usdt"": 20924905.0, ""borsa"": 3, ""fiyat"": 63275.0, ""kaynak"": ""BNB+BYB+OKX""}, {""usdt"": 11678080.0, ""borsa"": 1, ""fiyat"": 63200.0, ""kaynak"": ""BNB""}, {""usdt"": 11220561.0, ""borsa"": 3, ""fiyat"": 63250.0, ""kaynak"": ""BNB+BYB+OKX""}]","[{""usdt"": 80552691.0, ""borsa"": 1, ""fiyat"": 63400.0, ""kaynak"": ""BNB""}, {""usdt"": 11925320.0, ""borsa"": 3, ""fiyat"": 63300.0, ""kaynak"": ""BNB+BYB+OKX""}, {""usdt"": 11037605.0, ""borsa"": 1, ""fiyat"": 63375.0, ""kaynak"": ""BNB""}]",YOK,0.0811,-0.3524,0.7254,0.0116,false,,true,0.1546,0,0,3,0,1,3,20.7,21.8,IZLE,,25,63270.3,,,,,SEVIYE,70,167.8,17,,,,,,,1785212580,1,2,,33,818.7,33,,,
29237,2026-07-28 04:27:21.280442+00,63289.95,1696554.097460499,412457.65799999994,11679667900.664001,0.000029412000000000002,56925932.38273998,63.307,37.0,BEKLE,false,63.307,0.0,1.8977,362.961,55927108.54735001,1631.331,37.0,0.0,"[{""usdt"": 19951352.0, ""borsa"": 3, ""fiyat"": 63275.0, ""kaynak"": ""BNB+BYB+OKX""}, {""usdt"": 12827503.0, ""borsa"": 3, ""fiyat"": 63250.0, ""kaynak"": ""BNB+BYB+OKX""}, {""usdt"": 9706897.0, ""borsa"": 1, ""fiyat"": 63200.0, ""kaynak"": ""BNB""}]","[{""usdt"": 14035495.0, ""borsa"": 3, ""fiyat"": 63300.0, ""kaynak"": ""BNB+BYB+OKX""}, {""usdt"": 13963895.0, ""borsa"": 1, ""fiyat"": 63400.0, ""kaynak"": ""BNB""}, {""usdt"": 11198905.0, ""borsa"": 1, ""fiyat"": 63350.0, ""kaynak"": ""BNB""}]",YOK,0.1032,0.0089,0.7208,0.4903,false,,true,0.1031,0,0,3,1,0,3,17.3,18.4,IZLE,,25,63270.3,,,,,SEVIYE,70,168.8,17,,,,,,,1785212580,1,3,,33,819.7,33,,,
29238,2026-07-28 04:28:21.604464+00,63262.649999999994,1323319.073130099,259258.98600000003,11674542520.083698,0.000029412000000000002,51857225.31545004,0.0,59.7,BEKLE,false,0.0,0.0,1.8977,423.245,87152653.08226012,1691.615,59.7,0.0,"[{""usdt"": 14913424.0, ""borsa"": 3, ""fiyat"": 63250.0, ""kaynak"": ""BNB+BYB+OKX""}, {""usdt"": 10875151.0, ""borsa"": 3, ""fiyat"": 63225.0, ""kaynak"": ""BNB+BYB+OKX""}, {""usdt"": 9387605.0, ""borsa"": 1, ""fiyat"": 63200.0, ""kaynak"": ""BNB""}]","[{""usdt"": 43424793.0, ""borsa"": 1, ""fiyat"": 63300.0, ""kaynak"": ""BNB""}, {""usdt"": 15295116.0, ""borsa"": 3, ""fiyat"": 63275.0, ""kaynak"": ""BNB+BYB+OKX""}, {""usdt"": 9774251.0, ""borsa"": 1, ""fiyat"": 63375.0, ""kaynak"": ""BNB""}]",YOK,0.0425,-0.2539,0.5756,0.4729,false,,true,0.0417,0,0,3,0,1,3,13.8,14.8,IZLE,,25,63270.3,,,,,SEVIYE,70,169.8,17,,,,,,,,,0,,33,820.7,33,,,
29239,2026-07-28 04:29:21.844609+00,63258.75,1369891.3072674996,189891.949,11674156792.8812,0.000029412000000000002,52015304.490219995,0.0,69.8,BEKLE,false,0.0,0.0,1.8977,483.532,81538646.53485015,1751.902,69.8,0.0,"[{""usdt"": 13860037.0, ""borsa"": 3, ""fiyat"": 63250.0, ""kaynak"": ""BNB+BYB+OKX""}, {""usdt"": 12193650.0, ""borsa"": 3, ""fiyat"": 63225.0, ""kaynak"": ""BNB+BYB+OKX""}, {""usdt"": 8256345.0, ""borsa"": 1, ""fiyat"": 63175.0, ""kaynak"": ""BNB""}]","[{""usdt"": 42791842.0, ""borsa"": 1, ""fiyat"": 63300.0, ""kaynak"": ""BNB""}, {""usdt"": 12990079.0, ""borsa"": 3, ""fiyat"": 63275.0, ""kaynak"": ""BNB+BYB+OKX""}, {""usdt"": 9498050.0, ""borsa"": 1, ""fiyat"": 63350.0, ""kaynak"": ""BNB""}]",YOK,0.028,-0.2211,0.5431,0.4882,false,,true,0,0,0,3,0,1,3,10.2,11.3,IZLE,,25,63271.6,,,,,SEVIYE,70,170.8,18,,,,,,,,,0,,34,821.7,34,,,
29240,2026-07-28 04:30:22.167488+00,63240.05,-520783.9481404987,-10462.811000000003,11671373494.3661,0.000029412000000000002,53479611.94533001,0.0,42.0,BEKLE,true,0.0,0.0,1.8977,543.823,80202115.16388014,120.578,42.0,0.0,"[{""usdt"": 22160087.0, ""borsa"": 3, ""fiyat"": 63225.0, ""kaynak"": ""BNB+BYB+OKX""}, {""usdt"": 9233503.0, ""borsa"": 3, ""fiyat"": 63200.0, ""kaynak"": ""BNB+BYB+OKX""}, {""usdt"": 8214145.0, ""borsa"": 1, ""fiyat"": 63150.0, ""kaynak"": ""BNB""}]","[{""usdt"": 42245117.0, ""borsa"": 1, ""fiyat"": 63300.0, ""kaynak"": ""BNB""}, {""usdt"": 12292092.0, ""borsa"": 3, ""fiyat"": 63250.0, ""kaynak"": ""BNB+BYB+OKX""}, {""usdt"": 11288988.0, ""borsa"": 1, ""fiyat"": 63350.0, ""kaynak"": ""BNB""}]",YOK,0.0859,-0.1999,0.6639,1.3067,false,,true,0,0,0,3,0,1,3,6.7,7.7,IZLE,,25,63271.6,,,,,SEVIYE,70,171.9,18,,,,,,,,,0,,34,822.7,34,,,
29241,2026-07-28 04:31:22.599908+00,63235.649999999994,-311636.8518684992,-141375.47699999998,11671319575.1368,0.000029412000000000002,52176216.41118002,0.0,42.1,BEKLE,true,0.0,0.0,1.8977,604.328,83249984.08794007,181.083,42.1,0.0,"[{""usdt"": 15215176.0, ""borsa"": 3, ""fiyat"": 63225.0, ""kaynak"": ""BNB+BYB+OKX""}, {""usdt"": 11311307.0, ""borsa"": 1, ""fiyat"": 63125.0, ""kaynak"": ""BNB""}, {""usdt"": 9446003.0, ""borsa"": 1, ""fiyat"": 63150.0, ""kaynak"": ""BNB""}]","[{""usdt"": 42820161.0, ""borsa"": 1, ""fiyat"": 63300.0, ""kaynak"": ""BNB""}, {""usdt"": 15604577.0, ""borsa"": 3, ""fiyat"": 63250.0, ""kaynak"": ""BNB+BYB+OKX""}, {""usdt"": 10115233.0, ""borsa"": 1, ""fiyat"": 63350.0, ""kaynak"": ""BNB""}]",YOK,0.1194,-0.2295,0.6047,1.0114,false,,true,0,1,0,3,0,1,3,3.3,4.4,IZLE,,25,63271.6,,,,,SEVIYE,70,172.9,18,,,,,,,,,0,,34,823.7,34,,,
29242,2026-07-28 04:32:22.85322+00,63215.45,-471044.7631340003,-83048.823,11668818952.730099,0.000029412000000000002,50654156.30537999,0.0,34.7,BEKLE,,0.0,0.0,1.8986,664.504,84130743.91823989,241.259,34.7,0.0,"[{""usdt"": 14807008.0, ""borsa"": 3, ""fiyat"": 63200.0, ""kaynak"": ""BNB+BYB+OKX""}, {""usdt"": 8127737.0, ""borsa"": 1, ""fiyat"": 63150.0, ""kaynak"": ""BNB""}, {""usdt"": 7211913.0, ""borsa"": 1, ""fiyat"": 63175.0, ""kaynak"": ""BNB""}]","[{""usdt"": 43338334.0, ""borsa"": 1, ""fiyat"": 63300.0, ""kaynak"": ""BNB""}, {""usdt"": 18454294.0, ""borsa"": 3, ""fiyat"": 63250.0, ""kaynak"": ""BNB+BYB+OKX""}, {""usdt"": 9052748.0, ""borsa"": 1, ""fiyat"": 63325.0, ""kaynak"": ""BNB""}]",YOK,0.1194,-0.2484,0.662,1.5665,false,,true,0,1,0,3,0,1,3,63.5,62,IZLE,,25,63175.2,,,,,SEVIYE,90,193.9,20,,,,,,,,,0,,34,824.7,34,,,
29243,2026-07-28 04:33:23.108394+00,63212.55,-532815.7899305007,-88101.62999999995,11668194303.5374,0.000029412000000000002,52867776.05476999,0.0,32.6,BEKLE,true,0.0,0.0,1.8986,724.805,85757479.11650991,301.56,32.6,0.0,"[{""usdt"": 23516329.0, ""borsa"": 3, ""fiyat"": 63200.0, ""kaynak"": ""BNB+BYB+OKX""}, {""usdt"": 8127737.0, ""borsa"": 1, ""fiyat"": 63150.0, ""kaynak"": ""BNB""}, {""usdt"": 7427569.0, ""borsa"": 2, ""fiyat"": 63175.0, ""kaynak"": ""BNB+BYB""}]","[{""usdt"": 43338334.0, ""borsa"": 1, ""fiyat"": 63300.0, ""kaynak"": ""BNB""}, {""usdt"": 13577673.0, ""borsa"": 3, ""fiyat"": 63225.0, ""kaynak"": ""BNB+BYB+OKX""}, {""usdt"": 9116964.0, ""borsa"": 2, ""fiyat"": 63250.0, ""kaynak"": ""BNB+BYB""}]",YOK,0.0027,-0.2373,0.7052,1.3111,false,,false,,0,0,3,0,1,3,60,61,IZLE,,25,63175.2,,,,,SEVIYE,90,194.9,20,,,,,,,,,0,,34,825.7,34,,,
29244,2026-07-28 04:34:23.444107+00,63214.149999999994,-595154.3517691008,-89379.84899999997,11667486342.6778,0.000029412000000000002,55870385.66538996,0.0,30.4,BEKLE,true,0.0,0.0,1.8986,785.132,86392405.04655997,361.887,30.4,0.0,"[{""usdt"": 21747079.0, ""borsa"": 3, ""fiyat"": 63200.0, ""kaynak"": ""BNB+BYB+OKX""}, {""usdt"": 9932286.0, ""borsa"": 1, ""fiyat"": 63100.0, ""kaynak"": ""BNB""}, {""usdt"": 8521177.0, ""borsa"": 2, ""fiyat"": 63175.0, ""kaynak"": ""BNB+BYB""}]","[{""usdt"": 44558936.0, ""borsa"": 1, ""fiyat"": 63300.0, ""kaynak"": ""BNB""}, {""usdt"": 14876845.0, ""borsa"": 3, ""fiyat"": 63225.0, ""kaynak"": ""BNB+BYB+OKX""}, {""usdt"": 8856573.0, ""borsa"": 1, ""fiyat"": 63275.0, ""kaynak"": ""BNB""}]",YOK,0.031,-0.2145,0.7591,1.1867,false,,false,,0,0,3,0,2,3,56.4,57.5,IZLE,,25,63175.2,,,,,SEVIYE,90,195.9,20,,,,,,,,,0,,34,826.7,34,,,
29245,2026-07-28 04:35:24.008484+00,63212.55,-595154.3517691008,-89379.84899999997,11667486342.6778,0.000029412000000000002,55196491.84130998,0.0,18.5,BEKLE,true,0.0,0.0,1.8986,845.619,85201266.60096002,422.374,18.5,0.0,"[{""usdt"": 21759085.0, ""borsa"": 3, ""fiyat"": 63200.0, ""kaynak"": ""BNB+BYB+OKX""}, {""usdt"": 9380981.0, ""borsa"": 1, ""fiyat"": 63150.0, ""kaynak"": ""BNB""}, {""usdt"": 8562849.0, ""borsa"": 3, ""fiyat"": 63175.0, ""kaynak"": ""BNB+BYB+OKX""}]","[{""usdt"": 44390677.0, ""borsa"": 1, ""fiyat"": 63300.0, ""kaynak"": ""BNB""}, {""usdt"": 15240649.0, ""borsa"": 3, ""fiyat"": 63225.0, ""kaynak"": ""BNB+BYB+OKX""}, {""usdt"": 8447437.0, ""borsa"": 1, ""fiyat"": 63275.0, ""kaynak"": ""BNB""}]",YOK,0.0277,-0.2137,,,false,,true,0,0,0,3,0,1,3,52.9,54.1,IZLE,,25,63175.2,,,,,SEVIYE,90,196.9,20,,,,,,,,,0,,34,827.7,34,,,
29246,2026-07-28 04:36:24.441997+00,63212.55,-761910.4222129005,-15087.741,11667327679.5004,0.000029412000000000002,51470931.02668,0.0,21.4,BEKLE,false,0.0,0.0,1.8944,905.954,85919785.30074006,482.709,0.0,21.4,"[{""usdt"": 17762368.0, ""borsa"": 3, ""fiyat"": 63200.0, ""kaynak"": ""BNB+BYB+OKX""}, {""usdt"": 9556309.0, ""borsa"": 1, ""fiyat"": 63150.0, ""kaynak"": ""BNB""}, {""usdt"": 8488612.0, ""borsa"": 1, ""fiyat"": 63100.0, ""kaynak"": ""BNB""}]","[{""usdt"": 45650141.0, ""borsa"": 1, ""fiyat"": 63300.0, ""kaynak"": ""BNB""}, {""usdt"": 13674056.0, ""borsa"": 3, ""fiyat"": 63225.0, ""kaynak"": ""BNB+BYB+OKX""}, {""usdt"": 8787174.0, ""borsa"": 1, ""fiyat"": 63275.0, ""kaynak"": ""BNB""}]",YOK,0.0585,-0.2507,0.6149,2.1735,false,,true,0,0,0,3,0,1,3,49.4,50.5,IZLE,,25,63175.2,,,,,SEVIYE,90,197.9,20,,,,,,,,,0,,34,828.7,34,,,
29247,2026-07-28 04:37:24.741254+00,63209.75,-737611.2090942004,82455.41300000002,11668026501.8112,0.000029412000000000002,48027057.11999004,0.0,23.2,BEKLE,false,0.0,0.0,1.8944,966.477,91113794.23673998,543.232,0.0,23.2,"[{""usdt"": 11722933.0, ""borsa"": 3, ""fiyat"": 63175.0, ""kaynak"": ""BNB+BYB+OKX""}, {""usdt"": 10541628.0, ""borsa"": 1, ""fiyat"": 63150.0, ""kaynak"": ""BNB""}, {""usdt"": 9259049.0, ""borsa"": 1, ""fiyat"": 63100.0, ""kaynak"": ""BNB""}]","[{""usdt"": 47809358.0, ""borsa"": 1, ""fiyat"": 63300.0, ""kaynak"": ""BNB""}, {""usdt"": 11819277.0, ""borsa"": 3, ""fiyat"": 63225.0, ""kaynak"": ""BNB+BYB+OKX""}, {""usdt"": 11157665.0, ""borsa"": 3, ""fiyat"": 63200.0, ""kaynak"": ""BNB+BYB+OKX""}]",YOK,0.0431,-0.3097,,,false,,true,0,0,0,3,0,3,3,46.1,47.2,IZLE,,25,63175.2,,,,,SEVIYE,90,198.9,20,,,,,,,,,0,,34,829.7,34,,,
29248,2026-07-28 04:38:25.095821+00,63210.45,-873983.5938655006,-638513.86,11668275220.443201,0.000029412000000000002,54683718.13564001,0.0,50.8,BEKLE,true,0.0,0.0,1.8944,482.839,88234292.97791994,603.417,50.8,0.0,"[{""usdt"": 15876811.0, ""borsa"": 3, ""fiyat"": 63200.0, ""kaynak"": ""BNB+BYB+OKX""}, {""usdt"": 9818146.0, ""borsa"": 3, ""fiyat"": 63175.0, ""kaynak"": ""BNB+BYB+OKX""}, {""usdt"": 9567828.0, ""borsa"": 1, ""fiyat"": 63150.0, ""kaynak"": ""BNB""}]","[{""usdt"": 47125621.0, ""borsa"": 1, ""fiyat"": 63300.0, ""kaynak"": ""BNB""}, {""usdt"": 15378114.0, ""borsa"": 3, ""fiyat"": 63225.0, ""kaynak"": ""BNB+BYB+OKX""}, {""usdt"": 9193921.0, ""borsa"": 1, ""fiyat"": 63275.0, ""kaynak"": ""BNB""}]",YOK,0.0469,-0.2348,0.2172,0.0922,false,,true,0,0,0,3,0,1,3,42.4,43.5,IZLE,,25,63175.2,,,,,SEVIYE,90,199.9,20,,,,,,,,,0,,34,830.7,34,,,
29249,2026-07-28 04:39:25.361258+00,63214.55,-1015427.3969831009,-507359.24700000003,11668311208.213501,0.000029412000000000002,52352620.94093998,0.0,46.3,BEKLE,true,0.0,0.0,1.8944,543.229,84289691.16244994,663.807,46.3,0.0,"[{""usdt"": 13603387.0, ""borsa"": 3, ""fiyat"": 63175.0, ""kaynak"": ""BNB+BYB+OKX""}, {""usdt"": 12865262.0, ""borsa"": 1, ""fiyat"": 63100.0, ""kaynak"": ""BNB""}, {""usdt"": 9785979.0, ""borsa"": 1, ""fiyat"": 63125.0, ""kaynak"": ""BNB""}]","[{""usdt"": 44722942.0, ""borsa"": 1, ""fiyat"": 63300.0, ""kaynak"": ""BNB""}, {""usdt"": 13497854.0, ""borsa"": 3, ""fiyat"": 63225.0, ""kaynak"": ""BNB+BYB+OKX""}, {""usdt"": 8638555.0, ""borsa"": 1, ""fiyat"": 63275.0, ""kaynak"": ""BNB""}]",YOK,-0.0035,-0.2337,0.2999,0.0203,false,,false,,0,0,3,0,2,3,38.9,40,IZLE,,25,63185.9,,,,,SEVIYE,85,200.9,21,,,,,,,,,0,,33,351.1,33,,,
29250,2026-07-28 04:40:25.601012+00,63199.55,-1166931.9226978011,-555463.058,11668864276.0502,0.000029412000000000002,52100985.969769984,0.0,46.1,BEKLE,true,0.0,0.0,1.8944,603.516,87280590.49609995,724.094,46.1,0.0,"[{""usdt"": 14520356.0, ""borsa"": 3, ""fiyat"": 63200.0, ""kaynak"": ""BNB+BYB+OKX""}, {""usdt"": 10140478.0, ""borsa"": 3, ""fiyat"": 63175.0, ""kaynak"": ""BNB+BYB+OKX""}, {""usdt"": 9403228.0, ""borsa"": 1, ""fiyat"": 63150.0, ""kaynak"": ""BNB""}]","[{""usdt"": 46827029.0, ""borsa"": 1, ""fiyat"": 63300.0, ""kaynak"": ""BNB""}, {""usdt"": 14622632.0, ""borsa"": 3, ""fiyat"": 63225.0, ""kaynak"": ""BNB+BYB+OKX""}, {""usdt"": 8812255.0, ""borsa"": 1, ""fiyat"": 63275.0, ""kaynak"": ""BNB""}]",YOK,0.0638,-0.2524,0.3432,0.5553,false,,true,0,0,0,3,0,1,3,34.9,36,IZLE,,25,63185.9,,,,,SEVIYE,85,201.9,21,,,,,,,,,0,,33,352.1,33,,,
29251,2026-07-28 04:41:25.824606+00,63216.05,-907635.6308787032,-241707.127,11666641548.9216,0.000029412000000000002,53584498.55135995,0.0,32.2,BEKLE,true,0.0,0.0,1.8944,663.693,84249008.11068997,784.271,32.2,0.0,"[{""usdt"": 14285060.0, ""borsa"": 3, ""fiyat"": 63175.0, ""kaynak"": ""BNB+BYB+OKX""}, {""usdt"": 10289546.0, ""borsa"": 1, ""fiyat"": 63100.0, ""kaynak"": ""BNB""}, {""usdt"": 10173381.0, ""borsa"": 1, ""fiyat"": 63150.0, ""kaynak"": ""BNB""}]","[{""usdt"": 46665872.0, ""borsa"": 1, ""fiyat"": 63300.0, ""kaynak"": ""BNB""}, {""usdt"": 13536678.0, ""borsa"": 3, ""fiyat"": 63225.0, ""kaynak"": ""BNB+BYB+OKX""}, {""usdt"": 10216886.0, ""borsa"": 1, ""fiyat"": 63250.0, ""kaynak"": ""BNB""}]",YOK,0.055,-0.2225,,,false,,false,,0,0,3,1,1,3,31.2,32.3,IZLE,,25,63185.9,,,,,SEVIYE,85,202.9,21,,,,,,,,,0,,33,353.1,33,,,
29252,2026-07-28 04:42:26.359087+00,63219.55,-976799.8123197032,-242741.73799999998,11669798495.2638,0.000029412000000000002,54856737.60832995,0.0,45.1,BEKLE,true,0.0,0.0,1.8653,723.959,85883231.07842003,844.537,45.1,0.0,"[{""usdt"": 17594280.0, ""borsa"": 3, ""fiyat"": 63200.0, ""kaynak"": ""BNB+BYB+OKX""}, {""usdt"": 9755149.0, ""borsa"": 1, ""fiyat"": 63125.0, ""kaynak"": ""BNB""}, {""usdt"": 9220401.0, ""borsa"": 1, ""fiyat"": 63100.0, ""kaynak"": ""BNB""}]","[{""usdt"": 45465535.0, ""borsa"": 1, ""fiyat"": 63300.0, ""kaynak"": ""BNB""}, {""usdt"": 12945587.0, ""borsa"": 3, ""fiyat"": 63225.0, ""kaynak"": ""BNB+BYB+OKX""}, {""usdt"": 11191366.0, ""borsa"": 1, ""fiyat"": 63275.0, ""kaynak"": ""BNB""}]",YOK,0.0533,-0.2205,0.2386,0.6956,false,,false,,0,0,3,1,1,3,27.6,28.7,IZLE,,25,63185.9,,,,,SEVIYE,85,203.9,21,,,,,,,,,0,,33,354.1,33,,,
29253,2026-07-28 04:43:26.648564+00,63219.649999999994,-1046206.8844748031,-230317.302,11670793984.2429,0.000029412000000000002,51002560.75420997,0.0,45.1,BEKLE,false,0.0,0.0,1.8653,784.56,87709439.86084005,905.138,0.0,45.1,"[{""usdt"": 15596766.0, ""borsa"": 3, ""fiyat"": 63200.0, ""kaynak"": ""BNB+BYB+OKX""}, {""usdt"": 11176632.0, ""borsa"": 1, ""fiyat"": 63150.0, ""kaynak"": ""BNB""}, {""usdt"": 8760020.0, ""borsa"": 1, ""fiyat"": 63125.0, ""kaynak"": ""BNB""}]","[{""usdt"": 43168356.0, ""borsa"": 1, ""fiyat"": 63300.0, ""kaynak"": ""BNB""}, {""usdt"": 12075026.0, ""borsa"": 3, ""fiyat"": 63250.0, ""kaynak"": ""BNB+BYB+OKX""}, {""usdt"": 11772229.0, ""borsa"": 3, ""fiyat"": 63225.0, ""kaynak"": ""BNB+BYB+OKX""}]",YOK,0.0505,-0.2646,0.1523,0.5791,false,,false,,0,0,3,0,2,3,24,25.1,IZLE,,25,63185.9,,,,,SEVIYE,85,204.9,21,,,,,,,,,0,,33,355.1,33,,,
29254,2026-07-28 04:44:26.889691+00,63242.149999999994,-1076103.2538503036,-226384.28100000002,11670620162.2809,0.000029412000000000002,47245991.370109975,0.0,30.4,BEKLE,false,0.0,0.0,1.8653,844.749,89903283.80969004,965.327,0.0,30.4,"[{""usdt"": 11108363.0, ""borsa"": 3, ""fiyat"": 63200.0, ""kaynak"": ""BNB+BYB+OKX""}, {""usdt"": 10994375.0, ""borsa"": 1, ""fiyat"": 63150.0, ""kaynak"": ""BNB""}, {""usdt"": 8956687.0, ""borsa"": 3, ""fiyat"": 63225.0, ""kaynak"": ""BNB+BYB+OKX""}]","[{""usdt"": 45740516.0, ""borsa"": 1, ""fiyat"": 63300.0, ""kaynak"": ""BNB""}, {""usdt"": 14974290.0, ""borsa"": 3, ""fiyat"": 63250.0, ""kaynak"": ""BNB+BYB+OKX""}, {""usdt"": 9451191.0, ""borsa"": 1, ""fiyat"": 63325.0, ""kaynak"": ""BNB""}]",YOK,-0.0082,-0.311,0.0842,2.7266,false,,false,,0,1,3,0,2,3,20.3,21.4,IZLE,,25,63263.5,,,,,SEVIYE,70,185.9,19,,,,,,,,,0,,33,356.1,33,,,
29255,2026-07-28 04:45:27.128102+00,63257.45,-649749.6961485039,-185354.49,11673969525.9715,0.000029412000000000002,46627043.36097,0.0,33.3,BEKLE,false,0.0,0.0,1.8653,482.34,83749080.86746003,1025.572,0.0,33.3,"[{""usdt"": 13903032.0, ""borsa"": 3, ""fiyat"": 63225.0, ""kaynak"": ""BNB+BYB+OKX""}, {""usdt"": 8766966.0, ""borsa"": 1, ""fiyat"": 63175.0, ""kaynak"": ""BNB""}, {""usdt"": 8381181.0, ""borsa"": 1, ""fiyat"": 63150.0, ""kaynak"": ""BNB""}]","[{""usdt"": 41764582.0, ""borsa"": 1, ""fiyat"": 63300.0, ""kaynak"": ""BNB""}, {""usdt"": 12769707.0, ""borsa"": 3, ""fiyat"": 63275.0, ""kaynak"": ""BNB+BYB+OKX""}, {""usdt"": 9959685.0, ""borsa"": 1, ""fiyat"": 63350.0, ""kaynak"": ""BNB""}]",YOK,0.0529,-0.2847,0.3731,2.9732,false,,true,0,0,0,3,0,1,3,16.7,17.8,IZLE,,25,63263.5,,,,,SEVIYE,70,186.9,19,,,,,,,,,0,,33,357.1,33,,,
29256,2026-07-28 04:46:27.496979+00,63279.95,-354314.6770707021,119884.179,11673345866.246101,0.000029412000000000002,55862883.67616999,0.0,28.8,BEKLE,false,0.0,0.0,1.8653,60.307,82495365.99216,1085.879,0.0,28.8,"[{""usdt"": 21968191.0, ""borsa"": 3, ""fiyat"": 63250.0, ""kaynak"": ""BNB+BYB+OKX""}, {""usdt"": 9056509.0, ""borsa"": 1, ""fiyat"": 63200.0, ""kaynak"": ""BNB""}, {""usdt"": 7490604.0, ""borsa"": 1, ""fiyat"": 63150.0, ""kaynak"": ""BNB""}]","[{""usdt"": 43541658.0, ""borsa"": 2, ""fiyat"": 63300.0, ""kaynak"": ""BNB+BYB""}, {""usdt"": 10651417.0, ""borsa"": 3, ""fiyat"": 63275.0, ""kaynak"": ""BNB+BYB+OKX""}, {""usdt"": 10005290.0, ""borsa"": 1, ""fiyat"": 63375.0, ""kaynak"": ""BNB""}]",YOK,0.0874,-0.1925,0.3946,3.2427,false,,true,0.1932,0,0,3,2,1,3,13.1,14.2,IZLE,,25,63263.5,,,,,SEVIYE,70,188.0,19,,,,,,,,,0,,33,358.2,33,,,
29257,2026-07-28 04:47:28.441302+00,63277.55,-143437.8470974025,201774.145,11677044518.596,0.000029412000000000002,57690786.77230994,0.0,32.4,BEKLE,false,0.0,0.0,1.8645,61.016,85183220.85260996,1146.895,0.0,32.4,"[{""usdt"": 21837943.0, ""borsa"": 3, ""fiyat"": 63250.0, ""kaynak"": ""BNB+BYB+OKX""}, {""usdt"": 8686450.0, ""borsa"": 3, ""fiyat"": 63275.0, ""kaynak"": ""BNB+BYB+OKX""}, {""usdt"": 7999843.0, ""borsa"": 1, ""fiyat"": 63175.0, ""kaynak"": ""BNB""}]","[{""usdt"": 49342014.0, ""borsa"": 3, ""fiyat"": 63300.0, ""kaynak"": ""BNB+BYB+OKX""}, {""usdt"": 10974889.0, ""borsa"": 1, ""fiyat"": 63375.0, ""kaynak"": ""BNB""}, {""usdt"": 8830498.0, ""borsa"": 1, ""fiyat"": 63350.0, ""kaynak"": ""BNB""}]",YOK,0.0289,-0.1924,0.444,2.1987,false,,true,0.3567,0,0,3,1,1,3,10.3,11.3,IZLE,,25,63263.5,,,,,SEVIYE,70,189.0,19,,,,,,,,,0,,33,359.2,33,,,
29258,2026-07-28 04:48:28.839164+00,63254.95,-255877.8564026017,162362.58299999998,11676004634.237598,0.000029412000000000002,55904838.29763997,0.0,31.6,BEKLE,false,0.0,0.0,1.8645,121.237,79147038.08798997,1207.116,0.0,31.6,"[{""usdt"": 16695912.0, ""borsa"": 3, ""fiyat"": 63225.0, ""kaynak"": ""BNB+BYB+OKX""}, {""usdt"": 15117524.0, ""borsa"": 3, ""fiyat"": 63250.0, ""kaynak"": ""BNB+BYB+OKX""}, {""usdt"": 7554243.0, ""borsa"": 1, ""fiyat"": 63175.0, ""kaynak"": ""BNB""}]","[{""usdt"": 40695492.0, ""borsa"": 1, ""fiyat"": 63300.0, ""kaynak"": ""BNB""}, {""usdt"": 13905749.0, ""borsa"": 3, ""fiyat"": 63275.0, ""kaynak"": ""BNB+BYB+OKX""}, {""usdt"": 7640770.0, ""borsa"": 1, ""fiyat"": 63350.0, ""kaynak"": ""BNB""}]",YOK,0.0584,-0.1721,0.4616,1.4669,false,,false,0.6695,0,0,3,1,1,3,6.7,7.7,IZLE,,25,63263.5,,,,,SEVIYE,70,190.0,19,,,,,,,,,0,,33,360.2,33,,,
29259,2026-07-28 04:49:29.095019+00,63258.45,-444003.7338832015,129055.74800000002,11673103449.920101,0.000029412000000000002,57253313.44213002,0.0,32.1,BEKLE,false,0.0,0.0,1.8645,181.707,80173358.36492005,1267.586,0.0,32.1,"[{""usdt"": 18272939.0, ""borsa"": 3, ""fiyat"": 63250.0, ""kaynak"": ""BNB+BYB+OKX""}, {""usdt"": 11475918.0, ""borsa"": 3, ""fiyat"": 63225.0, ""kaynak"": ""BNB+BYB+OKX""}, {""usdt"": 9733974.0, ""borsa"": 1, ""fiyat"": 63175.0, ""kaynak"": ""BNB""}]","[{""usdt"": 41556510.0, ""borsa"": 1, ""fiyat"": 63300.0, ""kaynak"": ""BNB""}, {""usdt"": 13122859.0, ""borsa"": 3, ""fiyat"": 63275.0, ""kaynak"": ""BNB+BYB+OKX""}, {""usdt"": 8338554.0, ""borsa"": 1, ""fiyat"": 63350.0, ""kaynak"": ""BNB""}]",YOK,0.0764,-0.1668,0.4265,0.7779,false,,true,0.1489,0,0,3,2,1,3,3.3,4.4,IZLE,,25,63266.4,,,,,SEVIYE,70,191.0,20,,,,,,,,,0,,34,361.2,34,,,
29260,2026-07-28 04:50:29.388568+00,63261.45,-617945.315643203,119655.14800000002,11673141584.182299,0.000029412000000000002,55099641.78023001,0.0,22.8,BEKLE,false,0.0,0.0,1.8678,241.882,80512333.38612,1327.761,0.0,22.8,"[{""usdt"": 17202275.0, ""borsa"": 3, ""fiyat"": 63250.0, ""kaynak"": ""BNB+BYB+OKX""}, {""usdt"": 12309291.0, ""borsa"": 3, ""fiyat"": 63225.0, ""kaynak"": ""BNB+BYB+OKX""}, {""usdt"": 9706359.0, ""borsa"": 1, ""fiyat"": 63175.0, ""kaynak"": ""BNB""}]","[{""usdt"": 41911696.0, ""borsa"": 1, ""fiyat"": 63300.0, ""kaynak"": ""BNB""}, {""usdt"": 12827936.0, ""borsa"": 3, ""fiyat"": 63275.0, ""kaynak"": ""BNB+BYB+OKX""}, {""usdt"": 8205411.0, ""borsa"": 1, ""fiyat"": 63350.0, ""kaynak"": ""BNB""}]",YOK,0.0764,-0.1874,0.0418,0.3716,false,,true,0.0994,0,0,3,2,1,3,63.5,62,IZLE,,25,63266.4,,,,,SEVIYE,70,192.0,20,,,,,,,,,0,,34,362.2,34,,,
29261,2026-07-28 04:51:29.671126+00,63267.350000000006,-106035.55256550183,77266.65600000002,11675181735.5686,0.000029412000000000002,50680726.31093002,0.0,11.3,BEKLE,true,0.0,0.0,1.8678,302.244,79884974.90941001,1388.123,11.3,0.0,"[{""usdt"": 15388256.0, ""borsa"": 3, ""fiyat"": 63250.0, ""kaynak"": ""BNB+BYB+OKX""}, {""usdt"": 9706359.0, ""borsa"": 1, ""fiyat"": 63175.0, ""kaynak"": ""BNB""}, {""usdt"": 9158271.0, ""borsa"": 1, ""fiyat"": 63150.0, ""kaynak"": ""BNB""}]","[{""usdt"": 42325482.0, ""borsa"": 2, ""fiyat"": 63300.0, ""kaynak"": ""BNB+BYB""}, {""usdt"": 13590385.0, ""borsa"": 3, ""fiyat"": 63275.0, ""kaynak"": ""BNB+BYB+OKX""}, {""usdt"": 8205411.0, ""borsa"": 1, ""fiyat"": 63350.0, ""kaynak"": ""BNB""}]",YOK,0.0675,-0.2237,,,false,,true,0.262,0,0,3,2,1,3,60,61,IZLE,,25,63266.4,,,,,SEVIYE,70,193.0,20,,,,,,,,,0,,34,363.2,34,,,
29262,2026-07-28 04:52:29.898387+00,63296.75,-305943.62902790227,88383.697,11675846584.2848,0.000029412000000000002,55047492.34479,0.0,26.3,BEKLE,true,0.0,0.0,1.8678,362.507,52735426.64751993,241.27,26.3,0.0,"[{""usdt"": 18399048.0, ""borsa"": 3, ""fiyat"": 63250.0, ""kaynak"": ""BNB+BYB+OKX""}, {""usdt"": 10244006.0, ""borsa"": 1, ""fiyat"": 63175.0, ""kaynak"": ""BNB""}, {""usdt"": 7671981.0, ""borsa"": 1, ""fiyat"": 63200.0, ""kaynak"": ""BNB""}]","[{""usdt"": 11317855.0, ""borsa"": 1, ""fiyat"": 63350.0, ""kaynak"": ""BNB""}, {""usdt"": 10583099.0, ""borsa"": 1, ""fiyat"": 63375.0, ""kaynak"": ""BNB""}, {""usdt"": 9880280.0, ""borsa"": 3, ""fiyat"": 63275.0, ""kaynak"": ""BNB+BYB+OKX""}]",YOK,0.0889,0.0215,,,false,,false,1.0279,1,0,3,1,0,3,56.4,57.5,IZLE,,25,63266.4,,,,,SEVIYE,70,194.0,20,,,,,,,,,0,,34,364.2,34,,,
29263,2026-07-28 04:53:31.130178+00,63298.95,-264786.5116020033,83690.84300000001,11679347421.2696,0.000029412000000000002,106327823.21679,0.0,21.6,BEKLE,true,0.0,0.0,1.8678,362.036,53893246.935939975,241.345,21.6,0.0,"[{""usdt"": 76599153.0, ""borsa"": 3, ""fiyat"": 63275.0, ""kaynak"": ""BNB+BYB+OKX""}, {""usdt"": 8556015.0, ""borsa"": 1, ""fiyat"": 63200.0, ""kaynak"": ""BNB""}, {""usdt"": 6709359.0, ""borsa"": 1, ""fiyat"": 63225.0, ""kaynak"": ""BNB""}]","[{""usdt"": 13556686.0, ""borsa"": 1, ""fiyat"": 63375.0, ""kaynak"": ""BNB""}, {""usdt"": 11488776.0, ""borsa"": 3, ""fiyat"": 63300.0, ""kaynak"": ""BNB+BYB+OKX""}, {""usdt"": 10325882.0, ""borsa"": 1, ""fiyat"": 63350.0, ""kaynak"": ""BNB""}]",PERP,0.0731,0.3273,,,false,,true,0.4472,0,0,3,2,0,3,53.1,54.1,IZLE,,25,63266.4,,,,,SEVIYE,70,195.1,20,,,,,,,,,0,,34,365.3,34,,,
29264,2026-07-28 04:54:34.644422+00,63306.05,-103269.32164180104,-344.9619999999895,11681510247.7607,0.000029412000000000002,114866541.74552995,0.0,26.5,BEKLE,true,0.0,0.0,1.8678,425.964,51602370.70046997,305.273,26.5,0.0,"[{""usdt"": 79300909.0, ""borsa"": 3, ""fiyat"": 63275.0, ""kaynak"": ""BNB+BYB+OKX""}, {""usdt"": 11555613.0, ""borsa"": 3, ""fiyat"": 63300.0, ""kaynak"": ""BNB+BYB+OKX""}, {""usdt"": 7803597.0, ""borsa"": 1, ""fiyat"": 63200.0, ""kaynak"": ""BNB""}]","[{""usdt"": 12829689.0, ""borsa"": 3, ""fiyat"": 63325.0, ""kaynak"": ""BNB+BYB+OKX""}, {""usdt"": 11258474.0, ""borsa"": 1, ""fiyat"": 63350.0, ""kaynak"": ""BNB""}, {""usdt"": 10688336.0, ""borsa"": 1, ""fiyat"": 63375.0, ""kaynak"": ""BNB""}]",PERP,0.1187,0.38,,,false,,false,0.5107,1,0,3,2,0,3,53.1,54.2,IZLE,,25,63266.4,,,,,SEVIYE,70,196.1,20,,,,,,,,,0,,34,366.3,34,,,
29265,2026-07-28 04:55:35.075818+00,63327.75,25949.713179799262,5408.47300000001,11683107917.9122,0.000029412000000000002,108881242.42818995,0.0,26.5,BEKLE,true,0.0,0.0,1.8678,486.667,55005361.83036995,365.976,26.5,0.0,"[{""usdt"": 67205810.0, ""borsa"": 3, ""fiyat"": 63275.0, ""kaynak"": ""BNB+BYB+OKX""}, {""usdt"": 22799956.0, ""borsa"": 3, ""fiyat"": 63300.0, ""kaynak"": ""BNB+BYB+OKX""}, {""usdt"": 8175680.0, ""borsa"": 1, ""fiyat"": 63225.0, ""kaynak"": ""BNB""}]","[{""usdt"": 16477641.0, ""borsa"": 3, ""fiyat"": 63325.0, ""kaynak"": ""BNB+BYB+OKX""}, {""usdt"": 14564802.0, ""borsa"": 1, ""fiyat"": 63375.0, ""kaynak"": ""BNB""}, {""usdt"": 8919904.0, ""borsa"": 1, ""fiyat"": 63400.0, ""kaynak"": ""BNB""}]",HER_IKISI,0.1593,0.3287,0.7021,5.1118,false,,false,0.885,2,0,3,2,0,3,50,51.1,IZLE,,25,63350.1,,,,,SEVIYE,50,127.0,13,,,,,,,,,0,,34,367.3,34,,,
29266,2026-07-28 04:56:35.429896+00,63319.850000000006,-244017.8559481001,-42166.263,11685617907.619598,0.000029412000000000002,105466457.80497015,0.0,35.0,BEKLE,true,0.0,0.0,1.8678,245.468,52426518.16305,426.268,35.0,0.0,"[{""usdt"": 65137024.0, ""borsa"": 1, ""fiyat"": 63275.0, ""kaynak"": ""BNB""}, {""usdt"": 15655656.0, ""borsa"": 3, ""fiyat"": 63300.0, ""kaynak"": ""BNB+BYB+OKX""}, {""usdt"": 8966514.0, ""borsa"": 3, ""fiyat"": 63325.0, ""kaynak"": ""BNB+BYB+OKX""}]","[{""usdt"": 13396858.0, ""borsa"": 3, ""fiyat"": 63350.0, ""kaynak"": ""BNB+BYB+OKX""}, {""usdt"": 11122475.0, ""borsa"": 1, ""fiyat"": 63425.0, ""kaynak"": ""BNB""}, {""usdt"": 10610062.0, ""borsa"": 1, ""fiyat"": 63375.0, ""kaynak"": ""BNB""}]",HER_IKISI,0.1565,0.3359,,,false,,false,,2,0,3,2,0,3,46.5,47.6,IZLE,,25,63350.1,,,,,SEVIYE,50,128.0,13,,,,,,,,,0,,34,368.3,34,,,
29267,2026-07-28 04:57:35.686546+00,63316.149999999994,344559.9004209001,-24172.146999999994,11685093933.717098,0.000029412000000000002,104065599.5935301,0.0,23.5,BEKLE,true,0.0,0.0,1.8719,305.728,55305477.90637006,486.528,23.5,0.0,"[{""usdt"": 64834030.0, ""borsa"": 1, ""fiyat"": 63275.0, ""kaynak"": ""BNB""}, {""usdt"": 19123851.0, ""borsa"": 3, ""fiyat"": 63300.0, ""kaynak"": ""BNB+BYB+OKX""}, {""usdt"": 7287393.0, ""borsa"": 1, ""fiyat"": 63250.0, ""kaynak"": ""BNB""}]","[{""usdt"": 13415501.0, ""borsa"": 3, ""fiyat"": 63325.0, ""kaynak"": ""BNB+BYB+OKX""}, {""usdt"": 10577537.0, ""borsa"": 3, ""fiyat"": 63350.0, ""kaynak"": ""BNB+BYB+OKX""}, {""usdt"": 10475821.0, ""borsa"": 1, ""fiyat"": 63425.0, ""kaynak"": ""BNB""}]",PERP,0.0879,0.306,0.7073,1.4908,false,,false,,0,0,3,2,0,3,42.6,43.6,IZLE,,25,63350.1,,,,,SEVIYE,50,129.0,13,,,,,,,,,0,,34,369.3,34,,,
29268,2026-07-28 04:58:35.920724+00,63319.95,353780.9321660014,-28828.638,11685466905.7589,0.000029412000000000002,109818407.58578986,0.0,24.6,BEKLE,true,0.0,0.0,1.8719,366.017,53794020.24205002,546.817,24.6,0.0,"[{""usdt"": 65949092.0, ""borsa"": 2, ""fiyat"": 63275.0, ""kaynak"": ""BNB+BYB""}, {""usdt"": 19053667.0, ""borsa"": 3, ""fiyat"": 63300.0, ""kaynak"": ""BNB+BYB+OKX""}, {""usdt"": 7600591.0, ""borsa"": 1, ""fiyat"": 63225.0, ""kaynak"": ""BNB""}]","[{""usdt"": 11083464.0, ""borsa"": 1, ""fiyat"": 63375.0, ""kaynak"": ""BNB""}, {""usdt"": 11062978.0, ""borsa"": 3, ""fiyat"": 63325.0, ""kaynak"": ""BNB+BYB+OKX""}, {""usdt"": 10529793.0, ""borsa"": 1, ""fiyat"": 63425.0, ""kaynak"": ""BNB""}]",HER_IKISI,0.1545,0.3424,0.6968,1.6719,false,,false,,2,0,3,3,0,3,38.9,40,IZLE,,25,63350.1,,,,,SEVIYE,50,130.0,13,,,,,,,,,0,,34,370.3,34,,,
29269,2026-07-28 04:59:36.206499+00,63312.25,-66599.44216939836,-176710.46800000002,11683901046.1936,0.000029412000000000002,108746304.01642004,0.0,24.6,BEKLE,true,0.0,0.0,1.8719,426.207,53608396.86642,607.007,24.6,0.0,"[{""usdt"": 71964822.0, ""borsa"": 3, ""fiyat"": 63275.0, ""kaynak"": ""BNB+BYB+OKX""}, {""usdt"": 10266555.0, ""borsa"": 1, ""fiyat"": 63200.0, ""kaynak"": ""BNB""}, {""usdt"": 9641732.0, ""borsa"": 3, ""fiyat"": 63300.0, ""kaynak"": ""BNB+BYB+OKX""}]","[{""usdt"": 13602877.0, ""borsa"": 3, ""fiyat"": 63325.0, ""kaynak"": ""BNB+BYB+OKX""}, {""usdt"": 11933510.0, ""borsa"": 1, ""fiyat"": 63375.0, ""kaynak"": ""BNB""}, {""usdt"": 8801698.0, ""borsa"": 1, ""fiyat"": 63350.0, ""kaynak"": ""BNB""}]",HER_IKISI,0.1687,0.3396,,,true,0,false,,2,0,3,1,0,3,35.3,36.4,IZLE,,25,63350.1,,,,,SEVIYE,50,131.0,14,,,,,,,,,0,,29,371.3,29,,,
29270,2026-07-28 05:00:36.486047+00,63314.95,54791.238416302716,-332835.71499999997,11685543802.1546,0.000029412000000000002,100520890.63708006,63.3235,39.6,BEKLE,true,63.3235,0.0,1.8719,486.517,53538999.01531001,667.317,39.6,0.0,"[{""usdt"": 69582806.0, ""borsa"": 3, ""fiyat"": 63275.0, ""kaynak"": ""BNB+BYB+OKX""}, {""usdt"": 12104422.0, ""borsa"": 3, ""fiyat"": 63300.0, ""kaynak"": ""BNB+BYB+OKX""}, {""usdt"": 5974414.0, ""borsa"": 1, ""fiyat"": 63250.0, ""kaynak"": ""BNB""}]","[{""usdt"": 11476849.0, ""borsa"": 1, ""fiyat"": 63375.0, ""kaynak"": ""BNB""}, {""usdt"": 11235183.0, ""borsa"": 3, ""fiyat"": 63325.0, ""kaynak"": ""BNB+BYB+OKX""}, {""usdt"": 10460345.0, ""borsa"": 1, ""fiyat"": 63425.0, ""kaynak"": ""BNB""}]",PERP,0.0688,0.305,0.0337,1.0196,true,0.1813,false,,1,0,3,1,1,3,30.9,32.1,IZLE,,25,63350.1,,,,,SEVIYE,50,132.0,14,,,,,,,1785214740,1,0,,29,372.3,29,,,
29271,2026-07-28 05:01:37.899756+00,63338.45,-158235.80600379626,-1043993.7609999999,11686899571.438599,0.000029412000000000002,107385884.76276012,63.3235,83.4,BEKLE,true,63.3235,0.0,1.8719,547.969,54338081.25049005,728.769,83.4,0.0,"[{""usdt"": 65680797.0, ""borsa"": 1, ""fiyat"": 63275.0, ""kaynak"": ""BNB""}, {""usdt"": 16010135.0, ""borsa"": 3, ""fiyat"": 63300.0, ""kaynak"": ""BNB+BYB+OKX""}, {""usdt"": 7454873.0, ""borsa"": 3, ""fiyat"": 63325.0, ""kaynak"": ""BNB+BYB+OKX""}]","[{""usdt"": 14410262.0, ""borsa"": 3, ""fiyat"": 63350.0, ""kaynak"": ""BNB+BYB+OKX""}, {""usdt"": 11858760.0, ""borsa"": 1, ""fiyat"": 63375.0, ""kaynak"": ""BNB""}, {""usdt"": 11534894.0, ""borsa"": 1, ""fiyat"": 63425.0, ""kaynak"": ""BNB""}]",HER_IKISI,0.1787,0.328,0.0338,0.5002,false,0.5072,false,,1,0,3,2,0,3,28.5,29.6,IZLE,,25,63350.1,,,,,SEVIYE,50,133.0,14,,,,,,,1785214740,1,1,,29,373.3,29,,,
29272,2026-07-28 05:02:38.167527+00,63383.149999999994,279926.21387990355,-389040.26900000003,11690061697.4505,0.000029412000000000002,110725847.8155499,11787.643,64.8,BEKLE,true,63.3235,11724.3195,1.8719,608.188,54519780.862329945,788.988,64.8,0.0,"[{""usdt"": 66401182.0, ""borsa"": 1, ""fiyat"": 63275.0, ""kaynak"": ""BNB""}, {""usdt"": 18970861.0, ""borsa"": 3, ""fiyat"": 63350.0, ""kaynak"": ""BNB+BYB+OKX""}, {""usdt"": 8909228.0, ""borsa"": 1, ""fiyat"": 63300.0, ""kaynak"": ""BNB""}]","[{""usdt"": 22046203.0, ""borsa"": 3, ""fiyat"": 63375.0, ""kaynak"": ""BNB+BYB+OKX""}, {""usdt"": 9913684.0, ""borsa"": 1, ""fiyat"": 63450.0, ""kaynak"": ""BNB""}, {""usdt"": 9847938.0, ""borsa"": 3, ""fiyat"": 63400.0, ""kaynak"": ""BNB+BYB+OKX""}]",HER_IKISI,0.1659,0.3401,0.0675,4.775,true,0.2555,false,,1,0,3,2,0,3,24.9,26,IZLE,,25,63350.1,,,,,SEVIYE,50,134.0,14,,,,,,,1785214860,1,0,,29,374.3,29,,,
29273,2026-07-28 05:03:38.460353+00,63394.75,1285530.987556805,389667.2189999999,11691319632.4893,0.000029412000000000002,116366542.29867995,46278.0717,17.4,BEKLE,false,63.3235,46214.7482,1.876,60.279,53609393.932169974,0,0.0,17.4,"[{""usdt"": 62533126.0, ""borsa"": 1, ""fiyat"": 63350.0, ""kaynak"": ""BNB""}, {""usdt"": 20520686.0, ""borsa"": 3, ""fiyat"": 63375.0, ""kaynak"": ""BNB+BYB+OKX""}, {""usdt"": 12724948.0, ""borsa"": 3, ""fiyat"": 63400.0, ""kaynak"": ""BNB+BYB+OKX""}]","[{""usdt"": 14766575.0, ""borsa"": 3, ""fiyat"": 63425.0, ""kaynak"": ""BNB+BYB+OKX""}, {""usdt"": 10903862.0, ""borsa"": 1, ""fiyat"": 63475.0, ""kaynak"": ""BNB""}, {""usdt"": 9858552.0, ""borsa"": 1, ""fiyat"": 63500.0, ""kaynak"": ""BNB""}]",HER_IKISI,0.2727,0.3692,0.4764,2.6098,true,0,false,,2,0,3,1,0,3,21.4,22.4,IZLE,,25,63350.1,,,,,SEVIYE,50,135.0,14,,,,,,,1785214980,2,0,,29,375.3,29,,,
29274,2026-07-28 05:04:38.692563+00,63423.95,1184938.5031427997,409729.56799999997,11693628122.7812,0.000029412000000000002,119474041.96243994,345231.1378,14.3,BEKLE,false,0.0,345231.1378,1.876,120.61,48853375.993469946,60.331,0.0,14.3,"[{""usdt"": 62311409.0, ""borsa"": 1, ""fiyat"": 63350.0, ""kaynak"": ""BNB""}, {""usdt"": 23463419.0, ""borsa"": 3, ""fiyat"": 63400.0, ""kaynak"": ""BNB+BYB+OKX""}, {""usdt"": 13065529.0, ""borsa"": 1, ""fiyat"": 63375.0, ""kaynak"": ""BNB""}]","[{""usdt"": 13481473.0, ""borsa"": 1, ""fiyat"": 63500.0, ""kaynak"": ""BNB""}, {""usdt"": 9880116.0, ""borsa"": 3, ""fiyat"": 63425.0, ""kaynak"": ""BNB+BYB+OKX""}, {""usdt"": 9089865.0, ""borsa"": 1, ""fiyat"": 63475.0, ""kaynak"": ""BNB""}]",HER_IKISI,0.2749,0.4195,0.4658,2.8375,true,0,false,,3,0,3,3,0,3,17.8,18.9,IZLE,,25,63454.9,,,,,SEVIYE,85,206.1,21,,,,,,,1785215040,2,0,,29,376.3,29,,,
29275,2026-07-28 05:05:38.957029+00,63412.55,893512.7563619005,1253632.604,11683691984.2539,0.000029412000000000002,118766109.26470995,358488.05500000005,30.4,BEKLE,false,0.0,358488.05500000005,1.8935,180.796,46433953.806900024,120.517,0.0,30.4,"[{""usdt"": 62590234.0, ""borsa"": 1, ""fiyat"": 63350.0, ""kaynak"": ""BNB""}, {""usdt"": 22054207.0, ""borsa"": 3, ""fiyat"": 63375.0, ""kaynak"": ""BNB+BYB+OKX""}, {""usdt"": 15753850.0, ""borsa"": 3, ""fiyat"": 63400.0, ""kaynak"": ""BNB+BYB+OKX""}]","[{""usdt"": 13625872.0, ""borsa"": 3, ""fiyat"": 63425.0, ""kaynak"": ""BNB+BYB+OKX""}, {""usdt"": 10758468.0, ""borsa"": 1, ""fiyat"": 63475.0, ""kaynak"": ""BNB""}, {""usdt"": 8717493.0, ""borsa"": 1, ""fiyat"": 63500.0, ""kaynak"": ""BNB""}]",HER_IKISI,0.193,0.4378,0.1776,1.4108,true,0,false,,2,0,3,2,0,3,14.2,15.2,IZLE,,25,63454.9,,,,,SEVIYE,85,207.1,21,,,,,,,1785215040,2,0,,29,377.3,29,,,
29276,2026-07-28 05:06:39.185876+00,63403.95,1171881.820032101,1197565.6559999997,11684958203.539398,0.000029412000000000002,117111427.03066996,346763.73550000007,48.8,BEKLE,false,0.0,346763.73550000007,1.8935,241.019,51424476.28608002,180.74,0.0,48.8,"[{""usdt"": 61662608.0, ""borsa"": 1, ""fiyat"": 63350.0, ""kaynak"": ""BNB""}, {""usdt"": 23287653.0, ""borsa"": 3, ""fiyat"": 63375.0, ""kaynak"": ""BNB+BYB+OKX""}, {""usdt"": 12748515.0, ""borsa"": 3, ""fiyat"": 63400.0, ""kaynak"": ""BNB+BYB+OKX""}]","[{""usdt"": 11481018.0, ""borsa"": 1, ""fiyat"": 63475.0, ""kaynak"": ""BNB""}, {""usdt"": 11078205.0, ""borsa"": 1, ""fiyat"": 63500.0, ""kaynak"": ""BNB""}, {""usdt"": 11046931.0, ""borsa"": 3, ""fiyat"": 63425.0, ""kaynak"": ""BNB+BYB+OKX""}]",HER_IKISI,0.1582,0.3898,0.1951,0.6556,true,0,false,,2,0,3,1,0,3,10.5,11.6,HAZIRLAN,LONG,50,63454.9,63454.9,64208.3,63342.4,13.06,SEVIYE+EMILIM,85,208.1,21,,,,,,,1785215040,2,0,0.83,29,378.3,29,,,
29277,2026-07-28 05:07:39.380452+00,63461.05,1314017.1377692004,1276674.461,11691110514.327,0.000029412000000000002,113267822.65188998,353493.62230000005,54.1,BEKLE,false,0.0,353493.62230000005,1.8935,301.281,62518408.98249997,241.002,0.0,54.1,"[{""usdt"": 50539745.0, ""borsa"": 1, ""fiyat"": 63350.0, ""kaynak"": ""BNB""}, {""usdt"": 28701342.0, ""borsa"": 3, ""fiyat"": 63425.0, ""kaynak"": ""BNB+BYB+OKX""}, {""usdt"": 12949767.0, ""borsa"": 1, ""fiyat"": 63375.0, ""kaynak"": ""BNB""}]","[{""usdt"": 22525527.0, ""borsa"": 3, ""fiyat"": 63475.0, ""kaynak"": ""BNB+BYB+OKX""}, {""usdt"": 11134578.0, ""borsa"": 1, ""fiyat"": 63550.0, ""kaynak"": ""BNB""}, {""usdt"": 9438357.0, ""borsa"": 1, ""fiyat"": 63500.0, ""kaynak"": ""BNB""}]",HER_IKISI,0.2539,0.2887,0.2023,1.0392,true,0,false,,3,0,3,1,1,3,6.9,8,IZLE,,25,63454.9,,,,,SEVIYE,85,209.1,21,,,,,,,1785215220,2,0,,29,379.3,29,,,
29278,2026-07-28 05:08:39.670442+00,63426.850000000006,1416753.3236400005,1406664.148,11687955783.1521,0.000029412000000000002,121062550.20234013,121474.851,39.4,BEKLE,false,0.0,121474.851,1.8935,361.459,51434919.03901999,301.18,0.0,39.4,"[{""usdt"": 58291885.0, ""borsa"": 1, ""fiyat"": 63350.0, ""kaynak"": ""BNB""}, {""usdt"": 30323725.0, ""borsa"": 3, ""fiyat"": 63425.0, ""kaynak"": ""BNB+BYB+OKX""}, {""usdt"": 15777669.0, ""borsa"": 3, ""fiyat"": 63400.0, ""kaynak"": ""BNB+BYB+OKX""}]","[{""usdt"": 13705099.0, ""borsa"": 3, ""fiyat"": 63450.0, ""kaynak"": ""BNB+BYB+OKX""}, {""usdt"": 9981115.0, ""borsa"": 1, ""fiyat"": 63500.0, ""kaynak"": ""BNB""}, {""usdt"": 9531617.0, ""borsa"": 1, ""fiyat"": 63525.0, ""kaynak"": ""BNB""}]",HER_IKISI,0.2018,0.4036,0.0501,0.8351,true,0,false,,3,0,3,1,0,3,3.2,4.3,HAZIRLAN,LONG,50,63454.9,63454.9,64208.3,63342.4,9.25,SEVIYE+EMILIM,85,210.1,21,,,,,,,1785215220,1,0,0.33,29,380.4,29,,,
29279,2026-07-28 05:09:39.875827+00,63426.55,1526794.0764851002,1508077.4409999999,11688668993.8829,0.000029412000000000002,117225512.14214012,107583.7248,46.5,BEKLE,false,0.0,107583.7248,1.8935,421.746,55411328.35091996,361.467,0.0,46.5,"[{""usdt"": 56540707.0, ""borsa"": 1, ""fiyat"": 63350.0, ""kaynak"": ""BNB""}, {""usdt"": 26448966.0, ""borsa"": 3, ""fiyat"": 63425.0, ""kaynak"": ""BNB+BYB+OKX""}, {""usdt"": 15684145.0, ""borsa"": 3, ""fiyat"": 63400.0, ""kaynak"": ""BNB+BYB+OKX""}]","[{""usdt"": 14368539.0, ""borsa"": 3, ""fiyat"": 63450.0, ""kaynak"": ""BNB+BYB+OKX""}, {""usdt"": 10706106.0, ""borsa"": 1, ""fiyat"": 63475.0, ""kaynak"": ""BNB""}, {""usdt"": 10356639.0, ""borsa"": 1, ""fiyat"": 63500.0, ""kaynak"": ""BNB""}]",HER_IKISI,0.2018,0.3581,0.1157,0.0573,true,0,false,,3,0,3,1,0,3,63.5,62,HAZIRLAN,LONG,50,63465.3,63465.3,63755.5,63342.4,3.91,SEVIYE+EMILIM,65,211.1,22,,,,,,,1785215220,1,0,0.46,31,381.4,31,,,
29280,2026-07-28 05:10:40.093429+00,63439.350000000006,1277836.452190199,1015325.223,11689600968.3903,0.000029412000000000002,114377346.92448011,107583.7248,43.1,BEKLE,true,0.0,107583.7248,1.8935,481.98,53776605.38387997,421.701,43.1,0.0,"[{""usdt"": 56540707.0, ""borsa"": 1, ""fiyat"": 63350.0, ""kaynak"": ""BNB""}, {""usdt"": 25625481.0, ""borsa"": 3, ""fiyat"": 63425.0, ""kaynak"": ""BNB+BYB+OKX""}, {""usdt"": 13659465.0, ""borsa"": 3, ""fiyat"": 63400.0, ""kaynak"": ""BNB+BYB+OKX""}]","[{""usdt"": 14293743.0, ""borsa"": 3, ""fiyat"": 63450.0, ""kaynak"": ""BNB+BYB+OKX""}, {""usdt"": 10706106.0, ""borsa"": 1, ""fiyat"": 63475.0, ""kaynak"": ""BNB""}, {""usdt"": 10356639.0, ""borsa"": 1, ""fiyat"": 63500.0, ""kaynak"": ""BNB""}]",HER_IKISI,0.1968,0.3604,0.4041,1.8344,true,0,false,,2,0,3,1,0,3,59.4,61,IZLE,,25,63465.3,,,,,SEVIYE,65,212.2,22,,,,,,,1785215220,1,1,,31,382.4,31,,,
29281,2026-07-28 05:11:40.378769+00,63434.649999999994,1361387.2467424986,5076.109999999935,11689292819.6476,0.000029412000000000002,117219269.77268004,107583.7248,92.3,BEKLE,true,0.0,107583.7248,1.8935,542.186,53656795.40022998,481.907,92.3,0.0,"[{""usdt"": 57098791.0, ""borsa"": 1, ""fiyat"": 63350.0, ""kaynak"": ""BNB""}, {""usdt"": 34744471.0, ""borsa"": 3, ""fiyat"": 63425.0, ""kaynak"": ""BNB+BYB+OKX""}, {""usdt"": 7589092.0, ""borsa"": 2, ""fiyat"": 63400.0, ""kaynak"": ""BNB+BYB""}]","[{""usdt"": 12958118.0, ""borsa"": 3, ""fiyat"": 63450.0, ""kaynak"": ""BNB+BYB+OKX""}, {""usdt"": 12723080.0, ""borsa"": 1, ""fiyat"": 63500.0, ""kaynak"": ""BNB""}, {""usdt"": 10580870.0, ""borsa"": 2, ""fiyat"": 63475.0, ""kaynak"": ""BNB+OKX""}]",HER_IKISI,0.2201,0.372,0.0626,0.6607,true,0,false,,3,0,3,2,0,3,55.8,56.9,HAZIRLAN,LONG,50,63465.3,63465.3,63755.5,63342.4,3.48,SEVIYE+EMILIM,65,213.2,22,,,,,,,1785215220,1,2,0.33,31,383.4,31,,,
29282,2026-07-28 05:12:40.657739+00,63425.25,1370081.7651207987,-41280.02800000004,11685196108.287601,0.000029412000000000002,113700630.94346003,0.0,75.2,BEKLE,true,0.0,0.0,1.9002,602.471,55853627.517089985,542.192,75.2,0.0,"[{""usdt"": 56487648.0, ""borsa"": 1, ""fiyat"": 63350.0, ""kaynak"": ""BNB""}, {""usdt"": 26134265.0, ""borsa"": 3, ""fiyat"": 63425.0, ""kaynak"": ""BNB+BYB+OKX""}, {""usdt"": 13993500.0, ""borsa"": 3, ""fiyat"": 63400.0, ""kaynak"": ""BNB+BYB+OKX""}]","[{""usdt"": 17025225.0, ""borsa"": 3, ""fiyat"": 63450.0, ""kaynak"": ""BNB+BYB+OKX""}, {""usdt"": 12848758.0, ""borsa"": 1, ""fiyat"": 63500.0, ""kaynak"": ""BNB""}, {""usdt"": 8985483.0, ""borsa"": 1, ""fiyat"": 63525.0, ""kaynak"": ""BNB""}]",HER_IKISI,0.1674,0.3412,0.0176,0.7299,true,0.0085,false,,3,0,3,1,0,3,52.2,53.3,HAZIRLAN,LONG,50,63465.3,63465.3,63755.5,63342.4,3.98,SEVIYE+EMILIM,65,214.2,22,,,,,,,,,0,0.48,31,384.4,31,,,
29283,2026-07-28 05:13:40.855362+00,63423.350000000006,1392803.462958997,-16442.198000000055,11685689652.5249,0.000029412000000000002,119100669.44756009,0.0,98.0,BEKLE,true,0.0,0.0,1.9002,662.761,56469872.34143,602.482,98.0,0.0,"[{""usdt"": 56948280.0, ""borsa"": 1, ""fiyat"": 63350.0, ""kaynak"": ""BNB""}, {""usdt"": 23503713.0, ""borsa"": 3, ""fiyat"": 63425.0, ""kaynak"": ""BNB+BYB+OKX""}, {""usdt"": 19407989.0, ""borsa"": 3, ""fiyat"": 63400.0, ""kaynak"": ""BNB+BYB+OKX""}]","[{""usdt"": 15308487.0, ""borsa"": 3, ""fiyat"": 63450.0, ""kaynak"": ""BNB+BYB+OKX""}, {""usdt"": 10598514.0, ""borsa"": 1, ""fiyat"": 63500.0, ""kaynak"": ""BNB""}, {""usdt"": 9948587.0, ""borsa"": 1, ""fiyat"": 63475.0, ""kaynak"": ""BNB""}]",HER_IKISI,0.1676,0.3567,0.007,0.0668,true,0,false,,1,0,3,1,0,3,48.7,49.8,HAZIRLAN,LONG,50,63465.3,63465.3,63755.5,63342.4,4.1,SEVIYE+EMILIM,65,215.2,22,,,,,,,,,0,0.52,31,385.4,31,,,
29284,2026-07-28 05:14:41.131922+00,63418.25,1135044.7931377958,-7978.121000000089,11684637478.4412,0.000029412000000000002,120502357.92382005,0.0,100.0,BEKLE,true,0.0,0.0,1.9002,722.978,58546263.225199975,662.699,100.0,0.0,"[{""usdt"": 56685576.0, ""borsa"": 1, ""fiyat"": 63350.0, ""kaynak"": ""BNB""}, {""usdt"": 22737425.0, ""borsa"": 3, ""fiyat"": 63400.0, ""kaynak"": ""BNB+BYB+OKX""}, {""usdt"": 21328457.0, ""borsa"": 3, ""fiyat"": 63425.0, ""kaynak"": ""BNB+BYB+OKX""}]","[{""usdt"": 15062654.0, ""borsa"": 3, ""fiyat"": 63450.0, ""kaynak"": ""BNB+BYB+OKX""}, {""usdt"": 10846917.0, ""borsa"": 1, ""fiyat"": 63500.0, ""kaynak"": ""BNB""}, {""usdt"": 10597228.0, ""borsa"": 3, ""fiyat"": 63425.0, ""kaynak"": ""BNB+BYB+OKX""}]",HER_IKISI,0.1925,0.346,0.098,0.1351,false,,false,,2,0,3,1,0,3,45,46.1,IZLE,,25,63465.3,,,,,SEVIYE,65,216.2,22,,,,,,,,,0,,31,386.4,31,,,
29285,2026-07-28 05:15:41.356041+00,63418.850000000006,82472.44708619572,-272968.272,11685314203.3797,0.000029412000000000002,124008715.39537007,0.0,100.0,BEKLE,true,0.0,0.0,1.9002,783.229,57945323.81541998,722.95,100.0,0.0,"[{""usdt"": 56375031.0, ""borsa"": 1, ""fiyat"": 63350.0, ""kaynak"": ""BNB""}, {""usdt"": 26110898.0, ""borsa"": 3, ""fiyat"": 63400.0, ""kaynak"": ""BNB+BYB+OKX""}, {""usdt"": 17876569.0, ""borsa"": 3, ""fiyat"": 63425.0, ""kaynak"": ""BNB+BYB+OKX""}]","[{""usdt"": 13857044.0, ""borsa"": 3, ""fiyat"": 63425.0, ""kaynak"": ""BNB+BYB+OKX""}, {""usdt"": 13287212.0, ""borsa"": 3, ""fiyat"": 63450.0, ""kaynak"": ""BNB+BYB+OKX""}, {""usdt"": 11642556.0, ""borsa"": 1, ""fiyat"": 63475.0, ""kaynak"": ""BNB""}]",HER_IKISI,0.1786,0.3631,0.2807,0.3132,false,,false,,2,0,3,1,0,3,41.4,42.5,IZLE,,25,63465.3,,,,,SEVIYE,65,217.2,22,PCT,1.02,86.54871956559836,0.00648477708474444,false,0.176,,,0,,31,387.4,31,,,
29286,2026-07-28 05:16:42.17942+00,63446.149999999994,723678.2401213958,-13581.87500000002,11688499882.4188,0.000029412000000000002,119884772.84098999,190.3203,8.9,BEKLE,,0.0,190.3203,1.9002,844.067,59485239.91784994,783.788,8.9,0.0,"[{""usdt"": 56497546.0, ""borsa"": 1, ""fiyat"": 63350.0, ""kaynak"": ""BNB""}, {""usdt"": 22536949.0, ""borsa"": 3, ""fiyat"": 63400.0, ""kaynak"": ""BNB+BYB+OKX""}, {""usdt"": 19677389.0, ""borsa"": 3, ""fiyat"": 63425.0, ""kaynak"": ""BNB+BYB+OKX""}]","[{""usdt"": 14735971.0, ""borsa"": 3, ""fiyat"": 63425.0, ""kaynak"": ""BNB+BYB+OKX""}, {""usdt"": 13944772.0, ""borsa"": 3, ""fiyat"": 63450.0, ""kaynak"": ""BNB+BYB+OKX""}, {""usdt"": 12354480.0, ""borsa"": 1, ""fiyat"": 63475.0, ""kaynak"": ""BNB""}]",HER_IKISI,0.193,0.3367,0.9349,1.0972,false,,false,,2,0,3,1,1,3,38.4,39.5,IZLE,,25,63465.3,,,,,SEVIYE,65,218.2,22,,,,,,,1785215760,1,0,,31,388.4,31,,,
29287,2026-07-28 05:17:42.431892+00,63520.05,2633175.742897595,257002.0209999999,11689491893.382101,0.000029412000000000002,124949844.1766,62936.8551,16.5,BEKLE,true,0.0,62936.8551,1.9002,904.293,61089757.53582001,844.014,0.0,16.5,"[{""usdt"": 55206681.0, ""borsa"": 1, ""fiyat"": 63350.0, ""kaynak"": ""BNB""}, {""usdt"": 24134161.0, ""borsa"": 1, ""fiyat"": 63425.0, ""kaynak"": ""BNB""}, {""usdt"": 23389867.0, ""borsa"": 3, ""fiyat"": 63450.0, ""kaynak"": ""BNB+BYB+OKX""}]","[{""usdt"": 16001043.0, ""borsa"": 3, ""fiyat"": 63500.0, ""kaynak"": ""BNB+BYB+OKX""}, {""usdt"": 12857713.0, ""borsa"": 3, ""fiyat"": 63475.0, ""kaynak"": ""BNB+BYB+OKX""}, {""usdt"": 11931541.0, ""borsa"": 1, ""fiyat"": 63550.0, ""kaynak"": ""BNB""}]",HER_IKISI,0.2716,0.3433,0.6404,3.1281,false,,false,,3,0,3,1,1,3,34.8,35.9,IZLE,,25,63465.3,,,,,SEVIYE,65,219.2,22,,,,,,,1785215820,3,0,,31,389.4,31,,,
29288,2026-07-28 05:18:42.68841+00,63490.55,2633175.742897595,257002.0209999999,11689491893.382101,0.000029412000000000002,123918272.71731997,62936.8551,18.4,BEKLE,,0.0,62936.8551,1.9028,904.26,53725530.475659974,60.246,0.0,18.4,"[{""usdt"": 48091005.0, ""borsa"": 1, ""fiyat"": 63350.0, ""kaynak"": ""BNB""}, {""usdt"": 25077102.0, ""borsa"": 1, ""fiyat"": 63425.0, ""kaynak"": ""BNB""}, {""usdt"": 20702377.0, ""borsa"": 3, ""fiyat"": 63475.0, ""kaynak"": ""BNB+BYB+OKX""}]","[{""usdt"": 15223158.0, ""borsa"": 3, ""fiyat"": 63500.0, ""kaynak"": ""BNB+BYB+OKX""}, {""usdt"": 10476206.0, ""borsa"": 1, ""fiyat"": 63550.0, ""kaynak"": ""BNB""}, {""usdt"": 10161492.0, ""borsa"": 1, ""fiyat"": 63575.0, ""kaynak"": ""BNB""}]",HER_IKISI,0.1937,0.3951,0.6561,2.3134,false,,false,,3,0,3,3,0,3,31.2,32.3,IZLE,,25,63465.3,,,,,SEVIYE,65,220.2,22,,,,,,,1785215820,3,0,,31,390.4,31,,,
29289,2026-07-28 05:19:42.924883+00,63542.649999999994,2407499.913815995,-140743.07199999984,11684884917.439701,0.000029412000000000002,182111996.50338992,62922.3591,23.5,BEKLE,false,0.0,62922.3591,1.9028,723.554,60096968.45214005,120.542,23.5,0.0,"[{""usdt"": 132926902.0, ""borsa"": 3, ""fiyat"": 63500.0, ""kaynak"": ""BNB+BYB+OKX""}, {""usdt"": 22497073.0, ""borsa"": 1, ""fiyat"": 63425.0, ""kaynak"": ""BNB""}, {""usdt"": 10347226.0, ""borsa"": 2, ""fiyat"": 63475.0, ""kaynak"": ""BNB+BYB""}]","[{""usdt"": 15534555.0, ""borsa"": 1, ""fiyat"": 63600.0, ""kaynak"": ""BNB""}, {""usdt"": 14482697.0, ""borsa"": 3, ""fiyat"": 63525.0, ""kaynak"": ""BNB+BYB+OKX""}, {""usdt"": 11215241.0, ""borsa"": 1, ""fiyat"": 63575.0, ""kaynak"": ""BNB""}]",HER_IKISI,0.2412,0.5038,0.8102,5.083,false,,false,,3,0,3,1,0,3,27.6,28.7,YOK,,0,63465.1,,,,,SEVIYE,65,221.2,23,,,,,,,1785215820,3,0,,30,872.0,30,,,
29290,2026-07-28 05:20:43.245027+00,63495.649999999994,3766087.065173492,686573.3230000001,11696443207.7635,0.000029412000000000002,184834215.84593964,76267.83810000001,27.3,BEKLE,true,0.0,76267.83810000001,1.9095,783.795,63807792.3732,60.241,0.0,27.3,"[{""usdt"": 128406672.0, ""borsa"": 3, ""fiyat"": 63500.0, ""kaynak"": ""BNB+BYB+OKX""}, {""usdt"": 23818426.0, ""borsa"": 1, ""fiyat"": 63425.0, ""kaynak"": ""BNB""}, {""usdt"": 12392423.0, ""borsa"": 2, ""fiyat"": 63475.0, ""kaynak"": ""BNB+BYB""}]","[{""usdt"": 22363820.0, ""borsa"": 2, ""fiyat"": 63550.0, ""kaynak"": ""BNB+OKX""}, {""usdt"": 11236066.0, ""borsa"": 3, ""fiyat"": 63525.0, ""kaynak"": ""BNB+BYB+OKX""}, {""usdt"": 9830628.0, ""borsa"": 1, ""fiyat"": 63600.0, ""kaynak"": ""BNB""}]",HER_IKISI,0.1725,0.4867,0.6309,0.8442,false,,false,,2,0,3,2,1,3,23.9,25,IZLE,,25,63465.1,,,,,SEVIYE,65,222.2,23,,,,,,,1785215940,3,0,,30,873.0,30,,,
29291,2026-07-28 05:21:43.591233+00,63559.95,3754256.748155194,-301379.6310000001,11683125593.6003,0.000029412000000000002,72873254.19242999,173380.0497,40.8,BEKLE,false,0.0,173380.0497,1.9095,844.066,65820908.96975001,120.512,40.8,0.0,"[{""usdt"": 22567479.0, ""borsa"": 1, ""fiyat"": 63425.0, ""kaynak"": ""BNB""}, {""usdt"": 20302247.0, ""borsa"": 3, ""fiyat"": 63500.0, ""kaynak"": ""BNB+BYB+OKX""}, {""usdt"": 10002867.0, ""borsa"": 1, ""fiyat"": 63450.0, ""kaynak"": ""BNB""}]","[{""usdt"": 25333189.0, ""borsa"": 3, ""fiyat"": 63550.0, ""kaynak"": ""BNB+BYB+OKX""}, {""usdt"": 11106719.0, ""borsa"": 1, ""fiyat"": 63600.0, ""kaynak"": ""BNB""}, {""usdt"": 10133854.0, ""borsa"": 1, ""fiyat"": 63625.0, ""kaynak"": ""BNB""}]",YOK,0.1431,0.0508,0.8242,1.9854,false,,false,,1,0,3,0,0,3,20.4,21.4,YOK,,0,63639.2,,,,,SEVIYE,100,373.4,38,,,,,,,1785215940,3,0,,30,874.0,30,,,
29292,2026-07-28 05:22:43.922328+00,63485.850000000006,4746521.101234294,2475160.0080000004,11707589634.2457,0.000029412000000000002,115155901.36008003,169510.7143,99.2,BEKLE,true,0.0,169510.7143,1.9095,904.473,67383717.19150004,180.919,0.0,99.2,"[{""usdt"": 46943865.0, ""borsa"": 1, ""fiyat"": 63350.0, ""kaynak"": ""BNB""}, {""usdt"": 25509303.0, ""borsa"": 1, ""fiyat"": 63425.0, ""kaynak"": ""BNB""}, {""usdt"": 15880739.0, ""borsa"": 3, ""fiyat"": 63475.0, ""kaynak"": ""BNB+BYB+OKX""}]","[{""usdt"": 15948528.0, ""borsa"": 3, ""fiyat"": 63525.0, ""kaynak"": ""BNB+BYB+OKX""}, {""usdt"": 15096105.0, ""borsa"": 3, ""fiyat"": 63500.0, ""kaynak"": ""BNB+BYB+OKX""}, {""usdt"": 13751401.0, ""borsa"": 1, ""fiyat"": 63550.0, ""kaynak"": ""BNB""}]",PERP,0.1372,0.2617,0.2979,0.3089,false,,false,2.6038,1,0,3,1,1,3,16.9,18,IZLE,,25,63465.1,,,,,SEVIYE,65,224.2,23,,,,,,,1785216060,3,0,,30,875.0,30,,,
29293,2026-07-28 05:23:44.287201+00,63468.05,4055513.9612504924,1757280.7,11703485392.5708,0.000029412000000000002,117647545.32765998,111919.46250000001,58.4,BEKLE,true,0.0,111919.46250000001,1.9095,964.797,60235668.00656,60.324,0.0,58.4,"[{""usdt"": 52588009.0, ""borsa"": 1, ""fiyat"": 63350.0, ""kaynak"": ""BNB""}, {""usdt"": 29249822.0, ""borsa"": 2, ""fiyat"": 63425.0, ""kaynak"": ""BNB+BYB""}, {""usdt"": 19418444.0, ""borsa"": 3, ""fiyat"": 63450.0, ""kaynak"": ""BNB+BYB+OKX""}]","[{""usdt"": 13919651.0, ""borsa"": 1, ""fiyat"": 63550.0, ""kaynak"": ""BNB""}, {""usdt"": 12180761.0, ""borsa"": 1, ""fiyat"": 63525.0, ""kaynak"": ""BNB""}, {""usdt"": 12067751.0, ""borsa"": 2, ""fiyat"": 63500.0, ""kaynak"": ""BNB+OKX""}]",PERP,0.0396,0.3228,0.2969,0.301,false,,false,1.4863,0,1,3,1,0,3,13.4,14.5,IZLE,,25,63465.1,,,,,SEVIYE,65,225.2,23,,,,,,,1785216060,2,0,,30,876.0,30,,,
29294,2026-07-28 05:24:44.570914+00,63474.05,3797177.4062234913,1738763.666,11701833962.931599,0.000029412000000000002,110412202.91280994,111919.46250000001,84.6,BEKLE,false,0.0,111919.46250000001,1.9095,1025.152,77229948.39456007,120.679,0.0,84.6,"[{""usdt"": 48947875.0, ""borsa"": 1, ""fiyat"": 63350.0, ""kaynak"": ""BNB""}, {""usdt"": 24316253.0, ""borsa"": 1, ""fiyat"": 63425.0, ""kaynak"": ""BNB""}, {""usdt"": 13801904.0, ""borsa"": 3, ""fiyat"": 63450.0, ""kaynak"": ""BNB+BYB+OKX""}]","[{""usdt"": 33559093.0, ""borsa"": 3, ""fiyat"": 63500.0, ""kaynak"": ""BNB+BYB+OKX""}, {""usdt"": 12995189.0, ""borsa"": 1, ""fiyat"": 63550.0, ""kaynak"": ""BNB""}, {""usdt"": 10620306.0, ""borsa"": 1, ""fiyat"": 63575.0, ""kaynak"": ""BNB""}]",PERP,0.1111,0.1768,0.2477,0.7832,false,,false,1.7937,1,0,3,1,0,3,9.9,11,IZLE,,25,63465.1,,,,,SEVIYE,65,226.2,23,,,,,,,1785216060,2,1,,30,877.1,30,,,
29295,2026-07-28 05:25:44.805291+00,63463.95,3859961.960436891,1594566.9719999998,11702630475.585201,0.000029412000000000002,113733543.56032,1461.7719,64.3,BEKLE,false,0.0,1461.7719,1.9095,1085.412,91729890.98690993,180.939,0.0,64.3,"[{""usdt"": 53550601.0, ""borsa"": 1, ""fiyat"": 63350.0, ""kaynak"": ""BNB""}, {""usdt"": 24592527.0, ""borsa"": 1, ""fiyat"": 63425.0, ""kaynak"": ""BNB""}, {""usdt"": 20115857.0, ""borsa"": 3, ""fiyat"": 63450.0, ""kaynak"": ""BNB+BYB+OKX""}]","[{""usdt"": 42492028.0, ""borsa"": 1, ""fiyat"": 63525.0, ""kaynak"": ""BNB""}, {""usdt"": 12820414.0, ""borsa"": 3, ""fiyat"": 63475.0, ""kaynak"": ""BNB+BYB+OKX""}, {""usdt"": 12285404.0, ""borsa"": 1, ""fiyat"": 63550.0, ""kaynak"": ""BNB""}]",YOK,0.0635,0.1071,0.044,0.9527,false,,false,4.0765,1,0,3,0,1,3,6.3,7.4,IZLE,,25,63465.1,,,,,SEVIYE,65,227.2,23,,,,,,,1785216060,1,0,,30,878.1,30,,,
29296,2026-07-28 05:26:45.133587+00,63473.95,4078014.4931064956,2303555.7890000003,11701028371.946602,0.000029412000000000002,165636764.0148701,1461.7719,81.9,BEKLE,false,0.0,1461.7719,1.9121,1145.689,59432439.22686,241.216,0.0,81.9,"[{""usdt"": 57120124.0, ""borsa"": 1, ""fiyat"": 63400.0, ""kaynak"": ""BNB""}, {""usdt"": 53184437.0, ""borsa"": 1, ""fiyat"": 63350.0, ""kaynak"": ""BNB""}, {""usdt"": 23216904.0, ""borsa"": 1, ""fiyat"": 63425.0, ""kaynak"": ""BNB""}]","[{""usdt"": 16776828.0, ""borsa"": 3, ""fiyat"": 63500.0, ""kaynak"": ""BNB+BYB+OKX""}, {""usdt"": 12086043.0, ""borsa"": 1, ""fiyat"": 63550.0, ""kaynak"": ""BNB""}, {""usdt"": 10826171.0, ""borsa"": 1, ""fiyat"": 63575.0, ""kaynak"": ""BNB""}]",PERP,0.0544,0.4719,0.0524,0.892,false,,false,,0,0,3,2,0,3,2.8,3.9,IZLE,,25,63465.1,,,,,SEVIYE,65,228.2,23,,,,,,,1785216060,1,1,,30,879.1,30,,,
29297,2026-07-28 05:27:45.530376+00,63478.649999999994,4077244.019472596,2060966.1539999996,11702751453.5308,0.000029412000000000002,108118497.19637,0.0,62.6,BEKLE,true,0.0,0.0,1.9121,1206.077,58604097.16415998,301.604,62.6,0.0,"[{""usdt"": 49173814.0, ""borsa"": 1, ""fiyat"": 63350.0, ""kaynak"": ""BNB""}, {""usdt"": 23792323.0, ""borsa"": 1, ""fiyat"": 63425.0, ""kaynak"": ""BNB""}, {""usdt"": 12568525.0, ""borsa"": 3, ""fiyat"": 63450.0, ""kaynak"": ""BNB+BYB+OKX""}]","[{""usdt"": 17072220.0, ""borsa"": 3, ""fiyat"": 63500.0, ""kaynak"": ""BNB+BYB+OKX""}, {""usdt"": 12278783.0, ""borsa"": 1, ""fiyat"": 63550.0, ""kaynak"": ""BNB""}, {""usdt"": 10151088.0, ""borsa"": 1, ""fiyat"": 63525.0, ""kaynak"": ""BNB""}]",PERP,0.0544,0.297,0.4185,0.2886,false,,false,3.9647,0,0,3,2,0,3,63.2,61.7,IZLE,,25,63465.1,,,,,SEVIYE,65,229.2,23,,,,,,,,,0,,30,880.1,30,,,
29298,2026-07-28 05:28:45.6789+00,63494.75,3913001.7222171966,2091662.0039999997,11704212658.0225,0.000029412000000000002,109044594.30543001,0.0,29.6,BEKLE,,0.0,0.0,1.9121,1266.316,58948962.846189976,361.843,0.0,29.6,"[{""usdt"": 49173814.0, ""borsa"": 1, ""fiyat"": 63350.0, ""kaynak"": ""BNB""}, {""usdt"": 23792323.0, ""borsa"": 1, ""fiyat"": 63425.0, ""kaynak"": ""BNB""}, {""usdt"": 11784595.0, ""borsa"": 3, ""fiyat"": 63450.0, ""kaynak"": ""BNB+BYB+OKX""}]","[{""usdt"": 17804091.0, ""borsa"": 3, ""fiyat"": 63500.0, ""kaynak"": ""BNB+BYB+OKX""}, {""usdt"": 12278783.0, ""borsa"": 1, ""fiyat"": 63550.0, ""kaynak"": ""BNB""}, {""usdt"": 10151088.0, ""borsa"": 1, ""fiyat"": 63525.0, ""kaynak"": ""BNB""}]",PERP,0.0884,0.2982,0.1595,1.9165,false,,false,3.9993,1,0,3,2,0,3,59.6,60.6,IZLE,,25,63465.1,,,,,SEVIYE,65,230.2,23,,,,,,,,,0,,30,881.1,30,,,
29299,2026-07-28 05:29:45.937869+00,63514.25,6629787.979797094,1889501.8399999999,11708574714.985199,0.000029412000000000002,62707620.40715003,0.0,14.6,BEKLE,false,0.0,0.0,1.9121,1326.49,58395989.09689,422.017,0.0,14.6,"[{""usdt"": 22767732.0, ""borsa"": 1, ""fiyat"": 63425.0, ""kaynak"": ""BNB""}, {""usdt"": 16053942.0, ""borsa"": 3, ""fiyat"": 63475.0, ""kaynak"": ""BNB+BYB+OKX""}, {""usdt"": 7295911.0, ""borsa"": 1, ""fiyat"": 63400.0, ""kaynak"": ""BNB""}]","[{""usdt"": 17632758.0, ""borsa"": 3, ""fiyat"": 63525.0, ""kaynak"": ""BNB+BYB+OKX""}, {""usdt"": 10938639.0, ""borsa"": 1, ""fiyat"": 63550.0, ""kaynak"": ""BNB""}, {""usdt"": 8999087.0, ""borsa"": 1, ""fiyat"": 63600.0, ""kaynak"": ""BNB""}]",YOK,0.0872,0.0356,0.895,0.7995,false,,false,,0,0,3,1,1,3,55.5,56.6,IZLE,,25,63443.5,,,,,SEVIYE,85,231.2,24,,,,,,,,,0,,31,401.5,31,,,
29300,2026-07-28 05:30:46.177423+00,63500.05,2351064.499790297,-976084.268,11712463979.0965,0.000029412000000000002,66941595.69660999,0.0,100.0,BEKLE,true,0.0,0.0,1.9121,1386.746,57300804.57369001,482.273,100.0,0.0,"[{""usdt"": 28277774.0, ""borsa"": 1, ""fiyat"": 63425.0, ""kaynak"": ""BNB""}, {""usdt"": 15310514.0, ""borsa"": 3, ""fiyat"": 63500.0, ""kaynak"": ""BNB+BYB+OKX""}, {""usdt"": 7751073.0, ""borsa"": 2, ""fiyat"": 63475.0, ""kaynak"": ""BNB+BYB""}]","[{""usdt"": 16520771.0, ""borsa"": 3, ""fiyat"": 63525.0, ""kaynak"": ""BNB+BYB+OKX""}, {""usdt"": 13052294.0, ""borsa"": 2, ""fiyat"": 63550.0, ""kaynak"": ""BNB+OKX""}, {""usdt"": 10304920.0, ""borsa"": 1, ""fiyat"": 63600.0, ""kaynak"": ""BNB""}]",YOK,0.1242,0.0776,0.2103,0.3167,false,,false,,2,0,3,0,0,3,51.9,53,IZLE,,25,63443.5,,,,,SEVIYE,85,232.3,24,PCT,1.34,37.485633923550644,0.0,false,0.113,,,0,,31,402.5,31,,,
29301,2026-07-28 05:31:47.416662+00,63507.45,1187963.4971434968,-1024664.8200000001,11709860193.151299,0.000029412000000000002,70344439.88346998,0.0,100.0,BEKLE,false,0.0,0.0,1.9121,1448.048,57335347.60382005,543.575,100.0,0.0,"[{""usdt"": 25589957.0, ""borsa"": 1, ""fiyat"": 63425.0, ""kaynak"": ""BNB""}, {""usdt"": 20488221.0, ""borsa"": 3, ""fiyat"": 63475.0, ""kaynak"": ""BNB+BYB+OKX""}, {""usdt"": 9112914.0, ""borsa"": 1, ""fiyat"": 63400.0, ""kaynak"": ""BNB""}]","[{""usdt"": 15070460.0, ""borsa"": 3, ""fiyat"": 63525.0, ""kaynak"": ""BNB+BYB+OKX""}, {""usdt"": 11139604.0, ""borsa"": 1, ""fiyat"": 63600.0, ""kaynak"": ""BNB""}, {""usdt"": 10976131.0, ""borsa"": 1, ""fiyat"": 63550.0, ""kaynak"": ""BNB""}]",YOK,0.0536,0.1019,0.2826,0.2062,false,1.5468,false,,0,0,3,1,0,3,49.4,50.5,IZLE,,25,63443.5,,,,,SEVIYE,85,233.3,24,,,,,,,,,0,,31,403.5,31,,,
29302,2026-07-28 05:32:48.124022+00,63464.45,1186861.3541977974,-1046991.9759999999,11714537325.420399,0.000029412000000000002,66601161.93411999,0.0,100.0,BEKLE,true,0.0,0.0,1.9121,1508.272,59022500.23493996,603.799,100.0,0.0,"[{""usdt"": 25782216.0, ""borsa"": 1, ""fiyat"": 63425.0, ""kaynak"": ""BNB""}, {""usdt"": 13318851.0, ""borsa"": 3, ""fiyat"": 63500.0, ""kaynak"": ""BNB+BYB+OKX""}, {""usdt"": 9137954.0, ""borsa"": 1, ""fiyat"": 63400.0, ""kaynak"": ""BNB""}]","[{""usdt"": 18542717.0, ""borsa"": 3, ""fiyat"": 63525.0, ""kaynak"": ""BNB+BYB+OKX""}, {""usdt"": 11359609.0, ""borsa"": 1, ""fiyat"": 63550.0, ""kaynak"": ""BNB""}, {""usdt"": 11060586.0, ""borsa"": 1, ""fiyat"": 63600.0, ""kaynak"": ""BNB""}]",YOK,0.0964,0.0603,0.2967,0.0917,false,3.5548,false,,0,0,3,1,0,3,45.8,46.9,IZLE,,25,63443.5,,,,,SEVIYE,85,234.3,24,,,,,,,,,0,,31,404.5,31,,,
29303,2026-07-28 05:33:48.479741+00,63469.95,325477.53025089786,-1180388.47,11711103440.006,0.000029412000000000002,106050913.74798004,0.0,100.0,BEKLE,true,0.0,0.0,1.9112,1569.045,56772307.82840003,664.572,100.0,0.0,"[{""usdt"": 52175833.0, ""borsa"": 1, ""fiyat"": 63350.0, ""kaynak"": ""BNB""}, {""usdt"": 24473134.0, ""borsa"": 3, ""fiyat"": 63425.0, ""kaynak"": ""BNB+BYB+OKX""}, {""usdt"": 14425929.0, ""borsa"": 3, ""fiyat"": 63450.0, ""kaynak"": ""BNB+BYB+OKX""}]","[{""usdt"": 13254221.0, ""borsa"": 3, ""fiyat"": 63475.0, ""kaynak"": ""BNB+BYB+OKX""}, {""usdt"": 12652332.0, ""borsa"": 1, ""fiyat"": 63525.0, ""kaynak"": ""BNB""}, {""usdt"": 12436901.0, ""borsa"": 1, ""fiyat"": 63550.0, ""kaynak"": ""BNB""}]",PERP,0.0134,0.3027,0.3322,0.1445,false,,false,0,0,1,3,1,0,3,42.8,43.8,IZLE,,25,63443.5,,,,,SEVIYE,85,235.3,24,,,,,,,,,0,,31,405.5,31,,,
29304,2026-07-28 05:34:48.715044+00,63452.45,297177.8445751972,-1234898.6950000003,11709096297.46,0.000029412000000000002,107284323.38165003,0.0,95.8,BEKLE,true,0.0,0.0,1.9112,1629.311,56051857.10751001,724.838,95.8,0.0,"[{""usdt"": 53381579.0, ""borsa"": 1, ""fiyat"": 63350.0, ""kaynak"": ""BNB""}, {""usdt"": 29523141.0, ""borsa"": 3, ""fiyat"": 63425.0, ""kaynak"": ""BNB+BYB+OKX""}, {""usdt"": 7663295.0, ""borsa"": 1, ""fiyat"": 63375.0, ""kaynak"": ""BNB""}]","[{""usdt"": 14713323.0, ""borsa"": 3, ""fiyat"": 63475.0, ""kaynak"": ""BNB+BYB+OKX""}, {""usdt"": 14474271.0, ""borsa"": 1, ""fiyat"": 63550.0, ""kaynak"": ""BNB""}, {""usdt"": 11053475.0, ""borsa"": 1, ""fiyat"": 63525.0, ""kaynak"": ""BNB""}]",PERP,-0.0354,0.3137,0.479,0.2941,false,,false,0,0,1,3,1,0,3,39.2,40.2,IZLE,,25,63443.5,,,,,SEVIYE,85,236.3,24,,,,,,,,,0,,31,406.5,31,,,
29305,2026-07-28 05:35:48.968954+00,63404.25,-728923.7665742012,-809169.097,11702244997.5291,0.000029412000000000002,101308695.80084008,0.0,24.7,BEKLE,false,0.0,0.0,1.9112,1689.548,54335703.25429994,785.075,0.0,24.7,"[{""usdt"": 52969978.0, ""borsa"": 1, ""fiyat"": 63350.0, ""kaynak"": ""BNB""}, {""usdt"": 13178014.0, ""borsa"": 3, ""fiyat"": 63400.0, ""kaynak"": ""BNB+BYB+OKX""}, {""usdt"": 12875195.0, ""borsa"": 1, ""fiyat"": 63425.0, ""kaynak"": ""BNB""}]","[{""usdt"": 13175362.0, ""borsa"": 3, ""fiyat"": 63425.0, ""kaynak"": ""BNB+BYB+OKX""}, {""usdt"": 11878306.0, ""borsa"": 1, ""fiyat"": 63525.0, ""kaynak"": ""BNB""}, {""usdt"": 8922728.0, ""borsa"": 1, ""fiyat"": 63500.0, ""kaynak"": ""BNB""}]",PERP,-0.0823,0.3018,0.8933,1.7481,false,,false,0,0,1,3,1,0,3,35.5,36.6,IZLE,,25,63443.5,,,,,SEVIYE,85,237.3,24,,,,,,,,,0,,31,407.5,31,,,
29306,2026-07-28 05:36:49.281432+00,63429.45,-998698.378923902,-676087.4399999998,11709965309.0862,0.000029412000000000002,90862878.49815004,7292.633,34.0,BEKLE,false,7292.633,0.0,1.9112,180.781,50822195.75364003,845.353,0.0,34.0,"[{""usdt"": 52532507.0, ""borsa"": 1, ""fiyat"": 63350.0, ""kaynak"": ""BNB""}, {""usdt"": 12798987.0, ""borsa"": 3, ""fiyat"": 63400.0, ""kaynak"": ""BNB+BYB+OKX""}, {""usdt"": 9489271.0, ""borsa"": 1, ""fiyat"": 63300.0, ""kaynak"": ""BNB""}]","[{""usdt"": 14208321.0, ""borsa"": 3, ""fiyat"": 63425.0, ""kaynak"": ""BNB+BYB+OKX""}, {""usdt"": 10863348.0, ""borsa"": 1, ""fiyat"": 63500.0, ""kaynak"": ""BNB""}, {""usdt"": 10391610.0, ""borsa"": 1, ""fiyat"": 63525.0, ""kaynak"": ""BNB""}]",PERP,-0.0936,0.2826,0.74,1.6605,false,,false,0,0,1,3,1,0,3,32,33,IZLE,,25,63443.5,,,,,SEVIYE,85,238.3,24,,,,,,,1785216900,1,0,,31,408.5,31,,,
29307,2026-07-28 05:37:49.521516+00,63455.149999999994,-1101660.9576933025,-976776.4149999999,11713890919.4084,0.000029412000000000002,95320170.46324986,10084.367,14.8,BEKLE,false,7292.633,2791.734,1.9112,241.105,56361094.83224002,905.677,0.0,14.8,"[{""usdt"": 52847395.0, ""borsa"": 1, ""fiyat"": 63350.0, ""kaynak"": ""BNB""}, {""usdt"": 12983312.0, ""borsa"": 3, ""fiyat"": 63425.0, ""kaynak"": ""BNB+BYB+OKX""}, {""usdt"": 9197189.0, ""borsa"": 1, ""fiyat"": 63325.0, ""kaynak"": ""BNB""}]","[{""usdt"": 14544504.0, ""borsa"": 1, ""fiyat"": 63525.0, ""kaynak"": ""BNB""}, {""usdt"": 11510195.0, ""borsa"": 1, ""fiyat"": 63550.0, ""kaynak"": ""BNB""}, {""usdt"": 10418322.0, ""borsa"": 3, ""fiyat"": 63450.0, ""kaynak"": ""BNB+BYB+OKX""}]",PERP,-0.0831,0.2568,0.9367,0.2396,false,,false,0,0,1,3,2,0,3,28.4,29.5,IZLE,,25,63443.5,,,,,SEVIYE,85,239.3,24,,,,,,,1785216960,1,0,,31,409.5,31,,,
29308,2026-07-28 05:38:49.722408+00,63445.649999999994,-1153885.8631495058,-1014978.706,11714774552.828,0.000029412000000000002,92831356.00434999,10084.367,23.2,BEKLE,false,7292.633,2791.734,1.9112,301.314,53758143.90915004,965.886,0.0,23.2,"[{""usdt"": 52857294.0, ""borsa"": 1, ""fiyat"": 63350.0, ""kaynak"": ""BNB""}, {""usdt"": 13577335.0, ""borsa"": 3, ""fiyat"": 63425.0, ""kaynak"": ""BNB+BYB+OKX""}, {""usdt"": 9829287.0, ""borsa"": 2, ""fiyat"": 63400.0, ""kaynak"": ""BNB+BYB""}]","[{""usdt"": 12376351.0, ""borsa"": 1, ""fiyat"": 63525.0, ""kaynak"": ""BNB""}, {""usdt"": 11879056.0, ""borsa"": 1, ""fiyat"": 63550.0, ""kaynak"": ""BNB""}, {""usdt"": 10493857.0, ""borsa"": 3, ""fiyat"": 63475.0, ""kaynak"": ""BNB+BYB+OKX""}]",PERP,-0.0718,0.2665,0.8049,0.8217,false,,false,0,1,1,3,1,0,3,24.8,25.9,IZLE,,25,63458.5,,,,,SEVIYE,85,240.3,25,,,,,,,1785216960,1,1,,31,410.5,31,,,
29309,2026-07-28 05:39:50.113728+00,63482.45,-955910.8084154096,-974568.7239999998,11717986740.027,0.000029412000000000002,91161130.75897002,10084.367,25.6,BEKLE,true,7292.633,2791.734,1.9112,361.503,56809969.15816001,1026.075,0.0,25.6,"[{""usdt"": 51763268.0, ""borsa"": 1, ""fiyat"": 63350.0, ""kaynak"": ""BNB""}, {""usdt"": 13971049.0, ""borsa"": 3, ""fiyat"": 63450.0, ""kaynak"": ""BNB+BYB+OKX""}, {""usdt"": 9776985.0, ""borsa"": 1, ""fiyat"": 63400.0, ""kaynak"": ""BNB""}]","[{""usdt"": 12711549.0, ""borsa"": 3, ""fiyat"": 63475.0, ""kaynak"": ""BNB+BYB+OKX""}, {""usdt"": 12334877.0, ""borsa"": 1, ""fiyat"": 63525.0, ""kaynak"": ""BNB""}, {""usdt"": 11588282.0, ""borsa"": 1, ""fiyat"": 63550.0, ""kaynak"": ""BNB""}]",PERP,0.0139,0.2321,0.6895,1.0262,false,,false,0,1,1,3,1,0,3,21.2,22.2,IZLE,,25,63458.5,,,,,SEVIYE,85,241.3,25,,,,,,,1785216960,1,2,,31,411.5,31,,,
29310,2026-07-28 05:40:50.312369+00,63494.75,-3739246.1969983117,-1010453.2819999999,11722683600.759201,0.000029412000000000002,98311749.01217003,2791.734,41.4,BEKLE,false,0.0,2791.734,1.9112,421.901,56026460.70029996,1086.473,41.4,0.0,"[{""usdt"": 49303483.0, ""borsa"": 1, ""fiyat"": 63350.0, ""kaynak"": ""BNB""}, {""usdt"": 14304691.0, ""borsa"": 3, ""fiyat"": 63475.0, ""kaynak"": ""BNB+BYB+OKX""}, {""usdt"": 10077720.0, ""borsa"": 1, ""fiyat"": 63400.0, ""kaynak"": ""BNB""}]","[{""usdt"": 14002752.0, ""borsa"": 1, ""fiyat"": 63550.0, ""kaynak"": ""BNB""}, {""usdt"": 13200666.0, ""borsa"": 3, ""fiyat"": 63500.0, ""kaynak"": ""BNB+BYB+OKX""}, {""usdt"": 12195283.0, ""borsa"": 3, ""fiyat"": 63525.0, ""kaynak"": ""BNB+BYB+OKX""}]",PERP,0.037,0.274,0.8734,1.6335,false,,false,0,1,0,3,2,0,3,17.7,18.8,IZLE,,25,63458.5,,,,,SEVIYE,85,242.3,25,,,,,,,1785216960,1,0,,31,412.5,31,,,
29311,2026-07-28 05:41:25.07192+00,63499.95,-3842963.086994711,-1077127.303,11724097387.652199,0.000029412000000000002,45881642.84974003,0.0,0.0,BEKLE,,0.0,0.0,1.9112,0,57594108.97342002,0,0.0,0.0,"[{""usdt"": 14415680.0, ""borsa"": 3, ""fiyat"": 63475.0, ""kaynak"": ""BNB+BYB+OKX""}, {""usdt"": 8793030.0, ""borsa"": 1, ""fiyat"": 63400.0, ""kaynak"": ""BNB""}, {""usdt"": 8279058.0, ""borsa"": 1, ""fiyat"": 63425.0, ""kaynak"": ""BNB""}]","[{""usdt"": 15449788.0, ""borsa"": 3, ""fiyat"": 63525.0, ""kaynak"": ""BNB+BYB+OKX""}, {""usdt"": 14673410.0, ""borsa"": 1, ""fiyat"": 63550.0, ""kaynak"": ""BNB""}, {""usdt"": 9612563.0, ""borsa"": 3, ""fiyat"": 63500.0, ""kaynak"": ""BNB+BYB+OKX""}]",,,,,,false,,,,,,,,,,13.1,14.2,YOK,,0,,,,,,SEVIYE,,,,,,,,,,,,0,,,,,,,
29312,2026-07-28 05:41:50.50599+00,63502.25,-3739246.1969983117,-1010453.2819999999,11724298312.8707,0.000029412000000000002,49900854.99986002,0.0,34.7,BEKLE,,0.0,0.0,1.9087,60.152,55268086.67314002,1146.625,34.7,0.0,"[{""usdt"": 13452304.0, ""borsa"": 3, ""fiyat"": 63475.0, ""kaynak"": ""BNB+BYB+OKX""}, {""usdt"": 10722468.0, ""borsa"": 1, ""fiyat"": 63400.0, ""kaynak"": ""BNB""}, {""usdt"": 8946187.0, ""borsa"": 1, ""fiyat"": 63425.0, ""kaynak"": ""BNB""}]","[{""usdt"": 14983829.0, ""borsa"": 3, ""fiyat"": 63525.0, ""kaynak"": ""BNB+BYB+OKX""}, {""usdt"": 13670778.0, ""borsa"": 1, ""fiyat"": 63550.0, ""kaynak"": ""BNB""}, {""usdt"": 11019834.0, ""borsa"": 1, ""fiyat"": 63600.0, ""kaynak"": ""BNB""}]",YOK,-0.0112,-0.051,0.7909,1.3064,false,,false,,0,1,3,1,0,3,13.9,15,IZLE,,25,63458.5,,,,,SEVIYE,85,243.3,25,,,,,,,,,0,,31,413.5,31,,,
29313,2026-07-28 05:42:25.366984+00,63512.149999999994,-3842963.086994711,-1077127.303,11724097387.652199,0.000029412000000000002,50570350.698010035,0.0,0.0,BEKLE,,0.0,0.0,1.9087,60.313,54976582.248670034,60.313,0.0,0.0,"[{""usdt"": 10979504.0, ""borsa"": 3, ""fiyat"": 63475.0, ""kaynak"": ""BNB+BYB+OKX""}, {""usdt"": 10020633.0, ""borsa"": 1, ""fiyat"": 63400.0, ""kaynak"": ""BNB""}, {""usdt"": 10015764.0, ""borsa"": 3, ""fiyat"": 63500.0, ""kaynak"": ""BNB+BYB+OKX""}]","[{""usdt"": 16440590.0, ""borsa"": 3, ""fiyat"": 63525.0, ""kaynak"": ""BNB+BYB+OKX""}, {""usdt"": 13783612.0, ""borsa"": 1, ""fiyat"": 63550.0, ""kaynak"": ""BNB""}, {""usdt"": 10488208.0, ""borsa"": 1, ""fiyat"": 63600.0, ""kaynak"": ""BNB""}]",,,,,,false,,,,,,,,,,9.2,10.3,IZLE,,25,63558.5,,,,,SEVIYE,35,0.8,1,,,,,,,,,0,,30,0.8,13,,,
29314,2026-07-28 05:43:25.688316+00,63512.05,-3588126.2389280107,-1052555.1639999999,11728600041.3736,0.000029412000000000002,48999856.59733006,0.0,0.0,BEKLE,,0.0,0.0,1.9087,0,61115706.291099966,120.59,0.0,0.0,"[{""usdt"": 14470083.0, ""borsa"": 3, ""fiyat"": 63500.0, ""kaynak"": ""BNB+BYB+OKX""}, {""usdt"": 9686169.0, ""borsa"": 1, ""fiyat"": 63425.0, ""kaynak"": ""BNB""}, {""usdt"": 8315055.0, ""borsa"": 1, ""fiyat"": 63400.0, ""kaynak"": ""BNB""}]","[{""usdt"": 20036281.0, ""borsa"": 3, ""fiyat"": 63525.0, ""kaynak"": ""BNB+BYB+OKX""}, {""usdt"": 13859498.0, ""borsa"": 1, ""fiyat"": 63550.0, ""kaynak"": ""BNB""}, {""usdt"": 10739501.0, ""borsa"": 1, ""fiyat"": 63600.0, ""kaynak"": ""BNB""}]",,,,,,false,,,,,,,,,,5.6,6.7,IZLE,,25,63558.5,,,,,SEVIYE,35,1.8,1,,,,,,,,,0,,30,1.8,13,,,
29315,2026-07-28 05:44:26.338127+00,63503.75,-3678756.0472659096,-1070884.963,11729737621.952,0.000029412000000000002,53180371.584010005,0.0,3.2,BEKLE,,0.0,0.0,1.9087,60.656,57236824.96392,181.246,0.0,3.2,"[{""usdt"": 12588564.0, ""borsa"": 3, ""fiyat"": 63475.0, ""kaynak"": ""BNB+BYB+OKX""}, {""usdt"": 10437992.0, ""borsa"": 1, ""fiyat"": 63400.0, ""kaynak"": ""BNB""}, {""usdt"": 10152775.0, ""borsa"": 1, ""fiyat"": 63425.0, ""kaynak"": ""BNB""}]","[{""usdt"": 17154926.0, ""borsa"": 3, ""fiyat"": 63525.0, ""kaynak"": ""BNB+BYB+OKX""}, {""usdt"": 12960388.0, ""borsa"": 1, ""fiyat"": 63550.0, ""kaynak"": ""BNB""}, {""usdt"": 10161193.0, ""borsa"": 1, ""fiyat"": 63600.0, ""kaynak"": ""BNB""}]",YOK,0.0283,-0.0367,,,false,,false,,0,0,3,1,0,3,2.4,3.5,IZLE,,25,63558.5,,,,,SEVIYE,35,2.8,1,,,,,,,,,0,,30,2.8,13,,,
29316,2026-07-28 05:45:27.032061+00,63527.850000000006,-4133315.2480361094,-1032921.811,11732562961.512001,0.000029412000000000002,51964612.90571005,0.0,10.7,BEKLE,true,0.0,0.0,1.9087,120.992,57268588.739920005,241.582,0.0,10.7,"[{""usdt"": 13059097.0, ""borsa"": 3, ""fiyat"": 63500.0, ""kaynak"": ""BNB+BYB+OKX""}, {""usdt"": 12466384.0, ""borsa"": 3, ""fiyat"": 63475.0, ""kaynak"": ""BNB+BYB+OKX""}, {""usdt"": 9970354.0, ""borsa"": 1, ""fiyat"": 63450.0, ""kaynak"": ""BNB""}]","[{""usdt"": 14042764.0, ""borsa"": 1, ""fiyat"": 63550.0, ""kaynak"": ""BNB""}, {""usdt"": 11291964.0, ""borsa"": 3, ""fiyat"": 63525.0, ""kaynak"": ""BNB+BYB+OKX""}, {""usdt"": 8892666.0, ""borsa"": 1, ""fiyat"": 63625.0, ""kaynak"": ""BNB""}]",YOK,0.0283,-0.0486,,,false,,false,,0,0,3,1,0,3,62.8,61.3,IZLE,,25,63558.5,,,,,SEVIYE,35,3.8,1,,,,,,,,,0,,30,3.8,13,,,
29317,2026-07-28 05:46:27.308041+00,63511.05,-1992887.8867736086,539474.8180000002,11733970869.4803,0.000029412000000000002,50958949.14672005,0.0,67.9,BEKLE,true,0.0,0.0,1.9087,181.679,57483171.232630014,302.269,0.0,67.9,"[{""usdt"": 14213626.0, ""borsa"": 3, ""fiyat"": 63500.0, ""kaynak"": ""BNB+BYB+OKX""}, {""usdt"": 9970354.0, ""borsa"": 1, ""fiyat"": 63450.0, ""kaynak"": ""BNB""}, {""usdt"": 7778026.0, ""borsa"": 1, ""fiyat"": 63425.0, ""kaynak"": ""BNB""}]","[{""usdt"": 18777954.0, ""borsa"": 3, ""fiyat"": 63550.0, ""kaynak"": ""BNB+BYB+OKX""}, {""usdt"": 8892666.0, ""borsa"": 1, ""fiyat"": 63625.0, ""kaynak"": ""BNB""}, {""usdt"": 8849777.0, ""borsa"": 1, ""fiyat"": 63600.0, ""kaynak"": ""BNB""}]",YOK,0.0736,-0.0602,0.3415,0.1302,false,,false,,1,0,3,1,0,3,59.6,60.7,IZLE,,25,63558.5,,,,,SEVIYE,35,4.8,1,,,,,,,,,0,,30,4.8,13,,,
29318,2026-07-28 05:47:28.564753+00,63500.55,-2150737.941693808,214436.44599999997,11729953410.903801,0.000029412000000000002,50103550.413460046,0.0,62.8,BEKLE,true,0.0,0.0,1.9087,242.871,58215227.65192997,363.461,0.0,62.8,"[{""usdt"": 13925160.0, ""borsa"": 3, ""fiyat"": 63475.0, ""kaynak"": ""BNB+BYB+OKX""}, {""usdt"": 10639386.0, ""borsa"": 1, ""fiyat"": 63425.0, ""kaynak"": ""BNB""}, {""usdt"": 9164256.0, ""borsa"": 1, ""fiyat"": 63400.0, ""kaynak"": ""BNB""}]","[{""usdt"": 14386522.0, ""borsa"": 3, ""fiyat"": 63525.0, ""kaynak"": ""BNB+BYB+OKX""}, {""usdt"": 13431662.0, ""borsa"": 1, ""fiyat"": 63550.0, ""kaynak"": ""BNB""}, {""usdt"": 12430945.0, ""borsa"": 1, ""fiyat"": 63600.0, ""kaynak"": ""BNB""}]",YOK,-0.0215,-0.0749,0.3725,0.1622,false,,false,,0,1,3,0,0,3,56.9,58,IZLE,,25,63444.7,,,,,SEVIYE,40,5.8,1,,,,,,,,,0,,30,5.8,13,,,
29319,2026-07-28 05:48:28.939411+00,63490.05,-2033925.205348509,268690.93899999995,11729592044.824398,0.000029412000000000002,52922615.996869996,0.0,58.3,BEKLE,true,0.0,0.0,1.9112,303.191,56003915.02497996,423.781,0.0,58.3,"[{""usdt"": 13634653.0, ""borsa"": 3, ""fiyat"": 63475.0, ""kaynak"": ""BNB+BYB+OKX""}, {""usdt"": 10178107.0, ""borsa"": 1, ""fiyat"": 63425.0, ""kaynak"": ""BNB""}, {""usdt"": 9946433.0, ""borsa"": 1, ""fiyat"": 63400.0, ""kaynak"": ""BNB""}]","[{""usdt"": 16935278.0, ""borsa"": 3, ""fiyat"": 63525.0, ""kaynak"": ""BNB+BYB+OKX""}, {""usdt"": 11529645.0, ""borsa"": 1, ""fiyat"": 63600.0, ""kaynak"": ""BNB""}, {""usdt"": 11439488.0, ""borsa"": 1, ""fiyat"": 63550.0, ""kaynak"": ""BNB""}]",YOK,0.0934,-0.0283,0.3477,0.3127,false,,false,,2,0,3,0,0,3,53.5,54.5,IZLE,,25,63444.7,,,,,SEVIYE,40,6.8,1,,,,,,,,,0,,30,6.8,13,,,
29320,2026-07-28 05:49:29.161905+00,63500.55,-2464817.429282111,276882.90699999995,11726622860.261002,0.000029412000000000002,99010309.77328,0.0,57.2,BEKLE,true,0.0,0.0,1.9112,120.689,55709067.75937994,484.15,0.0,57.2,"[{""usdt"": 46301129.0, ""borsa"": 1, ""fiyat"": 63350.0, ""kaynak"": ""BNB""}, {""usdt"": 13944600.0, ""borsa"": 3, ""fiyat"": 63475.0, ""kaynak"": ""BNB+BYB+OKX""}, {""usdt"": 12432339.0, ""borsa"": 1, ""fiyat"": 63400.0, ""kaynak"": ""BNB""}]","[{""usdt"": 13836283.0, ""borsa"": 3, ""fiyat"": 63500.0, ""kaynak"": ""BNB+BYB+OKX""}, {""usdt"": 11609209.0, ""borsa"": 1, ""fiyat"": 63550.0, ""kaynak"": ""BNB""}, {""usdt"": 10989452.0, ""borsa"": 2, ""fiyat"": 63525.0, ""kaynak"": ""BNB+OKX""}]",PERP,0.025,0.2799,0.2898,0.0485,false,,false,,0,0,3,1,0,3,50,51.1,IZLE,,25,63444.7,,,,,SEVIYE,40,7.8,1,,,,,,,,,0,,30,7.8,13,,,
29321,2026-07-28 05:50:29.424783+00,63495.850000000006,-2465819.799712711,299763.28699999995,11728127028.4334,0.000029412000000000002,48787897.14586006,0.0,66.9,BEKLE,true,0.0,0.0,1.9112,120.571,59099284.29551998,544.352,0.0,66.9,"[{""usdt"": 15413468.0, ""borsa"": 3, ""fiyat"": 63475.0, ""kaynak"": ""BNB+BYB+OKX""}, {""usdt"": 11465731.0, ""borsa"": 1, ""fiyat"": 63400.0, ""kaynak"": ""BNB""}, {""usdt"": 8377008.0, ""borsa"": 1, ""fiyat"": 63425.0, ""kaynak"": ""BNB""}]","[{""usdt"": 14817530.0, ""borsa"": 3, ""fiyat"": 63525.0, ""kaynak"": ""BNB+BYB+OKX""}, {""usdt"": 13342670.0, ""borsa"": 1, ""fiyat"": 63600.0, ""kaynak"": ""BNB""}, {""usdt"": 12832373.0, ""borsa"": 1, ""fiyat"": 63550.0, ""kaynak"": ""BNB""}]",YOK,0.0502,-0.0956,0.3618,0.441,false,,false,,0,1,3,0,0,3,46.3,47.4,IZLE,,25,63444.7,,,,,SEVIYE,40,8.8,1,,,,,,,,,0,,30,8.8,13,,,
29322,2026-07-28 05:51:29.69444+00,63494.55,-1025973.9505752998,-246575.65699999998,11727684023.3885,0.000029412000000000002,53842370.97800005,0.0,39.4,BEKLE,,0.0,0.0,1.9138,180.826,57550717.65030992,604.607,39.4,0.0,"[{""usdt"": 19832166.0, ""borsa"": 3, ""fiyat"": 63475.0, ""kaynak"": ""BNB+BYB+OKX""}, {""usdt"": 10679344.0, ""borsa"": 1, ""fiyat"": 63400.0, ""kaynak"": ""BNB""}, {""usdt"": 7653188.0, ""borsa"": 1, ""fiyat"": 63425.0, ""kaynak"": ""BNB""}]","[{""usdt"": 14079970.0, ""borsa"": 3, ""fiyat"": 63525.0, ""kaynak"": ""BNB+BYB+OKX""}, {""usdt"": 12749860.0, ""borsa"": 1, ""fiyat"": 63550.0, ""kaynak"": ""BNB""}, {""usdt"": 10159921.0, ""borsa"": 1, ""fiyat"": 63600.0, ""kaynak"": ""BNB""}]",YOK,0.01,-0.0333,0.3579,0.388,false,,false,,0,1,3,0,0,3,105.6,43.8,IZLE,,25,63444.7,,,,,SEVIYE,40,9.8,1,,,,,,,,,0,,30,9.8,13,,,
29323,2026-07-28 05:52:29.967695+00,63494.649999999994,-984292.0132671996,-376076.342,11729228614.9102,0.000029412000000000002,49895303.33693002,0.0,34.4,BEKLE,false,0.0,0.0,1.9138,241.117,61029087.01896997,664.898,34.4,0.0,"[{""usdt"": 14069825.0, ""borsa"": 3, ""fiyat"": 63475.0, ""kaynak"": ""BNB+BYB+OKX""}, {""usdt"": 10530442.0, ""borsa"": 1, ""fiyat"": 63400.0, ""kaynak"": ""BNB""}, {""usdt"": 9675800.0, ""borsa"": 1, ""fiyat"": 63425.0, ""kaynak"": ""BNB""}]","[{""usdt"": 14681724.0, ""borsa"": 3, ""fiyat"": 63525.0, ""kaynak"": ""BNB+BYB+OKX""}, {""usdt"": 12402179.0, ""borsa"": 1, ""fiyat"": 63600.0, ""kaynak"": ""BNB""}, {""usdt"": 12149940.0, ""borsa"": 1, ""fiyat"": 63550.0, ""kaynak"": ""BNB""}]",YOK,0.0053,-0.1004,0.4608,0.1519,false,,false,,0,1,3,0,0,3,39.3,40.4,IZLE,,25,63517.1,,,,,SEVIYE,60,0.8,1,,,,,,,,,0,,33,10.8,33,,,
29324,2026-07-28 05:53:30.250525+00,63477.05,-980931.4843256992,-387364.433,11726314208.3486,0.000029412000000000002,53433148.346930034,0.0,38.2,BEKLE,false,0.0,0.0,1.9138,301.398,60675879.88400994,725.179,38.2,0.0,"[{""usdt"": 19785780.0, ""borsa"": 3, ""fiyat"": 63475.0, ""kaynak"": ""BNB+BYB+OKX""}, {""usdt"": 11951326.0, ""borsa"": 1, ""fiyat"": 63400.0, ""kaynak"": ""BNB""}, {""usdt"": 8011822.0, ""borsa"": 2, ""fiyat"": 63450.0, ""kaynak"": ""BNB+BYB""}]","[{""usdt"": 16502402.0, ""borsa"": 3, ""fiyat"": 63500.0, ""kaynak"": ""BNB+BYB+OKX""}, {""usdt"": 12434336.0, ""borsa"": 1, ""fiyat"": 63550.0, ""kaynak"": ""BNB""}, {""usdt"": 10824331.0, ""borsa"": 1, ""fiyat"": 63600.0, ""kaynak"": ""BNB""}]",YOK,0.0286,-0.0635,0.4099,0.3298,false,,false,,0,0,3,0,0,3,35.8,36.8,IZLE,,25,63459.7,,,,,SEVIYE,85,11.8,2,,,,,,,,,0,,33,11.8,33,,,
29325,2026-07-28 05:54:30.830424+00,63464.05,-1081918.1888640998,-461048.641,11724749848.313,0.000029412000000000002,101036294.06233999,0.0,55.8,BEKLE,false,0.0,0.0,1.9138,361.679,52877989.133320004,785.46,55.8,0.0,"[{""usdt"": 52160325.0, ""borsa"": 1, ""fiyat"": 63350.0, ""kaynak"": ""BNB""}, {""usdt"": 13015826.0, ""borsa"": 3, ""fiyat"": 63450.0, ""kaynak"": ""BNB+BYB+OKX""}, {""usdt"": 9591224.0, ""borsa"": 3, ""fiyat"": 63475.0, ""kaynak"": ""BNB+BYB+OKX""}]","[{""usdt"": 15093806.0, ""borsa"": 1, ""fiyat"": 63550.0, ""kaynak"": ""BNB""}, {""usdt"": 13346490.0, ""borsa"": 3, ""fiyat"": 63500.0, ""kaynak"": ""BNB+BYB+OKX""}, {""usdt"": 9316890.0, ""borsa"": 1, ""fiyat"": 63575.0, ""kaynak"": ""BNB""}]",PERP,-0.0477,0.3129,0.4478,0.7703,false,,false,,0,1,3,2,0,3,32.2,33.3,IZLE,,25,63459.7,,,,,SEVIYE,85,12.8,2,,,,,,,,,0,,33,12.8,33,,,
29326,2026-07-28 05:55:31.158352+00,63479.95,-862649.760423799,-461793.892,11724795619.282999,0.000029412000000000002,96392166.26780008,0.0,46.7,BEKLE,false,0.0,0.0,1.9138,60.626,51278182.65357002,846.086,46.7,0.0,"[{""usdt"": 51706815.0, ""borsa"": 1, ""fiyat"": 63350.0, ""kaynak"": ""BNB""}, {""usdt"": 12105993.0, ""borsa"": 3, ""fiyat"": 63450.0, ""kaynak"": ""BNB+BYB+OKX""}, {""usdt"": 9250344.0, ""borsa"": 1, ""fiyat"": 63400.0, ""kaynak"": ""BNB""}]","[{""usdt"": 14262093.0, ""borsa"": 3, ""fiyat"": 63500.0, ""kaynak"": ""BNB+BYB+OKX""}, {""usdt"": 11343776.0, ""borsa"": 1, ""fiyat"": 63550.0, ""kaynak"": ""BNB""}, {""usdt"": 9414970.0, ""borsa"": 1, ""fiyat"": 63575.0, ""kaynak"": ""BNB""}]",PERP,-0.0134,0.3055,0.4767,0.3082,false,,false,,0,1,3,2,0,3,28.8,30,IZLE,,25,63459.7,,,,,SEVIYE,85,13.9,2,,,,,,,,,0,,33,13.9,33,,,
29327,2026-07-28 05:56:31.448684+00,63456.45,-265606.22320780135,6436.66,11726234111.296501,0.000029412000000000002,100350827.61648,0.0,25.6,BEKLE,true,0.0,0.0,1.9138,120.909,57323031.72501999,906.369,0.0,25.6,"[{""usdt"": 52207905.0, ""borsa"": 1, ""fiyat"": 63350.0, ""kaynak"": ""BNB""}, {""usdt"": 18561335.0, ""borsa"": 3, ""fiyat"": 63450.0, ""kaynak"": ""BNB+BYB+OKX""}, {""usdt"": 11226199.0, ""borsa"": 1, ""fiyat"": 63375.0, ""kaynak"": ""BNB""}]","[{""usdt"": 14431365.0, ""borsa"": 1, ""fiyat"": 63550.0, ""kaynak"": ""BNB""}, {""usdt"": 13735202.0, ""borsa"": 3, ""fiyat"": 63475.0, ""kaynak"": ""BNB+BYB+OKX""}, {""usdt"": 11135495.0, ""borsa"": 3, ""fiyat"": 63500.0, ""kaynak"": ""BNB+BYB+OKX""}]",PERP,-0.0437,0.2729,0.5653,1.8463,false,,false,,0,0,3,1,1,3,25.3,26.3,IZLE,,25,63459.7,,,,,SEVIYE,85,14.9,2,,,,,,,,,0,,33,14.9,33,,,
29328,2026-07-28 05:57:31.95276+00,63447.350000000006,-540063.4832186011,-2898.5790000000006,11723218700.671001,0.000029412000000000002,98726022.08436003,0.0,32.0,BEKLE,,0.0,0.0,1.9121,181.214,56067135.69913001,966.674,0.0,32.0,"[{""usdt"": 54409577.0, ""borsa"": 1, ""fiyat"": 63350.0, ""kaynak"": ""BNB""}, {""usdt"": 16806713.0, ""borsa"": 3, ""fiyat"": 63450.0, ""kaynak"": ""BNB+BYB+OKX""}, {""usdt"": 9673596.0, ""borsa"": 2, ""fiyat"": 63425.0, ""kaynak"": ""BNB+BYB""}]","[{""usdt"": 15959794.0, ""borsa"": 3, ""fiyat"": 63475.0, ""kaynak"": ""BNB+BYB+OKX""}, {""usdt"": 13043552.0, ""borsa"": 1, ""fiyat"": 63550.0, ""kaynak"": ""BNB""}, {""usdt"": 10110642.0, ""borsa"": 1, ""fiyat"": 63525.0, ""kaynak"": ""BNB""}]",PERP,0.0154,0.2756,0.34,2.3595,false,,false,,0,0,3,1,0,3,21.7,22.8,IZLE,,25,63459.7,,,,,SEVIYE,85,15.9,2,,,,,,,,,0,,33,15.9,33,,,
29329,2026-07-28 05:58:32.199153+00,63444.75,-594527.7112148005,-136915.94,11720358271.3537,0.000029412000000000002,97247285.36105,0.0,26.6,BEKLE,true,0.0,0.0,1.9121,241.721,56208760.43507001,1027.181,0.0,26.6,"[{""usdt"": 53320065.0, ""borsa"": 1, ""fiyat"": 63350.0, ""kaynak"": ""BNB""}, {""usdt"": 16401682.0, ""borsa"": 3, ""fiyat"": 63425.0, ""kaynak"": ""BNB+BYB+OKX""}, {""usdt"": 8951477.0, ""borsa"": 1, ""fiyat"": 63400.0, ""kaynak"": ""BNB""}]","[{""usdt"": 14568195.0, ""borsa"": 3, ""fiyat"": 63475.0, ""kaynak"": ""BNB+BYB+OKX""}, {""usdt"": 11876293.0, ""borsa"": 1, ""fiyat"": 63550.0, ""kaynak"": ""BNB""}, {""usdt"": 11423270.0, ""borsa"": 1, ""fiyat"": 63525.0, ""kaynak"": ""BNB""}]",PERP,-0.0656,0.2674,0.4003,2.1819,false,,false,,0,1,3,1,1,3,18.4,19.5,IZLE,,25,63459.7,,,,,SEVIYE,85,16.9,2,,,,,,,,,0,,33,16.9,33,,,
29330,2026-07-28 05:59:32.457427+00,63429.55,-782680.3103691003,-121237.891,11718816296.495098,0.000029412000000000002,99777124.88565025,0.0,29.0,BEKLE,true,0.0,0.0,1.9121,301.928,52707402.79273997,1087.388,0.0,29.0,"[{""usdt"": 53934974.0, ""borsa"": 1, ""fiyat"": 63350.0, ""kaynak"": ""BNB""}, {""usdt"": 19721904.0, ""borsa"": 3, ""fiyat"": 63400.0, ""kaynak"": ""BNB+BYB+OKX""}, {""usdt"": 9894875.0, ""borsa"": 1, ""fiyat"": 63325.0, ""kaynak"": ""BNB""}]","[{""usdt"": 13927911.0, ""borsa"": 3, ""fiyat"": 63450.0, ""kaynak"": ""BNB+BYB+OKX""}, {""usdt"": 9679197.0, ""borsa"": 1, ""fiyat"": 63500.0, ""kaynak"": ""BNB""}, {""usdt"": 7866694.0, ""borsa"": 1, ""fiyat"": 63475.0, ""kaynak"": ""BNB""}]",PERP,-0.0754,0.3087,0.2759,2.0744,false,,false,,0,1,3,2,0,3,14.8,15.8,IZLE,,25,63459.7,,,,,SEVIYE,85,17.9,2,,,,,,,,,0,,33,17.9,33,,,
29331,2026-07-28 06:00:32.747275+00,63423.45,-657868.8194493018,-263548.0,11716045870.8993,0.000029412000000000002,100142127.80186005,0.0,23.4,BEKLE,true,0.0,0.0,1.9121,362.2,48328376.050919995,60.272,0.0,23.4,"[{""usdt"": 54079884.0, ""borsa"": 1, ""fiyat"": 63350.0, ""kaynak"": ""BNB""}, {""usdt"": 23084682.0, ""borsa"": 3, ""fiyat"": 63400.0, ""kaynak"": ""BNB+BYB+OKX""}, {""usdt"": 8061101.0, ""borsa"": 1, ""fiyat"": 63300.0, ""kaynak"": ""BNB""}]","[{""usdt"": 13990914.0, ""borsa"": 3, ""fiyat"": 63425.0, ""kaynak"": ""BNB+BYB+OKX""}, {""usdt"": 9221961.0, ""borsa"": 1, ""fiyat"": 63525.0, ""kaynak"": ""BNB""}, {""usdt"": 8873330.0, ""borsa"": 1, ""fiyat"": 63500.0, ""kaynak"": ""BNB""}]",PERP,-0.0028,0.349,0.3089,5.5565,false,,false,,1,0,3,2,0,3,11.2,12.2,IZLE,,25,63459.7,,,,,SEVIYE,85,18.9,2,,,,,,,,,0,,33,18.9,33,,,
29332,2026-07-28 06:01:33.002069+00,63413.75,-139649.49273899954,-393213.69,11713898177.9904,0.000029412000000000002,91062151.26824,0.0,41.5,BEKLE,false,0.0,0.0,1.9121,422.516,55657572.64837996,60.316,41.5,0.0,"[{""usdt"": 53755260.0, ""borsa"": 1, ""fiyat"": 63350.0, ""kaynak"": ""BNB""}, {""usdt"": 15458215.0, ""borsa"": 3, ""fiyat"": 63400.0, ""kaynak"": ""BNB+BYB+OKX""}, {""usdt"": 7269331.0, ""borsa"": 1, ""fiyat"": 63325.0, ""kaynak"": ""BNB""}]","[{""usdt"": 13139263.0, ""borsa"": 3, ""fiyat"": 63450.0, ""kaynak"": ""BNB+BYB+OKX""}, {""usdt"": 8956198.0, ""borsa"": 1, ""fiyat"": 63475.0, ""kaynak"": ""BNB""}, {""usdt"": 8858501.0, ""borsa"": 1, ""fiyat"": 63550.0, ""kaynak"": ""BNB""}]",PERP,-0.0945,0.2413,0.12,2.6534,false,,false,,0,1,3,1,0,3,7.6,8.7,IZLE,,25,63459.7,,,,,SEVIYE,85,19.9,2,,,,,,,,,0,,33,19.9,33,,,
29333,2026-07-28 06:02:33.4531+00,63411.649999999994,284087.61291510146,-549656.326,11718111039.9881,0.000029412000000000002,98266870.57532007,0.0,42.6,BEKLE,,0.0,0.0,1.9104,482.913,53781096.03780999,120.713,42.6,0.0,"[{""usdt"": 53542285.0, ""borsa"": 1, ""fiyat"": 63350.0, ""kaynak"": ""BNB""}, {""usdt"": 20523334.0, ""borsa"": 3, ""fiyat"": 63400.0, ""kaynak"": ""BNB+BYB+OKX""}, {""usdt"": 9834550.0, ""borsa"": 1, ""fiyat"": 63300.0, ""kaynak"": ""BNB""}]","[{""usdt"": 16930600.0, ""borsa"": 3, ""fiyat"": 63425.0, ""kaynak"": ""BNB+BYB+OKX""}, {""usdt"": 9971968.0, ""borsa"": 1, ""fiyat"": 63475.0, ""kaynak"": ""BNB""}, {""usdt"": 8541535.0, ""borsa"": 1, ""fiyat"": 63525.0, ""kaynak"": ""BNB""}]",PERP,-0.0536,0.2926,0.3945,1.1146,false,,false,,0,1,3,1,0,3,4.2,5.2,IZLE,,25,63455.5,,,,,SEVIYE,65,20.9,3,,,,,,,,,0,,31,20.9,31,,,
29334,2026-07-28 06:03:33.733363+00,63395.25,166497.28341900103,-150047.928,11715734575.641003,0.000029412000000000002,95895755.30432011,0.0,5.5,BEKLE,,0.0,0.0,1.9104,543.217,50565366.55170996,60.304,5.5,0.0,"[{""usdt"": 52946336.0, ""borsa"": 1, ""fiyat"": 63350.0, ""kaynak"": ""BNB""}, {""usdt"": 13487564.0, ""borsa"": 2, ""fiyat"": 63375.0, ""kaynak"": ""BNB+BYB""}, {""usdt"": 10674079.0, ""borsa"": 1, ""fiyat"": 63300.0, ""kaynak"": ""BNB""}]","[{""usdt"": 18182467.0, ""borsa"": 3, ""fiyat"": 63425.0, ""kaynak"": ""BNB+BYB+OKX""}, {""usdt"": 9597109.0, ""borsa"": 2, ""fiyat"": 63450.0, ""kaynak"": ""BNB+OKX""}, {""usdt"": 7803348.0, ""borsa"": 1, ""fiyat"": 63475.0, ""kaynak"": ""BNB""}]",PERP,-0.0754,0.3095,0.9616,4.0801,false,,false,,0,1,3,1,0,3,63.4,63,IZLE,,25,63341.2,,,,,SEVIYE,50,21.9,3,,,,,,,,,0,,31,21.9,31,,,
29335,2026-07-28 06:04:33.954499+00,63393.850000000006,-251591.37764799644,-319912.539,11712192601.9713,0.000029412000000000002,97935549.36944012,633.929,23.0,BEKLE,true,633.929,0.0,1.9104,603.438,49834859.942359954,120.525,23.0,0.0,"[{""usdt"": 52946336.0, ""borsa"": 1, ""fiyat"": 63350.0, ""kaynak"": ""BNB""}, {""usdt"": 23510461.0, ""borsa"": 3, ""fiyat"": 63375.0, ""kaynak"": ""BNB+BYB+OKX""}, {""usdt"": 10674079.0, ""borsa"": 1, ""fiyat"": 63300.0, ""kaynak"": ""BNB""}]","[{""usdt"": 12422404.0, ""borsa"": 3, ""fiyat"": 63400.0, ""kaynak"": ""BNB+BYB+OKX""}, {""usdt"": 10955768.0, ""borsa"": 3, ""fiyat"": 63425.0, ""kaynak"": ""BNB+BYB+OKX""}, {""usdt"": 8913981.0, ""borsa"": 1, ""fiyat"": 63450.0, ""kaynak"": ""BNB""}]",PERP,-0.1002,0.3255,0.536,2.351,false,,false,,0,1,3,1,0,3,60.8,61.9,IZLE,,25,63341.2,,,,,SEVIYE,50,22.9,3,,,,,,,1785218580,1,0,,31,22.9,31,,,
29336,2026-07-28 06:05:34.380042+00,63376.649999999994,-348754.30732599774,-120553.851,11709724195.0654,0.000029412000000000002,88773704.42688024,633.929,18.1,BEKLE,false,633.929,0.0,1.9104,663.689,49719341.28362999,120.472,0.0,18.1,"[{""usdt"": 53693656.0, ""borsa"": 2, ""fiyat"": 63350.0, ""kaynak"": ""BNB+BYB""}, {""usdt"": 14435183.0, ""borsa"": 3, ""fiyat"": 63375.0, ""kaynak"": ""BNB+BYB+OKX""}, {""usdt"": 7622032.0, ""borsa"": 1, ""fiyat"": 63300.0, ""kaynak"": ""BNB""}]","[{""usdt"": 14343349.0, ""borsa"": 3, ""fiyat"": 63400.0, ""kaynak"": ""BNB+BYB+OKX""}, {""usdt"": 10155125.0, ""borsa"": 3, ""fiyat"": 63425.0, ""kaynak"": ""BNB+BYB+OKX""}, {""usdt"": 8980265.0, ""borsa"": 1, ""fiyat"": 63450.0, ""kaynak"": ""BNB""}]",PERP,0.0033,0.282,0.483,4.7718,false,,false,,1,0,3,1,1,3,57.2,58.3,IZLE,,25,63341.2,,,,,SEVIYE,50,23.9,3,,,,,,,1785218580,1,1,,31,23.9,31,,,
29337,2026-07-28 06:06:34.753977+00,63374.25,-312246.33586939774,-120383.404,11709142316.769798,0.000029412000000000002,92544192.67761011,633.929,27.4,BEKLE,false,633.929,0.0,1.9044,724.139,52235098.829759985,180.922,0.0,27.4,"[{""usdt"": 57897905.0, ""borsa"": 3, ""fiyat"": 63350.0, ""kaynak"": ""BNB+BYB+OKX""}, {""usdt"": 10115822.0, ""borsa"": 1, ""fiyat"": 63275.0, ""kaynak"": ""BNB""}, {""usdt"": 8995174.0, ""borsa"": 3, ""fiyat"": 63375.0, ""kaynak"": ""BNB+BYB+OKX""}]","[{""usdt"": 13717939.0, ""borsa"": 3, ""fiyat"": 63400.0, ""kaynak"": ""BNB+BYB+OKX""}, {""usdt"": 10112829.0, ""borsa"": 1, ""fiyat"": 63450.0, ""kaynak"": ""BNB""}, {""usdt"": 8696025.0, ""borsa"": 1, ""fiyat"": 63475.0, ""kaynak"": ""BNB""}]",PERP,-0.0548,0.2784,0.2147,3.2068,false,,false,,0,1,3,1,0,3,53.8,54.9,IZLE,,25,63341.2,,,,,SEVIYE,50,24.9,3,,,,,,,1785218580,1,2,,31,24.9,31,,,
29338,2026-07-28 06:07:35.037286+00,63368.05,-164465.9222540979,-1044560.062,11709706078.329899,0.000029412000000000002,89365457.65220003,633.929,58.8,BEKLE,true,633.929,0.0,1.9044,784.534,53336099.85513002,241.317,58.8,0.0,"[{""usdt"": 58230250.0, ""borsa"": 3, ""fiyat"": 63350.0, ""kaynak"": ""BNB+BYB+OKX""}, {""usdt"": 8301597.0, ""borsa"": 1, ""fiyat"": 63275.0, ""kaynak"": ""BNB""}, {""usdt"": 7554058.0, ""borsa"": 1, ""fiyat"": 63325.0, ""kaynak"": ""BNB""}]","[{""usdt"": 13824699.0, ""borsa"": 3, ""fiyat"": 63400.0, ""kaynak"": ""BNB+BYB+OKX""}, {""usdt"": 9543270.0, ""borsa"": 3, ""fiyat"": 63375.0, ""kaynak"": ""BNB+BYB+OKX""}, {""usdt"": 9302324.0, ""borsa"": 1, ""fiyat"": 63450.0, ""kaynak"": ""BNB""}]",PERP,-0.0436,0.2525,0.2815,1.7855,false,,false,,0,1,3,1,1,3,50.3,51.4,IZLE,,25,63341.2,,,,,SEVIYE,50,25.9,3,,,,,,,1785218580,1,3,,31,25.9,31,,,
29339,2026-07-28 06:08:35.264704+00,63365.45,-246603.4070093981,-1124801.115,11708278479.188,0.000029412000000000002,99135731.54127026,8047.6471,81.3,BEKLE,true,8047.6471,0.0,1.9044,844.75,54750469.06453,301.533,81.3,0.0,"[{""usdt"": 66687923.0, ""borsa"": 3, ""fiyat"": 63350.0, ""kaynak"": ""BNB+BYB+OKX""}, {""usdt"": 10149298.0, ""borsa"": 1, ""fiyat"": 63275.0, ""kaynak"": ""BNB""}, {""usdt"": 7993373.0, ""borsa"": 1, ""fiyat"": 63325.0, ""kaynak"": ""BNB""}]","[{""usdt"": 17130271.0, ""borsa"": 3, ""fiyat"": 63375.0, ""kaynak"": ""BNB+BYB+OKX""}, {""usdt"": 11035770.0, ""borsa"": 3, ""fiyat"": 63400.0, ""kaynak"": ""BNB+BYB+OKX""}, {""usdt"": 8961483.0, ""borsa"": 1, ""fiyat"": 63425.0, ""kaynak"": ""BNB""}]",PERP,-0.1159,0.2884,0.1548,0.729,false,,false,,0,1,3,1,2,3,46.7,47.8,IZLE,,25,63341.2,,,,,SEVIYE,50,26.9,3,,,,,,,1785218820,1,0,,31,26.9,31,,,
29340,2026-07-28 06:09:35.54887+00,63378.149999999994,-356361.54988099757,-1095567.7119999998,11710250571.0333,0.000029412000000000002,101157137.85835017,8047.6471,71.4,BEKLE,,8047.6471,0.0,1.9044,905.051,56489388.567820005,60.301,71.4,0.0,"[{""usdt"": 62627519.0, ""borsa"": 3, ""fiyat"": 63350.0, ""kaynak"": ""BNB+BYB+OKX""}, {""usdt"": 13922080.0, ""borsa"": 2, ""fiyat"": 63325.0, ""kaynak"": ""BNB+BYB""}, {""usdt"": 9539365.0, ""borsa"": 1, ""fiyat"": 63275.0, ""kaynak"": ""BNB""}]","[{""usdt"": 17673299.0, ""borsa"": 3, ""fiyat"": 63375.0, ""kaynak"": ""BNB+BYB+OKX""}, {""usdt"": 11980564.0, ""borsa"": 3, ""fiyat"": 63400.0, ""kaynak"": ""BNB+BYB+OKX""}, {""usdt"": 9585317.0, ""borsa"": 1, ""fiyat"": 63425.0, ""kaynak"": ""BNB""}]",PERP,-0.145,0.2833,0.0552,0.5396,false,,false,,0,2,3,1,0,3,42.6,43.7,IZLE,,25,63341.2,,,,,SEVIYE,50,27.9,3,,,,,,,1785218820,1,1,,31,27.9,31,,,
29341,2026-07-28 06:10:35.945798+00,63388.05,1844284.3924244002,-130557.89999999997,11717182952.083801,0.000029412000000000002,93735935.58146015,8047.6471,5.6,BEKLE,,8047.6471,0.0,1.9044,965.387,57743194.789220005,60.336,5.6,0.0,"[{""usdt"": 52275235.0, ""borsa"": 1, ""fiyat"": 63350.0, ""kaynak"": ""BNB""}, {""usdt"": 17599962.0, ""borsa"": 3, ""fiyat"": 63375.0, ""kaynak"": ""BNB+BYB+OKX""}, {""usdt"": 9495748.0, ""borsa"": 1, ""fiyat"": 63325.0, ""kaynak"": ""BNB""}]","[{""usdt"": 15064973.0, ""borsa"": 3, ""fiyat"": 63425.0, ""kaynak"": ""BNB+BYB+OKX""}, {""usdt"": 11799878.0, ""borsa"": 1, ""fiyat"": 63475.0, ""kaynak"": ""BNB""}, {""usdt"": 9575558.0, ""borsa"": 1, ""fiyat"": 63450.0, ""kaynak"": ""BNB""}]",PERP,0.057,0.2376,0.9896,0.3359,false,,false,,0,0,3,1,0,3,39.1,40.2,IZLE,,25,63341.2,,,,,SEVIYE,50,28.9,3,,,,,,,1785218820,1,2,,31,28.9,31,,,
29342,2026-07-28 06:11:36.326968+00,63382.649999999994,1700171.5519460998,-57864.67200000006,11714460260.911098,0.000029412000000000002,97933452.00918014,8047.6471,10.1,BEKLE,false,8047.6471,0.0,1.9044,1025.779,59715732.95485003,60.392,0.0,10.1,"[{""usdt"": 64497601.0, ""borsa"": 3, ""fiyat"": 63350.0, ""kaynak"": ""BNB+BYB+OKX""}, {""usdt"": 9490609.0, ""borsa"": 3, ""fiyat"": 63375.0, ""kaynak"": ""BNB+BYB+OKX""}, {""usdt"": 8062213.0, ""borsa"": 1, ""fiyat"": 63325.0, ""kaynak"": ""BNB""}]","[{""usdt"": 18424330.0, ""borsa"": 3, ""fiyat"": 63400.0, ""kaynak"": ""BNB+BYB+OKX""}, {""usdt"": 9367293.0, ""borsa"": 1, ""fiyat"": 63450.0, ""kaynak"": ""BNB""}, {""usdt"": 9195502.0, ""borsa"": 1, ""fiyat"": 63475.0, ""kaynak"": ""BNB""}]",PERP,-0.0675,0.2424,0.9329,0.2543,false,,false,,0,1,3,1,1,3,35.7,36.7,IZLE,,25,63341.2,,,,,SEVIYE,50,29.9,3,,,,,,,1785218820,1,3,,31,29.9,31,,,
29343,2026-07-28 06:12:36.597407+00,63380.25,1647339.7495819002,-59856.036000000015,11714362815.7425,0.000029412000000000002,99217348.82246019,13183.580800000002,36.8,BEKLE,false,13183.580800000002,0.0,1.8977,1086.097,55296294.206819996,120.71,0.0,36.8,"[{""usdt"": 57515700.0, ""borsa"": 3, ""fiyat"": 63350.0, ""kaynak"": ""BNB+BYB+OKX""}, {""usdt"": 18498390.0, ""borsa"": 3, ""fiyat"": 63375.0, ""kaynak"": ""BNB+BYB+OKX""}, {""usdt"": 8172177.0, ""borsa"": 1, ""fiyat"": 63325.0, ""kaynak"": ""BNB""}]","[{""usdt"": 17879505.0, ""borsa"": 3, ""fiyat"": 63400.0, ""kaynak"": ""BNB+BYB+OKX""}, {""usdt"": 9429872.0, ""borsa"": 1, ""fiyat"": 63475.0, ""kaynak"": ""BNB""}, {""usdt"": 9164471.0, ""borsa"": 1, ""fiyat"": 63450.0, ""kaynak"": ""BNB""}]",PERP,-0.0877,0.2843,0.4428,0.1953,false,,false,,0,1,3,2,0,3,32.1,33.2,IZLE,,25,63329.1,,,,,SEVIYE,55,30.9,4,,,,,,,1785219120,1,0,,30,30.9,30,,,
29344,2026-07-28 06:13:36.842788+00,63380.05,1502908.0859168973,-64025.23100000002,11714020630.56,0.000029412000000000002,95852684.28982003,13373.284000000001,47.4,BEKLE,false,13373.284000000001,0.0,1.8977,1146.329,59212552.7703,180.942,0.0,47.4,"[{""usdt"": 63080121.0, ""borsa"": 3, ""fiyat"": 63350.0, ""kaynak"": ""BNB+BYB+OKX""}, {""usdt"": 9022765.0, ""borsa"": 3, ""fiyat"": 63375.0, ""kaynak"": ""BNB+BYB+OKX""}, {""usdt"": 8166185.0, ""borsa"": 1, ""fiyat"": 63275.0, ""kaynak"": ""BNB""}]","[{""usdt"": 19372481.0, ""borsa"": 3, ""fiyat"": 63400.0, ""kaynak"": ""BNB+BYB+OKX""}, {""usdt"": 10137685.0, ""borsa"": 1, ""fiyat"": 63450.0, ""kaynak"": ""BNB""}, {""usdt"": 8940314.0, ""borsa"": 1, ""fiyat"": 63425.0, ""kaynak"": ""BNB""}]",PERP,-0.0544,0.2363,0.416,0.2274,false,,false,,0,0,3,1,1,3,28.5,29.5,IZLE,,25,63329.1,,,,,SEVIYE,55,31.9,4,,,,,,,1785219180,1,0,,30,31.9,30,,,
29345,2026-07-28 06:14:37.15692+00,63393.05,1878884.7945019975,15322.494999999932,11718243796.069399,0.000029412000000000002,93593010.89195001,13373.343700000001,45.1,BEKLE,,13373.343700000001,0.0,1.8977,1206.606,57235977.097099975,241.219,0.0,45.1,"[{""usdt"": 52160990.0, ""borsa"": 1, ""fiyat"": 63350.0, ""kaynak"": ""BNB""}, {""usdt"": 16939788.0, ""borsa"": 3, ""fiyat"": 63375.0, ""kaynak"": ""BNB+BYB+OKX""}, {""usdt"": 8429930.0, ""borsa"": 1, ""fiyat"": 63300.0, ""kaynak"": ""BNB""}]","[{""usdt"": 15822550.0, ""borsa"": 3, ""fiyat"": 63425.0, ""kaynak"": ""BNB+BYB+OKX""}, {""usdt"": 12052153.0, ""borsa"": 1, ""fiyat"": 63475.0, ""kaynak"": ""BNB""}, {""usdt"": 9768335.0, ""borsa"": 1, ""fiyat"": 63450.0, ""kaynak"": ""BNB""}]",PERP,-0.0106,0.241,0.4649,0.2029,false,,false,,0,0,3,1,0,3,24.9,26,IZLE,,25,63329.1,,,,,SEVIYE,55,33.0,4,,,,,,,1785219180,1,0,,30,33.0,30,,,
29346,2026-07-28 06:15:37.468258+00,63412.95,1514122.2339394938,631662.845,11718773493.1253,0.000029412000000000002,95416038.84721997,13373.343700000001,43.0,BEKLE,false,13373.343700000001,0.0,1.8977,1266.907,55418928.45899003,301.52,0.0,43.0,"[{""usdt"": 53401793.0, ""borsa"": 1, ""fiyat"": 63350.0, ""kaynak"": ""BNB""}, {""usdt"": 16690240.0, ""borsa"": 3, ""fiyat"": 63375.0, ""kaynak"": ""BNB+BYB+OKX""}, {""usdt"": 7812719.0, ""borsa"": 1, ""fiyat"": 63300.0, ""kaynak"": ""BNB""}]","[{""usdt"": 14631307.0, ""borsa"": 3, ""fiyat"": 63425.0, ""kaynak"": ""BNB+BYB+OKX""}, {""usdt"": 10340654.0, ""borsa"": 1, ""fiyat"": 63450.0, ""kaynak"": ""BNB""}, {""usdt"": 10295606.0, ""borsa"": 1, ""fiyat"": 63475.0, ""kaynak"": ""BNB""}]",PERP,-0.0591,0.2652,0.1576,0.7781,false,,false,,0,0,3,3,0,3,21.3,22.4,IZLE,,25,63485.4,,,,,SEVIYE,100,34.0,4,,,,,,,1785219180,1,1,,30,34.0,30,,,
29347,2026-07-28 06:16:37.973383+00,63408.850000000006,1873287.4186543932,759741.5369999999,11720787044.6183,0.000029412000000000002,96591532.88238995,13373.343700000001,37.6,BEKLE,false,13373.343700000001,0.0,1.8977,1327.464,57055522.69277005,362.077,0.0,37.6,"[{""usdt"": 54292626.0, ""borsa"": 1, ""fiyat"": 63350.0, ""kaynak"": ""BNB""}, {""usdt"": 13080364.0, ""borsa"": 3, ""fiyat"": 63400.0, ""kaynak"": ""BNB+BYB+OKX""}, {""usdt"": 12301012.0, ""borsa"": 3, ""fiyat"": 63375.0, ""kaynak"": ""BNB+BYB+OKX""}]","[{""usdt"": 18305917.0, ""borsa"": 3, ""fiyat"": 63425.0, ""kaynak"": ""BNB+BYB+OKX""}, {""usdt"": 10588182.0, ""borsa"": 1, ""fiyat"": 63500.0, ""kaynak"": ""BNB""}, {""usdt"": 10444873.0, ""borsa"": 1, ""fiyat"": 63475.0, ""kaynak"": ""BNB""}]",PERP,-0.0405,0.2573,0.0838,0.8302,false,,false,0.8262,0,0,3,1,0,3,18.1,19.1,YOK,,0,63485.4,,,,,SEVIYE,100,35.0,4,,,,,,,1785219180,1,2,,30,35.0,30,,,
29348,2026-07-28 06:17:38.169289+00,63417.95,2043378.4356390927,705759.4139999999,11722671462.5192,0.000029412000000000002,101918584.52281988,190.1997,36.8,BEKLE,false,190.1997,0.0,1.8977,1387.687,56251825.669999965,422.3,0.0,36.8,"[{""usdt"": 54846358.0, ""borsa"": 1, ""fiyat"": 63350.0, ""kaynak"": ""BNB""}, {""usdt"": 14831692.0, ""borsa"": 3, ""fiyat"": 63375.0, ""kaynak"": ""BNB+BYB+OKX""}, {""usdt"": 13294806.0, ""borsa"": 3, ""fiyat"": 63400.0, ""kaynak"": ""BNB+BYB+OKX""}]","[{""usdt"": 17236196.0, ""borsa"": 3, ""fiyat"": 63425.0, ""kaynak"": ""BNB+BYB+OKX""}, {""usdt"": 11770722.0, ""borsa"": 1, ""fiyat"": 63500.0, ""kaynak"": ""BNB""}, {""usdt"": 8645712.0, ""borsa"": 1, ""fiyat"": 63450.0, ""kaynak"": ""BNB""}]",PERP,-0.0964,0.2887,0.1826,1.1382,false,,false,0.824,0,1,3,1,0,3,14.3,15.4,IZLE,,25,63485.4,,,,,SEVIYE,100,36.0,4,,,,,,,1785219180,1,0,,30,36.0,30,,,
29349,2026-07-28 06:18:38.391366+00,63414.25,2550183.0017556925,766568.304,11723036059.828402,0.000029412000000000002,98034901.57651995,0.0,38.9,BEKLE,false,0.0,0.0,1.8977,1447.895,52657342.376430005,482.508,0.0,38.9,"[{""usdt"": 54188252.0, ""borsa"": 1, ""fiyat"": 63350.0, ""kaynak"": ""BNB""}, {""usdt"": 16907847.0, ""borsa"": 3, ""fiyat"": 63400.0, ""kaynak"": ""BNB+BYB+OKX""}, {""usdt"": 8919175.0, ""borsa"": 3, ""fiyat"": 63375.0, ""kaynak"": ""BNB+BYB+OKX""}]","[{""usdt"": 15091904.0, ""borsa"": 3, ""fiyat"": 63425.0, ""kaynak"": ""BNB+BYB+OKX""}, {""usdt"": 11701523.0, ""borsa"": 1, ""fiyat"": 63500.0, ""kaynak"": ""BNB""}, {""usdt"": 8979837.0, ""borsa"": 3, ""fiyat"": 63450.0, ""kaynak"": ""BNB+BYB+OKX""}]",PERP,-0.001,0.3011,0.3526,0.7539,false,,false,1.0796,0,0,3,2,0,3,10.7,11.8,IZLE,,25,63485.4,,,,,SEVIYE,100,37.0,4,,,,,,,,,0,,30,37.0,30,,,
29350,2026-07-28 06:19:38.629919+00,63416.55,2707016.862860493,848715.637,11723232066.5985,0.000029412000000000002,93269043.6474899,0.0,41.4,BEKLE,false,0.0,0.0,1.8977,1508.128,52714891.78368999,542.741,0.0,41.4,"[{""usdt"": 53404944.0, ""borsa"": 1, ""fiyat"": 63350.0, ""kaynak"": ""BNB""}, {""usdt"": 15284446.0, ""borsa"": 3, ""fiyat"": 63400.0, ""kaynak"": ""BNB+BYB+OKX""}, {""usdt"": 9000349.0, ""borsa"": 3, ""fiyat"": 63375.0, ""kaynak"": ""BNB+BYB+OKX""}]","[{""usdt"": 14229725.0, ""borsa"": 3, ""fiyat"": 63425.0, ""kaynak"": ""BNB+BYB+OKX""}, {""usdt"": 10526133.0, ""borsa"": 1, ""fiyat"": 63475.0, ""kaynak"": ""BNB""}, {""usdt"": 9297774.0, ""borsa"": 1, ""fiyat"": 63525.0, ""kaynak"": ""BNB""}]",PERP,-0.0666,0.2778,0.3003,0.5578,false,,false,1.1743,0,0,3,2,1,3,7.1,8.1,IZLE,,25,63485.4,,,,,SEVIYE,100,38.0,4,,,,,,,,,0,,30,38.0,30,,,
29351,2026-07-28 06:20:38.88684+00,63429.75,399202.4761780949,67715.353,11725510346.514599,0.000029412000000000002,90909992.02269001,0.0,81.7,BEKLE,,0.0,0.0,1.8986,1568.361,58059056.60685001,602.974,81.7,0.0,"[{""usdt"": 56119346.0, ""borsa"": 1, ""fiyat"": 63350.0, ""kaynak"": ""BNB""}, {""usdt"": 12606775.0, ""borsa"": 3, ""fiyat"": 63400.0, ""kaynak"": ""BNB+BYB+OKX""}, {""usdt"": 8030464.0, ""borsa"": 3, ""fiyat"": 63425.0, ""kaynak"": ""BNB+BYB+OKX""}]","[{""usdt"": 17041752.0, ""borsa"": 3, ""fiyat"": 63450.0, ""kaynak"": ""BNB+BYB+OKX""}, {""usdt"": 10615580.0, ""borsa"": 1, ""fiyat"": 63500.0, ""kaynak"": ""BNB""}, {""usdt"": 9282556.0, ""borsa"": 1, ""fiyat"": 63525.0, ""kaynak"": ""BNB""}]",PERP,-0.0115,0.2205,0.4606,0.4542,false,,true,0.2512,0,0,3,1,1,3,3.5,4.5,IZLE,,25,63485.4,,,,,SEVIYE,100,39.0,4,,,,,,,,,0,,30,39.0,30,,,
29352,2026-07-28 06:21:39.126385+00,63477.45,1295078.1215710947,144034.228,11731869169.270699,0.000029412000000000002,95533901.36359,0.0,99.9,BEKLE,true,0.0,0.0,1.8986,1628.645,58379349.45154992,663.258,99.9,0.0,"[{""usdt"": 53517886.0, ""borsa"": 1, ""fiyat"": 63350.0, ""kaynak"": ""BNB""}, {""usdt"": 15767295.0, ""borsa"": 3, ""fiyat"": 63400.0, ""kaynak"": ""BNB+BYB+OKX""}, {""usdt"": 10959122.0, ""borsa"": 3, ""fiyat"": 63425.0, ""kaynak"": ""BNB+BYB+OKX""}]","[{""usdt"": 13225472.0, ""borsa"": 1, ""fiyat"": 63550.0, ""kaynak"": ""BNB""}, {""usdt"": 10199230.0, ""borsa"": 1, ""fiyat"": 63500.0, ""kaynak"": ""BNB""}, {""usdt"": 8980761.0, ""borsa"": 2, ""fiyat"": 63450.0, ""kaynak"": ""BYB+OKX""}]",PERP,-0.0115,0.2414,0.2885,2.2405,false,,false,0.8885,0,0,3,1,1,3,63.7,62.3,IZLE,,25,63485.4,,,,,SEVIYE,100,40.0,4,,,,,,,,,0,,30,40.0,30,LONG,islem,99.89246196675572
29353,2026-07-28 06:22:39.374306+00,63493.25,1295078.1215710947,144034.228,11731869169.270699,0.000029412000000000002,98665578.01131,0.0,100.0,BEKLE,true,0.0,0.0,1.8986,1688.898,55469215.03439992,723.511,100.0,0.0,"[{""usdt"": 53517886.0, ""borsa"": 1, ""fiyat"": 63350.0, ""kaynak"": ""BNB""}, {""usdt"": 11409372.0, ""borsa"": 3, ""fiyat"": 63450.0, ""kaynak"": ""BNB+BYB+OKX""}, {""usdt"": 9860533.0, ""borsa"": 3, ""fiyat"": 63475.0, ""kaynak"": ""BNB+BYB+OKX""}]","[{""usdt"": 17993148.0, ""borsa"": 3, ""fiyat"": 63500.0, ""kaynak"": ""BNB+BYB+OKX""}, {""usdt"": 13225472.0, ""borsa"": 1, ""fiyat"": 63550.0, ""kaynak"": ""BNB""}, {""usdt"": 8829896.0, ""borsa"": 1, ""fiyat"": 63575.0, ""kaynak"": ""BNB""}]",PERP,0.0028,0.2803,0.3614,2.4056,false,,false,1.0043,0,0,3,2,0,3,60.1,61.2,IZLE,,25,63476.4,,,,,SEVIYE,100,41.0,5,,,,,,,,,0,,33,41.0,33,LONG,islem,100.0
29354,2026-07-28 06:23:39.633357+00,63461.350000000006,1549228.4847859943,158141.628,11734830194.122002,0.000029412000000000002,49045617.32516998,0.0,54.4,BEKLE,true,0.0,0.0,1.8986,0,59722276.12576999,783.751,54.4,0.0,"[{""usdt"": 12309822.0, ""borsa"": 3, ""fiyat"": 63475.0, ""kaynak"": ""BNB+BYB+OKX""}, {""usdt"": 11918471.0, ""borsa"": 3, ""fiyat"": 63450.0, ""kaynak"": ""BNB+BYB+OKX""}, {""usdt"": 8442012.0, ""borsa"": 1, ""fiyat"": 63400.0, ""kaynak"": ""BNB""}]","[{""usdt"": 13960834.0, ""borsa"": 3, ""fiyat"": 63500.0, ""kaynak"": ""BNB+BYB+OKX""}, {""usdt"": 13159667.0, ""borsa"": 1, ""fiyat"": 63550.0, ""kaynak"": ""BNB""}, {""usdt"": 12266143.0, ""borsa"": 1, ""fiyat"": 63575.0, ""kaynak"": ""BNB""}]",YOK,-0.0203,-0.0982,0.4114,1.2806,false,,false,1.0827,0,1,3,1,1,3,56.6,57.6,IZLE,,25,63476.4,,,,,SEVIYE,100,42.0,5,,,,,,,,,0,,33,42.0,33,,,
29355,2026-07-28 06:24:39.896662+00,63451.850000000006,1345430.9145094913,41481.755,11730318171.663399,0.000029412000000000002,102112332.25783,0.0,85.2,BEKLE,true,0.0,0.0,1.8986,0,54291644.23673998,844.001,85.2,0.0,"[{""usdt"": 56952191.0, ""borsa"": 1, ""fiyat"": 63350.0, ""kaynak"": ""BNB""}, {""usdt"": 14398251.0, ""borsa"": 3, ""fiyat"": 63450.0, ""kaynak"": ""BNB+BYB+OKX""}, {""usdt"": 11385121.0, ""borsa"": 1, ""fiyat"": 63375.0, ""kaynak"": ""BNB""}]","[{""usdt"": 13361764.0, ""borsa"": 3, ""fiyat"": 63475.0, ""kaynak"": ""BNB+BYB+OKX""}, {""usdt"": 11202293.0, ""borsa"": 1, ""fiyat"": 63550.0, ""kaynak"": ""BNB""}, {""usdt"": 10010360.0, ""borsa"": 1, ""fiyat"": 63525.0, ""kaynak"": ""BNB""}]",PERP,0.006,0.3058,0.4174,0.7159,false,,true,0.0962,0,0,3,2,0,3,53,54.1,IZLE,,25,63476.4,,,,,SEVIYE,100,43.0,5,,,,,,,,,0,,33,43.0,33,,,
29356,2026-07-28 06:25:40.178344+00,63459.350000000006,1325662.7440220912,37862.635,11727870231.8673,0.000029412000000000002,101371114.36121997,0.0,11.0,BEKLE,true,0.0,0.0,1.8986,60.283,54132645.63473,904.284,11.0,0.0,"[{""usdt"": 58431257.0, ""borsa"": 1, ""fiyat"": 63350.0, ""kaynak"": ""BNB""}, {""usdt"": 20370279.0, ""borsa"": 3, ""fiyat"": 63425.0, ""kaynak"": ""BNB+BYB+OKX""}, {""usdt"": 9018658.0, ""borsa"": 1, ""fiyat"": 63400.0, ""kaynak"": ""BNB""}]","[{""usdt"": 14767977.0, ""borsa"": 1, ""fiyat"": 63550.0, ""kaynak"": ""BNB""}, {""usdt"": 10785987.0, ""borsa"": 3, ""fiyat"": 63475.0, ""kaynak"": ""BNB+BYB+OKX""}, {""usdt"": 10393974.0, ""borsa"": 3, ""fiyat"": 63450.0, ""kaynak"": ""BNB+BYB+OKX""}]",PERP,0.0173,0.3038,0.9295,1.9641,false,,true,0.0509,0,0,3,1,0,3,49.3,50.4,IZLE,,25,63476.4,,,,,SEVIYE,100,44.0,5,,,,,,,,,0,,33,44.0,33,,,
29357,2026-07-28 06:26:40.422358+00,63491.05,2521284.3155384944,293423.38800000004,11731386741.0831,0.000029412000000000002,96279763.32981001,0.0,15.7,BEKLE,false,0.0,0.0,1.8986,120.532,54868073.14392991,964.533,0.0,15.7,"[{""usdt"": 53505676.0, ""borsa"": 1, ""fiyat"": 63350.0, ""kaynak"": ""BNB""}, {""usdt"": 14220098.0, ""borsa"": 3, ""fiyat"": 63450.0, ""kaynak"": ""BNB+BYB+OKX""}, {""usdt"": 11091159.0, ""borsa"": 1, ""fiyat"": 63375.0, ""kaynak"": ""BNB""}]","[{""usdt"": 13706293.0, ""borsa"": 1, ""fiyat"": 63550.0, ""kaynak"": ""BNB""}, {""usdt"": 12056579.0, ""borsa"": 3, ""fiyat"": 63475.0, ""kaynak"": ""BNB+BYB+OKX""}, {""usdt"": 10155029.0, ""borsa"": 2, ""fiyat"": 63500.0, ""kaynak"": ""BNB+OKX""}]",PERP,0.0256,0.274,0.7771,0.5696,false,,true,0.2783,1,0,3,1,0,3,45.8,46.8,IZLE,,25,63476.4,,,,,SEVIYE,100,45.0,5,,,,,,,,,0,,33,45.0,33,,,
29358,2026-07-28 06:27:40.653099+00,63468.05,2571130.2884507943,241940.59499999997,11736382343.8721,0.000029412000000000002,51127692.53822996,0.0,14.9,BEKLE,false,0.0,0.0,1.8994,180.783,61196368.79907999,1024.784,0.0,14.9,"[{""usdt"": 11740585.0, ""borsa"": 3, ""fiyat"": 63450.0, ""kaynak"": ""BNB+BYB+OKX""}, {""usdt"": 11511967.0, ""borsa"": 3, ""fiyat"": 63475.0, ""kaynak"": ""BNB+BYB+OKX""}, {""usdt"": 9984917.0, ""borsa"": 1, ""fiyat"": 63425.0, ""kaynak"": ""BNB""}]","[{""usdt"": 13339194.0, ""borsa"": 1, ""fiyat"": 63550.0, ""kaynak"": ""BNB""}, {""usdt"": 13184652.0, ""borsa"": 1, ""fiyat"": 63600.0, ""kaynak"": ""BNB""}, {""usdt"": 10956182.0, ""borsa"": 3, ""fiyat"": 63500.0, ""kaynak"": ""BNB+BYB+OKX""}]",YOK,-0.0112,-0.0896,0.847,1.1052,false,,true,0.3241,0,0,3,0,0,3,42.2,43.2,IZLE,,25,63476.4,,,,,SEVIYE,100,46.0,5,,,,,,,,,0,,33,46.0,33,,,
29359,2026-07-28 06:28:40.877391+00,63495.75,2657189.2372089946,1427.8300000000193,11732520976.3451,0.000029412000000000002,94812591.56597993,0.0,24.8,BEKLE,true,0.0,0.0,1.8994,240.992,53650908.84601,482.019,24.8,0.0,"[{""usdt"": 52680753.0, ""borsa"": 1, ""fiyat"": 63350.0, ""kaynak"": ""BNB""}, {""usdt"": 10473184.0, ""borsa"": 3, ""fiyat"": 63450.0, ""kaynak"": ""BNB+BYB+OKX""}, {""usdt"": 9625681.0, ""borsa"": 1, ""fiyat"": 63400.0, ""kaynak"": ""BNB""}]","[{""usdt"": 14261476.0, ""borsa"": 3, ""fiyat"": 63500.0, ""kaynak"": ""BNB+BYB+OKX""}, {""usdt"": 11398234.0, ""borsa"": 1, ""fiyat"": 63550.0, ""kaynak"": ""BNB""}, {""usdt"": 10965159.0, ""borsa"": 1, ""fiyat"": 63575.0, ""kaynak"": ""BNB""}]",PERP,0.0486,0.2773,0.7502,1.5398,false,,true,0.1473,0,0,3,1,0,3,38.6,39.6,IZLE,,25,63476.4,,,,,SEVIYE,100,47.0,5,,,,,,,,,0,,33,47.0,33,,,
29360,2026-07-28 06:29:41.171049+00,63497.850000000006,2393259.746695295,-24758.234000000004,11738341783.9544,0.000029412000000000002,48910813.91301994,0.0,18.2,BEKLE,true,0.0,0.0,1.8994,301.26,59283370.74029003,542.287,18.2,0.0,"[{""usdt"": 13710073.0, ""borsa"": 3, ""fiyat"": 63475.0, ""kaynak"": ""BNB+BYB+OKX""}, {""usdt"": 10603000.0, ""borsa"": 1, ""fiyat"": 63400.0, ""kaynak"": ""BNB""}, {""usdt"": 8400830.0, ""borsa"": 1, ""fiyat"": 63425.0, ""kaynak"": ""BNB""}]","[{""usdt"": 12857655.0, ""borsa"": 1, ""fiyat"": 63550.0, ""kaynak"": ""BNB""}, {""usdt"": 12076958.0, ""borsa"": 3, ""fiyat"": 63500.0, ""kaynak"": ""BNB+BYB+OKX""}, {""usdt"": 11795811.0, ""borsa"": 1, ""fiyat"": 63600.0, ""kaynak"": ""BNB""}]",YOK,0.0276,-0.0959,0.8705,2.5265,false,,true,0.1599,0,0,3,0,0,3,35,36.1,IZLE,,25,63476.4,,,,,SEVIYE,100,48.0,5,,,,,,,,,0,,33,48.0,33,,,
29361,2026-07-28 06:30:41.404139+00,63487.45,2374138.3466073945,202207.272,11738956929.327799,0.000029412000000000002,50639062.46438996,0.0,17.6,BEKLE,false,0.0,0.0,1.8994,361.518,53290416.751840055,602.545,0.0,17.6,"[{""usdt"": 12122798.0, ""borsa"": 3, ""fiyat"": 63475.0, ""kaynak"": ""BNB+BYB+OKX""}, {""usdt"": 9156691.0, ""borsa"": 1, ""fiyat"": 63400.0, ""kaynak"": ""BNB""}, {""usdt"": 8162402.0, ""borsa"": 1, ""fiyat"": 63425.0, ""kaynak"": ""BNB""}]","[{""usdt"": 13572824.0, ""borsa"": 3, ""fiyat"": 63525.0, ""kaynak"": ""BNB+BYB+OKX""}, {""usdt"": 12226592.0, ""borsa"": 1, ""fiyat"": 63550.0, ""kaynak"": ""BNB""}, {""usdt"": 12212017.0, ""borsa"": 1, ""fiyat"": 63600.0, ""kaynak"": ""BNB""}]",YOK,0.0623,-0.0255,0.7305,1.2942,false,0.6943,true,0.3752,1,0,3,1,1,3,31.4,32.5,IZLE,,25,63476.4,,,,,SEVIYE,100,49.0,5,,,,,,,,,0,,33,49.0,33,,,
29362,2026-07-28 06:31:41.662365+00,63517.649999999994,1157372.2416594953,632816.406,11739158803.609798,0.000029412000000000002,53140626.94176,4508.294099999999,28.6,BEKLE,false,0.0,4508.294099999999,1.8994,421.762,52919106.83862997,662.789,0.0,28.6,"[{""usdt"": 13409040.0, ""borsa"": 3, ""fiyat"": 63500.0, ""kaynak"": ""BNB+BYB+OKX""}, {""usdt"": 10626311.0, ""borsa"": 3, ""fiyat"": 63475.0, ""kaynak"": ""BNB+BYB+OKX""}, {""usdt"": 9237095.0, ""borsa"": 1, ""fiyat"": 63425.0, ""kaynak"": ""BNB""}]","[{""usdt"": 13890487.0, ""borsa"": 1, ""fiyat"": 63550.0, ""kaynak"": ""BNB""}, {""usdt"": 12017444.0, ""borsa"": 3, ""fiyat"": 63525.0, ""kaynak"": ""BNB+BYB+OKX""}, {""usdt"": 11773240.0, ""borsa"": 1, ""fiyat"": 63600.0, ""kaynak"": ""BNB""}]",YOK,0.128,0.0021,0.6306,0.8126,false,0.7394,true,0,1,0,3,2,0,3,27.8,28.9,IZLE,,25,63476.4,,,,,SEVIYE,100,50.0,5,PCT,0.8,1.7945462292876926,0.0,false,0.041,1785220200,1,0,,33,50.0,33,,,
29363,2026-07-28 06:32:43.242257+00,63508.350000000006,1386436.9108972952,1066459.7920000001,11743114990.5602,0.000029412000000000002,57029841.41423994,6985.296899999999,41.7,BEKLE,false,0.0,6985.296899999999,1.9019,483.324,57279807.14892997,724.351,0.0,41.7,"[{""usdt"": 13664495.0, ""borsa"": 3, ""fiyat"": 63500.0, ""kaynak"": ""BNB+BYB+OKX""}, {""usdt"": 13157872.0, ""borsa"": 3, ""fiyat"": 63475.0, ""kaynak"": ""BNB+BYB+OKX""}, {""usdt"": 9727519.0, ""borsa"": 1, ""fiyat"": 63400.0, ""kaynak"": ""BNB""}]","[{""usdt"": 14596026.0, ""borsa"": 3, ""fiyat"": 63525.0, ""kaynak"": ""BNB+BYB+OKX""}, {""usdt"": 13411403.0, ""borsa"": 1, ""fiyat"": 63600.0, ""kaynak"": ""BNB""}, {""usdt"": 11216131.0, ""borsa"": 1, ""fiyat"": 63550.0, ""kaynak"": ""BNB""}]",YOK,0.0671,-0.0022,0.3818,0.8551,false,0.6113,true,0.301,1,0,3,0,0,3,25.5,26.6,IZLE,,25,63472,,,,,SEVIYE,100,51.1,6,,,,,,,1785220260,1,0,,31,51.1,31,,,
29364,2026-07-28 06:33:43.587392+00,63498.649999999994,1380347.4140179951,1079567.278,11739637863.1764,0.000029412000000000002,104373080.52593997,6984.981,49.8,BEKLE,false,0.0,6984.981,1.9019,543.634,55815112.340190016,784.661,0.0,49.8,"[{""usdt"": 48729993.0, ""borsa"": 1, ""fiyat"": 63350.0, ""kaynak"": ""BNB""}, {""usdt"": 14453104.0, ""borsa"": 3, ""fiyat"": 63450.0, ""kaynak"": ""BNB+BYB+OKX""}, {""usdt"": 11871388.0, ""borsa"": 3, ""fiyat"": 63475.0, ""kaynak"": ""BNB+BYB+OKX""}]","[{""usdt"": 13558594.0, ""borsa"": 1, ""fiyat"": 63550.0, ""kaynak"": ""BNB""}, {""usdt"": 12624190.0, ""borsa"": 3, ""fiyat"": 63500.0, ""kaynak"": ""BNB+BYB+OKX""}, {""usdt"": 9364400.0, ""borsa"": 1, ""fiyat"": 63575.0, ""kaynak"": ""BNB""}]",PERP,-0.0037,0.3031,0.3374,0.0504,false,,true,0.2041,0,0,3,2,0,3,22,23,IZLE,,25,63472,,,,,SEVIYE,100,52.1,6,,,,,,,1785220260,1,0,,31,52.1,31,,,
29365,2026-07-28 06:34:43.804436+00,63492.149999999994,1232020.0504983943,1225719.129,11738699075.416,0.000029412000000000002,50314459.30152995,6984.981,64.8,BEKLE,false,0.0,6984.981,1.9019,603.937,61010386.394279994,844.964,0.0,64.8,"[{""usdt"": 14558384.0, ""borsa"": 3, ""fiyat"": 63475.0, ""kaynak"": ""BNB+BYB+OKX""}, {""usdt"": 11958017.0, ""borsa"": 1, ""fiyat"": 63400.0, ""kaynak"": ""BNB""}, {""usdt"": 8578747.0, ""borsa"": 1, ""fiyat"": 63425.0, ""kaynak"": ""BNB""}]","[{""usdt"": 12833319.0, ""borsa"": 3, ""fiyat"": 63500.0, ""kaynak"": ""BNB+BYB+OKX""}, {""usdt"": 12766791.0, ""borsa"": 1, ""fiyat"": 63600.0, ""kaynak"": ""BNB""}, {""usdt"": 12127206.0, ""borsa"": 1, ""fiyat"": 63575.0, ""kaynak"": ""BNB""}]",YOK,-0.0544,-0.0961,0.2853,0.0922,true,0,false,1.5927,0,1,3,0,1,3,18.4,19.5,IZLE,,25,63472,,,,,SEVIYE,100,53.1,6,,,,,,,1785220260,1,1,,31,53.1,31,,,
29366,2026-07-28 06:35:44.024318+00,63512.350000000006,1364279.8306322957,1293030.476,11740998208.3055,0.000029412000000000002,50509967.84743002,6984.981,47.2,BEKLE,false,0.0,6984.981,1.9044,664.152,56408178.34529003,905.179,0.0,47.2,"[{""usdt"": 16488201.0, ""borsa"": 3, ""fiyat"": 63500.0, ""kaynak"": ""BNB+BYB+OKX""}, {""usdt"": 9903448.0, ""borsa"": 1, ""fiyat"": 63400.0, ""kaynak"": ""BNB""}, {""usdt"": 8646039.0, ""borsa"": 1, ""fiyat"": 63425.0, ""kaynak"": ""BNB""}]","[{""usdt"": 14547453.0, ""borsa"": 3, ""fiyat"": 63525.0, ""kaynak"": ""BNB+BYB+OKX""}, {""usdt"": 14296445.0, ""borsa"": 1, ""fiyat"": 63600.0, ""kaynak"": ""BNB""}, {""usdt"": 12540956.0, ""borsa"": 1, ""fiyat"": 63550.0, ""kaynak"": ""BNB""}]",YOK,0.1007,-0.0552,0.2847,0.462,false,,false,,1,0,3,1,0,3,14.7,15.8,IZLE,,25,63472,,,,,SEVIYE,100,54.1,6,,,,,,,1785220260,1,2,,31,54.1,31,,,
29367,2026-07-28 06:36:44.346076+00,63515.45,325876.4764193004,315169.564,11743661980.8541,0.000029412000000000002,46829575.55790994,0.0,34.5,BEKLE,true,0.0,0.0,1.9044,724.422,55827865.019850075,965.449,34.5,0.0,"[{""usdt"": 12978460.0, ""borsa"": 3, ""fiyat"": 63500.0, ""kaynak"": ""BNB+BYB+OKX""}, {""usdt"": 8634543.0, ""borsa"": 1, ""fiyat"": 63425.0, ""kaynak"": ""BNB""}, {""usdt"": 7915254.0, ""borsa"": 1, ""fiyat"": 63450.0, ""kaynak"": ""BNB""}]","[{""usdt"": 16128365.0, ""borsa"": 3, ""fiyat"": 63550.0, ""kaynak"": ""BNB+BYB+OKX""}, {""usdt"": 11189386.0, ""borsa"": 1, ""fiyat"": 63600.0, ""kaynak"": ""BNB""}, {""usdt"": 9101830.0, ""borsa"": 3, ""fiyat"": 63525.0, ""kaynak"": ""BNB+BYB+OKX""}]",YOK,0.0865,-0.0877,0.5295,0.0922,false,,true,0.3142,1,0,3,0,1,3,11.2,12.2,IZLE,,25,63472,,,,,SEVIYE,100,55.1,6,,,,,,,,,0,,31,55.1,31,,,
29368,2026-07-28 06:37:44.565342+00,63509.75,795844.3831955012,517322.316,11746831432.445702,0.000029412000000000002,49844810.64479993,254.1072,57.5,BEKLE,true,0.0,254.1072,1.9044,784.697,54082747.77540005,1025.724,57.5,0.0,"[{""usdt"": 12813597.0, ""borsa"": 3, ""fiyat"": 63500.0, ""kaynak"": ""BNB+BYB+OKX""}, {""usdt"": 10879999.0, ""borsa"": 1, ""fiyat"": 63425.0, ""kaynak"": ""BNB""}, {""usdt"": 9217737.0, ""borsa"": 3, ""fiyat"": 63475.0, ""kaynak"": ""BNB+BYB+OKX""}]","[{""usdt"": 13802808.0, ""borsa"": 2, ""fiyat"": 63550.0, ""kaynak"": ""BNB+OKX""}, {""usdt"": 12715202.0, ""borsa"": 3, ""fiyat"": 63525.0, ""kaynak"": ""BNB+BYB+OKX""}, {""usdt"": 12048831.0, ""borsa"": 1, ""fiyat"": 63600.0, ""kaynak"": ""BNB""}]",YOK,0.1179,-0.0408,0.3162,0.0493,true,0.4928,false,,1,0,3,0,0,3,7.6,8.7,IZLE,,25,63472,,,,,SEVIYE,100,56.1,6,,,,,,,1785220560,1,0,,31,56.1,31,,,
29369,2026-07-28 06:38:44.827272+00,63529.55,839526.0447589015,1366319.519,11741976245.0679,0.000029412000000000002,49343725.9105,254.1072,27.8,BEKLE,false,0.0,254.1072,1.9044,240.991,57874911.830920026,1085.955,0.0,27.8,"[{""usdt"": 11474209.0, ""borsa"": 3, ""fiyat"": 63500.0, ""kaynak"": ""BNB+BYB+OKX""}, {""usdt"": 9557224.0, ""borsa"": 1, ""fiyat"": 63425.0, ""kaynak"": ""BNB""}, {""usdt"": 9235765.0, ""borsa"": 1, ""fiyat"": 63475.0, ""kaynak"": ""BNB""}]","[{""usdt"": 19771606.0, ""borsa"": 3, ""fiyat"": 63550.0, ""kaynak"": ""BNB+BYB+OKX""}, {""usdt"": 11530080.0, ""borsa"": 1, ""fiyat"": 63625.0, ""kaynak"": ""BNB""}, {""usdt"": 11260989.0, ""borsa"": 1, ""fiyat"": 63600.0, ""kaynak"": ""BNB""}]",YOK,0.0557,-0.0796,0.4477,1.6834,true,0.3276,false,,0,0,3,1,0,3,4,5.1,IZLE,,25,63583.8,,,,,SEVIYE,100,57.1,6,,,,,,,1785220560,1,1,,31,57.1,31,,,
29370,2026-07-28 06:39:45.105185+00,63530.45,1132720.120808104,1400017.738,11745337976.533798,0.000029412000000000002,48816672.548399985,254.1072,21.1,BEKLE,false,0.0,254.1072,1.9044,301.269,52964613.66642003,1146.233,0.0,21.1,"[{""usdt"": 11550980.0, ""borsa"": 3, ""fiyat"": 63500.0, ""kaynak"": ""BNB+BYB+OKX""}, {""usdt"": 9264188.0, ""borsa"": 1, ""fiyat"": 63475.0, ""kaynak"": ""BNB""}, {""usdt"": 9156623.0, ""borsa"": 1, ""fiyat"": 63425.0, ""kaynak"": ""BNB""}]","[{""usdt"": 18210732.0, ""borsa"": 3, ""fiyat"": 63550.0, ""kaynak"": ""BNB+BYB+OKX""}, {""usdt"": 11004474.0, ""borsa"": 1, ""fiyat"": 63600.0, ""kaynak"": ""BNB""}, {""usdt"": 9011891.0, ""borsa"": 1, ""fiyat"": 63625.0, ""kaynak"": ""BNB""}]",YOK,0.0714,-0.0408,,,true,0.1309,false,,0,0,3,1,0,3,63.8,62.8,IZLE,,25,63583.8,,,,,SEVIYE,100,58.1,6,,,,,,,1785220560,1,2,,31,58.1,31,,,
29371,2026-07-28 06:40:45.308446+00,63549.649999999994,1434181.897272505,1567092.7240000002,11747498873.069,0.000029412000000000002,47346896.49537999,254.1072,22.8,BEKLE,false,0.0,254.1072,1.9044,361.51,54051134.10825003,1206.474,0.0,22.8,"[{""usdt"": 10462926.0, ""borsa"": 3, ""fiyat"": 63525.0, ""kaynak"": ""BNB+BYB+OKX""}, {""usdt"": 9264188.0, ""borsa"": 1, ""fiyat"": 63475.0, ""kaynak"": ""BNB""}, {""usdt"": 9156623.0, ""borsa"": 1, ""fiyat"": 63425.0, ""kaynak"": ""BNB""}]","[{""usdt"": 20942003.0, ""borsa"": 3, ""fiyat"": 63550.0, ""kaynak"": ""BNB+BYB+OKX""}, {""usdt"": 11004474.0, ""borsa"": 1, ""fiyat"": 63600.0, ""kaynak"": ""BNB""}, {""usdt"": 9011891.0, ""borsa"": 1, ""fiyat"": 63625.0, ""kaynak"": ""BNB""}]",YOK,0.134,-0.0661,0.0988,3.4688,false,,false,1.4043,1,0,3,0,1,3,60.7,61.7,IZLE,,25,63583.8,,,,,SEVIYE,100,59.1,6,,,,,,,1785220560,1,3,,31,59.1,31,,,
29372,2026-07-28 06:41:45.623145+00,63531.350000000006,1613916.977593405,1598627.688,11748696525.590801,0.000029412000000000002,44545123.96673,0.0,60.8,BEKLE,false,0.0,0.0,1.9044,180.703,56685203.63899999,1266.658,0.0,60.8,"[{""usdt"": 11982638.0, ""borsa"": 3, ""fiyat"": 63525.0, ""kaynak"": ""BNB+BYB+OKX""}, {""usdt"": 8557552.0, ""borsa"": 1, ""fiyat"": 63450.0, ""kaynak"": ""BNB""}, {""usdt"": 7662927.0, ""borsa"": 1, ""fiyat"": 63500.0, ""kaynak"": ""BNB""}]","[{""usdt"": 13231569.0, ""borsa"": 3, ""fiyat"": 63575.0, ""kaynak"": ""BNB+BYB+OKX""}, {""usdt"": 11428990.0, ""borsa"": 1, ""fiyat"": 63625.0, ""kaynak"": ""BNB""}, {""usdt"": 11325906.0, ""borsa"": 1, ""fiyat"": 63650.0, ""kaynak"": ""BNB""}]",SPOT,0.2273,-0.1199,0.3026,0.2431,false,,false,1.4008,3,0,3,0,1,3,57,58.1,IZLE,,25,63589.6,,,,,SEVIYE,100,60.1,7,,,,,,,,,0,,30,60.1,30,,,
29373,2026-07-28 06:42:46.024231+00,63539.95,1232101.2766126061,1609315.772,11747795622.1055,0.000029412000000000002,51179773.42985999,0.0,47.2,BEKLE,false,0.0,0.0,1.907,0,52793480.894180045,1327.098,0.0,47.2,"[{""usdt"": 11526898.0, ""borsa"": 3, ""fiyat"": 63525.0, ""kaynak"": ""BNB+BYB+OKX""}, {""usdt"": 11089194.0, ""borsa"": 3, ""fiyat"": 63500.0, ""kaynak"": ""BNB+BYB+OKX""}, {""usdt"": 9448335.0, ""borsa"": 1, ""fiyat"": 63450.0, ""kaynak"": ""BNB""}]","[{""usdt"": 17061985.0, ""borsa"": 3, ""fiyat"": 63550.0, ""kaynak"": ""BNB+BYB+OKX""}, {""usdt"": 10620058.0, ""borsa"": 1, ""fiyat"": 63625.0, ""kaynak"": ""BNB""}, {""usdt"": 10465358.0, ""borsa"": 1, ""fiyat"": 63600.0, ""kaynak"": ""BNB""}]",SPOT,0.2117,-0.0155,0.1473,0.6635,false,,false,1.5368,3,0,3,1,0,3,53.6,54.7,IZLE,,25,63589.6,,,,,SEVIYE,100,61.1,7,,,,,,,,,0,,30,61.1,30,,,
29374,2026-07-28 06:43:46.434172+00,63549.95,1512252.008816506,1639905.6130000001,11749946043.1808,0.000029412000000000002,47579041.180699974,826.0213,24.6,BEKLE,false,0.0,826.0213,1.907,60.46,58190537.36681001,1387.558,0.0,24.6,"[{""usdt"": 13686928.0, ""borsa"": 3, ""fiyat"": 63525.0, ""kaynak"": ""BNB+BYB+OKX""}, {""usdt"": 8975096.0, ""borsa"": 1, ""fiyat"": 63475.0, ""kaynak"": ""BNB""}, {""usdt"": 8405276.0, ""borsa"": 1, ""fiyat"": 63425.0, ""kaynak"": ""BNB""}]","[{""usdt"": 14437908.0, ""borsa"": 3, ""fiyat"": 63550.0, ""kaynak"": ""BNB+BYB+OKX""}, {""usdt"": 11374841.0, ""borsa"": 1, ""fiyat"": 63600.0, ""kaynak"": ""BNB""}, {""usdt"": 11299877.0, ""borsa"": 3, ""fiyat"": 63575.0, ""kaynak"": ""BNB+BYB+OKX""}]",SPOT,0.1739,-0.1003,0.5153,1.0165,false,,false,1.5925,1,0,3,0,1,3,50.2,51.3,IZLE,,25,63589.6,,,,,SEVIYE,100,62.1,7,,,,,,,1785220920,1,0,,30,62.1,30,,,
29375,2026-07-28 06:44:46.725019+00,63545.850000000006,1344238.4973762054,1654804.002,11751819761.494,0.000029412000000000002,45005498.44363999,826.0213,26.8,BEKLE,false,0.0,826.0213,1.907,60.284,57169590.11523998,1086.283,0.0,26.8,"[{""usdt"": 9804696.0, ""borsa"": 1, ""fiyat"": 63475.0, ""kaynak"": ""BNB""}, {""usdt"": 9176614.0, ""borsa"": 3, ""fiyat"": 63525.0, ""kaynak"": ""BNB+BYB+OKX""}, {""usdt"": 8284733.0, ""borsa"": 1, ""fiyat"": 63450.0, ""kaynak"": ""BNB""}]","[{""usdt"": 16229588.0, ""borsa"": 3, ""fiyat"": 63575.0, ""kaynak"": ""BNB+BYB+OKX""}, {""usdt"": 14397862.0, ""borsa"": 1, ""fiyat"": 63650.0, ""kaynak"": ""BNB""}, {""usdt"": 10516749.0, ""borsa"": 1, ""fiyat"": 63625.0, ""kaynak"": ""BNB""}]",YOK,0.1401,-0.1191,0.2641,1.251,false,,false,1.056,1,0,3,0,0,3,46.6,47.7,IZLE,,25,63589.6,,,,,SEVIYE,100,63.1,7,,,,,,,1785220920,1,1,,30,63.1,30,,,
29376,2026-07-28 06:45:47.019219+00,63532.55,1344238.4973762054,1654804.002,11751819761.494,0.000029412000000000002,48488566.65566999,826.0213,15.6,BEKLE,false,0.0,826.0213,1.907,120.582,59876718.17331003,1146.581,0.0,15.6,"[{""usdt"": 12962921.0, ""borsa"": 3, ""fiyat"": 63525.0, ""kaynak"": ""BNB+BYB+OKX""}, {""usdt"": 10641961.0, ""borsa"": 1, ""fiyat"": 63475.0, ""kaynak"": ""BNB""}, {""usdt"": 8200845.0, ""borsa"": 2, ""fiyat"": 63500.0, ""kaynak"": ""BNB+BYB""}]","[{""usdt"": 16605973.0, ""borsa"": 3, ""fiyat"": 63550.0, ""kaynak"": ""BNB+BYB+OKX""}, {""usdt"": 11904489.0, ""borsa"": 1, ""fiyat"": 63600.0, ""kaynak"": ""BNB""}, {""usdt"": 10342959.0, ""borsa"": 1, ""fiyat"": 63625.0, ""kaynak"": ""BNB""}]",YOK,0.1401,-0.1051,,,false,,false,0.6338,1,0,3,1,1,3,42.7,43.8,IZLE,,25,63589.6,,,,,SEVIYE,100,64.1,7,,,,,,,1785220920,1,1,,30,64.1,30,,,
29377,2026-07-28 06:46:47.311392+00,63529.45,592108.0795540062,368900.34,11747812854.985802,0.000029412000000000002,54120769.80472997,826.0213,67.5,BEKLE,true,0.0,826.0213,1.907,120.56,58072758.19808,1206.843,67.5,0.0,"[{""usdt"": 16314348.0, ""borsa"": 3, ""fiyat"": 63525.0, ""kaynak"": ""BNB+BYB+OKX""}, {""usdt"": 10053068.0, ""borsa"": 1, ""fiyat"": 63450.0, ""kaynak"": ""BNB""}, {""usdt"": 9003134.0, ""borsa"": 1, ""fiyat"": 63425.0, ""kaynak"": ""BNB""}]","[{""usdt"": 17963914.0, ""borsa"": 3, ""fiyat"": 63550.0, ""kaynak"": ""BNB+BYB+OKX""}, {""usdt"": 12203999.0, ""borsa"": 1, ""fiyat"": 63600.0, ""kaynak"": ""BNB""}, {""usdt"": 10022962.0, ""borsa"": 1, ""fiyat"": 63625.0, ""kaynak"": ""BNB""}]",YOK,0.1332,-0.0352,0.2643,0.032,false,,false,0,1,0,3,0,1,3,39.2,40.2,IZLE,,25,63589.6,,,,,SEVIYE,100,65.1,7,,,,,,,1785220920,1,2,,30,65.1,30,,,
29378,2026-07-28 06:47:48.736826+00,63530.149999999994,774936.2762127062,354259.202,11748958385.001701,0.000029412000000000002,57428317.28980002,0.0,76.7,BEKLE,true,0.0,0.0,1.907,182.0,53673329.154889986,1268.283,76.7,0.0,"[{""usdt"": 22776856.0, ""borsa"": 3, ""fiyat"": 63525.0, ""kaynak"": ""BNB+BYB+OKX""}, {""usdt"": 9167419.0, ""borsa"": 1, ""fiyat"": 63425.0, ""kaynak"": ""BNB""}, {""usdt"": 8269376.0, ""borsa"": 3, ""fiyat"": 63500.0, ""kaynak"": ""BNB+BYB+OKX""}]","[{""usdt"": 14614673.0, ""borsa"": 3, ""fiyat"": 63550.0, ""kaynak"": ""BNB+BYB+OKX""}, {""usdt"": 12163418.0, ""borsa"": 1, ""fiyat"": 63625.0, ""kaynak"": ""BNB""}, {""usdt"": 10123554.0, ""borsa"": 1, ""fiyat"": 63600.0, ""kaynak"": ""BNB""}]",SPOT,0.1512,0.0338,0.1361,0.1897,false,,false,0,2,0,3,2,0,3,36.8,37.8,IZLE,,25,63589.6,,,,,SEVIYE,100,66.1,7,,,,,,,,,0,,30,66.1,30,,,
29379,2026-07-28 06:48:48.998106+00,63515.149999999994,597155.9526360062,306331.299,11747102251.419498,0.000029412000000000002,57940184.129669994,0.0,76.1,BEKLE,true,0.0,0.0,1.9121,242.264,52323461.318720005,1328.547,76.1,0.0,"[{""usdt"": 16853005.0, ""borsa"": 3, ""fiyat"": 63500.0, ""kaynak"": ""BNB+BYB+OKX""}, {""usdt"": 10911692.0, ""borsa"": 1, ""fiyat"": 63425.0, ""kaynak"": ""BNB""}, {""usdt"": 9123592.0, ""borsa"": 1, ""fiyat"": 63450.0, ""kaynak"": ""BNB""}]","[{""usdt"": 14953610.0, ""borsa"": 3, ""fiyat"": 63550.0, ""kaynak"": ""BNB+BYB+OKX""}, {""usdt"": 13080435.0, ""borsa"": 1, ""fiyat"": 63600.0, ""kaynak"": ""BNB""}, {""usdt"": 8753176.0, ""borsa"": 1, ""fiyat"": 63625.0, ""kaynak"": ""BNB""}]",YOK,0.0767,0.0509,0.2288,0.5658,false,,false,0,0,0,3,0,0,3,33.2,34.3,IZLE,,25,63468.8,,,,,SEVIYE,100,67.1,7,,,,,,,,,0,,30,67.1,30,,,
29380,2026-07-28 06:49:49.236898+00,63515.05,386472.3291126061,82912.46899999997,11745963914.2704,0.000029412000000000002,60058082.81816995,0.0,92.3,BEKLE,true,0.0,0.0,1.9121,242.237,53518552.05953003,1388.818,92.3,0.0,"[{""usdt"": 22304706.0, ""borsa"": 3, ""fiyat"": 63500.0, ""kaynak"": ""BNB+BYB+OKX""}, {""usdt"": 11742311.0, ""borsa"": 1, ""fiyat"": 63425.0, ""kaynak"": ""BNB""}, {""usdt"": 9510308.0, ""borsa"": 1, ""fiyat"": 63450.0, ""kaynak"": ""BNB""}]","[{""usdt"": 14726737.0, ""borsa"": 3, ""fiyat"": 63525.0, ""kaynak"": ""BNB+BYB+OKX""}, {""usdt"": 11837375.0, ""borsa"": 3, ""fiyat"": 63550.0, ""kaynak"": ""BNB+BYB+OKX""}, {""usdt"": 10977420.0, ""borsa"": 1, ""fiyat"": 63600.0, ""kaynak"": ""BNB""}]",YOK,0.1221,0.0576,0.2085,0.4361,false,,false,0,1,0,3,0,0,3,29.6,30.7,IZLE,,25,63468.8,,,,,SEVIYE,100,68.2,7,,,,,,,,,0,,30,68.2,30,,,
29381,2026-07-28 06:50:49.59438+00,63589.25,-792490.8122391996,-211568.634,11745000402.292198,0.000029412000000000002,60427041.385679975,0.0,75.0,BEKLE,,0.0,0.0,1.9121,302.514,54882768.90904001,1449.095,75.0,0.0,"[{""usdt"": 23381941.0, ""borsa"": 3, ""fiyat"": 63500.0, ""kaynak"": ""BNB+BYB+OKX""}, {""usdt"": 11777162.0, ""borsa"": 1, ""fiyat"": 63425.0, ""kaynak"": ""BNB""}, {""usdt"": 8544278.0, ""borsa"": 1, ""fiyat"": 63450.0, ""kaynak"": ""BNB""}]","[{""usdt"": 16093893.0, ""borsa"": 3, ""fiyat"": 63525.0, ""kaynak"": ""BNB+BYB+OKX""}, {""usdt"": 11442207.0, ""borsa"": 1, ""fiyat"": 63600.0, ""kaynak"": ""BNB""}, {""usdt"": 9187265.0, ""borsa"": 1, ""fiyat"": 63575.0, ""kaynak"": ""BNB""}]",YOK,0.0564,0.0481,0.3311,0.5715,false,,false,,0,0,3,0,0,3,26.1,27.1,IZLE,,25,63589.6,,,,,SEVIYE,100,69.2,7,,,,,,,,,0,,30,69.2,30,,,
29382,2026-07-28 06:51:49.861603+00,63582.149999999994,4091841.825914903,402263.45900000003,11781056610.6476,0.000029412000000000002,68323384.39351003,10682.9856,6.7,BEKLE,,0.0,10682.9856,1.9121,0,52649346.95331,1026.048,0.0,6.7,"[{""usdt"": 37376848.0, ""borsa"": 3, ""fiyat"": 63575.0, ""kaynak"": ""BNB+BYB+OKX""}, {""usdt"": 9003094.0, ""borsa"": 3, ""fiyat"": 63550.0, ""kaynak"": ""BNB+BYB+OKX""}, {""usdt"": 8184521.0, ""borsa"": 1, ""fiyat"": 63500.0, ""kaynak"": ""BNB""}]","[{""usdt"": 16894093.0, ""borsa"": 3, ""fiyat"": 63600.0, ""kaynak"": ""BNB+BYB+OKX""}, {""usdt"": 12225836.0, ""borsa"": 1, ""fiyat"": 63700.0, ""kaynak"": ""BNB""}, {""usdt"": 8057624.0, ""borsa"": 1, ""fiyat"": 63675.0, ""kaynak"": ""BNB""}]",SPOT,0.2844,0.1296,0.9797,0.942,false,,false,0.8162,3,0,3,2,0,3,22.6,23.6,IZLE,,25,63589.5,,,,,SEVIYE,100,70.2,8,,,,,,,1785221400,1,0,,31,70.2,31,,,
29383,2026-07-28 06:52:50.099019+00,63583.350000000006,4013702.182089605,445146.055,11780388598.5878,0.000029412000000000002,70146130.57841003,10682.9856,11.0,BEKLE,true,0.0,10682.9856,1.9121,60.235,55827046.09743999,1086.283,0.0,11.0,"[{""usdt"": 37092363.0, ""borsa"": 3, ""fiyat"": 63575.0, ""kaynak"": ""BNB+BYB+OKX""}, {""usdt"": 10163213.0, ""borsa"": 3, ""fiyat"": 63550.0, ""kaynak"": ""BNB+BYB+OKX""}, {""usdt"": 8438231.0, ""borsa"": 1, ""fiyat"": 63500.0, ""kaynak"": ""BNB""}]","[{""usdt"": 18046527.0, ""borsa"": 3, ""fiyat"": 63600.0, ""kaynak"": ""BNB+BYB+OKX""}, {""usdt"": 10976490.0, ""borsa"": 1, ""fiyat"": 63700.0, ""kaynak"": ""BNB""}, {""usdt"": 9322583.0, ""borsa"": 1, ""fiyat"": 63675.0, ""kaynak"": ""BNB""}]",SPOT,0.2609,0.1137,0.9426,0.9886,false,,false,0.7392,2,0,3,1,0,3,19,20.1,IZLE,,25,63589.5,,,,,SEVIYE,100,71.2,8,,,,,,,1785221400,1,1,,31,71.2,31,,,
29384,2026-07-28 06:53:50.335327+00,63580.05,3932647.3013970084,234924.168,11780864204.9645,0.000029412000000000002,62361117.15241001,10682.9856,22.4,BEKLE,false,0.0,10682.9856,1.9121,120.464,52602262.56387998,1146.512,22.4,0.0,"[{""usdt"": 21626311.0, ""borsa"": 3, ""fiyat"": 63575.0, ""kaynak"": ""BNB+BYB+OKX""}, {""usdt"": 16088946.0, ""borsa"": 3, ""fiyat"": 63550.0, ""kaynak"": ""BNB+BYB+OKX""}, {""usdt"": 7760952.0, ""borsa"": 1, ""fiyat"": 63475.0, ""kaynak"": ""BNB""}]","[{""usdt"": 15255527.0, ""borsa"": 3, ""fiyat"": 63600.0, ""kaynak"": ""BNB+BYB+OKX""}, {""usdt"": 9512270.0, ""borsa"": 1, ""fiyat"": 63650.0, ""kaynak"": ""BNB""}, {""usdt"": 8240313.0, ""borsa"": 3, ""fiyat"": 63575.0, ""kaynak"": ""BNB+BYB+OKX""}]",YOK,0.1296,0.0849,0.9556,1.1875,false,,false,0.6053,1,0,3,1,0,3,15.1,16.2,IZLE,,25,63589.5,,,,,SEVIYE,100,72.2,8,,,,,,,1785221400,1,2,,31,72.2,31,,,
29385,2026-07-28 06:54:50.641089+00,63588.05,5336971.891018711,730513.8569999998,11783695262.298,0.000029412000000000002,70994063.56925008,10682.9856,27.7,BEKLE,true,0.0,10682.9856,1.9121,180.734,54218535.19870997,1206.782,0.0,27.7,"[{""usdt"": 36808389.0, ""borsa"": 3, ""fiyat"": 63575.0, ""kaynak"": ""BNB+BYB+OKX""}, {""usdt"": 8948378.0, ""borsa"": 3, ""fiyat"": 63550.0, ""kaynak"": ""BNB+BYB+OKX""}, {""usdt"": 7177263.0, ""borsa"": 1, ""fiyat"": 63500.0, ""kaynak"": ""BNB""}]","[{""usdt"": 15362024.0, ""borsa"": 3, ""fiyat"": 63600.0, ""kaynak"": ""BNB+BYB+OKX""}, {""usdt"": 10409457.0, ""borsa"": 1, ""fiyat"": 63675.0, ""kaynak"": ""BNB""}, {""usdt"": 9401089.0, ""borsa"": 1, ""fiyat"": 63650.0, ""kaynak"": ""BNB""}]",SPOT,0.3009,0.134,0.7789,0.7336,false,,false,,3,0,3,2,0,3,11.6,12.7,IZLE,,25,63589.5,,,,,SEVIYE,100,73.2,8,,,,,,,1785221400,1,3,,31,73.2,31,,,
29386,2026-07-28 06:55:50.916179+00,63608.95,2318557.461920203,1100947.6120000004,11783868581.9919,0.000029412000000000002,95070717.7518002,31597.9458,47.4,BEKLE,true,0.0,31597.9458,1.9121,241.056,55075229.77870999,241.056,0.0,47.4,"[{""usdt"": 43505757.0, ""borsa"": 3, ""fiyat"": 63600.0, ""kaynak"": ""BNB+BYB+OKX""}, {""usdt"": 26885033.0, ""borsa"": 2, ""fiyat"": 63575.0, ""kaynak"": ""BNB+BYB""}, {""usdt"": 8598522.0, ""borsa"": 1, ""fiyat"": 63525.0, ""kaynak"": ""BNB""}]","[{""usdt"": 13103120.0, ""borsa"": 3, ""fiyat"": 63625.0, ""kaynak"": ""BNB+BYB+OKX""}, {""usdt"": 11791488.0, ""borsa"": 1, ""fiyat"": 63700.0, ""kaynak"": ""BNB""}, {""usdt"": 11677579.0, ""borsa"": 2, ""fiyat"": 63650.0, ""kaynak"": ""BNB+OKX""}]",HER_IKISI,0.306,0.2664,0.5221,0.2109,false,,false,,3,0,3,1,0,3,8.1,9.1,IZLE,,25,63625.6,,,,,SEVIYE,100,74.2,8,,,,,,,1785221700,3,0,,31,74.2,31,,,
29387,2026-07-28 06:56:51.292065+00,63600.95,7553040.675231513,1143696.4760000003,11781986572.111,0.000029412000000000002,96816054.37566006,31597.7656,36.2,BEKLE,true,0.0,31597.7656,1.9104,301.324,55127244.60779003,301.324,0.0,36.2,"[{""usdt"": 37190958.0, ""borsa"": 3, ""fiyat"": 63575.0, ""kaynak"": ""BNB+BYB+OKX""}, {""usdt"": 31999377.0, ""borsa"": 3, ""fiyat"": 63600.0, ""kaynak"": ""BNB+BYB+OKX""}, {""usdt"": 10166980.0, ""borsa"": 1, ""fiyat"": 63500.0, ""kaynak"": ""BNB""}]","[{""usdt"": 14227390.0, ""borsa"": 3, ""fiyat"": 63625.0, ""kaynak"": ""BNB+BYB+OKX""}, {""usdt"": 11750702.0, ""borsa"": 1, ""fiyat"": 63675.0, ""kaynak"": ""BNB""}, {""usdt"": 11408556.0, ""borsa"": 1, ""fiyat"": 63700.0, ""kaynak"": ""BNB""}]",HER_IKISI,0.2626,0.2744,0.6827,0.2366,false,,false,3.8534,3,0,3,2,0,3,4.5,5.6,IZLE,,25,63589.5,,,,,SEVIYE,100,75.2,8,,,,,,,1785221700,3,0,,31,75.2,31,,,
29388,2026-07-28 06:57:51.530992+00,63600.05,8210669.678224914,902938.55,11776328513.721199,0.000029412000000000002,86576057.87786013,31597.7656,27.5,BEKLE,true,0.0,31597.7656,1.9104,361.669,53241189.43739002,361.669,0.0,27.5,"[{""usdt"": 35216460.0, ""borsa"": 3, ""fiyat"": 63575.0, ""kaynak"": ""BNB+BYB+OKX""}, {""usdt"": 23816766.0, ""borsa"": 3, ""fiyat"": 63600.0, ""kaynak"": ""BNB+BYB+OKX""}, {""usdt"": 9904156.0, ""borsa"": 1, ""fiyat"": 63500.0, ""kaynak"": ""BNB""}]","[{""usdt"": 15450363.0, ""borsa"": 3, ""fiyat"": 63625.0, ""kaynak"": ""BNB+BYB+OKX""}, {""usdt"": 11974011.0, ""borsa"": 1, ""fiyat"": 63700.0, ""kaynak"": ""BNB""}, {""usdt"": 9381280.0, ""borsa"": 1, ""fiyat"": 63675.0, ""kaynak"": ""BNB""}]",HER_IKISI,0.2918,0.2384,0.8086,0.2053,false,,false,3.8675,3,0,3,2,0,3,63.8,63.4,IZLE,,25,63589.5,,,,,SEVIYE,100,76.2,8,,,,,,,1785221700,3,1,,31,76.2,31,,,
29389,2026-07-28 06:58:51.721811+00,63608.350000000006,9468289.413018819,902948.7609999999,11777504595.5946,0.000029412000000000002,84792533.77573012,31597.7656,31.9,BEKLE,true,0.0,31597.7656,1.9104,421.868,52203315.13111002,421.868,0.0,31.9,"[{""usdt"": 37177355.0, ""borsa"": 3, ""fiyat"": 63575.0, ""kaynak"": ""BNB+BYB+OKX""}, {""usdt"": 19938676.0, ""borsa"": 2, ""fiyat"": 63600.0, ""kaynak"": ""BNB+OKX""}, {""usdt"": 9904156.0, ""borsa"": 1, ""fiyat"": 63500.0, ""kaynak"": ""BNB""}]","[{""usdt"": 12053322.0, ""borsa"": 3, ""fiyat"": 63625.0, ""kaynak"": ""BNB+BYB+OKX""}, {""usdt"": 11974011.0, ""borsa"": 1, ""fiyat"": 63700.0, ""kaynak"": ""BNB""}, {""usdt"": 9381280.0, ""borsa"": 1, ""fiyat"": 63675.0, ""kaynak"": ""BNB""}]",HER_IKISI,0.286,0.2379,0.7925,0.2585,false,,false,,3,0,3,2,0,3,61.2,62.2,IZLE,,25,63625.6,,,,,SEVIYE,100,77.2,8,,,,,,,1785221700,3,2,,31,77.2,31,,,
29390,2026-07-28 06:59:51.980939+00,63609.45,9938517.845265219,1219230.7210000004,11777464067.7197,0.000029412000000000002,86876786.84424002,31597.7656,29.3,BEKLE,true,0.0,31597.7656,1.9104,482.084,57350773.64522004,482.084,0.0,29.3,"[{""usdt"": 33156639.0, ""borsa"": 3, ""fiyat"": 63575.0, ""kaynak"": ""BNB+BYB+OKX""}, {""usdt"": 30067057.0, ""borsa"": 3, ""fiyat"": 63600.0, ""kaynak"": ""BNB+BYB+OKX""}, {""usdt"": 9429829.0, ""borsa"": 1, ""fiyat"": 63500.0, ""kaynak"": ""BNB""}]","[{""usdt"": 14675107.0, ""borsa"": 3, ""fiyat"": 63625.0, ""kaynak"": ""BNB+BYB+OKX""}, {""usdt"": 12513716.0, ""borsa"": 1, ""fiyat"": 63700.0, ""kaynak"": ""BNB""}, {""usdt"": 12082823.0, ""borsa"": 1, ""fiyat"": 63675.0, ""kaynak"": ""BNB""}]",HER_IKISI,0.2629,0.2047,0.8127,0.2411,false,0.6636,false,,3,0,3,2,0,3,57.5,58.6,IZLE,,50,63625.6,,,,,SEVIYE+TASFIYE,100,78.2,8,,,,,,,1785221700,3,3,,31,78.2,31,,,
29391,2026-07-28 07:00:53.532985+00,63622.25,3782033.268454006,1768276.583,11778841335.623001,0.000029412000000000002,87164120.14332001,4135.376,35.6,BEKLE,true,0.0,4135.376,1.9104,543.598,53665886.05770993,543.598,0.0,35.6,"[{""usdt"": 32502504.0, ""borsa"": 3, ""fiyat"": 63600.0, ""kaynak"": ""BNB+BYB+OKX""}, {""usdt"": 31918354.0, ""borsa"": 3, ""fiyat"": 63575.0, ""kaynak"": ""BNB+BYB+OKX""}, {""usdt"": 9214522.0, ""borsa"": 1, ""fiyat"": 63500.0, ""kaynak"": ""BNB""}]","[{""usdt"": 12229392.0, ""borsa"": 1, ""fiyat"": 63675.0, ""kaynak"": ""BNB""}, {""usdt"": 12195566.0, ""borsa"": 3, ""fiyat"": 63625.0, ""kaynak"": ""BNB+BYB+OKX""}, {""usdt"": 11899709.0, ""borsa"": 1, ""fiyat"": 63700.0, ""kaynak"": ""BNB""}]",HER_IKISI,0.2998,0.2379,0.5027,0.2913,true,0,false,,3,0,3,3,0,3,55.2,56.3,HAZIRLAN,LONG,50,63625.6,63625.6,64094.3,63582.3,11.81,SEVIYE+EMILIM,100,79.2,8,PCT,0.5,8.006230519175725,0.0,false,0.723,1785222000,2,0,0.08,31,79.2,31,,,
29392,2026-07-28 07:01:54.529068+00,63600.05,10963581.686224118,1693504.6009999998,11773968744.944,0.000029412000000000002,87742106.79873994,4134.268,32.5,BEKLE,true,0.0,4134.268,1.9104,604.678,55875718.76799996,604.678,0.0,32.5,"[{""usdt"": 33681323.0, ""borsa"": 3, ""fiyat"": 63575.0, ""kaynak"": ""BNB+BYB+OKX""}, {""usdt"": 26172203.0, ""borsa"": 3, ""fiyat"": 63600.0, ""kaynak"": ""BNB+BYB+OKX""}, {""usdt"": 10128207.0, ""borsa"": 1, ""fiyat"": 63500.0, ""kaynak"": ""BNB""}]","[{""usdt"": 13527902.0, ""borsa"": 3, ""fiyat"": 63625.0, ""kaynak"": ""BNB+BYB+OKX""}, {""usdt"": 12328287.0, ""borsa"": 1, ""fiyat"": 63700.0, ""kaynak"": ""BNB""}, {""usdt"": 11603839.0, ""borsa"": 1, ""fiyat"": 63675.0, ""kaynak"": ""BNB""}]",HER_IKISI,0.2368,0.2219,0.743,0.0124,false,,false,,3,0,3,1,1,3,52.4,53.5,IZLE,,25,63590.5,,,,,SEVIYE,100,80.2,9,,,,,,,1785222000,2,0,,33,80.2,33,,,
29393,2026-07-28 07:02:54.788403+00,63600.05,10957161.146792019,1673274.2820000001,11773671632.061,0.000029412000000000002,80299114.58679003,4134.268,42.6,BEKLE,true,0.0,4134.268,1.9104,664.897,54831457.134569965,664.897,0.0,42.6,"[{""usdt"": 32339802.0, ""borsa"": 3, ""fiyat"": 63575.0, ""kaynak"": ""BNB+BYB+OKX""}, {""usdt"": 20710253.0, ""borsa"": 3, ""fiyat"": 63600.0, ""kaynak"": ""BNB+BYB+OKX""}, {""usdt"": 10263092.0, ""borsa"": 1, ""fiyat"": 63500.0, ""kaynak"": ""BNB""}]","[{""usdt"": 15100930.0, ""borsa"": 3, ""fiyat"": 63625.0, ""kaynak"": ""BNB+BYB+OKX""}, {""usdt"": 12409563.0, ""borsa"": 1, ""fiyat"": 63700.0, ""kaynak"": ""BNB""}, {""usdt"": 11412622.0, ""borsa"": 1, ""fiyat"": 63675.0, ""kaynak"": ""BNB""}]",HER_IKISI,0.2885,0.1885,0.6242,0,true,0,false,,3,0,3,1,0,3,48.8,49.9,HAZIRLAN,LONG,50,63590.5,63626.5,63644.4,63583.3,2.65,SEVIYE+EMILIM,100,81.2,9,,,,,,,1785222000,2,1,1.58,33,81.2,33,,,
29394,2026-07-28 07:03:55.117976+00,63580.05,10587312.06721842,762359.822,11770861822.4505,0.000029412000000000002,80900685.29071008,4134.268,20.9,BEKLE,false,0.0,4134.268,1.9146,725.16,55545336.67756996,725.16,20.9,0.0,"[{""usdt"": 36783959.0, ""borsa"": 3, ""fiyat"": 63575.0, ""kaynak"": ""BNB+BYB+OKX""}, {""usdt"": 17087978.0, ""borsa"": 3, ""fiyat"": 63600.0, ""kaynak"": ""BNB+BYB+OKX""}, {""usdt"": 9730242.0, ""borsa"": 1, ""fiyat"": 63500.0, ""kaynak"": ""BNB""}]","[{""usdt"": 14393724.0, ""borsa"": 1, ""fiyat"": 63700.0, ""kaynak"": ""BNB""}, {""usdt"": 12346630.0, ""borsa"": 3, ""fiyat"": 63625.0, ""kaynak"": ""BNB+BYB+OKX""}, {""usdt"": 10443622.0, ""borsa"": 3, ""fiyat"": 63600.0, ""kaynak"": ""BNB+BYB+OKX""}]",HER_IKISI,0.2457,0.1858,0.7876,1.2551,true,0,false,,3,0,3,2,1,3,45.2,46.3,IZLE,,25,63590.5,,,,,SEVIYE,100,82.3,9,,,,,,,1785222000,2,2,,33,82.3,33,,,
29395,2026-07-28 07:04:55.445059+00,63580.05,10587312.06721842,762359.822,11770861822.4505,0.000029412000000000002,62528018.54905004,4134.268,38.1,BEKLE,false,0.0,4134.268,1.9146,785.487,54152787.568640016,785.487,38.1,0.0,"[{""usdt"": 17681997.0, ""borsa"": 3, ""fiyat"": 63550.0, ""kaynak"": ""BNB+BYB+OKX""}, {""usdt"": 17346678.0, ""borsa"": 3, ""fiyat"": 63575.0, ""kaynak"": ""BNB+BYB+OKX""}, {""usdt"": 9526690.0, ""borsa"": 1, ""fiyat"": 63475.0, ""kaynak"": ""BNB""}]","[{""usdt"": 12931961.0, ""borsa"": 3, ""fiyat"": 63600.0, ""kaynak"": ""BNB+BYB+OKX""}, {""usdt"": 11622263.0, ""borsa"": 1, ""fiyat"": 63675.0, ""kaynak"": ""BNB""}, {""usdt"": 10552512.0, ""borsa"": 1, ""fiyat"": 63650.0, ""kaynak"": ""BNB""}]",SPOT,0.2438,0.0718,0.3982,1.137,false,,false,4.0597,3,0,3,0,0,3,41.7,42.7,IZLE,,25,63590.5,,,,,SEVIYE,100,83.3,9,,,,,,,1785222000,2,2,,33,83.3,33,,,
29396,2026-07-28 07:05:55.828979+00,63562.25,10428743.171187522,762097.617,11772509142.6157,0.000029412000000000002,58458382.25862002,4134.268,55.3,BEKLE,false,0.0,4134.268,1.9121,845.923,52119745.38046001,845.923,55.3,0.0,"[{""usdt"": 17697501.0, ""borsa"": 3, ""fiyat"": 63550.0, ""kaynak"": ""BNB+BYB+OKX""}, {""usdt"": 13660026.0, ""borsa"": 3, ""fiyat"": 63575.0, ""kaynak"": ""BNB+BYB+OKX""}, {""usdt"": 8648786.0, ""borsa"": 1, ""fiyat"": 63475.0, ""kaynak"": ""BNB""}]","[{""usdt"": 14400581.0, ""borsa"": 3, ""fiyat"": 63600.0, ""kaynak"": ""BNB+BYB+OKX""}, {""usdt"": 9865290.0, ""borsa"": 1, ""fiyat"": 63650.0, ""kaynak"": ""BNB""}, {""usdt"": 9203383.0, ""borsa"": 1, ""fiyat"": 63675.0, ""kaynak"": ""BNB""}]",SPOT,0.2277,0.0573,0.7548,0.4292,false,,false,2.8044,3,0,3,0,0,3,38.2,39.3,IZLE,,25,63590.5,,,,,SEVIYE,100,84.3,9,,,,,,,1785222000,2,3,,33,84.3,33,,,
29397,2026-07-28 07:06:56.189513+00,63538.25,2420999.445926109,-813992.067,11770409747.5644,0.000029412000000000002,55451662.81401001,0.0,53.5,BEKLE,false,0.0,0.0,1.9121,0,57571562.23697,906.254,53.5,0.0,"[{""usdt"": 20157785.0, ""borsa"": 3, ""fiyat"": 63525.0, ""kaynak"": ""BNB+BYB+OKX""}, {""usdt"": 11289806.0, ""borsa"": 1, ""fiyat"": 63475.0, ""kaynak"": ""BNB""}, {""usdt"": 9064901.0, ""borsa"": 1, ""fiyat"": 63450.0, ""kaynak"": ""BNB""}]","[{""usdt"": 15739782.0, ""borsa"": 3, ""fiyat"": 63550.0, ""kaynak"": ""BNB+BYB+OKX""}, {""usdt"": 11276224.0, ""borsa"": 3, ""fiyat"": 63575.0, ""kaynak"": ""BNB+BYB+OKX""}, {""usdt"": 10458543.0, ""borsa"": 1, ""fiyat"": 63650.0, ""kaynak"": ""BNB""}]",YOK,0.1099,-0.0188,0.6135,0.2797,false,,false,,2,0,3,0,1,3,34.7,35.8,IZLE,,25,63590.5,,,,,SEVIYE,100,85.3,9,,,,,,,,,0,,33,85.3,33,,,
29398,2026-07-28 07:07:56.499923+00,63541.350000000006,3025103.9402998094,-758728.893,11769182590.676601,0.000029412000000000002,55446658.39826005,0.0,59.7,BEKLE,false,0.0,0.0,1.9121,60.388,53690028.187510006,966.642,59.7,0.0,"[{""usdt"": 19208781.0, ""borsa"": 3, ""fiyat"": 63525.0, ""kaynak"": ""BNB+BYB+OKX""}, {""usdt"": 9258957.0, ""borsa"": 1, ""fiyat"": 63475.0, ""kaynak"": ""BNB""}, {""usdt"": 9036495.0, ""borsa"": 2, ""fiyat"": 63500.0, ""kaynak"": ""BNB+OKX""}]","[{""usdt"": 14259102.0, ""borsa"": 1, ""fiyat"": 63650.0, ""kaynak"": ""BNB""}, {""usdt"": 11055054.0, ""borsa"": 3, ""fiyat"": 63550.0, ""kaynak"": ""BNB+BYB+OKX""}, {""usdt"": 9348194.0, ""borsa"": 3, ""fiyat"": 63575.0, ""kaynak"": ""BNB+BYB+OKX""}]",YOK,0.1429,0.0161,0.6031,0.2813,false,,false,,2,0,3,1,0,3,31.2,32.3,IZLE,,25,63590.5,,,,,SEVIYE,100,86.3,9,,,,,,,,,0,,33,86.3,33,,,
29399,2026-07-28 07:08:56.74673+00,63549.649999999994,3357206.1383880083,-672928.1020000001,11768963818.17,0.000029412000000000002,55164184.98961004,0.0,63.4,BEKLE,,0.0,0.0,1.9121,0,49643490.01432001,1026.858,63.4,0.0,"[{""usdt"": 15323830.0, ""borsa"": 3, ""fiyat"": 63500.0, ""kaynak"": ""BNB+BYB+OKX""}, {""usdt"": 11971580.0, ""borsa"": 1, ""fiyat"": 63450.0, ""kaynak"": ""BNB""}, {""usdt"": 11710111.0, ""borsa"": 3, ""fiyat"": 63525.0, ""kaynak"": ""BNB+BYB+OKX""}]","[{""usdt"": 13659774.0, ""borsa"": 3, ""fiyat"": 63550.0, ""kaynak"": ""BNB+BYB+OKX""}, {""usdt"": 10756863.0, ""borsa"": 1, ""fiyat"": 63625.0, ""kaynak"": ""BNB""}, {""usdt"": 8063769.0, ""borsa"": 1, ""fiyat"": 63600.0, ""kaynak"": ""BNB""}]",YOK,0.1329,0.0527,0.7012,0.1859,false,,false,0,1,0,3,2,0,3,27.6,28.7,IZLE,,25,63590.5,,,,,SEVIYE,100,87.3,9,,,,,,,,,0,,33,87.3,33,,,
29400,2026-07-28 07:09:56.975448+00,63549.95,3465383.9917545086,-855173.022,11769580402.6198,0.000029412000000000002,51760740.97829001,0.0,56.0,BEKLE,false,0.0,0.0,1.9121,60.243,56078300.278590046,1087.101,56.0,0.0,"[{""usdt"": 16118158.0, ""borsa"": 3, ""fiyat"": 63525.0, ""kaynak"": ""BNB+BYB+OKX""}, {""usdt"": 10395695.0, ""borsa"": 1, ""fiyat"": 63475.0, ""kaynak"": ""BNB""}, {""usdt"": 8139628.0, ""borsa"": 1, ""fiyat"": 63450.0, ""kaynak"": ""BNB""}]","[{""usdt"": 15059000.0, ""borsa"": 1, ""fiyat"": 63650.0, ""kaynak"": ""BNB""}, {""usdt"": 12816088.0, ""borsa"": 3, ""fiyat"": 63575.0, ""kaynak"": ""BNB+BYB+OKX""}, {""usdt"": 8115113.0, ""borsa"": 1, ""fiyat"": 63600.0, ""kaynak"": ""BNB""}]",YOK,0.1023,-0.04,0.6723,0.1791,false,,false,0.3923,1,0,3,0,0,3,24,25,IZLE,,25,63590.5,,,,,SEVIYE,100,88.3,9,,,,,,,,,0,,33,88.3,33,,,
29401,2026-07-28 07:10:57.302701+00,63535.649999999994,-1085143.1648531957,-840371.4150000002,11770427719.7071,0.000029412000000000002,52765058.14512002,0.0,69.5,BEKLE,true,0.0,0.0,1.9121,120.486,49434274.864909984,1147.344,69.5,0.0,"[{""usdt"": 15774834.0, ""borsa"": 3, ""fiyat"": 63525.0, ""kaynak"": ""BNB+BYB+OKX""}, {""usdt"": 10812443.0, ""borsa"": 1, ""fiyat"": 63450.0, ""kaynak"": ""BNB""}, {""usdt"": 9582037.0, ""borsa"": 3, ""fiyat"": 63500.0, ""kaynak"": ""BNB+BYB+OKX""}]","[{""usdt"": 13735832.0, ""borsa"": 3, ""fiyat"": 63550.0, ""kaynak"": ""BNB+BYB+OKX""}, {""usdt"": 10353715.0, ""borsa"": 1, ""fiyat"": 63650.0, ""kaynak"": ""BNB""}, {""usdt"": 8438727.0, ""borsa"": 1, ""fiyat"": 63625.0, ""kaynak"": ""BNB""}]",YOK,0.089,0.0326,0.77,0.1122,false,,true,0,1,0,3,1,0,3,20,21.1,IZLE,,25,63590.5,,,,,SEVIYE,100,89.3,9,,,,,,,,,0,,33,89.3,33,,,
29402,2026-07-28 07:11:57.663825+00,63525.850000000006,-2078613.7328847956,-671186.9410000002,11768934831.4094,0.000029412000000000002,52149112.44706003,0.0,24.0,BEKLE,false,0.0,0.0,1.9078,180.87,50981302.096390024,1207.728,0.0,24.0,"[{""usdt"": 12817753.0, ""borsa"": 3, ""fiyat"": 63500.0, ""kaynak"": ""BNB+BYB+OKX""}, {""usdt"": 10990339.0, ""borsa"": 1, ""fiyat"": 63450.0, ""kaynak"": ""BNB""}, {""usdt"": 10103291.0, ""borsa"": 3, ""fiyat"": 63525.0, ""kaynak"": ""BNB+BYB+OKX""}]","[{""usdt"": 14301593.0, ""borsa"": 3, ""fiyat"": 63550.0, ""kaynak"": ""BNB+BYB+OKX""}, {""usdt"": 9731354.0, ""borsa"": 1, ""fiyat"": 63600.0, ""kaynak"": ""BNB""}, {""usdt"": 8496656.0, ""borsa"": 1, ""fiyat"": 63625.0, ""kaynak"": ""BNB""}]",YOK,0.0476,0.0113,0.9375,0.1603,false,,true,0,1,1,3,0,0,3,16.6,17.7,IZLE,,25,63476.8,,,,,SEVIYE,100,90.3,10,,,,,,,,,0,,31,90.3,31,,,
29403,2026-07-28 07:12:58.013914+00,63536.05,-1890283.1866384947,-684469.574,11768507171.1664,0.000029412000000000002,51319555.56653001,0.0,17.1,BEKLE,true,0.0,0.0,1.9078,241.269,52608245.00828001,1268.127,0.0,17.1,"[{""usdt"": 14899357.0, ""borsa"": 3, ""fiyat"": 63500.0, ""kaynak"": ""BNB+BYB+OKX""}, {""usdt"": 11814767.0, ""borsa"": 3, ""fiyat"": 63525.0, ""kaynak"": ""BNB+BYB+OKX""}, {""usdt"": 11194437.0, ""borsa"": 1, ""fiyat"": 63450.0, ""kaynak"": ""BNB""}]","[{""usdt"": 13857866.0, ""borsa"": 3, ""fiyat"": 63550.0, ""kaynak"": ""BNB+BYB+OKX""}, {""usdt"": 11949479.0, ""borsa"": 1, ""fiyat"": 63625.0, ""kaynak"": ""BNB""}, {""usdt"": 8634496.0, ""borsa"": 1, ""fiyat"": 63600.0, ""kaynak"": ""BNB""}]",YOK,0.0751,-0.0124,0.9692,0.0648,false,10.3112,true,0,1,1,3,1,0,3,13.1,14.2,IZLE,,25,63584,,,,,SEVIYE,100,91.3,10,,,,,,,,,0,,31,91.3,31,,,
29404,2026-07-28 07:13:58.282182+00,63522.149999999994,-1937446.3356388935,-707074.3950000001,11767200808.2894,0.000029412000000000002,50999399.55250998,0.0,11.1,BEKLE,true,0.0,0.0,1.9078,301.566,55195561.94418001,1328.424,11.1,0.0,"[{""usdt"": 17593599.0, ""borsa"": 3, ""fiyat"": 63500.0, ""kaynak"": ""BNB+BYB+OKX""}, {""usdt"": 11181944.0, ""borsa"": 1, ""fiyat"": 63450.0, ""kaynak"": ""BNB""}, {""usdt"": 6609423.0, ""borsa"": 1, ""fiyat"": 63425.0, ""kaynak"": ""BNB""}]","[{""usdt"": 12456656.0, ""borsa"": 1, ""fiyat"": 63600.0, ""kaynak"": ""BNB""}, {""usdt"": 12270770.0, ""borsa"": 3, ""fiyat"": 63550.0, ""kaynak"": ""BNB+BYB+OKX""}, {""usdt"": 9876314.0, ""borsa"": 1, ""fiyat"": 63625.0, ""kaynak"": ""BNB""}]",YOK,0.0236,-0.0395,0.9866,0.3179,false,,true,0,1,1,3,0,0,3,9.6,10.7,IZLE,,25,63476.8,,,,,SEVIYE,100,92.3,10,,,,,,,,,0,,31,92.3,31,,,
29405,2026-07-28 07:14:58.589771+00,63554.25,-2874527.634362695,-805586.4380000001,11765881857.8376,0.000029412000000000002,65833098.34473007,0.0,12.5,BEKLE,true,0.0,0.0,1.9078,361.859,48907357.79276999,1388.717,0.0,12.5,"[{""usdt"": 23198758.0, ""borsa"": 3, ""fiyat"": 63525.0, ""kaynak"": ""BNB+BYB+OKX""}, {""usdt"": 11834777.0, ""borsa"": 1, ""fiyat"": 63500.0, ""kaynak"": ""BNB""}, {""usdt"": 8445991.0, ""borsa"": 1, ""fiyat"": 63425.0, ""kaynak"": ""BNB""}]","[{""usdt"": 10292456.0, ""borsa"": 3, ""fiyat"": 63575.0, ""kaynak"": ""BNB+BYB+OKX""}, {""usdt"": 10254252.0, ""borsa"": 1, ""fiyat"": 63600.0, ""kaynak"": ""BNB""}, {""usdt"": 9264406.0, ""borsa"": 3, ""fiyat"": 63550.0, ""kaynak"": ""BNB+BYB+OKX""}]",SPOT,0.2815,0.1475,0.9838,0.0414,false,,true,0,1,0,3,1,0,3,6,7.1,IZLE,,25,63584,,,,,SEVIYE,100,93.3,10,,,,,,,,,0,,31,93.3,31,,,
29406,2026-07-28 07:15:58.98878+00,63526.649999999994,10432338.32031241,1497969.6320000002,11771843532.9071,0.000029412000000000002,54959436.25909,0.0,57.0,BEKLE,,0.0,0.0,1.9078,301.678,47408266.546589985,1449.022,0.0,57.0,"[{""usdt"": 15963392.0, ""borsa"": 3, ""fiyat"": 63500.0, ""kaynak"": ""BNB+BYB+OKX""}, {""usdt"": 10793788.0, ""borsa"": 1, ""fiyat"": 63450.0, ""kaynak"": ""BNB""}, {""usdt"": 8283694.0, ""borsa"": 3, ""fiyat"": 63525.0, ""kaynak"": ""BNB+BYB+OKX""}]","[{""usdt"": 11428601.0, ""borsa"": 3, ""fiyat"": 63550.0, ""kaynak"": ""BNB+BYB+OKX""}, {""usdt"": 10159902.0, ""borsa"": 1, ""fiyat"": 63600.0, ""kaynak"": ""BNB""}, {""usdt"": 7668591.0, ""borsa"": 1, ""fiyat"": 63625.0, ""kaynak"": ""BNB""}]",SPOT,0.2047,0.0738,0.701,0.034,false,,true,0,2,0,3,1,0,3,2.5,3.6,IZLE,,25,63476.8,,,,,SEVIYE,100,94.3,10,,,,,,,,,0,,31,94.3,31,,,
29407,2026-07-28 07:17:00.396646+00,63531.649999999994,9196744.181979513,973885.706,11767423516.5854,0.000029412000000000002,53505105.36089001,0.0,51.2,BEKLE,false,0.0,0.0,1.9078,363.198,49112167.12148999,1510.542,0.0,51.2,"[{""usdt"": 16794252.0, ""borsa"": 3, ""fiyat"": 63500.0, ""kaynak"": ""BNB+BYB+OKX""}, {""usdt"": 10305873.0, ""borsa"": 1, ""fiyat"": 63450.0, ""kaynak"": ""BNB""}, {""usdt"": 9966177.0, ""borsa"": 3, ""fiyat"": 63525.0, ""kaynak"": ""BNB+BYB+OKX""}]","[{""usdt"": 12077039.0, ""borsa"": 1, ""fiyat"": 63600.0, ""kaynak"": ""BNB""}, {""usdt"": 11263065.0, ""borsa"": 3, ""fiyat"": 63550.0, ""kaynak"": ""BNB+BYB+OKX""}, {""usdt"": 7625867.0, ""borsa"": 1, ""fiyat"": 63650.0, ""kaynak"": ""BNB""}]",SPOT,0.2108,0.0428,0.7654,0.0244,false,1.4291,false,,2,0,3,1,0,3,63.5,62.5,IZLE,,25,63584,,,,,SEVIYE,100,95.3,10,,,,,,,,,0,,31,95.3,31,,,
29408,2026-07-28 07:18:00.741567+00,63533.95,7717408.559368415,787381.9859999999,11768659335.9194,0.000029412000000000002,50606739.950550005,0.0,55.8,BEKLE,false,0.0,0.0,1.9078,423.448,51165466.575639986,1570.792,0.0,55.8,"[{""usdt"": 11987215.0, ""borsa"": 3, ""fiyat"": 63500.0, ""kaynak"": ""BNB+BYB+OKX""}, {""usdt"": 11874849.0, ""borsa"": 3, ""fiyat"": 63525.0, ""kaynak"": ""BNB+BYB+OKX""}, {""usdt"": 10305873.0, ""borsa"": 1, ""fiyat"": 63450.0, ""kaynak"": ""BNB""}]","[{""usdt"": 15430491.0, ""borsa"": 3, ""fiyat"": 63550.0, ""kaynak"": ""BNB+BYB+OKX""}, {""usdt"": 12077039.0, ""borsa"": 1, ""fiyat"": 63600.0, ""kaynak"": ""BNB""}, {""usdt"": 7625867.0, ""borsa"": 1, ""fiyat"": 63650.0, ""kaynak"": ""BNB""}]",SPOT,0.1777,-0.0055,0.7565,0.0103,false,1.3477,false,,2,1,3,0,0,3,60.4,61.5,IZLE,,25,63584,,,,,SEVIYE,100,96.3,10,,,,,,,,,0,,31,96.3,31,,,
29409,2026-07-28 07:19:01.019581+00,63547.350000000006,6501976.445146625,897107.8010000001,11770274699.870201,0.000029412000000000002,48284394.88839998,0.0,54.5,BEKLE,true,0.0,0.0,1.9002,483.802,50146145.878039956,1631.146,0.0,54.5,"[{""usdt"": 11268630.0, ""borsa"": 3, ""fiyat"": 63525.0, ""kaynak"": ""BNB+BYB+OKX""}, {""usdt"": 11257442.0, ""borsa"": 3, ""fiyat"": 63500.0, ""kaynak"": ""BNB+BYB+OKX""}, {""usdt"": 10940079.0, ""borsa"": 1, ""fiyat"": 63450.0, ""kaynak"": ""BNB""}]","[{""usdt"": 14807671.0, ""borsa"": 3, ""fiyat"": 63550.0, ""kaynak"": ""BNB+BYB+OKX""}, {""usdt"": 9864950.0, ""borsa"": 1, ""fiyat"": 63625.0, ""kaynak"": ""BNB""}, {""usdt"": 8538956.0, ""borsa"": 1, ""fiyat"": 63600.0, ""kaynak"": ""BNB""}]",SPOT,0.1649,-0.0189,0.7146,0.1324,false,1.5916,false,,2,1,3,0,0,3,56.9,58,IZLE,,25,63584,,,,,SEVIYE,100,97.3,10,,,,,,,,,0,,31,97.3,31,,,
29410,2026-07-28 07:20:01.292438+00,63534.05,6961580.826776423,952540.6209999999,11773229185.9332,0.000029412000000000002,53127515.54520005,0.0,70.5,BEKLE,false,0.0,0.0,1.9002,544.064,52872620.32045,1691.408,0.0,70.5,"[{""usdt"": 13580034.0, ""borsa"": 3, ""fiyat"": 63525.0, ""kaynak"": ""BNB+BYB+OKX""}, {""usdt"": 10556358.0, ""borsa"": 1, ""fiyat"": 63475.0, ""kaynak"": ""BNB""}, {""usdt"": 9952737.0, ""borsa"": 3, ""fiyat"": 63550.0, ""kaynak"": ""BNB+BYB+OKX""}]","[{""usdt"": 14491765.0, ""borsa"": 3, ""fiyat"": 63575.0, ""kaynak"": ""BNB+BYB+OKX""}, {""usdt"": 10398453.0, ""borsa"": 1, ""fiyat"": 63625.0, ""kaynak"": ""BNB""}, {""usdt"": 9096611.0, ""borsa"": 1, ""fiyat"": 63650.0, ""kaynak"": ""BNB""}]",SPOT,0.1968,0.0024,0.727,0.0926,false,0.9848,false,,2,0,3,0,0,3,53.3,54.4,IZLE,,25,63584,,,,,SEVIYE,100,98.4,10,,,,,,,,,0,,31,98.4,31,,,
29411,2026-07-28 07:21:01.603549+00,63486.649999999994,6355689.206994618,881694.149,11770214296.012299,0.000029412000000000002,48718906.068939984,0.0,47.9,BEKLE,true,0.0,0.0,1.9002,604.3,54058223.25995004,1751.644,47.9,0.0,"[{""usdt"": 16251536.0, ""borsa"": 3, ""fiyat"": 63475.0, ""kaynak"": ""BNB+BYB+OKX""}, {""usdt"": 10194693.0, ""borsa"": 3, ""fiyat"": 63500.0, ""kaynak"": ""BNB+BYB+OKX""}, {""usdt"": 8326036.0, ""borsa"": 1, ""fiyat"": 63450.0, ""kaynak"": ""BNB""}]","[{""usdt"": 16541021.0, ""borsa"": 3, ""fiyat"": 63525.0, ""kaynak"": ""BNB+BYB+OKX""}, {""usdt"": 8172810.0, ""borsa"": 1, ""fiyat"": 63550.0, ""kaynak"": ""BNB""}, {""usdt"": 7784860.0, ""borsa"": 1, ""fiyat"": 63600.0, ""kaynak"": ""BNB""}]",YOK,0.1368,-0.052,0.7589,0.4622,true,0,false,,2,0,3,2,0,3,49.6,50.8,IZLE,,25,63476.8,,,,,SEVIYE,100,99.4,10,,,,,,,,,0,,31,99.4,31,,,
29412,2026-07-28 07:22:01.856833+00,63507.850000000006,5664654.072983516,848113.28,11769744895.747,0.000029412000000000002,50929599.45892001,0.0,22.0,BEKLE,false,0.0,0.0,1.8986,60.362,55144716.66590001,483.582,22.0,0.0,"[{""usdt"": 12713025.0, ""borsa"": 3, ""fiyat"": 63475.0, ""kaynak"": ""BNB+BYB+OKX""}, {""usdt"": 10586338.0, ""borsa"": 1, ""fiyat"": 63425.0, ""kaynak"": ""BNB""}, {""usdt"": 8680094.0, ""borsa"": 1, ""fiyat"": 63400.0, ""kaynak"": ""BNB""}]","[{""usdt"": 13455113.0, ""borsa"": 3, ""fiyat"": 63525.0, ""kaynak"": ""BNB+BYB+OKX""}, {""usdt"": 12383175.0, ""borsa"": 1, ""fiyat"": 63600.0, ""kaynak"": ""BNB""}, {""usdt"": 10067204.0, ""borsa"": 1, ""fiyat"": 63550.0, ""kaynak"": ""BNB""}]",SPOT,0.1506,-0.0397,0.929,0.3842,false,,false,1.8465,2,0,3,0,0,3,46.2,47.2,IZLE,,25,63477.7,,,,,SEVIYE,80,100.4,11,,,,,,,,,0,,32,100.4,32,,,
29413,2026-07-28 07:23:02.120635+00,63517.25,4728944.854533616,856885.3370000002,11770238126.8525,0.000029412000000000002,49053537.17067006,0.0,17.5,BEKLE,true,0.0,0.0,1.8986,120.608,57884483.83689004,543.828,0.0,17.5,"[{""usdt"": 13111761.0, ""borsa"": 3, ""fiyat"": 63475.0, ""kaynak"": ""BNB+BYB+OKX""}, {""usdt"": 9752063.0, ""borsa"": 1, ""fiyat"": 63425.0, ""kaynak"": ""BNB""}, {""usdt"": 9730627.0, ""borsa"": 1, ""fiyat"": 63400.0, ""kaynak"": ""BNB""}]","[{""usdt"": 15716654.0, ""borsa"": 3, ""fiyat"": 63525.0, ""kaynak"": ""BNB+BYB+OKX""}, {""usdt"": 13585272.0, ""borsa"": 1, ""fiyat"": 63600.0, ""kaynak"": ""BNB""}, {""usdt"": 10402442.0, ""borsa"": 1, ""fiyat"": 63550.0, ""kaynak"": ""BNB""}]",YOK,0.0748,-0.0826,0.9525,0.3266,true,0,false,1.4659,0,1,3,0,0,3,42.6,43.6,IZLE,,25,63477.7,,,,,SEVIYE,80,101.4,11,,,,,,,,,0,,32,101.4,32,,,
29414,2026-07-28 07:24:02.396878+00,63507.649999999994,3668883.468878632,783181.3740000002,11773927281.7369,0.000029412000000000002,51295527.42183002,0.0,20.1,BEKLE,false,0.0,0.0,1.8986,180.832,53697494.58901002,604.052,20.1,0.0,"[{""usdt"": 16521324.0, ""borsa"": 3, ""fiyat"": 63500.0, ""kaynak"": ""BNB+BYB+OKX""}, {""usdt"": 9988929.0, ""borsa"": 1, ""fiyat"": 63450.0, ""kaynak"": ""BNB""}, {""usdt"": 8524492.0, ""borsa"": 1, ""fiyat"": 63425.0, ""kaynak"": ""BNB""}]","[{""usdt"": 15427812.0, ""borsa"": 3, ""fiyat"": 63550.0, ""kaynak"": ""BNB+BYB+OKX""}, {""usdt"": 11327366.0, ""borsa"": 1, ""fiyat"": 63600.0, ""kaynak"": ""BNB""}, {""usdt"": 10895125.0, ""borsa"": 3, ""fiyat"": 63525.0, ""kaynak"": ""BNB+BYB+OKX""}]",YOK,0.0476,-0.0229,0.9206,0.7915,true,0,false,1.3277,1,0,3,0,0,3,38.9,40,IZLE,,25,63477.7,,,,,SEVIYE,80,102.4,11,,,,,,,,,0,,32,102.4,32,,,
29415,2026-07-28 07:25:02.838031+00,63533.05,4725618.650255827,1078191.033,11773278248.2356,0.000029412000000000002,49189023.51814006,0.0,21.7,BEKLE,true,0.0,0.0,1.8986,241.129,55867950.61115006,664.349,0.0,21.7,"[{""usdt"": 14015560.0, ""borsa"": 3, ""fiyat"": 63475.0, ""kaynak"": ""BNB+BYB+OKX""}, {""usdt"": 10194191.0, ""borsa"": 1, ""fiyat"": 63400.0, ""kaynak"": ""BNB""}, {""usdt"": 8865192.0, ""borsa"": 1, ""fiyat"": 63425.0, ""kaynak"": ""BNB""}]","[{""usdt"": 15546284.0, ""borsa"": 3, ""fiyat"": 63525.0, ""kaynak"": ""BNB+BYB+OKX""}, {""usdt"": 11282407.0, ""borsa"": 1, ""fiyat"": 63550.0, ""kaynak"": ""BNB""}, {""usdt"": 9124682.0, ""borsa"": 1, ""fiyat"": 63575.0, ""kaynak"": ""BNB""}]",YOK,0.0399,-0.0636,0.8924,0.0245,true,0,false,2.5433,1,1,3,0,2,3,35.4,36.5,IZLE,,25,63574.9,,,,,SEVIYE,95,103.4,11,,,,,,,,,0,,32,103.4,32,,,
29416,2026-07-28 07:26:03.238996+00,63538.649999999994,-6638046.284050484,-515152.33999999997,11781772963.943798,0.000029412000000000002,45697379.96128999,0.0,75.5,BEKLE,false,0.0,0.0,1.8986,120.844,57938358.827820085,724.896,75.5,0.0,"[{""usdt"": 10700689.0, ""borsa"": 3, ""fiyat"": 63500.0, ""kaynak"": ""BNB+BYB+OKX""}, {""usdt"": 10181759.0, ""borsa"": 1, ""fiyat"": 63450.0, ""kaynak"": ""BNB""}, {""usdt"": 10138064.0, ""borsa"": 3, ""fiyat"": 63525.0, ""kaynak"": ""BNB+BYB+OKX""}]","[{""usdt"": 22828663.0, ""borsa"": 3, ""fiyat"": 63550.0, ""kaynak"": ""BNB+BYB+OKX""}, {""usdt"": 11910729.0, ""borsa"": 1, ""fiyat"": 63625.0, ""kaynak"": ""BNB""}, {""usdt"": 8445090.0, ""borsa"": 1, ""fiyat"": 63600.0, ""kaynak"": ""BNB""}]",YOK,0.0745,-0.1181,0.8126,0.1997,false,,false,,1,0,3,0,1,3,32.1,33.1,IZLE,,25,63574.9,,,,,SEVIYE,95,104.4,11,,,,,,,,,0,,32,104.4,32,,,
29417,2026-07-28 07:27:03.484326+00,63555.850000000006,-6299158.880739484,-482005.743,11783157956.2672,0.000029412000000000002,51342178.030680016,0.0,71.1,BEKLE,false,0.0,0.0,1.8952,60.29,54657689.947209924,785.186,71.1,0.0,"[{""usdt"": 14539497.0, ""borsa"": 3, ""fiyat"": 63550.0, ""kaynak"": ""BNB+BYB+OKX""}, {""usdt"": 11099438.0, ""borsa"": 1, ""fiyat"": 63475.0, ""kaynak"": ""BNB""}, {""usdt"": 7911652.0, ""borsa"": 2, ""fiyat"": 63525.0, ""kaynak"": ""BNB+OKX""}]","[{""usdt"": 17740634.0, ""borsa"": 3, ""fiyat"": 63575.0, ""kaynak"": ""BNB+BYB+OKX""}, {""usdt"": 9912946.0, ""borsa"": 1, ""fiyat"": 63650.0, ""kaynak"": ""BNB""}, {""usdt"": 9197931.0, ""borsa"": 1, ""fiyat"": 63675.0, ""kaynak"": ""BNB""}]",YOK,0.1184,-0.0313,0.8075,0.1989,false,,true,0.0687,1,0,3,0,0,3,28.5,29.6,IZLE,,25,63574.9,,,,,SEVIYE,95,105.4,11,,,,,,,,,0,,32,105.4,32,,,
29418,2026-07-28 07:28:03.751204+00,63530.95,-7040523.069321683,-643612.27,11779017517.7244,0.000029412000000000002,51496996.00808,0.0,79.1,BEKLE,false,0.0,0.0,1.8952,60.203,49116567.72894,845.389,79.1,0.0,"[{""usdt"": 15478033.0, ""borsa"": 3, ""fiyat"": 63525.0, ""kaynak"": ""BNB+BYB+OKX""}, {""usdt"": 12657883.0, ""borsa"": 1, ""fiyat"": 63450.0, ""kaynak"": ""BNB""}, {""usdt"": 9545233.0, ""borsa"": 3, ""fiyat"": 63500.0, ""kaynak"": ""BNB+BYB+OKX""}]","[{""usdt"": 13989204.0, ""borsa"": 3, ""fiyat"": 63550.0, ""kaynak"": ""BNB+BYB+OKX""}, {""usdt"": 9792179.0, ""borsa"": 1, ""fiyat"": 63650.0, ""kaynak"": ""BNB""}, {""usdt"": 8630165.0, ""borsa"": 1, ""fiyat"": 63600.0, ""kaynak"": ""BNB""}]",YOK,0.0456,0.0237,0.7853,0.0561,false,3.2284,true,0.0203,1,0,3,0,0,3,24.9,26,IZLE,,25,63574.9,,,,,SEVIYE,95,106.4,11,,,,,,,,,0,,32,106.4,32,,,
29419,2026-07-28 07:29:04.055978+00,63525.55,-7097234.240764584,-628420.023,11777964117.7022,0.000029412000000000002,46351065.85942997,0.0,54.3,BEKLE,false,0.0,0.0,1.8952,60.362,46628827.320270024,905.751,54.3,0.0,"[{""usdt"": 13465461.0, ""borsa"": 3, ""fiyat"": 63500.0, ""kaynak"": ""BNB+BYB+OKX""}, {""usdt"": 8139389.0, ""borsa"": 1, ""fiyat"": 63450.0, ""kaynak"": ""BNB""}, {""usdt"": 7099616.0, ""borsa"": 1, ""fiyat"": 63425.0, ""kaynak"": ""BNB""}]","[{""usdt"": 13953364.0, ""borsa"": 3, ""fiyat"": 63550.0, ""kaynak"": ""BNB+BYB+OKX""}, {""usdt"": 8411324.0, ""borsa"": 1, ""fiyat"": 63625.0, ""kaynak"": ""BNB""}, {""usdt"": 8078496.0, ""borsa"": 1, ""fiyat"": 63600.0, ""kaynak"": ""BNB""}]",YOK,0.0539,-0.003,0.7805,0.0797,false,2.6185,true,0.0468,1,0,3,0,0,3,21.4,22.5,IZLE,,25,63477.7,,,,,SEVIYE,80,107.4,11,,,,,,,,,0,,32,107.4,32,,,
29420,2026-07-28 07:30:04.351724+00,63527.45,-6553891.002627583,-669312.057,11779508210.1012,0.000029412000000000002,52241056.57221997,0.0,72.7,BEKLE,false,0.0,0.0,1.8952,120.578,49734718.863680005,965.967,72.7,0.0,"[{""usdt"": 18708576.0, ""borsa"": 3, ""fiyat"": 63525.0, ""kaynak"": ""BNB+BYB+OKX""}, {""usdt"": 11085828.0, ""borsa"": 1, ""fiyat"": 63450.0, ""kaynak"": ""BNB""}, {""usdt"": 7035156.0, ""borsa"": 2, ""fiyat"": 63500.0, ""kaynak"": ""BNB+OKX""}]","[{""usdt"": 12641308.0, ""borsa"": 3, ""fiyat"": 63550.0, ""kaynak"": ""BNB+BYB+OKX""}, {""usdt"": 9320254.0, ""borsa"": 1, ""fiyat"": 63600.0, ""kaynak"": ""BNB""}, {""usdt"": 9181768.0, ""borsa"": 1, ""fiyat"": 63650.0, ""kaynak"": ""BNB""}]",YOK,0.0826,0.0246,0.7506,0.0229,false,,true,0,1,0,3,2,0,3,17.7,18.8,IZLE,,25,63574.9,,,,,SEVIYE,95,108.4,11,,,,,,,,,0,,32,108.4,32,,,
29421,2026-07-28 07:31:04.753676+00,63523.25,-1836583.52188409,-79974.133,11776526321.8779,0.000029412000000000002,65813807.777039945,0.0,25.5,BEKLE,true,0.0,0.0,1.8952,120.635,45740729.26897998,1026.386,0.0,25.5,"[{""usdt"": 16602982.0, ""borsa"": 3, ""fiyat"": 63500.0, ""kaynak"": ""BNB+BYB+OKX""}, {""usdt"": 14950898.0, ""borsa"": 1, ""fiyat"": 63475.0, ""kaynak"": ""BNB""}, {""usdt"": 12727642.0, ""borsa"": 3, ""fiyat"": 63525.0, ""kaynak"": ""BNB+BYB+OKX""}]","[{""usdt"": 11895059.0, ""borsa"": 3, ""fiyat"": 63550.0, ""kaynak"": ""BNB+BYB+OKX""}, {""usdt"": 10346343.0, ""borsa"": 1, ""fiyat"": 63600.0, ""kaynak"": ""BNB""}, {""usdt"": 9110560.0, ""borsa"": 1, ""fiyat"": 63625.0, ""kaynak"": ""BNB""}]",PERP,0.0924,0.1799,0.8372,0.1648,false,,true,0,1,0,3,3,0,3,14.2,15.3,IZLE,,25,63477.7,,,,,SEVIYE,80,109.4,11,,,,,,,,,0,,32,109.4,32,,,
29422,2026-07-28 07:32:05.70721+00,63532.149999999994,-1026509.6200815911,-79381.67399999998,11776583185.9762,0.000029412000000000002,56858995.88367994,0.0,26.1,BEKLE,,0.0,0.0,1.8952,181.639,48471498.90554002,1087.39,0.0,26.1,"[{""usdt"": 15002736.0, ""borsa"": 1, ""fiyat"": 63475.0, ""kaynak"": ""BNB""}, {""usdt"": 12161735.0, ""borsa"": 3, ""fiyat"": 63500.0, ""kaynak"": ""BNB+BYB+OKX""}, {""usdt"": 10822265.0, ""borsa"": 3, ""fiyat"": 63525.0, ""kaynak"": ""BNB+BYB+OKX""}]","[{""usdt"": 12296637.0, ""borsa"": 3, ""fiyat"": 63550.0, ""kaynak"": ""BNB+BYB+OKX""}, {""usdt"": 11306285.0, ""borsa"": 1, ""fiyat"": 63625.0, ""kaynak"": ""BNB""}, {""usdt"": 9080743.0, ""borsa"": 1, ""fiyat"": 63600.0, ""kaynak"": ""BNB""}]",YOK,0.1335,0.0796,0.8636,0.2451,false,,true,0,1,0,3,1,0,3,11.4,12.5,IZLE,,25,63576.5,,,,,SEVIYE,95,110.4,12,,,,,,,,,0,,32,110.4,31,,,
29423,2026-07-28 07:33:06.034498+00,63545.75,698834.9513420099,-59414.62199999999,11779890975.124802,0.000029412000000000002,55351539.96222001,0.0,28.3,BEKLE,true,0.0,0.0,1.896,241.913,46585846.15689002,1147.664,0.0,28.3,"[{""usdt"": 16440785.0, ""borsa"": 3, ""fiyat"": 63525.0, ""kaynak"": ""BNB+BYB+OKX""}, {""usdt"": 15503368.0, ""borsa"": 1, ""fiyat"": 63475.0, ""kaynak"": ""BNB""}, {""usdt"": 8588387.0, ""borsa"": 1, ""fiyat"": 63450.0, ""kaynak"": ""BNB""}]","[{""usdt"": 9555520.0, ""borsa"": 3, ""fiyat"": 63575.0, ""kaynak"": ""BNB+BYB+OKX""}, {""usdt"": 9479676.0, ""borsa"": 1, ""fiyat"": 63650.0, ""kaynak"": ""BNB""}, {""usdt"": 9143846.0, ""borsa"": 1, ""fiyat"": 63625.0, ""kaynak"": ""BNB""}]",SPOT,0.1516,0.086,0.865,0.1045,false,,true,0,1,0,3,1,0,3,7.8,8.9,IZLE,,25,63576.5,,,,,SEVIYE,95,111.4,12,,,,,,,,,0,,32,111.4,31,,,
29424,2026-07-28 07:34:06.387172+00,63545.95,561340.8052496113,-67671.405,11778699975.4486,0.000029412000000000002,58076940.90229005,0.0,29.0,BEKLE,true,0.0,0.0,1.896,302.257,50328351.662500024,1208.008,0.0,29.0,"[{""usdt"": 16361044.0, ""borsa"": 3, ""fiyat"": 63525.0, ""kaynak"": ""BNB+BYB+OKX""}, {""usdt"": 14849440.0, ""borsa"": 1, ""fiyat"": 63475.0, ""kaynak"": ""BNB""}, {""usdt"": 9351022.0, ""borsa"": 1, ""fiyat"": 63450.0, ""kaynak"": ""BNB""}]","[{""usdt"": 11513968.0, ""borsa"": 1, ""fiyat"": 63625.0, ""kaynak"": ""BNB""}, {""usdt"": 10343515.0, ""borsa"": 3, ""fiyat"": 63575.0, ""kaynak"": ""BNB+BYB+OKX""}, {""usdt"": 10154040.0, ""borsa"": 1, ""fiyat"": 63650.0, ""kaynak"": ""BNB""}]",SPOT,0.158,0.0715,0.8685,0.1461,false,,true,0,1,0,3,1,0,3,4.3,5.4,IZLE,,25,63576.5,,,,,SEVIYE,95,112.4,12,,,,,,,,,0,,32,112.4,31,,,
29425,2026-07-28 07:35:06.779232+00,63541.55,42891.1201189158,-93836.317,11779281185.9088,0.000029412000000000002,55744568.303390004,0.0,30.0,BEKLE,true,0.0,0.0,1.896,241.985,50701928.4606,1268.371,0.0,30.0,"[{""usdt"": 15618449.0, ""borsa"": 1, ""fiyat"": 63475.0, ""kaynak"": ""BNB""}, {""usdt"": 14374119.0, ""borsa"": 3, ""fiyat"": 63525.0, ""kaynak"": ""BNB+BYB+OKX""}, {""usdt"": 9845170.0, ""borsa"": 1, ""fiyat"": 63450.0, ""kaynak"": ""BNB""}]","[{""usdt"": 10698634.0, ""borsa"": 1, ""fiyat"": 63625.0, ""kaynak"": ""BNB""}, {""usdt"": 10401494.0, ""borsa"": 3, ""fiyat"": 63575.0, ""kaynak"": ""BNB+BYB+OKX""}, {""usdt"": 10164969.0, ""borsa"": 3, ""fiyat"": 63550.0, ""kaynak"": ""BNB+BYB+OKX""}]",YOK,0.1359,0.0474,0.8472,0.1144,false,,true,0,1,0,3,1,0,3,63.6,63.2,IZLE,,25,63576.5,,,,,SEVIYE,95,113.4,12,,,,,,,,,0,,32,113.4,31,,,
29426,2026-07-28 07:36:07.426173+00,63517.25,3085608.6842021095,-330918.9249999999,11775799975.6584,0.000029412000000000002,53080970.684149995,0.0,29.4,BEKLE,false,0.0,0.0,1.896,302.563,52158660.62156999,1328.949,29.4,0.0,"[{""usdt"": 15618449.0, ""borsa"": 1, ""fiyat"": 63475.0, ""kaynak"": ""BNB""}, {""usdt"": 14402014.0, ""borsa"": 3, ""fiyat"": 63525.0, ""kaynak"": ""BNB+BYB+OKX""}, {""usdt"": 9845170.0, ""borsa"": 1, ""fiyat"": 63450.0, ""kaynak"": ""BNB""}]","[{""usdt"": 13890084.0, ""borsa"": 3, ""fiyat"": 63550.0, ""kaynak"": ""BNB+BYB+OKX""}, {""usdt"": 10698634.0, ""borsa"": 1, ""fiyat"": 63625.0, ""kaynak"": ""BNB""}, {""usdt"": 9768342.0, ""borsa"": 1, ""fiyat"": 63650.0, ""kaynak"": ""BNB""}]",YOK,0.1404,0.0088,0.9046,0.0697,false,,true,0,1,0,3,0,0,3,61.3,62.5,IZLE,,25,63472.6,,,,,SEVIYE,100,114.5,12,,,,,,,,,0,,32,114.5,31,,,
29427,2026-07-28 07:37:07.892691+00,63499.95,4196632.65399931,-294651.386,11773320507.798801,0.000029412000000000002,63570332.11538994,0.0,26.0,BEKLE,false,0.0,0.0,1.8969,363.197,50285016.066660084,1389.583,26.0,0.0,"[{""usdt"": 23957777.0, ""borsa"": 3, ""fiyat"": 63475.0, ""kaynak"": ""BNB+BYB+OKX""}, {""usdt"": 16300134.0, ""borsa"": 3, ""fiyat"": 63500.0, ""kaynak"": ""BNB+BYB+OKX""}, {""usdt"": 8009566.0, ""borsa"": 1, ""fiyat"": 63450.0, ""kaynak"": ""BNB""}]","[{""usdt"": 12954361.0, ""borsa"": 3, ""fiyat"": 63525.0, ""kaynak"": ""BNB+BYB+OKX""}, {""usdt"": 8856910.0, ""borsa"": 1, ""fiyat"": 63625.0, ""kaynak"": ""BNB""}, {""usdt"": 8214329.0, ""borsa"": 1, ""fiyat"": 63600.0, ""kaynak"": ""BNB""}]",YOK,0.1102,0.1167,0.9215,0.3588,false,0.6943,false,,1,0,3,0,0,3,58.1,59.2,IZLE,,25,63472.6,,,,,SEVIYE,100,115.5,12,,,,,,,,,0,,32,115.5,31,,,
29428,2026-07-28 07:38:08.3111+00,63469.45,4449020.671727912,-414055.63599999994,11768134938.526299,0.000029412000000000002,53686877.32855004,0.0,20.8,BEKLE,,0.0,0.0,1.8969,60.349,49796827.47031998,1449.932,20.8,0.0,"[{""usdt"": 24384467.0, ""borsa"": 3, ""fiyat"": 63475.0, ""kaynak"": ""BNB+BYB+OKX""}, {""usdt"": 8684979.0, ""borsa"": 1, ""fiyat"": 63400.0, ""kaynak"": ""BNB""}, {""usdt"": 7450397.0, ""borsa"": 1, ""fiyat"": 63450.0, ""kaynak"": ""BNB""}]","[{""usdt"": 12093483.0, ""borsa"": 3, ""fiyat"": 63500.0, ""kaynak"": ""BNB+BYB+OKX""}, {""usdt"": 10596405.0, ""borsa"": 3, ""fiyat"": 63525.0, ""kaynak"": ""BNB+BYB+OKX""}, {""usdt"": 8309805.0, ""borsa"": 1, ""fiyat"": 63600.0, ""kaynak"": ""BNB""}]",YOK,0.0371,0.0376,0.8364,1.0746,false,0.8357,false,,1,1,3,0,1,3,54.6,55.6,IZLE,,25,63472.6,,,,,SEVIYE,100,116.5,12,,,,,,,,,0,,32,116.5,31,,,
29429,2026-07-28 07:39:08.617627+00,63479.75,5159465.673568514,-371749.31799999997,11767500549.8801,0.000029412000000000002,47446781.252699964,0.0,19.0,BEKLE,false,0.0,0.0,1.8969,120.728,48326484.40424993,1510.311,19.0,0.0,"[{""usdt"": 17373143.0, ""borsa"": 3, ""fiyat"": 63450.0, ""kaynak"": ""BNB+BYB+OKX""}, {""usdt"": 11777840.0, ""borsa"": 1, ""fiyat"": 63400.0, ""kaynak"": ""BNB""}, {""usdt"": 6714422.0, ""borsa"": 1, ""fiyat"": 63375.0, ""kaynak"": ""BNB""}]","[{""usdt"": 10316346.0, ""borsa"": 3, ""fiyat"": 63500.0, ""kaynak"": ""BNB+BYB+OKX""}, {""usdt"": 8909159.0, ""borsa"": 1, ""fiyat"": 63575.0, ""kaynak"": ""BNB""}, {""usdt"": 8800707.0, ""borsa"": 3, ""fiyat"": 63475.0, ""kaynak"": ""BNB+BYB+OKX""}]",YOK,0.0614,-0.0092,0.8797,0.7997,false,0.6142,false,,1,1,3,0,1,3,51,52.1,IZLE,,25,63472.6,,,,,SEVIYE,100,117.5,12,,,,,,,,,0,,32,117.5,31,,,
29430,2026-07-28 07:40:09.108814+00,63510.95,6413135.71939431,-346424.223,11774023237.3678,0.000029412000000000002,50815923.98665998,0.0,22.2,BEKLE,false,0.0,0.0,1.8969,181.028,47857481.58264993,1570.611,22.2,0.0,"[{""usdt"": 15016050.0, ""borsa"": 3, ""fiyat"": 63475.0, ""kaynak"": ""BNB+BYB+OKX""}, {""usdt"": 10657139.0, ""borsa"": 1, ""fiyat"": 63400.0, ""kaynak"": ""BNB""}, {""usdt"": 8118651.0, ""borsa"": 2, ""fiyat"": 63450.0, ""kaynak"": ""BNB+OKX""}]","[{""usdt"": 12965764.0, ""borsa"": 3, ""fiyat"": 63525.0, ""kaynak"": ""BNB+BYB+OKX""}, {""usdt"": 11673878.0, ""borsa"": 3, ""fiyat"": 63500.0, ""kaynak"": ""BNB+BYB+OKX""}, {""usdt"": 8644935.0, ""borsa"": 1, ""fiyat"": 63575.0, ""kaynak"": ""BNB""}]",YOK,0.0676,0.03,0.9242,0.2804,false,0,false,11.6845,0,0,3,1,0,3,47.4,48.5,IZLE,,25,63472.6,,,,,SEVIYE,100,118.5,12,,,,,,,,,0,,32,118.5,31,,,
29431,2026-07-28 07:41:09.392331+00,63494.649999999994,6621164.445642508,-206766.495,11771083984.852299,0.000029412000000000002,46557122.70582999,0.0,17.0,BEKLE,true,0.0,0.0,1.8969,241.533,50621514.20842002,1631.116,0.0,17.0,"[{""usdt"": 15363082.0, ""borsa"": 3, ""fiyat"": 63475.0, ""kaynak"": ""BNB+BYB+OKX""}, {""usdt"": 10025478.0, ""borsa"": 1, ""fiyat"": 63400.0, ""kaynak"": ""BNB""}, {""usdt"": 8284916.0, ""borsa"": 1, ""fiyat"": 63425.0, ""kaynak"": ""BNB""}]","[{""usdt"": 11013806.0, ""borsa"": 3, ""fiyat"": 63525.0, ""kaynak"": ""BNB+BYB+OKX""}, {""usdt"": 9560550.0, ""borsa"": 3, ""fiyat"": 63500.0, ""kaynak"": ""BNB+BYB+OKX""}, {""usdt"": 9125041.0, ""borsa"": 1, ""fiyat"": 63550.0, ""kaynak"": ""BNB""}]",YOK,0.0251,-0.0418,0.9323,0.3765,false,0,false,,0,1,3,0,1,3,44,45.2,IZLE,,25,63472.6,,,,,SEVIYE,100,119.5,12,,,,,,,,,0,,32,119.5,31,,,
29432,2026-07-28 07:42:09.687364+00,63476.649999999994,7091300.504724708,-175536.23600000003,11768211395.907902,0.000029412000000000002,53663720.61193003,0.0,15.6,BEKLE,false,0.0,0.0,1.8944,301.793,53540565.15752994,1691.376,0.0,15.6,"[{""usdt"": 17398001.0, ""borsa"": 3, ""fiyat"": 63475.0, ""kaynak"": ""BNB+BYB+OKX""}, {""usdt"": 12320524.0, ""borsa"": 3, ""fiyat"": 63450.0, ""kaynak"": ""BNB+BYB+OKX""}, {""usdt"": 9778809.0, ""borsa"": 1, ""fiyat"": 63400.0, ""kaynak"": ""BNB""}]","[{""usdt"": 14613692.0, ""borsa"": 3, ""fiyat"": 63500.0, ""kaynak"": ""BNB+BYB+OKX""}, {""usdt"": 10422153.0, ""borsa"": 1, ""fiyat"": 63525.0, ""kaynak"": ""BNB""}, {""usdt"": 9092470.0, ""borsa"": 1, ""fiyat"": 63600.0, ""kaynak"": ""BNB""}]",YOK,0.0276,0.0011,0.9178,0.4679,false,0,false,,1,1,3,0,1,3,40.4,41.5,IZLE,,25,63473.7,,,,,SEVIYE,100,120.5,13,,,,,,,,,0,,31,120.5,30,,,
29433,2026-07-28 07:43:09.978146+00,63471.850000000006,7932262.214155909,-250358.46000000002,11766207715.157402,0.000029412000000000002,54090315.8783,0.0,17.4,BEKLE,false,0.0,0.0,1.8944,362.053,52124335.72114994,1751.636,0.0,17.4,"[{""usdt"": 14896892.0, ""borsa"": 3, ""fiyat"": 63450.0, ""kaynak"": ""BNB+BYB+OKX""}, {""usdt"": 11665415.0, ""borsa"": 1, ""fiyat"": 63375.0, ""kaynak"": ""BNB""}, {""usdt"": 10081759.0, ""borsa"": 1, ""fiyat"": 63400.0, ""kaynak"": ""BNB""}]","[{""usdt"": 14250043.0, ""borsa"": 3, ""fiyat"": 63500.0, ""kaynak"": ""BNB+BYB+OKX""}, {""usdt"": 8841342.0, ""borsa"": 1, ""fiyat"": 63550.0, ""kaynak"": ""BNB""}, {""usdt"": 8779757.0, ""borsa"": 1, ""fiyat"": 63525.0, ""kaynak"": ""BNB""}]",YOK,0.1087,0.0185,0.9072,0.0396,false,0,false,,1,0,3,0,0,3,36.8,37.9,IZLE,,25,63473.7,,,,,SEVIYE,100,121.5,13,,,,,,,,,0,,31,121.5,30,,,
29434,2026-07-28 07:44:10.221666+00,63459.55,7949379.413063206,-260463.367,11762971586.822601,0.000029412000000000002,52302097.661869995,0.0,16.5,BEKLE,false,0.0,0.0,1.8944,422.358,54358958.146879956,362.009,0.0,16.5,"[{""usdt"": 19829571.0, ""borsa"": 3, ""fiyat"": 63450.0, ""kaynak"": ""BNB+BYB+OKX""}, {""usdt"": 10726644.0, ""borsa"": 1, ""fiyat"": 63400.0, ""kaynak"": ""BNB""}, {""usdt"": 9512516.0, ""borsa"": 1, ""fiyat"": 63375.0, ""kaynak"": ""BNB""}]","[{""usdt"": 15987102.0, ""borsa"": 3, ""fiyat"": 63475.0, ""kaynak"": ""BNB+BYB+OKX""}, {""usdt"": 9058704.0, ""borsa"": 1, ""fiyat"": 63525.0, ""kaynak"": ""BNB""}, {""usdt"": 8343415.0, ""borsa"": 1, ""fiyat"": 63550.0, ""kaynak"": ""BNB""}]",YOK,-0.0396,-0.0193,0.9201,0.4221,false,0,false,,1,1,3,0,2,3,33.2,34.4,IZLE,,25,63473.7,,,,,SEVIYE,100,122.5,13,,,,,,,,,0,,31,122.5,30,,,
29435,2026-07-28 07:45:10.795042+00,63456.350000000006,5559383.799660598,-601861.272,11758584372.1732,0.000029412000000000002,53530661.00484997,0.0,32.9,BEKLE,false,0.0,0.0,1.8944,482.622,52201118.07612998,422.273,32.9,0.0,"[{""usdt"": 17043747.0, ""borsa"": 3, ""fiyat"": 63425.0, ""kaynak"": ""BNB+BYB+OKX""}, {""usdt"": 11515568.0, ""borsa"": 1, ""fiyat"": 63350.0, ""kaynak"": ""BNB""}, {""usdt"": 8780557.0, ""borsa"": 3, ""fiyat"": 63450.0, ""kaynak"": ""BNB+BYB+OKX""}]","[{""usdt"": 11882575.0, ""borsa"": 3, ""fiyat"": 63475.0, ""kaynak"": ""BNB+BYB+OKX""}, {""usdt"": 9795957.0, ""borsa"": 1, ""fiyat"": 63525.0, ""kaynak"": ""BNB""}, {""usdt"": 8572770.0, ""borsa"": 3, ""fiyat"": 63450.0, ""kaynak"": ""BNB+BYB+OKX""}]",YOK,0.0169,0.0126,0.6056,2.4528,false,0.0927,false,,1,1,3,0,1,3,29.7,30.7,IZLE,,25,63473.7,,,,,SEVIYE,100,123.5,13,,,,,,,,,0,,31,123.5,30,,,
29436,2026-07-28 07:46:11.539104+00,63440.649999999994,5714033.500866298,-881712.4019999999,11755901963.8734,0.000029412000000000002,54302853.412379965,190.3221,52.9,BEKLE,true,190.3221,0.0,1.8944,543.516,52934271.820969984,483.167,52.9,0.0,"[{""usdt"": 17174223.0, ""borsa"": 3, ""fiyat"": 63425.0, ""kaynak"": ""BNB+BYB+OKX""}, {""usdt"": 12400433.0, ""borsa"": 1, ""fiyat"": 63350.0, ""kaynak"": ""BNB""}, {""usdt"": 8789721.0, ""borsa"": 1, ""fiyat"": 63375.0, ""kaynak"": ""BNB""}]","[{""usdt"": 14181570.0, ""borsa"": 3, ""fiyat"": 63475.0, ""kaynak"": ""BNB+BYB+OKX""}, {""usdt"": 10410006.0, ""borsa"": 1, ""fiyat"": 63525.0, ""kaynak"": ""BNB""}, {""usdt"": 7924710.0, ""borsa"": 1, ""fiyat"": 63550.0, ""kaynak"": ""BNB""}]",YOK,0.0068,0.0128,0.3818,1.4395,false,,false,,1,1,3,0,0,3,26.7,27.8,IZLE,,25,63421.9,,,,,SEVIYE,70,54.4,6,,,,,,,1785224760,1,0,,31,124.5,30,,,
29437,2026-07-28 07:47:11.844159+00,63440.05,5714033.500866298,-881712.4019999999,11755901963.8734,0.000029412000000000002,57371889.187599994,190.3221,65.3,BEKLE,true,190.3221,0.0,1.8944,603.963,50056443.15643999,543.614,65.3,0.0,"[{""usdt"": 17381965.0, ""borsa"": 3, ""fiyat"": 63425.0, ""kaynak"": ""BNB+BYB+OKX""}, {""usdt"": 12806575.0, ""borsa"": 1, ""fiyat"": 63350.0, ""kaynak"": ""BNB""}, {""usdt"": 10605350.0, ""borsa"": 3, ""fiyat"": 63450.0, ""kaynak"": ""BNB+BYB+OKX""}]","[{""usdt"": 12090023.0, ""borsa"": 3, ""fiyat"": 63475.0, ""kaynak"": ""BNB+BYB+OKX""}, {""usdt"": 9583786.0, ""borsa"": 1, ""fiyat"": 63500.0, ""kaynak"": ""BNB""}, {""usdt"": 7968272.0, ""borsa"": 1, ""fiyat"": 63525.0, ""kaynak"": ""BNB""}]",YOK,-0.0207,0.0681,0.4726,0.7958,false,0.5452,false,,0,1,3,0,0,3,23.3,24.3,IZLE,,25,63421.9,,,,,SEVIYE,70,55.4,6,,,,,,,1785224760,1,0,,31,125.5,30,,,
29438,2026-07-28 07:48:12.192367+00,63436.649999999994,6655143.865989396,-924970.804,11752172180.1274,0.000029412000000000002,54408694.94242999,190.3638,54.1,BEKLE,true,190.3638,0.0,1.8918,664.271,55401967.15073997,603.922,54.1,0.0,"[{""usdt"": 14891878.0, ""borsa"": 3, ""fiyat"": 63400.0, ""kaynak"": ""BNB+BYB+OKX""}, {""usdt"": 12329232.0, ""borsa"": 3, ""fiyat"": 63425.0, ""kaynak"": ""BNB+BYB+OKX""}, {""usdt"": 11442930.0, ""borsa"": 1, ""fiyat"": 63350.0, ""kaynak"": ""BNB""}]","[{""usdt"": 19223123.0, ""borsa"": 3, ""fiyat"": 63450.0, ""kaynak"": ""BNB+BYB+OKX""}, {""usdt"": 8749542.0, ""borsa"": 1, ""fiyat"": 63475.0, ""kaynak"": ""BNB""}, {""usdt"": 8419563.0, ""borsa"": 1, ""fiyat"": 63500.0, ""kaynak"": ""BNB""}]",YOK,-0.0584,-0.009,0.4652,0.8124,false,0.6502,false,,1,1,3,0,0,3,19.7,20.8,IZLE,,25,63421.9,,,,,SEVIYE,70,56.4,6,,,,,,,1785224760,1,0,,31,126.5,30,,,
29439,2026-07-28 07:49:12.480335+00,63436.75,7419872.879946597,-151364.406,11752341230.4977,0.000029412000000000002,55387224.54627999,761.2425000000001,21.2,BEKLE,false,507.53010000000006,253.7124,1.8918,724.6,59835139.50377997,664.251,0.0,21.2,"[{""usdt"": 15124493.0, ""borsa"": 3, ""fiyat"": 63400.0, ""kaynak"": ""BNB+BYB+OKX""}, {""usdt"": 13768328.0, ""borsa"": 3, ""fiyat"": 63425.0, ""kaynak"": ""BNB+BYB+OKX""}, {""usdt"": 10787644.0, ""borsa"": 1, ""fiyat"": 63350.0, ""kaynak"": ""BNB""}]","[{""usdt"": 20525849.0, ""borsa"": 3, ""fiyat"": 63450.0, ""kaynak"": ""BNB+BYB+OKX""}, {""usdt"": 8558703.0, ""borsa"": 1, ""fiyat"": 63550.0, ""kaynak"": ""BNB""}, {""usdt"": 8554379.0, ""borsa"": 1, ""fiyat"": 63500.0, ""kaynak"": ""BNB""}]",YOK,-0.0841,-0.0386,0.6904,1.8841,false,0.0306,false,,0,1,3,0,2,3,16.2,17.3,IZLE,,25,63421.9,,,,,SEVIYE,70,57.5,6,,,,,,,1785224820,2,0,,31,127.5,30,,,
29440,2026-07-28 07:50:12.797105+00,63450.850000000006,8091539.749225798,-130532.879,11752255010.983099,0.000029412000000000002,54477657.37228996,761.2425000000001,31.7,BEKLE,false,507.53010000000006,253.7124,1.8918,784.891,57016385.81904,724.542,0.0,31.7,"[{""usdt"": 20282063.0, ""borsa"": 3, ""fiyat"": 63425.0, ""kaynak"": ""BNB+BYB+OKX""}, {""usdt"": 11198339.0, ""borsa"": 1, ""fiyat"": 63350.0, ""kaynak"": ""BNB""}, {""usdt"": 8660373.0, ""borsa"": 2, ""fiyat"": 63400.0, ""kaynak"": ""BNB+OKX""}]","[{""usdt"": 15439009.0, ""borsa"": 3, ""fiyat"": 63450.0, ""kaynak"": ""BNB+BYB+OKX""}, {""usdt"": 10831798.0, ""borsa"": 1, ""fiyat"": 63500.0, ""kaynak"": ""BNB""}, {""usdt"": 9955038.0, ""borsa"": 3, ""fiyat"": 63475.0, ""kaynak"": ""BNB+BYB+OKX""}]",YOK,-0.0888,-0.0228,0.7117,0.098,false,0,false,,1,1,3,0,1,3,12.7,13.7,IZLE,,25,63473.7,,,,,SEVIYE,100,128.5,13,,,,,,,1785224820,2,1,,31,128.5,30,,,
29441,2026-07-28 07:51:13.059145+00,63441.350000000006,5428186.903628197,-141257.58199999994,11753126427.317001,0.000029412000000000002,54815596.555599965,761.2425000000001,52.7,BEKLE,false,507.53010000000006,253.7124,1.8868,845.171,57071701.336769976,784.822,0.0,52.7,"[{""usdt"": 18719488.0, ""borsa"": 3, ""fiyat"": 63425.0, ""kaynak"": ""BNB+BYB+OKX""}, {""usdt"": 11355149.0, ""borsa"": 2, ""fiyat"": 63400.0, ""kaynak"": ""BNB+OKX""}, {""usdt"": 10311599.0, ""borsa"": 1, ""fiyat"": 63375.0, ""kaynak"": ""BNB""}]","[{""usdt"": 16367089.0, ""borsa"": 3, ""fiyat"": 63450.0, ""kaynak"": ""BNB+BYB+OKX""}, {""usdt"": 10546122.0, ""borsa"": 1, ""fiyat"": 63500.0, ""kaynak"": ""BNB""}, {""usdt"": 9150128.0, ""borsa"": 2, ""fiyat"": 63475.0, ""kaynak"": ""BNB+BYB""}]",YOK,-0.0542,-0.0202,0.1506,0.0234,false,,true,0.2053,1,1,3,0,1,3,9.1,10.2,IZLE,,25,63421.9,,,,,SEVIYE,70,59.5,6,,,,,,,1785224820,2,2,,31,129.6,30,,,
29442,2026-07-28 07:52:13.370667+00,63465.649999999994,5875411.556531697,-144433.647,11751706597.954601,0.000029412000000000002,55212695.62422,570.8787,37.4,BEKLE,false,317.1663,253.7124,1.8868,905.498,53447324.44594998,845.149,0.0,37.4,"[{""usdt"": 16684519.0, ""borsa"": 3, ""fiyat"": 63450.0, ""kaynak"": ""BNB+BYB+OKX""}, {""usdt"": 14463172.0, ""borsa"": 3, ""fiyat"": 63425.0, ""kaynak"": ""BNB+BYB+OKX""}, {""usdt"": 9091665.0, ""borsa"": 1, ""fiyat"": 63400.0, ""kaynak"": ""BNB""}]","[{""usdt"": 14661137.0, ""borsa"": 3, ""fiyat"": 63475.0, ""kaynak"": ""BNB+BYB+OKX""}, {""usdt"": 10083330.0, ""borsa"": 1, ""fiyat"": 63500.0, ""kaynak"": ""BNB""}, {""usdt"": 9866229.0, ""borsa"": 1, ""fiyat"": 63525.0, ""kaynak"": ""BNB""}]",YOK,0.01,0.0162,0.0884,0.8915,false,,true,0.3247,1,0,3,0,1,3,5.6,6.6,IZLE,,25,63461.9,,,,,SEVIYE,100,130.6,14,,,,,,,1785224820,2,0,,32,130.6,31,,,
29443,2026-07-28 07:53:13.760493+00,63467.649999999994,7235100.6695370935,-1936804.7130000002,11754246696.3499,0.000029412000000000002,53885928.458320074,0.0,60.1,BEKLE,true,0.0,0.0,1.8868,965.751,53225987.43754995,905.402,60.1,0.0,"[{""usdt"": 17642817.0, ""borsa"": 3, ""fiyat"": 63450.0, ""kaynak"": ""BNB+BYB+OKX""}, {""usdt"": 14532520.0, ""borsa"": 3, ""fiyat"": 63425.0, ""kaynak"": ""BNB+BYB+OKX""}, {""usdt"": 9888323.0, ""borsa"": 1, ""fiyat"": 63400.0, ""kaynak"": ""BNB""}]","[{""usdt"": 15001444.0, ""borsa"": 3, ""fiyat"": 63475.0, ""kaynak"": ""BNB+BYB+OKX""}, {""usdt"": 10464591.0, ""borsa"": 1, ""fiyat"": 63525.0, ""kaynak"": ""BNB""}, {""usdt"": 8159255.0, ""borsa"": 1, ""fiyat"": 63550.0, ""kaynak"": ""BNB""}]",YOK,-0.0066,0.0062,0.2025,0.6882,false,,true,0.4302,1,1,3,0,1,3,2,63.8,IZLE,,25,63461.9,,,,,SEVIYE,100,131.6,14,,,,,,,,,0,,32,131.6,31,,,
29444,2026-07-28 07:54:14.214685+00,63456.649999999994,8092685.71199009,-1985018.6400000001,11752606724.5234,0.000029412000000000002,57387327.084790066,0.0,76.6,BEKLE,true,0.0,0.0,1.8868,1026.262,54524926.58645994,965.913,76.6,0.0,"[{""usdt"": 21985703.0, ""borsa"": 3, ""fiyat"": 63450.0, ""kaynak"": ""BNB+BYB+OKX""}, {""usdt"": 13691032.0, ""borsa"": 3, ""fiyat"": 63425.0, ""kaynak"": ""BNB+BYB+OKX""}, {""usdt"": 9888323.0, ""borsa"": 1, ""fiyat"": 63400.0, ""kaynak"": ""BNB""}]","[{""usdt"": 16085885.0, ""borsa"": 3, ""fiyat"": 63475.0, ""kaynak"": ""BNB+BYB+OKX""}, {""usdt"": 10464591.0, ""borsa"": 1, ""fiyat"": 63525.0, ""kaynak"": ""BNB""}, {""usdt"": 8159255.0, ""borsa"": 1, ""fiyat"": 63550.0, ""kaynak"": ""BNB""}]",YOK,-0.0066,0.0256,0.1398,0.2629,false,,true,0.4305,1,1,3,1,1,3,62.5,63.6,IZLE,,25,63461.9,,,,,SEVIYE,100,132.6,14,,,,,,,,,0,,32,132.6,31,,,
29445,2026-07-28 07:55:14.737521+00,63475.149999999994,2280900.423415595,-1993105.602,11753331238.682201,0.000029412000000000002,65041924.69657999,0.0,100.0,BEKLE,false,0.0,0.0,1.8868,1086.599,49767638.53299001,1026.25,100.0,0.0,"[{""usdt"": 19170777.0, ""borsa"": 3, ""fiyat"": 63425.0, ""kaynak"": ""BNB+BYB+OKX""}, {""usdt"": 18191617.0, ""borsa"": 3, ""fiyat"": 63450.0, ""kaynak"": ""BNB+BYB+OKX""}, {""usdt"": 9677532.0, ""borsa"": 1, ""fiyat"": 63350.0, ""kaynak"": ""BNB""}]","[{""usdt"": 12906111.0, ""borsa"": 3, ""fiyat"": 63475.0, ""kaynak"": ""BNB+BYB+OKX""}, {""usdt"": 8892770.0, ""borsa"": 1, ""fiyat"": 63500.0, ""kaynak"": ""BNB""}, {""usdt"": 8012675.0, ""borsa"": 1, ""fiyat"": 63550.0, ""kaynak"": ""BNB""}]",YOK,0.0206,0.133,0.5802,0.1542,false,,true,0,1,1,3,1,0,3,59,60.1,IZLE,,25,63461.9,,,,,SEVIYE,100,133.6,14,,,,,,,,,0,,32,133.6,31,,,
29446,2026-07-28 07:56:15.085394+00,63488.350000000006,3321572.844188401,-1534941.744,11754239766.6159,0.000029412000000000002,58855693.25291006,0.0,100.0,BEKLE,false,0.0,0.0,1.8868,1147.199,51647994.39961991,1086.85,100.0,0.0,"[{""usdt"": 23342817.0, ""borsa"": 3, ""fiyat"": 63450.0, ""kaynak"": ""BNB+BYB+OKX""}, {""usdt"": 10436626.0, ""borsa"": 1, ""fiyat"": 63400.0, ""kaynak"": ""BNB""}, {""usdt"": 9509534.0, ""borsa"": 1, ""fiyat"": 63425.0, ""kaynak"": ""BNB""}]","[{""usdt"": 11060995.0, ""borsa"": 1, ""fiyat"": 63525.0, ""kaynak"": ""BNB""}, {""usdt"": 10400556.0, ""borsa"": 3, ""fiyat"": 63500.0, ""kaynak"": ""BNB+BYB+OKX""}, {""usdt"": 9990855.0, ""borsa"": 3, ""fiyat"": 63475.0, ""kaynak"": ""BNB+BYB+OKX""}]",YOK,0.0523,0.0652,0.4011,0.5688,false,1.4998,false,,0,0,3,1,0,3,55.7,56.8,IZLE,,25,63461.9,,,,,SEVIYE,100,134.6,14,,,,,,,,,0,,32,134.6,31,,,
29447,2026-07-28 07:57:15.355222+00,63480.350000000006,3319599.489569002,-1529205.017,11756242202.4976,0.000029412000000000002,62227390.50573004,0.0,100.0,BEKLE,false,0.0,0.0,1.886,1207.465,56649890.690360025,1147.116,100.0,0.0,"[{""usdt"": 20593312.0, ""borsa"": 3, ""fiyat"": 63475.0, ""kaynak"": ""BNB+BYB+OKX""}, {""usdt"": 12401011.0, ""borsa"": 3, ""fiyat"": 63450.0, ""kaynak"": ""BNB+BYB+OKX""}, {""usdt"": 10661019.0, ""borsa"": 1, ""fiyat"": 63425.0, ""kaynak"": ""BNB""}]","[{""usdt"": 21032374.0, ""borsa"": 3, ""fiyat"": 63500.0, ""kaynak"": ""BNB+BYB+OKX""}, {""usdt"": 9571043.0, ""borsa"": 2, ""fiyat"": 63525.0, ""kaynak"": ""BNB+BYB""}, {""usdt"": 9298147.0, ""borsa"": 1, ""fiyat"": 63550.0, ""kaynak"": ""BNB""}]",YOK,0.0844,0.0469,0.4498,0.1644,false,1.7009,false,,1,0,3,0,1,3,52.1,53.2,IZLE,,25,63461.9,,,,,SEVIYE,100,135.6,14,,,,,,,,,0,,32,135.6,31,,,
29448,2026-07-28 07:58:15.767626+00,63476.05,3484322.3630556017,-1535448.4759999998,11754198813.3356,0.000029412000000000002,58770029.79575006,0.0,39.0,BEKLE,true,0.0,0.0,1.886,1267.7,59665551.308899924,1207.351,0.0,39.0,"[{""usdt"": 20499568.0, ""borsa"": 3, ""fiyat"": 63450.0, ""kaynak"": ""BNB+BYB+OKX""}, {""usdt"": 11745215.0, ""borsa"": 1, ""fiyat"": 63425.0, ""kaynak"": ""BNB""}, {""usdt"": 10450456.0, ""borsa"": 1, ""fiyat"": 63400.0, ""kaynak"": ""BNB""}]","[{""usdt"": 21638023.0, ""borsa"": 3, ""fiyat"": 63500.0, ""kaynak"": ""BNB+BYB+OKX""}, {""usdt"": 9438312.0, ""borsa"": 1, ""fiyat"": 63525.0, ""kaynak"": ""BNB""}, {""usdt"": 8796619.0, ""borsa"": 1, ""fiyat"": 63550.0, ""kaynak"": ""BNB""}]",YOK,0.0795,-0.0076,0.8055,0.1146,false,1.4389,false,,1,0,3,0,1,3,48.5,49.6,IZLE,,25,63461.9,,,,,SEVIYE,100,136.6,14,,,,,,,,,0,,32,136.6,31,,,
29449,2026-07-28 07:59:16.025715+00,63470.55,3796982.4981672997,-1503542.661,11756647208.892601,0.000029412000000000002,56016627.14185999,0.0,43.8,BEKLE,true,0.0,0.0,1.886,1328.163,53886791.20260995,1267.814,0.0,43.8,"[{""usdt"": 20172007.0, ""borsa"": 3, ""fiyat"": 63450.0, ""kaynak"": ""BNB+BYB+OKX""}, {""usdt"": 10602248.0, ""borsa"": 3, ""fiyat"": 63425.0, ""kaynak"": ""BNB+BYB+OKX""}, {""usdt"": 9916579.0, ""borsa"": 1, ""fiyat"": 63400.0, ""kaynak"": ""BNB""}]","[{""usdt"": 15341714.0, ""borsa"": 3, ""fiyat"": 63475.0, ""kaynak"": ""BNB+BYB+OKX""}, {""usdt"": 10544005.0, ""borsa"": 3, ""fiyat"": 63500.0, ""kaynak"": ""BNB+BYB+OKX""}, {""usdt"": 8723769.0, ""borsa"": 1, ""fiyat"": 63525.0, ""kaynak"": ""BNB""}]",YOK,0.0141,0.0194,0.7981,0.1641,false,0.8993,false,,1,0,3,0,1,3,45.1,46.2,IZLE,,25,63461.9,,,,,SEVIYE,100,137.6,14,,,,,,,,,0,,32,137.6,31,,,
29450,2026-07-28 08:00:16.351111+00,63446.149999999994,4186284.6819714983,-1501043.5399999998,11756790423.862,0.000029412000000000002,57954785.10839003,4569.883199999999,33.0,BEKLE,true,4569.883199999999,0.0,1.886,1388.384,50471069.16735994,1328.035,0.0,33.0,"[{""usdt"": 21815640.0, ""borsa"": 3, ""fiyat"": 63450.0, ""kaynak"": ""BNB+BYB+OKX""}, {""usdt"": 10372200.0, ""borsa"": 2, ""fiyat"": 63425.0, ""kaynak"": ""BNB+BYB""}, {""usdt"": 10106424.0, ""borsa"": 1, ""fiyat"": 63400.0, ""kaynak"": ""BNB""}]","[{""usdt"": 11858073.0, ""borsa"": 3, ""fiyat"": 63500.0, ""kaynak"": ""BNB+BYB+OKX""}, {""usdt"": 11048521.0, ""borsa"": 3, ""fiyat"": 63475.0, ""kaynak"": ""BNB+BYB+OKX""}, {""usdt"": 8977139.0, ""borsa"": 1, ""fiyat"": 63550.0, ""kaynak"": ""BNB""}]",YOK,0.0795,0.069,0.6317,0.6109,false,0.1337,false,,1,0,3,0,0,3,41.5,42.6,IZLE,,25,63461.9,,,,,SEVIYE,100,138.6,14,,,,,,,1785225540,1,0,,32,138.6,31,,,
29451,2026-07-28 08:01:16.722007+00,63467.350000000006,8170062.151135498,3053.3990000000013,11751787010.907299,0.000029412000000000002,57994552.41340995,4697.2832,57.5,BEKLE,true,4697.2832,0.0,1.886,1448.776,49616148.53698002,1388.427,0.0,57.5,"[{""usdt"": 20883278.0, ""borsa"": 3, ""fiyat"": 63425.0, ""kaynak"": ""BNB+BYB+OKX""}, {""usdt"": 12352551.0, ""borsa"": 2, ""fiyat"": 63400.0, ""kaynak"": ""BNB+BYB""}, {""usdt"": 10974481.0, ""borsa"": 1, ""fiyat"": 63350.0, ""kaynak"": ""BNB""}]","[{""usdt"": 13261147.0, ""borsa"": 3, ""fiyat"": 63450.0, ""kaynak"": ""BNB+BYB+OKX""}, {""usdt"": 9018626.0, ""borsa"": 1, ""fiyat"": 63500.0, ""kaynak"": ""BNB""}, {""usdt"": 8627199.0, ""borsa"": 2, ""fiyat"": 63475.0, ""kaynak"": ""BNB+OKX""}]",YOK,-0.0168,0.0779,0.5827,0.1603,true,0,false,,0,1,3,0,0,3,38.1,39.1,IZLE,,25,63461.9,,,,,SEVIYE,100,139.6,14,,,,,,,1785225540,1,0,,32,139.6,31,,,
29452,2026-07-28 08:02:17.28212+00,63474.95,8798065.270703198,-1823.957000000003,11756407326.2352,0.000009425999999999998,59567179.68425005,4697.2832,55.5,BEKLE,,4697.2832,0.0,1.886,1509.407,51576433.76798997,1449.058,0.0,55.5,"[{""usdt"": 20444133.0, ""borsa"": 3, ""fiyat"": 63450.0, ""kaynak"": ""BNB+BYB+OKX""}, {""usdt"": 14193451.0, ""borsa"": 3, ""fiyat"": 63425.0, ""kaynak"": ""BNB+BYB+OKX""}, {""usdt"": 10445829.0, ""borsa"": 1, ""fiyat"": 63400.0, ""kaynak"": ""BNB""}]","[{""usdt"": 13406363.0, ""borsa"": 3, ""fiyat"": 63475.0, ""kaynak"": ""BNB+BYB+OKX""}, {""usdt"": 10547758.0, ""borsa"": 1, ""fiyat"": 63525.0, ""kaynak"": ""BNB""}, {""usdt"": 9369529.0, ""borsa"": 1, ""fiyat"": 63575.0, ""kaynak"": ""BNB""}]",YOK,0.0113,0.0719,0.6216,0.039,true,0,false,,0,0,3,0,0,3,34.8,35.9,IZLE,,25,63467.1,,,,,SEVIYE,100,140.6,15,,,,,,,1785225540,1,1,,33,140.6,32,,,
29453,2026-07-28 08:03:17.628176+00,63494.850000000006,9203225.403458098,-5283.702000000001,11761158039.198,0.000009425999999999998,58481041.186080106,4697.2832,56.0,BEKLE,true,4697.2832,0.0,1.8868,1569.663,56961013.886599995,1509.314,0.0,56.0,"[{""usdt"": 18956652.0, ""borsa"": 3, ""fiyat"": 63475.0, ""kaynak"": ""BNB+BYB+OKX""}, {""usdt"": 11259319.0, ""borsa"": 1, ""fiyat"": 63425.0, ""kaynak"": ""BNB""}, {""usdt"": 10465091.0, ""borsa"": 1, ""fiyat"": 63400.0, ""kaynak"": ""BNB""}]","[{""usdt"": 17457171.0, ""borsa"": 3, ""fiyat"": 63500.0, ""kaynak"": ""BNB+BYB+OKX""}, {""usdt"": 11239991.0, ""borsa"": 1, ""fiyat"": 63550.0, ""kaynak"": ""BNB""}, {""usdt"": 9394623.0, ""borsa"": 3, ""fiyat"": 63525.0, ""kaynak"": ""BNB+BYB+OKX""}]",YOK,0.0479,0.0132,0.6312,0.1321,true,0,false,,0,0,3,1,1,3,31.2,32.3,IZLE,,25,63467.1,,,,,SEVIYE,100,141.6,15,,,,,,,1785225540,1,2,,33,141.6,32,,,
29454,2026-07-28 08:04:18.269238+00,63494.05,9299752.674339298,18311.36499999999,11761518763.8095,0.000009425999999999998,54308381.14472005,4697.2832,62.2,BEKLE,true,4697.2832,0.0,1.8868,1630.014,59317926.51157,1569.665,0.0,62.2,"[{""usdt"": 17431007.0, ""borsa"": 3, ""fiyat"": 63475.0, ""kaynak"": ""BNB+BYB+OKX""}, {""usdt"": 11540041.0, ""borsa"": 1, ""fiyat"": 63425.0, ""kaynak"": ""BNB""}, {""usdt"": 9986622.0, ""borsa"": 1, ""fiyat"": 63400.0, ""kaynak"": ""BNB""}]","[{""usdt"": 19825878.0, ""borsa"": 3, ""fiyat"": 63500.0, ""kaynak"": ""BNB+BYB+OKX""}, {""usdt"": 10413200.0, ""borsa"": 1, ""fiyat"": 63550.0, ""kaynak"": ""BNB""}, {""usdt"": 10408232.0, ""borsa"": 3, ""fiyat"": 63525.0, ""kaynak"": ""BNB+BYB+OKX""}]",YOK,0.0493,-0.0441,0.6235,0.1695,true,0,false,,0,0,3,0,1,3,27.7,28.8,IZLE,,25,63467.1,,,,,SEVIYE,100,142.6,15,,,,,,,1785225540,1,3,,33,142.6,32,,,
29455,2026-07-28 08:05:18.818623+00,63489.649999999994,9618397.2793158,-449566.42199999996,11759770728.8489,0.000009425999999999998,58977583.08656003,0.0,44.1,BEKLE,true,0.0,0.0,1.8868,1690.933,59871285.73170994,1630.584,0.0,44.1,"[{""usdt"": 19799129.0, ""borsa"": 3, ""fiyat"": 63475.0, ""kaynak"": ""BNB+BYB+OKX""}, {""usdt"": 12153217.0, ""borsa"": 1, ""fiyat"": 63400.0, ""kaynak"": ""BNB""}, {""usdt"": 10438515.0, ""borsa"": 1, ""fiyat"": 63425.0, ""kaynak"": ""BNB""}]","[{""usdt"": 22074935.0, ""borsa"": 3, ""fiyat"": 63500.0, ""kaynak"": ""BNB+BYB+OKX""}, {""usdt"": 11717432.0, ""borsa"": 1, ""fiyat"": 63550.0, ""kaynak"": ""BNB""}, {""usdt"": 9269993.0, ""borsa"": 1, ""fiyat"": 63600.0, ""kaynak"": ""BNB""}]",YOK,0.0538,-0.0075,0.7029,0.3584,true,0.0797,false,,0,0,3,0,1,3,24.8,25.8,IZLE,,25,63467.1,,,,,SEVIYE,100,143.6,15,,,,,,,,,0,,33,143.6,32,,,
29456,2026-07-28 08:06:19.414098+00,63498.75,5284772.936252404,-754468.2759999998,11760068821.447998,0.000009425999999999998,54757532.06702001,0.0,83.4,BEKLE,false,0.0,0.0,1.886,1751.228,60821630.71589998,1690.879,83.4,0.0,"[{""usdt"": 16945096.0, ""borsa"": 3, ""fiyat"": 63475.0, ""kaynak"": ""BNB+BYB+OKX""}, {""usdt"": 12736486.0, ""borsa"": 1, ""fiyat"": 63400.0, ""kaynak"": ""BNB""}, {""usdt"": 9573796.0, ""borsa"": 1, ""fiyat"": 63425.0, ""kaynak"": ""BNB""}]","[{""usdt"": 20588102.0, ""borsa"": 3, ""fiyat"": 63500.0, ""kaynak"": ""BNB+BYB+OKX""}, {""usdt"": 10232858.0, ""borsa"": 3, ""fiyat"": 63525.0, ""kaynak"": ""BNB+BYB+OKX""}, {""usdt"": 9801032.0, ""borsa"": 1, ""fiyat"": 63550.0, ""kaynak"": ""BNB""}]",YOK,0.0446,-0.0525,0.6356,0.4403,true,0.3731,false,,0,1,3,0,1,3,21.2,22.3,IZLE,,25,63467.1,,,,,SEVIYE,100,144.7,15,,,,,,,,,0,,33,144.7,32,,,
29457,2026-07-28 08:07:19.764509+00,63489.45,5383066.166145204,-742731.5929999999,11762272393.985,0.000009425999999999998,53994567.07571007,0.0,59.8,BEKLE,false,0.0,0.0,1.886,1811.811,58404206.201149985,1751.462,59.8,0.0,"[{""usdt"": 16939165.0, ""borsa"": 3, ""fiyat"": 63475.0, ""kaynak"": ""BNB+BYB+OKX""}, {""usdt"": 11437269.0, ""borsa"": 1, ""fiyat"": 63425.0, ""kaynak"": ""BNB""}, {""usdt"": 8407245.0, ""borsa"": 1, ""fiyat"": 63400.0, ""kaynak"": ""BNB""}]","[{""usdt"": 14217764.0, ""borsa"": 3, ""fiyat"": 63500.0, ""kaynak"": ""BNB+BYB+OKX""}, {""usdt"": 12144695.0, ""borsa"": 3, ""fiyat"": 63525.0, ""kaynak"": ""BNB+BYB+OKX""}, {""usdt"": 9224977.0, ""borsa"": 1, ""fiyat"": 63600.0, ""kaynak"": ""BNB""}]",YOK,0.0527,-0.0392,0.6785,0.1834,false,0.6079,false,,1,0,3,0,1,3,17.9,19,IZLE,,25,63467.1,,,,,SEVIYE,100,145.7,15,,,,,,,,,0,,33,145.7,32,,,
29458,2026-07-28 08:08:20.013321+00,63471.55,5446895.697555604,-928002.0409999999,11759264180.791,0.000009425999999999998,66875497.475109994,0.0,80.0,BEKLE,false,0.0,0.0,1.886,1872.138,48322483.413509965,1811.789,80.0,0.0,"[{""usdt"": 28063153.0, ""borsa"": 3, ""fiyat"": 63450.0, ""kaynak"": ""BNB+BYB+OKX""}, {""usdt"": 11244822.0, ""borsa"": 3, ""fiyat"": 63425.0, ""kaynak"": ""BNB+BYB+OKX""}, {""usdt"": 10070623.0, ""borsa"": 1, ""fiyat"": 63400.0, ""kaynak"": ""BNB""}]","[{""usdt"": 14041253.0, ""borsa"": 3, ""fiyat"": 63475.0, ""kaynak"": ""BNB+BYB+OKX""}, {""usdt"": 8592777.0, ""borsa"": 1, ""fiyat"": 63525.0, ""kaynak"": ""BNB""}, {""usdt"": 8560784.0, ""borsa"": 1, ""fiyat"": 63550.0, ""kaynak"": ""BNB""}]",PERP,0.0152,0.1611,0.6509,0.2569,false,1.0121,false,,0,1,3,1,0,3,14.4,15.5,IZLE,,25,63467.1,,,,,SEVIYE,100,146.7,15,,,,,,,,,0,,33,146.7,32,,,
29459,2026-07-28 08:09:20.438153+00,63457.05,5909136.988237707,-1287536.9009999998,11762274349.890598,0.000009425999999999998,62495446.48767,0.0,91.0,BEKLE,false,0.0,0.0,1.886,1932.413,51906020.54803002,1872.064,91.0,0.0,"[{""usdt"": 17654616.0, ""borsa"": 3, ""fiyat"": 63450.0, ""kaynak"": ""BNB+BYB+OKX""}, {""usdt"": 16446284.0, ""borsa"": 3, ""fiyat"": 63425.0, ""kaynak"": ""BNB+BYB+OKX""}, {""usdt"": 11205362.0, ""borsa"": 1, ""fiyat"": 63350.0, ""kaynak"": ""BNB""}]","[{""usdt"": 12859860.0, ""borsa"": 3, ""fiyat"": 63475.0, ""kaynak"": ""BNB+BYB+OKX""}, {""usdt"": 8804649.0, ""borsa"": 1, ""fiyat"": 63525.0, ""kaynak"": ""BNB""}, {""usdt"": 8643672.0, ""borsa"": 1, ""fiyat"": 63575.0, ""kaynak"": ""BNB""}]",YOK,0.0174,0.0926,0.5432,0.3772,false,0,false,,0,0,3,1,0,3,10.8,11.9,IZLE,,25,63467.1,,,,,SEVIYE,100,147.7,15,,,,,,,,,0,,33,147.7,32,,,
29460,2026-07-28 08:10:20.770179+00,63442.649999999994,5623640.202919308,-1604413.805,11760975690.4142,0.000009425999999999998,61657538.763730004,0.0,70.6,BEKLE,true,0.0,0.0,1.886,1992.849,56737378.512129985,1932.5,70.6,0.0,"[{""usdt"": 27296963.0, ""borsa"": 3, ""fiyat"": 63425.0, ""kaynak"": ""BNB+BYB+OKX""}, {""usdt"": 12375186.0, ""borsa"": 1, ""fiyat"": 63350.0, ""kaynak"": ""BNB""}, {""usdt"": 10098695.0, ""borsa"": 2, ""fiyat"": 63400.0, ""kaynak"": ""BNB+BYB""}]","[{""usdt"": 13207859.0, ""borsa"": 3, ""fiyat"": 63450.0, ""kaynak"": ""BNB+BYB+OKX""}, {""usdt"": 11316705.0, ""borsa"": 3, ""fiyat"": 63475.0, ""kaynak"": ""BNB+BYB+OKX""}, {""usdt"": 9404293.0, ""borsa"": 1, ""fiyat"": 63525.0, ""kaynak"": ""BNB""}]",YOK,-0.0118,0.0416,0.613,0.4589,false,,true,0.1715,1,1,3,0,0,3,7.4,8.5,IZLE,,25,63424.1,,,,,SEVIYE,70,78.6,8,,,,,,,,,0,,33,148.7,32,,,
29461,2026-07-28 08:11:21.287542+00,63430.25,1562994.925261806,-137546.14399999997,11757955244.9907,0.000009425999999999998,59200188.17495998,0.0,49.0,BEKLE,false,0.0,0.0,1.8893,2053.155,52899755.33675996,1992.806,0.0,49.0,"[{""usdt"": 20991835.0, ""borsa"": 3, ""fiyat"": 63400.0, ""kaynak"": ""BNB+BYB+OKX""}, {""usdt"": 12260977.0, ""borsa"": 1, ""fiyat"": 63325.0, ""kaynak"": ""BNB""}, {""usdt"": 9608292.0, ""borsa"": 3, ""fiyat"": 63425.0, ""kaynak"": ""BNB+BYB+OKX""}]","[{""usdt"": 12663802.0, ""borsa"": 3, ""fiyat"": 63450.0, ""kaynak"": ""BNB+BYB+OKX""}, {""usdt"": 10581889.0, ""borsa"": 1, ""fiyat"": 63500.0, ""kaynak"": ""BNB""}, {""usdt"": 8408776.0, ""borsa"": 1, ""fiyat"": 63550.0, ""kaynak"": ""BNB""}]",YOK,-0.0297,0.0562,0.7342,0.8598,false,,true,0.2247,1,1,3,2,0,3,3.9,5,IZLE,,25,63424.1,,,,,SEVIYE,70,79.6,8,,,,,,,,,0,,33,149.7,32,,,
29462,2026-07-28 08:12:21.689057+00,63430.149999999994,1474162.1951508063,-1884392.3309999998,11759194463.225601,0.000009425999999999998,55593265.69805999,126.8511,69.9,BEKLE,true,0.0,126.8511,1.8893,2113.713,56069780.449660026,2053.364,69.9,0.0,"[{""usdt"": 19488952.0, ""borsa"": 3, ""fiyat"": 63400.0, ""kaynak"": ""BNB+BYB+OKX""}, {""usdt"": 10154389.0, ""borsa"": 1, ""fiyat"": 63325.0, ""kaynak"": ""BNB""}, {""usdt"": 8587259.0, ""borsa"": 3, ""fiyat"": 63425.0, ""kaynak"": ""BNB+BYB+OKX""}]","[{""usdt"": 14484430.0, ""borsa"": 3, ""fiyat"": 63450.0, ""kaynak"": ""BNB+BYB+OKX""}, {""usdt"": 10835882.0, ""borsa"": 1, ""fiyat"": 63500.0, ""kaynak"": ""BNB""}, {""usdt"": 8303858.0, ""borsa"": 1, ""fiyat"": 63525.0, ""kaynak"": ""BNB""}]",YOK,-0.0348,-0.0043,0.5989,0.6151,false,,true,0,0,1,3,2,0,3,63.4,62.9,IZLE,,25,63420.1,,,,,SEVIYE,70,80.6,9,,,,,,,1785226260,2,0,,31,150.7,30,,,
29463,2026-07-28 08:13:22.126609+00,63427.850000000006,1475939.026691006,-1903898.836,11759663962.7156,0.000009425999999999998,53505617.46619999,126.8512,60.0,BEKLE,true,0.0,126.8512,1.8893,2174.118,60343714.50158002,2113.769,60.0,0.0,"[{""usdt"": 19686422.0, ""borsa"": 3, ""fiyat"": 63400.0, ""kaynak"": ""BNB+BYB+OKX""}, {""usdt"": 10154389.0, ""borsa"": 1, ""fiyat"": 63325.0, ""kaynak"": ""BNB""}, {""usdt"": 8264091.0, ""borsa"": 1, ""fiyat"": 63350.0, ""kaynak"": ""BNB""}]","[{""usdt"": 14420046.0, ""borsa"": 3, ""fiyat"": 63450.0, ""kaynak"": ""BNB+BYB+OKX""}, {""usdt"": 10922319.0, ""borsa"": 3, ""fiyat"": 63425.0, ""kaynak"": ""BNB+BYB+OKX""}, {""usdt"": 10835882.0, ""borsa"": 1, ""fiyat"": 63500.0, ""kaynak"": ""BNB""}]",YOK,-0.0392,-0.0601,0.6396,0.4766,false,,true,0,0,1,3,0,0,3,61,62,IZLE,,25,63420.1,,,,,SEVIYE,70,81.6,9,,,,,,,1785226260,2,0,,31,151.7,30,,,
29464,2026-07-28 08:14:22.474253+00,63407.75,1227622.004210706,-1970336.8389999997,11759576938.114498,0.000009425999999999998,55995966.441470034,126.8512,49.8,BEKLE,true,0.0,126.8512,1.8893,2234.55,57144665.17369002,2174.201,49.8,0.0,"[{""usdt"": 23029864.0, ""borsa"": 3, ""fiyat"": 63400.0, ""kaynak"": ""BNB+BYB+OKX""}, {""usdt"": 11053735.0, ""borsa"": 1, ""fiyat"": 63325.0, ""kaynak"": ""BNB""}, {""usdt"": 8468970.0, ""borsa"": 1, ""fiyat"": 63350.0, ""kaynak"": ""BNB""}]","[{""usdt"": 11966161.0, ""borsa"": 3, ""fiyat"": 63450.0, ""kaynak"": ""BNB+BYB+OKX""}, {""usdt"": 11160925.0, ""borsa"": 3, ""fiyat"": 63425.0, ""kaynak"": ""BNB+BYB+OKX""}, {""usdt"": 10997253.0, ""borsa"": 1, ""fiyat"": 63500.0, ""kaynak"": ""BNB""}]",YOK,-0.1114,-0.0102,0.7494,0.5345,false,,true,0,0,1,3,1,1,3,57.6,58.6,IZLE,,25,63420.1,,,,,SEVIYE,70,82.6,9,,,,,,,1785226260,2,1,,31,152.7,30,,,
29465,2026-07-28 08:15:22.888776+00,63403.850000000006,-555082.5879218946,-1561376.029,11756373371.6772,0.000009425999999999998,58954710.92505005,634.0896,13.5,BEKLE,false,507.2384,126.8512,1.8893,2294.849,57655811.93928999,362.436,0.0,13.5,"[{""usdt"": 17348668.0, ""borsa"": 3, ""fiyat"": 63375.0, ""kaynak"": ""BNB+BYB+OKX""}, {""usdt"": 13258661.0, ""borsa"": 3, ""fiyat"": 63400.0, ""kaynak"": ""BNB+BYB+OKX""}, {""usdt"": 10665013.0, ""borsa"": 1, ""fiyat"": 63300.0, ""kaynak"": ""BNB""}]","[{""usdt"": 14818290.0, ""borsa"": 3, ""fiyat"": 63425.0, ""kaynak"": ""BNB+BYB+OKX""}, {""usdt"": 13015803.0, ""borsa"": 1, ""fiyat"": 63475.0, ""kaynak"": ""BNB""}, {""usdt"": 8861646.0, ""borsa"": 1, ""fiyat"": 63500.0, ""kaynak"": ""BNB""}]",YOK,-0.0121,0.0111,0.9843,0.4187,false,10.2878,true,0,1,0,3,1,0,3,54,55.1,IZLE,,25,63420.1,,,,,SEVIYE,70,83.6,9,PCT,0.48,0.036878792287233335,0.8841878938652994,false,0.085,1785226440,2,0,,31,153.7,30,,,
29466,2026-07-28 08:16:24.239243+00,63436.45,-26427.821190094575,-2274792.4939999995,11766007050.547699,0.000009425999999999998,56473616.46089008,1966.6159999999998,100.0,BEKLE,false,1966.6159999999998,0.0,1.8893,2356.25,54598477.714740016,423.837,100.0,0.0,"[{""usdt"": 19946968.0, ""borsa"": 3, ""fiyat"": 63400.0, ""kaynak"": ""BNB+BYB+OKX""}, {""usdt"": 9574105.0, ""borsa"": 1, ""fiyat"": 63350.0, ""kaynak"": ""BNB""}, {""usdt"": 8823649.0, ""borsa"": 2, ""fiyat"": 63375.0, ""kaynak"": ""BNB+BYB""}]","[{""usdt"": 13399762.0, ""borsa"": 1, ""fiyat"": 63475.0, ""kaynak"": ""BNB""}, {""usdt"": 11317393.0, ""borsa"": 3, ""fiyat"": 63425.0, ""kaynak"": ""BNB+BYB+OKX""}, {""usdt"": 11058000.0, ""borsa"": 3, ""fiyat"": 63450.0, ""kaynak"": ""BNB+BYB+OKX""}]",YOK,0.0839,0.0169,0.2449,0.0647,false,7.6289,true,0,1,0,3,2,0,3,51.6,52.7,IZLE,,25,63420.1,,,,,SEVIYE,70,84.6,9,,,,,,,1785226500,1,0,,31,154.7,30,,,
29467,2026-07-28 08:17:24.669202+00,63426.55,-197935.40471239504,-2368535.642,11763078559.343,0.000009425999999999998,59338581.57845004,1966.6159999999998,49.8,BEKLE,false,1966.6159999999998,0.0,1.8893,2416.675,56652736.06624,484.262,49.8,0.0,"[{""usdt"": 28561631.0, ""borsa"": 3, ""fiyat"": 63400.0, ""kaynak"": ""BNB+BYB+OKX""}, {""usdt"": 9949958.0, ""borsa"": 1, ""fiyat"": 63325.0, ""kaynak"": ""BNB""}, {""usdt"": 9048930.0, ""borsa"": 2, ""fiyat"": 63375.0, ""kaynak"": ""BNB+BYB""}]","[{""usdt"": 14326912.0, ""borsa"": 3, ""fiyat"": 63425.0, ""kaynak"": ""BNB+BYB+OKX""}, {""usdt"": 12166382.0, ""borsa"": 1, ""fiyat"": 63500.0, ""kaynak"": ""BNB""}, {""usdt"": 9091397.0, ""borsa"": 3, ""fiyat"": 63450.0, ""kaynak"": ""BNB+BYB+OKX""}]",YOK,-0.0393,0.0232,0.601,0.0877,false,7.8593,true,0,0,1,3,1,0,3,47.2,48.7,IZLE,,25,63420.1,,,,,SEVIYE,70,85.7,9,,,,,,,1785226500,1,1,,31,155.7,30,,,
29468,2026-07-28 08:18:24.916145+00,63447.649999999994,129254.91486190702,-2164357.066,11761277334.1986,0.000009425999999999998,49839102.93420998,1966.6159999999998,33.8,BEKLE,false,1966.6159999999998,0.0,1.8827,2476.979,56488990.06516997,544.566,33.8,0.0,"[{""usdt"": 17413323.0, ""borsa"": 3, ""fiyat"": 63400.0, ""kaynak"": ""BNB+BYB+OKX""}, {""usdt"": 11020988.0, ""borsa"": 1, ""fiyat"": 63325.0, ""kaynak"": ""BNB""}, {""usdt"": 9450962.0, ""borsa"": 1, ""fiyat"": 63350.0, ""kaynak"": ""BNB""}]","[{""usdt"": 9763057.0, ""borsa"": 3, ""fiyat"": 63450.0, ""kaynak"": ""BNB+BYB+OKX""}, {""usdt"": 9367023.0, ""borsa"": 1, ""fiyat"": 63500.0, ""kaynak"": ""BNB""}, {""usdt"": 9103660.0, ""borsa"": 1, ""fiyat"": 63550.0, ""kaynak"": ""BNB""}]",YOK,-0.1165,-0.0625,0.6927,0.6902,false,7.2104,true,0,0,1,3,0,2,3,43.2,44.3,IZLE,,25,63462.7,,,,,SEVIYE,100,156.7,16,,,,,,,1785226500,1,2,,31,156.7,30,,,
29469,2026-07-28 08:19:25.332625+00,63456.95,392896.0075024053,-2280845.667,11768068946.5353,0.000009425999999999998,53382829.80248998,1459.3775999999998,49.9,BEKLE,false,1459.3775999999998,0.0,1.8827,2537.291,55203610.52210989,604.878,49.9,0.0,"[{""usdt"": 14371366.0, ""borsa"": 3, ""fiyat"": 63400.0, ""kaynak"": ""BNB+BYB+OKX""}, {""usdt"": 12839333.0, ""borsa"": 1, ""fiyat"": 63350.0, ""kaynak"": ""BNB""}, {""usdt"": 10327465.0, ""borsa"": 3, ""fiyat"": 63425.0, ""kaynak"": ""BNB+BYB+OKX""}]","[{""usdt"": 15330441.0, ""borsa"": 3, ""fiyat"": 63450.0, ""kaynak"": ""BNB+BYB+OKX""}, {""usdt"": 10230687.0, ""borsa"": 1, ""fiyat"": 63475.0, ""kaynak"": ""BNB""}, {""usdt"": 9594162.0, ""borsa"": 1, ""fiyat"": 63500.0, ""kaynak"": ""BNB""}]",YOK,-0.0085,-0.0168,0.5396,2.1561,false,,true,0,0,1,3,0,0,3,39.7,40.8,IZLE,,25,63462.7,,,,,SEVIYE,100,157.8,16,,,,,,,1785226500,1,0,,31,157.8,30,,,
29470,2026-07-28 08:20:25.555806+00,63449.55,329143.8171013001,-1174791.1280000003,11771535417.676998,0.000009425999999999998,53958191.37848999,0.0,26.7,BEKLE,true,0.0,0.0,1.8827,2597.656,53311169.56801997,665.243,0.0,26.7,"[{""usdt"": 16143230.0, ""borsa"": 3, ""fiyat"": 63425.0, ""kaynak"": ""BNB+BYB+OKX""}, {""usdt"": 11528118.0, ""borsa"": 1, ""fiyat"": 63350.0, ""kaynak"": ""BNB""}, {""usdt"": 10234690.0, ""borsa"": 1, ""fiyat"": 63375.0, ""kaynak"": ""BNB""}]","[{""usdt"": 13984393.0, ""borsa"": 3, ""fiyat"": 63475.0, ""kaynak"": ""BNB+BYB+OKX""}, {""usdt"": 10855659.0, ""borsa"": 1, ""fiyat"": 63550.0, ""kaynak"": ""BNB""}, {""usdt"": 9633939.0, ""borsa"": 1, ""fiyat"": 63525.0, ""kaynak"": ""BNB""}]",YOK,-0.021,0.006,0.4993,1.7495,false,,true,0,0,0,3,0,0,3,36.2,37.3,IZLE,,25,63462.7,,,,,SEVIYE,100,158.8,16,,,,,,,,,0,,31,158.8,30,,,
29471,2026-07-28 08:21:25.839522+00,63459.95,722923.1011277001,-1466830.938,11778270934.1438,0.000009425999999999998,57118488.264890015,0.0,43.5,BEKLE,true,0.0,0.0,1.8777,2657.917,51741710.31494992,725.504,0.0,43.5,"[{""usdt"": 14483030.0, ""borsa"": 1, ""fiyat"": 63350.0, ""kaynak"": ""BNB""}, {""usdt"": 14333292.0, ""borsa"": 3, ""fiyat"": 63425.0, ""kaynak"": ""BNB+BYB+OKX""}, {""usdt"": 11254172.0, ""borsa"": 3, ""fiyat"": 63450.0, ""kaynak"": ""BNB+BYB+OKX""}]","[{""usdt"": 14588162.0, ""borsa"": 3, ""fiyat"": 63475.0, ""kaynak"": ""BNB+BYB+OKX""}, {""usdt"": 10194396.0, ""borsa"": 1, ""fiyat"": 63525.0, ""kaynak"": ""BNB""}, {""usdt"": 9938494.0, ""borsa"": 1, ""fiyat"": 63550.0, ""kaynak"": ""BNB""}]",YOK,0.0678,0.0494,0.288,0.6119,false,,true,0,1,0,3,1,0,3,30.9,32.5,IZLE,,25,63462.7,,,,,SEVIYE,100,159.8,16,,,,,,,,,0,,31,159.8,30,,,
29472,2026-07-28 08:22:26.227921+00,63426.850000000006,433683.2069304998,-1659461.1760000004,11773250828.171,0.000009425999999999998,53147257.245369986,0.0,50.9,BEKLE,true,0.0,0.0,1.8777,2718.257,59289552.76415996,785.844,0.0,50.9,"[{""usdt"": 17685299.0, ""borsa"": 3, ""fiyat"": 63425.0, ""kaynak"": ""BNB+BYB+OKX""}, {""usdt"": 13997532.0, ""borsa"": 1, ""fiyat"": 63350.0, ""kaynak"": ""BNB""}, {""usdt"": 8895819.0, ""borsa"": 2, ""fiyat"": 63400.0, ""kaynak"": ""BNB+BYB""}]","[{""usdt"": 14830911.0, ""borsa"": 3, ""fiyat"": 63450.0, ""kaynak"": ""BNB+BYB+OKX""}, {""usdt"": 12980348.0, ""borsa"": 3, ""fiyat"": 63475.0, ""kaynak"": ""BNB+BYB+OKX""}, {""usdt"": 11152970.0, ""borsa"": 1, ""fiyat"": 63525.0, ""kaynak"": ""BNB""}]",YOK,0.0001,-0.0546,0.277,0.0091,false,,true,0,0,1,3,0,1,3,27.4,28.5,IZLE,,25,63416,,,,,SEVIYE,70,90.7,10,,,,,,,,,0,,31,160.8,30,,,
29473,2026-07-28 08:23:26.57339+00,63414.25,374753.6571978994,-1713666.4270000004,11771674456.489601,0.000009425999999999998,54082448.02768996,0.0,48.5,BEKLE,,0.0,0.0,1.8777,2778.636,58532152.91711002,846.223,0.0,48.5,"[{""usdt"": 22346889.0, ""borsa"": 3, ""fiyat"": 63400.0, ""kaynak"": ""BNB+BYB+OKX""}, {""usdt"": 10575128.0, ""borsa"": 1, ""fiyat"": 63350.0, ""kaynak"": ""BNB""}, {""usdt"": 9433608.0, ""borsa"": 1, ""fiyat"": 63325.0, ""kaynak"": ""BNB""}]","[{""usdt"": 13328492.0, ""borsa"": 3, ""fiyat"": 63425.0, ""kaynak"": ""BNB+BYB+OKX""}, {""usdt"": 12537222.0, ""borsa"": 3, ""fiyat"": 63450.0, ""kaynak"": ""BNB+BYB+OKX""}, {""usdt"": 11711346.0, ""borsa"": 1, ""fiyat"": 63500.0, ""kaynak"": ""BNB""}]",YOK,-0.0099,-0.0395,0.1898,1.7793,false,1.7932,true,0,0,1,3,0,1,3,24,25,IZLE,,25,63416,,,,,SEVIYE,70,91.7,10,,,,,,,,,0,,31,161.8,30,,,
29474,2026-07-28 08:24:26.91345+00,63435.850000000006,492562.64931059914,-1790438.9000000001,11774604158.5509,0.000009425999999999998,55543967.772619955,0.0,41.8,BEKLE,,0.0,0.0,1.8777,2838.955,56664260.63586002,906.542,0.0,41.8,"[{""usdt"": 18819415.0, ""borsa"": 3, ""fiyat"": 63400.0, ""kaynak"": ""BNB+BYB+OKX""}, {""usdt"": 11994775.0, ""borsa"": 1, ""fiyat"": 63325.0, ""kaynak"": ""BNB""}, {""usdt"": 11221091.0, ""borsa"": 1, ""fiyat"": 63350.0, ""kaynak"": ""BNB""}]","[{""usdt"": 14338919.0, ""borsa"": 3, ""fiyat"": 63450.0, ""kaynak"": ""BNB+BYB+OKX""}, {""usdt"": 10164983.0, ""borsa"": 1, ""fiyat"": 63500.0, ""kaynak"": ""BNB""}, {""usdt"": 9277212.0, ""borsa"": 1, ""fiyat"": 63525.0, ""kaynak"": ""BNB""}]",YOK,0.0133,-0.01,0.0804,1.1723,false,1.4603,true,0,0,1,3,0,0,3,20.4,21.5,IZLE,,25,63416,,,,,SEVIYE,70,92.7,10,,,,,,,,,0,,31,162.8,30,,,
29475,2026-07-28 08:25:27.301942+00,63444.149999999994,1439081.5228791994,-1309602.784,11775548183.623299,0.000009425999999999998,52641441.362759985,0.0,20.2,BEKLE,true,0.0,0.0,1.8777,2899.336,60041835.418019995,966.923,20.2,0.0,"[{""usdt"": 16990029.0, ""borsa"": 3, ""fiyat"": 63425.0, ""kaynak"": ""BNB+BYB+OKX""}, {""usdt"": 10567574.0, ""borsa"": 1, ""fiyat"": 63350.0, ""kaynak"": ""BNB""}, {""usdt"": 9573805.0, ""borsa"": 2, ""fiyat"": 63400.0, ""kaynak"": ""BNB+BYB""}]","[{""usdt"": 12839199.0, ""borsa"": 1, ""fiyat"": 63550.0, ""kaynak"": ""BNB""}, {""usdt"": 12297244.0, ""borsa"": 3, ""fiyat"": 63475.0, ""kaynak"": ""BNB+BYB+OKX""}, {""usdt"": 10514749.0, ""borsa"": 1, ""fiyat"": 63500.0, ""kaynak"": ""BNB""}]",YOK,-0.026,-0.0657,0.7798,0.2614,true,0.3354,false,,0,1,3,0,1,3,17,18,IZLE,,25,63458,,,,,SEVIYE,100,163.8,17,,,,,,,,,0,,31,163.8,30,,,
29476,2026-07-28 08:26:27.632218+00,63437.850000000006,1342730.930699699,-1355812.449,11774348022.7381,0.000009425999999999998,62532517.24403995,0.0,16.1,BEKLE,false,0.0,0.0,1.8777,2959.714,59503338.395880006,1027.301,0.0,16.1,"[{""usdt"": 20308739.0, ""borsa"": 3, ""fiyat"": 63425.0, ""kaynak"": ""BNB+BYB+OKX""}, {""usdt"": 13839932.0, ""borsa"": 3, ""fiyat"": 63400.0, ""kaynak"": ""BNB+BYB+OKX""}, {""usdt"": 11323236.0, ""borsa"": 1, ""fiyat"": 63350.0, ""kaynak"": ""BNB""}]","[{""usdt"": 16778106.0, ""borsa"": 3, ""fiyat"": 63450.0, ""kaynak"": ""BNB+BYB+OKX""}, {""usdt"": 11481554.0, ""borsa"": 2, ""fiyat"": 63475.0, ""kaynak"": ""BNB+OKX""}, {""usdt"": 9667071.0, ""borsa"": 1, ""fiyat"": 63525.0, ""kaynak"": ""BNB""}]",YOK,-0.0323,0.0248,0.706,1.7341,true,0.019,false,,0,1,3,0,0,3,13.4,14.5,IZLE,,25,63458,,,,,SEVIYE,100,164.8,17,,,,,,,,,0,,31,164.8,30,,,
29477,2026-07-28 08:27:28.053603+00,63464.95,1531334.3266387992,-1323180.504,11778051697.1423,0.000009425999999999998,53022349.576520026,9705.983400000001,24.3,BEKLE,true,9705.983400000001,0.0,1.8777,3020.018,51150125.50705001,1087.605,0.0,24.3,"[{""usdt"": 14674519.0, ""borsa"": 3, ""fiyat"": 63450.0, ""kaynak"": ""BNB+BYB+OKX""}, {""usdt"": 11421101.0, ""borsa"": 3, ""fiyat"": 63425.0, ""kaynak"": ""BNB+BYB+OKX""}, {""usdt"": 10383845.0, ""borsa"": 1, ""fiyat"": 63375.0, ""kaynak"": ""BNB""}]","[{""usdt"": 15743484.0, ""borsa"": 3, ""fiyat"": 63475.0, ""kaynak"": ""BNB+BYB+OKX""}, {""usdt"": 9141282.0, ""borsa"": 1, ""fiyat"": 63550.0, ""kaynak"": ""BNB""}, {""usdt"": 9009517.0, ""borsa"": 1, ""fiyat"": 63525.0, ""kaynak"": ""BNB""}]",YOK,0.0452,0.018,0.584,1.3972,true,0,false,,0,0,3,0,0,3,9.9,11,IZLE,,25,63458,,,,,SEVIYE,100,165.8,17,,,,,,,1785227160,1,0,,31,165.8,30,,,
29478,2026-07-28 08:28:28.431521+00,63449.55,1531334.3266387992,-1323180.504,11778051697.1423,0.000009425999999999998,53906339.57102998,9705.983400000001,26.6,BEKLE,false,9705.983400000001,0.0,1.8777,3080.455,51439163.87258998,1148.042,0.0,26.6,"[{""usdt"": 15533111.0, ""borsa"": 3, ""fiyat"": 63425.0, ""kaynak"": ""BNB+BYB+OKX""}, {""usdt"": 14005342.0, ""borsa"": 1, ""fiyat"": 63350.0, ""kaynak"": ""BNB""}, {""usdt"": 8313238.0, ""borsa"": 1, ""fiyat"": 63375.0, ""kaynak"": ""BNB""}]","[{""usdt"": 14809888.0, ""borsa"": 3, ""fiyat"": 63475.0, ""kaynak"": ""BNB+BYB+OKX""}, {""usdt"": 10900192.0, ""borsa"": 1, ""fiyat"": 63550.0, ""kaynak"": ""BNB""}, {""usdt"": 8869428.0, ""borsa"": 1, ""fiyat"": 63500.0, ""kaynak"": ""BNB""}]",YOK,0.0784,0.0234,0.5602,1.1787,true,0,false,,1,0,3,0,0,3,6.5,7.6,IZLE,,25,63458,,,,,SEVIYE,100,166.8,17,,,,,,,1785227160,1,0,,31,166.8,30,,,
29479,2026-07-28 08:29:28.690887+00,63457.95,1400041.1723073996,-1356812.4390000002,11775388273.5584,0.000009425999999999998,50752332.34694999,9705.983400000001,29.9,BEKLE,false,9705.983400000001,0.0,1.8777,3140.791,51965475.65296997,1208.378,0.0,29.9,"[{""usdt"": 15757437.0, ""borsa"": 3, ""fiyat"": 63425.0, ""kaynak"": ""BNB+BYB+OKX""}, {""usdt"": 11128588.0, ""borsa"": 1, ""fiyat"": 63350.0, ""kaynak"": ""BNB""}, {""usdt"": 10784388.0, ""borsa"": 1, ""fiyat"": 63375.0, ""kaynak"": ""BNB""}]","[{""usdt"": 15550569.0, ""borsa"": 3, ""fiyat"": 63475.0, ""kaynak"": ""BNB+BYB+OKX""}, {""usdt"": 8747781.0, ""borsa"": 1, ""fiyat"": 63525.0, ""kaynak"": ""BNB""}, {""usdt"": 8730511.0, ""borsa"": 1, ""fiyat"": 63550.0, ""kaynak"": ""BNB""}]",YOK,0.0533,-0.0118,0.4737,0.795,true,0,false,,0,0,3,0,0,3,3,4.1,IZLE,,25,63458,,,,,SEVIYE,100,167.8,17,,,,,,,1785227160,1,1,,31,167.8,30,,,
29480,2026-07-28 08:30:28.995488+00,63437.850000000006,1510955.0640050003,-1238612.32,11776825848.182,0.000009425999999999998,53695142.40764999,9832.8644,14.3,BEKLE,false,9832.8644,0.0,1.8777,3201.063,53258915.34607,1268.65,0.0,14.3,"[{""usdt"": 20023675.0, ""borsa"": 3, ""fiyat"": 63425.0, ""kaynak"": ""BNB+BYB+OKX""}, {""usdt"": 11086936.0, ""borsa"": 1, ""fiyat"": 63350.0, ""kaynak"": ""BNB""}, {""usdt"": 8015456.0, ""borsa"": 1, ""fiyat"": 63375.0, ""kaynak"": ""BNB""}]","[{""usdt"": 15939173.0, ""borsa"": 3, ""fiyat"": 63475.0, ""kaynak"": ""BNB+BYB+OKX""}, {""usdt"": 11170867.0, ""borsa"": 3, ""fiyat"": 63450.0, ""kaynak"": ""BNB+BYB+OKX""}, {""usdt"": 9270594.0, ""borsa"": 1, ""fiyat"": 63525.0, ""kaynak"": ""BNB""}]",YOK,0.0533,0.0041,,,true,0,false,,0,0,3,0,0,3,63.3,61.8,IZLE,,25,63458,,,,,SEVIYE,100,168.8,17,,,,,,,1785227340,2,0,,31,168.8,30,,,
29481,2026-07-28 08:31:29.910647+00,63418.95,11662.269643501146,-672764.2690000001,11773751426.5251,0.000009425999999999998,54265962.006939985,9832.851400000001,49.0,BEKLE,false,9832.851400000001,0.0,1.8777,3261.478,57608651.42979,1329.065,0.0,49.0,"[{""usdt"": 17964812.0, ""borsa"": 3, ""fiyat"": 63400.0, ""kaynak"": ""BNB+BYB+OKX""}, {""usdt"": 13099738.0, ""borsa"": 3, ""fiyat"": 63425.0, ""kaynak"": ""BNB+BYB+OKX""}, {""usdt"": 11086936.0, ""borsa"": 1, ""fiyat"": 63350.0, ""kaynak"": ""BNB""}]","[{""usdt"": 15007284.0, ""borsa"": 3, ""fiyat"": 63450.0, ""kaynak"": ""BNB+BYB+OKX""}, {""usdt"": 10061681.0, ""borsa"": 1, ""fiyat"": 63475.0, ""kaynak"": ""BNB""}, {""usdt"": 9270594.0, ""borsa"": 1, ""fiyat"": 63525.0, ""kaynak"": ""BNB""}]",YOK,-0.0522,-0.0299,0.456,0.4462,false,,false,0.9201,0,1,3,1,1,3,59.4,60.5,IZLE,,25,63416,,,,,SEVIYE,70,99.8,10,,,,,,,1785227340,2,0,,31,169.8,30,,,
29482,2026-07-28 08:32:31.094279+00,63423.95,-641386.513397399,149106.16800000003,11770882199.0141,0.000009425999999999998,60008526.41705999,126.86800000000001,75.0,BEKLE,false,126.86800000000001,0.0,1.8777,3323.135,57263170.73403995,1390.722,0.0,75.0,"[{""usdt"": 19365062.0, ""borsa"": 3, ""fiyat"": 63375.0, ""kaynak"": ""BNB+BYB+OKX""}, {""usdt"": 12355603.0, ""borsa"": 1, ""fiyat"": 63300.0, ""kaynak"": ""BNB""}, {""usdt"": 9765184.0, ""borsa"": 3, ""fiyat"": 63400.0, ""kaynak"": ""BNB+BYB+OKX""}]","[{""usdt"": 14936866.0, ""borsa"": 3, ""fiyat"": 63425.0, ""kaynak"": ""BNB+BYB+OKX""}, {""usdt"": 12194367.0, ""borsa"": 1, ""fiyat"": 63500.0, ""kaynak"": ""BNB""}, {""usdt"": 10357356.0, ""borsa"": 1, ""fiyat"": 63475.0, ""kaynak"": ""BNB""}]",YOK,0.0111,0.0234,0.3696,0.4837,false,,false,1.3037,0,0,3,0,0,3,57.2,58.3,IZLE,,25,63404.2,,,,,SEVIYE,50,100.8,11,,,,,,,1785227340,1,0,,31,170.9,30,,,
29483,2026-07-28 08:33:31.603421+00,63395.850000000006,-150408.70557749958,166240.46400000004,11774252503.848999,0.000009425999999999998,50839530.704129994,126.86800000000001,81.8,BEKLE,false,126.86800000000001,0.0,1.8777,3383.443,58035887.723309934,1451.03,0.0,81.8,"[{""usdt"": 17367867.0, ""borsa"": 3, ""fiyat"": 63400.0, ""kaynak"": ""BNB+BYB+OKX""}, {""usdt"": 11196000.0, ""borsa"": 1, ""fiyat"": 63325.0, ""kaynak"": ""BNB""}, {""usdt"": 10480365.0, ""borsa"": 1, ""fiyat"": 63350.0, ""kaynak"": ""BNB""}]","[{""usdt"": 11896240.0, ""borsa"": 3, ""fiyat"": 63450.0, ""kaynak"": ""BNB+BYB+OKX""}, {""usdt"": 11242604.0, ""borsa"": 1, ""fiyat"": 63475.0, ""kaynak"": ""BNB""}, {""usdt"": 11131378.0, ""borsa"": 1, ""fiyat"": 63525.0, ""kaynak"": ""BNB""}]",YOK,-0.0199,-0.0661,0.3097,0.6859,false,,false,2.8633,1,1,3,0,1,3,53.7,54.7,IZLE,,25,63404.2,,,,,SEVIYE,50,101.8,11,,,,,,,1785227340,1,1,,31,171.9,30,,,
29484,2026-07-28 08:34:31.970775+00,63411.149999999994,-539614.5897516995,165927.49400000004,11771590647.7793,0.000009425999999999998,44391133.77016004,16864.468,60.6,BEKLE,false,16864.468,0.0,1.8777,967.026,44488403.53863003,1511.592,0.0,60.6,"[{""usdt"": 13943731.0, ""borsa"": 3, ""fiyat"": 63375.0, ""kaynak"": ""BNB+BYB+OKX""}, {""usdt"": 9495788.0, ""borsa"": 1, ""fiyat"": 63300.0, ""kaynak"": ""BNB""}, {""usdt"": 8358442.0, ""borsa"": 2, ""fiyat"": 63350.0, ""kaynak"": ""BNB+BYB""}]","[{""usdt"": 9575170.0, ""borsa"": 3, ""fiyat"": 63425.0, ""kaynak"": ""BNB+BYB+OKX""}, {""usdt"": 8326597.0, ""borsa"": 1, ""fiyat"": 63475.0, ""kaynak"": ""BNB""}, {""usdt"": 7110106.0, ""borsa"": 3, ""fiyat"": 63400.0, ""kaynak"": ""BNB+BYB+OKX""}]",YOK,-0.0848,-0.0011,0.336,0.5623,false,,false,2.1319,0,0,3,1,1,3,50.4,51.4,IZLE,,25,63404.2,,,,,SEVIYE,50,102.8,11,,,,,,,1785227580,2,0,,31,172.9,30,,,
29485,2026-07-28 08:35:32.271526+00,63402.149999999994,-371392.4040140997,163105.62000000002,11774523775.546,0.000009425999999999998,42240078.793410026,16736.2272,67.1,BEKLE,false,16736.2272,0.0,1.8777,1027.409,47644246.21953996,1571.975,0.0,67.1,"[{""usdt"": 10634391.0, ""borsa"": 3, ""fiyat"": 63400.0, ""kaynak"": ""BNB+BYB+OKX""}, {""usdt"": 10611110.0, ""borsa"": 3, ""fiyat"": 63375.0, ""kaynak"": ""BNB+BYB+OKX""}, {""usdt"": 7340609.0, ""borsa"": 1, ""fiyat"": 63300.0, ""kaynak"": ""BNB""}]","[{""usdt"": 12085346.0, ""borsa"": 3, ""fiyat"": 63425.0, ""kaynak"": ""BNB+BYB+OKX""}, {""usdt"": 11280927.0, ""borsa"": 1, ""fiyat"": 63475.0, ""kaynak"": ""BNB""}, {""usdt"": 7337913.0, ""borsa"": 1, ""fiyat"": 63500.0, ""kaynak"": ""BNB""}]",YOK,-0.0329,-0.0601,0.3479,0.4578,false,,false,0.979,0,0,3,0,0,3,46.9,48,IZLE,,25,63404.2,,,,,SEVIYE,50,103.8,11,,,,,,,1785227580,1,0,,31,173.9,30,,,
29486,2026-07-28 08:36:32.679381+00,63402.95,-905050.5558600995,-312.8250000000001,11772965110.256,0.000009425999999999998,40047167.87225006,16736.2272,44.7,BEKLE,false,16736.2272,0.0,1.8785,1087.697,44609718.06866998,1632.263,0.0,44.7,"[{""usdt"": 13575272.0, ""borsa"": 3, ""fiyat"": 63375.0, ""kaynak"": ""BNB+BYB+OKX""}, {""usdt"": 7016500.0, ""borsa"": 2, ""fiyat"": 63350.0, ""kaynak"": ""BNB+BYB""}, {""usdt"": 6828680.0, ""borsa"": 1, ""fiyat"": 63300.0, ""kaynak"": ""BNB""}]","[{""usdt"": 12184768.0, ""borsa"": 3, ""fiyat"": 63425.0, ""kaynak"": ""BNB+BYB+OKX""}, {""usdt"": 8581544.0, ""borsa"": 1, ""fiyat"": 63475.0, ""kaynak"": ""BNB""}, {""usdt"": 8046872.0, ""borsa"": 1, ""fiyat"": 63500.0, ""kaynak"": ""BNB""}]",YOK,-0.026,-0.0539,0.3513,0.4256,false,0.6297,false,,0,0,3,0,1,3,43.4,44.4,IZLE,,25,63404.2,,,,,SEVIYE,50,104.8,11,,,,,,,1785227580,1,1,,31,174.9,30,,,
29487,2026-07-28 08:37:33.017128+00,63409.149999999994,-862674.3844227996,558748.155,11772593561.5096,0.000009425999999999998,41409399.37588003,16736.2272,35.4,BEKLE,true,16736.2272,0.0,1.8785,1148.122,45691241.98326003,1692.688,0.0,35.4,"[{""usdt"": 11070401.0, ""borsa"": 3, ""fiyat"": 63375.0, ""kaynak"": ""BNB+BYB+OKX""}, {""usdt"": 8427026.0, ""borsa"": 3, ""fiyat"": 63400.0, ""kaynak"": ""BNB+BYB+OKX""}, {""usdt"": 8163957.0, ""borsa"": 1, ""fiyat"": 63300.0, ""kaynak"": ""BNB""}]","[{""usdt"": 12187912.0, ""borsa"": 3, ""fiyat"": 63425.0, ""kaynak"": ""BNB+BYB+OKX""}, {""usdt"": 11062319.0, ""borsa"": 1, ""fiyat"": 63475.0, ""kaynak"": ""BNB""}, {""usdt"": 7023768.0, ""borsa"": 1, ""fiyat"": 63500.0, ""kaynak"": ""BNB""}]",YOK,-0.0124,-0.0492,0.1767,0.8201,false,0.6681,false,1.9031,0,0,3,0,0,3,39.9,41,IZLE,,25,63404.2,,,,,SEVIYE,50,105.8,11,,,,,,,1785227580,1,2,,31,175.9,30,,,
29488,2026-07-28 08:38:33.350614+00,63415.75,-668590.9233610996,495447.95,11773043167.039,0.000009425999999999998,42620064.03487001,16736.2272,25.7,BEKLE,true,16736.2272,0.0,1.8785,1208.421,44344436.242860004,1752.987,0.0,25.7,"[{""usdt"": 11172890.0, ""borsa"": 3, ""fiyat"": 63400.0, ""kaynak"": ""BNB+BYB+OKX""}, {""usdt"": 10220588.0, ""borsa"": 3, ""fiyat"": 63375.0, ""kaynak"": ""BNB+BYB+OKX""}, {""usdt"": 7641538.0, ""borsa"": 1, ""fiyat"": 63300.0, ""kaynak"": ""BNB""}]","[{""usdt"": 11200780.0, ""borsa"": 3, ""fiyat"": 63425.0, ""kaynak"": ""BNB+BYB+OKX""}, {""usdt"": 10106974.0, ""borsa"": 1, ""fiyat"": 63475.0, ""kaynak"": ""BNB""}, {""usdt"": 8720990.0, ""borsa"": 1, ""fiyat"": 63500.0, ""kaynak"": ""BNB""}]",YOK,0.0195,-0.0198,0.3848,1.0258,true,0.4389,false,2.1626,1,0,3,0,0,3,36.2,37.2,IZLE,,25,63404.2,,,,,SEVIYE,50,106.8,11,,,,,,,1785227580,1,3,,31,176.9,30,,,
29489,2026-07-28 08:39:33.748827+00,63429.649999999994,-387707.2125821996,-885261.658,11776888828.652199,0.000009425999999999998,41086876.676790014,0.0,48.9,BEKLE,false,0.0,0.0,1.8785,1268.74,47941568.567000024,1813.306,48.9,0.0,"[{""usdt"": 12118088.0, ""borsa"": 1, ""fiyat"": 63350.0, ""kaynak"": ""BNB""}, {""usdt"": 11412672.0, ""borsa"": 3, ""fiyat"": 63400.0, ""kaynak"": ""BNB+BYB+OKX""}, {""usdt"": 6107031.0, ""borsa"": 1, ""fiyat"": 63375.0, ""kaynak"": ""BNB""}]","[{""usdt"": 11673778.0, ""borsa"": 3, ""fiyat"": 63450.0, ""kaynak"": ""BNB+BYB+OKX""}, {""usdt"": 9240429.0, ""borsa"": 1, ""fiyat"": 63475.0, ""kaynak"": ""BNB""}, {""usdt"": 7354821.0, ""borsa"": 1, ""fiyat"": 63500.0, ""kaynak"": ""BNB""}]",YOK,-0.0801,-0.077,0.0543,0.459,false,,true,0.1976,0,0,3,0,1,3,32.6,33.7,IZLE,,25,63453.6,,,,,SEVIYE,100,177.9,18,,,,,,,,,0,,31,177.9,30,,,
29490,2026-07-28 08:40:34.086131+00,63449.95,-598726.0666259993,-912345.742,11776631666.2765,0.000009425999999999998,40934283.69613002,0.0,63.2,BEKLE,false,0.0,0.0,1.8785,1329.127,44289751.20838001,1873.693,63.2,0.0,"[{""usdt"": 9576965.0, ""borsa"": 3, ""fiyat"": 63425.0, ""kaynak"": ""BNB+BYB+OKX""}, {""usdt"": 9509899.0, ""borsa"": 3, ""fiyat"": 63400.0, ""kaynak"": ""BNB+BYB+OKX""}, {""usdt"": 8475640.0, ""borsa"": 1, ""fiyat"": 63350.0, ""kaynak"": ""BNB""}]","[{""usdt"": 11217795.0, ""borsa"": 3, ""fiyat"": 63450.0, ""kaynak"": ""BNB+BYB+OKX""}, {""usdt"": 9184494.0, ""borsa"": 1, ""fiyat"": 63525.0, ""kaynak"": ""BNB""}, {""usdt"": 8607113.0, ""borsa"": 1, ""fiyat"": 63475.0, ""kaynak"": ""BNB""}]",YOK,0.026,-0.0394,0.0775,1.1309,false,,true,0.4849,1,1,3,0,0,3,29,30.1,IZLE,,25,63453.6,,,,,SEVIYE,100,178.9,18,,,,,,,,,0,,31,178.9,30,,,
29491,2026-07-28 08:41:34.390568+00,63475.95,-50078.87980390084,-750131.097,11781696181.779,0.000009425999999999998,43531651.27660999,0.0,53.5,BEKLE,false,0.0,0.0,1.8785,1389.498,45787389.54342996,1934.064,53.5,0.0,"[{""usdt"": 10159670.0, ""borsa"": 3, ""fiyat"": 63450.0, ""kaynak"": ""BNB+BYB+OKX""}, {""usdt"": 9703638.0, ""borsa"": 1, ""fiyat"": 63350.0, ""kaynak"": ""BNB""}, {""usdt"": 8883693.0, ""borsa"": 3, ""fiyat"": 63425.0, ""kaynak"": ""BNB+BYB+OKX""}]","[{""usdt"": 11873361.0, ""borsa"": 3, ""fiyat"": 63475.0, ""kaynak"": ""BNB+BYB+OKX""}, {""usdt"": 10304314.0, ""borsa"": 1, ""fiyat"": 63550.0, ""kaynak"": ""BNB""}, {""usdt"": 7218584.0, ""borsa"": 1, ""fiyat"": 63525.0, ""kaynak"": ""BNB""}]",YOK,0.0086,-0.0253,0.3118,1.848,false,0.9003,true,0.4118,1,0,3,1,0,3,25.5,26.6,IZLE,,25,63453.6,,,,,SEVIYE,100,179.9,18,,,,,,,,,0,,31,179.9,30,,,
29492,2026-07-28 08:42:34.700675+00,63444.45,-279161.47031570115,-250713.15300000005,11785745171.1831,0.000009425999999999998,46158804.10780001,0.0,52.8,BEKLE,false,0.0,0.0,1.876,1449.789,44236204.034099974,1994.355,52.8,0.0,"[{""usdt"": 11539057.0, ""borsa"": 1, ""fiyat"": 63350.0, ""kaynak"": ""BNB""}, {""usdt"": 11016103.0, ""borsa"": 3, ""fiyat"": 63425.0, ""kaynak"": ""BNB+BYB+OKX""}, {""usdt"": 10111073.0, ""borsa"": 3, ""fiyat"": 63450.0, ""kaynak"": ""BNB+BYB+OKX""}]","[{""usdt"": 12350607.0, ""borsa"": 3, ""fiyat"": 63475.0, ""kaynak"": ""BNB+BYB+OKX""}, {""usdt"": 8139164.0, ""borsa"": 1, ""fiyat"": 63550.0, ""kaynak"": ""BNB""}, {""usdt"": 7643544.0, ""borsa"": 1, ""fiyat"": 63575.0, ""kaynak"": ""BNB""}]",YOK,0.0063,0.0213,0.2241,0.9406,false,0.6284,false,,1,1,3,0,2,3,21.9,23,IZLE,,25,63437.4,,,,,SEVIYE,100,180.9,19,,,,,,,,,0,,31,180.9,30,,,
29493,2026-07-28 08:43:35.063066+00,63454.05,-953399.7651277013,-820518.6019999998,11778006587.810299,0.000009425999999999998,42272560.30779001,0.0,71.5,BEKLE,false,0.0,0.0,1.876,1510.1,40849987.70492,2054.666,71.5,0.0,"[{""usdt"": 11359555.0, ""borsa"": 3, ""fiyat"": 63425.0, ""kaynak"": ""BNB+BYB+OKX""}, {""usdt"": 11247778.0, ""borsa"": 1, ""fiyat"": 63350.0, ""kaynak"": ""BNB""}, {""usdt"": 7245890.0, ""borsa"": 1, ""fiyat"": 63375.0, ""kaynak"": ""BNB""}]","[{""usdt"": 10978630.0, ""borsa"": 3, ""fiyat"": 63475.0, ""kaynak"": ""BNB+BYB+OKX""}, {""usdt"": 8002634.0, ""borsa"": 1, ""fiyat"": 63525.0, ""kaynak"": ""BNB""}, {""usdt"": 6416700.0, ""borsa"": 1, ""fiyat"": 63575.0, ""kaynak"": ""BNB""}]",YOK,0.002,0.0171,0.0798,0.7444,false,0.7088,false,,1,0,3,0,0,3,18.3,19.4,IZLE,,25,63437.4,,,,,SEVIYE,100,181.9,19,,,,,,,,,0,,31,181.9,30,,,
29494,2026-07-28 08:44:35.659298+00,63479.05,-463281.85223550204,-773944.9759999999,11782141394.066002,0.000009425999999999998,48025775.40513004,0.0,15.3,BEKLE,true,0.0,0.0,1.876,1570.487,45572859.26710999,2115.053,0.0,15.3,"[{""usdt"": 13520015.0, ""borsa"": 3, ""fiyat"": 63450.0, ""kaynak"": ""BNB+BYB+OKX""}, {""usdt"": 10297605.0, ""borsa"": 3, ""fiyat"": 63475.0, ""kaynak"": ""BNB+BYB+OKX""}, {""usdt"": 8713594.0, ""borsa"": 1, ""fiyat"": 63375.0, ""kaynak"": ""BNB""}]","[{""usdt"": 13619086.0, ""borsa"": 3, ""fiyat"": 63500.0, ""kaynak"": ""BNB+BYB+OKX""}, {""usdt"": 9053981.0, ""borsa"": 1, ""fiyat"": 63550.0, ""kaynak"": ""BNB""}, {""usdt"": 7221945.0, ""borsa"": 1, ""fiyat"": 63600.0, ""kaynak"": ""BNB""}]",YOK,-0.0443,0.0262,,,true,0.478,false,,0,0,3,0,0,3,14.8,15.9,IZLE,,25,63479.2,,,,,SEVIYE,70,182.9,19,,,,,,,,,0,,31,182.9,30,,,
29495,2026-07-28 08:45:36.208363+00,63477.45,-1753346.6806332027,-785540.3569999998,11781767765.1096,0.000009425999999999998,41105275.761049986,0.0,21.3,BEKLE,true,0.0,0.0,1.876,1631.095,43847872.15740995,2175.661,0.0,21.3,"[{""usdt"": 12890774.0, ""borsa"": 3, ""fiyat"": 63450.0, ""kaynak"": ""BNB+BYB+OKX""}, {""usdt"": 7938474.0, ""borsa"": 1, ""fiyat"": 63375.0, ""kaynak"": ""BNB""}, {""usdt"": 6808987.0, ""borsa"": 1, ""fiyat"": 63400.0, ""kaynak"": ""BNB""}]","[{""usdt"": 11385510.0, ""borsa"": 3, ""fiyat"": 63500.0, ""kaynak"": ""BNB+BYB+OKX""}, {""usdt"": 8117050.0, ""borsa"": 1, ""fiyat"": 63550.0, ""kaynak"": ""BNB""}, {""usdt"": 7810586.0, ""borsa"": 1, ""fiyat"": 63575.0, ""kaynak"": ""BNB""}]",YOK,0.004,-0.0323,0.7849,1.2962,true,0.162,false,,0,0,3,1,0,3,11.6,12.7,IZLE,,25,63479.2,,,,,SEVIYE,70,183.9,19,,,,,,,,,0,,31,183.9,30,,,
29496,2026-07-28 08:46:36.620513+00,63476.850000000006,-713449.9063054023,-206447.64699999997,11778997849.9699,0.000009425999999999998,40875220.90248999,0.0,40.2,BEKLE,true,0.0,0.0,1.876,121.214,52900535.621829964,2236.267,0.0,40.2,"[{""usdt"": 10816050.0, ""borsa"": 3, ""fiyat"": 63450.0, ""kaynak"": ""BNB+BYB+OKX""}, {""usdt"": 8327221.0, ""borsa"": 1, ""fiyat"": 63375.0, ""kaynak"": ""BNB""}, {""usdt"": 7368509.0, ""borsa"": 1, ""fiyat"": 63400.0, ""kaynak"": ""BNB""}]","[{""usdt"": 22827730.0, ""borsa"": 3, ""fiyat"": 63500.0, ""kaynak"": ""BNB+BYB+OKX""}, {""usdt"": 8648033.0, ""borsa"": 1, ""fiyat"": 63550.0, ""kaynak"": ""BNB""}, {""usdt"": 8315094.0, ""borsa"": 1, ""fiyat"": 63575.0, ""kaynak"": ""BNB""}]",YOK,-0.015,-0.1282,0.3283,0.0309,true,0.0662,false,,0,0,3,0,1,3,8.3,9.4,IZLE,,25,63479.2,,,,,SEVIYE,70,184.9,19,,,,,,,,,0,,31,184.9,30,,,
29497,2026-07-28 08:47:37.313789+00,63475.350000000006,-680996.8182787024,-200938.70499999996,11779739154.6568,0.000009425999999999998,43036906.550279975,888.6766,12.0,BEKLE,true,0.0,888.6766,1.8777,181.839,48387596.757599995,2296.892,0.0,12.0,"[{""usdt"": 12518334.0, ""borsa"": 3, ""fiyat"": 63450.0, ""kaynak"": ""BNB+BYB+OKX""}, {""usdt"": 7415416.0, ""borsa"": 1, ""fiyat"": 63375.0, ""kaynak"": ""BNB""}, {""usdt"": 6835076.0, ""borsa"": 3, ""fiyat"": 63475.0, ""kaynak"": ""BNB+BYB+OKX""}]","[{""usdt"": 22347734.0, ""borsa"": 3, ""fiyat"": 63500.0, ""kaynak"": ""BNB+BYB+OKX""}, {""usdt"": 7831257.0, ""borsa"": 1, ""fiyat"": 63575.0, ""kaynak"": ""BNB""}, {""usdt"": 7032997.0, ""borsa"": 1, ""fiyat"": 63550.0, ""kaynak"": ""BNB""}]",YOK,0.0517,-0.0585,,,true,0.0946,false,,0,0,3,0,1,3,5.1,6.2,IZLE,,25,63479.2,,,,,SEVIYE,70,186.0,19,,,,,,,1785228360,1,0,,31,186.0,30,,,
29498,2026-07-28 08:48:37.89553+00,63459.95,-1027950.8962263028,-265540.22199999995,11776058898.181099,0.000009425999999999998,48525977.82288,888.6766,32.8,BEKLE,,0.0,888.6766,1.8777,121.021,39788845.491799995,2357.288,0.0,32.8,"[{""usdt"": 16067605.0, ""borsa"": 3, ""fiyat"": 63450.0, ""kaynak"": ""BNB+BYB+OKX""}, {""usdt"": 8385881.0, ""borsa"": 1, ""fiyat"": 63350.0, ""kaynak"": ""BNB""}, {""usdt"": 7926636.0, ""borsa"": 2, ""fiyat"": 63425.0, ""kaynak"": ""BNB+BYB""}]","[{""usdt"": 10685566.0, ""borsa"": 3, ""fiyat"": 63500.0, ""kaynak"": ""BNB+BYB+OKX""}, {""usdt"": 8245586.0, ""borsa"": 1, ""fiyat"": 63575.0, ""kaynak"": ""BNB""}, {""usdt"": 6814328.0, ""borsa"": 1, ""fiyat"": 63550.0, ""kaynak"": ""BNB""}]",YOK,0.0067,0.0989,0.0511,0.2802,true,0.1071,false,,0,0,3,0,0,3,1.7,63.5,IZLE,,25,63479.2,,,,,SEVIYE,70,187.0,19,,,,,,,1785228360,1,1,,31,187.0,30,,,
29499,2026-07-28 08:49:38.325837+00,63453.350000000006,-1064450.1850635028,-269967.25299999997,11774357969.101398,0.000009425999999999998,49132646.835030004,888.6766,29.4,BEKLE,true,0.0,888.6766,1.8777,181.589,40444167.02531999,2417.856,0.0,29.4,"[{""usdt"": 17915605.0, ""borsa"": 3, ""fiyat"": 63450.0, ""kaynak"": ""BNB+BYB+OKX""}, {""usdt"": 9672142.0, ""borsa"": 3, ""fiyat"": 63425.0, ""kaynak"": ""BNB+BYB+OKX""}, {""usdt"": 8385881.0, ""borsa"": 1, ""fiyat"": 63350.0, ""kaynak"": ""BNB""}]","[{""usdt"": 9271662.0, ""borsa"": 3, ""fiyat"": 63475.0, ""kaynak"": ""BNB+BYB+OKX""}, {""usdt"": 8245586.0, ""borsa"": 1, ""fiyat"": 63575.0, ""kaynak"": ""BNB""}, {""usdt"": 7902710.0, ""borsa"": 3, ""fiyat"": 63500.0, ""kaynak"": ""BNB+BYB+OKX""}]",YOK,0.0067,0.097,0.3234,0.9581,true,0.1286,false,,0,0,3,0,0,3,62.2,63.3,IZLE,,25,63437.4,,,,,SEVIYE,100,188.0,19,,,,,,,1785228360,1,2,,31,188.0,30,,,
29500,2026-07-28 08:50:38.732909+00,63452.850000000006,-1423492.3854790037,-289901.217,11772545293.250301,0.000009425999999999998,45044227.53355996,888.6766,28.3,BEKLE,true,0.0,888.6766,1.8777,242.027,40304714.79919999,2478.294,0.0,28.3,"[{""usdt"": 12464659.0, ""borsa"": 3, ""fiyat"": 63450.0, ""kaynak"": ""BNB+BYB+OKX""}, {""usdt"": 9652984.0, ""borsa"": 3, ""fiyat"": 63425.0, ""kaynak"": ""BNB+BYB+OKX""}, {""usdt"": 9337694.0, ""borsa"": 1, ""fiyat"": 63350.0, ""kaynak"": ""BNB""}]","[{""usdt"": 10506260.0, ""borsa"": 3, ""fiyat"": 63475.0, ""kaynak"": ""BNB+BYB+OKX""}, {""usdt"": 7331032.0, ""borsa"": 1, ""fiyat"": 63525.0, ""kaynak"": ""BNB""}, {""usdt"": 6493895.0, ""borsa"": 1, ""fiyat"": 63500.0, ""kaynak"": ""BNB""}]",YOK,0.0199,0.0555,0.2105,1.0881,true,0.2067,false,,0,0,3,1,1,3,58.8,59.9,IZLE,,25,63437.4,,,,,SEVIYE,100,189.0,19,,,,,,,1785228360,1,3,,31,189.0,30,,,
29501,2026-07-28 08:51:39.281907+00,63443.05,-1327058.0339965038,-339849.30000000005,11772070803.2341,0.000009425999999999998,45236481.69537996,0.0,26.2,BEKLE,false,0.0,0.0,1.8802,302.541,40924431.69654001,2538.808,26.2,0.0,"[{""usdt"": 15407854.0, ""borsa"": 3, ""fiyat"": 63425.0, ""kaynak"": ""BNB+BYB+OKX""}, {""usdt"": 11612921.0, ""borsa"": 1, ""fiyat"": 63350.0, ""kaynak"": ""BNB""}, {""usdt"": 5582419.0, ""borsa"": 3, ""fiyat"": 63450.0, ""kaynak"": ""BNB+BYB+OKX""}]","[{""usdt"": 11952827.0, ""borsa"": 3, ""fiyat"": 63475.0, ""kaynak"": ""BNB+BYB+OKX""}, {""usdt"": 7495604.0, ""borsa"": 1, ""fiyat"": 63525.0, ""kaynak"": ""BNB""}, {""usdt"": 6128070.0, ""borsa"": 1, ""fiyat"": 63550.0, ""kaynak"": ""BNB""}]",YOK,-0.0142,0.05,0.6482,2.4749,true,0.4186,false,,0,0,3,1,1,3,55.5,56.6,IZLE,,25,63437.4,,,,,SEVIYE,100,190.0,19,,,,,,,,,0,,31,190.0,30,,,
29502,2026-07-28 08:52:39.63901+00,63424.55,-1365743.1538689036,-456660.998,11764460706.6832,0.000009425999999999998,47907966.13125994,0.0,34.3,BEKLE,,0.0,0.0,1.8802,302.419,42827353.81439998,2599.311,34.3,0.0,"[{""usdt"": 16143255.0, ""borsa"": 3, ""fiyat"": 63425.0, ""kaynak"": ""BNB+BYB+OKX""}, {""usdt"": 11481235.0, ""borsa"": 1, ""fiyat"": 63350.0, ""kaynak"": ""BNB""}, {""usdt"": 11201724.0, ""borsa"": 3, ""fiyat"": 63400.0, ""kaynak"": ""BNB+BYB+OKX""}]","[{""usdt"": 11641976.0, ""borsa"": 3, ""fiyat"": 63450.0, ""kaynak"": ""BNB+BYB+OKX""}, {""usdt"": 8630266.0, ""borsa"": 1, ""fiyat"": 63550.0, ""kaynak"": ""BNB""}, {""usdt"": 6482849.0, ""borsa"": 1, ""fiyat"": 63500.0, ""kaynak"": ""BNB""}]",YOK,-0.0452,0.056,0.519,2.6418,true,0.4481,false,,0,1,3,0,0,3,52.1,53.2,IZLE,,25,63426.8,,,,,SEVIYE,90,120.9,13,,,,,,,,,0,,31,191.0,31,,,
29503,2026-07-28 08:53:39.897243+00,63392.149999999994,-1095642.8291036037,-689417.3300000001,11762021447.6736,0.000009425999999999998,43354587.584100045,0.0,31.9,BEKLE,true,0.0,0.0,1.8802,362.705,40585481.49645,2659.597,31.9,0.0,"[{""usdt"": 11195452.0, ""borsa"": 3, ""fiyat"": 63375.0, ""kaynak"": ""BNB+BYB+OKX""}, {""usdt"": 9420958.0, ""borsa"": 3, ""fiyat"": 63400.0, ""kaynak"": ""BNB+BYB+OKX""}, {""usdt"": 7410308.0, ""borsa"": 1, ""fiyat"": 63300.0, ""kaynak"": ""BNB""}]","[{""usdt"": 11049088.0, ""borsa"": 3, ""fiyat"": 63425.0, ""kaynak"": ""BNB+BYB+OKX""}, {""usdt"": 6937873.0, ""borsa"": 1, ""fiyat"": 63450.0, ""kaynak"": ""BNB""}, {""usdt"": 6866502.0, ""borsa"": 1, ""fiyat"": 63525.0, ""kaynak"": ""BNB""}]",YOK,0.0148,0.033,0.0605,4.1557,true,0.1074,false,,1,0,3,0,0,3,48.5,49.6,IZLE,,25,63426.8,,,,,SEVIYE,90,121.9,13,,,,,,,,,0,,31,192.0,31,,,
29504,2026-07-28 08:54:40.218208+00,63393.850000000006,-1022392.0465103041,-1003396.193,11761438525.2085,0.000009425999999999998,56432558.38403,824.0257999999999,50.5,BEKLE,true,824.0257999999999,0.0,1.8802,422.958,43472879.01259001,2719.85,50.5,0.0,"[{""usdt"": 20681219.0, ""borsa"": 3, ""fiyat"": 63375.0, ""kaynak"": ""BNB+BYB+OKX""}, {""usdt"": 10938762.0, ""borsa"": 2, ""fiyat"": 63350.0, ""kaynak"": ""BNB+BYB""}, {""usdt"": 9766968.0, ""borsa"": 1, ""fiyat"": 63275.0, ""kaynak"": ""BNB""}]","[{""usdt"": 13373503.0, ""borsa"": 3, ""fiyat"": 63400.0, ""kaynak"": ""BNB+BYB+OKX""}, {""usdt"": 8077878.0, ""borsa"": 1, ""fiyat"": 63500.0, ""kaynak"": ""BNB""}, {""usdt"": 7468649.0, ""borsa"": 2, ""fiyat"": 63425.0, ""kaynak"": ""BNB+OKX""}]",YOK,-0.0313,0.1297,0.0226,2.1929,true,0.1162,false,,1,0,3,0,0,3,44.9,46,IZLE,,25,63426.8,,,,,SEVIYE,90,122.9,13,,,,,,,1785228780,1,0,,31,193.0,31,,,
29505,2026-07-28 08:55:40.599317+00,63381.45,836694.0421004981,-899633.32,11758467603.4522,0.000009425999999999998,48240909.35469003,1014.1474999999999,33.1,BEKLE,true,1014.1474999999999,0.0,1.8802,483.314,50226682.87783005,2780.206,33.1,0.0,"[{""usdt"": 17406683.0, ""borsa"": 3, ""fiyat"": 63375.0, ""kaynak"": ""BNB+BYB+OKX""}, {""usdt"": 10674593.0, ""borsa"": 2, ""fiyat"": 63350.0, ""kaynak"": ""BNB+BYB""}, {""usdt"": 9321105.0, ""borsa"": 1, ""fiyat"": 63300.0, ""kaynak"": ""BNB""}]","[{""usdt"": 14152240.0, ""borsa"": 3, ""fiyat"": 63400.0, ""kaynak"": ""BNB+BYB+OKX""}, {""usdt"": 10750553.0, ""borsa"": 3, ""fiyat"": 63425.0, ""kaynak"": ""BNB+BYB+OKX""}, {""usdt"": 8369580.0, ""borsa"": 1, ""fiyat"": 63450.0, ""kaynak"": ""BNB""}]",YOK,-0.0619,-0.0202,0.599,1.2988,true,0.1223,false,,0,1,3,0,1,3,41.4,42.5,IZLE,,25,63351.9,,,,,SEVIYE,75,194.0,20,,,,,,,1785228900,1,0,,31,194.0,31,,,
29506,2026-07-28 08:56:40.911124+00,63392.05,1199697.7742801982,-910119.893,11761139829.546799,0.000009425999999999998,50894055.73518004,1584.7298,36.3,BEKLE,true,1584.7298,0.0,1.8802,543.72,51045512.159939975,2840.612,36.3,0.0,"[{""usdt"": 22021400.0, ""borsa"": 3, ""fiyat"": 63375.0, ""kaynak"": ""BNB+BYB+OKX""}, {""usdt"": 9026748.0, ""borsa"": 1, ""fiyat"": 63300.0, ""kaynak"": ""BNB""}, {""usdt"": 8750264.0, ""borsa"": 2, ""fiyat"": 63350.0, ""kaynak"": ""BNB+BYB""}]","[{""usdt"": 13303152.0, ""borsa"": 3, ""fiyat"": 63400.0, ""kaynak"": ""BNB+BYB+OKX""}, {""usdt"": 11155538.0, ""borsa"": 1, ""fiyat"": 63500.0, ""kaynak"": ""BNB""}, {""usdt"": 9661063.0, ""borsa"": 1, ""fiyat"": 63450.0, ""kaynak"": ""BNB""}]",YOK,-0.0088,-0.0015,0.641,0.8881,false,,false,1.1273,1,0,3,0,0,3,37.9,39,IZLE,,25,63426.8,,,,,SEVIYE,90,124.9,13,,,,,,,1785228900,1,0,,31,195.0,31,,,
29507,2026-07-28 08:57:41.230735+00,63382.75,1173029.5823054982,-897329.9400000001,11761078639.2335,0.000009425999999999998,45699162.755180076,1584.7298,30.6,BEKLE,true,1584.7298,0.0,1.8777,603.995,51921315.69889999,2900.887,30.6,0.0,"[{""usdt"": 13032123.0, ""borsa"": 3, ""fiyat"": 63375.0, ""kaynak"": ""BNB+BYB+OKX""}, {""usdt"": 11599970.0, ""borsa"": 1, ""fiyat"": 63300.0, ""kaynak"": ""BNB""}, {""usdt"": 9532205.0, ""borsa"": 2, ""fiyat"": 63350.0, ""kaynak"": ""BNB+BYB""}]","[{""usdt"": 14650856.0, ""borsa"": 3, ""fiyat"": 63400.0, ""kaynak"": ""BNB+BYB+OKX""}, {""usdt"": 10505405.0, ""borsa"": 1, ""fiyat"": 63500.0, ""kaynak"": ""BNB""}, {""usdt"": 9819289.0, ""borsa"": 1, ""fiyat"": 63450.0, ""kaynak"": ""BNB""}]",YOK,-0.0356,-0.0637,0.6989,0.7902,false,,false,1.4208,1,0,3,0,1,3,34.3,35.3,IZLE,,25,63351.9,,,,,SEVIYE,75,196.0,20,,,,,,,1785228900,1,1,,31,196.0,31,,,
29508,2026-07-28 08:58:41.52672+00,63401.95,1714432.8572508974,-646112.067,11762568852.1282,0.000009425999999999998,49247483.29578006,760.7040000000001,9.2,BEKLE,,760.7040000000001,0.0,1.8777,664.33,49349563.69448996,2961.222,0.0,9.2,"[{""usdt"": 18323360.0, ""borsa"": 3, ""fiyat"": 63375.0, ""kaynak"": ""BNB+BYB+OKX""}, {""usdt"": 9710246.0, ""borsa"": 2, ""fiyat"": 63350.0, ""kaynak"": ""BNB+BYB""}, {""usdt"": 8451593.0, ""borsa"": 1, ""fiyat"": 63300.0, ""kaynak"": ""BNB""}]","[{""usdt"": 12125627.0, ""borsa"": 3, ""fiyat"": 63400.0, ""kaynak"": ""BNB+BYB+OKX""}, {""usdt"": 10778255.0, ""borsa"": 1, ""fiyat"": 63500.0, ""kaynak"": ""BNB""}, {""usdt"": 9799860.0, ""borsa"": 1, ""fiyat"": 63450.0, ""kaynak"": ""BNB""}]",YOK,-0.0195,-0.001,0.9632,0.2308,false,,false,1.3063,1,0,3,0,0,3,30.7,31.8,IZLE,,25,63426.8,,,,,SEVIYE,90,126.9,13,,,,,,,1785228900,1,0,,31,197.0,31,,,
29509,2026-07-28 08:59:41.773572+00,63401.95,1705457.3919321992,-643602.0680000001,11762536478.0545,0.000009425999999999998,46150843.11049006,760.7040000000001,27.6,BEKLE,true,760.7040000000001,0.0,1.8777,724.601,55976042.35581996,3021.493,0.0,27.6,"[{""usdt"": 14323869.0, ""borsa"": 3, ""fiyat"": 63375.0, ""kaynak"": ""BNB+BYB+OKX""}, {""usdt"": 9376680.0, ""borsa"": 1, ""fiyat"": 63300.0, ""kaynak"": ""BNB""}, {""usdt"": 9266896.0, ""borsa"": 1, ""fiyat"": 63350.0, ""kaynak"": ""BNB""}]","[{""usdt"": 12905555.0, ""borsa"": 3, ""fiyat"": 63400.0, ""kaynak"": ""BNB+BYB+OKX""}, {""usdt"": 10543491.0, ""borsa"": 3, ""fiyat"": 63425.0, ""kaynak"": ""BNB+BYB+OKX""}, {""usdt"": 9880671.0, ""borsa"": 1, ""fiyat"": 63500.0, ""kaynak"": ""BNB""}]",YOK,-0.0425,-0.0962,0.7534,0.1537,false,,false,1.5474,1,0,3,0,0,3,26.8,27.9,IZLE,,25,63426.8,,,,,SEVIYE,90,127.9,13,,,,,,,1785228900,1,1,,31,198.0,31,,,
29510,2026-07-28 09:00:42.257955+00,63401.649999999994,1722830.1632050013,-380628.681,11759212349.6795,0.000009425999999999998,49076408.61589003,0.0,33.4,BEKLE,false,0.0,0.0,1.8777,784.811,52077412.03506998,3081.703,0.0,33.4,"[{""usdt"": 12916666.0, ""borsa"": 3, ""fiyat"": 63375.0, ""kaynak"": ""BNB+BYB+OKX""}, {""usdt"": 11486271.0, ""borsa"": 2, ""fiyat"": 63350.0, ""kaynak"": ""BNB+BYB""}, {""usdt"": 9411581.0, ""borsa"": 1, ""fiyat"": 63300.0, ""kaynak"": ""BNB""}]","[{""usdt"": 17531451.0, ""borsa"": 3, ""fiyat"": 63400.0, ""kaynak"": ""BNB+BYB+OKX""}, {""usdt"": 9261377.0, ""borsa"": 1, ""fiyat"": 63500.0, ""kaynak"": ""BNB""}, {""usdt"": 9167166.0, ""borsa"": 1, ""fiyat"": 63450.0, ""kaynak"": ""BNB""}]",YOK,-0.0425,-0.0297,0.4076,0.6384,false,,false,0.5929,1,0,3,0,1,3,22.9,24,IZLE,,25,63426.8,,,,,SEVIYE,90,129.0,13,,,,,,,,,0,,31,199.0,31,,,
29511,2026-07-28 09:01:42.903036+00,63435.25,2182795.1262861015,-34911.49500000004,11761930302.182201,0.000009425999999999998,45825570.03912006,0.0,46.8,BEKLE,true,0.0,0.0,1.8777,845.72,51605868.15489004,3142.612,0.0,46.8,"[{""usdt"": 15571762.0, ""borsa"": 3, ""fiyat"": 63400.0, ""kaynak"": ""BNB+BYB+OKX""}, {""usdt"": 10100743.0, ""borsa"": 1, ""fiyat"": 63350.0, ""kaynak"": ""BNB""}, {""usdt"": 7857663.0, ""borsa"": 1, ""fiyat"": 63325.0, ""kaynak"": ""BNB""}]","[{""usdt"": 12915638.0, ""borsa"": 3, ""fiyat"": 63450.0, ""kaynak"": ""BNB+BYB+OKX""}, {""usdt"": 9931604.0, ""borsa"": 1, ""fiyat"": 63475.0, ""kaynak"": ""BNB""}, {""usdt"": 9162283.0, ""borsa"": 1, ""fiyat"": 63525.0, ""kaynak"": ""BNB""}]",YOK,-0.0625,-0.0593,0.3116,0.9407,false,,false,0.7414,0,1,3,0,0,3,19.9,21,IZLE,,25,63426.8,,,,,SEVIYE,90,130.0,13,,,,,,,,,0,,31,200.0,31,,,
29512,2026-07-28 09:02:43.244792+00,63405.95,1116324.324564201,-45441.72900000005,11757667201.9002,0.000009425999999999998,60566315.65976,0.0,49.9,BEKLE,false,0.0,0.0,1.8744,906.058,49962648.87409,3202.95,0.0,49.9,"[{""usdt"": 17080688.0, ""borsa"": 3, ""fiyat"": 63375.0, ""kaynak"": ""BNB+BYB+OKX""}, {""usdt"": 14113633.0, ""borsa"": 3, ""fiyat"": 63400.0, ""kaynak"": ""BNB+BYB+OKX""}, {""usdt"": 12044674.0, ""borsa"": 1, ""fiyat"": 63300.0, ""kaynak"": ""BNB""}]","[{""usdt"": 12125248.0, ""borsa"": 3, ""fiyat"": 63425.0, ""kaynak"": ""BNB+BYB+OKX""}, {""usdt"": 8744920.0, ""borsa"": 1, ""fiyat"": 63450.0, ""kaynak"": ""BNB""}, {""usdt"": 8170046.0, ""borsa"": 1, ""fiyat"": 63500.0, ""kaynak"": ""BNB""}]",YOK,-0.0657,0.0959,0.0265,0.7246,false,,true,0.4745,0,0,3,1,0,3,16.4,17.5,IZLE,,25,63418.9,,,,,SEVIYE,70,131.0,14,,,,,,,,,0,,29,201.1,29,,,
29513,2026-07-28 09:03:43.582256+00,63383.649999999994,917221.6647457024,-102572.63700000006,11755669576.9678,0.000009425999999999998,60793062.111370035,0.0,37.3,BEKLE,false,0.0,0.0,1.8744,966.345,47854715.24309002,3263.237,0.0,37.3,"[{""usdt"": 22519648.0, ""borsa"": 3, ""fiyat"": 63375.0, ""kaynak"": ""BNB+BYB+OKX""}, {""usdt"": 12050360.0, ""borsa"": 3, ""fiyat"": 63350.0, ""kaynak"": ""BNB+BYB+OKX""}, {""usdt"": 10030010.0, ""borsa"": 1, ""fiyat"": 63300.0, ""kaynak"": ""BNB""}]","[{""usdt"": 14943130.0, ""borsa"": 3, ""fiyat"": 63400.0, ""kaynak"": ""BNB+BYB+OKX""}, {""usdt"": 8861356.0, ""borsa"": 1, ""fiyat"": 63450.0, ""kaynak"": ""BNB""}, {""usdt"": 7679917.0, ""borsa"": 1, ""fiyat"": 63475.0, ""kaynak"": ""BNB""}]",YOK,-0.047,0.1191,0.3751,0.5748,false,,true,0.3999,0,0,3,1,0,3,12.9,14,IZLE,,25,63352.4,,,,,SEVIYE,75,202.1,21,,,,,,,,,0,,29,202.1,29,,,
29514,2026-07-28 09:04:43.87079+00,63388.45,961451.2158822028,219124.07899999994,11754498852.7286,0.000009425999999999998,57362688.94812,0.0,69.6,BEKLE,,0.0,0.0,1.8744,1026.683,119836348.7848498,3323.575,0.0,69.6,"[{""usdt"": 18666781.0, ""borsa"": 3, ""fiyat"": 63375.0, ""kaynak"": ""BNB+BYB+OKX""}, {""usdt"": 12943012.0, ""borsa"": 3, ""fiyat"": 63350.0, ""kaynak"": ""BNB+BYB+OKX""}, {""usdt"": 10032836.0, ""borsa"": 1, ""fiyat"": 63300.0, ""kaynak"": ""BNB""}]","[{""usdt"": 88282488.0, ""borsa"": 3, ""fiyat"": 63400.0, ""kaynak"": ""BNB+BYB+OKX""}, {""usdt"": 8492047.0, ""borsa"": 1, ""fiyat"": 63475.0, ""kaynak"": ""BNB""}, {""usdt"": 7452224.0, ""borsa"": 1, ""fiyat"": 63500.0, ""kaynak"": ""BNB""}]",YOK,-0.0386,-0.3526,0.2609,0.316,false,,false,1.1078,1,1,3,0,1,3,9.4,10.4,IZLE,,25,63418.9,,,,,SEVIYE,70,133.0,14,,,,,,,,,0,,29,203.1,29,,,
29515,2026-07-28 09:05:44.12132+00,63366.05,-1188866.0177453961,191535.75499999998,11744474397.2052,0.000009425999999999998,60588590.954469964,316.9415,32.0,BEKLE,,316.9415,0.0,1.8744,1086.95,47681624.720029995,60.267,0.0,32.0,"[{""usdt"": 23839288.0, ""borsa"": 3, ""fiyat"": 63350.0, ""kaynak"": ""BNB+BYB+OKX""}, {""usdt"": 11217250.0, ""borsa"": 1, ""fiyat"": 63275.0, ""kaynak"": ""BNB""}, {""usdt"": 9536279.0, ""borsa"": 1, ""fiyat"": 63300.0, ""kaynak"": ""BNB""}]","[{""usdt"": 12300990.0, ""borsa"": 3, ""fiyat"": 63375.0, ""kaynak"": ""BNB+BYB+OKX""}, {""usdt"": 9436837.0, ""borsa"": 3, ""fiyat"": 63400.0, ""kaynak"": ""BNB+BYB+OKX""}, {""usdt"": 8104048.0, ""borsa"": 1, ""fiyat"": 63425.0, ""kaynak"": ""BNB""}]",YOK,-0.0401,0.1192,0.6756,0.5514,false,,true,0.3607,1,0,3,0,0,3,5.8,6.9,IZLE,,25,63352.4,,,,,SEVIYE,75,204.1,21,,,,,,,1785229440,1,0,,29,204.1,29,,,
29516,2026-07-28 09:06:44.360121+00,63396.75,-879062.387885497,407243.71299999993,11748944363.6636,0.000009425999999999998,53198908.54526998,316.9415,33.2,BEKLE,false,316.9415,0.0,1.8744,1147.161,50287786.23208992,120.478,0.0,33.2,"[{""usdt"": 17573385.0, ""borsa"": 3, ""fiyat"": 63375.0, ""kaynak"": ""BNB+BYB+OKX""}, {""usdt"": 10524897.0, ""borsa"": 1, ""fiyat"": 63300.0, ""kaynak"": ""BNB""}, {""usdt"": 8797957.0, ""borsa"": 1, ""fiyat"": 63350.0, ""kaynak"": ""BNB""}]","[{""usdt"": 10992297.0, ""borsa"": 3, ""fiyat"": 63425.0, ""kaynak"": ""BNB+BYB+OKX""}, {""usdt"": 10866655.0, ""borsa"": 1, ""fiyat"": 63500.0, ""kaynak"": ""BNB""}, {""usdt"": 9045963.0, ""borsa"": 3, ""fiyat"": 63400.0, ""kaynak"": ""BNB+BYB+OKX""}]",YOK,-0.031,0.0281,0.7392,0.6201,true,0,false,0.6408,1,0,3,1,0,3,2.1,3.2,IZLE,,25,63418.9,,,,,SEVIYE,70,135.0,14,,,,,,,1785229440,1,1,,29,205.1,29,,,
29517,2026-07-28 09:07:44.641108+00,63405.45,-911447.458427096,434330.12599999993,11750134491.265001,0.000009425999999999998,53198908.54526998,316.9415,34.5,BEKLE,false,316.9415,0.0,1.8744,1207.421,50287786.23208992,180.738,0.0,34.5,"[{""usdt"": 17573385.0, ""borsa"": 3, ""fiyat"": 63375.0, ""kaynak"": ""BNB+BYB+OKX""}, {""usdt"": 10524897.0, ""borsa"": 1, ""fiyat"": 63300.0, ""kaynak"": ""BNB""}, {""usdt"": 8797957.0, ""borsa"": 1, ""fiyat"": 63350.0, ""kaynak"": ""BNB""}]","[{""usdt"": 10992297.0, ""borsa"": 3, ""fiyat"": 63425.0, ""kaynak"": ""BNB+BYB+OKX""}, {""usdt"": 10866655.0, ""borsa"": 1, ""fiyat"": 63500.0, ""kaynak"": ""BNB""}, {""usdt"": 9045963.0, ""borsa"": 3, ""fiyat"": 63400.0, ""kaynak"": ""BNB+BYB+OKX""}]",YOK,-0.031,0.0281,0.6337,0.0104,true,0,false,0.5277,1,0,3,1,0,3,62.4,63.5,IZLE,,25,63418.9,,,,,SEVIYE,70,136.0,14,,,,,,,1785229440,1,2,,29,206.1,29,,,
29518,2026-07-28 09:08:44.92926+00,63426.350000000006,-556638.9043214947,440443.372,11753864927.909101,0.000009425999999999998,50481540.39798005,4122.5195,29.8,BEKLE,,316.9415,3805.578,1.8744,1267.743,50197444.09365001,120.582,0.0,29.8,"[{""usdt"": 13864598.0, ""borsa"": 3, ""fiyat"": 63375.0, ""kaynak"": ""BNB+BYB+OKX""}, {""usdt"": 9844928.0, ""borsa"": 3, ""fiyat"": 63400.0, ""kaynak"": ""BNB+BYB+OKX""}, {""usdt"": 9715819.0, ""borsa"": 1, ""fiyat"": 63325.0, ""kaynak"": ""BNB""}]","[{""usdt"": 16205933.0, ""borsa"": 3, ""fiyat"": 63425.0, ""kaynak"": ""BNB+BYB+OKX""}, {""usdt"": 10689659.0, ""borsa"": 1, ""fiyat"": 63475.0, ""kaynak"": ""BNB""}, {""usdt"": 7347406.0, ""borsa"": 1, ""fiyat"": 63525.0, ""kaynak"": ""BNB""}]",YOK,-0.0085,0.0028,0.5263,1.0181,true,0,false,0.715,0,0,3,0,0,3,58.9,59.9,IZLE,,25,63418.9,,,,,SEVIYE,70,137.0,14,,,,,,,1785229680,1,0,,29,207.1,29,,,
29519,2026-07-28 09:09:45.246318+00,63428.05,-556638.9043214947,440443.372,11753864927.909101,0.000009425999999999998,54948996.76786002,4122.5195,25.2,BEKLE,false,316.9415,3805.578,1.8744,1328.032,48169564.97031001,180.871,0.0,25.2,"[{""usdt"": 16597478.0, ""borsa"": 3, ""fiyat"": 63400.0, ""kaynak"": ""BNB+BYB+OKX""}, {""usdt"": 11808729.0, ""borsa"": 1, ""fiyat"": 63350.0, ""kaynak"": ""BNB""}, {""usdt"": 9710264.0, ""borsa"": 3, ""fiyat"": 63425.0, ""kaynak"": ""BNB+BYB+OKX""}]","[{""usdt"": 12355230.0, ""borsa"": 3, ""fiyat"": 63450.0, ""kaynak"": ""BNB+BYB+OKX""}, {""usdt"": 9340080.0, ""borsa"": 1, ""fiyat"": 63500.0, ""kaynak"": ""BNB""}, {""usdt"": 9040387.0, ""borsa"": 1, ""fiyat"": 63525.0, ""kaynak"": ""BNB""}]",YOK,0.041,0.0657,0.7374,1.2842,false,0.7627,false,,1,0,3,1,0,3,55.3,56.4,IZLE,,25,63418.9,,,,,SEVIYE,70,138.0,14,,,,,,,1785229680,1,0,,29,208.1,29,,,
29520,2026-07-28 09:10:45.541533+00,63437.25,-952869.5047433951,461739.32700000005,11753876511.809101,0.000009425999999999998,46460892.49051002,3805.6859999999997,19.3,BEKLE,false,0.0,3805.6859999999997,1.8744,1388.309,48206397.23613999,241.148,0.0,19.3,"[{""usdt"": 15373525.0, ""borsa"": 3, ""fiyat"": 63400.0, ""kaynak"": ""BNB+BYB+OKX""}, {""usdt"": 10015601.0, ""borsa"": 1, ""fiyat"": 63325.0, ""kaynak"": ""BNB""}, {""usdt"": 9652432.0, ""borsa"": 1, ""fiyat"": 63350.0, ""kaynak"": ""BNB""}]","[{""usdt"": 12414388.0, ""borsa"": 3, ""fiyat"": 63450.0, ""kaynak"": ""BNB+BYB+OKX""}, {""usdt"": 9587064.0, ""borsa"": 1, ""fiyat"": 63500.0, ""kaynak"": ""BNB""}, {""usdt"": 8571617.0, ""borsa"": 1, ""fiyat"": 63525.0, ""kaynak"": ""BNB""}]",YOK,0.0245,-0.0184,0.2633,5.3065,false,1.1087,false,,0,0,3,0,0,3,51.3,52.4,IZLE,,25,63418.9,,,,,SEVIYE,70,139.0,14,,,,,,,1785229680,1,0,,29,209.1,29,,,
29521,2026-07-28 09:11:45.791353+00,63427.850000000006,-1083920.6674830962,-275018.4960000001,11755195394.0142,0.000009425999999999998,45926276.30859001,3805.6859999999997,67.5,BEKLE,true,0.0,3805.6859999999997,1.8744,1448.628,54292082.857170016,301.467,67.5,0.0,"[{""usdt"": 14774296.0, ""borsa"": 3, ""fiyat"": 63400.0, ""kaynak"": ""BNB+BYB+OKX""}, {""usdt"": 9411398.0, ""borsa"": 1, ""fiyat"": 63350.0, ""kaynak"": ""BNB""}, {""usdt"": 9289720.0, ""borsa"": 1, ""fiyat"": 63325.0, ""kaynak"": ""BNB""}]","[{""usdt"": 13287710.0, ""borsa"": 3, ""fiyat"": 63450.0, ""kaynak"": ""BNB+BYB+OKX""}, {""usdt"": 10957586.0, ""borsa"": 1, ""fiyat"": 63500.0, ""kaynak"": ""BNB""}, {""usdt"": 9562349.0, ""borsa"": 3, ""fiyat"": 63425.0, ""kaynak"": ""BNB+BYB+OKX""}]",YOK,-0.071,-0.0835,0.1094,1.1092,false,1.4272,false,1.086,0,0,3,0,2,3,47.8,48.9,IZLE,,25,63418.9,,,,,SEVIYE,70,140.0,14,,,,,,,1785229680,1,1,,29,210.1,29,,,
29522,2026-07-28 09:12:46.114777+00,63427.75,-1232164.0634607964,-210123.04500000004,11753547498.0485,0.000009425999999999998,51094737.688409984,3805.6859999999997,66.2,BEKLE,true,0.0,3805.6859999999997,1.8727,1508.859,47028433.80023998,361.698,66.2,0.0,"[{""usdt"": 13716882.0, ""borsa"": 3, ""fiyat"": 63400.0, ""kaynak"": ""BNB+BYB+OKX""}, {""usdt"": 10382618.0, ""borsa"": 1, ""fiyat"": 63350.0, ""kaynak"": ""BNB""}, {""usdt"": 10057087.0, ""borsa"": 3, ""fiyat"": 63425.0, ""kaynak"": ""BNB+BYB+OKX""}]","[{""usdt"": 14163597.0, ""borsa"": 3, ""fiyat"": 63450.0, ""kaynak"": ""BNB+BYB+OKX""}, {""usdt"": 9639384.0, ""borsa"": 1, ""fiyat"": 63500.0, ""kaynak"": ""BNB""}, {""usdt"": 8078470.0, ""borsa"": 1, ""fiyat"": 63525.0, ""kaynak"": ""BNB""}]",YOK,0.0275,0.0414,0.1682,0.7914,false,1.6275,true,0.4065,0,0,3,0,0,3,44.1,45.3,IZLE,,25,63427.1,,,,,SEVIYE,100,141.0,15,,,,,,,1785229680,1,2,,32,211.1,31,,,
29523,2026-07-28 09:13:46.36003+00,63423.25,-903259.9872752962,-211922.92700000005,11754294648.7486,0.000009425999999999998,50312168.43493004,4249.6806,57.5,BEKLE,,443.99460000000005,3805.6859999999997,1.8727,1569.183,51647144.36895001,422.022,57.5,0.0,"[{""usdt"": 20314660.0, ""borsa"": 3, ""fiyat"": 63400.0, ""kaynak"": ""BNB+BYB+OKX""}, {""usdt"": 10221659.0, ""borsa"": 1, ""fiyat"": 63350.0, ""kaynak"": ""BNB""}, {""usdt"": 7925493.0, ""borsa"": 1, ""fiyat"": 63325.0, ""kaynak"": ""BNB""}]","[{""usdt"": 11458941.0, ""borsa"": 3, ""fiyat"": 63450.0, ""kaynak"": ""BNB+BYB+OKX""}, {""usdt"": 10093913.0, ""borsa"": 3, ""fiyat"": 63425.0, ""kaynak"": ""BNB+BYB+OKX""}, {""usdt"": 8441650.0, ""borsa"": 1, ""fiyat"": 63475.0, ""kaynak"": ""BNB""}]",YOK,0.0033,-0.0131,0.1776,0.1074,false,1.1085,false,0.8049,1,0,3,0,1,3,40.6,41.7,IZLE,,25,63427.1,,,,,SEVIYE,100,142.0,15,,,,,,,1785229920,1,0,,32,212.1,31,,,
29524,2026-07-28 09:14:46.623812+00,63399.75,-1007890.4904719966,-240435.2010000001,11753288838.5916,0.000009425999999999998,55448135.22438997,443.9799,60.3,BEKLE,true,443.9799,0.0,1.8727,1629.433,54823813.43586003,482.272,60.3,0.0,"[{""usdt"": 14819140.0, ""borsa"": 3, ""fiyat"": 63375.0, ""kaynak"": ""BNB+BYB+OKX""}, {""usdt"": 12266618.0, ""borsa"": 3, ""fiyat"": 63400.0, ""kaynak"": ""BNB+BYB+OKX""}, {""usdt"": 9858190.0, ""borsa"": 1, ""fiyat"": 63300.0, ""kaynak"": ""BNB""}]","[{""usdt"": 16320140.0, ""borsa"": 3, ""fiyat"": 63425.0, ""kaynak"": ""BNB+BYB+OKX""}, {""usdt"": 9043476.0, ""borsa"": 1, ""fiyat"": 63475.0, ""kaynak"": ""BNB""}, {""usdt"": 8368655.0, ""borsa"": 1, ""fiyat"": 63525.0, ""kaynak"": ""BNB""}]",YOK,-0.0356,0.0057,0.2122,0.9,false,1.3832,true,0.3017,0,0,3,0,1,3,37,38.1,IZLE,,25,63427.1,,,,,SEVIYE,100,143.0,15,,,,,,,1785229920,1,0,,32,213.1,31,,,
29525,2026-07-28 09:15:46.937877+00,63410.850000000006,-1115667.665887997,-365239.6710000001,11750504867.8816,0.000009425999999999998,57653133.63571006,443.9799,69.4,BEKLE,true,443.9799,0.0,1.8727,1689.752,47843743.10915997,542.591,69.4,0.0,"[{""usdt"": 21447129.0, ""borsa"": 3, ""fiyat"": 63375.0, ""kaynak"": ""BNB+BYB+OKX""}, {""usdt"": 10907986.0, ""borsa"": 1, ""fiyat"": 63300.0, ""kaynak"": ""BNB""}, {""usdt"": 9727167.0, ""borsa"": 1, ""fiyat"": 63350.0, ""kaynak"": ""BNB""}]","[{""usdt"": 12082304.0, ""borsa"": 3, ""fiyat"": 63425.0, ""kaynak"": ""BNB+BYB+OKX""}, {""usdt"": 8350515.0, ""borsa"": 1, ""fiyat"": 63500.0, ""kaynak"": ""BNB""}, {""usdt"": 7676988.0, ""borsa"": 1, ""fiyat"": 63450.0, ""kaynak"": ""BNB""}]",YOK,-0.0199,0.093,0.0741,0.8123,false,2.0128,false,,0,0,3,1,0,3,33.5,34.6,IZLE,,25,63427.1,,,,,SEVIYE,100,144.0,15,,,,,,,1785229920,1,1,,32,214.1,31,,,
29526,2026-07-28 09:16:47.294249+00,63410.75,-309439.73672099866,-318965.3230000001,11753453536.2708,0.000009425999999999998,56032770.75484998,443.9799,11.9,BEKLE,true,443.9799,0.0,1.8727,1750.026,51966333.182279974,602.865,11.9,0.0,"[{""usdt"": 21012950.0, ""borsa"": 3, ""fiyat"": 63375.0, ""kaynak"": ""BNB+BYB+OKX""}, {""usdt"": 10635888.0, ""borsa"": 1, ""fiyat"": 63350.0, ""kaynak"": ""BNB""}, {""usdt"": 9986594.0, ""borsa"": 1, ""fiyat"": 63300.0, ""kaynak"": ""BNB""}]","[{""usdt"": 13429122.0, ""borsa"": 3, ""fiyat"": 63425.0, ""kaynak"": ""BNB+BYB+OKX""}, {""usdt"": 9716788.0, ""borsa"": 1, ""fiyat"": 63475.0, ""kaynak"": ""BNB""}, {""usdt"": 8109898.0, ""borsa"": 1, ""fiyat"": 63500.0, ""kaynak"": ""BNB""}]",YOK,-0.05,0.0377,0.8775,1.3103,false,,false,,0,0,3,0,0,3,29.9,31,IZLE,,25,63427.1,,,,,SEVIYE,100,145.1,15,,,,,,,1785229920,1,2,,32,215.1,31,,,
29527,2026-07-28 09:17:48.655444+00,63412.55,-292454.5629453985,-317190.0360000001,11752549836.1656,0.000009425999999999998,58396153.455059975,443.9799,20.3,BEKLE,true,443.9799,0.0,1.8736,1811.487,48622624.09727,664.326,20.3,0.0,"[{""usdt"": 21832188.0, ""borsa"": 3, ""fiyat"": 63400.0, ""kaynak"": ""BNB+BYB+OKX""}, {""usdt"": 10570516.0, ""borsa"": 3, ""fiyat"": 63375.0, ""kaynak"": ""BNB+BYB+OKX""}, {""usdt"": 9786377.0, ""borsa"": 1, ""fiyat"": 63350.0, ""kaynak"": ""BNB""}]","[{""usdt"": 14978403.0, ""borsa"": 3, ""fiyat"": 63425.0, ""kaynak"": ""BNB+BYB+OKX""}, {""usdt"": 9850997.0, ""borsa"": 1, ""fiyat"": 63475.0, ""kaynak"": ""BNB""}, {""usdt"": 8682971.0, ""borsa"": 1, ""fiyat"": 63500.0, ""kaynak"": ""BNB""}]",YOK,0.0148,0.0913,0.781,0.8544,false,1.2118,false,,0,0,3,0,0,3,27.5,28.6,IZLE,,25,63427.1,,,,,SEVIYE,100,146.1,15,,,,,,,1785229920,1,3,,32,216.1,31,,,
29528,2026-07-28 09:18:48.912191+00,63395.75,-317998.4568852979,-425903.12600000005,11751586886.1206,0.000009425999999999998,54974712.81296999,0.0,26.9,BEKLE,true,0.0,0.0,1.8736,1871.71,46839260.09674002,724.549,26.9,0.0,"[{""usdt"": 15583014.0, ""borsa"": 3, ""fiyat"": 63375.0, ""kaynak"": ""BNB+BYB+OKX""}, {""usdt"": 12508305.0, ""borsa"": 2, ""fiyat"": 63350.0, ""kaynak"": ""BNB+BYB""}, {""usdt"": 8943787.0, ""borsa"": 1, ""fiyat"": 63300.0, ""kaynak"": ""BNB""}]","[{""usdt"": 15110288.0, ""borsa"": 3, ""fiyat"": 63400.0, ""kaynak"": ""BNB+BYB+OKX""}, {""usdt"": 8827029.0, ""borsa"": 2, ""fiyat"": 63425.0, ""kaynak"": ""BNB+OKX""}, {""usdt"": 8441126.0, ""borsa"": 1, ""fiyat"": 63475.0, ""kaynak"": ""BNB""}]",YOK,-0.0132,0.0799,0.5264,1.673,false,1.8494,false,,1,0,3,0,0,3,23.8,24.9,IZLE,,25,63365.4,,,,,SEVIYE,30,217.1,22,,,,,,,,,0,,32,217.1,31,,,
29529,2026-07-28 09:19:49.187597+00,63414.95,-126458.67758779766,-463094.1220000001,11753951847.1171,0.000009425999999999998,54574558.883600034,0.0,31.9,BEKLE,true,0.0,0.0,1.8736,1932.011,49247335.231130004,0,31.9,0.0,"[{""usdt"": 15177179.0, ""borsa"": 3, ""fiyat"": 63400.0, ""kaynak"": ""BNB+BYB+OKX""}, {""usdt"": 10980187.0, ""borsa"": 3, ""fiyat"": 63375.0, ""kaynak"": ""BNB+BYB+OKX""}, {""usdt"": 10317411.0, ""borsa"": 1, ""fiyat"": 63325.0, ""kaynak"": ""BNB""}]","[{""usdt"": 15229361.0, ""borsa"": 3, ""fiyat"": 63425.0, ""kaynak"": ""BNB+BYB+OKX""}, {""usdt"": 10512848.0, ""borsa"": 1, ""fiyat"": 63475.0, ""kaynak"": ""BNB""}, {""usdt"": 7978876.0, ""borsa"": 1, ""fiyat"": 63500.0, ""kaynak"": ""BNB""}]",YOK,0.0214,0.0513,0.6167,0.7195,false,0.9159,false,,0,0,3,0,0,3,20.3,21.3,IZLE,,25,63427.1,,,,,SEVIYE,100,148.1,15,,,,,,,,,0,,32,218.2,31,,,
29530,2026-07-28 09:20:49.475035+00,63447.649999999994,977115.0603069012,-136489.59099999996,11756563359.955,0.000009425999999999998,54726624.81052,0.0,20.3,BEKLE,false,0.0,0.0,1.8727,1992.257,50771562.224449985,60.246,0.0,20.3,"[{""usdt"": 17095559.0, ""borsa"": 3, ""fiyat"": 63425.0, ""kaynak"": ""BNB+BYB+OKX""}, {""usdt"": 11998251.0, ""borsa"": 1, ""fiyat"": 63350.0, ""kaynak"": ""BNB""}, {""usdt"": 8663020.0, ""borsa"": 3, ""fiyat"": 63400.0, ""kaynak"": ""BNB+BYB+OKX""}]","[{""usdt"": 12501945.0, ""borsa"": 3, ""fiyat"": 63450.0, ""kaynak"": ""BNB+BYB+OKX""}, {""usdt"": 10336259.0, ""borsa"": 1, ""fiyat"": 63500.0, ""kaynak"": ""BNB""}, {""usdt"": 9836248.0, ""borsa"": 1, ""fiyat"": 63525.0, ""kaynak"": ""BNB""}]",YOK,0.0638,0.0375,0.7881,0.9374,false,1.0868,false,,1,0,3,1,0,3,16.7,17.8,IZLE,,25,63427.1,,,,,SEVIYE,100,149.1,15,,,,,,,,,0,,32,219.2,31,,,
29531,2026-07-28 09:21:49.777696+00,63445.95,1097188.043891601,-66981.551,11757950593.4086,0.000009425999999999998,54524135.05011003,0.0,21.7,BEKLE,false,0.0,0.0,1.8727,2052.552,46748811.80637002,60.295,0.0,21.7,"[{""usdt"": 13633114.0, ""borsa"": 3, ""fiyat"": 63425.0, ""kaynak"": ""BNB+BYB+OKX""}, {""usdt"": 12933929.0, ""borsa"": 3, ""fiyat"": 63450.0, ""kaynak"": ""BNB+BYB+OKX""}, {""usdt"": 10701163.0, ""borsa"": 1, ""fiyat"": 63350.0, ""kaynak"": ""BNB""}]","[{""usdt"": 11862307.0, ""borsa"": 3, ""fiyat"": 63475.0, ""kaynak"": ""BNB+BYB+OKX""}, {""usdt"": 9392581.0, ""borsa"": 1, ""fiyat"": 63525.0, ""kaynak"": ""BNB""}, {""usdt"": 9237769.0, ""borsa"": 1, ""fiyat"": 63550.0, ""kaynak"": ""BNB""}]",YOK,0.047,0.0768,0.6941,1.1749,true,0.461,false,,1,0,3,2,0,3,13.1,14.2,IZLE,,25,63427.1,,,,,SEVIYE,100,150.1,15,,,,,,,,,0,,32,220.2,31,,,
29532,2026-07-28 09:22:50.066986+00,63450.75,1803025.3712547016,159165.267,11757489293.453201,0.000009425999999999998,53154576.94486,0.0,32.7,BEKLE,false,0.0,0.0,1.8727,2112.869,119241359.67814007,120.612,0.0,32.7,"[{""usdt"": 15702720.0, ""borsa"": 3, ""fiyat"": 63425.0, ""kaynak"": ""BNB+BYB+OKX""}, {""usdt"": 12990714.0, ""borsa"": 1, ""fiyat"": 63350.0, ""kaynak"": ""BNB""}, {""usdt"": 8004030.0, ""borsa"": 1, ""fiyat"": 63375.0, ""kaynak"": ""BNB""}]","[{""usdt"": 81063114.0, ""borsa"": 1, ""fiyat"": 63500.0, ""kaynak"": ""BNB""}, {""usdt"": 11958117.0, ""borsa"": 3, ""fiyat"": 63475.0, ""kaynak"": ""BNB+BYB+OKX""}, {""usdt"": 8679702.0, ""borsa"": 1, ""fiyat"": 63550.0, ""kaynak"": ""BNB""}]",YOK,0.0392,-0.3833,0.6421,0.8085,true,0.2275,false,,1,0,3,0,1,3,9.5,10.6,IZLE,,25,63473.9,,,,,SEVIYE,100,221.2,23,,,,,,,,,0,,33,221.2,33,,,
29533,2026-07-28 09:23:50.381092+00,63428.05,2215483.025074602,243577.57900000003,11758290312.4254,0.000009425999999999998,48739498.458640024,0.0,47.2,BEKLE,false,0.0,0.0,1.8727,2173.148,123921952.99676014,180.891,0.0,47.2,"[{""usdt"": 14035633.0, ""borsa"": 3, ""fiyat"": 63400.0, ""kaynak"": ""BNB+BYB+OKX""}, {""usdt"": 11139220.0, ""borsa"": 1, ""fiyat"": 63350.0, ""kaynak"": ""BNB""}, {""usdt"": 9769619.0, ""borsa"": 1, ""fiyat"": 63325.0, ""kaynak"": ""BNB""}]","[{""usdt"": 81285976.0, ""borsa"": 1, ""fiyat"": 63500.0, ""kaynak"": ""BNB""}, {""usdt"": 14008297.0, ""borsa"": 3, ""fiyat"": 63450.0, ""kaynak"": ""BNB+BYB+OKX""}, {""usdt"": 7531169.0, ""borsa"": 1, ""fiyat"": 63550.0, ""kaynak"": ""BNB""}]",YOK,0.0096,-0.4354,0.6068,0.5345,false,,false,,1,0,3,0,2,3,6,7.1,IZLE,,25,63425.3,,,,,SEVIYE,75,152.1,16,,,,,,,,,0,,33,222.2,33,,,
29534,2026-07-28 09:24:50.728149+00,63436.75,70628.67208380025,-1715082.8320000002,11751746027.3891,0.000009425999999999998,52891155.84718998,0.0,66.3,BEKLE,true,0.0,0.0,1.8727,2233.498,121543213.96766017,241.241,66.3,0.0,"[{""usdt"": 14124671.0, ""borsa"": 3, ""fiyat"": 63425.0, ""kaynak"": ""BNB+BYB+OKX""}, {""usdt"": 12024684.0, ""borsa"": 1, ""fiyat"": 63350.0, ""kaynak"": ""BNB""}, {""usdt"": 11189804.0, ""borsa"": 3, ""fiyat"": 63400.0, ""kaynak"": ""BNB+BYB+OKX""}]","[{""usdt"": 80654450.0, ""borsa"": 1, ""fiyat"": 63500.0, ""kaynak"": ""BNB""}, {""usdt"": 17306320.0, ""borsa"": 3, ""fiyat"": 63450.0, ""kaynak"": ""BNB+BYB+OKX""}, {""usdt"": 8392726.0, ""borsa"": 1, ""fiyat"": 63525.0, ""kaynak"": ""BNB""}]",YOK,0.0427,-0.3936,0.0603,0.4608,false,,false,,1,0,3,0,1,3,2.5,3.5,IZLE,,25,63425.3,,,,,SEVIYE,75,153.1,16,,,,,,,,,0,,33,223.2,33,,,
29535,2026-07-28 09:25:51.113619+00,63441.95,664974.2095581013,-1257554.118,11752618545.902,0.000009425999999999998,57097535.104690015,0.0,77.6,BEKLE,true,0.0,0.0,1.8727,2293.926,122469574.78176011,301.669,77.6,0.0,"[{""usdt"": 19392737.0, ""borsa"": 3, ""fiyat"": 63425.0, ""kaynak"": ""BNB+BYB+OKX""}, {""usdt"": 13021743.0, ""borsa"": 1, ""fiyat"": 63350.0, ""kaynak"": ""BNB""}, {""usdt"": 10633599.0, ""borsa"": 3, ""fiyat"": 63400.0, ""kaynak"": ""BNB+BYB+OKX""}]","[{""usdt"": 81668172.0, ""borsa"": 1, ""fiyat"": 63500.0, ""kaynak"": ""BNB""}, {""usdt"": 15411882.0, ""borsa"": 3, ""fiyat"": 63450.0, ""kaynak"": ""BNB+BYB+OKX""}, {""usdt"": 7916362.0, ""borsa"": 1, ""fiyat"": 63525.0, ""kaynak"": ""BNB""}]",YOK,0.0427,-0.3641,0.102,0.1285,false,,false,,1,0,3,0,1,3,62.9,61.4,IZLE,,25,63425.3,,,,,SEVIYE,75,154.1,16,,,,,,,,,0,,33,224.2,33,,,
29536,2026-07-28 09:26:51.371049+00,63433.350000000006,510946.1936705014,-1248160.4259999997,11751525488.1846,0.000009425999999999998,62491191.134630024,0.0,85.4,BEKLE,true,0.0,0.0,1.8727,2354.191,123522373.16252011,361.934,85.4,0.0,"[{""usdt"": 27073832.0, ""borsa"": 3, ""fiyat"": 63425.0, ""kaynak"": ""BNB+BYB+OKX""}, {""usdt"": 13021743.0, ""borsa"": 1, ""fiyat"": 63350.0, ""kaynak"": ""BNB""}, {""usdt"": 8036661.0, ""borsa"": 3, ""fiyat"": 63400.0, ""kaynak"": ""BNB+BYB+OKX""}]","[{""usdt"": 81668172.0, ""borsa"": 1, ""fiyat"": 63500.0, ""kaynak"": ""BNB""}, {""usdt"": 15543422.0, ""borsa"": 3, ""fiyat"": 63450.0, ""kaynak"": ""BNB+BYB+OKX""}, {""usdt"": 8246357.0, ""borsa"": 2, ""fiyat"": 63475.0, ""kaynak"": ""BNB+OKX""}]",YOK,-0.0038,-0.3281,0.1683,0.2498,false,1.5742,false,1.1787,1,0,3,1,2,3,59.3,60.4,IZLE,,25,63425.3,,,,,SEVIYE,75,155.1,16,,,,,,,,,0,,33,225.2,33,,,
29537,2026-07-28 09:27:51.635552+00,63439.25,319035.3157904015,-1386320.267,11750850800.2644,0.000009425999999999998,54558069.728310004,2220.1690000000003,92.1,BEKLE,true,2220.1690000000003,0.0,1.8703,2414.465,125838762.93917003,422.208,92.1,0.0,"[{""usdt"": 13520641.0, ""borsa"": 1, ""fiyat"": 63350.0, ""kaynak"": ""BNB""}, {""usdt"": 13272298.0, ""borsa"": 3, ""fiyat"": 63400.0, ""kaynak"": ""BNB+BYB+OKX""}, {""usdt"": 10757513.0, ""borsa"": 3, ""fiyat"": 63425.0, ""kaynak"": ""BNB+BYB+OKX""}]","[{""usdt"": 83943269.0, ""borsa"": 1, ""fiyat"": 63500.0, ""kaynak"": ""BNB""}, {""usdt"": 15250170.0, ""borsa"": 3, ""fiyat"": 63450.0, ""kaynak"": ""BNB+BYB+OKX""}, {""usdt"": 8887334.0, ""borsa"": 1, ""fiyat"": 63525.0, ""kaynak"": ""BNB""}]",YOK,0.0311,-0.3951,0.2814,0.1505,false,,false,0.5748,1,0,3,0,1,3,55.7,56.8,IZLE,,25,63425.3,,,,,SEVIYE,75,156.1,16,,,,,,,1785230760,1,0,,33,226.2,33,,,
29538,2026-07-28 09:28:51.959286+00,63443.649999999994,294011.1876260012,-1495145.199,11751294988.660599,0.000009425999999999998,58129749.40042006,2220.1690000000003,75.0,BEKLE,true,2220.1690000000003,0.0,1.8703,2474.732,126185882.37174004,482.475,75.0,0.0,"[{""usdt"": 13953482.0, ""borsa"": 3, ""fiyat"": 63400.0, ""kaynak"": ""BNB+BYB+OKX""}, {""usdt"": 11890002.0, ""borsa"": 3, ""fiyat"": 63425.0, ""kaynak"": ""BNB+BYB+OKX""}, {""usdt"": 11106231.0, ""borsa"": 1, ""fiyat"": 63350.0, ""kaynak"": ""BNB""}]","[{""usdt"": 84767885.0, ""borsa"": 1, ""fiyat"": 63500.0, ""kaynak"": ""BNB""}, {""usdt"": 15259112.0, ""borsa"": 3, ""fiyat"": 63450.0, ""kaynak"": ""BNB+BYB+OKX""}, {""usdt"": 7984440.0, ""borsa"": 1, ""fiyat"": 63525.0, ""kaynak"": ""BNB""}]",YOK,0.0106,-0.3692,0.3106,0.1742,false,,false,0.5226,1,0,3,0,2,3,52.1,53.2,IZLE,,25,63425.3,,,,,SEVIYE,75,157.1,16,,,,,,,1785230760,1,1,,33,227.2,33,,,
29539,2026-07-28 09:29:52.229734+00,63462.25,642512.4388493011,-1457179.445,11754609503.523699,0.000009425999999999998,55424846.55653006,2220.1690000000003,34.2,BEKLE,false,2220.1690000000003,0.0,1.8703,2535.019,120670354.81336008,542.762,0.0,34.2,"[{""usdt"": 21228509.0, ""borsa"": 3, ""fiyat"": 63425.0, ""kaynak"": ""BNB+BYB+OKX""}, {""usdt"": 12154534.0, ""borsa"": 1, ""fiyat"": 63350.0, ""kaynak"": ""BNB""}, {""usdt"": 7243047.0, ""borsa"": 1, ""fiyat"": 63375.0, ""kaynak"": ""BNB""}]","[{""usdt"": 82608868.0, ""borsa"": 1, ""fiyat"": 63500.0, ""kaynak"": ""BNB""}, {""usdt"": 11155998.0, ""borsa"": 3, ""fiyat"": 63475.0, ""kaynak"": ""BNB+BYB+OKX""}, {""usdt"": 10341532.0, ""borsa"": 3, ""fiyat"": 63450.0, ""kaynak"": ""BNB+BYB+OKX""}]",YOK,0.1247,-0.3705,0.4748,1.462,false,,true,0.4618,1,0,3,0,1,3,48.5,49.6,IZLE,,25,63473.9,,,,,SEVIYE,100,228.2,23,,,,,,,1785230760,1,2,,33,228.2,33,,,
29540,2026-07-28 09:30:52.521685+00,63484.05,1676871.0946246006,-998351.4950000001,11755505508.3697,0.000009425999999999998,47802630.986710034,2220.1690000000003,33.2,BEKLE,true,2220.1690000000003,0.0,1.8703,2595.298,120371365.97097015,603.041,0.0,33.2,"[{""usdt"": 13007065.0, ""borsa"": 3, ""fiyat"": 63450.0, ""kaynak"": ""BNB+BYB+OKX""}, {""usdt"": 10405530.0, ""borsa"": 1, ""fiyat"": 63375.0, ""kaynak"": ""BNB""}, {""usdt"": 9287788.0, ""borsa"": 3, ""fiyat"": 63425.0, ""kaynak"": ""BNB+BYB+OKX""}]","[{""usdt"": 81339598.0, ""borsa"": 1, ""fiyat"": 63500.0, ""kaynak"": ""BNB""}, {""usdt"": 14121949.0, ""borsa"": 3, ""fiyat"": 63475.0, ""kaynak"": ""BNB+BYB+OKX""}, {""usdt"": 8350767.0, ""borsa"": 1, ""fiyat"": 63575.0, ""kaynak"": ""BNB""}]",YOK,0.0802,-0.4315,0.6142,1.7643,false,,false,0.8153,1,0,3,0,1,3,44.9,46,IZLE,,25,63473.9,,,,,SEVIYE,100,229.2,23,,,,,,,1785230760,1,3,,33,229.2,33,,,
29541,2026-07-28 09:31:53.953317+00,63512.350000000006,1980452.8858482009,-697571.559,11755267416.0396,0.000009425999999999998,47745750.83075998,0.0,32.9,BEKLE,true,0.0,0.0,1.8703,61.137,58445478.93876996,664.178,0.0,32.9,"[{""usdt"": 13903898.0, ""borsa"": 3, ""fiyat"": 63450.0, ""kaynak"": ""BNB+BYB+OKX""}, {""usdt"": 9334795.0, ""borsa"": 1, ""fiyat"": 63400.0, ""kaynak"": ""BNB""}, {""usdt"": 9024513.0, ""borsa"": 1, ""fiyat"": 63375.0, ""kaynak"": ""BNB""}]","[{""usdt"": 24512759.0, ""borsa"": 3, ""fiyat"": 63500.0, ""kaynak"": ""BNB+BYB+OKX""}, {""usdt"": 8887818.0, ""borsa"": 1, ""fiyat"": 63525.0, ""kaynak"": ""BNB""}, {""usdt"": 8823834.0, ""borsa"": 1, ""fiyat"": 63575.0, ""kaynak"": ""BNB""}]",YOK,0.0798,-0.1008,0.5211,1.9346,false,,false,0.6949,0,0,3,0,1,3,42.2,43.3,IZLE,,25,63527.9,,,,,SEVIYE,50,230.2,23,,,,,,,,,0,,33,230.2,33,,,
29542,2026-07-28 09:32:54.358053+00,63500.05,2134673.148398001,-765345.956,11755207735.686401,0.000009425999999999998,147672290.78197008,0.0,32.7,BEKLE,true,0.0,0.0,1.8703,0,63193484.62961999,121.886,0.0,32.7,"[{""usdt"": 107544209.0, ""borsa"": 3, ""fiyat"": 63500.0, ""kaynak"": ""BNB+BYB+OKX""}, {""usdt"": 15448065.0, ""borsa"": 3, ""fiyat"": 63475.0, ""kaynak"": ""BNB+BYB+OKX""}, {""usdt"": 8771108.0, ""borsa"": 1, ""fiyat"": 63400.0, ""kaynak"": ""BNB""}]","[{""usdt"": 18364459.0, ""borsa"": 3, ""fiyat"": 63500.0, ""kaynak"": ""BNB+BYB+OKX""}, {""usdt"": 12078811.0, ""borsa"": 3, ""fiyat"": 63525.0, ""kaynak"": ""BNB+BYB+OKX""}, {""usdt"": 10974838.0, ""borsa"": 1, ""fiyat"": 63600.0, ""kaynak"": ""BNB""}]",PERP,0.0726,0.4006,0.5657,1.2003,false,,false,0.9296,1,0,3,1,2,3,39.1,40.2,IZLE,,25,63527.9,,,,,SEVIYE,50,231.2,24,,,,,,,,,0,,32,231.2,32,,,
29543,2026-07-28 09:33:54.784937+00,63500.05,2059931.0918651014,-707290.49,11754655813.6871,0.000009425999999999998,134662838.40337005,0.0,49.1,BEKLE,true,0.0,0.0,1.8703,60.218,133691841.62467015,182.104,0.0,49.1,"[{""usdt"": 90170590.0, ""borsa"": 2, ""fiyat"": 63500.0, ""kaynak"": ""BNB+OKX""}, {""usdt"": 16090556.0, ""borsa"": 3, ""fiyat"": 63475.0, ""kaynak"": ""BNB+BYB+OKX""}, {""usdt"": 8914923.0, ""borsa"": 1, ""fiyat"": 63400.0, ""kaynak"": ""BNB""}]","[{""usdt"": 95916200.0, ""borsa"": 3, ""fiyat"": 63500.0, ""kaynak"": ""BNB+BYB+OKX""}, {""usdt"": 11807605.0, ""borsa"": 1, ""fiyat"": 63600.0, ""kaynak"": ""BNB""}, {""usdt"": 10558200.0, ""borsa"": 2, ""fiyat"": 63525.0, ""kaynak"": ""BNB+OKX""}]",YOK,0.0951,0.0036,0.4996,1.011,false,,false,0.9275,1,0,3,0,1,3,35.5,36.6,IZLE,,25,63527.9,,,,,SEVIYE,50,232.2,24,,,,,,,,,0,,32,232.2,32,,,
29544,2026-07-28 09:34:55.044993+00,63500.05,2228057.0925913984,-707090.651,11754583018.3809,0.000009425999999999998,84828948.37602001,0.0,56.7,BEKLE,true,0.0,0.0,1.8703,120.688,135504149.45749024,242.574,0.0,56.7,"[{""usdt"": 42778484.0, ""borsa"": 2, ""fiyat"": 63500.0, ""kaynak"": ""BNB+OKX""}, {""usdt"": 14199058.0, ""borsa"": 3, ""fiyat"": 63475.0, ""kaynak"": ""BNB+BYB+OKX""}, {""usdt"": 8907804.0, ""borsa"": 1, ""fiyat"": 63425.0, ""kaynak"": ""BNB""}]","[{""usdt"": 96512821.0, ""borsa"": 3, ""fiyat"": 63500.0, ""kaynak"": ""BNB+BYB+OKX""}, {""usdt"": 11487794.0, ""borsa"": 1, ""fiyat"": 63600.0, ""kaynak"": ""BNB""}, {""usdt"": 10876833.0, ""borsa"": 2, ""fiyat"": 63525.0, ""kaynak"": ""BNB+OKX""}]",YOK,0.1249,-0.23,0.485,0.7323,false,,true,0.3546,1,0,3,0,2,3,32.1,33.2,IZLE,,25,63527.9,,,,,SEVIYE,50,233.2,24,,,,,,,,,0,,32,233.2,32,,,
29545,2026-07-28 09:35:55.39808+00,63500.05,2006816.596758398,255854.196,11754616802.2486,0.000009425999999999998,82257187.8909,0.0,74.8,BEKLE,,0.0,0.0,1.8736,180.982,140065989.79290012,302.868,0.0,74.8,"[{""usdt"": 38924064.0, ""borsa"": 2, ""fiyat"": 63500.0, ""kaynak"": ""BNB+OKX""}, {""usdt"": 14010704.0, ""borsa"": 3, ""fiyat"": 63475.0, ""kaynak"": ""BNB+BYB+OKX""}, {""usdt"": 9136969.0, ""borsa"": 3, ""fiyat"": 63450.0, ""kaynak"": ""BNB+BYB+OKX""}]","[{""usdt"": 98203013.0, ""borsa"": 3, ""fiyat"": 63500.0, ""kaynak"": ""BNB+BYB+OKX""}, {""usdt"": 12326077.0, ""borsa"": 1, ""fiyat"": 63600.0, ""kaynak"": ""BNB""}, {""usdt"": 9052652.0, ""borsa"": 2, ""fiyat"": 63525.0, ""kaynak"": ""BNB+OKX""}]",YOK,0.0624,-0.26,0.1049,0.3221,false,,false,1.2279,1,0,3,0,2,3,28.5,29.6,IZLE,,25,63527.9,,,,,SEVIYE,50,234.3,24,,,,,,,,,0,,32,234.3,32,,,
29546,2026-07-28 09:36:55.689269+00,63500.05,2175298.638070798,256050.056,11752918376.1975,0.000009425999999999998,80830088.25978003,2667.0,57.3,BEKLE,false,0.0,2667.0,1.8736,241.332,77910405.63497995,363.218,0.0,57.3,"[{""usdt"": 37178760.0, ""borsa"": 2, ""fiyat"": 63500.0, ""kaynak"": ""BNB+OKX""}, {""usdt"": 15954957.0, ""borsa"": 3, ""fiyat"": 63475.0, ""kaynak"": ""BNB+BYB+OKX""}, {""usdt"": 8767989.0, ""borsa"": 1, ""fiyat"": 63400.0, ""kaynak"": ""BNB""}]","[{""usdt"": 21482586.0, ""borsa"": 3, ""fiyat"": 63500.0, ""kaynak"": ""BNB+BYB+OKX""}, {""usdt"": 14238251.0, ""borsa"": 1, ""fiyat"": 63575.0, ""kaynak"": ""BNB""}, {""usdt"": 13945287.0, ""borsa"": 1, ""fiyat"": 63600.0, ""kaynak"": ""BNB""}]",YOK,0.1047,0.0184,0.0834,0.3333,false,,false,0.2431,1,0,3,0,1,3,25,26.1,IZLE,,25,63527.9,,,,,SEVIYE,50,235.3,24,,,,,,,1785231360,1,0,,32,235.3,32,,,
29547,2026-07-28 09:37:56.0144+00,63471.149999999994,1845067.8844927978,227395.113,11752816297.128,0.000009425999999999998,79782229.6590801,2667.0,88.7,BEKLE,,0.0,2667.0,1.8736,301.605,145991586.43428996,423.491,0.0,88.7,"[{""usdt"": 33712492.0, ""borsa"": 2, ""fiyat"": 63500.0, ""kaynak"": ""BNB+OKX""}, {""usdt"": 15058903.0, ""borsa"": 3, ""fiyat"": 63475.0, ""kaynak"": ""BNB+BYB+OKX""}, {""usdt"": 9385100.0, ""borsa"": 1, ""fiyat"": 63400.0, ""kaynak"": ""BNB""}]","[{""usdt"": 93362730.0, ""borsa"": 3, ""fiyat"": 63500.0, ""kaynak"": ""BNB+BYB+OKX""}, {""usdt"": 14907218.0, ""borsa"": 1, ""fiyat"": 63600.0, ""kaynak"": ""BNB""}, {""usdt"": 11268136.0, ""borsa"": 1, ""fiyat"": 63575.0, ""kaynak"": ""BNB""}]",YOK,0.0732,-0.2933,0.115,0.7265,false,,false,0,0,0,3,0,2,3,21.5,22.5,IZLE,,25,63466.5,,,,,SEVIYE,90,236.3,24,,,,,,,1785231360,1,1,,32,236.3,32,,,
29548,2026-07-28 09:38:56.301334+00,63498.05,1466731.4338205983,-50832.629999999976,11751503226.728199,0.000009425999999999998,66613868.664610036,2667.0,59.0,BEKLE,true,0.0,2667.0,1.8736,361.939,88159145.11511,483.825,0.0,59.0,"[{""usdt"": 23440301.0, ""borsa"": 3, ""fiyat"": 63475.0, ""kaynak"": ""BNB+BYB+OKX""}, {""usdt"": 13996114.0, ""borsa"": 3, ""fiyat"": 63450.0, ""kaynak"": ""BNB+BYB+OKX""}, {""usdt"": 9542302.0, ""borsa"": 1, ""fiyat"": 63400.0, ""kaynak"": ""BNB""}]","[{""usdt"": 24003517.0, ""borsa"": 3, ""fiyat"": 63500.0, ""kaynak"": ""BNB+BYB+OKX""}, {""usdt"": 16226595.0, ""borsa"": 1, ""fiyat"": 63600.0, ""kaynak"": ""BNB""}, {""usdt"": 15687890.0, ""borsa"": 2, ""fiyat"": 63525.0, ""kaynak"": ""BNB+OKX""}]",SPOT,0.1598,-0.1392,0.287,0.0613,false,,false,1.3845,2,0,3,0,1,3,17.9,19,IZLE,,25,63527.9,,,,,SEVIYE,50,237.3,24,,,,,,,1785231360,1,2,,32,237.3,32,,,
29549,2026-07-28 09:39:56.617878+00,63539.55,1907260.1652821987,115592.50699999997,11754963983.2204,0.000009425999999999998,122637284.88216017,3365.7585,57.9,BEKLE,true,0.0,3365.7585,1.8736,422.197,79197519.10949002,544.083,0.0,57.9,"[{""usdt"": 74270785.0, ""borsa"": 3, ""fiyat"": 63500.0, ""kaynak"": ""BNB+BYB+OKX""}, {""usdt"": 18328723.0, ""borsa"": 3, ""fiyat"": 63475.0, ""kaynak"": ""BNB+BYB+OKX""}, {""usdt"": 10538424.0, ""borsa"": 1, ""fiyat"": 63450.0, ""kaynak"": ""BNB""}]","[{""usdt"": 20571223.0, ""borsa"": 1, ""fiyat"": 63600.0, ""kaynak"": ""BNB""}, {""usdt"": 15140824.0, ""borsa"": 1, ""fiyat"": 63550.0, ""kaynak"": ""BNB""}, {""usdt"": 14032073.0, ""borsa"": 1, ""fiyat"": 63575.0, ""kaynak"": ""BNB""}]",HER_IKISI,0.1962,0.2152,0.148,1.1536,true,0,false,1.4377,3,0,3,2,0,3,14.4,15.4,IZLE,,25,63527.9,,,,,SEVIYE,50,238.3,24,,,,,,,1785231540,1,0,,32,238.3,32,,,
29550,2026-07-28 09:40:56.946117+00,63531.350000000006,1086071.2783856965,26452.638999999966,11757494299.3344,0.000009425999999999998,119442107.24541003,80437.87659999999,42.9,BEKLE,false,0.0,80437.87659999999,1.8736,120.581,64162018.881930016,604.406,42.9,0.0,"[{""usdt"": 72214373.0, ""borsa"": 3, ""fiyat"": 63500.0, ""kaynak"": ""BNB+BYB+OKX""}, {""usdt"": 15890162.0, ""borsa"": 3, ""fiyat"": 63525.0, ""kaynak"": ""BNB+BYB+OKX""}, {""usdt"": 10382584.0, ""borsa"": 1, ""fiyat"": 63475.0, ""kaynak"": ""BNB""}]","[{""usdt"": 15064014.0, ""borsa"": 1, ""fiyat"": 63600.0, ""kaynak"": ""BNB""}, {""usdt"": 14056642.0, ""borsa"": 1, ""fiyat"": 63575.0, ""kaynak"": ""BNB""}, {""usdt"": 13527317.0, ""borsa"": 3, ""fiyat"": 63550.0, ""kaynak"": ""BNB+BYB+OKX""}]",HER_IKISI,0.1539,0.3011,0.6413,1.38,true,0,false,1.1159,1,0,3,1,0,3,10.8,11.9,IZLE,,25,63527.9,,,,,SEVIYE,50,239.3,24,,,,,,,1785231600,1,0,,32,239.3,32,,,
29551,2026-07-28 09:41:57.314288+00,63500.95,395901.2417572968,-456450.476,11754910822.4638,0.000009425999999999998,110990557.32955997,77762.9076,73.5,BEKLE,false,0.0,77762.9076,1.8777,120.669,72277455.40553004,664.752,73.5,0.0,"[{""usdt"": 49605599.0, ""borsa"": 3, ""fiyat"": 63500.0, ""kaynak"": ""BNB+BYB+OKX""}, {""usdt"": 27251661.0, ""borsa"": 3, ""fiyat"": 63475.0, ""kaynak"": ""BNB+BYB+OKX""}, {""usdt"": 10909644.0, ""borsa"": 1, ""fiyat"": 63450.0, ""kaynak"": ""BNB""}]","[{""usdt"": 16959932.0, ""borsa"": 3, ""fiyat"": 63525.0, ""kaynak"": ""BNB+BYB+OKX""}, {""usdt"": 15443342.0, ""borsa"": 1, ""fiyat"": 63600.0, ""kaynak"": ""BNB""}, {""usdt"": 12835354.0, ""borsa"": 1, ""fiyat"": 63575.0, ""kaynak"": ""BNB""}]",PERP,0.1329,0.2112,0.5267,0.0169,true,0,false,1.5492,0,0,3,2,1,3,7.3,8.4,IZLE,,25,63527.9,,,,,SEVIYE,50,240.3,24,,,,,,,1785231600,1,0,,32,240.3,32,,,
29552,2026-07-28 09:42:57.60009+00,63500.149999999994,278777.71920989593,-500798.367,11754939196.469799,0.000009425999999999998,118118536.16031,77762.9076,86.3,BEKLE,,0.0,77762.9076,1.8777,181.03,70227526.67292994,725.113,86.3,0.0,"[{""usdt"": 61134007.0, ""borsa"": 3, ""fiyat"": 63500.0, ""kaynak"": ""BNB+BYB+OKX""}, {""usdt"": 22433377.0, ""borsa"": 3, ""fiyat"": 63475.0, ""kaynak"": ""BNB+BYB+OKX""}, {""usdt"": 10133215.0, ""borsa"": 1, ""fiyat"": 63450.0, ""kaynak"": ""BNB""}]","[{""usdt"": 15911149.0, ""borsa"": 3, ""fiyat"": 63525.0, ""kaynak"": ""BNB+BYB+OKX""}, {""usdt"": 14117031.0, ""borsa"": 1, ""fiyat"": 63600.0, ""kaynak"": ""BNB""}, {""usdt"": 12987914.0, ""borsa"": 1, ""fiyat"": 63575.0, ""kaynak"": ""BNB""}]",PERP,0.1179,0.2543,0.4918,0.5614,true,0.0052,false,,0,0,3,2,1,3,3.8,4.9,IZLE,,25,63486.6,,,,,SEVIYE,50,241.3,25,,,,,,,1785231600,1,1,,34,241.3,34,,,
29553,2026-07-28 09:43:57.899589+00,63500.05,296766.43672389543,-510414.289,11756107160.203,0.000009425999999999998,72005853.19080994,77762.9076,55.5,BEKLE,false,0.0,77762.9076,1.8777,241.304,71146398.26752996,785.387,55.5,0.0,"[{""usdt"": 22160299.0, ""borsa"": 3, ""fiyat"": 63475.0, ""kaynak"": ""BNB+BYB+OKX""}, {""usdt"": 14293703.0, ""borsa"": 3, ""fiyat"": 63500.0, ""kaynak"": ""BNB+BYB+OKX""}, {""usdt"": 11242176.0, ""borsa"": 1, ""fiyat"": 63450.0, ""kaynak"": ""BNB""}]","[{""usdt"": 16229885.0, ""borsa"": 1, ""fiyat"": 63600.0, ""kaynak"": ""BNB""}, {""usdt"": 15142519.0, ""borsa"": 3, ""fiyat"": 63525.0, ""kaynak"": ""BNB+BYB+OKX""}, {""usdt"": 13466843.0, ""borsa"": 1, ""fiyat"": 63575.0, ""kaynak"": ""BNB""}]",YOK,0.1188,0.006,0.5338,0.0562,true,0.1325,false,,0,0,3,1,1,3,63.6,62.6,IZLE,,25,63486.6,,,,,SEVIYE,50,242.3,25,,,,,,,1785231600,1,2,,34,242.3,34,,,
29554,2026-07-28 09:44:58.470437+00,63487.75,-58847.67628770415,-527709.2810000001,11754968025.2113,0.000009425999999999998,72582850.94290994,38940.212,59.7,BEKLE,false,0.0,38940.212,1.8777,301.632,72451247.71448997,845.715,59.7,0.0,"[{""usdt"": 23523543.0, ""borsa"": 3, ""fiyat"": 63475.0, ""kaynak"": ""BNB+BYB+OKX""}, {""usdt"": 13507330.0, ""borsa"": 3, ""fiyat"": 63500.0, ""kaynak"": ""BNB+BYB+OKX""}, {""usdt"": 11242303.0, ""borsa"": 2, ""fiyat"": 63450.0, ""kaynak"": ""BNB+BYB""}]","[{""usdt"": 16229885.0, ""borsa"": 1, ""fiyat"": 63600.0, ""kaynak"": ""BNB""}, {""usdt"": 15152253.0, ""borsa"": 3, ""fiyat"": 63525.0, ""kaynak"": ""BNB+BYB+OKX""}, {""usdt"": 13466843.0, ""borsa"": 1, ""fiyat"": 63575.0, ""kaynak"": ""BNB""}]",YOK,0.0924,0.0009,0.5789,0.9394,false,0.6356,false,,0,0,3,1,1,3,60.6,61.7,IZLE,,25,63486.6,,,,,SEVIYE,50,243.3,25,,,,,,,1785231600,1,0,,34,243.3,34,,,
29555,2026-07-28 09:45:58.831775+00,63481.850000000006,-368308.2153034006,-662109.909,11750339094.580301,0.000009425999999999998,62108482.58932998,0.0,56.5,BEKLE,false,0.0,0.0,1.8777,241.543,73193202.64218,906.295,56.5,0.0,"[{""usdt"": 17810020.0, ""borsa"": 3, ""fiyat"": 63475.0, ""kaynak"": ""BNB+BYB+OKX""}, {""usdt"": 16115591.0, ""borsa"": 3, ""fiyat"": 63450.0, ""kaynak"": ""BNB+BYB+OKX""}, {""usdt"": 10058256.0, ""borsa"": 1, ""fiyat"": 63400.0, ""kaynak"": ""BNB""}]","[{""usdt"": 18763269.0, ""borsa"": 3, ""fiyat"": 63500.0, ""kaynak"": ""BNB+BYB+OKX""}, {""usdt"": 17083565.0, ""borsa"": 1, ""fiyat"": 63600.0, ""kaynak"": ""BNB""}, {""usdt"": 12805176.0, ""borsa"": 1, ""fiyat"": 63525.0, ""kaynak"": ""BNB""}]",YOK,0.1043,-0.0819,0.4872,1.0214,false,0.5824,false,,0,0,3,0,0,3,56.9,58.1,IZLE,,25,63486.6,,,,,SEVIYE,50,244.3,25,PCT,1.09,23.38528719600214,0.4742468124068561,false,0.058,,,0,,34,244.3,34,,,
29556,2026-07-28 09:47:00.443771+00,63495.05,-246372.70491130048,-657993.789,11752424740.669,0.000009425999999999998,58078849.39446001,0.0,32.3,BEKLE,false,0.0,0.0,1.8777,61.65,65034553.832289994,967.945,32.3,0.0,"[{""usdt"": 15717335.0, ""borsa"": 3, ""fiyat"": 63450.0, ""kaynak"": ""BNB+BYB+OKX""}, {""usdt"": 15585192.0, ""borsa"": 3, ""fiyat"": 63475.0, ""kaynak"": ""BNB+BYB+OKX""}, {""usdt"": 9896272.0, ""borsa"": 1, ""fiyat"": 63375.0, ""kaynak"": ""BNB""}]","[{""usdt"": 19820695.0, ""borsa"": 3, ""fiyat"": 63500.0, ""kaynak"": ""BNB+BYB+OKX""}, {""usdt"": 11932819.0, ""borsa"": 2, ""fiyat"": 63525.0, ""kaynak"": ""BNB+OKX""}, {""usdt"": 11694247.0, ""borsa"": 1, ""fiyat"": 63550.0, ""kaynak"": ""BNB""}]",YOK,0.0966,-0.0565,0.5891,0.3335,false,1.1707,false,,1,0,3,0,0,3,54.6,55.7,IZLE,,25,63486.6,,,,,SEVIYE,50,245.3,25,,,,,,,,,0,,34,245.3,34,,,
29557,2026-07-28 09:48:00.734351+00,63491.05,-346068.1337559006,-619772.588,11751860706.0966,0.000009425999999999998,56971241.409380004,0.0,24.1,BEKLE,false,0.0,0.0,1.8777,121.921,69886454.08008,1028.216,24.1,0.0,"[{""usdt"": 18262578.0, ""borsa"": 3, ""fiyat"": 63475.0, ""kaynak"": ""BNB+BYB+OKX""}, {""usdt"": 11843418.0, ""borsa"": 2, ""fiyat"": 63450.0, ""kaynak"": ""BNB+BYB""}, {""usdt"": 10022574.0, ""borsa"": 1, ""fiyat"": 63400.0, ""kaynak"": ""BNB""}]","[{""usdt"": 15059246.0, ""borsa"": 3, ""fiyat"": 63500.0, ""kaynak"": ""BNB+BYB+OKX""}, {""usdt"": 14474332.0, ""borsa"": 3, ""fiyat"": 63525.0, ""kaynak"": ""BNB+BYB+OKX""}, {""usdt"": 13748912.0, ""borsa"": 1, ""fiyat"": 63600.0, ""kaynak"": ""BNB""}]",YOK,0.0932,-0.1018,0.7026,0.6306,false,1.4264,false,,1,0,3,0,0,3,51.1,52.2,IZLE,,25,63486.6,,,,,SEVIYE,50,246.3,25,,,,,,,,,0,,34,246.3,34,,,
29558,2026-07-28 09:49:01.075266+00,63486.649999999994,-432280.8276222009,-754604.178,11751592548.9476,0.000009425999999999998,53304350.59152999,0.0,31.3,BEKLE,false,0.0,0.0,1.8827,182.305,67262742.94071,1088.6,31.3,0.0,"[{""usdt"": 13467861.0, ""borsa"": 3, ""fiyat"": 63450.0, ""kaynak"": ""BNB+BYB+OKX""}, {""usdt"": 12606856.0, ""borsa"": 3, ""fiyat"": 63475.0, ""kaynak"": ""BNB+BYB+OKX""}, {""usdt"": 10169145.0, ""borsa"": 1, ""fiyat"": 63400.0, ""kaynak"": ""BNB""}]","[{""usdt"": 17656802.0, ""borsa"": 3, ""fiyat"": 63500.0, ""kaynak"": ""BNB+BYB+OKX""}, {""usdt"": 13186404.0, ""borsa"": 1, ""fiyat"": 63600.0, ""kaynak"": ""BNB""}, {""usdt"": 11686458.0, ""borsa"": 1, ""fiyat"": 63575.0, ""kaynak"": ""BNB""}]",YOK,0.0663,-0.1158,0.5732,0.6493,false,1.0194,false,,0,0,3,0,1,3,47.6,48.7,IZLE,,25,63486.6,,,,,SEVIYE,50,247.4,25,,,,,,,,,0,,34,247.4,34,,,
29559,2026-07-28 09:50:01.447269+00,63490.55,272654.29978279886,-753166.3759999999,11752073324.572899,0.000009425999999999998,53994945.50571999,0.0,23.9,BEKLE,false,0.0,0.0,1.8827,242.571,63997799.61897001,1148.866,23.9,0.0,"[{""usdt"": 14133220.0, ""borsa"": 3, ""fiyat"": 63475.0, ""kaynak"": ""BNB+BYB+OKX""}, {""usdt"": 13328769.0, ""borsa"": 3, ""fiyat"": 63450.0, ""kaynak"": ""BNB+BYB+OKX""}, {""usdt"": 9589054.0, ""borsa"": 1, ""fiyat"": 63375.0, ""kaynak"": ""BNB""}]","[{""usdt"": 19218122.0, ""borsa"": 3, ""fiyat"": 63500.0, ""kaynak"": ""BNB+BYB+OKX""}, {""usdt"": 13679865.0, ""borsa"": 1, ""fiyat"": 63575.0, ""kaynak"": ""BNB""}, {""usdt"": 10635089.0, ""borsa"": 1, ""fiyat"": 63550.0, ""kaynak"": ""BNB""}]",YOK,0.1015,-0.0848,0.3981,0.2073,false,2.733,false,0,0,0,3,0,1,3,44,45.1,IZLE,,25,63486.6,,,,,SEVIYE,50,248.4,25,,,,,,,,,0,,34,248.4,34,,,
29560,2026-07-28 09:51:01.721483+00,63522.55,272654.29978279886,-753166.3759999999,11752073324.572899,0.000009425999999999998,61482009.75223,0.0,20.8,BEKLE,false,0.0,0.0,1.8827,241.301,61012983.63198997,1209.246,20.8,0.0,"[{""usdt"": 22942850.0, ""borsa"": 3, ""fiyat"": 63500.0, ""kaynak"": ""BNB+BYB+OKX""}, {""usdt"": 14229541.0, ""borsa"": 3, ""fiyat"": 63475.0, ""kaynak"": ""BNB+BYB+OKX""}, {""usdt"": 7935083.0, ""borsa"": 1, ""fiyat"": 63425.0, ""kaynak"": ""BNB""}]","[{""usdt"": 16001257.0, ""borsa"": 3, ""fiyat"": 63525.0, ""kaynak"": ""BNB+BYB+OKX""}, {""usdt"": 13500039.0, ""borsa"": 1, ""fiyat"": 63575.0, ""kaynak"": ""BNB""}, {""usdt"": 11940724.0, ""borsa"": 1, ""fiyat"": 63600.0, ""kaynak"": ""BNB""}]",YOK,0.1461,0.0038,0.76,2.9748,false,3.4301,false,0,1,0,3,1,0,3,40.6,41.6,IZLE,,25,63527.9,,,,,SEVIYE,50,249.4,25,,,,,,,,,0,,34,249.4,34,,,
29561,2026-07-28 09:52:01.976502+00,63500.95,669687.2858924995,-478148.51,11757602745.8587,0.000009425999999999998,119884675.44558014,0.0,22.0,BEKLE,true,0.0,0.0,1.8827,60.219,62526527.92129001,1269.465,0.0,22.0,"[{""usdt"": 71789451.0, ""borsa"": 3, ""fiyat"": 63500.0, ""kaynak"": ""BNB+BYB+OKX""}, {""usdt"": 19117854.0, ""borsa"": 3, ""fiyat"": 63475.0, ""kaynak"": ""BNB+BYB+OKX""}, {""usdt"": 10514482.0, ""borsa"": 1, ""fiyat"": 63400.0, ""kaynak"": ""BNB""}]","[{""usdt"": 15197655.0, ""borsa"": 3, ""fiyat"": 63525.0, ""kaynak"": ""BNB+BYB+OKX""}, {""usdt"": 14046515.0, ""borsa"": 1, ""fiyat"": 63600.0, ""kaynak"": ""BNB""}, {""usdt"": 10801142.0, ""borsa"": 1, ""fiyat"": 63575.0, ""kaynak"": ""BNB""}]",PERP,0.0847,0.3144,0.6936,0.2804,false,2.4492,false,0,0,0,3,1,0,3,36.9,38,IZLE,,25,63492.4,,,,,SEVIYE,100,250.4,26,,,,,,,,,0,,34,250.4,34,,,
29562,2026-07-28 09:53:02.44719+00,63473.649999999994,486448.89988519956,-679618.3689999998,11755380358.745201,0.000009425999999999998,61510179.38999998,0.0,14.0,BEKLE,,0.0,0.0,1.8827,120.668,62079823.966070026,1329.914,14.0,0.0,"[{""usdt"": 20387084.0, ""borsa"": 3, ""fiyat"": 63450.0, ""kaynak"": ""BNB+BYB+OKX""}, {""usdt"": 14697959.0, ""borsa"": 3, ""fiyat"": 63475.0, ""kaynak"": ""BNB+BYB+OKX""}, {""usdt"": 12744879.0, ""borsa"": 1, ""fiyat"": 63400.0, ""kaynak"": ""BNB""}]","[{""usdt"": 16115738.0, ""borsa"": 3, ""fiyat"": 63500.0, ""kaynak"": ""BNB+BYB+OKX""}, {""usdt"": 11283564.0, ""borsa"": 1, ""fiyat"": 63575.0, ""kaynak"": ""BNB""}, {""usdt"": 10041797.0, ""borsa"": 1, ""fiyat"": 63525.0, ""kaynak"": ""BNB""}]",YOK,0.0477,-0.0046,0.8607,1.1292,false,,true,0,0,0,3,0,0,3,33.5,34.6,IZLE,,25,63492.4,,,,,SEVIYE,100,251.4,26,,,,,,,,,0,,34,251.4,34,,,
29563,2026-07-28 09:54:02.87635+00,63426.05,127435.47114669897,-835759.5649999998,11752020696.8256,0.000009425999999999998,56764872.27376991,7616.843999999999,14.1,BEKLE,,7616.843999999999,0.0,1.8827,60.446,63778843.88925004,60.446,14.1,0.0,"[{""usdt"": 17279937.0, ""borsa"": 3, ""fiyat"": 63400.0, ""kaynak"": ""BNB+BYB+OKX""}, {""usdt"": 12920228.0, ""borsa"": 1, ""fiyat"": 63350.0, ""kaynak"": ""BNB""}, {""usdt"": 11470124.0, ""borsa"": 1, ""fiyat"": 63325.0, ""kaynak"": ""BNB""}]","[{""usdt"": 15386132.0, ""borsa"": 3, ""fiyat"": 63450.0, ""kaynak"": ""BNB+BYB+OKX""}, {""usdt"": 12778979.0, ""borsa"": 1, ""fiyat"": 63525.0, ""kaynak"": ""BNB""}, {""usdt"": 10571643.0, ""borsa"": 1, ""fiyat"": 63550.0, ""kaynak"": ""BNB""}]",SPOT,0.2898,-0.0582,0.754,5.1244,false,,true,0,1,0,3,0,1,3,30.1,31.2,IZLE,,25,63452.2,,,,,SEVIYE,70,252.4,26,,,,,,,1785232320,1,0,,34,252.4,34,,,
29564,2026-07-28 09:55:03.24897+00,63380.350000000006,-505352.26536500186,-1497799.7480000001,11744664078.7064,0.000009425999999999998,55768664.00792995,7616.843999999999,31.6,BEKLE,,7616.843999999999,0.0,1.8827,60.372,63799290.73567004,60.372,31.6,0.0,"[{""usdt"": 15040833.0, ""borsa"": 3, ""fiyat"": 63375.0, ""kaynak"": ""BNB+BYB+OKX""}, {""usdt"": 11812663.0, ""borsa"": 1, ""fiyat"": 63325.0, ""kaynak"": ""BNB""}, {""usdt"": 10520007.0, ""borsa"": 1, ""fiyat"": 63350.0, ""kaynak"": ""BNB""}]","[{""usdt"": 14419629.0, ""borsa"": 3, ""fiyat"": 63425.0, ""kaynak"": ""BNB+BYB+OKX""}, {""usdt"": 10766152.0, ""borsa"": 1, ""fiyat"": 63500.0, ""kaynak"": ""BNB""}, {""usdt"": 10368052.0, ""borsa"": 1, ""fiyat"": 63475.0, ""kaynak"": ""BNB""}]",SPOT,0.2436,-0.0672,0.3171,2.819,false,1.0251,true,0,1,0,3,0,1,3,26.6,27.7,IZLE,,25,63395.9,,,,,SEVIYE,90,183.3,19,,,,,,,1785232320,1,1,,34,253.4,34,,,
29565,2026-07-28 09:56:03.68091+00,63373.05,-260442.02144810325,-2881.3409999999994,11738097502.4151,0.000009425999999999998,59312527.65834999,8250.661999999998,47.2,BEKLE,,8250.661999999998,0.0,1.8827,120.718,66167454.72723001,60.346,0.0,47.2,"[{""usdt"": 19301511.0, ""borsa"": 3, ""fiyat"": 63350.0, ""kaynak"": ""BNB+BYB+OKX""}, {""usdt"": 11689288.0, ""borsa"": 1, ""fiyat"": 63275.0, ""kaynak"": ""BNB""}, {""usdt"": 11238649.0, ""borsa"": 2, ""fiyat"": 63325.0, ""kaynak"": ""BNB+BYB""}]","[{""usdt"": 15134744.0, ""borsa"": 3, ""fiyat"": 63400.0, ""kaynak"": ""BNB+BYB+OKX""}, {""usdt"": 13607359.0, ""borsa"": 3, ""fiyat"": 63375.0, ""kaynak"": ""BNB+BYB+OKX""}, {""usdt"": 10366953.0, ""borsa"": 1, ""fiyat"": 63475.0, ""kaynak"": ""BNB""}]",SPOT,0.2075,-0.0546,0.24,4.2219,true,0.2968,false,0.5837,1,0,3,0,1,3,23.1,24.2,IZLE,,25,63395.9,,,,,SEVIYE,90,184.3,19,,,,,,,1785232440,1,0,,34,254.4,34,,,
29566,2026-07-28 09:57:03.969363+00,63357.149999999994,-351637.8407793032,-162.53999999999974,11736095282.138601,0.000009425999999999998,66686749.39651999,8821.008999999998,38.8,BEKLE,true,8821.008999999998,0.0,1.881,181.121,63712035.161329955,60.403,0.0,38.8,"[{""usdt"": 18363169.0, ""borsa"": 3, ""fiyat"": 63325.0, ""kaynak"": ""BNB+BYB+OKX""}, {""usdt"": 14944718.0, ""borsa"": 3, ""fiyat"": 63350.0, ""kaynak"": ""BNB+BYB+OKX""}, {""usdt"": 12151102.0, ""borsa"": 1, ""fiyat"": 63250.0, ""kaynak"": ""BNB""}]","[{""usdt"": 16794437.0, ""borsa"": 3, ""fiyat"": 63375.0, ""kaynak"": ""BNB+BYB+OKX""}, {""usdt"": 11010054.0, ""borsa"": 1, ""fiyat"": 63400.0, ""kaynak"": ""BNB""}, {""usdt"": 9536069.0, ""borsa"": 1, ""fiyat"": 63450.0, ""kaynak"": ""BNB""}]",YOK,0.1229,0.0228,0.487,4.3036,false,0.2698,false,0.6464,1,0,3,0,1,3,19.7,20.8,IZLE,,25,63329.1,,,,,SEVIYE,55,255.4,26,,,,,,,1785232560,1,0,,34,255.4,34,,,
29567,2026-07-28 09:58:04.327161+00,63347.05,-887627.6644020046,-52766.810999999994,11732823245.6513,0.000009425999999999998,61238576.31759002,40802.298899999994,50.6,BEKLE,true,40802.298899999994,0.0,1.881,241.445,65106038.030269966,120.727,0.0,50.6,"[{""usdt"": 21146243.0, ""borsa"": 3, ""fiyat"": 63325.0, ""kaynak"": ""BNB+BYB+OKX""}, {""usdt"": 13914312.0, ""borsa"": 1, ""fiyat"": 63250.0, ""kaynak"": ""BNB""}, {""usdt"": 10794376.0, ""borsa"": 1, ""fiyat"": 63275.0, ""kaynak"": ""BNB""}]","[{""usdt"": 15047684.0, ""borsa"": 3, ""fiyat"": 63350.0, ""kaynak"": ""BNB+BYB+OKX""}, {""usdt"": 12141381.0, ""borsa"": 1, ""fiyat"": 63450.0, ""kaynak"": ""BNB""}, {""usdt"": 10972136.0, ""borsa"": 1, ""fiyat"": 63425.0, ""kaynak"": ""BNB""}]",YOK,-0.0845,-0.0306,0.4934,2.8543,false,0.4481,false,0.8427,0,1,3,0,1,3,16.2,17.3,IZLE,,50,63329.1,,,,,SEVIYE+TASFIYE,55,256.4,26,,,,,,,1785232560,1,0,,34,256.4,34,,,
29568,2026-07-28 09:59:06.018361+00,63367.850000000006,-1105972.3868045053,-328.5839999999994,11725593349.866001,0.000009425999999999998,55106526.73263998,88185.4309,60.2,BEKLE,true,88185.4309,0.0,1.881,242.74,65305584.33747001,182.394,0.0,60.2,"[{""usdt"": 15795435.0, ""borsa"": 3, ""fiyat"": 63350.0, ""kaynak"": ""BNB+BYB+OKX""}, {""usdt"": 14237866.0, ""borsa"": 3, ""fiyat"": 63325.0, ""kaynak"": ""BNB+BYB+OKX""}, {""usdt"": 11958180.0, ""borsa"": 1, ""fiyat"": 63275.0, ""kaynak"": ""BNB""}]","[{""usdt"": 15689237.0, ""borsa"": 3, ""fiyat"": 63375.0, ""kaynak"": ""BNB+BYB+OKX""}, {""usdt"": 11729276.0, ""borsa"": 1, ""fiyat"": 63400.0, ""kaynak"": ""BNB""}, {""usdt"": 10550271.0, ""borsa"": 1, ""fiyat"": 63475.0, ""kaynak"": ""BNB""}]",YOK,-0.0278,-0.0847,0.3961,1.1745,true,0.3708,false,0.9117,0,0,3,0,0,3,14,15.1,IZLE,,50,63395.9,,,,,SEVIYE+TASFIYE,90,187.3,19,,,,,,,1785232680,1,0,,34,257.4,34,,,
29569,2026-07-28 10:00:06.34551+00,63350.75,-815281.9143326047,-286.74199999999917,11729811181.0906,0.000009425999999999998,58393572.64252997,87554.2417,75.0,BEKLE,,87554.2417,0.0,1.881,303.094,59274168.604280025,242.748,0.0,75.0,"[{""usdt"": 18995541.0, ""borsa"": 3, ""fiyat"": 63350.0, ""kaynak"": ""BNB+BYB+OKX""}, {""usdt"": 12756726.0, ""borsa"": 1, ""fiyat"": 63275.0, ""kaynak"": ""BNB""}, {""usdt"": 12534318.0, ""borsa"": 3, ""fiyat"": 63325.0, ""kaynak"": ""BNB+BYB+OKX""}]","[{""usdt"": 15254500.0, ""borsa"": 3, ""fiyat"": 63375.0, ""kaynak"": ""BNB+BYB+OKX""}, {""usdt"": 10999266.0, ""borsa"": 1, ""fiyat"": 63450.0, ""kaynak"": ""BNB""}, {""usdt"": 10890861.0, ""borsa"": 3, ""fiyat"": 63400.0, ""kaynak"": ""BNB+BYB+OKX""}]",YOK,-0.0556,-0.0075,0.0842,0.5057,true,0.1819,false,0.8472,0,1,3,0,0,3,10.5,11.6,IZLE,,50,63329.1,,,,,SEVIYE+TASFIYE,55,258.4,26,,,,,,,1785232680,1,0,,34,258.4,34,,,
29570,2026-07-28 10:01:07.327673+00,63367.149999999994,-1931648.502272401,-327.7909999999992,11727431898.604801,0.000009425999999999998,55324342.87474,87237.3767,3.5,BEKLE,,87237.3767,0.0,1.881,363.513,61700992.26906,303.167,0.0,3.5,"[{""usdt"": 14564114.0, ""borsa"": 3, ""fiyat"": 63350.0, ""kaynak"": ""BNB+BYB+OKX""}, {""usdt"": 12771164.0, ""borsa"": 3, ""fiyat"": 63325.0, ""kaynak"": ""BNB+BYB+OKX""}, {""usdt"": 12425660.0, ""borsa"": 1, ""fiyat"": 63275.0, ""kaynak"": ""BNB""}]","[{""usdt"": 16357212.0, ""borsa"": 3, ""fiyat"": 63375.0, ""kaynak"": ""BNB+BYB+OKX""}, {""usdt"": 11309852.0, ""borsa"": 1, ""fiyat"": 63450.0, ""kaynak"": ""BNB""}, {""usdt"": 11011445.0, ""borsa"": 1, ""fiyat"": 63425.0, ""kaynak"": ""BNB""}]",YOK,-0.1027,-0.0545,0.9966,0.2213,false,1.1022,false,0.7452,0,1,3,0,0,3,7.1,8.1,IZLE,,50,63395.9,,,,,SEVIYE+TASFIYE,90,189.4,19,PCT,1.36,0.0,18.83715136327463,false,0.065,1785232680,1,0,,34,259.5,34,,,
29571,2026-07-28 10:02:08.370107+00,63383.95,-1898457.4274912009,-330.2009999999992,11730489272.564999,0.000009425999999999998,71211262.23137993,47512.4696,1.0,BEKLE,,47512.4696,0.0,1.881,425.16,61999794.35446001,364.814,1.0,0.0,"[{""usdt"": 21073671.0, ""borsa"": 1, ""fiyat"": 63300.0, ""kaynak"": ""BNB""}, {""usdt"": 16498365.0, ""borsa"": 3, ""fiyat"": 63350.0, ""kaynak"": ""BNB+BYB+OKX""}, {""usdt"": 15039806.0, ""borsa"": 1, ""fiyat"": 63275.0, ""kaynak"": ""BNB""}]","[{""usdt"": 17912589.0, ""borsa"": 3, ""fiyat"": 63400.0, ""kaynak"": ""BNB+BYB+OKX""}, {""usdt"": 10452716.0, ""borsa"": 1, ""fiyat"": 63475.0, ""kaynak"": ""BNB""}, {""usdt"": 9624198.0, ""borsa"": 1, ""fiyat"": 63425.0, ""kaynak"": ""BNB""}]",YOK,-0.0606,0.0691,0.9997,1.1339,false,,false,0.6307,0,1,3,0,0,3,4.8,5.9,IZLE,,25,63420.7,,,,,SEVIYE,100,190.4,20,,,,,,,1785232860,2,0,,32,260.5,32,,,
29572,2026-07-28 10:03:08.659322+00,63378.05,-2182837.6142276013,-468.0419999999991,11736135556.0755,0.000009425999999999998,78463881.10107997,6843.7321999999995,13.2,BEKLE,true,6843.7321999999995,0.0,1.8711,485.455,61069931.39915997,425.109,0.0,13.2,"[{""usdt"": 32256341.0, ""borsa"": 1, ""fiyat"": 63300.0, ""kaynak"": ""BNB""}, {""usdt"": 15247444.0, ""borsa"": 3, ""fiyat"": 63350.0, ""kaynak"": ""BNB+BYB+OKX""}, {""usdt"": 12798294.0, ""borsa"": 1, ""fiyat"": 63275.0, ""kaynak"": ""BNB""}]","[{""usdt"": 18215677.0, ""borsa"": 3, ""fiyat"": 63400.0, ""kaynak"": ""BNB+BYB+OKX""}, {""usdt"": 10887733.0, ""borsa"": 1, ""fiyat"": 63475.0, ""kaynak"": ""BNB""}, {""usdt"": 9704553.0, ""borsa"": 1, ""fiyat"": 63450.0, ""kaynak"": ""BNB""}]",YOK,-0.0665,0.1247,0.9145,1.4332,false,,false,0.7116,0,1,3,1,0,3,1.2,63.6,IZLE,,25,63420.7,,,,,SEVIYE,100,191.4,20,,,,,,,1785232860,2,0,,32,261.5,32,,,
29573,2026-07-28 10:04:09.245021+00,63360.45,-2353368.6484965994,-966117.5050000001,11735871534.6912,0.000009425999999999998,76253711.01992996,126.7454,89.8,BEKLE,true,126.7454,0.0,1.8711,545.707,61893118.98918997,485.361,89.8,0.0,"[{""usdt"": 32256341.0, ""borsa"": 1, ""fiyat"": 63300.0, ""kaynak"": ""BNB""}, {""usdt"": 17097759.0, ""borsa"": 3, ""fiyat"": 63350.0, ""kaynak"": ""BNB+BYB+OKX""}, {""usdt"": 12798294.0, ""borsa"": 1, ""fiyat"": 63275.0, ""kaynak"": ""BNB""}]","[{""usdt"": 14584208.0, ""borsa"": 3, ""fiyat"": 63400.0, ""kaynak"": ""BNB+BYB+OKX""}, {""usdt"": 10887733.0, ""borsa"": 1, ""fiyat"": 63475.0, ""kaynak"": ""BNB""}, {""usdt"": 9704553.0, ""borsa"": 1, ""fiyat"": 63450.0, ""kaynak"": ""BNB""}]",YOK,-0.0665,0.104,0.3582,0.1391,false,,true,0,0,1,3,1,1,3,61.4,62.5,IZLE,,25,63329.1,,,,,SEVIYE,55,262.5,27,,,,,,,1785232860,1,0,,32,262.5,32,,,
29574,2026-07-28 10:05:09.516694+00,63344.149999999994,-2113953.2360228,-964025.7510000002,11737630412.5956,0.000009425999999999998,79868313.93426986,126.7454,91.2,BEKLE,true,126.7454,0.0,1.8711,606.297,61724709.42932001,545.951,91.2,0.0,"[{""usdt"": 33205778.0, ""borsa"": 1, ""fiyat"": 63300.0, ""kaynak"": ""BNB""}, {""usdt"": 14331074.0, ""borsa"": 3, ""fiyat"": 63325.0, ""kaynak"": ""BNB+BYB+OKX""}, {""usdt"": 12794236.0, ""borsa"": 1, ""fiyat"": 63275.0, ""kaynak"": ""BNB""}]","[{""usdt"": 16592117.0, ""borsa"": 3, ""fiyat"": 63375.0, ""kaynak"": ""BNB+BYB+OKX""}, {""usdt"": 12739088.0, ""borsa"": 1, ""fiyat"": 63450.0, ""kaynak"": ""BNB""}, {""usdt"": 10771502.0, ""borsa"": 1, ""fiyat"": 63400.0, ""kaynak"": ""BNB""}]",YOK,-0.1253,0.1281,0.368,0.1224,false,2.1768,true,0,0,1,3,1,1,3,58.2,59.3,IZLE,,25,63329.1,,,,,SEVIYE,55,263.5,27,,,,,,,1785232860,1,1,,32,263.5,32,,,
29575,2026-07-28 10:06:09.830023+00,63333.45,-1446277.2070642004,-1852393.504,11732466781.160599,0.000009425999999999998,97297100.1821598,2027.0713999999998,79.7,BEKLE,true,2027.0713999999998,0.0,1.8686,666.585,59649166.86347999,606.239,79.7,0.0,"[{""usdt"": 54238680.0, ""borsa"": 3, ""fiyat"": 63300.0, ""kaynak"": ""BNB+BYB+OKX""}, {""usdt"": 13387443.0, ""borsa"": 1, ""fiyat"": 63275.0, ""kaynak"": ""BNB""}, {""usdt"": 12201768.0, ""borsa"": 3, ""fiyat"": 63325.0, ""kaynak"": ""BNB+BYB+OKX""}]","[{""usdt"": 13583242.0, ""borsa"": 3, ""fiyat"": 63350.0, ""kaynak"": ""BNB+BYB+OKX""}, {""usdt"": 11625704.0, ""borsa"": 1, ""fiyat"": 63425.0, ""kaynak"": ""BNB""}, {""usdt"": 10209377.0, ""borsa"": 1, ""fiyat"": 63400.0, ""kaynak"": ""BNB""}]",PERP,-0.1345,0.2399,0.1017,0.4623,false,,true,0,0,1,3,1,1,3,53,54.6,IZLE,,25,63329.1,,,,,SEVIYE,55,264.5,27,,,,,,,1785233040,2,0,,32,264.5,32,,,
29576,2026-07-28 10:07:10.190523+00,63314.649999999994,-1208997.1541030009,-987338.4610000001,11734406416.0545,0.000009425999999999998,102720999.1674299,33306.798,55.4,BEKLE,true,33306.798,0.0,1.8686,726.881,61647000.649480015,120.584,55.4,0.0,"[{""usdt"": 58944017.0, ""borsa"": 3, ""fiyat"": 63300.0, ""kaynak"": ""BNB+BYB+OKX""}, {""usdt"": 12696061.0, ""borsa"": 3, ""fiyat"": 63325.0, ""kaynak"": ""BNB+BYB+OKX""}, {""usdt"": 12517267.0, ""borsa"": 1, ""fiyat"": 63275.0, ""kaynak"": ""BNB""}]","[{""usdt"": 19837769.0, ""borsa"": 3, ""fiyat"": 63350.0, ""kaynak"": ""BNB+BYB+OKX""}, {""usdt"": 14012323.0, ""borsa"": 1, ""fiyat"": 63425.0, ""kaynak"": ""BNB""}, {""usdt"": 10839846.0, ""borsa"": 1, ""fiyat"": 63400.0, ""kaynak"": ""BNB""}]",PERP,-0.0815,0.2499,0.2318,1.5249,false,,false,,0,1,3,1,1,3,49.4,50.5,IZLE,,25,63329.1,,,,,SEVIYE,55,265.5,27,,,,,,,1785233100,1,0,,32,265.5,32,,,
29577,2026-07-28 10:08:10.599492+00,63310.05,-1466664.4282233007,-987449.9400000002,11731421508.420399,0.000009425999999999998,119766220.14795998,35269.6157,60.9,BEKLE,true,35269.6157,0.0,1.8686,787.275,59641975.52768008,180.978,60.9,0.0,"[{""usdt"": 71269947.0, ""borsa"": 3, ""fiyat"": 63300.0, ""kaynak"": ""BNB+BYB+OKX""}, {""usdt"": 13655252.0, ""borsa"": 1, ""fiyat"": 63275.0, ""kaynak"": ""BNB""}, {""usdt"": 12780323.0, ""borsa"": 1, ""fiyat"": 63225.0, ""kaynak"": ""BNB""}]","[{""usdt"": 15892883.0, ""borsa"": 3, ""fiyat"": 63325.0, ""kaynak"": ""BNB+BYB+OKX""}, {""usdt"": 11924563.0, ""borsa"": 3, ""fiyat"": 63350.0, ""kaynak"": ""BNB+BYB+OKX""}, {""usdt"": 11013001.0, ""borsa"": 1, ""fiyat"": 63400.0, ""kaynak"": ""BNB""}]",PERP,-0.1002,0.3351,0.2387,1.4832,false,,false,,0,1,3,1,1,3,46,47.1,IZLE,,25,63329.1,,,,,SEVIYE,55,266.5,27,,,,,,,1785233220,1,0,,32,266.5,32,,,
29578,2026-07-28 10:09:10.871751+00,63313.45,-1664647.8987563006,-2084237.573,11730305978.692501,0.000009425999999999998,108876107.95826009,40334.2222,65.1,BEKLE,true,40334.2222,0.0,1.8686,847.66,130642878.19930984,241.363,65.1,0.0,"[{""usdt"": 57359478.0, ""borsa"": 3, ""fiyat"": 63300.0, ""kaynak"": ""BNB+BYB+OKX""}, {""usdt"": 16265316.0, ""borsa"": 3, ""fiyat"": 63275.0, ""kaynak"": ""BNB+BYB+OKX""}, {""usdt"": 13979089.0, ""borsa"": 1, ""fiyat"": 63200.0, ""kaynak"": ""BNB""}]","[{""usdt"": 88306599.0, ""borsa"": 3, ""fiyat"": 63325.0, ""kaynak"": ""BNB+BYB+OKX""}, {""usdt"": 10531592.0, ""borsa"": 1, ""fiyat"": 63400.0, ""kaynak"": ""BNB""}, {""usdt"": 9809822.0, ""borsa"": 1, ""fiyat"": 63375.0, ""kaynak"": ""BNB""}]",YOK,-0.1811,-0.0909,0.2102,0.939,false,,true,0,0,2,3,0,2,3,42.5,43.6,HAZIRLAN,SHORT,50,63329.1,63261.3,63000,63335.5,14.23,SEVIYE+EMILIM,55,267.5,27,,,,,,,1785233280,1,0,2.37,32,267.5,32,,,
29579,2026-07-28 10:10:11.232149+00,63310.05,-922545.3685176009,-1122887.061,11720911181.4696,0.000009425999999999998,91245760.24380013,38560.5294,21.5,BEKLE,true,38560.5294,0.0,1.8686,907.946,192965948.97904944,301.649,21.5,0.0,"[{""usdt"": 43663735.0, ""borsa"": 3, ""fiyat"": 63300.0, ""kaynak"": ""BNB+BYB+OKX""}, {""usdt"": 16682735.0, ""borsa"": 3, ""fiyat"": 63275.0, ""kaynak"": ""BNB+BYB+OKX""}, {""usdt"": 12467889.0, ""borsa"": 1, ""fiyat"": 63200.0, ""kaynak"": ""BNB""}]","[{""usdt"": 151390550.0, ""borsa"": 3, ""fiyat"": 63325.0, ""kaynak"": ""BNB+BYB+OKX""}, {""usdt"": 10446531.0, ""borsa"": 1, ""fiyat"": 63425.0, ""kaynak"": ""BNB""}, {""usdt"": 10100873.0, ""borsa"": 1, ""fiyat"": 63375.0, ""kaynak"": ""BNB""}]",YOK,-0.1015,-0.3579,0.7642,1.4321,false,,true,0,0,1,3,0,1,3,38.9,40,IZLE,,50,63329.1,,,,,SEVIYE+TASFIYE,55,268.5,27,,,,,,,1785233280,2,0,,32,268.5,32,,,
29580,2026-07-28 10:11:12.49583+00,63301.95,-841083.8047046019,-1671829.9239999999,11719874057.012001,0.000009425999999999998,88619759.41083,7154.0574,24.0,BEKLE,,7154.0574,0.0,1.8686,969.26,198393771.13964945,362.963,0.0,24.0,"[{""usdt"": 37987049.0, ""borsa"": 3, ""fiyat"": 63300.0, ""kaynak"": ""BNB+BYB+OKX""}, {""usdt"": 19463056.0, ""borsa"": 3, ""fiyat"": 63275.0, ""kaynak"": ""BNB+BYB+OKX""}, {""usdt"": 13200242.0, ""borsa"": 1, ""fiyat"": 63200.0, ""kaynak"": ""BNB""}]","[{""usdt"": 155144488.0, ""borsa"": 3, ""fiyat"": 63325.0, ""kaynak"": ""BNB+BYB+OKX""}, {""usdt"": 10425619.0, ""borsa"": 1, ""fiyat"": 63400.0, ""kaynak"": ""BNB""}, {""usdt"": 10107638.0, ""borsa"": 1, ""fiyat"": 63375.0, ""kaynak"": ""BNB""}]",YOK,-0.1397,-0.3825,0.5915,2.0163,false,,true,0,0,2,3,0,2,3,36.4,37.5,IZLE,,25,63329.1,,,,,SEVIYE,55,269.5,27,,,,,,,1785233280,2,0,,32,269.5,32,,,
29581,2026-07-28 10:12:12.940903+00,63334.350000000006,-648901.0628676021,-1679529.4699999997,11715244871.8107,0.000009425999999999998,81131594.59172006,29883.029499999997,56.7,BEKLE,false,29883.029499999997,0.0,1.8596,1029.665,200662289.77364942,423.368,56.7,0.0,"[{""usdt"": 29333742.0, ""borsa"": 3, ""fiyat"": 63300.0, ""kaynak"": ""BNB+BYB+OKX""}, {""usdt"": 18197189.0, ""borsa"": 3, ""fiyat"": 63275.0, ""kaynak"": ""BNB+BYB+OKX""}, {""usdt"": 12661048.0, ""borsa"": 1, ""fiyat"": 63200.0, ""kaynak"": ""BNB""}]","[{""usdt"": 160497661.0, ""borsa"": 3, ""fiyat"": 63325.0, ""kaynak"": ""BNB+BYB+OKX""}, {""usdt"": 10365406.0, ""borsa"": 1, ""fiyat"": 63375.0, ""kaynak"": ""BNB""}, {""usdt"": 10228049.0, ""borsa"": 1, ""fiyat"": 63400.0, ""kaynak"": ""BNB""}]",YOK,-0.0897,-0.4242,0.2727,0.6242,false,,true,0.1146,0,1,3,0,1,3,33,34,IZLE,,50,63329.1,,,,,SEVIYE+TASFIYE,55,270.5,28,,,,,,,1785233460,2,0,,30,270.5,30,,,
29582,2026-07-28 10:13:13.322741+00,63293.95,-783900.5801519012,-1571648.4159999997,11713028859.598999,0.000009425999999999998,69383808.28429008,44514.360700000005,44.8,BEKLE,true,44514.360700000005,0.0,1.8596,664.854,65622768.32285009,483.717,44.8,0.0,"[{""usdt"": 21687351.0, ""borsa"": 3, ""fiyat"": 63275.0, ""kaynak"": ""BNB+BYB+OKX""}, {""usdt"": 15024532.0, ""borsa"": 1, ""fiyat"": 63200.0, ""kaynak"": ""BNB""}, {""usdt"": 10726234.0, ""borsa"": 1, ""fiyat"": 63225.0, ""kaynak"": ""BNB""}]","[{""usdt"": 17967702.0, ""borsa"": 3, ""fiyat"": 63325.0, ""kaynak"": ""BNB+BYB+OKX""}, {""usdt"": 12187286.0, ""borsa"": 1, ""fiyat"": 63375.0, ""kaynak"": ""BNB""}, {""usdt"": 11031266.0, ""borsa"": 1, ""fiyat"": 63350.0, ""kaynak"": ""BNB""}]",YOK,-0.1238,0.0279,0.3513,0.5391,false,,true,0.1501,0,2,3,0,0,3,29.4,30.5,IZLE,,50,63262.2,,,,,SEVIYE+TASFIYE,75,271.6,28,,,,,,,1785233520,2,0,,30,271.6,30,,,
29583,2026-07-28 10:14:13.783452+00,63317.45,-496982.54323080066,-980973.337,11713455321.942501,0.000009425999999999998,70280014.87390003,39326.4303,62.4,BEKLE,false,39326.4303,0.0,1.8596,725.263,67619421.47003004,544.126,0.0,62.4,"[{""usdt"": 19566738.0, ""borsa"": 3, ""fiyat"": 63275.0, ""kaynak"": ""BNB+BYB+OKX""}, {""usdt"": 17524928.0, ""borsa"": 3, ""fiyat"": 63300.0, ""kaynak"": ""BNB+BYB+OKX""}, {""usdt"": 12481789.0, ""borsa"": 1, ""fiyat"": 63200.0, ""kaynak"": ""BNB""}]","[{""usdt"": 21566117.0, ""borsa"": 3, ""fiyat"": 63325.0, ""kaynak"": ""BNB+BYB+OKX""}, {""usdt"": 11950079.0, ""borsa"": 1, ""fiyat"": 63400.0, ""kaynak"": ""BNB""}, {""usdt"": 11834885.0, ""borsa"": 1, ""fiyat"": 63375.0, ""kaynak"": ""BNB""}]",YOK,-0.14,0.0193,0.3291,0.0734,false,,true,0.1558,0,2,3,0,0,3,26,27.1,IZLE,,50,63329.1,,,,,SEVIYE+TASFIYE,55,272.6,28,,,,,,,1785233520,1,0,,30,272.6,30,,,
29584,2026-07-28 10:15:14.534967+00,63319.95,-446786.8255657992,-1069763.9959999998,11714980174.108398,0.000009425999999999998,158721472.80488986,39326.4303,10.6,BEKLE,false,39326.4303,0.0,1.8596,785.687,71128225.40888005,604.55,0.0,10.6,"[{""usdt"": 115217657.0, ""borsa"": 3, ""fiyat"": 63300.0, ""kaynak"": ""BNB+BYB+OKX""}, {""usdt"": 13653804.0, ""borsa"": 2, ""fiyat"": 63275.0, ""kaynak"": ""BNB+BYB""}, {""usdt"": 11506331.0, ""borsa"": 1, ""fiyat"": 63225.0, ""kaynak"": ""BNB""}]","[{""usdt"": 16490805.0, ""borsa"": 3, ""fiyat"": 63325.0, ""kaynak"": ""BNB+BYB+OKX""}, {""usdt"": 14798125.0, ""borsa"": 1, ""fiyat"": 63425.0, ""kaynak"": ""BNB""}, {""usdt"": 14570921.0, ""borsa"": 3, ""fiyat"": 63350.0, ""kaynak"": ""BNB+BYB+OKX""}]",PERP,-0.1473,0.3811,0.8058,1.0913,false,1.3295,false,,0,2,3,1,1,3,22.6,23.6,IZLE,,50,63329.1,,,,,SEVIYE+TASFIYE,55,273.6,28,,,,,,,1785233520,1,1,,30,273.6,30,,,
29585,2026-07-28 10:16:14.964978+00,63325.149999999994,-90945.79856099634,339112.78800000006,11715538233.8252,0.000009425999999999998,162302869.8345398,40276.2371,66.8,BEKLE,false,40276.2371,0.0,1.8596,846.445,68146011.14446001,665.308,0.0,66.8,"[{""usdt"": 114846139.0, ""borsa"": 3, ""fiyat"": 63300.0, ""kaynak"": ""BNB+BYB+OKX""}, {""usdt"": 12881619.0, ""borsa"": 1, ""fiyat"": 63225.0, ""kaynak"": ""BNB""}, {""usdt"": 12750507.0, ""borsa"": 1, ""fiyat"": 63275.0, ""kaynak"": ""BNB""}]","[{""usdt"": 18977435.0, ""borsa"": 3, ""fiyat"": 63350.0, ""kaynak"": ""BNB+BYB+OKX""}, {""usdt"": 13955155.0, ""borsa"": 1, ""fiyat"": 63425.0, ""kaynak"": ""BNB""}, {""usdt"": 11777260.0, ""borsa"": 1, ""fiyat"": 63375.0, ""kaynak"": ""BNB""}]",PERP,-0.1348,0.4086,0.1474,0.2967,false,0,false,,0,2,3,1,0,3,19.5,20.5,IZLE,,25,63329.1,,,,,SEVIYE,55,274.6,28,PCT,0.54,0.0,18.702324029803332,false,0.007,1785233700,1,0,,30,274.6,30,,,
29586,2026-07-28 10:17:16.310328+00,63358.55,201991.3037528038,345471.51900000003,11720683925.5716,0.000009425999999999998,65348942.03826995,17662.854199999998,66.3,BEKLE,false,17536.1452,126.709,1.8596,907.908,66339737.33636998,726.771,0.0,66.3,"[{""usdt"": 18342989.0, ""borsa"": 3, ""fiyat"": 63325.0, ""kaynak"": ""BNB+BYB+OKX""}, {""usdt"": 14019602.0, ""borsa"": 1, ""fiyat"": 63275.0, ""kaynak"": ""BNB""}, {""usdt"": 11932313.0, ""borsa"": 1, ""fiyat"": 63300.0, ""kaynak"": ""BNB""}]","[{""usdt"": 19050051.0, ""borsa"": 3, ""fiyat"": 63375.0, ""kaynak"": ""BNB+BYB+OKX""}, {""usdt"": 13173431.0, ""borsa"": 1, ""fiyat"": 63425.0, ""kaynak"": ""BNB""}, {""usdt"": 11937842.0, ""borsa"": 1, ""fiyat"": 63400.0, ""kaynak"": ""BNB""}]",YOK,-0.0379,-0.0075,0.163,0.3016,false,0,false,,0,0,3,0,0,3,15.7,17.2,IZLE,,25,63329.1,,,,,SEVIYE,55,275.6,28,,,,,,,1785233760,1,0,,30,275.6,30,,,
29587,2026-07-28 10:18:16.753995+00,63362.45,397520.7060632033,308574.186,11720099155.598,0.000009425999999999998,67263967.01733997,1076.5330000000001,57.7,BEKLE,true,949.816,126.717,1.8563,968.208,62364519.36327998,787.071,0.0,57.7,"[{""usdt"": 16762687.0, ""borsa"": 3, ""fiyat"": 63325.0, ""kaynak"": ""BNB+BYB+OKX""}, {""usdt"": 14005140.0, ""borsa"": 3, ""fiyat"": 63350.0, ""kaynak"": ""BNB+BYB+OKX""}, {""usdt"": 12942296.0, ""borsa"": 1, ""fiyat"": 63275.0, ""kaynak"": ""BNB""}]","[{""usdt"": 18542839.0, ""borsa"": 3, ""fiyat"": 63375.0, ""kaynak"": ""BNB+BYB+OKX""}, {""usdt"": 12922372.0, ""borsa"": 1, ""fiyat"": 63400.0, ""kaynak"": ""BNB""}, {""usdt"": 12662419.0, ""borsa"": 1, ""fiyat"": 63425.0, ""kaynak"": ""BNB""}]",YOK,-0.031,0.0378,0.2255,0.8512,false,0,false,,0,0,3,0,0,3,12.2,13.2,IZLE,,25,63329.1,,,,,SEVIYE,55,276.6,28,,,,,,,1785233760,1,0,,30,276.6,30,,,
29588,2026-07-28 10:19:17.00259+00,63400.149999999994,1160322.2207372012,305205.94200000004,11724466217.536701,0.000009425999999999998,67734245.42578992,1076.5330000000001,49.0,BEKLE,,949.816,126.717,1.8563,1028.62,63097881.19059993,847.483,0.0,49.0,"[{""usdt"": 20146212.0, ""borsa"": 3, ""fiyat"": 63375.0, ""kaynak"": ""BNB+BYB+OKX""}, {""usdt"": 11895343.0, ""borsa"": 1, ""fiyat"": 63300.0, ""kaynak"": ""BNB""}, {""usdt"": 9637430.0, ""borsa"": 1, ""fiyat"": 63325.0, ""kaynak"": ""BNB""}]","[{""usdt"": 15257833.0, ""borsa"": 3, ""fiyat"": 63425.0, ""kaynak"": ""BNB+BYB+OKX""}, {""usdt"": 12753875.0, ""borsa"": 1, ""fiyat"": 63450.0, ""kaynak"": ""BNB""}, {""usdt"": 11382472.0, ""borsa"": 1, ""fiyat"": 63500.0, ""kaynak"": ""BNB""}]",YOK,-0.0391,0.0354,0.3739,1.214,false,0,false,,0,0,3,0,0,3,8.7,9.8,IZLE,,25,63420.9,,,,,SEVIYE,80,207.5,21,,,,,,,1785233760,1,1,,30,277.6,30,,,
29589,2026-07-28 10:20:17.482527+00,63392.25,1040567.3737265011,258902.59100000004,11721910163.7194,0.000009425999999999998,68326809.1227899,380.013,58.9,BEKLE,true,253.296,126.717,1.8563,1088.957,63266164.283309996,907.82,0.0,58.9,"[{""usdt"": 16834763.0, ""borsa"": 3, ""fiyat"": 63375.0, ""kaynak"": ""BNB+BYB+OKX""}, {""usdt"": 13655871.0, ""borsa"": 1, ""fiyat"": 63275.0, ""kaynak"": ""BNB""}, {""usdt"": 12493227.0, ""borsa"": 3, ""fiyat"": 63350.0, ""kaynak"": ""BNB+BYB+OKX""}]","[{""usdt"": 19511383.0, ""borsa"": 3, ""fiyat"": 63400.0, ""kaynak"": ""BNB+BYB+OKX""}, {""usdt"": 12176551.0, ""borsa"": 1, ""fiyat"": 63450.0, ""kaynak"": ""BNB""}, {""usdt"": 10351528.0, ""borsa"": 2, ""fiyat"": 63425.0, ""kaynak"": ""BNB+OKX""}]",YOK,-0.0519,0.0385,0.3416,1.0804,false,0,false,,0,0,3,0,1,3,5.2,6.2,IZLE,,25,63420.9,,,,,SEVIYE,80,208.5,21,,,,,,,1785233760,1,0,,30,278.6,30,,,
29590,2026-07-28 10:21:17.911248+00,63391.850000000006,1590245.5173232004,1585821.565,11724594279.2766,0.000009425999999999998,59308020.86758996,126.717,56.2,BEKLE,false,0.0,126.717,1.8563,1149.509,61324191.53720996,968.372,0.0,56.2,"[{""usdt"": 15969854.0, ""borsa"": 3, ""fiyat"": 63375.0, ""kaynak"": ""BNB+BYB+OKX""}, {""usdt"": 11906145.0, ""borsa"": 1, ""fiyat"": 63300.0, ""kaynak"": ""BNB""}, {""usdt"": 11904261.0, ""borsa"": 1, ""fiyat"": 63275.0, ""kaynak"": ""BNB""}]","[{""usdt"": 19188145.0, ""borsa"": 3, ""fiyat"": 63400.0, ""kaynak"": ""BNB+BYB+OKX""}, {""usdt"": 11630013.0, ""borsa"": 1, ""fiyat"": 63475.0, ""kaynak"": ""BNB""}, {""usdt"": 9879986.0, ""borsa"": 1, ""fiyat"": 63500.0, ""kaynak"": ""BNB""}]",YOK,-0.0414,-0.0167,0.3846,0.9927,false,0,false,,0,0,3,0,1,3,1.8,63.7,IZLE,,25,63420.9,,,,,SEVIYE,80,209.5,21,,,,,,,1785233760,1,0,,30,279.6,30,,,
29591,2026-07-28 10:22:18.276284+00,63346.05,1541552.1193483006,1529404.011,11722174212.7242,0.000009425999999999998,59270908.13066996,2154.7636,67.0,BEKLE,false,63.375400000000006,2091.3882000000003,1.8563,1209.879,61766770.05513995,1028.742,0.0,67.0,"[{""usdt"": 15926532.0, ""borsa"": 3, ""fiyat"": 63375.0, ""kaynak"": ""BNB+BYB+OKX""}, {""usdt"": 11906145.0, ""borsa"": 1, ""fiyat"": 63300.0, ""kaynak"": ""BNB""}, {""usdt"": 11904261.0, ""borsa"": 1, ""fiyat"": 63275.0, ""kaynak"": ""BNB""}]","[{""usdt"": 19631390.0, ""borsa"": 3, ""fiyat"": 63400.0, ""kaynak"": ""BNB+BYB+OKX""}, {""usdt"": 11630013.0, ""borsa"": 1, ""fiyat"": 63475.0, ""kaynak"": ""BNB""}, {""usdt"": 9879986.0, ""borsa"": 1, ""fiyat"": 63500.0, ""kaynak"": ""BNB""}]",YOK,-0.0414,-0.0206,0.3372,0.2056,false,0,false,,0,0,3,0,1,3,62.2,63.3,IZLE,,25,63329.1,,,,,SEVIYE,55,280.6,29,,,,,,,1785234060,1,0,,31,280.6,31,,,
29592,2026-07-28 10:23:18.696884+00,63329.45,1726551.7452082015,1438262.673,11717597902.418,0.000009425999999999998,62975655.463230014,2218.1101000000003,59.6,BEKLE,false,63.3755,2154.7346000000002,1.8563,1270.173,58793065.97504,1089.036,0.0,59.6,"[{""usdt"": 17568189.0, ""borsa"": 3, ""fiyat"": 63325.0, ""kaynak"": ""BNB+BYB+OKX""}, {""usdt"": 13989446.0, ""borsa"": 1, ""fiyat"": 63275.0, ""kaynak"": ""BNB""}, {""usdt"": 10028712.0, ""borsa"": 1, ""fiyat"": 63250.0, ""kaynak"": ""BNB""}]","[{""usdt"": 14300052.0, ""borsa"": 3, ""fiyat"": 63375.0, ""kaynak"": ""BNB+BYB+OKX""}, {""usdt"": 10551009.0, ""borsa"": 1, ""fiyat"": 63425.0, ""kaynak"": ""BNB""}, {""usdt"": 10318094.0, ""borsa"": 3, ""fiyat"": 63350.0, ""kaynak"": ""BNB+BYB+OKX""}]",YOK,-0.0444,0.0343,0.346,0.5612,false,0,false,,0,0,3,0,1,3,58.6,59.7,IZLE,,25,63329.1,,,,,SEVIYE,55,281.6,29,,,,,,,1785234120,1,0,,31,281.6,31,,,
29593,2026-07-28 10:24:19.270064+00,63346.75,2054400.9799259063,1432597.5649999997,11717631736.502201,0.000009425999999999998,60575903.16121999,2218.1101000000003,62.5,BEKLE,false,63.3755,2154.7346000000002,1.8563,1330.715,61745393.92230004,1149.578,0.0,62.5,"[{""usdt"": 21360574.0, ""borsa"": 3, ""fiyat"": 63300.0, ""kaynak"": ""BNB+BYB+OKX""}, {""usdt"": 13744911.0, ""borsa"": 1, ""fiyat"": 63275.0, ""kaynak"": ""BNB""}, {""usdt"": 10207172.0, ""borsa"": 1, ""fiyat"": 63225.0, ""kaynak"": ""BNB""}]","[{""usdt"": 13951243.0, ""borsa"": 3, ""fiyat"": 63350.0, ""kaynak"": ""BNB+BYB+OKX""}, {""usdt"": 13102266.0, ""borsa"": 1, ""fiyat"": 63425.0, ""kaynak"": ""BNB""}, {""usdt"": 11303440.0, ""borsa"": 1, ""fiyat"": 63400.0, ""kaynak"": ""BNB""}]",YOK,-0.0767,-0.0096,0.2629,1.025,false,0,false,,0,1,3,0,0,3,55.3,56.4,IZLE,,25,63329.1,,,,,SEVIYE,55,282.7,29,,,,,,,1785234120,1,1,,31,282.7,31,,,
29594,2026-07-28 10:25:19.614377+00,63346.75,1732628.0127883053,569679.463,11720908162.0102,0.000009425999999999998,53175741.188970044,2218.1101000000003,35.8,BEKLE,false,63.3755,2154.7346000000002,1.8563,1391.154,63483835.63557001,1210.017,0.0,35.8,"[{""usdt"": 14472724.0, ""borsa"": 3, ""fiyat"": 63325.0, ""kaynak"": ""BNB+BYB+OKX""}, {""usdt"": 12648882.0, ""borsa"": 1, ""fiyat"": 63275.0, ""kaynak"": ""BNB""}, {""usdt"": 10477811.0, ""borsa"": 2, ""fiyat"": 63300.0, ""kaynak"": ""BNB+BYB""}]","[{""usdt"": 16127546.0, ""borsa"": 3, ""fiyat"": 63350.0, ""kaynak"": ""BNB+BYB+OKX""}, {""usdt"": 13558541.0, ""borsa"": 3, ""fiyat"": 63375.0, ""kaynak"": ""BNB+BYB+OKX""}, {""usdt"": 12840394.0, ""borsa"": 1, ""fiyat"": 63425.0, ""kaynak"": ""BNB""}]",YOK,-0.0419,-0.0884,0.5004,2.1478,false,0,false,,0,1,3,0,2,3,51.9,53,IZLE,,25,63329.1,,,,,SEVIYE,55,283.7,29,,,,,,,1785234120,1,2,,31,283.7,31,,,
29595,2026-07-28 10:26:20.097197+00,63273.95,-424595.9383228955,-593272.95,11711222555.7048,0.000009425999999999998,57019107.79949003,63.3431,48.3,BEKLE,true,0.0,63.3431,1.8563,1451.538,57562829.56408,1270.401,48.3,0.0,"[{""usdt"": 16033395.0, ""borsa"": 3, ""fiyat"": 63300.0, ""kaynak"": ""BNB+BYB+OKX""}, {""usdt"": 12442419.0, ""borsa"": 1, ""fiyat"": 63275.0, ""kaynak"": ""BNB""}, {""usdt"": 10342886.0, ""borsa"": 1, ""fiyat"": 63250.0, ""kaynak"": ""BNB""}]","[{""usdt"": 17266550.0, ""borsa"": 3, ""fiyat"": 63350.0, ""kaynak"": ""BNB+BYB+OKX""}, {""usdt"": 12793220.0, ""borsa"": 1, ""fiyat"": 63400.0, ""kaynak"": ""BNB""}, {""usdt"": 8737019.0, ""borsa"": 1, ""fiyat"": 63375.0, ""kaynak"": ""BNB""}]",YOK,-0.1023,-0.0047,0.2937,1.1221,false,,false,,0,1,3,0,1,3,48.5,49.5,IZLE,,25,63258.2,,,,,SEVIYE,75,284.7,29,,,,,,,1785234120,1,0,,31,284.7,31,,,
29596,2026-07-28 10:27:20.395043+00,63285.95,-320492.4852940948,-819968.646,11711421832.08,0.000009425999999999998,50087581.539210014,96683.50869999999,68.6,BEKLE,true,96683.50869999999,0.0,1.8539,241.817,60550506.85452998,0,68.6,0.0,"[{""usdt"": 14944774.0, ""borsa"": 3, ""fiyat"": 63250.0, ""kaynak"": ""BNB+BYB+OKX""}, {""usdt"": 11408461.0, ""borsa"": 1, ""fiyat"": 63200.0, ""kaynak"": ""BNB""}, {""usdt"": 9959545.0, ""borsa"": 1, ""fiyat"": 63175.0, ""kaynak"": ""BNB""}]","[{""usdt"": 16489419.0, ""borsa"": 3, ""fiyat"": 63300.0, ""kaynak"": ""BNB+BYB+OKX""}, {""usdt"": 14067885.0, ""borsa"": 3, ""fiyat"": 63275.0, ""kaynak"": ""BNB+BYB+OKX""}, {""usdt"": 9672473.0, ""borsa"": 1, ""fiyat"": 63375.0, ""kaynak"": ""BNB""}]",YOK,-0.1058,-0.0946,0.2628,0.5541,false,,false,1.9177,0,1,3,0,2,3,45,46.1,IZLE,,50,63258.2,,,,,SEVIYE+TASFIYE,75,285.7,29,,,,,,,1785234360,3,0,,31,285.7,31,,,
29597,2026-07-28 10:28:21.462329+00,63314.95,117161.82077750412,-815051.6209999999,11715833837.4783,0.000009425999999999998,52861645.6162401,96683.50869999999,84.0,BEKLE,true,96683.50869999999,0.0,1.8539,302.829,60788615.125269964,61.012,84.0,0.0,"[{""usdt"": 13174088.0, ""borsa"": 1, ""fiyat"": 63200.0, ""kaynak"": ""BNB""}, {""usdt"": 11329518.0, ""borsa"": 3, ""fiyat"": 63275.0, ""kaynak"": ""BNB+BYB+OKX""}, {""usdt"": 10034895.0, ""borsa"": 1, ""fiyat"": 63225.0, ""kaynak"": ""BNB""}]","[{""usdt"": 21160079.0, ""borsa"": 3, ""fiyat"": 63300.0, ""kaynak"": ""BNB+BYB+OKX""}, {""usdt"": 10634133.0, ""borsa"": 1, ""fiyat"": 63400.0, ""kaynak"": ""BNB""}, {""usdt"": 9406061.0, ""borsa"": 3, ""fiyat"": 63325.0, ""kaynak"": ""BNB+BYB+OKX""}]",YOK,-0.1661,-0.0697,0.2431,0.1431,false,0,false,,0,2,3,0,2,3,42.2,43.3,IZLE,,25,63329.1,,,,,SEVIYE,55,286.7,29,,,,,,,1785234360,3,1,,31,286.7,31,,,
29598,2026-07-28 10:29:21.817714+00,63336.05,755332.4694648029,-683462.096,11718788766.739502,0.000009425999999999998,51509090.17489001,96683.50869999999,81.8,BEKLE,true,96683.50869999999,0.0,1.8539,363.21,60158453.822330005,60.381,81.8,0.0,"[{""usdt"": 13475622.0, ""borsa"": 1, ""fiyat"": 63225.0, ""kaynak"": ""BNB""}, {""usdt"": 12250817.0, ""borsa"": 3, ""fiyat"": 63275.0, ""kaynak"": ""BNB+BYB+OKX""}, {""usdt"": 9434318.0, ""borsa"": 3, ""fiyat"": 63300.0, ""kaynak"": ""BNB+BYB+OKX""}]","[{""usdt"": 15431281.0, ""borsa"": 3, ""fiyat"": 63325.0, ""kaynak"": ""BNB+BYB+OKX""}, {""usdt"": 11448617.0, ""borsa"": 1, ""fiyat"": 63400.0, ""kaynak"": ""BNB""}, {""usdt"": 10056160.0, ""borsa"": 1, ""fiyat"": 63425.0, ""kaynak"": ""BNB""}]",YOK,-0.0979,-0.0775,0.2163,0.1164,false,0,false,1.7575,0,1,3,0,2,3,38.7,39.8,IZLE,,25,63329.1,,,,,SEVIYE,55,287.7,29,,,,,,,1785234360,3,2,,31,287.7,31,,,
29599,2026-07-28 10:30:22.618913+00,63373.649999999994,564318.9767033083,-1137221.098,11728184465.823,0.000009425999999999998,49378035.69521,96683.50869999999,100.0,BEKLE,true,96683.50869999999,0.0,1.8539,423.6,57125364.44361002,120.771,100.0,0.0,"[{""usdt"": 14412277.0, ""borsa"": 3, ""fiyat"": 63325.0, ""kaynak"": ""BNB+BYB+OKX""}, {""usdt"": 10644847.0, ""borsa"": 1, ""fiyat"": 63250.0, ""kaynak"": ""BNB""}, {""usdt"": 9251554.0, ""borsa"": 1, ""fiyat"": 63275.0, ""kaynak"": ""BNB""}]","[{""usdt"": 15538438.0, ""borsa"": 3, ""fiyat"": 63375.0, ""kaynak"": ""BNB+BYB+OKX""}, {""usdt"": 11344255.0, ""borsa"": 1, ""fiyat"": 63425.0, ""kaynak"": ""BNB""}, {""usdt"": 10563649.0, ""borsa"": 1, ""fiyat"": 63400.0, ""kaynak"": ""BNB""}]",YOK,-0.0111,-0.0727,0.2354,0.3541,false,,true,0.4452,0,0,3,0,1,3,35.3,36.4,IZLE,,25,63395.9,,,,,SEVIYE,55,218.6,22,,,,,,,1785234360,3,3,,31,288.7,31,LONG,duvar,100.0
29600,2026-07-28 10:31:24.044122+00,63367.649999999994,1085354.9894578084,-588101.3869999999,11731245683.3751,0.000009425999999999998,50921226.412429996,0.0,2.5,BEKLE,,0.0,0.0,1.8539,61.674,55656295.85760006,182.445,0.0,2.5,"[{""usdt"": 14258617.0, ""borsa"": 3, ""fiyat"": 63325.0, ""kaynak"": ""BNB+BYB+OKX""}, {""usdt"": 10925825.0, ""borsa"": 1, ""fiyat"": 63275.0, ""kaynak"": ""BNB""}, {""usdt"": 10849617.0, ""borsa"": 1, ""fiyat"": 63250.0, ""kaynak"": ""BNB""}]","[{""usdt"": 15706316.0, ""borsa"": 3, ""fiyat"": 63375.0, ""kaynak"": ""BNB+BYB+OKX""}, {""usdt"": 12116922.0, ""borsa"": 1, ""fiyat"": 63400.0, ""kaynak"": ""BNB""}, {""usdt"": 8622457.0, ""borsa"": 1, ""fiyat"": 63425.0, ""kaynak"": ""BNB""}]",YOK,0.0103,-0.0444,0.9924,4.0285,false,1.2318,false,0.604,0,0,3,0,1,3,32.7,33.7,IZLE,,25,63395.9,,,,,SEVIYE,55,219.6,22,,,,,,,,,0,,31,289.7,31,,,
29601,2026-07-28 10:32:24.345717+00,63365.45,960500.7850761082,-598600.8599999999,11728153258.398998,0.000009425999999999998,54622667.811449975,0.0,19.1,BEKLE,false,0.0,0.0,1.8539,0,54251644.73042002,242.955,0.0,19.1,"[{""usdt"": 20936792.0, ""borsa"": 3, ""fiyat"": 63350.0, ""kaynak"": ""BNB+BYB+OKX""}, {""usdt"": 8463010.0, ""borsa"": 1, ""fiyat"": 63300.0, ""kaynak"": ""BNB""}, {""usdt"": 8387310.0, ""borsa"": 1, ""fiyat"": 63275.0, ""kaynak"": ""BNB""}]","[{""usdt"": 12484400.0, ""borsa"": 3, ""fiyat"": 63400.0, ""kaynak"": ""BNB+BYB+OKX""}, {""usdt"": 12312529.0, ""borsa"": 3, ""fiyat"": 63375.0, ""kaynak"": ""BNB+BYB+OKX""}, {""usdt"": 10202065.0, ""borsa"": 1, ""fiyat"": 63425.0, ""kaynak"": ""BNB""}]",YOK,0.0064,0.0034,0.7264,2.9593,false,1.2736,true,0.417,0,0,3,0,0,3,29.3,30.4,IZLE,,25,63401.2,,,,,SEVIYE,90,220.7,23,,,,,,,,,0,,33,290.7,33,,,
29602,2026-07-28 10:33:24.959062+00,63354.649999999994,943858.7457804084,-662913.4029999999,11734613867.423,0.000009425999999999998,54021162.02460998,0.0,18.5,BEKLE,false,0.0,0.0,1.8523,60.497,54721956.378840014,303.452,0.0,18.5,"[{""usdt"": 16210766.0, ""borsa"": 3, ""fiyat"": 63325.0, ""kaynak"": ""BNB+BYB+OKX""}, {""usdt"": 10977945.0, ""borsa"": 1, ""fiyat"": 63250.0, ""kaynak"": ""BNB""}, {""usdt"": 10936963.0, ""borsa"": 1, ""fiyat"": 63275.0, ""kaynak"": ""BNB""}]","[{""usdt"": 13957524.0, ""borsa"": 3, ""fiyat"": 63375.0, ""kaynak"": ""BNB+BYB+OKX""}, {""usdt"": 11315686.0, ""borsa"": 1, ""fiyat"": 63425.0, ""kaynak"": ""BNB""}, {""usdt"": 9493911.0, ""borsa"": 1, ""fiyat"": 63400.0, ""kaynak"": ""BNB""}]",YOK,0.0381,-0.0064,0.7137,2.2489,false,1.3289,true,0,0,0,3,0,1,3,26,27,IZLE,,25,63329.1,,,,,SEVIYE,55,291.7,30,,,,,,,,,0,,33,291.7,33,,,
29603,2026-07-28 10:34:25.317549+00,63432.25,3306512.7529549096,336427.05400000006,11751289903.0233,0.000009425999999999998,54841991.73351998,0.0,38.6,BEKLE,false,0.0,0.0,1.8523,60.44,57283654.44394001,363.892,0.0,38.6,"[{""usdt"": 12514717.0, ""borsa"": 3, ""fiyat"": 63325.0, ""kaynak"": ""BNB+BYB+OKX""}, {""usdt"": 12354366.0, ""borsa"": 1, ""fiyat"": 63250.0, ""kaynak"": ""BNB""}, {""usdt"": 10722361.0, ""borsa"": 3, ""fiyat"": 63350.0, ""kaynak"": ""BNB+BYB+OKX""}]","[{""usdt"": 19848091.0, ""borsa"": 3, ""fiyat"": 63375.0, ""kaynak"": ""BNB+BYB+OKX""}, {""usdt"": 10699102.0, ""borsa"": 1, ""fiyat"": 63450.0, ""kaynak"": ""BNB""}, {""usdt"": 10327610.0, ""borsa"": 1, ""fiyat"": 63425.0, ""kaynak"": ""BNB""}]",YOK,0.0698,-0.0218,0.5344,1.3217,true,0,false,,0,0,3,0,0,3,22.6,23.7,IZLE,,25,63448.5,,,,,SEVIYE,90,292.8,30,,,,,,,,,0,,33,292.8,33,,,
29604,2026-07-28 10:35:25.712097+00,63379.350000000006,2394683.3023626013,-219361.734,11741465711.868,0.000009425999999999998,50616096.099969946,0.0,52.4,BEKLE,false,0.0,0.0,1.8523,0,125958332.1642999,0,0.0,52.4,"[{""usdt"": 17025583.0, ""borsa"": 3, ""fiyat"": 63375.0, ""kaynak"": ""BNB+BYB+OKX""}, {""usdt"": 9971467.0, ""borsa"": 1, ""fiyat"": 63300.0, ""kaynak"": ""BNB""}, {""usdt"": 8123194.0, ""borsa"": 1, ""fiyat"": 63325.0, ""kaynak"": ""BNB""}]","[{""usdt"": 71126100.0, ""borsa"": 1, ""fiyat"": 63450.0, ""kaynak"": ""BNB""}, {""usdt"": 20207026.0, ""borsa"": 3, ""fiyat"": 63425.0, ""kaynak"": ""BNB+BYB+OKX""}, {""usdt"": 15150009.0, ""borsa"": 3, ""fiyat"": 63400.0, ""kaynak"": ""BNB+BYB+OKX""}]",SPOT,0.1697,-0.4267,0.4778,0.0975,false,1.3823,false,,2,0,3,0,2,3,19.1,20.2,IZLE,,25,63401.2,,,,,SEVIYE,90,223.7,23,,,,,,,,,0,,33,293.8,33,,,
29605,2026-07-28 10:36:26.098176+00,63400.850000000006,2394683.3023626013,-219361.734,11741465711.868,0.000009425999999999998,55053149.76017003,0.0,30.1,BEKLE,false,0.0,0.0,1.8506,60.399,123210210.29045986,60.399,0.0,30.1,"[{""usdt"": 15016441.0, ""borsa"": 3, ""fiyat"": 63375.0, ""kaynak"": ""BNB+BYB+OKX""}, {""usdt"": 11644789.0, ""borsa"": 1, ""fiyat"": 63300.0, ""kaynak"": ""BNB""}, {""usdt"": 10662622.0, ""borsa"": 3, ""fiyat"": 63350.0, ""kaynak"": ""BNB+BYB+OKX""}]","[{""usdt"": 70932735.0, ""borsa"": 1, ""fiyat"": 63450.0, ""kaynak"": ""BNB""}, {""usdt"": 17769241.0, ""borsa"": 1, ""fiyat"": 63425.0, ""kaynak"": ""BNB""}, {""usdt"": 15925699.0, ""borsa"": 3, ""fiyat"": 63400.0, ""kaynak"": ""BNB+BYB+OKX""}]",YOK,0.12,-0.3823,0.6197,1.0301,false,0.7457,false,,1,0,3,0,1,3,15.6,16.7,IZLE,,25,63401.2,,,,,SEVIYE,90,224.7,23,,,,,,,,,0,,33,294.8,33,,,
29606,2026-07-28 10:37:26.431039+00,63452.55,3163609.9568785015,651306.2310000001,11746274344.2274,0.000009425999999999998,52673305.61516006,0.0,33.6,BEKLE,false,0.0,0.0,1.8506,0,52525013.989549965,120.769,0.0,33.6,"[{""usdt"": 16469605.0, ""borsa"": 3, ""fiyat"": 63425.0, ""kaynak"": ""BNB+BYB+OKX""}, {""usdt"": 11682710.0, ""borsa"": 1, ""fiyat"": 63350.0, ""kaynak"": ""BNB""}, {""usdt"": 7359247.0, ""borsa"": 1, ""fiyat"": 63400.0, ""kaynak"": ""BNB""}]","[{""usdt"": 10909406.0, ""borsa"": 1, ""fiyat"": 63500.0, ""kaynak"": ""BNB""}, {""usdt"": 10335367.0, ""borsa"": 3, ""fiyat"": 63475.0, ""kaynak"": ""BNB+BYB+OKX""}, {""usdt"": 8528546.0, ""borsa"": 3, ""fiyat"": 63450.0, ""kaynak"": ""BNB+BYB+OKX""}]",SPOT,0.2156,0.0014,0.4471,1.1589,false,0.7249,false,,3,0,3,0,0,3,12.2,13.2,IZLE,,25,63448.5,,,,,SEVIYE,90,295.8,30,,,,,,,,,0,,33,295.8,33,,,
29607,2026-07-28 10:38:26.746747+00,63460.05,3486415.8306123,1141939.0289999999,11752708576.1805,0.000009425999999999998,49410165.248270005,14593.684600000002,29.2,BEKLE,false,0.0,14593.684600000002,1.8506,60.322,50047262.90022998,60.322,0.0,29.2,"[{""usdt"": 15415662.0, ""borsa"": 3, ""fiyat"": 63425.0, ""kaynak"": ""BNB+BYB+OKX""}, {""usdt"": 9568985.0, ""borsa"": 1, ""fiyat"": 63350.0, ""kaynak"": ""BNB""}, {""usdt"": 9513202.0, ""borsa"": 3, ""fiyat"": 63450.0, ""kaynak"": ""BNB+BYB+OKX""}]","[{""usdt"": 12992919.0, ""borsa"": 3, ""fiyat"": 63475.0, ""kaynak"": ""BNB+BYB+OKX""}, {""usdt"": 9262303.0, ""borsa"": 1, ""fiyat"": 63500.0, ""kaynak"": ""BNB""}, {""usdt"": 8932002.0, ""borsa"": 1, ""fiyat"": 63525.0, ""kaynak"": ""BNB""}]",YOK,0.1445,-0.0064,0.3926,1.0672,true,0.3291,false,,1,0,3,0,0,3,8.6,9.7,IZLE,,25,63448.5,,,,,SEVIYE,90,296.8,30,,,,,,,1785235020,1,0,,33,296.8,33,,,
29608,2026-07-28 10:39:27.106825+00,63460.05,2638248.1734136986,-69292.36999999985,11734446305.489899,0.000009425999999999998,64019013.730650105,14596.033000000001,44.4,BEKLE,true,0.0,14596.033000000001,1.8506,120.632,53231970.14392002,120.632,44.4,0.0,"[{""usdt"": 21933558.0, ""borsa"": 3, ""fiyat"": 63450.0, ""kaynak"": ""BNB+BYB+OKX""}, {""usdt"": 15344683.0, ""borsa"": 3, ""fiyat"": 63425.0, ""kaynak"": ""BNB+BYB+OKX""}, {""usdt"": 9501481.0, ""borsa"": 1, ""fiyat"": 63350.0, ""kaynak"": ""BNB""}]","[{""usdt"": 14610279.0, ""borsa"": 3, ""fiyat"": 63475.0, ""kaynak"": ""BNB+BYB+OKX""}, {""usdt"": 10987897.0, ""borsa"": 1, ""fiyat"": 63500.0, ""kaynak"": ""BNB""}, {""usdt"": 8922746.0, ""borsa"": 1, ""fiyat"": 63550.0, ""kaynak"": ""BNB""}]",YOK,0.1492,0.092,0.4305,1.1727,false,0.5713,false,,1,0,3,0,0,3,5,6.1,IZLE,,50,63448.5,,,,,SEVIYE+TASFIYE,90,297.8,30,,,,,,,1785235020,1,0,,33,297.8,33,,,
29609,2026-07-28 10:40:28.485418+00,63464.95,3044517.177422497,259492.2049999999,11734970357.3678,0.000009425999999999998,52899593.893199995,14596.033000000001,23.1,BEKLE,false,0.0,14596.033000000001,1.8506,182.076,51692950.25259001,182.076,0.0,23.1,"[{""usdt"": 12229789.0, ""borsa"": 3, ""fiyat"": 63450.0, ""kaynak"": ""BNB+BYB+OKX""}, {""usdt"": 11296464.0, ""borsa"": 1, ""fiyat"": 63375.0, ""kaynak"": ""BNB""}, {""usdt"": 10818363.0, ""borsa"": 3, ""fiyat"": 63425.0, ""kaynak"": ""BNB+BYB+OKX""}]","[{""usdt"": 14599480.0, ""borsa"": 3, ""fiyat"": 63475.0, ""kaynak"": ""BNB+BYB+OKX""}, {""usdt"": 10431012.0, ""borsa"": 1, ""fiyat"": 63550.0, ""kaynak"": ""BNB""}, {""usdt"": 9258795.0, ""borsa"": 1, ""fiyat"": 63525.0, ""kaynak"": ""BNB""}]",SPOT,0.1544,0.0115,0.3837,3.3132,true,0,false,,2,0,3,0,0,3,2.6,3.7,IZLE,,50,63480.1,,,,,SEVIYE+TASFIYE,75,298.8,30,,,,,,,1785235020,1,1,,33,298.8,33,,,
29610,2026-07-28 10:41:29.027592+00,63463.149999999994,4384158.802043098,3117263.0560000003,11737782219.6638,0.000009425999999999998,50620429.85179999,14659.4878,68.6,BEKLE,false,63.454800000000006,14596.033000000001,1.8506,242.422,123699121.19949001,242.422,0.0,68.6,"[{""usdt"": 12099846.0, ""borsa"": 3, ""fiyat"": 63425.0, ""kaynak"": ""BNB+BYB+OKX""}, {""usdt"": 11184124.0, ""borsa"": 3, ""fiyat"": 63450.0, ""kaynak"": ""BNB+BYB+OKX""}, {""usdt"": 10930191.0, ""borsa"": 1, ""fiyat"": 63375.0, ""kaynak"": ""BNB""}]","[{""usdt"": 81840826.0, ""borsa"": 1, ""fiyat"": 63500.0, ""kaynak"": ""BNB""}, {""usdt"": 15704431.0, ""borsa"": 3, ""fiyat"": 63475.0, ""kaynak"": ""BNB+BYB+OKX""}, {""usdt"": 9449802.0, ""borsa"": 1, ""fiyat"": 63550.0, ""kaynak"": ""BNB""}]",SPOT,0.1544,-0.4192,0.2148,0.4408,true,0,false,,2,0,3,0,1,3,63,61.5,HAZIRLAN,LONG,50,63448.5,63480.1,63653.6,63442.2,9.08,SEVIYE+EMILIM,90,299.8,30,,,,,,,1785235140,1,0,0.81,33,299.8,33,,,
29611,2026-07-28 10:42:29.318837+00,63487.55,4593876.738999798,3143263.136,11739408837.4164,0.000009425999999999998,49695500.87577999,14532.5856,86.0,BEKLE,true,63.454800000000006,14469.1308,1.8514,302.939,124823841.04197001,302.939,0.0,86.0,"[{""usdt"": 11835231.0, ""borsa"": 3, ""fiyat"": 63425.0, ""kaynak"": ""BNB+BYB+OKX""}, {""usdt"": 10930191.0, ""borsa"": 1, ""fiyat"": 63375.0, ""kaynak"": ""BNB""}, {""usdt"": 10523811.0, ""borsa"": 3, ""fiyat"": 63450.0, ""kaynak"": ""BNB+BYB+OKX""}]","[{""usdt"": 81840826.0, ""borsa"": 1, ""fiyat"": 63500.0, ""kaynak"": ""BNB""}, {""usdt"": 16576966.0, ""borsa"": 3, ""fiyat"": 63475.0, ""kaynak"": ""BNB+BYB+OKX""}, {""usdt"": 9449802.0, ""borsa"": 1, ""fiyat"": 63550.0, ""kaynak"": ""BNB""}]",YOK,0.1433,-0.4305,0.2101,0.3395,true,0,false,,1,0,3,0,2,3,59.6,60.7,IZLE,,50,63476.7,,,,,SEVIYE+TASFIYE,100,300.8,31,,,,,,,1785235140,1,0,,30,300.8,30,,,
29612,2026-07-28 10:43:29.851495+00,63473.649999999994,5273180.543042898,3252962.5800000005,11743737926.7295,0.000009425999999999998,54433081.35978005,16315.8708,66.9,BEKLE,true,63.454800000000006,16252.416000000001,1.8514,120.795,62284742.289780036,120.795,0.0,66.9,"[{""usdt"": 14026523.0, ""borsa"": 3, ""fiyat"": 63450.0, ""kaynak"": ""BNB+BYB+OKX""}, {""usdt"": 11966634.0, ""borsa"": 3, ""fiyat"": 63475.0, ""kaynak"": ""BNB+BYB+OKX""}, {""usdt"": 9701217.0, ""borsa"": 1, ""fiyat"": 63400.0, ""kaynak"": ""BNB""}]","[{""usdt"": 15260492.0, ""borsa"": 3, ""fiyat"": 63500.0, ""kaynak"": ""BNB+BYB+OKX""}, {""usdt"": 15052106.0, ""borsa"": 1, ""fiyat"": 63600.0, ""kaynak"": ""BNB""}, {""usdt"": 10195846.0, ""borsa"": 1, ""fiyat"": 63575.0, ""kaynak"": ""BNB""}]",SPOT,0.3057,-0.0673,0.2817,0.1416,true,0,false,,3,0,3,0,1,3,55.9,57,HAZIRLAN,LONG,75,63476.7,63476.7,63755.6,63414.6,4.78,SEVIYE+TASFIYE+EMILIM,100,301.8,31,,,,,,,1785235320,1,0,0.05,30,301.8,30,,,
29613,2026-07-28 10:44:30.355155+00,63477.55,5110162.145066897,3105477.967,11742782971.7581,0.000009425999999999998,66461362.90970003,16314.514,57.3,BEKLE,true,63.454800000000006,16251.0592,1.8514,60.559,54795765.68007003,181.354,0.0,57.3,"[{""usdt"": 30638959.0, ""borsa"": 3, ""fiyat"": 63450.0, ""kaynak"": ""BNB+BYB+OKX""}, {""usdt"": 10336974.0, ""borsa"": 1, ""fiyat"": 63375.0, ""kaynak"": ""BNB""}, {""usdt"": 8778151.0, ""borsa"": 1, ""fiyat"": 63400.0, ""kaynak"": ""BNB""}]","[{""usdt"": 12216822.0, ""borsa"": 3, ""fiyat"": 63500.0, ""kaynak"": ""BNB+BYB+OKX""}, {""usdt"": 10891640.0, ""borsa"": 3, ""fiyat"": 63475.0, ""kaynak"": ""BNB+BYB+OKX""}, {""usdt"": 10827203.0, ""borsa"": 1, ""fiyat"": 63575.0, ""kaynak"": ""BNB""}]",SPOT,0.2963,0.0962,0.2651,0.1239,true,0,false,,3,0,3,0,0,3,52.3,53.4,HAZIRLAN,LONG,50,63476.7,63580.3,63755.6,63470.3,38.48,SEVIYE+EMILIM,100,302.8,31,,,,,,,1785235320,1,0,14.22,30,302.8,30,,,
29614,2026-07-28 10:45:31.000265+00,63509.75,5143573.605117297,3103234.991,11744358158.5536,0.000009425999999999998,55352771.98966004,16568.4042,56.2,BEKLE,true,317.345,16251.0592,1.8514,121.07,54600451.476250015,241.865,0.0,56.2,"[{""usdt"": 18179554.0, ""borsa"": 3, ""fiyat"": 63450.0, ""kaynak"": ""BNB+BYB+OKX""}, {""usdt"": 12227907.0, ""borsa"": 1, ""fiyat"": 63375.0, ""kaynak"": ""BNB""}, {""usdt"": 8997353.0, ""borsa"": 1, ""fiyat"": 63400.0, ""kaynak"": ""BNB""}]","[{""usdt"": 14231695.0, ""borsa"": 3, ""fiyat"": 63500.0, ""kaynak"": ""BNB+BYB+OKX""}, {""usdt"": 11751395.0, ""borsa"": 1, ""fiyat"": 63575.0, ""kaynak"": ""BNB""}, {""usdt"": 8413445.0, ""borsa"": 1, ""fiyat"": 63525.0, ""kaynak"": ""BNB""}]",SPOT,0.1512,0.0068,0.2548,0.3591,true,0,false,8.099,1,0,3,1,0,3,49,50,HAZIRLAN,LONG,50,63476.7,63580.3,63755.6,63470.3,6.24,SEVIYE+EMILIM,100,303.9,31,,,,,,,1785235440,2,0,1.79,30,303.9,30,,,
29615,2026-07-28 10:46:31.56985+00,63508.149999999994,3260762.605354195,3178353.587,11750683426.769001,0.000009425999999999998,53651697.78477,35809.469,15.5,BEKLE,,317.473,35491.996,1.8514,0,61422306.19915992,181.941,0.0,15.5,"[{""usdt"": 14920226.0, ""borsa"": 3, ""fiyat"": 63475.0, ""kaynak"": ""BNB+BYB+OKX""}, {""usdt"": 12828297.0, ""borsa"": 3, ""fiyat"": 63500.0, ""kaynak"": ""BNB+BYB+OKX""}, {""usdt"": 9395862.0, ""borsa"": 1, ""fiyat"": 63425.0, ""kaynak"": ""BNB""}]","[{""usdt"": 15311125.0, ""borsa"": 3, ""fiyat"": 63525.0, ""kaynak"": ""BNB+BYB+OKX""}, {""usdt"": 13123763.0, ""borsa"": 1, ""fiyat"": 63600.0, ""kaynak"": ""BNB""}, {""usdt"": 10190094.0, ""borsa"": 1, ""fiyat"": 63575.0, ""kaynak"": ""BNB""}]",SPOT,0.1955,-0.0675,0.895,2.3673,false,,false,4.1149,2,0,3,0,2,3,46,47.1,IZLE,,25,63476.7,,,,,SEVIYE,100,304.9,31,,,,,,,1785235500,2,0,,30,304.9,30,,,
29616,2026-07-28 10:47:32.13865+00,63507.05,4825354.990988797,3081522.709,11752492399.767399,0.000009425999999999998,58513129.40004999,35809.4515,16.9,BEKLE,,317.473,35491.978500000005,1.8514,60.506,58800179.18739998,242.447,16.9,0.0,"[{""usdt"": 17988938.0, ""borsa"": 3, ""fiyat"": 63475.0, ""kaynak"": ""BNB+BYB+OKX""}, {""usdt"": 12161642.0, ""borsa"": 3, ""fiyat"": 63500.0, ""kaynak"": ""BNB+BYB+OKX""}, {""usdt"": 11144726.0, ""borsa"": 1, ""fiyat"": 63425.0, ""kaynak"": ""BNB""}]","[{""usdt"": 15925567.0, ""borsa"": 3, ""fiyat"": 63525.0, ""kaynak"": ""BNB+BYB+OKX""}, {""usdt"": 13356434.0, ""borsa"": 1, ""fiyat"": 63600.0, ""kaynak"": ""BNB""}, {""usdt"": 10287602.0, ""borsa"": 1, ""fiyat"": 63575.0, ""kaynak"": ""BNB""}]",SPOT,0.1922,-0.0024,,,false,,false,3.8204,2,0,3,1,0,3,42.6,43.7,IZLE,,25,63476.7,,,,,SEVIYE,100,305.9,31,,,,,,,1785235500,2,0,,30,305.9,30,,,
29617,2026-07-28 10:48:32.444902+00,63507.350000000006,4993007.397833392,3106404.3610000005,11753070190.3819,0.000009425999999999998,59173182.95905003,19558.392300000003,35.2,BEKLE,false,317.473,19240.9193,1.8539,120.885,61540115.57292001,302.826,35.2,0.0,"[{""usdt"": 16305089.0, ""borsa"": 3, ""fiyat"": 63475.0, ""kaynak"": ""BNB+BYB+OKX""}, {""usdt"": 16282879.0, ""borsa"": 3, ""fiyat"": 63500.0, ""kaynak"": ""BNB+BYB+OKX""}, {""usdt"": 8986464.0, ""borsa"": 1, ""fiyat"": 63400.0, ""kaynak"": ""BNB""}]","[{""usdt"": 14964230.0, ""borsa"": 3, ""fiyat"": 63525.0, ""kaynak"": ""BNB+BYB+OKX""}, {""usdt"": 13729196.0, ""borsa"": 1, ""fiyat"": 63600.0, ""kaynak"": ""BNB""}, {""usdt"": 9763072.0, ""borsa"": 1, ""fiyat"": 63575.0, ""kaynak"": ""BNB""}]",SPOT,0.2468,-0.0196,0.4697,3.7299,false,,false,1.3931,2,0,3,0,1,3,39.2,40.2,IZLE,,25,63476.7,,,,,SEVIYE,100,306.9,31,,,,,,,1785235500,2,0,,30,306.9,30,,,
29618,2026-07-28 10:49:32.81099+00,63505.149999999994,5305803.5454240935,2853906.4119999995,11752550437.4432,0.000009425999999999998,58332840.43293,19558.392300000003,28.7,BEKLE,,317.473,19240.9193,1.8539,181.215,59783417.88188997,363.156,28.7,0.0,"[{""usdt"": 17872028.0, ""borsa"": 3, ""fiyat"": 63500.0, ""kaynak"": ""BNB+BYB+OKX""}, {""usdt"": 13742141.0, ""borsa"": 3, ""fiyat"": 63475.0, ""kaynak"": ""BNB+BYB+OKX""}, {""usdt"": 8769551.0, ""borsa"": 1, ""fiyat"": 63400.0, ""kaynak"": ""BNB""}]","[{""usdt"": 18017167.0, ""borsa"": 3, ""fiyat"": 63525.0, ""kaynak"": ""BNB+BYB+OKX""}, {""usdt"": 13821543.0, ""borsa"": 1, ""fiyat"": 63600.0, ""kaynak"": ""BNB""}, {""usdt"": 9953779.0, ""borsa"": 1, ""fiyat"": 63575.0, ""kaynak"": ""BNB""}]",SPOT,0.248,-0.0123,0.2649,2.4668,false,,false,1.5871,3,0,3,0,1,3,35.6,36.7,IZLE,,25,63476.7,,,,,SEVIYE,100,307.9,31,,,,,,,1785235500,2,1,,30,307.9,30,,,
29619,2026-07-28 10:50:33.295976+00,63514.55,5290824.727074494,2619252.2970000003,11750158126.468899,0.000009425999999999998,57201395.66546002,1587.7525,40.4,BEKLE,false,0.0,1587.7525,1.8539,241.6,198312931.38972956,423.541,40.4,0.0,"[{""usdt"": 18673313.0, ""borsa"": 3, ""fiyat"": 63475.0, ""kaynak"": ""BNB+BYB+OKX""}, {""usdt"": 10171928.0, ""borsa"": 3, ""fiyat"": 63450.0, ""kaynak"": ""BNB+BYB+OKX""}, {""usdt"": 8942462.0, ""borsa"": 1, ""fiyat"": 63425.0, ""kaynak"": ""BNB""}]","[{""usdt"": 83913451.0, ""borsa"": 3, ""fiyat"": 63500.0, ""kaynak"": ""BNB+BYB+OKX""}, {""usdt"": 82390147.0, ""borsa"": 3, ""fiyat"": 63525.0, ""kaynak"": ""BNB+BYB+OKX""}, {""usdt"": 13850209.0, ""borsa"": 1, ""fiyat"": 63600.0, ""kaynak"": ""BNB""}]",SPOT,0.2193,-0.5523,0.1235,0.2657,false,,false,1.281,3,0,3,1,1,3,32.2,33.2,IZLE,,25,63476.7,,,,,SEVIYE,100,308.9,31,,,,,,,1785235500,1,0,,30,308.9,30,,,
29620,2026-07-28 10:51:34.336924+00,63522.350000000006,5118884.621565094,-175803.54400000002,11756368757.3236,0.000009425999999999998,61160585.40820001,0.0,74.0,BEKLE,false,0.0,0.0,1.8563,302.023,59568614.602849945,483.964,74.0,0.0,"[{""usdt"": 18085863.0, ""borsa"": 3, ""fiyat"": 63500.0, ""kaynak"": ""BNB+BYB+OKX""}, {""usdt"": 13092225.0, ""borsa"": 3, ""fiyat"": 63475.0, ""kaynak"": ""BNB+BYB+OKX""}, {""usdt"": 12219565.0, ""borsa"": 1, ""fiyat"": 63425.0, ""kaynak"": ""BNB""}]","[{""usdt"": 17175777.0, ""borsa"": 3, ""fiyat"": 63525.0, ""kaynak"": ""BNB+BYB+OKX""}, {""usdt"": 14014176.0, ""borsa"": 1, ""fiyat"": 63600.0, ""kaynak"": ""BNB""}, {""usdt"": 9011888.0, ""borsa"": 1, ""fiyat"": 63625.0, ""kaynak"": ""BNB""}]",SPOT,0.2102,0.0132,0.2042,0.103,false,,false,0.2341,2,0,3,1,0,3,28.1,29.1,IZLE,,25,63476.7,,,,,SEVIYE,100,309.9,31,,,,,,,,,0,,30,309.9,30,,,
29621,2026-07-28 10:52:34.671899+00,63504.149999999994,5524689.970613195,-619552.2440000001,11758747090.6996,0.000009425999999999998,55385598.796689995,889.448,63.0,BEKLE,false,0.0,889.448,1.8563,242.247,63219724.74182999,545.073,63.0,0.0,"[{""usdt"": 17741685.0, ""borsa"": 3, ""fiyat"": 63500.0, ""kaynak"": ""BNB+BYB+OKX""}, {""usdt"": 11676176.0, ""borsa"": 1, ""fiyat"": 63450.0, ""kaynak"": ""BNB""}, {""usdt"": 9402061.0, ""borsa"": 3, ""fiyat"": 63475.0, ""kaynak"": ""BNB+BYB+OKX""}]","[{""usdt"": 17447692.0, ""borsa"": 3, ""fiyat"": 63525.0, ""kaynak"": ""BNB+BYB+OKX""}, {""usdt"": 11945234.0, ""borsa"": 1, ""fiyat"": 63600.0, ""kaynak"": ""BNB""}, {""usdt"": 11239471.0, ""borsa"": 1, ""fiyat"": 63625.0, ""kaynak"": ""BNB""}]",YOK,0.1366,-0.0661,0.0815,0.0223,false,,false,0.2435,2,0,3,0,1,3,25.3,26.4,IZLE,,25,63498.4,,,,,SEVIYE,90,310.9,32,,,,,,,1785235860,1,0,,33,310.9,33,,,
29622,2026-07-28 10:53:35.069235+00,63484.149999999994,5408406.962606394,-1777799.6320000002,11753879758.5949,0.000009425999999999998,61443513.59500002,1334.1468000000002,75.1,BEKLE,false,0.0,1334.1468000000002,1.8563,302.585,54856034.72882005,605.411,75.1,0.0,"[{""usdt"": 21230253.0, ""borsa"": 3, ""fiyat"": 63475.0, ""kaynak"": ""BNB+BYB+OKX""}, {""usdt"": 12376184.0, ""borsa"": 3, ""fiyat"": 63450.0, ""kaynak"": ""BNB+BYB+OKX""}, {""usdt"": 9573450.0, ""borsa"": 1, ""fiyat"": 63400.0, ""kaynak"": ""BNB""}]","[{""usdt"": 14385613.0, ""borsa"": 3, ""fiyat"": 63500.0, ""kaynak"": ""BNB+BYB+OKX""}, {""usdt"": 11563284.0, ""borsa"": 1, ""fiyat"": 63600.0, ""kaynak"": ""BNB""}, {""usdt"": 9812936.0, ""borsa"": 2, ""fiyat"": 63525.0, ""kaynak"": ""BNB+BYB""}]",YOK,0.1278,0.0566,0.0384,0.1415,false,,false,0.2542,1,0,3,0,0,3,21.8,22.9,IZLE,,25,63498.4,,,,,SEVIYE,90,311.9,32,,,,,,,1785235860,1,0,,33,311.9,33,,,
29623,2026-07-28 10:54:35.374168+00,63492.95,5638830.477770996,-10265615.354,11762234480.7399,0.000009425999999999998,60553612.33384006,1334.1468000000002,64.2,BEKLE,false,0.0,1334.1468000000002,1.8563,120.698,54637577.37831001,665.771,64.2,0.0,"[{""usdt"": 21684589.0, ""borsa"": 3, ""fiyat"": 63475.0, ""kaynak"": ""BNB+BYB+OKX""}, {""usdt"": 11825958.0, ""borsa"": 3, ""fiyat"": 63450.0, ""kaynak"": ""BNB+BYB+OKX""}, {""usdt"": 8894256.0, ""borsa"": 1, ""fiyat"": 63425.0, ""kaynak"": ""BNB""}]","[{""usdt"": 14100853.0, ""borsa"": 3, ""fiyat"": 63500.0, ""kaynak"": ""BNB+BYB+OKX""}, {""usdt"": 11598793.0, ""borsa"": 1, ""fiyat"": 63550.0, ""kaynak"": ""BNB""}, {""usdt"": 11055475.0, ""borsa"": 1, ""fiyat"": 63600.0, ""kaynak"": ""BNB""}]",YOK,0.1447,0.0514,0.0118,0.0285,false,,false,0.3081,1,0,3,0,0,3,18.3,19.4,IZLE,,25,63498.4,,,,,SEVIYE,90,312.9,32,,,,,,,1785235860,1,1,,33,312.9,33,,,
29624,2026-07-28 10:55:35.741518+00,63475.95,5453484.405409897,-10298453.664999997,11760742437.3312,0.000009425999999999998,56965939.14500003,1334.1468000000002,51.9,BEKLE,false,0.0,1334.1468000000002,1.8563,60.311,54000298.91411005,726.082,51.9,0.0,"[{""usdt"": 16412131.0, ""borsa"": 3, ""fiyat"": 63450.0, ""kaynak"": ""BNB+BYB+OKX""}, {""usdt"": 10188392.0, ""borsa"": 3, ""fiyat"": 63475.0, ""kaynak"": ""BNB+BYB+OKX""}, {""usdt"": 9544112.0, ""borsa"": 1, ""fiyat"": 63425.0, ""kaynak"": ""BNB""}]","[{""usdt"": 11655838.0, ""borsa"": 1, ""fiyat"": 63550.0, ""kaynak"": ""BNB""}, {""usdt"": 10978993.0, ""borsa"": 3, ""fiyat"": 63500.0, ""kaynak"": ""BNB+BYB+OKX""}, {""usdt"": 10283555.0, ""borsa"": 3, ""fiyat"": 63475.0, ""kaynak"": ""BNB+BYB+OKX""}]",SPOT,0.2034,0.0267,0.0059,0.092,false,,false,0.1455,3,0,3,0,1,3,14.4,15.4,IZLE,,25,63466.5,,,,,SEVIYE,65,313.9,32,,,,,,,1785235860,1,2,,33,313.9,33,,,
29625,2026-07-28 10:56:36.035957+00,63474.75,2321590.7329159994,-139517.92299999998,11760314325.296398,0.000009425999999999998,55965924.30481,1334.1468000000002,13.6,BEKLE,true,0.0,1334.1468000000002,1.858,120.634,57632274.45492004,786.405,0.0,13.6,"[{""usdt"": 16607138.0, ""borsa"": 3, ""fiyat"": 63450.0, ""kaynak"": ""BNB+BYB+OKX""}, {""usdt"": 9526546.0, ""borsa"": 1, ""fiyat"": 63425.0, ""kaynak"": ""BNB""}, {""usdt"": 9327535.0, ""borsa"": 1, ""fiyat"": 63375.0, ""kaynak"": ""BNB""}]","[{""usdt"": 14748169.0, ""borsa"": 3, ""fiyat"": 63475.0, ""kaynak"": ""BNB+BYB+OKX""}, {""usdt"": 10889055.0, ""borsa"": 3, ""fiyat"": 63500.0, ""kaynak"": ""BNB+BYB+OKX""}, {""usdt"": 9838365.0, ""borsa"": 1, ""fiyat"": 63575.0, ""kaynak"": ""BNB""}]",SPOT,0.173,-0.0147,0.9731,1.0926,false,,false,0,2,0,3,0,1,3,10.8,11.9,IZLE,,25,63466.5,,,,,SEVIYE,65,314.9,32,,,,,,,1785235860,1,3,,33,314.9,33,,,
29626,2026-07-28 10:57:36.308835+00,63462.649999999994,2268049.934310099,-239187.14099999997,11760168580.269001,0.000009425999999999998,59240380.41964998,0.0,41.6,BEKLE,true,0.0,0.0,1.858,180.912,53543695.79301002,846.683,0.0,41.6,"[{""usdt"": 18777440.0, ""borsa"": 3, ""fiyat"": 63450.0, ""kaynak"": ""BNB+BYB+OKX""}, {""usdt"": 11717546.0, ""borsa"": 1, ""fiyat"": 63375.0, ""kaynak"": ""BNB""}, {""usdt"": 8928993.0, ""borsa"": 1, ""fiyat"": 63400.0, ""kaynak"": ""BNB""}]","[{""usdt"": 14012931.0, ""borsa"": 3, ""fiyat"": 63475.0, ""kaynak"": ""BNB+BYB+OKX""}, {""usdt"": 9323756.0, ""borsa"": 1, ""fiyat"": 63575.0, ""kaynak"": ""BNB""}, {""usdt"": 9181674.0, ""borsa"": 1, ""fiyat"": 63525.0, ""kaynak"": ""BNB""}]",SPOT,0.1625,0.0505,0.8008,0.6735,false,,false,0,1,0,3,0,0,3,7.3,8.4,IZLE,,25,63466.5,,,,,SEVIYE,65,315.9,32,,,,,,,,,0,,33,315.9,33,,,
29627,2026-07-28 10:58:36.651337+00,63456.149999999994,2516110.8705516006,-232377.992,11759734740.353,0.000009425999999999998,55429284.738589935,0.0,77.3,BEKLE,true,0.0,0.0,1.858,0,55234646.84963999,483.475,0.0,77.3,"[{""usdt"": 16832540.0, ""borsa"": 3, ""fiyat"": 63425.0, ""kaynak"": ""BNB+BYB+OKX""}, {""usdt"": 11959577.0, ""borsa"": 3, ""fiyat"": 63450.0, ""kaynak"": ""BNB+BYB+OKX""}, {""usdt"": 9566606.0, ""borsa"": 1, ""fiyat"": 63350.0, ""kaynak"": ""BNB""}]","[{""usdt"": 12506628.0, ""borsa"": 3, ""fiyat"": 63475.0, ""kaynak"": ""BNB+BYB+OKX""}, {""usdt"": 10851831.0, ""borsa"": 1, ""fiyat"": 63550.0, ""kaynak"": ""BNB""}, {""usdt"": 9664207.0, ""borsa"": 1, ""fiyat"": 63500.0, ""kaynak"": ""BNB""}]",YOK,0.1248,0.0018,0.4677,0.2989,false,,false,,1,0,3,0,1,3,3.7,4.8,IZLE,,25,63466.5,,,,,SEVIYE,65,316.9,32,,,,,,,,,0,,33,316.9,33,,,
29628,2026-07-28 10:59:36.930803+00,63444.25,2333518.0962851993,-248355.614,11759424878.587399,0.000009425999999999998,51945512.72398999,0.0,94.4,BEKLE,true,0.0,0.0,1.858,60.302,57068404.27133997,543.777,0.0,94.4,"[{""usdt"": 16425605.0, ""borsa"": 3, ""fiyat"": 63425.0, ""kaynak"": ""BNB+BYB+OKX""}, {""usdt"": 10533979.0, ""borsa"": 1, ""fiyat"": 63350.0, ""kaynak"": ""BNB""}, {""usdt"": 9730307.0, ""borsa"": 1, ""fiyat"": 63375.0, ""kaynak"": ""BNB""}]","[{""usdt"": 15179665.0, ""borsa"": 3, ""fiyat"": 63475.0, ""kaynak"": ""BNB+BYB+OKX""}, {""usdt"": 10575951.0, ""borsa"": 1, ""fiyat"": 63550.0, ""kaynak"": ""BNB""}, {""usdt"": 9820136.0, ""borsa"": 3, ""fiyat"": 63450.0, ""kaynak"": ""BNB+BYB+OKX""}]",YOK,0.0973,-0.047,0.1341,0.1304,false,,false,0,0,0,3,0,1,3,63.6,62.6,IZLE,,25,63466.5,,,,,SEVIYE,65,317.9,32,,,,,,,,,0,,33,317.9,33,,,
29629,2026-07-28 11:00:37.46229+00,63481.05,177168.71980180105,-163010.24200000003,11761692713.5457,0.000009425999999999998,51434927.865839995,0.0,85.1,BEKLE,,0.0,0.0,1.858,120.583,59537676.77782997,604.058,0.0,85.1,"[{""usdt"": 18388238.0, ""borsa"": 3, ""fiyat"": 63425.0, ""kaynak"": ""BNB+BYB+OKX""}, {""usdt"": 10533979.0, ""borsa"": 1, ""fiyat"": 63350.0, ""kaynak"": ""BNB""}, {""usdt"": 9730307.0, ""borsa"": 1, ""fiyat"": 63375.0, ""kaynak"": ""BNB""}]","[{""usdt"": 16339483.0, ""borsa"": 3, ""fiyat"": 63450.0, ""kaynak"": ""BNB+BYB+OKX""}, {""usdt"": 10575951.0, ""borsa"": 1, ""fiyat"": 63550.0, ""kaynak"": ""BNB""}, {""usdt"": 10005927.0, ""borsa"": 3, ""fiyat"": 63475.0, ""kaynak"": ""BNB+BYB+OKX""}]",YOK,0.0358,-0.073,0.1964,0.0125,false,3.2437,false,,0,1,3,0,1,3,60.5,61.6,IZLE,,25,63466.5,,,,,SEVIYE,65,319.0,32,,,,,,,,,0,,33,319.0,33,,,
29630,2026-07-28 11:01:38.585785+00,63454.850000000006,2169.585723600845,-141740.93100000004,11759487999.3452,0.000009425999999999998,49010520.03430001,0.0,3.0,BEKLE,,0.0,0.0,1.858,0,59276315.14913,665.244,3.0,0.0,"[{""usdt"": 14737745.0, ""borsa"": 3, ""fiyat"": 63450.0, ""kaynak"": ""BNB+BYB+OKX""}, {""usdt"": 11552276.0, ""borsa"": 1, ""fiyat"": 63375.0, ""kaynak"": ""BNB""}, {""usdt"": 10642254.0, ""borsa"": 3, ""fiyat"": 63425.0, ""kaynak"": ""BNB+BYB+OKX""}]","[{""usdt"": 16353667.0, ""borsa"": 3, ""fiyat"": 63475.0, ""kaynak"": ""BNB+BYB+OKX""}, {""usdt"": 12483160.0, ""borsa"": 1, ""fiyat"": 63525.0, ""kaynak"": ""BNB""}, {""usdt"": 8087838.0, ""borsa"": 1, ""fiyat"": 63575.0, ""kaynak"": ""BNB""}]",YOK,0.0875,-0.0948,0.998,0.5654,false,5.8777,false,,1,0,3,0,1,3,57.7,58.8,IZLE,,25,63466.5,,,,,SEVIYE,65,320.0,32,,,,,,,,,0,,33,320.0,33,,,
29631,2026-07-28 11:02:38.964591+00,63418.75,-638971.9146021998,-143155.488,11756808191.736198,0.000009425999999999998,51637192.57765002,19032.03,21.5,BEKLE,true,19032.03,0.0,1.858,0,53136846.20878002,725.825,0.0,21.5,"[{""usdt"": 15948771.0, ""borsa"": 3, ""fiyat"": 63425.0, ""kaynak"": ""BNB+BYB+OKX""}, {""usdt"": 11211412.0, ""borsa"": 1, ""fiyat"": 63350.0, ""kaynak"": ""BNB""}, {""usdt"": 9565143.0, ""borsa"": 1, ""fiyat"": 63375.0, ""kaynak"": ""BNB""}]","[{""usdt"": 12025724.0, ""borsa"": 3, ""fiyat"": 63475.0, ""kaynak"": ""BNB+BYB+OKX""}, {""usdt"": 10589203.0, ""borsa"": 3, ""fiyat"": 63450.0, ""kaynak"": ""BNB+BYB+OKX""}, {""usdt"": 9258996.0, ""borsa"": 1, ""fiyat"": 63525.0, ""kaynak"": ""BNB""}]",YOK,0.0876,-0.0143,0.9319,0.9781,false,6.389,false,,0,0,3,0,1,3,54.4,55.5,IZLE,,25,63425.5,,,,,SEVIYE,100,250.9,26,,,,,,,1785236520,1,0,,30,321.0,30,,,
29632,2026-07-28 11:03:39.712768+00,63426.649999999994,-517692.02458599856,-183054.60900000003,11740087977.532099,0.000009425999999999998,51630280.03223003,46361.2627,13.8,BEKLE,false,46361.2627,0.0,1.8563,0,52806019.088630065,120.869,0.0,13.8,"[{""usdt"": 16521019.0, ""borsa"": 3, ""fiyat"": 63400.0, ""kaynak"": ""BNB+BYB+OKX""}, {""usdt"": 10929700.0, ""borsa"": 1, ""fiyat"": 63325.0, ""kaynak"": ""BNB""}, {""usdt"": 8333148.0, ""borsa"": 1, ""fiyat"": 63350.0, ""kaynak"": ""BNB""}]","[{""usdt"": 12705973.0, ""borsa"": 3, ""fiyat"": 63425.0, ""kaynak"": ""BNB+BYB+OKX""}, {""usdt"": 10397739.0, ""borsa"": 1, ""fiyat"": 63525.0, ""kaynak"": ""BNB""}, {""usdt"": 10394812.0, ""borsa"": 1, ""fiyat"": 63475.0, ""kaynak"": ""BNB""}]",YOK,0.0407,-0.0113,0.9653,0.6524,false,5.3189,false,,1,1,3,0,1,3,50.8,51.9,IZLE,,50,63425.5,,,,,SEVIYE+TASFIYE,100,251.9,26,,,,,,,1785236520,1,0,,30,322.0,30,,,
29633,2026-07-28 11:04:41.174271+00,63401.45,-295901.12205499946,-173.65799999999925,11738962475.6416,0.000009425999999999998,48174384.057080016,52576.0581,35.7,BEKLE,false,46361.2627,6214.7954,1.8563,61.916,56954756.57819008,182.785,0.0,35.7,"[{""usdt"": 15535219.0, ""borsa"": 3, ""fiyat"": 63400.0, ""kaynak"": ""BNB+BYB+OKX""}, {""usdt"": 11309079.0, ""borsa"": 1, ""fiyat"": 63325.0, ""kaynak"": ""BNB""}, {""usdt"": 8477988.0, ""borsa"": 1, ""fiyat"": 63350.0, ""kaynak"": ""BNB""}]","[{""usdt"": 13737225.0, ""borsa"": 3, ""fiyat"": 63425.0, ""kaynak"": ""BNB+BYB+OKX""}, {""usdt"": 10885799.0, ""borsa"": 1, ""fiyat"": 63475.0, ""kaynak"": ""BNB""}, {""usdt"": 10422912.0, ""borsa"": 1, ""fiyat"": 63525.0, ""kaynak"": ""BNB""}]",YOK,0.0112,-0.0835,0.8273,0.9362,false,,true,0,1,1,3,0,1,3,49,50.1,IZLE,,50,63425.5,,,,,SEVIYE+TASFIYE,100,252.9,26,,,,,,,1785236580,2,0,,30,323.0,30,,,
29634,2026-07-28 11:05:41.516127+00,63401.149999999994,-1551003.8690748005,-291289.761,11734636003.391499,0.000009425999999999998,55369752.32504,52576.0581,18.5,BEKLE,true,46361.2627,6214.7954,1.8563,0,58440864.19854999,243.087,18.5,0.0,"[{""usdt"": 21119524.0, ""borsa"": 3, ""fiyat"": 63375.0, ""kaynak"": ""BNB+BYB+OKX""}, {""usdt"": 7930527.0, ""borsa"": 1, ""fiyat"": 63325.0, ""kaynak"": ""BNB""}, {""usdt"": 7843352.0, ""borsa"": 1, ""fiyat"": 63300.0, ""kaynak"": ""BNB""}]","[{""usdt"": 13913627.0, ""borsa"": 3, ""fiyat"": 63425.0, ""kaynak"": ""BNB+BYB+OKX""}, {""usdt"": 10377065.0, ""borsa"": 1, ""fiyat"": 63475.0, ""kaynak"": ""BNB""}, {""usdt"": 9170589.0, ""borsa"": 3, ""fiyat"": 63400.0, ""kaynak"": ""BNB+BYB+OKX""}]",YOK,0.0753,-0.027,0.859,2.7594,false,1.7345,false,,1,0,3,0,1,3,45.4,46.5,IZLE,,50,63425.5,,,,,SEVIYE+TASFIYE,100,253.9,26,,,,,,,1785236580,2,1,,30,324.0,30,,,
29635,2026-07-28 11:06:41.838252+00,63401.149999999994,-1743294.3698861005,-374675.19,11734494605.234499,0.000009425999999999998,52746226.96661996,58535.380900000004,20.0,BEKLE,true,52320.5855,6214.7954,1.8563,60.367,56502768.60389,60.367,20.0,0.0,"[{""usdt"": 18725637.0, ""borsa"": 3, ""fiyat"": 63375.0, ""kaynak"": ""BNB+BYB+OKX""}, {""usdt"": 10624625.0, ""borsa"": 1, ""fiyat"": 63300.0, ""kaynak"": ""BNB""}, {""usdt"": 8923441.0, ""borsa"": 1, ""fiyat"": 63325.0, ""kaynak"": ""BNB""}]","[{""usdt"": 12923591.0, ""borsa"": 3, ""fiyat"": 63425.0, ""kaynak"": ""BNB+BYB+OKX""}, {""usdt"": 10000084.0, ""borsa"": 3, ""fiyat"": 63400.0, ""kaynak"": ""BNB+BYB+OKX""}, {""usdt"": 9887019.0, ""borsa"": 1, ""fiyat"": 63475.0, ""kaynak"": ""BNB""}]",YOK,0.0358,-0.0344,0.7721,1.6512,false,1.8791,false,,1,1,3,0,1,3,41.6,42.7,IZLE,,50,63425.5,,,,,SEVIYE+TASFIYE,100,254.9,26,,,,,,,1785236700,2,0,,30,325.0,30,,,
29636,2026-07-28 11:07:42.169195+00,63378.05,-1773626.7362971003,-363740.685,11732981656.8484,0.000009425999999999998,51053395.82448,12174.1182,28.9,BEKLE,true,5959.3228,6214.7954,1.8563,120.662,56173366.93011001,120.662,28.9,0.0,"[{""usdt"": 13150387.0, ""borsa"": 3, ""fiyat"": 63400.0, ""kaynak"": ""BNB+BYB+OKX""}, {""usdt"": 12221557.0, ""borsa"": 3, ""fiyat"": 63375.0, ""kaynak"": ""BNB+BYB+OKX""}, {""usdt"": 11111972.0, ""borsa"": 1, ""fiyat"": 63325.0, ""kaynak"": ""BNB""}]","[{""usdt"": 15146550.0, ""borsa"": 3, ""fiyat"": 63425.0, ""kaynak"": ""BNB+BYB+OKX""}, {""usdt"": 10442097.0, ""borsa"": 1, ""fiyat"": 63475.0, ""kaynak"": ""BNB""}, {""usdt"": 9295431.0, ""borsa"": 1, ""fiyat"": 63500.0, ""kaynak"": ""BNB""}]",YOK,0.063,-0.0477,0.6993,1.7446,false,4.1262,false,2.1764,1,0,3,0,0,3,37.6,38.7,IZLE,,25,63425.5,,,,,SEVIYE,100,255.9,26,,,,,,,1785236700,2,0,,30,326.0,30,,,
29637,2026-07-28 11:08:42.472675+00,63403.850000000006,-1176423.5679440012,421551.08,11737815343.508,0.000009425999999999998,56453741.31049992,7797.1775,31.7,BEKLE,false,7797.1775,0.0,1.8563,0,54331349.82136001,0,0.0,31.7,"[{""usdt"": 22773017.0, ""borsa"": 3, ""fiyat"": 63350.0, ""kaynak"": ""BNB+BYB+OKX""}, {""usdt"": 10518006.0, ""borsa"": 1, ""fiyat"": 63275.0, ""kaynak"": ""BNB""}, {""usdt"": 8150351.0, ""borsa"": 1, ""fiyat"": 63300.0, ""kaynak"": ""BNB""}]","[{""usdt"": 11225808.0, ""borsa"": 3, ""fiyat"": 63375.0, ""kaynak"": ""BNB+BYB+OKX""}, {""usdt"": 10155590.0, ""borsa"": 3, ""fiyat"": 63400.0, ""kaynak"": ""BNB+BYB+OKX""}, {""usdt"": 9725675.0, ""borsa"": 1, ""fiyat"": 63475.0, ""kaynak"": ""BNB""}]",YOK,-0.0219,0.0192,0.33,0.7944,false,,false,16.5066,0,1,3,0,1,3,34.1,35.2,IZLE,,25,63425.5,,,,,SEVIYE,100,257.0,26,,,,,,,1785236820,2,0,,30,327.0,30,,,
29638,2026-07-28 11:09:42.842825+00,63380.850000000006,-1400183.3904913003,-741280.272,11736352345.699501,0.000009425999999999998,52550960.29005,7797.1775,42.7,BEKLE,true,7797.1775,0.0,1.8563,60.38,56928028.44207004,60.38,42.7,0.0,"[{""usdt"": 19449316.0, ""borsa"": 3, ""fiyat"": 63350.0, ""kaynak"": ""BNB+BYB+OKX""}, {""usdt"": 9794046.0, ""borsa"": 1, ""fiyat"": 63275.0, ""kaynak"": ""BNB""}, {""usdt"": 8690434.0, ""borsa"": 1, ""fiyat"": 63325.0, ""kaynak"": ""BNB""}]","[{""usdt"": 12769718.0, ""borsa"": 3, ""fiyat"": 63400.0, ""kaynak"": ""BNB+BYB+OKX""}, {""usdt"": 10298576.0, ""borsa"": 3, ""fiyat"": 63375.0, ""kaynak"": ""BNB+BYB+OKX""}, {""usdt"": 9693216.0, ""borsa"": 1, ""fiyat"": 63425.0, ""kaynak"": ""BNB""}]",YOK,0.0354,-0.04,0.4025,0.5224,false,4.8495,false,,1,0,3,0,1,3,30.6,31.7,IZLE,,25,63425.5,,,,,SEVIYE,100,258.0,26,,,,,,,1785236820,2,1,,30,328.0,30,,,
29639,2026-07-28 11:10:43.133084+00,63377.55,-340517.7569095996,-535792.632,11736293982.8848,0.000009425999999999998,55712507.79027998,1837.8547,21.2,BEKLE,true,1837.8547,0.0,1.8563,120.674,56015913.876290016,120.674,21.2,0.0,"[{""usdt"": 24511414.0, ""borsa"": 3, ""fiyat"": 63350.0, ""kaynak"": ""BNB+BYB+OKX""}, {""usdt"": 9648002.0, ""borsa"": 1, ""fiyat"": 63275.0, ""kaynak"": ""BNB""}, {""usdt"": 7461041.0, ""borsa"": 1, ""fiyat"": 63325.0, ""kaynak"": ""BNB""}]","[{""usdt"": 12903485.0, ""borsa"": 3, ""fiyat"": 63400.0, ""kaynak"": ""BNB+BYB+OKX""}, {""usdt"": 12208243.0, ""borsa"": 3, ""fiyat"": 63375.0, ""kaynak"": ""BNB+BYB+OKX""}, {""usdt"": 8000465.0, ""borsa"": 1, ""fiyat"": 63425.0, ""kaynak"": ""BNB""}]",YOK,-0.0125,-0.0027,0.6912,0.9375,false,,false,0,0,0,3,0,2,3,27,28.1,IZLE,,25,63425.5,,,,,SEVIYE,100,259.0,26,,,,,,,1785236820,1,0,,30,329.1,30,,,
29640,2026-07-28 11:11:43.498844+00,63361.75,-686622.5836654992,-1264296.2059999995,11732785746.2604,0.000009425999999999998,51130006.22331997,1837.8547,28.8,BEKLE,true,1837.8547,0.0,1.8523,0,50056447.22305001,0,28.8,0.0,"[{""usdt"": 14063791.0, ""borsa"": 3, ""fiyat"": 63350.0, ""kaynak"": ""BNB+BYB+OKX""}, {""usdt"": 12689370.0, ""borsa"": 3, ""fiyat"": 63325.0, ""kaynak"": ""BNB+BYB+OKX""}, {""usdt"": 8928608.0, ""borsa"": 1, ""fiyat"": 63250.0, ""kaynak"": ""BNB""}]","[{""usdt"": 13081922.0, ""borsa"": 3, ""fiyat"": 63375.0, ""kaynak"": ""BNB+BYB+OKX""}, {""usdt"": 9759454.0, ""borsa"": 1, ""fiyat"": 63400.0, ""kaynak"": ""BNB""}, {""usdt"": 8414206.0, ""borsa"": 1, ""fiyat"": 63475.0, ""kaynak"": ""BNB""}]",YOK,-0.0439,0.0106,0.3494,0.9063,false,,false,0,1,1,3,0,0,3,23.5,24.6,IZLE,,25,63329.1,,,,,SEVIYE,55,330.1,33,,,,,,,1785236820,1,1,,30,330.1,30,,,
29641,2026-07-28 11:12:43.74375+00,63361.25,-473306.176208898,-1246810.3229999999,11733896908.3698,0.000009425999999999998,48413728.56026997,823.6969,29.9,BEKLE,,823.6969,0.0,1.8523,60.308,52654021.86255007,60.308,29.9,0.0,"[{""usdt"": 16840982.0, ""borsa"": 3, ""fiyat"": 63325.0, ""kaynak"": ""BNB+BYB+OKX""}, {""usdt"": 9844035.0, ""borsa"": 1, ""fiyat"": 63250.0, ""kaynak"": ""BNB""}, {""usdt"": 9529569.0, ""borsa"": 1, ""fiyat"": 63275.0, ""kaynak"": ""BNB""}]","[{""usdt"": 13150025.0, ""borsa"": 3, ""fiyat"": 63375.0, ""kaynak"": ""BNB+BYB+OKX""}, {""usdt"": 9323300.0, ""borsa"": 1, ""fiyat"": 63400.0, ""kaynak"": ""BNB""}, {""usdt"": 8070539.0, ""borsa"": 1, ""fiyat"": 63475.0, ""kaynak"": ""BNB""}]",YOK,-0.0042,-0.042,0.396,0.3646,false,,true,0,1,1,3,0,0,3,20,21,IZLE,,25,63329.1,,,,,SEVIYE,55,331.1,34,,,,,,,1785237120,1,0,,30,331.1,30,,,
29642,2026-07-28 11:13:44.13511+00,63357.05,-341268.0035496979,-1283282.7099999995,11733803992.6227,0.000009425999999999998,53666641.347299986,32625.2846,50.0,BEKLE,,32625.2846,0.0,1.8523,120.614,50302646.224440046,120.614,50.0,0.0,"[{""usdt"": 21480305.0, ""borsa"": 3, ""fiyat"": 63325.0, ""kaynak"": ""BNB+BYB+OKX""}, {""usdt"": 10791120.0, ""borsa"": 1, ""fiyat"": 63250.0, ""kaynak"": ""BNB""}, {""usdt"": 8284560.0, ""borsa"": 1, ""fiyat"": 63275.0, ""kaynak"": ""BNB""}]","[{""usdt"": 12413717.0, ""borsa"": 3, ""fiyat"": 63350.0, ""kaynak"": ""BNB+BYB+OKX""}, {""usdt"": 9168126.0, ""borsa"": 1, ""fiyat"": 63400.0, ""kaynak"": ""BNB""}, {""usdt"": 8933666.0, ""borsa"": 1, ""fiyat"": 63450.0, ""kaynak"": ""BNB""}]",YOK,-0.0371,0.0324,0.1791,0.7147,false,,true,0,1,1,3,0,1,3,16.4,17.5,IZLE,,25,63329.1,,,,,SEVIYE,55,332.1,34,,,,,,,1785237180,2,0,,30,332.1,30,,,
29643,2026-07-28 11:14:44.441232+00,63345.149999999994,-506502.60810879694,-1365921.609,11732354600.321602,0.000009425999999999998,50749739.89274996,72213.0673,30.6,BEKLE,true,72213.0673,0.0,1.8523,120.658,48689859.680549994,180.966,30.6,0.0,"[{""usdt"": 17664243.0, ""borsa"": 3, ""fiyat"": 63325.0, ""kaynak"": ""BNB+BYB+OKX""}, {""usdt"": 9472317.0, ""borsa"": 1, ""fiyat"": 63250.0, ""kaynak"": ""BNB""}, {""usdt"": 9321740.0, ""borsa"": 3, ""fiyat"": 63300.0, ""kaynak"": ""BNB+BYB+OKX""}]","[{""usdt"": 14341528.0, ""borsa"": 3, ""fiyat"": 63350.0, ""kaynak"": ""BNB+BYB+OKX""}, {""usdt"": 9594495.0, ""borsa"": 1, ""fiyat"": 63400.0, ""kaynak"": ""BNB""}, {""usdt"": 8029741.0, ""borsa"": 2, ""fiyat"": 63375.0, ""kaynak"": ""BNB+OKX""}]",YOK,-0.0406,0.0207,0.3891,1.1077,false,,true,0,1,1,3,0,0,3,13,14,IZLE,,25,63329.1,,,,,SEVIYE,55,333.1,34,,,,,,,1785237240,2,0,,30,333.1,30,,,
29644,2026-07-28 11:15:44.777438+00,63388.350000000006,362686.3120273024,-837235.8620000001,11739631768.6661,0.000009425999999999998,45814006.17592,79305.33959999999,20.4,BEKLE,true,79305.33959999999,0.0,1.8523,0,46304938.08202997,0,20.4,0.0,"[{""usdt"": 14271181.0, ""borsa"": 3, ""fiyat"": 63375.0, ""kaynak"": ""BNB+BYB+OKX""}, {""usdt"": 10148425.0, ""borsa"": 3, ""fiyat"": 63350.0, ""kaynak"": ""BNB+BYB+OKX""}, {""usdt"": 7277852.0, ""borsa"": 1, ""fiyat"": 63300.0, ""kaynak"": ""BNB""}]","[{""usdt"": 12139036.0, ""borsa"": 3, ""fiyat"": 63400.0, ""kaynak"": ""BNB+BYB+OKX""}, {""usdt"": 9916253.0, ""borsa"": 1, ""fiyat"": 63500.0, ""kaynak"": ""BNB""}, {""usdt"": 7973619.0, ""borsa"": 1, ""fiyat"": 63450.0, ""kaynak"": ""BNB""}]",YOK,-0.0601,-0.0053,0.5095,0.5576,false,,true,0.0292,0,0,3,0,0,3,9.4,10.5,IZLE,,25,63415.3,,,,,SEVIYE,80,264.0,27,,,,,,,1785237300,2,0,,30,334.1,30,,,
29645,2026-07-28 11:16:45.440117+00,63381.649999999994,242370.5564223003,-892237.8439999999,11737246049.6043,0.000009425999999999998,49342535.43801999,79305.6465,20.6,BEKLE,false,79305.6465,0.0,1.8523,0,50270254.54334001,60.73,0.0,20.6,"[{""usdt"": 15075285.0, ""borsa"": 3, ""fiyat"": 63350.0, ""kaynak"": ""BNB+BYB+OKX""}, {""usdt"": 8785423.0, ""borsa"": 1, ""fiyat"": 63300.0, ""kaynak"": ""BNB""}, {""usdt"": 8498159.0, ""borsa"": 1, ""fiyat"": 63275.0, ""kaynak"": ""BNB""}]","[{""usdt"": 10963713.0, ""borsa"": 3, ""fiyat"": 63400.0, ""kaynak"": ""BNB+BYB+OKX""}, {""usdt"": 10445572.0, ""borsa"": 1, ""fiyat"": 63450.0, ""kaynak"": ""BNB""}, {""usdt"": 8047707.0, ""borsa"": 1, ""fiyat"": 63475.0, ""kaynak"": ""BNB""}]",YOK,-0.0008,-0.0093,0.5264,0.8038,false,,true,0.0817,0,0,3,0,1,3,6.2,7.3,IZLE,,25,63415.3,,,,,SEVIYE,80,265.0,27,,,,,,,1785237300,2,0,,30,335.1,30,,,
29646,2026-07-28 11:17:45.792715+00,63415.45,300402.7526748997,-900138.392,11740147250.5387,0.000009425999999999998,54545254.29042999,64735.6295,17.4,BEKLE,false,64735.6295,0.0,1.8498,60.275,46371026.35350994,121.005,0.0,17.4,"[{""usdt"": 13828882.0, ""borsa"": 3, ""fiyat"": 63400.0, ""kaynak"": ""BNB+BYB+OKX""}, {""usdt"": 13136860.0, ""borsa"": 3, ""fiyat"": 63375.0, ""kaynak"": ""BNB+BYB+OKX""}, {""usdt"": 10652837.0, ""borsa"": 1, ""fiyat"": 63325.0, ""kaynak"": ""BNB""}]","[{""usdt"": 11589569.0, ""borsa"": 3, ""fiyat"": 63425.0, ""kaynak"": ""BNB+BYB+OKX""}, {""usdt"": 9979506.0, ""borsa"": 1, ""fiyat"": 63500.0, ""kaynak"": ""BNB""}, {""usdt"": 9545184.0, ""borsa"": 1, ""fiyat"": 63475.0, ""kaynak"": ""BNB""}]",YOK,0.0361,0.081,0.4984,2.4887,false,,true,0.0666,0,0,3,1,0,3,2.7,3.7,IZLE,,25,63415.3,,,,,SEVIYE,80,266.0,27,,,,,,,1785237300,2,0,,30,336.1,30,,,
29647,2026-07-28 11:18:46.137597+00,63511.149999999994,1450487.4950651,-425546.0229999999,11755347447.6115,0.000009425999999999998,54545254.29042999,95276.4967,0.0,BEKLE,,46684.0792,48592.4175,1.8498,120.65,46371026.35350994,181.38,0.0,0.0,"[{""usdt"": 13828882.0, ""borsa"": 3, ""fiyat"": 63400.0, ""kaynak"": ""BNB+BYB+OKX""}, {""usdt"": 13136860.0, ""borsa"": 3, ""fiyat"": 63375.0, ""kaynak"": ""BNB+BYB+OKX""}, {""usdt"": 10652837.0, ""borsa"": 1, ""fiyat"": 63325.0, ""kaynak"": ""BNB""}]","[{""usdt"": 11589569.0, ""borsa"": 3, ""fiyat"": 63425.0, ""kaynak"": ""BNB+BYB+OKX""}, {""usdt"": 9979506.0, ""borsa"": 1, ""fiyat"": 63500.0, ""kaynak"": ""BNB""}, {""usdt"": 9545184.0, ""borsa"": 1, ""fiyat"": 63475.0, ""kaynak"": ""BNB""}]",YOK,0.0361,0.081,0.4819,2.9543,false,,false,0.2208,0,0,3,1,0,3,63,64.1,IZLE,,25,63539.6,,,,,SEVIYE,50,337.1,34,,,,,,,1785237480,1,0,,30,337.1,30,,,
29648,2026-07-28 11:19:46.496272+00,63529.05,1614661.7005322021,-344492.5970000002,11753665026.5738,0.000009425999999999998,51814060.94085999,56711.2785,0.0,BEKLE,,6275.9664,50435.3121,1.8498,0,51177960.96529007,0,0.0,0.0,"[{""usdt"": 15354755.0, ""borsa"": 3, ""fiyat"": 63475.0, ""kaynak"": ""BNB+BYB+OKX""}, {""usdt"": 9463666.0, ""borsa"": 1, ""fiyat"": 63400.0, ""kaynak"": ""BNB""}, {""usdt"": 8935063.0, ""borsa"": 1, ""fiyat"": 63450.0, ""kaynak"": ""BNB""}]","[{""usdt"": 11488356.0, ""borsa"": 1, ""fiyat"": 63600.0, ""kaynak"": ""BNB""}, {""usdt"": 10934681.0, ""borsa"": 3, ""fiyat"": 63525.0, ""kaynak"": ""BNB+BYB+OKX""}, {""usdt"": 8007543.0, ""borsa"": 1, ""fiyat"": 63550.0, ""kaynak"": ""BNB""}]",SPOT,0.1628,0.0062,0.4804,2.9696,false,,false,0.3226,1,0,3,1,0,3,58.6,59.7,IZLE,,25,63539.6,,,,,SEVIYE,50,338.1,34,,,,,,,1785237540,1,0,,30,338.1,30,,,
29649,2026-07-28 11:20:46.758807+00,63525.25,1614661.7005322021,-344492.5970000002,11753665026.5738,0.000009425999999999998,53900680.83207007,56711.2785,0.0,BEKLE,,6275.9664,50435.3121,1.8498,60.338,48160483.06964998,60.338,0.0,0.0,"[{""usdt"": 17230418.0, ""borsa"": 3, ""fiyat"": 63525.0, ""kaynak"": ""BNB+BYB+OKX""}, {""usdt"": 9351954.0, ""borsa"": 1, ""fiyat"": 63450.0, ""kaynak"": ""BNB""}, {""usdt"": 9027949.0, ""borsa"": 2, ""fiyat"": 63500.0, ""kaynak"": ""BNB+OKX""}]","[{""usdt"": 12275070.0, ""borsa"": 3, ""fiyat"": 63550.0, ""kaynak"": ""BNB+BYB+OKX""}, {""usdt"": 10743001.0, ""borsa"": 1, ""fiyat"": 63625.0, ""kaynak"": ""BNB""}, {""usdt"": 9323462.0, ""borsa"": 1, ""fiyat"": 63600.0, ""kaynak"": ""BNB""}]",SPOT,0.2928,0.0562,0.5308,4.1354,false,,false,0.3695,3,0,3,2,0,3,55.1,56.2,IZLE,,25,63539.6,,,,,SEVIYE,50,339.1,34,,,,,,,1785237540,1,0,,30,339.1,30,,,
29650,2026-07-28 11:21:47.078777+00,63521.649999999994,2021286.8349627026,530272.6989999999,11746292558.6529,0.000009425999999999998,57117674.43189006,60218.640400000004,0.0,BEKLE,,0.0,60218.640400000004,1.8531,0,49704589.74206,120.628,0.0,0.0,"[{""usdt"": 16285131.0, ""borsa"": 3, ""fiyat"": 63500.0, ""kaynak"": ""BNB+BYB+OKX""}, {""usdt"": 14555875.0, ""borsa"": 3, ""fiyat"": 63525.0, ""kaynak"": ""BNB+BYB+OKX""}, {""usdt"": 8641016.0, ""borsa"": 1, ""fiyat"": 63425.0, ""kaynak"": ""BNB""}]","[{""usdt"": 13913366.0, ""borsa"": 3, ""fiyat"": 63550.0, ""kaynak"": ""BNB+BYB+OKX""}, {""usdt"": 10244107.0, ""borsa"": 1, ""fiyat"": 63600.0, ""kaynak"": ""BNB""}, {""usdt"": 9644825.0, ""borsa"": 1, ""fiyat"": 63625.0, ""kaynak"": ""BNB""}]",SPOT,0.2219,0.0694,0.3577,2.0057,true,0,false,2.9678,3,0,3,0,0,3,51.5,52.6,IZLE,,25,63539.6,,,,,SEVIYE,50,340.1,34,,,,,,,1785237600,1,0,,30,340.1,30,,,
29651,2026-07-28 11:22:47.397449+00,63496.95,2007238.5640125028,675386.625,11745812933.1934,0.000009425999999999998,54684510.069830015,60219.6106,40.2,BEKLE,true,0.0,60219.6106,1.8531,60.296,49481837.60685997,180.924,0.0,40.2,"[{""usdt"": 21652286.0, ""borsa"": 3, ""fiyat"": 63500.0, ""kaynak"": ""BNB+BYB+OKX""}, {""usdt"": 8600567.0, ""borsa"": 1, ""fiyat"": 63450.0, ""kaynak"": ""BNB""}, {""usdt"": 7420055.0, ""borsa"": 1, ""fiyat"": 63425.0, ""kaynak"": ""BNB""}]","[{""usdt"": 11257159.0, ""borsa"": 3, ""fiyat"": 63550.0, ""kaynak"": ""BNB+BYB+OKX""}, {""usdt"": 10125970.0, ""borsa"": 3, ""fiyat"": 63525.0, ""kaynak"": ""BNB+BYB+OKX""}, {""usdt"": 10092008.0, ""borsa"": 1, ""fiyat"": 63625.0, ""kaynak"": ""BNB""}]",SPOT,0.1881,0.0499,0.3245,1.1077,true,0,false,1.8427,2,0,3,0,0,3,48,49.1,IZLE,,25,63477.8,,,,,SEVIYE,100,341.1,35,,,,,,,1785237600,1,0,,30,341.1,30,,,
29652,2026-07-28 11:23:47.756377+00,63440.05,1933241.3854157012,557864.7010000001,11744098158.343601,0.000009425999999999998,60439777.29292997,60219.6106,48.2,BEKLE,false,0.0,60219.6106,1.8531,120.642,54643904.30012998,241.27,0.0,48.2,"[{""usdt"": 19889523.0, ""borsa"": 3, ""fiyat"": 63450.0, ""kaynak"": ""BNB+BYB+OKX""}, {""usdt"": 13869752.0, ""borsa"": 3, ""fiyat"": 63475.0, ""kaynak"": ""BNB+BYB+OKX""}, {""usdt"": 8513512.0, ""borsa"": 1, ""fiyat"": 63425.0, ""kaynak"": ""BNB""}]","[{""usdt"": 13493606.0, ""borsa"": 2, ""fiyat"": 63475.0, ""kaynak"": ""BYB+OKX""}, {""usdt"": 11238106.0, ""borsa"": 1, ""fiyat"": 63600.0, ""kaynak"": ""BNB""}, {""usdt"": 8923593.0, ""borsa"": 1, ""fiyat"": 63550.0, ""kaynak"": ""BNB""}]",YOK,0.0574,0.0504,0.1788,1.8795,true,0,false,2.2608,1,0,3,0,0,3,44.1,45.6,IZLE,,50,63421.8,,,,,SEVIYE+TASFIYE,80,272.0,28,,,,,,,1785237600,1,1,,30,342.1,30,,,
29653,2026-07-28 11:24:49.104704+00,63435.05,1544427.2932691975,442050.038,11737525222.74,0.000009425999999999998,57771253.70729995,11626.810599999999,37.3,BEKLE,false,0.0,11626.810599999999,1.8531,61.368,47803774.82823001,61.368,0.0,37.3,"[{""usdt"": 19505717.0, ""borsa"": 3, ""fiyat"": 63425.0, ""kaynak"": ""BNB+BYB+OKX""}, {""usdt"": 12909035.0, ""borsa"": 1, ""fiyat"": 63350.0, ""kaynak"": ""BNB""}, {""usdt"": 10154911.0, ""borsa"": 3, ""fiyat"": 63400.0, ""kaynak"": ""BNB+BYB+OKX""}]","[{""usdt"": 13882662.0, ""borsa"": 3, ""fiyat"": 63450.0, ""kaynak"": ""BNB+BYB+OKX""}, {""usdt"": 9216999.0, ""borsa"": 1, ""fiyat"": 63525.0, ""kaynak"": ""BNB""}, {""usdt"": 8127674.0, ""borsa"": 1, ""fiyat"": 63500.0, ""kaynak"": ""BNB""}]",YOK,0.0333,0.0944,0.0381,3.638,true,0,false,1.5764,0,0,3,0,0,3,41.6,42.7,IZLE,,50,63421.8,,,,,SEVIYE+TASFIYE,80,273.1,28,,,,,,,1785237600,1,0,,30,343.2,30,,,
29654,2026-07-28 11:25:49.410889+00,63434.95,1553459.2879680982,502699.84800000006,11738086683.6347,0.000009425999999999998,54018590.51545003,9783.866399999999,46.2,BEKLE,false,0.0,9783.866399999999,1.8531,0,51857634.385309994,121.689,0.0,46.2,"[{""usdt"": 20303854.0, ""borsa"": 3, ""fiyat"": 63400.0, ""kaynak"": ""BNB+BYB+OKX""}, {""usdt"": 10170199.0, ""borsa"": 3, ""fiyat"": 63375.0, ""kaynak"": ""BNB+BYB+OKX""}, {""usdt"": 8652938.0, ""borsa"": 1, ""fiyat"": 63350.0, ""kaynak"": ""BNB""}]","[{""usdt"": 15710734.0, ""borsa"": 3, ""fiyat"": 63425.0, ""kaynak"": ""BNB+BYB+OKX""}, {""usdt"": 8600923.0, ""borsa"": 1, ""fiyat"": 63500.0, ""kaynak"": ""BNB""}, {""usdt"": 8462281.0, ""borsa"": 1, ""fiyat"": 63475.0, ""kaynak"": ""BNB""}]",YOK,-0.053,0.0204,0.031,3.2686,true,0,false,,0,1,3,0,1,3,38.1,39.1,IZLE,,25,63421.8,,,,,SEVIYE,80,274.1,28,,,,,,,1785237600,1,0,,30,344.2,30,,,
29655,2026-07-28 11:26:49.726499+00,63448.25,1691549.323120895,1828548.4910000002,11739783719.067799,0.000009425999999999998,55729471.40066995,82465.37000000001,57.9,BEKLE,true,82465.37000000001,0.0,1.8531,60.347,49515583.80405003,182.036,0.0,57.9,"[{""usdt"": 20956647.0, ""borsa"": 3, ""fiyat"": 63425.0, ""kaynak"": ""BNB+BYB+OKX""}, {""usdt"": 9872213.0, ""borsa"": 3, ""fiyat"": 63400.0, ""kaynak"": ""BNB+BYB+OKX""}, {""usdt"": 9332381.0, ""borsa"": 1, ""fiyat"": 63325.0, ""kaynak"": ""BNB""}]","[{""usdt"": 15602102.0, ""borsa"": 3, ""fiyat"": 63450.0, ""kaynak"": ""BNB+BYB+OKX""}, {""usdt"": 10858010.0, ""borsa"": 1, ""fiyat"": 63500.0, ""kaynak"": ""BNB""}, {""usdt"": 7924271.0, ""borsa"": 1, ""fiyat"": 63525.0, ""kaynak"": ""BNB""}]",YOK,0.0901,0.059,0.1012,1.6082,true,0,false,,1,0,3,0,0,3,34.5,35.6,IZLE,,50,63421.8,,,,,SEVIYE+TASFIYE,80,275.1,28,,,,,,,1785237900,1,0,,30,345.2,30,,,
29656,2026-07-28 11:27:50.101338+00,63416.75,1641508.6099655947,1821319.698,11740447320.1632,0.000009425999999999998,59071544.15048002,82465.37000000001,57.6,BEKLE,true,82465.37000000001,0.0,1.8547,120.605,50292260.224609956,242.294,0.0,57.6,"[{""usdt"": 19605195.0, ""borsa"": 3, ""fiyat"": 63400.0, ""kaynak"": ""BNB+BYB+OKX""}, {""usdt"": 12772451.0, ""borsa"": 3, ""fiyat"": 63425.0, ""kaynak"": ""BNB+BYB+OKX""}, {""usdt"": 10479099.0, ""borsa"": 1, ""fiyat"": 63325.0, ""kaynak"": ""BNB""}]","[{""usdt"": 12617700.0, ""borsa"": 3, ""fiyat"": 63450.0, ""kaynak"": ""BNB+BYB+OKX""}, {""usdt"": 8356570.0, ""borsa"": 1, ""fiyat"": 63475.0, ""kaynak"": ""BNB""}, {""usdt"": 8219171.0, ""borsa"": 1, ""fiyat"": 63500.0, ""kaynak"": ""BNB""}]",YOK,0.0157,0.0803,0.124,1.9412,true,0,false,,0,0,3,1,0,3,30.7,32,IZLE,,25,63421.8,,,,,SEVIYE,80,276.1,28,,,,,,,1785237900,1,1,,30,346.2,30,,,
29657,2026-07-28 11:28:50.549532+00,63405.55,1459050.694141094,1708388.1430000002,11734576719.7024,0.000009425999999999998,60293691.16366988,82465.37000000001,56.4,BEKLE,true,82465.37000000001,0.0,1.8547,60.498,49624779.268779986,302.792,0.0,56.4,"[{""usdt"": 21984635.0, ""borsa"": 3, ""fiyat"": 63375.0, ""kaynak"": ""BNB+BYB+OKX""}, {""usdt"": 9416124.0, ""borsa"": 3, ""fiyat"": 63400.0, ""kaynak"": ""BNB+BYB+OKX""}, {""usdt"": 8593231.0, ""borsa"": 1, ""fiyat"": 63325.0, ""kaynak"": ""BNB""}]","[{""usdt"": 10663916.0, ""borsa"": 1, ""fiyat"": 63500.0, ""kaynak"": ""BNB""}, {""usdt"": 9604566.0, ""borsa"": 3, ""fiyat"": 63425.0, ""kaynak"": ""BNB+BYB+OKX""}, {""usdt"": 9344354.0, ""borsa"": 3, ""fiyat"": 63400.0, ""kaynak"": ""BNB+BYB+OKX""}]",YOK,-0.0276,0.0971,0.1545,0.8034,false,0,false,,1,1,3,0,0,3,27.3,28.4,IZLE,,50,63421.8,,,,,SEVIYE+TASFIYE,80,277.1,28,,,,,,,1785237900,1,2,,30,347.2,30,,,
29658,2026-07-28 11:29:50.847169+00,63439.25,1493477.451422594,1625494.4670000002,11733393750.985199,0.000009425999999999998,52259358.90494999,82465.37000000001,55.7,BEKLE,true,82465.37000000001,0.0,1.8547,120.814,47878794.88755998,363.108,0.0,55.7,"[{""usdt"": 13104018.0, ""borsa"": 3, ""fiyat"": 63425.0, ""kaynak"": ""BNB+BYB+OKX""}, {""usdt"": 11380993.0, ""borsa"": 3, ""fiyat"": 63400.0, ""kaynak"": ""BNB+BYB+OKX""}, {""usdt"": 10335019.0, ""borsa"": 1, ""fiyat"": 63325.0, ""kaynak"": ""BNB""}]","[{""usdt"": 11891517.0, ""borsa"": 3, ""fiyat"": 63450.0, ""kaynak"": ""BNB+BYB+OKX""}, {""usdt"": 10655503.0, ""borsa"": 1, ""fiyat"": 63500.0, ""kaynak"": ""BNB""}, {""usdt"": 8847173.0, ""borsa"": 1, ""fiyat"": 63525.0, ""kaynak"": ""BNB""}]",YOK,0.0573,0.0437,0.0187,0.1104,false,0,false,,1,0,3,0,0,3,23.8,24.9,IZLE,,25,63421.8,,,,,SEVIYE,80,278.1,28,,,,,,,1785237900,1,3,,30,348.2,30,,,
29659,2026-07-28 11:30:51.184417+00,63423.350000000006,-536141.8633473059,111296.94600000001,11733396772.165499,0.000009425999999999998,50865157.65733997,0.0,34.3,BEKLE,false,0.0,0.0,1.8547,181.143,49814877.75603,423.437,34.3,0.0,"[{""usdt"": 14907997.0, ""borsa"": 3, ""fiyat"": 63400.0, ""kaynak"": ""BNB+BYB+OKX""}, {""usdt"": 10213714.0, ""borsa"": 1, ""fiyat"": 63325.0, ""kaynak"": ""BNB""}, {""usdt"": 8605236.0, ""borsa"": 1, ""fiyat"": 63350.0, ""kaynak"": ""BNB""}]","[{""usdt"": 13031781.0, ""borsa"": 3, ""fiyat"": 63450.0, ""kaynak"": ""BNB+BYB+OKX""}, {""usdt"": 9468111.0, ""borsa"": 1, ""fiyat"": 63500.0, ""kaynak"": ""BNB""}, {""usdt"": 8899480.0, ""borsa"": 1, ""fiyat"": 63475.0, ""kaynak"": ""BNB""}]",YOK,-0.0396,0.0104,0.7031,0.2789,false,0.0733,false,,0,1,3,0,0,3,20.3,21.4,IZLE,,25,63421.8,,,,,SEVIYE,80,279.1,28,PCT,0.81,15.823782983820067,15.035546194555248,true,0.251,,,0,,30,349.2,30,,,
29660,2026-07-28 11:31:52.005453+00,63476.45,-610940.1773262061,126017.103,11736679996.3396,0.000009425999999999998,50170774.264209986,0.0,92.4,BEKLE,false,0.0,0.0,1.8547,241.947,49182426.28864001,484.241,92.4,0.0,"[{""usdt"": 12959125.0, ""borsa"": 3, ""fiyat"": 63425.0, ""kaynak"": ""BNB+BYB+OKX""}, {""usdt"": 10734590.0, ""borsa"": 1, ""fiyat"": 63375.0, ""kaynak"": ""BNB""}, {""usdt"": 10350338.0, ""borsa"": 3, ""fiyat"": 63450.0, ""kaynak"": ""BNB+BYB+OKX""}]","[{""usdt"": 13549315.0, ""borsa"": 3, ""fiyat"": 63475.0, ""kaynak"": ""BNB+BYB+OKX""}, {""usdt"": 10463493.0, ""borsa"": 1, ""fiyat"": 63525.0, ""kaynak"": ""BNB""}, {""usdt"": 8862859.0, ""borsa"": 1, ""fiyat"": 63550.0, ""kaynak"": ""BNB""}]",YOK,0.0168,0.0099,0.3749,0.3281,true,0.0754,false,,1,0,3,2,0,3,17.2,18.3,IZLE,,25,63477.8,,,,,SEVIYE,100,350.2,35,,,,,,,,,0,,30,350.2,30,LONG,duvar,92.425952048789
29661,2026-07-28 11:32:52.32121+00,63477.05,-112699.67976410575,180496.292,11745416207.8734,0.000009425999999999998,50477946.66102,0.0,70.9,BEKLE,,0.0,0.0,1.8563,0,52965534.30627996,544.601,70.9,0.0,"[{""usdt"": 15132916.0, ""borsa"": 3, ""fiyat"": 63475.0, ""kaynak"": ""BNB+BYB+OKX""}, {""usdt"": 10523977.0, ""borsa"": 3, ""fiyat"": 63450.0, ""kaynak"": ""BNB+BYB+OKX""}, {""usdt"": 9792806.0, ""borsa"": 1, ""fiyat"": 63400.0, ""kaynak"": ""BNB""}]","[{""usdt"": 13711189.0, ""borsa"": 3, ""fiyat"": 63500.0, ""kaynak"": ""BNB+BYB+OKX""}, {""usdt"": 10915732.0, ""borsa"": 1, ""fiyat"": 63600.0, ""kaynak"": ""BNB""}, {""usdt"": 10915433.0, ""borsa"": 1, ""fiyat"": 63550.0, ""kaynak"": ""BNB""}]",YOK,0.0925,-0.024,0.3258,0.8017,true,0.1219,false,,1,0,3,0,0,3,13.7,14.8,IZLE,,25,63498.2,,,,,SEVIYE,90,351.2,36,,,,,,,,,0,,31,351.2,31,,,
29662,2026-07-28 11:33:52.689089+00,63481.649999999994,-261624.02672110588,206708.05000000002,11746099493.752,0.000009425999999999998,48924670.02655998,0.0,81.5,BEKLE,false,0.0,0.0,1.8563,60.328,56956049.33620997,604.929,81.5,0.0,"[{""usdt"": 14543943.0, ""borsa"": 3, ""fiyat"": 63450.0, ""kaynak"": ""BNB+BYB+OKX""}, {""usdt"": 9905224.0, ""borsa"": 1, ""fiyat"": 63375.0, ""kaynak"": ""BNB""}, {""usdt"": 9459075.0, ""borsa"": 1, ""fiyat"": 63400.0, ""kaynak"": ""BNB""}]","[{""usdt"": 14661599.0, ""borsa"": 3, ""fiyat"": 63500.0, ""kaynak"": ""BNB+BYB+OKX""}, {""usdt"": 11000160.0, ""borsa"": 1, ""fiyat"": 63550.0, ""kaynak"": ""BNB""}, {""usdt"": 9907007.0, ""borsa"": 1, ""fiyat"": 63600.0, ""kaynak"": ""BNB""}]",YOK,-0.0174,-0.0759,0.3412,1.0804,true,0.1496,false,,0,0,3,0,1,3,10.2,11.3,IZLE,,25,63498.2,,,,,SEVIYE,90,352.2,36,,,,,,,,,0,,31,352.2,31,,,
29663,2026-07-28 11:34:52.989226+00,63483.05,-528216.021954306,203994.808,11742411317.499199,0.000009425999999999998,59275845.302929945,0.0,100.0,BEKLE,false,0.0,0.0,1.8563,120.691,55475153.31515,665.292,100.0,0.0,"[{""usdt"": 17321864.0, ""borsa"": 3, ""fiyat"": 63475.0, ""kaynak"": ""BNB+BYB+OKX""}, {""usdt"": 14947627.0, ""borsa"": 3, ""fiyat"": 63450.0, ""kaynak"": ""BNB+BYB+OKX""}, {""usdt"": 10205791.0, ""borsa"": 1, ""fiyat"": 63375.0, ""kaynak"": ""BNB""}]","[{""usdt"": 15832485.0, ""borsa"": 3, ""fiyat"": 63500.0, ""kaynak"": ""BNB+BYB+OKX""}, {""usdt"": 9439527.0, ""borsa"": 1, ""fiyat"": 63600.0, ""kaynak"": ""BNB""}, {""usdt"": 9350987.0, ""borsa"": 1, ""fiyat"": 63575.0, ""kaynak"": ""BNB""}]",YOK,0.0321,0.0331,0.3913,0.6066,true,0.1883,false,,0,0,3,1,0,3,6.7,7.8,IZLE,,25,63498.2,,,,,SEVIYE,90,353.2,36,,,,,,,,,0,,31,353.2,31,LONG,duvar,100.0
29664,2026-07-28 11:35:53.334107+00,63479.95,-40415.19677050149,57547.74000000001,11745963548.141598,0.000009425999999999998,58344740.9772,0.0,18.4,BEKLE,false,0.0,0.0,1.8571,180.985,55507130.43803002,725.586,18.4,0.0,"[{""usdt"": 19870679.0, ""borsa"": 3, ""fiyat"": 63450.0, ""kaynak"": ""BNB+BYB+OKX""}, {""usdt"": 10322304.0, ""borsa"": 3, ""fiyat"": 63475.0, ""kaynak"": ""BNB+BYB+OKX""}, {""usdt"": 9387623.0, ""borsa"": 1, ""fiyat"": 63400.0, ""kaynak"": ""BNB""}]","[{""usdt"": 14791160.0, ""borsa"": 3, ""fiyat"": 63500.0, ""kaynak"": ""BNB+BYB+OKX""}, {""usdt"": 10455421.0, ""borsa"": 1, ""fiyat"": 63550.0, ""kaynak"": ""BNB""}, {""usdt"": 8279520.0, ""borsa"": 1, ""fiyat"": 63575.0, ""kaynak"": ""BNB""}]",YOK,0.04,0.0249,0.8066,6.5906,true,0.4487,false,,0,0,3,0,1,3,3.2,4.3,IZLE,,25,63498.2,,,,,SEVIYE,90,354.2,36,,,,,,,,,0,,31,354.2,31,,,
29665,2026-07-28 11:36:53.70534+00,63521.350000000006,-34561.77345340143,64887.198,11746995812.8396,0.000009425999999999998,56373867.307500005,0.0,19.3,BEKLE,,0.0,0.0,1.8571,60.417,55093080.04533002,241.402,19.3,0.0,"[{""usdt"": 18731835.0, ""borsa"": 3, ""fiyat"": 63450.0, ""kaynak"": ""BNB+BYB+OKX""}, {""usdt"": 12384661.0, ""borsa"": 1, ""fiyat"": 63500.0, ""kaynak"": ""BNB""}, {""usdt"": 10802649.0, ""borsa"": 3, ""fiyat"": 63475.0, ""kaynak"": ""BNB+BYB+OKX""}]","[{""usdt"": 10347934.0, ""borsa"": 1, ""fiyat"": 63600.0, ""kaynak"": ""BNB""}, {""usdt"": 8477563.0, ""borsa"": 2, ""fiyat"": 63500.0, ""kaynak"": ""BYB+OKX""}, {""usdt"": 8169513.0, ""borsa"": 1, ""fiyat"": 63575.0, ""kaynak"": ""BNB""}]",YOK,0.04,0.0115,0.81,4.512,true,0.4667,false,,0,0,3,0,1,3,63.6,62.1,IZLE,,25,63539.6,,,,,SEVIYE,50,355.2,36,,,,,,,,,0,,31,355.2,31,,,
29666,2026-07-28 11:37:54.004138+00,63492.350000000006,204807.10227879923,200143.89,11752769345.7372,0.000009425999999999998,54116255.44099001,0.0,6.5,BEKLE,,0.0,0.0,1.8571,120.699,53510757.33372002,301.684,0.0,6.5,"[{""usdt"": 23132383.0, ""borsa"": 3, ""fiyat"": 63500.0, ""kaynak"": ""BNB+BYB+OKX""}, {""usdt"": 9598303.0, ""borsa"": 3, ""fiyat"": 63475.0, ""kaynak"": ""BNB+BYB+OKX""}, {""usdt"": 7318516.0, ""borsa"": 1, ""fiyat"": 63425.0, ""kaynak"": ""BNB""}]","[{""usdt"": 12853215.0, ""borsa"": 3, ""fiyat"": 63525.0, ""kaynak"": ""BNB+BYB+OKX""}, {""usdt"": 10347934.0, ""borsa"": 1, ""fiyat"": 63600.0, ""kaynak"": ""BNB""}, {""usdt"": 8736585.0, ""borsa"": 3, ""fiyat"": 63550.0, ""kaynak"": ""BNB+BYB+OKX""}]",YOK,0.1491,0.0056,,,true,0.3508,true,0,1,0,3,0,1,3,60,61.1,IZLE,,25,63498.2,,,,,SEVIYE,90,356.2,36,,,,,,,,,0,,31,356.2,31,,,
29667,2026-07-28 11:38:54.33918+00,63489.55,278338.54442839784,217786.299,11750975604.6928,0.000009425999999999998,49960958.22204997,0.0,4.5,BEKLE,,0.0,0.0,1.8571,0,51383136.30133001,362.009,0.0,4.5,"[{""usdt"": 13435129.0, ""borsa"": 3, ""fiyat"": 63450.0, ""kaynak"": ""BNB+BYB+OKX""}, {""usdt"": 11510954.0, ""borsa"": 3, ""fiyat"": 63475.0, ""kaynak"": ""BNB+BYB+OKX""}, {""usdt"": 10285228.0, ""borsa"": 1, ""fiyat"": 63375.0, ""kaynak"": ""BNB""}]","[{""usdt"": 12419130.0, ""borsa"": 3, ""fiyat"": 63500.0, ""kaynak"": ""BNB+BYB+OKX""}, {""usdt"": 10285910.0, ""borsa"": 1, ""fiyat"": 63575.0, ""kaynak"": ""BNB""}, {""usdt"": 9851819.0, ""borsa"": 1, ""fiyat"": 63600.0, ""kaynak"": ""BNB""}]",YOK,0.032,-0.014,,,true,0.2586,true,0,1,0,3,0,0,3,56.5,57.6,IZLE,,25,63498.2,,,,,SEVIYE,90,357.2,36,,,,,,,,,0,,31,357.2,31,,,
29668,2026-07-28 11:39:54.662479+00,63466.75,103771.56137349781,174663.107,11749777244.3751,0.000009425999999999998,51852720.69971998,0.0,9.2,BEKLE,,0.0,0.0,1.8571,60.248,52860488.22649998,422.257,9.2,0.0,"[{""usdt"": 15485978.0, ""borsa"": 3, ""fiyat"": 63475.0, ""kaynak"": ""BNB+BYB+OKX""}, {""usdt"": 12722975.0, ""borsa"": 3, ""fiyat"": 63450.0, ""kaynak"": ""BNB+BYB+OKX""}, {""usdt"": 8718613.0, ""borsa"": 1, ""fiyat"": 63375.0, ""kaynak"": ""BNB""}]","[{""usdt"": 12789544.0, ""borsa"": 3, ""fiyat"": 63500.0, ""kaynak"": ""BNB+BYB+OKX""}, {""usdt"": 9996636.0, ""borsa"": 1, ""fiyat"": 63600.0, ""kaynak"": ""BNB""}, {""usdt"": 8181926.0, ""borsa"": 1, ""fiyat"": 63575.0, ""kaynak"": ""BNB""}]",YOK,-0.023,-0.0096,0.9069,1.6724,true,0.3174,true,0,1,0,3,0,0,3,52.9,54,IZLE,,25,63450.3,,,,,SEVIYE,85,358.2,36,,,,,,,,,0,,31,358.2,31,,,
29669,2026-07-28 11:40:54.980044+00,63437.05,100057.39675129842,200596.35199999996,11745188730.0573,0.000009425999999999998,51468008.322749995,0.0,22.7,BEKLE,false,0.0,0.0,1.8571,0,53175933.61154999,120.642,0.0,22.7,"[{""usdt"": 18236549.0, ""borsa"": 3, ""fiyat"": 63425.0, ""kaynak"": ""BNB+BYB+OKX""}, {""usdt"": 9191110.0, ""borsa"": 3, ""fiyat"": 63450.0, ""kaynak"": ""BNB+BYB+OKX""}, {""usdt"": 7554421.0, ""borsa"": 1, ""fiyat"": 63400.0, ""kaynak"": ""BNB""}]","[{""usdt"": 16261687.0, ""borsa"": 3, ""fiyat"": 63450.0, ""kaynak"": ""BNB+BYB+OKX""}, {""usdt"": 8079943.0, ""borsa"": 1, ""fiyat"": 63500.0, ""kaynak"": ""BNB""}, {""usdt"": 7826791.0, ""borsa"": 1, ""fiyat"": 63550.0, ""kaynak"": ""BNB""}]",YOK,-0.0083,-0.0163,,,false,1.4674,false,,0,1,3,0,2,3,49.5,50.5,IZLE,,25,63450.3,,,,,SEVIYE,85,359.2,36,,,,,,,,,0,,31,359.2,31,,,
29670,2026-07-28 11:41:55.280651+00,63384.649999999994,-921834.4279897017,-422753.06,11741130887.2344,0.000009425999999999998,48310413.09891997,0.0,0.0,BEKLE,,0.0,0.0,1.8571,0,51207272.00587,0,0.0,0.0,"[{""usdt"": 12844279.0, ""borsa"": 3, ""fiyat"": 63400.0, ""kaynak"": ""BNB+BYB+OKX""}, {""usdt"": 11769789.0, ""borsa"": 3, ""fiyat"": 63375.0, ""kaynak"": ""BNB+BYB+OKX""}, {""usdt"": 8638202.0, ""borsa"": 1, ""fiyat"": 63325.0, ""kaynak"": ""BNB""}]","[{""usdt"": 21969500.0, ""borsa"": 3, ""fiyat"": 63425.0, ""kaynak"": ""BNB+BYB+OKX""}, {""usdt"": 8875041.0, ""borsa"": 1, ""fiyat"": 63475.0, ""kaynak"": ""BNB""}, {""usdt"": 7239861.0, ""borsa"": 1, ""fiyat"": 63500.0, ""kaynak"": ""BNB""}]",YOK,-0.0712,-0.0291,0.4513,4.9688,false,1.4414,false,,1,1,3,0,1,3,45.9,47,IZLE,,25,63418.3,,,,,SEVIYE,85,290.2,29,,,,,,,,,0,,31,360.3,31,,,
29671,2026-07-28 11:42:55.593374+00,63349.350000000006,-1595684.3089680008,-608196.4259999999,11737248947.5531,0.000009425999999999998,48462565.675169975,0.0,0.0,BEKLE,,0.0,0.0,1.8571,60.301,51222234.72646005,60.301,0.0,0.0,"[{""usdt"": 16014178.0, ""borsa"": 3, ""fiyat"": 63375.0, ""kaynak"": ""BNB+BYB+OKX""}, {""usdt"": 8805084.0, ""borsa"": 1, ""fiyat"": 63300.0, ""kaynak"": ""BNB""}, {""usdt"": 7657634.0, ""borsa"": 1, ""fiyat"": 63325.0, ""kaynak"": ""BNB""}]","[{""usdt"": 13534962.0, ""borsa"": 3, ""fiyat"": 63425.0, ""kaynak"": ""BNB+BYB+OKX""}, {""usdt"": 11533835.0, ""borsa"": 3, ""fiyat"": 63400.0, ""kaynak"": ""BNB+BYB+OKX""}, {""usdt"": 9523051.0, ""borsa"": 1, ""fiyat"": 63475.0, ""kaynak"": ""BNB""}]",YOK,-0.0679,-0.0277,0.5112,2.8495,false,1.5512,false,,1,1,3,0,0,3,42.3,43.4,IZLE,,25,63329.1,,,,,SEVIYE,55,361.3,37,,,,,,,,,0,,31,361.3,31,,,
29672,2026-07-28 11:43:55.863919+00,63359.95,-1704724.4441850018,-1153241.72,11741848370.2288,0.000009425999999999998,46324916.64111003,15203.856,0.0,BEKLE,,15203.856,0.0,1.8571,0,64374015.26231998,120.572,0.0,0.0,"[{""usdt"": 12838849.0, ""borsa"": 3, ""fiyat"": 63350.0, ""kaynak"": ""BNB+BYB+OKX""}, {""usdt"": 9532751.0, ""borsa"": 1, ""fiyat"": 63275.0, ""kaynak"": ""BNB""}, {""usdt"": 8927383.0, ""borsa"": 1, ""fiyat"": 63250.0, ""kaynak"": ""BNB""}]","[{""usdt"": 22417741.0, ""borsa"": 3, ""fiyat"": 63400.0, ""kaynak"": ""BNB+BYB+OKX""}, {""usdt"": 14609658.0, ""borsa"": 3, ""fiyat"": 63375.0, ""kaynak"": ""BNB+BYB+OKX""}, {""usdt"": 10094776.0, ""borsa"": 1, ""fiyat"": 63450.0, ""kaynak"": ""BNB""}]",YOK,-0.0493,-0.163,0.4045,1.8552,false,1.8685,false,,1,1,3,0,1,3,38.7,39.8,IZLE,,50,63329.1,,,,,SEVIYE+TASFIYE,55,362.3,37,,,,,,,1785238920,1,0,,31,362.3,31,,,
29673,2026-07-28 11:44:57.182616+00,63382.350000000006,-1748782.184762904,-1161450.764,11740618733.0742,0.000009425999999999998,53845540.62449006,15203.856,45.7,BEKLE,true,15203.856,0.0,1.8571,61.341,61269772.92310997,181.913,45.7,0.0,"[{""usdt"": 13509221.0, ""borsa"": 3, ""fiyat"": 63350.0, ""kaynak"": ""BNB+BYB+OKX""}, {""usdt"": 12793847.0, ""borsa"": 3, ""fiyat"": 63325.0, ""kaynak"": ""BNB+BYB+OKX""}, {""usdt"": 10061735.0, ""borsa"": 1, ""fiyat"": 63250.0, ""kaynak"": ""BNB""}]","[{""usdt"": 17799314.0, ""borsa"": 2, ""fiyat"": 63400.0, ""kaynak"": ""BNB+OKX""}, {""usdt"": 16040659.0, ""borsa"": 3, ""fiyat"": 63375.0, ""kaynak"": ""BNB+BYB+OKX""}, {""usdt"": 9012990.0, ""borsa"": 1, ""fiyat"": 63475.0, ""kaynak"": ""BNB""}]",YOK,-0.062,-0.0645,0.3943,1.2613,false,1.2088,false,,0,1,3,0,1,3,36.1,37.3,IZLE,,50,63395.8,,,,,SEVIYE+TASFIYE,55,293.2,30,,,,,,,1785238920,1,1,,31,363.3,31,,,
29674,2026-07-28 11:45:57.499106+00,63388.649999999994,-2294142.543478803,-1672589.3209999998,11742257373.311,0.000009425999999999998,51105677.028380014,15203.856,63.2,BEKLE,true,15203.856,0.0,1.8571,121.621,66016223.099120006,242.193,63.2,0.0,"[{""usdt"": 15844302.0, ""borsa"": 3, ""fiyat"": 63350.0, ""kaynak"": ""BNB+BYB+OKX""}, {""usdt"": 9828625.0, ""borsa"": 1, ""fiyat"": 63275.0, ""kaynak"": ""BNB""}, {""usdt"": 8868905.0, ""borsa"": 1, ""fiyat"": 63325.0, ""kaynak"": ""BNB""}]","[{""usdt"": 27429007.0, ""borsa"": 3, ""fiyat"": 63400.0, ""kaynak"": ""BNB+BYB+OKX""}, {""usdt"": 12434258.0, ""borsa"": 1, ""fiyat"": 63475.0, ""kaynak"": ""BNB""}, {""usdt"": 8734112.0, ""borsa"": 1, ""fiyat"": 63425.0, ""kaynak"": ""BNB""}]",YOK,-0.0879,-0.1273,0.3751,0.5326,false,3.7225,false,,1,1,3,0,1,3,32.5,33.7,IZLE,,25,63395.8,,,,,SEVIYE,55,294.2,30,PCT,1.3,0.0,2.645010406954989,false,0.057,1785238920,1,2,,31,364.3,31,,,
29675,2026-07-28 11:46:58.449962+00,63429.75,-2093765.4071698026,-1597055.3039999998,11745590722.747099,0.000009425999999999998,53139600.577390015,15203.856,70.5,BEKLE,false,15203.856,0.0,1.8571,121.249,65843742.774639994,182.59,70.5,0.0,"[{""usdt"": 16417444.0, ""borsa"": 3, ""fiyat"": 63375.0, ""kaynak"": ""BNB+BYB+OKX""}, {""usdt"": 9937688.0, ""borsa"": 1, ""fiyat"": 63325.0, ""kaynak"": ""BNB""}, {""usdt"": 9784889.0, ""borsa"": 1, ""fiyat"": 63300.0, ""kaynak"": ""BNB""}]","[{""usdt"": 25729226.0, ""borsa"": 3, ""fiyat"": 63400.0, ""kaynak"": ""BNB+BYB+OKX""}, {""usdt"": 12915350.0, ""borsa"": 1, ""fiyat"": 63475.0, ""kaynak"": ""BNB""}, {""usdt"": 10780355.0, ""borsa"": 3, ""fiyat"": 63425.0, ""kaynak"": ""BNB+BYB+OKX""}]",YOK,-0.0646,-0.1068,0.3191,0.8632,false,3.6148,false,,0,0,3,0,2,3,29.6,30.7,IZLE,,25,63456.1,,,,,SEVIYE,100,365.3,37,,,,,,,1785238920,1,3,,31,365.3,31,,,
29676,2026-07-28 11:47:58.774379+00,63447.05,-1487322.7831239041,-1173908.6829999997,11750037218.3317,0.000009425999999999998,49913374.367639996,0.0,44.4,BEKLE,false,0.0,0.0,1.8604,181.524,50314067.33832,0,44.4,0.0,"[{""usdt"": 15129302.0, ""borsa"": 3, ""fiyat"": 63425.0, ""kaynak"": ""BNB+BYB+OKX""}, {""usdt"": 8817598.0, ""borsa"": 1, ""fiyat"": 63375.0, ""kaynak"": ""BNB""}, {""usdt"": 7732320.0, ""borsa"": 1, ""fiyat"": 63350.0, ""kaynak"": ""BNB""}]","[{""usdt"": 11528030.0, ""borsa"": 3, ""fiyat"": 63475.0, ""kaynak"": ""BNB+BYB+OKX""}, {""usdt"": 10823238.0, ""borsa"": 1, ""fiyat"": 63525.0, ""kaynak"": ""BNB""}, {""usdt"": 8727643.0, ""borsa"": 3, ""fiyat"": 63450.0, ""kaynak"": ""BNB+BYB+OKX""}]",YOK,-0.0362,-0.004,0.0825,5.2334,false,2.7279,false,,0,0,3,0,0,3,26,27.1,IZLE,,25,63456.1,,,,,SEVIYE,100,366.3,37,,,,,,,,,0,,31,366.3,31,,,
29677,2026-07-28 11:48:59.038874+00,63461.350000000006,-1661929.6258646033,-1110111.8449999997,11749274324.655998,0.000009425999999999998,61465465.06194,0.0,7.1,BEKLE,,0.0,0.0,1.8604,241.866,48869785.94428,0,0.0,7.1,"[{""usdt"": 16489841.0, ""borsa"": 3, ""fiyat"": 63450.0, ""kaynak"": ""BNB+BYB+OKX""}, {""usdt"": 13519118.0, ""borsa"": 3, ""fiyat"": 63425.0, ""kaynak"": ""BNB+BYB+OKX""}, {""usdt"": 10492412.0, ""borsa"": 1, ""fiyat"": 63350.0, ""kaynak"": ""BNB""}]","[{""usdt"": 15710954.0, ""borsa"": 3, ""fiyat"": 63475.0, ""kaynak"": ""BNB+BYB+OKX""}, {""usdt"": 9932817.0, ""borsa"": 1, ""fiyat"": 63550.0, ""kaynak"": ""BNB""}, {""usdt"": 8307725.0, ""borsa"": 1, ""fiyat"": 63500.0, ""kaynak"": ""BNB""}]",YOK,0.0034,0.1142,,,false,,true,0,1,0,3,0,0,3,22.5,23.6,IZLE,,25,63456.1,,,,,SEVIYE,100,367.3,37,,,,,,,,,0,,31,367.3,31,,,
29678,2026-07-28 11:49:59.31588+00,63476.05,-991347.6940112025,-1069876.2249999999,11749033379.733,0.000009425999999999998,50256604.8478,0.0,10.5,BEKLE,,0.0,0.0,1.8604,302.112,51895765.93278995,60.246,0.0,10.5,"[{""usdt"": 12043310.0, ""borsa"": 3, ""fiyat"": 63450.0, ""kaynak"": ""BNB+BYB+OKX""}, {""usdt"": 10338983.0, ""borsa"": 3, ""fiyat"": 63425.0, ""kaynak"": ""BNB+BYB+OKX""}, {""usdt"": 9770352.0, ""borsa"": 1, ""fiyat"": 63375.0, ""kaynak"": ""BNB""}]","[{""usdt"": 15731811.0, ""borsa"": 3, ""fiyat"": 63475.0, ""kaynak"": ""BNB+BYB+OKX""}, {""usdt"": 11178560.0, ""borsa"": 1, ""fiyat"": 63550.0, ""kaynak"": ""BNB""}, {""usdt"": 9787199.0, ""borsa"": 1, ""fiyat"": 63575.0, ""kaynak"": ""BNB""}]",YOK,-0.0038,-0.016,0.7952,6.9163,false,,false,0,0,0,3,0,1,3,18.6,19.7,IZLE,,25,63456.1,,,,,SEVIYE,100,368.3,37,,,,,,,,,0,,31,368.3,31,,,
29679,2026-07-28 11:50:59.653048+00,63453.649999999994,-1399383.0918031,-1250165.173,11745102458.14,0.000009425999999999998,48765060.75712002,0.0,19.6,BEKLE,false,0.0,0.0,1.8604,362.419,51678600.323260024,60.307,0.0,19.6,"[{""usdt"": 13667081.0, ""borsa"": 3, ""fiyat"": 63425.0, ""kaynak"": ""BNB+BYB+OKX""}, {""usdt"": 9909905.0, ""borsa"": 1, ""fiyat"": 63350.0, ""kaynak"": ""BNB""}, {""usdt"": 9566617.0, ""borsa"": 3, ""fiyat"": 63450.0, ""kaynak"": ""BNB+BYB+OKX""}]","[{""usdt"": 16045937.0, ""borsa"": 3, ""fiyat"": 63475.0, ""kaynak"": ""BNB+BYB+OKX""}, {""usdt"": 9067284.0, ""borsa"": 1, ""fiyat"": 63575.0, ""kaynak"": ""BNB""}, {""usdt"": 8871729.0, ""borsa"": 1, ""fiyat"": 63550.0, ""kaynak"": ""BNB""}]",YOK,-0.029,-0.029,0.4986,2.5464,false,,true,0,0,0,3,0,1,3,14.6,15.6,IZLE,,25,63456.1,,,,,SEVIYE,100,369.3,37,,,,,,,,,0,,31,369.3,31,,,
29680,2026-07-28 11:51:59.985713+00,63475.350000000006,-1542594.2841068003,-1058160.1169999999,11745093424.5196,0.000009425999999999998,50395727.97624004,888.5142000000001,28.1,BEKLE,false,0.0,888.5142000000001,1.8604,422.782,49797060.745670006,120.67,0.0,28.1,"[{""usdt"": 14130347.0, ""borsa"": 3, ""fiyat"": 63450.0, ""kaynak"": ""BNB+BYB+OKX""}, {""usdt"": 9692075.0, ""borsa"": 1, ""fiyat"": 63350.0, ""kaynak"": ""BNB""}, {""usdt"": 9255508.0, ""borsa"": 1, ""fiyat"": 63375.0, ""kaynak"": ""BNB""}]","[{""usdt"": 14158893.0, ""borsa"": 3, ""fiyat"": 63475.0, ""kaynak"": ""BNB+BYB+OKX""}, {""usdt"": 10026849.0, ""borsa"": 1, ""fiyat"": 63550.0, ""kaynak"": ""BNB""}, {""usdt"": 9708237.0, ""borsa"": 1, ""fiyat"": 63575.0, ""kaynak"": ""BNB""}]",YOK,-0.0211,0.006,0.3244,1.8857,false,,false,0,0,0,3,0,0,3,11.1,12.1,IZLE,,25,63456.1,,,,,SEVIYE,100,370.3,37,,,,,,,1785239460,1,0,,31,370.3,31,,,
29681,2026-07-28 11:53:00.392255+00,63458.95,-1595960.5633596005,-1127678.1739999999,11745393064.022701,0.000009425999999999998,56245827.90844996,888.671,12.4,BEKLE,false,0.0,888.671,1.8604,483.166,52563256.34135995,181.054,0.0,12.4,"[{""usdt"": 19286820.0, ""borsa"": 3, ""fiyat"": 63450.0, ""kaynak"": ""BNB+BYB+OKX""}, {""usdt"": 10437686.0, ""borsa"": 1, ""fiyat"": 63375.0, ""kaynak"": ""BNB""}, {""usdt"": 9227658.0, ""borsa"": 3, ""fiyat"": 63425.0, ""kaynak"": ""BNB+BYB+OKX""}]","[{""usdt"": 14575534.0, ""borsa"": 3, ""fiyat"": 63475.0, ""kaynak"": ""BNB+BYB+OKX""}, {""usdt"": 9972866.0, ""borsa"": 1, ""fiyat"": 63575.0, ""kaynak"": ""BNB""}, {""usdt"": 9688203.0, ""borsa"": 1, ""fiyat"": 63550.0, ""kaynak"": ""BNB""}]",YOK,0.0067,0.0338,,,false,,true,0,0,0,3,0,0,3,7.6,8.7,IZLE,,25,63478.6,,,,,SEVIYE,100,371.3,38,,,,,,,1785239460,1,0,,29,371.3,29,,,
29682,2026-07-28 11:54:00.841715+00,63445.45,-2091318.3996195009,-1134511.099,11741147975.2461,0.000009425999999999998,52653340.408379965,888.671,10.4,BEKLE,true,0.0,888.671,1.8604,543.586,51552608.59571005,60.42,10.4,0.0,"[{""usdt"": 14512634.0, ""borsa"": 3, ""fiyat"": 63425.0, ""kaynak"": ""BNB+BYB+OKX""}, {""usdt"": 14227599.0, ""borsa"": 1, ""fiyat"": 63350.0, ""kaynak"": ""BNB""}, {""usdt"": 8137240.0, ""borsa"": 2, ""fiyat"": 63400.0, ""kaynak"": ""BNB+OKX""}]","[{""usdt"": 12886504.0, ""borsa"": 3, ""fiyat"": 63450.0, ""kaynak"": ""BNB+BYB+OKX""}, {""usdt"": 11987972.0, ""borsa"": 1, ""fiyat"": 63550.0, ""kaynak"": ""BNB""}, {""usdt"": 9325818.0, ""borsa"": 3, ""fiyat"": 63475.0, ""kaynak"": ""BNB+BYB+OKX""}]",YOK,-0.0371,0.0106,,,false,,false,0,0,0,3,0,1,3,4.2,5.2,IZLE,,25,63414.5,,,,,SEVIYE,80,302.3,31,,,,,,,1785239460,1,1,,29,372.3,29,,,
29683,2026-07-28 11:55:01.178875+00,63429.850000000006,-2275762.4313193015,-1139031.8269999998,11739171048.8988,0.000009425999999999998,54082366.89127996,5011.816,16.1,BEKLE,true,570.8969999999999,4440.919,1.8604,603.982,48620488.89531001,120.816,16.1,0.0,"[{""usdt"": 16027001.0, ""borsa"": 3, ""fiyat"": 63425.0, ""kaynak"": ""BNB+BYB+OKX""}, {""usdt"": 10936826.0, ""borsa"": 1, ""fiyat"": 63325.0, ""kaynak"": ""BNB""}, {""usdt"": 9256973.0, ""borsa"": 1, ""fiyat"": 63350.0, ""kaynak"": ""BNB""}]","[{""usdt"": 16057165.0, ""borsa"": 3, ""fiyat"": 63450.0, ""kaynak"": ""BNB+BYB+OKX""}, {""usdt"": 9390910.0, ""borsa"": 1, ""fiyat"": 63500.0, ""kaynak"": ""BNB""}, {""usdt"": 7969016.0, ""borsa"": 3, ""fiyat"": 63475.0, ""kaynak"": ""BNB+BYB+OKX""}]",YOK,-0.0371,0.0532,0.9023,2.2636,false,,true,0,0,0,3,0,1,3,64.6,62.8,IZLE,,25,63414.5,,,,,SEVIYE,80,303.3,31,,,,,,,1785239640,1,0,,29,373.4,29,,,
29684,2026-07-28 11:56:01.635147+00,63439.850000000006,365790.7287053997,656096.845,11740233414.554,0.000009425999999999998,54719991.841659956,5011.6145,55.8,BEKLE,false,570.8691,4440.7454,1.8604,664.369,46820771.51111001,181.203,0.0,55.8,"[{""usdt"": 13017270.0, ""borsa"": 3, ""fiyat"": 63425.0, ""kaynak"": ""BNB+BYB+OKX""}, {""usdt"": 12548664.0, ""borsa"": 3, ""fiyat"": 63400.0, ""kaynak"": ""BNB+BYB+OKX""}, {""usdt"": 10936826.0, ""borsa"": 1, ""fiyat"": 63325.0, ""kaynak"": ""BNB""}]","[{""usdt"": 14593872.0, ""borsa"": 3, ""fiyat"": 63450.0, ""kaynak"": ""BNB+BYB+OKX""}, {""usdt"": 9390910.0, ""borsa"": 1, ""fiyat"": 63500.0, ""kaynak"": ""BNB""}, {""usdt"": 7226177.0, ""borsa"": 1, ""fiyat"": 63525.0, ""kaynak"": ""BNB""}]",YOK,0.0064,0.0778,0.3152,0.1719,false,,false,0.5967,1,0,3,0,0,3,60.3,61.4,IZLE,,25,63414.5,,,,,SEVIYE,80,304.3,31,,,,,,,1785239640,1,0,,29,374.4,29,,,
29685,2026-07-28 11:57:01.900505+00,63429.95,317623.1224440995,644397.331,11728590853.8623,0.000009425999999999998,52226087.25355,4249.8093,58.9,BEKLE,false,570.8691,3678.9401999999995,1.8604,724.67,50384876.00072002,181.084,0.0,58.9,"[{""usdt"": 12459567.0, ""borsa"": 3, ""fiyat"": 63425.0, ""kaynak"": ""BNB+BYB+OKX""}, {""usdt"": 12046190.0, ""borsa"": 1, ""fiyat"": 63325.0, ""kaynak"": ""BNB""}, {""usdt"": 9628755.0, ""borsa"": 1, ""fiyat"": 63350.0, ""kaynak"": ""BNB""}]","[{""usdt"": 14562813.0, ""borsa"": 3, ""fiyat"": 63450.0, ""kaynak"": ""BNB+BYB+OKX""}, {""usdt"": 10779471.0, ""borsa"": 1, ""fiyat"": 63550.0, ""kaynak"": ""BNB""}, {""usdt"": 8949800.0, ""borsa"": 1, ""fiyat"": 63500.0, ""kaynak"": ""BNB""}]",YOK,-0.0751,0.0179,0.352,0.5992,false,,false,0.5308,0,1,3,0,0,3,56.7,57.8,IZLE,,25,63414.5,,,,,SEVIYE,80,305.3,31,,,,,,,1785239760,1,0,,29,375.4,29,,,
29686,2026-07-28 11:58:02.182005+00,63435.649999999994,1110173.4770405998,637898.739,11729298384.6162,0.000009425999999999998,49587006.25757999,4249.7985,59.8,BEKLE,true,570.8691,3678.9293999999995,1.862,785.005,51305624.3002,241.419,0.0,59.8,"[{""usdt"": 11640530.0, ""borsa"": 1, ""fiyat"": 63325.0, ""kaynak"": ""BNB""}, {""usdt"": 11493392.0, ""borsa"": 3, ""fiyat"": 63400.0, ""kaynak"": ""BNB+BYB+OKX""}, {""usdt"": 9341571.0, ""borsa"": 3, ""fiyat"": 63425.0, ""kaynak"": ""BNB+BYB+OKX""}]","[{""usdt"": 14167940.0, ""borsa"": 3, ""fiyat"": 63450.0, ""kaynak"": ""BNB+BYB+OKX""}, {""usdt"": 9666057.0, ""borsa"": 1, ""fiyat"": 63550.0, ""kaynak"": ""BNB""}, {""usdt"": 9476721.0, ""borsa"": 1, ""fiyat"": 63525.0, ""kaynak"": ""BNB""}]",YOK,0.0276,-0.017,0.4325,0.2598,false,,false,0.78,1,0,3,0,1,3,53.2,54.3,IZLE,,25,63414.5,,,,,SEVIYE,80,306.3,31,,,,,,,1785239760,1,0,,29,376.4,29,,,
29687,2026-07-28 11:59:02.499753+00,63480.55,1372847.8322619004,704208.99,11733717611.777,0.000009425999999999998,52532092.871929966,4249.7985,52.5,BEKLE,true,570.8691,3678.9293999999995,1.862,845.295,47722621.42666,301.709,0.0,52.5,"[{""usdt"": 15252736.0, ""borsa"": 3, ""fiyat"": 63425.0, ""kaynak"": ""BNB+BYB+OKX""}, {""usdt"": 10774216.0, ""borsa"": 1, ""fiyat"": 63325.0, ""kaynak"": ""BNB""}, {""usdt"": 8207996.0, ""borsa"": 3, ""fiyat"": 63400.0, ""kaynak"": ""BNB+BYB+OKX""}]","[{""usdt"": 10719238.0, ""borsa"": 3, ""fiyat"": 63450.0, ""kaynak"": ""BNB+BYB+OKX""}, {""usdt"": 10583094.0, ""borsa"": 1, ""fiyat"": 63550.0, ""kaynak"": ""BNB""}, {""usdt"": 8533650.0, ""borsa"": 1, ""fiyat"": 63500.0, ""kaynak"": ""BNB""}]",YOK,0.0028,0.048,0.4836,0.3419,false,,false,0.8435,1,0,3,0,0,3,49.7,50.7,IZLE,,25,63478.6,,,,,SEVIYE,100,377.4,38,,,,,,,1785239760,1,1,,29,377.4,29,,,
29688,2026-07-28 12:00:02.793756+00,63434.649999999994,-2675922.8586502,-152131.13800000006,11728117846.6795,0.000009425999999999998,46658669.447380014,126.855,41.3,BEKLE,true,0.0,126.855,1.862,0,52577796.60383,0,0.0,41.3,"[{""usdt"": 10571832.0, ""borsa"": 3, ""fiyat"": 63475.0, ""kaynak"": ""BNB+BYB+OKX""}, {""usdt"": 10170635.0, ""borsa"": 3, ""fiyat"": 63450.0, ""kaynak"": ""BNB+BYB+OKX""}, {""usdt"": 9564830.0, ""borsa"": 1, ""fiyat"": 63400.0, ""kaynak"": ""BNB""}]","[{""usdt"": 14780591.0, ""borsa"": 3, ""fiyat"": 63500.0, ""kaynak"": ""BNB+BYB+OKX""}, {""usdt"": 11560926.0, ""borsa"": 1, ""fiyat"": 63575.0, ""kaynak"": ""BNB""}, {""usdt"": 9393957.0, ""borsa"": 1, ""fiyat"": 63550.0, ""kaynak"": ""BNB""}]",YOK,0.0282,-0.0596,0.1678,0.1405,false,,false,0.5026,0,0,3,0,0,3,46.1,47.1,IZLE,,25,63414.5,,,,,SEVIYE,80,308.3,31,,,,,,,1785239760,1,0,,29,378.4,29,,,
29689,2026-07-28 12:01:03.054346+00,63435.850000000006,-1264517.8783241017,-757652.194,11729739607.811,0.000009425999999999998,43910383.587639935,126.855,51.7,BEKLE,false,0.0,126.855,1.862,0,49882815.526460014,60.347,51.7,0.0,"[{""usdt"": 11482725.0, ""borsa"": 1, ""fiyat"": 63325.0, ""kaynak"": ""BNB""}, {""usdt"": 10990877.0, ""borsa"": 3, ""fiyat"": 63400.0, ""kaynak"": ""BNB+BYB+OKX""}, {""usdt"": 7797221.0, ""borsa"": 1, ""fiyat"": 63375.0, ""kaynak"": ""BNB""}]","[{""usdt"": 9997358.0, ""borsa"": 3, ""fiyat"": 63450.0, ""kaynak"": ""BNB+BYB+OKX""}, {""usdt"": 9648801.0, ""borsa"": 3, ""fiyat"": 63425.0, ""kaynak"": ""BNB+BYB+OKX""}, {""usdt"": 8707301.0, ""borsa"": 1, ""fiyat"": 63500.0, ""kaynak"": ""BNB""}]",YOK,-0.172,-0.0637,0.3644,0.0624,false,,false,1.2473,0,2,3,0,1,3,42.3,43.4,IZLE,,25,63414.5,,,,,SEVIYE,80,309.3,31,,,,,,,1785239760,1,1,,29,379.4,29,,,
29690,2026-07-28 12:02:04.029558+00,63405.55,-2129591.2575114,-808060.876,11725152892.1804,0.000009425999999999998,53016051.04933999,443.8385,55.9,BEKLE,true,443.8385,0.0,1.862,60.933,47115826.89947997,60.933,55.9,0.0,"[{""usdt"": 15747084.0, ""borsa"": 3, ""fiyat"": 63400.0, ""kaynak"": ""BNB+BYB+OKX""}, {""usdt"": 13741413.0, ""borsa"": 1, ""fiyat"": 63325.0, ""kaynak"": ""BNB""}, {""usdt"": 7963045.0, ""borsa"": 1, ""fiyat"": 63375.0, ""kaynak"": ""BNB""}]","[{""usdt"": 11995209.0, ""borsa"": 3, ""fiyat"": 63450.0, ""kaynak"": ""BNB+BYB+OKX""}, {""usdt"": 9483558.0, ""borsa"": 1, ""fiyat"": 63500.0, ""kaynak"": ""BNB""}, {""usdt"": 9239763.0, ""borsa"": 3, ""fiyat"": 63425.0, ""kaynak"": ""BNB+BYB+OKX""}]",YOK,-0.1364,0.0589,0.4558,0.3172,false,,true,0.3565,0,2,3,0,1,3,39.4,40.5,IZLE,,25,63414.5,,,,,SEVIYE,80,310.3,31,,,,,,,1785240060,1,0,,29,380.4,29,,,
29691,2026-07-28 12:03:04.430925+00,63427.25,-2129591.2575114,-808060.876,11725152892.1804,0.000009425999999999998,58159519.79675,443.8385,72.8,BEKLE,false,443.8385,0.0,1.8637,121.344,48833501.48390002,60.411,72.8,0.0,"[{""usdt"": 15361472.0, ""borsa"": 3, ""fiyat"": 63400.0, ""kaynak"": ""BNB+BYB+OKX""}, {""usdt"": 12545922.0, ""borsa"": 3, ""fiyat"": 63375.0, ""kaynak"": ""BNB+BYB+OKX""}, {""usdt"": 10367474.0, ""borsa"": 1, ""fiyat"": 63300.0, ""kaynak"": ""BNB""}]","[{""usdt"": 13736291.0, ""borsa"": 3, ""fiyat"": 63425.0, ""kaynak"": ""BNB+BYB+OKX""}, {""usdt"": 8942126.0, ""borsa"": 1, ""fiyat"": 63475.0, ""kaynak"": ""BNB""}, {""usdt"": 7706313.0, ""borsa"": 1, ""fiyat"": 63500.0, ""kaynak"": ""BNB""}]",YOK,-0.1409,0.0872,0.5331,0.0973,false,0.2992,true,0.4984,0,1,3,1,0,3,36,37.1,IZLE,,25,63427.1,,,,,SEVIYE,100,381.4,39,,,,,,,1785240060,1,0,,30,381.4,30,,,
29692,2026-07-28 12:04:04.721712+00,63441.350000000006,-1854779.369882601,-805460.262,11728608157.398,0.000009425999999999998,53711308.84258,634.1096,64.8,BEKLE,false,634.1096,0.0,1.8637,181.655,48900266.42764,120.722,64.8,0.0,"[{""usdt"": 17163481.0, ""borsa"": 3, ""fiyat"": 63400.0, ""kaynak"": ""BNB+BYB+OKX""}, {""usdt"": 11013388.0, ""borsa"": 1, ""fiyat"": 63325.0, ""kaynak"": ""BNB""}, {""usdt"": 8945720.0, ""borsa"": 1, ""fiyat"": 63350.0, ""kaynak"": ""BNB""}]","[{""usdt"": 12055322.0, ""borsa"": 3, ""fiyat"": 63425.0, ""kaynak"": ""BNB+BYB+OKX""}, {""usdt"": 10773804.0, ""borsa"": 3, ""fiyat"": 63450.0, ""kaynak"": ""BNB+BYB+OKX""}, {""usdt"": 9160614.0, ""borsa"": 1, ""fiyat"": 63475.0, ""kaynak"": ""BNB""}]",YOK,-0.117,0.0469,0.5214,0.4455,false,0.4602,false,,1,2,3,0,1,3,32.4,33.5,IZLE,,25,63427.1,,,,,SEVIYE,100,382.4,39,,,,,,,1785240120,1,0,,30,382.4,30,,,
29693,2026-07-28 12:05:05.218069+00,63495.95,-1635919.296337695,-804554.096,11730604646.973,0.000009425999999999998,53113723.49958002,634.1096,38.7,BEKLE,false,634.1096,0.0,1.8637,242.043,51560159.99671001,0,38.7,0.0,"[{""usdt"": 10844498.0, ""borsa"": 3, ""fiyat"": 63450.0, ""kaynak"": ""BNB+BYB+OKX""}, {""usdt"": 10426394.0, ""borsa"": 1, ""fiyat"": 63375.0, ""kaynak"": ""BNB""}, {""usdt"": 8618114.0, ""borsa"": 3, ""fiyat"": 63475.0, ""kaynak"": ""BNB+BYB+OKX""}]","[{""usdt"": 18661297.0, ""borsa"": 3, ""fiyat"": 63500.0, ""kaynak"": ""BNB+BYB+OKX""}, {""usdt"": 10964251.0, ""borsa"": 1, ""fiyat"": 63550.0, ""kaynak"": ""BNB""}, {""usdt"": 8591186.0, ""borsa"": 1, ""fiyat"": 63525.0, ""kaynak"": ""BNB""}]",YOK,-0.0607,0.0148,0.4482,1.8601,true,0.1104,false,,1,0,3,0,0,3,28.9,30,IZLE,,25,63474.8,,,,,SEVIYE,75,383.4,39,,,,,,,1785240120,1,1,,30,383.4,30,,,
29694,2026-07-28 12:06:05.684739+00,63480.25,441371.8670940082,-202032.25900000002,11739371681.5352,0.000009425999999999998,49201330.98143007,5524.379599999999,20.9,BEKLE,true,634.1096,4890.2699999999995,1.8596,0,51994287.489659965,60.46,0.0,20.9,"[{""usdt"": 16060517.0, ""borsa"": 3, ""fiyat"": 63450.0, ""kaynak"": ""BNB+BYB+OKX""}, {""usdt"": 10981366.0, ""borsa"": 1, ""fiyat"": 63400.0, ""kaynak"": ""BNB""}, {""usdt"": 7715996.0, ""borsa"": 1, ""fiyat"": 63375.0, ""kaynak"": ""BNB""}]","[{""usdt"": 12299229.0, ""borsa"": 3, ""fiyat"": 63500.0, ""kaynak"": ""BNB+BYB+OKX""}, {""usdt"": 9887440.0, ""borsa"": 1, ""fiyat"": 63575.0, ""kaynak"": ""BNB""}, {""usdt"": 9797667.0, ""borsa"": 1, ""fiyat"": 63600.0, ""kaynak"": ""BNB""}]",YOK,-0.0822,-0.0276,0.6101,1.1179,true,0,false,,0,1,3,0,0,3,25.6,26.6,IZLE,,25,63474.8,,,,,SEVIYE,75,384.4,39,,,,,,,1785240240,1,0,,30,384.4,30,,,
29695,2026-07-28 12:07:06.033588+00,63482.95,343456.62113220803,-222504.83300000004,11737420603.297,0.000009425999999999998,47236934.042529985,5080.5410999999995,25.3,BEKLE,true,190.2711,4890.2699999999995,1.8596,60.481,56157979.57650995,120.941,0.0,25.3,"[{""usdt"": 11929510.0, ""borsa"": 3, ""fiyat"": 63450.0, ""kaynak"": ""BNB+BYB+OKX""}, {""usdt"": 11550953.0, ""borsa"": 1, ""fiyat"": 63400.0, ""kaynak"": ""BNB""}, {""usdt"": 8553171.0, ""borsa"": 1, ""fiyat"": 63425.0, ""kaynak"": ""BNB""}]","[{""usdt"": 15043615.0, ""borsa"": 3, ""fiyat"": 63500.0, ""kaynak"": ""BNB+BYB+OKX""}, {""usdt"": 11121935.0, ""borsa"": 1, ""fiyat"": 63550.0, ""kaynak"": ""BNB""}, {""usdt"": 9901381.0, ""borsa"": 1, ""fiyat"": 63600.0, ""kaynak"": ""BNB""}]",YOK,-0.032,-0.0863,0.6828,1.5052,true,0,false,,0,0,3,0,1,3,22.2,23.3,IZLE,,25,63474.8,,,,,SEVIYE,75,385.4,39,,,,,,,1785240240,1,0,,30,385.4,30,,,
29696,2026-07-28 12:08:06.398691+00,63470.05,407304.3796819083,82031.30100000005,11737983363.0375,0.000009425999999999998,58081349.86367997,4890.2699999999995,36.5,BEKLE,true,0.0,4890.2699999999995,1.8596,120.728,53768961.33831994,181.188,0.0,36.5,"[{""usdt"": 19231151.0, ""borsa"": 3, ""fiyat"": 63450.0, ""kaynak"": ""BNB+BYB+OKX""}, {""usdt"": 10156686.0, ""borsa"": 1, ""fiyat"": 63400.0, ""kaynak"": ""BNB""}, {""usdt"": 9238868.0, ""borsa"": 1, ""fiyat"": 63375.0, ""kaynak"": ""BNB""}]","[{""usdt"": 11456432.0, ""borsa"": 3, ""fiyat"": 63500.0, ""kaynak"": ""BNB+BYB+OKX""}, {""usdt"": 10830850.0, ""borsa"": 1, ""fiyat"": 63550.0, ""kaynak"": ""BNB""}, {""usdt"": 10282868.0, ""borsa"": 3, ""fiyat"": 63475.0, ""kaynak"": ""BNB+BYB+OKX""}]",YOK,-0.046,0.0386,0.5923,0.7036,true,0,false,,0,0,3,0,0,3,18.6,19.7,IZLE,,25,63474.8,,,,,SEVIYE,75,386.4,39,,,,,,,1785240240,1,0,,30,386.4,30,,,
29697,2026-07-28 12:09:06.709534+00,63460.55,273701.8358595083,-1519.228999999972,11736959327.1148,0.000009425999999999998,52128635.40437998,12380.3318,31.9,BEKLE,true,7490.0617999999995,4890.2699999999995,1.8596,181.142,48605127.20247999,120.661,0.0,31.9,"[{""usdt"": 13741645.0, ""borsa"": 3, ""fiyat"": 63450.0, ""kaynak"": ""BNB+BYB+OKX""}, {""usdt"": 12058891.0, ""borsa"": 1, ""fiyat"": 63400.0, ""kaynak"": ""BNB""}, {""usdt"": 9546353.0, ""borsa"": 1, ""fiyat"": 63350.0, ""kaynak"": ""BNB""}]","[{""usdt"": 15159993.0, ""borsa"": 3, ""fiyat"": 63475.0, ""kaynak"": ""BNB+BYB+OKX""}, {""usdt"": 9044394.0, ""borsa"": 1, ""fiyat"": 63575.0, ""kaynak"": ""BNB""}, {""usdt"": 8588804.0, ""borsa"": 1, ""fiyat"": 63550.0, ""kaynak"": ""BNB""}]",YOK,-0.0006,0.035,0.5743,0.3647,true,0,false,,1,0,3,0,0,3,15.1,16.2,IZLE,,25,63474.8,,,,,SEVIYE,75,387.4,39,,,,,,,1785240420,1,0,,30,387.4,30,,,
29698,2026-07-28 12:10:07.023162+00,63450.850000000006,-201232.36462279267,-334376.377,11734530063.1338,0.000009425999999999998,51094922.47240997,7490.0617999999995,27.4,BEKLE,true,7490.0617999999995,0.0,1.8596,241.437,50111624.99233998,180.956,0.0,27.4,"[{""usdt"": 15030694.0, ""borsa"": 3, ""fiyat"": 63425.0, ""kaynak"": ""BNB+BYB+OKX""}, {""usdt"": 11698594.0, ""borsa"": 2, ""fiyat"": 63400.0, ""kaynak"": ""BNB+BYB""}, {""usdt"": 10728072.0, ""borsa"": 1, ""fiyat"": 63350.0, ""kaynak"": ""BNB""}]","[{""usdt"": 13178400.0, ""borsa"": 3, ""fiyat"": 63450.0, ""kaynak"": ""BNB+BYB+OKX""}, {""usdt"": 10775941.0, ""borsa"": 1, ""fiyat"": 63550.0, ""kaynak"": ""BNB""}, {""usdt"": 9096213.0, ""borsa"": 1, ""fiyat"": 63525.0, ""kaynak"": ""BNB""}]",YOK,-0.0093,0.0097,0.6086,1.3457,false,1.1993,false,,0,0,3,1,1,3,11.3,12.4,IZLE,,25,63427.1,,,,,SEVIYE,100,388.4,39,,,,,,,1785240420,1,0,,30,388.4,30,,,
29699,2026-07-28 12:11:07.402882+00,63452.05,2212446.156044104,472559.01300000004,11733922805.8978,0.000009425999999999998,50694341.450969964,7490.0617999999995,33.7,BEKLE,true,7490.0617999999995,0.0,1.8596,301.787,49179631.12955992,241.306,0.0,33.7,"[{""usdt"": 11857472.0, ""borsa"": 3, ""fiyat"": 63425.0, ""kaynak"": ""BNB+BYB+OKX""}, {""usdt"": 10560888.0, ""borsa"": 1, ""fiyat"": 63350.0, ""kaynak"": ""BNB""}, {""usdt"": 10553839.0, ""borsa"": 1, ""fiyat"": 63400.0, ""kaynak"": ""BNB""}]","[{""usdt"": 12540738.0, ""borsa"": 3, ""fiyat"": 63475.0, ""kaynak"": ""BNB+BYB+OKX""}, {""usdt"": 9771994.0, ""borsa"": 1, ""fiyat"": 63550.0, ""kaynak"": ""BNB""}, {""usdt"": 8676291.0, ""borsa"": 1, ""fiyat"": 63525.0, ""kaynak"": ""BNB""}]",YOK,0.0483,0.0152,0.5723,0.6411,true,0.0705,false,,2,0,3,0,1,3,7.4,8.5,IZLE,,25,63474.8,,,,,SEVIYE,75,389.5,39,,,,,,,1785240420,1,1,,30,389.5,30,,,
29700,2026-07-28 12:12:07.793083+00,63445.75,2470062.9564031046,787980.2530000001,11736103585.3648,0.000009425999999999998,57104840.16187995,7490.0617999999995,44.4,BEKLE,false,7490.0617999999995,0.0,1.8612,362.122,48861458.11228998,301.641,0.0,44.4,"[{""usdt"": 18826217.0, ""borsa"": 3, ""fiyat"": 63425.0, ""kaynak"": ""BNB+BYB+OKX""}, {""usdt"": 11809428.0, ""borsa"": 1, ""fiyat"": 63350.0, ""kaynak"": ""BNB""}, {""usdt"": 9113119.0, ""borsa"": 1, ""fiyat"": 63400.0, ""kaynak"": ""BNB""}]","[{""usdt"": 13045448.0, ""borsa"": 3, ""fiyat"": 63450.0, ""kaynak"": ""BNB+BYB+OKX""}, {""usdt"": 9684274.0, ""borsa"": 1, ""fiyat"": 63550.0, ""kaynak"": ""BNB""}, {""usdt"": 9331113.0, ""borsa"": 3, ""fiyat"": 63475.0, ""kaynak"": ""BNB+BYB+OKX""}]",YOK,-0.0022,0.0778,0.5175,0.6369,true,0,false,,0,0,3,0,1,3,3.5,4.6,IZLE,,25,63427.1,,,,,SEVIYE,100,390.5,39,,,,,,,1785240420,1,2,,30,390.5,30,,,
29701,2026-07-28 12:13:08.078668+00,63426.649999999994,2397264.7072399044,763576.7960000001,11734314843.1364,0.000009425999999999998,55805487.52497994,0.0,36.2,BEKLE,false,0.0,0.0,1.8612,422.505,49244286.413689986,362.024,0.0,36.2,"[{""usdt"": 13637668.0, ""borsa"": 1, ""fiyat"": 63400.0, ""kaynak"": ""BNB""}, {""usdt"": 10245687.0, ""borsa"": 3, ""fiyat"": 63425.0, ""kaynak"": ""BNB+BYB+OKX""}, {""usdt"": 10179840.0, ""borsa"": 1, ""fiyat"": 63325.0, ""kaynak"": ""BNB""}]","[{""usdt"": 15817950.0, ""borsa"": 3, ""fiyat"": 63450.0, ""kaynak"": ""BNB+BYB+OKX""}, {""usdt"": 8328608.0, ""borsa"": 3, ""fiyat"": 63475.0, ""kaynak"": ""BNB+BYB+OKX""}, {""usdt"": 8035867.0, ""borsa"": 1, ""fiyat"": 63525.0, ""kaynak"": ""BNB""}]",YOK,-0.0512,0.0625,0.5995,0.9321,true,0,false,,0,1,3,0,1,3,63.4,62.4,IZLE,,25,63406.4,,,,,SEVIYE,100,321.4,33,,,,,,,,,0,,29,391.5,29,,,
29702,2026-07-28 12:14:08.554211+00,63437.850000000006,2154142.177952404,729114.638,11731734087.3731,0.000009425999999999998,56674885.978089936,0.0,35.9,BEKLE,false,0.0,0.0,1.8612,482.799,48243740.53651,422.318,0.0,35.9,"[{""usdt"": 22498073.0, ""borsa"": 3, ""fiyat"": 63400.0, ""kaynak"": ""BNB+BYB+OKX""}, {""usdt"": 10179840.0, ""borsa"": 1, ""fiyat"": 63325.0, ""kaynak"": ""BNB""}, {""usdt"": 9553007.0, ""borsa"": 1, ""fiyat"": 63350.0, ""kaynak"": ""BNB""}]","[{""usdt"": 10296903.0, ""borsa"": 3, ""fiyat"": 63450.0, ""kaynak"": ""BNB+BYB+OKX""}, {""usdt"": 10259565.0, ""borsa"": 3, ""fiyat"": 63425.0, ""kaynak"": ""BNB+BYB+OKX""}, {""usdt"": 8035867.0, ""borsa"": 1, ""fiyat"": 63525.0, ""kaynak"": ""BNB""}]",YOK,-0.0677,0.0804,0.5689,0.4896,true,0,false,,0,1,3,0,1,3,60.3,61.4,IZLE,,25,63406.4,,,,,SEVIYE,100,322.4,33,,,,,,,,,0,,29,392.5,29,,,
29703,2026-07-28 12:15:09.040059+00,63430.850000000006,2094342.0847074036,732600.1560000002,11728312894.6474,0.000009425999999999998,47521974.183089994,0.0,41.9,BEKLE,true,0.0,0.0,1.8612,543.371,46329297.36719999,181.249,0.0,41.9,"[{""usdt"": 11370235.0, ""borsa"": 3, ""fiyat"": 63400.0, ""kaynak"": ""BNB+BYB+OKX""}, {""usdt"": 9711667.0, ""borsa"": 3, ""fiyat"": 63425.0, ""kaynak"": ""BNB+BYB+OKX""}, {""usdt"": 9545970.0, ""borsa"": 1, ""fiyat"": 63325.0, ""kaynak"": ""BNB""}]","[{""usdt"": 14261411.0, ""borsa"": 3, ""fiyat"": 63450.0, ""kaynak"": ""BNB+BYB+OKX""}, {""usdt"": 10072791.0, ""borsa"": 1, ""fiyat"": 63550.0, ""kaynak"": ""BNB""}, {""usdt"": 7608762.0, ""borsa"": 1, ""fiyat"": 63500.0, ""kaynak"": ""BNB""}]",YOK,0.0276,0.0127,0.5245,0.3259,true,0,false,,1,0,3,0,1,3,57.1,58.2,IZLE,,25,63406.4,,,,,SEVIYE,100,323.4,33,,,,,,,,,0,,29,393.5,29,,,
29704,2026-07-28 12:16:09.369205+00,63411.350000000006,-1458281.6415561035,45910.19899999999,11728243705.892002,0.000009425999999999998,49265873.608129986,0.0,36.6,BEKLE,true,0.0,0.0,1.8612,603.765,44508498.80330001,181.26,36.6,0.0,"[{""usdt"": 16692224.0, ""borsa"": 3, ""fiyat"": 63400.0, ""kaynak"": ""BNB+BYB+OKX""}, {""usdt"": 10729202.0, ""borsa"": 1, ""fiyat"": 63325.0, ""kaynak"": ""BNB""}, {""usdt"": 10050741.0, ""borsa"": 1, ""fiyat"": 63350.0, ""kaynak"": ""BNB""}]","[{""usdt"": 8980815.0, ""borsa"": 3, ""fiyat"": 63450.0, ""kaynak"": ""BNB+BYB+OKX""}, {""usdt"": 7915655.0, ""borsa"": 1, ""fiyat"": 63525.0, ""kaynak"": ""BNB""}, {""usdt"": 7522956.0, ""borsa"": 3, ""fiyat"": 63425.0, ""kaynak"": ""BNB+BYB+OKX""}]",YOK,-0.1771,0.0507,0.8152,0.6445,false,0,false,,0,1,3,1,1,3,53.6,54.6,IZLE,,25,63406.4,,,,,SEVIYE,100,324.4,33,,,,,,,,,0,,29,394.5,29,,,
29705,2026-07-28 12:17:10.022091+00,63418.149999999994,-1418586.0389063032,29229.293999999994,11727005734.7589,0.000009425999999999998,53894103.17567994,0.0,54.6,BEKLE,false,0.0,0.0,1.8612,664.328,51182609.370859995,60.563,54.6,0.0,"[{""usdt"": 13179472.0, ""borsa"": 3, ""fiyat"": 63375.0, ""kaynak"": ""BNB+BYB+OKX""}, {""usdt"": 10315821.0, ""borsa"": 1, ""fiyat"": 63350.0, ""kaynak"": ""BNB""}, {""usdt"": 10235147.0, ""borsa"": 1, ""fiyat"": 63300.0, ""kaynak"": ""BNB""}]","[{""usdt"": 13781559.0, ""borsa"": 3, ""fiyat"": 63425.0, ""kaynak"": ""BNB+BYB+OKX""}, {""usdt"": 8906684.0, ""borsa"": 1, ""fiyat"": 63475.0, ""kaynak"": ""BNB""}, {""usdt"": 8616014.0, ""borsa"": 1, ""fiyat"": 63525.0, ""kaynak"": ""BNB""}]",YOK,-0.0489,0.0258,0.7243,0.3666,true,0,false,,0,1,3,0,1,3,50.3,51.3,IZLE,,25,63406.4,,,,,SEVIYE,100,325.4,33,,,,,,,,,0,,29,395.5,29,,,
29706,2026-07-28 12:18:10.442272+00,63410.55,-1561586.8250359034,65542.96499999998,11730006123.0798,0.000009425999999999998,49298518.06281995,0.0,45.8,BEKLE,false,0.0,0.0,1.862,724.747,49633741.635960035,120.982,45.8,0.0,"[{""usdt"": 15116154.0, ""borsa"": 3, ""fiyat"": 63400.0, ""kaynak"": ""BNB+BYB+OKX""}, {""usdt"": 11093420.0, ""borsa"": 1, ""fiyat"": 63325.0, ""kaynak"": ""BNB""}, {""usdt"": 9640360.0, ""borsa"": 3, ""fiyat"": 63375.0, ""kaynak"": ""BNB+BYB+OKX""}]","[{""usdt"": 13796401.0, ""borsa"": 3, ""fiyat"": 63425.0, ""kaynak"": ""BNB+BYB+OKX""}, {""usdt"": 9487609.0, ""borsa"": 1, ""fiyat"": 63475.0, ""kaynak"": ""BNB""}, {""usdt"": 9158324.0, ""borsa"": 1, ""fiyat"": 63525.0, ""kaynak"": ""BNB""}]",YOK,-0.0343,-0.0034,0.7441,0.2159,false,0,false,,0,1,3,0,1,3,46.8,47.9,IZLE,,25,63406.4,,,,,SEVIYE,100,326.4,33,,,,,,,,,0,,29,396.5,29,,,
29707,2026-07-28 12:19:10.772609+00,63406.95,-1631424.820716003,20032.30100000001,11728940898.678,0.000009425999999999998,52429183.27575996,0.0,51.3,BEKLE,false,0.0,0.0,1.862,785.2,49783459.58111003,181.435,51.3,0.0,"[{""usdt"": 14137392.0, ""borsa"": 3, ""fiyat"": 63375.0, ""kaynak"": ""BNB+BYB+OKX""}, {""usdt"": 10692134.0, ""borsa"": 1, ""fiyat"": 63350.0, ""kaynak"": ""BNB""}, {""usdt"": 10226237.0, ""borsa"": 3, ""fiyat"": 63400.0, ""kaynak"": ""BNB+BYB+OKX""}]","[{""usdt"": 13246342.0, ""borsa"": 3, ""fiyat"": 63425.0, ""kaynak"": ""BNB+BYB+OKX""}, {""usdt"": 9378733.0, ""borsa"": 1, ""fiyat"": 63475.0, ""kaynak"": ""BNB""}, {""usdt"": 8827085.0, ""borsa"": 1, ""fiyat"": 63525.0, ""kaynak"": ""BNB""}]",YOK,-0.0863,0.0259,0.7324,0.4264,false,0,false,,0,1,3,1,1,3,43.5,44.5,IZLE,,25,63406.4,,,,,SEVIYE,100,327.4,33,,,,,,,,,0,,29,397.5,29,,,
29708,2026-07-28 12:20:11.119191+00,63418.649999999994,-1643540.7707880032,24932.378999999986,11728809008.975399,0.000009425999999999998,56715730.6835899,0.0,51.2,BEKLE,false,0.0,0.0,1.862,845.516,48405993.90384003,241.751,51.2,0.0,"[{""usdt"": 14356372.0, ""borsa"": 3, ""fiyat"": 63400.0, ""kaynak"": ""BNB+BYB+OKX""}, {""usdt"": 13135873.0, ""borsa"": 3, ""fiyat"": 63375.0, ""kaynak"": ""BNB+BYB+OKX""}, {""usdt"": 10601816.0, ""borsa"": 1, ""fiyat"": 63350.0, ""kaynak"": ""BNB""}]","[{""usdt"": 14224932.0, ""borsa"": 3, ""fiyat"": 63425.0, ""kaynak"": ""BNB+BYB+OKX""}, {""usdt"": 8577742.0, ""borsa"": 1, ""fiyat"": 63475.0, ""kaynak"": ""BNB""}, {""usdt"": 7205051.0, ""borsa"": 1, ""fiyat"": 63525.0, ""kaynak"": ""BNB""}]",YOK,-0.1034,0.079,0.7303,0.17,false,0.6619,false,,0,1,3,0,1,3,39.9,41,IZLE,,25,63406.4,,,,,SEVIYE,100,328.4,33,,,,,,,,,0,,29,398.5,29,,,
29709,2026-07-28 12:21:11.431782+00,63425.95,-1360297.2095752002,138666.965,11731234889.0388,0.000009425999999999998,53725336.458379894,0.0,14.5,BEKLE,true,0.0,0.0,1.862,905.85,50389300.27371002,302.085,0.0,14.5,"[{""usdt"": 14201571.0, ""borsa"": 3, ""fiyat"": 63375.0, ""kaynak"": ""BNB+BYB+OKX""}, {""usdt"": 12484503.0, ""borsa"": 3, ""fiyat"": 63400.0, ""kaynak"": ""BNB+BYB+OKX""}, {""usdt"": 11485417.0, ""borsa"": 1, ""fiyat"": 63325.0, ""kaynak"": ""BNB""}]","[{""usdt"": 12761238.0, ""borsa"": 3, ""fiyat"": 63425.0, ""kaynak"": ""BNB+BYB+OKX""}, {""usdt"": 9725176.0, ""borsa"": 1, ""fiyat"": 63475.0, ""kaynak"": ""BNB""}, {""usdt"": 8152711.0, ""borsa"": 1, ""fiyat"": 63525.0, ""kaynak"": ""BNB""}]",YOK,-0.1092,0.032,,,false,0.4336,false,,0,1,3,0,1,3,36.4,37.5,IZLE,,25,63406.4,,,,,SEVIYE,100,329.4,33,,,,,,,,,0,,29,399.5,29,,,
29710,2026-07-28 12:22:11.765809+00,63429.05,-836050.2165726006,198898.05599999998,11734320770.028,0.000009425999999999998,58795850.33777994,0.0,17.8,BEKLE,true,0.0,0.0,1.862,966.202,45541270.08695002,362.437,0.0,17.8,"[{""usdt"": 24443762.0, ""borsa"": 3, ""fiyat"": 63400.0, ""kaynak"": ""BNB+BYB+OKX""}, {""usdt"": 11050260.0, ""borsa"": 1, ""fiyat"": 63325.0, ""kaynak"": ""BNB""}, {""usdt"": 10537458.0, ""borsa"": 1, ""fiyat"": 63350.0, ""kaynak"": ""BNB""}]","[{""usdt"": 9852741.0, ""borsa"": 3, ""fiyat"": 63450.0, ""kaynak"": ""BNB+BYB+OKX""}, {""usdt"": 8445261.0, ""borsa"": 1, ""fiyat"": 63475.0, ""kaynak"": ""BNB""}, {""usdt"": 7309059.0, ""borsa"": 1, ""fiyat"": 63500.0, ""kaynak"": ""BNB""}]",YOK,-0.0406,0.127,0.6377,0.8513,true,0.2959,false,,0,0,3,2,0,3,32.9,34,IZLE,,25,63406.4,,,,,SEVIYE,100,330.4,33,,,,,,,,,0,,29,400.5,29,,,
29711,2026-07-28 12:23:12.105997+00,63408.95,-760290.4665362007,191392.03299999997,11733766698.874,0.000009425999999999998,61067340.077089936,0.0,15.5,BEKLE,true,0.0,0.0,1.862,1026.515,49951918.46573003,422.75,0.0,15.5,"[{""usdt"": 26136117.0, ""borsa"": 3, ""fiyat"": 63400.0, ""kaynak"": ""BNB+BYB+OKX""}, {""usdt"": 11708582.0, ""borsa"": 1, ""fiyat"": 63325.0, ""kaynak"": ""BNB""}, {""usdt"": 10058831.0, ""borsa"": 1, ""fiyat"": 63350.0, ""kaynak"": ""BNB""}]","[{""usdt"": 13957095.0, ""borsa"": 3, ""fiyat"": 63425.0, ""kaynak"": ""BNB+BYB+OKX""}, {""usdt"": 8328376.0, ""borsa"": 3, ""fiyat"": 63450.0, ""kaynak"": ""BNB+BYB+OKX""}, {""usdt"": 8055851.0, ""borsa"": 1, ""fiyat"": 63500.0, ""kaynak"": ""BNB""}]",YOK,-0.0807,0.1001,0.7529,0.1167,false,0.2207,false,,0,0,3,0,0,3,29.4,30.4,IZLE,,25,63426.5,,,,,SEVIYE,100,401.5,41,,,,,,,,,0,,30,401.5,30,,,
29712,2026-07-28 12:24:12.434759+00,63415.75,-681788.7426156006,242478.392,11729184235.945,0.000009425999999999998,51510415.37755994,0.0,22.5,BEKLE,true,0.0,0.0,1.862,1086.839,50156566.19846002,483.074,0.0,22.5,"[{""usdt"": 14107757.0, ""borsa"": 3, ""fiyat"": 63400.0, ""kaynak"": ""BNB+BYB+OKX""}, {""usdt"": 12818843.0, ""borsa"": 1, ""fiyat"": 63325.0, ""kaynak"": ""BNB""}, {""usdt"": 11170853.0, ""borsa"": 1, ""fiyat"": 63350.0, ""kaynak"": ""BNB""}]","[{""usdt"": 16022364.0, ""borsa"": 3, ""fiyat"": 63425.0, ""kaynak"": ""BNB+BYB+OKX""}, {""usdt"": 8237886.0, ""borsa"": 1, ""fiyat"": 63475.0, ""kaynak"": ""BNB""}, {""usdt"": 7492128.0, ""borsa"": 1, ""fiyat"": 63525.0, ""kaynak"": ""BNB""}]",YOK,-0.0672,0.0133,0.6714,0.4829,true,0.0975,false,,0,0,3,0,1,3,25.8,26.9,IZLE,,25,63426.5,,,,,SEVIYE,100,402.5,41,,,,,,,,,0,,30,402.5,30,,,
29713,2026-07-28 12:25:12.766409+00,63436.149999999994,-768604.7729919007,232252.50000000003,11727280519.8553,0.000009425999999999998,59566879.87335994,5073.1759999999995,19.4,BEKLE,true,5073.1759999999995,0.0,1.862,1147.216,42047728.00358,543.451,0.0,19.4,"[{""usdt"": 13526347.0, ""borsa"": 1, ""fiyat"": 63375.0, ""kaynak"": ""BNB""}, {""usdt"": 13091176.0, ""borsa"": 3, ""fiyat"": 63400.0, ""kaynak"": ""BNB+BYB+OKX""}, {""usdt"": 11238539.0, ""borsa"": 1, ""fiyat"": 63325.0, ""kaynak"": ""BNB""}]","[{""usdt"": 10883163.0, ""borsa"": 3, ""fiyat"": 63425.0, ""kaynak"": ""BNB+BYB+OKX""}, {""usdt"": 9923546.0, ""borsa"": 3, ""fiyat"": 63450.0, ""kaynak"": ""BNB+BYB+OKX""}, {""usdt"": 8772949.0, ""borsa"": 1, ""fiyat"": 63475.0, ""kaynak"": ""BNB""}]",PERP,-0.0611,0.1724,0.6689,1.0382,false,0.6731,false,,0,1,3,1,0,3,22.4,23.5,IZLE,,25,63426.5,,,,,SEVIYE,100,403.5,41,,,,,,,1785241380,1,0,,30,403.5,30,,,
29714,2026-07-28 12:26:13.216349+00,63449.350000000006,592349.1425547994,354849.338,11731031560.0953,0.000009425999999999998,57600002.21577999,5073.1759999999995,19.1,BEKLE,true,5073.1759999999995,0.0,1.862,1207.513,46292464.99936002,603.748,0.0,19.1,"[{""usdt"": 19273864.0, ""borsa"": 3, ""fiyat"": 63400.0, ""kaynak"": ""BNB+BYB+OKX""}, {""usdt"": 12253967.0, ""borsa"": 1, ""fiyat"": 63325.0, ""kaynak"": ""BNB""}, {""usdt"": 9501982.0, ""borsa"": 3, ""fiyat"": 63425.0, ""kaynak"": ""BNB+BYB+OKX""}]","[{""usdt"": 14387431.0, ""borsa"": 3, ""fiyat"": 63450.0, ""kaynak"": ""BNB+BYB+OKX""}, {""usdt"": 8563892.0, ""borsa"": 1, ""fiyat"": 63500.0, ""kaynak"": ""BNB""}, {""usdt"": 7329032.0, ""borsa"": 1, ""fiyat"": 63525.0, ""kaynak"": ""BNB""}]",YOK,-0.0173,0.1088,0.8122,0.7552,false,,false,0,0,0,3,1,0,3,18.8,19.9,IZLE,,25,63466.2,,,,,SEVIYE,90,404.6,41,,,,,,,1785241380,1,1,,30,404.6,30,,,
29715,2026-07-28 12:27:13.524082+00,63469.649999999994,732588.3383196989,480846.067,11733211750.1484,0.000009425999999999998,58901981.17824999,5073.1759999999995,21.1,BEKLE,true,5073.1759999999995,0.0,1.862,1267.92,49613895.04777001,60.407,0.0,21.1,"[{""usdt"": 15923600.0, ""borsa"": 3, ""fiyat"": 63425.0, ""kaynak"": ""BNB+BYB+OKX""}, {""usdt"": 12069886.0, ""borsa"": 1, ""fiyat"": 63350.0, ""kaynak"": ""BNB""}, {""usdt"": 8773936.0, ""borsa"": 1, ""fiyat"": 63400.0, ""kaynak"": ""BNB""}]","[{""usdt"": 11542052.0, ""borsa"": 1, ""fiyat"": 63550.0, ""kaynak"": ""BNB""}, {""usdt"": 9498868.0, ""borsa"": 3, ""fiyat"": 63475.0, ""kaynak"": ""BNB+BYB+OKX""}, {""usdt"": 9477760.0, ""borsa"": 1, ""fiyat"": 63500.0, ""kaynak"": ""BNB""}]",YOK,-0.0193,0.0856,0.727,1.4599,false,,false,0,0,0,3,0,0,3,15.4,16.5,IZLE,,25,63466.2,,,,,SEVIYE,90,405.6,41,,,,,,,1785241380,1,2,,30,405.6,30,,,
29716,2026-07-28 12:28:13.824037+00,63474.350000000006,1303284.581242899,647271.507,11739554425.915,0.000009425999999999998,51899943.83499,5073.1759999999995,22.2,BEKLE,true,5073.1759999999995,0.0,1.862,1328.272,54551089.593910016,120.759,0.0,22.2,"[{""usdt"": 22128452.0, ""borsa"": 3, ""fiyat"": 63450.0, ""kaynak"": ""BNB+BYB+OKX""}, {""usdt"": 11093510.0, ""borsa"": 1, ""fiyat"": 63400.0, ""kaynak"": ""BNB""}, {""usdt"": 7226547.0, ""borsa"": 1, ""fiyat"": 63425.0, ""kaynak"": ""BNB""}]","[{""usdt"": 11278017.0, ""borsa"": 1, ""fiyat"": 63550.0, ""kaynak"": ""BNB""}, {""usdt"": 11171649.0, ""borsa"": 3, ""fiyat"": 63475.0, ""kaynak"": ""BNB+BYB+OKX""}, {""usdt"": 8836254.0, ""borsa"": 1, ""fiyat"": 63575.0, ""kaynak"": ""BNB""}]",YOK,-0.0449,-0.0249,0.6842,1.683,false,,false,0,0,0,3,0,0,3,11.9,13,IZLE,,25,63466.2,,,,,SEVIYE,90,406.6,41,,,,,,,1785241380,1,3,,30,406.6,30,,,
29717,2026-07-28 12:29:14.162294+00,63440.05,1102756.6549278004,787793.717,11731666661.9031,0.000009425999999999998,54669265.69248006,0.0,24.9,BEKLE,false,0.0,0.0,1.862,1388.564,47299041.46437001,181.051,0.0,24.9,"[{""usdt"": 14759331.0, ""borsa"": 3, ""fiyat"": 63425.0, ""kaynak"": ""BNB+BYB+OKX""}, {""usdt"": 11079622.0, ""borsa"": 1, ""fiyat"": 63350.0, ""kaynak"": ""BNB""}, {""usdt"": 11067515.0, ""borsa"": 3, ""fiyat"": 63400.0, ""kaynak"": ""BNB+BYB+OKX""}]","[{""usdt"": 12867664.0, ""borsa"": 3, ""fiyat"": 63450.0, ""kaynak"": ""BNB+BYB+OKX""}, {""usdt"": 10356532.0, ""borsa"": 1, ""fiyat"": 63550.0, ""kaynak"": ""BNB""}, {""usdt"": 7779009.0, ""borsa"": 1, ""fiyat"": 63525.0, ""kaynak"": ""BNB""}]",YOK,0.0275,0.0723,0.6104,0.645,false,,true,0.0164,0,0,3,0,1,3,8.3,9.3,IZLE,,25,63426.5,,,,,SEVIYE,100,407.6,41,,,,,,,,,0,,30,407.6,30,,,
29718,2026-07-28 12:30:14.534094+00,63391.05,696017.3202722991,1012174.2440000001,11726411382.3204,0.000009425999999999998,59772181.77492997,0.0,28.3,BEKLE,false,0.0,0.0,1.862,1448.89,46014810.30881002,0,0.0,28.3,"[{""usdt"": 20270666.0, ""borsa"": 3, ""fiyat"": 63375.0, ""kaynak"": ""BNB+BYB+OKX""}, {""usdt"": 12204741.0, ""borsa"": 3, ""fiyat"": 63350.0, ""kaynak"": ""BNB+BYB+OKX""}, {""usdt"": 10957464.0, ""borsa"": 1, ""fiyat"": 63325.0, ""kaynak"": ""BNB""}]","[{""usdt"": 14190274.0, ""borsa"": 3, ""fiyat"": 63400.0, ""kaynak"": ""BNB+BYB+OKX""}, {""usdt"": 7843037.0, ""borsa"": 1, ""fiyat"": 63450.0, ""kaynak"": ""BNB""}, {""usdt"": 6876916.0, ""borsa"": 1, ""fiyat"": 63500.0, ""kaynak"": ""BNB""}]",YOK,-0.0843,0.13,0.4734,1.1308,false,,false,1.3137,0,1,3,1,0,3,4.7,5.8,IZLE,,25,63426.5,,,,,SEVIYE,100,408.6,41,,,,,,,,,0,,30,408.6,30,,,
29719,2026-07-28 12:31:14.963631+00,63435.95,2277041.928180199,12391.195999999998,11731367540.4399,0.000009425999999999998,56556700.979829974,0.0,31.6,BEKLE,true,0.0,0.0,1.862,1509.283,51385029.405510016,0,31.6,0.0,"[{""usdt"": 17017444.0, ""borsa"": 3, ""fiyat"": 63375.0, ""kaynak"": ""BNB+BYB+OKX""}, {""usdt"": 13926852.0, ""borsa"": 3, ""fiyat"": 63350.0, ""kaynak"": ""BNB+BYB+OKX""}, {""usdt"": 12302893.0, ""borsa"": 1, ""fiyat"": 63325.0, ""kaynak"": ""BNB""}]","[{""usdt"": 11217477.0, ""borsa"": 1, ""fiyat"": 63550.0, ""kaynak"": ""BNB""}, {""usdt"": 9480012.0, ""borsa"": 2, ""fiyat"": 63400.0, ""kaynak"": ""BYB+OKX""}, {""usdt"": 9122304.0, ""borsa"": 1, ""fiyat"": 63500.0, ""kaynak"": ""BNB""}]",YOK,-0.0514,0.0479,0.7019,0.433,false,,false,1.4308,0,1,3,0,0,3,1.3,63.7,IZLE,,25,63426.5,,,,,SEVIYE,100,409.6,41,,,,,,,,,0,,30,409.6,30,,,
29720,2026-07-28 12:32:15.651307+00,63417.95,2178051.006842599,23435.912000000008,11728046801.5584,0.000009425999999999998,57839034.82814999,0.0,33.0,BEKLE,true,0.0,0.0,1.862,1570.122,51756849.968860015,60.839,33.0,0.0,"[{""usdt"": 17784016.0, ""borsa"": 3, ""fiyat"": 63400.0, ""kaynak"": ""BNB+BYB+OKX""}, {""usdt"": 12302893.0, ""borsa"": 1, ""fiyat"": 63325.0, ""kaynak"": ""BNB""}, {""usdt"": 12040599.0, ""borsa"": 1, ""fiyat"": 63350.0, ""kaynak"": ""BNB""}]","[{""usdt"": 13371850.0, ""borsa"": 3, ""fiyat"": 63450.0, ""kaynak"": ""BNB+BYB+OKX""}, {""usdt"": 11217477.0, ""borsa"": 1, ""fiyat"": 63550.0, ""kaynak"": ""BNB""}, {""usdt"": 9122304.0, ""borsa"": 1, ""fiyat"": 63500.0, ""kaynak"": ""BNB""}]",YOK,-0.0514,0.0555,0.5987,1.6569,false,,false,,0,1,3,0,1,3,62.1,63.2,IZLE,,25,63407.6,,,,,SEVIYE,95,340.5,35,,,,,,,,,0,,29,410.6,28,,,
29721,2026-07-28 12:33:15.978778+00,63396.05,2173141.7572833,-8126.861000000001,11728145060.4012,0.000009425999999999998,52561655.04209998,0.0,27.8,BEKLE,true,0.0,0.0,1.8645,1630.365,48842681.48506001,0,27.8,0.0,"[{""usdt"": 17897427.0, ""borsa"": 3, ""fiyat"": 63400.0, ""kaynak"": ""BNB+BYB+OKX""}, {""usdt"": 11270625.0, ""borsa"": 1, ""fiyat"": 63325.0, ""kaynak"": ""BNB""}, {""usdt"": 10153641.0, ""borsa"": 1, ""fiyat"": 63350.0, ""kaynak"": ""BNB""}]","[{""usdt"": 15193702.0, ""borsa"": 3, ""fiyat"": 63425.0, ""kaynak"": ""BNB+BYB+OKX""}, {""usdt"": 8791685.0, ""borsa"": 1, ""fiyat"": 63500.0, ""kaynak"": ""BNB""}, {""usdt"": 7531700.0, ""borsa"": 1, ""fiyat"": 63525.0, ""kaynak"": ""BNB""}]",YOK,-0.0509,0.0367,0.3852,2.6827,false,,false,,0,1,3,0,2,3,58.4,59.4,IZLE,,25,63407.6,,,,,SEVIYE,95,341.5,35,,,,,,,,,0,,29,411.6,28,,,
29722,2026-07-28 12:34:16.233004+00,63377.850000000006,1913451.8281480004,-20277.065999999995,11722006258.8547,0.000009425999999999998,64538555.20690992,0.0,40.7,BEKLE,true,0.0,0.0,1.8645,1690.664,47634129.34111006,60.299,40.7,0.0,"[{""usdt"": 21849871.0, ""borsa"": 3, ""fiyat"": 63375.0, ""kaynak"": ""BNB+BYB+OKX""}, {""usdt"": 12122136.0, ""borsa"": 3, ""fiyat"": 63350.0, ""kaynak"": ""BNB+BYB+OKX""}, {""usdt"": 10577343.0, ""borsa"": 1, ""fiyat"": 63325.0, ""kaynak"": ""BNB""}]","[{""usdt"": 13554087.0, ""borsa"": 3, ""fiyat"": 63400.0, ""kaynak"": ""BNB+BYB+OKX""}, {""usdt"": 8466804.0, ""borsa"": 1, ""fiyat"": 63450.0, ""kaynak"": ""BNB""}, {""usdt"": 6867569.0, ""borsa"": 1, ""fiyat"": 63500.0, ""kaynak"": ""BNB""}]",PERP,-0.0081,0.1507,0.3214,1.9089,false,,false,,0,0,3,1,0,3,54.5,55.6,IZLE,,25,63365.4,,,,,SEVIYE,30,412.6,42,,,,,,,,,0,,29,412.6,28,,,
29723,2026-07-28 12:35:16.603038+00,63407.45,-246506.6869290006,915660.271,11728734290.0461,0.000009425999999999998,49529456.055159986,0.0,19.7,BEKLE,true,0.0,0.0,1.8645,362.399,48723005.04218999,60.299,19.7,0.0,"[{""usdt"": 15766885.0, ""borsa"": 3, ""fiyat"": 63350.0, ""kaynak"": ""BNB+BYB+OKX""}, {""usdt"": 9114670.0, ""borsa"": 1, ""fiyat"": 63325.0, ""kaynak"": ""BNB""}, {""usdt"": 9080615.0, ""borsa"": 3, ""fiyat"": 63375.0, ""kaynak"": ""BNB+BYB+OKX""}]","[{""usdt"": 13135404.0, ""borsa"": 3, ""fiyat"": 63400.0, ""kaynak"": ""BNB+BYB+OKX""}, {""usdt"": 10229153.0, ""borsa"": 1, ""fiyat"": 63450.0, ""kaynak"": ""BNB""}, {""usdt"": 6993399.0, ""borsa"": 1, ""fiyat"": 63425.0, ""kaynak"": ""BNB""}]",YOK,-0.1025,0.0082,0.8217,1.1078,false,,false,,0,1,3,0,0,3,50.6,51.7,IZLE,,25,63407.6,,,,,SEVIYE,95,343.5,35,,,,,,,,,0,,29,413.6,28,,,
29724,2026-07-28 12:36:16.928343+00,63406.75,-498066.6991348007,1027553.134,11730425402.7708,0.000009425999999999998,49729047.732049964,0.0,37.8,BEKLE,false,0.0,0.0,1.862,422.767,48211030.698130056,0,0.0,37.8,"[{""usdt"": 14540623.0, ""borsa"": 3, ""fiyat"": 63400.0, ""kaynak"": ""BNB+BYB+OKX""}, {""usdt"": 9201900.0, ""borsa"": 1, ""fiyat"": 63350.0, ""kaynak"": ""BNB""}, {""usdt"": 8637865.0, ""borsa"": 3, ""fiyat"": 63375.0, ""kaynak"": ""BNB+BYB+OKX""}]","[{""usdt"": 13232453.0, ""borsa"": 3, ""fiyat"": 63425.0, ""kaynak"": ""BNB+BYB+OKX""}, {""usdt"": 9996375.0, ""borsa"": 1, ""fiyat"": 63500.0, ""kaynak"": ""BNB""}, {""usdt"": 8879218.0, ""borsa"": 1, ""fiyat"": 63475.0, ""kaynak"": ""BNB""}]",YOK,-0.0066,0.0155,0.5634,0.459,false,,false,0.5512,0,0,3,0,0,3,47.2,48.2,IZLE,,25,63407.6,,,,,SEVIYE,95,344.5,35,,,,,,,,,0,,29,414.6,28,,,
29725,2026-07-28 12:37:17.277905+00,63415.850000000006,-649216.9417076011,1038888.994,11729467414.3953,0.000009425999999999998,57641204.02416996,0.0,34.9,BEKLE,false,0.0,0.0,1.862,483.121,46344246.058370024,60.354,0.0,34.9,"[{""usdt"": 20685710.0, ""borsa"": 3, ""fiyat"": 63375.0, ""kaynak"": ""BNB+BYB+OKX""}, {""usdt"": 10531038.0, ""borsa"": 1, ""fiyat"": 63325.0, ""kaynak"": ""BNB""}, {""usdt"": 8752884.0, ""borsa"": 1, ""fiyat"": 63300.0, ""kaynak"": ""BNB""}]","[{""usdt"": 10037652.0, ""borsa"": 3, ""fiyat"": 63400.0, ""kaynak"": ""BNB+BYB+OKX""}, {""usdt"": 10026429.0, ""borsa"": 3, ""fiyat"": 63425.0, ""kaynak"": ""BNB+BYB+OKX""}, {""usdt"": 9294452.0, ""borsa"": 1, ""fiyat"": 63500.0, ""kaynak"": ""BNB""}]",YOK,0.0005,0.1086,0.5679,0.0327,false,,true,0.4943,0,0,3,0,0,3,43.7,44.7,IZLE,,25,63407.6,,,,,SEVIYE,95,345.5,35,,,,,,,,,0,,29,415.6,28,,,
29726,2026-07-28 12:38:17.570026+00,63390.95,-1457308.6877801018,969675.2719999999,11725143447.100399,0.000009425999999999998,51006088.570499994,0.0,41.9,BEKLE,false,0.0,0.0,1.862,543.442,50077908.34288003,120.675,0.0,41.9,"[{""usdt"": 16557210.0, ""borsa"": 3, ""fiyat"": 63375.0, ""kaynak"": ""BNB+BYB+OKX""}, {""usdt"": 10410443.0, ""borsa"": 3, ""fiyat"": 63350.0, ""kaynak"": ""BNB+BYB+OKX""}, {""usdt"": 9057383.0, ""borsa"": 1, ""fiyat"": 63325.0, ""kaynak"": ""BNB""}]","[{""usdt"": 15015226.0, ""borsa"": 3, ""fiyat"": 63400.0, ""kaynak"": ""BNB+BYB+OKX""}, {""usdt"": 8963196.0, ""borsa"": 1, ""fiyat"": 63500.0, ""kaynak"": ""BNB""}, {""usdt"": 7988319.0, ""borsa"": 1, ""fiyat"": 63450.0, ""kaynak"": ""BNB""}]",YOK,-0.0137,0.0092,0.6367,0.0693,false,,true,0.3035,0,0,3,0,1,3,40.1,41.2,IZLE,,25,63407.6,,,,,SEVIYE,95,346.5,35,,,,,,,,,0,,29,416.6,28,,,
29727,2026-07-28 12:39:17.927702+00,63394.350000000006,-1352222.076470202,1014599.183,11727863904.706799,0.000009425999999999998,51704325.65968993,63.3901,41.6,BEKLE,false,63.3901,0.0,1.862,603.744,46509710.29277002,180.977,0.0,41.6,"[{""usdt"": 14759366.0, ""borsa"": 3, ""fiyat"": 63375.0, ""kaynak"": ""BNB+BYB+OKX""}, {""usdt"": 10308850.0, ""borsa"": 1, ""fiyat"": 63325.0, ""kaynak"": ""BNB""}, {""usdt"": 9794194.0, ""borsa"": 3, ""fiyat"": 63350.0, ""kaynak"": ""BNB+BYB+OKX""}]","[{""usdt"": 14122514.0, ""borsa"": 3, ""fiyat"": 63400.0, ""kaynak"": ""BNB+BYB+OKX""}, {""usdt"": 9030392.0, ""borsa"": 1, ""fiyat"": 63450.0, ""kaynak"": ""BNB""}, {""usdt"": 8965404.0, ""borsa"": 1, ""fiyat"": 63500.0, ""kaynak"": ""BNB""}]",YOK,-0.0625,0.0529,0.5983,0.2343,false,,true,0.3342,0,0,3,0,1,3,36.6,37.6,IZLE,,25,63407.6,,,,,SEVIYE,95,347.5,35,,,,,,,1785242280,1,0,,29,417.6,28,,,
29728,2026-07-28 12:40:18.197972+00,63415.95,669166.3712213994,886714.7359999999,11729765947.631802,0.000009425999999999998,50964179.01193993,63.3901,10.0,BEKLE,true,63.3901,0.0,1.862,664.068,48373293.569460005,241.301,10.0,0.0,"[{""usdt"": 12423249.0, ""borsa"": 3, ""fiyat"": 63375.0, ""kaynak"": ""BNB+BYB+OKX""}, {""usdt"": 10894185.0, ""borsa"": 1, ""fiyat"": 63325.0, ""kaynak"": ""BNB""}, {""usdt"": 10124100.0, ""borsa"": 3, ""fiyat"": 63350.0, ""kaynak"": ""BNB+BYB+OKX""}]","[{""usdt"": 14587896.0, ""borsa"": 3, ""fiyat"": 63400.0, ""kaynak"": ""BNB+BYB+OKX""}, {""usdt"": 8951283.0, ""borsa"": 1, ""fiyat"": 63500.0, ""kaynak"": ""BNB""}, {""usdt"": 7877359.0, ""borsa"": 1, ""fiyat"": 63450.0, ""kaynak"": ""BNB""}]",YOK,-0.0678,0.0261,0.9372,0.6739,true,0,false,,0,1,3,0,1,3,32.6,33.7,IZLE,,25,63407.6,,,,,SEVIYE,95,348.5,35,,,,,,,1785242280,1,1,,29,418.6,28,,,
29729,2026-07-28 12:41:18.927381+00,63397.55,138520.47800019948,850081.733,11728367838.0955,0.000009425999999999998,53606459.43392999,63.3901,20.7,BEKLE,true,63.3901,0.0,1.862,724.375,50321786.159779996,301.608,20.7,0.0,"[{""usdt"": 17054500.0, ""borsa"": 3, ""fiyat"": 63375.0, ""kaynak"": ""BNB+BYB+OKX""}, {""usdt"": 11137754.0, ""borsa"": 1, ""fiyat"": 63325.0, ""kaynak"": ""BNB""}, {""usdt"": 8930353.0, ""borsa"": 1, ""fiyat"": 63350.0, ""kaynak"": ""BNB""}]","[{""usdt"": 12442815.0, ""borsa"": 3, ""fiyat"": 63425.0, ""kaynak"": ""BNB+BYB+OKX""}, {""usdt"": 9187306.0, ""borsa"": 1, ""fiyat"": 63500.0, ""kaynak"": ""BNB""}, {""usdt"": 9014227.0, ""borsa"": 1, ""fiyat"": 63475.0, ""kaynak"": ""BNB""}]",YOK,-0.0268,0.0316,0.6287,0.7038,false,,true,0.4128,0,0,3,0,0,3,29,30.1,IZLE,,25,63407.6,,,,,SEVIYE,95,349.6,35,,,,,,,1785242280,1,2,,29,419.6,28,,,
29730,2026-07-28 12:42:19.232953+00,63408.350000000006,111559.30035129914,859598.298,11729173145.908201,0.000009425999999999998,58617428.313509956,63.3901,23.0,BEKLE,true,63.3901,0.0,1.8604,785.142,49619316.17088002,362.375,23.0,0.0,"[{""usdt"": 18890572.0, ""borsa"": 3, ""fiyat"": 63375.0, ""kaynak"": ""BNB+BYB+OKX""}, {""usdt"": 11804272.0, ""borsa"": 1, ""fiyat"": 63325.0, ""kaynak"": ""BNB""}, {""usdt"": 8628982.0, ""borsa"": 1, ""fiyat"": 63300.0, ""kaynak"": ""BNB""}]","[{""usdt"": 10810223.0, ""borsa"": 3, ""fiyat"": 63425.0, ""kaynak"": ""BNB+BYB+OKX""}, {""usdt"": 9975789.0, ""borsa"": 1, ""fiyat"": 63500.0, ""kaynak"": ""BNB""}, {""usdt"": 9532137.0, ""borsa"": 3, ""fiyat"": 63400.0, ""kaynak"": ""BNB+BYB+OKX""}]",YOK,0.0198,0.0831,0.6599,0.5296,false,,true,0.2751,0,0,3,0,0,3,26,27,IZLE,,25,63403.9,,,,,SEVIYE,50,350.6,36,,,,,,,1785242280,1,3,,31,420.7,30,,,
29731,2026-07-28 12:43:19.581429+00,63434.350000000006,184442.41820909933,996560.9580000001,11731288420.614,0.000009425999999999998,52851542.37280998,0.0,6.9,BEKLE,,0.0,0.0,1.8604,845.366,51145728.219760075,422.599,0.0,6.9,"[{""usdt"": 15100726.0, ""borsa"": 2, ""fiyat"": 63400.0, ""kaynak"": ""BNB+OKX""}, {""usdt"": 12976592.0, ""borsa"": 3, ""fiyat"": 63425.0, ""kaynak"": ""BNB+BYB+OKX""}, {""usdt"": 8444179.0, ""borsa"": 1, ""fiyat"": 63350.0, ""kaynak"": ""BNB""}]","[{""usdt"": 10556603.0, ""borsa"": 1, ""fiyat"": 63550.0, ""kaynak"": ""BNB""}, {""usdt"": 9821617.0, ""borsa"": 3, ""fiyat"": 63450.0, ""kaynak"": ""BNB+BYB+OKX""}, {""usdt"": 9153979.0, ""borsa"": 1, ""fiyat"": 63525.0, ""kaynak"": ""BNB""}]",YOK,-0.0372,0.0164,0.9654,2.0785,false,,false,,0,0,3,1,0,3,22.3,23.4,IZLE,,25,63436.6,,,,,SEVIYE,100,421.7,43,,,,,,,,,0,,31,421.7,30,,,
29732,2026-07-28 12:44:20.008131+00,63442.350000000006,184442.41820909933,996560.9580000001,11731288420.614,0.000009425999999999998,52052097.90330999,0.0,8.4,BEKLE,,0.0,0.0,1.8604,905.701,48526838.90115006,482.934,8.4,0.0,"[{""usdt"": 14759422.0, ""borsa"": 3, ""fiyat"": 63425.0, ""kaynak"": ""BNB+BYB+OKX""}, {""usdt"": 10996567.0, ""borsa"": 1, ""fiyat"": 63325.0, ""kaynak"": ""BNB""}, {""usdt"": 9419375.0, ""borsa"": 1, ""fiyat"": 63350.0, ""kaynak"": ""BNB""}]","[{""usdt"": 11961571.0, ""borsa"": 3, ""fiyat"": 63450.0, ""kaynak"": ""BNB+BYB+OKX""}, {""usdt"": 11458018.0, ""borsa"": 1, ""fiyat"": 63550.0, ""kaynak"": ""BNB""}, {""usdt"": 8819980.0, ""borsa"": 1, ""fiyat"": 63500.0, ""kaynak"": ""BNB""}]",YOK,-0.0176,0.035,0.975,2.4801,false,,true,0,0,1,3,1,1,3,18.8,19.9,IZLE,,25,63436.6,,,,,SEVIYE,100,422.7,43,,,,,,,,,0,,31,422.7,30,,,
29733,2026-07-28 12:45:20.353542+00,63424.05,381657.45556320006,1029849.1259999999,11732934134.9708,0.000009425999999999998,50197358.017600015,0.0,21.3,BEKLE,false,0.0,0.0,1.8604,966.172,49897419.59886004,543.405,0.0,21.3,"[{""usdt"": 15406321.0, ""borsa"": 3, ""fiyat"": 63425.0, ""kaynak"": ""BNB+BYB+OKX""}, {""usdt"": 9471875.0, ""borsa"": 1, ""fiyat"": 63375.0, ""kaynak"": ""BNB""}, {""usdt"": 9064011.0, ""borsa"": 3, ""fiyat"": 63400.0, ""kaynak"": ""BNB+BYB+OKX""}]","[{""usdt"": 10880277.0, ""borsa"": 3, ""fiyat"": 63450.0, ""kaynak"": ""BNB+BYB+OKX""}, {""usdt"": 9833340.0, ""borsa"": 1, ""fiyat"": 63550.0, ""kaynak"": ""BNB""}, {""usdt"": 8927553.0, ""borsa"": 1, ""fiyat"": 63500.0, ""kaynak"": ""BNB""}]",YOK,0.0398,0.003,,,false,,true,0.3362,0,0,3,0,0,3,15.4,16.5,IZLE,,25,63436.6,,,,,SEVIYE,100,423.7,43,,,,,,,,,0,,31,423.7,30,,,
29734,2026-07-28 12:46:20.668966+00,63451.850000000006,681163.8657124997,818549.027,11729929194.3762,0.000009425999999999998,49257595.15161006,0.0,11.0,BEKLE,true,0.0,0.0,1.8604,1026.555,47211037.38016005,0,11.0,0.0,"[{""usdt"": 14651189.0, ""borsa"": 3, ""fiyat"": 63400.0, ""kaynak"": ""BNB+BYB+OKX""}, {""usdt"": 12204569.0, ""borsa"": 1, ""fiyat"": 63325.0, ""kaynak"": ""BNB""}, {""usdt"": 7990470.0, ""borsa"": 1, ""fiyat"": 63350.0, ""kaynak"": ""BNB""}]","[{""usdt"": 11442834.0, ""borsa"": 3, ""fiyat"": 63450.0, ""kaynak"": ""BNB+BYB+OKX""}, {""usdt"": 8347744.0, ""borsa"": 1, ""fiyat"": 63500.0, ""kaynak"": ""BNB""}, {""usdt"": 7886257.0, ""borsa"": 1, ""fiyat"": 63525.0, ""kaynak"": ""BNB""}]",YOK,0.0179,0.0212,,,false,,false,0.6849,0,0,3,0,0,3,11.9,13,IZLE,,25,63436.6,,,,,SEVIYE,100,424.7,43,PCT,0.6,0.011448597683547243,0.0,false,0.016,,,0,,31,424.7,30,,,
29735,2026-07-28 12:47:21.638727+00,63522.350000000006,1507710.2756263004,1197070.607,11735380224.1542,0.000009425999999999998,45084036.06563996,0.0,10.8,BEKLE,true,0.0,0.0,1.8604,0,49054731.13217001,0,0.0,10.8,"[{""usdt"": 14551981.0, ""borsa"": 3, ""fiyat"": 63500.0, ""kaynak"": ""BNB+BYB+OKX""}, {""usdt"": 8841944.0, ""borsa"": 1, ""fiyat"": 63400.0, ""kaynak"": ""BNB""}, {""usdt"": 8235175.0, ""borsa"": 1, ""fiyat"": 63450.0, ""kaynak"": ""BNB""}]","[{""usdt"": 16896008.0, ""borsa"": 3, ""fiyat"": 63525.0, ""kaynak"": ""BNB+BYB+OKX""}, {""usdt"": 9280877.0, ""borsa"": 1, ""fiyat"": 63600.0, ""kaynak"": ""BNB""}, {""usdt"": 8559931.0, ""borsa"": 2, ""fiyat"": 63550.0, ""kaynak"": ""BNB+BYB""}]",SPOT,0.1611,-0.0422,0.6542,4.3489,false,,false,1.0368,2,0,3,0,1,3,8.9,10,IZLE,,25,63529.1,,,,,SEVIYE,55,425.7,43,,,,,,,,,0,,31,425.7,30,,,
29736,2026-07-28 12:48:22.037264+00,63510.75,2091295.9442434,1982172.3029999998,11748054861.3526,0.000009425999999999998,48633006.37256994,7495.4662,32.1,BEKLE,true,0.0,7495.4662,1.8612,60.411,59177916.54732006,60.411,0.0,32.1,"[{""usdt"": 12997301.0, ""borsa"": 3, ""fiyat"": 63500.0, ""kaynak"": ""BNB+BYB+OKX""}, {""usdt"": 12698833.0, ""borsa"": 3, ""fiyat"": 63475.0, ""kaynak"": ""BNB+BYB+OKX""}, {""usdt"": 9107160.0, ""borsa"": 1, ""fiyat"": 63450.0, ""kaynak"": ""BNB""}]","[{""usdt"": 20233993.0, ""borsa"": 3, ""fiyat"": 63525.0, ""kaynak"": ""BNB+BYB+OKX""}, {""usdt"": 12267260.0, ""borsa"": 1, ""fiyat"": 63600.0, ""kaynak"": ""BNB""}, {""usdt"": 8150844.0, ""borsa"": 1, ""fiyat"": 63575.0, ""kaynak"": ""BNB""}]",YOK,0.1066,-0.0978,0.4694,1.5305,false,,false,2.0733,1,0,3,0,2,3,5.4,6.5,IZLE,,25,63529.1,,,,,SEVIYE,55,426.7,43,,,,,,,1785242760,1,0,,31,426.7,30,,,
29737,2026-07-28 12:49:22.373811+00,63529.850000000006,1911345.6243022,1852442.5299999998,11745120751.2412,0.000009425999999999998,52257452.243769966,32457.957199999997,29.9,BEKLE,true,127.0594,32330.8978,1.8612,120.862,58569268.799920045,120.862,0.0,29.9,"[{""usdt"": 13451867.0, ""borsa"": 3, ""fiyat"": 63500.0, ""kaynak"": ""BNB+BYB+OKX""}, {""usdt"": 10070560.0, ""borsa"": 2, ""fiyat"": 63525.0, ""kaynak"": ""BNB+BYB""}, {""usdt"": 9167926.0, ""borsa"": 2, ""fiyat"": 63475.0, ""kaynak"": ""BNB+OKX""}]","[{""usdt"": 12749370.0, ""borsa"": 3, ""fiyat"": 63525.0, ""kaynak"": ""BNB+BYB+OKX""}, {""usdt"": 12459124.0, ""borsa"": 1, ""fiyat"": 63600.0, ""kaynak"": ""BNB""}, {""usdt"": 9163692.0, ""borsa"": 2, ""fiyat"": 63550.0, ""kaynak"": ""BNB+BYB""}]",YOK,0.1478,-0.057,0.4798,1.9785,false,,false,2.3267,1,0,3,0,2,3,1.9,63.8,IZLE,,25,63529.1,,,,,SEVIYE,55,427.7,43,,,,,,,1785242880,2,0,,31,427.7,30,,,
29738,2026-07-28 12:50:22.71817+00,63491.95,3095412.490512401,2008046.6299999997,11747761512.9612,0.000009425999999999998,57089818.47883996,32459.3127,33.0,BEKLE,,127.0594,32332.2533,1.8612,181.162,55827154.947080046,181.162,0.0,33.0,"[{""usdt"": 15876837.0, ""borsa"": 3, ""fiyat"": 63500.0, ""kaynak"": ""BNB+BYB+OKX""}, {""usdt"": 15161540.0, ""borsa"": 3, ""fiyat"": 63525.0, ""kaynak"": ""BNB+BYB+OKX""}, {""usdt"": 8746306.0, ""borsa"": 1, ""fiyat"": 63450.0, ""kaynak"": ""BNB""}]","[{""usdt"": 12459124.0, ""borsa"": 1, ""fiyat"": 63600.0, ""kaynak"": ""BNB""}, {""usdt"": 10828139.0, ""borsa"": 3, ""fiyat"": 63550.0, ""kaynak"": ""BNB+BYB+OKX""}, {""usdt"": 9944615.0, ""borsa"": 3, ""fiyat"": 63525.0, ""kaynak"": ""BNB+BYB+OKX""}]",YOK,0.1478,0.0112,0.5592,1.1388,true,0,false,,1,0,3,1,1,3,62.2,63.3,IZLE,,25,63476.1,,,,,SEVIYE,75,428.7,43,,,,,,,1785242880,2,0,,31,428.7,30,,,
29739,2026-07-28 12:51:23.104699+00,63484.55,1919345.0109158996,1386868.3650000002,11740576354.076,0.000009425999999999998,58546676.15786009,32459.3127,30.4,BEKLE,false,127.0594,32332.2533,1.8653,0,55419914.12263997,241.525,0.0,30.4,"[{""usdt"": 15403776.0, ""borsa"": 3, ""fiyat"": 63475.0, ""kaynak"": ""BNB+BYB+OKX""}, {""usdt"": 11553340.0, ""borsa"": 3, ""fiyat"": 63450.0, ""kaynak"": ""BNB+BYB+OKX""}, {""usdt"": 9458592.0, ""borsa"": 1, ""fiyat"": 63425.0, ""kaynak"": ""BNB""}]","[{""usdt"": 13674792.0, ""borsa"": 3, ""fiyat"": 63500.0, ""kaynak"": ""BNB+BYB+OKX""}, {""usdt"": 13101450.0, ""borsa"": 1, ""fiyat"": 63600.0, ""kaynak"": ""BNB""}, {""usdt"": 10797853.0, ""borsa"": 1, ""fiyat"": 63550.0, ""kaynak"": ""BNB""}]",YOK,0.1251,0.0274,0.499,1.0723,true,0,false,,0,0,3,0,0,3,58.8,59.8,IZLE,,25,63476.1,,,,,SEVIYE,75,429.7,43,,,,,,,1785242880,2,1,,31,429.7,30,,,
29740,2026-07-28 12:52:23.518006+00,63493.350000000006,2148476.4722694,1574474.24,11743023234.2223,0.000009425999999999998,48599428.608749986,25535.3006,38.1,BEKLE,false,127.0594,25408.2412,1.8653,60.466,51902554.53381997,301.991,0.0,38.1,"[{""usdt"": 13810882.0, ""borsa"": 3, ""fiyat"": 63475.0, ""kaynak"": ""BNB+BYB+OKX""}, {""usdt"": 9186887.0, ""borsa"": 3, ""fiyat"": 63450.0, ""kaynak"": ""BNB+BYB+OKX""}, {""usdt"": 8746824.0, ""borsa"": 1, ""fiyat"": 63400.0, ""kaynak"": ""BNB""}]","[{""usdt"": 12960466.0, ""borsa"": 3, ""fiyat"": 63500.0, ""kaynak"": ""BNB+BYB+OKX""}, {""usdt"": 11892531.0, ""borsa"": 1, ""fiyat"": 63600.0, ""kaynak"": ""BNB""}, {""usdt"": 10573976.0, ""borsa"": 1, ""fiyat"": 63575.0, ""kaynak"": ""BNB""}]",SPOT,0.1782,-0.0329,0.4373,1.5972,false,,false,,2,0,3,0,0,3,55.4,56.4,IZLE,,25,63476.6,,,,,SEVIYE,100,430.7,44,,,,,,,1785243060,2,0,,31,430.7,30,,,
29741,2026-07-28 12:53:24.052032+00,63483.75,1816134.1023823007,1651290.255,11743022261.8009,0.000009425999999999998,52474625.40498999,25408.3276,30.1,BEKLE,true,0.0,25408.3276,1.8653,120.758,52123842.06650998,362.283,30.1,0.0,"[{""usdt"": 14986089.0, ""borsa"": 3, ""fiyat"": 63475.0, ""kaynak"": ""BNB+BYB+OKX""}, {""usdt"": 9025541.0, ""borsa"": 1, ""fiyat"": 63425.0, ""kaynak"": ""BNB""}, {""usdt"": 8573097.0, ""borsa"": 3, ""fiyat"": 63500.0, ""kaynak"": ""BNB+BYB+OKX""}]","[{""usdt"": 10949947.0, ""borsa"": 1, ""fiyat"": 63575.0, ""kaynak"": ""BNB""}, {""usdt"": 10731211.0, ""borsa"": 1, ""fiyat"": 63600.0, ""kaynak"": ""BNB""}, {""usdt"": 10400108.0, ""borsa"": 3, ""fiyat"": 63525.0, ""kaynak"": ""BNB+BYB+OKX""}]",YOK,0.1493,0.0034,0.2757,2.1836,false,,false,,2,0,3,0,1,3,51.8,52.9,IZLE,,25,63476.6,,,,,SEVIYE,100,431.7,44,,,,,,,1785243060,2,0,,31,431.7,30,,,
29742,2026-07-28 12:54:24.454018+00,63504.350000000006,1682612.8968138013,1491365.8539999998,11739436251.2812,0.000009425999999999998,58735063.46093002,571.5405,39.0,BEKLE,true,0.0,571.5405,1.8653,181.327,48874243.20079999,422.852,39.0,0.0,"[{""usdt"": 22153884.0, ""borsa"": 3, ""fiyat"": 63475.0, ""kaynak"": ""BNB+BYB+OKX""}, {""usdt"": 10741780.0, ""borsa"": 1, ""fiyat"": 63400.0, ""kaynak"": ""BNB""}, {""usdt"": 9300312.0, ""borsa"": 2, ""fiyat"": 63450.0, ""kaynak"": ""BNB+BYB""}]","[{""usdt"": 11890566.0, ""borsa"": 3, ""fiyat"": 63500.0, ""kaynak"": ""BNB+BYB+OKX""}, {""usdt"": 10908076.0, ""borsa"": 1, ""fiyat"": 63600.0, ""kaynak"": ""BNB""}, {""usdt"": 9447445.0, ""borsa"": 1, ""fiyat"": 63575.0, ""kaynak"": ""BNB""}]",SPOT,0.1581,0.0916,0.2248,2.0221,false,,false,,2,0,3,1,0,3,48.5,49.6,IZLE,,25,63529.1,,,,,SEVIYE,50,432.7,44,,,,,,,1785243060,1,0,,31,432.7,30,,,
29743,2026-07-28 12:55:24.832461+00,63490.45,1787954.6599724006,1658391.5480000002,11747844465.047201,0.000009425999999999998,58049929.985299975,571.5405,40.2,BEKLE,false,0.0,571.5405,1.8653,241.784,51384942.556129985,483.309,40.2,0.0,"[{""usdt"": 22280569.0, ""borsa"": 3, ""fiyat"": 63475.0, ""kaynak"": ""BNB+BYB+OKX""}, {""usdt"": 9000171.0, ""borsa"": 3, ""fiyat"": 63500.0, ""kaynak"": ""BNB+BYB+OKX""}, {""usdt"": 8222591.0, ""borsa"": 1, ""fiyat"": 63400.0, ""kaynak"": ""BNB""}]","[{""usdt"": 12216471.0, ""borsa"": 1, ""fiyat"": 63600.0, ""kaynak"": ""BNB""}, {""usdt"": 12085590.0, ""borsa"": 3, ""fiyat"": 63525.0, ""kaynak"": ""BNB+BYB+OKX""}, {""usdt"": 11499497.0, ""borsa"": 1, ""fiyat"": 63575.0, ""kaynak"": ""BNB""}]",YOK,0.1267,0.0609,0.6312,0.0585,true,0,false,,1,0,3,1,0,3,45.2,46.2,IZLE,,25,63476.6,,,,,SEVIYE,100,433.7,44,,,,,,,1785243060,1,1,,31,433.7,30,,,
29744,2026-07-28 12:56:25.264296+00,63499.95,1520690.0077203996,1439069.482,11746256387.0295,0.000009425999999999998,59437363.77494006,698.5045,12.4,BEKLE,true,0.0,698.5045,1.8653,302.168,48625872.888679974,543.693,0.0,12.4,"[{""usdt"": 16295371.0, ""borsa"": 3, ""fiyat"": 63450.0, ""kaynak"": ""BNB+BYB+OKX""}, {""usdt"": 14667350.0, ""borsa"": 3, ""fiyat"": 63475.0, ""kaynak"": ""BNB+BYB+OKX""}, {""usdt"": 10545859.0, ""borsa"": 1, ""fiyat"": 63375.0, ""kaynak"": ""BNB""}]","[{""usdt"": 13661343.0, ""borsa"": 3, ""fiyat"": 63500.0, ""kaynak"": ""BNB+BYB+OKX""}, {""usdt"": 10711864.0, ""borsa"": 1, ""fiyat"": 63550.0, ""kaynak"": ""BNB""}, {""usdt"": 8983514.0, ""borsa"": 1, ""fiyat"": 63575.0, ""kaynak"": ""BNB""}]",YOK,0.1488,0.1,,,true,0,false,,2,0,3,1,0,3,41.4,42.5,IZLE,,25,63476.6,,,,,SEVIYE,100,434.8,44,,,,,,,1785243300,1,0,,31,434.8,30,,,
29745,2026-07-28 12:57:25.687447+00,63525.850000000006,1874931.8926875999,1454599.6870000002,11746569384.098999,0.000009425999999999998,57209254.08197,126.964,24.0,BEKLE,false,0.0,126.964,1.8662,362.603,52198461.999530025,604.128,24.0,0.0,"[{""usdt"": 23758186.0, ""borsa"": 3, ""fiyat"": 63500.0, ""kaynak"": ""BNB+BYB+OKX""}, {""usdt"": 11194937.0, ""borsa"": 3, ""fiyat"": 63475.0, ""kaynak"": ""BNB+BYB+OKX""}, {""usdt"": 7542202.0, ""borsa"": 1, ""fiyat"": 63425.0, ""kaynak"": ""BNB""}]","[{""usdt"": 14320530.0, ""borsa"": 3, ""fiyat"": 63525.0, ""kaynak"": ""BNB+BYB+OKX""}, {""usdt"": 10949780.0, ""borsa"": 1, ""fiyat"": 63600.0, ""kaynak"": ""BNB""}, {""usdt"": 10345339.0, ""borsa"": 1, ""fiyat"": 63575.0, ""kaynak"": ""BNB""}]",YOK,0.1423,0.0458,,,true,0,false,,1,0,3,1,0,3,37.6,38.7,IZLE,,25,63529.1,,,,,SEVIYE,50,435.8,44,,,,,,,1785243300,1,0,,31,435.8,30,,,
29746,2026-07-28 12:58:25.999439+00,63533.45,2174130.6579320007,1568212.6800000002,11748779854.7317,0.000009425999999999998,51181124.04105001,126.964,15.8,BEKLE,false,0.0,126.964,1.8662,60.361,60432056.95941003,664.489,15.8,0.0,"[{""usdt"": 18142652.0, ""borsa"": 3, ""fiyat"": 63525.0, ""kaynak"": ""BNB+BYB+OKX""}, {""usdt"": 9610213.0, ""borsa"": 1, ""fiyat"": 63475.0, ""kaynak"": ""BNB""}, {""usdt"": 8488076.0, ""borsa"": 2, ""fiyat"": 63500.0, ""kaynak"": ""BNB+BYB""}]","[{""usdt"": 14226602.0, ""borsa"": 3, ""fiyat"": 63550.0, ""kaynak"": ""BNB+BYB+OKX""}, {""usdt"": 12524741.0, ""borsa"": 1, ""fiyat"": 63650.0, ""kaynak"": ""BNB""}, {""usdt"": 12143882.0, ""borsa"": 1, ""fiyat"": 63600.0, ""kaynak"": ""BNB""}]",SPOT,0.1516,-0.0829,,,false,,false,,1,0,3,0,0,3,34.1,35.2,IZLE,,25,63529.1,,,,,SEVIYE,50,436.8,44,,,,,,,1785243300,1,1,,31,436.8,30,,,
29747,2026-07-28 12:59:26.504848+00,63535.25,1932372.4955411998,1594241.777,11746957867.6621,0.000009425999999999998,60465099.45587004,1651.7728,13.6,BEKLE,true,0.0,1651.7728,1.8662,120.752,58307797.609300055,724.88,0.0,13.6,"[{""usdt"": 19402360.0, ""borsa"": 3, ""fiyat"": 63500.0, ""kaynak"": ""BNB+BYB+OKX""}, {""usdt"": 14908201.0, ""borsa"": 3, ""fiyat"": 63525.0, ""kaynak"": ""BNB+BYB+OKX""}, {""usdt"": 9501394.0, ""borsa"": 1, ""fiyat"": 63450.0, ""kaynak"": ""BNB""}]","[{""usdt"": 13095755.0, ""borsa"": 3, ""fiyat"": 63550.0, ""kaynak"": ""BNB+BYB+OKX""}, {""usdt"": 10625162.0, ""borsa"": 1, ""fiyat"": 63575.0, ""kaynak"": ""BNB""}, {""usdt"": 10275307.0, ""borsa"": 1, ""fiyat"": 63600.0, ""kaynak"": ""BNB""}]",YOK,0.1259,0.0182,,,false,,false,,1,0,3,1,0,3,30.6,31.7,IZLE,,25,63529.1,,,,,SEVIYE,50,437.8,44,,,,,,,1785243420,1,0,,31,437.8,30,,,
29748,2026-07-28 13:00:26.878243+00,63516.05,1568136.0270250998,1566400.957,11745274929.375,0.000009425999999999998,50386524.88472995,1651.7728,20.7,BEKLE,false,0.0,1651.7728,1.8662,181.131,59647931.99874,785.259,20.7,0.0,"[{""usdt"": 17756216.0, ""borsa"": 3, ""fiyat"": 63500.0, ""kaynak"": ""BNB+BYB+OKX""}, {""usdt"": 8862655.0, ""borsa"": 1, ""fiyat"": 63450.0, ""kaynak"": ""BNB""}, {""usdt"": 7816173.0, ""borsa"": 2, ""fiyat"": 63475.0, ""kaynak"": ""BNB+BYB""}]","[{""usdt"": 16522484.0, ""borsa"": 3, ""fiyat"": 63525.0, ""kaynak"": ""BNB+BYB+OKX""}, {""usdt"": 10636117.0, ""borsa"": 1, ""fiyat"": 63600.0, ""kaynak"": ""BNB""}, {""usdt"": 9654787.0, ""borsa"": 3, ""fiyat"": 63550.0, ""kaynak"": ""BNB+BYB+OKX""}]",YOK,0.1386,-0.0842,,,false,,false,0.591,1,0,3,0,1,3,27.1,28.2,IZLE,,25,63529.1,,,,,SEVIYE,50,438.8,44,,,,,,,1785243420,1,1,,31,438.8,30,,,
29749,2026-07-28 13:01:27.232213+00,63510.05,-628767.6790391012,398508.333,11743426644.142601,0.000009425999999999998,59306006.54943998,1524.8088,67.6,BEKLE,false,0.0,1524.8088,1.8662,241.562,56779618.78901003,845.69,67.6,0.0,"[{""usdt"": 25248470.0, ""borsa"": 3, ""fiyat"": 63500.0, ""kaynak"": ""BNB+BYB+OKX""}, {""usdt"": 9280787.0, ""borsa"": 1, ""fiyat"": 63400.0, ""kaynak"": ""BNB""}, {""usdt"": 8988747.0, ""borsa"": 1, ""fiyat"": 63425.0, ""kaynak"": ""BNB""}]","[{""usdt"": 15551223.0, ""borsa"": 3, ""fiyat"": 63525.0, ""kaynak"": ""BNB+BYB+OKX""}, {""usdt"": 12054056.0, ""borsa"": 1, ""fiyat"": 63575.0, ""kaynak"": ""BNB""}, {""usdt"": 9038300.0, ""borsa"": 3, ""fiyat"": 63550.0, ""kaynak"": ""BNB+BYB+OKX""}]",SPOT,0.1593,0.0218,0.486,0.1844,false,,false,0,1,0,3,0,1,3,23.6,24.7,IZLE,,25,63529.1,,,,,SEVIYE,50,439.8,44,PCT,0.53,8.144191591034406,0.022947620409384157,false,0.157,1785243420,1,0,,31,439.8,30,,,
29750,2026-07-28 13:02:28.682581+00,63501.55,-558987.0419926009,369701.93799999997,11743167900.955399,0.000009425999999999998,55368106.29768002,1524.8088,74.0,BEKLE,false,0.0,1524.8088,1.8662,303.047,49890329.87359,907.175,74.0,0.0,"[{""usdt"": 22629286.0, ""borsa"": 3, ""fiyat"": 63500.0, ""kaynak"": ""BNB+BYB+OKX""}, {""usdt"": 9579324.0, ""borsa"": 3, ""fiyat"": 63475.0, ""kaynak"": ""BNB+BYB+OKX""}, {""usdt"": 8620513.0, ""borsa"": 1, ""fiyat"": 63400.0, ""kaynak"": ""BNB""}]","[{""usdt"": 15660144.0, ""borsa"": 3, ""fiyat"": 63525.0, ""kaynak"": ""BNB+BYB+OKX""}, {""usdt"": 10882667.0, ""borsa"": 1, ""fiyat"": 63575.0, ""kaynak"": ""BNB""}, {""usdt"": 8920404.0, ""borsa"": 1, ""fiyat"": 63600.0, ""kaynak"": ""BNB""}]",YOK,0.0954,0.052,0.5067,0.4065,false,,false,0,1,0,3,1,0,3,20.7,21.8,IZLE,,25,63470.1,,,,,SEVIYE,95,440.8,45,,,,,,,1785243420,1,1,,30,440.8,30,,,
29751,2026-07-28 13:03:29.31073+00,63489.55,-665745.4249209004,501380.52799999993,11741282882.5402,0.000009425999999999998,59281054.289490014,190.4823,53.0,BEKLE,,190.4823,0.0,1.8686,0,51281854.34928003,967.553,53.0,0.0,"[{""usdt"": 25290287.0, ""borsa"": 3, ""fiyat"": 63475.0, ""kaynak"": ""BNB+BYB+OKX""}, {""usdt"": 9356322.0, ""borsa"": 1, ""fiyat"": 63400.0, ""kaynak"": ""BNB""}, {""usdt"": 7713257.0, ""borsa"": 1, ""fiyat"": 63450.0, ""kaynak"": ""BNB""}]","[{""usdt"": 11706350.0, ""borsa"": 1, ""fiyat"": 63600.0, ""kaynak"": ""BNB""}, {""usdt"": 10594584.0, ""borsa"": 1, ""fiyat"": 63550.0, ""kaynak"": ""BNB""}, {""usdt"": 10046277.0, ""borsa"": 3, ""fiyat"": 63525.0, ""kaynak"": ""BNB+BYB+OKX""}]",SPOT,0.1837,0.0723,0.5493,0.6822,false,,false,0,2,0,3,1,0,3,16.9,18,IZLE,,25,63470.1,,,,,SEVIYE,95,441.8,45,,,,,,,1785243720,1,0,,30,441.8,30,,,
29752,2026-07-28 13:04:29.809167+00,63509.95,-638090.2843900004,491158.518,11741051501.8996,0.000009425999999999998,55724195.14534001,190.4778,52.9,BEKLE,false,190.4778,0.0,1.8686,60.709,50911529.22909002,1028.262,52.9,0.0,"[{""usdt"": 17237495.0, ""borsa"": 3, ""fiyat"": 63475.0, ""kaynak"": ""BNB+BYB+OKX""}, {""usdt"": 10263226.0, ""borsa"": 3, ""fiyat"": 63500.0, ""kaynak"": ""BNB+BYB+OKX""}, {""usdt"": 7776305.0, ""borsa"": 1, ""fiyat"": 63450.0, ""kaynak"": ""BNB""}]","[{""usdt"": 15408038.0, ""borsa"": 3, ""fiyat"": 63525.0, ""kaynak"": ""BNB+BYB+OKX""}, {""usdt"": 12077114.0, ""borsa"": 1, ""fiyat"": 63600.0, ""kaynak"": ""BNB""}, {""usdt"": 8666332.0, ""borsa"": 1, ""fiyat"": 63550.0, ""kaynak"": ""BNB""}]",SPOT,0.1539,0.0451,0.5162,0.4082,false,,false,0,2,0,3,0,0,3,13.7,14.8,IZLE,,25,63470.1,,,,,SEVIYE,95,442.8,45,,,,,,,1785243720,1,0,,30,442.8,30,,,
29753,2026-07-28 13:05:30.238322+00,63489.649999999994,-620176.3195674007,485176.752,11741697793.0296,0.000009425999999999998,57881945.99012008,190.4778,60.5,BEKLE,false,190.4778,0.0,1.8686,121.027,52720878.18467998,1088.58,60.5,0.0,"[{""usdt"": 23649738.0, ""borsa"": 3, ""fiyat"": 63475.0, ""kaynak"": ""BNB+BYB+OKX""}, {""usdt"": 9966911.0, ""borsa"": 1, ""fiyat"": 63400.0, ""kaynak"": ""BNB""}, {""usdt"": 7633160.0, ""borsa"": 1, ""fiyat"": 63450.0, ""kaynak"": ""BNB""}]","[{""usdt"": 12400116.0, ""borsa"": 1, ""fiyat"": 63600.0, ""kaynak"": ""BNB""}, {""usdt"": 10216636.0, ""borsa"": 3, ""fiyat"": 63525.0, ""kaynak"": ""BNB+BYB+OKX""}, {""usdt"": 9716108.0, ""borsa"": 3, ""fiyat"": 63500.0, ""kaynak"": ""BNB+BYB+OKX""}]",YOK,0.1009,0.0467,0.481,0.4663,false,,false,0,1,0,3,2,0,3,10.2,11.3,IZLE,,25,63470.1,,,,,SEVIYE,95,443.8,45,,,,,,,1785243720,1,1,,30,443.8,30,,,
29754,2026-07-28 13:06:30.632793+00,63509.850000000006,-307708.07662300044,140798.70600000003,11739428830.902401,0.000009425999999999998,53248775.64542004,190.4778,25.2,BEKLE,false,190.4778,0.0,1.8686,181.469,54133224.58125003,1149.022,25.2,0.0,"[{""usdt"": 17894898.0, ""borsa"": 3, ""fiyat"": 63475.0, ""kaynak"": ""BNB+BYB+OKX""}, {""usdt"": 8690826.0, ""borsa"": 1, ""fiyat"": 63450.0, ""kaynak"": ""BNB""}, {""usdt"": 8290266.0, ""borsa"": 1, ""fiyat"": 63425.0, ""kaynak"": ""BNB""}]","[{""usdt"": 11748468.0, ""borsa"": 3, ""fiyat"": 63525.0, ""kaynak"": ""BNB+BYB+OKX""}, {""usdt"": 11282019.0, ""borsa"": 1, ""fiyat"": 63600.0, ""kaynak"": ""BNB""}, {""usdt"": 9663769.0, ""borsa"": 1, ""fiyat"": 63575.0, ""kaynak"": ""BNB""}]",SPOT,0.1909,-0.0082,0.3632,0.0182,false,,false,0,2,0,3,1,0,3,6.8,7.9,IZLE,,25,63470.1,,,,,SEVIYE,95,444.8,45,,,,,,,1785243720,1,2,,30,444.8,30,,,
29755,2026-07-28 13:07:31.037278+00,63539.649999999994,298603.0686595994,22344.438999999995,11746192382.904202,0.000009425999999999998,47095491.18992999,0.0,26.1,BEKLE,false,0.0,0.0,1.8686,241.923,59235306.89767003,1209.476,26.1,0.0,"[{""usdt"": 11897433.0, ""borsa"": 3, ""fiyat"": 63525.0, ""kaynak"": ""BNB+BYB+OKX""}, {""usdt"": 11835459.0, ""borsa"": 3, ""fiyat"": 63500.0, ""kaynak"": ""BNB+BYB+OKX""}, {""usdt"": 11460211.0, ""borsa"": 1, ""fiyat"": 63450.0, ""kaynak"": ""BNB""}]","[{""usdt"": 15842059.0, ""borsa"": 3, ""fiyat"": 63550.0, ""kaynak"": ""BNB+BYB+OKX""}, {""usdt"": 12383936.0, ""borsa"": 1, ""fiyat"": 63600.0, ""kaynak"": ""BNB""}, {""usdt"": 9744450.0, ""borsa"": 1, ""fiyat"": 63650.0, ""kaynak"": ""BNB""}]",SPOT,0.1571,-0.1142,0.5306,1.8948,false,,false,0,2,0,3,0,1,3,3.4,4.5,IZLE,,25,63556.8,,,,,SEVIYE,90,445.9,45,,,,,,,,,0,,30,445.9,30,,,
29756,2026-07-28 13:08:31.524015+00,63543.149999999994,539317.4753423989,134640.073,11747826673.7271,0.000009425999999999998,51882398.99083008,127.09460000000001,28.0,BEKLE,false,0.0,127.09460000000001,1.8686,60.412,58901816.97217004,1269.888,28.0,0.0,"[{""usdt"": 18539313.0, ""borsa"": 3, ""fiyat"": 63525.0, ""kaynak"": ""BNB+BYB+OKX""}, {""usdt"": 9363936.0, ""borsa"": 1, ""fiyat"": 63450.0, ""kaynak"": ""BNB""}, {""usdt"": 9025750.0, ""borsa"": 3, ""fiyat"": 63500.0, ""kaynak"": ""BNB+BYB+OKX""}]","[{""usdt"": 15903002.0, ""borsa"": 3, ""fiyat"": 63550.0, ""kaynak"": ""BNB+BYB+OKX""}, {""usdt"": 11376588.0, ""borsa"": 1, ""fiyat"": 63600.0, ""kaynak"": ""BNB""}, {""usdt"": 11332722.0, ""borsa"": 1, ""fiyat"": 63650.0, ""kaynak"": ""BNB""}]",SPOT,0.1571,-0.0634,0.6007,2.1481,false,,false,0,2,0,3,0,1,3,63.8,62.4,IZLE,,25,63556.8,,,,,SEVIYE,90,446.9,45,,,,,,,1785244020,1,0,,30,446.9,30,,,
29757,2026-07-28 13:09:31.834624+00,63547.350000000006,460464.39958739985,343910.604,11753260747.617199,0.000009425999999999998,53971341.88476008,2860.1702999999998,25.3,BEKLE,false,0.0,2860.1702999999998,1.8686,120.818,55364604.84781003,1330.294,25.3,0.0,"[{""usdt"": 20473232.0, ""borsa"": 3, ""fiyat"": 63525.0, ""kaynak"": ""BNB+BYB+OKX""}, {""usdt"": 9363936.0, ""borsa"": 1, ""fiyat"": 63450.0, ""kaynak"": ""BNB""}, {""usdt"": 8702778.0, ""borsa"": 3, ""fiyat"": 63500.0, ""kaynak"": ""BNB+BYB+OKX""}]","[{""usdt"": 16265262.0, ""borsa"": 3, ""fiyat"": 63550.0, ""kaynak"": ""BNB+BYB+OKX""}, {""usdt"": 11376588.0, ""borsa"": 1, ""fiyat"": 63600.0, ""kaynak"": ""BNB""}, {""usdt"": 11332722.0, ""borsa"": 1, ""fiyat"": 63650.0, ""kaynak"": ""BNB""}]",SPOT,0.1843,-0.0127,0.7735,2.1166,false,,false,0,2,0,3,0,0,3,60.4,61.5,IZLE,,25,63556.8,,,,,SEVIYE,90,447.9,45,,,,,,,1785244080,1,0,,30,447.9,30,,,
29758,2026-07-28 13:10:32.246793+00,63459.95,-3600439.9266712,-1947519.1270000003,11753458842.818901,0.000009425999999999998,51993584.41650002,2860.1702999999998,68.2,BEKLE,false,0.0,2860.1702999999998,1.8686,120.75,54687312.43985007,1390.638,68.2,0.0,"[{""usdt"": 17471153.0, ""borsa"": 3, ""fiyat"": 63500.0, ""kaynak"": ""BNB+BYB+OKX""}, {""usdt"": 11550096.0, ""borsa"": 1, ""fiyat"": 63450.0, ""kaynak"": ""BNB""}, {""usdt"": 11055598.0, ""borsa"": 3, ""fiyat"": 63525.0, ""kaynak"": ""BNB+BYB+OKX""}]","[{""usdt"": 10705302.0, ""borsa"": 1, ""fiyat"": 63625.0, ""kaynak"": ""BNB""}, {""usdt"": 10118159.0, ""borsa"": 1, ""fiyat"": 63650.0, ""kaynak"": ""BNB""}, {""usdt"": 9704954.0, ""borsa"": 3, ""fiyat"": 63550.0, ""kaynak"": ""BNB+BYB+OKX""}]",YOK,0.1232,-0.0253,0.3593,0.2879,false,,false,,1,0,3,0,1,3,56.9,58,IZLE,,25,63470.1,,,,,SEVIYE,95,448.9,45,,,,,,,1785244080,1,1,,30,448.9,30,,,
29759,2026-07-28 13:11:32.627573+00,63466.149999999994,-3631130.2283838997,-2082137.002,11752571844.647999,0.000009425999999999998,51169774.87545998,2860.1702999999998,68.5,BEKLE,false,0.0,2860.1702999999998,1.8686,181.159,49187646.933299996,0,68.5,0.0,"[{""usdt"": 13055007.0, ""borsa"": 3, ""fiyat"": 63450.0, ""kaynak"": ""BNB+BYB+OKX""}, {""usdt"": 10482274.0, ""borsa"": 1, ""fiyat"": 63375.0, ""kaynak"": ""BNB""}, {""usdt"": 10275667.0, ""borsa"": 1, ""fiyat"": 63350.0, ""kaynak"": ""BNB""}]","[{""usdt"": 14275647.0, ""borsa"": 3, ""fiyat"": 63475.0, ""kaynak"": ""BNB+BYB+OKX""}, {""usdt"": 10593797.0, ""borsa"": 1, ""fiyat"": 63525.0, ""kaynak"": ""BNB""}, {""usdt"": 8918312.0, ""borsa"": 1, ""fiyat"": 63500.0, ""kaynak"": ""BNB""}]",YOK,-0.0264,0.0198,0.4063,0.4294,false,,false,,0,0,3,0,0,3,53.4,54.5,IZLE,,25,63470.1,,,,,SEVIYE,95,449.9,45,,,,,,,1785244080,1,2,,30,449.9,30,,,
29760,2026-07-28 13:12:32.940515+00,63467.850000000006,-3630163.2315851008,-2103139.6720000003,11752931108.0766,0.000009425999999999998,52358733.163689956,2733.0757,65.3,BEKLE,false,0.0,2733.0757,1.8752,241.557,54052464.786549985,60.398,65.3,0.0,"[{""usdt"": 21007365.0, ""borsa"": 3, ""fiyat"": 63450.0, ""kaynak"": ""BNB+BYB+OKX""}, {""usdt"": 8653313.0, ""borsa"": 1, ""fiyat"": 63375.0, ""kaynak"": ""BNB""}, {""usdt"": 7558673.0, ""borsa"": 1, ""fiyat"": 63400.0, ""kaynak"": ""BNB""}]","[{""usdt"": 12234641.0, ""borsa"": 3, ""fiyat"": 63475.0, ""kaynak"": ""BNB+BYB+OKX""}, {""usdt"": 10374616.0, ""borsa"": 1, ""fiyat"": 63550.0, ""kaynak"": ""BNB""}, {""usdt"": 9916725.0, ""borsa"": 1, ""fiyat"": 63575.0, ""kaynak"": ""BNB""}]",YOK,0.0007,-0.0159,0.4475,0.7054,false,,false,,0,1,3,0,0,3,49.1,50.2,IZLE,,25,63477.3,,,,,SEVIYE,95,450.9,46,,,,,,,1785244080,1,0,,30,450.9,30,,,
29761,2026-07-28 13:13:33.587656+00,63460.05,-3791224.7816589004,-2153013.765,11751975905.675999,0.000009425999999999998,59360358.734059945,0.0,63.7,BEKLE,false,0.0,0.0,1.8752,120.675,55422916.40053997,120.675,63.7,0.0,"[{""usdt"": 16967170.0, ""borsa"": 3, ""fiyat"": 63450.0, ""kaynak"": ""BNB+BYB+OKX""}, {""usdt"": 13968213.0, ""borsa"": 3, ""fiyat"": 63425.0, ""kaynak"": ""BNB+BYB+OKX""}, {""usdt"": 10404722.0, ""borsa"": 1, ""fiyat"": 63375.0, ""kaynak"": ""BNB""}]","[{""usdt"": 13492940.0, ""borsa"": 3, ""fiyat"": 63475.0, ""kaynak"": ""BNB+BYB+OKX""}, {""usdt"": 10215208.0, ""borsa"": 1, ""fiyat"": 63575.0, ""kaynak"": ""BNB""}, {""usdt"": 9716946.0, ""borsa"": 1, ""fiyat"": 63525.0, ""kaynak"": ""BNB""}]",YOK,-0.0343,0.0343,0.4534,0.7504,false,,false,,0,1,3,1,0,3,45.6,46.6,IZLE,,25,63477.3,,,,,SEVIYE,95,451.9,46,,,,,,,,,0,,30,451.9,30,,,
29762,2026-07-28 13:14:33.939313+00,63476.25,-3487381.250237401,-2081975.9060000002,11753129261.1155,0.000009425999999999998,61604126.2498,0.0,79.2,BEKLE,false,0.0,0.0,1.8752,181.374,53995033.97611993,181.374,79.2,0.0,"[{""usdt"": 21947046.0, ""borsa"": 3, ""fiyat"": 63425.0, ""kaynak"": ""BNB+BYB+OKX""}, {""usdt"": 14657407.0, ""borsa"": 1, ""fiyat"": 63350.0, ""kaynak"": ""BNB""}, {""usdt"": 7930128.0, ""borsa"": 1, ""fiyat"": 63375.0, ""kaynak"": ""BNB""}]","[{""usdt"": 11859903.0, ""borsa"": 1, ""fiyat"": 63525.0, ""kaynak"": ""BNB""}, {""usdt"": 11324501.0, ""borsa"": 3, ""fiyat"": 63475.0, ""kaynak"": ""BNB+BYB+OKX""}, {""usdt"": 9514825.0, ""borsa"": 1, ""fiyat"": 63550.0, ""kaynak"": ""BNB""}]",YOK,-0.0905,0.0658,0.4162,0.6465,false,,false,,0,1,3,0,0,3,42.3,43.4,IZLE,,25,63477.3,,,,,SEVIYE,95,452.9,46,,,,,,,,,0,,30,452.9,30,,,
29763,2026-07-28 13:15:34.384674+00,63477.45,-1210102.1033969005,-1642314.9909999997,11756016663.132599,0.000009425999999999998,57283533.1548599,0.0,21.2,BEKLE,true,0.0,0.0,1.8752,241.696,52421105.278689936,241.696,0.0,21.2,"[{""usdt"": 21608714.0, ""borsa"": 3, ""fiyat"": 63450.0, ""kaynak"": ""BNB+BYB+OKX""}, {""usdt"": 9462587.0, ""borsa"": 1, ""fiyat"": 63375.0, ""kaynak"": ""BNB""}, {""usdt"": 9052627.0, ""borsa"": 1, ""fiyat"": 63400.0, ""kaynak"": ""BNB""}]","[{""usdt"": 13472905.0, ""borsa"": 3, ""fiyat"": 63500.0, ""kaynak"": ""BNB+BYB+OKX""}, {""usdt"": 12074451.0, ""borsa"": 1, ""fiyat"": 63575.0, ""kaynak"": ""BNB""}, {""usdt"": 9694426.0, ""borsa"": 1, ""fiyat"": 63525.0, ""kaynak"": ""BNB""}]",YOK,0.1476,0.0443,0.7743,0.4896,false,2.7642,true,0,2,0,3,2,0,3,38.8,39.9,IZLE,,25,63477.3,,,,,SEVIYE,95,453.9,46,,,,,,,,,0,,30,453.9,30,,,
29764,2026-07-28 13:16:36.182349+00,63463.850000000006,-5026841.5364812985,-1915338.9129999997,11755599456.7501,0.000009425999999999998,62552374.58817,0.0,23.0,BEKLE,true,0.0,0.0,1.8752,303.533,51661679.47521999,303.533,0.0,23.0,"[{""usdt"": 19742143.0, ""borsa"": 3, ""fiyat"": 63450.0, ""kaynak"": ""BNB+BYB+OKX""}, {""usdt"": 12381307.0, ""borsa"": 3, ""fiyat"": 63425.0, ""kaynak"": ""BNB+BYB+OKX""}, {""usdt"": 11172930.0, ""borsa"": 1, ""fiyat"": 63400.0, ""kaynak"": ""BNB""}]","[{""usdt"": 12436344.0, ""borsa"": 3, ""fiyat"": 63475.0, ""kaynak"": ""BNB+BYB+OKX""}, {""usdt"": 11231439.0, ""borsa"": 1, ""fiyat"": 63525.0, ""kaynak"": ""BNB""}, {""usdt"": 10002945.0, ""borsa"": 1, ""fiyat"": 63575.0, ""kaynak"": ""BNB""}]",YOK,-0.0099,0.0954,0.7857,0.1118,false,6.4688,true,0,1,0,3,2,0,3,36.8,37.9,IZLE,,25,63477.3,,,,,SEVIYE,95,454.9,46,,,,,,,,,0,,30,454.9,30,,,
29765,2026-07-28 13:17:36.490413+00,63447.75,-5020401.614879501,-1912284.4959999998,11755317337.9837,0.000009425999999999998,62957131.52932003,0.0,25.3,BEKLE,true,0.0,0.0,1.8752,363.937,50656082.364419974,363.937,0.0,25.3,"[{""usdt"": 25074880.0, ""borsa"": 3, ""fiyat"": 63450.0, ""kaynak"": ""BNB+BYB+OKX""}, {""usdt"": 10121631.0, ""borsa"": 1, ""fiyat"": 63400.0, ""kaynak"": ""BNB""}, {""usdt"": 9510451.0, ""borsa"": 1, ""fiyat"": 63350.0, ""kaynak"": ""BNB""}]","[{""usdt"": 12534702.0, ""borsa"": 1, ""fiyat"": 63525.0, ""kaynak"": ""BNB""}, {""usdt"": 11479209.0, ""borsa"": 3, ""fiyat"": 63475.0, ""kaynak"": ""BNB+BYB+OKX""}, {""usdt"": 9117443.0, ""borsa"": 2, ""fiyat"": 63500.0, ""kaynak"": ""BNB+BYB""}]",YOK,0.0217,0.1083,0.7614,0.9506,false,,true,0,1,0,3,2,0,3,33.3,34.4,IZLE,,25,63437.9,,,,,SEVIYE,100,455.9,46,,,,,,,,,0,,30,455.9,30,,,
29766,2026-07-28 13:18:36.787622+00,63458.95,-5375474.445338398,-2021982.355,11753525220.2726,0.000009425999999999998,59813319.52195004,0.0,20.5,BEKLE,true,0.0,0.0,1.8736,424.226,47463726.47427993,424.226,0.0,20.5,"[{""usdt"": 17888462.0, ""borsa"": 3, ""fiyat"": 63425.0, ""kaynak"": ""BNB+BYB+OKX""}, {""usdt"": 11606091.0, ""borsa"": 1, ""fiyat"": 63350.0, ""kaynak"": ""BNB""}, {""usdt"": 9069620.0, ""borsa"": 1, ""fiyat"": 63375.0, ""kaynak"": ""BNB""}]","[{""usdt"": 13204038.0, ""borsa"": 3, ""fiyat"": 63475.0, ""kaynak"": ""BNB+BYB+OKX""}, {""usdt"": 11257416.0, ""borsa"": 1, ""fiyat"": 63525.0, ""kaynak"": ""BNB""}, {""usdt"": 8393841.0, ""borsa"": 1, ""fiyat"": 63500.0, ""kaynak"": ""BNB""}]",YOK,-0.0172,0.1151,0.8412,0.0504,false,,false,0,0,0,3,0,0,3,29.4,30.5,IZLE,,25,63477.3,,,,,SEVIYE,95,456.9,46,,,,,,,,,0,,30,456.9,30,,,
29767,2026-07-28 13:19:37.069152+00,63447.95,-5558286.6715218965,-2011575.1849999996,11751468256.728802,0.000009425999999999998,58164070.13769999,0.0,15.9,BEKLE,true,0.0,0.0,1.8736,484.513,55048429.48386998,484.513,0.0,15.9,"[{""usdt"": 15347292.0, ""borsa"": 3, ""fiyat"": 63425.0, ""kaynak"": ""BNB+BYB+OKX""}, {""usdt"": 11843781.0, ""borsa"": 1, ""fiyat"": 63350.0, ""kaynak"": ""BNB""}, {""usdt"": 10752595.0, ""borsa"": 1, ""fiyat"": 63375.0, ""kaynak"": ""BNB""}]","[{""usdt"": 13827817.0, ""borsa"": 3, ""fiyat"": 63475.0, ""kaynak"": ""BNB+BYB+OKX""}, {""usdt"": 13173357.0, ""borsa"": 1, ""fiyat"": 63525.0, ""kaynak"": ""BNB""}, {""usdt"": 10444347.0, ""borsa"": 1, ""fiyat"": 63550.0, ""kaynak"": ""BNB""}]",YOK,-0.0681,0.0275,0.928,1.0949,false,,true,0,0,1,3,0,0,3,25.8,26.9,IZLE,,25,63437.9,,,,,SEVIYE,100,457.9,46,,,,,,,,,0,,30,457.9,30,,,
29768,2026-07-28 13:20:37.377471+00,63454.55,-1643793.0181427984,-189484.473,11751632947.0115,0.000009425999999999998,55078861.53402004,0.0,62.9,BEKLE,true,0.0,0.0,1.8736,544.797,49575703.64990995,544.797,0.0,62.9,"[{""usdt"": 12681833.0, ""borsa"": 3, ""fiyat"": 63425.0, ""kaynak"": ""BNB+BYB+OKX""}, {""usdt"": 12283482.0, ""borsa"": 1, ""fiyat"": 63375.0, ""kaynak"": ""BNB""}, {""usdt"": 11653878.0, ""borsa"": 1, ""fiyat"": 63350.0, ""kaynak"": ""BNB""}]","[{""usdt"": 13694328.0, ""borsa"": 3, ""fiyat"": 63475.0, ""kaynak"": ""BNB+BYB+OKX""}, {""usdt"": 11931320.0, ""borsa"": 1, ""fiyat"": 63525.0, ""kaynak"": ""BNB""}, {""usdt"": 9621143.0, ""borsa"": 1, ""fiyat"": 63550.0, ""kaynak"": ""BNB""}]",YOK,-0.0118,0.0526,0.1157,0.5273,false,,true,0,1,1,3,0,0,3,22.2,23.3,IZLE,,25,63437.9,,,,,SEVIYE,100,459.0,46,,,,,,,,,0,,30,459.0,30,,,
29769,2026-07-28 13:21:37.703996+00,63421.350000000006,-2166864.4240209977,-170262.984,11746577653.4184,0.000009425999999999998,57657356.73315004,0.0,65.0,BEKLE,true,0.0,0.0,1.8744,605.104,53456400.667219974,605.104,0.0,65.0,"[{""usdt"": 21876835.0, ""borsa"": 3, ""fiyat"": 63400.0, ""kaynak"": ""BNB+BYB+OKX""}, {""usdt"": 11048320.0, ""borsa"": 1, ""fiyat"": 63350.0, ""kaynak"": ""BNB""}, {""usdt"": 9567057.0, ""borsa"": 1, ""fiyat"": 63325.0, ""kaynak"": ""BNB""}]","[{""usdt"": 11662545.0, ""borsa"": 3, ""fiyat"": 63450.0, ""kaynak"": ""BNB+BYB+OKX""}, {""usdt"": 10044251.0, ""borsa"": 1, ""fiyat"": 63525.0, ""kaynak"": ""BNB""}, {""usdt"": 8574142.0, ""borsa"": 1, ""fiyat"": 63550.0, ""kaynak"": ""BNB""}]",YOK,-0.0548,0.0378,0.418,0.5364,false,,true,0,0,0,3,0,0,3,18.7,19.7,IZLE,,25,63437.9,,,,,SEVIYE,100,460.0,46,,,,,,,,,0,,30,460.0,30,,,
29770,2026-07-28 13:22:38.030943+00,63420.45,-1234978.9123702974,-64723.57099999999,11754405147.1823,0.000009425999999999998,53789814.073960006,34883.145000000004,62.6,BEKLE,true,34883.145000000004,0.0,1.8744,665.423,52425011.30276001,665.423,0.0,62.6,"[{""usdt"": 18294313.0, ""borsa"": 3, ""fiyat"": 63400.0, ""kaynak"": ""BNB+BYB+OKX""}, {""usdt"": 11087836.0, ""borsa"": 1, ""fiyat"": 63325.0, ""kaynak"": ""BNB""}, {""usdt"": 9978673.0, ""borsa"": 1, ""fiyat"": 63350.0, ""kaynak"": ""BNB""}]","[{""usdt"": 12075479.0, ""borsa"": 1, ""fiyat"": 63525.0, ""kaynak"": ""BNB""}, {""usdt"": 10961985.0, ""borsa"": 1, ""fiyat"": 63500.0, ""kaynak"": ""BNB""}, {""usdt"": 10905381.0, ""borsa"": 3, ""fiyat"": 63450.0, ""kaynak"": ""BNB+BYB+OKX""}]",YOK,-0.0845,0.0128,0.4769,0.3033,false,,true,0,0,1,3,1,1,3,15.1,16.2,IZLE,,25,63420.8,,,,,SEVIYE,75,461.0,47,,,,,,,1785244860,1,0,,30,461.0,30,,,
29771,2026-07-28 13:23:38.302245+00,63370.05,-2350042.2953497963,-114074.14499999999,11757922530.014801,0.000009425999999999998,60786582.96826006,35009.8856,57.7,BEKLE,true,35009.8856,0.0,1.8744,725.737,55107120.12403997,0,0.0,57.7,"[{""usdt"": 27029066.0, ""borsa"": 3, ""fiyat"": 63350.0, ""kaynak"": ""BNB+BYB+OKX""}, {""usdt"": 10597750.0, ""borsa"": 1, ""fiyat"": 63275.0, ""kaynak"": ""BNB""}, {""usdt"": 10269613.0, ""borsa"": 1, ""fiyat"": 63325.0, ""kaynak"": ""BNB""}]","[{""usdt"": 16344042.0, ""borsa"": 1, ""fiyat"": 63475.0, ""kaynak"": ""BNB""}, {""usdt"": 10573725.0, ""borsa"": 3, ""fiyat"": 63375.0, ""kaynak"": ""BNB+BYB+OKX""}, {""usdt"": 9033333.0, ""borsa"": 3, ""fiyat"": 63400.0, ""kaynak"": ""BNB+BYB+OKX""}]",YOK,-0.0974,0.049,0.4137,1.0718,false,,true,0,0,1,3,0,0,3,11.6,12.7,IZLE,,25,63329.1,,,,,SEVIYE,60,462.0,47,,,,,,,1785244980,1,0,,30,462.0,30,,,
29772,2026-07-28 13:24:38.575342+00,63364.05,-2572642.008826597,-120479.65099999998,11756317650.765,0.000009425999999999998,54588699.34153999,35009.866200000004,52.9,BEKLE,true,35009.866200000004,0.0,1.8744,786.031,56107993.62007001,60.294,0.0,52.9,"[{""usdt"": 17011817.0, ""borsa"": 3, ""fiyat"": 63350.0, ""kaynak"": ""BNB+BYB+OKX""}, {""usdt"": 11823167.0, ""borsa"": 3, ""fiyat"": 63325.0, ""kaynak"": ""BNB+BYB+OKX""}, {""usdt"": 8730395.0, ""borsa"": 1, ""fiyat"": 63300.0, ""kaynak"": ""BNB""}]","[{""usdt"": 16374558.0, ""borsa"": 1, ""fiyat"": 63475.0, ""kaynak"": ""BNB""}, {""usdt"": 13730530.0, ""borsa"": 3, ""fiyat"": 63375.0, ""kaynak"": ""BNB+BYB+OKX""}, {""usdt"": 8631354.0, ""borsa"": 1, ""fiyat"": 63425.0, ""kaynak"": ""BNB""}]",YOK,-0.0625,-0.0137,0.4127,1.0226,false,,false,2.164,0,0,3,0,0,3,7.6,8.7,IZLE,,25,63329.1,,,,,SEVIYE,60,463.0,47,,,,,,,1785244980,1,0,,30,463.0,30,,,
29773,2026-07-28 13:25:38.906719+00,63339.75,-5539781.882463997,-34622.829999999994,11754466197.898499,0.000009425999999999998,50924415.870369956,45144.234200000006,24.5,BEKLE,true,45080.894400000005,63.339800000000004,1.8744,120.582,54496122.49909003,120.582,0.0,24.5,"[{""usdt"": 15724310.0, ""borsa"": 3, ""fiyat"": 63325.0, ""kaynak"": ""BNB+BYB+OKX""}, {""usdt"": 11450853.0, ""borsa"": 3, ""fiyat"": 63300.0, ""kaynak"": ""BNB+BYB+OKX""}, {""usdt"": 10479010.0, ""borsa"": 1, ""fiyat"": 63250.0, ""kaynak"": ""BNB""}]","[{""usdt"": 13563523.0, ""borsa"": 3, ""fiyat"": 63350.0, ""kaynak"": ""BNB+BYB+OKX""}, {""usdt"": 9051584.0, ""borsa"": 1, ""fiyat"": 63475.0, ""kaynak"": ""BNB""}, {""usdt"": 8979444.0, ""borsa"": 1, ""fiyat"": 63400.0, ""kaynak"": ""BNB""}]",YOK,-0.1735,-0.0339,0.918,2.385,false,,false,1.3275,0,2,3,1,0,3,4.1,5.1,IZLE,,25,63329.1,,,,,SEVIYE,60,464.0,47,,,,,,,1785245100,1,0,,30,464.0,30,,,
29774,2026-07-28 13:26:39.198197+00,63333.649999999994,-4309755.057692595,-9632592.053000001,11756411122.0269,0.000009425999999999998,56088764.02876999,10261.761199999999,64.3,BEKLE,false,10198.4172,63.344,1.8727,180.884,47286036.93909001,120.59,64.3,0.0,"[{""usdt"": 15003857.0, ""borsa"": 3, ""fiyat"": 63300.0, ""kaynak"": ""BNB+BYB+OKX""}, {""usdt"": 13993361.0, ""borsa"": 3, ""fiyat"": 63325.0, ""kaynak"": ""BNB+BYB+OKX""}, {""usdt"": 9801261.0, ""borsa"": 1, ""fiyat"": 63225.0, ""kaynak"": ""BNB""}]","[{""usdt"": 14293131.0, ""borsa"": 3, ""fiyat"": 63350.0, ""kaynak"": ""BNB+BYB+OKX""}, {""usdt"": 8560189.0, ""borsa"": 1, ""fiyat"": 63400.0, ""kaynak"": ""BNB""}, {""usdt"": 8272417.0, ""borsa"": 1, ""fiyat"": 63450.0, ""kaynak"": ""BNB""}]",YOK,-0.1846,0.0852,0.0916,0.3306,false,,true,0,0,2,3,1,0,3,63.9,62.9,HAZIRLAN,SHORT,50,63329.1,63329.1,63000,63427.1,3.57,SEVIYE+EMILIM,60,465.0,47,,,,,,,1785245100,1,0,0.05,30,465.0,30,,,
29775,2026-07-28 13:27:39.477385+00,63321.25,-4309755.057692595,-9632592.053000001,11756411122.0269,0.000009425999999999998,59158097.03216,10261.761199999999,62.8,BEKLE,false,10198.4172,63.344,1.8727,241.144,49919756.30513002,180.85,62.8,0.0,"[{""usdt"": 25781649.0, ""borsa"": 3, ""fiyat"": 63300.0, ""kaynak"": ""BNB+BYB+OKX""}, {""usdt"": 9801261.0, ""borsa"": 1, ""fiyat"": 63225.0, ""kaynak"": ""BNB""}, {""usdt"": 9151714.0, ""borsa"": 1, ""fiyat"": 63250.0, ""kaynak"": ""BNB""}]","[{""usdt"": 10669885.0, ""borsa"": 3, ""fiyat"": 63350.0, ""kaynak"": ""BNB+BYB+OKX""}, {""usdt"": 8560189.0, ""borsa"": 1, ""fiyat"": 63400.0, ""kaynak"": ""BNB""}, {""usdt"": 8272417.0, ""borsa"": 1, ""fiyat"": 63450.0, ""kaynak"": ""BNB""}]",YOK,-0.2183,0.0847,0.1251,0.3561,false,,true,0,0,3,3,1,0,3,60.8,61.8,HAZIRLAN,SHORT,50,63329.1,63262.5,63000,63335.4,22.67,SEVIYE+EMILIM,60,466.0,47,,,,,,,1785245100,1,0,4.15,30,466.0,30,,,
29776,2026-07-28 13:28:39.75598+00,63289.05,-4640010.143871592,-9681317.416,11753699703.1792,0.000009425999999999998,53778500.27982995,32994.1402,63.2,BEKLE,,32930.796200000004,63.344,1.8727,301.468,49269516.673399985,120.584,63.2,0.0,"[{""usdt"": 20289843.0, ""borsa"": 3, ""fiyat"": 63275.0, ""kaynak"": ""BNB+BYB+OKX""}, {""usdt"": 10854260.0, ""borsa"": 1, ""fiyat"": 63225.0, ""kaynak"": ""BNB""}, {""usdt"": 9818699.0, ""borsa"": 1, ""fiyat"": 63200.0, ""kaynak"": ""BNB""}]","[{""usdt"": 9679515.0, ""borsa"": 3, ""fiyat"": 63325.0, ""kaynak"": ""BNB+BYB+OKX""}, {""usdt"": 9039500.0, ""borsa"": 3, ""fiyat"": 63300.0, ""kaynak"": ""BNB+BYB+OKX""}, {""usdt"": 8393263.0, ""borsa"": 1, ""fiyat"": 63425.0, ""kaynak"": ""BNB""}]",YOK,-0.3009,0.0438,0.0963,0.3006,false,,true,0,0,2,3,0,1,3,56.6,57.7,HAZIRLAN,SHORT,50,63262.5,63262.5,63000,63335.4,6.23,SEVIYE+EMILIM,75,467.0,47,,,,,,,1785245220,1,0,0.57,30,467.0,30,,,
29777,2026-07-28 13:29:40.109349+00,63303.55,-4955311.458038387,-9828144.239000002,11745092211.015,0.000009425999999999998,52522834.25413003,91520.8759,75.2,BEKLE,false,91457.5319,63.344,1.8727,301.519,48667477.517079994,0,75.2,0.0,"[{""usdt"": 18398837.0, ""borsa"": 3, ""fiyat"": 63250.0, ""kaynak"": ""BNB+BYB+OKX""}, {""usdt"": 10147597.0, ""borsa"": 3, ""fiyat"": 63275.0, ""kaynak"": ""BNB+BYB+OKX""}, {""usdt"": 8796842.0, ""borsa"": 1, ""fiyat"": 63200.0, ""kaynak"": ""BNB""}]","[{""usdt"": 15884036.0, ""borsa"": 3, ""fiyat"": 63300.0, ""kaynak"": ""BNB+BYB+OKX""}, {""usdt"": 8841520.0, ""borsa"": 1, ""fiyat"": 63325.0, ""kaynak"": ""BNB""}, {""usdt"": 7766030.0, ""borsa"": 1, ""fiyat"": 63350.0, ""kaynak"": ""BNB""}]",YOK,-0.2912,0.0381,0.0985,0.2208,false,,true,0,0,3,3,0,1,3,53.1,54.2,HAZIRLAN,SHORT,75,63329.1,63262.5,63000,63335.4,9.52,SEVIYE+TASFIYE+EMILIM,60,468.0,47,,,,,,,1785245280,1,0,1.29,30,468.0,30,,,
29778,2026-07-28 13:30:41.712169+00,63326.350000000006,-4775691.833666388,-9275152.184,11751638782.670399,0.000009425999999999998,53796017.78582,91522.7858,65.1,BEKLE,false,91459.4418,63.344,1.8727,363.101,53542223.62941006,61.582,65.1,0.0,"[{""usdt"": 23953414.0, ""borsa"": 3, ""fiyat"": 63275.0, ""kaynak"": ""BNB+BYB+OKX""}, {""usdt"": 8702017.0, ""borsa"": 1, ""fiyat"": 63225.0, ""kaynak"": ""BNB""}, {""usdt"": 8319347.0, ""borsa"": 1, ""fiyat"": 63200.0, ""kaynak"": ""BNB""}]","[{""usdt"": 12411450.0, ""borsa"": 3, ""fiyat"": 63300.0, ""kaynak"": ""BNB+BYB+OKX""}, {""usdt"": 11231267.0, ""borsa"": 3, ""fiyat"": 63325.0, ""kaynak"": ""BNB+BYB+OKX""}, {""usdt"": 9295294.0, ""borsa"": 1, ""fiyat"": 63400.0, ""kaynak"": ""BNB""}]",YOK,-0.2887,0.0024,0.0355,0.055,false,,true,0.0978,0,3,3,0,0,3,50.8,51.9,HAZIRLAN,SHORT,50,63329.1,63262.5,63000,63335.4,35.97,SEVIYE+EMILIM,60,469.0,47,,,,,,,1785245280,1,0,7.04,30,469.0,30,,,
29779,2026-07-28 13:31:42.189731+00,63320.149999999994,-485328.5992026863,-10885484.001,11762013816.161201,0.000009425999999999998,53394934.35975002,82337.6418,58.3,BEKLE,false,82337.6418,0.0,1.8727,423.467,44213877.71508004,121.948,58.3,0.0,"[{""usdt"": 18116925.0, ""borsa"": 3, ""fiyat"": 63300.0, ""kaynak"": ""BNB+BYB+OKX""}, {""usdt"": 14432838.0, ""borsa"": 3, ""fiyat"": 63275.0, ""kaynak"": ""BNB+BYB+OKX""}, {""usdt"": 9664412.0, ""borsa"": 1, ""fiyat"": 63225.0, ""kaynak"": ""BNB""}]","[{""usdt"": 12063500.0, ""borsa"": 3, ""fiyat"": 63325.0, ""kaynak"": ""BNB+BYB+OKX""}, {""usdt"": 8442998.0, ""borsa"": 1, ""fiyat"": 63400.0, ""kaynak"": ""BNB""}, {""usdt"": 7093413.0, ""borsa"": 1, ""fiyat"": 63425.0, ""kaynak"": ""BNB""}]",YOK,-0.2054,0.0941,0.576,0.1796,false,5.1293,false,,0,2,3,0,0,3,47.3,48.4,IZLE,,25,63329.1,,,,,SEVIYE,60,470.0,47,PCT,1.06,0.016926674050976323,14.572661176133765,false,0.038,1785245400,1,0,,30,470.0,30,,,
29780,2026-07-28 13:32:43.002472+00,63225.55,-1326420.5635339874,-12143024.608000001,11755178655.048298,0.000009425999999999998,53620410.308160014,411640.4689,40.5,BEKLE,false,411640.4689,0.0,1.8727,484.439,49806827.94856001,0,40.5,0.0,"[{""usdt"": 15293387.0, ""borsa"": 3, ""fiyat"": 63275.0, ""kaynak"": ""BNB+BYB+OKX""}, {""usdt"": 11305801.0, ""borsa"": 1, ""fiyat"": 63225.0, ""kaynak"": ""BNB""}, {""usdt"": 10874225.0, ""borsa"": 3, ""fiyat"": 63300.0, ""kaynak"": ""BNB+BYB+OKX""}]","[{""usdt"": 9271420.0, ""borsa"": 3, ""fiyat"": 63325.0, ""kaynak"": ""BNB+BYB+OKX""}, {""usdt"": 9253215.0, ""borsa"": 1, ""fiyat"": 63400.0, ""kaynak"": ""BNB""}, {""usdt"": 8301983.0, ""borsa"": 1, ""fiyat"": 63425.0, ""kaynak"": ""BNB""}]",YOK,-0.1749,0.0369,0.3541,1.0047,false,3.5699,false,,0,2,3,0,1,3,44.4,45.5,IZLE,,25,63215.6,,,,,SEVIYE,50,471.0,48,,,,,,,1785245460,2,0,,28,471.0,28,,,
29781,2026-07-28 13:33:43.438832+00,63238.850000000006,-2689490.7308446835,-12767712.696,11739804048.1736,0.000009425999999999998,46485863.23671998,707006.5415,35.3,BEKLE,false,705740.4935000001,1266.048,1.8662,0,48009212.40896998,0,35.3,0.0,"[{""usdt"": 15031639.0, ""borsa"": 3, ""fiyat"": 63200.0, ""kaynak"": ""BNB+BYB+OKX""}, {""usdt"": 9709668.0, ""borsa"": 1, ""fiyat"": 63125.0, ""kaynak"": ""BNB""}, {""usdt"": 8965066.0, ""borsa"": 3, ""fiyat"": 63175.0, ""kaynak"": ""BNB+BYB+OKX""}]","[{""usdt"": 10595689.0, ""borsa"": 3, ""fiyat"": 63225.0, ""kaynak"": ""BNB+BYB+OKX""}, {""usdt"": 8330111.0, ""borsa"": 1, ""fiyat"": 63275.0, ""kaynak"": ""BNB""}, {""usdt"": 8260469.0, ""borsa"": 1, ""fiyat"": 63350.0, ""kaynak"": ""BNB""}]",YOK,-0.0825,-0.0161,0.2257,0.5141,false,4.2348,false,,1,1,3,0,1,3,40.6,41.6,IZLE,,50,63259.7,,,,,SEVIYE+TASFIYE,75,472.1,48,,,,,,,1785245520,3,0,,28,472.1,28,,,
29782,2026-07-28 13:34:43.984194+00,63231.25,-1819173.4092885905,-11018024.162,11741913133.5471,0.000009425999999999998,48939351.52811003,689925.0199000001,30.6,BEKLE,false,688658.9719000001,1266.048,1.8662,60.644,44698271.88637003,60.644,30.6,0.0,"[{""usdt"": 13674521.0, ""borsa"": 3, ""fiyat"": 63200.0, ""kaynak"": ""BNB+BYB+OKX""}, {""usdt"": 9743285.0, ""borsa"": 1, ""fiyat"": 63125.0, ""kaynak"": ""BNB""}, {""usdt"": 8932097.0, ""borsa"": 1, ""fiyat"": 63150.0, ""kaynak"": ""BNB""}]","[{""usdt"": 13004093.0, ""borsa"": 3, ""fiyat"": 63250.0, ""kaynak"": ""BNB+BYB+OKX""}, {""usdt"": 8139277.0, ""borsa"": 1, ""fiyat"": 63300.0, ""kaynak"": ""BNB""}, {""usdt"": 7001914.0, ""borsa"": 1, ""fiyat"": 63275.0, ""kaynak"": ""BNB""}]",YOK,-0.0347,0.0453,0.5487,1.1193,false,3.3679,false,,0,0,3,0,1,3,37.4,38.4,IZLE,,25,63215.6,,,,,SEVIYE,50,473.1,48,,,,,,,1785245520,3,0,,28,473.1,28,,,
29783,2026-07-28 13:35:44.380173+00,63312.149999999994,-1875684.7605036828,-10974630.845000003,11742583827.7094,0.000009425999999999998,39606110.644960046,689925.0199000001,34.6,BEKLE,false,688658.9719000001,1266.048,1.8662,120.948,42398668.758000016,120.948,34.6,0.0,"[{""usdt"": 12402095.0, ""borsa"": 3, ""fiyat"": 63250.0, ""kaynak"": ""BNB+BYB+OKX""}, {""usdt"": 8699405.0, ""borsa"": 1, ""fiyat"": 63150.0, ""kaynak"": ""BNB""}, {""usdt"": 7377757.0, ""borsa"": 3, ""fiyat"": 63225.0, ""kaynak"": ""BNB+BYB+OKX""}]","[{""usdt"": 12330371.0, ""borsa"": 3, ""fiyat"": 63275.0, ""kaynak"": ""BNB+BYB+OKX""}, {""usdt"": 8651001.0, ""borsa"": 1, ""fiyat"": 63325.0, ""kaynak"": ""BNB""}, {""usdt"": 7527719.0, ""borsa"": 2, ""fiyat"": 63300.0, ""kaynak"": ""BNB+BYB""}]",YOK,-0.0373,-0.0341,0.4405,0.1908,false,5.2114,false,,0,0,3,0,1,3,33.8,34.9,IZLE,,50,63329.1,,,,,SEVIYE+TASFIYE,60,474.1,48,,,,,,,1785245520,3,1,,28,474.1,28,,,
29784,2026-07-28 13:36:44.805409+00,63262.850000000006,-402050.13946728373,-724038.7509999999,11754764604.9455,0.000009425999999999998,47604330.671669975,688848.908,36.6,BEKLE,true,687582.8600000001,1266.048,1.8506,60.48,40467849.530110024,0,0.0,36.6,"[{""usdt"": 14388426.0, ""borsa"": 3, ""fiyat"": 63300.0, ""kaynak"": ""BNB+BYB+OKX""}, {""usdt"": 9504183.0, ""borsa"": 1, ""fiyat"": 63250.0, ""kaynak"": ""BNB""}, {""usdt"": 9006043.0, ""borsa"": 3, ""fiyat"": 63325.0, ""kaynak"": ""BNB+BYB+OKX""}]","[{""usdt"": 9895826.0, ""borsa"": 3, ""fiyat"": 63350.0, ""kaynak"": ""BNB+BYB+OKX""}, {""usdt"": 7993994.0, ""borsa"": 1, ""fiyat"": 63450.0, ""kaynak"": ""BNB""}, {""usdt"": 7530548.0, ""borsa"": 1, ""fiyat"": 63425.0, ""kaynak"": ""BNB""}]",SPOT,0.1566,0.081,0.0038,0.2292,false,0.2569,false,,2,0,3,1,0,3,30.3,31.4,IZLE,,50,63259.7,,,,,SEVIYE+TASFIYE,75,475.1,48,,,,,,,1785245520,3,0,,28,475.1,28,,,
29785,2026-07-28 13:37:45.15663+00,63150.649999999994,-691210.3937363846,-406623.0969999999,11745872481.3047,0.000009425999999999998,56193642.030550025,371313.541,40.3,BEKLE,,367771.26660000003,3542.2744,1.8506,0,43338902.391739994,0,0.0,40.3,"[{""usdt"": 14714668.0, ""borsa"": 3, ""fiyat"": 63175.0, ""kaynak"": ""BNB+BYB+OKX""}, {""usdt"": 12515198.0, ""borsa"": 1, ""fiyat"": 63125.0, ""kaynak"": ""BNB""}, {""usdt"": 12103370.0, ""borsa"": 1, ""fiyat"": 63100.0, ""kaynak"": ""BNB""}]","[{""usdt"": 12639634.0, ""borsa"": 3, ""fiyat"": 63225.0, ""kaynak"": ""BNB+BYB+OKX""}, {""usdt"": 8184249.0, ""borsa"": 1, ""fiyat"": 63275.0, ""kaynak"": ""BNB""}, {""usdt"": 7192838.0, ""borsa"": 1, ""fiyat"": 63325.0, ""kaynak"": ""BNB""}]",YOK,-0.1262,0.1292,0.0244,0.2545,false,0.1256,false,,1,1,3,1,0,3,26.8,27.9,IZLE,,50,63148.3,,,,,SEVIYE+TASFIYE,65,476.1,48,,,,,,,1785245760,3,0,,28,476.1,28,,,
29786,2026-07-28 13:38:45.431752+00,63131.149999999994,-1585851.5912548848,-960046.3550000002,11731572830.861,0.000009425999999999998,50837777.91920005,92847.383,42.8,BEKLE,true,89304.92940000001,3542.4535999999994,1.8506,60.298,45924425.30804996,60.298,0.0,42.8,"[{""usdt"": 16661268.0, ""borsa"": 3, ""fiyat"": 63100.0, ""kaynak"": ""BNB+BYB+OKX""}, {""usdt"": 12297511.0, ""borsa"": 3, ""fiyat"": 63125.0, ""kaynak"": ""BNB+BYB+OKX""}, {""usdt"": 9867090.0, ""borsa"": 1, ""fiyat"": 63050.0, ""kaynak"": ""BNB""}]","[{""usdt"": 12678095.0, ""borsa"": 3, ""fiyat"": 63150.0, ""kaynak"": ""BNB+BYB+OKX""}, {""usdt"": 8772357.0, ""borsa"": 1, ""fiyat"": 63250.0, ""kaynak"": ""BNB""}, {""usdt"": 8462303.0, ""borsa"": 1, ""fiyat"": 63200.0, ""kaynak"": ""BNB""}]",YOK,-0.2984,0.0508,0.0413,0.3573,false,0.4456,false,,0,2,3,0,1,3,23.3,24.4,IZLE,,50,63116.5,,,,,SEVIYE+TASFIYE,85,477.1,48,,,,,,,1785245820,2,0,,28,477.1,28,,,
29787,2026-07-28 13:39:45.724588+00,62976.15,-2193973.4015350924,-2811188.766,11726367553.3512,0.000009425999999999998,63308457.28939005,746984.8638,58.4,BEKLE,false,741612.3942000001,5372.469599999999,1.8506,60.267,47750556.49342002,0,0.0,58.4,"[{""usdt"": 20072283.0, ""borsa"": 3, ""fiyat"": 63050.0, ""kaynak"": ""BNB+BYB+OKX""}, {""usdt"": 17747921.0, ""borsa"": 1, ""fiyat"": 63000.0, ""kaynak"": ""BNB""}, {""usdt"": 12730590.0, ""borsa"": 1, ""fiyat"": 63025.0, ""kaynak"": ""BNB""}]","[{""usdt"": 9420891.0, ""borsa"": 3, ""fiyat"": 63100.0, ""kaynak"": ""BNB+BYB+OKX""}, {""usdt"": 9353297.0, ""borsa"": 1, ""fiyat"": 63150.0, ""kaynak"": ""BNB""}, {""usdt"": 8960065.0, ""borsa"": 3, ""fiyat"": 63075.0, ""kaynak"": ""BNB+BYB+OKX""}]",YOK,-0.3332,0.1401,0.0206,1.244,false,1.441,false,,0,2,3,1,0,3,19.3,20.4,IZLE,,50,63000,,,,,SEVIYE+TASFIYE,55,478.1,48,,,,,,,1785245880,3,0,,28,478.1,28,,,
29788,2026-07-28 13:40:47.085529+00,62977.95,-15461877.336204896,-12444945.566,11655364639.9128,0.000009425999999999998,45444441.07916002,3852556.4281,0.0,BEKLE,,3795696.5778,56859.850300000006,1.8506,0,50502734.46124002,0,0.0,0.0,"[{""usdt"": 14018480.0, ""borsa"": 1, ""fiyat"": 62800.0, ""kaynak"": ""BNB""}, {""usdt"": 9768775.0, ""borsa"": 3, ""fiyat"": 62900.0, ""kaynak"": ""BNB+BYB+OKX""}, {""usdt"": 7418213.0, ""borsa"": 1, ""fiyat"": 62850.0, ""kaynak"": ""BNB""}]","[{""usdt"": 13471413.0, ""borsa"": 3, ""fiyat"": 62925.0, ""kaynak"": ""BNB+BYB+OKX""}, {""usdt"": 12926872.0, ""borsa"": 3, ""fiyat"": 62950.0, ""kaynak"": ""BNB+BYB+OKX""}, {""usdt"": 8385619.0, ""borsa"": 1, ""fiyat"": 63000.0, ""kaynak"": ""BNB""}]",YOK,-0.3712,-0.0527,0.81,1.7627,false,1.3841,false,,0,3,3,0,2,3,16.9,18,IZLE,,50,63000,,,,,SEVIYE+TASFIYE,55,479.1,48,,,,,,,1785245940,4,0,,28,479.1,28,,,
29789,2026-07-28 13:41:47.485914+00,62999.95,-15225895.641452808,-12646999.634,11675808638.883099,0.000009425999999999998,45088143.86981999,3838513.1299,0.0,BEKLE,,3785195.7332,53317.396700000005,1.8377,0,43284568.30721,0,0.0,0.0,"[{""usdt"": 10112984.0, ""borsa"": 3, ""fiyat"": 62950.0, ""kaynak"": ""BNB+BYB+OKX""}, {""usdt"": 7927282.0, ""borsa"": 1, ""fiyat"": 62900.0, ""kaynak"": ""BNB""}, {""usdt"": 6921615.0, ""borsa"": 3, ""fiyat"": 62975.0, ""kaynak"": ""BNB+BYB+OKX""}]","[{""usdt"": 15575759.0, ""borsa"": 3, ""fiyat"": 63000.0, ""kaynak"": ""BNB+BYB+OKX""}, {""usdt"": 8434838.0, ""borsa"": 1, ""fiyat"": 63075.0, ""kaynak"": ""BNB""}, {""usdt"": 7802091.0, ""borsa"": 2, ""fiyat"": 63025.0, ""kaynak"": ""BNB+BYB""}]",YOK,-0.1418,0.0204,0.3645,0.5723,false,1.3248,false,,0,1,3,0,0,3,13.3,14.4,IZLE,,50,63000,,,,,SEVIYE+TASFIYE,55,480.1,48,,,,,,,1785245940,4,0,,28,480.1,28,,,
29790,2026-07-28 13:42:47.800296+00,62975.350000000006,-14089359.6540984,-15500687.147999998,11695884913.970098,0.000009425999999999998,48822940.88752999,3759709.2003,0.0,BEKLE,,3706391.8036,53317.396700000005,1.8377,60.428,46312696.20558,0,0.0,0.0,"[{""usdt"": 16287985.0, ""borsa"": 3, ""fiyat"": 62975.0, ""kaynak"": ""BNB+BYB+OKX""}, {""usdt"": 10640552.0, ""borsa"": 1, ""fiyat"": 62900.0, ""kaynak"": ""BNB""}, {""usdt"": 7064007.0, ""borsa"": 1, ""fiyat"": 62950.0, ""kaynak"": ""BNB""}]","[{""usdt"": 11232194.0, ""borsa"": 3, ""fiyat"": 63025.0, ""kaynak"": ""BNB+BYB+OKX""}, {""usdt"": 9758867.0, ""borsa"": 1, ""fiyat"": 63075.0, ""kaynak"": ""BNB""}, {""usdt"": 8067867.0, ""borsa"": 1, ""fiyat"": 63050.0, ""kaynak"": ""BNB""}]",YOK,-0.0597,0.0264,0.2997,0.3376,false,1.6036,false,,0,0,3,0,0,3,9.4,10.5,IZLE,,50,62976.2,,,,,SEVIYE+TASFIYE,95,481.1,49,,,,,,,1785245940,4,0,,27,481.1,26,,,
29791,2026-07-28 13:43:48.189953+00,62971.55,-18726764.489142407,-16866147.451999996,11692943739.208,0.000009425999999999998,44156666.28435998,3548187.6407999997,0.0,BEKLE,,3495441.2112,52746.4296,1.8377,120.825,52846292.77814004,0,0.0,0.0,"[{""usdt"": 10175853.0, ""borsa"": 3, ""fiyat"": 62925.0, ""kaynak"": ""BNB+BYB+OKX""}, {""usdt"": 8862425.0, ""borsa"": 1, ""fiyat"": 62850.0, ""kaynak"": ""BNB""}, {""usdt"": 8563996.0, ""borsa"": 1, ""fiyat"": 62900.0, ""kaynak"": ""BNB""}]","[{""usdt"": 16091586.0, ""borsa"": 3, ""fiyat"": 62975.0, ""kaynak"": ""BNB+BYB+OKX""}, {""usdt"": 10822346.0, ""borsa"": 1, ""fiyat"": 63025.0, ""kaynak"": ""BNB""}, {""usdt"": 9159613.0, ""borsa"": 1, ""fiyat"": 63075.0, ""kaynak"": ""BNB""}]",YOK,-0.0084,-0.0896,0.3419,0.2742,false,2.1021,false,,0,0,3,0,0,3,6,7.1,IZLE,,50,62976.2,,,,,SEVIYE+TASFIYE,95,482.1,49,,,,,,,1785246180,4,0,,27,482.1,26,,,
29792,2026-07-28 13:44:48.459284+00,62954.75,-18832934.398642905,-16650321.549999999,11701228063.2159,0.000009425999999999998,49624627.32060997,595392.1369,73.0,BEKLE,true,594133.0909000001,1259.046,1.8377,181.09,55471877.20676003,0,73.0,0.0,"[{""usdt"": 15686026.0, ""borsa"": 3, ""fiyat"": 62925.0, ""kaynak"": ""BNB+BYB+OKX""}, {""usdt"": 12006612.0, ""borsa"": 1, ""fiyat"": 62850.0, ""kaynak"": ""BNB""}, {""usdt"": 8243575.0, ""borsa"": 1, ""fiyat"": 62900.0, ""kaynak"": ""BNB""}]","[{""usdt"": 18056545.0, ""borsa"": 3, ""fiyat"": 62975.0, ""kaynak"": ""BNB+BYB+OKX""}, {""usdt"": 9044961.0, ""borsa"": 1, ""fiyat"": 63050.0, ""kaynak"": ""BNB""}, {""usdt"": 8099109.0, ""borsa"": 1, ""fiyat"": 63000.0, ""kaynak"": ""BNB""}]",YOK,-0.035,-0.0556,0.3669,0.0407,false,2.3255,false,,0,0,3,0,2,3,2.4,3.5,IZLE,,50,62976.2,,,,,SEVIYE+TASFIYE,95,483.1,49,,,,,,,1785246180,2,0,,27,483.1,26,,,
29793,2026-07-28 13:45:48.850968+00,62905.850000000006,-18118962.685240988,-15840524.117999999,11707421415.214802,0.000009425999999999998,49624627.32060997,595392.1369,65.1,BEKLE,true,594133.0909000001,1259.046,1.8377,241.343,55471877.20676003,60.253,65.1,0.0,"[{""usdt"": 15686026.0, ""borsa"": 3, ""fiyat"": 62925.0, ""kaynak"": ""BNB+BYB+OKX""}, {""usdt"": 12006612.0, ""borsa"": 1, ""fiyat"": 62850.0, ""kaynak"": ""BNB""}, {""usdt"": 8243575.0, ""borsa"": 1, ""fiyat"": 62900.0, ""kaynak"": ""BNB""}]","[{""usdt"": 18056545.0, ""borsa"": 3, ""fiyat"": 62975.0, ""kaynak"": ""BNB+BYB+OKX""}, {""usdt"": 9044961.0, ""borsa"": 1, ""fiyat"": 63050.0, ""kaynak"": ""BNB""}, {""usdt"": 8099109.0, ""borsa"": 1, ""fiyat"": 63000.0, ""kaynak"": ""BNB""}]",YOK,-0.035,-0.0556,0.2739,0.6417,false,5.7974,false,,0,0,3,0,2,3,62.6,63.7,YOK,,0,62976.2,,,,,SEVIYE,95,484.2,49,PCT,1.27,15.455542664123973,522.6260691163238,true,0.046,1785246180,2,1,,27,484.2,26,,,
29794,2026-07-28 13:46:50.186885+00,62845.25,-20881110.148386884,-16440455.353999998,11700642087.505402,0.000009425999999999998,49140619.51472002,2158543.3245,0.0,BEKLE,,2157284.2785,1259.046,1.8377,121.693,53489473.79882007,0,0.0,0.0,"[{""usdt"": 12098192.0, ""borsa"": 3, ""fiyat"": 62875.0, ""kaynak"": ""BNB+BYB+OKX""}, {""usdt"": 11950757.0, ""borsa"": 1, ""fiyat"": 62800.0, ""kaynak"": ""BNB""}, {""usdt"": 8723095.0, ""borsa"": 3, ""fiyat"": 62900.0, ""kaynak"": ""BNB+BYB+OKX""}]","[{""usdt"": 20579365.0, ""borsa"": 3, ""fiyat"": 62925.0, ""kaynak"": ""BNB+BYB+OKX""}, {""usdt"": 8124376.0, ""borsa"": 1, ""fiyat"": 62975.0, ""kaynak"": ""BNB""}, {""usdt"": 7793218.0, ""borsa"": 1, ""fiyat"": 63000.0, ""kaynak"": ""BNB""}]",YOK,-0.1844,-0.0424,0.4182,0.9873,false,3.0919,false,,0,2,3,0,2,3,60.1,61.3,YOK,,0,62976.2,,,,,SEVIYE,95,485.2,49,,,,,,,1785246360,2,0,,27,485.2,26,,,
29795,2026-07-28 13:47:50.668654+00,62729.55,-21083080.134406786,-18503615.522,11694399535.4504,0.000009425999999999998,47553241.391879946,2561599.1628,0.0,BEKLE,,2561599.1628,0.0,1.8377,60.344,48937664.753410004,60.344,0.0,0.0,"[{""usdt"": 18895695.0, ""borsa"": 3, ""fiyat"": 62800.0, ""kaynak"": ""BNB+BYB+OKX""}, {""usdt"": 8859973.0, ""borsa"": 1, ""fiyat"": 62750.0, ""kaynak"": ""BNB""}, {""usdt"": 7822012.0, ""borsa"": 1, ""fiyat"": 62775.0, ""kaynak"": ""BNB""}]","[{""usdt"": 14446151.0, ""borsa"": 3, ""fiyat"": 62850.0, ""kaynak"": ""BNB+BYB+OKX""}, {""usdt"": 7908057.0, ""borsa"": 1, ""fiyat"": 62900.0, ""kaynak"": ""BNB""}, {""usdt"": 7689912.0, ""borsa"": 1, ""fiyat"": 62925.0, ""kaynak"": ""BNB""}]",YOK,-0.2514,-0.0143,0.5289,1.6051,false,3.2358,false,,0,2,3,0,1,3,56.5,57.6,YOK,,0,62976.2,,,,,SEVIYE,95,486.2,49,,,,,,,1785246420,4,0,,27,486.2,26,,,
29796,2026-07-28 13:48:51.137366+00,62892.45,-25485147.648236483,-22003570.525,11669851932.1111,0.000009425999999999998,36670057.82526998,3556938.2457999997,33.7,BEKLE,true,3556938.2457999997,0.0,1.8313,0,42136675.67956999,0,33.7,0.0,"[{""usdt"": 8607438.0, ""borsa"": 3, ""fiyat"": 62725.0, ""kaynak"": ""BNB+BYB+OKX""}, {""usdt"": 7104645.0, ""borsa"": 3, ""fiyat"": 62750.0, ""kaynak"": ""BNB+BYB+OKX""}, {""usdt"": 6069624.0, ""borsa"": 1, ""fiyat"": 62675.0, ""kaynak"": ""BNB""}]","[{""usdt"": 7876998.0, ""borsa"": 3, ""fiyat"": 62775.0, ""kaynak"": ""BNB+BYB+OKX""}, {""usdt"": 7097777.0, ""borsa"": 1, ""fiyat"": 62875.0, ""kaynak"": ""BNB""}, {""usdt"": 6631234.0, ""borsa"": 1, ""fiyat"": 62850.0, ""kaynak"": ""BNB""}]",YOK,-0.28,-0.0694,0.3881,0.3922,false,4.6685,false,,0,3,3,0,2,3,53.2,54.3,YOK,,0,62976.2,,,,,SEVIYE+TASFIYE,95,487.2,49,,,,,,,1785246480,4,0,,27,487.2,26,,,
29797,2026-07-28 13:49:51.517243+00,62868.649999999994,-25936240.92774209,-22230092.053000003,11690603112.4342,0.000009425999999999998,41655623.85962999,3558388.6714999997,39.9,BEKLE,true,3556941.4724,1447.1990999999998,1.8313,0,45765873.511510015,0,39.9,0.0,"[{""usdt"": 10540878.0, ""borsa"": 3, ""fiyat"": 62900.0, ""kaynak"": ""BNB+BYB+OKX""}, {""usdt"": 9917449.0, ""borsa"": 3, ""fiyat"": 62875.0, ""kaynak"": ""BNB+BYB+OKX""}, {""usdt"": 7183915.0, ""borsa"": 1, ""fiyat"": 62825.0, ""kaynak"": ""BNB""}]","[{""usdt"": 13822438.0, ""borsa"": 3, ""fiyat"": 62925.0, ""kaynak"": ""BNB+BYB+OKX""}, {""usdt"": 8855056.0, ""borsa"": 1, ""fiyat"": 63000.0, ""kaynak"": ""BNB""}, {""usdt"": 8361639.0, ""borsa"": 2, ""fiyat"": 62950.0, ""kaynak"": ""BNB+OKX""}]",YOK,0.1493,-0.047,0.3803,0.3982,false,4.6859,false,,2,0,3,0,1,3,49.6,50.7,YOK,,0,62976.2,,,,,SEVIYE+TASFIYE,95,488.2,49,,,,,,,1785246540,4,0,,27,488.2,26,,,
29798,2026-07-28 13:50:52.919581+00,62959.850000000006,-7936181.3569516735,-10656809.888,11705169290.3278,0.000009425999999999998,39857468.70685001,3561032.5348,39.4,BEKLE,false,3555116.6706,5915.8642,1.8313,0,45326875.33516001,61.447,0.0,39.4,"[{""usdt"": 8532324.0, ""borsa"": 3, ""fiyat"": 62950.0, ""kaynak"": ""BNB+BYB+OKX""}, {""usdt"": 8525649.0, ""borsa"": 3, ""fiyat"": 62925.0, ""kaynak"": ""BNB+BYB+OKX""}, {""usdt"": 6328689.0, ""borsa"": 1, ""fiyat"": 62825.0, ""kaynak"": ""BNB""}]","[{""usdt"": 13969948.0, ""borsa"": 3, ""fiyat"": 62975.0, ""kaynak"": ""BNB+BYB+OKX""}, {""usdt"": 10126891.0, ""borsa"": 1, ""fiyat"": 63050.0, ""kaynak"": ""BNB""}, {""usdt"": 9259234.0, ""borsa"": 1, ""fiyat"": 63000.0, ""kaynak"": ""BNB""}]",YOK,-0.0392,-0.0642,0.4864,0.223,false,13.9212,false,,1,0,3,0,0,3,47.2,48.2,IZLE,,25,62976.2,,,,,SEVIYE,95,489.2,49,,,,,,,1785246600,4,0,,27,489.2,26,,,
29799,2026-07-28 13:51:53.280318+00,63003.45,-8623954.11525426,-8862974.053999998,11709257604.3888,0.000009425999999999998,38756329.301980026,1655621.6265000002,0.0,BEKLE,,1600090.9233000001,55530.7032,1.8353,0,52848588.61106997,60.317,0.0,0.0,"[{""usdt"": 12430285.0, ""borsa"": 3, ""fiyat"": 62975.0, ""kaynak"": ""BNB+BYB+OKX""}, {""usdt"": 7901518.0, ""borsa"": 1, ""fiyat"": 62925.0, ""kaynak"": ""BNB""}, {""usdt"": 5878343.0, ""borsa"": 3, ""fiyat"": 63000.0, ""kaynak"": ""BNB+BYB+OKX""}]","[{""usdt"": 11653014.0, ""borsa"": 1, ""fiyat"": 63075.0, ""kaynak"": ""BNB""}, {""usdt"": 10656617.0, ""borsa"": 3, ""fiyat"": 63025.0, ""kaynak"": ""BNB+BYB+OKX""}, {""usdt"": 9605852.0, ""borsa"": 1, ""fiyat"": 63050.0, ""kaynak"": ""BNB""}]",YOK,0.1199,-0.1538,0.4382,0.4893,false,8.8913,false,,1,0,3,0,2,3,43.6,44.7,IZLE,,25,62976.2,,,,,SEVIYE,95,490.2,49,,,,,,,1785246660,4,0,,27,490.2,26,,,
29800,2026-07-28 13:52:53.744629+00,63017.149999999994,-7839720.585047951,-8331503.574,11719933366.4911,0.000009425999999999998,46514090.58712003,61794.9973,0.0,BEKLE,,2138.9672,59656.0301,1.8353,0,49632352.29490002,120.746,0.0,0.0,"[{""usdt"": 12219370.0, ""borsa"": 3, ""fiyat"": 62975.0, ""kaynak"": ""BNB+BYB+OKX""}, {""usdt"": 9084247.0, ""borsa"": 1, ""fiyat"": 62900.0, ""kaynak"": ""BNB""}, {""usdt"": 8452587.0, ""borsa"": 1, ""fiyat"": 62925.0, ""kaynak"": ""BNB""}]","[{""usdt"": 14392495.0, ""borsa"": 3, ""fiyat"": 63025.0, ""kaynak"": ""BNB+BYB+OKX""}, {""usdt"": 10167499.0, ""borsa"": 3, ""fiyat"": 63000.0, ""kaynak"": ""BNB+BYB+OKX""}, {""usdt"": 9194536.0, ""borsa"": 1, ""fiyat"": 63075.0, ""kaynak"": ""BNB""}]",SPOT,0.1545,-0.0324,0.3935,0.7348,false,9.6799,false,,1,0,3,0,1,3,40.1,41.2,IZLE,,25,63005.9,,,,,SEVIYE,75,491.2,50,,,,,,,1785246720,2,0,,29,491.2,29,,,
29801,2026-07-28 13:53:54.090629+00,62972.55,-8972047.194028545,-9924752.370000001,11706970072.269001,0.000009425999999999998,45583909.18091008,69980.63339999999,41.8,BEKLE,false,125.9224,69854.711,1.8353,60.442,42908636.81725005,181.188,0.0,41.8,"[{""usdt"": 17375703.0, ""borsa"": 3, ""fiyat"": 62950.0, ""kaynak"": ""BNB+BYB+OKX""}, {""usdt"": 8544569.0, ""borsa"": 1, ""fiyat"": 62900.0, ""kaynak"": ""BNB""}, {""usdt"": 7773066.0, ""borsa"": 2, ""fiyat"": 62925.0, ""kaynak"": ""BNB+BYB""}]","[{""usdt"": 9100270.0, ""borsa"": 1, ""fiyat"": 63075.0, ""kaynak"": ""BNB""}, {""usdt"": 8077263.0, ""borsa"": 3, ""fiyat"": 62975.0, ""kaynak"": ""BNB+BYB+OKX""}, {""usdt"": 7907509.0, ""borsa"": 1, ""fiyat"": 63050.0, ""kaynak"": ""BNB""}]",YOK,0.0924,0.0302,0.4052,0.1686,false,5.6452,false,,1,0,3,0,1,3,36.7,37.8,IZLE,,25,62957.2,,,,,SEVIYE,85,492.2,50,,,,,,,1785246780,1,0,,29,492.2,29,,,
29802,2026-07-28 13:54:54.547132+00,63000.850000000006,-7851242.840524249,-9726403.973999998,11715280278.4194,0.000009425999999999998,42820256.95490002,67345.4108,0.0,BEKLE,,251.99960000000002,67093.4112,1.8353,120.81,41059264.24455003,241.556,0.0,0.0,"[{""usdt"": 12441311.0, ""borsa"": 3, ""fiyat"": 62975.0, ""kaynak"": ""BNB+BYB+OKX""}, {""usdt"": 9481303.0, ""borsa"": 3, ""fiyat"": 63000.0, ""kaynak"": ""BNB+BYB+OKX""}, {""usdt"": 7618478.0, ""borsa"": 1, ""fiyat"": 62950.0, ""kaynak"": ""BNB""}]","[{""usdt"": 10779578.0, ""borsa"": 3, ""fiyat"": 63025.0, ""kaynak"": ""BNB+BYB+OKX""}, {""usdt"": 7703514.0, ""borsa"": 1, ""fiyat"": 63100.0, ""kaynak"": ""BNB""}, {""usdt"": 7659533.0, ""borsa"": 1, ""fiyat"": 63075.0, ""kaynak"": ""BNB""}]",SPOT,0.1576,0.021,0.4188,0.2627,false,,false,2.7833,2,0,3,0,0,3,33.2,34.3,IZLE,,25,63005.9,,,,,SEVIYE,75,493.2,50,,,,,,,1785246780,1,0,,29,493.2,29,,,
29803,2026-07-28 13:55:54.972916+00,62985.149999999994,-3413602.7946675806,-5009593.509999999,11714303866.763,0.000009425999999999998,44690786.49416996,64197.120800000004,70.7,BEKLE,false,251.99960000000002,63945.1212,1.8353,181.273,52475878.71868999,302.019,0.0,70.7,"[{""usdt"": 11585315.0, ""borsa"": 3, ""fiyat"": 62975.0, ""kaynak"": ""BNB+BYB+OKX""}, {""usdt"": 9930636.0, ""borsa"": 3, ""fiyat"": 62950.0, ""kaynak"": ""BNB+BYB+OKX""}, {""usdt"": 9315523.0, ""borsa"": 1, ""fiyat"": 62925.0, ""kaynak"": ""BNB""}]","[{""usdt"": 15138517.0, ""borsa"": 3, ""fiyat"": 63000.0, ""kaynak"": ""BNB+BYB+OKX""}, {""usdt"": 10208202.0, ""borsa"": 1, ""fiyat"": 63050.0, ""kaynak"": ""BNB""}, {""usdt"": 9209763.0, ""borsa"": 1, ""fiyat"": 63075.0, ""kaynak"": ""BNB""}]",YOK,0.0828,-0.0801,0.2852,0.1367,false,0,false,6.6046,0,0,3,0,0,3,29.8,30.9,IZLE,,25,63005.9,,,,,SEVIYE,75,494.2,50,,,,,,,1785246780,1,0,,29,494.2,29,,,
29804,2026-07-28 13:56:55.368508+00,63073.75,-3378794.8377744807,-5316208.804,11719978323.2566,0.000009425999999999998,48343933.594860025,14868.7459,58.4,BEKLE,false,567.0731,14301.6728,1.8458,0,54208214.12435007,362.441,0.0,58.4,"[{""usdt"": 20183688.0, ""borsa"": 3, ""fiyat"": 63000.0, ""kaynak"": ""BNB+BYB+OKX""}, {""usdt"": 8752176.0, ""borsa"": 1, ""fiyat"": 62925.0, ""kaynak"": ""BNB""}, {""usdt"": 7818750.0, ""borsa"": 1, ""fiyat"": 62975.0, ""kaynak"": ""BNB""}]","[{""usdt"": 15368767.0, ""borsa"": 3, ""fiyat"": 63050.0, ""kaynak"": ""BNB+BYB+OKX""}, {""usdt"": 13770805.0, ""borsa"": 3, ""fiyat"": 63025.0, ""kaynak"": ""BNB+BYB+OKX""}, {""usdt"": 8743745.0, ""borsa"": 1, ""fiyat"": 63100.0, ""kaynak"": ""BNB""}]",YOK,0.0941,-0.0572,0.4243,0.4868,false,0,false,,1,0,3,0,1,3,26.4,27.5,IZLE,,25,63087.1,,,,,SEVIYE,90,495.3,50,,,,,,,1785246960,1,0,,29,495.3,29,,,
29805,2026-07-28 13:57:55.826029+00,63041.05,-2872793.776693781,-4882984.008999999,11724584408.8047,0.000009425999999999998,52985207.77489,14306.2809,50.6,BEKLE,false,567.4516,13738.8293,1.8458,0,47320836.62643001,181.291,0.0,50.6,"[{""usdt"": 13560141.0, ""borsa"": 3, ""fiyat"": 63050.0, ""kaynak"": ""BNB+BYB+OKX""}, {""usdt"": 10949789.0, ""borsa"": 1, ""fiyat"": 63025.0, ""kaynak"": ""BNB""}, {""usdt"": 8550242.0, ""borsa"": 1, ""fiyat"": 62950.0, ""kaynak"": ""BNB""}]","[{""usdt"": 15191456.0, ""borsa"": 3, ""fiyat"": 63100.0, ""kaynak"": ""BNB+BYB+OKX""}, {""usdt"": 9781606.0, ""borsa"": 1, ""fiyat"": 63150.0, ""kaynak"": ""BNB""}, {""usdt"": 9076194.0, ""borsa"": 1, ""fiyat"": 63175.0, ""kaynak"": ""BNB""}]",YOK,0.0337,0.0565,0.4178,0.1721,false,0,false,,0,0,3,0,0,3,23,24.1,IZLE,,25,63005.9,,,,,SEVIYE,75,496.3,50,,,,,,,1785247020,1,0,,29,496.3,29,,,
29806,2026-07-28 13:58:56.229059+00,63055.05,-3276348.5566796768,-3656235.692999999,11726130544.6913,0.000009425999999999998,47346012.82403999,3848.1499000000003,53.0,BEKLE,false,315.452,3532.6979,1.8458,60.465,52113182.78853001,241.756,0.0,53.0,"[{""usdt"": 10167993.0, ""borsa"": 3, ""fiyat"": 63050.0, ""kaynak"": ""BNB+BYB+OKX""}, {""usdt"": 9508170.0, ""borsa"": 1, ""fiyat"": 62975.0, ""kaynak"": ""BNB""}, {""usdt"": 9280929.0, ""borsa"": 3, ""fiyat"": 63025.0, ""kaynak"": ""BNB+BYB+OKX""}]","[{""usdt"": 16312744.0, ""borsa"": 3, ""fiyat"": 63075.0, ""kaynak"": ""BNB+BYB+OKX""}, {""usdt"": 11221788.0, ""borsa"": 1, ""fiyat"": 63150.0, ""kaynak"": ""BNB""}, {""usdt"": 8693011.0, ""borsa"": 1, ""fiyat"": 63100.0, ""kaynak"": ""BNB""}]",YOK,0.0461,-0.0479,0.3116,0.3867,false,0,false,,1,0,3,0,0,3,19.4,20.5,IZLE,,25,63087.1,,,,,SEVIYE,90,497.3,50,,,,,,,1785247020,1,0,,29,497.3,29,,,
29807,2026-07-28 13:59:56.578286+00,63078.75,-3124009.1682067793,-3687740.758999999,11723591724.613201,0.000009425999999999998,47261968.28534001,4478.7699,40.9,BEKLE,false,946.072,3532.6979,1.8458,120.877,49821569.25190003,120.877,0.0,40.9,"[{""usdt"": 12333572.0, ""borsa"": 3, ""fiyat"": 63050.0, ""kaynak"": ""BNB+BYB+OKX""}, {""usdt"": 9484822.0, ""borsa"": 1, ""fiyat"": 62975.0, ""kaynak"": ""BNB""}, {""usdt"": 8255567.0, ""borsa"": 1, ""fiyat"": 63000.0, ""kaynak"": ""BNB""}]","[{""usdt"": 16634887.0, ""borsa"": 3, ""fiyat"": 63075.0, ""kaynak"": ""BNB+BYB+OKX""}, {""usdt"": 10478893.0, ""borsa"": 1, ""fiyat"": 63150.0, ""kaynak"": ""BNB""}, {""usdt"": 9728199.0, ""borsa"": 1, ""fiyat"": 63125.0, ""kaynak"": ""BNB""}]",YOK,0.0496,-0.0264,0.2806,0.3959,false,0,false,,1,0,3,0,1,3,16,17.1,IZLE,,25,63087.1,,,,,SEVIYE,90,498.3,50,,,,,,,1785247080,1,0,,29,498.3,29,,,
29808,2026-07-28 14:00:56.916728+00,63178.05,7443080.262551513,3667700.8749999995,11737730219.8338,0.000009425999999999998,48390913.26452003,63893.4567,0.0,BEKLE,,946.072,62947.3847,1.8458,0,64634039.86514996,0,0.0,0.0,"[{""usdt"": 12976440.0, ""borsa"": 3, ""fiyat"": 63150.0, ""kaynak"": ""BNB+BYB+OKX""}, {""usdt"": 12457626.0, ""borsa"": 3, ""fiyat"": 63175.0, ""kaynak"": ""BNB+BYB+OKX""}, {""usdt"": 7387133.0, ""borsa"": 1, ""fiyat"": 63125.0, ""kaynak"": ""BNB""}]","[{""usdt"": 16345754.0, ""borsa"": 3, ""fiyat"": 63200.0, ""kaynak"": ""BNB+BYB+OKX""}, {""usdt"": 14984675.0, ""borsa"": 1, ""fiyat"": 63225.0, ""kaynak"": ""BNB""}, {""usdt"": 11339542.0, ""borsa"": 1, ""fiyat"": 63275.0, ""kaynak"": ""BNB""}]",SPOT,0.1639,-0.1437,0.384,0.5843,false,0,false,,2,0,3,1,1,3,12.4,13.5,IZLE,,25,63192.6,,,,,SEVIYE,100,499.3,50,PCT,1.27,18.666454976353723,477.10530504357695,true,0.054,1785247200,3,0,,29,499.3,29,,,
29809,2026-07-28 14:01:58.734693+00,63161.45,7716093.446958514,4064642.0600000005,11737887983.9154,0.000009425999999999998,48631422.19717999,86479.0716,38.8,BEKLE,true,630.62,85848.4516,1.8458,61.4,50673981.47276002,61.4,0.0,38.8,"[{""usdt"": 12804384.0, ""borsa"": 3, ""fiyat"": 63150.0, ""kaynak"": ""BNB+BYB+OKX""}, {""usdt"": 8825221.0, ""borsa"": 1, ""fiyat"": 63075.0, ""kaynak"": ""BNB""}, {""usdt"": 7593038.0, ""borsa"": 1, ""fiyat"": 63100.0, ""kaynak"": ""BNB""}]","[{""usdt"": 15275055.0, ""borsa"": 1, ""fiyat"": 63225.0, ""kaynak"": ""BNB""}, {""usdt"": 13572619.0, ""borsa"": 3, ""fiyat"": 63200.0, ""kaynak"": ""BNB+BYB+OKX""}, {""usdt"": 10829168.0, ""borsa"": 1, ""fiyat"": 63250.0, ""kaynak"": ""BNB""}]",YOK,0.1234,-0.0206,0.3708,0.2507,false,0,false,16.3377,2,0,3,1,0,3,9.5,10.6,IZLE,,25,63135.8,,,,,SEVIYE,90,500.3,50,,,,,,,1785247260,3,0,,29,500.3,29,,,
29810,2026-07-28 14:02:59.363727+00,63151.05,7795451.297084415,4026310.719,11740095888.2192,0.000009425999999999998,52060203.56523002,85906.1105,36.4,BEKLE,true,630.62,85275.4905,1.858,61.161,53825815.75342,122.561,0.0,36.4,"[{""usdt"": 14106897.0, ""borsa"": 3, ""fiyat"": 63150.0, ""kaynak"": ""BNB+BYB+OKX""}, {""usdt"": 13817662.0, ""borsa"": 3, ""fiyat"": 63125.0, ""kaynak"": ""BNB+BYB+OKX""}, {""usdt"": 8992185.0, ""borsa"": 1, ""fiyat"": 63075.0, ""kaynak"": ""BNB""}]","[{""usdt"": 15229637.0, ""borsa"": 1, ""fiyat"": 63225.0, ""kaynak"": ""BNB""}, {""usdt"": 14400762.0, ""borsa"": 3, ""fiyat"": 63175.0, ""kaynak"": ""BNB+BYB+OKX""}, {""usdt"": 9731485.0, ""borsa"": 1, ""fiyat"": 63250.0, ""kaynak"": ""BNB""}]",YOK,0.1469,-0.0167,0.3735,0.3255,false,0,false,21.1306,2,0,3,1,0,3,6.8,7.9,IZLE,,25,63178.3,,,,,SEVIYE,100,501.3,51,,,,,,,1785247260,3,0,,29,501.3,28,,,
29811,2026-07-28 14:03:59.714055+00,63146.05,7518559.559517816,3653687.2440000004,11733351066.5019,0.000009425999999999998,43235138.62713,85907.0015,50.9,BEKLE,true,631.511,85275.4905,1.858,0,57745019.89349002,182.853,0.0,50.9,"[{""usdt"": 13138012.0, ""borsa"": 3, ""fiyat"": 63125.0, ""kaynak"": ""BNB+BYB+OKX""}, {""usdt"": 9511380.0, ""borsa"": 1, ""fiyat"": 63075.0, ""kaynak"": ""BNB""}, {""usdt"": 6844225.0, ""borsa"": 3, ""fiyat"": 63150.0, ""kaynak"": ""BNB+BYB+OKX""}]","[{""usdt"": 16573806.0, ""borsa"": 1, ""fiyat"": 63225.0, ""kaynak"": ""BNB""}, {""usdt"": 13596653.0, ""borsa"": 3, ""fiyat"": 63175.0, ""kaynak"": ""BNB+BYB+OKX""}, {""usdt"": 7948197.0, ""borsa"": 1, ""fiyat"": 63250.0, ""kaynak"": ""BNB""}]",SPOT,0.1652,-0.1437,0.4237,0.3018,false,0,false,29.7824,2,0,3,0,1,3,3.2,4.3,IZLE,,25,63120.5,,,,,SEVIYE,85,502.3,51,,,,,,,1785247320,3,0,,29,502.3,28,,,
29812,2026-07-28 14:05:00.054774+00,63160.350000000006,7537821.472168209,3077461.802,11734218400.360199,0.000009425999999999998,48453778.00213,85907.0015,59.0,BEKLE,true,631.511,85275.4905,1.858,0,61461218.935990036,243.241,0.0,59.0,"[{""usdt"": 17588476.0, ""borsa"": 3, ""fiyat"": 63125.0, ""kaynak"": ""BNB+BYB+OKX""}, {""usdt"": 7921603.0, ""borsa"": 1, ""fiyat"": 63100.0, ""kaynak"": ""BNB""}, {""usdt"": 7343865.0, ""borsa"": 1, ""fiyat"": 63050.0, ""kaynak"": ""BNB""}]","[{""usdt"": 16004315.0, ""borsa"": 1, ""fiyat"": 63225.0, ""kaynak"": ""BNB""}, {""usdt"": 11520948.0, ""borsa"": 3, ""fiyat"": 63175.0, ""kaynak"": ""BNB+BYB+OKX""}, {""usdt"": 10751467.0, ""borsa"": 1, ""fiyat"": 63275.0, ""kaynak"": ""BNB""}]",SPOT,0.1652,-0.1183,0.4397,0.2842,false,0,false,,2,0,3,0,1,3,63.6,62.2,IZLE,,25,63178.3,,,,,SEVIYE,100,503.3,51,,,,,,,1785247320,3,1,,29,503.3,28,,,
29813,2026-07-28 14:06:00.519037+00,63230.55,4918886.303359891,2145655.0549999997,11746516970.9643,0.000009425999999999998,49496654.31909,24010.0369,67.9,BEKLE,false,631.511,23378.5259,1.858,60.366,60730910.18468003,303.607,67.9,0.0,"[{""usdt"": 16614712.0, ""borsa"": 3, ""fiyat"": 63125.0, ""kaynak"": ""BNB+BYB+OKX""}, {""usdt"": 9215212.0, ""borsa"": 3, ""fiyat"": 63150.0, ""kaynak"": ""BNB+BYB+OKX""}, {""usdt"": 7921603.0, ""borsa"": 1, ""fiyat"": 63100.0, ""kaynak"": ""BNB""}]","[{""usdt"": 16004315.0, ""borsa"": 1, ""fiyat"": 63225.0, ""kaynak"": ""BNB""}, {""usdt"": 12566217.0, ""borsa"": 3, ""fiyat"": 63175.0, ""kaynak"": ""BNB+BYB+OKX""}, {""usdt"": 10751467.0, ""borsa"": 1, ""fiyat"": 63275.0, ""kaynak"": ""BNB""}]",YOK,0.0671,-0.1019,0.4523,0.7933,false,0,false,,1,0,3,0,1,3,60.1,61.2,IZLE,,25,63215.6,,,,,SEVIYE,50,504.3,51,,,,,,,1785247500,2,0,,29,504.3,28,,,
29814,2026-07-28 14:07:00.947602+00,63268.25,5744347.117264591,2179806.15,11749627148.9516,0.000009425999999999998,50632012.960899994,7397.4087,92.5,BEKLE,false,631.511,6765.8976999999995,1.8719,120.912,65500802.23451995,364.153,92.5,0.0,"[{""usdt"": 13136531.0, ""borsa"": 3, ""fiyat"": 63200.0, ""kaynak"": ""BNB+BYB+OKX""}, {""usdt"": 10532366.0, ""borsa"": 3, ""fiyat"": 63225.0, ""kaynak"": ""BNB+BYB+OKX""}, {""usdt"": 9179303.0, ""borsa"": 1, ""fiyat"": 63150.0, ""kaynak"": ""BNB""}]","[{""usdt"": 24041358.0, ""borsa"": 3, ""fiyat"": 63250.0, ""kaynak"": ""BNB+BYB+OKX""}, {""usdt"": 11743395.0, ""borsa"": 1, ""fiyat"": 63325.0, ""kaynak"": ""BNB""}, {""usdt"": 10769878.0, ""borsa"": 1, ""fiyat"": 63300.0, ""kaynak"": ""BNB""}]",SPOT,0.1731,-0.128,0.3425,1.5647,false,,false,,2,0,3,0,1,3,56.5,57.6,IZLE,,25,63269,,,,,SEVIYE,75,505.3,51,,,,,,,1785247560,2,0,,29,505.3,28,LONG,duvar,92.4532763252089
29815,2026-07-28 14:08:01.502425+00,63224.850000000006,5767326.881859587,2372014.2969999993,11739869561.826,0.000009425999999999998,51292781.95462998,13850.1002,63.4,BEKLE,false,0.0,13850.1002,1.8719,0,54828464.12917006,181.33,63.4,0.0,"[{""usdt"": 13709533.0, ""borsa"": 3, ""fiyat"": 63250.0, ""kaynak"": ""BNB+BYB+OKX""}, {""usdt"": 10134903.0, ""borsa"": 3, ""fiyat"": 63275.0, ""kaynak"": ""BNB+BYB+OKX""}, {""usdt"": 7929271.0, ""borsa"": 1, ""fiyat"": 63175.0, ""kaynak"": ""BNB""}]","[{""usdt"": 19909406.0, ""borsa"": 3, ""fiyat"": 63300.0, ""kaynak"": ""BNB+BYB+OKX""}, {""usdt"": 11303848.0, ""borsa"": 1, ""fiyat"": 63375.0, ""kaynak"": ""BNB""}, {""usdt"": 8710083.0, ""borsa"": 1, ""fiyat"": 63325.0, ""kaynak"": ""BNB""}]",SPOT,0.2303,-0.0333,0.379,1.1636,false,,false,23.7734,3,0,3,0,0,3,53,54.1,IZLE,,25,63215.6,,,,,SEVIYE,50,506.4,51,,,,,,,1785247620,2,0,,29,506.4,28,,,
29816,2026-07-28 14:09:01.790016+00,63203.350000000006,5884318.489241289,2094777.3499999996,11736407102.4208,0.000009425999999999998,50371622.67323004,28386.0907,61.6,BEKLE,false,14536.046,13850.044699999999,1.8719,0,49988447.363560066,241.76,61.6,0.0,"[{""usdt"": 17265736.0, ""borsa"": 3, ""fiyat"": 63150.0, ""kaynak"": ""BNB+BYB+OKX""}, {""usdt"": 11256106.0, ""borsa"": 1, ""fiyat"": 63100.0, ""kaynak"": ""BNB""}, {""usdt"": 7338911.0, ""borsa"": 1, ""fiyat"": 63125.0, ""kaynak"": ""BNB""}]","[{""usdt"": 13065404.0, ""borsa"": 3, ""fiyat"": 63200.0, ""kaynak"": ""BNB+BYB+OKX""}, {""usdt"": 9709940.0, ""borsa"": 1, ""fiyat"": 63250.0, ""kaynak"": ""BNB""}, {""usdt"": 8461895.0, ""borsa"": 1, ""fiyat"": 63275.0, ""kaynak"": ""BNB""}]",YOK,0.0956,0.0038,0.343,1.0145,false,0,false,,1,0,3,0,1,3,49.6,50.7,IZLE,,25,63215.6,,,,,SEVIYE,50,507.4,51,,,,,,,1785247680,2,0,,29,507.4,28,,,
29817,2026-07-28 14:10:02.413377+00,63166.850000000006,5816044.288746192,2145041.7989999996,11732438922.117802,0.000009425999999999998,50679890.90004996,28383.9057,45.5,BEKLE,true,14533.861,13850.044699999999,1.8719,60.252,50568296.651409976,302.012,45.5,0.0,"[{""usdt"": 11874130.0, ""borsa"": 1, ""fiyat"": 63150.0, ""kaynak"": ""BNB""}, {""usdt"": 10628556.0, ""borsa"": 3, ""fiyat"": 63175.0, ""kaynak"": ""BNB+BYB+OKX""}, {""usdt"": 8760243.0, ""borsa"": 1, ""fiyat"": 63100.0, ""kaynak"": ""BNB""}]","[{""usdt"": 12193089.0, ""borsa"": 3, ""fiyat"": 63200.0, ""kaynak"": ""BNB+BYB+OKX""}, {""usdt"": 12084594.0, ""borsa"": 1, ""fiyat"": 63275.0, ""kaynak"": ""BNB""}, {""usdt"": 10121777.0, ""borsa"": 3, ""fiyat"": 63225.0, ""kaynak"": ""BNB+BYB+OKX""}]",YOK,0.0553,0.0011,0.479,0.1525,false,0,false,7.0533,0,0,3,0,0,3,46,47.1,IZLE,,25,63178.3,,,,,SEVIYE,100,508.4,51,,,,,,,1785247680,2,0,,29,508.4,28,,,
29818,2026-07-28 14:11:02.758415+00,63200.05,4866647.4731457895,49124.909999999996,11733927845.4702,0.000009425999999999998,46316679.84096996,21744.4894,48.7,BEKLE,false,14533.861,7210.6284,1.8719,60.67,49828868.294290006,362.682,48.7,0.0,"[{""usdt"": 13749858.0, ""borsa"": 3, ""fiyat"": 63125.0, ""kaynak"": ""BNB+BYB+OKX""}, {""usdt"": 10350038.0, ""borsa"": 3, ""fiyat"": 63150.0, ""kaynak"": ""BNB+BYB+OKX""}, {""usdt"": 9081292.0, ""borsa"": 1, ""fiyat"": 63100.0, ""kaynak"": ""BNB""}]","[{""usdt"": 11678799.0, ""borsa"": 3, ""fiyat"": 63175.0, ""kaynak"": ""BNB+BYB+OKX""}, {""usdt"": 10437522.0, ""borsa"": 1, ""fiyat"": 63275.0, ""kaynak"": ""BNB""}, {""usdt"": 9214469.0, ""borsa"": 1, ""fiyat"": 63250.0, ""kaynak"": ""BNB""}]",YOK,0.0337,-0.0365,0.0123,0.6028,false,0,false,,0,1,3,0,0,3,42.8,43.9,IZLE,,25,63215.6,,,,,SEVIYE,50,509.4,51,,,,,,,1785247680,2,0,,29,509.4,28,,,
29819,2026-07-28 14:12:03.175481+00,63265.75,5203007.547069592,195755.167,11740891137.7871,0.000009425999999999998,44144697.46269003,18643.8305,55.6,BEKLE,false,14533.861,4109.9695,1.8818,0,50220495.97363995,423.033,55.6,0.0,"[{""usdt"": 10918993.0, ""borsa"": 3, ""fiyat"": 63200.0, ""kaynak"": ""BNB+BYB+OKX""}, {""usdt"": 9195155.0, ""borsa"": 1, ""fiyat"": 63125.0, ""kaynak"": ""BNB""}, {""usdt"": 8456015.0, ""borsa"": 1, ""fiyat"": 63150.0, ""kaynak"": ""BNB""}]","[{""usdt"": 11593252.0, ""borsa"": 3, ""fiyat"": 63250.0, ""kaynak"": ""BNB+BYB+OKX""}, {""usdt"": 10888425.0, ""borsa"": 1, ""fiyat"": 63275.0, ""kaynak"": ""BNB""}, {""usdt"": 10700101.0, ""borsa"": 1, ""fiyat"": 63300.0, ""kaynak"": ""BNB""}]",YOK,0.0489,-0.0644,0.1196,0.0465,true,0,false,,0,0,3,1,0,3,39.3,40.4,IZLE,,25,63269,,,,,SEVIYE,75,510.4,51,,,,,,,1785247680,2,0,,29,510.4,28,,,
29820,2026-07-28 14:13:03.485652+00,63206.55,5203007.547069592,195755.167,11740891137.7871,0.000009425999999999998,48292069.59981003,18643.8305,59.4,BEKLE,false,14533.861,4109.9695,1.8818,60.42,49537359.479819976,483.453,59.4,0.0,"[{""usdt"": 13537267.0, ""borsa"": 3, ""fiyat"": 63200.0, ""kaynak"": ""BNB+BYB+OKX""}, {""usdt"": 9605180.0, ""borsa"": 1, ""fiyat"": 63150.0, ""kaynak"": ""BNB""}, {""usdt"": 7960214.0, ""borsa"": 1, ""fiyat"": 63125.0, ""kaynak"": ""BNB""}]","[{""usdt"": 11049747.0, ""borsa"": 1, ""fiyat"": 63300.0, ""kaynak"": ""BNB""}, {""usdt"": 10638433.0, ""borsa"": 3, ""fiyat"": 63250.0, ""kaynak"": ""BNB+BYB+OKX""}, {""usdt"": 9436023.0, ""borsa"": 1, ""fiyat"": 63275.0, ""kaynak"": ""BNB""}]",YOK,0.1267,-0.0127,0.1172,0.3147,false,0,false,,0,0,3,1,0,3,35.8,36.9,IZLE,,25,63195.7,,,,,SEVIYE,100,511.4,52,,,,,,,1785247680,2,0,,30,511.4,28,,,
29821,2026-07-28 14:14:03.99696+00,63194.55,4574140.127564492,-1898025.5809999998,11743440178.456,0.000009425999999999998,48298972.121310025,0.0,55.8,BEKLE,,0.0,0.0,1.8818,60.265,53119857.64262002,543.718,55.8,0.0,"[{""usdt"": 13878191.0, ""borsa"": 3, ""fiyat"": 63200.0, ""kaynak"": ""BNB+BYB+OKX""}, {""usdt"": 8882357.0, ""borsa"": 1, ""fiyat"": 63100.0, ""kaynak"": ""BNB""}, {""usdt"": 8616717.0, ""borsa"": 1, ""fiyat"": 63125.0, ""kaynak"": ""BNB""}]","[{""usdt"": 11806351.0, ""borsa"": 3, ""fiyat"": 63225.0, ""kaynak"": ""BNB+BYB+OKX""}, {""usdt"": 11410232.0, ""borsa"": 3, ""fiyat"": 63250.0, ""kaynak"": ""BNB+BYB+OKX""}, {""usdt"": 11132897.0, ""borsa"": 1, ""fiyat"": 63275.0, ""kaynak"": ""BNB""}]",YOK,0.0944,-0.0475,0.1438,0.08,false,0,false,,1,0,3,1,0,3,32.1,33.4,IZLE,,25,63195.7,,,,,SEVIYE,100,512.4,52,,,,,,,,,0,,30,512.4,28,,,
29822,2026-07-28 14:15:04.360598+00,63144.55,4203912.478282091,-12778517.094999999,11749067411.7558,0.000009425999999999998,47763843.66898998,0.0,51.6,BEKLE,true,0.0,0.0,1.8818,0,45044440.21168003,60.543,51.6,0.0,"[{""usdt"": 14239703.0, ""borsa"": 3, ""fiyat"": 63125.0, ""kaynak"": ""BNB+BYB+OKX""}, {""usdt"": 13531134.0, ""borsa"": 2, ""fiyat"": 63100.0, ""kaynak"": ""BNB+BYB""}, {""usdt"": 7533777.0, ""borsa"": 1, ""fiyat"": 63075.0, ""kaynak"": ""BNB""}]","[{""usdt"": 11517050.0, ""borsa"": 3, ""fiyat"": 63150.0, ""kaynak"": ""BNB+BYB+OKX""}, {""usdt"": 10081710.0, ""borsa"": 1, ""fiyat"": 63250.0, ""kaynak"": ""BNB""}, {""usdt"": 7306279.0, ""borsa"": 1, ""fiyat"": 63200.0, ""kaynak"": ""BNB""}]",YOK,0.0745,0.0293,0.0524,0.0601,false,1.2425,false,,1,0,3,0,0,3,28.8,29.8,IZLE,,25,63153.7,,,,,SEVIYE,70,513.4,52,,,,,,,,,0,,30,513.4,28,,,
29823,2026-07-28 14:16:04.987926+00,63065.649999999994,1255279.2230335025,-14362352.760000002,11749767948.5817,0.000009425999999999998,46836134.95744997,2020.112,0.0,BEKLE,,2020.112,0.0,1.8818,0,44874296.82302998,60.391,0.0,0.0,"[{""usdt"": 12019874.0, ""borsa"": 2, ""fiyat"": 63050.0, ""kaynak"": ""BNB+BYB""}, {""usdt"": 10345655.0, ""borsa"": 1, ""fiyat"": 63000.0, ""kaynak"": ""BNB""}, {""usdt"": 10337602.0, ""borsa"": 3, ""fiyat"": 63075.0, ""kaynak"": ""BNB+BYB+OKX""}]","[{""usdt"": 15662321.0, ""borsa"": 3, ""fiyat"": 63100.0, ""kaynak"": ""BNB+BYB+OKX""}, {""usdt"": 7852093.0, ""borsa"": 1, ""fiyat"": 63175.0, ""kaynak"": ""BNB""}, {""usdt"": 6822048.0, ""borsa"": 1, ""fiyat"": 63200.0, ""kaynak"": ""BNB""}]",YOK,-0.0646,0.0214,0.1137,0.3505,false,1.5545,false,,1,1,3,0,0,3,25.3,26.4,IZLE,,25,63086.4,,,,,SEVIYE,70,514.4,52,,,,,,,1785248040,1,0,,30,514.4,28,,,
29824,2026-07-28 14:17:06.312993+00,62999.850000000006,28361.11535450349,-14401976.998,11735932622.042198,0.000009425999999999998,52116513.05503999,70595.0288,0.0,BEKLE,,70595.0288,0.0,1.8818,61.549,47394766.77024001,0,0.0,0.0,"[{""usdt"": 16178866.0, ""borsa"": 3, ""fiyat"": 62975.0, ""kaynak"": ""BNB+BYB+OKX""}, {""usdt"": 12821250.0, ""borsa"": 3, ""fiyat"": 63000.0, ""kaynak"": ""BNB+BYB+OKX""}, {""usdt"": 9398615.0, ""borsa"": 1, ""fiyat"": 62925.0, ""kaynak"": ""BNB""}]","[{""usdt"": 14035210.0, ""borsa"": 3, ""fiyat"": 63025.0, ""kaynak"": ""BNB+BYB+OKX""}, {""usdt"": 7890538.0, ""borsa"": 1, ""fiyat"": 63100.0, ""kaynak"": ""BNB""}, {""usdt"": 7806336.0, ""borsa"": 1, ""fiyat"": 63125.0, ""kaynak"": ""BNB""}]",YOK,-0.1506,0.0474,0.1536,0.6532,false,1.5659,false,,0,2,3,0,1,3,23,24.1,IZLE,,25,62985.4,,,,,SEVIYE,95,515.4,52,,,,,,,1785248100,1,0,,30,515.4,28,,,
29825,2026-07-28 14:18:06.776626+00,63014.649999999994,-110720.451654595,-14596573.837,11727935016.7826,0.000009425999999999998,45548140.456320025,109969.90190000001,0.0,BEKLE,,106819.9119,3149.9900000000002,1.8769,60.348,50915723.32859,0,0.0,0.0,"[{""usdt"": 13350979.0, ""borsa"": 3, ""fiyat"": 62975.0, ""kaynak"": ""BNB+BYB+OKX""}, {""usdt"": 9591166.0, ""borsa"": 1, ""fiyat"": 62900.0, ""kaynak"": ""BNB""}, {""usdt"": 8365090.0, ""borsa"": 1, ""fiyat"": 62925.0, ""kaynak"": ""BNB""}]","[{""usdt"": 12675298.0, ""borsa"": 3, ""fiyat"": 63025.0, ""kaynak"": ""BNB+BYB+OKX""}, {""usdt"": 9955566.0, ""borsa"": 1, ""fiyat"": 63100.0, ""kaynak"": ""BNB""}, {""usdt"": 9026528.0, ""borsa"": 1, ""fiyat"": 63050.0, ""kaynak"": ""BNB""}]",YOK,-0.1358,-0.0556,0.1553,0.4647,false,1.4623,false,,0,2,3,0,0,3,19.5,20.6,IZLE,,50,62985.4,,,,,SEVIYE+TASFIYE,95,516.4,52,,,,,,,1785248160,2,0,,30,516.4,28,,,
29826,2026-07-28 14:19:07.996229+00,62956.850000000006,-303367.6718669984,-14744203.378,11730967662.0268,0.000009425999999999998,45972452.19104998,109969.90190000001,0.0,BEKLE,,106819.9119,3149.9900000000002,1.8769,121.744,48470796.130889945,61.396,0.0,0.0,"[{""usdt"": 12686652.0, ""borsa"": 3, ""fiyat"": 62950.0, ""kaynak"": ""BNB+BYB+OKX""}, {""usdt"": 11877264.0, ""borsa"": 1, ""fiyat"": 62900.0, ""kaynak"": ""BNB""}, {""usdt"": 6657528.0, ""borsa"": 1, ""fiyat"": 62875.0, ""kaynak"": ""BNB""}]","[{""usdt"": 16744518.0, ""borsa"": 3, ""fiyat"": 63000.0, ""kaynak"": ""BNB+BYB+OKX""}, {""usdt"": 8875316.0, ""borsa"": 1, ""fiyat"": 63050.0, ""kaynak"": ""BNB""}, {""usdt"": 7707555.0, ""borsa"": 1, ""fiyat"": 63075.0, ""kaynak"": ""BNB""}]",YOK,-0.1203,-0.0265,0.1627,0.6571,false,0.9453,false,,0,1,3,0,0,3,16.8,17.8,IZLE,,50,62951.8,,,,,SEVIYE+TASFIYE,85,517.5,52,,,,,,,1785248160,2,1,,30,517.5,28,,,
29827,2026-07-28 14:20:08.581092+00,62968.149999999994,-2055665.972048803,-15033925.158,11727800404.822998,0.000009425999999999998,47020017.46254999,131252.2049,0.0,BEKLE,,128102.2149,3149.9900000000002,1.8769,182.057,50515365.19112001,121.709,0.0,0.0,"[{""usdt"": 11806383.0, ""borsa"": 3, ""fiyat"": 62925.0, ""kaynak"": ""BNB+BYB+OKX""}, {""usdt"": 9223449.0, ""borsa"": 1, ""fiyat"": 62900.0, ""kaynak"": ""BNB""}, {""usdt"": 9058456.0, ""borsa"": 1, ""fiyat"": 62875.0, ""kaynak"": ""BNB""}]","[{""usdt"": 15850928.0, ""borsa"": 3, ""fiyat"": 62975.0, ""kaynak"": ""BNB+BYB+OKX""}, {""usdt"": 8469024.0, ""borsa"": 1, ""fiyat"": 63025.0, ""kaynak"": ""BNB""}, {""usdt"": 8004745.0, ""borsa"": 1, ""fiyat"": 63075.0, ""kaynak"": ""BNB""}]",YOK,-0.1847,-0.0358,0.5869,1.3714,false,0.8803,false,,0,2,3,0,0,3,13.2,14.3,IZLE,,50,62951.8,,,,,SEVIYE+TASFIYE,85,518.5,52,,,,,,,1785248280,2,0,,30,518.5,28,,,
29828,2026-07-28 14:22:29.034998+00,63057.350000000006,-3845450.366056406,-14510776.029,11747536764.382599,0.000009425999999999998,45164642.05972998,24689.970800000003,25.7,BEKLE,true,23554.388600000002,1135.5821999999998,1.8678,0,45827648.62816998,0,25.7,0.0,"[{""usdt"": 12807447.0, ""borsa"": 3, ""fiyat"": 63075.0, ""kaynak"": ""BNB+BYB+OKX""}, {""usdt"": 9020852.0, ""borsa"": 1, ""fiyat"": 63025.0, ""kaynak"": ""BNB""}, {""usdt"": 8975899.0, ""borsa"": 3, ""fiyat"": 63100.0, ""kaynak"": ""BNB+BYB+OKX""}]","[{""usdt"": 10009585.0, ""borsa"": 3, ""fiyat"": 63125.0, ""kaynak"": ""BNB+BYB+OKX""}, {""usdt"": 8366153.0, ""borsa"": 1, ""fiyat"": 63175.0, ""kaynak"": ""BNB""}, {""usdt"": 8021216.0, ""borsa"": 1, ""fiyat"": 63200.0, ""kaynak"": ""BNB""}]",YOK,0.0255,-0.0073,0.9488,1.1799,false,1.7389,false,,1,0,3,0,1,3,26.2,27.3,IZLE,,25,63095.8,,,,,SEVIYE,90,520.8,53,,,,,,,1785248460,1,0,,28,520.8,25,,,
29829,2026-07-28 14:23:29.368907+00,63103.850000000006,-4436283.689459007,-14675553.275999999,11746937313.543999,0.000009425999999999998,43767730.819930024,1387.5557999999999,20.0,BEKLE,true,251.9736,1135.5821999999998,1.8678,0,48205985.929740004,60.354,20.0,0.0,"[{""usdt"": 13437561.0, ""borsa"": 3, ""fiyat"": 63000.0, ""kaynak"": ""BNB+BYB+OKX""}, {""usdt"": 7862268.0, ""borsa"": 1, ""fiyat"": 62950.0, ""kaynak"": ""BNB""}, {""usdt"": 7451553.0, ""borsa"": 3, ""fiyat"": 63025.0, ""kaynak"": ""BNB+BYB+OKX""}]","[{""usdt"": 17218352.0, ""borsa"": 3, ""fiyat"": 63050.0, ""kaynak"": ""BNB+BYB+OKX""}, {""usdt"": 8347641.0, ""borsa"": 1, ""fiyat"": 63125.0, ""kaynak"": ""BNB""}, {""usdt"": 6899249.0, ""borsa"": 1, ""fiyat"": 63150.0, ""kaynak"": ""BNB""}]",YOK,-0.0503,-0.0483,0.9661,1.6687,false,2.0836,false,,0,0,3,0,1,3,22.4,23.5,IZLE,,25,63095.8,,,,,SEVIYE,90,521.8,53,,,,,,,1785248460,1,0,,28,521.8,25,,,
29830,2026-07-28 14:24:30.127055+00,63190.55,-3680785.4757588115,-14026737.207999999,11767570529.256,0.000009425999999999998,45806432.89699005,113035.8609,0.0,BEKLE,,251.9736,112783.8873,1.8678,0,48793158.712939985,0,0.0,0.0,"[{""usdt"": 12036619.0, ""borsa"": 3, ""fiyat"": 63125.0, ""kaynak"": ""BNB+BYB+OKX""}, {""usdt"": 9709387.0, ""borsa"": 1, ""fiyat"": 63075.0, ""kaynak"": ""BNB""}, {""usdt"": 7016654.0, ""borsa"": 1, ""fiyat"": 63100.0, ""kaynak"": ""BNB""}]","[{""usdt"": 13244438.0, ""borsa"": 3, ""fiyat"": 63175.0, ""kaynak"": ""BNB+BYB+OKX""}, {""usdt"": 11706941.0, ""borsa"": 1, ""fiyat"": 63225.0, ""kaynak"": ""BNB""}, {""usdt"": 10056242.0, ""borsa"": 1, ""fiyat"": 63250.0, ""kaynak"": ""BNB""}]",YOK,0.0577,-0.0316,0.7103,4.1204,false,1.9841,false,,2,0,3,0,0,3,18.8,19.9,IZLE,,25,63181.1,,,,,SEVIYE,100,522.8,53,,,,,,,1785248640,1,0,,28,522.8,25,,,
29831,2026-07-28 14:25:30.591738+00,63174.55,-3669960.95056051,894328.1580000002,11764912232.447199,0.000009425999999999998,51535112.13514003,117076.61520000001,0.0,BEKLE,,0.0,117076.61520000001,1.8678,60.897,50033362.00436998,60.897,0.0,0.0,"[{""usdt"": 16869857.0, ""borsa"": 3, ""fiyat"": 63150.0, ""kaynak"": ""BNB+BYB+OKX""}, {""usdt"": 7830298.0, ""borsa"": 1, ""fiyat"": 63075.0, ""kaynak"": ""BNB""}, {""usdt"": 7231360.0, ""borsa"": 1, ""fiyat"": 63100.0, ""kaynak"": ""BNB""}]","[{""usdt"": 14032618.0, ""borsa"": 3, ""fiyat"": 63200.0, ""kaynak"": ""BNB+BYB+OKX""}, {""usdt"": 10938490.0, ""borsa"": 1, ""fiyat"": 63275.0, ""kaynak"": ""BNB""}, {""usdt"": 9836831.0, ""borsa"": 1, ""fiyat"": 63250.0, ""kaynak"": ""BNB""}]",SPOT,0.1675,0.0148,0.0501,0.5373,false,,false,0.1265,2,0,3,0,0,3,15.7,16.8,IZLE,,25,63181.1,,,,,SEVIYE,100,523.8,53,,,,,,,1785248640,1,0,,28,523.8,25,,,
29832,2026-07-28 14:26:31.118193+00,63159.45,-2850091.030524611,350665.3560000001,11758802151.496899,0.000009425999999999998,44001246.723199986,115941.03300000001,0.0,BEKLE,,0.0,115941.03300000001,1.8686,0,49889778.64255004,121.284,0.0,0.0,"[{""usdt"": 12050871.0, ""borsa"": 3, ""fiyat"": 63100.0, ""kaynak"": ""BNB+BYB+OKX""}, {""usdt"": 9474729.0, ""borsa"": 3, ""fiyat"": 63125.0, ""kaynak"": ""BNB+BYB+OKX""}, {""usdt"": 7761781.0, ""borsa"": 1, ""fiyat"": 63025.0, ""kaynak"": ""BNB""}]","[{""usdt"": 12950562.0, ""borsa"": 3, ""fiyat"": 63150.0, ""kaynak"": ""BNB+BYB+OKX""}, {""usdt"": 10471760.0, ""borsa"": 1, ""fiyat"": 63250.0, ""kaynak"": ""BNB""}, {""usdt"": 9762346.0, ""borsa"": 1, ""fiyat"": 63225.0, ""kaynak"": ""BNB""}]",YOK,0.0183,-0.0627,0.0474,0.5101,false,,false,0.0112,0,0,3,0,0,3,12.2,13.3,IZLE,,25,63181.1,,,,,SEVIYE,100,524.9,53,,,,,,,1785248640,1,0,,28,524.9,25,,,
29833,2026-07-28 14:27:31.373965+00,63194.75,-2683777.379999211,382741.57699999993,11769016007.4268,0.000009425999999999998,49603555.66593003,115941.03300000001,0.0,BEKLE,,0.0,115941.03300000001,1.8686,0,53952224.19143996,181.695,0.0,0.0,"[{""usdt"": 17563466.0, ""borsa"": 3, ""fiyat"": 63175.0, ""kaynak"": ""BNB+BYB+OKX""}, {""usdt"": 8990273.0, ""borsa"": 3, ""fiyat"": 63150.0, ""kaynak"": ""BNB+BYB+OKX""}, {""usdt"": 8868670.0, ""borsa"": 1, ""fiyat"": 63100.0, ""kaynak"": ""BNB""}]","[{""usdt"": 14791654.0, ""borsa"": 3, ""fiyat"": 63200.0, ""kaynak"": ""BNB+BYB+OKX""}, {""usdt"": 10263282.0, ""borsa"": 1, ""fiyat"": 63275.0, ""kaynak"": ""BNB""}, {""usdt"": 10090034.0, ""borsa"": 1, ""fiyat"": 63300.0, ""kaynak"": ""BNB""}]",YOK,0.1273,-0.042,0.039,0.3865,false,,false,0.0119,2,0,3,0,0,3,8.7,9.8,IZLE,,25,63181.1,,,,,SEVIYE,100,525.9,53,,,,,,,1785248640,1,1,,28,525.9,25,,,
29834,2026-07-28 14:28:31.789153+00,63140.25,-2683777.379999211,382741.57699999993,11769016007.4268,0.000009425999999999998,45829669.35095001,115941.03300000001,54.4,BEKLE,false,0.0,115941.03300000001,1.8686,0,50250474.93425005,242.062,0.0,54.4,"[{""usdt"": 12379618.0, ""borsa"": 3, ""fiyat"": 63125.0, ""kaynak"": ""BNB+BYB+OKX""}, {""usdt"": 9707807.0, ""borsa"": 2, ""fiyat"": 63100.0, ""kaynak"": ""BNB+BYB""}, {""usdt"": 7922763.0, ""borsa"": 1, ""fiyat"": 63050.0, ""kaynak"": ""BNB""}]","[{""usdt"": 11836196.0, ""borsa"": 3, ""fiyat"": 63150.0, ""kaynak"": ""BNB+BYB+OKX""}, {""usdt"": 10997949.0, ""borsa"": 1, ""fiyat"": 63225.0, ""kaynak"": ""BNB""}, {""usdt"": 9699749.0, ""borsa"": 1, ""fiyat"": 63250.0, ""kaynak"": ""BNB""}]",YOK,0.0578,-0.046,0.0572,0.0993,false,,false,0.1127,0,0,3,0,0,3,5.2,6.3,IZLE,,25,63181.1,,,,,SEVIYE,100,526.9,53,,,,,,,1785248640,1,1,,28,526.9,25,,,
29835,2026-07-28 14:29:32.205292+00,63166.25,-2877658.0750862113,273940.13800000004,11760740667.8492,0.000009425999999999998,41693095.30645001,106850.32260000001,67.1,BEKLE,false,0.0,106850.32260000001,1.8686,0,53744531.328849964,302.496,0.0,67.1,"[{""usdt"": 10260549.0, ""borsa"": 3, ""fiyat"": 63150.0, ""kaynak"": ""BNB+BYB+OKX""}, {""usdt"": 9686719.0, ""borsa"": 2, ""fiyat"": 63125.0, ""kaynak"": ""BNB+OKX""}, {""usdt"": 9247958.0, ""borsa"": 1, ""fiyat"": 63100.0, ""kaynak"": ""BNB""}]","[{""usdt"": 12140633.0, ""borsa"": 1, ""fiyat"": 63250.0, ""kaynak"": ""BNB""}, {""usdt"": 9670247.0, ""borsa"": 1, ""fiyat"": 63225.0, ""kaynak"": ""BNB""}, {""usdt"": 9631203.0, ""borsa"": 2, ""fiyat"": 63200.0, ""kaynak"": ""BNB+BYB""}]",YOK,0.0615,-0.1263,0.0284,0.0718,false,,false,0.6187,0,0,3,0,1,3,1.8,63.6,IZLE,,50,63181.1,,,,,SEVIYE+TASFIYE,100,527.9,53,,,,,,,1785248820,1,0,,28,527.9,25,,,
29836,2026-07-28 14:30:33.570651+00,63192.95,-2230584.371637611,1668884.3129999996,11767544433.868599,0.000009425999999999998,49667323.87661995,505.16179999999997,42.1,BEKLE,false,126.2822,378.8796,1.8686,61.215,55398986.684719935,363.711,0.0,42.1,"[{""usdt"": 15747759.0, ""borsa"": 3, ""fiyat"": 63150.0, ""kaynak"": ""BNB+BYB+OKX""}, {""usdt"": 9941804.0, ""borsa"": 3, ""fiyat"": 63175.0, ""kaynak"": ""BNB+BYB+OKX""}, {""usdt"": 7834093.0, ""borsa"": 1, ""fiyat"": 63100.0, ""kaynak"": ""BNB""}]","[{""usdt"": 12214532.0, ""borsa"": 1, ""fiyat"": 63275.0, ""kaynak"": ""BNB""}, {""usdt"": 10296258.0, ""borsa"": 1, ""fiyat"": 63225.0, ""kaynak"": ""BNB""}, {""usdt"": 10259279.0, ""borsa"": 1, ""fiyat"": 63300.0, ""kaynak"": ""BNB""}]",YOK,0.0615,-0.0546,0.4918,0.5253,false,,false,0.8031,0,0,3,0,1,3,63,61.5,IZLE,,25,63181.1,,,,,SEVIYE,100,528.9,53,,,,,,,1785248880,1,0,,28,528.9,25,,,
29837,2026-07-28 14:31:33.911537+00,63168.75,1265166.2017939882,2846721.1499999994,11772597504.4022,0.000009425999999999998,49194646.033419944,505.16179999999997,74.1,BEKLE,false,126.2822,378.8796,1.8686,121.69,55909156.39085994,424.186,0.0,74.1,"[{""usdt"": 17323861.0, ""borsa"": 3, ""fiyat"": 63175.0, ""kaynak"": ""BNB+BYB+OKX""}, {""usdt"": 7834093.0, ""borsa"": 1, ""fiyat"": 63100.0, ""kaynak"": ""BNB""}, {""usdt"": 7238916.0, ""borsa"": 1, ""fiyat"": 63150.0, ""kaynak"": ""BNB""}]","[{""usdt"": 13997645.0, ""borsa"": 3, ""fiyat"": 63225.0, ""kaynak"": ""BNB+BYB+OKX""}, {""usdt"": 12214532.0, ""borsa"": 1, ""fiyat"": 63275.0, ""kaynak"": ""BNB""}, {""usdt"": 11455235.0, ""borsa"": 3, ""fiyat"": 63200.0, ""kaynak"": ""BNB+BYB+OKX""}]",YOK,0.0938,-0.0639,0.462,0.0872,false,,false,0.5133,2,0,3,0,0,3,59.6,60.7,IZLE,,25,63181.1,,,,,SEVIYE,100,529.9,53,,,,,,,1785248880,1,1,,28,529.9,25,,,
29838,2026-07-28 14:32:34.466926+00,63160.45,831099.6951208883,2510400.6210000003,11770891097.737,0.000009425999999999998,47876147.09978995,505.16179999999997,62.7,BEKLE,false,126.2822,378.8796,1.8686,182.169,47798521.22546002,484.665,0.0,62.7,"[{""usdt"": 12150223.0, ""borsa"": 3, ""fiyat"": 63150.0, ""kaynak"": ""BNB+BYB+OKX""}, {""usdt"": 11394920.0, ""borsa"": 2, ""fiyat"": 63125.0, ""kaynak"": ""BNB+BYB""}, {""usdt"": 9237200.0, ""borsa"": 1, ""fiyat"": 63100.0, ""kaynak"": ""BNB""}]","[{""usdt"": 11595142.0, ""borsa"": 3, ""fiyat"": 63175.0, ""kaynak"": ""BNB+BYB+OKX""}, {""usdt"": 10719603.0, ""borsa"": 1, ""fiyat"": 63250.0, ""kaynak"": ""BNB""}, {""usdt"": 9315177.0, ""borsa"": 3, ""fiyat"": 63200.0, ""kaynak"": ""BNB+BYB+OKX""}]",YOK,0.0865,0.0008,0.4605,0.3792,false,,false,0.4698,0,0,3,0,1,3,56.2,57.3,IZLE,,25,63187.7,,,,,SEVIYE,100,530.9,54,,,,,,,1785248880,1,2,,27,530.9,25,,,