id,kayit_zamani,anlik_fiyat,spot_cvd,vadeli_cvd,open_interest,funding_rate,order_book_depth_bid_1pct,liquidation_pool_volume,guven_skoru,sinyal_durumu,is_win,agg_long_liq,agg_short_liq,long_short_ratio,en_olgun_emir_yasi_sn,order_book_depth_ask_1pct,en_olgun_ask_yasi_sn,long_skor,short_skor,yakin_likidite_bid,yakin_likidite_ask,emilim_borsasi,spot_egilim,perp_egilim,emilim_spot_pay,emilim_esnekligi,satici_tukenmesi,sonme_orani,alici_tukenmesi,alici_sonme_orani,spot_bid_agir_sayi,spot_ask_agir_sayi,spot_borsa_sayisi,perp_bid_agir_sayi,perp_ask_agir_sayi,perp_borsa_sayisi,spot_ob_yasi_sn,perp_ob_yasi_sn,swing_kademe,swing_yon,swing_skor,swing_seviye,swing_kisa_hedef,swing_uzun_hedef,swing_stop,swing_rr,swing_tetik,seviye_guc,seviye_yasi_dk,seviye_yenileme_sayisi,delme_min_belirleyen,delme_atr_kati,lik_yog_yon,lik_yog_ters,lik_iki_tarafli,mum_ici_konum,lik_pencere_damgasi,lik_borsa_sayisi,lik_donma_sayaci,swing_rr_kisa,harita_seviye_sayisi,harita_medyan_yas_dk,harita_grab_uygun,golge_yon,golge_kapi,golge_skor
31839,2026-07-30 00:10:57.437352+00,64000.05,2324000.4671843,520657.22,11759104822.532398,0.00007677000000000001,43350033.814280026,0.0,18.8,BEKLE,true,0.0,0.0,1.5615,542.86,46700318.89598998,301.402,0.0,18.8,"[{""usdt"": 11104358.0, ""borsa"": 3, ""fiyat"": 64000.0, ""kaynak"": ""BNB+BYB+OKX""}, {""usdt"": 8672777.0, ""borsa"": 3, ""fiyat"": 63975.0, ""kaynak"": ""BNB+BYB+OKX""}, {""usdt"": 8662918.0, ""borsa"": 1, ""fiyat"": 63925.0, ""kaynak"": ""BNB""}]","[{""usdt"": 17015866.0, ""borsa"": 3, ""fiyat"": 64025.0, ""kaynak"": ""BNB+BYB+OKX""}, {""usdt"": 7855954.0, ""borsa"": 1, ""fiyat"": 64075.0, ""kaynak"": ""BNB""}, {""usdt"": 7156277.0, ""borsa"": 1, ""fiyat"": 64125.0, ""kaynak"": ""BNB""}]",SPOT,0.1794,-0.0372,0.7551,0.9723,true,0,false,,2,0,3,0,2,3,18.3,19.4,HAZIRLAN,LONG,50,64011.2,64011.2,65000,63940.3,16.74,SEVIYE+EMILIM,65,2549.3,255,,,,,,,,,0,0.19,22,1437.7,22,,,
31840,2026-07-30 00:11:57.655133+00,64034.95,2068047.8956135993,643088.4640000002,11755937378.9245,0.00007677000000000001,46009529.99872999,4223.989,23.8,BEKLE,true,4223.989,0.0,1.5628,603.162,54779360.59672001,361.704,0.0,23.8,"[{""usdt"": 11534626.0, ""borsa"": 3, ""fiyat"": 64000.0, ""kaynak"": ""BNB+BYB+OKX""}, {""usdt"": 9365699.0, ""borsa"": 1, ""fiyat"": 63950.0, ""kaynak"": ""BNB""}, {""usdt"": 8582170.0, ""borsa"": 3, ""fiyat"": 64025.0, ""kaynak"": ""BNB+BYB+OKX""}]","[{""usdt"": 22150698.0, ""borsa"": 3, ""fiyat"": 64050.0, ""kaynak"": ""BNB+BYB+OKX""}, {""usdt"": 9440623.0, ""borsa"": 1, ""fiyat"": 64100.0, ""kaynak"": ""BNB""}, {""usdt"": 8166126.0, ""borsa"": 1, ""fiyat"": 64075.0, ""kaynak"": ""BNB""}]",SPOT,0.1861,-0.087,,,true,0,false,,1,0,3,0,1,3,14.8,15.9,IZLE,,25,64011.2,,,,,SEVIYE,65,2550.3,255,,,,,,,1785370200,2,0,,22,1438.7,22,,,
31841,2026-07-30 00:12:57.997523+00,64032.350000000006,2954441.1840399997,649526.897,11761884776.7616,0.00007677000000000001,44695898.05472004,9223.9954,17.5,BEKLE,true,4223.9954,5000.0,1.5628,663.389,49977934.16182,421.931,0.0,17.5,"[{""usdt"": 12358081.0, ""borsa"": 3, ""fiyat"": 63975.0, ""kaynak"": ""BNB+BYB+OKX""}, {""usdt"": 9347936.0, ""borsa"": 1, ""fiyat"": 63950.0, ""kaynak"": ""BNB""}, {""usdt"": 8597919.0, ""borsa"": 1, ""fiyat"": 63925.0, ""kaynak"": ""BNB""}]","[{""usdt"": 18581235.0, ""borsa"": 3, ""fiyat"": 64025.0, ""kaynak"": ""BNB+BYB+OKX""}, {""usdt"": 11008193.0, ""borsa"": 1, ""fiyat"": 64100.0, ""kaynak"": ""BNB""}, {""usdt"": 7008062.0, ""borsa"": 1, ""fiyat"": 64050.0, ""kaynak"": ""BNB""}]",SPOT,0.156,-0.0558,0.8245,1.2375,true,0,false,,1,0,3,0,1,3,11.2,12.3,IZLE,,25,64011.2,,,,,SEVIYE,65,2551.3,255,,,,,,,1785370260,3,0,,22,1439.8,22,,,
31842,2026-07-30 00:13:58.316157+00,64060.149999999994,3053676.5617734985,663905.6690000001,11762067693.835701,0.00007677000000000001,50626732.327680044,9223.9954,15.8,BEKLE,true,4223.9954,5000.0,1.5628,723.789,42283869.69742998,482.331,0.0,15.8,"[{""usdt"": 15166234.0, ""borsa"": 3, ""fiyat"": 64050.0, ""kaynak"": ""BNB+BYB+OKX""}, {""usdt"": 9050479.0, ""borsa"": 1, ""fiyat"": 63975.0, ""kaynak"": ""BNB""}, {""usdt"": 8602365.0, ""borsa"": 1, ""fiyat"": 63950.0, ""kaynak"": ""BNB""}]","[{""usdt"": 12845072.0, ""borsa"": 3, ""fiyat"": 64075.0, ""kaynak"": ""BNB+BYB+OKX""}, {""usdt"": 10295041.0, ""borsa"": 1, ""fiyat"": 64125.0, ""kaynak"": ""BNB""}, {""usdt"": 6732097.0, ""borsa"": 1, ""fiyat"": 64100.0, ""kaynak"": ""BNB""}]",YOK,0.1247,0.0898,0.8262,1.0708,true,0,false,,0,0,3,1,0,3,7.8,8.9,IZLE,,25,64099.9,,,,,SEVIYE,50,1871.3,187,,,,,,,1785370260,3,1,,22,1440.8,22,,,
31843,2026-07-30 00:14:58.588231+00,64007.649999999994,3924025.2775854003,965405.767,11766866695.3495,0.00007677000000000001,43298108.16911004,19537.542699999998,26.6,BEKLE,true,4223.9954,15313.5473,1.5628,784.07,49215244.84586003,542.612,0.0,26.6,"[{""usdt"": 9926148.0, ""borsa"": 1, ""fiyat"": 63950.0, ""kaynak"": ""BNB""}, {""usdt"": 9483858.0, ""borsa"": 3, ""fiyat"": 63975.0, ""kaynak"": ""BNB+BYB+OKX""}, {""usdt"": 8358681.0, ""borsa"": 1, ""fiyat"": 63900.0, ""kaynak"": ""BNB""}]","[{""usdt"": 14442017.0, ""borsa"": 3, ""fiyat"": 64025.0, ""kaynak"": ""BNB+BYB+OKX""}, {""usdt"": 8455472.0, ""borsa"": 1, ""fiyat"": 64100.0, ""kaynak"": ""BNB""}, {""usdt"": 7702601.0, ""borsa"": 3, ""fiyat"": 64000.0, ""kaynak"": ""BNB+BYB+OKX""}]",YOK,0.069,-0.064,0.759,0.2072,true,0,false,,0,1,3,0,2,3,4.3,5.4,IZLE,,25,64011.2,,,,,SEVIYE,65,2553.3,255,,,,,,,1785370380,3,0,,22,1441.8,22,,,
31844,2026-07-30 00:15:59.384511+00,64073.05,1904379.8155160986,99832.69099999999,11754511046.7132,0.00007677000000000001,41933376.69570996,15313.5473,38.5,BEKLE,false,0.0,15313.5473,1.5628,0,51409159.79685999,603.208,38.5,0.0,"[{""usdt"": 9877236.0, ""borsa"": 3, ""fiyat"": 64000.0, ""kaynak"": ""BNB+BYB+OKX""}, {""usdt"": 9453398.0, ""borsa"": 3, ""fiyat"": 63975.0, ""kaynak"": ""BNB+BYB+OKX""}, {""usdt"": 7875789.0, ""borsa"": 1, ""fiyat"": 64075.0, ""kaynak"": ""BNB""}]","[{""usdt"": 8932561.0, ""borsa"": 2, ""fiyat"": 64025.0, ""kaynak"": ""BYB+OKX""}, {""usdt"": 8791010.0, ""borsa"": 1, ""fiyat"": 64125.0, ""kaynak"": ""BNB""}, {""usdt"": 8110106.0, ""borsa"": 1, ""fiyat"": 64150.0, ""kaynak"": ""BNB""}]",SPOT,0.1695,-0.1015,0.4468,4.3385,true,0,false,,1,0,3,0,2,3,1.1,63.5,IZLE,,25,64099.9,,,,,SEVIYE,50,1873.3,188,,,,,,,1785370380,2,0,,22,1442.8,22,,,
31845,2026-07-30 00:17:00.39969+00,64062.850000000006,5950724.922231499,1320600.181,11764354322.2725,0.00007677000000000001,47391747.39458996,11210.6029,27.0,BEKLE,,0.0,11210.6029,1.5628,61.099,46004860.91623998,664.307,0.0,27.0,"[{""usdt"": 17354141.0, ""borsa"": 3, ""fiyat"": 64050.0, ""kaynak"": ""BNB+BYB+OKX""}, {""usdt"": 8928049.0, ""borsa"": 3, ""fiyat"": 64075.0, ""kaynak"": ""BNB+BYB+OKX""}, {""usdt"": 7154627.0, ""borsa"": 1, ""fiyat"": 64000.0, ""kaynak"": ""BNB""}]","[{""usdt"": 8791010.0, ""borsa"": 1, ""fiyat"": 64125.0, ""kaynak"": ""BNB""}, {""usdt"": 8514554.0, ""borsa"": 3, ""fiyat"": 64100.0, ""kaynak"": ""BNB+BYB+OKX""}, {""usdt"": 8110106.0, ""borsa"": 1, ""fiyat"": 64150.0, ""kaynak"": ""BNB""}]",SPOT,0.1695,0.0148,0.8228,0.3298,false,,false,,1,0,3,1,0,3,62.1,63.3,IZLE,,25,64099.9,,,,,SEVIYE,50,1874.4,188,,,,,,,1785370500,1,0,,22,1443.8,22,,,
31846,2026-07-30 00:18:00.64383+00,64033.350000000006,6851210.812812904,1264291.795,11756956016.187,0.00007677000000000001,43896066.14705001,60859.2729,28.7,BEKLE,,0.0,60859.2729,1.5628,0,43365947.93353002,724.667,0.0,28.7,"[{""usdt"": 10481887.0, ""borsa"": 3, ""fiyat"": 64025.0, ""kaynak"": ""BNB+BYB+OKX""}, {""usdt"": 9270769.0, ""borsa"": 3, ""fiyat"": 64050.0, ""kaynak"": ""BNB+BYB+OKX""}, {""usdt"": 8084724.0, ""borsa"": 1, ""fiyat"": 63975.0, ""kaynak"": ""BNB""}]","[{""usdt"": 13017588.0, ""borsa"": 3, ""fiyat"": 64075.0, ""kaynak"": ""BNB+BYB+OKX""}, {""usdt"": 8545853.0, ""borsa"": 1, ""fiyat"": 64125.0, ""kaynak"": ""BNB""}, {""usdt"": 7512208.0, ""borsa"": 1, ""fiyat"": 64150.0, ""kaynak"": ""BNB""}]",YOK,0.1437,0.0061,0.837,0.012,false,,false,,1,0,3,0,0,3,58.6,59.7,IZLE,,25,64011.2,,,,,SEVIYE,65,2556.3,256,,,,,,,1785370560,1,0,,22,1444.8,22,,,
31847,2026-07-30 00:19:00.98261+00,64057.149999999994,6253404.662708694,1271181.532,11756620138.336,0.00007677000000000001,46344066.12000003,56051.684700000005,27.8,BEKLE,,5505.959100000001,50545.725600000005,1.5648,60.234,47074661.80627,784.901,0.0,27.8,"[{""usdt"": 13664641.0, ""borsa"": 3, ""fiyat"": 64025.0, ""kaynak"": ""BNB+BYB+OKX""}, {""usdt"": 8137410.0, ""borsa"": 1, ""fiyat"": 63950.0, ""kaynak"": ""BNB""}, {""usdt"": 7451252.0, ""borsa"": 1, ""fiyat"": 63925.0, ""kaynak"": ""BNB""}]","[{""usdt"": 15159564.0, ""borsa"": 3, ""fiyat"": 64075.0, ""kaynak"": ""BNB+BYB+OKX""}, {""usdt"": 8665171.0, ""borsa"": 1, ""fiyat"": 64125.0, ""kaynak"": ""BNB""}, {""usdt"": 8212951.0, ""borsa"": 1, ""fiyat"": 64100.0, ""kaynak"": ""BNB""}]",YOK,0.1438,-0.0078,0.8102,0.0424,false,,false,4.0988,1,0,3,0,0,3,55,56.1,IZLE,,25,64099.9,,,,,SEVIYE,50,1876.4,188,,,,,,,1785370620,2,0,,22,1445.8,22,,,
31848,2026-07-30 00:20:01.306035+00,64020.55,7357337.265719983,1339083.086,11757690358.522602,0.00007677000000000001,47576238.94218002,56051.684700000005,21.1,BEKLE,true,5505.959100000001,50545.725600000005,1.5648,120.584,41985679.15091998,845.251,0.0,21.1,"[{""usdt"": 14765486.0, ""borsa"": 3, ""fiyat"": 64025.0, ""kaynak"": ""BNB+BYB+OKX""}, {""usdt"": 11657163.0, ""borsa"": 1, ""fiyat"": 63950.0, ""kaynak"": ""BNB""}, {""usdt"": 7461112.0, ""borsa"": 1, ""fiyat"": 63975.0, ""kaynak"": ""BNB""}]","[{""usdt"": 10013727.0, ""borsa"": 3, ""fiyat"": 64075.0, ""kaynak"": ""BNB+BYB+OKX""}, {""usdt"": 9561384.0, ""borsa"": 1, ""fiyat"": 64125.0, ""kaynak"": ""BNB""}, {""usdt"": 8285971.0, ""borsa"": 1, ""fiyat"": 64150.0, ""kaynak"": ""BNB""}]",YOK,0.1308,0.0624,0.8815,0.1849,false,,false,5.713,2,0,3,0,0,3,51.2,52.3,IZLE,,50,64011.2,,,,,SEVIYE+TASFIYE,65,2558.4,256,,,,,,,1785370620,2,1,,22,1446.8,22,,,
31849,2026-07-30 00:21:02.609778+00,64003.05,6138208.486160978,1664618.7260000003,11749692112.5983,0.00007677000000000001,49610436.77691007,56563.08010000001,49.9,BEKLE,true,6914.410100000001,49648.670000000006,1.5648,181.951,46113776.668150015,906.618,0.0,49.9,"[{""usdt"": 16963364.0, ""borsa"": 3, ""fiyat"": 63975.0, ""kaynak"": ""BNB+BYB+OKX""}, {""usdt"": 8741476.0, ""borsa"": 1, ""fiyat"": 63925.0, ""kaynak"": ""BNB""}, {""usdt"": 8561151.0, ""borsa"": 2, ""fiyat"": 63950.0, ""kaynak"": ""BNB+BYB""}]","[{""usdt"": 11435943.0, ""borsa"": 3, ""fiyat"": 64000.0, ""kaynak"": ""BNB+BYB+OKX""}, {""usdt"": 8615242.0, ""borsa"": 1, ""fiyat"": 64100.0, ""kaynak"": ""BNB""}, {""usdt"": 6897690.0, ""borsa"": 1, ""fiyat"": 64050.0, ""kaynak"": ""BNB""}]",YOK,0.0769,0.0365,0.6867,0.633,false,,false,3.979,1,1,3,0,0,3,48.7,49.8,IZLE,,25,64011.2,,,,,SEVIYE,65,2559.4,256,,,,,,,1785370740,2,0,,22,1447.8,22,,,
31850,2026-07-30 00:22:03.241985+00,64001.75,6315004.005850277,1635591.333,11746859637.653198,0.00007677000000000001,50248913.43492003,6914.410100000001,24.9,BEKLE,true,6914.410100000001,0.0,1.5654,60.278,44307790.27748997,966.896,0.0,24.9,"[{""usdt"": 16364272.0, ""borsa"": 3, ""fiyat"": 63975.0, ""kaynak"": ""BNB+BYB+OKX""}, {""usdt"": 10817985.0, ""borsa"": 1, ""fiyat"": 63900.0, ""kaynak"": ""BNB""}, {""usdt"": 7771861.0, ""borsa"": 3, ""fiyat"": 63950.0, ""kaynak"": ""BNB+BYB+OKX""}]","[{""usdt"": 10676051.0, ""borsa"": 3, ""fiyat"": 64000.0, ""kaynak"": ""BNB+BYB+OKX""}, {""usdt"": 10102997.0, ""borsa"": 1, ""fiyat"": 64075.0, ""kaynak"": ""BNB""}, {""usdt"": 8178293.0, ""borsa"": 3, ""fiyat"": 64025.0, ""kaynak"": ""BNB+BYB+OKX""}]",YOK,0.0205,0.0628,0.4837,4.5236,false,,false,3.9839,0,1,3,0,0,3,45,46.2,IZLE,,25,64011.2,,,,,SEVIYE,65,2560.4,256,,,,,,,1785370740,2,0,,22,1448.8,22,,,
31851,2026-07-30 00:23:03.552223+00,64011.05,6631809.959025775,1647922.4140000003,11749814939.9645,0.00007677000000000001,45123275.68309002,1408.451,31.3,BEKLE,true,1408.451,0.0,1.5654,60.612,51504532.418939985,1027.508,0.0,31.3,"[{""usdt"": 12141016.0, ""borsa"": 3, ""fiyat"": 63975.0, ""kaynak"": ""BNB+BYB+OKX""}, {""usdt"": 9185169.0, ""borsa"": 1, ""fiyat"": 63900.0, ""kaynak"": ""BNB""}, {""usdt"": 8952817.0, ""borsa"": 1, ""fiyat"": 63925.0, ""kaynak"": ""BNB""}]","[{""usdt"": 16396194.0, ""borsa"": 3, ""fiyat"": 64025.0, ""kaynak"": ""BNB+BYB+OKX""}, {""usdt"": 9649952.0, ""borsa"": 1, ""fiyat"": 64100.0, ""kaynak"": ""BNB""}, {""usdt"": 7630590.0, ""borsa"": 1, ""fiyat"": 64075.0, ""kaynak"": ""BNB""}]",YOK,0.0576,-0.066,0.3166,1.7951,false,,false,4.3469,0,1,3,0,1,3,41.8,42.9,IZLE,,25,64011.2,,,,,SEVIYE,65,2561.4,256,,,,,,,1785370740,1,0,,22,1449.8,22,,,
31852,2026-07-30 00:24:03.802883+00,63996.25,6745059.526276179,1457731.1610000003,11748674926.1352,0.00007677000000000001,48637454.351469964,1408.451,17.7,BEKLE,true,1408.451,0.0,1.5654,120.962,50240339.54276006,1087.858,0.0,17.7,"[{""usdt"": 15801151.0, ""borsa"": 3, ""fiyat"": 63975.0, ""kaynak"": ""BNB+BYB+OKX""}, {""usdt"": 9165455.0, ""borsa"": 1, ""fiyat"": 63900.0, ""kaynak"": ""BNB""}, {""usdt"": 8861116.0, ""borsa"": 1, ""fiyat"": 63925.0, ""kaynak"": ""BNB""}]","[{""usdt"": 14489567.0, ""borsa"": 3, ""fiyat"": 64025.0, ""kaynak"": ""BNB+BYB+OKX""}, {""usdt"": 9134949.0, ""borsa"": 1, ""fiyat"": 64100.0, ""kaynak"": ""BNB""}, {""usdt"": 8206501.0, ""borsa"": 3, ""fiyat"": 64000.0, ""kaynak"": ""BNB+BYB+OKX""}]",YOK,0.0465,-0.0162,0.681,4.704,false,,false,,0,0,3,0,0,3,38.4,39.5,IZLE,,25,64011.2,,,,,SEVIYE,65,2562.4,256,,,,,,,1785370740,1,1,,22,1450.8,22,,,
31853,2026-07-30 00:25:04.123219+00,63964.75,6265891.980540779,1446350.7270000002,11743341068.423199,0.00007677000000000001,50755804.17714993,0.0,16.6,BEKLE,true,0.0,0.0,1.5654,181.163,45667651.103720054,181.163,0.0,16.6,"[{""usdt"": 11835840.0, ""borsa"": 3, ""fiyat"": 63950.0, ""kaynak"": ""BNB+BYB+OKX""}, {""usdt"": 11835540.0, ""borsa"": 3, ""fiyat"": 63925.0, ""kaynak"": ""BNB+BYB+OKX""}, {""usdt"": 9208144.0, ""borsa"": 1, ""fiyat"": 63900.0, ""kaynak"": ""BNB""}]","[{""usdt"": 13434121.0, ""borsa"": 3, ""fiyat"": 63975.0, ""kaynak"": ""BNB+BYB+OKX""}, {""usdt"": 7245669.0, ""borsa"": 1, ""fiyat"": 64025.0, ""kaynak"": ""BNB""}, {""usdt"": 6970977.0, ""borsa"": 1, ""fiyat"": 64050.0, ""kaynak"": ""BNB""}]",YOK,0.0485,0.0528,0.8918,2.544,false,,false,,1,1,3,0,0,3,34.8,35.9,IZLE,,25,63952,,,,,SEVIYE,85,1952.5,195,,,,,,,,,0,,22,1451.9,22,,,
31854,2026-07-30 00:26:04.380653+00,63968.95,4637612.98178198,1280400.521,11742092058.753101,0.00007677000000000001,48001166.333309956,0.0,26.9,BEKLE,false,0.0,0.0,1.5654,241.517,43933025.552490026,120.555,26.9,0.0,"[{""usdt"": 11097719.0, ""borsa"": 3, ""fiyat"": 63925.0, ""kaynak"": ""BNB+BYB+OKX""}, {""usdt"": 10848502.0, ""borsa"": 3, ""fiyat"": 63950.0, ""kaynak"": ""BNB+BYB+OKX""}, {""usdt"": 10006503.0, ""borsa"": 1, ""fiyat"": 63900.0, ""kaynak"": ""BNB""}]","[{""usdt"": 13678827.0, ""borsa"": 3, ""fiyat"": 63975.0, ""kaynak"": ""BNB+BYB+OKX""}, {""usdt"": 7531335.0, ""borsa"": 1, ""fiyat"": 64050.0, ""kaynak"": ""BNB""}, {""usdt"": 7095513.0, ""borsa"": 1, ""fiyat"": 64075.0, ""kaynak"": ""BNB""}]",YOK,0.0163,0.0443,0.767,0.9564,false,,false,2.0742,0,1,3,0,1,3,31.3,32.4,IZLE,,25,63950.3,,,,,SEVIYE,65,1953.5,196,,,,,,,,,0,,21,1002.3,21,,,
31855,2026-07-30 00:27:04.665251+00,63957.45,4749226.786765281,1281987.503,11744517616.0956,0.00007677000000000001,46912962.75130995,0.0,27.4,BEKLE,false,0.0,0.0,1.5634,301.746,43906292.870260045,120.583,27.4,0.0,"[{""usdt"": 15282870.0, ""borsa"": 3, ""fiyat"": 63950.0, ""kaynak"": ""BNB+BYB+OKX""}, {""usdt"": 9456242.0, ""borsa"": 1, ""fiyat"": 63875.0, ""kaynak"": ""BNB""}, {""usdt"": 8706159.0, ""borsa"": 1, ""fiyat"": 63900.0, ""kaynak"": ""BNB""}]","[{""usdt"": 9461923.0, ""borsa"": 3, ""fiyat"": 63975.0, ""kaynak"": ""BNB+BYB+OKX""}, {""usdt"": 9263448.0, ""borsa"": 1, ""fiyat"": 64050.0, ""kaynak"": ""BNB""}, {""usdt"": 8405179.0, ""borsa"": 1, ""fiyat"": 64075.0, ""kaynak"": ""BNB""}]",YOK,-0.0328,0.0331,0.7887,1.2244,false,,false,0.703,0,1,3,0,0,3,27.4,28.5,IZLE,,25,63950.3,,,,,SEVIYE,65,1954.5,196,,,,,,,,,0,,21,1003.3,21,,,
31856,2026-07-30 00:28:04.927111+00,63949.95,4602520.153666981,1257375.3769999999,11742202712.8615,0.00007677000000000001,46305952.454710044,0.0,24.6,BEKLE,false,0.0,0.0,1.5634,362.005,46064274.86358001,60.259,24.6,0.0,"[{""usdt"": 15231431.0, ""borsa"": 3, ""fiyat"": 63925.0, ""kaynak"": ""BNB+BYB+OKX""}, {""usdt"": 8647116.0, ""borsa"": 1, ""fiyat"": 63875.0, ""kaynak"": ""BNB""}, {""usdt"": 7325171.0, ""borsa"": 1, ""fiyat"": 63900.0, ""kaynak"": ""BNB""}]","[{""usdt"": 10122997.0, ""borsa"": 3, ""fiyat"": 63975.0, ""kaynak"": ""BNB+BYB+OKX""}, {""usdt"": 9431342.0, ""borsa"": 1, ""fiyat"": 64025.0, ""kaynak"": ""BNB""}, {""usdt"": 8767157.0, ""borsa"": 3, ""fiyat"": 63950.0, ""kaynak"": ""BNB+BYB+OKX""}]",YOK,-0.0648,0.0026,0.8141,1.3448,false,,false,0.5738,0,1,3,0,1,3,23.8,24.9,IZLE,,25,63950.3,,,,,SEVIYE,65,1955.5,196,,,,,,,,,0,,21,1004.3,21,,,
31857,2026-07-30 00:29:05.247774+00,63979.95,5251609.126268183,1253326.947,11744438033.034,0.00007677000000000001,46208654.493389964,0.0,20.1,BEKLE,false,0.0,0.0,1.5634,422.291,56495603.60037005,0,20.1,0.0,"[{""usdt"": 11492719.0, ""borsa"": 3, ""fiyat"": 63950.0, ""kaynak"": ""BNB+BYB+OKX""}, {""usdt"": 11436671.0, ""borsa"": 1, ""fiyat"": 63900.0, ""kaynak"": ""BNB""}, {""usdt"": 9314586.0, ""borsa"": 3, ""fiyat"": 63975.0, ""kaynak"": ""BNB+BYB+OKX""}]","[{""usdt"": 25726380.0, ""borsa"": 3, ""fiyat"": 64000.0, ""kaynak"": ""BNB+BYB+OKX""}, {""usdt"": 10347016.0, ""borsa"": 1, ""fiyat"": 64075.0, ""kaynak"": ""BNB""}, {""usdt"": 7191857.0, ""borsa"": 1, ""fiyat"": 64050.0, ""kaynak"": ""BNB""}]",YOK,0.0142,-0.1002,0.8603,0.5153,false,,true,0.4574,0,1,3,0,2,3,20.3,21.4,IZLE,,25,63950.3,,,,,SEVIYE,65,1956.5,196,,,,,,,,,0,,21,1005.3,21,,,
31858,2026-07-30 00:30:05.440271+00,63971.55,5240311.162668585,1258553.966,11746178518.9156,0.00007677000000000001,45267015.03415999,0.0,20.3,BEKLE,false,0.0,0.0,1.5634,482.601,46090413.596370034,60.31,20.3,0.0,"[{""usdt"": 13422724.0, ""borsa"": 3, ""fiyat"": 63950.0, ""kaynak"": ""BNB+BYB+OKX""}, {""usdt"": 9822997.0, ""borsa"": 1, ""fiyat"": 63875.0, ""kaynak"": ""BNB""}, {""usdt"": 9015496.0, ""borsa"": 1, ""fiyat"": 63900.0, ""kaynak"": ""BNB""}]","[{""usdt"": 13668724.0, ""borsa"": 3, ""fiyat"": 64000.0, ""kaynak"": ""BNB+BYB+OKX""}, {""usdt"": 8364255.0, ""borsa"": 1, ""fiyat"": 64075.0, ""kaynak"": ""BNB""}, {""usdt"": 7345854.0, ""borsa"": 1, ""fiyat"": 64025.0, ""kaynak"": ""BNB""}]",YOK,-0.0297,-0.009,0.8215,0.2991,false,,false,2.3289,0,1,3,0,0,3,16.8,17.8,IZLE,,25,63950.3,,,,,SEVIYE,65,1957.5,196,,,,,,,,,0,,21,1006.3,21,,,
31859,2026-07-30 00:31:05.84645+00,63953.850000000006,-174610.0156492937,-229890.72699999998,11742674634.1862,0.00007677000000000001,48147804.09375001,0.0,56.3,BEKLE,,0.0,0.0,1.5634,542.832,48954910.52590005,120.541,56.3,0.0,"[{""usdt"": 12892317.0, ""borsa"": 3, ""fiyat"": 63925.0, ""kaynak"": ""BNB+BYB+OKX""}, {""usdt"": 11196370.0, ""borsa"": 1, ""fiyat"": 63850.0, ""kaynak"": ""BNB""}, {""usdt"": 9454792.0, ""borsa"": 1, ""fiyat"": 63900.0, ""kaynak"": ""BNB""}]","[{""usdt"": 11796481.0, ""borsa"": 3, ""fiyat"": 63975.0, ""kaynak"": ""BNB+BYB+OKX""}, {""usdt"": 7978482.0, ""borsa"": 1, ""fiyat"": 64025.0, ""kaynak"": ""BNB""}, {""usdt"": 7920898.0, ""borsa"": 1, ""fiyat"": 64075.0, ""kaynak"": ""BNB""}]",YOK,-0.0189,-0.0083,0.7286,0.1255,false,6.2336,false,,0,1,3,0,0,3,13.3,14.3,IZLE,,25,63950.3,,,,,SEVIYE,65,1958.5,196,,,,,,,,,0,,21,1007.3,21,,,
31860,2026-07-30 00:32:06.447878+00,63876.149999999994,6089.30404150633,-217250.90399999998,11741149744.4884,0.00007677000000000001,50617657.84690002,0.0,51.0,BEKLE,false,0.0,0.0,1.5634,603.538,45581687.15365,60.706,51.0,0.0,"[{""usdt"": 13092448.0, ""borsa"": 3, ""fiyat"": 63900.0, ""kaynak"": ""BNB+BYB+OKX""}, {""usdt"": 9295489.0, ""borsa"": 3, ""fiyat"": 63925.0, ""kaynak"": ""BNB+BYB+OKX""}, {""usdt"": 9271053.0, ""borsa"": 1, ""fiyat"": 63850.0, ""kaynak"": ""BNB""}]","[{""usdt"": 14590561.0, ""borsa"": 3, ""fiyat"": 63950.0, ""kaynak"": ""BNB+BYB+OKX""}, {""usdt"": 9146807.0, ""borsa"": 1, ""fiyat"": 64000.0, ""kaynak"": ""BNB""}, {""usdt"": 6572321.0, ""borsa"": 1, ""fiyat"": 64025.0, ""kaynak"": ""BNB""}]",YOK,0.0237,0.0523,0.7272,0.6845,false,,false,,1,1,3,0,0,3,10.1,11.2,IZLE,,25,63902.6,,,,,SEVIYE,50,1959.5,196,,,,,,,,,0,,21,1008.3,21,,,
31861,2026-07-30 00:33:06.685418+00,63846.45,-1750327.4443803937,-152468.432,11733317239.4491,0.00007677000000000001,44857191.00043996,2298.5099999999998,25.8,BEKLE,false,2298.5099999999998,0.0,1.5608,0,49850776.06123994,0,25.8,0.0,"[{""usdt"": 14297864.0, ""borsa"": 3, ""fiyat"": 63825.0, ""kaynak"": ""BNB+BYB+OKX""}, {""usdt"": 8733271.0, ""borsa"": 1, ""fiyat"": 63750.0, ""kaynak"": ""BNB""}, {""usdt"": 7871788.0, ""borsa"": 2, ""fiyat"": 63800.0, ""kaynak"": ""BNB+BYB""}]","[{""usdt"": 14309739.0, ""borsa"": 3, ""fiyat"": 63875.0, ""kaynak"": ""BNB+BYB+OKX""}, {""usdt"": 12025399.0, ""borsa"": 3, ""fiyat"": 63850.0, ""kaynak"": ""BNB+BYB+OKX""}, {""usdt"": 7966541.0, ""borsa"": 1, ""fiyat"": 63950.0, ""kaynak"": ""BNB""}]",YOK,-0.1437,-0.0527,0.7915,0.7082,false,,true,0,0,1,3,0,1,3,6.5,7.6,IZLE,,25,63837.6,,,,,SEVIYE,55,1840.4,184,,,,,,,1785371520,1,0,,21,1009.3,21,,,
31862,2026-07-30 00:34:07.085704+00,63853.25,-1984085.4099736912,-2771252.5749999997,11733031449.6829,0.00007677000000000001,43543131.76420006,2936.8194,19.2,BEKLE,false,2936.8194,0.0,1.5608,60.332,54219866.97420003,60.332,19.2,0.0,"[{""usdt"": 15451374.0, ""borsa"": 3, ""fiyat"": 63825.0, ""kaynak"": ""BNB+BYB+OKX""}, {""usdt"": 8198644.0, ""borsa"": 1, ""fiyat"": 63800.0, ""kaynak"": ""BNB""}, {""usdt"": 7972485.0, ""borsa"": 1, ""fiyat"": 63750.0, ""kaynak"": ""BNB""}]","[{""usdt"": 19001178.0, ""borsa"": 3, ""fiyat"": 63875.0, ""kaynak"": ""BNB+BYB+OKX""}, {""usdt"": 8637183.0, ""borsa"": 1, ""fiyat"": 63950.0, ""kaynak"": ""BNB""}, {""usdt"": 6815623.0, ""borsa"": 1, ""fiyat"": 63925.0, ""kaynak"": ""BNB""}]",YOK,-0.1025,-0.1092,0.6024,0.579,false,,true,0,0,1,3,0,1,3,2.9,4,IZLE,,25,63837.6,,,,,SEVIYE,55,1841.4,184,,,,,,,1785371520,1,0,,21,1010.3,21,,,
31863,2026-07-30 00:35:07.601072+00,63821.55,-2403790.3411985934,-3088877.027,11730310985.5608,0.00007677000000000001,46134010.37869999,4915.7788,0.0,BEKLE,,4915.7788,0.0,1.5608,120.808,49105956.56980003,60.476,0.0,0.0,"[{""usdt"": 8931869.0, ""borsa"": 1, ""fiyat"": 63725.0, ""kaynak"": ""BNB""}, {""usdt"": 8485570.0, ""borsa"": 1, ""fiyat"": 63800.0, ""kaynak"": ""BNB""}, {""usdt"": 8289704.0, ""borsa"": 3, ""fiyat"": 63825.0, ""kaynak"": ""BNB+BYB+OKX""}]","[{""usdt"": 14179531.0, ""borsa"": 3, ""fiyat"": 63875.0, ""kaynak"": ""BNB+BYB+OKX""}, {""usdt"": 12099370.0, ""borsa"": 3, ""fiyat"": 63850.0, ""kaynak"": ""BNB+BYB+OKX""}, {""usdt"": 9227633.0, ""borsa"": 1, ""fiyat"": 63900.0, ""kaynak"": ""BNB""}]",YOK,-0.1025,-0.0312,0.5971,0.6432,false,,true,0,0,1,3,0,1,3,63.4,62,IZLE,,25,63837.6,,,,,SEVIYE,55,1842.4,184,,,,,,,1785371640,1,0,,21,1011.3,21,,,
31864,2026-07-30 00:36:07.863687+00,63830.75,-2234809.9614651958,-2891953.739,11729458500.8064,0.00007677000000000001,45321664.09251999,9063.0682,31.7,BEKLE,false,9063.0682,0.0,1.5608,181.259,48445111.167880036,120.927,31.7,0.0,"[{""usdt"": 12176766.0, ""borsa"": 3, ""fiyat"": 63800.0, ""kaynak"": ""BNB+BYB+OKX""}, {""usdt"": 12143722.0, ""borsa"": 2, ""fiyat"": 63775.0, ""kaynak"": ""BNB+BYB""}, {""usdt"": 8931869.0, ""borsa"": 1, ""fiyat"": 63725.0, ""kaynak"": ""BNB""}]","[{""usdt"": 14152319.0, ""borsa"": 3, ""fiyat"": 63825.0, ""kaynak"": ""BNB+BYB+OKX""}, {""usdt"": 9227633.0, ""borsa"": 1, ""fiyat"": 63900.0, ""kaynak"": ""BNB""}, {""usdt"": 7125842.0, ""borsa"": 2, ""fiyat"": 63850.0, ""kaynak"": ""BNB+BYB""}]",YOK,-0.1372,-0.0333,0.3937,1.2875,false,,true,0,0,2,3,0,1,3,60,61.1,IZLE,,25,63852.4,,,,,SEVIYE,70,1843.4,185,,,,,,,1785371700,1,0,,22,992.3,22,,,
31865,2026-07-30 00:37:08.355845+00,63809.25,-2125065.343819695,-1487041.869,11728602027.7185,0.00007677000000000001,46444832.062240034,9064.3682,43.3,BEKLE,false,9064.3682,0.0,1.5569,241.444,44083256.945570044,120.636,43.3,0.0,"[{""usdt"": 15273490.0, ""borsa"": 3, ""fiyat"": 63800.0, ""kaynak"": ""BNB+BYB+OKX""}, {""usdt"": 8791783.0, ""borsa"": 1, ""fiyat"": 63725.0, ""kaynak"": ""BNB""}, {""usdt"": 8396136.0, ""borsa"": 3, ""fiyat"": 63825.0, ""kaynak"": ""BNB+BYB+OKX""}]","[{""usdt"": 12956439.0, ""borsa"": 3, ""fiyat"": 63850.0, ""kaynak"": ""BNB+BYB+OKX""}, {""usdt"": 8863743.0, ""borsa"": 1, ""fiyat"": 63925.0, ""kaynak"": ""BNB""}, {""usdt"": 6945541.0, ""borsa"": 1, ""fiyat"": 63900.0, ""kaynak"": ""BNB""}]",YOK,-0.0713,0.0261,0.5847,1.0059,false,,true,0,0,1,3,1,0,3,56.4,57.5,IZLE,,25,63852.4,,,,,SEVIYE,70,1844.4,185,,,,,,,1785371700,1,0,,22,993.3,22,,,
31866,2026-07-30 00:38:08.716085+00,63801.55,-2349237.056899995,-1722171.822,11722852858.3096,0.00007677000000000001,46045096.09707002,65374.1522,52.3,BEKLE,false,65374.1522,0.0,1.5569,302.083,50576836.07500997,181.275,52.3,0.0,"[{""usdt"": 16016104.0, ""borsa"": 3, ""fiyat"": 63775.0, ""kaynak"": ""BNB+BYB+OKX""}, {""usdt"": 8844553.0, ""borsa"": 1, ""fiyat"": 63700.0, ""kaynak"": ""BNB""}, {""usdt"": 8522695.0, ""borsa"": 1, ""fiyat"": 63725.0, ""kaynak"": ""BNB""}]","[{""usdt"": 12625122.0, ""borsa"": 3, ""fiyat"": 63800.0, ""kaynak"": ""BNB+BYB+OKX""}, {""usdt"": 12268562.0, ""borsa"": 3, ""fiyat"": 63825.0, ""kaynak"": ""BNB+BYB+OKX""}, {""usdt"": 9589299.0, ""borsa"": 1, ""fiyat"": 63900.0, ""kaynak"": ""BNB""}]",YOK,-0.2027,-0.0469,0.2425,0.9967,false,,true,0,0,2,3,0,1,3,52.8,53.9,HAZIRLAN,SHORT,75,63852.4,63710.6,63655.8,63861.6,2.43,SEVIYE+TASFIYE+EMILIM,70,1845.4,185,,,,,,,1785371820,1,0,1.51,22,994.3,22,,,
31867,2026-07-30 00:39:10.070687+00,63802.55,-2065124.1311695946,-1634450.5939999998,11727794100.5574,0.00007677000000000001,45503572.88666997,66663.9741,48.4,BEKLE,true,66663.9741,0.0,1.5569,121.904,53561314.87170003,61.265,0.0,48.4,"[{""usdt"": 12014663.0, ""borsa"": 3, ""fiyat"": 63775.0, ""kaynak"": ""BNB+BYB+OKX""}, {""usdt"": 9913678.0, ""borsa"": 1, ""fiyat"": 63750.0, ""kaynak"": ""BNB""}, {""usdt"": 9149778.0, ""borsa"": 3, ""fiyat"": 63800.0, ""kaynak"": ""BNB+BYB+OKX""}]","[{""usdt"": 15192582.0, ""borsa"": 3, ""fiyat"": 63825.0, ""kaynak"": ""BNB+BYB+OKX""}, {""usdt"": 10970083.0, ""borsa"": 1, ""fiyat"": 63900.0, ""kaynak"": ""BNB""}, {""usdt"": 7319218.0, ""borsa"": 1, ""fiyat"": 63875.0, ""kaynak"": ""BNB""}]",YOK,-0.0807,-0.0813,0.0564,1.9354,false,,true,0,0,1,3,0,0,3,50.2,51.3,IZLE,,25,63852.4,,,,,SEVIYE,70,1846.5,185,,,,,,,1785371820,1,0,,22,995.4,22,,,
31868,2026-07-30 00:40:10.52276+00,63784.05,-2127298.9851806937,-1681950.266,11726289644.6394,0.00007677000000000001,47637486.76422998,64685.4208,41.3,BEKLE,,64685.4208,0.0,1.5569,182.42,47965412.45421999,121.781,0.0,41.3,"[{""usdt"": 12791308.0, ""borsa"": 3, ""fiyat"": 63750.0, ""kaynak"": ""BNB+BYB+OKX""}, {""usdt"": 10145779.0, ""borsa"": 1, ""fiyat"": 63700.0, ""kaynak"": ""BNB""}, {""usdt"": 9802513.0, ""borsa"": 3, ""fiyat"": 63775.0, ""kaynak"": ""BNB+BYB+OKX""}]","[{""usdt"": 12621814.0, ""borsa"": 3, ""fiyat"": 63800.0, ""kaynak"": ""BNB+BYB+OKX""}, {""usdt"": 9044374.0, ""borsa"": 1, ""fiyat"": 63900.0, ""kaynak"": ""BNB""}, {""usdt"": 7937398.0, ""borsa"": 1, ""fiyat"": 63875.0, ""kaynak"": ""BNB""}]",YOK,-0.1824,-0.0034,0.1415,1.0529,false,,true,0,0,2,3,0,1,3,46.9,48,IZLE,,25,63852.4,,,,,SEVIYE,70,1847.5,185,,,,,,,1785371820,1,0,,22,996.4,22,,,
31869,2026-07-30 00:41:10.895717+00,63788.25,-2313437.0137655963,-1557018.1199999999,11727007362.7962,0.00007677000000000001,45341790.74103001,60664.005900000004,55.6,BEKLE,true,60664.005900000004,0.0,1.5569,242.746,49293215.72654001,120.842,0.0,55.6,"[{""usdt"": 11398418.0, ""borsa"": 3, ""fiyat"": 63750.0, ""kaynak"": ""BNB+BYB+OKX""}, {""usdt"": 9052339.0, ""borsa"": 1, ""fiyat"": 63675.0, ""kaynak"": ""BNB""}, {""usdt"": 8944680.0, ""borsa"": 3, ""fiyat"": 63775.0, ""kaynak"": ""BNB+BYB+OKX""}]","[{""usdt"": 17822541.0, ""borsa"": 3, ""fiyat"": 63800.0, ""kaynak"": ""BNB+BYB+OKX""}, {""usdt"": 8010389.0, ""borsa"": 1, ""fiyat"": 63875.0, ""kaynak"": ""BNB""}, {""usdt"": 6719421.0, ""borsa"": 1, ""fiyat"": 63825.0, ""kaynak"": ""BNB""}]",YOK,-0.1223,-0.0418,0.0471,1.3958,false,,true,0,0,1,3,0,0,3,42.9,44,IZLE,,25,63852.4,,,,,SEVIYE,70,1848.5,185,,,,,,,1785372000,1,0,,22,997.4,22,,,
31870,2026-07-30 00:42:11.161359+00,63775.95,-2462371.0892987964,-1618804.8769999999,11724508693.992,0.00007677000000000001,45679792.49254997,71377.22750000001,16.1,BEKLE,false,71377.22750000001,0.0,1.5504,303.08,46943821.77005,181.176,16.1,0.0,"[{""usdt"": 12224712.0, ""borsa"": 3, ""fiyat"": 63750.0, ""kaynak"": ""BNB+BYB+OKX""}, {""usdt"": 10228294.0, ""borsa"": 3, ""fiyat"": 63775.0, ""kaynak"": ""BNB+BYB+OKX""}, {""usdt"": 8435942.0, ""borsa"": 1, ""fiyat"": 63700.0, ""kaynak"": ""BNB""}]","[{""usdt"": 14293831.0, ""borsa"": 3, ""fiyat"": 63800.0, ""kaynak"": ""BNB+BYB+OKX""}, {""usdt"": 7951385.0, ""borsa"": 1, ""fiyat"": 63875.0, ""kaynak"": ""BNB""}, {""usdt"": 7897367.0, ""borsa"": 1, ""fiyat"": 63900.0, ""kaynak"": ""BNB""}]",YOK,-0.0997,-0.0136,,,false,,true,0,0,1,3,0,0,3,39.4,40.5,IZLE,,25,63710.6,,,,,SEVIYE,50,1729.3,173,,,,,,,1785372060,1,0,,22,998.4,22,,,
31871,2026-07-30 00:43:11.479835+00,63718.350000000006,-4926079.597699795,-3211331.7029999997,11730516113.431202,0.00007677000000000001,37383401.450470045,74155.6272,28.2,BEKLE,false,74155.6272,0.0,1.5504,0,47524906.32237999,0,28.2,0.0,"[{""usdt"": 12439984.0, ""borsa"": 3, ""fiyat"": 63675.0, ""kaynak"": ""BNB+BYB+OKX""}, {""usdt"": 7471986.0, ""borsa"": 1, ""fiyat"": 63600.0, ""kaynak"": ""BNB""}, {""usdt"": 6980628.0, ""borsa"": 1, ""fiyat"": 63625.0, ""kaynak"": ""BNB""}]","[{""usdt"": 11702118.0, ""borsa"": 3, ""fiyat"": 63725.0, ""kaynak"": ""BNB+BYB+OKX""}, {""usdt"": 8702352.0, ""borsa"": 1, ""fiyat"": 63800.0, ""kaynak"": ""BNB""}, {""usdt"": 7383291.0, ""borsa"": 3, ""fiyat"": 63700.0, ""kaynak"": ""BNB+BYB+OKX""}]",YOK,-0.3099,-0.1194,0.5921,1.0489,false,,true,0,0,3,3,0,1,3,35.8,36.9,IZLE,,25,63710.6,,,,,SEVIYE,50,1730.3,173,,,,,,,1785372120,2,0,,22,999.4,22,,,
31872,2026-07-30 00:44:11.70717+00,63684.649999999994,-4615256.5994596975,-3537832.573,11735194215.421402,0.00007677000000000001,45138597.621110015,77531.1628,26.1,BEKLE,,77531.1628,0.0,1.5504,60.288,49565624.730480045,60.288,26.1,0.0,"[{""usdt"": 13150887.0, ""borsa"": 3, ""fiyat"": 63675.0, ""kaynak"": ""BNB+BYB+OKX""}, {""usdt"": 8488529.0, ""borsa"": 1, ""fiyat"": 63600.0, ""kaynak"": ""BNB""}, {""usdt"": 8209857.0, ""borsa"": 1, ""fiyat"": 63625.0, ""kaynak"": ""BNB""}]","[{""usdt"": 19536339.0, ""borsa"": 3, ""fiyat"": 63700.0, ""kaynak"": ""BNB+BYB+OKX""}, {""usdt"": 7473448.0, ""borsa"": 1, ""fiyat"": 63800.0, ""kaynak"": ""BNB""}, {""usdt"": 7199283.0, ""borsa"": 3, ""fiyat"": 63725.0, ""kaynak"": ""BNB+BYB+OKX""}]",YOK,-0.2245,-0.0467,0.5292,1.3423,false,,true,0,0,2,3,0,1,3,32.2,33.3,IZLE,,25,63710.6,,,,,SEVIYE,50,1731.3,173,,,,,,,1785372180,2,0,,22,1000.4,22,,,
31873,2026-07-30 00:45:11.996672+00,63681.55,-4742770.637797599,-3830293.2879999997,11733430382.3872,0.00007677000000000001,48302425.147209994,89627.2614,45.9,BEKLE,true,89627.2614,0.0,1.5504,120.575,44375748.278700024,60.287,45.9,0.0,"[{""usdt"": 13921981.0, ""borsa"": 3, ""fiyat"": 63650.0, ""kaynak"": ""BNB+BYB+OKX""}, {""usdt"": 10652636.0, ""borsa"": 1, ""fiyat"": 63575.0, ""kaynak"": ""BNB""}, {""usdt"": 8065875.0, ""borsa"": 1, ""fiyat"": 63600.0, ""kaynak"": ""BNB""}]","[{""usdt"": 16014431.0, ""borsa"": 3, ""fiyat"": 63700.0, ""kaynak"": ""BNB+BYB+OKX""}, {""usdt"": 6849538.0, ""borsa"": 1, ""fiyat"": 63750.0, ""kaynak"": ""BNB""}, {""usdt"": 5848266.0, ""borsa"": 1, ""fiyat"": 63775.0, ""kaynak"": ""BNB""}]",YOK,-0.2566,0.0424,0.5053,1.0868,false,,true,0,0,3,3,1,0,3,28.6,29.7,IZLE,,25,63655.8,,,,,SEVIYE,75,1732.3,173,PCT,0.8,0.0,5.846901765454296,false,0.006,1785372240,2,0,,22,1001.4,22,,,
31874,2026-07-30 00:46:13.392159+00,63696.25,-1881042.6106290002,-666367.293,11741963525.8132,0.00007677000000000001,42513656.541070014,78786.45920000001,38.5,BEKLE,true,78786.45920000001,0.0,1.5504,181.976,48636073.898880005,61.401,0.0,38.5,"[{""usdt"": 12936079.0, ""borsa"": 3, ""fiyat"": 63675.0, ""kaynak"": ""BNB+BYB+OKX""}, {""usdt"": 8848089.0, ""borsa"": 1, ""fiyat"": 63600.0, ""kaynak"": ""BNB""}, {""usdt"": 6869176.0, ""borsa"": 1, ""fiyat"": 63650.0, ""kaynak"": ""BNB""}]","[{""usdt"": 13614103.0, ""borsa"": 3, ""fiyat"": 63725.0, ""kaynak"": ""BNB+BYB+OKX""}, {""usdt"": 8178519.0, ""borsa"": 1, ""fiyat"": 63800.0, ""kaynak"": ""BNB""}, {""usdt"": 7740177.0, ""borsa"": 1, ""fiyat"": 63750.0, ""kaynak"": ""BNB""}]",YOK,-0.1604,-0.0672,0.2922,3.3185,false,,true,0,0,1,3,0,0,3,25.7,26.8,IZLE,,25,63710.6,,,,,SEVIYE,50,1733.4,174,,,,,,,1785372240,2,0,,19,1002.4,19,,,
31875,2026-07-30 00:47:13.697569+00,63701.25,-1450549.2419591008,-532176.8060000001,11743196168.1091,0.00007677000000000001,47438818.93877998,15471.6474,40.3,BEKLE,false,15471.6474,0.0,1.5504,242.242,46779866.45945001,0,0.0,40.3,"[{""usdt"": 14154837.0, ""borsa"": 3, ""fiyat"": 63675.0, ""kaynak"": ""BNB+BYB+OKX""}, {""usdt"": 8809768.0, ""borsa"": 1, ""fiyat"": 63575.0, ""kaynak"": ""BNB""}, {""usdt"": 8619516.0, ""borsa"": 1, ""fiyat"": 63625.0, ""kaynak"": ""BNB""}]","[{""usdt"": 17017444.0, ""borsa"": 3, ""fiyat"": 63700.0, ""kaynak"": ""BNB+BYB+OKX""}, {""usdt"": 9267911.0, ""borsa"": 1, ""fiyat"": 63750.0, ""kaynak"": ""BNB""}, {""usdt"": 6889768.0, ""borsa"": 1, ""fiyat"": 63775.0, ""kaynak"": ""BNB""}]",YOK,-0.2229,0.007,0.4419,1.7418,false,,true,0.0431,0,3,3,1,0,3,22.1,23.2,IZLE,,25,63710.6,,,,,SEVIYE,50,1734.4,174,,,,,,,1785372240,2,0,,19,1003.4,19,,,
31876,2026-07-30 00:48:13.979279+00,63711.75,-1460896.1250845015,-1114261.358,11740692329.7808,0.00007677000000000001,41186184.33403,12095.8654,50.9,BEKLE,false,12095.8654,0.0,1.5747,302.567,54392093.178160004,60.325,0.0,50.9,"[{""usdt"": 9964790.0, ""borsa"": 3, ""fiyat"": 63675.0, ""kaynak"": ""BNB+BYB+OKX""}, {""usdt"": 9471709.0, ""borsa"": 3, ""fiyat"": 63650.0, ""kaynak"": ""BNB+BYB+OKX""}, {""usdt"": 8423466.0, ""borsa"": 1, ""fiyat"": 63625.0, ""kaynak"": ""BNB""}]","[{""usdt"": 17294052.0, ""borsa"": 3, ""fiyat"": 63700.0, ""kaynak"": ""BNB+BYB+OKX""}, {""usdt"": 8760638.0, ""borsa"": 1, ""fiyat"": 63725.0, ""kaynak"": ""BNB""}, {""usdt"": 8127017.0, ""borsa"": 1, ""fiyat"": 63800.0, ""kaynak"": ""BNB""}]",YOK,-0.2388,-0.1382,0.5842,0.0595,false,,true,0.3213,0,2,3,0,2,3,18.6,19.7,HAZIRLAN,SHORT,50,63710.6,63710.6,63649.9,63884.5,0.36,SEVIYE+EMILIM,50,1735.4,174,,,,,,,1785372240,2,0,0.01,19,1004.4,19,,,
31877,2026-07-30 00:49:14.651476+00,63703.55,-1538884.2897602995,-1044951.882,11743803119.751999,0.00007677000000000001,43063935.818600014,0.0,50.9,BEKLE,false,0.0,0.0,1.5747,362.786,52222510.90265002,60.219,0.0,50.9,"[{""usdt"": 12608139.0, ""borsa"": 3, ""fiyat"": 63675.0, ""kaynak"": ""BNB+BYB+OKX""}, {""usdt"": 8995215.0, ""borsa"": 1, ""fiyat"": 63600.0, ""kaynak"": ""BNB""}, {""usdt"": 8031149.0, ""borsa"": 1, ""fiyat"": 63625.0, ""kaynak"": ""BNB""}]","[{""usdt"": 14276155.0, ""borsa"": 3, ""fiyat"": 63725.0, ""kaynak"": ""BNB+BYB+OKX""}, {""usdt"": 11959866.0, ""borsa"": 3, ""fiyat"": 63700.0, ""kaynak"": ""BNB+BYB+OKX""}, {""usdt"": 7581834.0, ""borsa"": 1, ""fiyat"": 63750.0, ""kaynak"": ""BNB""}]",YOK,-0.1524,-0.0961,0.512,0.1682,false,,false,0.5153,0,1,3,0,1,3,15,16.1,IZLE,,25,63710.6,,,,,SEVIYE,50,1736.4,174,,,,,,,,,0,,19,1005.4,19,,,
31878,2026-07-30 00:50:15.230987+00,63712.149999999994,-1441439.5021978982,-2227766.361,11745835181.850498,0.00007677000000000001,43379021.47455999,0.0,38.4,BEKLE,false,0.0,0.0,1.5747,61.034,49799638.20479,61.034,0.0,38.4,"[{""usdt"": 14943014.0, ""borsa"": 3, ""fiyat"": 63700.0, ""kaynak"": ""BNB+BYB+OKX""}, {""usdt"": 9550907.0, ""borsa"": 1, ""fiyat"": 63625.0, ""kaynak"": ""BNB""}, {""usdt"": 6777778.0, ""borsa"": 1, ""fiyat"": 63650.0, ""kaynak"": ""BNB""}]","[{""usdt"": 16077507.0, ""borsa"": 3, ""fiyat"": 63725.0, ""kaynak"": ""BNB+BYB+OKX""}, {""usdt"": 9776433.0, ""borsa"": 3, ""fiyat"": 63750.0, ""kaynak"": ""BNB+BYB+OKX""}, {""usdt"": 8554933.0, ""borsa"": 1, ""fiyat"": 63800.0, ""kaynak"": ""BNB""}]",YOK,-0.1424,-0.0689,0.6366,0.3155,false,,true,0.2188,0,2,3,0,1,3,12.2,13.3,IZLE,,25,63710.6,,,,,SEVIYE,50,1737.4,174,,,,,,,,,0,,19,1006.4,19,,,
31879,2026-07-30 00:51:15.548225+00,63674.649999999994,-1399253.0789790978,-2283431.364,11739911714.776901,0.00007677000000000001,47436503.58866997,6047.4941,32.6,BEKLE,true,6047.4941,0.0,1.5767,0,51450107.02705999,0,32.6,0.0,"[{""usdt"": 13600461.0, ""borsa"": 3, ""fiyat"": 63650.0, ""kaynak"": ""BNB+BYB+OKX""}, {""usdt"": 8765914.0, ""borsa"": 3, ""fiyat"": 63675.0, ""kaynak"": ""BNB+BYB+OKX""}, {""usdt"": 8486204.0, ""borsa"": 1, ""fiyat"": 63600.0, ""kaynak"": ""BNB""}]","[{""usdt"": 16731032.0, ""borsa"": 3, ""fiyat"": 63700.0, ""kaynak"": ""BNB+BYB+OKX""}, {""usdt"": 10051521.0, ""borsa"": 1, ""fiyat"": 63750.0, ""kaynak"": ""BNB""}, {""usdt"": 8496793.0, ""borsa"": 3, ""fiyat"": 63675.0, ""kaynak"": ""BNB+BYB+OKX""}]",YOK,-0.1626,-0.0406,0.2021,0.4844,false,,true,0.1264,0,1,3,0,1,3,8.6,9.7,HAZIRLAN,SHORT,50,63649.9,63649.9,63649.9,63720.1,0.54,SEVIYE+EMILIM,75,1738.4,174,,,,,,,1785372600,2,0,0.54,19,1007.4,19,,,
31880,2026-07-30 00:52:15.786266+00,63699.55,-1399253.0789790978,-2283431.364,11739911714.776901,0.00007677000000000001,41415855.713820055,6047.4941,33.9,BEKLE,true,6047.4941,0.0,1.5767,60.29,55883882.68899996,60.29,33.9,0.0,"[{""usdt"": 11887427.0, ""borsa"": 3, ""fiyat"": 63675.0, ""kaynak"": ""BNB+BYB+OKX""}, {""usdt"": 7899643.0, ""borsa"": 1, ""fiyat"": 63625.0, ""kaynak"": ""BNB""}, {""usdt"": 7176444.0, ""borsa"": 1, ""fiyat"": 63600.0, ""kaynak"": ""BNB""}]","[{""usdt"": 24026056.0, ""borsa"": 3, ""fiyat"": 63725.0, ""kaynak"": ""BNB+BYB+OKX""}, {""usdt"": 7291605.0, ""borsa"": 1, ""fiyat"": 63800.0, ""kaynak"": ""BNB""}, {""usdt"": 6949600.0, ""borsa"": 1, ""fiyat"": 63775.0, ""kaynak"": ""BNB""}]",YOK,-0.1623,-0.1487,0.0243,0.043,false,,true,0.1591,0,1,3,0,2,3,5.1,6.1,HAZIRLAN,SHORT,50,63710.6,63649.9,63649.9,63720.1,2.42,SEVIYE+EMILIM,50,1739.4,174,,,,,,,1785372600,2,1,2.42,19,1008.4,19,,,
31881,2026-07-30 00:53:16.1309+00,63668.850000000006,-1121998.1759672975,-2137801.942,11745336053.292599,0.00007677000000000001,43919698.91302007,6047.4941,26.0,BEKLE,,6047.4941,0.0,1.5767,120.574,52286242.43019996,60.284,26.0,0.0,"[{""usdt"": 9796322.0, ""borsa"": 1, ""fiyat"": 63575.0, ""kaynak"": ""BNB""}, {""usdt"": 7973021.0, ""borsa"": 1, ""fiyat"": 63625.0, ""kaynak"": ""BNB""}, {""usdt"": 7955621.0, ""borsa"": 1, ""fiyat"": 63600.0, ""kaynak"": ""BNB""}]","[{""usdt"": 16506662.0, ""borsa"": 3, ""fiyat"": 63725.0, ""kaynak"": ""BNB+BYB+OKX""}, {""usdt"": 11245778.0, ""borsa"": 3, ""fiyat"": 63700.0, ""kaynak"": ""BNB+BYB+OKX""}, {""usdt"": 9611445.0, ""borsa"": 1, ""fiyat"": 63750.0, ""kaynak"": ""BNB""}]",YOK,-0.2443,-0.087,0.2197,1.4862,false,,true,0.1497,0,2,3,0,2,3,1.5,63.9,IZLE,,25,63649.9,,,,,SEVIYE,75,1740.4,174,,,,,,,1785372600,2,1,,19,1009.5,19,,,
31882,2026-07-30 00:54:16.389535+00,63599.95,-1266276.912124597,-2108340.1180000002,11741164763.9836,0.00007677000000000001,44327688.024840064,6047.4941,21.3,BEKLE,true,6047.4941,0.0,1.5767,180.897,48064346.97825996,120.607,21.3,0.0,"[{""usdt"": 14600433.0, ""borsa"": 3, ""fiyat"": 63650.0, ""kaynak"": ""BNB+BYB+OKX""}, {""usdt"": 9796322.0, ""borsa"": 1, ""fiyat"": 63575.0, ""kaynak"": ""BNB""}, {""usdt"": 8644625.0, ""borsa"": 2, ""fiyat"": 63625.0, ""kaynak"": ""BNB+BYB""}]","[{""usdt"": 15432476.0, ""borsa"": 3, ""fiyat"": 63675.0, ""kaynak"": ""BNB+BYB+OKX""}, {""usdt"": 9611445.0, ""borsa"": 1, ""fiyat"": 63750.0, ""kaynak"": ""BNB""}, {""usdt"": 9149843.0, ""borsa"": 3, ""fiyat"": 63700.0, ""kaynak"": ""BNB+BYB+OKX""}]",YOK,-0.2443,-0.0404,0.179,3.6354,false,,true,0.1547,0,2,3,0,0,3,61.8,62.9,IZLE,,25,63602.5,,,,,SEVIYE,65,2592.6,259,,,,,,,1785372600,2,2,,19,1010.5,19,,,
31883,2026-07-30 00:55:16.712199+00,63586.05,-2610692.142785197,-4306092.084,11744531933.6768,0.00007677000000000001,46213353.26318003,123716.02859999999,21.0,BEKLE,true,123716.02859999999,0.0,1.5767,241.11,48961258.07816002,0,21.0,0.0,"[{""usdt"": 14107370.0, ""borsa"": 3, ""fiyat"": 63575.0, ""kaynak"": ""BNB+BYB+OKX""}, {""usdt"": 10563612.0, ""borsa"": 1, ""fiyat"": 63500.0, ""kaynak"": ""BNB""}, {""usdt"": 7534687.0, ""borsa"": 1, ""fiyat"": 63525.0, ""kaynak"": ""BNB""}]","[{""usdt"": 13452394.0, ""borsa"": 3, ""fiyat"": 63625.0, ""kaynak"": ""BNB+BYB+OKX""}, {""usdt"": 9561159.0, ""borsa"": 1, ""fiyat"": 63700.0, ""kaynak"": ""BNB""}, {""usdt"": 8178789.0, ""borsa"": 1, ""fiyat"": 63650.0, ""kaynak"": ""BNB""}]",YOK,-0.2678,-0.0289,0.3236,1.865,false,,true,0,0,3,3,1,0,3,57.8,59,IZLE,,25,63602.5,,,,,SEVIYE,65,2593.6,259,,,,,,,1785372840,3,0,,19,1011.5,19,,,
31884,2026-07-30 00:56:17.310047+00,63599.95,-992515.0840631998,-2213107.637,11747189635.8919,0.00007677000000000001,48528937.212150015,121531.9402,12.5,BEKLE,false,121531.9402,0.0,1.5767,60.597,48323013.07653999,60.597,0.0,12.5,"[{""usdt"": 15127391.0, ""borsa"": 3, ""fiyat"": 63575.0, ""kaynak"": ""BNB+BYB+OKX""}, {""usdt"": 9641722.0, ""borsa"": 1, ""fiyat"": 63475.0, ""kaynak"": ""BNB""}, {""usdt"": 7638907.0, ""borsa"": 1, ""fiyat"": 63525.0, ""kaynak"": ""BNB""}]","[{""usdt"": 16701119.0, ""borsa"": 3, ""fiyat"": 63600.0, ""kaynak"": ""BNB+BYB+OKX""}, {""usdt"": 8717903.0, ""borsa"": 1, ""fiyat"": 63700.0, ""kaynak"": ""BNB""}, {""usdt"": 8689596.0, ""borsa"": 2, ""fiyat"": 63625.0, ""kaynak"": ""BNB+OKX""}]",YOK,-0.3048,0.0021,,,false,,true,0.4415,0,3,3,0,0,3,54.6,55.7,IZLE,,25,63596.2,,,,,SEVIYE,65,2594.6,260,,,,,,,1785372900,3,0,,21,1032.5,21,,,
31885,2026-07-30 00:57:17.623475+00,63599.95,-1136649.6170554997,-2289031.43,11748333107.0404,0.00007677000000000001,44487823.192560025,122422.2872,2.0,BEKLE,,122422.2872,0.0,1.5767,120.963,56929331.53241993,120.963,2.0,0.0,"[{""usdt"": 15487910.0, ""borsa"": 3, ""fiyat"": 63575.0, ""kaynak"": ""BNB+BYB+OKX""}, {""usdt"": 8229958.0, ""borsa"": 1, ""fiyat"": 63525.0, ""kaynak"": ""BNB""}, {""usdt"": 7653562.0, ""borsa"": 1, ""fiyat"": 63500.0, ""kaynak"": ""BNB""}]","[{""usdt"": 21056510.0, ""borsa"": 3, ""fiyat"": 63600.0, ""kaynak"": ""BNB+BYB+OKX""}, {""usdt"": 12363541.0, ""borsa"": 3, ""fiyat"": 63625.0, ""kaynak"": ""BNB+BYB+OKX""}, {""usdt"": 7336717.0, ""borsa"": 1, ""fiyat"": 63700.0, ""kaynak"": ""BNB""}]",YOK,-0.322,-0.1227,,,false,,false,1.9182,0,3,3,0,0,3,51.2,52.3,IZLE,,25,63596.2,,,,,SEVIYE,65,2595.6,260,,,,,,,1785372900,3,0,,21,1033.5,21,,,
31886,2026-07-30 00:58:17.980322+00,63591.649999999994,-933856.0977790992,-2279408.322,11741732120.8,0.00007677000000000001,39629056.96139002,122422.2872,10.0,BEKLE,true,122422.2872,0.0,1.58,181.277,55815336.10519996,181.277,10.0,0.0,"[{""usdt"": 9124125.0, ""borsa"": 3, ""fiyat"": 63575.0, ""kaynak"": ""BNB+BYB+OKX""}, {""usdt"": 8949417.0, ""borsa"": 3, ""fiyat"": 63550.0, ""kaynak"": ""BNB+BYB+OKX""}, {""usdt"": 8333687.0, ""borsa"": 1, ""fiyat"": 63525.0, ""kaynak"": ""BNB""}]","[{""usdt"": 16671394.0, ""borsa"": 3, ""fiyat"": 63600.0, ""kaynak"": ""BNB+BYB+OKX""}, {""usdt"": 9526523.0, ""borsa"": 1, ""fiyat"": 63700.0, ""kaynak"": ""BNB""}, {""usdt"": 7474421.0, ""borsa"": 1, ""fiyat"": 63650.0, ""kaynak"": ""BNB""}]",YOK,-0.3323,-0.1696,,,false,,false,2.2965,0,3,3,0,2,3,47.7,48.7,IZLE,,25,63596.2,,,,,SEVIYE,65,2596.6,260,,,,,,,1785372900,3,1,,21,1034.5,21,,,
31887,2026-07-30 00:59:18.472978+00,63629.350000000006,-1365034.6885367988,-2507482.9809999997,11753204045.9683,0.00007677000000000001,44203387.32500006,116116.6924,37.3,BEKLE,true,116116.6924,0.0,1.58,241.62,50503356.39557999,241.62,37.3,0.0,"[{""usdt"": 12202099.0, ""borsa"": 3, ""fiyat"": 63600.0, ""kaynak"": ""BNB+BYB+OKX""}, {""usdt"": 9503406.0, ""borsa"": 1, ""fiyat"": 63525.0, ""kaynak"": ""BNB""}, {""usdt"": 6894936.0, ""borsa"": 1, ""fiyat"": 63500.0, ""kaynak"": ""BNB""}]","[{""usdt"": 16247956.0, ""borsa"": 3, ""fiyat"": 63625.0, ""kaynak"": ""BNB+BYB+OKX""}, {""usdt"": 9356871.0, ""borsa"": 1, ""fiyat"": 63700.0, ""kaynak"": ""BNB""}, {""usdt"": 8858476.0, ""borsa"": 1, ""fiyat"": 63675.0, ""kaynak"": ""BNB""}]",YOK,-0.1604,-0.0665,,,false,,false,2.9653,0,1,3,0,1,3,44.2,45.3,IZLE,,25,63642.3,,,,,SEVIYE,95,1746.4,175,,,,,,,1785373020,2,0,,21,1035.5,21,,,
31888,2026-07-30 01:00:18.763531+00,63686.25,-1343624.5811688968,-2811356.4469999997,11758369797.425999,0.00007677000000000001,41287884.23874999,1653.331,38.8,BEKLE,true,1653.331,0.0,1.58,0,54204686.073840044,302.121,0.0,38.8,"[{""usdt"": 11957442.0, ""borsa"": 3, ""fiyat"": 63625.0, ""kaynak"": ""BNB+BYB+OKX""}, {""usdt"": 8743721.0, ""borsa"": 1, ""fiyat"": 63550.0, ""kaynak"": ""BNB""}, {""usdt"": 6298121.0, ""borsa"": 1, ""fiyat"": 63525.0, ""kaynak"": ""BNB""}]","[{""usdt"": 19019754.0, ""borsa"": 3, ""fiyat"": 63650.0, ""kaynak"": ""BNB+BYB+OKX""}, {""usdt"": 11020245.0, ""borsa"": 3, ""fiyat"": 63675.0, ""kaynak"": ""BNB+BYB+OKX""}, {""usdt"": 8482351.0, ""borsa"": 1, ""fiyat"": 63750.0, ""kaynak"": ""BNB""}]",YOK,-0.1383,-0.1353,0.4157,1.8074,false,,true,0.1139,0,2,3,0,1,3,40.8,41.9,IZLE,,25,63710.6,,,,,SEVIYE,50,1747.4,175,,,,,,,1785373020,2,0,,21,1036.5,21,,,
31889,2026-07-30 01:01:19.068037+00,63667.149999999994,-1688377.5014459002,-967793.6390000001,11762916010.224201,0.00007677000000000001,42954418.25956002,63.5941,34.3,BEKLE,false,63.5941,0.0,1.58,0,51100676.17798007,60.284,0.0,34.3,"[{""usdt"": 12415638.0, ""borsa"": 3, ""fiyat"": 63650.0, ""kaynak"": ""BNB+BYB+OKX""}, {""usdt"": 10596895.0, ""borsa"": 1, ""fiyat"": 63575.0, ""kaynak"": ""BNB""}, {""usdt"": 7016967.0, ""borsa"": 1, ""fiyat"": 63600.0, ""kaynak"": ""BNB""}]","[{""usdt"": 16788237.0, ""borsa"": 3, ""fiyat"": 63675.0, ""kaynak"": ""BNB+BYB+OKX""}, {""usdt"": 10173794.0, ""borsa"": 3, ""fiyat"": 63700.0, ""kaynak"": ""BNB+BYB+OKX""}, {""usdt"": 8786615.0, ""borsa"": 1, ""fiyat"": 63750.0, ""kaynak"": ""BNB""}]",YOK,-0.1104,-0.0866,0.3192,1.6947,false,0.0949,false,,0,1,3,0,2,3,37.3,38.4,IZLE,,25,63642.3,,,,,SEVIYE,95,1748.5,175,PCT,0.52,0.0,9.329867370908747,false,0.013,1785373020,1,0,,21,1037.5,21,,,
31890,2026-07-30 01:02:20.162953+00,63719.25,-1574361.749569401,-967641.703,11763498446.0604,0.00007677000000000001,43078115.88954003,63.5941,21.4,BEKLE,false,63.5941,0.0,1.58,60.87,47749390.921419986,60.87,0.0,21.4,"[{""usdt"": 14296089.0, ""borsa"": 3, ""fiyat"": 63675.0, ""kaynak"": ""BNB+BYB+OKX""}, {""usdt"": 7699340.0, ""borsa"": 1, ""fiyat"": 63600.0, ""kaynak"": ""BNB""}, {""usdt"": 7565334.0, ""borsa"": 1, ""fiyat"": 63575.0, ""kaynak"": ""BNB""}]","[{""usdt"": 18249727.0, ""borsa"": 3, ""fiyat"": 63700.0, ""kaynak"": ""BNB+BYB+OKX""}, {""usdt"": 9698486.0, ""borsa"": 1, ""fiyat"": 63775.0, ""kaynak"": ""BNB""}, {""usdt"": 7753119.0, ""borsa"": 2, ""fiyat"": 63725.0, ""kaynak"": ""BNB+OKX""}]",YOK,-0.0076,-0.0514,0.2175,3.2589,false,0.0132,false,,0,1,3,0,0,3,34.1,35.2,IZLE,,25,63710.6,,,,,SEVIYE,50,1749.5,175,,,,,,,1785373020,1,1,,21,1038.5,21,,,
31891,2026-07-30 01:03:20.48504+00,63708.850000000006,-591348.378846201,-931395.7000000001,11774303908.2255,0.00007677000000000001,43127658.99453998,254.9348,20.8,BEKLE,,0.0,254.9348,1.5833,0,50324425.954300016,121.471,0.0,20.8,"[{""usdt"": 10490879.0, ""borsa"": 3, ""fiyat"": 63725.0, ""kaynak"": ""BNB+BYB+OKX""}, {""usdt"": 8969477.0, ""borsa"": 3, ""fiyat"": 63700.0, ""kaynak"": ""BNB+BYB+OKX""}, {""usdt"": 8504342.0, ""borsa"": 1, ""fiyat"": 63650.0, ""kaynak"": ""BNB""}]","[{""usdt"": 14984828.0, ""borsa"": 3, ""fiyat"": 63750.0, ""kaynak"": ""BNB+BYB+OKX""}, {""usdt"": 8791540.0, ""borsa"": 1, ""fiyat"": 63775.0, ""kaynak"": ""BNB""}, {""usdt"": 8580205.0, ""borsa"": 1, ""fiyat"": 63850.0, ""kaynak"": ""BNB""}]",YOK,-0.0252,-0.077,0.1757,3.3063,false,0,false,,0,0,3,0,0,3,30.8,31.9,IZLE,,25,63710.6,,,,,SEVIYE,50,1750.5,175,,,,,,,1785373320,1,0,,21,1039.6,21,,,
31892,2026-07-30 01:04:20.725325+00,63753.649999999994,-455465.17129100487,-2120724.306,11774689129.3548,0.00007677000000000001,43801849.08332003,254.9184,9.0,BEKLE,,0.0,254.9184,1.5833,60.251,47718351.69404004,181.722,0.0,9.0,"[{""usdt"": 9619760.0, ""borsa"": 3, ""fiyat"": 63750.0, ""kaynak"": ""BNB+BYB+OKX""}, {""usdt"": 8511859.0, ""borsa"": 3, ""fiyat"": 63725.0, ""kaynak"": ""BNB+BYB+OKX""}, {""usdt"": 8417024.0, ""borsa"": 1, ""fiyat"": 63675.0, ""kaynak"": ""BNB""}]","[{""usdt"": 18322662.0, ""borsa"": 3, ""fiyat"": 63775.0, ""kaynak"": ""BNB+BYB+OKX""}, {""usdt"": 8677725.0, ""borsa"": 1, ""fiyat"": 63850.0, ""kaynak"": ""BNB""}, {""usdt"": 7369227.0, ""borsa"": 1, ""fiyat"": 63825.0, ""kaynak"": ""BNB""}]",YOK,0.073,-0.0428,0.6637,4.9837,false,0,false,,1,0,3,0,0,3,26.9,27.9,IZLE,,25,63710.6,,,,,SEVIYE,50,1751.5,175,,,,,,,1785373320,1,0,,21,1040.6,21,,,
31893,2026-07-30 01:05:20.914791+00,63773.850000000006,-266137.2436217009,-2071139.292,11778110552.0831,0.00007677000000000001,45098177.971030004,254.9184,18.0,BEKLE,true,0.0,254.9184,1.5833,120.482,45939481.30919996,60.231,0.0,18.0,"[{""usdt"": 10812114.0, ""borsa"": 3, ""fiyat"": 63800.0, ""kaynak"": ""BNB+BYB+OKX""}, {""usdt"": 9718387.0, ""borsa"": 1, ""fiyat"": 63725.0, ""kaynak"": ""BNB""}, {""usdt"": 8843885.0, ""borsa"": 3, ""fiyat"": 63775.0, ""kaynak"": ""BNB+BYB+OKX""}]","[{""usdt"": 15833842.0, ""borsa"": 3, ""fiyat"": 63825.0, ""kaynak"": ""BNB+BYB+OKX""}, {""usdt"": 8952182.0, ""borsa"": 1, ""fiyat"": 63850.0, ""kaynak"": ""BNB""}, {""usdt"": 8634965.0, ""borsa"": 1, ""fiyat"": 63875.0, ""kaynak"": ""BNB""}]",YOK,0.1169,-0.0092,0.5343,2.3568,false,0,false,,1,0,3,1,0,3,22.9,24,IZLE,,25,63710.6,,,,,SEVIYE,50,1752.5,176,,,,,,,1785373320,1,1,,21,1021.5,21,,,
31894,2026-07-30 01:06:21.065877+00,63738.95,1439368.456501403,-555163.12,11779824271.1224,0.00007677000000000001,43449634.97497996,2231.0878,20.3,BEKLE,false,0.0,2231.0878,1.5667,0,47170680.05858001,0,0.0,20.3,"[{""usdt"": 9541707.0, ""borsa"": 3, ""fiyat"": 63700.0, ""kaynak"": ""BNB+BYB+OKX""}, {""usdt"": 8352276.0, ""borsa"": 1, ""fiyat"": 63650.0, ""kaynak"": ""BNB""}, {""usdt"": 7977091.0, ""borsa"": 3, ""fiyat"": 63725.0, ""kaynak"": ""BNB+BYB+OKX""}]","[{""usdt"": 13759036.0, ""borsa"": 3, ""fiyat"": 63750.0, ""kaynak"": ""BNB+BYB+OKX""}, {""usdt"": 9279196.0, ""borsa"": 1, ""fiyat"": 63825.0, ""kaynak"": ""BNB""}, {""usdt"": 8223674.0, ""borsa"": 1, ""fiyat"": 63800.0, ""kaynak"": ""BNB""}]",YOK,-0.0476,-0.0411,0.8566,1.0673,false,0,false,,0,1,3,0,1,3,19.3,20.3,IZLE,,25,63710.6,,,,,SEVIYE,50,1753.5,176,,,,,,,1785373500,1,0,,21,1022.5,21,,,
31895,2026-07-30 01:07:21.478292+00,63813.95,1873452.5208869034,-612655.2970000001,11784393487.259499,0.00007677000000000001,41832903.523740016,2230.7499,16.4,BEKLE,true,0.0,2230.7499,1.5667,0,52515302.67372,60.359,0.0,16.4,"[{""usdt"": 11807947.0, ""borsa"": 3, ""fiyat"": 63775.0, ""kaynak"": ""BNB+BYB+OKX""}, {""usdt"": 7898526.0, ""borsa"": 1, ""fiyat"": 63700.0, ""kaynak"": ""BNB""}, {""usdt"": 6896425.0, ""borsa"": 1, ""fiyat"": 63725.0, ""kaynak"": ""BNB""}]","[{""usdt"": 18071670.0, ""borsa"": 3, ""fiyat"": 63825.0, ""kaynak"": ""BNB+BYB+OKX""}, {""usdt"": 8091331.0, ""borsa"": 1, ""fiyat"": 63850.0, ""kaynak"": ""BNB""}, {""usdt"": 6882616.0, ""borsa"": 1, ""fiyat"": 63875.0, ""kaynak"": ""BNB""}]",YOK,-0.0012,-0.1132,0.8844,1.3175,false,0,false,,0,1,3,0,1,3,15.8,16.9,IZLE,,25,63875.1,,,,,SEVIYE,70,1874.6,188,,,,,,,1785373500,1,0,,21,1023.5,21,,,
31896,2026-07-30 01:08:21.722658+00,63847.25,2388208.3075313037,-56788.803000000014,11795957930.6369,0.00007677000000000001,42179583.57866998,36262.905600000006,0.0,BEKLE,,0.0,36262.905600000006,1.5667,0,52244118.68390996,60.282,0.0,0.0,"[{""usdt"": 12539323.0, ""borsa"": 3, ""fiyat"": 63825.0, ""kaynak"": ""BNB+BYB+OKX""}, {""usdt"": 6955415.0, ""borsa"": 1, ""fiyat"": 63775.0, ""kaynak"": ""BNB""}, {""usdt"": 6880589.0, ""borsa"": 1, ""fiyat"": 63750.0, ""kaynak"": ""BNB""}]","[{""usdt"": 14277973.0, ""borsa"": 3, ""fiyat"": 63875.0, ""kaynak"": ""BNB+BYB+OKX""}, {""usdt"": 11226115.0, ""borsa"": 1, ""fiyat"": 63925.0, ""kaynak"": ""BNB""}, {""usdt"": 8506781.0, ""borsa"": 3, ""fiyat"": 63850.0, ""kaynak"": ""BNB+BYB+OKX""}]",YOK,0.1044,-0.1066,0.7286,1.8357,false,0,false,,0,0,3,0,0,3,12.3,13.3,IZLE,,25,63875.1,,,,,SEVIYE,70,1875.6,188,,,,,,,1785373620,1,0,,21,1024.5,21,,,
31897,2026-07-30 01:09:22.022766+00,63823.05,2019848.8310657046,-13882.08200000002,11797026172.867,0.00007677000000000001,40382158.64952002,36255.6024,47.0,BEKLE,true,0.0,36255.6024,1.5667,0,55472821.31060004,120.523,0.0,47.0,"[{""usdt"": 12956411.0, ""borsa"": 3, ""fiyat"": 63800.0, ""kaynak"": ""BNB+BYB+OKX""}, {""usdt"": 7989041.0, ""borsa"": 1, ""fiyat"": 63750.0, ""kaynak"": ""BNB""}, {""usdt"": 6882764.0, ""borsa"": 1, ""fiyat"": 63700.0, ""kaynak"": ""BNB""}]","[{""usdt"": 18150435.0, ""borsa"": 3, ""fiyat"": 63825.0, ""kaynak"": ""BNB+BYB+OKX""}, {""usdt"": 11027675.0, ""borsa"": 3, ""fiyat"": 63850.0, ""kaynak"": ""BNB+BYB+OKX""}, {""usdt"": 10491871.0, ""borsa"": 1, ""fiyat"": 63925.0, ""kaynak"": ""BNB""}]",YOK,0.0528,-0.1574,0.4807,0.7306,false,0,false,,1,0,3,0,1,3,8.7,9.7,IZLE,,25,63875.1,,,,,SEVIYE,70,1876.6,188,,,,,,,1785373620,1,0,,21,1025.6,21,,,
31898,2026-07-30 01:10:22.334887+00,63750.149999999994,1871057.8568320065,-253774.728,11789455549.0,0.00007677000000000001,44442464.32645002,36255.6024,54.7,BEKLE,false,0.0,36255.6024,1.5667,60.302,48011582.75807997,60.302,0.0,54.7,"[{""usdt"": 9741254.0, ""borsa"": 1, ""fiyat"": 63650.0, ""kaynak"": ""BNB""}, {""usdt"": 8556162.0, ""borsa"": 3, ""fiyat"": 63725.0, ""kaynak"": ""BNB+BYB+OKX""}, {""usdt"": 8126672.0, ""borsa"": 1, ""fiyat"": 63700.0, ""kaynak"": ""BNB""}]","[{""usdt"": 18302692.0, ""borsa"": 3, ""fiyat"": 63775.0, ""kaynak"": ""BNB+BYB+OKX""}, {""usdt"": 8302041.0, ""borsa"": 1, ""fiyat"": 63825.0, ""kaynak"": ""BNB""}, {""usdt"": 6211219.0, ""borsa"": 1, ""fiyat"": 63875.0, ""kaynak"": ""BNB""}]",YOK,0.0254,-0.0386,0.481,0.289,false,0,false,,1,1,3,0,1,3,5.2,6.2,IZLE,,25,63710.6,,,,,SEVIYE,50,1757.5,176,,,,,,,1785373620,1,1,,21,1026.6,21,,,
31899,2026-07-30 01:11:22.957052+00,63781.75,1786797.1672462008,293183.554,11780537297.7183,0.00007677000000000001,40081589.17815001,34279.7709,31.4,BEKLE,false,0.0,34279.7709,1.5667,60.302,53791511.88658001,120.604,0.0,31.4,"[{""usdt"": 11368157.0, ""borsa"": 3, ""fiyat"": 63750.0, ""kaynak"": ""BNB+BYB+OKX""}, {""usdt"": 8281400.0, ""borsa"": 1, ""fiyat"": 63700.0, ""kaynak"": ""BNB""}, {""usdt"": 7536598.0, ""borsa"": 1, ""fiyat"": 63675.0, ""kaynak"": ""BNB""}]","[{""usdt"": 16246475.0, ""borsa"": 2, ""fiyat"": 63800.0, ""kaynak"": ""BNB+BYB""}, {""usdt"": 8937332.0, ""borsa"": 1, ""fiyat"": 63875.0, ""kaynak"": ""BNB""}, {""usdt"": 8562636.0, ""borsa"": 1, ""fiyat"": 63825.0, ""kaynak"": ""BNB""}]",YOK,-0.0015,-0.146,0.244,1.6296,false,0,false,,0,1,3,0,1,3,1.7,63.5,IZLE,,25,63710.6,,,,,SEVIYE,50,1758.5,176,,,,,,,1785373620,1,0,,21,1027.6,21,,,
31900,2026-07-30 01:12:23.147323+00,63743.95,1991735.3719018004,255811.24199999997,11781161238.524601,0.00007677000000000001,40138891.50811001,34279.7709,37.7,BEKLE,false,0.0,34279.7709,1.5667,120.894,51923051.134870015,181.196,0.0,37.7,"[{""usdt"": 8422297.0, ""borsa"": 3, ""fiyat"": 63775.0, ""kaynak"": ""BNB+BYB+OKX""}, {""usdt"": 8299933.0, ""borsa"": 3, ""fiyat"": 63750.0, ""kaynak"": ""BNB+BYB+OKX""}, {""usdt"": 8281400.0, ""borsa"": 1, ""fiyat"": 63700.0, ""kaynak"": ""BNB""}]","[{""usdt"": 21130122.0, ""borsa"": 3, ""fiyat"": 63800.0, ""kaynak"": ""BNB+BYB+OKX""}, {""usdt"": 8937332.0, ""borsa"": 1, ""fiyat"": 63875.0, ""kaynak"": ""BNB""}, {""usdt"": 8562636.0, ""borsa"": 1, ""fiyat"": 63825.0, ""kaynak"": ""BNB""}]",YOK,-0.0015,-0.128,0.0969,3.1062,false,0,false,,0,1,3,0,1,3,62.3,63.4,IZLE,,25,63710.6,,,,,SEVIYE,50,1759.5,176,,,,,,,1785373620,1,1,,21,1028.6,21,,,
31901,2026-07-30 01:13:23.570028+00,63741.649999999994,1581609.5111152017,35750.319999999985,11782399244.617,0.00007677000000000001,45185751.432030015,0.0,15.4,BEKLE,false,0.0,0.0,1.5707,0,44841652.26739,181.135,0.0,15.4,"[{""usdt"": 13345370.0, ""borsa"": 3, ""fiyat"": 63725.0, ""kaynak"": ""BNB+BYB+OKX""}, {""usdt"": 8603063.0, ""borsa"": 1, ""fiyat"": 63675.0, ""kaynak"": ""BNB""}, {""usdt"": 8090313.0, ""borsa"": 1, ""fiyat"": 63650.0, ""kaynak"": ""BNB""}]","[{""usdt"": 10037995.0, ""borsa"": 1, ""fiyat"": 63825.0, ""kaynak"": ""BNB""}, {""usdt"": 9784589.0, ""borsa"": 3, ""fiyat"": 63775.0, ""kaynak"": ""BNB+BYB+OKX""}, {""usdt"": 9708318.0, ""borsa"": 3, ""fiyat"": 63750.0, ""kaynak"": ""BNB+BYB+OKX""}]",YOK,-0.0619,0.0038,0.8729,6.1855,false,0,false,,1,1,3,0,0,3,58.7,59.8,IZLE,,25,63710.6,,,,,SEVIYE,50,1760.5,176,,,,,,,,,0,,21,1029.6,21,,,
31902,2026-07-30 01:14:23.836465+00,63703.350000000006,1496045.5756119026,80720.49300000003,11781045636.1067,0.00007677000000000001,42332279.15949002,0.0,16.9,BEKLE,false,0.0,0.0,1.5707,60.433,48001531.05710003,241.568,0.0,16.9,"[{""usdt"": 12613980.0, ""borsa"": 3, ""fiyat"": 63725.0, ""kaynak"": ""BNB+BYB+OKX""}, {""usdt"": 7707764.0, ""borsa"": 1, ""fiyat"": 63650.0, ""kaynak"": ""BNB""}, {""usdt"": 6809525.0, ""borsa"": 1, ""fiyat"": 63675.0, ""kaynak"": ""BNB""}]","[{""usdt"": 17157426.0, ""borsa"": 3, ""fiyat"": 63775.0, ""kaynak"": ""BNB+BYB+OKX""}, {""usdt"": 10440331.0, ""borsa"": 3, ""fiyat"": 63750.0, ""kaynak"": ""BNB+BYB+OKX""}, {""usdt"": 6928107.0, ""borsa"": 1, ""fiyat"": 63800.0, ""kaynak"": ""BNB""}]",YOK,-0.0222,-0.0628,0.8135,10.0662,false,0,false,,0,1,3,0,0,3,55.3,56.4,IZLE,,25,63710.6,,,,,SEVIYE,50,1761.5,176,,,,,,,,,0,,21,1030.6,21,,,
31903,2026-07-30 01:15:24.071715+00,63674.649999999994,966235.3851560027,-376171.07399999996,11771189406.3303,0.00007677000000000001,46702091.92756998,0.0,13.5,BEKLE,true,0.0,0.0,1.5707,60.254,45627720.22865999,241.52,13.5,0.0,"[{""usdt"": 10524885.0, ""borsa"": 1, ""fiyat"": 63600.0, ""kaynak"": ""BNB""}, {""usdt"": 10502007.0, ""borsa"": 3, ""fiyat"": 63700.0, ""kaynak"": ""BNB+BYB+OKX""}, {""usdt"": 8432788.0, ""borsa"": 3, ""fiyat"": 63675.0, ""kaynak"": ""BNB+BYB+OKX""}]","[{""usdt"": 15456632.0, ""borsa"": 3, ""fiyat"": 63725.0, ""kaynak"": ""BNB+BYB+OKX""}, {""usdt"": 9734437.0, ""borsa"": 1, ""fiyat"": 63800.0, ""kaynak"": ""BNB""}, {""usdt"": 7402765.0, ""borsa"": 1, ""fiyat"": 63750.0, ""kaynak"": ""BNB""}]",YOK,-0.0445,0.0116,0.8513,3.7329,false,0,false,,0,1,3,0,1,3,51.8,52.9,IZLE,,25,63661.6,,,,,SEVIYE,75,1762.5,177,,,,,,,,,0,,19,1051.6,19,,,
31904,2026-07-30 01:16:24.287876+00,63683.75,-2280149.484928296,-1736946.7890000003,11771621253.118,0.00007677000000000001,42799972.96055001,0.0,34.8,BEKLE,true,0.0,0.0,1.5707,60.194,47578584.11675,0,34.8,0.0,"[{""usdt"": 13203319.0, ""borsa"": 3, ""fiyat"": 63650.0, ""kaynak"": ""BNB+BYB+OKX""}, {""usdt"": 8945108.0, ""borsa"": 1, ""fiyat"": 63575.0, ""kaynak"": ""BNB""}, {""usdt"": 7701260.0, ""borsa"": 1, ""fiyat"": 63600.0, ""kaynak"": ""BNB""}]","[{""usdt"": 9984335.0, ""borsa"": 3, ""fiyat"": 63700.0, ""kaynak"": ""BNB+BYB+OKX""}, {""usdt"": 9195258.0, ""borsa"": 3, ""fiyat"": 63675.0, ""kaynak"": ""BNB+BYB+OKX""}, {""usdt"": 7795196.0, ""borsa"": 1, ""fiyat"": 63800.0, ""kaynak"": ""BNB""}]",YOK,-0.2181,-0.0529,0.6081,0.7697,false,0.6887,false,,0,2,3,0,2,3,48.2,49.3,IZLE,,25,63661.6,,,,,SEVIYE,75,1763.5,177,,,,,,,,,0,,19,1052.6,19,,,
31905,2026-07-30 01:17:25.250969+00,63725.25,-2269992.535679794,-1481976.0320000001,11775313051.844799,0.00007677000000000001,46916958.380699985,0.0,57.7,BEKLE,true,0.0,0.0,1.5707,121.055,45736517.3304,60.861,57.7,0.0,"[{""usdt"": 11342015.0, ""borsa"": 1, ""fiyat"": 63575.0, ""kaynak"": ""BNB""}, {""usdt"": 9303307.0, ""borsa"": 3, ""fiyat"": 63675.0, ""kaynak"": ""BNB+BYB+OKX""}, {""usdt"": 7730695.0, ""borsa"": 3, ""fiyat"": 63650.0, ""kaynak"": ""BNB+BYB+OKX""}]","[{""usdt"": 19168188.0, ""borsa"": 3, ""fiyat"": 63700.0, ""kaynak"": ""BNB+BYB+OKX""}, {""usdt"": 8713658.0, ""borsa"": 1, ""fiyat"": 63750.0, ""kaynak"": ""BNB""}, {""usdt"": 5930535.0, ""borsa"": 1, ""fiyat"": 63775.0, ""kaynak"": ""BNB""}]",YOK,-0.1302,0.0127,0.6552,0.1511,false,,false,,0,1,3,0,0,3,45.2,46.3,IZLE,,25,63710.6,,,,,SEVIYE,50,1764.5,177,,,,,,,,,0,,19,1053.6,19,,,
31906,2026-07-30 01:18:25.470689+00,63676.649999999994,-2470277.036925693,-1525972.5010000002,11777720633.446201,0.00007677000000000001,41821032.839530006,0.0,35.5,BEKLE,true,0.0,0.0,1.5694,0,58806728.595909975,121.206,35.5,0.0,"[{""usdt"": 11883615.0, ""borsa"": 3, ""fiyat"": 63700.0, ""kaynak"": ""BNB+BYB+OKX""}, {""usdt"": 9413271.0, ""borsa"": 2, ""fiyat"": 63675.0, ""kaynak"": ""BNB+BYB""}, {""usdt"": 8185795.0, ""borsa"": 1, ""fiyat"": 63625.0, ""kaynak"": ""BNB""}]","[{""usdt"": 14941485.0, ""borsa"": 3, ""fiyat"": 63750.0, ""kaynak"": ""BNB+BYB+OKX""}, {""usdt"": 12070843.0, ""borsa"": 2, ""fiyat"": 63725.0, ""kaynak"": ""BYB+OKX""}, {""usdt"": 8861100.0, ""borsa"": 1, ""fiyat"": 63800.0, ""kaynak"": ""BNB""}]",YOK,-0.1259,-0.1688,0.6678,0.563,false,,true,0.2884,0,1,3,0,2,3,41.8,42.8,IZLE,,25,63661.6,,,,,SEVIYE,75,1765.6,177,,,,,,,,,0,,19,1054.6,19,,,
31907,2026-07-30 01:19:25.730946+00,63705.95,-2221199.162819493,-1541978.242,11776101537.92,0.00007677000000000001,42142797.38005999,0.0,44.1,BEKLE,true,0.0,0.0,1.5694,0,56011933.13115997,60.201,44.1,0.0,"[{""usdt"": 12151874.0, ""borsa"": 3, ""fiyat"": 63675.0, ""kaynak"": ""BNB+BYB+OKX""}, {""usdt"": 9014396.0, ""borsa"": 1, ""fiyat"": 63600.0, ""kaynak"": ""BNB""}, {""usdt"": 8813594.0, ""borsa"": 1, ""fiyat"": 63625.0, ""kaynak"": ""BNB""}]","[{""usdt"": 14673954.0, ""borsa"": 3, ""fiyat"": 63700.0, ""kaynak"": ""BNB+BYB+OKX""}, {""usdt"": 13134234.0, ""borsa"": 3, ""fiyat"": 63725.0, ""kaynak"": ""BNB+BYB+OKX""}, {""usdt"": 9593741.0, ""borsa"": 1, ""fiyat"": 63750.0, ""kaynak"": ""BNB""}]",YOK,-0.0722,-0.1413,0.6396,0.0235,false,,true,0.195,1,1,3,0,1,3,38,39.1,IZLE,,25,63710.6,,,,,SEVIYE,50,1766.6,177,,,,,,,,,0,,19,1055.6,19,,,
31908,2026-07-30 01:20:26.040278+00,63729.55,-1568620.4043454973,-1014878.892,11781319803.4118,0.00007677000000000001,44227839.86029001,0.0,36.3,BEKLE,true,0.0,0.0,1.5694,60.295,57005607.29512,0,36.3,0.0,"[{""usdt"": 11758809.0, ""borsa"": 3, ""fiyat"": 63700.0, ""kaynak"": ""BNB+BYB+OKX""}, {""usdt"": 8724557.0, ""borsa"": 1, ""fiyat"": 63600.0, ""kaynak"": ""BNB""}, {""usdt"": 7919316.0, ""borsa"": 1, ""fiyat"": 63625.0, ""kaynak"": ""BNB""}]","[{""usdt"": 17451593.0, ""borsa"": 3, ""fiyat"": 63750.0, ""kaynak"": ""BNB+BYB+OKX""}, {""usdt"": 12695131.0, ""borsa"": 3, ""fiyat"": 63725.0, ""kaynak"": ""BNB+BYB+OKX""}, {""usdt"": 7799359.0, ""borsa"": 1, ""fiyat"": 63775.0, ""kaynak"": ""BNB""}]",YOK,-0.1598,-0.1262,0.7546,0.8598,false,,true,0,0,2,3,0,1,3,34.5,35.6,HAZIRLAN,SHORT,50,63710.6,63710.6,63661.6,63884.2,0.44,SEVIYE+EMILIM,50,1767.6,177,,,,,,,,,0,0.12,19,1056.6,19,,,
31909,2026-07-30 01:21:26.314152+00,63761.649999999994,-1696717.796621797,-990366.645,11780521902.822601,0.00007677000000000001,47521667.84292001,0.0,23.5,BEKLE,false,0.0,0.0,1.5687,120.589,52683539.08676998,60.294,0.0,23.5,"[{""usdt"": 9452221.0, ""borsa"": 3, ""fiyat"": 63700.0, ""kaynak"": ""BNB+BYB+OKX""}, {""usdt"": 9042741.0, ""borsa"": 1, ""fiyat"": 63600.0, ""kaynak"": ""BNB""}, {""usdt"": 8399440.0, ""borsa"": 3, ""fiyat"": 63725.0, ""kaynak"": ""BNB+BYB+OKX""}]","[{""usdt"": 21975705.0, ""borsa"": 3, ""fiyat"": 63750.0, ""kaynak"": ""BNB+BYB+OKX""}, {""usdt"": 7846708.0, ""borsa"": 1, ""fiyat"": 63800.0, ""kaynak"": ""BNB""}, {""usdt"": 7083275.0, ""borsa"": 1, ""fiyat"": 63775.0, ""kaynak"": ""BNB""}]",YOK,-0.0776,-0.0515,0.3771,2.6486,false,,false,,0,1,3,0,1,3,24.1,25.1,IZLE,,25,63710.6,,,,,SEVIYE,50,1768.6,177,,,,,,,,,0,,19,1057.6,19,,,
31910,2026-07-30 01:22:26.56851+00,63758.75,-1608824.319712796,-994284.028,11782532278.6164,0.00007677000000000001,42942917.72447001,0.0,22.0,BEKLE,,0.0,0.0,1.5687,120.564,52135889.770529926,60.27,0.0,22.0,"[{""usdt"": 11475491.0, ""borsa"": 3, ""fiyat"": 63725.0, ""kaynak"": ""BNB+BYB+OKX""}, {""usdt"": 8339771.0, ""borsa"": 1, ""fiyat"": 63675.0, ""kaynak"": ""BNB""}, {""usdt"": 7588199.0, ""borsa"": 2, ""fiyat"": 63700.0, ""kaynak"": ""BNB+BYB""}]","[{""usdt"": 13607973.0, ""borsa"": 3, ""fiyat"": 63750.0, ""kaynak"": ""BNB+BYB+OKX""}, {""usdt"": 13136437.0, ""borsa"": 2, ""fiyat"": 63775.0, ""kaynak"": ""BNB+OKX""}, {""usdt"": 8519796.0, ""borsa"": 1, ""fiyat"": 63850.0, ""kaynak"": ""BNB""}]",YOK,-0.096,-0.0967,0.5123,1.3644,false,,false,,0,1,3,0,0,3,20.5,21.6,IZLE,,25,63710.6,,,,,SEVIYE,50,1769.6,177,,,,,,,,,0,,19,1058.7,19,,,
31911,2026-07-30 01:23:26.942734+00,63772.55,-1221585.3053500955,-994109.176,11787751802.3573,0.00007677000000000001,40616240.07511997,0.0,16.0,BEKLE,false,0.0,0.0,1.5687,0,48589723.05163,60.27,0.0,16.0,"[{""usdt"": 12478607.0, ""borsa"": 3, ""fiyat"": 63750.0, ""kaynak"": ""BNB+BYB+OKX""}, {""usdt"": 8049822.0, ""borsa"": 1, ""fiyat"": 63700.0, ""kaynak"": ""BNB""}, {""usdt"": 6314154.0, ""borsa"": 1, ""fiyat"": 63675.0, ""kaynak"": ""BNB""}]","[{""usdt"": 17708707.0, ""borsa"": 3, ""fiyat"": 63800.0, ""kaynak"": ""BNB+BYB+OKX""}, {""usdt"": 8722808.0, ""borsa"": 1, ""fiyat"": 63850.0, ""kaynak"": ""BNB""}, {""usdt"": 6435165.0, ""borsa"": 3, ""fiyat"": 63775.0, ""kaynak"": ""BNB+BYB+OKX""}]",YOK,0.0208,-0.0894,0.6452,2.607,false,,false,,0,0,3,0,1,3,17,18.1,IZLE,,25,63710.6,,,,,SEVIYE,50,1770.6,177,,,,,,,,,0,,19,1059.7,19,,,
31912,2026-07-30 01:24:27.210383+00,63788.95,-941817.6280162942,-321881.858,11789556363.7661,0.00007677000000000001,43074603.58471998,0.0,33.8,BEKLE,false,0.0,0.0,1.5687,60.405,52981069.25238002,120.675,0.0,33.8,"[{""usdt"": 9883962.0, ""borsa"": 3, ""fiyat"": 63750.0, ""kaynak"": ""BNB+BYB+OKX""}, {""usdt"": 8931332.0, ""borsa"": 1, ""fiyat"": 63700.0, ""kaynak"": ""BNB""}, {""usdt"": 8618273.0, ""borsa"": 3, ""fiyat"": 63775.0, ""kaynak"": ""BNB+BYB+OKX""}]","[{""usdt"": 20245123.0, ""borsa"": 3, ""fiyat"": 63800.0, ""kaynak"": ""BNB+BYB+OKX""}, {""usdt"": 8419180.0, ""borsa"": 1, ""fiyat"": 63850.0, ""kaynak"": ""BNB""}, {""usdt"": 7196790.0, ""borsa"": 1, ""fiyat"": 63875.0, ""kaynak"": ""BNB""}]",YOK,0.0166,-0.1031,0.4482,1.5291,false,,false,,0,0,3,0,0,3,13.6,14.7,IZLE,,25,63710.6,,,,,SEVIYE,50,1771.6,177,,,,,,,,,0,,19,1060.7,19,,,
31913,2026-07-30 01:25:27.462186+00,63808.05,552689.4818063047,393227.20200000005,11792174446.917,0.00007677000000000001,41800840.11823994,0.0,36.6,BEKLE,false,0.0,0.0,1.5687,0,48317930.17895,180.903,0.0,36.6,"[{""usdt"": 8503020.0, ""borsa"": 3, ""fiyat"": 63800.0, ""kaynak"": ""BNB+BYB+OKX""}, {""usdt"": 8423226.0, ""borsa"": 3, ""fiyat"": 63775.0, ""kaynak"": ""BNB+BYB+OKX""}, {""usdt"": 7762373.0, ""borsa"": 1, ""fiyat"": 63725.0, ""kaynak"": ""BNB""}]","[{""usdt"": 17154281.0, ""borsa"": 3, ""fiyat"": 63825.0, ""kaynak"": ""BNB+BYB+OKX""}, {""usdt"": 9552987.0, ""borsa"": 1, ""fiyat"": 63875.0, ""kaynak"": ""BNB""}, {""usdt"": 8746689.0, ""borsa"": 1, ""fiyat"": 63850.0, ""kaynak"": ""BNB""}]",YOK,0.0235,-0.0723,0.541,1.0406,true,0.3239,false,,1,0,3,0,0,3,10.1,11.1,IZLE,,25,63837.6,,,,,SEVIYE,55,1892.7,190,,,,,,,,,0,,19,1061.7,19,,,
31914,2026-07-30 01:26:27.771452+00,63800.05,-1062393.1040375966,379895.674,11793483283.736,0.00007677000000000001,42053871.140679955,0.0,48.6,BEKLE,false,0.0,0.0,1.5687,60.307,55339595.155790016,241.21,0.0,48.6,"[{""usdt"": 12564709.0, ""borsa"": 3, ""fiyat"": 63775.0, ""kaynak"": ""BNB+BYB+OKX""}, {""usdt"": 8498730.0, ""borsa"": 1, ""fiyat"": 63725.0, ""kaynak"": ""BNB""}, {""usdt"": 6758695.0, ""borsa"": 1, ""fiyat"": 63750.0, ""kaynak"": ""BNB""}]","[{""usdt"": 17438452.0, ""borsa"": 3, ""fiyat"": 63825.0, ""kaynak"": ""BNB+BYB+OKX""}, {""usdt"": 10901473.0, ""borsa"": 1, ""fiyat"": 63900.0, ""kaynak"": ""BNB""}, {""usdt"": 8100004.0, ""borsa"": 3, ""fiyat"": 63800.0, ""kaynak"": ""BNB+BYB+OKX""}]",YOK,-0.0239,-0.1364,0.2659,0.8363,false,,true,0.1079,0,0,3,0,0,3,6.6,7.6,IZLE,,25,63837.6,,,,,SEVIYE,55,1893.7,190,,,,,,,,,0,,19,1062.7,19,,,
31915,2026-07-30 01:27:27.994368+00,63797.05,-1066977.5055175961,328827.151,11792382108.765999,0.00007677000000000001,42503561.281339936,0.0,45.2,BEKLE,false,0.0,0.0,1.5727,120.555,46894083.57041998,301.458,0.0,45.2,"[{""usdt"": 13274448.0, ""borsa"": 3, ""fiyat"": 63775.0, ""kaynak"": ""BNB+BYB+OKX""}, {""usdt"": 7966391.0, ""borsa"": 1, ""fiyat"": 63700.0, ""kaynak"": ""BNB""}, {""usdt"": 6850076.0, ""borsa"": 1, ""fiyat"": 63725.0, ""kaynak"": ""BNB""}]","[{""usdt"": 12722304.0, ""borsa"": 3, ""fiyat"": 63825.0, ""kaynak"": ""BNB+BYB+OKX""}, {""usdt"": 9162518.0, ""borsa"": 3, ""fiyat"": 63800.0, ""kaynak"": ""BNB+BYB+OKX""}, {""usdt"": 8861230.0, ""borsa"": 1, ""fiyat"": 63900.0, ""kaynak"": ""BNB""}]",YOK,-0.0508,-0.0491,0.2427,0.8912,false,,true,0.0754,0,0,3,0,0,3,3,4,IZLE,,25,63837.6,,,,,SEVIYE,55,1894.7,190,,,,,,,,,0,,19,1063.7,19,,,
31916,2026-07-30 01:28:28.223395+00,63813.75,-1676794.838057895,645553.466,11795933801.8108,0.00007677000000000001,41069724.57143996,0.0,68.6,BEKLE,false,0.0,0.0,1.5727,180.767,60793912.368319996,361.67,0.0,68.6,"[{""usdt"": 13675199.0, ""borsa"": 3, ""fiyat"": 63775.0, ""kaynak"": ""BNB+BYB+OKX""}, {""usdt"": 7931849.0, ""borsa"": 1, ""fiyat"": 63750.0, ""kaynak"": ""BNB""}, {""usdt"": 6772898.0, ""borsa"": 1, ""fiyat"": 63700.0, ""kaynak"": ""BNB""}]","[{""usdt"": 16061190.0, ""borsa"": 3, ""fiyat"": 63825.0, ""kaynak"": ""BNB+BYB+OKX""}, {""usdt"": 13525662.0, ""borsa"": 1, ""fiyat"": 63925.0, ""kaynak"": ""BNB""}, {""usdt"": 8925451.0, ""borsa"": 1, ""fiyat"": 63850.0, ""kaynak"": ""BNB""}]",YOK,-0.0508,-0.1936,0.1785,0.839,false,,false,0.1365,0,0,3,0,1,3,63.2,61.7,IZLE,,25,63837.6,,,,,SEVIYE,55,1895.8,190,,,,,,,,,0,,19,1064.7,19,,,
31917,2026-07-30 01:29:28.529515+00,63813.75,-1610662.3509496911,635894.3420000001,11795574949.3245,0.00007677000000000001,41910994.23156996,0.0,42.9,BEKLE,false,0.0,0.0,1.5727,241.033,58035492.44537,421.936,0.0,42.9,"[{""usdt"": 11501865.0, ""borsa"": 3, ""fiyat"": 63800.0, ""kaynak"": ""BNB+BYB+OKX""}, {""usdt"": 7931849.0, ""borsa"": 1, ""fiyat"": 63750.0, ""kaynak"": ""BNB""}, {""usdt"": 7108016.0, ""borsa"": 2, ""fiyat"": 63775.0, ""kaynak"": ""BNB+BYB""}]","[{""usdt"": 19023142.0, ""borsa"": 3, ""fiyat"": 63825.0, ""kaynak"": ""BNB+BYB+OKX""}, {""usdt"": 13525662.0, ""borsa"": 1, ""fiyat"": 63925.0, ""kaynak"": ""BNB""}, {""usdt"": 9440643.0, ""borsa"": 2, ""fiyat"": 63850.0, ""kaynak"": ""BNB+OKX""}]",YOK,-0.0046,-0.1613,0.3534,0.6804,false,,false,0.2552,0,0,3,1,1,3,59.7,60.7,IZLE,,25,63837.6,,,,,SEVIYE,55,1896.8,190,,,,,,,,,0,,19,1065.7,19,,,
31918,2026-07-30 01:30:28.793185+00,63811.55,-941984.8546087903,957076.588,11795477944.847599,0.00007677000000000001,42911102.56546997,0.0,41.5,BEKLE,false,0.0,0.0,1.5727,301.335,55936004.09713001,361.563,0.0,41.5,"[{""usdt"": 12119114.0, ""borsa"": 3, ""fiyat"": 63800.0, ""kaynak"": ""BNB+BYB+OKX""}, {""usdt"": 7793219.0, ""borsa"": 1, ""fiyat"": 63725.0, ""kaynak"": ""BNB""}, {""usdt"": 7754608.0, ""borsa"": 1, ""fiyat"": 63750.0, ""kaynak"": ""BNB""}]","[{""usdt"": 15923228.0, ""borsa"": 3, ""fiyat"": 63825.0, ""kaynak"": ""BNB+BYB+OKX""}, {""usdt"": 12092157.0, ""borsa"": 1, ""fiyat"": 63925.0, ""kaynak"": ""BNB""}, {""usdt"": 10036929.0, ""borsa"": 3, ""fiyat"": 63850.0, ""kaynak"": ""BNB+BYB+OKX""}]",YOK,0.0017,-0.1318,0.6747,0.082,true,0,false,,0,0,3,0,2,3,56.2,57.2,IZLE,,25,63837.6,,,,,SEVIYE,55,1897.8,190,,,,,,,,,0,,19,1066.7,19,,,
31919,2026-07-30 01:31:29.38412+00,63843.05,-515101.2013909902,1094780.6340000003,11799651926.1634,0.00007677000000000001,46111535.16025,255.3724,38.0,BEKLE,,0.0,255.3724,1.5727,361.779,60338336.80494,361.779,0.0,38.0,"[{""usdt"": 10395461.0, ""borsa"": 3, ""fiyat"": 63800.0, ""kaynak"": ""BNB+BYB+OKX""}, {""usdt"": 8719694.0, ""borsa"": 3, ""fiyat"": 63825.0, ""kaynak"": ""BNB+BYB+OKX""}, {""usdt"": 7896789.0, ""borsa"": 1, ""fiyat"": 63725.0, ""kaynak"": ""BNB""}]","[{""usdt"": 23166975.0, ""borsa"": 3, ""fiyat"": 63850.0, ""kaynak"": ""BNB+BYB+OKX""}, {""usdt"": 13027204.0, ""borsa"": 1, ""fiyat"": 63925.0, ""kaynak"": ""BNB""}, {""usdt"": 10472888.0, ""borsa"": 1, ""fiyat"": 63900.0, ""kaynak"": ""BNB""}]",YOK,0.0259,-0.1336,0.3746,1.5282,false,,false,,0,0,3,0,1,3,52.8,53.9,IZLE,,25,63837.6,,,,,SEVIYE,55,1898.8,190,,,,,,,1785375000,1,0,,19,1067.7,19,,,
31920,2026-07-30 01:32:29.607724+00,63918.05,-515101.2013909902,1094780.6340000003,11799651926.1634,0.00007677000000000001,42445787.98257999,255.3724,19.9,BEKLE,false,0.0,255.3724,1.5727,0,56254862.00856997,241.376,0.0,19.9,"[{""usdt"": 11078927.0, ""borsa"": 3, ""fiyat"": 63825.0, ""kaynak"": ""BNB+BYB+OKX""}, {""usdt"": 8080176.0, ""borsa"": 1, ""fiyat"": 63775.0, ""kaynak"": ""BNB""}, {""usdt"": 7009416.0, ""borsa"": 1, ""fiyat"": 63750.0, ""kaynak"": ""BNB""}]","[{""usdt"": 19605115.0, ""borsa"": 3, ""fiyat"": 63875.0, ""kaynak"": ""BNB+BYB+OKX""}, {""usdt"": 12668559.0, ""borsa"": 1, ""fiyat"": 63925.0, ""kaynak"": ""BNB""}, {""usdt"": 7024434.0, ""borsa"": 3, ""fiyat"": 63850.0, ""kaynak"": ""BNB+BYB+OKX""}]",YOK,0.1019,-0.1399,0.3605,4.1042,false,,false,,1,0,3,0,1,3,49.3,50.4,IZLE,,25,63956.2,,,,,SEVIYE,80,2019.9,202,,,,,,,1785375000,1,0,,19,1068.7,19,,,
31921,2026-07-30 01:33:29.906303+00,63928.05,141541.0347733057,1869257.6730000002,11813787292.171999,0.00007677000000000001,45325179.93680998,38797.9978,30.3,BEKLE,false,0.0,38797.9978,1.5747,0,57920759.97029001,301.659,0.0,30.3,"[{""usdt"": 11800954.0, ""borsa"": 3, ""fiyat"": 63875.0, ""kaynak"": ""BNB+BYB+OKX""}, {""usdt"": 7836174.0, ""borsa"": 1, ""fiyat"": 63775.0, ""kaynak"": ""BNB""}, {""usdt"": 7347340.0, ""borsa"": 1, ""fiyat"": 63825.0, ""kaynak"": ""BNB""}]","[{""usdt"": 18891263.0, ""borsa"": 3, ""fiyat"": 63925.0, ""kaynak"": ""BNB+BYB+OKX""}, {""usdt"": 16597191.0, ""borsa"": 1, ""fiyat"": 64000.0, ""kaynak"": ""BNB""}, {""usdt"": 7881800.0, ""borsa"": 1, ""fiyat"": 63975.0, ""kaynak"": ""BNB""}]",YOK,0.0275,-0.122,0.5376,1.7542,false,,false,,0,0,3,1,2,3,45.8,46.8,IZLE,,25,63956.2,,,,,SEVIYE,80,2020.9,202,,,,,,,1785375120,2,0,,19,1069.7,19,,,
31922,2026-07-30 01:34:30.407569+00,63935.05,506495.5458421103,1943905.6220000002,11814275235.1866,0.00007677000000000001,44205181.52570002,73958.32879999999,22.4,BEKLE,false,0.0,73958.32879999999,1.5747,60.272,52972736.275830045,361.931,0.0,22.4,"[{""usdt"": 10809572.0, ""borsa"": 3, ""fiyat"": 63900.0, ""kaynak"": ""BNB+BYB+OKX""}, {""usdt"": 7610185.0, ""borsa"": 3, ""fiyat"": 63925.0, ""kaynak"": ""BNB+BYB+OKX""}, {""usdt"": 7371062.0, ""borsa"": 1, ""fiyat"": 63850.0, ""kaynak"": ""BNB""}]","[{""usdt"": 16291223.0, ""borsa"": 3, ""fiyat"": 63950.0, ""kaynak"": ""BNB+BYB+OKX""}, {""usdt"": 15087265.0, ""borsa"": 1, ""fiyat"": 64000.0, ""kaynak"": ""BNB""}, {""usdt"": 6903825.0, ""borsa"": 1, ""fiyat"": 64025.0, ""kaynak"": ""BNB""}]",YOK,0.0756,-0.0902,0.5588,1.6619,false,,false,,1,0,3,0,0,3,42.2,43.3,IZLE,,25,63956.2,,,,,SEVIYE,80,2021.9,202,,,,,,,1785375180,2,0,,19,1070.7,19,,,
31923,2026-07-30 01:35:30.762371+00,63981.350000000006,584109.7698239111,2024949.8010000002,11813528700.8233,0.00007677000000000001,46505712.86208002,74667.4834,0.0,BEKLE,,0.0,74667.4834,1.5747,0,55410363.70011002,181.19,0.0,0.0,"[{""usdt"": 13881927.0, ""borsa"": 3, ""fiyat"": 63925.0, ""kaynak"": ""BNB+BYB+OKX""}, {""usdt"": 8279432.0, ""borsa"": 1, ""fiyat"": 63850.0, ""kaynak"": ""BNB""}, {""usdt"": 7333753.0, ""borsa"": 1, ""fiyat"": 63875.0, ""kaynak"": ""BNB""}]","[{""usdt"": 15643306.0, ""borsa"": 3, ""fiyat"": 63975.0, ""kaynak"": ""BNB+BYB+OKX""}, {""usdt"": 13269417.0, ""borsa"": 1, ""fiyat"": 64000.0, ""kaynak"": ""BNB""}, {""usdt"": 11998917.0, ""borsa"": 3, ""fiyat"": 63950.0, ""kaynak"": ""BNB+BYB+OKX""}]",YOK,0.1453,-0.0874,0.529,3.0587,false,,false,4.3596,2,0,3,1,1,3,39,40.1,IZLE,,25,63958.1,,,,,SEVIYE,80,2022.9,203,,,,,,,1785375180,2,0,,19,1051.7,19,,,
31924,2026-07-30 01:36:31.00796+00,64033.649999999994,-1088938.533275988,1251969.511,11821753442.035702,0.00007677000000000001,46248398.951290034,81833.8132,0.0,BEKLE,,0.0,81833.8132,1.5793,0,50665254.13650003,0,0.0,0.0,"[{""usdt"": 14187293.0, ""borsa"": 3, ""fiyat"": 64000.0, ""kaynak"": ""BNB+BYB+OKX""}, {""usdt"": 7633595.0, ""borsa"": 1, ""fiyat"": 63925.0, ""kaynak"": ""BNB""}, {""usdt"": 7458192.0, ""borsa"": 3, ""fiyat"": 63975.0, ""kaynak"": ""BNB+BYB+OKX""}]","[{""usdt"": 15143861.0, ""borsa"": 3, ""fiyat"": 64025.0, ""kaynak"": ""BNB+BYB+OKX""}, {""usdt"": 11369016.0, ""borsa"": 3, ""fiyat"": 64050.0, ""kaynak"": ""BNB+BYB+OKX""}, {""usdt"": 9804366.0, ""borsa"": 1, ""fiyat"": 64100.0, ""kaynak"": ""BNB""}]",YOK,0.1373,-0.0456,0.7415,12.7933,false,,false,0.6706,1,0,3,0,1,3,35.5,36.5,IZLE,,25,64030.6,,,,,SEVIYE,60,2634.8,264,,,,,,,1785375300,2,0,,19,1052.7,19,,,
31925,2026-07-30 01:37:31.390153+00,63962.55,1414897.9794812123,1805896.4389999998,11825404726.921501,0.00007677000000000001,43647712.21557009,150076.4152,25.5,BEKLE,false,0.0,150076.4152,1.5793,60.291,52414702.641650036,60.291,0.0,25.5,"[{""usdt"": 13919229.0, ""borsa"": 3, ""fiyat"": 63975.0, ""kaynak"": ""BNB+BYB+OKX""}, {""usdt"": 8861380.0, ""borsa"": 1, ""fiyat"": 63900.0, ""kaynak"": ""BNB""}, {""usdt"": 7634369.0, ""borsa"": 1, ""fiyat"": 63925.0, ""kaynak"": ""BNB""}]","[{""usdt"": 13789703.0, ""borsa"": 3, ""fiyat"": 64025.0, ""kaynak"": ""BNB+BYB+OKX""}, {""usdt"": 10434550.0, ""borsa"": 1, ""fiyat"": 64100.0, ""kaynak"": ""BNB""}, {""usdt"": 7772305.0, ""borsa"": 1, ""fiyat"": 64050.0, ""kaynak"": ""BNB""}]",YOK,0.1072,-0.0913,0.6808,0.8144,false,,false,1.2559,1,0,3,0,1,3,31.9,33,IZLE,,25,63958.1,,,,,SEVIYE,80,2025.0,203,,,,,,,1785375360,2,0,,19,1053.7,19,,,
31926,2026-07-30 01:38:31.691367+00,63977.25,1260776.709771314,2258884.256,11815745795.5024,0.00007677000000000001,48734794.898020044,111532.16889999999,20.6,BEKLE,false,0.0,111532.16889999999,1.5793,60.32,47192638.95354002,120.611,0.0,20.6,"[{""usdt"": 13099783.0, ""borsa"": 3, ""fiyat"": 63950.0, ""kaynak"": ""BNB+BYB+OKX""}, {""usdt"": 8662378.0, ""borsa"": 1, ""fiyat"": 63900.0, ""kaynak"": ""BNB""}, {""usdt"": 8519446.0, ""borsa"": 1, ""fiyat"": 63875.0, ""kaynak"": ""BNB""}]","[{""usdt"": 14396871.0, ""borsa"": 3, ""fiyat"": 64000.0, ""kaynak"": ""BNB+BYB+OKX""}, {""usdt"": 10106076.0, ""borsa"": 1, ""fiyat"": 64075.0, ""kaynak"": ""BNB""}, {""usdt"": 6949079.0, ""borsa"": 1, ""fiyat"": 64050.0, ""kaynak"": ""BNB""}]",YOK,0.0364,0.0161,0.693,1.5803,false,,false,0.8757,0,0,3,0,0,3,28.5,29.5,IZLE,,25,63958.1,,,,,SEVIYE,80,2026.0,203,,,,,,,1785375360,2,0,,19,1054.7,19,,,
31927,2026-07-30 01:39:31.911888+00,63962.05,1068129.657933212,2009686.8279999997,11815122008.4427,0.00007677000000000001,45700501.516480036,75662.61429999999,9.9,BEKLE,,0.0,75662.61429999999,1.5793,60.3,51340043.49052002,180.911,0.0,9.9,"[{""usdt"": 13720500.0, ""borsa"": 3, ""fiyat"": 63950.0, ""kaynak"": ""BNB+BYB+OKX""}, {""usdt"": 10114670.0, ""borsa"": 1, ""fiyat"": 63875.0, ""kaynak"": ""BNB""}, {""usdt"": 8064198.0, ""borsa"": 1, ""fiyat"": 63900.0, ""kaynak"": ""BNB""}]","[{""usdt"": 17311651.0, ""borsa"": 3, ""fiyat"": 63975.0, ""kaynak"": ""BNB+BYB+OKX""}, {""usdt"": 10272861.0, ""borsa"": 1, ""fiyat"": 64075.0, ""kaynak"": ""BNB""}, {""usdt"": 9849992.0, ""borsa"": 3, ""fiyat"": 64000.0, ""kaynak"": ""BNB+BYB+OKX""}]",YOK,0.0093,-0.0581,0.8703,2.17,false,,false,0.2549,0,0,3,0,2,3,25,26,IZLE,,25,63958.1,,,,,SEVIYE,80,2027.0,203,,,,,,,1785375360,2,0,,19,1055.7,19,,,
31928,2026-07-30 01:40:32.136815+00,63968.05,1080481.6351246156,1977911.35,11812986089.488499,0.00007677000000000001,46908714.59573003,75662.61429999999,8.3,BEKLE,,0.0,75662.61429999999,1.5793,0,49434520.32116002,241.132,8.3,0.0,"[{""usdt"": 12937044.0, ""borsa"": 3, ""fiyat"": 63925.0, ""kaynak"": ""BNB+BYB+OKX""}, {""usdt"": 8895127.0, ""borsa"": 1, ""fiyat"": 63850.0, ""kaynak"": ""BNB""}, {""usdt"": 7465537.0, ""borsa"": 1, ""fiyat"": 63875.0, ""kaynak"": ""BNB""}]","[{""usdt"": 13298071.0, ""borsa"": 3, ""fiyat"": 63975.0, ""kaynak"": ""BNB+BYB+OKX""}, {""usdt"": 10409532.0, ""borsa"": 3, ""fiyat"": 63950.0, ""kaynak"": ""BNB+BYB+OKX""}, {""usdt"": 8620271.0, ""borsa"": 1, ""fiyat"": 64025.0, ""kaynak"": ""BNB""}]",YOK,0.0394,-0.0262,,,false,,false,0.7796,1,0,3,0,1,3,20.9,22.5,IZLE,,25,63958.1,,,,,SEVIYE,80,2028.0,203,,,,,,,1785375360,2,1,,19,1056.7,19,,,
31929,2026-07-30 01:41:32.424115+00,64035.850000000006,3892120.847846707,1776432.0799999998,11817256763.029598,0.00007677000000000001,48749676.71580001,2752.0,26.5,BEKLE,false,0.0,2752.0,1.5793,0,49865734.280240014,301.399,0.0,26.5,"[{""usdt"": 18120854.0, ""borsa"": 3, ""fiyat"": 63975.0, ""kaynak"": ""BNB+BYB+OKX""}, {""usdt"": 10527131.0, ""borsa"": 1, ""fiyat"": 63925.0, ""kaynak"": ""BNB""}, {""usdt"": 8451538.0, ""borsa"": 2, ""fiyat"": 63950.0, ""kaynak"": ""BNB+BYB""}]","[{""usdt"": 12313156.0, ""borsa"": 3, ""fiyat"": 64000.0, ""kaynak"": ""BNB+BYB+OKX""}, {""usdt"": 10161801.0, ""borsa"": 1, ""fiyat"": 64075.0, ""kaynak"": ""BNB""}, {""usdt"": 9719383.0, ""borsa"": 1, ""fiyat"": 64100.0, ""kaynak"": ""BNB""}]",YOK,0.0202,-0.0113,0.8819,0.0202,false,,false,1.0953,0,0,3,0,1,3,17.4,18.4,IZLE,,25,64030.6,,,,,SEVIYE,60,2639.9,264,,,,,,,1785375360,1,0,,19,1057.7,19,,,
31930,2026-07-30 01:42:33.149415+00,64038.850000000006,4969298.769590906,2203550.9650000003,11818413530.9944,0.00007677000000000001,50953181.04015996,0.0,18.0,BEKLE,false,0.0,0.0,1.5786,60.255,44418264.85142003,361.654,0.0,18.0,"[{""usdt"": 19878204.0, ""borsa"": 3, ""fiyat"": 64025.0, ""kaynak"": ""BNB+BYB+OKX""}, {""usdt"": 6325432.0, ""borsa"": 1, ""fiyat"": 63950.0, ""kaynak"": ""BNB""}, {""usdt"": 6221382.0, ""borsa"": 1, ""fiyat"": 63925.0, ""kaynak"": ""BNB""}]","[{""usdt"": 12604165.0, ""borsa"": 3, ""fiyat"": 64050.0, ""kaynak"": ""BNB+BYB+OKX""}, {""usdt"": 9229641.0, ""borsa"": 1, ""fiyat"": 64100.0, ""kaynak"": ""BNB""}, {""usdt"": 9091683.0, ""borsa"": 1, ""fiyat"": 64125.0, ""kaynak"": ""BNB""}]",SPOT,0.2415,0.0685,0.8754,0.9742,false,,false,1.4027,3,0,3,0,0,3,13.8,14.9,IZLE,,25,64030.6,,,,,SEVIYE,60,2640.9,264,,,,,,,,,0,,19,1058.7,19,,,
31931,2026-07-30 01:43:33.717648+00,64038.05,5069145.0059533045,2226075.0860000006,11819117447.720798,0.00007677000000000001,43866442.696109995,0.0,8.0,BEKLE,,0.0,0.0,1.5786,60.843,52062980.950359955,422.497,8.0,0.0,"[{""usdt"": 13714515.0, ""borsa"": 3, ""fiyat"": 64025.0, ""kaynak"": ""BNB+BYB+OKX""}, {""usdt"": 8450743.0, ""borsa"": 1, ""fiyat"": 63950.0, ""kaynak"": ""BNB""}, {""usdt"": 6959946.0, ""borsa"": 1, ""fiyat"": 64000.0, ""kaynak"": ""BNB""}]","[{""usdt"": 14962745.0, ""borsa"": 3, ""fiyat"": 64075.0, ""kaynak"": ""BNB+BYB+OKX""}, {""usdt"": 10851011.0, ""borsa"": 1, ""fiyat"": 64150.0, ""kaynak"": ""BNB""}, {""usdt"": 9660630.0, ""borsa"": 3, ""fiyat"": 64050.0, ""kaynak"": ""BNB+BYB+OKX""}]",SPOT,0.1915,-0.0854,0.9892,0.8185,false,,false,1.4077,2,0,3,0,0,3,10.8,11.9,IZLE,,25,64030.6,,,,,SEVIYE,60,2641.9,264,,,,,,,,,0,,19,1059.7,19,,,
31932,2026-07-30 01:44:34.180705+00,64043.05,5434192.697221702,2097309.829,11827488457.1506,0.00007677000000000001,52346241.17930003,2561.8320000000003,8.1,BEKLE,,0.0,2561.8320000000003,1.5786,121.298,50764554.03617999,482.952,0.0,8.1,"[{""usdt"": 20780560.0, ""borsa"": 3, ""fiyat"": 64025.0, ""kaynak"": ""BNB+BYB+OKX""}, {""usdt"": 9538621.0, ""borsa"": 1, ""fiyat"": 63950.0, ""kaynak"": ""BNB""}, {""usdt"": 7395482.0, ""borsa"": 2, ""fiyat"": 64000.0, ""kaynak"": ""BNB+BYB""}]","[{""usdt"": 14099610.0, ""borsa"": 3, ""fiyat"": 64050.0, ""kaynak"": ""BNB+BYB+OKX""}, {""usdt"": 12232172.0, ""borsa"": 1, ""fiyat"": 64100.0, ""kaynak"": ""BNB""}, {""usdt"": 9045961.0, ""borsa"": 3, ""fiyat"": 64075.0, ""kaynak"": ""BNB+BYB+OKX""}]",YOK,0.117,0.0153,0.9751,0.9379,false,,false,1.2005,2,0,3,0,0,3,7.4,8.5,IZLE,,25,64030.6,,,,,SEVIYE,60,2642.9,264,,,,,,,1785375780,1,0,,19,1060.8,19,,,
31933,2026-07-30 01:45:34.417565+00,64020.149999999994,5336165.422714796,2097383.677,11827283996.5878,0.00007677000000000001,50533264.63426998,2689.9122,10.7,BEKLE,false,0.0,2689.9122,1.5786,181.783,45873054.15791003,543.437,0.0,10.7,"[{""usdt"": 15994375.0, ""borsa"": 3, ""fiyat"": 64000.0, ""kaynak"": ""BNB+BYB+OKX""}, {""usdt"": 10082165.0, ""borsa"": 1, ""fiyat"": 63950.0, ""kaynak"": ""BNB""}, {""usdt"": 7368626.0, ""borsa"": 1, ""fiyat"": 63925.0, ""kaynak"": ""BNB""}]","[{""usdt"": 13497437.0, ""borsa"": 3, ""fiyat"": 64050.0, ""kaynak"": ""BNB+BYB+OKX""}, {""usdt"": 9795405.0, ""borsa"": 1, ""fiyat"": 64125.0, ""kaynak"": ""BNB""}, {""usdt"": 7933419.0, ""borsa"": 1, ""fiyat"": 64100.0, ""kaynak"": ""BNB""}]",SPOT,0.1597,0.0483,0.9659,0.5859,false,,false,2.0927,2,0,3,0,0,3,4,5.1,IZLE,,25,64030.6,,,,,SEVIYE,60,2643.9,265,,,,,,,1785375840,1,0,,19,1061.8,19,,,
31934,2026-07-30 01:46:34.757574+00,64181.05,3794957.36118779,1348540.4139999999,11829145745.1542,0.00007677000000000001,62731323.46216997,2753.9645000000005,42.5,BEKLE,true,0.0,2753.9645000000005,1.5786,0,43710517.66011003,0,42.5,0.0,"[{""usdt"": 21164682.0, ""borsa"": 1, ""fiyat"": 64050.0, ""kaynak"": ""BNB""}, {""usdt"": 8818007.0, ""borsa"": 2, ""fiyat"": 64000.0, ""kaynak"": ""BYB+OKX""}, {""usdt"": 8797448.0, ""borsa"": 1, ""fiyat"": 64075.0, ""kaynak"": ""BNB""}]","[{""usdt"": 8050269.0, ""borsa"": 1, ""fiyat"": 64275.0, ""kaynak"": ""BNB""}, {""usdt"": 7825636.0, ""borsa"": 1, ""fiyat"": 64250.0, ""kaynak"": ""BNB""}, {""usdt"": 6917964.0, ""borsa"": 2, ""fiyat"": 64050.0, ""kaynak"": ""BYB+OKX""}]",HER_IKISI,0.1597,0.1787,0.153,11.3188,true,0,false,,2,0,3,1,0,3,64.3,62.8,IZLE,,25,64149.1,,,,,SEVIYE,55,1533.4,154,PCT,0.53,16.450246909766815,0.0,false,0.367,1785375900,1,0,,19,1062.8,19,,,
31935,2026-07-30 01:47:36.181085+00,64174.350000000006,7426209.639855093,3309605.6980000003,11834332910.7465,0.00007677000000000001,61845923.18723997,562929.2748,0.0,BEKLE,,0.0,562929.2748,1.5786,61.363,42336085.95984002,61.363,0.0,0.0,"[{""usdt"": 21164682.0, ""borsa"": 1, ""fiyat"": 64050.0, ""kaynak"": ""BNB""}, {""usdt"": 13009023.0, ""borsa"": 3, ""fiyat"": 64150.0, ""kaynak"": ""BNB+BYB+OKX""}, {""usdt"": 8797448.0, ""borsa"": 1, ""fiyat"": 64075.0, ""kaynak"": ""BNB""}]","[{""usdt"": 14795135.0, ""borsa"": 3, ""fiyat"": 64200.0, ""kaynak"": ""BNB+BYB+OKX""}, {""usdt"": 8050269.0, ""borsa"": 1, ""fiyat"": 64275.0, ""kaynak"": ""BNB""}, {""usdt"": 7825636.0, ""borsa"": 1, ""fiyat"": 64250.0, ""kaynak"": ""BNB""}]",PERP,0.1211,0.1873,0.6387,1.7432,true,0,false,,1,0,3,1,0,3,61.4,62.9,IZLE,,25,64149.1,,,,,SEVIYE,55,1534.4,154,,,,,,,1785375960,3,0,,19,1063.8,19,,,
31936,2026-07-30 01:48:36.496999+00,64220.350000000006,7408826.5786674945,3058513.822,11837615815.0349,0.00007677000000000001,67474710.33842994,563001.4963,0.0,BEKLE,,0.0,563001.4963,1.5747,121.723,40133084.723649934,121.723,0.0,0.0,"[{""usdt"": 20260963.0, ""borsa"": 1, ""fiyat"": 64050.0, ""kaynak"": ""BNB""}, {""usdt"": 15402236.0, ""borsa"": 3, ""fiyat"": 64150.0, ""kaynak"": ""BNB+BYB+OKX""}, {""usdt"": 9687170.0, ""borsa"": 1, ""fiyat"": 64100.0, ""kaynak"": ""BNB""}]","[{""usdt"": 11739957.0, ""borsa"": 3, ""fiyat"": 64200.0, ""kaynak"": ""BNB+BYB+OKX""}, {""usdt"": 7545905.0, ""borsa"": 1, ""fiyat"": 64275.0, ""kaynak"": ""BNB""}, {""usdt"": 7018662.0, ""borsa"": 1, ""fiyat"": 64250.0, ""kaynak"": ""BNB""}]",PERP,-0.0293,0.2541,0.691,2.6646,true,0,false,,1,0,3,3,0,3,57.6,58.7,IZLE,,25,64149.1,,,,,SEVIYE,55,1535.4,154,,,,,,,1785375960,3,0,,19,1064.8,19,,,
31937,2026-07-30 01:49:36.936358+00,64191.95,7185292.690599799,3203301.054,11840764697.9016,0.00007677000000000001,53028572.76773994,581434.0629,0.0,BEKLE,,0.0,581434.0629,1.5747,60.371,40588293.533539966,60.371,0.0,0.0,"[{""usdt"": 11031125.0, ""borsa"": 3, ""fiyat"": 64175.0, ""kaynak"": ""BNB+BYB+OKX""}, {""usdt"": 10995706.0, ""borsa"": 3, ""fiyat"": 64200.0, ""kaynak"": ""BNB+BYB+OKX""}, {""usdt"": 9906486.0, ""borsa"": 1, ""fiyat"": 64125.0, ""kaynak"": ""BNB""}]","[{""usdt"": 12522361.0, ""borsa"": 3, ""fiyat"": 64225.0, ""kaynak"": ""BNB+BYB+OKX""}, {""usdt"": 10440083.0, ""borsa"": 1, ""fiyat"": 64300.0, ""kaynak"": ""BNB""}, {""usdt"": 6471614.0, ""borsa"": 1, ""fiyat"": 64275.0, ""kaynak"": ""BNB""}]",YOK,0.0844,0.1329,0.5575,2.3459,true,0,false,,2,0,3,1,0,3,54.2,55.3,IZLE,,25,64149.1,,,,,SEVIYE,55,1536.4,154,,,,,,,1785376080,3,0,,19,1065.8,19,,,
31938,2026-07-30 01:50:37.214313+00,64180.95,7434811.356382989,3353665.171,11839121914.2322,0.00007677000000000001,49173401.07245998,583168.1502,0.0,BEKLE,,0.0,583168.1502,1.5747,60.37,47903251.957450025,60.37,0.0,0.0,"[{""usdt"": 16742673.0, ""borsa"": 3, ""fiyat"": 64200.0, ""kaynak"": ""BNB+BYB+OKX""}, {""usdt"": 8869520.0, ""borsa"": 1, ""fiyat"": 64125.0, ""kaynak"": ""BNB""}, {""usdt"": 8039746.0, ""borsa"": 1, ""fiyat"": 64150.0, ""kaynak"": ""BNB""}]","[{""usdt"": 13766350.0, ""borsa"": 3, ""fiyat"": 64250.0, ""kaynak"": ""BNB+BYB+OKX""}, {""usdt"": 9679764.0, ""borsa"": 1, ""fiyat"": 64300.0, ""kaynak"": ""BNB""}, {""usdt"": 9419947.0, ""borsa"": 3, ""fiyat"": 64225.0, ""kaynak"": ""BNB+BYB+OKX""}]",YOK,0.1186,0.0131,0.5707,2.1646,true,0,false,,0,0,3,0,0,3,50.8,51.8,IZLE,,25,64149.1,,,,,SEVIYE,55,1537.4,154,,,,,,,1785376140,3,0,,19,1066.8,19,,,
31939,2026-07-30 01:51:37.529208+00,64190.75,5463543.851179087,2748185.5799999996,11834853446.5643,0.00007677000000000001,65702254.45836002,22856.558100000002,37.5,BEKLE,false,0.0,22856.558100000002,1.58,120.725,44672870.57134,120.725,0.0,37.5,"[{""usdt"": 18966971.0, ""borsa"": 1, ""fiyat"": 64050.0, ""kaynak"": ""BNB""}, {""usdt"": 11692604.0, ""borsa"": 3, ""fiyat"": 64150.0, ""kaynak"": ""BNB+BYB+OKX""}, {""usdt"": 10547929.0, ""borsa"": 3, ""fiyat"": 64175.0, ""kaynak"": ""BNB+BYB+OKX""}]","[{""usdt"": 11944736.0, ""borsa"": 3, ""fiyat"": 64200.0, ""kaynak"": ""BNB+BYB+OKX""}, {""usdt"": 8224721.0, ""borsa"": 1, ""fiyat"": 64275.0, ""kaynak"": ""BNB""}, {""usdt"": 7945459.0, ""borsa"": 1, ""fiyat"": 64250.0, ""kaynak"": ""BNB""}]",PERP,0.0179,0.1905,0.4868,0.1397,true,0,false,,1,0,3,2,0,3,47.3,48.4,IZLE,,25,64149.1,,,,,SEVIYE,55,1538.4,154,,,,,,,1785376140,2,0,,19,1067.8,19,,,
31940,2026-07-30 01:52:38.08255+00,64168.05,4667465.839414888,2441943.562999999,11830190197.771,0.00007677000000000001,51546851.15496001,22856.558100000002,49.5,BEKLE,,0.0,22856.558100000002,1.58,180.989,48799706.52687999,180.989,49.5,0.0,"[{""usdt"": 16526086.0, ""borsa"": 3, ""fiyat"": 64175.0, ""kaynak"": ""BNB+BYB+OKX""}, {""usdt"": 9100290.0, ""borsa"": 1, ""fiyat"": 64100.0, ""kaynak"": ""BNB""}, {""usdt"": 7773456.0, ""borsa"": 1, ""fiyat"": 64075.0, ""kaynak"": ""BNB""}]","[{""usdt"": 13548268.0, ""borsa"": 3, ""fiyat"": 64225.0, ""kaynak"": ""BNB+BYB+OKX""}, {""usdt"": 8728819.0, ""borsa"": 3, ""fiyat"": 64200.0, ""kaynak"": ""BNB+BYB+OKX""}, {""usdt"": 7976592.0, ""borsa"": 1, ""fiyat"": 64300.0, ""kaynak"": ""BNB""}]",YOK,0.0843,0.0274,0.7167,0.0808,true,0,false,,1,0,3,0,0,3,43.2,44.3,IZLE,,25,64149.1,,,,,SEVIYE,55,1539.4,154,,,,,,,1785376140,2,1,,19,1068.8,19,,,
31941,2026-07-30 01:53:38.453983+00,64230.45,4868946.452663789,2438347.9579999996,11835306103.2442,0.00007677000000000001,48713288.27924999,1862.1306000000002,32.6,BEKLE,true,0.0,1862.1306000000002,1.58,60.651,48399216.879439965,241.64,32.6,0.0,"[{""usdt"": 12117451.0, ""borsa"": 3, ""fiyat"": 64175.0, ""kaynak"": ""BNB+BYB+OKX""}, {""usdt"": 12116660.0, ""borsa"": 3, ""fiyat"": 64150.0, ""kaynak"": ""BNB+BYB+OKX""}, {""usdt"": 9597247.0, ""borsa"": 1, ""fiyat"": 64075.0, ""kaynak"": ""BNB""}]","[{""usdt"": 15795346.0, ""borsa"": 3, ""fiyat"": 64200.0, ""kaynak"": ""BNB+BYB+OKX""}, {""usdt"": 8543704.0, ""borsa"": 2, ""fiyat"": 64225.0, ""kaynak"": ""BNB+BYB""}, {""usdt"": 8048666.0, ""borsa"": 1, ""fiyat"": 64300.0, ""kaynak"": ""BNB""}]",YOK,0.0586,0.0032,0.7652,0.1502,true,0,false,,1,0,3,0,0,3,40,41.1,IZLE,,25,64299.9,,,,,SEVIYE,55,789.4,79,,,,,,,1785376140,1,0,,19,1069.8,19,,,
31942,2026-07-30 01:54:38.762688+00,64289.649999999994,6013454.17399439,2461741.8719999995,11846625002.2584,0.00007677000000000001,45621752.46359002,6102.0495,36.1,BEKLE,true,0.0,6102.0495,1.58,60.313,47757289.49616995,301.953,36.1,0.0,"[{""usdt"": 11152865.0, ""borsa"": 3, ""fiyat"": 64200.0, ""kaynak"": ""BNB+BYB+OKX""}, {""usdt"": 8987636.0, ""borsa"": 3, ""fiyat"": 64225.0, ""kaynak"": ""BNB+BYB+OKX""}, {""usdt"": 8518113.0, ""borsa"": 1, ""fiyat"": 64150.0, ""kaynak"": ""BNB""}]","[{""usdt"": 19647769.0, ""borsa"": 3, ""fiyat"": 64250.0, ""kaynak"": ""BNB+BYB+OKX""}, {""usdt"": 8367569.0, ""borsa"": 1, ""fiyat"": 64325.0, ""kaynak"": ""BNB""}, {""usdt"": 7450601.0, ""borsa"": 1, ""fiyat"": 64300.0, ""kaynak"": ""BNB""}]",SPOT,0.1785,-0.0229,0.557,2.2928,true,0,false,,2,0,3,1,0,3,36.6,37.6,IZLE,,25,64299.9,,,,,SEVIYE,55,790.4,79,,,,,,,1785376380,1,0,,19,1070.8,19,,,
31943,2026-07-30 01:55:39.001985+00,64311.45,5281022.136823307,1038453.978,11852493016.7018,0.00007677000000000001,49521185.349050015,61447.5031,84.1,BEKLE,false,0.0,61447.5031,1.58,0,49805882.44052995,0,84.1,0.0,"[{""usdt"": 11449179.0, ""borsa"": 3, ""fiyat"": 64250.0, ""kaynak"": ""BNB+BYB+OKX""}, {""usdt"": 10765718.0, ""borsa"": 1, ""fiyat"": 64200.0, ""kaynak"": ""BNB""}, {""usdt"": 10578000.0, ""borsa"": 3, ""fiyat"": 64275.0, ""kaynak"": ""BNB+BYB+OKX""}]","[{""usdt"": 20948510.0, ""borsa"": 3, ""fiyat"": 64300.0, ""kaynak"": ""BNB+BYB+OKX""}, {""usdt"": 8190376.0, ""borsa"": 1, ""fiyat"": 64375.0, ""kaynak"": ""BNB""}, {""usdt"": 6799068.0, ""borsa"": 1, ""fiyat"": 64350.0, ""kaynak"": ""BNB""}]",YOK,0.1269,-0.0029,0.4223,1.266,false,0.761,false,,2,0,3,0,0,3,32.7,33.8,IZLE,,25,64299.9,,,,,SEVIYE,55,791.4,80,,,,,,,1785376440,2,0,,19,1071.8,19,,,
31944,2026-07-30 01:56:39.288641+00,64283.45,5479611.852413307,1418265.8820000002,11851073615.4139,0.00007677000000000001,46437946.74292002,381298.0806,45.6,BEKLE,true,0.0,381298.0806,1.58,60.254,51589043.30465,60.254,45.6,0.0,"[{""usdt"": 13390689.0, ""borsa"": 3, ""fiyat"": 64275.0, ""kaynak"": ""BNB+BYB+OKX""}, {""usdt"": 10884735.0, ""borsa"": 2, ""fiyat"": 64250.0, ""kaynak"": ""BNB+BYB""}, {""usdt"": 8632040.0, ""borsa"": 1, ""fiyat"": 64225.0, ""kaynak"": ""BNB""}]","[{""usdt"": 12643062.0, ""borsa"": 3, ""fiyat"": 64300.0, ""kaynak"": ""BNB+BYB+OKX""}, {""usdt"": 10139811.0, ""borsa"": 1, ""fiyat"": 64400.0, ""kaynak"": ""BNB""}, {""usdt"": 9745170.0, ""borsa"": 1, ""fiyat"": 64350.0, ""kaynak"": ""BNB""}]",YOK,0.0614,-0.0525,0.0094,2.6841,true,0.3272,false,,1,0,3,0,0,3,29.2,30.2,IZLE,,25,64299.9,,,,,SEVIYE,55,792.4,80,,,,,,,1785376500,2,0,,19,1072.8,19,,,
31945,2026-07-30 01:57:39.549065+00,64266.95,5681400.204633006,1067922.4520000003,11846563097.6436,0.00007677000000000001,48716658.96821001,381298.0806,53.5,BEKLE,true,0.0,381298.0806,1.5747,120.551,40472401.788159974,0,53.5,0.0,"[{""usdt"": 16758263.0, ""borsa"": 3, ""fiyat"": 64250.0, ""kaynak"": ""BNB+BYB+OKX""}, {""usdt"": 8233457.0, ""borsa"": 1, ""fiyat"": 64175.0, ""kaynak"": ""BNB""}, {""usdt"": 7521156.0, ""borsa"": 1, ""fiyat"": 64225.0, ""kaynak"": ""BNB""}]","[{""usdt"": 11072900.0, ""borsa"": 3, ""fiyat"": 64300.0, ""kaynak"": ""BNB+BYB+OKX""}, {""usdt"": 8019567.0, ""borsa"": 1, ""fiyat"": 64350.0, ""kaynak"": ""BNB""}, {""usdt"": 7997403.0, ""borsa"": 1, ""fiyat"": 64375.0, ""kaynak"": ""BNB""}]",YOK,0.0051,0.0924,0.367,1.7717,false,0.5565,false,,1,0,3,1,0,3,25.6,26.7,IZLE,,25,64299.9,,,,,SEVIYE,55,793.4,80,,,,,,,1785376500,2,1,,19,1073.8,19,,,
31946,2026-07-30 01:58:39.913035+00,64230.75,5633274.726380806,934720.0280000002,11845338377.391201,0.00007677000000000001,52838079.558000006,375196.0311,41.2,BEKLE,true,0.0,375196.0311,1.5747,60.318,42851142.917489976,60.318,41.2,0.0,"[{""usdt"": 19144389.0, ""borsa"": 3, ""fiyat"": 64250.0, ""kaynak"": ""BNB+BYB+OKX""}, {""usdt"": 9171642.0, ""borsa"": 1, ""fiyat"": 64200.0, ""kaynak"": ""BNB""}, {""usdt"": 7607477.0, ""borsa"": 1, ""fiyat"": 64175.0, ""kaynak"": ""BNB""}]","[{""usdt"": 11618487.0, ""borsa"": 3, ""fiyat"": 64275.0, ""kaynak"": ""BNB+BYB+OKX""}, {""usdt"": 8766319.0, ""borsa"": 1, ""fiyat"": 64375.0, ""kaynak"": ""BNB""}, {""usdt"": 8191490.0, ""borsa"": 1, ""fiyat"": 64350.0, ""kaynak"": ""BNB""}]",YOK,0.0069,0.1044,0.2854,0.0055,true,0.4663,false,,1,0,3,1,0,3,22.1,23.2,IZLE,,25,64299.9,,,,,SEVIYE,55,794.4,80,,,,,,,1785376500,2,0,,19,1074.9,19,,,
31947,2026-07-30 01:59:40.164793+00,64241.45,5466335.232899508,1046356.387,11843984728.157,0.00007677000000000001,46880877.177919984,319850.5775,39.1,BEKLE,true,0.0,319850.5775,1.5747,0,51796358.82911996,60.26,39.1,0.0,"[{""usdt"": 15212150.0, ""borsa"": 3, ""fiyat"": 64225.0, ""kaynak"": ""BNB+BYB+OKX""}, {""usdt"": 8750784.0, ""borsa"": 1, ""fiyat"": 64150.0, ""kaynak"": ""BNB""}, {""usdt"": 7998594.0, ""borsa"": 1, ""fiyat"": 64175.0, ""kaynak"": ""BNB""}]","[{""usdt"": 15874061.0, ""borsa"": 3, ""fiyat"": 64275.0, ""kaynak"": ""BNB+BYB+OKX""}, {""usdt"": 9897990.0, ""borsa"": 1, ""fiyat"": 64350.0, ""kaynak"": ""BNB""}, {""usdt"": 9069172.0, ""borsa"": 3, ""fiyat"": 64250.0, ""kaynak"": ""BNB+BYB+OKX""}]",YOK,-0.0273,-0.0498,0.233,1.0138,false,0.5191,false,0.1011,0,0,3,0,0,3,18.6,19.7,IZLE,,25,64299.9,,,,,SEVIYE,55,795.4,80,,,,,,,1785376500,2,0,,19,1075.9,19,,,
31948,2026-07-30 02:00:40.40806+00,64289.55,1677114.377498606,-900605.4559999999,11847431923.2171,0.00007677000000000001,50105251.625100024,0.0,57.6,BEKLE,,0.0,0.0,1.5747,0,50283600.68659,60.299,57.6,0.0,"[{""usdt"": 16152831.0, ""borsa"": 3, ""fiyat"": 64250.0, ""kaynak"": ""BNB+BYB+OKX""}, {""usdt"": 10842338.0, ""borsa"": 1, ""fiyat"": 64175.0, ""kaynak"": ""BNB""}, {""usdt"": 8789970.0, ""borsa"": 2, ""fiyat"": 64225.0, ""kaynak"": ""BNB+BYB""}]","[{""usdt"": 13932813.0, ""borsa"": 3, ""fiyat"": 64300.0, ""kaynak"": ""BNB+BYB+OKX""}, {""usdt"": 10414954.0, ""borsa"": 3, ""fiyat"": 64275.0, ""kaynak"": ""BNB+BYB+OKX""}, {""usdt"": 9349219.0, ""borsa"": 1, ""fiyat"": 64375.0, ""kaynak"": ""BNB""}]",YOK,-0.0077,-0.0018,0.5936,0.1781,false,,false,0,0,0,3,1,0,3,15.1,16.2,IZLE,,25,64299.9,,,,,SEVIYE,55,796.4,80,PCT,1.29,66.08479448160922,0.0,false,0.105,,,0,,19,1076.9,19,,,
31949,2026-07-30 02:01:41.55542+00,64300.05,1801054.939792407,-816130.68,11851579243.714201,0.00007677000000000001,47163069.78267004,0.0,65.1,BEKLE,,0.0,0.0,1.5747,0,43457248.07101996,0,65.1,0.0,"[{""usdt"": 15116392.0, ""borsa"": 3, ""fiyat"": 64275.0, ""kaynak"": ""BNB+BYB+OKX""}, {""usdt"": 9676601.0, ""borsa"": 1, ""fiyat"": 64225.0, ""kaynak"": ""BNB""}, {""usdt"": 6886880.0, ""borsa"": 1, ""fiyat"": 64200.0, ""kaynak"": ""BNB""}]","[{""usdt"": 11477039.0, ""borsa"": 1, ""fiyat"": 64400.0, ""kaynak"": ""BNB""}, {""usdt"": 11228794.0, ""borsa"": 3, ""fiyat"": 64325.0, ""kaynak"": ""BNB+BYB+OKX""}, {""usdt"": 6975200.0, ""borsa"": 1, ""fiyat"": 64350.0, ""kaynak"": ""BNB""}]",YOK,0.0246,0.0409,0.564,0.1257,false,,false,0,0,0,3,1,0,3,12,13.1,IZLE,,25,64299.9,,,,,SEVIYE,55,797.5,80,,,,,,,,,0,,19,1077.9,19,,,
31950,2026-07-30 02:02:42.284636+00,64254.350000000006,1346538.0513357061,-883101.655,11842271368.0248,0.00007677000000000001,48421990.53572003,0.0,57.0,BEKLE,true,0.0,0.0,1.57,60.393,46941720.40335997,60.393,57.0,0.0,"[{""usdt"": 14663085.0, ""borsa"": 3, ""fiyat"": 64225.0, ""kaynak"": ""BNB+BYB+OKX""}, {""usdt"": 9349281.0, ""borsa"": 1, ""fiyat"": 64175.0, ""kaynak"": ""BNB""}, {""usdt"": 6696056.0, ""borsa"": 3, ""fiyat"": 64250.0, ""kaynak"": ""BNB+BYB+OKX""}]","[{""usdt"": 16991062.0, ""borsa"": 3, ""fiyat"": 64275.0, ""kaynak"": ""BNB+BYB+OKX""}, {""usdt"": 11292720.0, ""borsa"": 1, ""fiyat"": 64350.0, ""kaynak"": ""BNB""}, {""usdt"": 6174262.0, ""borsa"": 1, ""fiyat"": 64325.0, ""kaynak"": ""BNB""}]",YOK,-0.0083,0.0155,0.6358,0.0913,false,,false,0,1,0,3,2,0,3,8.6,9.7,IZLE,,25,64299.9,,,,,SEVIYE,55,798.5,80,,,,,,,,,0,,19,1078.9,19,,,
31951,2026-07-30 02:03:42.560151+00,64257.45,1042325.6997296043,-869441.832,11843867045.703999,0.00007677000000000001,48691211.514040045,0.0,58.7,BEKLE,true,0.0,0.0,1.57,60.666,51051996.27625003,60.666,58.7,0.0,"[{""usdt"": 11916894.0, ""borsa"": 3, ""fiyat"": 64225.0, ""kaynak"": ""BNB+BYB+OKX""}, {""usdt"": 9957164.0, ""borsa"": 1, ""fiyat"": 64175.0, ""kaynak"": ""BNB""}, {""usdt"": 9575585.0, ""borsa"": 3, ""fiyat"": 64250.0, ""kaynak"": ""BNB+BYB+OKX""}]","[{""usdt"": 18777994.0, ""borsa"": 3, ""fiyat"": 64275.0, ""kaynak"": ""BNB+BYB+OKX""}, {""usdt"": 10109346.0, ""borsa"": 1, ""fiyat"": 64350.0, ""kaynak"": ""BNB""}, {""usdt"": 7452343.0, ""borsa"": 1, ""fiyat"": 64375.0, ""kaynak"": ""BNB""}]",YOK,0.0084,-0.0237,0.6666,0.1917,false,,false,0,1,0,3,0,0,3,5.4,6.5,IZLE,,25,64299.9,,,,,SEVIYE,55,799.5,80,,,,,,,,,0,,19,1079.9,19,,,
31952,2026-07-30 02:04:42.845707+00,64265.75,1580015.1632738071,-523086.243,11847651976.6225,0.00007677000000000001,48458358.85554008,0.0,49.4,BEKLE,true,0.0,0.0,1.57,0,47545034.05224999,0,49.4,0.0,"[{""usdt"": 14662149.0, ""borsa"": 3, ""fiyat"": 64250.0, ""kaynak"": ""BNB+BYB+OKX""}, {""usdt"": 9751008.0, ""borsa"": 2, ""fiyat"": 64225.0, ""kaynak"": ""BNB+OKX""}, {""usdt"": 8745438.0, ""borsa"": 1, ""fiyat"": 64200.0, ""kaynak"": ""BNB""}]","[{""usdt"": 11419396.0, ""borsa"": 2, ""fiyat"": 64300.0, ""kaynak"": ""BNB+BYB""}, {""usdt"": 11140748.0, ""borsa"": 3, ""fiyat"": 64275.0, ""kaynak"": ""BNB+BYB+OKX""}, {""usdt"": 10333964.0, ""borsa"": 1, ""fiyat"": 64375.0, ""kaynak"": ""BNB""}]",YOK,0.0063,0.0095,0.6605,0.2042,false,,false,0,0,0,3,0,0,3,1.9,63.7,IZLE,,25,64299.9,,,,,SEVIYE,55,800.5,80,,,,,,,,,0,,19,1080.9,19,,,
31953,2026-07-30 02:05:43.172149+00,64243.95,-78117.09325539594,351824.629,11840474744.842701,0.00007677000000000001,48472665.967880085,0.0,36.6,BEKLE,false,0.0,0.0,1.57,60.296,46086485.01447999,60.296,0.0,36.6,"[{""usdt"": 16803955.0, ""borsa"": 3, ""fiyat"": 64250.0, ""kaynak"": ""BNB+BYB+OKX""}, {""usdt"": 8745438.0, ""borsa"": 1, ""fiyat"": 64200.0, ""kaynak"": ""BNB""}, {""usdt"": 8169082.0, ""borsa"": 1, ""fiyat"": 64175.0, ""kaynak"": ""BNB""}]","[{""usdt"": 11576843.0, ""borsa"": 3, ""fiyat"": 64300.0, ""kaynak"": ""BNB+BYB+OKX""}, {""usdt"": 10335179.0, ""borsa"": 3, ""fiyat"": 64275.0, ""kaynak"": ""BNB+BYB+OKX""}, {""usdt"": 10333964.0, ""borsa"": 1, ""fiyat"": 64375.0, ""kaynak"": ""BNB""}]",YOK,0.0063,0.0252,0.5275,0.6822,false,,false,0,0,0,3,1,0,3,62.2,63.2,IZLE,,25,64149.1,,,,,SEVIYE,55,1552.5,156,,,,,,,,,0,,19,1081.9,19,,,
31954,2026-07-30 02:06:43.418288+00,64288.05,293942.7236240045,399706.56,11849548222.3729,0.00007677000000000001,51027197.35219998,1671.5764,33.1,BEKLE,false,0.0,1671.5764,1.5648,0,45187635.11702998,0,0.0,33.1,"[{""usdt"": 11398165.0, ""borsa"": 3, ""fiyat"": 64225.0, ""kaynak"": ""BNB+BYB+OKX""}, {""usdt"": 9840798.0, ""borsa"": 1, ""fiyat"": 64175.0, ""kaynak"": ""BNB""}, {""usdt"": 9644861.0, ""borsa"": 3, ""fiyat"": 64250.0, ""kaynak"": ""BNB+BYB+OKX""}]","[{""usdt"": 15655528.0, ""borsa"": 3, ""fiyat"": 64275.0, ""kaynak"": ""BNB+BYB+OKX""}, {""usdt"": 10815531.0, ""borsa"": 1, ""fiyat"": 64350.0, ""kaynak"": ""BNB""}, {""usdt"": 7911329.0, ""borsa"": 1, ""fiyat"": 64325.0, ""kaynak"": ""BNB""}]",YOK,0.041,0.0607,0.4969,0.1969,false,,false,0,1,0,3,2,0,3,58.7,59.7,IZLE,,25,64349.3,,,,,SEVIYE,70,802.5,81,,,,,,,1785377160,1,0,,19,1082.9,19,,,
31955,2026-07-30 02:07:43.787599+00,64299.95,-778873.7022072946,403076.612,11849241649.1902,0.00007677000000000001,51231479.66948002,2892.6675,33.5,BEKLE,false,0.0,2892.6675,1.5648,0,51305025.75324996,0,0.0,33.5,"[{""usdt"": 13667170.0, ""borsa"": 3, ""fiyat"": 64250.0, ""kaynak"": ""BNB+BYB+OKX""}, {""usdt"": 11350078.0, ""borsa"": 1, ""fiyat"": 64200.0, ""kaynak"": ""BNB""}, {""usdt"": 8386128.0, ""borsa"": 1, ""fiyat"": 64175.0, ""kaynak"": ""BNB""}]","[{""usdt"": 16333392.0, ""borsa"": 3, ""fiyat"": 64300.0, ""kaynak"": ""BNB+BYB+OKX""}, {""usdt"": 11612737.0, ""borsa"": 1, ""fiyat"": 64375.0, ""kaynak"": ""BNB""}, {""usdt"": 6857189.0, ""borsa"": 1, ""fiyat"": 64350.0, ""kaynak"": ""BNB""}]",YOK,0.0018,-0.0007,0.5683,0.6073,false,,false,0,0,0,3,0,0,3,55.1,56.2,IZLE,,25,64349.3,,,,,SEVIYE,70,803.5,81,,,,,,,1785377160,1,0,,19,1083.9,19,,,
31956,2026-07-30 02:08:44.043887+00,64307.95,-1087692.3913076955,491220.466,11849796980.591202,0.00007677000000000001,49319013.739459984,3021.2481,33.2,BEKLE,false,0.0,3021.2481,1.5648,60.344,49696549.94842999,60.344,0.0,33.2,"[{""usdt"": 12871041.0, ""borsa"": 3, ""fiyat"": 64300.0, ""kaynak"": ""BNB+BYB+OKX""}, {""usdt"": 9846545.0, ""borsa"": 3, ""fiyat"": 64275.0, ""kaynak"": ""BNB+BYB+OKX""}, {""usdt"": 8549958.0, ""borsa"": 1, ""fiyat"": 64225.0, ""kaynak"": ""BNB""}]","[{""usdt"": 18737921.0, ""borsa"": 3, ""fiyat"": 64325.0, ""kaynak"": ""BNB+BYB+OKX""}, {""usdt"": 8890531.0, ""borsa"": 1, ""fiyat"": 64375.0, ""kaynak"": ""BNB""}, {""usdt"": 8253811.0, ""borsa"": 1, ""fiyat"": 64400.0, ""kaynak"": ""BNB""}]",YOK,0.0736,-0.0038,0.555,0.6553,false,,false,0,1,0,3,1,0,3,51.7,52.7,IZLE,,25,64349.3,,,,,SEVIYE,70,804.5,81,,,,,,,1785377280,1,0,,19,1084.9,19,,,
31957,2026-07-30 02:09:44.319241+00,64300.05,-978779.2332926975,554269.089,11849215720.3811,0.00007677000000000001,49588665.628079936,10865.9487,32.6,BEKLE,false,0.0,10865.9487,1.5648,60.279,42121052.02541,120.623,0.0,32.6,"[{""usdt"": 12409235.0, ""borsa"": 3, ""fiyat"": 64300.0, ""kaynak"": ""BNB+BYB+OKX""}, {""usdt"": 11512675.0, ""borsa"": 3, ""fiyat"": 64325.0, ""kaynak"": ""BNB+BYB+OKX""}, {""usdt"": 9674530.0, ""borsa"": 1, ""fiyat"": 64225.0, ""kaynak"": ""BNB""}]","[{""usdt"": 13694675.0, ""borsa"": 3, ""fiyat"": 64350.0, ""kaynak"": ""BNB+BYB+OKX""}, {""usdt"": 8503076.0, ""borsa"": 1, ""fiyat"": 64400.0, ""kaynak"": ""BNB""}, {""usdt"": 7966443.0, ""borsa"": 1, ""fiyat"": 64425.0, ""kaynak"": ""BNB""}]",SPOT,0.1598,0.0814,0.6542,0.4367,false,,false,0,2,0,3,1,0,3,48.2,49.2,IZLE,,25,64349.3,,,,,SEVIYE,70,805.5,81,,,,,,,1785377340,2,0,,19,1085.9,19,,,
31958,2026-07-30 02:10:44.527833+00,64279.05,-1643393.5483161984,527970.1410000001,11844096313.993801,0.00007677000000000001,49952925.59984,10864.9265,18.1,BEKLE,false,0.0,10864.9265,1.5648,120.488,46401919.279000066,180.832,0.0,18.1,"[{""usdt"": 17603033.0, ""borsa"": 3, ""fiyat"": 64275.0, ""kaynak"": ""BNB+BYB+OKX""}, {""usdt"": 9636238.0, ""borsa"": 1, ""fiyat"": 64225.0, ""kaynak"": ""BNB""}, {""usdt"": 7920605.0, ""borsa"": 1, ""fiyat"": 64250.0, ""kaynak"": ""BNB""}]","[{""usdt"": 11698737.0, ""borsa"": 1, ""fiyat"": 64400.0, ""kaynak"": ""BNB""}, {""usdt"": 10071397.0, ""borsa"": 3, ""fiyat"": 64325.0, ""kaynak"": ""BNB+BYB+OKX""}, {""usdt"": 8867172.0, ""borsa"": 3, ""fiyat"": 64300.0, ""kaynak"": ""BNB+BYB+OKX""}]",YOK,-0.0045,0.0369,0.8762,0.9788,false,,false,0,1,0,3,2,0,3,44.5,45.5,IZLE,,25,64349.3,,,,,SEVIYE,70,806.5,81,,,,,,,1785377340,2,0,,19,1086.9,19,,,
31959,2026-07-30 02:11:44.805494+00,64294.55,-1604851.7141140983,1418879.619,11845658881.2853,0.00007677000000000001,49042701.79179004,9258.081,31.7,BEKLE,false,1285.822,7972.259,1.5648,60.267,47150173.00163995,0,0.0,31.7,"[{""usdt"": 15535620.0, ""borsa"": 3, ""fiyat"": 64250.0, ""kaynak"": ""BNB+BYB+OKX""}, {""usdt"": 10072523.0, ""borsa"": 1, ""fiyat"": 64200.0, ""kaynak"": ""BNB""}, {""usdt"": 8374835.0, ""borsa"": 2, ""fiyat"": 64225.0, ""kaynak"": ""BNB+BYB""}]","[{""usdt"": 11933506.0, ""borsa"": 3, ""fiyat"": 64275.0, ""kaynak"": ""BNB+BYB+OKX""}, {""usdt"": 10930854.0, ""borsa"": 2, ""fiyat"": 64300.0, ""kaynak"": ""BNB+BYB""}, {""usdt"": 10132821.0, ""borsa"": 1, ""fiyat"": 64375.0, ""kaynak"": ""BNB""}]",YOK,0.0137,0.0197,0.5975,0.1018,false,,false,0.065,1,0,3,1,0,3,40.9,42,IZLE,,25,64349.3,,,,,SEVIYE,70,807.5,81,,,,,,,1785377460,2,0,,19,1087.9,19,,,
31960,2026-07-30 02:12:45.012374+00,64306.45,-1399174.4023292984,2177988.1979999994,11849917298.2775,0.00007677000000000001,45926749.232030034,9386.7402,45.0,BEKLE,false,1414.4812,7972.259,1.5628,120.513,50039350.316840015,60.246,0.0,45.0,"[{""usdt"": 15775080.0, ""borsa"": 3, ""fiyat"": 64275.0, ""kaynak"": ""BNB+BYB+OKX""}, {""usdt"": 9762798.0, ""borsa"": 1, ""fiyat"": 64200.0, ""kaynak"": ""BNB""}, {""usdt"": 7463973.0, ""borsa"": 1, ""fiyat"": 64250.0, ""kaynak"": ""BNB""}]","[{""usdt"": 14792124.0, ""borsa"": 3, ""fiyat"": 64325.0, ""kaynak"": ""BNB+BYB+OKX""}, {""usdt"": 10393301.0, ""borsa"": 1, ""fiyat"": 64400.0, ""kaynak"": ""BNB""}, {""usdt"": 9377830.0, ""borsa"": 3, ""fiyat"": 64300.0, ""kaynak"": ""BNB+BYB+OKX""}]",YOK,0.0431,-0.0429,0.2178,0.1136,false,,false,0.1814,0,0,3,1,0,3,37.3,38.4,IZLE,,25,64349.3,,,,,SEVIYE,70,808.5,81,,,,,,,1785377460,2,0,,19,1088.9,19,,,
31961,2026-07-30 02:13:45.309996+00,64350.05,19575.087574601872,3107699.025,11852813205.5224,0.00007677000000000001,49940940.89006997,97849.55219999999,38.1,BEKLE,true,1414.4812,96435.071,1.5628,0,42042862.04645997,60.251,0.0,38.1,"[{""usdt"": 17154111.0, ""borsa"": 3, ""fiyat"": 64350.0, ""kaynak"": ""BNB+BYB+OKX""}, {""usdt"": 7842155.0, ""borsa"": 1, ""fiyat"": 64300.0, ""kaynak"": ""BNB""}, {""usdt"": 7751378.0, ""borsa"": 2, ""fiyat"": 64325.0, ""kaynak"": ""BNB+OKX""}]","[{""usdt"": 10210391.0, ""borsa"": 2, ""fiyat"": 64400.0, ""kaynak"": ""BNB+BYB""}, {""usdt"": 9109784.0, ""borsa"": 3, ""fiyat"": 64375.0, ""kaynak"": ""BNB+BYB+OKX""}, {""usdt"": 8418110.0, ""borsa"": 1, ""fiyat"": 64475.0, ""kaynak"": ""BNB""}]",YOK,0.1259,0.0859,0.2521,0.4771,false,,false,0.2982,2,0,3,1,0,3,33.7,34.8,IZLE,,25,64349.3,,,,,SEVIYE,70,809.5,81,,,,,,,1785377580,3,0,,19,1089.9,19,,,
31962,2026-07-30 02:14:45.891787+00,64301.55,19575.087574601872,3107699.025,11852813205.5224,0.00007677000000000001,51459619.871099934,97849.55219999999,44.5,BEKLE,false,1414.4812,96435.071,1.5628,0,40068211.144999966,120.544,0.0,44.5,"[{""usdt"": 14449427.0, ""borsa"": 3, ""fiyat"": 64300.0, ""kaynak"": ""BNB+BYB+OKX""}, {""usdt"": 10969157.0, ""borsa"": 3, ""fiyat"": 64275.0, ""kaynak"": ""BNB+BYB+OKX""}, {""usdt"": 8885400.0, ""borsa"": 1, ""fiyat"": 64250.0, ""kaynak"": ""BNB""}]","[{""usdt"": 11462641.0, ""borsa"": 3, ""fiyat"": 64325.0, ""kaynak"": ""BNB+BYB+OKX""}, {""usdt"": 9843936.0, ""borsa"": 1, ""fiyat"": 64400.0, ""kaynak"": ""BNB""}, {""usdt"": 6603672.0, ""borsa"": 1, ""fiyat"": 64350.0, ""kaynak"": ""BNB""}]",YOK,0.0529,0.1245,0.2375,0.0178,false,,false,0.6444,1,0,3,1,0,3,30.1,31.2,IZLE,,25,64349.3,,,,,SEVIYE,70,810.5,81,,,,,,,1785377580,3,0,,19,1091.0,19,,,
31963,2026-07-30 02:15:46.150653+00,64300.75,-657208.2681505999,2899616.4699999997,11843209775.4357,0.00007677000000000001,50022937.027249984,89968.79239999999,50.2,BEKLE,true,1414.4812,88554.3112,1.5628,60.57,47436987.46615001,181.114,0.0,50.2,"[{""usdt"": 15961240.0, ""borsa"": 3, ""fiyat"": 64275.0, ""kaynak"": ""BNB+BYB+OKX""}, {""usdt"": 9528143.0, ""borsa"": 1, ""fiyat"": 64225.0, ""kaynak"": ""BNB""}, {""usdt"": 8801328.0, ""borsa"": 1, ""fiyat"": 64250.0, ""kaynak"": ""BNB""}]","[{""usdt"": 13133700.0, ""borsa"": 3, ""fiyat"": 64325.0, ""kaynak"": ""BNB+BYB+OKX""}, {""usdt"": 10988194.0, ""borsa"": 1, ""fiyat"": 64400.0, ""kaynak"": ""BNB""}, {""usdt"": 7913634.0, ""borsa"": 1, ""fiyat"": 64375.0, ""kaynak"": ""BNB""}]",YOK,-0.0476,0.0265,0.2452,0.2756,false,,false,0.6667,0,0,3,2,0,3,26.9,27.9,IZLE,,25,64299.9,,,,,SEVIYE,50,811.5,82,,,,,,,1785377580,3,0,,19,1112.0,19,,,
31964,2026-07-30 02:16:46.495686+00,64277.350000000006,-308032.7306486052,2946961.0369999995,11841188143.321,0.00007677000000000001,50202314.91902999,89968.79239999999,46.6,BEKLE,false,1414.4812,88554.3112,1.5628,120.881,43142497.77448993,241.425,0.0,46.6,"[{""usdt"": 11825729.0, ""borsa"": 3, ""fiyat"": 64275.0, ""kaynak"": ""BNB+BYB+OKX""}, {""usdt"": 9891991.0, ""borsa"": 3, ""fiyat"": 64300.0, ""kaynak"": ""BNB+BYB+OKX""}, {""usdt"": 9319319.0, ""borsa"": 1, ""fiyat"": 64250.0, ""kaynak"": ""BNB""}]","[{""usdt"": 12497653.0, ""borsa"": 1, ""fiyat"": 64400.0, ""kaynak"": ""BNB""}, {""usdt"": 12180854.0, ""borsa"": 3, ""fiyat"": 64325.0, ""kaynak"": ""BNB+BYB+OKX""}, {""usdt"": 7997716.0, ""borsa"": 1, ""fiyat"": 64375.0, ""kaynak"": ""BNB""}]",YOK,0.0173,0.0756,0.3987,0.27,false,,false,1.0578,0,0,3,1,0,3,23.3,24.4,IZLE,,25,64299.9,,,,,SEVIYE,50,812.5,82,PCT,0.8,0.10159994129032748,10.23557883522245,false,0.045,1785377580,3,1,,19,1113.0,19,,,
31965,2026-07-30 02:17:47.765322+00,64299.95,-787081.9758323048,2900040.628,11837544345.2848,0.00007677000000000001,52344194.82247001,88554.3112,35.7,BEKLE,true,0.0,88554.3112,1.5628,61.236,49008783.280590005,302.661,0.0,35.7,"[{""usdt"": 12606440.0, ""borsa"": 3, ""fiyat"": 64250.0, ""kaynak"": ""BNB+BYB+OKX""}, {""usdt"": 11807227.0, ""borsa"": 3, ""fiyat"": 64275.0, ""kaynak"": ""BNB+BYB+OKX""}, {""usdt"": 10836011.0, ""borsa"": 1, ""fiyat"": 64200.0, ""kaynak"": ""BNB""}]","[{""usdt"": 16554557.0, ""borsa"": 3, ""fiyat"": 64300.0, ""kaynak"": ""BNB+BYB+OKX""}, {""usdt"": 10206142.0, ""borsa"": 1, ""fiyat"": 64375.0, ""kaynak"": ""BNB""}, {""usdt"": 7692481.0, ""borsa"": 1, ""fiyat"": 64400.0, ""kaynak"": ""BNB""}]",YOK,0.0224,0.0329,0.3984,0.216,false,,false,0.5286,1,0,3,2,0,3,20.8,21.9,IZLE,,50,64299.9,,,,,SEVIYE+TASFIYE,50,813.6,82,,,,,,,1785377580,3,0,,19,1114.0,19,,,
31966,2026-07-30 02:18:48.949449+00,64355.25,-569018.5990565035,2855233.224999999,11840993798.060799,0.00007677000000000001,54778710.75649994,88554.3112,27.9,BEKLE,false,0.0,88554.3112,1.5582,0,49559928.548319966,363.938,27.9,0.0,"[{""usdt"": 13697094.0, ""borsa"": 1, ""fiyat"": 64300.0, ""kaynak"": ""BNB""}, {""usdt"": 13214729.0, ""borsa"": 3, ""fiyat"": 64325.0, ""kaynak"": ""BNB+BYB+OKX""}, {""usdt"": 8827612.0, ""borsa"": 3, ""fiyat"": 64350.0, ""kaynak"": ""BNB+BYB+OKX""}]","[{""usdt"": 17355569.0, ""borsa"": 3, ""fiyat"": 64375.0, ""kaynak"": ""BNB+BYB+OKX""}, {""usdt"": 10404677.0, ""borsa"": 1, ""fiyat"": 64400.0, ""kaynak"": ""BNB""}, {""usdt"": 10072967.0, ""borsa"": 1, ""fiyat"": 64450.0, ""kaynak"": ""BNB""}]",YOK,0.1225,0.05,0.6456,0.291,false,,false,0.5192,2,0,3,2,0,3,18.3,19.3,IZLE,,50,64350.6,,,,,SEVIYE+TASFIYE,65,814.6,82,,,,,,,1785377580,3,1,,19,1115.0,19,,,
31967,2026-07-30 02:19:49.259558+00,64327.55,591584.1905757961,2929893.7419999996,11852591128.3169,0.00007677000000000001,57104839.49769997,0.0,18.5,BEKLE,false,0.0,0.0,1.5582,60.264,44629644.09575998,424.202,18.5,0.0,"[{""usdt"": 24067571.0, ""borsa"": 3, ""fiyat"": 64300.0, ""kaynak"": ""BNB+BYB+OKX""}, {""usdt"": 11918775.0, ""borsa"": 1, ""fiyat"": 64225.0, ""kaynak"": ""BNB""}, {""usdt"": 7492951.0, ""borsa"": 2, ""fiyat"": 64325.0, ""kaynak"": ""BNB+BYB""}]","[{""usdt"": 9766873.0, ""borsa"": 1, ""fiyat"": 64400.0, ""kaynak"": ""BNB""}, {""usdt"": 8686526.0, ""borsa"": 1, ""fiyat"": 64425.0, ""kaynak"": ""BNB""}, {""usdt"": 7537339.0, ""borsa"": 1, ""fiyat"": 64375.0, ""kaynak"": ""BNB""}]",YOK,0.0386,0.1226,0.7154,1.6603,false,,false,0.4895,1,0,3,0,0,3,14.7,15.8,IZLE,,25,64350.6,,,,,SEVIYE,65,815.6,82,,,,,,,,,0,,19,1116.0,19,,,
31968,2026-07-30 02:20:49.553022+00,64338.45,1053599.916997299,2894137.386,11844254775.705399,0.00007677000000000001,51176019.80418995,0.0,3.5,BEKLE,,0.0,0.0,1.5523,120.562,50817831.33547,484.5,3.5,0.0,"[{""usdt"": 15625556.0, ""borsa"": 3, ""fiyat"": 64325.0, ""kaynak"": ""BNB+BYB+OKX""}, {""usdt"": 15160343.0, ""borsa"": 1, ""fiyat"": 64300.0, ""kaynak"": ""BNB""}, {""usdt"": 6092625.0, ""borsa"": 1, ""fiyat"": 64275.0, ""kaynak"": ""BNB""}]","[{""usdt"": 16137596.0, ""borsa"": 3, ""fiyat"": 64375.0, ""kaynak"": ""BNB+BYB+OKX""}, {""usdt"": 11974746.0, ""borsa"": 1, ""fiyat"": 64400.0, ""kaynak"": ""BNB""}, {""usdt"": 10446254.0, ""borsa"": 1, ""fiyat"": 64450.0, ""kaynak"": ""BNB""}]",SPOT,0.1601,0.0035,0.9959,1.1206,false,,false,0.3525,2,0,3,1,0,3,11.1,12.2,IZLE,,25,64350.6,,,,,SEVIYE,65,816.6,82,,,,,,,,,0,,19,1117.0,19,,,
31969,2026-07-30 02:21:49.8246+00,64356.149999999994,2199643.6099357023,2826789.9529999997,11848796781.3134,0.00007677000000000001,61095261.063700005,0.0,20.2,BEKLE,,0.0,0.0,1.5523,180.827,44427438.40397996,544.765,20.2,0.0,"[{""usdt"": 15211177.0, ""borsa"": 1, ""fiyat"": 64300.0, ""kaynak"": ""BNB""}, {""usdt"": 12651055.0, ""borsa"": 3, ""fiyat"": 64325.0, ""kaynak"": ""BNB+BYB+OKX""}, {""usdt"": 12306228.0, ""borsa"": 1, ""fiyat"": 64225.0, ""kaynak"": ""BNB""}]","[{""usdt"": 12438062.0, ""borsa"": 3, ""fiyat"": 64375.0, ""kaynak"": ""BNB+BYB+OKX""}, {""usdt"": 9637680.0, ""borsa"": 1, ""fiyat"": 64450.0, ""kaynak"": ""BNB""}, {""usdt"": 9600827.0, ""borsa"": 1, ""fiyat"": 64400.0, ""kaynak"": ""BNB""}]",HER_IKISI,0.2011,0.158,0.9422,1.5124,false,,false,1.1572,2,0,3,1,0,3,7.6,8.7,IZLE,,25,64350.6,,,,,SEVIYE,65,817.6,82,,,,,,,,,0,,19,1118.0,19,,,
31970,2026-07-30 02:22:50.097052+00,64330.05,2145357.6154906033,2815933.6449999996,11849717034.5113,0.00007677000000000001,56888137.337000005,0.0,16.2,BEKLE,false,0.0,0.0,1.5523,241.119,44860135.21115998,605.057,16.2,0.0,"[{""usdt"": 19728146.0, ""borsa"": 3, ""fiyat"": 64300.0, ""kaynak"": ""BNB+BYB+OKX""}, {""usdt"": 11806557.0, ""borsa"": 3, ""fiyat"": 64325.0, ""kaynak"": ""BNB+BYB+OKX""}, {""usdt"": 11072836.0, ""borsa"": 1, ""fiyat"": 64225.0, ""kaynak"": ""BNB""}]","[{""usdt"": 11673195.0, ""borsa"": 3, ""fiyat"": 64350.0, ""kaynak"": ""BNB+BYB+OKX""}, {""usdt"": 10901055.0, ""borsa"": 1, ""fiyat"": 64425.0, ""kaynak"": ""BNB""}, {""usdt"": 7800826.0, ""borsa"": 1, ""fiyat"": 64400.0, ""kaynak"": ""BNB""}]",YOK,0.0119,0.1182,0.9646,0.5056,false,,false,1.7052,1,0,3,0,0,3,4.1,5.1,IZLE,,25,64350.6,,,,,SEVIYE,65,818.6,82,,,,,,,,,0,,19,1119.0,19,,,
31971,2026-07-30 02:23:50.41529+00,64321.649999999994,2604559.321508106,3072992.8670000006,11849740661.6931,0.00007677000000000001,55265529.3341,17437.596299999997,21.2,BEKLE,,0.0,17437.596299999997,1.5523,301.396,46470444.97366004,665.334,0.0,21.2,"[{""usdt"": 19559485.0, ""borsa"": 3, ""fiyat"": 64300.0, ""kaynak"": ""BNB+BYB+OKX""}, {""usdt"": 9312804.0, ""borsa"": 1, ""fiyat"": 64225.0, ""kaynak"": ""BNB""}, {""usdt"": 8463020.0, ""borsa"": 3, ""fiyat"": 64325.0, ""kaynak"": ""BNB+BYB+OKX""}]","[{""usdt"": 17173042.0, ""borsa"": 3, ""fiyat"": 64350.0, ""kaynak"": ""BNB+BYB+OKX""}, {""usdt"": 10207122.0, ""borsa"": 1, ""fiyat"": 64400.0, ""kaynak"": ""BNB""}, {""usdt"": 8052885.0, ""borsa"": 1, ""fiyat"": 64425.0, ""kaynak"": ""BNB""}]",YOK,-0.0533,0.0865,0.9193,0.4966,false,,false,1.5651,1,0,3,0,0,3,63.4,62.9,IZLE,,25,64299.9,,,,,SEVIYE,50,819.6,82,,,,,,,1785378120,2,0,,19,1120.0,19,,,
31972,2026-07-30 02:24:50.654654+00,64323.95,2222946.141763103,3061438.0149999997,11848469578.5294,0.00007677000000000001,58612252.6183,17438.6502,13.1,BEKLE,true,0.0,17438.6502,1.5523,361.658,45058105.71789003,725.596,0.0,13.1,"[{""usdt"": 23317634.0, ""borsa"": 3, ""fiyat"": 64300.0, ""kaynak"": ""BNB+BYB+OKX""}, {""usdt"": 9312804.0, ""borsa"": 1, ""fiyat"": 64225.0, ""kaynak"": ""BNB""}, {""usdt"": 8051595.0, ""borsa"": 3, ""fiyat"": 64325.0, ""kaynak"": ""BNB+BYB+OKX""}]","[{""usdt"": 16323974.0, ""borsa"": 3, ""fiyat"": 64350.0, ""kaynak"": ""BNB+BYB+OKX""}, {""usdt"": 10207122.0, ""borsa"": 1, ""fiyat"": 64400.0, ""kaynak"": ""BNB""}, {""usdt"": 8052885.0, ""borsa"": 1, ""fiyat"": 64425.0, ""kaynak"": ""BNB""}]",YOK,-0.0476,0.1307,0.9064,0.1021,false,,false,1.2804,1,0,3,2,0,3,60.8,61.9,IZLE,,25,64299.9,,,,,SEVIYE,50,820.6,82,,,,,,,1785378120,2,0,,19,1121.1,19,,,
31973,2026-07-30 02:25:50.990057+00,64310.05,1293400.524939208,221323.01299999998,11846170159.044498,0.00007677000000000001,56045269.387630045,17438.6502,77.3,BEKLE,false,0.0,17438.6502,1.5523,421.99,47154572.01336997,785.928,77.3,0.0,"[{""usdt"": 26620790.0, ""borsa"": 3, ""fiyat"": 64300.0, ""kaynak"": ""BNB+BYB+OKX""}, {""usdt"": 8769409.0, ""borsa"": 1, ""fiyat"": 64225.0, ""kaynak"": ""BNB""}, {""usdt"": 6896504.0, ""borsa"": 1, ""fiyat"": 64250.0, ""kaynak"": ""BNB""}]","[{""usdt"": 12812637.0, ""borsa"": 3, ""fiyat"": 64350.0, ""kaynak"": ""BNB+BYB+OKX""}, {""usdt"": 10820456.0, ""borsa"": 1, ""fiyat"": 64400.0, ""kaynak"": ""BNB""}, {""usdt"": 8530303.0, ""borsa"": 1, ""fiyat"": 64425.0, ""kaynak"": ""BNB""}]",YOK,-0.0106,0.0862,0.0648,0.3908,false,,false,2.0867,1,0,3,0,0,3,56.9,58.4,IZLE,,25,64299.9,,,,,SEVIYE,55,821.6,83,,,,,,,1785378120,2,1,,17,1192.1,17,,,
31974,2026-07-30 02:26:51.273026+00,64300.05,1737613.6955347075,362370.926,11848655546.4333,0.00007677000000000001,54524001.81098,17438.6502,81.5,BEKLE,false,0.0,17438.6502,1.5523,482.254,44795772.47419001,846.192,81.5,0.0,"[{""usdt"": 15309501.0, ""borsa"": 3, ""fiyat"": 64300.0, ""kaynak"": ""BNB+BYB+OKX""}, {""usdt"": 12658241.0, ""borsa"": 3, ""fiyat"": 64275.0, ""kaynak"": ""BNB+BYB+OKX""}, {""usdt"": 9296007.0, ""borsa"": 1, ""fiyat"": 64200.0, ""kaynak"": ""BNB""}]","[{""usdt"": 13924781.0, ""borsa"": 3, ""fiyat"": 64325.0, ""kaynak"": ""BNB+BYB+OKX""}, {""usdt"": 11464558.0, ""borsa"": 1, ""fiyat"": 64400.0, ""kaynak"": ""BNB""}, {""usdt"": 7223593.0, ""borsa"": 1, ""fiyat"": 64375.0, ""kaynak"": ""BNB""}]",YOK,-0.0111,0.0979,0.1264,0.7818,false,,false,,1,0,3,0,0,3,53.4,54.4,IZLE,,25,64299.9,,,,,SEVIYE,55,822.6,83,,,,,,,1785378120,2,2,,17,1193.1,17,,,
31975,2026-07-30 02:27:51.596105+00,64326.649999999994,1638573.5876663085,361327.09300000005,11849241232.967,0.00007677000000000001,52273343.11025998,0.0,87.6,BEKLE,false,0.0,0.0,1.5265,542.588,49392826.76738998,906.526,87.6,0.0,"[{""usdt"": 14869749.0, ""borsa"": 3, ""fiyat"": 64275.0, ""kaynak"": ""BNB+BYB+OKX""}, {""usdt"": 10490056.0, ""borsa"": 3, ""fiyat"": 64300.0, ""kaynak"": ""BNB+BYB+OKX""}, {""usdt"": 8796545.0, ""borsa"": 1, ""fiyat"": 64225.0, ""kaynak"": ""BNB""}]","[{""usdt"": 14900380.0, ""borsa"": 3, ""fiyat"": 64325.0, ""kaynak"": ""BNB+BYB+OKX""}, {""usdt"": 10823829.0, ""borsa"": 1, ""fiyat"": 64400.0, ""kaynak"": ""BNB""}, {""usdt"": 9555043.0, ""borsa"": 1, ""fiyat"": 64375.0, ""kaynak"": ""BNB""}]",YOK,0.0691,0.0283,0.1375,0.047,false,2.3713,false,,1,0,3,0,0,3,49.9,51,IZLE,,25,64299.9,,,,,SEVIYE,55,823.6,83,,,,,,,,,0,,17,1194.2,17,,,
31976,2026-07-30 02:28:51.880695+00,64338.850000000006,1785616.356833409,559164.7119999999,11854141145.8318,0.00007677000000000001,54806295.93719004,0.0,100.0,BEKLE,false,0.0,0.0,1.5265,602.87,49175572.408479966,966.808,100.0,0.0,"[{""usdt"": 19164991.0, ""borsa"": 3, ""fiyat"": 64300.0, ""kaynak"": ""BNB+BYB+OKX""}, {""usdt"": 10225661.0, ""borsa"": 1, ""fiyat"": 64200.0, ""kaynak"": ""BNB""}, {""usdt"": 10092867.0, ""borsa"": 3, ""fiyat"": 64275.0, ""kaynak"": ""BNB+BYB+OKX""}]","[{""usdt"": 11718820.0, ""borsa"": 1, ""fiyat"": 64400.0, ""kaynak"": ""BNB""}, {""usdt"": 11446726.0, ""borsa"": 3, ""fiyat"": 64325.0, ""kaynak"": ""BNB+BYB+OKX""}, {""usdt"": 10983819.0, ""borsa"": 1, ""fiyat"": 64350.0, ""kaynak"": ""BNB""}]",YOK,0.0327,0.0542,0.201,0.215,false,2.1921,false,,1,0,3,1,0,3,46.4,47.4,IZLE,,25,64299.9,,,,,SEVIYE,55,824.6,83,,,,,,,,,0,,17,1195.2,17,,,
31977,2026-07-30 02:29:52.214246+00,64326.25,1687304.9126081073,646636.193,11858036979.8992,0.00007677000000000001,54644778.25407003,0.0,94.2,BEKLE,false,0.0,0.0,1.5265,663.193,51083153.08553002,1027.131,94.2,0.0,"[{""usdt"": 18791483.0, ""borsa"": 3, ""fiyat"": 64300.0, ""kaynak"": ""BNB+BYB+OKX""}, {""usdt"": 10763688.0, ""borsa"": 3, ""fiyat"": 64325.0, ""kaynak"": ""BNB+BYB+OKX""}, {""usdt"": 9156454.0, ""borsa"": 1, ""fiyat"": 64250.0, ""kaynak"": ""BNB""}]","[{""usdt"": 17782595.0, ""borsa"": 3, ""fiyat"": 64350.0, ""kaynak"": ""BNB+BYB+OKX""}, {""usdt"": 10844625.0, ""borsa"": 1, ""fiyat"": 64400.0, ""kaynak"": ""BNB""}, {""usdt"": 8160934.0, ""borsa"": 1, ""fiyat"": 64425.0, ""kaynak"": ""BNB""}]",YOK,0.1055,0.0337,0.1462,0.032,false,2.1436,false,,2,0,3,0,0,3,42.9,44,IZLE,,25,64299.9,,,,,SEVIYE,55,825.6,83,,,,,,,,,0,,17,1196.2,17,,,
31978,2026-07-30 02:30:52.498608+00,64300.05,3019331.9190588025,1386248.1260000004,11853687778.1357,0.00007677000000000001,57058522.858890004,0.0,43.6,BEKLE,true,0.0,0.0,1.5265,723.508,47384471.65184998,1087.446,0.0,43.6,"[{""usdt"": 24379162.0, ""borsa"": 3, ""fiyat"": 64300.0, ""kaynak"": ""BNB+BYB+OKX""}, {""usdt"": 11183057.0, ""borsa"": 1, ""fiyat"": 64225.0, ""kaynak"": ""BNB""}, {""usdt"": 8004076.0, ""borsa"": 1, ""fiyat"": 64250.0, ""kaynak"": ""BNB""}]","[{""usdt"": 12418417.0, ""borsa"": 3, ""fiyat"": 64350.0, ""kaynak"": ""BNB+BYB+OKX""}, {""usdt"": 11085812.0, ""borsa"": 1, ""fiyat"": 64400.0, ""kaynak"": ""BNB""}, {""usdt"": 9381243.0, ""borsa"": 3, ""fiyat"": 64325.0, ""kaynak"": ""BNB+BYB+OKX""}]",YOK,0.0723,0.0926,0.5335,0.1575,true,0.4018,false,,1,0,3,0,0,3,38.9,40.4,IZLE,,25,64299.9,,,,,SEVIYE,55,826.6,83,,,,,,,,,0,,17,1197.2,17,,,
31979,2026-07-30 02:31:53.424846+00,64283.95,2372088.2951970026,1126030.4370000002,11849723096.5097,0.00007677000000000001,54418850.474249996,10866.6636,34.8,BEKLE,true,10866.6636,0.0,1.5265,784.383,43899509.888499945,1148.321,0.0,34.8,"[{""usdt"": 14608909.0, ""borsa"": 3, ""fiyat"": 64275.0, ""kaynak"": ""BNB+BYB+OKX""}, {""usdt"": 10236733.0, ""borsa"": 3, ""fiyat"": 64300.0, ""kaynak"": ""BNB+BYB+OKX""}, {""usdt"": 9902656.0, ""borsa"": 1, ""fiyat"": 64200.0, ""kaynak"": ""BNB""}]","[{""usdt"": 13220129.0, ""borsa"": 3, ""fiyat"": 64325.0, ""kaynak"": ""BNB+BYB+OKX""}, {""usdt"": 11732947.0, ""borsa"": 1, ""fiyat"": 64400.0, ""kaynak"": ""BNB""}, {""usdt"": 6193405.0, ""borsa"": 1, ""fiyat"": 64375.0, ""kaynak"": ""BNB""}]",YOK,0.0875,0.107,0.3908,0.5054,true,0.2095,false,,1,0,3,2,0,3,36,37.1,IZLE,,25,64299.9,,,,,SEVIYE,55,827.6,83,,,,,,,1785378600,2,0,,17,1198.2,17,,,
31980,2026-07-30 02:32:53.69661+00,64255.05,1275033.164361103,968521.5709999999,11841146232.3396,0.00007677000000000001,52335862.02783006,10866.6636,26.1,BEKLE,,10866.6636,0.0,1.5265,603.559,44490228.558140025,0,0.0,26.1,"[{""usdt"": 15464727.0, ""borsa"": 3, ""fiyat"": 64225.0, ""kaynak"": ""BNB+BYB+OKX""}, {""usdt"": 10994276.0, ""borsa"": 3, ""fiyat"": 64250.0, ""kaynak"": ""BNB+BYB+OKX""}, {""usdt"": 8769177.0, ""borsa"": 1, ""fiyat"": 64175.0, ""kaynak"": ""BNB""}]","[{""usdt"": 16850773.0, ""borsa"": 3, ""fiyat"": 64275.0, ""kaynak"": ""BNB+BYB+OKX""}, {""usdt"": 6854513.0, ""borsa"": 1, ""fiyat"": 64300.0, ""kaynak"": ""BNB""}, {""usdt"": 6702287.0, ""borsa"": 1, ""fiyat"": 64375.0, ""kaynak"": ""BNB""}]",YOK,0.02,0.081,0.3161,3.1719,true,0.2188,false,,0,0,3,1,0,3,32,33.1,IZLE,,25,64299.9,,,,,SEVIYE,55,828.7,83,,,,,,,1785378600,2,1,,17,1199.2,17,,,
31981,2026-07-30 02:33:54.009632+00,64228.25,1458177.7526829033,932058.152,11840345481.619999,0.00007677000000000001,47088866.41671002,10866.6636,27.2,BEKLE,false,10866.6636,0.0,1.5195,663.909,53703252.30914004,60.35,0.0,27.2,"[{""usdt"": 18664157.0, ""borsa"": 3, ""fiyat"": 64225.0, ""kaynak"": ""BNB+BYB+OKX""}, {""usdt"": 8793913.0, ""borsa"": 1, ""fiyat"": 64175.0, ""kaynak"": ""BNB""}, {""usdt"": 7082978.0, ""borsa"": 1, ""fiyat"": 64150.0, ""kaynak"": ""BNB""}]","[{""usdt"": 18392596.0, ""borsa"": 3, ""fiyat"": 64250.0, ""kaynak"": ""BNB+BYB+OKX""}, {""usdt"": 12932254.0, ""borsa"": 3, ""fiyat"": 64275.0, ""kaynak"": ""BNB+BYB+OKX""}, {""usdt"": 8490751.0, ""borsa"": 1, ""fiyat"": 64350.0, ""kaynak"": ""BNB""}]",YOK,-0.0205,-0.0656,0.404,6.9512,true,0.2266,false,,1,0,3,1,1,3,28.5,29.6,IZLE,,25,64299.9,,,,,SEVIYE,55,829.7,83,,,,,,,1785378600,2,2,,17,1200.2,17,,,
31982,2026-07-30 02:34:54.34772+00,64226.05,1090981.1216345015,1870225.623,11835268354.68,0.00007677000000000001,47475685.138459966,10866.6636,41.8,BEKLE,,10866.6636,0.0,1.5195,724.202,52370373.16485005,0,0.0,41.8,"[{""usdt"": 13335874.0, ""borsa"": 3, ""fiyat"": 64200.0, ""kaynak"": ""BNB+BYB+OKX""}, {""usdt"": 11377605.0, ""borsa"": 3, ""fiyat"": 64225.0, ""kaynak"": ""BNB+BYB+OKX""}, {""usdt"": 8898138.0, ""borsa"": 1, ""fiyat"": 64125.0, ""kaynak"": ""BNB""}]","[{""usdt"": 25985004.0, ""borsa"": 3, ""fiyat"": 64250.0, ""kaynak"": ""BNB+BYB+OKX""}, {""usdt"": 7699924.0, ""borsa"": 1, ""fiyat"": 64300.0, ""kaynak"": ""BNB""}, {""usdt"": 6556850.0, ""borsa"": 1, ""fiyat"": 64325.0, ""kaynak"": ""BNB""}]",YOK,0.0027,-0.049,0.2734,2.3403,true,0.1219,false,,0,1,3,1,1,3,25,26.1,IZLE,,25,64299.9,,,,,SEVIYE,55,830.7,83,,,,,,,1785378600,2,3,,17,1201.2,17,,,
31983,2026-07-30 02:35:54.637413+00,64202.95,671679.1360485938,1542953.5990000002,11832789369.0013,0.00007677000000000001,48826755.02895999,1220.0641,22.8,BEKLE,false,1220.0641,0.0,1.517,60.344,54117423.68576994,60.344,0.0,22.8,"[{""usdt"": 15502753.0, ""borsa"": 3, ""fiyat"": 64175.0, ""kaynak"": ""BNB+BYB+OKX""}, {""usdt"": 10316860.0, ""borsa"": 1, ""fiyat"": 64100.0, ""kaynak"": ""BNB""}, {""usdt"": 9758713.0, ""borsa"": 1, ""fiyat"": 64125.0, ""kaynak"": ""BNB""}]","[{""usdt"": 18639105.0, ""borsa"": 3, ""fiyat"": 64225.0, ""kaynak"": ""BNB+BYB+OKX""}, {""usdt"": 9328492.0, ""borsa"": 1, ""fiyat"": 64300.0, ""kaynak"": ""BNB""}, {""usdt"": 8187257.0, ""borsa"": 1, ""fiyat"": 64275.0, ""kaynak"": ""BNB""}]",YOK,-0.1619,-0.0514,0.9189,1.9552,true,0.3703,false,,0,2,3,0,1,3,21.6,22.7,IZLE,,25,64149.1,,,,,SEVIYE,55,1582.7,159,,,,,,,1785378900,1,0,,20,1582.7,20,,,
31984,2026-07-30 02:36:54.865783+00,64213.45,287168.4232050938,1500557.5570000003,11827651440.4834,0.00007677000000000001,50062282.92621001,4686.8189999999995,34.4,BEKLE,false,4686.8189999999995,0.0,1.517,60.261,61515916.999949925,120.605,0.0,34.4,"[{""usdt"": 14662836.0, ""borsa"": 3, ""fiyat"": 64200.0, ""kaynak"": ""BNB+BYB+OKX""}, {""usdt"": 10262815.0, ""borsa"": 3, ""fiyat"": 64175.0, ""kaynak"": ""BNB+BYB+OKX""}, {""usdt"": 9854016.0, ""borsa"": 1, ""fiyat"": 64125.0, ""kaynak"": ""BNB""}]","[{""usdt"": 31327208.0, ""borsa"": 3, ""fiyat"": 64225.0, ""kaynak"": ""BNB+BYB+OKX""}, {""usdt"": 10271197.0, ""borsa"": 1, ""fiyat"": 64300.0, ""kaynak"": ""BNB""}, {""usdt"": 6519705.0, ""borsa"": 1, ""fiyat"": 64275.0, ""kaynak"": ""BNB""}]",YOK,-0.0328,-0.1027,0.8081,1.406,false,0.5085,false,,0,1,3,1,1,3,18,19.1,IZLE,,25,64149.1,,,,,SEVIYE,55,1583.7,159,,,,,,,1785378900,1,0,,20,1583.7,20,,,
31985,2026-07-30 02:37:55.08743+00,64206.649999999994,267962.4018302951,474506.46,11826727596.0912,0.00007677000000000001,55652276.21895997,5328.954,33.4,BEKLE,,5328.954,0.0,1.517,120.436,48892132.24756997,180.78,33.4,0.0,"[{""usdt"": 14724204.0, ""borsa"": 3, ""fiyat"": 64175.0, ""kaynak"": ""BNB+BYB+OKX""}, {""usdt"": 10383668.0, ""borsa"": 1, ""fiyat"": 64100.0, ""kaynak"": ""BNB""}, {""usdt"": 8867198.0, ""borsa"": 1, ""fiyat"": 64125.0, ""kaynak"": ""BNB""}]","[{""usdt"": 17702219.0, ""borsa"": 3, ""fiyat"": 64225.0, ""kaynak"": ""BNB+BYB+OKX""}, {""usdt"": 7961909.0, ""borsa"": 1, ""fiyat"": 64275.0, ""kaynak"": ""BNB""}, {""usdt"": 7862674.0, ""borsa"": 1, ""fiyat"": 64300.0, ""kaynak"": ""BNB""}]",YOK,-0.0711,0.0647,0.6066,1.5008,false,0.6922,false,,0,1,3,2,0,3,14.4,15.5,IZLE,,25,64149.1,,,,,SEVIYE,55,1584.7,159,,,,,,,1785378960,1,0,,20,1584.7,20,,,
31986,2026-07-30 02:38:55.378255+00,64225.149999999994,284577.719257695,516015.85699999996,11829563863.5825,0.00007677000000000001,42372723.26191001,5328.954,32.1,BEKLE,true,5328.954,0.0,1.517,120.439,59505696.371310025,241.044,32.1,0.0,"[{""usdt"": 14642940.0, ""borsa"": 3, ""fiyat"": 64200.0, ""kaynak"": ""BNB+BYB+OKX""}, {""usdt"": 10482447.0, ""borsa"": 1, ""fiyat"": 64150.0, ""kaynak"": ""BNB""}, {""usdt"": 5652265.0, ""borsa"": 1, ""fiyat"": 64125.0, ""kaynak"": ""BNB""}]","[{""usdt"": 16621522.0, ""borsa"": 3, ""fiyat"": 64225.0, ""kaynak"": ""BNB+BYB+OKX""}, {""usdt"": 15924991.0, ""borsa"": 3, ""fiyat"": 64250.0, ""kaynak"": ""BNB+BYB+OKX""}, {""usdt"": 9996027.0, ""borsa"": 1, ""fiyat"": 64300.0, ""kaynak"": ""BNB""}]",YOK,-0.0247,-0.1682,0.6809,0.0926,false,0.5464,false,,0,1,3,0,1,3,10.9,11.9,IZLE,,25,64299.9,,,,,SEVIYE,55,834.7,84,,,,,,,1785378960,1,1,,20,1585.7,20,,,
31987,2026-07-30 02:39:55.608946+00,64231.850000000006,222224.19696099486,503604.84900000005,11829964103.1695,0.00007677000000000001,40516327.76162002,5328.954,41.3,BEKLE,false,5328.954,0.0,1.517,60.283,51893386.34459005,301.327,41.3,0.0,"[{""usdt"": 12515448.0, ""borsa"": 3, ""fiyat"": 64200.0, ""kaynak"": ""BNB+BYB+OKX""}, {""usdt"": 8155158.0, ""borsa"": 1, ""fiyat"": 64125.0, ""kaynak"": ""BNB""}, {""usdt"": 7907591.0, ""borsa"": 1, ""fiyat"": 64150.0, ""kaynak"": ""BNB""}]","[{""usdt"": 13785677.0, ""borsa"": 3, ""fiyat"": 64250.0, ""kaynak"": ""BNB+BYB+OKX""}, {""usdt"": 11926683.0, ""borsa"": 3, ""fiyat"": 64225.0, ""kaynak"": ""BNB+BYB+OKX""}, {""usdt"": 10386581.0, ""borsa"": 1, ""fiyat"": 64325.0, ""kaynak"": ""BNB""}]",YOK,-0.0181,-0.1231,0.3247,0.1117,true,0.1552,false,,0,0,3,0,1,3,7.4,8.4,IZLE,,25,64299.9,,,,,SEVIYE,55,835.7,84,,,,,,,1785378960,1,2,,20,1586.7,20,,,
31988,2026-07-30 02:40:55.864257+00,64232.05,-2949696.867012604,-368061.38600000006,11843243479.1744,0.00007677000000000001,47140864.08203997,642.135,82.1,BEKLE,false,642.135,0.0,1.517,120.508,47429559.66396,361.552,82.1,0.0,"[{""usdt"": 13366978.0, ""borsa"": 3, ""fiyat"": 64200.0, ""kaynak"": ""BNB+BYB+OKX""}, {""usdt"": 9197504.0, ""borsa"": 1, ""fiyat"": 64125.0, ""kaynak"": ""BNB""}, {""usdt"": 8389603.0, ""borsa"": 1, ""fiyat"": 64150.0, ""kaynak"": ""BNB""}]","[{""usdt"": 16266193.0, ""borsa"": 3, ""fiyat"": 64250.0, ""kaynak"": ""BNB+BYB+OKX""}, {""usdt"": 11242934.0, ""borsa"": 1, ""fiyat"": 64325.0, ""kaynak"": ""BNB""}, {""usdt"": 5902328.0, ""borsa"": 1, ""fiyat"": 64300.0, ""kaynak"": ""BNB""}]",YOK,-0.0428,-0.0031,0.5891,0.2439,false,0.6811,false,,1,0,3,1,0,3,66.6,4.9,IZLE,,25,64299.9,,,,,SEVIYE,55,836.7,84,,,,,,,1785378960,1,0,,20,1587.7,20,,,
31989,2026-07-30 02:41:56.61531+00,64213.45,-2865715.5609337045,-362647.558,11847136401.9475,0.00007677000000000001,48089661.044539995,0.0,58.5,BEKLE,,0.0,0.0,1.51,60.269,46416880.990659975,180.777,58.5,0.0,"[{""usdt"": 12328013.0, ""borsa"": 3, ""fiyat"": 64200.0, ""kaynak"": ""BNB+BYB+OKX""}, {""usdt"": 9395413.0, ""borsa"": 1, ""fiyat"": 64125.0, ""kaynak"": ""BNB""}, {""usdt"": 7348831.0, ""borsa"": 1, ""fiyat"": 64100.0, ""kaynak"": ""BNB""}]","[{""usdt"": 13009208.0, ""borsa"": 3, ""fiyat"": 64250.0, ""kaynak"": ""BNB+BYB+OKX""}, {""usdt"": 10986309.0, ""borsa"": 3, ""fiyat"": 64225.0, ""kaynak"": ""BNB+BYB+OKX""}, {""usdt"": 10937220.0, ""borsa"": 1, ""fiyat"": 64300.0, ""kaynak"": ""BNB""}]",YOK,-0.0217,0.0177,0.5614,0,false,0.7495,false,,1,0,3,1,0,3,126.9,62.5,IZLE,,25,64149.1,,,,,SEVIYE,55,1588.7,159,,,,,,,,,0,,20,1588.7,20,,,
31990,2026-07-30 02:42:56.866821+00,64244.55,-3097491.497194305,-401957.847,11845185781.6947,0.00007677000000000001,49297645.653739996,0.0,55.4,BEKLE,false,0.0,0.0,1.51,121.023,47261684.35526998,241.531,55.4,0.0,"[{""usdt"": 15479338.0, ""borsa"": 3, ""fiyat"": 64200.0, ""kaynak"": ""BNB+BYB+OKX""}, {""usdt"": 9395413.0, ""borsa"": 1, ""fiyat"": 64125.0, ""kaynak"": ""BNB""}, {""usdt"": 7348831.0, ""borsa"": 1, ""fiyat"": 64100.0, ""kaynak"": ""BNB""}]","[{""usdt"": 14473248.0, ""borsa"": 3, ""fiyat"": 64225.0, ""kaynak"": ""BNB+BYB+OKX""}, {""usdt"": 10937220.0, ""borsa"": 1, ""fiyat"": 64300.0, ""kaynak"": ""BNB""}, {""usdt"": 10367073.0, ""borsa"": 3, ""fiyat"": 64250.0, ""kaynak"": ""BNB+BYB+OKX""}]",YOK,-0.0264,0.0211,0.7439,0.4316,false,0.875,true,0,1,1,3,1,0,3,60.9,61.9,IZLE,,25,64299.9,,,,,SEVIYE,55,838.7,84,,,,,,,,,0,,20,1589.7,20,,,
31991,2026-07-30 02:43:57.260837+00,64284.350000000006,-2889232.492542705,-291757.25399999996,11849475708.397202,0.00007677000000000001,49206718.75679001,0.0,44.2,BEKLE,false,0.0,0.0,1.51,0,48508324.926310025,121.048,44.2,0.0,"[{""usdt"": 14152713.0, ""borsa"": 3, ""fiyat"": 64250.0, ""kaynak"": ""BNB+BYB+OKX""}, {""usdt"": 10162430.0, ""borsa"": 3, ""fiyat"": 64225.0, ""kaynak"": ""BNB+BYB+OKX""}, {""usdt"": 8350688.0, ""borsa"": 1, ""fiyat"": 64175.0, ""kaynak"": ""BNB""}]","[{""usdt"": 19132682.0, ""borsa"": 3, ""fiyat"": 64275.0, ""kaynak"": ""BNB+BYB+OKX""}, {""usdt"": 8393222.0, ""borsa"": 1, ""fiyat"": 64350.0, ""kaynak"": ""BNB""}, {""usdt"": 8022806.0, ""borsa"": 1, ""fiyat"": 64325.0, ""kaynak"": ""BNB""}]",YOK,0.0102,0.0071,0.7482,0.7188,false,1.068,true,0,0,0,3,1,0,3,57.4,58.4,IZLE,,25,64299.9,,,,,SEVIYE,55,839.7,84,,,,,,,,,0,,20,1590.7,20,,,
31992,2026-07-30 02:44:57.584375+00,64291.75,-2509430.069149007,-146935.3770000001,11853172379.2105,0.00007677000000000001,46633477.53805,0.0,42.2,BEKLE,false,0.0,0.0,1.51,0,48417014.410489984,0,42.2,0.0,"[{""usdt"": 14576644.0, ""borsa"": 3, ""fiyat"": 64275.0, ""kaynak"": ""BNB+BYB+OKX""}, {""usdt"": 9522396.0, ""borsa"": 3, ""fiyat"": 64250.0, ""kaynak"": ""BNB+BYB+OKX""}, {""usdt"": 8990342.0, ""borsa"": 1, ""fiyat"": 64200.0, ""kaynak"": ""BNB""}]","[{""usdt"": 19123397.0, ""borsa"": 3, ""fiyat"": 64300.0, ""kaynak"": ""BNB+BYB+OKX""}, {""usdt"": 8999542.0, ""borsa"": 1, ""fiyat"": 64400.0, ""kaynak"": ""BNB""}, {""usdt"": 7443813.0, ""borsa"": 1, ""fiyat"": 64350.0, ""kaynak"": ""BNB""}]",YOK,-0.0006,-0.0188,0.7606,0.8588,false,4.5583,true,0,1,1,3,1,0,3,53.9,55,IZLE,,25,64299.9,,,,,SEVIYE,55,840.7,84,,,,,,,,,0,,20,1591.7,20,,,
31993,2026-07-30 02:45:57.88349+00,64256.95,-901121.9001216013,362550.17699999997,11848437579.793,0.00007677000000000001,46105030.069649994,0.0,25.2,BEKLE,,0.0,0.0,1.51,60.28,48487404.79804001,60.28,0.0,25.2,"[{""usdt"": 16063867.0, ""borsa"": 3, ""fiyat"": 64275.0, ""kaynak"": ""BNB+BYB+OKX""}, {""usdt"": 9130056.0, ""borsa"": 1, ""fiyat"": 64225.0, ""kaynak"": ""BNB""}, {""usdt"": 8462220.0, ""borsa"": 1, ""fiyat"": 64200.0, ""kaynak"": ""BNB""}]","[{""usdt"": 14080313.0, ""borsa"": 3, ""fiyat"": 64300.0, ""kaynak"": ""BNB+BYB+OKX""}, {""usdt"": 11036454.0, ""borsa"": 1, ""fiyat"": 64400.0, ""kaynak"": ""BNB""}, {""usdt"": 9896933.0, ""borsa"": 2, ""fiyat"": 64325.0, ""kaynak"": ""BNB+BYB""}]",YOK,0.0043,-0.0252,0.6785,0.4343,false,1.7442,true,0,0,0,3,1,0,3,50.4,51.4,IZLE,,25,64299.9,,,,,SEVIYE,55,841.7,85,,,,,,,,,0,,18,1592.8,18,,,
31994,2026-07-30 02:46:58.33234+00,64269.95,-1250723.395794301,374201.27599999995,11847469319.8796,0.00007677000000000001,47724272.72667004,0.0,23.8,BEKLE,,0.0,0.0,1.51,60.487,49899834.152160004,0,0.0,23.8,"[{""usdt"": 14721575.0, ""borsa"": 3, ""fiyat"": 64250.0, ""kaynak"": ""BNB+BYB+OKX""}, {""usdt"": 8817391.0, ""borsa"": 1, ""fiyat"": 64225.0, ""kaynak"": ""BNB""}, {""usdt"": 8106559.0, ""borsa"": 1, ""fiyat"": 64200.0, ""kaynak"": ""BNB""}]","[{""usdt"": 14999507.0, ""borsa"": 3, ""fiyat"": 64300.0, ""kaynak"": ""BNB+BYB+OKX""}, {""usdt"": 11486614.0, ""borsa"": 3, ""fiyat"": 64275.0, ""kaynak"": ""BNB+BYB+OKX""}, {""usdt"": 9591693.0, ""borsa"": 1, ""fiyat"": 64350.0, ""kaynak"": ""BNB""}]",YOK,0.0438,-0.0223,0.6226,1.1473,false,2.0038,true,0,1,0,3,1,1,3,47.1,48.1,IZLE,,25,64299.9,,,,,SEVIYE,55,842.7,85,,,,,,,,,0,,18,1593.8,18,,,
31995,2026-07-30 02:47:58.622266+00,64269.149999999994,-1087548.5154635012,370598.834,11849479402.568201,0.00007677000000000001,42865333.07879998,0.0,23.3,BEKLE,true,0.0,0.0,1.51,60.272,47402919.74144997,60.272,0.0,23.3,"[{""usdt"": 13332720.0, ""borsa"": 3, ""fiyat"": 64250.0, ""kaynak"": ""BNB+BYB+OKX""}, {""usdt"": 7724258.0, ""borsa"": 1, ""fiyat"": 64200.0, ""kaynak"": ""BNB""}, {""usdt"": 6204584.0, ""borsa"": 1, ""fiyat"": 64175.0, ""kaynak"": ""BNB""}]","[{""usdt"": 16219249.0, ""borsa"": 3, ""fiyat"": 64300.0, ""kaynak"": ""BNB+BYB+OKX""}, {""usdt"": 9480880.0, ""borsa"": 1, ""fiyat"": 64350.0, ""kaynak"": ""BNB""}, {""usdt"": 6457475.0, ""borsa"": 1, ""fiyat"": 64400.0, ""kaynak"": ""BNB""}]",YOK,0,-0.0503,0.6619,0.4265,false,1.7993,true,0,0,0,3,0,0,3,43.5,44.6,IZLE,,25,64299.9,,,,,SEVIYE,55,843.7,85,,,,,,,,,0,,18,1594.8,18,,,
31996,2026-07-30 02:48:58.847164+00,64292.850000000006,-882589.8876116013,374909.92799999996,11853328982.2695,0.00007677000000000001,47272641.996779986,0.0,26.3,BEKLE,true,0.0,0.0,1.5082,0,51685601.78930996,120.563,0.0,26.3,"[{""usdt"": 17191235.0, ""borsa"": 3, ""fiyat"": 64275.0, ""kaynak"": ""BNB+BYB+OKX""}, {""usdt"": 7753548.0, ""borsa"": 1, ""fiyat"": 64225.0, ""kaynak"": ""BNB""}, {""usdt"": 7356442.0, ""borsa"": 1, ""fiyat"": 64200.0, ""kaynak"": ""BNB""}]","[{""usdt"": 15418202.0, ""borsa"": 3, ""fiyat"": 64300.0, ""kaynak"": ""BNB+BYB+OKX""}, {""usdt"": 12448729.0, ""borsa"": 1, ""fiyat"": 64400.0, ""kaynak"": ""BNB""}, {""usdt"": 10053434.0, ""borsa"": 3, ""fiyat"": 64325.0, ""kaynak"": ""BNB+BYB+OKX""}]",YOK,0.0015,-0.0446,0.6938,0.1546,false,1.8428,true,0,0,1,3,1,0,3,40,41.1,IZLE,,25,64299.9,,,,,SEVIYE,55,844.7,85,,,,,,,,,0,,18,1595.8,18,,,
31997,2026-07-30 02:49:59.123036+00,64232.149999999994,-1355441.7041631015,329870.79899999994,11842944422.0037,0.00007677000000000001,45298478.05014004,0.0,26.6,BEKLE,true,0.0,0.0,1.5082,0,48025340.36108998,120.468,0.0,26.6,"[{""usdt"": 12509129.0, ""borsa"": 3, ""fiyat"": 64225.0, ""kaynak"": ""BNB+BYB+OKX""}, {""usdt"": 10198178.0, ""borsa"": 1, ""fiyat"": 64175.0, ""kaynak"": ""BNB""}, {""usdt"": 8157772.0, ""borsa"": 1, ""fiyat"": 64200.0, ""kaynak"": ""BNB""}]","[{""usdt"": 13401688.0, ""borsa"": 3, ""fiyat"": 64275.0, ""kaynak"": ""BNB+BYB+OKX""}, {""usdt"": 10467648.0, ""borsa"": 3, ""fiyat"": 64250.0, ""kaynak"": ""BNB+BYB+OKX""}, {""usdt"": 8346407.0, ""borsa"": 1, ""fiyat"": 64350.0, ""kaynak"": ""BNB""}]",YOK,-0.0116,-0.0292,0.6456,1.7541,false,,true,0,1,0,3,0,1,3,35.7,36.8,IZLE,,25,64299.9,,,,,SEVIYE,55,845.7,85,,,,,,,,,0,,18,1596.8,18,,,
31998,2026-07-30 02:50:59.332799+00,64232.95,-802219.6036606032,214853.04200000004,11842154874.895401,0.00007677000000000001,43239174.253370084,0.0,13.1,BEKLE,false,0.0,0.0,1.5082,60.243,53937035.69824999,60.243,13.1,0.0,"[{""usdt"": 10597212.0, ""borsa"": 3, ""fiyat"": 64200.0, ""kaynak"": ""BNB+BYB+OKX""}, {""usdt"": 10334218.0, ""borsa"": 1, ""fiyat"": 64150.0, ""kaynak"": ""BNB""}, {""usdt"": 9010780.0, ""borsa"": 3, ""fiyat"": 64225.0, ""kaynak"": ""BNB+BYB+OKX""}]","[{""usdt"": 19218694.0, ""borsa"": 3, ""fiyat"": 64250.0, ""kaynak"": ""BNB+BYB+OKX""}, {""usdt"": 10059917.0, ""borsa"": 1, ""fiyat"": 64325.0, ""kaynak"": ""BNB""}, {""usdt"": 7468883.0, ""borsa"": 1, ""fiyat"": 64350.0, ""kaynak"": ""BNB""}]",YOK,-0.0478,-0.1101,,,false,,true,0,0,1,3,0,1,3,32.1,33.2,IZLE,,25,64299.9,,,,,SEVIYE,55,846.7,85,,,,,,,,,0,,18,1597.8,18,,,
31999,2026-07-30 02:51:59.790641+00,64253.95,449876.4325394969,273288.65599999996,11846320746.6777,0.00007677000000000001,49049588.62689008,0.0,12.5,BEKLE,false,0.0,0.0,1.5069,120.517,52486356.13033998,120.517,12.5,0.0,"[{""usdt"": 12953794.0, ""borsa"": 3, ""fiyat"": 64250.0, ""kaynak"": ""BNB+BYB+OKX""}, {""usdt"": 10153343.0, ""borsa"": 1, ""fiyat"": 64150.0, ""kaynak"": ""BNB""}, {""usdt"": 8638012.0, ""borsa"": 1, ""fiyat"": 64175.0, ""kaynak"": ""BNB""}]","[{""usdt"": 18116791.0, ""borsa"": 3, ""fiyat"": 64275.0, ""kaynak"": ""BNB+BYB+OKX""}, {""usdt"": 11171980.0, ""borsa"": 1, ""fiyat"": 64350.0, ""kaynak"": ""BNB""}, {""usdt"": 10331593.0, ""borsa"": 2, ""fiyat"": 64300.0, ""kaynak"": ""BNB+BYB""}]",YOK,-0.0275,-0.0338,0.9269,0.4589,false,,true,0.0293,0,2,3,1,1,3,28.6,29.6,IZLE,,25,64299.9,,,,,SEVIYE,55,847.8,85,,,,,,,,,0,,18,1598.8,18,,,
32000,2026-07-30 02:53:00.505179+00,64241.350000000006,318947.28409059864,238615.827,11844218596.630701,0.00007677000000000001,43985331.34229999,0.0,13.8,BEKLE,false,0.0,0.0,1.5069,181.287,48301106.81812,60.77,13.8,0.0,"[{""usdt"": 13900036.0, ""borsa"": 3, ""fiyat"": 64225.0, ""kaynak"": ""BNB+BYB+OKX""}, {""usdt"": 9848461.0, ""borsa"": 1, ""fiyat"": 64150.0, ""kaynak"": ""BNB""}, {""usdt"": 9153999.0, ""borsa"": 1, ""fiyat"": 64175.0, ""kaynak"": ""BNB""}]","[{""usdt"": 14427091.0, ""borsa"": 3, ""fiyat"": 64275.0, ""kaynak"": ""BNB+BYB+OKX""}, {""usdt"": 8888029.0, ""borsa"": 3, ""fiyat"": 64250.0, ""kaynak"": ""BNB+BYB+OKX""}, {""usdt"": 8141010.0, ""borsa"": 1, ""fiyat"": 64350.0, ""kaynak"": ""BNB""}]",YOK,0.004,-0.0468,0.8891,0.9249,false,,true,0.0054,1,1,3,0,1,3,25.5,26.6,IZLE,,25,64299.9,,,,,SEVIYE,55,848.8,85,,,,,,,,,0,,18,1599.8,18,,,
32001,2026-07-30 02:54:01.033351+00,64247.75,206484.91445309948,148169.95000000004,11840364018.2058,0.00007677000000000001,47930983.08355001,0.0,18.5,BEKLE,false,0.0,0.0,1.5069,0,48417441.54064001,60.589,18.5,0.0,"[{""usdt"": 14643805.0, ""borsa"": 3, ""fiyat"": 64225.0, ""kaynak"": ""BNB+BYB+OKX""}, {""usdt"": 9043876.0, ""borsa"": 1, ""fiyat"": 64150.0, ""kaynak"": ""BNB""}, {""usdt"": 8171553.0, ""borsa"": 1, ""fiyat"": 64175.0, ""kaynak"": ""BNB""}]","[{""usdt"": 15257297.0, ""borsa"": 3, ""fiyat"": 64275.0, ""kaynak"": ""BNB+BYB+OKX""}, {""usdt"": 11005407.0, ""borsa"": 1, ""fiyat"": 64350.0, ""kaynak"": ""BNB""}, {""usdt"": 7635364.0, ""borsa"": 1, ""fiyat"": 64325.0, ""kaynak"": ""BNB""}]",YOK,0.086,-0.005,0.7833,1.7065,false,,true,0,1,0,3,1,0,3,22,23,IZLE,,25,64299.9,,,,,SEVIYE,55,849.8,85,,,,,,,,,0,,18,1600.8,18,,,
32002,2026-07-30 02:55:01.397033+00,64219.25,-6944759.092801299,-597158.5109999999,11837311105.154999,0.00007677000000000001,45663182.30360998,0.0,33.0,BEKLE,false,0.0,0.0,1.5069,60.468,57525626.339110024,121.057,33.0,0.0,"[{""usdt"": 12434093.0, ""borsa"": 3, ""fiyat"": 64225.0, ""kaynak"": ""BNB+BYB+OKX""}, {""usdt"": 9710015.0, ""borsa"": 1, ""fiyat"": 64150.0, ""kaynak"": ""BNB""}, {""usdt"": 7745132.0, ""borsa"": 1, ""fiyat"": 64175.0, ""kaynak"": ""BNB""}]","[{""usdt"": 20157740.0, ""borsa"": 3, ""fiyat"": 64275.0, ""kaynak"": ""BNB+BYB+OKX""}, {""usdt"": 10156873.0, ""borsa"": 1, ""fiyat"": 64350.0, ""kaynak"": ""BNB""}, {""usdt"": 9344640.0, ""borsa"": 3, ""fiyat"": 64250.0, ""kaynak"": ""BNB+BYB+OKX""}]",YOK,0.1221,-0.115,0.8194,0.0996,false,,true,0,1,0,3,0,1,3,18.5,19.5,IZLE,,25,64149.1,,,,,SEVIYE,55,1601.8,160,,,,,,,,,0,,18,1601.8,18,,,
32003,2026-07-30 02:56:01.638642+00,64231.25,-8205090.271043595,240148.454,11839223581.8572,0.00007677000000000001,48241926.25168006,0.0,8.4,BEKLE,,0.0,0.0,1.5069,120.684,52157145.38548998,120.684,0.0,8.4,"[{""usdt"": 10650730.0, ""borsa"": 3, ""fiyat"": 64225.0, ""kaynak"": ""BNB+BYB+OKX""}, {""usdt"": 10136591.0, ""borsa"": 1, ""fiyat"": 64125.0, ""kaynak"": ""BNB""}, {""usdt"": 9121878.0, ""borsa"": 3, ""fiyat"": 64200.0, ""kaynak"": ""BNB+BYB+OKX""}]","[{""usdt"": 24448974.0, ""borsa"": 3, ""fiyat"": 64250.0, ""kaynak"": ""BNB+BYB+OKX""}, {""usdt"": 9667687.0, ""borsa"": 1, ""fiyat"": 64325.0, ""kaynak"": ""BNB""}, {""usdt"": 6646778.0, ""borsa"": 1, ""fiyat"": 64300.0, ""kaynak"": ""BNB""}]",YOK,-0.1134,-0.039,0.9954,0.0118,false,3.3058,true,0.2805,0,1,3,0,1,3,14.9,15.9,IZLE,,25,64303.7,,,,,SEVIYE,70,851.8,86,,,,,,,,,0,,18,1863.2,18,,,
32004,2026-07-30 02:57:02.06245+00,64166.149999999994,-8205090.271043595,240148.454,11839223581.8572,0.00007677000000000001,50035772.63045004,0.0,6.5,BEKLE,,0.0,0.0,1.5056,60.304,49570126.637070015,60.304,6.5,0.0,"[{""usdt"": 15475709.0, ""borsa"": 3, ""fiyat"": 64150.0, ""kaynak"": ""BNB+BYB+OKX""}, {""usdt"": 10661238.0, ""borsa"": 1, ""fiyat"": 64075.0, ""kaynak"": ""BNB""}, {""usdt"": 8991817.0, ""borsa"": 1, ""fiyat"": 64100.0, ""kaynak"": ""BNB""}]","[{""usdt"": 13963638.0, ""borsa"": 3, ""fiyat"": 64200.0, ""kaynak"": ""BNB+BYB+OKX""}, {""usdt"": 7848007.0, ""borsa"": 3, ""fiyat"": 64175.0, ""kaynak"": ""BNB+BYB+OKX""}, {""usdt"": 7779139.0, ""borsa"": 1, ""fiyat"": 64275.0, ""kaynak"": ""BNB""}]",YOK,-0.2115,0.0047,0.9949,0.5209,false,2.0858,true,0.2761,0,2,3,0,1,3,11.3,12.4,HAZIRLAN,SHORT,50,64149.1,64149.1,63653.5,64313.5,3.48,SEVIYE+EMILIM,55,1603.8,161,,,,,,,,,0,0.12,18,1864.2,18,,,
32005,2026-07-30 02:58:02.324457+00,64159.95,-8987752.080868695,234605.41700000002,11829539267.8113,0.00007677000000000001,62074476.372679986,0.0,2.3,BEKLE,,0.0,0.0,1.5056,60.4,49146450.91602002,60.4,2.3,0.0,"[{""usdt"": 24321209.0, ""borsa"": 1, ""fiyat"": 64050.0, ""kaynak"": ""BNB""}, {""usdt"": 13900889.0, ""borsa"": 3, ""fiyat"": 64125.0, ""kaynak"": ""BNB+BYB+OKX""}, {""usdt"": 8084973.0, ""borsa"": 1, ""fiyat"": 64075.0, ""kaynak"": ""BNB""}]","[{""usdt"": 15764385.0, ""borsa"": 3, ""fiyat"": 64175.0, ""kaynak"": ""BNB+BYB+OKX""}, {""usdt"": 9027715.0, ""borsa"": 1, ""fiyat"": 64225.0, ""kaynak"": ""BNB""}, {""usdt"": 8406347.0, ""borsa"": 3, ""fiyat"": 64150.0, ""kaynak"": ""BNB+BYB+OKX""}]",YOK,-0.1481,0.1162,0.9994,0.4513,false,1.6464,true,0.4385,0,2,3,1,1,3,7.9,9,IZLE,,25,64149.1,,,,,SEVIYE,55,1604.8,161,,,,,,,,,0,,18,1865.2,18,,,
32006,2026-07-30 02:59:02.561824+00,64156.350000000006,-9472599.796569496,229260.689,11826825172.886,0.00007677000000000001,62656182.33819001,9814.949999999999,16.5,BEKLE,true,9814.949999999999,0.0,1.5056,120.643,54886681.176359974,120.643,0.0,16.5,"[{""usdt"": 24678126.0, ""borsa"": 1, ""fiyat"": 64050.0, ""kaynak"": ""BNB""}, {""usdt"": 12877689.0, ""borsa"": 3, ""fiyat"": 64125.0, ""kaynak"": ""BNB+BYB+OKX""}, {""usdt"": 8392511.0, ""borsa"": 3, ""fiyat"": 64150.0, ""kaynak"": ""BNB+BYB+OKX""}]","[{""usdt"": 26000235.0, ""borsa"": 3, ""fiyat"": 64175.0, ""kaynak"": ""BNB+BYB+OKX""}, {""usdt"": 9371989.0, ""borsa"": 1, ""fiyat"": 64225.0, ""kaynak"": ""BNB""}, {""usdt"": 7077942.0, ""borsa"": 1, ""fiyat"": 64250.0, ""kaynak"": ""BNB""}]",YOK,-0.1752,0.0661,0.9888,0.482,false,2.0258,true,0.2873,0,2,3,1,1,3,4.4,5.4,HAZIRLAN,SHORT,50,64149.1,64149.1,63653.5,64313.5,3.2,SEVIYE+EMILIM,55,1605.8,161,,,,,,,1785380220,1,0,0.05,18,1866.2,18,,,
32007,2026-07-30 03:00:02.987877+00,64166.05,-9205868.880856095,275212.50599999994,11826892037.149101,0.00007677000000000001,62163557.93279001,9943.262599999998,49.4,BEKLE,false,9943.262599999998,0.0,1.5056,180.907,56571897.07926004,180.907,0.0,49.4,"[{""usdt"": 23761418.0, ""borsa"": 1, ""fiyat"": 64050.0, ""kaynak"": ""BNB""}, {""usdt"": 13363226.0, ""borsa"": 3, ""fiyat"": 64125.0, ""kaynak"": ""BNB+BYB+OKX""}, {""usdt"": 9593644.0, ""borsa"": 3, ""fiyat"": 64150.0, ""kaynak"": ""BNB+BYB+OKX""}]","[{""usdt"": 24595811.0, ""borsa"": 3, ""fiyat"": 64175.0, ""kaynak"": ""BNB+BYB+OKX""}, {""usdt"": 8163762.0, ""borsa"": 1, ""fiyat"": 64250.0, ""kaynak"": ""BNB""}, {""usdt"": 7170930.0, ""borsa"": 1, ""fiyat"": 64225.0, ""kaynak"": ""BNB""}]",YOK,-0.1658,0.0471,0.6577,0.7992,false,2.7718,true,0,0,2,3,0,1,3,63.7,63.2,HAZIRLAN,SHORT,50,64149.1,64149.1,63653.5,64313.5,3.48,SEVIYE+EMILIM,55,1606.8,161,,,,,,,1785380340,1,0,0.11,18,1867.2,18,,,
32008,2026-07-30 03:01:03.233707+00,64157.149999999994,-8201287.880584297,-1111745.361,11827336395.7031,0.00007677000000000001,59094741.497860014,10071.6048,41.7,BEKLE,true,9943.277399999999,128.32739999999998,1.5056,241.308,48107210.07573005,241.308,41.7,0.0,"[{""usdt"": 23761418.0, ""borsa"": 1, ""fiyat"": 64050.0, ""kaynak"": ""BNB""}, {""usdt"": 11404724.0, ""borsa"": 3, ""fiyat"": 64150.0, ""kaynak"": ""BNB+BYB+OKX""}, {""usdt"": 8478516.0, ""borsa"": 3, ""fiyat"": 64125.0, ""kaynak"": ""BNB+BYB+OKX""}]","[{""usdt"": 16676215.0, ""borsa"": 3, ""fiyat"": 64175.0, ""kaynak"": ""BNB+BYB+OKX""}, {""usdt"": 8163762.0, ""borsa"": 1, ""fiyat"": 64250.0, ""kaynak"": ""BNB""}, {""usdt"": 7170930.0, ""borsa"": 1, ""fiyat"": 64225.0, ""kaynak"": ""BNB""}]",YOK,-0.1351,0.1025,0.0021,2.0941,false,4.2541,true,0,0,2,3,0,1,3,61,62.1,IZLE,,25,64149.1,,,,,SEVIYE,55,1607.8,161,,,,,,,1785380400,1,0,,18,1868.2,18,,,
32009,2026-07-30 03:02:03.79572+00,64184.05,-8321599.128380695,-1140148.425,11827035754.7936,0.00007677000000000001,65893690.043319985,10071.591799999998,75.0,BEKLE,,9943.277399999999,128.3144,1.5056,301.813,48112827.13478998,241.413,75.0,0.0,"[{""usdt"": 26568611.0, ""borsa"": 1, ""fiyat"": 64050.0, ""kaynak"": ""BNB""}, {""usdt"": 13373394.0, ""borsa"": 3, ""fiyat"": 64125.0, ""kaynak"": ""BNB+BYB+OKX""}, {""usdt"": 8465134.0, ""borsa"": 3, ""fiyat"": 64150.0, ""kaynak"": ""BNB+BYB+OKX""}]","[{""usdt"": 17540166.0, ""borsa"": 3, ""fiyat"": 64175.0, ""kaynak"": ""BNB+BYB+OKX""}, {""usdt"": 9885931.0, ""borsa"": 1, ""fiyat"": 64250.0, ""kaynak"": ""BNB""}, {""usdt"": 6883523.0, ""borsa"": 1, ""fiyat"": 64225.0, ""kaynak"": ""BNB""}]",PERP,-0.1915,0.156,0.0589,0.4677,false,3.8751,true,0,0,2,3,1,0,3,57.7,58.8,HAZIRLAN,SHORT,50,64149.1,64149.1,63653.5,64313.5,4.1,SEVIYE+EMILIM,55,1608.8,161,,,,,,,1785380400,1,0,0.27,18,1869.2,18,,,
32010,2026-07-30 03:03:04.083171+00,64205.55,-8063759.310739096,-1129508.6680000003,11832337030.7314,0.00007677000000000001,46480455.26579,256.6418,40.8,BEKLE,true,128.32739999999998,128.3144,1.5056,181.189,51371148.76388999,60.283,40.8,0.0,"[{""usdt"": 16056132.0, ""borsa"": 3, ""fiyat"": 64175.0, ""kaynak"": ""BNB+BYB+OKX""}, {""usdt"": 11111234.0, ""borsa"": 1, ""fiyat"": 64100.0, ""kaynak"": ""BNB""}, {""usdt"": 7117536.0, ""borsa"": 1, ""fiyat"": 64125.0, ""kaynak"": ""BNB""}]","[{""usdt"": 14724638.0, ""borsa"": 3, ""fiyat"": 64200.0, ""kaynak"": ""BNB+BYB+OKX""}, {""usdt"": 10445319.0, ""borsa"": 3, ""fiyat"": 64225.0, ""kaynak"": ""BNB+BYB+OKX""}, {""usdt"": 8817257.0, ""borsa"": 1, ""fiyat"": 64275.0, ""kaynak"": ""BNB""}]",YOK,-0.0589,-0.05,0.3343,0.8529,false,3.6194,true,0,0,0,3,0,0,3,54.2,55.2,IZLE,,25,64149.1,,,,,SEVIYE,55,1609.9,161,,,,,,,1785380400,1,0,,18,1870.2,18,,,
32011,2026-07-30 03:04:04.392162+00,64197.149999999994,-7936994.500178197,-1106500.2200000002,11834788707.032099,0.00007677000000000001,44937979.77241997,256.6418,37.2,BEKLE,true,128.32739999999998,128.3144,1.5038,0,49887920.67619997,60.353,37.2,0.0,"[{""usdt"": 13567331.0, ""borsa"": 3, ""fiyat"": 64175.0, ""kaynak"": ""BNB+BYB+OKX""}, {""usdt"": 9902637.0, ""borsa"": 1, ""fiyat"": 64125.0, ""kaynak"": ""BNB""}, {""usdt"": 9127649.0, ""borsa"": 1, ""fiyat"": 64100.0, ""kaynak"": ""BNB""}]","[{""usdt"": 15843679.0, ""borsa"": 3, ""fiyat"": 64225.0, ""kaynak"": ""BNB+BYB+OKX""}, {""usdt"": 9385453.0, ""borsa"": 1, ""fiyat"": 64300.0, ""kaynak"": ""BNB""}, {""usdt"": 6724419.0, ""borsa"": 1, ""fiyat"": 64275.0, ""kaynak"": ""BNB""}]",YOK,-0.1145,-0.0522,0.4602,0.632,false,3.1615,false,,0,1,3,0,0,3,50.7,51.8,IZLE,,25,64149.1,,,,,SEVIYE,55,1610.9,161,,,,,,,1785380400,1,1,,18,1871.2,18,,,
32012,2026-07-30 03:05:04.878424+00,64206.850000000006,-7972857.242529395,-1156242.7110000004,11832539722.918999,0.00007677000000000001,48227895.51061998,128.3144,37.0,BEKLE,false,0.0,128.3144,1.5038,60.241,49808048.584329955,120.594,37.0,0.0,"[{""usdt"": 15539117.0, ""borsa"": 3, ""fiyat"": 64175.0, ""kaynak"": ""BNB+BYB+OKX""}, {""usdt"": 10222496.0, ""borsa"": 1, ""fiyat"": 64100.0, ""kaynak"": ""BNB""}, {""usdt"": 9037521.0, ""borsa"": 1, ""fiyat"": 64125.0, ""kaynak"": ""BNB""}]","[{""usdt"": 13945184.0, ""borsa"": 3, ""fiyat"": 64225.0, ""kaynak"": ""BNB+BYB+OKX""}, {""usdt"": 8661501.0, ""borsa"": 1, ""fiyat"": 64300.0, ""kaynak"": ""BNB""}, {""usdt"": 8336750.0, ""borsa"": 3, ""fiyat"": 64200.0, ""kaynak"": ""BNB+BYB+OKX""}]",YOK,-0.1086,-0.0161,0.3897,0.6666,false,6.5315,false,,0,1,3,0,0,3,47.1,48.2,IZLE,,25,64149.1,,,,,SEVIYE,55,1611.9,161,,,,,,,1785380400,1,0,,18,1872.2,18,,,
32013,2026-07-30 03:06:05.187061+00,64216.95,-217771.94946250098,-79201.67799999999,11832123683.5186,0.00007677000000000001,45614459.79445,0.0,32.3,BEKLE,true,0.0,0.0,1.5038,60.55,50798288.77789997,181.144,0.0,32.3,"[{""usdt"": 15218810.0, ""borsa"": 3, ""fiyat"": 64175.0, ""kaynak"": ""BNB+BYB+OKX""}, {""usdt"": 10688493.0, ""borsa"": 1, ""fiyat"": 64125.0, ""kaynak"": ""BNB""}, {""usdt"": 8913949.0, ""borsa"": 1, ""fiyat"": 64100.0, ""kaynak"": ""BNB""}]","[{""usdt"": 16140815.0, ""borsa"": 3, ""fiyat"": 64225.0, ""kaynak"": ""BNB+BYB+OKX""}, {""usdt"": 8928409.0, ""borsa"": 1, ""fiyat"": 64300.0, ""kaynak"": ""BNB""}, {""usdt"": 8175646.0, ""borsa"": 3, ""fiyat"": 64200.0, ""kaynak"": ""BNB+BYB+OKX""}]",YOK,-0.0985,-0.0538,0.8509,0.3268,false,0.3505,false,,0,1,3,1,0,3,43.9,44.9,IZLE,,25,64149.1,,,,,SEVIYE,55,1612.9,162,,,,,,,,,0,,19,1612.9,19,,,
32014,2026-07-30 03:07:05.456487+00,64244.95,-55543.71263180089,33716.619999999995,11835379972.8683,0.00007677000000000001,45500933.16970002,0.0,31.8,BEKLE,true,0.0,0.0,1.5031,120.853,50843289.09025996,120.853,0.0,31.8,"[{""usdt"": 12837266.0, ""borsa"": 3, ""fiyat"": 64200.0, ""kaynak"": ""BNB+BYB+OKX""}, {""usdt"": 8940073.0, ""borsa"": 1, ""fiyat"": 64150.0, ""kaynak"": ""BNB""}, {""usdt"": 7623134.0, ""borsa"": 1, ""fiyat"": 64125.0, ""kaynak"": ""BNB""}]","[{""usdt"": 16531241.0, ""borsa"": 3, ""fiyat"": 64250.0, ""kaynak"": ""BNB+BYB+OKX""}, {""usdt"": 9605506.0, ""borsa"": 1, ""fiyat"": 64325.0, ""kaynak"": ""BNB""}, {""usdt"": 8356804.0, ""borsa"": 3, ""fiyat"": 64225.0, ""kaynak"": ""BNB+BYB+OKX""}]",YOK,-0.0697,-0.0555,0.8387,0.3166,true,0.1791,false,,0,0,3,0,0,3,40.4,41.4,IZLE,,25,64299.9,,,,,SEVIYE,55,862.8,87,,,,,,,,,0,,19,1613.9,19,,,
32015,2026-07-30 03:08:05.757655+00,64240.05,111978.64988139967,60128.526000000005,11837400452.701801,0.00007677000000000001,46515446.38646001,0.0,38.0,BEKLE,true,0.0,0.0,1.5031,0,51740240.345219985,181.062,0.0,38.0,"[{""usdt"": 11846032.0, ""borsa"": 3, ""fiyat"": 64200.0, ""kaynak"": ""BNB+BYB+OKX""}, {""usdt"": 9233065.0, ""borsa"": 3, ""fiyat"": 64225.0, ""kaynak"": ""BNB+BYB+OKX""}, {""usdt"": 8871822.0, ""borsa"": 1, ""fiyat"": 64150.0, ""kaynak"": ""BNB""}]","[{""usdt"": 18613617.0, ""borsa"": 3, ""fiyat"": 64250.0, ""kaynak"": ""BNB+BYB+OKX""}, {""usdt"": 10225472.0, ""borsa"": 1, ""fiyat"": 64325.0, ""kaynak"": ""BNB""}, {""usdt"": 7101764.0, ""borsa"": 1, ""fiyat"": 64350.0, ""kaynak"": ""BNB""}]",YOK,-0.063,-0.0532,0.8353,0.1806,true,0.0365,false,,1,0,3,0,0,3,36.8,37.8,IZLE,,25,64299.9,,,,,SEVIYE,55,863.9,87,,,,,,,,,0,,19,1614.9,19,,,
32016,2026-07-30 03:09:06.101421+00,64169.95,-295302.9211693994,-114092.548,11835360329.9009,0.00007677000000000001,49866985.091790035,192.7203,25.6,BEKLE,false,192.7203,0.0,1.5031,0,41527553.83272002,60.324,0.0,25.6,"[{""usdt"": 15161942.0, ""borsa"": 3, ""fiyat"": 64175.0, ""kaynak"": ""BNB+BYB+OKX""}, {""usdt"": 9614777.0, ""borsa"": 1, ""fiyat"": 64075.0, ""kaynak"": ""BNB""}, {""usdt"": 8576721.0, ""borsa"": 1, ""fiyat"": 64125.0, ""kaynak"": ""BNB""}]","[{""usdt"": 12746047.0, ""borsa"": 3, ""fiyat"": 64200.0, ""kaynak"": ""BNB+BYB+OKX""}, {""usdt"": 8832813.0, ""borsa"": 2, ""fiyat"": 64225.0, ""kaynak"": ""BNB+BYB""}, {""usdt"": 7227950.0, ""borsa"": 1, ""fiyat"": 64275.0, ""kaynak"": ""BNB""}]",YOK,-0.1202,0.0912,0.8504,0.1551,false,0,false,,0,1,3,0,0,3,33.2,34.3,IZLE,,25,64149.1,,,,,SEVIYE,55,1615.9,162,,,,,,,1785380820,1,0,,19,1615.9,19,,,
32017,2026-07-30 03:10:06.400347+00,64160.149999999994,-393446.2458802003,-113798.61799999999,11830832265.110401,0.00007677000000000001,61272641.28625,192.7203,27.9,BEKLE,false,192.7203,0.0,1.5031,60.4,43250795.464720026,60.4,0.0,27.9,"[{""usdt"": 19584422.0, ""borsa"": 1, ""fiyat"": 64050.0, ""kaynak"": ""BNB""}, {""usdt"": 13733922.0, ""borsa"": 3, ""fiyat"": 64150.0, ""kaynak"": ""BNB+BYB+OKX""}, {""usdt"": 8341904.0, ""borsa"": 1, ""fiyat"": 64075.0, ""kaynak"": ""BNB""}]","[{""usdt"": 10988740.0, ""borsa"": 3, ""fiyat"": 64200.0, ""kaynak"": ""BNB+BYB+OKX""}, {""usdt"": 8358696.0, ""borsa"": 1, ""fiyat"": 64275.0, ""kaynak"": ""BNB""}, {""usdt"": 7886879.0, ""borsa"": 1, ""fiyat"": 64250.0, ""kaynak"": ""BNB""}]",PERP,-0.1737,0.1724,0.8429,0.2661,false,,false,,0,2,3,1,0,3,29.5,30.6,IZLE,,25,64149.1,,,,,SEVIYE,55,1616.9,162,,,,,,,1785380820,1,1,,19,1616.9,19,,,
32018,2026-07-30 03:11:06.691913+00,64120.25,-307010.02271769894,-201607.743,11828031452.291,0.00007677000000000001,59653135.88685004,192.7203,13.3,BEKLE,true,192.7203,0.0,1.5031,60.241,48812193.069500044,60.241,13.3,0.0,"[{""usdt"": 26111177.0, ""borsa"": 1, ""fiyat"": 64050.0, ""kaynak"": ""BNB""}, {""usdt"": 14146227.0, ""borsa"": 3, ""fiyat"": 64125.0, ""kaynak"": ""BNB+BYB+OKX""}, {""usdt"": 7872791.0, ""borsa"": 1, ""fiyat"": 64075.0, ""kaynak"": ""BNB""}]","[{""usdt"": 15282512.0, ""borsa"": 3, ""fiyat"": 64175.0, ""kaynak"": ""BNB+BYB+OKX""}, {""usdt"": 8287954.0, ""borsa"": 1, ""fiyat"": 64250.0, ""kaynak"": ""BNB""}, {""usdt"": 7956123.0, ""borsa"": 3, ""fiyat"": 64150.0, ""kaynak"": ""BNB+BYB+OKX""}]",YOK,-0.1594,0.0999,,,false,0.1054,false,,0,2,3,1,1,3,25.9,27,IZLE,,25,64149.1,,,,,SEVIYE,55,1617.9,162,,,,,,,1785380820,1,2,,19,1617.9,19,,,
32019,2026-07-30 03:12:07.276342+00,64125.25,-599138.2772446991,-571558.992,11820771956.3222,0.00007677000000000001,60657776.38485008,2107.1877999999997,24.0,BEKLE,true,2107.1877999999997,0.0,1.5038,120.55,49933664.10641995,0,24.0,0.0,"[{""usdt"": 25402048.0, ""borsa"": 1, ""fiyat"": 64050.0, ""kaynak"": ""BNB""}, {""usdt"": 11869567.0, ""borsa"": 3, ""fiyat"": 64100.0, ""kaynak"": ""BNB+BYB+OKX""}, {""usdt"": 9608850.0, ""borsa"": 3, ""fiyat"": 64125.0, ""kaynak"": ""BNB+BYB+OKX""}]","[{""usdt"": 17843318.0, ""borsa"": 3, ""fiyat"": 64150.0, ""kaynak"": ""BNB+BYB+OKX""}, {""usdt"": 8424472.0, ""borsa"": 1, ""fiyat"": 64225.0, ""kaynak"": ""BNB""}, {""usdt"": 7540788.0, ""borsa"": 1, ""fiyat"": 64200.0, ""kaynak"": ""BNB""}]",YOK,-0.1807,0.097,0.3986,4.4942,false,0.1991,false,,0,2,3,0,0,3,22.4,23.4,IZLE,,25,64149.1,,,,,SEVIYE,55,1618.9,162,,,,,,,1785381060,3,0,,19,1618.9,19,,,
32020,2026-07-30 03:13:07.49456+00,64112.350000000006,-855183.8874697983,-625711.4320000001,11816939626.8,0.00007677000000000001,63828781.06442002,2042.5204999999999,13.0,BEKLE,,1978.407,64.1135,1.5038,181.121,42830691.452450015,60.571,13.0,0.0,"[{""usdt"": 24306579.0, ""borsa"": 1, ""fiyat"": 64050.0, ""kaynak"": ""BNB""}, {""usdt"": 16063011.0, ""borsa"": 3, ""fiyat"": 64100.0, ""kaynak"": ""BNB+BYB+OKX""}, {""usdt"": 8131563.0, ""borsa"": 1, ""fiyat"": 64075.0, ""kaynak"": ""BNB""}]","[{""usdt"": 12196284.0, ""borsa"": 3, ""fiyat"": 64125.0, ""kaynak"": ""BNB+BYB+OKX""}, {""usdt"": 8310889.0, ""borsa"": 3, ""fiyat"": 64150.0, ""kaynak"": ""BNB+BYB+OKX""}, {""usdt"": 7591510.0, ""borsa"": 1, ""fiyat"": 64175.0, ""kaynak"": ""BNB""}]",PERP,-0.1496,0.1969,0.51,3.4479,false,0.1873,false,,0,2,3,1,0,3,18.9,20,IZLE,,25,64149.1,,,,,SEVIYE,55,1619.9,162,,,,,,,1785381120,3,0,,19,1619.9,19,,,
32021,2026-07-30 03:14:07.772606+00,64113.75,-845045.3095548975,-655941.868,11814857847.4426,0.00007677000000000001,65235541.983590044,2106.6235,44.2,BEKLE,true,2042.5135,64.11,1.5038,241.333,47206858.6994,120.783,44.2,0.0,"[{""usdt"": 23337145.0, ""borsa"": 1, ""fiyat"": 64050.0, ""kaynak"": ""BNB""}, {""usdt"": 16282694.0, ""borsa"": 3, ""fiyat"": 64100.0, ""kaynak"": ""BNB+BYB+OKX""}, {""usdt"": 9384835.0, ""borsa"": 3, ""fiyat"": 64075.0, ""kaynak"": ""BNB+BYB+OKX""}]","[{""usdt"": 17101942.0, ""borsa"": 3, ""fiyat"": 64125.0, ""kaynak"": ""BNB+BYB+OKX""}, {""usdt"": 10247231.0, ""borsa"": 1, ""fiyat"": 64200.0, ""kaynak"": ""BNB""}, {""usdt"": 8211511.0, ""borsa"": 2, ""fiyat"": 64150.0, ""kaynak"": ""BNB+BYB""}]",PERP,-0.1596,0.1603,0.4282,2.2438,false,0.2157,false,,0,2,3,2,0,3,15.3,16.3,IZLE,,25,64149.1,,,,,SEVIYE,55,1620.9,162,,,,,,,1785381120,3,0,,19,1620.9,19,,,
32022,2026-07-30 03:15:08.083028+00,64179.649999999994,2379358.357869706,-407310.66799999995,11820897994.0365,0.00007677000000000001,50830422.57580006,2106.6235,25.1,BEKLE,true,2042.5135,64.11,1.5038,0,46213301.06885995,0,25.1,0.0,"[{""usdt"": 15664701.0, ""borsa"": 3, ""fiyat"": 64150.0, ""kaynak"": ""BNB+BYB+OKX""}, {""usdt"": 9452549.0, ""borsa"": 1, ""fiyat"": 64075.0, ""kaynak"": ""BNB""}, {""usdt"": 9381113.0, ""borsa"": 1, ""fiyat"": 64100.0, ""kaynak"": ""BNB""}]","[{""usdt"": 14887311.0, ""borsa"": 3, ""fiyat"": 64200.0, ""kaynak"": ""BNB+BYB+OKX""}, {""usdt"": 9030853.0, ""borsa"": 1, ""fiyat"": 64250.0, ""kaynak"": ""BNB""}, {""usdt"": 6853828.0, ""borsa"": 1, ""fiyat"": 64275.0, ""kaynak"": ""BNB""}]",YOK,0.0617,0.0476,0.8746,0.3153,false,0,false,,0,0,3,1,0,3,11.8,12.9,IZLE,,25,64149.1,,,,,SEVIYE,55,1621.9,162,,,,,,,1785381120,3,1,,19,1621.9,19,,,
32023,2026-07-30 03:16:08.345437+00,64175.45,2866399.2762952023,600583.252,11818487080.133598,0.00007677000000000001,46251175.490200065,1603.2942,23.6,BEKLE,false,1410.844,192.4502,1.5038,60.299,48150611.57144996,0,0.0,23.6,"[{""usdt"": 13573087.0, ""borsa"": 3, ""fiyat"": 64150.0, ""kaynak"": ""BNB+BYB+OKX""}, {""usdt"": 9985010.0, ""borsa"": 1, ""fiyat"": 64075.0, ""kaynak"": ""BNB""}, {""usdt"": 9056189.0, ""borsa"": 1, ""fiyat"": 64100.0, ""kaynak"": ""BNB""}]","[{""usdt"": 17566525.0, ""borsa"": 3, ""fiyat"": 64200.0, ""kaynak"": ""BNB+BYB+OKX""}, {""usdt"": 9932823.0, ""borsa"": 1, ""fiyat"": 64275.0, ""kaynak"": ""BNB""}, {""usdt"": 6051878.0, ""borsa"": 1, ""fiyat"": 64225.0, ""kaynak"": ""BNB""}]",YOK,-0.044,-0.0201,0.7447,0.6614,false,0,false,,0,0,3,0,0,3,8.2,9.3,IZLE,,25,64174.9,,,,,SEVIYE,75,661.6,67,,,,,,,1785381300,1,0,,17,1152.3,17,,,
32024,2026-07-30 03:17:08.964499+00,64272.75,4583956.434590102,1625733.034,11829166105.6604,0.00007677000000000001,46659893.82232997,320.6856,0.0,BEKLE,,128.22,192.4656,1.5038,0,46573937.81420995,0,0.0,0.0,"[{""usdt"": 10476653.0, ""borsa"": 3, ""fiyat"": 64250.0, ""kaynak"": ""BNB+BYB+OKX""}, {""usdt"": 10106400.0, ""borsa"": 1, ""fiyat"": 64150.0, ""kaynak"": ""BNB""}, {""usdt"": 9596081.0, ""borsa"": 3, ""fiyat"": 64225.0, ""kaynak"": ""BNB+BYB+OKX""}]","[{""usdt"": 16858250.0, ""borsa"": 3, ""fiyat"": 64275.0, ""kaynak"": ""BNB+BYB+OKX""}, {""usdt"": 8944171.0, ""borsa"": 1, ""fiyat"": 64325.0, ""kaynak"": ""BNB""}, {""usdt"": 6746602.0, ""borsa"": 1, ""fiyat"": 64350.0, ""kaynak"": ""BNB""}]",YOK,0.0982,0.0009,0.6349,0.9226,true,0,false,,1,0,3,1,0,3,4.8,5.9,IZLE,,25,64348.9,,,,,SEVIYE,70,872.9,88,,,,,,,1785381300,1,0,,17,1153.3,17,,,
32025,2026-07-30 03:18:09.244685+00,64257.95,4628962.013112701,1639666.8960000002,11834770266.7651,0.00007677000000000001,49384580.63973001,128.3556,0.0,BEKLE,,0.0,128.3556,1.4988,60.457,43014218.97980996,60.457,0.0,0.0,"[{""usdt"": 12586707.0, ""borsa"": 3, ""fiyat"": 64250.0, ""kaynak"": ""BNB+BYB+OKX""}, {""usdt"": 10160494.0, ""borsa"": 1, ""fiyat"": 64175.0, ""kaynak"": ""BNB""}, {""usdt"": 8934046.0, ""borsa"": 1, ""fiyat"": 64200.0, ""kaynak"": ""BNB""}]","[{""usdt"": 10275831.0, ""borsa"": 3, ""fiyat"": 64275.0, ""kaynak"": ""BNB+BYB+OKX""}, {""usdt"": 9348462.0, ""borsa"": 1, ""fiyat"": 64350.0, ""kaynak"": ""BNB""}, {""usdt"": 8253456.0, ""borsa"": 1, ""fiyat"": 64300.0, ""kaynak"": ""BNB""}]",YOK,0.027,0.0689,0.6409,0.869,true,0,false,,0,0,3,1,0,3,1,63.4,IZLE,,25,64174.9,,,,,SEVIYE,75,663.6,67,,,,,,,1785381300,1,0,,17,1154.3,17,,,
32026,2026-07-30 03:19:09.457705+00,64230.05,4524587.522890799,1635769.2940000002,11833004916.022,0.00007677000000000001,49128530.907670006,128.3556,25.4,BEKLE,true,0.0,128.3556,1.4988,120.73,44628244.93565996,120.73,0.0,25.4,"[{""usdt"": 13422470.0, ""borsa"": 3, ""fiyat"": 64250.0, ""kaynak"": ""BNB+BYB+OKX""}, {""usdt"": 10160494.0, ""borsa"": 1, ""fiyat"": 64175.0, ""kaynak"": ""BNB""}, {""usdt"": 8934046.0, ""borsa"": 1, ""fiyat"": 64200.0, ""kaynak"": ""BNB""}]","[{""usdt"": 11607973.0, ""borsa"": 3, ""fiyat"": 64275.0, ""kaynak"": ""BNB+BYB+OKX""}, {""usdt"": 9348462.0, ""borsa"": 1, ""fiyat"": 64350.0, ""kaynak"": ""BNB""}, {""usdt"": 8506752.0, ""borsa"": 2, ""fiyat"": 64300.0, ""kaynak"": ""BNB+BYB""}]",YOK,0.027,0.048,0.6334,0.7006,true,0,false,,0,0,3,0,0,3,61.3,62.4,IZLE,,25,64174.9,,,,,SEVIYE,75,664.6,67,,,,,,,1785381300,1,1,,17,1155.3,17,,,
32027,2026-07-30 03:20:09.750665+00,64195.05,4338047.290357397,1535245.688,11822646599.8314,0.00007677000000000001,51212021.46593002,128.3556,39.9,BEKLE,true,0.0,128.3556,1.4988,180.931,44500379.726830035,0,0.0,39.9,"[{""usdt"": 17727684.0, ""borsa"": 3, ""fiyat"": 64200.0, ""kaynak"": ""BNB+BYB+OKX""}, {""usdt"": 10965122.0, ""borsa"": 3, ""fiyat"": 64175.0, ""kaynak"": ""BNB+BYB+OKX""}, {""usdt"": 9553689.0, ""borsa"": 1, ""fiyat"": 64125.0, ""kaynak"": ""BNB""}]","[{""usdt"": 11989569.0, ""borsa"": 3, ""fiyat"": 64225.0, ""kaynak"": ""BNB+BYB+OKX""}, {""usdt"": 9338438.0, ""borsa"": 1, ""fiyat"": 64325.0, ""kaynak"": ""BNB""}, {""usdt"": 6611991.0, ""borsa"": 1, ""fiyat"": 64275.0, ""kaynak"": ""BNB""}]",YOK,0.0185,0.0701,0.4264,0.171,true,0,false,,0,0,3,1,0,3,57.7,58.8,IZLE,,25,64174.9,,,,,SEVIYE,75,665.6,67,,,,,,,1785381300,1,2,,17,1156.3,17,,,
32028,2026-07-30 03:21:10.198575+00,64210.05,4661479.721003297,1711899.198,11826483140.6884,0.00007677000000000001,46722651.343639985,0.0,26.3,BEKLE,true,0.0,0.0,1.4988,0,42438571.60134001,60.304,0.0,26.3,"[{""usdt"": 15118831.0, ""borsa"": 3, ""fiyat"": 64175.0, ""kaynak"": ""BNB+BYB+OKX""}, {""usdt"": 11205093.0, ""borsa"": 1, ""fiyat"": 64100.0, ""kaynak"": ""BNB""}, {""usdt"": 7931280.0, ""borsa"": 1, ""fiyat"": 64150.0, ""kaynak"": ""BNB""}]","[{""usdt"": 10335700.0, ""borsa"": 3, ""fiyat"": 64225.0, ""kaynak"": ""BNB+BYB+OKX""}, {""usdt"": 8604802.0, ""borsa"": 1, ""fiyat"": 64300.0, ""kaynak"": ""BNB""}, {""usdt"": 8239073.0, ""borsa"": 3, ""fiyat"": 64200.0, ""kaynak"": ""BNB+BYB+OKX""}]",YOK,-0.0247,0.048,0.5436,0.5345,true,0,false,,0,0,3,0,0,3,54.2,55.2,IZLE,,25,64174.9,,,,,SEVIYE,75,666.6,67,,,,,,,,,0,,17,1157.4,17,,,
32029,2026-07-30 03:22:10.505355+00,64190.25,5233684.762265997,2043609.2480000004,11826643594.6824,0.00007677000000000001,46935738.73842998,0.0,28.2,BEKLE,true,0.0,0.0,1.4975,60.474,48972688.85270005,60.474,0.0,28.2,"[{""usdt"": 18032270.0, ""borsa"": 3, ""fiyat"": 64175.0, ""kaynak"": ""BNB+BYB+OKX""}, {""usdt"": 10497395.0, ""borsa"": 1, ""fiyat"": 64100.0, ""kaynak"": ""BNB""}, {""usdt"": 7598628.0, ""borsa"": 1, ""fiyat"": 64125.0, ""kaynak"": ""BNB""}]","[{""usdt"": 9426573.0, ""borsa"": 3, ""fiyat"": 64225.0, ""kaynak"": ""BNB+BYB+OKX""}, {""usdt"": 9173081.0, ""borsa"": 1, ""fiyat"": 64250.0, ""kaynak"": ""BNB""}, {""usdt"": 8349053.0, ""borsa"": 3, ""fiyat"": 64200.0, ""kaynak"": ""BNB+BYB+OKX""}]",YOK,0.0066,-0.0212,0.5341,3.4548,false,,false,,0,0,3,0,0,3,50.4,51.4,IZLE,,25,64174.9,,,,,SEVIYE,75,667.6,67,,,,,,,,,0,,17,1158.4,17,,,
32030,2026-07-30 03:23:11.077436+00,64173.350000000006,5102010.618006496,2025669.775,11825970736.885,0.00007677000000000001,49610575.22281999,0.0,27.9,BEKLE,true,0.0,0.0,1.4975,60.285,43357041.14783005,60.285,0.0,27.9,"[{""usdt"": 10867653.0, ""borsa"": 3, ""fiyat"": 64175.0, ""kaynak"": ""BNB+BYB+OKX""}, {""usdt"": 10454122.0, ""borsa"": 3, ""fiyat"": 64200.0, ""kaynak"": ""BNB+BYB+OKX""}, {""usdt"": 9505465.0, ""borsa"": 1, ""fiyat"": 64100.0, ""kaynak"": ""BNB""}]","[{""usdt"": 14851199.0, ""borsa"": 3, ""fiyat"": 64225.0, ""kaynak"": ""BNB+BYB+OKX""}, {""usdt"": 8475996.0, ""borsa"": 1, ""fiyat"": 64300.0, ""kaynak"": ""BNB""}, {""usdt"": 7314439.0, ""borsa"": 1, ""fiyat"": 64275.0, ""kaynak"": ""BNB""}]",YOK,0.0168,0.0673,0.4747,4.3255,false,,false,,0,0,3,0,0,3,46.8,47.9,IZLE,,25,64174.9,,,,,SEVIYE,75,668.6,67,,,,,,,,,0,,17,1159.4,17,,,
32031,2026-07-30 03:24:11.422961+00,64208.05,5268475.589305897,2022074.4749999999,11827661522.153801,0.00007677000000000001,47415720.032400005,0.0,25.0,BEKLE,true,0.0,0.0,1.4975,60.583,44115926.61258997,60.583,0.0,25.0,"[{""usdt"": 15105662.0, ""borsa"": 3, ""fiyat"": 64150.0, ""kaynak"": ""BNB+BYB+OKX""}, {""usdt"": 9853204.0, ""borsa"": 1, ""fiyat"": 64100.0, ""kaynak"": ""BNB""}, {""usdt"": 8638658.0, ""borsa"": 1, ""fiyat"": 64075.0, ""kaynak"": ""BNB""}]","[{""usdt"": 12879388.0, ""borsa"": 3, ""fiyat"": 64200.0, ""kaynak"": ""BNB+BYB+OKX""}, {""usdt"": 8181553.0, ""borsa"": 1, ""fiyat"": 64250.0, ""kaynak"": ""BNB""}, {""usdt"": 7082042.0, ""borsa"": 1, ""fiyat"": 64275.0, ""kaynak"": ""BNB""}]",YOK,0.0086,0.0361,0.5868,0.8846,false,,false,,0,0,3,0,0,3,43.6,44.7,IZLE,,25,64174.9,,,,,SEVIYE,75,669.6,67,,,,,,,,,0,,17,1160.4,17,,,
32032,2026-07-30 03:25:11.622253+00,64200.05,5081832.336153797,1999837.789,11825997161.7959,0.00007677000000000001,43197718.56814998,0.0,16.1,BEKLE,true,0.0,0.0,1.4975,0,36720363.26998003,0,0.0,16.1,"[{""usdt"": 10003653.0, ""borsa"": 3, ""fiyat"": 64175.0, ""kaynak"": ""BNB+BYB+OKX""}, {""usdt"": 9354413.0, ""borsa"": 1, ""fiyat"": 64100.0, ""kaynak"": ""BNB""}, {""usdt"": 7299492.0, ""borsa"": 3, ""fiyat"": 64200.0, ""kaynak"": ""BNB+BYB+OKX""}]","[{""usdt"": 13133923.0, ""borsa"": 3, ""fiyat"": 64225.0, ""kaynak"": ""BNB+BYB+OKX""}, {""usdt"": 7078790.0, ""borsa"": 1, ""fiyat"": 64300.0, ""kaynak"": ""BNB""}, {""usdt"": 6356588.0, ""borsa"": 1, ""fiyat"": 64275.0, ""kaynak"": ""BNB""}]",YOK,-0.0643,0.081,0.5414,0.1856,true,0,false,,0,1,3,0,0,3,40,41,IZLE,,25,64174.9,,,,,SEVIYE,75,670.6,67,,,,,,,,,0,,17,1161.4,17,,,
32033,2026-07-30 03:26:11.867665+00,64197.350000000006,315909.110732596,1360404.1579999998,11827964510.0774,0.00007677000000000001,44346465.16763,0.0,30.8,BEKLE,false,0.0,0.0,1.4975,0,47596556.11057006,60.193,30.8,0.0,"[{""usdt"": 13020250.0, ""borsa"": 3, ""fiyat"": 64200.0, ""kaynak"": ""BNB+BYB+OKX""}, {""usdt"": 9464021.0, ""borsa"": 1, ""fiyat"": 64125.0, ""kaynak"": ""BNB""}, {""usdt"": 8821399.0, ""borsa"": 3, ""fiyat"": 64175.0, ""kaynak"": ""BNB+BYB+OKX""}]","[{""usdt"": 12108973.0, ""borsa"": 3, ""fiyat"": 64225.0, ""kaynak"": ""BNB+BYB+OKX""}, {""usdt"": 11539397.0, ""borsa"": 1, ""fiyat"": 64250.0, ""kaynak"": ""BNB""}, {""usdt"": 8468727.0, ""borsa"": 1, ""fiyat"": 64300.0, ""kaynak"": ""BNB""}]",YOK,0.0013,-0.0353,0.9007,0.1323,true,0,false,,0,0,3,2,0,3,36.3,37.4,IZLE,,25,64149.1,,,,,SEVIYE,55,1633.0,164,,,,,,,,,0,,17,1252.5,17,,,
32034,2026-07-30 03:27:12.188457+00,64235.649999999994,299157.32932129636,1362900.4540000001,11828340486.8606,0.00007677000000000001,45382329.73612001,0.0,34.5,BEKLE,false,0.0,0.0,1.495,0,43832188.99436003,60.295,34.5,0.0,"[{""usdt"": 14402473.0, ""borsa"": 3, ""fiyat"": 64200.0, ""kaynak"": ""BNB+BYB+OKX""}, {""usdt"": 9125436.0, ""borsa"": 1, ""fiyat"": 64150.0, ""kaynak"": ""BNB""}, {""usdt"": 8452827.0, ""borsa"": 1, ""fiyat"": 64125.0, ""kaynak"": ""BNB""}]","[{""usdt"": 10012557.0, ""borsa"": 3, ""fiyat"": 64250.0, ""kaynak"": ""BNB+BYB+OKX""}, {""usdt"": 9620770.0, ""borsa"": 1, ""fiyat"": 64325.0, ""kaynak"": ""BNB""}, {""usdt"": 8737952.0, ""borsa"": 1, ""fiyat"": 64275.0, ""kaynak"": ""BNB""}]",YOK,0.0084,0.0174,0.8417,0.3894,true,0,false,,0,0,3,1,0,3,32.8,33.9,IZLE,,25,64299.9,,,,,SEVIYE,55,883.0,89,,,,,,,,,0,,17,1253.5,17,,,
32035,2026-07-30 03:28:12.496873+00,64246.25,141775.79886519563,1353315.683,11832148939.2104,0.00007677000000000001,46872066.03958003,0.0,39.2,BEKLE,false,0.0,0.0,1.495,60.333,48145110.18885997,60.333,39.2,0.0,"[{""usdt"": 14945056.0, ""borsa"": 3, ""fiyat"": 64225.0, ""kaynak"": ""BNB+BYB+OKX""}, {""usdt"": 10439717.0, ""borsa"": 1, ""fiyat"": 64175.0, ""kaynak"": ""BNB""}, {""usdt"": 6690430.0, ""borsa"": 1, ""fiyat"": 64150.0, ""kaynak"": ""BNB""}]","[{""usdt"": 14847178.0, ""borsa"": 3, ""fiyat"": 64275.0, ""kaynak"": ""BNB+BYB+OKX""}, {""usdt"": 10400557.0, ""borsa"": 1, ""fiyat"": 64350.0, ""kaynak"": ""BNB""}, {""usdt"": 8183598.0, ""borsa"": 1, ""fiyat"": 64325.0, ""kaynak"": ""BNB""}]",YOK,0.0404,-0.0134,0.844,0.6238,true,0,false,,1,0,3,0,0,3,29.4,30.4,IZLE,,25,64299.9,,,,,SEVIYE,55,884.0,89,,,,,,,,,0,,17,1254.5,17,,,
32036,2026-07-30 03:29:12.802008+00,64239.649999999994,92575.81533019623,1543498.103,11831164686.3707,0.00007677000000000001,49550608.76531998,64.2397,31.1,BEKLE,false,0.0,64.2397,1.495,60.252,45058360.390030034,120.585,31.1,0.0,"[{""usdt"": 11907910.0, ""borsa"": 3, ""fiyat"": 64225.0, ""kaynak"": ""BNB+BYB+OKX""}, {""usdt"": 10578595.0, ""borsa"": 3, ""fiyat"": 64200.0, ""kaynak"": ""BNB+BYB+OKX""}, {""usdt"": 8857515.0, ""borsa"": 1, ""fiyat"": 64175.0, ""kaynak"": ""BNB""}]","[{""usdt"": 13134559.0, ""borsa"": 3, ""fiyat"": 64250.0, ""kaynak"": ""BNB+BYB+OKX""}, {""usdt"": 9044190.0, ""borsa"": 1, ""fiyat"": 64325.0, ""kaynak"": ""BNB""}, {""usdt"": 8115784.0, ""borsa"": 1, ""fiyat"": 64300.0, ""kaynak"": ""BNB""}]",YOK,0.0543,0.0475,0.8881,0.2725,true,0.3284,false,,2,0,3,1,0,3,25.8,26.9,IZLE,,25,64299.9,,,,,SEVIYE,55,885.0,89,,,,,,,1785382080,1,0,,17,1255.5,17,,,
32037,2026-07-30 03:30:13.101566+00,64209.95,31779.590193795666,1552423.234,11831869664.689701,0.00007677000000000001,46965874.197680004,64.2397,30.1,BEKLE,false,0.0,64.2397,1.495,120.603,44585771.313200034,180.936,30.1,0.0,"[{""usdt"": 14878466.0, ""borsa"": 3, ""fiyat"": 64225.0, ""kaynak"": ""BNB+BYB+OKX""}, {""usdt"": 8682136.0, ""borsa"": 1, ""fiyat"": 64175.0, ""kaynak"": ""BNB""}, {""usdt"": 7907505.0, ""borsa"": 1, ""fiyat"": 64150.0, ""kaynak"": ""BNB""}]","[{""usdt"": 10906839.0, ""borsa"": 3, ""fiyat"": 64250.0, ""kaynak"": ""BNB+BYB+OKX""}, {""usdt"": 10154316.0, ""borsa"": 1, ""fiyat"": 64325.0, ""kaynak"": ""BNB""}, {""usdt"": 8716763.0, ""borsa"": 3, ""fiyat"": 64275.0, ""kaynak"": ""BNB+BYB+OKX""}]",YOK,0.0162,0.026,0.8922,0.0879,true,0.3365,false,,0,0,3,0,0,3,22.4,23.4,IZLE,,25,64149.1,,,,,SEVIYE,55,1637.0,164,,,,,,,1785382080,1,1,,17,1256.5,17,,,
32038,2026-07-30 03:31:13.584274+00,64180.05,-168680.79593309897,525681.577,11823576999.1978,0.00007677000000000001,49291690.46024003,64.2397,38.8,BEKLE,false,0.0,64.2397,1.495,0,46636340.932000026,0,38.8,0.0,"[{""usdt"": 17036192.0, ""borsa"": 3, ""fiyat"": 64175.0, ""kaynak"": ""BNB+BYB+OKX""}, {""usdt"": 9664681.0, ""borsa"": 1, ""fiyat"": 64100.0, ""kaynak"": ""BNB""}, {""usdt"": 7012366.0, ""borsa"": 1, ""fiyat"": 64125.0, ""kaynak"": ""BNB""}]","[{""usdt"": 13470929.0, ""borsa"": 3, ""fiyat"": 64225.0, ""kaynak"": ""BNB+BYB+OKX""}, {""usdt"": 7794237.0, ""borsa"": 1, ""fiyat"": 64300.0, ""kaynak"": ""BNB""}, {""usdt"": 7456582.0, ""borsa"": 1, ""fiyat"": 64275.0, ""kaynak"": ""BNB""}]",YOK,0.0178,0.0277,0.2987,0.536,false,0.6965,false,,0,0,3,2,0,3,18.7,19.8,IZLE,,25,64149.1,,,,,SEVIYE,55,1638.0,164,,,,,,,1785382080,1,2,,17,1257.5,17,,,
32039,2026-07-30 03:32:13.897536+00,64158.55,-485443.8335551982,320846.22099999996,11820144069.734499,0.00007677000000000001,64337743.22240996,64.2397,42.0,BEKLE,true,0.0,64.2397,1.495,60.19,45979091.46570002,60.19,42.0,0.0,"[{""usdt"": 22342177.0, ""borsa"": 1, ""fiyat"": 64050.0, ""kaynak"": ""BNB""}, {""usdt"": 15634489.0, ""borsa"": 3, ""fiyat"": 64150.0, ""kaynak"": ""BNB+BYB+OKX""}, {""usdt"": 9389657.0, ""borsa"": 1, ""fiyat"": 64075.0, ""kaynak"": ""BNB""}]","[{""usdt"": 11878371.0, ""borsa"": 3, ""fiyat"": 64200.0, ""kaynak"": ""BNB+BYB+OKX""}, {""usdt"": 9669037.0, ""borsa"": 3, ""fiyat"": 64175.0, ""kaynak"": ""BNB+BYB+OKX""}, {""usdt"": 8672038.0, ""borsa"": 1, ""fiyat"": 64250.0, ""kaynak"": ""BNB""}]",PERP,-0.0371,0.1664,0.3558,1.7566,false,0.7438,false,,0,0,3,2,0,3,15.1,16.2,IZLE,,25,64149.1,,,,,SEVIYE,55,1639.0,164,,,,,,,1785382080,1,3,,17,1258.5,17,,,
32040,2026-07-30 03:33:14.324917+00,64151.850000000006,-595340.2663924985,228983.67200000002,11816998791.5524,0.00007677000000000001,62794457.33214998,0.0,38.3,BEKLE,true,0.0,0.0,1.495,60.335,41208098.344110005,120.525,38.3,0.0,"[{""usdt"": 26634308.0, ""borsa"": 1, ""fiyat"": 64050.0, ""kaynak"": ""BNB""}, {""usdt"": 12535393.0, ""borsa"": 3, ""fiyat"": 64125.0, ""kaynak"": ""BNB+BYB+OKX""}, {""usdt"": 7838406.0, ""borsa"": 1, ""fiyat"": 64100.0, ""kaynak"": ""BNB""}]","[{""usdt"": 12003086.0, ""borsa"": 3, ""fiyat"": 64175.0, ""kaynak"": ""BNB+BYB+OKX""}, {""usdt"": 8774884.0, ""borsa"": 1, ""fiyat"": 64225.0, ""kaynak"": ""BNB""}, {""usdt"": 6441575.0, ""borsa"": 1, ""fiyat"": 64200.0, ""kaynak"": ""BNB""}]",PERP,-0.0173,0.2076,0.3247,2.0891,false,0.7623,false,,0,1,3,2,0,3,11.3,12.4,IZLE,,25,64149.1,,,,,SEVIYE,55,1640.0,164,,,,,,,,,0,,17,1259.5,17,,,
32041,2026-07-30 03:34:14.62887+00,64182.45,-467479.67834159906,271398.24100000004,11821430939.0448,0.00007677000000000001,47344140.58546999,0.0,40.9,BEKLE,,0.0,0.0,1.495,60.467,56491704.199949995,0,40.9,0.0,"[{""usdt"": 11567236.0, ""borsa"": 3, ""fiyat"": 64175.0, ""kaynak"": ""BNB+BYB+OKX""}, {""usdt"": 10976686.0, ""borsa"": 1, ""fiyat"": 64100.0, ""kaynak"": ""BNB""}, {""usdt"": 10486931.0, ""borsa"": 3, ""fiyat"": 64150.0, ""kaynak"": ""BNB+BYB+OKX""}]","[{""usdt"": 15258211.0, ""borsa"": 3, ""fiyat"": 64200.0, ""kaynak"": ""BNB+BYB+OKX""}, {""usdt"": 12749745.0, ""borsa"": 3, ""fiyat"": 64175.0, ""kaynak"": ""BNB+BYB+OKX""}, {""usdt"": 9222585.0, ""borsa"": 1, ""fiyat"": 64275.0, ""kaynak"": ""BNB""}]",YOK,-0.0396,-0.0881,0.2441,1.2525,false,0.7645,false,,0,0,3,2,1,3,8,9,IZLE,,25,64149.1,,,,,SEVIYE,55,1641.0,164,,,,,,,,,0,,17,1260.5,17,,,
32042,2026-07-30 03:35:14.971964+00,64176.55,-980404.1123680996,-50268.672,11821042493.535799,0.00007677000000000001,45541425.53663002,64.1766,55.7,BEKLE,false,64.1766,0.0,1.495,120.754,57139707.75528996,60.287,55.7,0.0,"[{""usdt"": 13067296.0, ""borsa"": 3, ""fiyat"": 64150.0, ""kaynak"": ""BNB+BYB+OKX""}, {""usdt"": 10488597.0, ""borsa"": 1, ""fiyat"": 64100.0, ""kaynak"": ""BNB""}, {""usdt"": 6949969.0, ""borsa"": 3, ""fiyat"": 64175.0, ""kaynak"": ""BNB+BYB+OKX""}]","[{""usdt"": 16337033.0, ""borsa"": 3, ""fiyat"": 64200.0, ""kaynak"": ""BNB+BYB+OKX""}, {""usdt"": 15431767.0, ""borsa"": 3, ""fiyat"": 64175.0, ""kaynak"": ""BNB+BYB+OKX""}, {""usdt"": 8579314.0, ""borsa"": 1, ""fiyat"": 64275.0, ""kaynak"": ""BNB""}]",YOK,-0.0071,-0.113,0.3166,0.5251,false,0.8899,false,,0,0,3,1,1,3,4.4,5.5,IZLE,,25,64149.1,,,,,SEVIYE,55,1642.0,164,,,,,,,1785382440,1,0,,17,1261.5,17,,,
32043,2026-07-30 03:36:15.379517+00,64176.45,-918370.5418577996,-42754.414,11821213811.723,0.00007677000000000001,46140187.271730036,64.1766,36.5,BEKLE,true,64.1766,0.0,1.4944,120.661,45446997.88929002,120.661,36.5,0.0,"[{""usdt"": 13160447.0, ""borsa"": 3, ""fiyat"": 64150.0, ""kaynak"": ""BNB+BYB+OKX""}, {""usdt"": 11192106.0, ""borsa"": 1, ""fiyat"": 64100.0, ""kaynak"": ""BNB""}, {""usdt"": 6674604.0, ""borsa"": 1, ""fiyat"": 64125.0, ""kaynak"": ""BNB""}]","[{""usdt"": 11432174.0, ""borsa"": 1, ""fiyat"": 64275.0, ""kaynak"": ""BNB""}, {""usdt"": 10842024.0, ""borsa"": 3, ""fiyat"": 64200.0, ""kaynak"": ""BNB+BYB+OKX""}, {""usdt"": 6828650.0, ""borsa"": 1, ""fiyat"": 64250.0, ""kaynak"": ""BNB""}]",YOK,-0.1133,0.0076,0.4879,0.1202,false,,false,,0,1,3,1,0,3,1,63.4,IZLE,,25,64149.1,,,,,SEVIYE,55,1643.0,165,,,,,,,1785382440,1,1,,19,1262.5,19,,,
32044,2026-07-30 03:37:15.576117+00,64120.350000000006,-1227388.7690217984,-99090.969,11815058604.0033,0.00007677000000000001,45150917.77854002,64.1766,34.3,BEKLE,true,64.1766,0.0,1.4944,180.986,46400794.56996002,180.986,34.3,0.0,"[{""usdt"": 13551618.0, ""borsa"": 3, ""fiyat"": 64150.0, ""kaynak"": ""BNB+BYB+OKX""}, {""usdt"": 11192106.0, ""borsa"": 1, ""fiyat"": 64100.0, ""kaynak"": ""BNB""}, {""usdt"": 6674604.0, ""borsa"": 1, ""fiyat"": 64125.0, ""kaynak"": ""BNB""}]","[{""usdt"": 11432174.0, ""borsa"": 1, ""fiyat"": 64275.0, ""kaynak"": ""BNB""}, {""usdt"": 10330949.0, ""borsa"": 3, ""fiyat"": 64200.0, ""kaynak"": ""BNB+BYB+OKX""}, {""usdt"": 6828650.0, ""borsa"": 1, ""fiyat"": 64250.0, ""kaynak"": ""BNB""}]",YOK,-0.1133,-0.0137,0.5607,1.4814,false,,false,,0,1,3,0,0,3,61.4,62.4,IZLE,,25,64149.1,,,,,SEVIYE,55,1644.0,165,,,,,,,1785382440,1,2,,19,1263.6,19,,,
32045,2026-07-30 03:38:15.81837+00,64137.149999999994,-1227388.7690217984,-99090.969,11815058604.0033,0.00007677000000000001,61197944.692100026,64.1766,31.9,BEKLE,,64.1766,0.0,1.4944,0,42060744.84323004,0,31.9,0.0,"[{""usdt"": 24219411.0, ""borsa"": 1, ""fiyat"": 64050.0, ""kaynak"": ""BNB""}, {""usdt"": 15123354.0, ""borsa"": 3, ""fiyat"": 64100.0, ""kaynak"": ""BNB+BYB+OKX""}, {""usdt"": 8237962.0, ""borsa"": 1, ""fiyat"": 64075.0, ""kaynak"": ""BNB""}]","[{""usdt"": 10988778.0, ""borsa"": 3, ""fiyat"": 64150.0, ""kaynak"": ""BNB+BYB+OKX""}, {""usdt"": 7629379.0, ""borsa"": 3, ""fiyat"": 64125.0, ""kaynak"": ""BNB+BYB+OKX""}, {""usdt"": 7142500.0, ""borsa"": 1, ""fiyat"": 64225.0, ""kaynak"": ""BNB""}]",PERP,-0.1081,0.1853,0.5819,0.6946,false,,false,,0,1,3,1,0,3,57.8,58.8,IZLE,,25,64149.1,,,,,SEVIYE,55,1645.0,165,,,,,,,1785382440,1,2,,19,1264.6,19,,,
32046,2026-07-30 03:39:16.059326+00,64133.149999999994,-1048762.2262577973,-50169.475,11817188867.4147,0.00007677000000000001,59435776.363410056,64.1766,26.4,BEKLE,true,64.1766,0.0,1.4944,60.271,46110741.70624,60.271,26.4,0.0,"[{""usdt"": 25106282.0, ""borsa"": 1, ""fiyat"": 64050.0, ""kaynak"": ""BNB""}, {""usdt"": 14937890.0, ""borsa"": 3, ""fiyat"": 64125.0, ""kaynak"": ""BNB+BYB+OKX""}, {""usdt"": 7710516.0, ""borsa"": 1, ""fiyat"": 64075.0, ""kaynak"": ""BNB""}]","[{""usdt"": 11321950.0, ""borsa"": 3, ""fiyat"": 64150.0, ""kaynak"": ""BNB+BYB+OKX""}, {""usdt"": 9389604.0, ""borsa"": 1, ""fiyat"": 64225.0, ""kaynak"": ""BNB""}, {""usdt"": 8631743.0, ""borsa"": 3, ""fiyat"": 64175.0, ""kaynak"": ""BNB+BYB+OKX""}]",YOK,-0.038,0.1262,0.5663,2.4639,false,,true,0,0,0,3,1,0,3,54.2,55.3,IZLE,,25,64149.1,,,,,SEVIYE,55,1646.1,165,,,,,,,1785382440,1,3,,19,1265.6,19,,,
32047,2026-07-30 03:40:16.34493+00,64124.95,-1088077.8796040951,-10803.006000000001,11817342481.433,0.00007677000000000001,61627376.816020064,0.0,9.6,BEKLE,,0.0,0.0,1.4944,120.548,48231042.77624001,120.548,0.0,9.6,"[{""usdt"": 24710079.0, ""borsa"": 1, ""fiyat"": 64050.0, ""kaynak"": ""BNB""}, {""usdt"": 13232694.0, ""borsa"": 3, ""fiyat"": 64100.0, ""kaynak"": ""BNB+BYB+OKX""}, {""usdt"": 8751169.0, ""borsa"": 1, ""fiyat"": 64025.0, ""kaynak"": ""BNB""}]","[{""usdt"": 13071256.0, ""borsa"": 3, ""fiyat"": 64150.0, ""kaynak"": ""BNB+BYB+OKX""}, {""usdt"": 8352352.0, ""borsa"": 1, ""fiyat"": 64200.0, ""kaynak"": ""BNB""}, {""usdt"": 7974343.0, ""borsa"": 1, ""fiyat"": 64250.0, ""kaynak"": ""BNB""}]",YOK,-0.1152,0.1219,,,false,,true,0,0,1,3,1,0,3,50.7,51.8,IZLE,,25,64149.1,,,,,SEVIYE,55,1647.1,165,,,,,,,,,0,,19,1266.6,19,,,
32048,2026-07-30 03:41:16.618033+00,64141.05,-232534.92615269707,204818.58599999998,11815099594.3943,0.00007677000000000001,66179962.680200025,0.0,19.8,BEKLE,false,0.0,0.0,1.4944,180.801,43074404.09417001,180.801,0.0,19.8,"[{""usdt"": 24958182.0, ""borsa"": 1, ""fiyat"": 64050.0, ""kaynak"": ""BNB""}, {""usdt"": 16395953.0, ""borsa"": 3, ""fiyat"": 64125.0, ""kaynak"": ""BNB+BYB+OKX""}, {""usdt"": 8520912.0, ""borsa"": 1, ""fiyat"": 64025.0, ""kaynak"": ""BNB""}]","[{""usdt"": 10843504.0, ""borsa"": 3, ""fiyat"": 64150.0, ""kaynak"": ""BNB+BYB+OKX""}, {""usdt"": 8849929.0, ""borsa"": 1, ""fiyat"": 64250.0, ""kaynak"": ""BNB""}, {""usdt"": 8676132.0, ""borsa"": 3, ""fiyat"": 64175.0, ""kaynak"": ""BNB+BYB+OKX""}]",PERP,-0.0818,0.2115,0.6668,1.7657,false,,true,0,0,1,3,2,0,3,47.1,48.2,IZLE,,25,64149.1,,,,,SEVIYE,55,1648.1,165,,,,,,,,,0,,19,1267.6,19,,,
32049,2026-07-30 03:42:16.896283+00,64140.850000000006,-112011.79619969665,271519.386,11816754894.0276,0.00007677000000000001,68401086.86571,0.0,21.7,BEKLE,false,0.0,0.0,1.4931,241.054,41685300.15387993,241.054,0.0,21.7,"[{""usdt"": 27179881.0, ""borsa"": 1, ""fiyat"": 64050.0, ""kaynak"": ""BNB""}, {""usdt"": 18299595.0, ""borsa"": 3, ""fiyat"": 64125.0, ""kaynak"": ""BNB+BYB+OKX""}, {""usdt"": 8168551.0, ""borsa"": 1, ""fiyat"": 64075.0, ""kaynak"": ""BNB""}]","[{""usdt"": 9899187.0, ""borsa"": 3, ""fiyat"": 64175.0, ""kaynak"": ""BNB+BYB+OKX""}, {""usdt"": 8483395.0, ""borsa"": 1, ""fiyat"": 64250.0, ""kaynak"": ""BNB""}, {""usdt"": 7888906.0, ""borsa"": 1, ""fiyat"": 64225.0, ""kaynak"": ""BNB""}]",PERP,-0.0941,0.2427,0.6849,0.6464,false,,true,0,0,1,3,3,0,3,43.6,44.6,IZLE,,25,64149.1,,,,,SEVIYE,55,1649.1,165,,,,,,,,,0,,19,1268.6,19,,,
32050,2026-07-30 03:43:17.116108+00,64145.149999999994,-240764.05645319703,252723.247,11816729436.0114,0.00007677000000000001,63123028.07611995,0.0,21.8,BEKLE,true,0.0,0.0,1.4931,301.333,42481874.245629944,301.333,0.0,21.8,"[{""usdt"": 23410349.0, ""borsa"": 1, ""fiyat"": 64050.0, ""kaynak"": ""BNB""}, {""usdt"": 16548629.0, ""borsa"": 3, ""fiyat"": 64125.0, ""kaynak"": ""BNB+BYB+OKX""}, {""usdt"": 8353320.0, ""borsa"": 1, ""fiyat"": 64075.0, ""kaynak"": ""BNB""}]","[{""usdt"": 8926203.0, ""borsa"": 3, ""fiyat"": 64150.0, ""kaynak"": ""BNB+BYB+OKX""}, {""usdt"": 8580969.0, ""borsa"": 1, ""fiyat"": 64250.0, ""kaynak"": ""BNB""}, {""usdt"": 8126683.0, ""borsa"": 1, ""fiyat"": 64225.0, ""kaynak"": ""BNB""}]",PERP,-0.0993,0.1955,0.6695,0.2787,false,,true,0,0,1,3,3,0,3,39.7,40.8,IZLE,,25,64149.1,,,,,SEVIYE,55,1650.1,165,,,,,,,,,0,,19,1269.6,19,,,
32051,2026-07-30 03:44:17.724218+00,64135.850000000006,-195014.92390269696,232491.52,11815997541.3745,0.00007677000000000001,65754911.36437995,0.0,19.7,BEKLE,true,0.0,0.0,1.4931,361.674,42727039.511599965,361.674,0.0,19.7,"[{""usdt"": 25478393.0, ""borsa"": 1, ""fiyat"": 64050.0, ""kaynak"": ""BNB""}, {""usdt"": 17344732.0, ""borsa"": 3, ""fiyat"": 64125.0, ""kaynak"": ""BNB+BYB+OKX""}, {""usdt"": 8749646.0, ""borsa"": 1, ""fiyat"": 64075.0, ""kaynak"": ""BNB""}]","[{""usdt"": 10713871.0, ""borsa"": 3, ""fiyat"": 64175.0, ""kaynak"": ""BNB+BYB+OKX""}, {""usdt"": 8195954.0, ""borsa"": 1, ""fiyat"": 64250.0, ""kaynak"": ""BNB""}, {""usdt"": 8069207.0, ""borsa"": 1, ""fiyat"": 64225.0, ""kaynak"": ""BNB""}]",PERP,-0.0649,0.2123,0.6857,0.1113,false,,true,0,0,0,3,2,0,3,36.2,37.3,IZLE,,25,64149.1,,,,,SEVIYE,55,1651.1,165,,,,,,,,,0,,19,1270.6,19,,,
32052,2026-07-30 03:45:18.113501+00,64163.05,-226326.50306189706,228782.52,11815141913.6321,0.00007677000000000001,66735671.44599998,0.0,16.5,BEKLE,true,0.0,0.0,1.4931,422.262,39647697.40315,422.262,0.0,16.5,"[{""usdt"": 23671241.0, ""borsa"": 1, ""fiyat"": 64050.0, ""kaynak"": ""BNB""}, {""usdt"": 13291403.0, ""borsa"": 3, ""fiyat"": 64100.0, ""kaynak"": ""BNB+BYB+OKX""}, {""usdt"": 10931786.0, ""borsa"": 3, ""fiyat"": 64125.0, ""kaynak"": ""BNB+BYB+OKX""}]","[{""usdt"": 12108810.0, ""borsa"": 3, ""fiyat"": 64150.0, ""kaynak"": ""BNB+BYB+OKX""}, {""usdt"": 8203434.0, ""borsa"": 1, ""fiyat"": 64200.0, ""kaynak"": ""BNB""}, {""usdt"": 6468127.0, ""borsa"": 1, ""fiyat"": 64225.0, ""kaynak"": ""BNB""}]",PERP,-0.096,0.2546,0.7221,1.6392,false,,true,0,0,1,3,3,0,3,33,34.1,IZLE,,25,64149.1,,,,,SEVIYE,55,1652.1,165,,,,,,,,,0,,19,1271.6,19,,,
32053,2026-07-30 03:46:18.40067+00,64153.649999999994,1472659.3336709016,918795.1989999998,11819595211.3277,0.00007677000000000001,64954570.84722998,0.0,30.5,BEKLE,,0.0,0.0,1.4931,482.608,45875267.65814,482.608,0.0,30.5,"[{""usdt"": 24781433.0, ""borsa"": 1, ""fiyat"": 64050.0, ""kaynak"": ""BNB""}, {""usdt"": 11641306.0, ""borsa"": 3, ""fiyat"": 64125.0, ""kaynak"": ""BNB+BYB+OKX""}, {""usdt"": 9248120.0, ""borsa"": 3, ""fiyat"": 64150.0, ""kaynak"": ""BNB+BYB+OKX""}]","[{""usdt"": 18160448.0, ""borsa"": 3, ""fiyat"": 64175.0, ""kaynak"": ""BNB+BYB+OKX""}, {""usdt"": 9144910.0, ""borsa"": 1, ""fiyat"": 64250.0, ""kaynak"": ""BNB""}, {""usdt"": 6163270.0, ""borsa"": 1, ""fiyat"": 64200.0, ""kaynak"": ""BNB""}]",PERP,-0.0562,0.1721,0.6307,0.2422,false,,true,0.2051,0,0,3,1,0,3,29.4,30.6,IZLE,,25,64149.1,,,,,SEVIYE,55,1653.1,166,PCT,0.52,0.008057904290364876,0.005784388632111549,false,0.014,,,0,,20,1272.6,20,,,
32054,2026-07-30 03:47:19.874837+00,64162.45,1252994.4842687026,879378.8389999998,11815351679.1395,0.00007677000000000001,66300129.65665999,0.0,26.6,BEKLE,true,0.0,0.0,1.4931,544.01,43028700.32833997,544.01,0.0,26.6,"[{""usdt"": 24289781.0, ""borsa"": 1, ""fiyat"": 64050.0, ""kaynak"": ""BNB""}, {""usdt"": 15865687.0, ""borsa"": 3, ""fiyat"": 64125.0, ""kaynak"": ""BNB+BYB+OKX""}, {""usdt"": 9875156.0, ""borsa"": 1, ""fiyat"": 64075.0, ""kaynak"": ""BNB""}]","[{""usdt"": 10413702.0, ""borsa"": 3, ""fiyat"": 64175.0, ""kaynak"": ""BNB+BYB+OKX""}, {""usdt"": 8683024.0, ""borsa"": 1, ""fiyat"": 64225.0, ""kaynak"": ""BNB""}, {""usdt"": 8281312.0, ""borsa"": 1, ""fiyat"": 64250.0, ""kaynak"": ""BNB""}]",PERP,-0.1469,0.2129,0.6163,0.5068,false,,true,0.1671,0,2,3,2,0,3,27,28.1,IZLE,,25,64149.1,,,,,SEVIYE,55,1654.1,166,,,,,,,,,0,,20,1273.6,20,,,
32055,2026-07-30 03:48:20.201348+00,64153.75,1855075.7950859035,1096436.405,11817524861.0444,0.00007677000000000001,45874926.34715,0.0,34.0,BEKLE,true,0.0,0.0,1.4944,0,47177735.88789994,604.351,0.0,34.0,"[{""usdt"": 14634964.0, ""borsa"": 3, ""fiyat"": 64150.0, ""kaynak"": ""BNB+BYB+OKX""}, {""usdt"": 11427895.0, ""borsa"": 1, ""fiyat"": 64100.0, ""kaynak"": ""BNB""}, {""usdt"": 6641447.0, ""borsa"": 1, ""fiyat"": 64075.0, ""kaynak"": ""BNB""}]","[{""usdt"": 15061908.0, ""borsa"": 3, ""fiyat"": 64200.0, ""kaynak"": ""BNB+BYB+OKX""}, {""usdt"": 9061985.0, ""borsa"": 1, ""fiyat"": 64275.0, ""kaynak"": ""BNB""}, {""usdt"": 7580068.0, ""borsa"": 1, ""fiyat"": 64250.0, ""kaynak"": ""BNB""}]",YOK,-0.0992,-0.014,0.6398,0.1364,false,,true,0.2119,0,1,3,1,0,3,23.5,24.6,IZLE,,25,64149.1,,,,,SEVIYE,55,1655.1,166,,,,,,,,,0,,20,1274.6,20,,,
32056,2026-07-30 03:49:20.421818+00,64178.55,1861987.1771306046,1064740.4300000002,11818169111.8194,0.00007677000000000001,49506155.29642998,0.0,30.9,BEKLE,true,0.0,0.0,1.4944,60.312,46982146.950089976,664.663,0.0,30.9,"[{""usdt"": 14256055.0, ""borsa"": 3, ""fiyat"": 64175.0, ""kaynak"": ""BNB+BYB+OKX""}, {""usdt"": 9935643.0, ""borsa"": 1, ""fiyat"": 64100.0, ""kaynak"": ""BNB""}, {""usdt"": 9592939.0, ""borsa"": 3, ""fiyat"": 64150.0, ""kaynak"": ""BNB+BYB+OKX""}]","[{""usdt"": 17863854.0, ""borsa"": 3, ""fiyat"": 64200.0, ""kaynak"": ""BNB+BYB+OKX""}, {""usdt"": 8388273.0, ""borsa"": 1, ""fiyat"": 64275.0, ""kaynak"": ""BNB""}, {""usdt"": 7551842.0, ""borsa"": 1, ""fiyat"": 64225.0, ""kaynak"": ""BNB""}]",YOK,-0.0311,0.0262,0.6387,0.6891,false,,true,0.2684,0,0,3,1,0,3,19.8,20.9,IZLE,,25,64149.1,,,,,SEVIYE,55,1656.1,166,,,,,,,,,0,,20,1275.6,20,,,
32057,2026-07-30 03:50:20.695536+00,64171.850000000006,1956959.0183748042,1067842.629,11819567611.196001,0.00007677000000000001,68643228.58497997,0.0,31.0,BEKLE,true,0.0,0.0,1.4944,120.533,41528834.19778998,724.884,0.0,31.0,"[{""usdt"": 24538391.0, ""borsa"": 1, ""fiyat"": 64050.0, ""kaynak"": ""BNB""}, {""usdt"": 13490510.0, ""borsa"": 3, ""fiyat"": 64150.0, ""kaynak"": ""BNB+BYB+OKX""}, {""usdt"": 8521545.0, ""borsa"": 1, ""fiyat"": 64100.0, ""kaynak"": ""BNB""}]","[{""usdt"": 11017779.0, ""borsa"": 3, ""fiyat"": 64200.0, ""kaynak"": ""BNB+BYB+OKX""}, {""usdt"": 8474519.0, ""borsa"": 1, ""fiyat"": 64250.0, ""kaynak"": ""BNB""}, {""usdt"": 7557971.0, ""borsa"": 1, ""fiyat"": 64275.0, ""kaynak"": ""BNB""}]",PERP,-0.0133,0.2461,0.6505,0.1362,false,,false,0.6499,0,0,3,3,0,3,16.2,17.3,IZLE,,25,64149.1,,,,,SEVIYE,55,1657.1,166,,,,,,,,,0,,20,1276.6,20,,,
32058,2026-07-30 03:51:20.95864+00,64189.95,718301.0795011017,502062.0479999999,11814432326.1189,0.00007677000000000001,45066763.900499985,0.0,34.8,BEKLE,,0.0,0.0,1.4931,180.824,50711742.64807,785.175,34.8,0.0,"[{""usdt"": 15072874.0, ""borsa"": 3, ""fiyat"": 64175.0, ""kaynak"": ""BNB+BYB+OKX""}, {""usdt"": 9582472.0, ""borsa"": 1, ""fiyat"": 64100.0, ""kaynak"": ""BNB""}, {""usdt"": 8445691.0, ""borsa"": 1, ""fiyat"": 64125.0, ""kaynak"": ""BNB""}]","[{""usdt"": 12763391.0, ""borsa"": 3, ""fiyat"": 64200.0, ""kaynak"": ""BNB+BYB+OKX""}, {""usdt"": 11011468.0, ""borsa"": 3, ""fiyat"": 64225.0, ""kaynak"": ""BNB+BYB+OKX""}, {""usdt"": 8648853.0, ""borsa"": 1, ""fiyat"": 64275.0, ""kaynak"": ""BNB""}]",YOK,-0.0299,-0.0589,0.5642,1.4106,false,,true,0.3945,0,0,3,1,0,3,12.7,13.7,IZLE,,25,64149.1,,,,,SEVIYE,55,1658.1,166,,,,,,,,,0,,20,1277.6,20,,,
32059,2026-07-30 03:52:21.227324+00,64187.350000000006,1236318.421663403,518760.82999999996,11820782434.145401,0.00007677000000000001,45427286.831309974,0.0,33.5,BEKLE,false,0.0,0.0,1.4931,241.094,51037802.439790025,845.445,33.5,0.0,"[{""usdt"": 14969638.0, ""borsa"": 3, ""fiyat"": 64175.0, ""kaynak"": ""BNB+BYB+OKX""}, {""usdt"": 8939973.0, ""borsa"": 1, ""fiyat"": 64100.0, ""kaynak"": ""BNB""}, {""usdt"": 8116475.0, ""borsa"": 1, ""fiyat"": 64125.0, ""kaynak"": ""BNB""}]","[{""usdt"": 14125998.0, ""borsa"": 3, ""fiyat"": 64200.0, ""kaynak"": ""BNB+BYB+OKX""}, {""usdt"": 9088512.0, ""borsa"": 3, ""fiyat"": 64225.0, ""kaynak"": ""BNB+BYB+OKX""}, {""usdt"": 8526302.0, ""borsa"": 1, ""fiyat"": 64275.0, ""kaynak"": ""BNB""}]",YOK,-0.0617,-0.0582,,,false,,true,0.4215,0,0,3,0,0,3,9.1,10.2,IZLE,,25,64149.1,,,,,SEVIYE,55,1659.1,166,,,,,,,,,0,,20,1278.6,20,,,
32060,2026-07-30 03:53:21.641659+00,64183.850000000006,1242290.375639903,519568.614,11820694890.899899,0.00007677000000000001,48043801.943689995,0.0,45.5,BEKLE,false,0.0,0.0,1.4931,301.315,46432867.48970001,905.666,45.5,0.0,"[{""usdt"": 13961884.0, ""borsa"": 3, ""fiyat"": 64175.0, ""kaynak"": ""BNB+BYB+OKX""}, {""usdt"": 9585399.0, ""borsa"": 1, ""fiyat"": 64100.0, ""kaynak"": ""BNB""}, {""usdt"": 8624611.0, ""borsa"": 1, ""fiyat"": 64075.0, ""kaynak"": ""BNB""}]","[{""usdt"": 11495615.0, ""borsa"": 3, ""fiyat"": 64200.0, ""kaynak"": ""BNB+BYB+OKX""}, {""usdt"": 8755601.0, ""borsa"": 1, ""fiyat"": 64275.0, ""kaynak"": ""BNB""}, {""usdt"": 8282197.0, ""borsa"": 1, ""fiyat"": 64250.0, ""kaynak"": ""BNB""}]",YOK,-0.0743,0.0171,0.4317,1.1018,false,,true,0.3681,0,0,3,0,0,3,5.6,6.7,IZLE,,25,64149.1,,,,,SEVIYE,55,1660.1,166,,,,,,,,,0,,20,1279.7,20,,,
32061,2026-07-30 03:54:22.093964+00,64173.649999999994,1112334.3341943033,504970.72399999993,11817846861.5576,0.00007677000000000001,50146894.16702999,0.0,46.0,BEKLE,false,0.0,0.0,1.4931,361.835,48113428.220439956,966.186,46.0,0.0,"[{""usdt"": 12230797.0, ""borsa"": 3, ""fiyat"": 64150.0, ""kaynak"": ""BNB+BYB+OKX""}, {""usdt"": 10726654.0, ""borsa"": 1, ""fiyat"": 64075.0, ""kaynak"": ""BNB""}, {""usdt"": 10466714.0, ""borsa"": 3, ""fiyat"": 64175.0, ""kaynak"": ""BNB+BYB+OKX""}]","[{""usdt"": 17620781.0, ""borsa"": 3, ""fiyat"": 64200.0, ""kaynak"": ""BNB+BYB+OKX""}, {""usdt"": 9777371.0, ""borsa"": 1, ""fiyat"": 64275.0, ""kaynak"": ""BNB""}, {""usdt"": 6938486.0, ""borsa"": 1, ""fiyat"": 64250.0, ""kaynak"": ""BNB""}]",YOK,-0.0891,0.0207,0.4892,0.1661,false,,true,0.3378,1,1,3,1,0,3,2.3,3.3,IZLE,,25,64149.1,,,,,SEVIYE,55,1661.2,166,,,,,,,,,0,,20,1280.7,20,,,
32062,2026-07-30 03:55:22.345874+00,64169.95,1123595.2966849012,506725.86999999994,11817056949.0551,0.00007677000000000001,50146894.16702999,0.0,45.8,BEKLE,false,0.0,0.0,1.4931,422.243,48113428.220439956,1026.594,45.8,0.0,"[{""usdt"": 12230797.0, ""borsa"": 3, ""fiyat"": 64150.0, ""kaynak"": ""BNB+BYB+OKX""}, {""usdt"": 10726654.0, ""borsa"": 1, ""fiyat"": 64075.0, ""kaynak"": ""BNB""}, {""usdt"": 10466714.0, ""borsa"": 3, ""fiyat"": 64175.0, ""kaynak"": ""BNB+BYB+OKX""}]","[{""usdt"": 17620781.0, ""borsa"": 3, ""fiyat"": 64200.0, ""kaynak"": ""BNB+BYB+OKX""}, {""usdt"": 9777371.0, ""borsa"": 1, ""fiyat"": 64275.0, ""kaynak"": ""BNB""}, {""usdt"": 6938486.0, ""borsa"": 1, ""fiyat"": 64250.0, ""kaynak"": ""BNB""}]",YOK,-0.0891,0.0207,0.5151,0.061,false,,true,0.21,1,1,3,1,0,3,62.7,63.8,IZLE,,25,64149.1,,,,,SEVIYE,55,1662.2,166,,,,,,,,,0,,20,1281.7,20,,,
32063,2026-07-30 03:56:22.608405+00,64176.850000000006,1709784.3337416016,649228.7729999999,11818706818.751,0.00007677000000000001,69142834.80573004,0.0,14.3,BEKLE,true,0.0,0.0,1.4931,482.458,42654760.86919996,1086.809,0.0,14.3,"[{""usdt"": 19088768.0, ""borsa"": 1, ""fiyat"": 64050.0, ""kaynak"": ""BNB""}, {""usdt"": 12872791.0, ""borsa"": 3, ""fiyat"": 64150.0, ""kaynak"": ""BNB+BYB+OKX""}, {""usdt"": 10723094.0, ""borsa"": 1, ""fiyat"": 64100.0, ""kaynak"": ""BNB""}]","[{""usdt"": 11981985.0, ""borsa"": 3, ""fiyat"": 64200.0, ""kaynak"": ""BNB+BYB+OKX""}, {""usdt"": 9694141.0, ""borsa"": 1, ""fiyat"": 64275.0, ""kaynak"": ""BNB""}, {""usdt"": 6671143.0, ""borsa"": 1, ""fiyat"": 64250.0, ""kaynak"": ""BNB""}]",PERP,-0.034,0.2369,0.8204,0.5629,false,,false,0.6318,1,0,3,3,0,3,59.1,60.2,IZLE,,25,64149.1,,,,,SEVIYE,55,1663.2,167,,,,,,,,,0,,19,1192.6,19,,,
32064,2026-07-30 03:57:22.845472+00,64170.75,1447347.3535859017,604655.9149999999,11817048293.8832,0.00007677000000000001,47951253.648089975,0.0,12.6,BEKLE,true,0.0,0.0,1.4931,542.713,50698306.89518995,1147.064,0.0,12.6,"[{""usdt"": 11461389.0, ""borsa"": 3, ""fiyat"": 64150.0, ""kaynak"": ""BNB+BYB+OKX""}, {""usdt"": 10471203.0, ""borsa"": 1, ""fiyat"": 64100.0, ""kaynak"": ""BNB""}, {""usdt"": 9763642.0, ""borsa"": 1, ""fiyat"": 64075.0, ""kaynak"": ""BNB""}]","[{""usdt"": 18194545.0, ""borsa"": 3, ""fiyat"": 64200.0, ""kaynak"": ""BNB+BYB+OKX""}, {""usdt"": 9611147.0, ""borsa"": 1, ""fiyat"": 64275.0, ""kaynak"": ""BNB""}, {""usdt"": 6713883.0, ""borsa"": 1, ""fiyat"": 64250.0, ""kaynak"": ""BNB""}]",YOK,-0.0563,-0.0278,,,false,,false,0.5399,0,0,3,1,0,3,55.6,56.6,IZLE,,25,64149.1,,,,,SEVIYE,55,1664.2,167,,,,,,,,,0,,19,1193.6,19,,,
32065,2026-07-30 03:58:23.15508+00,64138.05,1279343.3111544016,574601.865,11814235779.4595,0.00007677000000000001,64428531.02582997,0.0,10.0,BEKLE,,0.0,0.0,1.4944,602.986,50069889.24313997,1207.337,0.0,10.0,"[{""usdt"": 19088640.0, ""borsa"": 1, ""fiyat"": 64050.0, ""kaynak"": ""BNB""}, {""usdt"": 15756657.0, ""borsa"": 3, ""fiyat"": 64150.0, ""kaynak"": ""BNB+BYB+OKX""}, {""usdt"": 12050916.0, ""borsa"": 1, ""fiyat"": 64075.0, ""kaynak"": ""BNB""}]","[{""usdt"": 15128912.0, ""borsa"": 3, ""fiyat"": 64200.0, ""kaynak"": ""BNB+BYB+OKX""}, {""usdt"": 10062842.0, ""borsa"": 3, ""fiyat"": 64175.0, ""kaynak"": ""BNB+BYB+OKX""}, {""usdt"": 8026325.0, ""borsa"": 1, ""fiyat"": 64275.0, ""kaynak"": ""BNB""}]",YOK,-0.0755,0.1254,,,false,,false,0.5009,0,0,3,1,0,3,52,53.1,IZLE,,25,64149.1,,,,,SEVIYE,55,1665.2,167,,,,,,,,,0,,19,1194.6,19,,,
32066,2026-07-30 03:59:23.40097+00,64133.95,1127102.717774402,509731.3709999999,11811284285.1122,0.00007677000000000001,64185474.439939976,0.0,2.8,BEKLE,,0.0,0.0,1.4944,60.283,42824605.292160064,1267.62,0.0,2.8,"[{""usdt"": 25064788.0, ""borsa"": 1, ""fiyat"": 64050.0, ""kaynak"": ""BNB""}, {""usdt"": 16875026.0, ""borsa"": 3, ""fiyat"": 64125.0, ""kaynak"": ""BNB+BYB+OKX""}, {""usdt"": 8863638.0, ""borsa"": 1, ""fiyat"": 64075.0, ""kaynak"": ""BNB""}]","[{""usdt"": 9871101.0, ""borsa"": 3, ""fiyat"": 64175.0, ""kaynak"": ""BNB+BYB+OKX""}, {""usdt"": 9505559.0, ""borsa"": 3, ""fiyat"": 64150.0, ""kaynak"": ""BNB+BYB+OKX""}, {""usdt"": 8325198.0, ""borsa"": 1, ""fiyat"": 64250.0, ""kaynak"": ""BNB""}]",PERP,-0.1229,0.1996,,,true,0,false,0.6143,0,2,3,2,0,3,48.5,49.5,IZLE,,25,64149.1,,,,,SEVIYE,55,1666.2,167,,,,,,,,,0,,19,1195.6,19,,,
32067,2026-07-30 04:00:23.69432+00,64129.350000000006,1063171.8381670003,511840.4419999999,11810706839.586998,0.00007677000000000001,66736379.23805004,0.0,3.6,BEKLE,,0.0,0.0,1.4944,120.544,43432841.887279995,1327.881,0.0,3.6,"[{""usdt"": 23717720.0, ""borsa"": 1, ""fiyat"": 64050.0, ""kaynak"": ""BNB""}, {""usdt"": 15111489.0, ""borsa"": 3, ""fiyat"": 64125.0, ""kaynak"": ""BNB+BYB+OKX""}, {""usdt"": 11614560.0, ""borsa"": 2, ""fiyat"": 64100.0, ""kaynak"": ""BNB+BYB""}]","[{""usdt"": 11300752.0, ""borsa"": 3, ""fiyat"": 64150.0, ""kaynak"": ""BNB+BYB+OKX""}, {""usdt"": 10075740.0, ""borsa"": 1, ""fiyat"": 64225.0, ""kaynak"": ""BNB""}, {""usdt"": 6442282.0, ""borsa"": 1, ""fiyat"": 64175.0, ""kaynak"": ""BNB""}]",PERP,-0.1433,0.2115,,,true,0.3563,true,0,0,2,3,3,0,3,44.9,46,IZLE,,25,64149.1,,,,,SEVIYE,55,1667.2,167,,,,,,,,,0,,19,1196.6,19,,,
32068,2026-07-30 04:01:23.930105+00,64113.25,96379.3226928983,-254693.56900000002,11807921777.820198,0.00007677000000000001,69399163.29564993,0.0,54.4,BEKLE,false,0.0,0.0,1.4944,180.834,45772013.76458003,1388.171,54.4,0.0,"[{""usdt"": 24027550.0, ""borsa"": 1, ""fiyat"": 64050.0, ""kaynak"": ""BNB""}, {""usdt"": 18814197.0, ""borsa"": 3, ""fiyat"": 64125.0, ""kaynak"": ""BNB+BYB+OKX""}, {""usdt"": 9715290.0, ""borsa"": 2, ""fiyat"": 64100.0, ""kaynak"": ""BNB+BYB""}]","[{""usdt"": 18411958.0, ""borsa"": 3, ""fiyat"": 64150.0, ""kaynak"": ""BNB+BYB+OKX""}, {""usdt"": 9376735.0, ""borsa"": 1, ""fiyat"": 64225.0, ""kaynak"": ""BNB""}, {""usdt"": 6269860.0, ""borsa"": 2, ""fiyat"": 64175.0, ""kaynak"": ""BNB+OKX""}]",PERP,-0.0911,0.2051,0.5475,1.121,false,0.4438,false,,0,1,3,3,0,3,41.4,42.5,IZLE,,25,64149.1,,,,,SEVIYE,55,1668.2,167,,,,,,,,,0,,19,1197.6,19,,,
32069,2026-07-30 04:02:25.411992+00,64133.850000000006,493314.5696993979,-141295.86800000002,11810347402.1035,0.00007677000000000001,68349781.66066003,0.0,59.0,BEKLE,false,0.0,0.0,1.4944,242.276,49210152.99611001,1449.613,59.0,0.0,"[{""usdt"": 25871542.0, ""borsa"": 1, ""fiyat"": 64050.0, ""kaynak"": ""BNB""}, {""usdt"": 19926228.0, ""borsa"": 3, ""fiyat"": 64125.0, ""kaynak"": ""BNB+BYB+OKX""}, {""usdt"": 8219655.0, ""borsa"": 3, ""fiyat"": 64100.0, ""kaynak"": ""BNB+BYB+OKX""}]","[{""usdt"": 17396979.0, ""borsa"": 3, ""fiyat"": 64150.0, ""kaynak"": ""BNB+BYB+OKX""}, {""usdt"": 10438738.0, ""borsa"": 1, ""fiyat"": 64225.0, ""kaynak"": ""BNB""}, {""usdt"": 8022217.0, ""borsa"": 1, ""fiyat"": 64200.0, ""kaynak"": ""BNB""}]",PERP,-0.0893,0.1628,0.4644,0.933,false,0.4515,false,,0,1,3,2,0,3,39,40,IZLE,,25,64149.1,,,,,SEVIYE,55,1669.2,167,,,,,,,,,0,,19,1198.6,19,,,
32070,2026-07-30 04:03:26.185074+00,64112.149999999994,195170.72022779792,-132209.02200000003,11809264415.6971,0.00007677000000000001,68080235.21082002,0.0,60.5,BEKLE,false,0.0,0.0,1.4938,302.544,45308002.22847002,1509.881,60.5,0.0,"[{""usdt"": 26617265.0, ""borsa"": 1, ""fiyat"": 64050.0, ""kaynak"": ""BNB""}, {""usdt"": 13740645.0, ""borsa"": 3, ""fiyat"": 64125.0, ""kaynak"": ""BNB+BYB+OKX""}, {""usdt"": 12832025.0, ""borsa"": 3, ""fiyat"": 64100.0, ""kaynak"": ""BNB+BYB+OKX""}]","[{""usdt"": 15044093.0, ""borsa"": 3, ""fiyat"": 64150.0, ""kaynak"": ""BNB+BYB+OKX""}, {""usdt"": 10130724.0, ""borsa"": 1, ""fiyat"": 64225.0, ""kaynak"": ""BNB""}, {""usdt"": 6955667.0, ""borsa"": 1, ""fiyat"": 64200.0, ""kaynak"": ""BNB""}]",PERP,-0.1305,0.2008,0.5097,0.6329,false,0.4771,false,,0,2,3,3,0,3,35.4,36.5,IZLE,,25,64149.1,,,,,SEVIYE,55,1670.2,167,,,,,,,,,0,,19,1199.6,19,,,
32071,2026-07-30 04:04:26.497899+00,64123.95,-576101.3852198027,-164445.606,11806469749.7697,0.00007677000000000001,62265058.746309936,320.482,49.1,BEKLE,false,320.482,0.0,1.4938,363.37,50894472.033649966,121.094,49.1,0.0,"[{""usdt"": 26219597.0, ""borsa"": 1, ""fiyat"": 64050.0, ""kaynak"": ""BNB""}, {""usdt"": 14236803.0, ""borsa"": 3, ""fiyat"": 64075.0, ""kaynak"": ""BNB+BYB+OKX""}, {""usdt"": 7836851.0, ""borsa"": 1, ""fiyat"": 64025.0, ""kaynak"": ""BNB""}]","[{""usdt"": 17591866.0, ""borsa"": 3, ""fiyat"": 64125.0, ""kaynak"": ""BNB+BYB+OKX""}, {""usdt"": 9665129.0, ""borsa"": 1, ""fiyat"": 64175.0, ""kaynak"": ""BNB""}, {""usdt"": 7492676.0, ""borsa"": 3, ""fiyat"": 64100.0, ""kaynak"": ""BNB+BYB+OKX""}]",YOK,-0.1621,0.1005,0.6313,0.1927,false,0.6523,false,,0,2,3,0,0,3,32.4,33.5,IZLE,,25,64149.1,,,,,SEVIYE,55,1671.2,167,,,,,,,1785384180,1,0,,19,1200.6,19,,,
32072,2026-07-30 04:05:26.791356+00,64118.95,-1251301.7630294026,-90903.41800000002,11806782606.170502,0.00007677000000000001,64647375.58903999,320.482,50.7,BEKLE,false,320.482,0.0,1.4938,423.622,50074734.91641997,181.346,50.7,0.0,"[{""usdt"": 26736942.0, ""borsa"": 1, ""fiyat"": 64050.0, ""kaynak"": ""BNB""}, {""usdt"": 17914633.0, ""borsa"": 3, ""fiyat"": 64100.0, ""kaynak"": ""BNB+BYB+OKX""}, {""usdt"": 6894751.0, ""borsa"": 1, ""fiyat"": 64075.0, ""kaynak"": ""BNB""}]","[{""usdt"": 18560104.0, ""borsa"": 3, ""fiyat"": 64150.0, ""kaynak"": ""BNB+BYB+OKX""}, {""usdt"": 9871755.0, ""borsa"": 1, ""fiyat"": 64225.0, ""kaynak"": ""BNB""}, {""usdt"": 7020523.0, ""borsa"": 1, ""fiyat"": 64175.0, ""kaynak"": ""BNB""}]",YOK,-0.1283,0.127,0.7224,0.1687,true,0.3451,false,,0,2,3,1,0,3,28.6,29.7,IZLE,,25,64149.1,,,,,SEVIYE,55,1672.2,167,,,,,,,1785384180,1,1,,19,1201.6,19,,,
32073,2026-07-30 04:06:27.102676+00,64125.75,-1196722.0565180024,-87378.74400000002,11807254634.9878,0.00007677000000000001,66786435.735560015,320.482,18.6,BEKLE,true,320.482,0.0,1.4913,483.965,54946415.828429975,241.689,0.0,18.6,"[{""usdt"": 25981356.0, ""borsa"": 1, ""fiyat"": 64050.0, ""kaynak"": ""BNB""}, {""usdt"": 17234598.0, ""borsa"": 3, ""fiyat"": 64100.0, ""kaynak"": ""BNB+BYB+OKX""}, {""usdt"": 8785422.0, ""borsa"": 1, ""fiyat"": 64025.0, ""kaynak"": ""BNB""}]","[{""usdt"": 19083427.0, ""borsa"": 3, ""fiyat"": 64150.0, ""kaynak"": ""BNB+BYB+OKX""}, {""usdt"": 8587345.0, ""borsa"": 1, ""fiyat"": 64225.0, ""kaynak"": ""BNB""}, {""usdt"": 7529633.0, ""borsa"": 3, ""fiyat"": 64125.0, ""kaynak"": ""BNB+BYB+OKX""}]",YOK,-0.0665,0.0973,0.8398,0.4252,true,0.3605,false,,0,0,3,0,0,3,25.1,26.2,IZLE,,25,64149.1,,,,,SEVIYE,55,1673.2,168,,,,,,,1785384180,1,2,,19,1292.7,19,,,
32074,2026-07-30 04:07:27.343646+00,64107.45,-1285168.0092637024,-54615.647,11806534045.3278,0.00007677000000000001,65683855.87086004,320.482,14.6,BEKLE,true,320.482,0.0,1.4913,544.233,49794905.81442997,301.957,0.0,14.6,"[{""usdt"": 23887034.0, ""borsa"": 1, ""fiyat"": 64050.0, ""kaynak"": ""BNB""}, {""usdt"": 19653398.0, ""borsa"": 3, ""fiyat"": 64100.0, ""kaynak"": ""BNB+BYB+OKX""}, {""usdt"": 9903700.0, ""borsa"": 1, ""fiyat"": 64025.0, ""kaynak"": ""BNB""}]","[{""usdt"": 17278796.0, ""borsa"": 3, ""fiyat"": 64125.0, ""kaynak"": ""BNB+BYB+OKX""}, {""usdt"": 9873428.0, ""borsa"": 3, ""fiyat"": 64150.0, ""kaynak"": ""BNB+BYB+OKX""}, {""usdt"": 8695033.0, ""borsa"": 1, ""fiyat"": 64225.0, ""kaynak"": ""BNB""}]",YOK,-0.1077,0.1376,0.933,0.7251,true,0.3566,false,,1,2,3,2,0,3,21.4,22.7,IZLE,,25,64149.1,,,,,SEVIYE,55,1674.2,168,,,,,,,1785384180,1,3,,19,1293.7,19,,,
32075,2026-07-30 04:08:27.612553+00,64096.05,-1481870.2499491025,-171122.073,11804169346.108,0.00007677000000000001,61707789.82774,0.0,10.4,BEKLE,false,0.0,0.0,1.4913,604.468,51741219.57184002,362.192,10.4,0.0,"[{""usdt"": 23959499.0, ""borsa"": 1, ""fiyat"": 64050.0, ""kaynak"": ""BNB""}, {""usdt"": 11830380.0, ""borsa"": 3, ""fiyat"": 64100.0, ""kaynak"": ""BNB+BYB+OKX""}, {""usdt"": 9973680.0, ""borsa"": 3, ""fiyat"": 64075.0, ""kaynak"": ""BNB+BYB+OKX""}]","[{""usdt"": 21270115.0, ""borsa"": 3, ""fiyat"": 64125.0, ""kaynak"": ""BNB+BYB+OKX""}, {""usdt"": 7744220.0, ""borsa"": 1, ""fiyat"": 64200.0, ""kaynak"": ""BNB""}, {""usdt"": 7027220.0, ""borsa"": 1, ""fiyat"": 64150.0, ""kaynak"": ""BNB""}]",YOK,-0.1917,0.0879,0.9669,0.4862,false,0.3732,false,,0,2,3,1,1,3,17.7,18.8,IZLE,,25,64149.1,,,,,SEVIYE,55,1675.2,168,,,,,,,,,0,,19,1294.8,19,,,
32076,2026-07-30 04:09:27.874329+00,64106.95,-1143195.4720302029,-162099.355,11804191138.455599,0.00007677000000000001,62906770.46687992,0.0,2.4,BEKLE,,0.0,0.0,1.4913,664.753,54618063.70859999,422.477,0.0,2.4,"[{""usdt"": 24249249.0, ""borsa"": 1, ""fiyat"": 64050.0, ""kaynak"": ""BNB""}, {""usdt"": 14984788.0, ""borsa"": 3, ""fiyat"": 64100.0, ""kaynak"": ""BNB+BYB+OKX""}, {""usdt"": 9030774.0, ""borsa"": 3, ""fiyat"": 64075.0, ""kaynak"": ""BNB+BYB+OKX""}]","[{""usdt"": 24034369.0, ""borsa"": 3, ""fiyat"": 64125.0, ""kaynak"": ""BNB+BYB+OKX""}, {""usdt"": 10168862.0, ""borsa"": 1, ""fiyat"": 64200.0, ""kaynak"": ""BNB""}, {""usdt"": 7052473.0, ""borsa"": 2, ""fiyat"": 64150.0, ""kaynak"": ""BNB+BYB""}]",YOK,-0.1238,0.0705,,,true,0.3554,false,,0,1,3,0,0,3,14.1,15.2,IZLE,,25,64149.1,,,,,SEVIYE,55,1676.2,168,,,,,,,,,0,,19,1295.8,19,,,
32077,2026-07-30 04:10:28.097549+00,64090.45,-914880.1557948025,-52810.301,11802466983.612,0.00007677000000000001,63217653.03913994,0.0,7.4,BEKLE,,0.0,0.0,1.4913,724.982,50162233.26637998,120.514,0.0,7.4,"[{""usdt"": 24765427.0, ""borsa"": 1, ""fiyat"": 64050.0, ""kaynak"": ""BNB""}, {""usdt"": 14953670.0, ""borsa"": 3, ""fiyat"": 64075.0, ""kaynak"": ""BNB+BYB+OKX""}, {""usdt"": 8742542.0, ""borsa"": 1, ""fiyat"": 64025.0, ""kaynak"": ""BNB""}]","[{""usdt"": 15449881.0, ""borsa"": 3, ""fiyat"": 64125.0, ""kaynak"": ""BNB+BYB+OKX""}, {""usdt"": 13226273.0, ""borsa"": 3, ""fiyat"": 64100.0, ""kaynak"": ""BNB+BYB+OKX""}, {""usdt"": 7346104.0, ""borsa"": 1, ""fiyat"": 64200.0, ""kaynak"": ""BNB""}]",YOK,-0.2065,0.1151,,,false,1.0684,false,,0,2,3,1,1,3,10.6,11.6,IZLE,,25,64149.1,,,,,SEVIYE,55,1677.3,168,,,,,,,,,0,,19,1296.8,19,,,
32078,2026-07-30 04:11:28.741477+00,64081.05,-1482007.620251702,47326.20500000001,11797353823.2902,0.00007677000000000001,62160466.07685999,3524.312,17.3,BEKLE,true,3524.312,0.0,1.4913,785.201,52456337.571120076,60.219,0.0,17.3,"[{""usdt"": 26496455.0, ""borsa"": 2, ""fiyat"": 64050.0, ""kaynak"": ""BNB+BYB""}, {""usdt"": 12544155.0, ""borsa"": 3, ""fiyat"": 64075.0, ""kaynak"": ""BNB+BYB+OKX""}, {""usdt"": 8521504.0, ""borsa"": 1, ""fiyat"": 64025.0, ""kaynak"": ""BNB""}]","[{""usdt"": 21596715.0, ""borsa"": 3, ""fiyat"": 64100.0, ""kaynak"": ""BNB+BYB+OKX""}, {""usdt"": 7457263.0, ""borsa"": 2, ""fiyat"": 64125.0, ""kaynak"": ""BNB+OKX""}, {""usdt"": 7120145.0, ""borsa"": 1, ""fiyat"": 64200.0, ""kaynak"": ""BNB""}]",YOK,-0.1715,0.0847,,,false,1.6755,false,,0,2,3,0,1,3,6.8,7.9,IZLE,,25,64030.6,,,,,SEVIYE,60,2789.8,279,,,,,,,1785384660,1,0,,19,1297.8,19,,,
32079,2026-07-30 04:12:29.141832+00,64079.95,-1488116.7173483018,46788.872,11796522928.4005,0.00007677000000000001,66298165.71520002,3652.56,14.5,BEKLE,false,3652.56,0.0,1.49,845.893,50423271.258670054,120.911,0.0,14.5,"[{""usdt"": 27765956.0, ""borsa"": 3, ""fiyat"": 64050.0, ""kaynak"": ""BNB+BYB+OKX""}, {""usdt"": 14356404.0, ""borsa"": 3, ""fiyat"": 64075.0, ""kaynak"": ""BNB+BYB+OKX""}, {""usdt"": 8413264.0, ""borsa"": 1, ""fiyat"": 63975.0, ""kaynak"": ""BNB""}]","[{""usdt"": 20618739.0, ""borsa"": 3, ""fiyat"": 64100.0, ""kaynak"": ""BNB+BYB+OKX""}, {""usdt"": 9071396.0, ""borsa"": 1, ""fiyat"": 64150.0, ""kaynak"": ""BNB""}, {""usdt"": 7592918.0, ""borsa"": 1, ""fiyat"": 64175.0, ""kaynak"": ""BNB""}]",YOK,-0.1693,0.136,,,false,1.9182,false,,0,2,3,1,0,3,3.7,4.8,IZLE,,25,64030.6,,,,,SEVIYE,60,2790.8,279,,,,,,,1785384660,1,0,,19,1298.8,19,,,
32080,2026-07-30 04:13:29.428964+00,64080.149999999994,-1396246.1344963014,45820.976,11797528915.414799,0.00007677000000000001,64651911.788700014,3652.56,18.1,BEKLE,false,3652.56,0.0,1.49,906.325,57714172.44217006,181.343,0.0,18.1,"[{""usdt"": 27631999.0, ""borsa"": 3, ""fiyat"": 64050.0, ""kaynak"": ""BNB+BYB+OKX""}, {""usdt"": 14619303.0, ""borsa"": 3, ""fiyat"": 64075.0, ""kaynak"": ""BNB+BYB+OKX""}, {""usdt"": 7944386.0, ""borsa"": 1, ""fiyat"": 63975.0, ""kaynak"": ""BNB""}]","[{""usdt"": 23763555.0, ""borsa"": 3, ""fiyat"": 64100.0, ""kaynak"": ""BNB+BYB+OKX""}, {""usdt"": 9989408.0, ""borsa"": 1, ""fiyat"": 64175.0, ""kaynak"": ""BNB""}, {""usdt"": 7380428.0, ""borsa"": 1, ""fiyat"": 64150.0, ""kaynak"": ""BNB""}]",YOK,-0.1589,0.0567,,,false,1.4344,false,,0,2,3,0,0,3,63.7,62.7,IZLE,,25,64030.6,,,,,SEVIYE,60,2791.8,279,,,,,,,1785384660,1,1,,19,1299.8,19,,,
32081,2026-07-30 04:14:29.711907+00,64080.45,-1545476.4713441995,45235.69700000001,11797520995.8876,0.00007677000000000001,62754830.99663002,3652.56,22.8,BEKLE,false,3652.56,0.0,1.49,966.567,57945597.11842007,241.585,0.0,22.8,"[{""usdt"": 28370619.0, ""borsa"": 3, ""fiyat"": 64050.0, ""kaynak"": ""BNB+BYB+OKX""}, {""usdt"": 11983601.0, ""borsa"": 3, ""fiyat"": 64075.0, ""kaynak"": ""BNB+BYB+OKX""}, {""usdt"": 7944386.0, ""borsa"": 1, ""fiyat"": 63975.0, ""kaynak"": ""BNB""}]","[{""usdt"": 22948812.0, ""borsa"": 3, ""fiyat"": 64100.0, ""kaynak"": ""BNB+BYB+OKX""}, {""usdt"": 9989408.0, ""borsa"": 1, ""fiyat"": 64175.0, ""kaynak"": ""BNB""}, {""usdt"": 7380428.0, ""borsa"": 1, ""fiyat"": 64150.0, ""kaynak"": ""BNB""}]",YOK,-0.1633,0.0398,0.5683,1.9609,false,1.5174,false,,0,2,3,0,1,3,60.6,61.7,IZLE,,25,64030.6,,,,,SEVIYE,60,2792.8,279,,,,,,,1785384660,1,2,,19,1300.8,19,,,
32082,2026-07-30 04:15:30.057098+00,64100.25,2836805.478294411,32294.798999999995,11801130965.3242,0.00007677000000000001,65034994.91442999,3652.56,10.1,BEKLE,true,3652.56,0.0,1.49,1026.834,54497749.40733003,301.852,0.0,10.1,"[{""usdt"": 27935264.0, ""borsa"": 3, ""fiyat"": 64050.0, ""kaynak"": ""BNB+BYB+OKX""}, {""usdt"": 13996809.0, ""borsa"": 3, ""fiyat"": 64075.0, ""kaynak"": ""BNB+BYB+OKX""}, {""usdt"": 8151202.0, ""borsa"": 1, ""fiyat"": 63975.0, ""kaynak"": ""BNB""}]","[{""usdt"": 24088633.0, ""borsa"": 3, ""fiyat"": 64100.0, ""kaynak"": ""BNB+BYB+OKX""}, {""usdt"": 10243778.0, ""borsa"": 1, ""fiyat"": 64175.0, ""kaynak"": ""BNB""}, {""usdt"": 7356554.0, ""borsa"": 1, ""fiyat"": 64150.0, ""kaynak"": ""BNB""}]",YOK,-0.1443,0.0882,0.9676,0.1324,false,,false,,0,2,3,0,0,3,57,58.1,IZLE,,25,64149.1,,,,,SEVIYE,55,1682.3,168,,,,,,,1785384660,1,3,,19,1301.8,19,,,
32083,2026-07-30 04:16:31.492754+00,64105.95,2921497.5000509107,45630.111999999994,11801630398.4472,0.00007677000000000001,63613414.269860044,0.0,1.9,BEKLE,,0.0,0.0,1.49,1088.336,52071530.217360005,363.354,1.9,0.0,"[{""usdt"": 24511325.0, ""borsa"": 1, ""fiyat"": 64050.0, ""kaynak"": ""BNB""}, {""usdt"": 14298270.0, ""borsa"": 3, ""fiyat"": 64075.0, ""kaynak"": ""BNB+BYB+OKX""}, {""usdt"": 8388160.0, ""borsa"": 1, ""fiyat"": 64025.0, ""kaynak"": ""BNB""}]","[{""usdt"": 17628262.0, ""borsa"": 3, ""fiyat"": 64125.0, ""kaynak"": ""BNB+BYB+OKX""}, {""usdt"": 10263462.0, ""borsa"": 1, ""fiyat"": 64175.0, ""kaynak"": ""BNB""}, {""usdt"": 7385664.0, ""borsa"": 3, ""fiyat"": 64100.0, ""kaynak"": ""BNB+BYB+OKX""}]",YOK,0.001,0.0998,0.9994,0.299,false,,false,0.9389,0,1,3,0,0,3,54.7,55.7,IZLE,,25,64149.1,,,,,SEVIYE,55,1683.3,169,,,,,,,,,0,,18,1302.8,18,,,
32084,2026-07-30 04:17:31.711674+00,64099.75,2564000.398169811,46693.8,11800573706.141998,0.00007677000000000001,62517724.79913006,0.0,0.4,BEKLE,,0.0,0.0,1.49,1148.616,58954272.21743003,423.634,0.4,0.0,"[{""usdt"": 24166728.0, ""borsa"": 1, ""fiyat"": 64050.0, ""kaynak"": ""BNB""}, {""usdt"": 13169029.0, ""borsa"": 3, ""fiyat"": 64075.0, ""kaynak"": ""BNB+BYB+OKX""}, {""usdt"": 8012387.0, ""borsa"": 1, ""fiyat"": 64025.0, ""kaynak"": ""BNB""}]","[{""usdt"": 20891550.0, ""borsa"": 3, ""fiyat"": 64125.0, ""kaynak"": ""BNB+BYB+OKX""}, {""usdt"": 10077421.0, ""borsa"": 1, ""fiyat"": 64175.0, ""kaynak"": ""BNB""}, {""usdt"": 9402957.0, ""borsa"": 3, ""fiyat"": 64100.0, ""kaynak"": ""BNB+BYB+OKX""}]",YOK,-0.0762,0.0293,1,0.2585,false,,false,0.9227,0,1,3,0,1,3,51.1,52.2,IZLE,,25,64149.1,,,,,SEVIYE,55,1684.3,169,,,,,,,,,0,,18,1303.8,18,,,
32085,2026-07-30 04:18:32.00039+00,64085.05,2542893.121300711,46788.60799999999,11799391335.7972,0.00007677000000000001,63157594.213030025,0.0,1.2,BEKLE,,0.0,0.0,1.4876,1208.863,54205800.480699986,120.527,0.0,1.2,"[{""usdt"": 23046597.0, ""borsa"": 1, ""fiyat"": 64050.0, ""kaynak"": ""BNB""}, {""usdt"": 14750815.0, ""borsa"": 3, ""fiyat"": 64075.0, ""kaynak"": ""BNB+BYB+OKX""}, {""usdt"": 8387979.0, ""borsa"": 1, ""fiyat"": 64025.0, ""kaynak"": ""BNB""}]","[{""usdt"": 20202978.0, ""borsa"": 3, ""fiyat"": 64125.0, ""kaynak"": ""BNB+BYB+OKX""}, {""usdt"": 8863217.0, ""borsa"": 1, ""fiyat"": 64175.0, ""kaynak"": ""BNB""}, {""usdt"": 7459785.0, ""borsa"": 1, ""fiyat"": 64150.0, ""kaynak"": ""BNB""}]",YOK,-0.0401,0.0763,0.9996,0.0658,false,,false,0.953,0,1,3,0,0,3,47.6,48.7,IZLE,,25,64030.6,,,,,SEVIYE,70,2796.9,280,,,,,,,,,0,,18,1304.8,18,,,
32086,2026-07-30 04:19:32.192913+00,64075.55,2812259.2234556084,50488.72899999999,11798210158.3965,0.00007677000000000001,63725685.026060015,0.0,2.6,BEKLE,,0.0,0.0,1.4876,1269.096,50166013.18436,180.76,0.0,2.6,"[{""usdt"": 28908871.0, ""borsa"": 3, ""fiyat"": 64050.0, ""kaynak"": ""BNB+BYB+OKX""}, {""usdt"": 11751717.0, ""borsa"": 3, ""fiyat"": 64075.0, ""kaynak"": ""BNB+BYB+OKX""}, {""usdt"": 8431897.0, ""borsa"": 1, ""fiyat"": 64025.0, ""kaynak"": ""BNB""}]","[{""usdt"": 19783804.0, ""borsa"": 3, ""fiyat"": 64100.0, ""kaynak"": ""BNB+BYB+OKX""}, {""usdt"": 8502378.0, ""borsa"": 1, ""fiyat"": 64150.0, ""kaynak"": ""BNB""}, {""usdt"": 8449866.0, ""borsa"": 1, ""fiyat"": 64175.0, ""kaynak"": ""BNB""}]",YOK,-0.0479,0.1191,0.9981,0.0594,false,,false,0.9322,0,1,3,2,1,3,44,45.1,IZLE,,25,64030.6,,,,,SEVIYE,70,2797.9,280,,,,,,,,,0,,18,1305.8,18,,,
32087,2026-07-30 04:20:32.51806+00,64074.149999999994,2812259.2234556084,50488.72899999999,11798210158.3965,0.00007677000000000001,65957183.77355995,0.0,5.9,BEKLE,,0.0,0.0,1.4876,1329.362,55221679.46125003,60.266,0.0,5.9,"[{""usdt"": 29200947.0, ""borsa"": 3, ""fiyat"": 64050.0, ""kaynak"": ""BNB+BYB+OKX""}, {""usdt"": 11141820.0, ""borsa"": 3, ""fiyat"": 64075.0, ""kaynak"": ""BNB+BYB+OKX""}, {""usdt"": 8456856.0, ""borsa"": 1, ""fiyat"": 63975.0, ""kaynak"": ""BNB""}]","[{""usdt"": 23753421.0, ""borsa"": 3, ""fiyat"": 64100.0, ""kaynak"": ""BNB+BYB+OKX""}, {""usdt"": 8805889.0, ""borsa"": 1, ""fiyat"": 64175.0, ""kaynak"": ""BNB""}, {""usdt"": 7576897.0, ""borsa"": 1, ""fiyat"": 64150.0, ""kaynak"": ""BNB""}]",YOK,-0.0536,0.0886,,,false,,false,0.9139,0,1,3,0,0,3,40.5,41.5,IZLE,,25,64030.6,,,,,SEVIYE,70,2798.9,280,,,,,,,,,0,,18,1306.8,18,,,
32088,2026-07-30 04:21:32.759458+00,64096.45,2808499.411984609,21976.895,11796794680.5677,0.00007677000000000001,64924025.40388,0.0,8.7,BEKLE,,0.0,0.0,1.5031,1389.647,54817459.887970045,120.551,8.7,0.0,"[{""usdt"": 24098284.0, ""borsa"": 2, ""fiyat"": 64050.0, ""kaynak"": ""BNB+BYB""}, {""usdt"": 17569614.0, ""borsa"": 3, ""fiyat"": 64075.0, ""kaynak"": ""BNB+BYB+OKX""}, {""usdt"": 7894442.0, ""borsa"": 1, ""fiyat"": 64025.0, ""kaynak"": ""BNB""}]","[{""usdt"": 20952055.0, ""borsa"": 3, ""fiyat"": 64100.0, ""kaynak"": ""BNB+BYB+OKX""}, {""usdt"": 9432420.0, ""borsa"": 1, ""fiyat"": 64175.0, ""kaynak"": ""BNB""}, {""usdt"": 9206545.0, ""borsa"": 3, ""fiyat"": 64125.0, ""kaynak"": ""BNB+BYB+OKX""}]",YOK,-0.0586,0.0844,,,false,,false,1.4571,0,1,3,0,0,3,36.8,37.9,IZLE,,25,64149.1,,,,,SEVIYE,55,1688.3,169,,,,,,,,,0,,18,1307.8,18,,,
32089,2026-07-30 04:22:33.015392+00,64065.45,3145388.3263653093,32058.793,11800407429.7686,0.00007677000000000001,62009540.150100015,0.0,4.9,BEKLE,,0.0,0.0,1.5031,1449.889,61595078.28029996,180.793,4.9,0.0,"[{""usdt"": 23531382.0, ""borsa"": 1, ""fiyat"": 64050.0, ""kaynak"": ""BNB""}, {""usdt"": 14991308.0, ""borsa"": 3, ""fiyat"": 64075.0, ""kaynak"": ""BNB+BYB+OKX""}, {""usdt"": 7914122.0, ""borsa"": 1, ""fiyat"": 64025.0, ""kaynak"": ""BNB""}]","[{""usdt"": 22419531.0, ""borsa"": 3, ""fiyat"": 64125.0, ""kaynak"": ""BNB+BYB+OKX""}, {""usdt"": 10440823.0, ""borsa"": 3, ""fiyat"": 64100.0, ""kaynak"": ""BNB+BYB+OKX""}, {""usdt"": 9684254.0, ""borsa"": 1, ""fiyat"": 64200.0, ""kaynak"": ""BNB""}]",YOK,-0.0725,0.0034,,,false,,false,1.4396,0,1,3,0,2,3,33.2,34.3,IZLE,,25,64030.6,,,,,SEVIYE,70,2800.9,280,,,,,,,,,0,,18,1308.8,18,,,
32090,2026-07-30 04:23:33.314333+00,64082.95,2341417.8601646083,2590.4959999999996,11795532440.958199,0.00007677000000000001,65405024.06789006,448.693,11.0,BEKLE,false,448.693,0.0,1.5031,1510.125,54433202.578480005,241.029,11.0,0.0,"[{""usdt"": 24176520.0, ""borsa"": 1, ""fiyat"": 64050.0, ""kaynak"": ""BNB""}, {""usdt"": 17414898.0, ""borsa"": 3, ""fiyat"": 64075.0, ""kaynak"": ""BNB+BYB+OKX""}, {""usdt"": 8561621.0, ""borsa"": 1, ""fiyat"": 64025.0, ""kaynak"": ""BNB""}]","[{""usdt"": 20293472.0, ""borsa"": 3, ""fiyat"": 64100.0, ""kaynak"": ""BNB+BYB+OKX""}, {""usdt"": 10244250.0, ""borsa"": 3, ""fiyat"": 64125.0, ""kaynak"": ""BNB+BYB+OKX""}, {""usdt"": 9110894.0, ""borsa"": 1, ""fiyat"": 64150.0, ""kaynak"": ""BNB""}]",YOK,-0.0697,0.0916,,,false,,false,1.1743,0,2,3,0,0,3,29.6,30.7,IZLE,,25,64030.6,,,,,SEVIYE,70,2801.9,280,,,,,,,1785385260,1,0,,18,1309.8,18,,,
32091,2026-07-30 04:24:33.81127+00,64084.75,2413522.5870396085,-125363.431,11798370850.2075,0.00007677000000000001,62247877.11162001,448.693,23.3,BEKLE,,448.693,0.0,1.5031,1570.465,58425356.45885001,301.369,23.3,0.0,"[{""usdt"": 25517499.0, ""borsa"": 1, ""fiyat"": 64050.0, ""kaynak"": ""BNB""}, {""usdt"": 16086930.0, ""borsa"": 3, ""fiyat"": 64075.0, ""kaynak"": ""BNB+BYB+OKX""}, {""usdt"": 7960818.0, ""borsa"": 1, ""fiyat"": 64000.0, ""kaynak"": ""BNB""}]","[{""usdt"": 22020196.0, ""borsa"": 3, ""fiyat"": 64100.0, ""kaynak"": ""BNB+BYB+OKX""}, {""usdt"": 10620908.0, ""borsa"": 3, ""fiyat"": 64125.0, ""kaynak"": ""BNB+BYB+OKX""}, {""usdt"": 9308254.0, ""borsa"": 1, ""fiyat"": 64200.0, ""kaynak"": ""BNB""}]",YOK,-0.0549,0.0317,0.5902,0.7205,false,,false,1.1048,0,1,3,0,1,3,26.1,27.2,IZLE,,25,64030.6,,,,,SEVIYE,70,2802.9,280,,,,,,,1785385260,1,1,,18,1310.9,18,,,
32092,2026-07-30 04:25:34.1412+00,64067.649999999994,2463430.7403290095,-125340.371,11799384796.8875,0.00007677000000000001,63168966.58289002,448.693,25.2,BEKLE,,448.693,0.0,1.5031,1631.059,52504063.165750034,361.963,25.2,0.0,"[{""usdt"": 30656244.0, ""borsa"": 3, ""fiyat"": 64050.0, ""kaynak"": ""BNB+BYB+OKX""}, {""usdt"": 7609836.0, ""borsa"": 1, ""fiyat"": 64000.0, ""kaynak"": ""BNB""}, {""usdt"": 7417393.0, ""borsa"": 1, ""fiyat"": 64025.0, ""kaynak"": ""BNB""}]","[{""usdt"": 21166987.0, ""borsa"": 3, ""fiyat"": 64100.0, ""kaynak"": ""BNB+BYB+OKX""}, {""usdt"": 9551309.0, ""borsa"": 1, ""fiyat"": 64150.0, ""kaynak"": ""BNB""}, {""usdt"": 6642510.0, ""borsa"": 1, ""fiyat"": 64125.0, ""kaynak"": ""BNB""}]",YOK,-0.1141,0.0922,,,false,,false,2.145,0,1,3,0,0,3,22.9,24,IZLE,,25,64030.6,,,,,SEVIYE,60,2803.9,281,,,,,,,1785385260,1,2,,19,1311.9,19,,,
32093,2026-07-30 04:26:34.492661+00,64065.149999999994,-5401765.732291703,-1291596.8959999997,11799186818.7336,0.00007677000000000001,64861133.92253004,448.693,71.8,BEKLE,true,448.693,0.0,1.5031,1691.272,52095013.901900016,422.176,71.8,0.0,"[{""usdt"": 31659124.0, ""borsa"": 3, ""fiyat"": 64050.0, ""kaynak"": ""BNB+BYB+OKX""}, {""usdt"": 8258405.0, ""borsa"": 1, ""fiyat"": 64025.0, ""kaynak"": ""BNB""}, {""usdt"": 7347681.0, ""borsa"": 1, ""fiyat"": 64000.0, ""kaynak"": ""BNB""}]","[{""usdt"": 17696038.0, ""borsa"": 3, ""fiyat"": 64100.0, ""kaynak"": ""BNB+BYB+OKX""}, {""usdt"": 10049948.0, ""borsa"": 1, ""fiyat"": 64150.0, ""kaynak"": ""BNB""}, {""usdt"": 8559571.0, ""borsa"": 3, ""fiyat"": 64075.0, ""kaynak"": ""BNB+BYB+OKX""}]",YOK,-0.1149,0.1092,0.7961,0.163,false,,true,0,0,1,3,0,0,3,19.2,20.3,IZLE,,25,64030.6,,,,,SEVIYE,60,2804.9,281,,,,,,,1785385260,1,3,,19,1312.9,19,,,
32094,2026-07-30 04:27:34.745412+00,64091.95,-5836262.836401704,-1301812.606,11798602182.4716,0.00007677000000000001,64080598.62688,0.0,73.4,BEKLE,false,0.0,0.0,1.5044,1751.612,60246204.54616998,482.516,73.4,0.0,"[{""usdt"": 23688064.0, ""borsa"": 1, ""fiyat"": 64050.0, ""kaynak"": ""BNB""}, {""usdt"": 14953844.0, ""borsa"": 3, ""fiyat"": 64075.0, ""kaynak"": ""BNB+BYB+OKX""}, {""usdt"": 7184668.0, ""borsa"": 1, ""fiyat"": 64025.0, ""kaynak"": ""BNB""}]","[{""usdt"": 22023334.0, ""borsa"": 3, ""fiyat"": 64125.0, ""kaynak"": ""BNB+BYB+OKX""}, {""usdt"": 11508228.0, ""borsa"": 3, ""fiyat"": 64100.0, ""kaynak"": ""BNB+BYB+OKX""}, {""usdt"": 9012659.0, ""borsa"": 1, ""fiyat"": 64175.0, ""kaynak"": ""BNB""}]",YOK,-0.1088,0.0308,0.808,0.1281,false,,true,0,0,1,3,0,1,3,15.7,16.8,IZLE,,25,64149.1,,,,,SEVIYE,55,1694.4,170,,,,,,,,,0,,19,1313.9,19,,,
32095,2026-07-30 04:28:35.055499+00,64110.350000000006,-5375953.643184604,-1203781.83,11803242153.4864,0.00007677000000000001,60893654.55481999,0.0,82.1,BEKLE,false,0.0,0.0,1.5044,1811.884,61053949.555849984,120.612,82.1,0.0,"[{""usdt"": 24364219.0, ""borsa"": 1, ""fiyat"": 64050.0, ""kaynak"": ""BNB""}, {""usdt"": 14187474.0, ""borsa"": 3, ""fiyat"": 64100.0, ""kaynak"": ""BNB+BYB+OKX""}, {""usdt"": 8700526.0, ""borsa"": 2, ""fiyat"": 64075.0, ""kaynak"": ""BNB+BYB""}]","[{""usdt"": 26152508.0, ""borsa"": 3, ""fiyat"": 64125.0, ""kaynak"": ""BNB+BYB+OKX""}, {""usdt"": 9300937.0, ""borsa"": 3, ""fiyat"": 64150.0, ""kaynak"": ""BNB+BYB+OKX""}, {""usdt"": 9282619.0, ""borsa"": 1, ""fiyat"": 64200.0, ""kaynak"": ""BNB""}]",YOK,-0.0928,-0.0013,0.7999,0.1526,false,,true,0,0,1,3,0,2,3,12.2,13.3,IZLE,,25,64149.1,,,,,SEVIYE,55,1695.4,170,,,,,,,,,0,,19,1314.9,19,,,
32096,2026-07-30 04:29:35.401703+00,64095.75,-5409077.111426604,-1134348.687,11804859110.5194,0.00007677000000000001,66304300.15860999,0.0,62.9,BEKLE,false,0.0,0.0,1.5044,1872.17,54416109.217619985,60.286,62.9,0.0,"[{""usdt"": 23979066.0, ""borsa"": 1, ""fiyat"": 64050.0, ""kaynak"": ""BNB""}, {""usdt"": 12968599.0, ""borsa"": 3, ""fiyat"": 64075.0, ""kaynak"": ""BNB+BYB+OKX""}, {""usdt"": 8038095.0, ""borsa"": 1, ""fiyat"": 63975.0, ""kaynak"": ""BNB""}]","[{""usdt"": 20375928.0, ""borsa"": 3, ""fiyat"": 64125.0, ""kaynak"": ""BNB+BYB+OKX""}, {""usdt"": 9863813.0, ""borsa"": 1, ""fiyat"": 64200.0, ""kaynak"": ""BNB""}, {""usdt"": 8657928.0, ""borsa"": 1, ""fiyat"": 64175.0, ""kaynak"": ""BNB""}]",YOK,-0.1455,0.0985,0.8289,0.0626,false,,true,0,0,2,3,0,0,3,8.7,9.8,IZLE,,25,64149.1,,,,,SEVIYE,55,1696.4,170,,,,,,,,,0,,19,1315.9,19,,,
32097,2026-07-30 04:30:35.687604+00,64091.75,-8499552.093031403,-2238686.0449999995,11802590659.5354,0.00007677000000000001,61979986.15542998,0.0,100.0,BEKLE,false,0.0,0.0,1.5044,1932.535,57693027.80971,120.651,100.0,0.0,"[{""usdt"": 26797299.0, ""borsa"": 3, ""fiyat"": 64050.0, ""kaynak"": ""BNB+BYB+OKX""}, {""usdt"": 13811079.0, ""borsa"": 3, ""fiyat"": 64075.0, ""kaynak"": ""BNB+BYB+OKX""}, {""usdt"": 7703732.0, ""borsa"": 1, ""fiyat"": 64000.0, ""kaynak"": ""BNB""}]","[{""usdt"": 23861344.0, ""borsa"": 3, ""fiyat"": 64100.0, ""kaynak"": ""BNB+BYB+OKX""}, {""usdt"": 8562772.0, ""borsa"": 1, ""fiyat"": 64175.0, ""kaynak"": ""BNB""}, {""usdt"": 8270593.0, ""borsa"": 1, ""fiyat"": 64150.0, ""kaynak"": ""BNB""}]",YOK,-0.1823,0.0358,0.7642,0.0903,false,,false,,0,2,3,0,0,3,5.2,6.3,IZLE,,25,64149.1,,,,,SEVIYE,55,1697.4,170,,,,,,,,,0,,19,1316.9,19,,,
32098,2026-07-30 04:31:35.945509+00,64082.149999999994,-4884190.051506503,-186.73199999999963,11809557170.7361,0.00007677000000000001,63628896.78333,0.0,40.8,BEKLE,false,0.0,0.0,1.5044,1992.835,56251268.124310054,180.951,0.0,40.8,"[{""usdt"": 27164193.0, ""borsa"": 3, ""fiyat"": 64050.0, ""kaynak"": ""BNB+BYB+OKX""}, {""usdt"": 15490948.0, ""borsa"": 3, ""fiyat"": 64075.0, ""kaynak"": ""BNB+BYB+OKX""}, {""usdt"": 7870933.0, ""borsa"": 1, ""fiyat"": 63975.0, ""kaynak"": ""BNB""}]","[{""usdt"": 23112806.0, ""borsa"": 3, ""fiyat"": 64100.0, ""kaynak"": ""BNB+BYB+OKX""}, {""usdt"": 9934922.0, ""borsa"": 1, ""fiyat"": 64175.0, ""kaynak"": ""BNB""}, {""usdt"": 8708010.0, ""borsa"": 1, ""fiyat"": 64150.0, ""kaynak"": ""BNB""}]",YOK,-0.1853,0.0615,0.2003,0.3535,false,2.5316,false,,0,2,3,0,0,3,1.6,63.4,IZLE,,25,64030.6,,,,,SEVIYE,60,2809.9,281,,,,,,,,,0,,19,1317.9,19,,,
32099,2026-07-30 04:32:36.406883+00,64086.149999999994,-4715751.760844302,-193.5409999999996,11810165610.778801,0.00007677000000000001,62570372.37701001,0.0,48.1,BEKLE,false,0.0,0.0,1.5044,2053.195,54044090.89454005,241.311,0.0,48.1,"[{""usdt"": 26781939.0, ""borsa"": 3, ""fiyat"": 64050.0, ""kaynak"": ""BNB+BYB+OKX""}, {""usdt"": 14410116.0, ""borsa"": 3, ""fiyat"": 64075.0, ""kaynak"": ""BNB+BYB+OKX""}, {""usdt"": 7870933.0, ""borsa"": 1, ""fiyat"": 63975.0, ""kaynak"": ""BNB""}]","[{""usdt"": 19848515.0, ""borsa"": 3, ""fiyat"": 64100.0, ""kaynak"": ""BNB+BYB+OKX""}, {""usdt"": 9934922.0, ""borsa"": 1, ""fiyat"": 64175.0, ""kaynak"": ""BNB""}, {""usdt"": 8708010.0, ""borsa"": 1, ""fiyat"": 64150.0, ""kaynak"": ""BNB""}]",YOK,-0.1853,0.0731,0.3498,0.0972,false,2.194,false,,0,2,3,0,0,3,62,63,IZLE,,25,64030.6,,,,,SEVIYE,60,2810.9,281,,,,,,,,,0,,19,1318.9,19,,,
32100,2026-07-30 04:33:37.11702+00,64124.05,-4709713.674782503,-2199201.6139999996,11810022126.1529,0.00007677000000000001,64669384.31240006,0.0,61.2,BEKLE,,0.0,0.0,1.505,2113.544,52580538.14273003,241.374,61.2,0.0,"[{""usdt"": 24954993.0, ""borsa"": 1, ""fiyat"": 64050.0, ""kaynak"": ""BNB""}, {""usdt"": 16400385.0, ""borsa"": 3, ""fiyat"": 64075.0, ""kaynak"": ""BNB+BYB+OKX""}, {""usdt"": 8103616.0, ""borsa"": 1, ""fiyat"": 63975.0, ""kaynak"": ""BNB""}]","[{""usdt"": 16117515.0, ""borsa"": 3, ""fiyat"": 64100.0, ""kaynak"": ""BNB+BYB+OKX""}, {""usdt"": 10287306.0, ""borsa"": 3, ""fiyat"": 64125.0, ""kaynak"": ""BNB+BYB+OKX""}, {""usdt"": 9224582.0, ""borsa"": 1, ""fiyat"": 64200.0, ""kaynak"": ""BNB""}]",YOK,-0.1292,0.1031,0.2949,0.3256,false,3.1047,false,,0,2,3,0,0,3,58.5,59.6,IZLE,,25,64149.1,,,,,SEVIYE,55,1700.4,170,,,,,,,,,0,,19,1319.9,19,,,
32101,2026-07-30 04:34:37.430732+00,64120.05,-4216537.316766505,-2321296.2770000002,11816588951.060299,0.00007677000000000001,62744641.96025003,0.0,57.0,BEKLE,false,0.0,0.0,1.505,2174.292,54051599.64863996,60.748,57.0,0.0,"[{""usdt"": 23534622.0, ""borsa"": 1, ""fiyat"": 64050.0, ""kaynak"": ""BNB""}, {""usdt"": 14256059.0, ""borsa"": 3, ""fiyat"": 64125.0, ""kaynak"": ""BNB+BYB+OKX""}, {""usdt"": 8059130.0, ""borsa"": 1, ""fiyat"": 64025.0, ""kaynak"": ""BNB""}]","[{""usdt"": 24808189.0, ""borsa"": 3, ""fiyat"": 64150.0, ""kaynak"": ""BNB+BYB+OKX""}, {""usdt"": 8839917.0, ""borsa"": 1, ""fiyat"": 64225.0, ""kaynak"": ""BNB""}, {""usdt"": 8702044.0, ""borsa"": 1, ""fiyat"": 64175.0, ""kaynak"": ""BNB""}]",YOK,-0.0963,0.0744,0.3857,0.4221,false,2.4027,false,,0,0,3,0,0,3,55.5,56.6,IZLE,,25,64149.1,,,,,SEVIYE,55,1701.4,170,,,,,,,,,0,,19,1320.9,19,,,
32102,2026-07-30 04:35:37.65071+00,64113.45,-4306848.9094474055,-2265388.9989999994,11814328484.2397,0.00007677000000000001,62758263.80686006,0.0,8.9,BEKLE,,0.0,0.0,1.505,2234.577,54283847.82025996,60.285,8.9,0.0,"[{""usdt"": 25319424.0, ""borsa"": 1, ""fiyat"": 64050.0, ""kaynak"": ""BNB""}, {""usdt"": 14160629.0, ""borsa"": 3, ""fiyat"": 64100.0, ""kaynak"": ""BNB+BYB+OKX""}, {""usdt"": 8799118.0, ""borsa"": 1, ""fiyat"": 64025.0, ""kaynak"": ""BNB""}]","[{""usdt"": 17339749.0, ""borsa"": 3, ""fiyat"": 64150.0, ""kaynak"": ""BNB+BYB+OKX""}, {""usdt"": 10345873.0, ""borsa"": 1, ""fiyat"": 64225.0, ""kaynak"": ""BNB""}, {""usdt"": 9293529.0, ""borsa"": 3, ""fiyat"": 64125.0, ""kaynak"": ""BNB+BYB+OKX""}]",YOK,-0.1393,0.0724,0.99,0.2775,false,3.6917,false,,0,1,3,0,0,3,52,53,IZLE,,25,64149.1,,,,,SEVIYE,55,1702.4,171,,,,,,,,,0,,20,1702.4,20,,,
32103,2026-07-30 04:36:38.074829+00,64132.350000000006,1033208.8999077928,-1028686.1780000001,11815986352.177399,0.00007677000000000001,62597026.04482002,0.0,64.3,BEKLE,false,0.0,0.0,1.5075,2294.934,53905743.96954,120.642,64.3,0.0,"[{""usdt"": 25038268.0, ""borsa"": 1, ""fiyat"": 64050.0, ""kaynak"": ""BNB""}, {""usdt"": 12670832.0, ""borsa"": 3, ""fiyat"": 64100.0, ""kaynak"": ""BNB+BYB+OKX""}, {""usdt"": 7864236.0, ""borsa"": 1, ""fiyat"": 64075.0, ""kaynak"": ""BNB""}]","[{""usdt"": 18485464.0, ""borsa"": 3, ""fiyat"": 64150.0, ""kaynak"": ""BNB+BYB+OKX""}, {""usdt"": 10000657.0, ""borsa"": 3, ""fiyat"": 64125.0, ""kaynak"": ""BNB+BYB+OKX""}, {""usdt"": 8159248.0, ""borsa"": 1, ""fiyat"": 64225.0, ""kaynak"": ""BNB""}]",YOK,-0.1315,0.0746,0.7841,0.3603,false,1.1177,false,,0,2,3,0,1,3,48.5,49.5,IZLE,,25,64149.1,,,,,SEVIYE,55,1703.4,171,,,,,,,,,0,,20,1703.4,20,,,
32104,2026-07-30 04:37:38.330909+00,64065.149999999994,1099155.2333522926,-837091.644,11817380392.590601,0.00007677000000000001,62534640.555779986,0.0,42.8,BEKLE,true,0.0,0.0,1.5075,2355.19,55013653.33633993,180.898,42.8,0.0,"[{""usdt"": 25985420.0, ""borsa"": 1, ""fiyat"": 64050.0, ""kaynak"": ""BNB""}, {""usdt"": 11926919.0, ""borsa"": 3, ""fiyat"": 64125.0, ""kaynak"": ""BNB+BYB+OKX""}, {""usdt"": 8677971.0, ""borsa"": 3, ""fiyat"": 64100.0, ""kaynak"": ""BNB+BYB+OKX""}]","[{""usdt"": 22967887.0, ""borsa"": 3, ""fiyat"": 64150.0, ""kaynak"": ""BNB+BYB+OKX""}, {""usdt"": 8878556.0, ""borsa"": 1, ""fiyat"": 64225.0, ""kaynak"": ""BNB""}, {""usdt"": 7601827.0, ""borsa"": 1, ""fiyat"": 64200.0, ""kaynak"": ""BNB""}]",YOK,-0.119,0.064,0.8143,0.1593,false,0.7485,false,,0,1,3,0,1,3,44.9,46,IZLE,,25,64030.6,,,,,SEVIYE,60,2816.0,282,,,,,,,,,0,,20,1704.4,20,,,
32105,2026-07-30 04:38:38.684605+00,64059.850000000006,2068765.6566552927,-894345.317,11810248131.1278,0.00007677000000000001,67345345.61839007,0.0,36.1,BEKLE,false,0.0,0.0,1.5075,2415.463,53146676.92962004,0,0.0,36.1,"[{""usdt"": 27100943.0, ""borsa"": 3, ""fiyat"": 64050.0, ""kaynak"": ""BNB+BYB+OKX""}, {""usdt"": 13912033.0, ""borsa"": 3, ""fiyat"": 64075.0, ""kaynak"": ""BNB+BYB+OKX""}, {""usdt"": 7892785.0, ""borsa"": 1, ""fiyat"": 64000.0, ""kaynak"": ""BNB""}]","[{""usdt"": 23558666.0, ""borsa"": 3, ""fiyat"": 64100.0, ""kaynak"": ""BNB+BYB+OKX""}, {""usdt"": 8954796.0, ""borsa"": 1, ""fiyat"": 64175.0, ""kaynak"": ""BNB""}, {""usdt"": 7336313.0, ""borsa"": 1, ""fiyat"": 64150.0, ""kaynak"": ""BNB""}]",YOK,-0.1798,0.1178,0.7663,0.3929,false,0.4264,false,,0,2,3,1,0,3,41.4,42.4,IZLE,,25,64030.6,,,,,SEVIYE,60,2817.0,282,,,,,,,,,0,,20,1705.4,20,,,
32106,2026-07-30 04:39:38.990417+00,64051.350000000006,2988174.811903496,-849459.275,11805707039.762001,0.00007677000000000001,57895097.26240002,0.0,42.5,BEKLE,false,0.0,0.0,1.5075,2475.787,53453311.20538006,60.324,0.0,42.5,"[{""usdt"": 25859455.0, ""borsa"": 3, ""fiyat"": 64050.0, ""kaynak"": ""BNB+BYB+OKX""}, {""usdt"": 8854854.0, ""borsa"": 1, ""fiyat"": 64000.0, ""kaynak"": ""BNB""}, {""usdt"": 8728019.0, ""borsa"": 3, ""fiyat"": 64025.0, ""kaynak"": ""BNB+BYB+OKX""}]","[{""usdt"": 19269489.0, ""borsa"": 3, ""fiyat"": 64075.0, ""kaynak"": ""BNB+BYB+OKX""}, {""usdt"": 11405953.0, ""borsa"": 1, ""fiyat"": 64150.0, ""kaynak"": ""BNB""}, {""usdt"": 6201155.0, ""borsa"": 2, ""fiyat"": 64100.0, ""kaynak"": ""BNB+BYB""}]",YOK,-0.1796,0.0399,0.7555,0.39,false,0.3449,false,,0,2,3,0,2,3,37.6,38.7,IZLE,,25,64030.6,,,,,SEVIYE,60,2818.0,282,,,,,,,,,0,,20,1706.4,20,,,
32107,2026-07-30 04:40:39.292577+00,64094.75,166411.2016990013,-233770.84799999997,11810494505.194,0.00007677000000000001,60769526.151429996,1345.5036,56.6,BEKLE,true,1345.5036,0.0,1.5075,2536.117,57257862.957450025,120.654,0.0,56.6,"[{""usdt"": 25881203.0, ""borsa"": 2, ""fiyat"": 64050.0, ""kaynak"": ""BNB+BYB""}, {""usdt"": 13794497.0, ""borsa"": 3, ""fiyat"": 64075.0, ""kaynak"": ""BNB+BYB+OKX""}, {""usdt"": 7478492.0, ""borsa"": 1, ""fiyat"": 64000.0, ""kaynak"": ""BNB""}]","[{""usdt"": 17451502.0, ""borsa"": 3, ""fiyat"": 64100.0, ""kaynak"": ""BNB+BYB+OKX""}, {""usdt"": 9500698.0, ""borsa"": 1, ""fiyat"": 64150.0, ""kaynak"": ""BNB""}, {""usdt"": 9358607.0, ""borsa"": 3, ""fiyat"": 64125.0, ""kaynak"": ""BNB+BYB+OKX""}]",YOK,-0.1089,0.0298,0.5816,0.1316,true,0,false,,0,1,3,0,1,3,34.1,35.2,IZLE,,25,64149.1,,,,,SEVIYE,55,1707.4,171,,,,,,,1785386340,1,0,,20,1707.4,20,,,
32108,2026-07-30 04:41:39.942027+00,64067.05,72342.06474170132,-213645.002,11808768553.7195,0.00007677000000000001,64189770.34231002,1345.5036,43.9,BEKLE,true,1345.5036,0.0,1.5075,2596.43,57068152.07215999,180.967,0.0,43.9,"[{""usdt"": 32944520.0, ""borsa"": 3, ""fiyat"": 64050.0, ""kaynak"": ""BNB+BYB+OKX""}, {""usdt"": 8802410.0, ""borsa"": 1, ""fiyat"": 63975.0, ""kaynak"": ""BNB""}, {""usdt"": 8105293.0, ""borsa"": 1, ""fiyat"": 64000.0, ""kaynak"": ""BNB""}]","[{""usdt"": 21756391.0, ""borsa"": 3, ""fiyat"": 64100.0, ""kaynak"": ""BNB+BYB+OKX""}, {""usdt"": 9601792.0, ""borsa"": 1, ""fiyat"": 64175.0, ""kaynak"": ""BNB""}, {""usdt"": 7509556.0, ""borsa"": 1, ""fiyat"": 64150.0, ""kaynak"": ""BNB""}]",YOK,-0.1412,0.0587,0.4267,1.5693,false,0,false,,0,2,3,0,0,3,30.6,31.7,IZLE,,25,64030.6,,,,,SEVIYE,60,2820.0,282,,,,,,,1785386340,1,1,,20,1708.4,20,,,
32109,2026-07-30 04:42:40.276336+00,64055.05,-7424.191209998724,-223263.25400000002,11806823157.7824,0.00007677000000000001,63607849.351139985,1345.5036,37.8,BEKLE,true,1345.5036,0.0,1.5088,2657.073,52357334.10038002,241.61,0.0,37.8,"[{""usdt"": 32209303.0, ""borsa"": 3, ""fiyat"": 64050.0, ""kaynak"": ""BNB+BYB+OKX""}, {""usdt"": 8957873.0, ""borsa"": 1, ""fiyat"": 64000.0, ""kaynak"": ""BNB""}, {""usdt"": 8048011.0, ""borsa"": 2, ""fiyat"": 64025.0, ""kaynak"": ""BNB+BYB""}]","[{""usdt"": 17901752.0, ""borsa"": 3, ""fiyat"": 64075.0, ""kaynak"": ""BNB+BYB+OKX""}, {""usdt"": 10444289.0, ""borsa"": 3, ""fiyat"": 64100.0, ""kaynak"": ""BNB+BYB+OKX""}, {""usdt"": 8448716.0, ""borsa"": 1, ""fiyat"": 64125.0, ""kaynak"": ""BNB""}]",YOK,-0.1312,0.097,0.5323,0.2632,true,0,false,,0,1,3,1,1,3,27.4,28.5,IZLE,,25,64030.6,,,,,SEVIYE,60,2821.0,282,,,,,,,1785386340,1,2,,20,1709.5,20,,,
32110,2026-07-30 04:43:40.53846+00,64040.05,6271800.8098701,-235042.36700000003,11804669871.175499,0.00007677000000000001,60670871.71426993,1345.5036,30.8,BEKLE,,1345.5036,0.0,1.5088,2717.42,48817810.68127002,301.957,0.0,30.8,"[{""usdt"": 24487928.0, ""borsa"": 3, ""fiyat"": 64050.0, ""kaynak"": ""BNB+BYB+OKX""}, {""usdt"": 9877796.0, ""borsa"": 3, ""fiyat"": 64025.0, ""kaynak"": ""BNB+BYB+OKX""}, {""usdt"": 9233838.0, ""borsa"": 1, ""fiyat"": 64000.0, ""kaynak"": ""BNB""}]","[{""usdt"": 15048454.0, ""borsa"": 3, ""fiyat"": 64075.0, ""kaynak"": ""BNB+BYB+OKX""}, {""usdt"": 9237357.0, ""borsa"": 1, ""fiyat"": 64150.0, ""kaynak"": ""BNB""}, {""usdt"": 8804914.0, ""borsa"": 1, ""fiyat"": 64125.0, ""kaynak"": ""BNB""}]",YOK,-0.153,0.1083,0.801,0.2044,true,0,false,,0,2,3,0,0,3,24,25.1,IZLE,,25,64030.6,,,,,SEVIYE,60,2822.0,282,,,,,,,1785386340,1,3,,20,1710.5,20,,,
32111,2026-07-30 04:44:40.901162+00,64038.350000000006,5316768.1642908,79539.40099999997,11792139701.5133,0.00007677000000000001,50101617.23109999,1664.8268,33.2,BEKLE,true,1664.8268,0.0,1.5088,362.176,56487421.24554995,60.219,0.0,33.2,"[{""usdt"": 15303925.0, ""borsa"": 3, ""fiyat"": 64025.0, ""kaynak"": ""BNB+BYB+OKX""}, {""usdt"": 8898743.0, ""borsa"": 1, ""fiyat"": 63950.0, ""kaynak"": ""BNB""}, {""usdt"": 8758827.0, ""borsa"": 2, ""fiyat"": 64000.0, ""kaynak"": ""BNB+BYB""}]","[{""usdt"": 23325062.0, ""borsa"": 3, ""fiyat"": 64050.0, ""kaynak"": ""BNB+BYB+OKX""}, {""usdt"": 9888212.0, ""borsa"": 3, ""fiyat"": 64075.0, ""kaynak"": ""BNB+BYB+OKX""}, {""usdt"": 8276749.0, ""borsa"": 1, ""fiyat"": 64100.0, ""kaynak"": ""BNB""}]",YOK,-0.1319,-0.0599,0.6127,0.1854,true,0,false,,0,2,3,0,1,3,20.4,21.4,IZLE,,25,64030.6,,,,,SEVIYE,60,2823.0,282,,,,,,,1785386580,1,0,,20,1711.5,20,,,
32112,2026-07-30 04:45:41.108682+00,64079.95,9498716.4913281,930782.498,11800532746.239399,0.00007677000000000001,52252601.97374995,1664.8268,29.5,BEKLE,true,1664.8268,0.0,1.5088,422.547,48244466.224750005,60.371,0.0,29.5,"[{""usdt"": 20645369.0, ""borsa"": 3, ""fiyat"": 64050.0, ""kaynak"": ""BNB+BYB+OKX""}, {""usdt"": 8935034.0, ""borsa"": 1, ""fiyat"": 64000.0, ""kaynak"": ""BNB""}, {""usdt"": 7805779.0, ""borsa"": 1, ""fiyat"": 63950.0, ""kaynak"": ""BNB""}]","[{""usdt"": 11602895.0, ""borsa"": 3, ""fiyat"": 64100.0, ""kaynak"": ""BNB+BYB+OKX""}, {""usdt"": 10695960.0, ""borsa"": 3, ""fiyat"": 64075.0, ""kaynak"": ""BNB+BYB+OKX""}, {""usdt"": 10215620.0, ""borsa"": 1, ""fiyat"": 64150.0, ""kaynak"": ""BNB""}]",YOK,0.0045,0.0399,0.8347,0.0715,false,,false,4.9628,0,0,3,1,0,3,16.9,18,IZLE,,25,64030.6,,,,,SEVIYE,60,2824.0,283,PCT,0.7,0.0,0.16743252471269515,false,0.04,1785386580,1,1,,18,1712.5,18,,,
32113,2026-07-30 04:46:42.643692+00,64109.850000000006,9690559.317724502,984632.494,11804370724.5355,0.00007677000000000001,51331785.50434,1664.8268,31.6,BEKLE,true,1664.8268,0.0,1.5088,484.011,56303303.87943,61.464,0.0,31.6,"[{""usdt"": 16034076.0, ""borsa"": 3, ""fiyat"": 64075.0, ""kaynak"": ""BNB+BYB+OKX""}, {""usdt"": 9157120.0, ""borsa"": 1, ""fiyat"": 64050.0, ""kaynak"": ""BNB""}, {""usdt"": 7803960.0, ""borsa"": 1, ""fiyat"": 64025.0, ""kaynak"": ""BNB""}]","[{""usdt"": 17665888.0, ""borsa"": 3, ""fiyat"": 64100.0, ""kaynak"": ""BNB+BYB+OKX""}, {""usdt"": 10926917.0, ""borsa"": 3, ""fiyat"": 64125.0, ""kaynak"": ""BNB+BYB+OKX""}, {""usdt"": 9576572.0, ""borsa"": 1, ""fiyat"": 64175.0, ""kaynak"": ""BNB""}]",YOK,0.0353,-0.0462,0.8349,0.2008,false,,false,5.8606,0,1,3,0,0,3,14.5,15.6,IZLE,,25,64149.1,,,,,SEVIYE,55,1713.5,172,,,,,,,1785386580,1,2,,18,1713.5,18,,,
32114,2026-07-30 04:47:42.932371+00,64121.75,9921825.287308902,1046085.18,11808513229.356201,0.00007677000000000001,48586134.91628,1664.8268,26.3,BEKLE,true,1664.8268,0.0,1.5088,544.301,52855633.16771993,60.29,0.0,26.3,"[{""usdt"": 13194923.0, ""borsa"": 3, ""fiyat"": 64100.0, ""kaynak"": ""BNB+BYB+OKX""}, {""usdt"": 9646145.0, ""borsa"": 1, ""fiyat"": 64050.0, ""kaynak"": ""BNB""}, {""usdt"": 8858921.0, ""borsa"": 1, ""fiyat"": 64025.0, ""kaynak"": ""BNB""}]","[{""usdt"": 16435444.0, ""borsa"": 3, ""fiyat"": 64150.0, ""kaynak"": ""BNB+BYB+OKX""}, {""usdt"": 8867294.0, ""borsa"": 3, ""fiyat"": 64125.0, ""kaynak"": ""BNB+BYB+OKX""}, {""usdt"": 8328955.0, ""borsa"": 1, ""fiyat"": 64175.0, ""kaynak"": ""BNB""}]",YOK,0.0418,-0.0421,0.8314,0.3019,false,,false,7.4569,0,0,3,0,0,3,10.6,11.7,IZLE,,25,64149.1,,,,,SEVIYE,55,1714.5,172,,,,,,,1785386580,1,3,,18,1714.5,18,,,
32115,2026-07-30 04:48:43.271007+00,64059.05,8616927.111574298,1565555.6649999998,11799432632.565899,0.00007677000000000001,48949707.747080006,0.0,35.8,BEKLE,true,0.0,0.0,1.5069,604.632,43723351.26347997,0,0.0,35.8,"[{""usdt"": 16691845.0, ""borsa"": 3, ""fiyat"": 64050.0, ""kaynak"": ""BNB+BYB+OKX""}, {""usdt"": 9454676.0, ""borsa"": 1, ""fiyat"": 64000.0, ""kaynak"": ""BNB""}, {""usdt"": 7962125.0, ""borsa"": 1, ""fiyat"": 63950.0, ""kaynak"": ""BNB""}]","[{""usdt"": 13140063.0, ""borsa"": 3, ""fiyat"": 64075.0, ""kaynak"": ""BNB+BYB+OKX""}, {""usdt"": 8249587.0, ""borsa"": 1, ""fiyat"": 64150.0, ""kaynak"": ""BNB""}, {""usdt"": 7526470.0, ""borsa"": 1, ""fiyat"": 64175.0, ""kaynak"": ""BNB""}]",YOK,-0.0088,0.0564,0.4508,0.1975,false,,false,5.5009,0,0,3,0,0,3,7.1,8.2,IZLE,,25,64030.6,,,,,SEVIYE,60,2827.1,283,,,,,,,,,0,,18,1715.5,18,,,
32116,2026-07-30 04:49:43.511229+00,64073.25,8780067.5751597,1567745.0999999999,11802589654.0358,0.00007677000000000001,48501347.51717003,0.0,31.1,BEKLE,true,0.0,0.0,1.5069,664.929,46978946.72574997,60.297,0.0,31.1,"[{""usdt"": 16927095.0, ""borsa"": 3, ""fiyat"": 64050.0, ""kaynak"": ""BNB+BYB+OKX""}, {""usdt"": 9603049.0, ""borsa"": 1, ""fiyat"": 64000.0, ""kaynak"": ""BNB""}, {""usdt"": 8012987.0, ""borsa"": 1, ""fiyat"": 63975.0, ""kaynak"": ""BNB""}]","[{""usdt"": 12961831.0, ""borsa"": 3, ""fiyat"": 64100.0, ""kaynak"": ""BNB+BYB+OKX""}, {""usdt"": 7903153.0, ""borsa"": 1, ""fiyat"": 64150.0, ""kaynak"": ""BNB""}, {""usdt"": 7385291.0, ""borsa"": 1, ""fiyat"": 64175.0, ""kaynak"": ""BNB""}]",YOK,0.011,0.0159,0.5946,0.324,false,,false,4.4705,0,0,3,1,0,3,3.6,4.7,IZLE,,25,64030.6,,,,,SEVIYE,60,2828.1,283,,,,,,,,,0,,18,1716.5,18,,,
32117,2026-07-30 04:50:43.962067+00,64079.149999999994,4203315.038084092,1818099.839,11805317428.2561,0.00007677000000000001,51073537.31616996,0.0,31.8,BEKLE,true,0.0,0.0,1.5082,725.185,47284277.61335001,60.256,0.0,31.8,"[{""usdt"": 17897145.0, ""borsa"": 3, ""fiyat"": 64050.0, ""kaynak"": ""BNB+BYB+OKX""}, {""usdt"": 8949022.0, ""borsa"": 1, ""fiyat"": 63975.0, ""kaynak"": ""BNB""}, {""usdt"": 8699051.0, ""borsa"": 3, ""fiyat"": 64075.0, ""kaynak"": ""BNB+BYB+OKX""}]","[{""usdt"": 12668452.0, ""borsa"": 3, ""fiyat"": 64100.0, ""kaynak"": ""BNB+BYB+OKX""}, {""usdt"": 8404825.0, ""borsa"": 1, ""fiyat"": 64175.0, ""kaynak"": ""BNB""}, {""usdt"": 7756012.0, ""borsa"": 1, ""fiyat"": 64125.0, ""kaynak"": ""BNB""}]",YOK,-0.0479,0.0385,0.79,0.0064,false,,false,1.8183,0,0,3,1,0,3,63.4,62.4,IZLE,,25,64030.6,,,,,SEVIYE,60,2829.1,283,,,,,,,,,0,,18,1717.5,18,,,
32118,2026-07-30 04:51:44.253581+00,64071.95,3833888.249657292,1750147.227,11803077455.7915,0.00007677000000000001,48787117.62213997,0.0,41.1,BEKLE,true,0.0,0.0,1.5082,785.678,51205520.655630015,120.749,0.0,41.1,"[{""usdt"": 16064452.0, ""borsa"": 3, ""fiyat"": 64050.0, ""kaynak"": ""BNB+BYB+OKX""}, {""usdt"": 8949022.0, ""borsa"": 1, ""fiyat"": 63975.0, ""kaynak"": ""BNB""}, {""usdt"": 8245325.0, ""borsa"": 3, ""fiyat"": 64075.0, ""kaynak"": ""BNB+BYB+OKX""}]","[{""usdt"": 16038435.0, ""borsa"": 3, ""fiyat"": 64100.0, ""kaynak"": ""BNB+BYB+OKX""}, {""usdt"": 8404825.0, ""borsa"": 1, ""fiyat"": 64175.0, ""kaynak"": ""BNB""}, {""usdt"": 7756012.0, ""borsa"": 1, ""fiyat"": 64125.0, ""kaynak"": ""BNB""}]",YOK,-0.0949,-0.0242,0.8282,0.2895,false,,false,1.6227,0,1,3,0,0,3,60.6,61.6,IZLE,,25,64030.6,,,,,SEVIYE,60,2830.1,283,,,,,,,,,0,,18,1718.5,18,,,
32119,2026-07-30 04:52:44.506915+00,64096.850000000006,4196028.318026791,1764554.5359999998,11806276407.3127,0.00007677000000000001,51018923.182749994,0.0,37.7,BEKLE,true,0.0,0.0,1.5082,845.915,49680374.30038001,180.986,0.0,37.7,"[{""usdt"": 16644545.0, ""borsa"": 3, ""fiyat"": 64050.0, ""kaynak"": ""BNB+BYB+OKX""}, {""usdt"": 8804846.0, ""borsa"": 1, ""fiyat"": 64000.0, ""kaynak"": ""BNB""}, {""usdt"": 6819371.0, ""borsa"": 1, ""fiyat"": 63950.0, ""kaynak"": ""BNB""}]","[{""usdt"": 13583078.0, ""borsa"": 3, ""fiyat"": 64100.0, ""kaynak"": ""BNB+BYB+OKX""}, {""usdt"": 9695249.0, ""borsa"": 1, ""fiyat"": 64150.0, ""kaynak"": ""BNB""}, {""usdt"": 7949372.0, ""borsa"": 3, ""fiyat"": 64075.0, ""kaynak"": ""BNB+BYB+OKX""}]",YOK,0.0291,0.0133,0.834,0.1959,false,,false,1.2822,0,0,3,1,0,3,57,58,IZLE,,25,64149.1,,,,,SEVIYE,55,1719.5,172,,,,,,,,,0,,18,1719.5,18,,,
32120,2026-07-30 04:53:44.910993+00,64086.45,4181469.5963490917,1973422.463,11806276489.9228,0.00007677000000000001,51868426.614689976,0.0,28.2,BEKLE,true,0.0,0.0,1.5082,906.189,47501459.438100025,241.26,0.0,28.2,"[{""usdt"": 16141927.0, ""borsa"": 3, ""fiyat"": 64075.0, ""kaynak"": ""BNB+BYB+OKX""}, {""usdt"": 10523890.0, ""borsa"": 1, ""fiyat"": 64000.0, ""kaynak"": ""BNB""}, {""usdt"": 8667198.0, ""borsa"": 1, ""fiyat"": 64050.0, ""kaynak"": ""BNB""}]","[{""usdt"": 11516204.0, ""borsa"": 3, ""fiyat"": 64100.0, ""kaynak"": ""BNB+BYB+OKX""}, {""usdt"": 10650190.0, ""borsa"": 3, ""fiyat"": 64125.0, ""kaynak"": ""BNB+BYB+OKX""}, {""usdt"": 9347027.0, ""borsa"": 1, ""fiyat"": 64200.0, ""kaynak"": ""BNB""}]",YOK,-0.0037,0.0439,0.8727,0.2914,false,,false,1.5143,0,0,3,1,0,3,53.1,54.2,IZLE,,25,64030.6,,,,,SEVIYE,60,2832.1,283,,,,,,,,,0,,18,1720.5,18,,,
32121,2026-07-30 04:54:45.311366+00,64060.25,3832975.1683684904,1934605.16,11801438088.621502,0.00007677000000000001,51080893.897920005,0.0,29.2,BEKLE,true,0.0,0.0,1.5082,966.581,47311394.07011004,301.652,0.0,29.2,"[{""usdt"": 16556364.0, ""borsa"": 3, ""fiyat"": 64075.0, ""kaynak"": ""BNB+BYB+OKX""}, {""usdt"": 10996268.0, ""borsa"": 2, ""fiyat"": 64050.0, ""kaynak"": ""BNB+BYB""}, {""usdt"": 9055332.0, ""borsa"": 1, ""fiyat"": 64000.0, ""kaynak"": ""BNB""}]","[{""usdt"": 11556229.0, ""borsa"": 3, ""fiyat"": 64100.0, ""kaynak"": ""BNB+BYB+OKX""}, {""usdt"": 9885249.0, ""borsa"": 3, ""fiyat"": 64125.0, ""kaynak"": ""BNB+BYB+OKX""}, {""usdt"": 9351530.0, ""borsa"": 1, ""fiyat"": 64175.0, ""kaynak"": ""BNB""}]",YOK,0.02,0.0383,0.8947,0.1271,false,,false,2.1354,0,0,3,0,0,3,49.6,50.6,IZLE,,25,64030.6,,,,,SEVIYE,60,2833.1,283,,,,,,,,,0,,18,1721.5,18,,,
32122,2026-07-30 04:55:45.595339+00,64054.649999999994,-2614330.7022029045,215588.16100000002,11801144549.129398,0.00007677000000000001,51486175.83259,0.0,65.3,BEKLE,false,0.0,0.0,1.5082,1027.001,47607255.02601,362.072,65.3,0.0,"[{""usdt"": 18050666.0, ""borsa"": 3, ""fiyat"": 64050.0, ""kaynak"": ""BNB+BYB+OKX""}, {""usdt"": 8621538.0, ""borsa"": 1, ""fiyat"": 63950.0, ""kaynak"": ""BNB""}, {""usdt"": 8365261.0, ""borsa"": 1, ""fiyat"": 64000.0, ""kaynak"": ""BNB""}]","[{""usdt"": 11681579.0, ""borsa"": 3, ""fiyat"": 64100.0, ""kaynak"": ""BNB+BYB+OKX""}, {""usdt"": 10559503.0, ""borsa"": 3, ""fiyat"": 64075.0, ""kaynak"": ""BNB+BYB+OKX""}, {""usdt"": 9186648.0, ""borsa"": 1, ""fiyat"": 64150.0, ""kaynak"": ""BNB""}]",YOK,-0.0093,0.0391,0.7173,0.1473,false,,true,0.1824,0,1,3,0,0,3,46.2,47.3,IZLE,,25,64030.6,,,,,SEVIYE,60,2834.1,284,,,,,,,,,0,,20,1342.1,20,,,
32123,2026-07-30 04:56:45.933174+00,64044.25,-2904530.3098148047,250413.26200000002,11798070825.542198,0.00007677000000000001,61776166.83417,0.0,75.4,BEKLE,false,0.0,0.0,1.5082,1087.242,42945789.36571999,60.241,75.4,0.0,"[{""usdt"": 31001053.0, ""borsa"": 3, ""fiyat"": 64050.0, ""kaynak"": ""BNB+BYB+OKX""}, {""usdt"": 9068107.0, ""borsa"": 1, ""fiyat"": 64000.0, ""kaynak"": ""BNB""}, {""usdt"": 8168266.0, ""borsa"": 1, ""fiyat"": 63950.0, ""kaynak"": ""BNB""}]","[{""usdt"": 12951375.0, ""borsa"": 3, ""fiyat"": 64075.0, ""kaynak"": ""BNB+BYB+OKX""}, {""usdt"": 9099670.0, ""borsa"": 1, ""fiyat"": 64150.0, ""kaynak"": ""BNB""}, {""usdt"": 8009251.0, ""borsa"": 3, ""fiyat"": 64100.0, ""kaynak"": ""BNB+BYB+OKX""}]",PERP,0.0003,0.1798,0.7282,0.171,true,0.4704,false,,0,1,3,1,0,3,42.5,43.6,IZLE,,25,64030.6,,,,,SEVIYE,60,2835.1,284,,,,,,,,,0,,20,1343.1,20,,,
32124,2026-07-30 04:57:46.172602+00,64015.350000000006,-3430825.851586605,-405701.61500000005,11794210684.490501,0.00007677000000000001,50833347.69033,768.4128000000001,68.5,BEKLE,false,768.4128000000001,0.0,1.5088,1147.6,45906333.05228005,60.358,68.5,0.0,"[{""usdt"": 14502243.0, ""borsa"": 3, ""fiyat"": 64025.0, ""kaynak"": ""BNB+BYB+OKX""}, {""usdt"": 13595151.0, ""borsa"": 3, ""fiyat"": 64000.0, ""kaynak"": ""BNB+BYB+OKX""}, {""usdt"": 8078422.0, ""borsa"": 1, ""fiyat"": 63975.0, ""kaynak"": ""BNB""}]","[{""usdt"": 12448257.0, ""borsa"": 3, ""fiyat"": 64050.0, ""kaynak"": ""BNB+BYB+OKX""}, {""usdt"": 9364384.0, ""borsa"": 1, ""fiyat"": 64125.0, ""kaynak"": ""BNB""}, {""usdt"": 7337954.0, ""borsa"": 1, ""fiyat"": 64150.0, ""kaynak"": ""BNB""}]",YOK,-0.1835,0.0509,0.677,0.4132,false,1.4909,false,,0,1,3,1,0,3,39.1,40.1,IZLE,,25,64030.6,,,,,SEVIYE,60,2836.1,284,,,,,,,1785387420,2,0,,20,1344.1,20,,,
32125,2026-07-30 04:58:46.431996+00,63987.45,-3880299.7271098043,-1267807.3319999997,11784866224.6532,0.00007677000000000001,49571529.02874003,123424.35459999999,44.4,BEKLE,false,123424.35459999999,0.0,1.5088,0,43019571.07743002,60.212,44.4,0.0,"[{""usdt"": 13446552.0, ""borsa"": 3, ""fiyat"": 63975.0, ""kaynak"": ""BNB+BYB+OKX""}, {""usdt"": 10934523.0, ""borsa"": 1, ""fiyat"": 63900.0, ""kaynak"": ""BNB""}, {""usdt"": 7650538.0, ""borsa"": 1, ""fiyat"": 63950.0, ""kaynak"": ""BNB""}]","[{""usdt"": 12482813.0, ""borsa"": 3, ""fiyat"": 64025.0, ""kaynak"": ""BNB+BYB+OKX""}, {""usdt"": 10584295.0, ""borsa"": 1, ""fiyat"": 64075.0, ""kaynak"": ""BNB""}, {""usdt"": 7203106.0, ""borsa"": 3, ""fiyat"": 64000.0, ""kaynak"": ""BNB+BYB+OKX""}]",YOK,-0.095,0.0708,0.5973,0.419,false,1.9336,false,,0,1,3,0,1,3,35.4,36.5,IZLE,,50,63957.7,,,,,SEVIYE+TASFIYE,95,2226.2,223,,,,,,,1785387480,2,0,,20,1345.1,20,,,
32126,2026-07-30 04:59:48.102075+00,63994.75,-3486069.2362029045,-445450.43200000003,11786277673.924198,0.00007677000000000001,53778597.676620014,123433.65079999999,59.6,BEKLE,false,123433.65079999999,0.0,1.5088,61.665,47280096.23299,61.665,59.6,0.0,"[{""usdt"": 14710353.0, ""borsa"": 3, ""fiyat"": 63975.0, ""kaynak"": ""BNB+BYB+OKX""}, {""usdt"": 12549205.0, ""borsa"": 1, ""fiyat"": 63900.0, ""kaynak"": ""BNB""}, {""usdt"": 9597482.0, ""borsa"": 3, ""fiyat"": 64000.0, ""kaynak"": ""BNB+BYB+OKX""}]","[{""usdt"": 14006155.0, ""borsa"": 3, ""fiyat"": 64025.0, ""kaynak"": ""BNB+BYB+OKX""}, {""usdt"": 9226338.0, ""borsa"": 1, ""fiyat"": 64075.0, ""kaynak"": ""BNB""}, {""usdt"": 7486168.0, ""borsa"": 1, ""fiyat"": 64050.0, ""kaynak"": ""BNB""}]",YOK,-0.0069,0.0643,0.6471,0.331,false,1.4989,false,,0,1,3,1,0,3,33.3,34.4,IZLE,,50,64030.6,,,,,SEVIYE+TASFIYE,60,2838.1,284,,,,,,,1785387480,2,0,,20,1346.1,20,,,
32127,2026-07-30 05:00:48.44872+00,63985.05,-1356095.6645410038,-1559291.4019999998,11784143805.802002,0.00007677000000000001,48600231.01893999,123433.65079999999,34.9,BEKLE,,123433.65079999999,0.0,1.5088,121.979,53055090.50323999,121.979,34.9,0.0,"[{""usdt"": 15041984.0, ""borsa"": 3, ""fiyat"": 63975.0, ""kaynak"": ""BNB+BYB+OKX""}, {""usdt"": 10006577.0, ""borsa"": 1, ""fiyat"": 63900.0, ""kaynak"": ""BNB""}, {""usdt"": 8234913.0, ""borsa"": 3, ""fiyat"": 63950.0, ""kaynak"": ""BNB+BYB+OKX""}]","[{""usdt"": 16517090.0, ""borsa"": 3, ""fiyat"": 64000.0, ""kaynak"": ""BNB+BYB+OKX""}, {""usdt"": 9358527.0, ""borsa"": 1, ""fiyat"": 64075.0, ""kaynak"": ""BNB""}, {""usdt"": 7903060.0, ""borsa"": 3, ""fiyat"": 64025.0, ""kaynak"": ""BNB+BYB+OKX""}]",YOK,-0.0148,-0.0438,0.2971,0.9394,false,1.004,false,,0,1,3,0,2,3,29.8,30.8,IZLE,,50,63957.7,,,,,SEVIYE+TASFIYE,95,2228.3,223,,,,,,,1785387480,2,1,,20,1347.1,20,,,
32128,2026-07-30 05:01:49.333943+00,63977.149999999994,-1332080.9007944032,-1559762.7859999998,11782784524.043602,0.00007677000000000001,47953046.59130994,122793.28179999998,36.9,BEKLE,false,122793.28179999998,0.0,1.5088,182.962,54155817.39721,182.962,36.9,0.0,"[{""usdt"": 14074758.0, ""borsa"": 3, ""fiyat"": 63975.0, ""kaynak"": ""BNB+BYB+OKX""}, {""usdt"": 10870020.0, ""borsa"": 1, ""fiyat"": 63900.0, ""kaynak"": ""BNB""}, {""usdt"": 9832990.0, ""borsa"": 2, ""fiyat"": 63950.0, ""kaynak"": ""BNB+BYB""}]","[{""usdt"": 20722326.0, ""borsa"": 3, ""fiyat"": 64000.0, ""kaynak"": ""BNB+BYB+OKX""}, {""usdt"": 9216457.0, ""borsa"": 3, ""fiyat"": 64025.0, ""kaynak"": ""BNB+BYB+OKX""}, {""usdt"": 8679525.0, ""borsa"": 1, ""fiyat"": 64075.0, ""kaynak"": ""BNB""}]",YOK,-0.0755,-0.0607,0.3412,0.8324,false,2.0758,false,,0,1,3,0,1,3,26.9,28,IZLE,,50,63957.7,,,,,SEVIYE+TASFIYE,95,2229.3,223,,,,,,,1785387480,2,0,,20,1348.1,20,,,
32129,2026-07-30 05:02:49.676424+00,63910.350000000006,-1332080.9007944032,-1559762.7859999998,11782784524.043602,0.00007677000000000001,54006485.07128,122793.28179999998,30.8,BEKLE,true,122793.28179999998,0.0,1.5088,243.182,49789294.18055,60.22,30.8,0.0,"[{""usdt"": 12223783.0, ""borsa"": 1, ""fiyat"": 63850.0, ""kaynak"": ""BNB""}, {""usdt"": 11174112.0, ""borsa"": 3, ""fiyat"": 63925.0, ""kaynak"": ""BNB+BYB+OKX""}, {""usdt"": 10963428.0, ""borsa"": 1, ""fiyat"": 63900.0, ""kaynak"": ""BNB""}]","[{""usdt"": 15310392.0, ""borsa"": 3, ""fiyat"": 63950.0, ""kaynak"": ""BNB+BYB+OKX""}, {""usdt"": 10986321.0, ""borsa"": 3, ""fiyat"": 63975.0, ""kaynak"": ""BNB+BYB+OKX""}, {""usdt"": 7981850.0, ""borsa"": 1, ""fiyat"": 64000.0, ""kaynak"": ""BNB""}]",YOK,-0.0314,0.0406,0.5202,1.4886,false,2.0702,false,,0,1,3,0,1,3,23.2,24.3,IZLE,,50,63957.7,,,,,SEVIYE+TASFIYE,95,2230.3,223,,,,,,,1785387480,2,0,,20,1349.1,20,,,
32130,2026-07-30 05:03:49.964096+00,63921.149999999994,-3491163.837038503,16913.384,11770969444.035501,0.00007677000000000001,54221024.33295003,242994.61479999998,40.1,BEKLE,false,242994.61479999998,0.0,1.5107,303.576,53154257.820850044,60.394,0.0,40.1,"[{""usdt"": 15488360.0, ""borsa"": 3, ""fiyat"": 63900.0, ""kaynak"": ""BNB+BYB+OKX""}, {""usdt"": 10598798.0, ""borsa"": 1, ""fiyat"": 63850.0, ""kaynak"": ""BNB""}, {""usdt"": 8143722.0, ""borsa"": 1, ""fiyat"": 63800.0, ""kaynak"": ""BNB""}]","[{""usdt"": 15222777.0, ""borsa"": 3, ""fiyat"": 63950.0, ""kaynak"": ""BNB+BYB+OKX""}, {""usdt"": 11573505.0, ""borsa"": 3, ""fiyat"": 63925.0, ""kaynak"": ""BNB+BYB+OKX""}, {""usdt"": 8119315.0, ""borsa"": 1, ""fiyat"": 63975.0, ""kaynak"": ""BNB""}]",YOK,-0.093,0.0099,0.153,1.4913,false,1.3167,false,,0,1,3,0,1,3,19.8,20.8,IZLE,,50,63957.7,,,,,SEVIYE+TASFIYE,95,2231.3,223,,,,,,,1785387720,2,0,,20,1350.1,20,,,
32131,2026-07-30 05:04:50.250739+00,63965.25,-3207450.883971604,518938.7939999999,11775577913.264,0.00007677000000000001,50836925.77915001,150385.04129999995,36.9,BEKLE,true,150385.04129999995,0.0,1.5107,363.839,52845047.09621002,120.657,0.0,36.9,"[{""usdt"": 14674518.0, ""borsa"": 3, ""fiyat"": 63900.0, ""kaynak"": ""BNB+BYB+OKX""}, {""usdt"": 9239192.0, ""borsa"": 1, ""fiyat"": 63850.0, ""kaynak"": ""BNB""}, {""usdt"": 8885659.0, ""borsa"": 1, ""fiyat"": 63825.0, ""kaynak"": ""BNB""}]","[{""usdt"": 21660655.0, ""borsa"": 3, ""fiyat"": 63950.0, ""kaynak"": ""BNB+BYB+OKX""}, {""usdt"": 9349401.0, ""borsa"": 1, ""fiyat"": 64000.0, ""kaynak"": ""BNB""}, {""usdt"": 7071110.0, ""borsa"": 1, ""fiyat"": 64025.0, ""kaynak"": ""BNB""}]",YOK,-0.0699,-0.0194,0.147,0.8902,false,0.8713,false,,0,0,3,0,1,3,16.2,17.3,IZLE,,50,63957.7,,,,,SEVIYE+TASFIYE,95,2232.3,223,,,,,,,1785387720,2,0,,20,1351.1,20,,,
32132,2026-07-30 05:05:50.950585+00,63969.05,-2171088.8039043057,-1831427.616,11782058015.9561,0.00007677000000000001,49814846.315169945,150385.04129999995,26.7,BEKLE,false,150385.04129999995,0.0,1.5113,424.55,51827910.38767997,0,26.7,0.0,"[{""usdt"": 15806635.0, ""borsa"": 3, ""fiyat"": 63950.0, ""kaynak"": ""BNB+BYB+OKX""}, {""usdt"": 9940552.0, ""borsa"": 1, ""fiyat"": 63900.0, ""kaynak"": ""BNB""}, {""usdt"": 8907971.0, ""borsa"": 1, ""fiyat"": 63875.0, ""kaynak"": ""BNB""}]","[{""usdt"": 15893975.0, ""borsa"": 3, ""fiyat"": 63975.0, ""kaynak"": ""BNB+BYB+OKX""}, {""usdt"": 9364334.0, ""borsa"": 3, ""fiyat"": 64000.0, ""kaynak"": ""BNB+BYB+OKX""}, {""usdt"": 8729088.0, ""borsa"": 1, ""fiyat"": 64050.0, ""kaynak"": ""BNB""}]",YOK,0.0038,-0.0198,0.6445,0.7229,false,1.0943,false,,0,0,3,0,1,3,13.1,14.2,IZLE,,25,63959.1,,,,,SEVIYE,60,2233.3,224,,,,,,,1785387720,2,1,,19,1352.1,19,,,
32133,2026-07-30 05:06:51.320341+00,63988.850000000006,-1534558.1179012023,-1792474.6450000003,11782428665.225,0.00007677000000000001,51820824.84313003,150385.04129999995,28.5,BEKLE,false,150385.04129999995,0.0,1.5113,484.839,44374508.995480016,0,28.5,0.0,"[{""usdt"": 15334695.0, ""borsa"": 3, ""fiyat"": 63975.0, ""kaynak"": ""BNB+BYB+OKX""}, {""usdt"": 10041858.0, ""borsa"": 1, ""fiyat"": 63900.0, ""kaynak"": ""BNB""}, {""usdt"": 8811691.0, ""borsa"": 1, ""fiyat"": 63925.0, ""kaynak"": ""BNB""}]","[{""usdt"": 13714665.0, ""borsa"": 3, ""fiyat"": 64025.0, ""kaynak"": ""BNB+BYB+OKX""}, {""usdt"": 8788943.0, ""borsa"": 3, ""fiyat"": 64000.0, ""kaynak"": ""BNB+BYB+OKX""}, {""usdt"": 7788459.0, ""borsa"": 1, ""fiyat"": 64050.0, ""kaynak"": ""BNB""}]",YOK,0.015,0.0774,,,false,3.0034,false,,0,0,3,0,0,3,8.7,10.7,IZLE,,25,63959.1,,,,,SEVIYE,60,2234.3,224,,,,,,,1785387720,2,2,,19,1353.1,19,,,
32134,2026-07-30 05:07:51.585162+00,63974.45,-1281805.0299291024,-1743404.2160000005,11783778277.538502,0.00007677000000000001,48443260.90844003,150385.04129999995,19.6,BEKLE,false,150385.04129999995,0.0,1.5113,545.218,51174847.47518,60.379,19.6,0.0,"[{""usdt"": 13582326.0, ""borsa"": 3, ""fiyat"": 63950.0, ""kaynak"": ""BNB+BYB+OKX""}, {""usdt"": 10552530.0, ""borsa"": 1, ""fiyat"": 63900.0, ""kaynak"": ""BNB""}, {""usdt"": 9381785.0, ""borsa"": 1, ""fiyat"": 63875.0, ""kaynak"": ""BNB""}]","[{""usdt"": 18904024.0, ""borsa"": 3, ""fiyat"": 64000.0, ""kaynak"": ""BNB+BYB+OKX""}, {""usdt"": 10306527.0, ""borsa"": 1, ""fiyat"": 64050.0, ""kaynak"": ""BNB""}, {""usdt"": 5843363.0, ""borsa"": 1, ""fiyat"": 64075.0, ""kaynak"": ""BNB""}]",YOK,0.0634,-0.0274,,,false,4.4129,false,,1,0,3,0,1,3,5.3,6.4,IZLE,,25,63959.1,,,,,SEVIYE,60,2235.3,224,,,,,,,1785387720,2,3,,19,1354.2,19,,,
32135,2026-07-30 05:08:52.028111+00,63968.25,-1316347.0517891035,-1728027.2730000005,11782542770.3527,0.00007677000000000001,51314322.193639964,0.0,65.8,BEKLE,false,0.0,0.0,1.5113,605.424,50201204.29377997,120.585,65.8,0.0,"[{""usdt"": 14733917.0, ""borsa"": 3, ""fiyat"": 63950.0, ""kaynak"": ""BNB+BYB+OKX""}, {""usdt"": 11351250.0, ""borsa"": 1, ""fiyat"": 63900.0, ""kaynak"": ""BNB""}, {""usdt"": 10096450.0, ""borsa"": 1, ""fiyat"": 63875.0, ""kaynak"": ""BNB""}]","[{""usdt"": 16913778.0, ""borsa"": 3, ""fiyat"": 64000.0, ""kaynak"": ""BNB+BYB+OKX""}, {""usdt"": 9417534.0, ""borsa"": 1, ""fiyat"": 64050.0, ""kaynak"": ""BNB""}, {""usdt"": 7638366.0, ""borsa"": 1, ""fiyat"": 64025.0, ""kaynak"": ""BNB""}]",YOK,0.0093,0.011,0.43,0.5327,false,6.9344,false,,0,0,3,0,1,3,1.7,63.5,IZLE,,25,63959.1,,,,,SEVIYE,60,2236.3,224,,,,,,,,,0,,19,1355.2,19,,,
32136,2026-07-30 05:09:52.294603+00,63959.05,-891904.9410576033,-1709011.1310000003,11783995550.7174,0.00007677000000000001,51346814.02847996,0.0,60.2,BEKLE,false,0.0,0.0,1.5113,665.836,45698892.97558997,180.997,60.2,0.0,"[{""usdt"": 14664562.0, ""borsa"": 3, ""fiyat"": 63950.0, ""kaynak"": ""BNB+BYB+OKX""}, {""usdt"": 11351250.0, ""borsa"": 1, ""fiyat"": 63900.0, ""kaynak"": ""BNB""}, {""usdt"": 10096450.0, ""borsa"": 1, ""fiyat"": 63875.0, ""kaynak"": ""BNB""}]","[{""usdt"": 12245534.0, ""borsa"": 3, ""fiyat"": 64000.0, ""kaynak"": ""BNB+BYB+OKX""}, {""usdt"": 9417534.0, ""borsa"": 1, ""fiyat"": 64050.0, ""kaynak"": ""BNB""}, {""usdt"": 7638366.0, ""borsa"": 1, ""fiyat"": 64025.0, ""kaynak"": ""BNB""}]",YOK,0.0093,0.0582,0.3862,0.0591,false,,false,,0,0,3,0,0,3,62.1,63.2,IZLE,,25,63959.1,,,,,SEVIYE,60,2237.3,224,,,,,,,,,0,,19,1356.2,19,,,
32137,2026-07-30 05:10:52.515073+00,63955.350000000006,-4080005.2251307024,-2618987.366,11791871462.9162,0.00007677000000000001,49984192.28952999,0.0,47.1,BEKLE,false,0.0,0.0,1.5113,726.089,49679381.91253002,241.25,47.1,0.0,"[{""usdt"": 11968236.0, ""borsa"": 1, ""fiyat"": 63900.0, ""kaynak"": ""BNB""}, {""usdt"": 10031045.0, ""borsa"": 1, ""fiyat"": 63850.0, ""kaynak"": ""BNB""}, {""usdt"": 10025686.0, ""borsa"": 3, ""fiyat"": 63950.0, ""kaynak"": ""BNB+BYB+OKX""}]","[{""usdt"": 20000936.0, ""borsa"": 3, ""fiyat"": 63975.0, ""kaynak"": ""BNB+BYB+OKX""}, {""usdt"": 7610390.0, ""borsa"": 1, ""fiyat"": 64025.0, ""kaynak"": ""BNB""}, {""usdt"": 6841278.0, ""borsa"": 1, ""fiyat"": 64050.0, ""kaynak"": ""BNB""}]",YOK,-0.1355,0.0031,0.5947,0.2439,false,,true,0,0,2,3,0,1,3,58.6,59.7,IZLE,,25,63959.1,,,,,SEVIYE,60,2238.3,224,,,,,,,,,0,,19,1357.2,19,,,
32138,2026-07-30 05:11:52.720472+00,63955.850000000006,-3961031.634161802,-2611301.482,11792451505.4892,0.00007677000000000001,52169140.67394,0.0,46.4,BEKLE,false,0.0,0.0,1.5113,786.325,53232244.49452998,301.486,46.4,0.0,"[{""usdt"": 14057059.0, ""borsa"": 1, ""fiyat"": 63850.0, ""kaynak"": ""BNB""}, {""usdt"": 10686120.0, ""borsa"": 1, ""fiyat"": 63900.0, ""kaynak"": ""BNB""}, {""usdt"": 10023609.0, ""borsa"": 3, ""fiyat"": 63950.0, ""kaynak"": ""BNB+BYB+OKX""}]","[{""usdt"": 19349293.0, ""borsa"": 3, ""fiyat"": 63975.0, ""kaynak"": ""BNB+BYB+OKX""}, {""usdt"": 9087086.0, ""borsa"": 1, ""fiyat"": 64050.0, ""kaynak"": ""BNB""}, {""usdt"": 8649284.0, ""borsa"": 3, ""fiyat"": 64000.0, ""kaynak"": ""BNB+BYB+OKX""}]",YOK,-0.0513,-0.0101,0.6421,0.4989,false,,true,0,0,0,3,0,2,3,55,56.1,IZLE,,25,63959.1,,,,,SEVIYE,60,2239.3,224,,,,,,,,,0,,19,1358.2,19,,,
32139,2026-07-30 05:12:53.063868+00,63956.95,-4144501.5300387023,-2628737.076,11790633823.0022,0.00007677000000000001,45475153.61979004,0.0,45.9,BEKLE,false,0.0,0.0,1.5138,846.623,51541589.50369999,120.534,45.9,0.0,"[{""usdt"": 12735673.0, ""borsa"": 3, ""fiyat"": 63925.0, ""kaynak"": ""BNB+BYB+OKX""}, {""usdt"": 12229593.0, ""borsa"": 1, ""fiyat"": 63850.0, ""kaynak"": ""BNB""}, {""usdt"": 10764972.0, ""borsa"": 1, ""fiyat"": 63900.0, ""kaynak"": ""BNB""}]","[{""usdt"": 12827240.0, ""borsa"": 3, ""fiyat"": 63950.0, ""kaynak"": ""BNB+BYB+OKX""}, {""usdt"": 10818344.0, ""borsa"": 3, ""fiyat"": 63975.0, ""kaynak"": ""BNB+BYB+OKX""}, {""usdt"": 9273996.0, ""borsa"": 1, ""fiyat"": 64050.0, ""kaynak"": ""BNB""}]",YOK,-0.1784,-0.0625,0.6618,0.2312,false,,true,0,0,2,3,0,2,3,51.5,52.5,HAZIRLAN,SHORT,50,63959.1,63880,63658.1,63969,24.88,SEVIYE+EMILIM,60,2240.3,224,,,,,,,,,0,6.41,19,1359.2,19,,,
32140,2026-07-30 05:13:53.375777+00,63964.350000000006,-3972310.3223822024,-2609211.6659999997,11792871691.5907,0.00007677000000000001,46016650.36264999,0.0,47.7,BEKLE,true,0.0,0.0,1.5138,906.956,50492746.42604002,180.867,47.7,0.0,"[{""usdt"": 12469324.0, ""borsa"": 3, ""fiyat"": 63925.0, ""kaynak"": ""BNB+BYB+OKX""}, {""usdt"": 10602930.0, ""borsa"": 1, ""fiyat"": 63850.0, ""kaynak"": ""BNB""}, {""usdt"": 10493550.0, ""borsa"": 1, ""fiyat"": 63900.0, ""kaynak"": ""BNB""}]","[{""usdt"": 12335469.0, ""borsa"": 3, ""fiyat"": 63975.0, ""kaynak"": ""BNB+BYB+OKX""}, {""usdt"": 11980056.0, ""borsa"": 3, ""fiyat"": 63950.0, ""kaynak"": ""BNB+BYB+OKX""}, {""usdt"": 9654289.0, ""borsa"": 1, ""fiyat"": 64025.0, ""kaynak"": ""BNB""}]",YOK,-0.1496,-0.0464,0.6459,0.0542,false,,true,0,0,2,3,0,1,3,48,49.1,IZLE,,25,63959.1,,,,,SEVIYE,60,2241.3,224,,,,,,,,,0,,19,1360.2,19,,,
32141,2026-07-30 05:14:53.725655+00,63962.95,-3737524.042211001,-2577026.02,11795124088.3386,0.00007677000000000001,46626485.79754998,0.0,48.2,BEKLE,true,0.0,0.0,1.5138,967.223,62006975.339159995,241.134,48.2,0.0,"[{""usdt"": 13254803.0, ""borsa"": 3, ""fiyat"": 63950.0, ""kaynak"": ""BNB+BYB+OKX""}, {""usdt"": 9143450.0, ""borsa"": 1, ""fiyat"": 63850.0, ""kaynak"": ""BNB""}, {""usdt"": 8456106.0, ""borsa"": 1, ""fiyat"": 63900.0, ""kaynak"": ""BNB""}]","[{""usdt"": 26987828.0, ""borsa"": 3, ""fiyat"": 63975.0, ""kaynak"": ""BNB+BYB+OKX""}, {""usdt"": 10102738.0, ""borsa"": 3, ""fiyat"": 64000.0, ""kaynak"": ""BNB+BYB+OKX""}, {""usdt"": 8392400.0, ""borsa"": 1, ""fiyat"": 64050.0, ""kaynak"": ""BNB""}]",YOK,-0.0744,-0.1416,0.6649,0.0521,false,,true,0,0,1,3,0,2,3,44.5,45.5,IZLE,,25,63959.1,,,,,SEVIYE,60,2242.3,224,,,,,,,,,0,,19,1361.2,19,,,
32142,2026-07-30 05:15:53.965466+00,63954.75,-10049118.0545217,-173976.732,11802815721.9146,0.00007677000000000001,45368218.98160003,0.0,67.0,BEKLE,false,0.0,0.0,1.5138,1027.573,61226157.20349995,0,0.0,67.0,"[{""usdt"": 14271460.0, ""borsa"": 3, ""fiyat"": 63950.0, ""kaynak"": ""BNB+BYB+OKX""}, {""usdt"": 10908693.0, ""borsa"": 1, ""fiyat"": 63900.0, ""kaynak"": ""BNB""}, {""usdt"": 8549908.0, ""borsa"": 1, ""fiyat"": 63875.0, ""kaynak"": ""BNB""}]","[{""usdt"": 21073794.0, ""borsa"": 3, ""fiyat"": 64000.0, ""kaynak"": ""BNB+BYB+OKX""}, {""usdt"": 9936617.0, ""borsa"": 1, ""fiyat"": 64100.0, ""kaynak"": ""BNB""}, {""usdt"": 9413021.0, ""borsa"": 1, ""fiyat"": 64075.0, ""kaynak"": ""BNB""}]",YOK,-0.2067,-0.1488,0.5954,0.0035,false,,true,0.1444,0,1,3,0,1,3,41,42.1,HAZIRLAN,SHORT,50,63956.4,63870.8,63660.9,63966.2,25.55,SEVIYE+EMILIM,95,2243.4,225,PCT,0.42,0.0,26.811517847785808,false,0.054,,,0,7.3,20,1742.7,20,,,
32143,2026-07-30 05:16:55.194313+00,63966.95,-10227589.344301501,-3959911.206,11799718006.4563,0.00007677000000000001,48318114.728410006,0.0,61.1,BEKLE,true,0.0,0.0,1.5138,1088.758,57706696.82177994,61.185,61.1,0.0,"[{""usdt"": 11630113.0, ""borsa"": 1, ""fiyat"": 63850.0, ""kaynak"": ""BNB""}, {""usdt"": 10658468.0, ""borsa"": 1, ""fiyat"": 63900.0, ""kaynak"": ""BNB""}, {""usdt"": 10387516.0, ""borsa"": 3, ""fiyat"": 63925.0, ""kaynak"": ""BNB+BYB+OKX""}]","[{""usdt"": 25145575.0, ""borsa"": 3, ""fiyat"": 63975.0, ""kaynak"": ""BNB+BYB+OKX""}, {""usdt"": 9727134.0, ""borsa"": 1, ""fiyat"": 64050.0, ""kaynak"": ""BNB""}, {""usdt"": 6654052.0, ""borsa"": 1, ""fiyat"": 64025.0, ""kaynak"": ""BNB""}]",YOK,-0.2118,-0.0886,0.7369,0.0766,false,,true,0,0,2,3,0,1,3,38.4,39.5,HAZIRLAN,SHORT,50,63956.4,63956.4,63660.9,64040.5,4.16,SEVIYE+EMILIM,95,2244.4,225,,,,,,,,,0,0.14,20,1743.7,20,,,
32144,2026-07-30 05:17:55.42144+00,63940.05,-10152639.8822089,-3791844.7549999994,11800692372.2196,0.00007677000000000001,48594958.364460014,0.0,53.7,BEKLE,,0.0,0.0,1.5138,1149.023,54316183.38433995,60.265,53.7,0.0,"[{""usdt"": 12604208.0, ""borsa"": 3, ""fiyat"": 63925.0, ""kaynak"": ""BNB+BYB+OKX""}, {""usdt"": 11462996.0, ""borsa"": 1, ""fiyat"": 63900.0, ""kaynak"": ""BNB""}, {""usdt"": 10423768.0, ""borsa"": 1, ""fiyat"": 63850.0, ""kaynak"": ""BNB""}]","[{""usdt"": 17393891.0, ""borsa"": 3, ""fiyat"": 63975.0, ""kaynak"": ""BNB+BYB+OKX""}, {""usdt"": 9174002.0, ""borsa"": 1, ""fiyat"": 64050.0, ""kaynak"": ""BNB""}, {""usdt"": 7606774.0, ""borsa"": 1, ""fiyat"": 64000.0, ""kaynak"": ""BNB""}]",YOK,-0.2426,-0.0556,0.7569,0.125,false,,true,0,0,2,3,0,2,3,34.5,35.6,HAZIRLAN,SHORT,50,63956.4,63870.8,63660.9,63966.2,10.66,SEVIYE+EMILIM,95,2245.4,225,,,,,,,,,0,2.64,20,1744.7,20,,,
32145,2026-07-30 05:18:55.672649+00,63966.75,-10654675.606531003,-3821472.977999999,11795635254.7036,0.00007677000000000001,50799166.74316999,0.0,58.4,BEKLE,true,0.0,0.0,1.5157,1209.237,54631218.08568001,60.214,58.4,0.0,"[{""usdt"": 14824410.0, ""borsa"": 3, ""fiyat"": 63925.0, ""kaynak"": ""BNB+BYB+OKX""}, {""usdt"": 10036506.0, ""borsa"": 1, ""fiyat"": 63850.0, ""kaynak"": ""BNB""}, {""usdt"": 9669009.0, ""borsa"": 2, ""fiyat"": 63900.0, ""kaynak"": ""BNB+BYB""}]","[{""usdt"": 21856153.0, ""borsa"": 3, ""fiyat"": 63950.0, ""kaynak"": ""BNB+BYB+OKX""}, {""usdt"": 10672453.0, ""borsa"": 1, ""fiyat"": 64025.0, ""kaynak"": ""BNB""}, {""usdt"": 8467765.0, ""borsa"": 3, ""fiyat"": 63975.0, ""kaynak"": ""BNB+BYB+OKX""}]",YOK,-0.2639,-0.0363,0.7686,0.0162,false,,true,0,0,2,3,0,1,3,30.7,31.8,HAZIRLAN,SHORT,50,63956.4,63956.4,63660.9,64040.5,4.15,SEVIYE+EMILIM,95,2246.4,225,,,,,,,,,0,0.14,20,1745.7,20,,,
32146,2026-07-30 05:19:55.903454+00,63960.45,-10771182.405305004,-3728050.781,11795029661.0942,0.00007677000000000001,48771544.28995999,0.0,54.9,BEKLE,true,0.0,0.0,1.5157,1269.509,52401131.45355001,120.486,54.9,0.0,"[{""usdt"": 11985164.0, ""borsa"": 3, ""fiyat"": 63925.0, ""kaynak"": ""BNB+BYB+OKX""}, {""usdt"": 11725655.0, ""borsa"": 1, ""fiyat"": 63850.0, ""kaynak"": ""BNB""}, {""usdt"": 11409062.0, ""borsa"": 3, ""fiyat"": 63900.0, ""kaynak"": ""BNB+BYB+OKX""}]","[{""usdt"": 23393063.0, ""borsa"": 3, ""fiyat"": 63950.0, ""kaynak"": ""BNB+BYB+OKX""}, {""usdt"": 8197226.0, ""borsa"": 1, ""fiyat"": 64000.0, ""kaynak"": ""BNB""}, {""usdt"": 8052940.0, ""borsa"": 1, ""fiyat"": 64025.0, ""kaynak"": ""BNB""}]",YOK,-0.3182,-0.0359,0.7865,0.0164,false,,true,0,0,2,3,0,1,3,27.2,28.3,HAZIRLAN,SHORT,50,63956.4,63956.4,63660.9,64040.5,3.74,SEVIYE+EMILIM,95,2247.4,225,,,,,,,,,0,0.05,20,1746.7,20,,,
32147,2026-07-30 05:20:56.263256+00,63930.75,-4368028.9273784,858436.2710000001,11800131546.4262,0.00007677000000000001,44521715.21026999,0.0,38.4,BEKLE,false,0.0,0.0,1.5157,1329.769,64929789.91220999,0,0.0,38.4,"[{""usdt"": 13264859.0, ""borsa"": 3, ""fiyat"": 63950.0, ""kaynak"": ""BNB+BYB+OKX""}, {""usdt"": 9940001.0, ""borsa"": 1, ""fiyat"": 63900.0, ""kaynak"": ""BNB""}, {""usdt"": 9566845.0, ""borsa"": 1, ""fiyat"": 63875.0, ""kaynak"": ""BNB""}]","[{""usdt"": 21476709.0, ""borsa"": 3, ""fiyat"": 64000.0, ""kaynak"": ""BNB+BYB+OKX""}, {""usdt"": 10919191.0, ""borsa"": 3, ""fiyat"": 63975.0, ""kaynak"": ""BNB+BYB+OKX""}, {""usdt"": 10128956.0, ""borsa"": 1, ""fiyat"": 64100.0, ""kaynak"": ""BNB""}]",YOK,-0.173,-0.1865,0.7683,0.1905,false,,false,0.5572,0,2,3,0,2,3,23.6,24.7,IZLE,,25,63956.4,,,,,SEVIYE,95,2248.4,225,,,,,,,,,0,,20,1747.7,20,,,
32148,2026-07-30 05:21:56.678746+00,63924.05,-4955405.987750199,875540.0809999999,11794136674.6692,0.00007677000000000001,50751162.88314001,0.0,64.1,BEKLE,false,0.0,0.0,1.5151,1390.216,53443143.71984999,60.447,0.0,64.1,"[{""usdt"": 12598695.0, ""borsa"": 3, ""fiyat"": 63900.0, ""kaynak"": ""BNB+BYB+OKX""}, {""usdt"": 11732989.0, ""borsa"": 1, ""fiyat"": 63850.0, ""kaynak"": ""BNB""}, {""usdt"": 8318698.0, ""borsa"": 1, ""fiyat"": 63875.0, ""kaynak"": ""BNB""}]","[{""usdt"": 19030987.0, ""borsa"": 3, ""fiyat"": 63950.0, ""kaynak"": ""BNB+BYB+OKX""}, {""usdt"": 8221519.0, ""borsa"": 1, ""fiyat"": 64000.0, ""kaynak"": ""BNB""}, {""usdt"": 7784288.0, ""borsa"": 1, ""fiyat"": 63975.0, ""kaynak"": ""BNB""}]",YOK,-0.1985,-0.0258,0.3965,0.1894,false,,false,0.6183,0,2,3,0,1,3,20.3,21.3,IZLE,,25,63956.4,,,,,SEVIYE,95,2249.4,225,,,,,,,,,0,,20,1748.7,20,,,
32149,2026-07-30 05:22:57.045348+00,63903.95,-5200400.5586667,871166.4130000002,11789739564.2585,0.00007677000000000001,49963564.210670054,0.0,75.0,BEKLE,false,0.0,0.0,1.5151,1450.631,58944799.491890036,120.862,0.0,75.0,"[{""usdt"": 15511986.0, ""borsa"": 3, ""fiyat"": 63900.0, ""kaynak"": ""BNB+BYB+OKX""}, {""usdt"": 11171019.0, ""borsa"": 1, ""fiyat"": 63850.0, ""kaynak"": ""BNB""}, {""usdt"": 8294004.0, ""borsa"": 3, ""fiyat"": 63875.0, ""kaynak"": ""BNB+BYB+OKX""}]","[{""usdt"": 23969579.0, ""borsa"": 3, ""fiyat"": 63925.0, ""kaynak"": ""BNB+BYB+OKX""}, {""usdt"": 8098389.0, ""borsa"": 1, ""fiyat"": 64000.0, ""kaynak"": ""BNB""}, {""usdt"": 7714606.0, ""borsa"": 1, ""fiyat"": 63975.0, ""kaynak"": ""BNB""}]",YOK,-0.3292,-0.0825,0.3903,0.167,false,,false,0.6595,0,3,3,0,2,3,16.4,17.9,IZLE,,25,63870.8,,,,,SEVIYE,50,2130.2,213,,,,,,,,,0,,20,1749.7,20,,,
32150,2026-07-30 05:23:57.258062+00,63889.95,-5469558.847100798,773513.099,11787088259.979801,0.00007677000000000001,51849043.58018999,19746.336,75.0,BEKLE,false,19746.336,0.0,1.5151,1147.035,52180268.78291996,181.105,0.0,75.0,"[{""usdt"": 12559659.0, ""borsa"": 3, ""fiyat"": 63875.0, ""kaynak"": ""BNB+BYB+OKX""}, {""usdt"": 12209428.0, ""borsa"": 1, ""fiyat"": 63800.0, ""kaynak"": ""BNB""}, {""usdt"": 11021513.0, ""borsa"": 1, ""fiyat"": 63850.0, ""kaynak"": ""BNB""}]","[{""usdt"": 20238010.0, ""borsa"": 3, ""fiyat"": 63900.0, ""kaynak"": ""BNB+BYB+OKX""}, {""usdt"": 8447125.0, ""borsa"": 3, ""fiyat"": 63925.0, ""kaynak"": ""BNB+BYB+OKX""}, {""usdt"": 8261151.0, ""borsa"": 1, ""fiyat"": 63975.0, ""kaynak"": ""BNB""}]",YOK,-0.2718,-0.0032,0.4048,0.3518,false,,false,0.7009,0,2,3,0,2,3,12.8,13.9,IZLE,,25,63870.8,,,,,SEVIYE,50,2131.2,213,,,,,,,1785388920,1,0,,20,1750.7,20,,,
32151,2026-07-30 05:24:57.531544+00,63895.55,-5422533.739510497,739558.598,11784408279.1816,0.00007677000000000001,54119225.67287001,179727.022,75.0,BEKLE,false,179727.022,0.0,1.5151,1207.297,50114816.83949001,241.367,0.0,75.0,"[{""usdt"": 13376834.0, ""borsa"": 3, ""fiyat"": 63875.0, ""kaynak"": ""BNB+BYB+OKX""}, {""usdt"": 10561608.0, ""borsa"": 1, ""fiyat"": 63850.0, ""kaynak"": ""BNB""}, {""usdt"": 10241908.0, ""borsa"": 1, ""fiyat"": 63800.0, ""kaynak"": ""BNB""}]","[{""usdt"": 18824724.0, ""borsa"": 3, ""fiyat"": 63925.0, ""kaynak"": ""BNB+BYB+OKX""}, {""usdt"": 11474173.0, ""borsa"": 1, ""fiyat"": 63975.0, ""kaynak"": ""BNB""}, {""usdt"": 8173253.0, ""borsa"": 3, ""fiyat"": 63900.0, ""kaynak"": ""BNB+BYB+OKX""}]",YOK,-0.1848,0.0384,0.4191,0.2985,false,,false,0.7671,1,2,3,0,1,3,9.3,10.3,IZLE,,50,63870.8,,,,,SEVIYE+TASFIYE,50,2132.2,213,,,,,,,1785388980,2,0,,20,1751.7,20,,,
32152,2026-07-30 05:25:58.935947+00,63902.55,3368359.921092503,417786.50599999994,11789990463.1334,0.00007677000000000001,50858491.17025002,179727.022,27.5,BEKLE,true,179727.022,0.0,1.5151,1268.725,58690756.07889998,302.795,27.5,0.0,"[{""usdt"": 14700976.0, ""borsa"": 3, ""fiyat"": 63900.0, ""kaynak"": ""BNB+BYB+OKX""}, {""usdt"": 9701967.0, ""borsa"": 1, ""fiyat"": 63850.0, ""kaynak"": ""BNB""}, {""usdt"": 9112613.0, ""borsa"": 3, ""fiyat"": 63875.0, ""kaynak"": ""BNB+BYB+OKX""}]","[{""usdt"": 24149021.0, ""borsa"": 3, ""fiyat"": 63925.0, ""kaynak"": ""BNB+BYB+OKX""}, {""usdt"": 8690610.0, ""borsa"": 1, ""fiyat"": 63975.0, ""kaynak"": ""BNB""}, {""usdt"": 8632374.0, ""borsa"": 3, ""fiyat"": 63950.0, ""kaynak"": ""BNB+BYB+OKX""}]",YOK,-0.2506,-0.0715,0.9123,0.1989,false,0,false,,0,2,3,0,1,3,6.9,7.9,IZLE,,50,63870.8,,,,,SEVIYE+TASFIYE,50,2133.3,214,,,,,,,1785388980,2,1,,18,1372.3,18,,,
32153,2026-07-30 05:26:59.196817+00,63926.25,3353069.9439828075,418526.09099999996,11788202311.6842,0.00007677000000000001,50753033.39662998,179727.022,29.9,BEKLE,true,179727.022,0.0,1.5145,1328.932,51220319.29310999,363.002,29.9,0.0,"[{""usdt"": 12016737.0, ""borsa"": 3, ""fiyat"": 63900.0, ""kaynak"": ""BNB+BYB+OKX""}, {""usdt"": 10931293.0, ""borsa"": 1, ""fiyat"": 63825.0, ""kaynak"": ""BNB""}, {""usdt"": 9678006.0, ""borsa"": 3, ""fiyat"": 63925.0, ""kaynak"": ""BNB+BYB+OKX""}]","[{""usdt"": 18400345.0, ""borsa"": 3, ""fiyat"": 63950.0, ""kaynak"": ""BNB+BYB+OKX""}, {""usdt"": 9317460.0, ""borsa"": 1, ""fiyat"": 64000.0, ""kaynak"": ""BNB""}, {""usdt"": 8359001.0, ""borsa"": 1, ""fiyat"": 63975.0, ""kaynak"": ""BNB""}]",YOK,-0.1657,-0.0046,0.915,0.0145,false,0,false,,0,2,3,0,0,3,3.3,4.4,IZLE,,50,63957.4,,,,,SEVIYE+TASFIYE,75,2254.4,226,,,,,,,1785388980,2,2,,18,1373.3,18,,,
32154,2026-07-30 05:27:59.389326+00,63941.149999999994,3487547.4346491075,417508.78799999994,11793594189.1362,0.00007677000000000001,48478863.07423005,159980.68600000002,30.8,BEKLE,true,159980.68600000002,0.0,1.5145,1389.167,57016757.19730998,423.237,30.8,0.0,"[{""usdt"": 13712704.0, ""borsa"": 1, ""fiyat"": 63850.0, ""kaynak"": ""BNB""}, {""usdt"": 12401241.0, ""borsa"": 3, ""fiyat"": 63925.0, ""kaynak"": ""BNB+BYB+OKX""}, {""usdt"": 11664684.0, ""borsa"": 3, ""fiyat"": 63900.0, ""kaynak"": ""BNB+BYB+OKX""}]","[{""usdt"": 19354321.0, ""borsa"": 3, ""fiyat"": 63950.0, ""kaynak"": ""BNB+BYB+OKX""}, {""usdt"": 12850220.0, ""borsa"": 1, ""fiyat"": 63975.0, ""kaynak"": ""BNB""}, {""usdt"": 8336469.0, ""borsa"": 1, ""fiyat"": 64000.0, ""kaynak"": ""BNB""}]",YOK,-0.1657,-0.0809,0.919,0.2355,false,0,false,,0,2,3,0,0,3,63.5,62.1,IZLE,,25,63957.4,,,,,SEVIYE,75,2255.4,226,,,,,,,1785388980,2,0,,18,1374.3,18,,,
32155,2026-07-30 05:28:59.6504+00,63985.149999999994,3724110.9011344095,447617.4929999999,11802125968.2282,0.00007677000000000001,46747774.719970055,0.0,32.4,BEKLE,,0.0,0.0,1.5145,1449.404,57657513.39310999,483.474,32.4,0.0,"[{""usdt"": 13712704.0, ""borsa"": 1, ""fiyat"": 63850.0, ""kaynak"": ""BNB""}, {""usdt"": 13398990.0, ""borsa"": 3, ""fiyat"": 63925.0, ""kaynak"": ""BNB+BYB+OKX""}, {""usdt"": 6689680.0, ""borsa"": 1, ""fiyat"": 63875.0, ""kaynak"": ""BNB""}]","[{""usdt"": 17672933.0, ""borsa"": 3, ""fiyat"": 63975.0, ""kaynak"": ""BNB+BYB+OKX""}, {""usdt"": 17666906.0, ""borsa"": 3, ""fiyat"": 63950.0, ""kaynak"": ""BNB+BYB+OKX""}, {""usdt"": 8336469.0, ""borsa"": 1, ""fiyat"": 64000.0, ""kaynak"": ""BNB""}]",YOK,-0.1344,-0.1045,0.9435,0.5848,true,0,false,,0,1,3,0,1,3,59.9,61,IZLE,,25,63957.4,,,,,SEVIYE,75,2256.4,226,,,,,,,,,0,,18,1375.3,18,,,
32156,2026-07-30 05:29:59.891689+00,63984.75,3996431.7069694027,537167.898,11797406080.585,0.00007677000000000001,48866607.82630006,0.0,28.1,BEKLE,true,0.0,0.0,1.5145,1509.679,46200860.13325001,0,28.1,0.0,"[{""usdt"": 14607646.0, ""borsa"": 3, ""fiyat"": 63975.0, ""kaynak"": ""BNB+BYB+OKX""}, {""usdt"": 8331958.0, ""borsa"": 3, ""fiyat"": 63950.0, ""kaynak"": ""BNB+BYB+OKX""}, {""usdt"": 8215268.0, ""borsa"": 1, ""fiyat"": 63900.0, ""kaynak"": ""BNB""}]","[{""usdt"": 15242429.0, ""borsa"": 3, ""fiyat"": 64000.0, ""kaynak"": ""BNB+BYB+OKX""}, {""usdt"": 8550691.0, ""borsa"": 1, ""fiyat"": 64050.0, ""kaynak"": ""BNB""}, {""usdt"": 7961986.0, ""borsa"": 1, ""fiyat"": 64075.0, ""kaynak"": ""BNB""}]",YOK,-0.1095,0.028,0.965,0.5469,true,0,false,,0,1,3,0,0,3,56.4,57.5,IZLE,,25,63957.4,,,,,SEVIYE,75,2257.4,226,,,,,,,,,0,,18,1376.3,18,,,
32157,2026-07-30 05:31:00.15894+00,64025.350000000006,2676076.9568075025,350182.07600000006,11803116294.186401,0.00007677000000000001,43701151.02097999,0.0,17.4,BEKLE,,0.0,0.0,1.5145,1569.894,47108230.856450036,60.215,17.4,0.0,"[{""usdt"": 10940847.0, ""borsa"": 3, ""fiyat"": 63950.0, ""kaynak"": ""BNB+BYB+OKX""}, {""usdt"": 9984317.0, ""borsa"": 1, ""fiyat"": 63900.0, ""kaynak"": ""BNB""}, {""usdt"": 8465029.0, ""borsa"": 3, ""fiyat"": 63975.0, ""kaynak"": ""BNB+BYB+OKX""}]","[{""usdt"": 13668003.0, ""borsa"": 3, ""fiyat"": 64000.0, ""kaynak"": ""BNB+BYB+OKX""}, {""usdt"": 8026728.0, ""borsa"": 1, ""fiyat"": 64050.0, ""kaynak"": ""BNB""}, {""usdt"": 7948735.0, ""borsa"": 1, ""fiyat"": 64075.0, ""kaynak"": ""BNB""}]",YOK,-0.1021,-0.0375,0.8585,9.1127,true,0,false,,0,0,3,0,1,3,52.8,53.9,IZLE,,25,64030.6,,,,,SEVIYE,60,2869.3,287,,,,,,,,,0,,18,1377.3,18,,,
32158,2026-07-30 05:32:01.045662+00,64070.05,3102146.465364002,463834.098,11809387520.699999,0.00007677000000000001,42763631.41777003,0.0,0.0,BEKLE,,0.0,0.0,1.5145,60.949,52390640.23475998,0,0.0,0.0,"[{""usdt"": 14835027.0, ""borsa"": 3, ""fiyat"": 64000.0, ""kaynak"": ""BNB+BYB+OKX""}, {""usdt"": 8412840.0, ""borsa"": 1, ""fiyat"": 63950.0, ""kaynak"": ""BNB""}, {""usdt"": 6561935.0, ""borsa"": 1, ""fiyat"": 63925.0, ""kaynak"": ""BNB""}]","[{""usdt"": 15156238.0, ""borsa"": 3, ""fiyat"": 64050.0, ""kaynak"": ""BNB+BYB+OKX""}, {""usdt"": 9363032.0, ""borsa"": 3, ""fiyat"": 64025.0, ""kaynak"": ""BNB+BYB+OKX""}, {""usdt"": 8547119.0, ""borsa"": 1, ""fiyat"": 64125.0, ""kaynak"": ""BNB""}]",YOK,-0.0563,-0.1012,,,true,0,false,,0,0,3,0,0,3,49.9,51,IZLE,,25,64030.6,,,,,SEVIYE,60,2870.3,287,,,,,,,,,0,,18,1378.3,18,,,
32159,2026-07-30 05:33:01.346911+00,64077.25,4152574.5288317017,849176.877,11815915733.332,0.00007677000000000001,50155613.62068997,8334.6548,0.0,BEKLE,,0.0,8334.6548,1.5145,0,50751443.60939,60.237,0.0,0.0,"[{""usdt"": 10753498.0, ""borsa"": 3, ""fiyat"": 64075.0, ""kaynak"": ""BNB+BYB+OKX""}, {""usdt"": 8642714.0, ""borsa"": 1, ""fiyat"": 64000.0, ""kaynak"": ""BNB""}, {""usdt"": 8420404.0, ""borsa"": 2, ""fiyat"": 64050.0, ""kaynak"": ""BNB+BYB""}]","[{""usdt"": 18619970.0, ""borsa"": 3, ""fiyat"": 64100.0, ""kaynak"": ""BNB+BYB+OKX""}, {""usdt"": 10803095.0, ""borsa"": 2, ""fiyat"": 64125.0, ""kaynak"": ""BNB+OKX""}, {""usdt"": 8291229.0, ""borsa"": 1, ""fiyat"": 64175.0, ""kaynak"": ""BNB""}]",YOK,0.0811,-0.0059,0.4772,5.8401,true,0,false,,1,0,3,1,0,3,46.3,47.4,IZLE,,25,64120.4,,,,,SEVIYE,50,1759.8,176,,,,,,,1785389520,1,0,,18,1379.3,18,,,
32160,2026-07-30 05:34:01.807201+00,64096.149999999994,3888691.3416553964,1392888.332,11813243272.723202,0.00007677000000000001,42682728.29842003,14225.074499999999,16.7,BEKLE,true,0.0,14225.074499999999,1.517,0,52846137.10263006,0,0.0,16.7,"[{""usdt"": 15525413.0, ""borsa"": 3, ""fiyat"": 64100.0, ""kaynak"": ""BNB+BYB+OKX""}, {""usdt"": 7497249.0, ""borsa"": 1, ""fiyat"": 64050.0, ""kaynak"": ""BNB""}, {""usdt"": 6649261.0, ""borsa"": 1, ""fiyat"": 64025.0, ""kaynak"": ""BNB""}]","[{""usdt"": 15313772.0, ""borsa"": 3, ""fiyat"": 64150.0, ""kaynak"": ""BNB+BYB+OKX""}, {""usdt"": 11212964.0, ""borsa"": 3, ""fiyat"": 64125.0, ""kaynak"": ""BNB+BYB+OKX""}, {""usdt"": 10922313.0, ""borsa"": 1, ""fiyat"": 64200.0, ""kaynak"": ""BNB""}]",YOK,0.0118,-0.1064,0.0935,3.7686,true,0,false,,0,0,3,1,1,3,42.9,44,IZLE,,25,64120.4,,,,,SEVIYE,50,1760.8,176,,,,,,,1785389520,1,0,,18,1380.3,18,,,
32161,2026-07-30 05:35:02.157892+00,64099.75,3857309.3699496007,1400081.588,11811850830.753899,0.00007677000000000001,48881639.680270016,14353.266899999999,20.7,BEKLE,true,128.1924,14225.074499999999,1.517,60.277,51705123.789349996,60.277,0.0,20.7,"[{""usdt"": 13269674.0, ""borsa"": 3, ""fiyat"": 64100.0, ""kaynak"": ""BNB+BYB+OKX""}, {""usdt"": 7802313.0, ""borsa"": 3, ""fiyat"": 64125.0, ""kaynak"": ""BNB+BYB+OKX""}, {""usdt"": 7353889.0, ""borsa"": 1, ""fiyat"": 64050.0, ""kaynak"": ""BNB""}]","[{""usdt"": 17432142.0, ""borsa"": 3, ""fiyat"": 64150.0, ""kaynak"": ""BNB+BYB+OKX""}, {""usdt"": 11641102.0, ""borsa"": 1, ""fiyat"": 64175.0, ""kaynak"": ""BNB""}, {""usdt"": 9103632.0, ""borsa"": 1, ""fiyat"": 64200.0, ""kaynak"": ""BNB""}]",YOK,0.1262,-0.0281,0.0872,4.3069,true,0,false,,1,0,3,1,0,3,39.4,40.5,IZLE,,25,64120.4,,,,,SEVIYE,50,1761.8,176,,,,,,,1785389580,1,0,,18,1381.3,18,,,
32162,2026-07-30 05:36:02.504128+00,64072.350000000006,4809771.334174196,984899.33,11813415095.554401,0.00007677000000000001,47247209.00091996,14353.266899999999,21.6,BEKLE,true,128.1924,14225.074499999999,1.517,120.706,46176058.89243004,120.706,0.0,21.6,"[{""usdt"": 13188339.0, ""borsa"": 3, ""fiyat"": 64075.0, ""kaynak"": ""BNB+BYB+OKX""}, {""usdt"": 9349452.0, ""borsa"": 1, ""fiyat"": 64025.0, ""kaynak"": ""BNB""}, {""usdt"": 7371872.0, ""borsa"": 3, ""fiyat"": 64100.0, ""kaynak"": ""BNB+BYB+OKX""}]","[{""usdt"": 14587043.0, ""borsa"": 3, ""fiyat"": 64125.0, ""kaynak"": ""BNB+BYB+OKX""}, {""usdt"": 10266496.0, ""borsa"": 1, ""fiyat"": 64200.0, ""kaynak"": ""BNB""}, {""usdt"": 8598679.0, ""borsa"": 1, ""fiyat"": 64175.0, ""kaynak"": ""BNB""}]",YOK,-0.0118,0.0115,0.6791,0.8258,true,0,false,,0,1,3,0,0,3,35.5,36.6,IZLE,,25,64030.6,,,,,SEVIYE,60,2874.4,288,,,,,,,1785389580,1,1,,19,1762.8,19,,,
32163,2026-07-30 05:37:02.904368+00,64066.149999999994,4756515.529279897,951292.3829999999,11809251096.1922,0.00007677000000000001,46541363.023130015,13776.635999999999,22.8,BEKLE,true,128.1924,13648.443599999999,1.5265,0,45152619.87114004,181.053,0.0,22.8,"[{""usdt"": 13154140.0, ""borsa"": 3, ""fiyat"": 64050.0, ""kaynak"": ""BNB+BYB+OKX""}, {""usdt"": 8451940.0, ""borsa"": 3, ""fiyat"": 64075.0, ""kaynak"": ""BNB+BYB+OKX""}, {""usdt"": 8392317.0, ""borsa"": 1, ""fiyat"": 64000.0, ""kaynak"": ""BNB""}]","[{""usdt"": 14986794.0, ""borsa"": 3, ""fiyat"": 64100.0, ""kaynak"": ""BNB+BYB+OKX""}, {""usdt"": 8503591.0, ""borsa"": 1, ""fiyat"": 64175.0, ""kaynak"": ""BNB""}, {""usdt"": 8428622.0, ""borsa"": 1, ""fiyat"": 64150.0, ""kaynak"": ""BNB""}]",YOK,-0.0096,0.0151,0.6812,0.0886,true,0,false,,0,1,3,1,0,3,32.1,33.1,IZLE,,25,64030.6,,,,,SEVIYE,60,2875.4,288,,,,,,,1785389580,1,0,,19,1763.8,19,,,
32164,2026-07-30 05:38:03.17818+00,64073.149999999994,4741894.007223497,866591.914,11809648140.0564,0.00007677000000000001,43749702.37397999,128.1924,4.7,BEKLE,,128.1924,0.0,1.5265,60.362,48482846.85416002,241.415,0.0,4.7,"[{""usdt"": 12122123.0, ""borsa"": 3, ""fiyat"": 64050.0, ""kaynak"": ""BNB+BYB+OKX""}, {""usdt"": 7756440.0, ""borsa"": 3, ""fiyat"": 64075.0, ""kaynak"": ""BNB+BYB+OKX""}, {""usdt"": 7745270.0, ""borsa"": 1, ""fiyat"": 63975.0, ""kaynak"": ""BNB""}]","[{""usdt"": 12969831.0, ""borsa"": 3, ""fiyat"": 64100.0, ""kaynak"": ""BNB+BYB+OKX""}, {""usdt"": 9806562.0, ""borsa"": 1, ""fiyat"": 64150.0, ""kaynak"": ""BNB""}, {""usdt"": 8184827.0, ""borsa"": 1, ""fiyat"": 64175.0, ""kaynak"": ""BNB""}]",YOK,-0.0471,-0.0513,,,true,0,false,,0,1,3,1,0,3,28.6,29.7,IZLE,,25,64030.6,,,,,SEVIYE,60,2876.4,288,,,,,,,1785389580,1,0,,19,1764.8,19,,,
32165,2026-07-30 05:39:03.43348+00,64063.149999999994,4699248.312396696,800003.5040000001,11807648940.7544,0.00007677000000000001,52567620.78963998,0.0,24.0,BEKLE,,0.0,0.0,1.5265,0,44038064.59623002,301.649,24.0,0.0,"[{""usdt"": 15218031.0, ""borsa"": 3, ""fiyat"": 64050.0, ""kaynak"": ""BNB+BYB+OKX""}, {""usdt"": 10636551.0, ""borsa"": 1, ""fiyat"": 63975.0, ""kaynak"": ""BNB""}, {""usdt"": 7453349.0, ""borsa"": 1, ""fiyat"": 63950.0, ""kaynak"": ""BNB""}]","[{""usdt"": 11559684.0, ""borsa"": 3, ""fiyat"": 64075.0, ""kaynak"": ""BNB+BYB+OKX""}, {""usdt"": 11184685.0, ""borsa"": 3, ""fiyat"": 64100.0, ""kaynak"": ""BNB+BYB+OKX""}, {""usdt"": 8087225.0, ""borsa"": 1, ""fiyat"": 64150.0, ""kaynak"": ""BNB""}]",YOK,0.0245,0.0883,0.4626,1.0385,true,0,false,,0,0,3,1,0,3,25,26.1,IZLE,,25,64030.6,,,,,SEVIYE,60,2877.4,288,,,,,,,,,0,,19,1765.8,19,,,
32166,2026-07-30 05:40:03.742188+00,64050.05,4417711.017100599,870805.889,11804932703.5121,0.00007677000000000001,46371646.62966,0.0,16.7,BEKLE,false,0.0,0.0,1.5265,60.243,45650981.65914998,361.892,16.7,0.0,"[{""usdt"": 12245442.0, ""borsa"": 3, ""fiyat"": 64025.0, ""kaynak"": ""BNB+BYB+OKX""}, {""usdt"": 9052858.0, ""borsa"": 1, ""fiyat"": 63950.0, ""kaynak"": ""BNB""}, {""usdt"": 8504048.0, ""borsa"": 1, ""fiyat"": 63975.0, ""kaynak"": ""BNB""}]","[{""usdt"": 13691055.0, ""borsa"": 3, ""fiyat"": 64075.0, ""kaynak"": ""BNB+BYB+OKX""}, {""usdt"": 9466039.0, ""borsa"": 1, ""fiyat"": 64125.0, ""kaynak"": ""BNB""}, {""usdt"": 7346932.0, ""borsa"": 1, ""fiyat"": 64150.0, ""kaynak"": ""BNB""}]",YOK,-0.0603,0.0078,0.4,1.956,true,0,false,1.027,0,1,3,0,0,3,21.4,22.5,IZLE,,25,64030.6,,,,,SEVIYE,60,2878.4,288,,,,,,,,,0,,19,1766.8,19,,,
32167,2026-07-30 05:41:04.037709+00,64064.55,812593.3592139982,458703.01099999994,11807326349.5327,0.00007677000000000001,45462882.56568004,0.0,26.0,BEKLE,false,0.0,0.0,1.5265,60.315,51956678.345860034,422.207,26.0,0.0,"[{""usdt"": 12862068.0, ""borsa"": 3, ""fiyat"": 64025.0, ""kaynak"": ""BNB+BYB+OKX""}, {""usdt"": 9589770.0, ""borsa"": 1, ""fiyat"": 63975.0, ""kaynak"": ""BNB""}, {""usdt"": 7519218.0, ""borsa"": 3, ""fiyat"": 64050.0, ""kaynak"": ""BNB+BYB+OKX""}]","[{""usdt"": 17657448.0, ""borsa"": 3, ""fiyat"": 64075.0, ""kaynak"": ""BNB+BYB+OKX""}, {""usdt"": 9450393.0, ""borsa"": 1, ""fiyat"": 64150.0, ""kaynak"": ""BNB""}, {""usdt"": 8817429.0, ""borsa"": 1, ""fiyat"": 64125.0, ""kaynak"": ""BNB""}]",YOK,-0.067,-0.0667,0.8271,0.089,true,0.4431,false,,0,1,3,0,0,3,17.9,19,IZLE,,25,64030.6,,,,,SEVIYE,60,2879.4,288,,,,,,,,,0,,19,1767.9,19,,,
32168,2026-07-30 05:42:04.272633+00,64058.649999999994,597945.1731848984,510621.29199999996,11808347632.572899,0.00007677000000000001,46573070.10343002,0.0,24.1,BEKLE,false,0.0,0.0,1.5284,60.296,47358093.776600055,482.503,24.1,0.0,"[{""usdt"": 10919326.0, ""borsa"": 3, ""fiyat"": 64025.0, ""kaynak"": ""BNB+BYB+OKX""}, {""usdt"": 8880110.0, ""borsa"": 3, ""fiyat"": 64050.0, ""kaynak"": ""BNB+BYB+OKX""}, {""usdt"": 8363737.0, ""borsa"": 1, ""fiyat"": 63975.0, ""kaynak"": ""BNB""}]","[{""usdt"": 13160544.0, ""borsa"": 3, ""fiyat"": 64075.0, ""kaynak"": ""BNB+BYB+OKX""}, {""usdt"": 10896239.0, ""borsa"": 1, ""fiyat"": 64150.0, ""kaynak"": ""BNB""}, {""usdt"": 7073910.0, ""borsa"": 1, ""fiyat"": 64125.0, ""kaynak"": ""BNB""}]",YOK,-0.0644,-0.0084,0.8559,0.0852,false,0.7164,false,,0,1,3,0,0,3,14.3,15.4,IZLE,,25,64030.6,,,,,SEVIYE,60,2880.4,288,,,,,,,,,0,,19,1768.9,19,,,
32169,2026-07-30 05:43:04.582362+00,64067.850000000006,688719.7460108985,507932.56000000006,11811204799.1212,0.00007677000000000001,45178387.07046004,0.0,29.7,BEKLE,false,0.0,0.0,1.5284,120.585,48486915.16669999,542.792,29.7,0.0,"[{""usdt"": 13790189.0, ""borsa"": 3, ""fiyat"": 64050.0, ""kaynak"": ""BNB+BYB+OKX""}, {""usdt"": 7949585.0, ""borsa"": 1, ""fiyat"": 64000.0, ""kaynak"": ""BNB""}, {""usdt"": 7308291.0, ""borsa"": 1, ""fiyat"": 63975.0, ""kaynak"": ""BNB""}]","[{""usdt"": 16042145.0, ""borsa"": 3, ""fiyat"": 64100.0, ""kaynak"": ""BNB+BYB+OKX""}, {""usdt"": 9535409.0, ""borsa"": 3, ""fiyat"": 64075.0, ""kaynak"": ""BNB+BYB+OKX""}, {""usdt"": 8186189.0, ""borsa"": 1, ""fiyat"": 64150.0, ""kaynak"": ""BNB""}]",YOK,-0.0521,-0.0353,0.8768,0.0632,false,1.2512,false,,0,1,3,1,0,3,10.8,11.9,IZLE,,25,64030.6,,,,,SEVIYE,60,2881.4,288,,,,,,,,,0,,19,1769.9,19,,,
32170,2026-07-30 05:44:04.822891+00,64081.75,556221.3688366993,518449.538,11811629248.4062,0.00007677000000000001,48719012.87097002,0.0,30.2,BEKLE,false,0.0,0.0,1.5284,60.258,49294171.69568,603.05,30.2,0.0,"[{""usdt"": 10908379.0, ""borsa"": 3, ""fiyat"": 64050.0, ""kaynak"": ""BNB+BYB+OKX""}, {""usdt"": 10425184.0, ""borsa"": 3, ""fiyat"": 64075.0, ""kaynak"": ""BNB+BYB+OKX""}, {""usdt"": 8842768.0, ""borsa"": 1, ""fiyat"": 64000.0, ""kaynak"": ""BNB""}]","[{""usdt"": 14253322.0, ""borsa"": 3, ""fiyat"": 64100.0, ""kaynak"": ""BNB+BYB+OKX""}, {""usdt"": 9976352.0, ""borsa"": 1, ""fiyat"": 64175.0, ""kaynak"": ""BNB""}, {""usdt"": 8273195.0, ""borsa"": 1, ""fiyat"": 64125.0, ""kaynak"": ""BNB""}]",YOK,-0.058,-0.0059,0.9026,0.2236,false,0.8844,false,,0,0,3,1,0,3,7.3,8.4,IZLE,,25,64120.4,,,,,SEVIYE,50,1770.9,177,,,,,,,,,0,,19,1770.9,19,,,
32171,2026-07-30 05:45:05.10295+00,64093.45,556221.3688366993,518449.538,11811629248.4062,0.00007677000000000001,47515571.42454003,0.0,42.3,BEKLE,,0.0,0.0,1.5284,60.2,44738559.33148997,663.25,42.3,0.0,"[{""usdt"": 12497028.0, ""borsa"": 3, ""fiyat"": 64075.0, ""kaynak"": ""BNB+BYB+OKX""}, {""usdt"": 7881462.0, ""borsa"": 1, ""fiyat"": 64000.0, ""kaynak"": ""BNB""}, {""usdt"": 6921215.0, ""borsa"": 1, ""fiyat"": 64025.0, ""kaynak"": ""BNB""}]","[{""usdt"": 13084287.0, ""borsa"": 3, ""fiyat"": 64125.0, ""kaynak"": ""BNB+BYB+OKX""}, {""usdt"": 9143818.0, ""borsa"": 1, ""fiyat"": 64175.0, ""kaynak"": ""BNB""}, {""usdt"": 8865235.0, ""borsa"": 1, ""fiyat"": 64200.0, ""kaynak"": ""BNB""}]",YOK,-0.0134,0.0301,0.8734,0.5417,false,0.5302,false,,0,0,3,1,0,3,3.6,4.7,IZLE,,25,64120.4,,,,,SEVIYE,50,1771.9,177,,,,,,,,,0,,19,1771.9,19,,,
32172,2026-07-30 05:46:05.34005+00,64085.149999999994,-378929.51463679783,-61813.69499999999,11814613091.3416,0.00007677000000000001,50724376.93163997,3076.4880000000003,45.7,BEKLE,,0.0,3076.4880000000003,1.5284,120.524,47844075.33758996,723.574,45.7,0.0,"[{""usdt"": 13206940.0, ""borsa"": 3, ""fiyat"": 64075.0, ""kaynak"": ""BNB+BYB+OKX""}, {""usdt"": 9405671.0, ""borsa"": 1, ""fiyat"": 64025.0, ""kaynak"": ""BNB""}, {""usdt"": 8834741.0, ""borsa"": 1, ""fiyat"": 63975.0, ""kaynak"": ""BNB""}]","[{""usdt"": 17484739.0, ""borsa"": 3, ""fiyat"": 64125.0, ""kaynak"": ""BNB+BYB+OKX""}, {""usdt"": 9511093.0, ""borsa"": 1, ""fiyat"": 64175.0, ""kaynak"": ""BNB""}, {""usdt"": 7464736.0, ""borsa"": 1, ""fiyat"": 64150.0, ""kaynak"": ""BNB""}]",YOK,-0.0152,0.0292,0.5781,0.576,false,0.5001,false,0,0,0,3,1,0,3,63.5,62.5,IZLE,,25,64120.4,,,,,SEVIYE,50,1772.9,178,PCT,1.28,0.01255409746161078,2.3454372374999566,false,0.067,1785390240,1,0,,19,1772.9,19,,,
32173,2026-07-30 05:47:06.674066+00,64102.25,-535307.2176890976,-74581.42899999999,11814403994.8471,0.00007677000000000001,51957955.98751997,3076.4880000000003,50.8,BEKLE,false,0.0,3076.4880000000003,1.5284,181.834,49789982.70309996,784.884,50.8,0.0,"[{""usdt"": 16162911.0, ""borsa"": 3, ""fiyat"": 64075.0, ""kaynak"": ""BNB+BYB+OKX""}, {""usdt"": 9405671.0, ""borsa"": 1, ""fiyat"": 64025.0, ""kaynak"": ""BNB""}, {""usdt"": 8834741.0, ""borsa"": 1, ""fiyat"": 63975.0, ""kaynak"": ""BNB""}]","[{""usdt"": 16828150.0, ""borsa"": 3, ""fiyat"": 64125.0, ""kaynak"": ""BNB+BYB+OKX""}, {""usdt"": 9511093.0, ""borsa"": 1, ""fiyat"": 64175.0, ""kaynak"": ""BNB""}, {""usdt"": 9278000.0, ""borsa"": 3, ""fiyat"": 64100.0, ""kaynak"": ""BNB+BYB+OKX""}]",YOK,0.0327,0.0213,0.5369,1.1904,true,0.4828,false,,0,0,3,1,0,3,61.4,62.5,IZLE,,25,64120.4,,,,,SEVIYE,50,1773.9,178,,,,,,,1785390240,1,1,,19,1773.9,19,,,
32174,2026-07-30 05:48:06.945013+00,64092.649999999994,-298100.45170609653,37855.497,11817286965.1517,0.00007677000000000001,50120748.40618002,3076.4880000000003,43.1,BEKLE,false,0.0,3076.4880000000003,1.5284,181.932,50443614.602189995,845.182,43.1,0.0,"[{""usdt"": 12139809.0, ""borsa"": 3, ""fiyat"": 64075.0, ""kaynak"": ""BNB+BYB+OKX""}, {""usdt"": 9285935.0, ""borsa"": 3, ""fiyat"": 64100.0, ""kaynak"": ""BNB+BYB+OKX""}, {""usdt"": 8725659.0, ""borsa"": 1, ""fiyat"": 64025.0, ""kaynak"": ""BNB""}]","[{""usdt"": 14731708.0, ""borsa"": 3, ""fiyat"": 64125.0, ""kaynak"": ""BNB+BYB+OKX""}, {""usdt"": 10273585.0, ""borsa"": 1, ""fiyat"": 64200.0, ""kaynak"": ""BNB""}, {""usdt"": 8914269.0, ""borsa"": 1, ""fiyat"": 64175.0, ""kaynak"": ""BNB""}]",YOK,-0.0157,-0.0032,0.5569,0.8064,true,0.4953,false,,0,0,3,0,0,3,57.8,58.9,IZLE,,25,64120.4,,,,,SEVIYE,50,1774.9,178,,,,,,,1785390240,1,2,,19,1774.9,19,,,
32175,2026-07-30 05:49:07.243192+00,64050.149999999994,-346817.3537251966,74683.431,11817503390.882599,0.00007677000000000001,48927264.36186999,3076.4880000000003,32.6,BEKLE,false,0.0,3076.4880000000003,1.531,242.166,45734448.77721002,905.416,32.6,0.0,"[{""usdt"": 14154499.0, ""borsa"": 3, ""fiyat"": 64075.0, ""kaynak"": ""BNB+BYB+OKX""}, {""usdt"": 8966164.0, ""borsa"": 1, ""fiyat"": 64025.0, ""kaynak"": ""BNB""}, {""usdt"": 7176395.0, ""borsa"": 1, ""fiyat"": 63975.0, ""kaynak"": ""BNB""}]","[{""usdt"": 13317314.0, ""borsa"": 3, ""fiyat"": 64125.0, ""kaynak"": ""BNB+BYB+OKX""}, {""usdt"": 9790092.0, ""borsa"": 1, ""fiyat"": 64175.0, ""kaynak"": ""BNB""}, {""usdt"": 9297027.0, ""borsa"": 1, ""fiyat"": 64200.0, ""kaynak"": ""BNB""}]",YOK,-0.042,0.0337,0.5492,1.1071,true,0.4367,false,,0,1,3,1,0,3,54.2,55.3,IZLE,,25,64030.6,,,,,SEVIYE,60,2887.5,289,,,,,,,1785390240,1,3,,19,1775.9,19,,,
32176,2026-07-30 05:50:07.548602+00,64068.25,-606804.577816296,-44857.98999999999,11809692304.7058,0.00007677000000000001,46815221.56443999,0.0,28.2,BEKLE,false,0.0,0.0,1.531,0,48914026.37785004,965.755,28.2,0.0,"[{""usdt"": 12427228.0, ""borsa"": 3, ""fiyat"": 64025.0, ""kaynak"": ""BNB+BYB+OKX""}, {""usdt"": 9774886.0, ""borsa"": 1, ""fiyat"": 63950.0, ""kaynak"": ""BNB""}, {""usdt"": 7528668.0, ""borsa"": 1, ""fiyat"": 63975.0, ""kaynak"": ""BNB""}]","[{""usdt"": 12696357.0, ""borsa"": 3, ""fiyat"": 64075.0, ""kaynak"": ""BNB+BYB+OKX""}, {""usdt"": 9449843.0, ""borsa"": 1, ""fiyat"": 64125.0, ""kaynak"": ""BNB""}, {""usdt"": 8913953.0, ""borsa"": 1, ""fiyat"": 64150.0, ""kaynak"": ""BNB""}]",YOK,-0.0614,-0.0219,0.5528,0.6899,false,0.6064,false,,0,1,3,0,0,3,50.7,51.8,IZLE,,25,64030.6,,,,,SEVIYE,60,2888.5,289,,,,,,,,,0,,19,1776.9,19,,,
32177,2026-07-30 05:51:07.927307+00,64057.850000000006,276452.09231350274,146023.67300000004,11813986466.490902,0.00007677000000000001,47011624.48145006,0.0,17.9,BEKLE,true,0.0,0.0,1.531,0,55001702.955590114,1026.117,0.0,17.9,"[{""usdt"": 10516792.0, ""borsa"": 3, ""fiyat"": 64075.0, ""kaynak"": ""BNB+BYB+OKX""}, {""usdt"": 9344002.0, ""borsa"": 3, ""fiyat"": 64050.0, ""kaynak"": ""BNB+BYB+OKX""}, {""usdt"": 8283739.0, ""borsa"": 1, ""fiyat"": 64000.0, ""kaynak"": ""BNB""}]","[{""usdt"": 21124652.0, ""borsa"": 3, ""fiyat"": 64100.0, ""kaynak"": ""BNB+BYB+OKX""}, {""usdt"": 8672583.0, ""borsa"": 1, ""fiyat"": 64150.0, ""kaynak"": ""BNB""}, {""usdt"": 8267602.0, ""borsa"": 1, ""fiyat"": 64175.0, ""kaynak"": ""BNB""}]",YOK,-0.0463,-0.0783,0.6537,1.5686,false,2.0558,true,0,0,2,3,1,0,3,47.2,48.3,IZLE,,25,64030.6,,,,,SEVIYE,60,2889.5,289,,,,,,,,,0,,19,1777.9,19,,,
32178,2026-07-30 05:52:08.145608+00,64044.25,301355.1388339022,146705.689,11812304073.231201,0.00007677000000000001,49588036.53188998,0.0,19.1,BEKLE,true,0.0,0.0,1.5323,60.267,44753862.45105003,1086.384,0.0,19.1,"[{""usdt"": 10386001.0, ""borsa"": 3, ""fiyat"": 64050.0, ""kaynak"": ""BNB+BYB+OKX""}, {""usdt"": 10062607.0, ""borsa"": 1, ""fiyat"": 63950.0, ""kaynak"": ""BNB""}, {""usdt"": 9698244.0, ""borsa"": 3, ""fiyat"": 64025.0, ""kaynak"": ""BNB+BYB+OKX""}]","[{""usdt"": 13346266.0, ""borsa"": 3, ""fiyat"": 64075.0, ""kaynak"": ""BNB+BYB+OKX""}, {""usdt"": 9863012.0, ""borsa"": 1, ""fiyat"": 64125.0, ""kaynak"": ""BNB""}, {""usdt"": 6566254.0, ""borsa"": 1, ""fiyat"": 64150.0, ""kaynak"": ""BNB""}]",YOK,0.0405,0.0512,0.6936,2.769,false,1.5361,true,0,0,1,3,0,0,3,43.7,44.7,IZLE,,25,64030.6,,,,,SEVIYE,60,2890.5,289,,,,,,,,,0,,19,1778.9,19,,,
32179,2026-07-30 05:53:08.390731+00,64039.55,251800.21504150055,24897.248,11809910048.585999,0.00007677000000000001,46476786.06739004,0.0,4.3,BEKLE,,0.0,0.0,1.5323,60.219,49506457.597170055,120.486,4.3,0.0,"[{""usdt"": 10733630.0, ""borsa"": 3, ""fiyat"": 64000.0, ""kaynak"": ""BNB+BYB+OKX""}, {""usdt"": 8798122.0, ""borsa"": 3, ""fiyat"": 64025.0, ""kaynak"": ""BNB+BYB+OKX""}, {""usdt"": 7900809.0, ""borsa"": 1, ""fiyat"": 63950.0, ""kaynak"": ""BNB""}]","[{""usdt"": 13346471.0, ""borsa"": 3, ""fiyat"": 64050.0, ""kaynak"": ""BNB+BYB+OKX""}, {""usdt"": 10327995.0, ""borsa"": 1, ""fiyat"": 64125.0, ""kaynak"": ""BNB""}, {""usdt"": 7005972.0, ""borsa"": 1, ""fiyat"": 64150.0, ""kaynak"": ""BNB""}]",YOK,-0.1123,-0.0316,,,false,1.4784,true,0,0,1,3,0,1,3,40.1,41.2,IZLE,,25,64030.6,,,,,SEVIYE,60,2891.5,289,,,,,,,,,0,,19,1779.9,19,,,
32180,2026-07-30 05:54:08.75356+00,64017.95,277281.8757091999,-7503.496999999984,11807716313.190199,0.00007677000000000001,49354048.296040006,0.0,11.2,BEKLE,,0.0,0.0,1.5323,120.443,48319670.42502002,180.71,11.2,0.0,"[{""usdt"": 10732853.0, ""borsa"": 3, ""fiyat"": 64025.0, ""kaynak"": ""BNB+BYB+OKX""}, {""usdt"": 9484937.0, ""borsa"": 1, ""fiyat"": 63950.0, ""kaynak"": ""BNB""}, {""usdt"": 8847400.0, ""borsa"": 3, ""fiyat"": 64000.0, ""kaynak"": ""BNB+BYB+OKX""}]","[{""usdt"": 18553660.0, ""borsa"": 3, ""fiyat"": 64050.0, ""kaynak"": ""BNB+BYB+OKX""}, {""usdt"": 9012968.0, ""borsa"": 1, ""fiyat"": 64125.0, ""kaynak"": ""BNB""}, {""usdt"": 8071621.0, ""borsa"": 1, ""fiyat"": 64100.0, ""kaynak"": ""BNB""}]",YOK,-0.0105,0.0106,0.8197,2.4375,false,1.225,true,0,1,1,3,0,1,3,36.5,37.6,IZLE,,25,64030.6,,,,,SEVIYE,60,2892.5,289,,,,,,,,,0,,19,1780.9,19,,,
32181,2026-07-30 05:55:09.303969+00,63975.25,430381.88037570176,-462109.95300000004,11806191413.8012,0.00007677000000000001,50399962.59373,0.0,17.4,BEKLE,false,0.0,0.0,1.5323,181.064,56257959.12314004,241.331,17.4,0.0,"[{""usdt"": 14458146.0, ""borsa"": 3, ""fiyat"": 64000.0, ""kaynak"": ""BNB+BYB+OKX""}, {""usdt"": 9948054.0, ""borsa"": 1, ""fiyat"": 63900.0, ""kaynak"": ""BNB""}, {""usdt"": 9058033.0, ""borsa"": 1, ""fiyat"": 63925.0, ""kaynak"": ""BNB""}]","[{""usdt"": 18379885.0, ""borsa"": 3, ""fiyat"": 64025.0, ""kaynak"": ""BNB+BYB+OKX""}, {""usdt"": 11897124.0, ""borsa"": 3, ""fiyat"": 64050.0, ""kaynak"": ""BNB+BYB+OKX""}, {""usdt"": 10449856.0, ""borsa"": 1, ""fiyat"": 64100.0, ""kaynak"": ""BNB""}]",YOK,-0.1243,-0.0549,0.5981,3.0901,false,,true,0,0,1,3,0,1,3,33.3,34.3,IZLE,,25,63954.7,,,,,SEVIYE,75,2282.6,228,,,,,,,,,0,,19,1781.9,19,,,
32182,2026-07-30 05:56:09.574311+00,63984.45,-44469.72796669835,-385976.76100000006,11798837107.2958,0.00007677000000000001,50578290.2825,0.0,35.6,BEKLE,false,0.0,0.0,1.5323,241.413,46246182.27191005,60.349,35.6,0.0,"[{""usdt"": 13835842.0, ""borsa"": 3, ""fiyat"": 63950.0, ""kaynak"": ""BNB+BYB+OKX""}, {""usdt"": 8795274.0, ""borsa"": 1, ""fiyat"": 63900.0, ""kaynak"": ""BNB""}, {""usdt"": 8595575.0, ""borsa"": 1, ""fiyat"": 63875.0, ""kaynak"": ""BNB""}]","[{""usdt"": 16771105.0, ""borsa"": 3, ""fiyat"": 64000.0, ""kaynak"": ""BNB+BYB+OKX""}, {""usdt"": 6887257.0, ""borsa"": 1, ""fiyat"": 64075.0, ""kaynak"": ""BNB""}, {""usdt"": 6652429.0, ""borsa"": 1, ""fiyat"": 64050.0, ""kaynak"": ""BNB""}]",YOK,-0.1632,0.0447,0.2697,3.4922,false,,true,0,0,2,3,0,0,3,29.8,30.9,IZLE,,25,63962.1,,,,,SEVIYE,100,2283.6,229,,,,,,,,,0,,19,1402.5,19,,,
32183,2026-07-30 05:57:09.810261+00,64027.649999999994,307198.568632001,-334816.598,11801520391.3182,0.00007677000000000001,49136852.622409984,0.0,32.7,BEKLE,false,0.0,0.0,1.5323,301.623,50985681.89525003,60.21,32.7,0.0,"[{""usdt"": 15024256.0, ""borsa"": 3, ""fiyat"": 64000.0, ""kaynak"": ""BNB+BYB+OKX""}, {""usdt"": 8728481.0, ""borsa"": 1, ""fiyat"": 63900.0, ""kaynak"": ""BNB""}, {""usdt"": 8619901.0, ""borsa"": 1, ""fiyat"": 63925.0, ""kaynak"": ""BNB""}]","[{""usdt"": 19638040.0, ""borsa"": 3, ""fiyat"": 64025.0, ""kaynak"": ""BNB+BYB+OKX""}, {""usdt"": 8788392.0, ""borsa"": 2, ""fiyat"": 64050.0, ""kaynak"": ""BNB+BYB""}, {""usdt"": 7645913.0, ""borsa"": 1, ""fiyat"": 64075.0, ""kaynak"": ""BNB""}]",YOK,-0.0887,-0.0185,0.0074,1.1862,false,,true,0,0,1,3,0,0,3,26.1,27.2,IZLE,,25,64030.6,,,,,SEVIYE,60,2895.5,290,,,,,,,,,0,,19,1403.5,19,,,
32184,2026-07-30 05:58:10.092544+00,64005.05,600063.6638461017,-34614.839,11807116985.201,0.00007677000000000001,50186747.44831998,0.0,9.4,BEKLE,,0.0,0.0,1.5323,361.9,53279831.033320025,60.277,9.4,0.0,"[{""usdt"": 12746371.0, ""borsa"": 3, ""fiyat"": 64000.0, ""kaynak"": ""BNB+BYB+OKX""}, {""usdt"": 10129453.0, ""borsa"": 1, ""fiyat"": 63950.0, ""kaynak"": ""BNB""}, {""usdt"": 8561496.0, ""borsa"": 1, ""fiyat"": 63925.0, ""kaynak"": ""BNB""}]","[{""usdt"": 18920247.0, ""borsa"": 3, ""fiyat"": 64050.0, ""kaynak"": ""BNB+BYB+OKX""}, {""usdt"": 10593217.0, ""borsa"": 1, ""fiyat"": 64125.0, ""kaynak"": ""BNB""}, {""usdt"": 7195897.0, ""borsa"": 1, ""fiyat"": 64075.0, ""kaynak"": ""BNB""}]",YOK,-0.1271,-0.0299,,,false,,true,0.0035,0,2,3,0,1,3,22.6,23.6,IZLE,,25,64030.6,,,,,SEVIYE,60,2896.5,290,,,,,,,,,0,,19,1404.5,19,,,
32185,2026-07-30 05:59:10.325791+00,64000.05,233580.76518610207,-50249.656999999985,11803768003.456999,0.00007677000000000001,50505285.60795998,0.0,12.7,BEKLE,false,0.0,0.0,1.5323,422.178,50761557.093340024,120.555,12.7,0.0,"[{""usdt"": 13189803.0, ""borsa"": 3, ""fiyat"": 63975.0, ""kaynak"": ""BNB+BYB+OKX""}, {""usdt"": 9296215.0, ""borsa"": 1, ""fiyat"": 63900.0, ""kaynak"": ""BNB""}, {""usdt"": 8020308.0, ""borsa"": 1, ""fiyat"": 63950.0, ""kaynak"": ""BNB""}]","[{""usdt"": 19288012.0, ""borsa"": 3, ""fiyat"": 64025.0, ""kaynak"": ""BNB+BYB+OKX""}, {""usdt"": 8452924.0, ""borsa"": 1, ""fiyat"": 64075.0, ""kaynak"": ""BNB""}, {""usdt"": 7023966.0, ""borsa"": 1, ""fiyat"": 64100.0, ""kaynak"": ""BNB""}]",YOK,-0.0983,-0.0025,,,false,,true,0,0,1,3,0,1,3,19,20.1,IZLE,,25,64030.6,,,,,SEVIYE,60,2897.5,290,,,,,,,,,0,,19,1405.5,19,,,
32186,2026-07-30 06:00:10.586871+00,64013.55,-330409.60576029704,-52811.02800000001,11804461801.0406,0.00007677000000000001,47636368.63180998,128.0098,27.8,BEKLE,true,128.0098,0.0,1.5323,482.392,54273724.13682005,180.769,0.0,27.8,"[{""usdt"": 13348487.0, ""borsa"": 3, ""fiyat"": 64000.0, ""kaynak"": ""BNB+BYB+OKX""}, {""usdt"": 10357706.0, ""borsa"": 1, ""fiyat"": 63925.0, ""kaynak"": ""BNB""}, {""usdt"": 8374019.0, ""borsa"": 1, ""fiyat"": 63900.0, ""kaynak"": ""BNB""}]","[{""usdt"": 16215000.0, ""borsa"": 3, ""fiyat"": 64025.0, ""kaynak"": ""BNB+BYB+OKX""}, {""usdt"": 13486262.0, ""borsa"": 3, ""fiyat"": 64050.0, ""kaynak"": ""BNB+BYB+OKX""}, {""usdt"": 9176762.0, ""borsa"": 1, ""fiyat"": 64100.0, ""kaynak"": ""BNB""}]",YOK,-0.0894,-0.0651,0.5322,1.519,false,,true,0.0042,0,1,3,0,1,3,15.5,16.5,IZLE,,25,64030.6,,,,,SEVIYE,60,2898.5,290,,,,,,,1785391140,1,0,,19,1406.5,19,,,
32187,2026-07-30 06:01:10.966125+00,63985.850000000006,-286273.47735019727,-212728.085,11806854362.7286,0.00007677000000000001,51246321.41814002,128.0272,17.3,BEKLE,true,128.0272,0.0,1.5323,542.77,49264899.90432005,241.147,0.0,17.3,"[{""usdt"": 14126094.0, ""borsa"": 3, ""fiyat"": 63975.0, ""kaynak"": ""BNB+BYB+OKX""}, {""usdt"": 10189721.0, ""borsa"": 1, ""fiyat"": 63900.0, ""kaynak"": ""BNB""}, {""usdt"": 9127126.0, ""borsa"": 3, ""fiyat"": 64000.0, ""kaynak"": ""BNB+BYB+OKX""}]","[{""usdt"": 16267741.0, ""borsa"": 3, ""fiyat"": 64025.0, ""kaynak"": ""BNB+BYB+OKX""}, {""usdt"": 8212409.0, ""borsa"": 1, ""fiyat"": 64075.0, ""kaynak"": ""BNB""}, {""usdt"": 7596055.0, ""borsa"": 1, ""fiyat"": 64100.0, ""kaynak"": ""BNB""}]",YOK,-0.112,0.0197,,,false,,true,0.0125,0,2,3,1,1,3,12.1,13.1,IZLE,,25,63962.1,,,,,SEVIYE,100,2288.6,229,,,,,,,1785391140,1,0,,19,1407.5,19,,,
32188,2026-07-30 06:02:12.246405+00,64001.75,-391476.3905491974,-218901.38599999997,11803135590.8314,0.00007677000000000001,50002420.61057002,128.0272,16.5,BEKLE,true,128.0272,0.0,1.5323,604.083,51132983.80244007,302.46,0.0,16.5,"[{""usdt"": 12518484.0, ""borsa"": 3, ""fiyat"": 64000.0, ""kaynak"": ""BNB+BYB+OKX""}, {""usdt"": 9230031.0, ""borsa"": 1, ""fiyat"": 63925.0, ""kaynak"": ""BNB""}, {""usdt"": 9108329.0, ""borsa"": 1, ""fiyat"": 63900.0, ""kaynak"": ""BNB""}]","[{""usdt"": 17609588.0, ""borsa"": 3, ""fiyat"": 64025.0, ""kaynak"": ""BNB+BYB+OKX""}, {""usdt"": 9056949.0, ""borsa"": 1, ""fiyat"": 64075.0, ""kaynak"": ""BNB""}, {""usdt"": 8346542.0, ""borsa"": 3, ""fiyat"": 64050.0, ""kaynak"": ""BNB+BYB+OKX""}]",YOK,-0.0985,-0.0112,0.7868,1.6521,false,,true,0,0,1,3,0,0,3,9.6,10.7,IZLE,,25,64030.6,,,,,SEVIYE,60,2900.5,290,,,,,,,1785391140,1,1,,19,1408.5,19,,,
32189,2026-07-30 06:03:12.539882+00,63994.25,312423.94497130223,-271492.42499999993,11804326420.760399,0.00007677000000000001,42264761.748590074,128.0272,27.0,BEKLE,false,128.0272,0.0,1.5329,664.369,52069925.05269003,362.746,27.0,0.0,"[{""usdt"": 11417494.0, ""borsa"": 3, ""fiyat"": 63975.0, ""kaynak"": ""BNB+BYB+OKX""}, {""usdt"": 8814459.0, ""borsa"": 1, ""fiyat"": 63950.0, ""kaynak"": ""BNB""}, {""usdt"": 8179194.0, ""borsa"": 1, ""fiyat"": 63900.0, ""kaynak"": ""BNB""}]","[{""usdt"": 17207387.0, ""borsa"": 3, ""fiyat"": 64025.0, ""kaynak"": ""BNB+BYB+OKX""}, {""usdt"": 9994443.0, ""borsa"": 1, ""fiyat"": 64100.0, ""kaynak"": ""BNB""}, {""usdt"": 6968198.0, ""borsa"": 1, ""fiyat"": 64125.0, ""kaynak"": ""BNB""}]",YOK,-0.0972,-0.1039,,,false,,true,0.0294,0,1,3,0,1,3,6.1,7.2,IZLE,,25,63962.1,,,,,SEVIYE,100,2290.6,229,,,,,,,1785391140,1,2,,19,1409.5,19,,,
32190,2026-07-30 06:04:12.807579+00,63987.350000000006,132185.74412700074,-256936.38100000002,11804299020.3601,0.00007677000000000001,53005292.84046,192.0291,23.8,BEKLE,false,128.0272,64.0019,1.5329,724.632,46952526.80560002,120.549,23.8,0.0,"[{""usdt"": 14603727.0, ""borsa"": 3, ""fiyat"": 63975.0, ""kaynak"": ""BNB+BYB+OKX""}, {""usdt"": 11352673.0, ""borsa"": 1, ""fiyat"": 63900.0, ""kaynak"": ""BNB""}, {""usdt"": 8594331.0, ""borsa"": 1, ""fiyat"": 63875.0, ""kaynak"": ""BNB""}]","[{""usdt"": 13884868.0, ""borsa"": 3, ""fiyat"": 64025.0, ""kaynak"": ""BNB+BYB+OKX""}, {""usdt"": 10836687.0, ""borsa"": 3, ""fiyat"": 64000.0, ""kaynak"": ""BNB+BYB+OKX""}, {""usdt"": 8787944.0, ""borsa"": 1, ""fiyat"": 64075.0, ""kaynak"": ""BNB""}]",YOK,-0.0844,0.0606,,,false,,true,0.0321,1,1,3,0,1,3,2.6,3.6,IZLE,,25,63962.1,,,,,SEVIYE,100,2291.7,229,,,,,,,1785391380,2,0,,19,1410.5,19,,,
32191,2026-07-30 06:05:13.065606+00,64033.55,322882.0725419004,-194700.31400000004,11808886048.4892,0.00007677000000000001,50376266.48536001,63.9957,16.1,BEKLE,false,0.0,63.9957,1.5329,784.897,51154931.15339997,0,16.1,0.0,"[{""usdt"": 16133254.0, ""borsa"": 3, ""fiyat"": 63975.0, ""kaynak"": ""BNB+BYB+OKX""}, {""usdt"": 10021412.0, ""borsa"": 1, ""fiyat"": 63950.0, ""kaynak"": ""BNB""}, {""usdt"": 8299933.0, ""borsa"": 3, ""fiyat"": 64000.0, ""kaynak"": ""BNB+BYB+OKX""}]","[{""usdt"": 9712980.0, ""borsa"": 1, ""fiyat"": 64125.0, ""kaynak"": ""BNB""}, {""usdt"": 9191395.0, ""borsa"": 1, ""fiyat"": 64100.0, ""kaynak"": ""BNB""}, {""usdt"": 6849364.0, ""borsa"": 2, ""fiyat"": 64000.0, ""kaynak"": ""BYB+OKX""}]",YOK,-0.0844,-0.0077,0.7381,1.2803,false,,false,0.0051,1,1,3,0,1,3,62.8,61.4,IZLE,,25,64030.6,,,,,SEVIYE,60,2903.5,290,,,,,,,1785391380,1,0,,19,1411.5,19,,,
32192,2026-07-30 06:06:13.349562+00,64025.55,13428.506802699798,329161.775,11807686909.6596,0.00007677000000000001,49028582.47442001,63.9957,22.6,BEKLE,true,0.0,63.9957,1.5329,845.171,51405873.00599997,60.274,0.0,22.6,"[{""usdt"": 10744524.0, ""borsa"": 3, ""fiyat"": 64000.0, ""kaynak"": ""BNB+BYB+OKX""}, {""usdt"": 10021412.0, ""borsa"": 1, ""fiyat"": 63950.0, ""kaynak"": ""BNB""}, {""usdt"": 9817552.0, ""borsa"": 3, ""fiyat"": 64025.0, ""kaynak"": ""BNB+BYB+OKX""}]","[{""usdt"": 17679054.0, ""borsa"": 3, ""fiyat"": 64050.0, ""kaynak"": ""BNB+BYB+OKX""}, {""usdt"": 9712980.0, ""borsa"": 1, ""fiyat"": 64125.0, ""kaynak"": ""BNB""}, {""usdt"": 9191395.0, ""borsa"": 1, ""fiyat"": 64100.0, ""kaynak"": ""BNB""}]",YOK,-0.1066,-0.0237,0.2533,1.877,false,,false,0.0299,0,1,3,0,2,3,59.3,60.4,IZLE,,25,64030.6,,,,,SEVIYE,60,2904.6,291,,,,,,,1785391380,1,1,,18,1412.5,18,,,
32193,2026-07-30 06:07:13.690265+00,64034.649999999994,213946.35083899967,299742.959,11807583909.1062,0.00007677000000000001,50434937.38729999,63.9957,25.2,BEKLE,true,0.0,63.9957,1.5316,905.506,46675581.93280006,120.609,0.0,25.2,"[{""usdt"": 11119619.0, ""borsa"": 3, ""fiyat"": 63975.0, ""kaynak"": ""BNB+BYB+OKX""}, {""usdt"": 10812318.0, ""borsa"": 1, ""fiyat"": 63900.0, ""kaynak"": ""BNB""}, {""usdt"": 9732185.0, ""borsa"": 1, ""fiyat"": 63950.0, ""kaynak"": ""BNB""}]","[{""usdt"": 14069024.0, ""borsa"": 3, ""fiyat"": 64025.0, ""kaynak"": ""BNB+BYB+OKX""}, {""usdt"": 8757840.0, ""borsa"": 1, ""fiyat"": 64100.0, ""kaynak"": ""BNB""}, {""usdt"": 7384366.0, ""borsa"": 1, ""fiyat"": 64125.0, ""kaynak"": ""BNB""}]",YOK,-0.1497,0.0387,0.4172,1.2681,false,,false,0.0444,0,2,3,0,1,3,55.8,56.8,IZLE,,25,64030.6,,,,,SEVIYE,60,2905.6,291,,,,,,,1785391380,1,2,,18,1413.5,18,,,
32194,2026-07-30 06:08:14.003042+00,64035.05,322228.319240401,396273.739,11812446981.4287,0.00007677000000000001,45081540.960709974,63.9957,28.1,BEKLE,true,0.0,63.9957,1.5316,965.791,52640131.70531002,180.894,0.0,28.1,"[{""usdt"": 13705136.0, ""borsa"": 3, ""fiyat"": 64025.0, ""kaynak"": ""BNB+BYB+OKX""}, {""usdt"": 9663273.0, ""borsa"": 1, ""fiyat"": 63950.0, ""kaynak"": ""BNB""}, {""usdt"": 7164985.0, ""borsa"": 1, ""fiyat"": 63925.0, ""kaynak"": ""BNB""}]","[{""usdt"": 19256318.0, ""borsa"": 3, ""fiyat"": 64050.0, ""kaynak"": ""BNB+BYB+OKX""}, {""usdt"": 9087366.0, ""borsa"": 1, ""fiyat"": 64150.0, ""kaynak"": ""BNB""}, {""usdt"": 9073154.0, ""borsa"": 3, ""fiyat"": 64075.0, ""kaynak"": ""BNB+BYB+OKX""}]",YOK,-0.1069,-0.0773,0.0089,2.0773,false,,false,0.0679,0,2,3,0,1,3,52.3,53.3,IZLE,,25,64030.6,,,,,SEVIYE,60,2906.6,291,,,,,,,1785391380,1,3,,18,1414.5,18,,,
32195,2026-07-30 06:09:14.30353+00,64015.45,227386.45905340163,350806.872,11807537991.1568,0.00007677000000000001,50838598.52714,0.0,29.6,BEKLE,,0.0,0.0,1.5316,1026.111,50915502.51391005,241.214,0.0,29.6,"[{""usdt"": 11003459.0, ""borsa"": 1, ""fiyat"": 63900.0, ""kaynak"": ""BNB""}, {""usdt"": 10556205.0, ""borsa"": 3, ""fiyat"": 64000.0, ""kaynak"": ""BNB+BYB+OKX""}, {""usdt"": 9632962.0, ""borsa"": 1, ""fiyat"": 63950.0, ""kaynak"": ""BNB""}]","[{""usdt"": 18284903.0, ""borsa"": 3, ""fiyat"": 64025.0, ""kaynak"": ""BNB+BYB+OKX""}, {""usdt"": 8302194.0, ""borsa"": 1, ""fiyat"": 64075.0, ""kaynak"": ""BNB""}, {""usdt"": 7984689.0, ""borsa"": 1, ""fiyat"": 64100.0, ""kaynak"": ""BNB""}]",YOK,-0.1444,-0.0008,0.0876,1.4473,false,,false,0.1297,0,2,3,0,1,3,48.8,49.9,IZLE,,25,64030.6,,,,,SEVIYE,60,2907.6,291,,,,,,,,,0,,18,1415.5,18,,,
32196,2026-07-30 06:10:14.518076+00,63958.25,194693.35802420077,348584.47199999995,11804982546.418999,0.00007677000000000001,48942460.394390024,0.0,40.7,BEKLE,false,0.0,0.0,1.5316,1086.357,45384302.75954001,301.46,0.0,40.7,"[{""usdt"": 11469655.0, ""borsa"": 1, ""fiyat"": 63900.0, ""kaynak"": ""BNB""}, {""usdt"": 10750548.0, ""borsa"": 3, ""fiyat"": 63975.0, ""kaynak"": ""BNB+BYB+OKX""}, {""usdt"": 8290158.0, ""borsa"": 1, ""fiyat"": 63950.0, ""kaynak"": ""BNB""}]","[{""usdt"": 14683069.0, ""borsa"": 3, ""fiyat"": 64025.0, ""kaynak"": ""BNB+BYB+OKX""}, {""usdt"": 7964836.0, ""borsa"": 1, ""fiyat"": 64075.0, ""kaynak"": ""BNB""}, {""usdt"": 7511711.0, ""borsa"": 1, ""fiyat"": 64100.0, ""kaynak"": ""BNB""}]",YOK,-0.1222,0.0377,0.1264,4.1511,false,,false,0.8036,0,2,3,0,2,3,45.2,46.3,IZLE,,25,63965,,,,,SEVIYE,75,2297.7,230,,,,,,,,,0,,18,1416.5,18,,,
32197,2026-07-30 06:11:14.761549+00,63960.55,519955.3641539964,-130989.97800000002,11802108214.2145,0.00007677000000000001,52855219.44388999,0.0,24.3,BEKLE,true,0.0,0.0,1.5316,1146.614,53082371.399619974,0,24.3,0.0,"[{""usdt"": 14847719.0, ""borsa"": 3, ""fiyat"": 63950.0, ""kaynak"": ""BNB+BYB+OKX""}, {""usdt"": 11263151.0, ""borsa"": 1, ""fiyat"": 63900.0, ""kaynak"": ""BNB""}, {""usdt"": 8936122.0, ""borsa"": 1, ""fiyat"": 63875.0, ""kaynak"": ""BNB""}]","[{""usdt"": 14270991.0, ""borsa"": 3, ""fiyat"": 64000.0, ""kaynak"": ""BNB+BYB+OKX""}, {""usdt"": 13425535.0, ""borsa"": 3, ""fiyat"": 63975.0, ""kaynak"": ""BNB+BYB+OKX""}, {""usdt"": 9450713.0, ""borsa"": 1, ""fiyat"": 64050.0, ""kaynak"": ""BNB""}]",YOK,-0.1049,-0.0021,0.403,2.8915,true,0,false,,0,1,3,0,1,3,41.7,42.8,IZLE,,25,63965,,,,,SEVIYE,75,2298.7,230,,,,,,,,,0,,18,1417.5,18,,,
32198,2026-07-30 06:12:14.957549+00,63977.05,536406.5596688965,393463.48800000007,11802609186.044899,0.00007677000000000001,56458238.83347002,0.0,12.6,BEKLE,false,0.0,0.0,1.5342,1206.81,51643638.258439995,60.196,0.0,12.6,"[{""usdt"": 15110113.0, ""borsa"": 3, ""fiyat"": 63950.0, ""kaynak"": ""BNB+BYB+OKX""}, {""usdt"": 10360564.0, ""borsa"": 1, ""fiyat"": 63875.0, ""kaynak"": ""BNB""}, {""usdt"": 9864747.0, ""borsa"": 1, ""fiyat"": 63850.0, ""kaynak"": ""BNB""}]","[{""usdt"": 16157849.0, ""borsa"": 3, ""fiyat"": 63975.0, ""kaynak"": ""BNB+BYB+OKX""}, {""usdt"": 13025744.0, ""borsa"": 3, ""fiyat"": 64000.0, ""kaynak"": ""BNB+BYB+OKX""}, {""usdt"": 9131441.0, ""borsa"": 1, ""fiyat"": 64050.0, ""kaynak"": ""BNB""}]",YOK,-0.1436,0.0445,,,true,0.022,false,,0,2,3,0,0,3,38.1,39.2,IZLE,,25,63965,,,,,SEVIYE,75,2299.7,230,,,,,,,,,0,,18,1418.5,18,,,
32199,2026-07-30 06:13:15.229651+00,63996.95,677358.0763725966,269848.70700000005,11808274104.5097,0.00007677000000000001,49431602.95923006,0.0,13.2,BEKLE,true,0.0,0.0,1.5342,1267.026,55041324.59401999,120.412,13.2,0.0,"[{""usdt"": 13615606.0, ""borsa"": 3, ""fiyat"": 63975.0, ""kaynak"": ""BNB+BYB+OKX""}, {""usdt"": 10086035.0, ""borsa"": 1, ""fiyat"": 63900.0, ""kaynak"": ""BNB""}, {""usdt"": 8353911.0, ""borsa"": 1, ""fiyat"": 63950.0, ""kaynak"": ""BNB""}]","[{""usdt"": 19678396.0, ""borsa"": 3, ""fiyat"": 64000.0, ""kaynak"": ""BNB+BYB+OKX""}, {""usdt"": 10657557.0, ""borsa"": 3, ""fiyat"": 64025.0, ""kaynak"": ""BNB+BYB+OKX""}, {""usdt"": 9197236.0, ""borsa"": 1, ""fiyat"": 64075.0, ""kaynak"": ""BNB""}]",YOK,-0.1077,-0.0537,,,true,0,false,,0,1,3,0,0,3,34.5,35.6,IZLE,,25,63965,,,,,SEVIYE,75,2300.7,230,,,,,,,,,0,,18,1419.5,18,,,
32200,2026-07-30 06:14:15.637045+00,63993.05,666858.1368238976,256951.07200000001,11807142095.1151,0.00007677000000000001,52440900.56916003,0.0,12.1,BEKLE,true,0.0,0.0,1.5342,1327.343,51823826.20987,60.317,12.1,0.0,"[{""usdt"": 15381184.0, ""borsa"": 3, ""fiyat"": 63975.0, ""kaynak"": ""BNB+BYB+OKX""}, {""usdt"": 10504144.0, ""borsa"": 1, ""fiyat"": 63900.0, ""kaynak"": ""BNB""}, {""usdt"": 9613612.0, ""borsa"": 1, ""fiyat"": 63875.0, ""kaynak"": ""BNB""}]","[{""usdt"": 20262931.0, ""borsa"": 3, ""fiyat"": 64000.0, ""kaynak"": ""BNB+BYB+OKX""}, {""usdt"": 9796676.0, ""borsa"": 1, ""fiyat"": 64075.0, ""kaynak"": ""BNB""}, {""usdt"": 8824220.0, ""borsa"": 3, ""fiyat"": 64025.0, ""kaynak"": ""BNB+BYB+OKX""}]",YOK,-0.0631,0.0059,,,true,0,false,,0,0,3,0,0,3,31,32.1,IZLE,,25,63965,,,,,SEVIYE,75,2301.7,230,,,,,,,,,0,,18,1420.6,18,,,
32201,2026-07-30 06:15:16.191668+00,63966.149999999994,465441.2314552987,303329.44800000003,11804002288.505201,0.00007677000000000001,51231409.66625002,0.0,10.0,BEKLE,true,0.0,0.0,1.5342,1388.008,43517698.59088001,120.982,10.0,0.0,"[{""usdt"": 12265478.0, ""borsa"": 3, ""fiyat"": 63975.0, ""kaynak"": ""BNB+BYB+OKX""}, {""usdt"": 11552763.0, ""borsa"": 3, ""fiyat"": 63950.0, ""kaynak"": ""BNB+BYB+OKX""}, {""usdt"": 10522142.0, ""borsa"": 1, ""fiyat"": 63875.0, ""kaynak"": ""BNB""}]","[{""usdt"": 13501511.0, ""borsa"": 3, ""fiyat"": 64000.0, ""kaynak"": ""BNB+BYB+OKX""}, {""usdt"": 10182346.0, ""borsa"": 1, ""fiyat"": 64075.0, ""kaynak"": ""BNB""}, {""usdt"": 6766278.0, ""borsa"": 1, ""fiyat"": 64025.0, ""kaynak"": ""BNB""}]",YOK,-0.1457,0.0814,,,true,0,false,,0,2,3,0,0,3,27.8,28.9,IZLE,,25,63965,,,,,SEVIYE,75,2302.7,230,,,,,,,,,0,,18,1421.6,18,,,
32202,2026-07-30 06:16:16.555596+00,63962.95,36621.503244302825,210871.26800000004,11801107204.3961,0.00007677000000000001,51071362.86195001,0.0,24.5,BEKLE,false,0.0,0.0,1.5342,1448.363,52002176.43399998,0,0.0,24.5,"[{""usdt"": 15256806.0, ""borsa"": 3, ""fiyat"": 63950.0, ""kaynak"": ""BNB+BYB+OKX""}, {""usdt"": 9594124.0, ""borsa"": 1, ""fiyat"": 63850.0, ""kaynak"": ""BNB""}, {""usdt"": 8820728.0, ""borsa"": 2, ""fiyat"": 63925.0, ""kaynak"": ""BNB+BYB""}]","[{""usdt"": 16965991.0, ""borsa"": 3, ""fiyat"": 63975.0, ""kaynak"": ""BNB+BYB+OKX""}, {""usdt"": 13134664.0, ""borsa"": 3, ""fiyat"": 64000.0, ""kaynak"": ""BNB+BYB+OKX""}, {""usdt"": 10541560.0, ""borsa"": 1, ""fiyat"": 64050.0, ""kaynak"": ""BNB""}]",YOK,-0.1367,-0.009,0.464,0.1255,false,0,false,,0,2,3,0,1,3,24.4,25.5,IZLE,,25,63963.3,,,,,SEVIYE,90,2303.7,231,PCT,0.63,0.012537919147602631,0.009892678215731934,false,0.012,,,0,,19,1422.6,19,,,
32203,2026-07-30 06:17:17.511843+00,63960.05,247220.56200440243,249496.34000000003,11803571474.044102,0.00007677000000000001,51210237.365359984,0.0,20.1,BEKLE,true,0.0,0.0,1.5342,1509.361,51074761.12261994,60.998,20.1,0.0,"[{""usdt"": 12964664.0, ""borsa"": 3, ""fiyat"": 63950.0, ""kaynak"": ""BNB+BYB+OKX""}, {""usdt"": 9413903.0, ""borsa"": 1, ""fiyat"": 63875.0, ""kaynak"": ""BNB""}, {""usdt"": 8920580.0, ""borsa"": 3, ""fiyat"": 63975.0, ""kaynak"": ""BNB+BYB+OKX""}]","[{""usdt"": 15089293.0, ""borsa"": 3, ""fiyat"": 64000.0, ""kaynak"": ""BNB+BYB+OKX""}, {""usdt"": 11687876.0, ""borsa"": 3, ""fiyat"": 63975.0, ""kaynak"": ""BNB+BYB+OKX""}, {""usdt"": 9687860.0, ""borsa"": 1, ""fiyat"": 64050.0, ""kaynak"": ""BNB""}]",YOK,-0.0838,0.0013,,,false,0.0105,false,,0,1,3,0,1,3,21.6,22.7,IZLE,,25,63963.3,,,,,SEVIYE,90,2304.7,231,,,,,,,,,0,,19,1423.6,19,,,
32204,2026-07-30 06:18:17.869405+00,63962.850000000006,247279.20444390213,229127.24500000002,11800857143.7404,0.00007677000000000001,50180503.92786997,383.82180000000005,9.6,BEKLE,,0.0,383.82180000000005,1.5336,1569.618,52140037.83409993,121.255,9.6,0.0,"[{""usdt"": 15164491.0, ""borsa"": 3, ""fiyat"": 63950.0, ""kaynak"": ""BNB+BYB+OKX""}, {""usdt"": 9607538.0, ""borsa"": 1, ""fiyat"": 63875.0, ""kaynak"": ""BNB""}, {""usdt"": 9340855.0, ""borsa"": 1, ""fiyat"": 63850.0, ""kaynak"": ""BNB""}]","[{""usdt"": 20172406.0, ""borsa"": 3, ""fiyat"": 63975.0, ""kaynak"": ""BNB+BYB+OKX""}, {""usdt"": 9280629.0, ""borsa"": 3, ""fiyat"": 64000.0, ""kaynak"": ""BNB+BYB+OKX""}, {""usdt"": 8075006.0, ""borsa"": 1, ""fiyat"": 64050.0, ""kaynak"": ""BNB""}]",YOK,-0.1286,-0.0192,,,false,0,false,,0,2,3,0,1,3,18,19,IZLE,,25,63963.3,,,,,SEVIYE,90,2305.7,231,,,,,,,1785392220,1,0,,19,1424.6,19,,,
32205,2026-07-30 06:19:18.141208+00,63954.350000000006,98923.68858710311,225870.38500000004,11800290597.7737,0.00007677000000000001,50513829.848990016,383.82180000000005,8.2,BEKLE,,0.0,383.82180000000005,1.5336,1629.974,46531662.633470014,181.611,8.2,0.0,"[{""usdt"": 13082508.0, ""borsa"": 3, ""fiyat"": 63950.0, ""kaynak"": ""BNB+BYB+OKX""}, {""usdt"": 11146459.0, ""borsa"": 1, ""fiyat"": 63850.0, ""kaynak"": ""BNB""}, {""usdt"": 9018608.0, ""borsa"": 1, ""fiyat"": 63875.0, ""kaynak"": ""BNB""}]","[{""usdt"": 15248515.0, ""borsa"": 3, ""fiyat"": 63975.0, ""kaynak"": ""BNB+BYB+OKX""}, {""usdt"": 10186838.0, ""borsa"": 1, ""fiyat"": 64050.0, ""kaynak"": ""BNB""}, {""usdt"": 7307187.0, ""borsa"": 3, ""fiyat"": 64000.0, ""kaynak"": ""BNB+BYB+OKX""}]",YOK,-0.1365,0.041,,,false,0.0352,false,,0,2,3,0,1,3,14.2,15.3,IZLE,,25,63963.3,,,,,SEVIYE,90,2306.7,231,,,,,,,1785392220,1,1,,19,1425.6,19,,,
32206,2026-07-30 06:20:18.402635+00,63939.75,99976.5356122031,276319.97699999996,11799057957.8312,0.00007677000000000001,47831013.29589,383.82180000000005,7.9,BEKLE,,0.0,383.82180000000005,1.5336,1690.202,46524252.051680036,241.839,7.9,0.0,"[{""usdt"": 13134077.0, ""borsa"": 3, ""fiyat"": 63925.0, ""kaynak"": ""BNB+BYB+OKX""}, {""usdt"": 10298005.0, ""borsa"": 1, ""fiyat"": 63850.0, ""kaynak"": ""BNB""}, {""usdt"": 8673001.0, ""borsa"": 1, ""fiyat"": 63875.0, ""kaynak"": ""BNB""}]","[{""usdt"": 12354295.0, ""borsa"": 3, ""fiyat"": 63975.0, ""kaynak"": ""BNB+BYB+OKX""}, {""usdt"": 8392701.0, ""borsa"": 1, ""fiyat"": 64050.0, ""kaynak"": ""BNB""}, {""usdt"": 8009311.0, ""borsa"": 1, ""fiyat"": 64025.0, ""kaynak"": ""BNB""}]",YOK,-0.2,0.0138,,,false,0.0122,false,,0,2,3,0,1,3,10.6,11.7,IZLE,,25,63963.3,,,,,SEVIYE,90,2307.7,231,,,,,,,1785392220,1,2,,19,1426.6,19,,,
32207,2026-07-30 06:21:18.665699+00,63954.05,24715.870918702985,349551.636,11799812496.1025,0.00007677000000000001,51757470.090659976,383.82180000000005,18.0,BEKLE,true,0.0,383.82180000000005,1.531,1750.497,52589279.77899,0,0.0,18.0,"[{""usdt"": 12296513.0, ""borsa"": 3, ""fiyat"": 63925.0, ""kaynak"": ""BNB+BYB+OKX""}, {""usdt"": 10963202.0, ""borsa"": 1, ""fiyat"": 63850.0, ""kaynak"": ""BNB""}, {""usdt"": 8926259.0, ""borsa"": 1, ""fiyat"": 63875.0, ""kaynak"": ""BNB""}]","[{""usdt"": 21823164.0, ""borsa"": 3, ""fiyat"": 63975.0, ""kaynak"": ""BNB+BYB+OKX""}, {""usdt"": 7869511.0, ""borsa"": 1, ""fiyat"": 64050.0, ""kaynak"": ""BNB""}, {""usdt"": 7856779.0, ""borsa"": 1, ""fiyat"": 64025.0, ""kaynak"": ""BNB""}]",YOK,-0.1132,-0.008,,,false,0.0327,false,,1,1,3,0,1,3,7.1,8.1,IZLE,,25,63963.3,,,,,SEVIYE,90,2308.7,231,,,,,,,1785392220,1,3,,19,1427.6,19,,,
32208,2026-07-30 06:22:18.91761+00,63976.649999999994,-103299.87032669652,433039.55000000005,11803315294.9306,0.00007677000000000001,48492005.35870002,0.0,19.9,BEKLE,,0.0,0.0,1.531,784.632,54265416.105299994,60.246,0.0,19.9,"[{""usdt"": 12829094.0, ""borsa"": 3, ""fiyat"": 63950.0, ""kaynak"": ""BNB+BYB+OKX""}, {""usdt"": 10706332.0, ""borsa"": 1, ""fiyat"": 63900.0, ""kaynak"": ""BNB""}, {""usdt"": 8526191.0, ""borsa"": 1, ""fiyat"": 63875.0, ""kaynak"": ""BNB""}]","[{""usdt"": 23066767.0, ""borsa"": 3, ""fiyat"": 64000.0, ""kaynak"": ""BNB+BYB+OKX""}, {""usdt"": 10191030.0, ""borsa"": 1, ""fiyat"": 64050.0, ""kaynak"": ""BNB""}, {""usdt"": 6940233.0, ""borsa"": 1, ""fiyat"": 64075.0, ""kaynak"": ""BNB""}]",YOK,-0.1278,-0.0562,,,true,0.0758,false,,0,1,3,0,1,3,3.5,4.6,IZLE,,25,63963.3,,,,,SEVIYE,90,2309.8,231,,,,,,,,,0,,19,1428.6,19,,,
32209,2026-07-30 06:23:19.170033+00,63983.55,-50241.35080709821,398490.441,11804323016.1978,0.00007677000000000001,49327813.26670006,0.0,18.7,BEKLE,false,0.0,0.0,1.531,844.914,55411570.43749999,60.282,0.0,18.7,"[{""usdt"": 12437471.0, ""borsa"": 3, ""fiyat"": 63950.0, ""kaynak"": ""BNB+BYB+OKX""}, {""usdt"": 11667913.0, ""borsa"": 1, ""fiyat"": 63900.0, ""kaynak"": ""BNB""}, {""usdt"": 9180738.0, ""borsa"": 3, ""fiyat"": 63975.0, ""kaynak"": ""BNB+BYB+OKX""}]","[{""usdt"": 23170786.0, ""borsa"": 3, ""fiyat"": 64000.0, ""kaynak"": ""BNB+BYB+OKX""}, {""usdt"": 9629338.0, ""borsa"": 1, ""fiyat"": 64075.0, ""kaynak"": ""BNB""}, {""usdt"": 8074384.0, ""borsa"": 1, ""fiyat"": 64050.0, ""kaynak"": ""BNB""}]",YOK,-0.1278,-0.0581,,,true,0.0486,false,,0,1,3,0,1,3,63.8,62.3,IZLE,,25,63963.3,,,,,SEVIYE,90,2310.8,231,,,,,,,,,0,,19,1429.6,19,,,
32210,2026-07-30 06:24:19.407394+00,64003.850000000006,244112.5218922011,460357.68200000003,11805927158.5262,0.00007677000000000001,50433148.43933005,0.0,19.5,BEKLE,true,0.0,0.0,1.531,905.133,55060538.873059995,120.501,0.0,19.5,"[{""usdt"": 12884134.0, ""borsa"": 3, ""fiyat"": 63975.0, ""kaynak"": ""BNB+BYB+OKX""}, {""usdt"": 11667913.0, ""borsa"": 1, ""fiyat"": 63900.0, ""kaynak"": ""BNB""}, {""usdt"": 9839410.0, ""borsa"": 3, ""fiyat"": 63950.0, ""kaynak"": ""BNB+BYB+OKX""}]","[{""usdt"": 24554816.0, ""borsa"": 3, ""fiyat"": 64000.0, ""kaynak"": ""BNB+BYB+OKX""}, {""usdt"": 9629338.0, ""borsa"": 1, ""fiyat"": 64075.0, ""kaynak"": ""BNB""}, {""usdt"": 8074384.0, ""borsa"": 1, ""fiyat"": 64050.0, ""kaynak"": ""BNB""}]",YOK,-0.1073,-0.0439,,,true,0,false,,0,1,3,0,0,3,60.2,61.2,IZLE,,25,64030.6,,,,,SEVIYE,60,2922.7,292,,,,,,,,,0,,19,1430.6,19,,,
32211,2026-07-30 06:25:19.887572+00,64019.95,633858.0402762,201544.235,11811219013.6829,0.00007677000000000001,48318073.05984003,0.0,15.5,BEKLE,false,0.0,0.0,1.531,965.428,51811805.71371001,180.796,15.5,0.0,"[{""usdt"": 11829418.0, ""borsa"": 3, ""fiyat"": 64000.0, ""kaynak"": ""BNB+BYB+OKX""}, {""usdt"": 11515878.0, ""borsa"": 3, ""fiyat"": 63975.0, ""kaynak"": ""BNB+BYB+OKX""}, {""usdt"": 8896904.0, ""borsa"": 1, ""fiyat"": 63925.0, ""kaynak"": ""BNB""}]","[{""usdt"": 18932370.0, ""borsa"": 3, ""fiyat"": 64025.0, ""kaynak"": ""BNB+BYB+OKX""}, {""usdt"": 8325530.0, ""borsa"": 1, ""fiyat"": 64100.0, ""kaynak"": ""BNB""}, {""usdt"": 7437807.0, ""borsa"": 1, ""fiyat"": 64075.0, ""kaynak"": ""BNB""}]",YOK,-0.068,-0.0349,,,true,0,false,,0,0,3,0,0,3,56.7,57.7,IZLE,,25,64030.6,,,,,SEVIYE,60,2923.7,292,,,,,,,,,0,,19,1431.6,19,,,
32212,2026-07-30 06:26:20.166272+00,64044.05,633858.0402762,201544.235,11811219013.6829,0.00007677000000000001,45972737.480830014,0.0,21.5,BEKLE,false,0.0,0.0,1.531,0,55153436.440139964,0,21.5,0.0,"[{""usdt"": 13505818.0, ""borsa"": 3, ""fiyat"": 64025.0, ""kaynak"": ""BNB+BYB+OKX""}, {""usdt"": 8477850.0, ""borsa"": 1, ""fiyat"": 63975.0, ""kaynak"": ""BNB""}, {""usdt"": 7848038.0, ""borsa"": 1, ""fiyat"": 63925.0, ""kaynak"": ""BNB""}]","[{""usdt"": 23278460.0, ""borsa"": 3, ""fiyat"": 64050.0, ""kaynak"": ""BNB+BYB+OKX""}, {""usdt"": 8727507.0, ""borsa"": 1, ""fiyat"": 64150.0, ""kaynak"": ""BNB""}, {""usdt"": 8027690.0, ""borsa"": 2, ""fiyat"": 64075.0, ""kaynak"": ""BNB+BYB""}]",YOK,-0.0614,-0.0908,0.7174,5.7506,true,0.1484,false,,0,0,3,0,1,3,53,54.1,IZLE,,25,64030.6,,,,,SEVIYE,60,2924.7,293,,,,,,,,,0,,18,1432.6,18,,,
32213,2026-07-30 06:27:20.44065+00,64010.45,863764.3645097006,229232.18099999998,11815855813.744,0.00007677000000000001,44449151.31215996,0.0,24.4,BEKLE,,0.0,0.0,1.531,60.296,54701945.66962001,60.296,24.4,0.0,"[{""usdt"": 16119524.0, ""borsa"": 3, ""fiyat"": 64025.0, ""kaynak"": ""BNB+BYB+OKX""}, {""usdt"": 8031476.0, ""borsa"": 1, ""fiyat"": 63950.0, ""kaynak"": ""BNB""}, {""usdt"": 6394308.0, ""borsa"": 1, ""fiyat"": 63975.0, ""kaynak"": ""BNB""}]","[{""usdt"": 17818241.0, ""borsa"": 3, ""fiyat"": 64075.0, ""kaynak"": ""BNB+BYB+OKX""}, {""usdt"": 10821564.0, ""borsa"": 3, ""fiyat"": 64050.0, ""kaynak"": ""BNB+BYB+OKX""}, {""usdt"": 9955117.0, ""borsa"": 1, ""fiyat"": 64150.0, ""kaynak"": ""BNB""}]",YOK,-0.014,-0.1034,0.7453,1.4128,true,0.0377,false,,0,0,3,0,1,3,49.5,50.6,IZLE,,25,64030.6,,,,,SEVIYE,60,2925.7,293,,,,,,,,,0,,18,1433.6,18,,,
32214,2026-07-30 06:28:20.661184+00,64043.95,704006.7801417017,122744.576,11810758871.9262,0.00007677000000000001,50313798.038209975,0.0,28.6,BEKLE,false,0.0,0.0,1.5304,120.515,53605310.55067997,120.515,28.6,0.0,"[{""usdt"": 13557237.0, ""borsa"": 3, ""fiyat"": 64025.0, ""kaynak"": ""BNB+BYB+OKX""}, {""usdt"": 10210136.0, ""borsa"": 3, ""fiyat"": 64000.0, ""kaynak"": ""BNB+BYB+OKX""}, {""usdt"": 8540000.0, ""borsa"": 1, ""fiyat"": 63950.0, ""kaynak"": ""BNB""}]","[{""usdt"": 24044333.0, ""borsa"": 3, ""fiyat"": 64050.0, ""kaynak"": ""BNB+BYB+OKX""}, {""usdt"": 8516063.0, ""borsa"": 1, ""fiyat"": 64125.0, ""kaynak"": ""BNB""}, {""usdt"": 7313006.0, ""borsa"": 1, ""fiyat"": 64100.0, ""kaynak"": ""BNB""}]",YOK,0.0064,-0.0317,0.6278,2.7265,false,,false,,0,0,3,0,0,3,45.9,47,IZLE,,25,64030.6,,,,,SEVIYE,60,2926.7,293,,,,,,,,,0,,18,1434.6,18,,,
32215,2026-07-30 06:29:20.913833+00,64030.149999999994,996370.3919577037,180101.71099999998,11816403015.4458,0.00007677000000000001,48165907.293689996,0.0,27.4,BEKLE,false,0.0,0.0,1.5304,180.767,47113202.42231997,120.471,27.4,0.0,"[{""usdt"": 12167465.0, ""borsa"": 3, ""fiyat"": 64000.0, ""kaynak"": ""BNB+BYB+OKX""}, {""usdt"": 11212096.0, ""borsa"": 3, ""fiyat"": 64025.0, ""kaynak"": ""BNB+BYB+OKX""}, {""usdt"": 7816317.0, ""borsa"": 1, ""fiyat"": 63925.0, ""kaynak"": ""BNB""}]","[{""usdt"": 15183001.0, ""borsa"": 3, ""fiyat"": 64050.0, ""kaynak"": ""BNB+BYB+OKX""}, {""usdt"": 9155022.0, ""borsa"": 1, ""fiyat"": 64125.0, ""kaynak"": ""BNB""}, {""usdt"": 8950956.0, ""borsa"": 1, ""fiyat"": 64100.0, ""kaynak"": ""BNB""}]",YOK,-0.0751,0.011,0.6234,1.1816,false,,false,,0,0,3,0,0,3,42.3,43.4,IZLE,,25,64030.6,,,,,SEVIYE,60,2927.7,293,,,,,,,,,0,,18,1435.6,18,,,
32216,2026-07-30 06:30:21.35734+00,64045.75,948998.6504547059,166260.32799999998,11814257936.371,0.00007677000000000001,45435985.17465998,0.0,8.5,BEKLE,,0.0,0.0,1.5304,241.022,54263886.53239994,180.726,8.5,0.0,"[{""usdt"": 15875791.0, ""borsa"": 3, ""fiyat"": 64025.0, ""kaynak"": ""BNB+BYB+OKX""}, {""usdt"": 8438260.0, ""borsa"": 1, ""fiyat"": 63950.0, ""kaynak"": ""BNB""}, {""usdt"": 7072627.0, ""borsa"": 2, ""fiyat"": 64000.0, ""kaynak"": ""BNB+BYB""}]","[{""usdt"": 18169561.0, ""borsa"": 3, ""fiyat"": 64075.0, ""kaynak"": ""BNB+BYB+OKX""}, {""usdt"": 11663188.0, ""borsa"": 3, ""fiyat"": 64050.0, ""kaynak"": ""BNB+BYB+OKX""}, {""usdt"": 8762896.0, ""borsa"": 1, ""fiyat"": 64150.0, ""kaynak"": ""BNB""}]",YOK,0.0277,-0.0885,,,false,,false,,0,0,3,0,0,3,38.8,39.9,IZLE,,25,64030.6,,,,,SEVIYE,60,2928.7,293,,,,,,,,,0,,18,1436.6,18,,,
32217,2026-07-30 06:31:21.629723+00,64030.75,1008086.9471918052,496502.44399999996,11815138476.0145,0.00007677000000000001,46872559.877829984,0.0,25.0,BEKLE,true,0.0,0.0,1.5304,301.477,51222871.59415998,60.455,0.0,25.0,"[{""usdt"": 15427335.0, ""borsa"": 3, ""fiyat"": 64025.0, ""kaynak"": ""BNB+BYB+OKX""}, {""usdt"": 9576647.0, ""borsa"": 3, ""fiyat"": 64000.0, ""kaynak"": ""BNB+BYB+OKX""}, {""usdt"": 9288657.0, ""borsa"": 1, ""fiyat"": 63950.0, ""kaynak"": ""BNB""}]","[{""usdt"": 13159157.0, ""borsa"": 3, ""fiyat"": 64075.0, ""kaynak"": ""BNB+BYB+OKX""}, {""usdt"": 11982369.0, ""borsa"": 3, ""fiyat"": 64050.0, ""kaynak"": ""BNB+BYB+OKX""}, {""usdt"": 10310358.0, ""borsa"": 1, ""fiyat"": 64150.0, ""kaynak"": ""BNB""}]",YOK,-0.0309,-0.0443,0.439,0.8453,false,,false,,0,1,3,0,0,3,35.4,36.5,IZLE,,25,64030.6,,,,,SEVIYE,60,2929.7,293,,,,,,,,,0,,18,1437.7,18,,,
32218,2026-07-30 06:32:23.076007+00,64028.850000000006,991146.3295003049,505643.861,11813271444.815998,0.00007677000000000001,46560814.97297998,1856.9367000000002,21.6,BEKLE,true,0.0,1856.9367000000002,1.5304,362.935,50485928.05763996,61.458,0.0,21.6,"[{""usdt"": 10711852.0, ""borsa"": 3, ""fiyat"": 64000.0, ""kaynak"": ""BNB+BYB+OKX""}, {""usdt"": 10402953.0, ""borsa"": 3, ""fiyat"": 64025.0, ""kaynak"": ""BNB+BYB+OKX""}, {""usdt"": 8727770.0, ""borsa"": 1, ""fiyat"": 63950.0, ""kaynak"": ""BNB""}]","[{""usdt"": 19943772.0, ""borsa"": 3, ""fiyat"": 64050.0, ""kaynak"": ""BNB+BYB+OKX""}, {""usdt"": 11107341.0, ""borsa"": 1, ""fiyat"": 64125.0, ""kaynak"": ""BNB""}, {""usdt"": 6371304.0, ""borsa"": 1, ""fiyat"": 64075.0, ""kaynak"": ""BNB""}]",YOK,-0.1048,-0.0404,,,false,,false,,0,1,3,0,0,3,33.1,34.1,IZLE,,25,64030.6,,,,,SEVIYE,60,2930.7,293,,,,,,,1785393000,1,0,,18,1438.7,18,,,
32219,2026-07-30 06:33:23.365661+00,64031.149999999994,940527.3555822059,493798.604,11812383272.4491,0.00007677000000000001,48213373.77889997,1856.9367000000002,24.9,BEKLE,true,0.0,1856.9367000000002,1.5329,423.202,43166256.05940999,60.267,0.0,24.9,"[{""usdt"": 11413784.0, ""borsa"": 3, ""fiyat"": 64000.0, ""kaynak"": ""BNB+BYB+OKX""}, {""usdt"": 9698849.0, ""borsa"": 1, ""fiyat"": 63925.0, ""kaynak"": ""BNB""}, {""usdt"": 9633868.0, ""borsa"": 3, ""fiyat"": 64025.0, ""kaynak"": ""BNB+BYB+OKX""}]","[{""usdt"": 13927972.0, ""borsa"": 3, ""fiyat"": 64050.0, ""kaynak"": ""BNB+BYB+OKX""}, {""usdt"": 9586812.0, ""borsa"": 1, ""fiyat"": 64125.0, ""kaynak"": ""BNB""}, {""usdt"": 8407367.0, ""borsa"": 1, ""fiyat"": 64100.0, ""kaynak"": ""BNB""}]",YOK,-0.0269,0.0552,0.2822,0.8274,false,,false,,1,0,3,1,0,3,29.2,30.3,IZLE,,25,64030.6,,,,,SEVIYE,60,2931.7,293,,,,,,,1785393000,1,1,,18,1439.7,18,,,
32220,2026-07-30 06:34:23.721135+00,64009.75,1132306.320759506,524022.936,11814630523.646801,0.00007677000000000001,46790503.987549976,1856.9367000000002,23.3,BEKLE,true,0.0,1856.9367000000002,1.5329,483.526,46746150.97861999,120.591,0.0,23.3,"[{""usdt"": 15529333.0, ""borsa"": 3, ""fiyat"": 64000.0, ""kaynak"": ""BNB+BYB+OKX""}, {""usdt"": 10394533.0, ""borsa"": 1, ""fiyat"": 63950.0, ""kaynak"": ""BNB""}, {""usdt"": 6897925.0, ""borsa"": 1, ""fiyat"": 63975.0, ""kaynak"": ""BNB""}]","[{""usdt"": 12631142.0, ""borsa"": 3, ""fiyat"": 64050.0, ""kaynak"": ""BNB+BYB+OKX""}, {""usdt"": 9289856.0, ""borsa"": 3, ""fiyat"": 64025.0, ""kaynak"": ""BNB+BYB+OKX""}, {""usdt"": 8888156.0, ""borsa"": 1, ""fiyat"": 64125.0, ""kaynak"": ""BNB""}]",YOK,-0.0504,0.0005,0.196,1.5939,false,,false,,1,0,3,0,0,3,25.7,26.8,IZLE,,25,64030.6,,,,,SEVIYE,60,2932.7,293,,,,,,,1785393000,1,2,,18,1440.7,18,,,
32221,2026-07-30 06:35:24.020534+00,63966.850000000006,852657.2566691058,451569.277,11805134084.321201,0.00007677000000000001,44990548.92288001,1856.9367000000002,29.6,BEKLE,false,0.0,1856.9367000000002,1.5329,0,53338243.30329997,0,0.0,29.6,"[{""usdt"": 11945427.0, ""borsa"": 3, ""fiyat"": 63950.0, ""kaynak"": ""BNB+BYB+OKX""}, {""usdt"": 10793893.0, ""borsa"": 1, ""fiyat"": 63900.0, ""kaynak"": ""BNB""}, {""usdt"": 8588308.0, ""borsa"": 3, ""fiyat"": 63975.0, ""kaynak"": ""BNB+BYB+OKX""}]","[{""usdt"": 19539604.0, ""borsa"": 3, ""fiyat"": 64000.0, ""kaynak"": ""BNB+BYB+OKX""}, {""usdt"": 9987768.0, ""borsa"": 1, ""fiyat"": 64075.0, ""kaynak"": ""BNB""}, {""usdt"": 6972481.0, ""borsa"": 1, ""fiyat"": 64050.0, ""kaynak"": ""BNB""}]",YOK,-0.1708,-0.0849,,,false,,false,,0,2,3,0,0,3,22.2,23.3,IZLE,,25,63956.7,,,,,SEVIYE,90,2322.8,232,,,,,,,1785393000,1,3,,18,1441.7,18,,,
32222,2026-07-30 06:36:24.310168+00,63951.149999999994,597917.2559764053,254173.51300000004,11802017744.018002,0.00007677000000000001,49434526.63870001,5756.8589999999995,23.9,BEKLE,false,5756.8589999999995,0.0,1.5349,60.26,48871128.89870004,60.26,23.9,0.0,"[{""usdt"": 11711198.0, ""borsa"": 3, ""fiyat"": 63925.0, ""kaynak"": ""BNB+BYB+OKX""}, {""usdt"": 10240696.0, ""borsa"": 1, ""fiyat"": 63875.0, ""kaynak"": ""BNB""}, {""usdt"": 10068910.0, ""borsa"": 1, ""fiyat"": 63900.0, ""kaynak"": ""BNB""}]","[{""usdt"": 12329423.0, ""borsa"": 3, ""fiyat"": 63975.0, ""kaynak"": ""BNB+BYB+OKX""}, {""usdt"": 9833944.0, ""borsa"": 1, ""fiyat"": 64025.0, ""kaynak"": ""BNB""}, {""usdt"": 7646873.0, ""borsa"": 3, ""fiyat"": 63950.0, ""kaynak"": ""BNB+BYB+OKX""}]",YOK,-0.1634,0.0057,0.5126,5.3575,false,,false,,0,2,3,0,1,3,18.6,19.7,IZLE,,25,63954.9,,,,,SEVIYE,90,2323.8,233,,,,,,,1785393300,1,0,,18,1442.7,18,,,
32223,2026-07-30 06:37:24.655989+00,63972.45,579929.6874788051,241732.23100000003,11800686636.0424,0.00007677000000000001,52531534.252040006,5756.175,27.7,BEKLE,false,5756.175,0.0,1.5349,120.614,50663695.01146001,60.354,27.7,0.0,"[{""usdt"": 13028664.0, ""borsa"": 3, ""fiyat"": 63925.0, ""kaynak"": ""BNB+BYB+OKX""}, {""usdt"": 11047816.0, ""borsa"": 3, ""fiyat"": 63950.0, ""kaynak"": ""BNB+BYB+OKX""}, {""usdt"": 10027676.0, ""borsa"": 1, ""fiyat"": 63850.0, ""kaynak"": ""BNB""}]","[{""usdt"": 17313235.0, ""borsa"": 3, ""fiyat"": 63975.0, ""kaynak"": ""BNB+BYB+OKX""}, {""usdt"": 8845871.0, ""borsa"": 1, ""fiyat"": 64025.0, ""kaynak"": ""BNB""}, {""usdt"": 7911468.0, ""borsa"": 1, ""fiyat"": 64050.0, ""kaynak"": ""BNB""}]",YOK,-0.1272,0.0181,0.492,3.6337,false,,false,,0,1,3,1,0,3,15.2,16.2,IZLE,,25,63954.9,,,,,SEVIYE,90,2324.8,233,,,,,,,1785393300,1,0,,18,1443.7,18,,,
32224,2026-07-30 06:38:24.873643+00,63998.149999999994,578838.0518233052,182538.962,11803210982.929,0.00007677000000000001,47193847.54378003,5756.175,30.4,BEKLE,false,5756.175,0.0,1.5349,180.888,50016375.74072001,0,30.4,0.0,"[{""usdt"": 14329124.0, ""borsa"": 3, ""fiyat"": 63975.0, ""kaynak"": ""BNB+BYB+OKX""}, {""usdt"": 10443100.0, ""borsa"": 1, ""fiyat"": 63900.0, ""kaynak"": ""BNB""}, {""usdt"": 7882501.0, ""borsa"": 1, ""fiyat"": 63925.0, ""kaynak"": ""BNB""}]","[{""usdt"": 17713381.0, ""borsa"": 3, ""fiyat"": 64025.0, ""kaynak"": ""BNB+BYB+OKX""}, {""usdt"": 9858066.0, ""borsa"": 1, ""fiyat"": 64075.0, ""kaynak"": ""BNB""}, {""usdt"": 7397347.0, ""borsa"": 1, ""fiyat"": 64100.0, ""kaynak"": ""BNB""}]",YOK,-0.0426,-0.029,0.4193,2.0603,false,,false,,0,0,3,1,1,3,11.7,12.7,IZLE,,25,64030.6,,,,,SEVIYE,60,2936.7,294,,,,,,,1785393300,1,1,,18,1444.7,18,,,
32225,2026-07-30 06:39:25.149039+00,63993.649999999994,638672.2253476047,172077.41600000003,11807288404.5641,0.00007677000000000001,48682688.79820997,5756.175,32.9,BEKLE,false,5756.175,0.0,1.5349,241.105,49791838.046579994,60.217,32.9,0.0,"[{""usdt"": 15291835.0, ""borsa"": 3, ""fiyat"": 63975.0, ""kaynak"": ""BNB+BYB+OKX""}, {""usdt"": 9810657.0, ""borsa"": 1, ""fiyat"": 63900.0, ""kaynak"": ""BNB""}, {""usdt"": 8077516.0, ""borsa"": 1, ""fiyat"": 63875.0, ""kaynak"": ""BNB""}]","[{""usdt"": 14328482.0, ""borsa"": 3, ""fiyat"": 64000.0, ""kaynak"": ""BNB+BYB+OKX""}, {""usdt"": 12806854.0, ""borsa"": 3, ""fiyat"": 64025.0, ""kaynak"": ""BNB+BYB+OKX""}, {""usdt"": 9650990.0, ""borsa"": 1, ""fiyat"": 64075.0, ""kaynak"": ""BNB""}]",YOK,-0.047,-0.0113,0.4657,0.8182,false,,false,,0,0,3,0,0,3,8.1,9.1,IZLE,,25,64030.6,,,,,SEVIYE,60,2937.8,294,,,,,,,1785393300,1,2,,18,1445.7,18,,,
32226,2026-07-30 06:40:25.50937+00,63983.55,898122.4552212018,184216.159,11809169400.7888,0.00007677000000000001,52577099.96155001,5756.175,22.8,BEKLE,,5756.175,0.0,1.5349,301.388,54114640.31589003,120.5,22.8,0.0,"[{""usdt"": 12548914.0, ""borsa"": 3, ""fiyat"": 63975.0, ""kaynak"": ""BNB+BYB+OKX""}, {""usdt"": 11065283.0, ""borsa"": 1, ""fiyat"": 63900.0, ""kaynak"": ""BNB""}, {""usdt"": 10911233.0, ""borsa"": 3, ""fiyat"": 63950.0, ""kaynak"": ""BNB+BYB+OKX""}]","[{""usdt"": 21669421.0, ""borsa"": 3, ""fiyat"": 64000.0, ""kaynak"": ""BNB+BYB+OKX""}, {""usdt"": 9457506.0, ""borsa"": 1, ""fiyat"": 64075.0, ""kaynak"": ""BNB""}, {""usdt"": 7648301.0, ""borsa"": 1, ""fiyat"": 64100.0, ""kaynak"": ""BNB""}]",YOK,-0.0823,-0.0144,,,false,,true,0.186,0,1,3,0,0,3,4,5.6,IZLE,,25,63954.9,,,,,SEVIYE,90,2327.9,233,,,,,,,1785393300,1,3,,18,1446.7,18,,,
32227,2026-07-30 06:41:25.753605+00,63985.05,-397789.9840567042,-88180.79200000002,11806208733.289902,0.00007677000000000001,52083710.39135005,0.0,33.5,BEKLE,false,0.0,0.0,1.5349,361.744,53066223.60089003,120.639,33.5,0.0,"[{""usdt"": 13386024.0, ""borsa"": 3, ""fiyat"": 63975.0, ""kaynak"": ""BNB+BYB+OKX""}, {""usdt"": 11788895.0, ""borsa"": 1, ""fiyat"": 63900.0, ""kaynak"": ""BNB""}, {""usdt"": 9768772.0, ""borsa"": 3, ""fiyat"": 63950.0, ""kaynak"": ""BNB+BYB+OKX""}]","[{""usdt"": 22626251.0, ""borsa"": 3, ""fiyat"": 64000.0, ""kaynak"": ""BNB+BYB+OKX""}, {""usdt"": 8213945.0, ""borsa"": 2, ""fiyat"": 64025.0, ""kaynak"": ""BNB+BYB""}, {""usdt"": 6936300.0, ""borsa"": 1, ""fiyat"": 64050.0, ""kaynak"": ""BNB""}]",YOK,-0.0432,-0.0093,0.6438,1.1818,false,,false,,1,1,3,0,0,3,63.4,62.9,IZLE,,25,63954.9,,,,,SEVIYE,90,2328.9,233,,,,,,,,,0,,18,1447.7,18,,,
32228,2026-07-30 06:42:26.288602+00,63988.350000000006,-125381.48717180491,131460.76800000004,11809134045.525,0.00007677000000000001,52952662.777440056,0.0,21.4,BEKLE,false,0.0,0.0,1.5349,422.008,55072974.97530002,180.903,21.4,0.0,"[{""usdt"": 14800463.0, ""borsa"": 3, ""fiyat"": 63975.0, ""kaynak"": ""BNB+BYB+OKX""}, {""usdt"": 11788895.0, ""borsa"": 1, ""fiyat"": 63900.0, ""kaynak"": ""BNB""}, {""usdt"": 9223285.0, ""borsa"": 3, ""fiyat"": 63950.0, ""kaynak"": ""BNB+BYB+OKX""}]","[{""usdt"": 23736570.0, ""borsa"": 3, ""fiyat"": 64000.0, ""kaynak"": ""BNB+BYB+OKX""}, {""usdt"": 8683875.0, ""borsa"": 2, ""fiyat"": 64025.0, ""kaynak"": ""BNB+BYB""}, {""usdt"": 6936300.0, ""borsa"": 1, ""fiyat"": 64050.0, ""kaynak"": ""BNB""}]",YOK,-0.0366,-0.0196,0.799,0.9708,false,,false,,1,1,3,0,1,3,60.8,61.9,IZLE,,25,63954.9,,,,,SEVIYE,90,2329.9,233,,,,,,,,,0,,18,1448.7,18,,,
32229,2026-07-30 06:43:26.655808+00,63980.05,-194803.6845632052,254278.10500000004,11809633836.6486,0.00007677000000000001,48659139.60378,0.0,16.1,BEKLE,true,0.0,0.0,1.5316,482.584,49193024.56724003,241.479,0.0,16.1,"[{""usdt"": 14360259.0, ""borsa"": 3, ""fiyat"": 63975.0, ""kaynak"": ""BNB+BYB+OKX""}, {""usdt"": 12060610.0, ""borsa"": 1, ""fiyat"": 63900.0, ""kaynak"": ""BNB""}, {""usdt"": 7650920.0, ""borsa"": 1, ""fiyat"": 63925.0, ""kaynak"": ""BNB""}]","[{""usdt"": 16491488.0, ""borsa"": 3, ""fiyat"": 64000.0, ""kaynak"": ""BNB+BYB+OKX""}, {""usdt"": 10423568.0, ""borsa"": 3, ""fiyat"": 64025.0, ""kaynak"": ""BNB+BYB+OKX""}, {""usdt"": 7995036.0, ""borsa"": 1, ""fiyat"": 64100.0, ""kaynak"": ""BNB""}]",YOK,-0.0914,-0.0055,0.8702,1.0969,false,,false,,0,0,3,0,0,3,57.6,58.7,IZLE,,25,63954.9,,,,,SEVIYE,90,2330.9,233,,,,,,,,,0,,18,1449.7,18,,,
32230,2026-07-30 06:44:26.918668+00,63980.05,-511684.6695790058,359764.224,11807000344.3892,0.00007677000000000001,49678747.69388999,0.0,21.2,BEKLE,true,0.0,0.0,1.5316,542.885,50771823.63502007,301.78,0.0,21.2,"[{""usdt"": 11011849.0, ""borsa"": 3, ""fiyat"": 63950.0, ""kaynak"": ""BNB+BYB+OKX""}, {""usdt"": 10857843.0, ""borsa"": 1, ""fiyat"": 63900.0, ""kaynak"": ""BNB""}, {""usdt"": 9292289.0, ""borsa"": 1, ""fiyat"": 63925.0, ""kaynak"": ""BNB""}]","[{""usdt"": 17621064.0, ""borsa"": 3, ""fiyat"": 64000.0, ""kaynak"": ""BNB+BYB+OKX""}, {""usdt"": 10337676.0, ""borsa"": 1, ""fiyat"": 64075.0, ""kaynak"": ""BNB""}, {""usdt"": 7426561.0, ""borsa"": 1, ""fiyat"": 64025.0, ""kaynak"": ""BNB""}]",YOK,-0.0896,-0.0109,0.7921,0.5046,false,,true,0.2082,1,1,3,0,0,3,54.1,55.1,IZLE,,25,63954.9,,,,,SEVIYE,90,2331.9,233,,,,,,,,,0,,18,1450.7,18,,,
32231,2026-07-30 06:45:27.206336+00,63983.45,-484281.58482840826,497388.03599999996,11807319979.5949,0.00007677000000000001,52835519.261949986,0.0,26.4,BEKLE,false,0.0,0.0,1.5316,603.164,51515044.39983999,362.059,0.0,26.4,"[{""usdt"": 12116655.0, ""borsa"": 1, ""fiyat"": 63900.0, ""kaynak"": ""BNB""}, {""usdt"": 11159888.0, ""borsa"": 3, ""fiyat"": 63975.0, ""kaynak"": ""BNB+BYB+OKX""}, {""usdt"": 10726527.0, ""borsa"": 3, ""fiyat"": 63950.0, ""kaynak"": ""BNB+BYB+OKX""}]","[{""usdt"": 17716911.0, ""borsa"": 3, ""fiyat"": 64000.0, ""kaynak"": ""BNB+BYB+OKX""}, {""usdt"": 10699727.0, ""borsa"": 1, ""fiyat"": 64075.0, ""kaynak"": ""BNB""}, {""usdt"": 6885200.0, ""borsa"": 2, ""fiyat"": 64025.0, ""kaynak"": ""BNB+BYB""}]",YOK,-0.0934,0.0127,0.7329,0.0029,false,,true,0.0009,1,1,3,1,0,3,50.5,51.6,IZLE,,25,63954.9,,,,,SEVIYE,90,2332.9,233,,,,,,,,,0,,18,1451.7,18,,,
32232,2026-07-30 06:46:27.523932+00,63992.25,-365678.4967915068,557651.1650000002,11808494644.157001,0.00007677000000000001,49368077.230910026,0.0,38.0,BEKLE,false,0.0,0.0,1.5316,663.469,58697807.683709994,422.364,0.0,38.0,"[{""usdt"": 16268430.0, ""borsa"": 3, ""fiyat"": 63975.0, ""kaynak"": ""BNB+BYB+OKX""}, {""usdt"": 12665341.0, ""borsa"": 1, ""fiyat"": 63900.0, ""kaynak"": ""BNB""}, {""usdt"": 7235270.0, ""borsa"": 1, ""fiyat"": 63925.0, ""kaynak"": ""BNB""}]","[{""usdt"": 16959612.0, ""borsa"": 3, ""fiyat"": 64025.0, ""kaynak"": ""BNB+BYB+OKX""}, {""usdt"": 16558509.0, ""borsa"": 3, ""fiyat"": 64000.0, ""kaynak"": ""BNB+BYB+OKX""}, {""usdt"": 9834286.0, ""borsa"": 1, ""fiyat"": 64100.0, ""kaynak"": ""BNB""}]",YOK,-0.0122,-0.0863,0.0306,0.3652,false,,false,,0,0,3,0,1,3,47,48.1,IZLE,,25,63957.5,,,,,SEVIYE,80,2333.9,234,PCT,0.85,0.30806361350564404,0.563778889846443,false,0.023,,,0,,18,1452.8,18,,,
32233,2026-07-30 06:47:28.771348+00,63986.05,-320067.6473551072,547185.35,11807798406.5243,0.00007677000000000001,48734815.93495,0.0,31.2,BEKLE,false,0.0,0.0,1.5316,724.79,51859357.53598002,483.685,0.0,31.2,"[{""usdt"": 15378508.0, ""borsa"": 3, ""fiyat"": 63975.0, ""kaynak"": ""BNB+BYB+OKX""}, {""usdt"": 10719682.0, ""borsa"": 1, ""fiyat"": 63900.0, ""kaynak"": ""BNB""}, {""usdt"": 7548991.0, ""borsa"": 3, ""fiyat"": 63950.0, ""kaynak"": ""BNB+BYB+OKX""}]","[{""usdt"": 15029760.0, ""borsa"": 3, ""fiyat"": 64000.0, ""kaynak"": ""BNB+BYB+OKX""}, {""usdt"": 10959169.0, ""borsa"": 3, ""fiyat"": 64025.0, ""kaynak"": ""BNB+BYB+OKX""}, {""usdt"": 8326092.0, ""borsa"": 1, ""fiyat"": 64100.0, ""kaynak"": ""BNB""}]",YOK,-0.0218,-0.0311,0.229,0.1441,false,,false,,0,0,3,0,0,3,44.1,45.2,IZLE,,25,63957.5,,,,,SEVIYE,80,2334.9,234,,,,,,,,,0,,18,1453.8,18,,,
32234,2026-07-30 06:48:29.127195+00,63941.850000000006,-1529997.757427509,476674.78,11802194724.6525,0.00007677000000000001,53694091.84930992,0.0,26.4,BEKLE,false,0.0,0.0,1.5323,785.014,51731129.08714004,543.909,0.0,26.4,"[{""usdt"": 15618301.0, ""borsa"": 3, ""fiyat"": 63950.0, ""kaynak"": ""BNB+BYB+OKX""}, {""usdt"": 10480167.0, ""borsa"": 1, ""fiyat"": 63900.0, ""kaynak"": ""BNB""}, {""usdt"": 9386441.0, ""borsa"": 3, ""fiyat"": 63925.0, ""kaynak"": ""BNB+BYB+OKX""}]","[{""usdt"": 15640781.0, ""borsa"": 3, ""fiyat"": 63975.0, ""kaynak"": ""BNB+BYB+OKX""}, {""usdt"": 9366400.0, ""borsa"": 2, ""fiyat"": 64000.0, ""kaynak"": ""BNB+BYB""}, {""usdt"": 8034923.0, ""borsa"": 1, ""fiyat"": 64050.0, ""kaynak"": ""BNB""}]",YOK,-0.104,0.0186,0.792,1.2072,false,,false,,0,1,3,0,0,3,40.5,41.6,IZLE,,25,63957.5,,,,,SEVIYE,80,2335.9,234,,,,,,,,,0,,18,1454.8,18,,,
32235,2026-07-30 06:49:29.407352+00,63967.649999999994,-2476801.728320005,341743.088,11803931160.064701,0.00007677000000000001,53517669.32662999,0.0,7.4,BEKLE,,0.0,0.0,1.5323,845.333,48858276.155370004,604.228,7.4,0.0,"[{""usdt"": 13051072.0, ""borsa"": 3, ""fiyat"": 63950.0, ""kaynak"": ""BNB+BYB+OKX""}, {""usdt"": 12187746.0, ""borsa"": 1, ""fiyat"": 63850.0, ""kaynak"": ""BNB""}, {""usdt"": 10011456.0, ""borsa"": 3, ""fiyat"": 63925.0, ""kaynak"": ""BNB+BYB+OKX""}]","[{""usdt"": 16566076.0, ""borsa"": 3, ""fiyat"": 63975.0, ""kaynak"": ""BNB+BYB+OKX""}, {""usdt"": 9298418.0, ""borsa"": 1, ""fiyat"": 64050.0, ""kaynak"": ""BNB""}, {""usdt"": 8333864.0, ""borsa"": 1, ""fiyat"": 64000.0, ""kaynak"": ""BNB""}]",YOK,-0.1368,0.0455,0.9857,0.3314,false,,false,,0,1,3,1,0,3,37,38.1,IZLE,,25,63957.5,,,,,SEVIYE,80,2336.9,234,,,,,,,,,0,,18,1455.8,18,,,
32236,2026-07-30 06:50:29.666405+00,63966.850000000006,-2261777.3150850045,621165.3770000002,11806521101.490799,0.00007677000000000001,49504121.93058995,63.9789,19.4,BEKLE,false,63.9789,0.0,1.5323,905.68,56111285.667220056,664.575,0.0,19.4,"[{""usdt"": 14101060.0, ""borsa"": 3, ""fiyat"": 63950.0, ""kaynak"": ""BNB+BYB+OKX""}, {""usdt"": 11561561.0, ""borsa"": 1, ""fiyat"": 63900.0, ""kaynak"": ""BNB""}, {""usdt"": 9242607.0, ""borsa"": 1, ""fiyat"": 63875.0, ""kaynak"": ""BNB""}]","[{""usdt"": 21449381.0, ""borsa"": 3, ""fiyat"": 64000.0, ""kaynak"": ""BNB+BYB+OKX""}, {""usdt"": 7850500.0, ""borsa"": 1, ""fiyat"": 64075.0, ""kaynak"": ""BNB""}, {""usdt"": 7252291.0, ""borsa"": 1, ""fiyat"": 64050.0, ""kaynak"": ""BNB""}]",YOK,-0.0607,-0.0626,0.9011,0.4483,false,,false,,0,0,3,1,1,3,33.4,34.5,IZLE,,25,63957.5,,,,,SEVIYE,80,2337.9,234,,,,,,,1785394140,1,0,,18,1456.8,18,,,
32237,2026-07-30 06:51:29.923193+00,63942.45,-2497176.6254083035,577551.8960000002,11802761978.483501,0.00007677000000000001,49390306.88459001,63.9789,7.5,BEKLE,,63.9789,0.0,1.5323,965.883,52245731.60127996,724.778,0.0,7.5,"[{""usdt"": 12212469.0, ""borsa"": 3, ""fiyat"": 63950.0, ""kaynak"": ""BNB+BYB+OKX""}, {""usdt"": 10541674.0, ""borsa"": 3, ""fiyat"": 63925.0, ""kaynak"": ""BNB+BYB+OKX""}, {""usdt"": 10219921.0, ""borsa"": 1, ""fiyat"": 63875.0, ""kaynak"": ""BNB""}]","[{""usdt"": 15348601.0, ""borsa"": 3, ""fiyat"": 63975.0, ""kaynak"": ""BNB+BYB+OKX""}, {""usdt"": 13028020.0, ""borsa"": 1, ""fiyat"": 64000.0, ""kaynak"": ""BNB""}, {""usdt"": 7591228.0, ""borsa"": 1, ""fiyat"": 64050.0, ""kaynak"": ""BNB""}]",YOK,-0.203,-0.0281,0.9855,1.2265,false,,false,,0,2,3,0,0,3,29.9,30.9,IZLE,,25,63957.5,,,,,SEVIYE,80,2338.9,234,,,,,,,1785394140,1,1,,18,1457.8,18,,,
32238,2026-07-30 06:52:30.251408+00,63961.350000000006,-753806.1148002053,591334.8140000001,11802411035.401,0.00007677000000000001,50835146.829099976,63.9789,10.6,BEKLE,false,63.9789,0.0,1.5323,1026.171,50265495.23799996,785.066,0.0,10.6,"[{""usdt"": 17026820.0, ""borsa"": 3, ""fiyat"": 63950.0, ""kaynak"": ""BNB+BYB+OKX""}, {""usdt"": 9039787.0, ""borsa"": 3, ""fiyat"": 63925.0, ""kaynak"": ""BNB+BYB+OKX""}, {""usdt"": 9002995.0, ""borsa"": 1, ""fiyat"": 63900.0, ""kaynak"": ""BNB""}]","[{""usdt"": 14803976.0, ""borsa"": 3, ""fiyat"": 63975.0, ""kaynak"": ""BNB+BYB+OKX""}, {""usdt"": 12422793.0, ""borsa"": 2, ""fiyat"": 64000.0, ""kaynak"": ""BNB+BYB""}, {""usdt"": 9638518.0, ""borsa"": 1, ""fiyat"": 64050.0, ""kaynak"": ""BNB""}]",YOK,-0.0473,0.0056,,,false,,false,,1,0,3,1,1,3,26.3,27.4,IZLE,,25,63957.5,,,,,SEVIYE,80,2339.9,234,,,,,,,1785394140,1,2,,18,1458.8,18,,,
32239,2026-07-30 06:53:30.545714+00,63940.25,-370399.2199882105,558897.1340000002,11799029996.785099,0.00007677000000000001,45073511.83949999,63.9789,10.6,BEKLE,false,63.9789,0.0,1.5323,1086.561,45544634.73584003,845.456,0.0,10.6,"[{""usdt"": 14931098.0, ""borsa"": 3, ""fiyat"": 63925.0, ""kaynak"": ""BNB+BYB+OKX""}, {""usdt"": 9283759.0, ""borsa"": 1, ""fiyat"": 63875.0, ""kaynak"": ""BNB""}, {""usdt"": 9162995.0, ""borsa"": 3, ""fiyat"": 63900.0, ""kaynak"": ""BNB+BYB+OKX""}]","[{""usdt"": 14181058.0, ""borsa"": 3, ""fiyat"": 63950.0, ""kaynak"": ""BNB+BYB+OKX""}, {""usdt"": 7435532.0, ""borsa"": 1, ""fiyat"": 64025.0, ""kaynak"": ""BNB""}, {""usdt"": 7403377.0, ""borsa"": 2, ""fiyat"": 63975.0, ""kaynak"": ""BNB+BYB""}]",YOK,-0.1474,-0.0052,0.8994,0.0662,false,,false,,0,2,3,0,0,3,22.9,23.9,IZLE,,25,63957.5,,,,,SEVIYE,80,2340.9,234,,,,,,,1785394140,1,3,,18,1459.8,18,,,
32240,2026-07-30 06:54:30.962537+00,63957.05,1610393.394212281,582021.4330000002,11802179239.6487,0.00007677000000000001,48240379.08653003,0.0,20.2,BEKLE,false,0.0,0.0,1.5323,1146.783,54865149.40976004,905.678,0.0,20.2,"[{""usdt"": 12253672.0, ""borsa"": 3, ""fiyat"": 63925.0, ""kaynak"": ""BNB+BYB+OKX""}, {""usdt"": 10849740.0, ""borsa"": 3, ""fiyat"": 63950.0, ""kaynak"": ""BNB+BYB+OKX""}, {""usdt"": 8943279.0, ""borsa"": 1, ""fiyat"": 63900.0, ""kaynak"": ""BNB""}]","[{""usdt"": 19018937.0, ""borsa"": 3, ""fiyat"": 63975.0, ""kaynak"": ""BNB+BYB+OKX""}, {""usdt"": 8734667.0, ""borsa"": 1, ""fiyat"": 64050.0, ""kaynak"": ""BNB""}, {""usdt"": 8052780.0, ""borsa"": 1, ""fiyat"": 64000.0, ""kaynak"": ""BNB""}]",YOK,-0.1658,-0.0643,0.9152,0.1265,false,,false,,0,2,3,1,0,3,19.3,20.3,IZLE,,25,63957.5,,,,,SEVIYE,80,2342.0,234,,,,,,,,,0,,18,1460.8,18,,,
32241,2026-07-30 06:55:31.259234+00,63969.149999999994,2513059.467922191,-86337.85999999999,11804221722.521,0.00007677000000000001,52618637.96473002,63.969300000000004,43.6,BEKLE,true,0.0,63.969300000000004,1.5323,1207.237,46958218.84200001,966.132,43.6,0.0,"[{""usdt"": 15923500.0, ""borsa"": 3, ""fiyat"": 63950.0, ""kaynak"": ""BNB+BYB+OKX""}, {""usdt"": 10755214.0, ""borsa"": 1, ""fiyat"": 63900.0, ""kaynak"": ""BNB""}, {""usdt"": 10091953.0, ""borsa"": 1, ""fiyat"": 63875.0, ""kaynak"": ""BNB""}]","[{""usdt"": 15091900.0, ""borsa"": 3, ""fiyat"": 64000.0, ""kaynak"": ""BNB+BYB+OKX""}, {""usdt"": 9599201.0, ""borsa"": 1, ""fiyat"": 64050.0, ""kaynak"": ""BNB""}, {""usdt"": 7069684.0, ""borsa"": 1, ""fiyat"": 64025.0, ""kaynak"": ""BNB""}]",YOK,-0.0536,0.0568,0.8106,0.0208,false,,false,,0,1,3,1,0,3,15.9,17,IZLE,,25,63957.5,,,,,SEVIYE,80,2343.0,234,,,,,,,1785394440,1,0,,18,1461.8,18,,,
32242,2026-07-30 06:56:31.564801+00,63954.649999999994,3340587.764600691,-57186.57900000001,11805286448.6908,0.00007677000000000001,50613331.750669986,63.969300000000004,37.8,BEKLE,true,0.0,63.969300000000004,1.5323,1267.58,48680047.37613999,1026.475,37.8,0.0,"[{""usdt"": 17038963.0, ""borsa"": 3, ""fiyat"": 63950.0, ""kaynak"": ""BNB+BYB+OKX""}, {""usdt"": 9682167.0, ""borsa"": 1, ""fiyat"": 63900.0, ""kaynak"": ""BNB""}, {""usdt"": 8621147.0, ""borsa"": 1, ""fiyat"": 63875.0, ""kaynak"": ""BNB""}]","[{""usdt"": 12869693.0, ""borsa"": 3, ""fiyat"": 63975.0, ""kaynak"": ""BNB+BYB+OKX""}, {""usdt"": 11167192.0, ""borsa"": 3, ""fiyat"": 64000.0, ""kaynak"": ""BNB+BYB+OKX""}, {""usdt"": 9286903.0, ""borsa"": 1, ""fiyat"": 64050.0, ""kaynak"": ""BNB""}]",YOK,-0.1318,0.0195,0.8517,0.0983,false,,false,,0,1,3,1,0,3,12.4,13.5,IZLE,,25,63963.1,,,,,SEVIYE,75,2344.0,235,,,,,,,1785394440,1,1,,18,1462.8,18,,,
32243,2026-07-30 06:57:31.854563+00,63959.95,4514429.600904691,-69994.048,11802146528.614399,0.00007677000000000001,53832327.95355001,63.969300000000004,38.7,BEKLE,true,0.0,63.969300000000004,1.5323,1327.776,51457153.71194002,1086.671,38.7,0.0,"[{""usdt"": 16228154.0, ""borsa"": 3, ""fiyat"": 63950.0, ""kaynak"": ""BNB+BYB+OKX""}, {""usdt"": 10684794.0, ""borsa"": 1, ""fiyat"": 63875.0, ""kaynak"": ""BNB""}, {""usdt"": 9942563.0, ""borsa"": 3, ""fiyat"": 63925.0, ""kaynak"": ""BNB+BYB+OKX""}]","[{""usdt"": 18030963.0, ""borsa"": 3, ""fiyat"": 63975.0, ""kaynak"": ""BNB+BYB+OKX""}, {""usdt"": 10539393.0, ""borsa"": 2, ""fiyat"": 64000.0, ""kaynak"": ""BNB+BYB""}, {""usdt"": 8150653.0, ""borsa"": 1, ""fiyat"": 64050.0, ""kaynak"": ""BNB""}]",YOK,-0.0627,0.0226,0.8326,0.0122,false,,false,,0,1,3,1,0,3,8.8,9.9,IZLE,,25,63963.1,,,,,SEVIYE,75,2345.0,235,,,,,,,1785394440,1,2,,18,1463.8,18,,,
32244,2026-07-30 06:58:32.255489+00,63967.75,3980309.3101409827,-86573.216,11803825213.3692,0.00007677000000000001,46314596.71117002,63.969300000000004,36.9,BEKLE,true,0.0,63.969300000000004,1.5323,1388.175,55006908.90124,1147.07,36.9,0.0,"[{""usdt"": 15016704.0, ""borsa"": 3, ""fiyat"": 63950.0, ""kaynak"": ""BNB+BYB+OKX""}, {""usdt"": 10221967.0, ""borsa"": 1, ""fiyat"": 63900.0, ""kaynak"": ""BNB""}, {""usdt"": 9096339.0, ""borsa"": 1, ""fiyat"": 63875.0, ""kaynak"": ""BNB""}]","[{""usdt"": 18943736.0, ""borsa"": 3, ""fiyat"": 64000.0, ""kaynak"": ""BNB+BYB+OKX""}, {""usdt"": 10674315.0, ""borsa"": 3, ""fiyat"": 63975.0, ""kaynak"": ""BNB+BYB+OKX""}, {""usdt"": 7052596.0, ""borsa"": 1, ""fiyat"": 64025.0, ""kaynak"": ""BNB""}]",YOK,-0.0966,-0.0858,0.808,0.2822,false,,false,,0,1,3,0,1,3,5.4,6.5,IZLE,,25,63963.1,,,,,SEVIYE,75,2346.0,235,,,,,,,1785394440,1,3,,18,1464.8,18,,,
32245,2026-07-30 06:59:32.503396+00,63961.350000000006,4443518.224595977,-122844.447,11802158694.597599,0.00007677000000000001,51568887.89747004,0.0,42.5,BEKLE,true,0.0,0.0,1.5323,1448.514,49532533.51464004,1207.409,42.5,0.0,"[{""usdt"": 15338484.0, ""borsa"": 3, ""fiyat"": 63950.0, ""kaynak"": ""BNB+BYB+OKX""}, {""usdt"": 10339201.0, ""borsa"": 1, ""fiyat"": 63850.0, ""kaynak"": ""BNB""}, {""usdt"": 8517834.0, ""borsa"": 1, ""fiyat"": 63900.0, ""kaynak"": ""BNB""}]","[{""usdt"": 12801931.0, ""borsa"": 3, ""fiyat"": 64000.0, ""kaynak"": ""BNB+BYB+OKX""}, {""usdt"": 11052553.0, ""borsa"": 3, ""fiyat"": 63975.0, ""kaynak"": ""BNB+BYB+OKX""}, {""usdt"": 9564778.0, ""borsa"": 1, ""fiyat"": 64050.0, ""kaynak"": ""BNB""}]",YOK,-0.0887,0.0201,0.7151,0.06,false,,false,,0,1,3,0,0,3,1.9,63.8,IZLE,,25,63963.1,,,,,SEVIYE,75,2347.0,235,,,,,,,,,0,,18,1465.8,18,,,
32246,2026-07-30 07:00:33.149332+00,63983.75,6358653.921386477,-3447.3689999999992,11804053432.7493,0.00007677000000000001,52333560.93110005,0.0,10.3,BEKLE,false,0.0,0.0,1.5323,1508.784,49399855.398020044,1267.679,0.0,10.3,"[{""usdt"": 16465018.0, ""borsa"": 3, ""fiyat"": 63950.0, ""kaynak"": ""BNB+BYB+OKX""}, {""usdt"": 10339201.0, ""borsa"": 1, ""fiyat"": 63850.0, ""kaynak"": ""BNB""}, {""usdt"": 8598484.0, ""borsa"": 3, ""fiyat"": 63925.0, ""kaynak"": ""BNB+BYB+OKX""}]","[{""usdt"": 12622240.0, ""borsa"": 3, ""fiyat"": 63975.0, ""kaynak"": ""BNB+BYB+OKX""}, {""usdt"": 10599945.0, ""borsa"": 2, ""fiyat"": 64000.0, ""kaynak"": ""BNB+BYB""}, {""usdt"": 9564778.0, ""borsa"": 1, ""fiyat"": 64050.0, ""kaynak"": ""BNB""}]",YOK,-0.0887,0.0288,0.9666,0.2027,false,,false,,0,1,3,0,0,3,62.2,63.3,IZLE,,25,63963.1,,,,,SEVIYE,75,2348.0,235,,,,,,,,,0,,18,1466.9,18,,,
32247,2026-07-30 07:01:34.877663+00,64021.55,6685013.681729777,277874.415,11813524777.9083,0.00007677000000000001,49408245.54203,0.0,19.7,BEKLE,true,0.0,0.0,1.5323,1570.772,56861382.59485006,1329.667,0.0,19.7,"[{""usdt"": 17601196.0, ""borsa"": 3, ""fiyat"": 63975.0, ""kaynak"": ""BNB+BYB+OKX""}, {""usdt"": 11782687.0, ""borsa"": 1, ""fiyat"": 63900.0, ""kaynak"": ""BNB""}, {""usdt"": 6753432.0, ""borsa"": 3, ""fiyat"": 63950.0, ""kaynak"": ""BNB+BYB+OKX""}]","[{""usdt"": 19523382.0, ""borsa"": 3, ""fiyat"": 64000.0, ""kaynak"": ""BNB+BYB+OKX""}, {""usdt"": 11286084.0, ""borsa"": 2, ""fiyat"": 64025.0, ""kaynak"": ""BNB+BYB""}, {""usdt"": 10104745.0, ""borsa"": 1, ""fiyat"": 64075.0, ""kaynak"": ""BNB""}]",YOK,-0.0724,-0.0701,0.8617,0.9522,false,,false,,0,2,3,1,1,3,60.3,61.4,IZLE,,25,64030.6,,,,,SEVIYE,60,2959.9,296,,,,,,,,,0,,18,1467.9,18,,,
32248,2026-07-30 07:02:35.136691+00,64079.649999999994,7846555.087524774,815271.304,11829839934.4886,0.00007677000000000001,50180277.27684,8459.4576,19.4,BEKLE,true,64.08680000000001,8395.3708,1.5323,1631.143,51478431.38729001,423.906,0.0,19.4,"[{""usdt"": 8983489.0, ""borsa"": 3, ""fiyat"": 64025.0, ""kaynak"": ""BNB+BYB+OKX""}, {""usdt"": 8645941.0, ""borsa"": 1, ""fiyat"": 63925.0, ""kaynak"": ""BNB""}, {""usdt"": 8599284.0, ""borsa"": 1, ""fiyat"": 63975.0, ""kaynak"": ""BNB""}]","[{""usdt"": 14587329.0, ""borsa"": 3, ""fiyat"": 64050.0, ""kaynak"": ""BNB+BYB+OKX""}, {""usdt"": 12314274.0, ""borsa"": 3, ""fiyat"": 64075.0, ""kaynak"": ""BNB+BYB+OKX""}, {""usdt"": 9454982.0, ""borsa"": 1, ""fiyat"": 64125.0, ""kaynak"": ""BNB""}]",YOK,0.0182,-0.0128,0.7015,1.392,false,,false,,0,1,3,1,0,3,56.8,57.9,IZLE,,25,64120.4,,,,,SEVIYE,55,1849.4,185,,,,,,,1785394860,1,0,,18,1468.9,18,,,
32249,2026-07-30 07:03:35.497496+00,64114.350000000006,7976626.492692975,670667.3209999999,11830515587.3701,0.00007677000000000001,49326351.938379996,14421.6969,0.0,BEKLE,,64.08680000000001,14357.610100000002,1.5323,60.244,57855579.22896997,60.244,0.0,0.0,"[{""usdt"": 16814419.0, ""borsa"": 3, ""fiyat"": 64075.0, ""kaynak"": ""BNB+BYB+OKX""}, {""usdt"": 8169338.0, ""borsa"": 3, ""fiyat"": 64050.0, ""kaynak"": ""BNB+BYB+OKX""}, {""usdt"": 7959063.0, ""borsa"": 1, ""fiyat"": 64000.0, ""kaynak"": ""BNB""}]","[{""usdt"": 23270783.0, ""borsa"": 3, ""fiyat"": 64100.0, ""kaynak"": ""BNB+BYB+OKX""}, {""usdt"": 9711539.0, ""borsa"": 1, ""fiyat"": 64150.0, ""kaynak"": ""BNB""}, {""usdt"": 8717570.0, ""borsa"": 3, ""fiyat"": 64125.0, ""kaynak"": ""BNB+BYB+OKX""}]",YOK,0.123,-0.0796,0.7672,1.5544,false,,false,,0,0,3,0,0,3,53.2,54.3,IZLE,,25,64120.4,,,,,SEVIYE,55,1850.4,185,,,,,,,1785394980,1,0,,18,1469.9,18,,,
32250,2026-07-30 07:04:35.870543+00,64083.350000000006,7692960.069012675,719734.8640000001,11827121539.566801,0.00007677000000000001,50205657.78488004,74428.03020000002,13.6,BEKLE,false,64.08680000000001,74363.94340000002,1.5323,60.404,47846064.05780004,60.404,0.0,13.6,"[{""usdt"": 14044794.0, ""borsa"": 3, ""fiyat"": 64100.0, ""kaynak"": ""BNB+BYB+OKX""}, {""usdt"": 9629643.0, ""borsa"": 3, ""fiyat"": 64075.0, ""kaynak"": ""BNB+BYB+OKX""}, {""usdt"": 8156527.0, ""borsa"": 1, ""fiyat"": 64050.0, ""kaynak"": ""BNB""}]","[{""usdt"": 13812567.0, ""borsa"": 3, ""fiyat"": 64125.0, ""kaynak"": ""BNB+BYB+OKX""}, {""usdt"": 11754514.0, ""borsa"": 1, ""fiyat"": 64200.0, ""kaynak"": ""BNB""}, {""usdt"": 9737550.0, ""borsa"": 1, ""fiyat"": 64175.0, ""kaynak"": ""BNB""}]",YOK,0.1307,0.0241,0.7066,1.4653,false,,false,7.0766,1,0,3,1,0,3,49.8,50.8,IZLE,,25,64120.4,,,,,SEVIYE,55,1851.4,185,,,,,,,1785394980,1,0,,18,1470.9,18,,,
32251,2026-07-30 07:05:36.122437+00,64074.850000000006,3612197.8910662867,712182.5859999998,11826655689.6332,0.00007677000000000001,46995463.51272998,74428.03020000002,28.0,BEKLE,false,64.08680000000001,74363.94340000002,1.5323,120.748,49848709.63958002,120.748,0.0,28.0,"[{""usdt"": 15404039.0, ""borsa"": 3, ""fiyat"": 64050.0, ""kaynak"": ""BNB+BYB+OKX""}, {""usdt"": 8879976.0, ""borsa"": 1, ""fiyat"": 64000.0, ""kaynak"": ""BNB""}, {""usdt"": 7911732.0, ""borsa"": 1, ""fiyat"": 63975.0, ""kaynak"": ""BNB""}]","[{""usdt"": 11419262.0, ""borsa"": 3, ""fiyat"": 64100.0, ""kaynak"": ""BNB+BYB+OKX""}, {""usdt"": 10509857.0, ""borsa"": 1, ""fiyat"": 64175.0, ""kaynak"": ""BNB""}, {""usdt"": 8540316.0, ""borsa"": 3, ""fiyat"": 64075.0, ""kaynak"": ""BNB+BYB+OKX""}]",YOK,0.0046,-0.0295,0.7056,1.2923,false,,false,,0,0,3,0,1,3,46.3,47.4,IZLE,,25,64030.6,,,,,SEVIYE,60,2963.9,296,,,,,,,1785394980,1,1,,18,1471.9,18,,,
32252,2026-07-30 07:06:36.591874+00,64044.05,3434420.659193888,570550.342,11821285432.483398,0.00007677000000000001,47723287.55971997,65968.57260000001,25.3,BEKLE,false,0.0,65968.57260000001,1.5336,60.212,46188946.90153,180.96,0.0,25.3,"[{""usdt"": 14825935.0, ""borsa"": 3, ""fiyat"": 64050.0, ""kaynak"": ""BNB+BYB+OKX""}, {""usdt"": 9286590.0, ""borsa"": 1, ""fiyat"": 63975.0, ""kaynak"": ""BNB""}, {""usdt"": 8987935.0, ""borsa"": 2, ""fiyat"": 64025.0, ""kaynak"": ""BNB+BYB""}]","[{""usdt"": 14324257.0, ""borsa"": 3, ""fiyat"": 64075.0, ""kaynak"": ""BNB+BYB+OKX""}, {""usdt"": 8704491.0, ""borsa"": 1, ""fiyat"": 64150.0, ""kaynak"": ""BNB""}, {""usdt"": 8559120.0, ""borsa"": 1, ""fiyat"": 64125.0, ""kaynak"": ""BNB""}]",YOK,0.0767,0.0163,0.8729,0.3341,false,,false,,1,0,3,0,0,3,42.7,43.7,IZLE,,25,64030.6,,,,,SEVIYE,55,2964.9,297,,,,,,,1785394980,1,0,,19,1853.4,19,,,
32253,2026-07-30 07:07:36.930533+00,64044.55,3434420.659193888,570550.342,11821285432.483398,0.00007677000000000001,47630023.54812,65968.57260000001,24.0,BEKLE,true,0.0,65968.57260000001,1.5336,60.499,48032170.17782999,241.459,24.0,0.0,"[{""usdt"": 12624508.0, ""borsa"": 3, ""fiyat"": 64050.0, ""kaynak"": ""BNB+BYB+OKX""}, {""usdt"": 9615517.0, ""borsa"": 1, ""fiyat"": 63975.0, ""kaynak"": ""BNB""}, {""usdt"": 9246573.0, ""borsa"": 1, ""fiyat"": 63950.0, ""kaynak"": ""BNB""}]","[{""usdt"": 14749279.0, ""borsa"": 3, ""fiyat"": 64075.0, ""kaynak"": ""BNB+BYB+OKX""}, {""usdt"": 9609846.0, ""borsa"": 1, ""fiyat"": 64125.0, ""kaynak"": ""BNB""}, {""usdt"": 8487304.0, ""borsa"": 1, ""fiyat"": 64175.0, ""kaynak"": ""BNB""}]",YOK,0.1115,-0.0042,0.9177,0.4033,false,,false,,0,0,3,0,0,3,39.3,40.4,IZLE,,50,64030.6,,,,,SEVIYE+TASFIYE,55,2965.9,297,,,,,,,1785394980,1,1,,19,1854.4,19,,,
32254,2026-07-30 07:08:38.939959+00,64004.05,3366537.2394701876,925733.153,11814042127.5108,0.00007677000000000001,44110265.20258,0.0,30.4,BEKLE,false,0.0,0.0,1.5336,62.029,48389164.33219997,62.029,0.0,30.4,"[{""usdt"": 10090425.0, ""borsa"": 1, ""fiyat"": 63975.0, ""kaynak"": ""BNB""}, {""usdt"": 9154530.0, ""borsa"": 3, ""fiyat"": 64025.0, ""kaynak"": ""BNB+BYB+OKX""}, {""usdt"": 8489471.0, ""borsa"": 3, ""fiyat"": 64000.0, ""kaynak"": ""BNB+BYB+OKX""}]","[{""usdt"": 16010161.0, ""borsa"": 3, ""fiyat"": 64050.0, ""kaynak"": ""BNB+BYB+OKX""}, {""usdt"": 8546407.0, ""borsa"": 1, ""fiyat"": 64100.0, ""kaynak"": ""BNB""}, {""usdt"": 6890902.0, ""borsa"": 1, ""fiyat"": 64125.0, ""kaynak"": ""BNB""}]",YOK,0.0041,-0.0463,0.9179,1.2125,false,,false,,0,1,3,0,1,3,37.5,38.6,IZLE,,25,64030.6,,,,,SEVIYE,55,2967.0,297,,,,,,,,,0,,19,1855.4,19,,,
32255,2026-07-30 07:09:39.224172+00,64019.05,3366537.2394701876,925733.153,11814042127.5108,0.00007677000000000001,52386215.246219985,0.0,24.9,BEKLE,false,0.0,0.0,1.5336,0,44328856.240029976,0,0.0,24.9,"[{""usdt"": 12421068.0, ""borsa"": 3, ""fiyat"": 63975.0, ""kaynak"": ""BNB+BYB+OKX""}, {""usdt"": 9810030.0, ""borsa"": 1, ""fiyat"": 63900.0, ""kaynak"": ""BNB""}, {""usdt"": 8305567.0, ""borsa"": 3, ""fiyat"": 64000.0, ""kaynak"": ""BNB+BYB+OKX""}]","[{""usdt"": 15166328.0, ""borsa"": 3, ""fiyat"": 64025.0, ""kaynak"": ""BNB+BYB+OKX""}, {""usdt"": 7578485.0, ""borsa"": 1, ""fiyat"": 64050.0, ""kaynak"": ""BNB""}, {""usdt"": 7281286.0, ""borsa"": 1, ""fiyat"": 64075.0, ""kaynak"": ""BNB""}]",YOK,0.0115,0.0833,0.9285,0.7623,false,,false,,1,0,3,0,0,3,33.9,35,IZLE,,25,64030.6,,,,,SEVIYE,55,2968.0,297,,,,,,,,,0,,19,1856.4,19,,,
32256,2026-07-30 07:10:39.594598+00,64037.25,3471161.7599077863,983841.34,11817082481.457901,0.00007677000000000001,42114972.58899002,4161.2415,27.7,BEKLE,false,4161.2415,0.0,1.5336,0,52795753.59582996,0,0.0,27.7,"[{""usdt"": 9373877.0, ""borsa"": 3, ""fiyat"": 64025.0, ""kaynak"": ""BNB+BYB+OKX""}, {""usdt"": 8523986.0, ""borsa"": 1, ""fiyat"": 63975.0, ""kaynak"": ""BNB""}, {""usdt"": 8185754.0, ""borsa"": 1, ""fiyat"": 63950.0, ""kaynak"": ""BNB""}]","[{""usdt"": 18662384.0, ""borsa"": 3, ""fiyat"": 64075.0, ""kaynak"": ""BNB+BYB+OKX""}, {""usdt"": 9905312.0, ""borsa"": 1, ""fiyat"": 64125.0, ""kaynak"": ""BNB""}, {""usdt"": 7871369.0, ""borsa"": 1, ""fiyat"": 64150.0, ""kaynak"": ""BNB""}]",YOK,-0.0284,-0.1125,,,false,,false,,0,1,3,0,1,3,30.5,31.6,IZLE,,25,64030.6,,,,,SEVIYE,55,2969.0,297,,,,,,,1785395340,1,0,,19,1857.4,19,,,
32257,2026-07-30 07:11:39.892977+00,64040.45,1451798.1050160003,1042304.6359999998,11817052475.372398,0.00007677000000000001,47988174.87957999,4163.204500000001,24.4,BEKLE,false,4163.204500000001,0.0,1.5336,60.326,45699721.43857993,60.326,0.0,24.4,"[{""usdt"": 10879319.0, ""borsa"": 1, ""fiyat"": 63975.0, ""kaynak"": ""BNB""}, {""usdt"": 10624683.0, ""borsa"": 3, ""fiyat"": 64000.0, ""kaynak"": ""BNB+BYB+OKX""}, {""usdt"": 8396762.0, ""borsa"": 1, ""fiyat"": 63925.0, ""kaynak"": ""BNB""}]","[{""usdt"": 14200103.0, ""borsa"": 3, ""fiyat"": 64050.0, ""kaynak"": ""BNB+BYB+OKX""}, {""usdt"": 8407110.0, ""borsa"": 1, ""fiyat"": 64125.0, ""kaynak"": ""BNB""}, {""usdt"": 7843019.0, ""borsa"": 1, ""fiyat"": 64100.0, ""kaynak"": ""BNB""}]",YOK,0.0271,0.0244,0.7222,0.0725,false,1.7257,false,,1,0,3,0,0,3,27,28.1,IZLE,,25,64030.6,,,,,SEVIYE,55,2970.0,297,,,,,,,1785395340,1,0,,19,1858.4,19,,,
32258,2026-07-30 07:12:40.571241+00,64049.149999999994,1628568.0339596006,1057372.248,11817781429.1229,0.00007677000000000001,45873453.09651001,4163.204500000001,33.1,BEKLE,false,4163.204500000001,0.0,1.5336,120.619,50362782.854929924,120.619,0.0,33.1,"[{""usdt"": 14680031.0, ""borsa"": 3, ""fiyat"": 64025.0, ""kaynak"": ""BNB+BYB+OKX""}, {""usdt"": 10005239.0, ""borsa"": 1, ""fiyat"": 63975.0, ""kaynak"": ""BNB""}, {""usdt"": 7383018.0, ""borsa"": 1, ""fiyat"": 64000.0, ""kaynak"": ""BNB""}]","[{""usdt"": 14748762.0, ""borsa"": 3, ""fiyat"": 64075.0, ""kaynak"": ""BNB+BYB+OKX""}, {""usdt"": 11937273.0, ""borsa"": 3, ""fiyat"": 64050.0, ""kaynak"": ""BNB+BYB+OKX""}, {""usdt"": 8889431.0, ""borsa"": 1, ""fiyat"": 64125.0, ""kaynak"": ""BNB""}]",YOK,0.0525,-0.0466,0.6965,0.0981,false,,false,,0,0,3,0,0,3,23.5,24.5,IZLE,,25,64030.6,,,,,SEVIYE,55,2971.0,297,,,,,,,1785395340,1,1,,19,1859.5,19,,,
32259,2026-07-30 07:13:40.970106+00,64041.149999999994,1588461.9942267009,1077146.7449999999,11819165411.1352,0.00007677000000000001,47253009.14356999,4163.204500000001,17.6,BEKLE,true,4163.204500000001,0.0,1.5336,0,49110695.65992002,121.088,0.0,17.6,"[{""usdt"": 10345139.0, ""borsa"": 3, ""fiyat"": 64025.0, ""kaynak"": ""BNB+BYB+OKX""}, {""usdt"": 9242975.0, ""borsa"": 1, ""fiyat"": 63950.0, ""kaynak"": ""BNB""}, {""usdt"": 8565127.0, ""borsa"": 1, ""fiyat"": 64000.0, ""kaynak"": ""BNB""}]","[{""usdt"": 15533476.0, ""borsa"": 3, ""fiyat"": 64075.0, ""kaynak"": ""BNB+BYB+OKX""}, {""usdt"": 9779992.0, ""borsa"": 1, ""fiyat"": 64125.0, ""kaynak"": ""BNB""}, {""usdt"": 8419601.0, ""borsa"": 1, ""fiyat"": 64150.0, ""kaynak"": ""BNB""}]",YOK,0.0298,-0.0193,0.879,1.0143,false,,false,,1,0,3,0,0,3,20.5,21.6,IZLE,,25,64030.6,,,,,SEVIYE,55,2972.0,297,,,,,,,1785395340,1,2,,19,1860.5,19,,,
32260,2026-07-30 07:14:41.295003+00,64024.850000000006,1421322.6159451008,1061369.4639999997,11817800001.701,0.00007677000000000001,50273854.178750016,4163.204500000001,18.0,BEKLE,false,4163.204500000001,0.0,1.5336,60.309,48750657.680469945,60.309,0.0,18.0,"[{""usdt"": 14091619.0, ""borsa"": 3, ""fiyat"": 64000.0, ""kaynak"": ""BNB+BYB+OKX""}, {""usdt"": 8935254.0, ""borsa"": 1, ""fiyat"": 63950.0, ""kaynak"": ""BNB""}, {""usdt"": 8695691.0, ""borsa"": 1, ""fiyat"": 63975.0, ""kaynak"": ""BNB""}]","[{""usdt"": 14191462.0, ""borsa"": 3, ""fiyat"": 64050.0, ""kaynak"": ""BNB+BYB+OKX""}, {""usdt"": 9932434.0, ""borsa"": 1, ""fiyat"": 64125.0, ""kaynak"": ""BNB""}, {""usdt"": 7309180.0, ""borsa"": 1, ""fiyat"": 64075.0, ""kaynak"": ""BNB""}]",YOK,-0.0027,0.0154,0.8987,0.1482,false,3.3802,false,,1,1,3,1,1,3,17,18,IZLE,,25,64030.6,,,,,SEVIYE,55,2973.0,297,,,,,,,1785395340,1,3,,19,1861.5,19,,,
32261,2026-07-30 07:15:41.652767+00,64025.850000000006,1533581.6737939022,1056559.3879999998,11815429315.103899,0.00007677000000000001,46915539.05586998,0.0,13.7,BEKLE,true,0.0,0.0,1.5336,60.263,45889076.26675995,120.572,0.0,13.7,"[{""usdt"": 15747435.0, ""borsa"": 3, ""fiyat"": 64025.0, ""kaynak"": ""BNB+BYB+OKX""}, {""usdt"": 9617769.0, ""borsa"": 1, ""fiyat"": 63975.0, ""kaynak"": ""BNB""}, {""usdt"": 7901473.0, ""borsa"": 1, ""fiyat"": 63950.0, ""kaynak"": ""BNB""}]","[{""usdt"": 11329940.0, ""borsa"": 3, ""fiyat"": 64075.0, ""kaynak"": ""BNB+BYB+OKX""}, {""usdt"": 9891869.0, ""borsa"": 3, ""fiyat"": 64050.0, ""kaynak"": ""BNB+BYB+OKX""}, {""usdt"": 9206114.0, ""borsa"": 1, ""fiyat"": 64125.0, ""kaynak"": ""BNB""}]",YOK,0.0756,0.0111,0.9428,0.3066,false,3.4518,false,,1,0,3,1,0,3,13.4,14.5,IZLE,,25,64030.6,,,,,SEVIYE,55,2974.0,297,,,,,,,,,0,,19,1862.5,19,,,
32262,2026-07-30 07:16:42.084324+00,64010.45,283272.8394056007,26129.802999999996,11814632689.3046,0.00007677000000000001,53347442.496219985,0.0,50.3,BEKLE,false,0.0,0.0,1.5336,0,46732272.59423002,60.374,50.3,0.0,"[{""usdt"": 17944078.0, ""borsa"": 3, ""fiyat"": 64000.0, ""kaynak"": ""BNB+BYB+OKX""}, {""usdt"": 10711721.0, ""borsa"": 1, ""fiyat"": 63950.0, ""kaynak"": ""BNB""}, {""usdt"": 8509266.0, ""borsa"": 2, ""fiyat"": 63975.0, ""kaynak"": ""BNB+BYB""}]","[{""usdt"": 10695475.0, ""borsa"": 3, ""fiyat"": 64025.0, ""kaynak"": ""BNB+BYB+OKX""}, {""usdt"": 9666387.0, ""borsa"": 1, ""fiyat"": 64100.0, ""kaynak"": ""BNB""}, {""usdt"": 8529414.0, ""borsa"": 3, ""fiyat"": 64050.0, ""kaynak"": ""BNB+BYB+OKX""}]",YOK,0.0065,0.0661,0.4039,0.6037,false,6.5613,false,,1,0,3,2,0,3,10,11,IZLE,,25,64030.6,,,,,SEVIYE,55,2975.1,298,PCT,1.23,0.4593592818820453,13.276765587191584,false,0.036,,,0,,19,1483.0,19,,,
32263,2026-07-30 07:17:43.703885+00,63986.649999999994,250632.8046185006,12930.886000000002,11811320854.325,0.00007677000000000001,50487948.22995999,0.0,44.2,BEKLE,false,0.0,0.0,1.5349,61.777,46214720.43931002,0,44.2,0.0,"[{""usdt"": 13593403.0, ""borsa"": 3, ""fiyat"": 63975.0, ""kaynak"": ""BNB+BYB+OKX""}, {""usdt"": 12161443.0, ""borsa"": 1, ""fiyat"": 63900.0, ""kaynak"": ""BNB""}, {""usdt"": 9766345.0, ""borsa"": 2, ""fiyat"": 63950.0, ""kaynak"": ""BNB+BYB""}]","[{""usdt"": 14943509.0, ""borsa"": 3, ""fiyat"": 64000.0, ""kaynak"": ""BNB+BYB+OKX""}, {""usdt"": 8715710.0, ""borsa"": 1, ""fiyat"": 64075.0, ""kaynak"": ""BNB""}, {""usdt"": 8250773.0, ""borsa"": 2, ""fiyat"": 64025.0, ""kaynak"": ""BNB+BYB""}]",YOK,-0.0076,0.0442,0.4374,1.1549,false,,false,,1,0,3,0,0,3,7.5,8.5,IZLE,,25,63960,,,,,SEVIYE,100,2365.2,237,,,,,,,,,0,,19,1484.0,19,,,
32264,2026-07-30 07:18:44.191026+00,64014.25,-100966.55288769965,-618.9059999999973,11801854605.401999,0.00007677000000000001,49979156.575249985,0.0,54.7,BEKLE,false,0.0,0.0,1.5349,122.06,52508223.90531008,60.283,54.7,0.0,"[{""usdt"": 13766910.0, ""borsa"": 3, ""fiyat"": 64000.0, ""kaynak"": ""BNB+BYB+OKX""}, {""usdt"": 11362057.0, ""borsa"": 3, ""fiyat"": 63975.0, ""kaynak"": ""BNB+BYB+OKX""}, {""usdt"": 9014074.0, ""borsa"": 1, ""fiyat"": 63900.0, ""kaynak"": ""BNB""}]","[{""usdt"": 21925573.0, ""borsa"": 3, ""fiyat"": 64025.0, ""kaynak"": ""BNB+BYB+OKX""}, {""usdt"": 9493628.0, ""borsa"": 1, ""fiyat"": 64100.0, ""kaynak"": ""BNB""}, {""usdt"": 7992442.0, ""borsa"": 1, ""fiyat"": 64075.0, ""kaynak"": ""BNB""}]",YOK,0.026,-0.0247,0.4801,0.4451,false,3.2875,false,,0,0,3,1,0,3,3.9,5,IZLE,,25,64030.6,,,,,SEVIYE,55,2977.1,298,,,,,,,,,0,,19,1485.0,19,,,
32265,2026-07-30 07:19:44.569373+00,64097.149999999994,282868.64853219996,14171.273999999994,11807977671.198498,0.00007677000000000001,72372729.03894994,0.0,72.9,BEKLE,false,0.0,0.0,1.5349,0,43460719.234909974,0,72.9,0.0,"[{""usdt"": 26326244.0, ""borsa"": 1, ""fiyat"": 64075.0, ""kaynak"": ""BNB""}, {""usdt"": 16080158.0, ""borsa"": 3, ""fiyat"": 64000.0, ""kaynak"": ""BNB+BYB+OKX""}, {""usdt"": 11305509.0, ""borsa"": 3, ""fiyat"": 63975.0, ""kaynak"": ""BNB+BYB+OKX""}]","[{""usdt"": 10866034.0, ""borsa"": 2, ""fiyat"": 64025.0, ""kaynak"": ""BYB+OKX""}, {""usdt"": 8501251.0, ""borsa"": 1, ""fiyat"": 64200.0, ""kaynak"": ""BNB""}, {""usdt"": 8385951.0, ""borsa"": 1, ""fiyat"": 64150.0, ""kaynak"": ""BNB""}]",PERP,0.064,0.2496,0.3905,1.4441,false,1.2839,false,,0,0,3,2,0,3,63.5,63,IZLE,,25,64099.9,,,,,SEVIYE,55,1866.5,187,,,,,,,,,0,,19,1486.0,19,,,
32266,2026-07-30 07:20:45.11281+00,64091.25,2242245.619379397,890951.9369999999,11823733152.4869,0.00007677000000000001,71194880.57507993,0.0,27.0,BEKLE,,0.0,0.0,1.5349,60.305,38201181.79715998,60.305,27.0,0.0,"[{""usdt"": 35946559.0, ""borsa"": 3, ""fiyat"": 64075.0, ""kaynak"": ""BNB+BYB+OKX""}, {""usdt"": 9071257.0, ""borsa"": 1, ""fiyat"": 64050.0, ""kaynak"": ""BNB""}, {""usdt"": 7210357.0, ""borsa"": 1, ""fiyat"": 63975.0, ""kaynak"": ""BNB""}]","[{""usdt"": 8667446.0, ""borsa"": 3, ""fiyat"": 64125.0, ""kaynak"": ""BNB+BYB+OKX""}, {""usdt"": 8501251.0, ""borsa"": 1, ""fiyat"": 64200.0, ""kaynak"": ""BNB""}, {""usdt"": 8385951.0, ""borsa"": 1, ""fiyat"": 64150.0, ""kaynak"": ""BNB""}]",PERP,0.1026,0.3016,0.716,3.8482,true,0.4169,false,,1,0,3,2,0,3,60.9,62,IZLE,,25,64099.9,,,,,SEVIYE,55,1867.5,187,,,,,,,,,0,,19,1487.0,19,,,
32267,2026-07-30 07:21:45.630329+00,64080.45,1594127.9456212984,1040357.688,11819835171.506401,0.00007677000000000001,66088634.289260015,0.0,28.4,BEKLE,true,0.0,0.0,1.5336,120.932,44111819.03079001,120.932,0.0,28.4,"[{""usdt"": 34541677.0, ""borsa"": 3, ""fiyat"": 64075.0, ""kaynak"": ""BNB+BYB+OKX""}, {""usdt"": 8631758.0, ""borsa"": 1, ""fiyat"": 64000.0, ""kaynak"": ""BNB""}, {""usdt"": 7259727.0, ""borsa"": 3, ""fiyat"": 64050.0, ""kaynak"": ""BNB+BYB+OKX""}]","[{""usdt"": 9882031.0, ""borsa"": 3, ""fiyat"": 64100.0, ""kaynak"": ""BNB+BYB+OKX""}, {""usdt"": 9834600.0, ""borsa"": 1, ""fiyat"": 64200.0, ""kaynak"": ""BNB""}, {""usdt"": 8769448.0, ""borsa"": 1, ""fiyat"": 64175.0, ""kaynak"": ""BNB""}]",PERP,0.0802,0.1994,0.4323,1.3448,false,0.5981,false,,0,0,3,2,0,3,57.8,58.8,IZLE,,25,64099.9,,,,,SEVIYE,55,1868.5,187,,,,,,,,,0,,19,1488.1,19,,,
32268,2026-07-30 07:22:46.048655+00,64070.05,1475992.6212412985,1025883.185,11818678967.636002,0.00007677000000000001,66731438.11811994,0.0,29.6,BEKLE,true,0.0,0.0,1.5336,181.387,45450174.48824001,181.387,0.0,29.6,"[{""usdt"": 22474969.0, ""borsa"": 3, ""fiyat"": 64075.0, ""kaynak"": ""BNB+BYB+OKX""}, {""usdt"": 17855642.0, ""borsa"": 3, ""fiyat"": 64050.0, ""kaynak"": ""BNB+BYB+OKX""}, {""usdt"": 8222476.0, ""borsa"": 1, ""fiyat"": 63975.0, ""kaynak"": ""BNB""}]","[{""usdt"": 11544643.0, ""borsa"": 3, ""fiyat"": 64100.0, ""kaynak"": ""BNB+BYB+OKX""}, {""usdt"": 10011906.0, ""borsa"": 1, ""fiyat"": 64150.0, ""kaynak"": ""BNB""}, {""usdt"": 9359503.0, ""borsa"": 1, ""fiyat"": 64175.0, ""kaynak"": ""BNB""}]",PERP,0.0676,0.1897,0.4162,1.6505,false,1.4186,false,,2,0,3,3,0,3,54.4,55.5,IZLE,,25,64099.9,,,,,SEVIYE,55,1869.6,187,,,,,,,,,0,,19,1489.1,19,,,
32269,2026-07-30 07:23:46.250879+00,64050.95,1052304.0074879995,768488.748,11811227089.106602,0.00007677000000000001,58160386.41669005,0.0,32.8,BEKLE,true,0.0,0.0,1.5336,120.822,47681967.489599995,241.754,0.0,32.8,"[{""usdt"": 18410266.0, ""borsa"": 3, ""fiyat"": 64050.0, ""kaynak"": ""BNB+BYB+OKX""}, {""usdt"": 10095247.0, ""borsa"": 3, ""fiyat"": 64075.0, ""kaynak"": ""BNB+BYB+OKX""}, {""usdt"": 9898064.0, ""borsa"": 1, ""fiyat"": 63975.0, ""kaynak"": ""BNB""}]","[{""usdt"": 15672400.0, ""borsa"": 3, ""fiyat"": 64100.0, ""kaynak"": ""BNB+BYB+OKX""}, {""usdt"": 9348712.0, ""borsa"": 1, ""fiyat"": 64150.0, ""kaynak"": ""BNB""}, {""usdt"": 8061247.0, ""borsa"": 1, ""fiyat"": 64175.0, ""kaynak"": ""BNB""}]",YOK,0.0919,0.099,0.4691,0.8695,false,,false,,1,0,3,2,0,3,50.9,52,IZLE,,25,64030.6,,,,,SEVIYE,55,2982.1,298,,,,,,,,,0,,19,1490.1,19,,,
32270,2026-07-30 07:24:46.770065+00,64072.95,1030800.1284991009,775446.452,11809068075.688301,0.00007677000000000001,50968729.26672006,0.0,43.7,BEKLE,true,0.0,0.0,1.5336,0,54115304.93136995,302.04,0.0,43.7,"[{""usdt"": 14186856.0, ""borsa"": 3, ""fiyat"": 64050.0, ""kaynak"": ""BNB+BYB+OKX""}, {""usdt"": 11512894.0, ""borsa"": 1, ""fiyat"": 63975.0, ""kaynak"": ""BNB""}, {""usdt"": 10761872.0, ""borsa"": 3, ""fiyat"": 64025.0, ""kaynak"": ""BNB+BYB+OKX""}]","[{""usdt"": 20894713.0, ""borsa"": 3, ""fiyat"": 64075.0, ""kaynak"": ""BNB+BYB+OKX""}, {""usdt"": 10616517.0, ""borsa"": 1, ""fiyat"": 64150.0, ""kaynak"": ""BNB""}, {""usdt"": 7604863.0, ""borsa"": 2, ""fiyat"": 64100.0, ""kaynak"": ""BNB+BYB""}]",YOK,0.0761,-0.0299,0.3666,0.6901,false,,true,0,1,0,3,0,0,3,47.4,48.5,IZLE,,25,64099.9,,,,,SEVIYE,55,1871.6,187,,,,,,,,,0,,19,1491.1,19,,,
32271,2026-07-30 07:25:47.014797+00,64073.95,1940129.4413247989,1066029.428,11816346582.1085,0.00007677000000000001,52564872.26221001,0.0,19.5,BEKLE,true,0.0,0.0,1.5336,60.466,51634057.29145001,362.506,0.0,19.5,"[{""usdt"": 16130086.0, ""borsa"": 3, ""fiyat"": 64100.0, ""kaynak"": ""BNB+BYB+OKX""}, {""usdt"": 8576254.0, ""borsa"": 1, ""fiyat"": 64050.0, ""kaynak"": ""BNB""}, {""usdt"": 7431260.0, ""borsa"": 1, ""fiyat"": 64025.0, ""kaynak"": ""BNB""}]","[{""usdt"": 18843694.0, ""borsa"": 3, ""fiyat"": 64125.0, ""kaynak"": ""BNB+BYB+OKX""}, {""usdt"": 10751965.0, ""borsa"": 1, ""fiyat"": 64200.0, ""kaynak"": ""BNB""}, {""usdt"": 9262972.0, ""borsa"": 3, ""fiyat"": 64150.0, ""kaynak"": ""BNB+BYB+OKX""}]",YOK,0.1379,0.0089,,,false,,true,0.1814,1,0,3,0,0,3,43.5,44.6,IZLE,,25,64099.9,,,,,SEVIYE,55,1872.6,188,,,,,,,,,0,,19,1872.6,19,,,
32272,2026-07-30 07:26:47.300119+00,64057.649999999994,1542497.7588942992,956919.618,11807795392.262798,0.00007677000000000001,49247082.73855004,0.0,15.9,BEKLE,false,0.0,0.0,1.5336,120.741,49801316.07896003,422.781,15.9,0.0,"[{""usdt"": 15893523.0, ""borsa"": 3, ""fiyat"": 64050.0, ""kaynak"": ""BNB+BYB+OKX""}, {""usdt"": 12141615.0, ""borsa"": 1, ""fiyat"": 64000.0, ""kaynak"": ""BNB""}, {""usdt"": 7567780.0, ""borsa"": 1, ""fiyat"": 63950.0, ""kaynak"": ""BNB""}]","[{""usdt"": 13405664.0, ""borsa"": 3, ""fiyat"": 64100.0, ""kaynak"": ""BNB+BYB+OKX""}, {""usdt"": 12759181.0, ""borsa"": 3, ""fiyat"": 64075.0, ""kaynak"": ""BNB+BYB+OKX""}, {""usdt"": 9608184.0, ""borsa"": 1, ""fiyat"": 64175.0, ""kaynak"": ""BNB""}]",YOK,0.0611,-0.0056,,,false,,true,0,1,0,3,0,0,3,39.9,41,IZLE,,25,64035.1,,,,,SEVIYE,50,2985.1,299,,,,,,,,,0,,19,1873.6,19,,,
32273,2026-07-30 07:27:47.541603+00,64055.649999999994,1404746.6511209004,946867.598,11806117723.439999,0.00007677000000000001,51838756.75186,0.0,18.2,BEKLE,false,0.0,0.0,1.5342,180.98,48545243.09668,483.02,18.2,0.0,"[{""usdt"": 12415221.0, ""borsa"": 3, ""fiyat"": 64025.0, ""kaynak"": ""BNB+BYB+OKX""}, {""usdt"": 9305696.0, ""borsa"": 3, ""fiyat"": 64050.0, ""kaynak"": ""BNB+BYB+OKX""}, {""usdt"": 9257967.0, ""borsa"": 1, ""fiyat"": 63950.0, ""kaynak"": ""BNB""}]","[{""usdt"": 12625033.0, ""borsa"": 3, ""fiyat"": 64075.0, ""kaynak"": ""BNB+BYB+OKX""}, {""usdt"": 9536257.0, ""borsa"": 1, ""fiyat"": 64150.0, ""kaynak"": ""BNB""}, {""usdt"": 9072250.0, ""borsa"": 1, ""fiyat"": 64125.0, ""kaynak"": ""BNB""}]",YOK,0.0751,0.0328,,,false,,true,0,1,0,3,0,0,3,36.4,37.4,IZLE,,25,64035.1,,,,,SEVIYE,50,2986.1,299,,,,,,,,,0,,19,1874.6,19,,,
32274,2026-07-30 07:28:47.914781+00,64040.149999999994,1071551.7064898005,846249.434,11798279059.4299,0.00007677000000000001,54851485.6017601,0.0,11.1,BEKLE,true,0.0,0.0,1.5342,241.251,46765527.17285998,60.271,0.0,11.1,"[{""usdt"": 17665463.0, ""borsa"": 3, ""fiyat"": 64000.0, ""kaynak"": ""BNB+BYB+OKX""}, {""usdt"": 10844073.0, ""borsa"": 1, ""fiyat"": 63925.0, ""kaynak"": ""BNB""}, {""usdt"": 7905382.0, ""borsa"": 1, ""fiyat"": 63975.0, ""kaynak"": ""BNB""}]","[{""usdt"": 14698797.0, ""borsa"": 3, ""fiyat"": 64025.0, ""kaynak"": ""BNB+BYB+OKX""}, {""usdt"": 10337893.0, ""borsa"": 1, ""fiyat"": 64100.0, ""kaynak"": ""BNB""}, {""usdt"": 9173758.0, ""borsa"": 3, ""fiyat"": 64050.0, ""kaynak"": ""BNB+BYB+OKX""}]",YOK,0.0775,0.0796,,,false,,true,0,1,0,3,0,1,3,32.9,33.9,IZLE,,25,64035.1,,,,,SEVIYE,50,2987.1,299,,,,,,,,,0,,19,1875.6,19,,,
32275,2026-07-30 07:29:48.143583+00,64041.45,1268013.3652636006,905898.1940000001,11803606951.8278,0.00007677000000000001,46513408.27499997,0.0,15.6,BEKLE,true,0.0,0.0,1.5342,301.614,54206692.86241999,120.634,0.0,15.6,"[{""usdt"": 13331131.0, ""borsa"": 3, ""fiyat"": 64000.0, ""kaynak"": ""BNB+BYB+OKX""}, {""usdt"": 11025247.0, ""borsa"": 1, ""fiyat"": 63950.0, ""kaynak"": ""BNB""}, {""usdt"": 10703485.0, ""borsa"": 3, ""fiyat"": 64025.0, ""kaynak"": ""BNB+BYB+OKX""}]","[{""usdt"": 18072812.0, ""borsa"": 3, ""fiyat"": 64050.0, ""kaynak"": ""BNB+BYB+OKX""}, {""usdt"": 9372274.0, ""borsa"": 1, ""fiyat"": 64150.0, ""kaynak"": ""BNB""}, {""usdt"": 8794875.0, ""borsa"": 1, ""fiyat"": 64100.0, ""kaynak"": ""BNB""}]",YOK,0.0186,-0.0764,,,false,,true,0,0,0,3,0,0,3,29.4,30.5,IZLE,,25,64035.1,,,,,SEVIYE,50,2988.1,299,,,,,,,,,0,,19,1876.6,19,,,
32276,2026-07-30 07:30:48.77045+00,64005.75,-1105644.0310565976,-54429.795000000006,11802028202.3203,0.00007677000000000001,53021492.517890036,0.0,60.6,BEKLE,,0.0,0.0,1.5342,361.835,50108957.22629003,180.855,60.6,0.0,"[{""usdt"": 17680924.0, ""borsa"": 3, ""fiyat"": 64000.0, ""kaynak"": ""BNB+BYB+OKX""}, {""usdt"": 10578166.0, ""borsa"": 1, ""fiyat"": 63950.0, ""kaynak"": ""BNB""}, {""usdt"": 10021474.0, ""borsa"": 1, ""fiyat"": 63925.0, ""kaynak"": ""BNB""}]","[{""usdt"": 14877095.0, ""borsa"": 3, ""fiyat"": 64025.0, ""kaynak"": ""BNB+BYB+OKX""}, {""usdt"": 11210610.0, ""borsa"": 1, ""fiyat"": 64100.0, ""kaynak"": ""BNB""}, {""usdt"": 7398669.0, ""borsa"": 2, ""fiyat"": 64050.0, ""kaynak"": ""BNB+BYB""}]",YOK,-0.0241,0.0282,0.616,0.8095,false,,true,0,0,0,3,0,0,3,25.8,26.9,IZLE,,25,64035.1,,,,,SEVIYE,50,2989.2,299,,,,,,,,,0,,19,1877.6,19,,,
32277,2026-07-30 07:31:49.699164+00,64000.05,-1248370.3408508976,-84436.571,11798477963.940998,0.00007677000000000001,52867851.75147006,128.0204,52.9,BEKLE,false,128.0204,0.0,1.5342,423.143,45415812.98481001,242.163,52.9,0.0,"[{""usdt"": 13855923.0, ""borsa"": 3, ""fiyat"": 63975.0, ""kaynak"": ""BNB+BYB+OKX""}, {""usdt"": 11235318.0, ""borsa"": 1, ""fiyat"": 63900.0, ""kaynak"": ""BNB""}, {""usdt"": 9038638.0, ""borsa"": 3, ""fiyat"": 64000.0, ""kaynak"": ""BNB+BYB+OKX""}]","[{""usdt"": 12133211.0, ""borsa"": 3, ""fiyat"": 64025.0, ""kaynak"": ""BNB+BYB+OKX""}, {""usdt"": 9063932.0, ""borsa"": 1, ""fiyat"": 64100.0, ""kaynak"": ""BNB""}, {""usdt"": 7695590.0, ""borsa"": 1, ""fiyat"": 64075.0, ""kaynak"": ""BNB""}]",YOK,-0.0062,0.0758,0.6126,0.7422,false,,true,0,1,0,3,0,0,3,23.3,24.4,IZLE,,25,64035.1,,,,,SEVIYE,50,2990.2,299,,,,,,,1785396600,1,0,,19,1878.6,19,,,
32278,2026-07-30 07:32:50.022264+00,63951.850000000006,-1546045.3491205967,-115749.376,11792660129.032501,0.00007677000000000001,48620575.94482004,28338.8345,31.8,BEKLE,true,28338.8345,0.0,1.5342,60.312,45879909.291420005,0,31.8,0.0,"[{""usdt"": 13634490.0, ""borsa"": 3, ""fiyat"": 63950.0, ""kaynak"": ""BNB+BYB+OKX""}, {""usdt"": 11051033.0, ""borsa"": 3, ""fiyat"": 63925.0, ""kaynak"": ""BNB+BYB+OKX""}, {""usdt"": 9669473.0, ""borsa"": 1, ""fiyat"": 63900.0, ""kaynak"": ""BNB""}]","[{""usdt"": 12458897.0, ""borsa"": 3, ""fiyat"": 63975.0, ""kaynak"": ""BNB+BYB+OKX""}, {""usdt"": 7960242.0, ""borsa"": 1, ""fiyat"": 64050.0, ""kaynak"": ""BNB""}, {""usdt"": 7887228.0, ""borsa"": 1, ""fiyat"": 64025.0, ""kaynak"": ""BNB""}]",YOK,-0.0762,0.029,0.621,1.2825,false,,true,0,1,1,3,0,0,3,19.4,20.9,IZLE,,50,63965,,,,,SEVIYE+TASFIYE,75,2380.3,238,,,,,,,1785396720,1,0,,19,1879.6,19,,,
32279,2026-07-30 07:33:51.367169+00,63948.149999999994,-414600.5334374987,-1003488.807,11790614176.2665,0.00007677000000000001,46434075.38612998,46434.626000000004,44.2,BEKLE,true,46434.626000000004,0.0,1.5355,61.359,49136943.57541004,61.359,44.2,0.0,"[{""usdt"": 15926882.0, ""borsa"": 3, ""fiyat"": 63925.0, ""kaynak"": ""BNB+BYB+OKX""}, {""usdt"": 9747679.0, ""borsa"": 2, ""fiyat"": 63900.0, ""kaynak"": ""BNB+BYB""}, {""usdt"": 9108474.0, ""borsa"": 1, ""fiyat"": 63850.0, ""kaynak"": ""BNB""}]","[{""usdt"": 15070167.0, ""borsa"": 3, ""fiyat"": 63950.0, ""kaynak"": ""BNB+BYB+OKX""}, {""usdt"": 8052381.0, ""borsa"": 3, ""fiyat"": 63975.0, ""kaynak"": ""BNB+BYB+OKX""}, {""usdt"": 7840079.0, ""borsa"": 1, ""fiyat"": 64050.0, ""kaynak"": ""BNB""}]",YOK,-0.1851,-0.0283,0.3216,1.1691,false,,true,0,0,2,3,0,1,3,16.9,18,IZLE,,50,63965,,,,,SEVIYE+TASFIYE,75,2381.3,238,,,,,,,1785396720,1,0,,19,1880.6,19,,,
32280,2026-07-30 07:34:51.73887+00,63958.75,1506077.5928541033,-845222.833,11790361674.8768,0.00007677000000000001,53727596.14785001,48033.3285,47.1,BEKLE,,46434.626000000004,1598.7025,1.5355,121.636,47826077.779400006,60.277,47.1,0.0,"[{""usdt"": 13977802.0, ""borsa"": 3, ""fiyat"": 63925.0, ""kaynak"": ""BNB+BYB+OKX""}, {""usdt"": 12097980.0, ""borsa"": 3, ""fiyat"": 63950.0, ""kaynak"": ""BNB+BYB+OKX""}, {""usdt"": 9358121.0, ""borsa"": 1, ""fiyat"": 63875.0, ""kaynak"": ""BNB""}]","[{""usdt"": 17244164.0, ""borsa"": 3, ""fiyat"": 63975.0, ""kaynak"": ""BNB+BYB+OKX""}, {""usdt"": 9150334.0, ""borsa"": 1, ""fiyat"": 64025.0, ""kaynak"": ""BNB""}, {""usdt"": 7191764.0, ""borsa"": 1, ""fiyat"": 64000.0, ""kaynak"": ""BNB""}]",YOK,-0.1462,0.0581,0.0743,1.5149,false,,true,0,0,1,3,1,0,3,13.4,14.5,IZLE,,50,63965,,,,,SEVIYE+TASFIYE,75,2382.3,238,,,,,,,1785396780,1,0,,19,1881.6,19,,,
32281,2026-07-30 07:35:52.014709+00,63954.850000000006,2164044.547765012,-849416.868,11789640135.8116,0.00007677000000000001,50859797.50701002,47969.262800000004,34.4,BEKLE,true,46370.560300000005,1598.7025,1.5355,120.69,44415423.294080034,120.69,34.4,0.0,"[{""usdt"": 16905025.0, ""borsa"": 3, ""fiyat"": 63950.0, ""kaynak"": ""BNB+BYB+OKX""}, {""usdt"": 9418960.0, ""borsa"": 1, ""fiyat"": 63900.0, ""kaynak"": ""BNB""}, {""usdt"": 9262336.0, ""borsa"": 3, ""fiyat"": 63925.0, ""kaynak"": ""BNB+BYB+OKX""}]","[{""usdt"": 11326825.0, ""borsa"": 3, ""fiyat"": 63975.0, ""kaynak"": ""BNB+BYB+OKX""}, {""usdt"": 8631087.0, ""borsa"": 1, ""fiyat"": 64025.0, ""kaynak"": ""BNB""}, {""usdt"": 7823165.0, ""borsa"": 2, ""fiyat"": 64000.0, ""kaynak"": ""BNB+BYB""}]",YOK,-0.0253,0.0676,0.704,0.662,false,,true,0.0899,0,1,3,1,0,3,10,11.1,IZLE,,50,63962,,,,,SEVIYE+TASFIYE,100,2383.3,239,,,,,,,1785396900,1,0,,18,1882.6,18,,,
32282,2026-07-30 07:36:52.350915+00,63920.75,2735513.5598308137,-901751.0570000001,11783953693.831,0.00007677000000000001,52795182.680010006,62606.3017,28.4,BEKLE,true,61007.599200000004,1598.7025,1.5355,0,44340808.68314005,60.199,28.4,0.0,"[{""usdt"": 20459652.0, ""borsa"": 3, ""fiyat"": 63900.0, ""kaynak"": ""BNB+BYB+OKX""}, {""usdt"": 9198720.0, ""borsa"": 1, ""fiyat"": 63850.0, ""kaynak"": ""BNB""}, {""usdt"": 8409106.0, ""borsa"": 1, ""fiyat"": 63825.0, ""kaynak"": ""BNB""}]","[{""usdt"": 10570353.0, ""borsa"": 3, ""fiyat"": 63925.0, ""kaynak"": ""BNB+BYB+OKX""}, {""usdt"": 9239357.0, ""borsa"": 3, ""fiyat"": 63950.0, ""kaynak"": ""BNB+BYB+OKX""}, {""usdt"": 8445714.0, ""borsa"": 1, ""fiyat"": 63975.0, ""kaynak"": ""BNB""}]",YOK,-0.0557,0.087,0.7381,0.8876,false,,true,0.3007,0,1,3,1,0,3,6.3,7.4,IZLE,,50,63962,,,,,SEVIYE+TASFIYE,100,2384.3,239,,,,,,,1785396960,1,0,,18,1883.7,18,,,
32283,2026-07-30 07:37:52.800683+00,63977.05,4703110.887031408,-891649.333,11784266893.4986,0.00007677000000000001,52363120.13548997,17770.6737,32.5,BEKLE,false,16171.971199999998,1598.7025,1.5355,60.44,50997205.076650046,60.44,32.5,0.0,"[{""usdt"": 11015346.0, ""borsa"": 1, ""fiyat"": 63850.0, ""kaynak"": ""BNB""}, {""usdt"": 10689418.0, ""borsa"": 3, ""fiyat"": 63950.0, ""kaynak"": ""BNB+BYB+OKX""}, {""usdt"": 9101350.0, ""borsa"": 2, ""fiyat"": 63975.0, ""kaynak"": ""BYB+OKX""}]","[{""usdt"": 16101212.0, ""borsa"": 3, ""fiyat"": 64000.0, ""kaynak"": ""BNB+BYB+OKX""}, {""usdt"": 12946527.0, ""borsa"": 3, ""fiyat"": 63975.0, ""kaynak"": ""BNB+BYB+OKX""}, {""usdt"": 9955112.0, ""borsa"": 1, ""fiyat"": 64050.0, ""kaynak"": ""BNB""}]",YOK,-0.0133,0.0132,0.8232,0.2007,false,,false,0.9545,0,1,3,0,0,3,2.9,4,IZLE,,25,63962,,,,,SEVIYE,100,2385.3,239,,,,,,,1785396960,1,0,,18,1884.7,18,,,
32284,2026-07-30 07:38:53.231354+00,63985.75,5310307.064319112,-567904.085,11791956519.4496,0.00007677000000000001,52632826.529790014,16235.946999999998,17.0,BEKLE,false,16171.971199999998,63.97580000000001,1.5355,120.926,46220426.74515002,0,0.0,17.0,"[{""usdt"": 16110141.0, ""borsa"": 3, ""fiyat"": 63975.0, ""kaynak"": ""BNB+BYB+OKX""}, {""usdt"": 10229829.0, ""borsa"": 3, ""fiyat"": 63950.0, ""kaynak"": ""BNB+BYB+OKX""}, {""usdt"": 9916265.0, ""borsa"": 1, ""fiyat"": 63900.0, ""kaynak"": ""BNB""}]","[{""usdt"": 12526768.0, ""borsa"": 3, ""fiyat"": 64000.0, ""kaynak"": ""BNB+BYB+OKX""}, {""usdt"": 8447300.0, ""borsa"": 1, ""fiyat"": 64050.0, ""kaynak"": ""BNB""}, {""usdt"": 7637540.0, ""borsa"": 1, ""fiyat"": 64100.0, ""kaynak"": ""BNB""}]",YOK,-0.0133,0.0649,0.8837,0.3509,false,,false,1.8207,0,1,3,0,0,3,63.3,61.9,IZLE,,25,63962,,,,,SEVIYE,100,2386.3,239,,,,,,,1785397020,1,0,,18,1885.7,18,,,
32285,2026-07-30 07:39:53.554816+00,63990.95,5285607.022467813,-459193.857,11793507482.6535,0.00007677000000000001,52177252.22303,23402.770999999997,16.6,BEKLE,true,23338.795199999997,63.97580000000001,1.5355,181.253,47980995.38161001,60.327,0.0,16.6,"[{""usdt"": 15892689.0, ""borsa"": 3, ""fiyat"": 63975.0, ""kaynak"": ""BNB+BYB+OKX""}, {""usdt"": 9991706.0, ""borsa"": 3, ""fiyat"": 63950.0, ""kaynak"": ""BNB+BYB+OKX""}, {""usdt"": 9916265.0, ""borsa"": 1, ""fiyat"": 63900.0, ""kaynak"": ""BNB""}]","[{""usdt"": 15651417.0, ""borsa"": 3, ""fiyat"": 64000.0, ""kaynak"": ""BNB+BYB+OKX""}, {""usdt"": 8447300.0, ""borsa"": 1, ""fiyat"": 64050.0, ""kaynak"": ""BNB""}, {""usdt"": 8233572.0, ""borsa"": 2, ""fiyat"": 64025.0, ""kaynak"": ""BNB+BYB""}]",YOK,0.0709,0.0419,0.8499,0.4377,false,,false,1.285,0,0,3,0,0,3,59.8,60.9,IZLE,,25,63962,,,,,SEVIYE,100,2387.3,239,,,,,,,1785397140,1,0,,18,1886.7,18,,,
32286,2026-07-30 07:40:53.833716+00,64013.55,6479990.898014614,-324821.523,11798395377.903801,0.00007677000000000001,51555835.435619965,24619.416999999998,24.1,BEKLE,true,23274.997199999998,1344.4198,1.5355,241.532,56264250.88320006,120.606,0.0,24.1,"[{""usdt"": 17147789.0, ""borsa"": 3, ""fiyat"": 63975.0, ""kaynak"": ""BNB+BYB+OKX""}, {""usdt"": 10561763.0, ""borsa"": 1, ""fiyat"": 63900.0, ""kaynak"": ""BNB""}, {""usdt"": 8419399.0, ""borsa"": 1, ""fiyat"": 63925.0, ""kaynak"": ""BNB""}]","[{""usdt"": 16132464.0, ""borsa"": 3, ""fiyat"": 64000.0, ""kaynak"": ""BNB+BYB+OKX""}, {""usdt"": 12185950.0, ""borsa"": 3, ""fiyat"": 64025.0, ""kaynak"": ""BNB+BYB+OKX""}, {""usdt"": 9496997.0, ""borsa"": 1, ""fiyat"": 64075.0, ""kaynak"": ""BNB""}]",YOK,0.0797,-0.0437,0.8263,0.6794,false,,false,2.5573,0,0,3,0,1,3,56.3,57.4,IZLE,,25,64035.1,,,,,SEVIYE,50,2999.2,300,,,,,,,1785397200,1,0,,18,1887.7,18,,,
32287,2026-07-30 07:41:54.054034+00,63995.45,6283716.976559915,-356006.367,11794566170.6313,0.00007677000000000001,53508926.50470003,8510.854599999999,21.9,BEKLE,true,7166.980799999999,1343.8738,1.5355,301.812,52241411.98309009,180.886,0.0,21.9,"[{""usdt"": 16688514.0, ""borsa"": 3, ""fiyat"": 63975.0, ""kaynak"": ""BNB+BYB+OKX""}, {""usdt"": 10730666.0, ""borsa"": 1, ""fiyat"": 63900.0, ""kaynak"": ""BNB""}, {""usdt"": 9209615.0, ""borsa"": 1, ""fiyat"": 63925.0, ""kaynak"": ""BNB""}]","[{""usdt"": 18289400.0, ""borsa"": 3, ""fiyat"": 64025.0, ""kaynak"": ""BNB+BYB+OKX""}, {""usdt"": 9165495.0, ""borsa"": 1, ""fiyat"": 64075.0, ""kaynak"": ""BNB""}, {""usdt"": 7787937.0, ""borsa"": 1, ""fiyat"": 64100.0, ""kaynak"": ""BNB""}]",YOK,0.0263,0.012,0.7899,1.0058,false,0.7356,false,2.5366,1,0,3,0,0,3,52.7,53.8,IZLE,,25,63962,,,,,SEVIYE,100,2389.3,239,,,,,,,1785397200,1,0,,18,1888.7,18,,,
32288,2026-07-30 07:42:54.330398+00,63992.05,6885049.694724713,-351131.08900000004,11792657631.358898,0.00007677000000000001,51898155.31126003,8446.878799999999,31.6,BEKLE,true,7166.980799999999,1279.8980000000001,1.5342,362.032,53542592.01247003,241.106,0.0,31.6,"[{""usdt"": 14758971.0, ""borsa"": 3, ""fiyat"": 63975.0, ""kaynak"": ""BNB+BYB+OKX""}, {""usdt"": 11922173.0, ""borsa"": 1, ""fiyat"": 63900.0, ""kaynak"": ""BNB""}, {""usdt"": 9476274.0, ""borsa"": 1, ""fiyat"": 63925.0, ""kaynak"": ""BNB""}]","[{""usdt"": 20280032.0, ""borsa"": 3, ""fiyat"": 64025.0, ""kaynak"": ""BNB+BYB+OKX""}, {""usdt"": 8934844.0, ""borsa"": 1, ""fiyat"": 64075.0, ""kaynak"": ""BNB""}, {""usdt"": 7691669.0, ""borsa"": 1, ""fiyat"": 64100.0, ""kaynak"": ""BNB""}]",YOK,0.0473,-0.0156,0.7001,0.2908,false,0.8804,false,2.9389,0,0,3,0,0,3,49.1,50.2,IZLE,,25,63962,,,,,SEVIYE,100,2390.3,239,,,,,,,1785397200,1,0,,18,1889.7,18,,,
32289,2026-07-30 07:43:54.64403+00,64014.350000000006,6788518.040001213,-416515.427,11794911078.171501,0.00007677000000000001,54553203.95134002,19198.9473,13.8,BEKLE,,17087.0428,2111.9045,1.5342,422.355,52751356.39716006,301.429,0.0,13.8,"[{""usdt"": 15274561.0, ""borsa"": 3, ""fiyat"": 63975.0, ""kaynak"": ""BNB+BYB+OKX""}, {""usdt"": 11546645.0, ""borsa"": 1, ""fiyat"": 63900.0, ""kaynak"": ""BNB""}, {""usdt"": 9539521.0, ""borsa"": 1, ""fiyat"": 63925.0, ""kaynak"": ""BNB""}]","[{""usdt"": 17799732.0, ""borsa"": 3, ""fiyat"": 64025.0, ""kaynak"": ""BNB+BYB+OKX""}, {""usdt"": 9321217.0, ""borsa"": 1, ""fiyat"": 64075.0, ""kaynak"": ""BNB""}, {""usdt"": 8962932.0, ""borsa"": 1, ""fiyat"": 64100.0, ""kaynak"": ""BNB""}]",YOK,0.0581,0.0168,0.8495,0.9931,false,0.801,false,2.6604,1,0,3,0,0,3,45.6,46.7,IZLE,,25,64035.1,,,,,SEVIYE,50,3002.2,300,,,,,,,1785397380,1,0,,18,1890.7,18,,,
32290,2026-07-30 07:44:54.909209+00,64008.75,6638720.21780181,-643866.3489999998,11796117895.2928,0.00007677000000000001,47787440.14766999,12035.342,19.5,BEKLE,false,9923.1775,2112.1645,1.5342,482.632,53009776.84970007,361.706,19.5,0.0,"[{""usdt"": 14281533.0, ""borsa"": 3, ""fiyat"": 64000.0, ""kaynak"": ""BNB+BYB+OKX""}, {""usdt"": 10244056.0, ""borsa"": 1, ""fiyat"": 63950.0, ""kaynak"": ""BNB""}, {""usdt"": 7446988.0, ""borsa"": 1, ""fiyat"": 63975.0, ""kaynak"": ""BNB""}]","[{""usdt"": 19477172.0, ""borsa"": 3, ""fiyat"": 64050.0, ""kaynak"": ""BNB+BYB+OKX""}, {""usdt"": 12614106.0, ""borsa"": 1, ""fiyat"": 64100.0, ""kaynak"": ""BNB""}, {""usdt"": 6269938.0, ""borsa"": 1, ""fiyat"": 64075.0, ""kaynak"": ""BNB""}]",YOK,0.0551,-0.0518,0.8091,0.643,true,0.2064,false,4.2059,0,0,3,1,0,3,42,43,IZLE,,25,64035.1,,,,,SEVIYE,50,3003.2,300,,,,,,,1785397380,1,0,,18,1891.7,18,,,
32291,2026-07-30 07:45:55.245675+00,63994.95,3472782.656434198,115279.80599999995,11793981180.746601,0.00007677000000000001,52777101.07248004,10755.444,42.9,BEKLE,true,9923.1775,832.2665,1.5342,543.005,59125435.36885005,422.079,0.0,42.9,"[{""usdt"": 15463193.0, ""borsa"": 3, ""fiyat"": 63975.0, ""kaynak"": ""BNB+BYB+OKX""}, {""usdt"": 12059402.0, ""borsa"": 1, ""fiyat"": 63900.0, ""kaynak"": ""BNB""}, {""usdt"": 9676353.0, ""borsa"": 1, ""fiyat"": 63925.0, ""kaynak"": ""BNB""}]","[{""usdt"": 20628188.0, ""borsa"": 3, ""fiyat"": 64000.0, ""kaynak"": ""BNB+BYB+OKX""}, {""usdt"": 12345515.0, ""borsa"": 3, ""fiyat"": 64025.0, ""kaynak"": ""BNB+BYB+OKX""}, {""usdt"": 9675742.0, ""borsa"": 1, ""fiyat"": 64075.0, ""kaynak"": ""BNB""}]",YOK,0.0678,-0.0567,0.7971,0.3014,true,0,false,,1,0,3,0,0,3,38.4,39.6,IZLE,,25,63963.1,,,,,SEVIYE,100,2393.4,240,,,,,,,1785397380,1,0,,18,1892.7,18,,,
32292,2026-07-30 07:46:55.719241+00,63976.45,3385302.215182198,126870.16599999998,11790450616.0029,0.00007677000000000001,49096734.4598,10755.444,46.9,BEKLE,true,9923.1775,832.2665,1.5342,603.451,59148056.22152002,482.525,0.0,46.9,"[{""usdt"": 11687183.0, ""borsa"": 1, ""fiyat"": 63900.0, ""kaynak"": ""BNB""}, {""usdt"": 10980908.0, ""borsa"": 3, ""fiyat"": 63950.0, ""kaynak"": ""BNB+BYB+OKX""}, {""usdt"": 10238867.0, ""borsa"": 3, ""fiyat"": 63975.0, ""kaynak"": ""BNB+BYB+OKX""}]","[{""usdt"": 27533342.0, ""borsa"": 3, ""fiyat"": 64000.0, ""kaynak"": ""BNB+BYB+OKX""}, {""usdt"": 7381562.0, ""borsa"": 1, ""fiyat"": 64100.0, ""kaynak"": ""BNB""}, {""usdt"": 7237631.0, ""borsa"": 1, ""fiyat"": 64050.0, ""kaynak"": ""BNB""}]",YOK,-0.0054,-0.0929,0.7753,0.3108,false,0,false,,1,0,3,0,2,3,34.6,36.1,IZLE,,25,63963.1,,,,,SEVIYE,100,2394.4,240,,,,,,,1785397380,1,1,,18,1893.7,18,,,
32293,2026-07-30 07:47:55.98377+00,63987.05,3437567.9734074003,101747.10999999996,11792811396.587101,0.00007677000000000001,51226740.831660025,10755.444,46.4,BEKLE,,9923.1775,832.2665,1.5342,663.748,64766491.75654997,542.822,0.0,46.4,"[{""usdt"": 15976218.0, ""borsa"": 3, ""fiyat"": 63975.0, ""kaynak"": ""BNB+BYB+OKX""}, {""usdt"": 10086373.0, ""borsa"": 1, ""fiyat"": 63900.0, ""kaynak"": ""BNB""}, {""usdt"": 9528314.0, ""borsa"": 1, ""fiyat"": 63925.0, ""kaynak"": ""BNB""}]","[{""usdt"": 31704523.0, ""borsa"": 3, ""fiyat"": 64000.0, ""kaynak"": ""BNB+BYB+OKX""}, {""usdt"": 10235788.0, ""borsa"": 3, ""fiyat"": 64025.0, ""kaynak"": ""BNB+BYB+OKX""}, {""usdt"": 8459623.0, ""borsa"": 1, ""fiyat"": 64050.0, ""kaynak"": ""BNB""}]",YOK,0.0171,-0.1167,0.814,0.0722,false,0,false,,0,0,3,0,1,3,31,32.1,IZLE,,25,63963.1,,,,,SEVIYE,100,2395.4,240,,,,,,,1785397380,1,2,,18,1894.7,18,,,
32294,2026-07-30 07:48:56.258034+00,63994.95,3517075.714748399,117284.97499999999,11793957633.0544,0.00007677000000000001,51038965.476909995,0.0,51.1,BEKLE,true,0.0,0.0,1.5355,723.993,64079681.30093001,603.067,0.0,51.1,"[{""usdt"": 14971916.0, ""borsa"": 3, ""fiyat"": 63975.0, ""kaynak"": ""BNB+BYB+OKX""}, {""usdt"": 12360024.0, ""borsa"": 1, ""fiyat"": 63900.0, ""kaynak"": ""BNB""}, {""usdt"": 9217013.0, ""borsa"": 3, ""fiyat"": 63950.0, ""kaynak"": ""BNB+BYB+OKX""}]","[{""usdt"": 31670833.0, ""borsa"": 3, ""fiyat"": 64000.0, ""kaynak"": ""BNB+BYB+OKX""}, {""usdt"": 9753553.0, ""borsa"": 3, ""fiyat"": 64025.0, ""kaynak"": ""BNB+BYB+OKX""}, {""usdt"": 8089218.0, ""borsa"": 1, ""fiyat"": 64050.0, ""kaynak"": ""BNB""}]",YOK,0.0291,-0.1133,0.7789,0.2824,true,0,false,,0,0,3,0,0,3,27.4,28.5,IZLE,,25,63963.1,,,,,SEVIYE,100,2396.4,240,,,,,,,,,0,,18,1895.7,18,,,
32295,2026-07-30 07:49:56.555493+00,63979.649999999994,3221280.561863499,132893.88799999995,11791060562.732,0.00007677000000000001,52101437.85702001,0.0,51.1,BEKLE,false,0.0,0.0,1.5355,784.284,57087001.791209996,663.358,0.0,51.1,"[{""usdt"": 12733207.0, ""borsa"": 3, ""fiyat"": 63950.0, ""kaynak"": ""BNB+BYB+OKX""}, {""usdt"": 12290690.0, ""borsa"": 1, ""fiyat"": 63900.0, ""kaynak"": ""BNB""}, {""usdt"": 10528349.0, ""borsa"": 3, ""fiyat"": 63975.0, ""kaynak"": ""BNB+BYB+OKX""}]","[{""usdt"": 28170001.0, ""borsa"": 3, ""fiyat"": 64000.0, ""kaynak"": ""BNB+BYB+OKX""}, {""usdt"": 7883224.0, ""borsa"": 1, ""fiyat"": 64050.0, ""kaynak"": ""BNB""}, {""usdt"": 6530441.0, ""borsa"": 1, ""fiyat"": 64025.0, ""kaynak"": ""BNB""}]",YOK,0.0313,-0.0457,0.7167,0.3731,false,0,false,,1,0,3,1,0,3,23.9,25,IZLE,,25,63963.1,,,,,SEVIYE,100,2397.4,240,,,,,,,,,0,,18,1896.7,18,,,
32296,2026-07-30 07:50:57.006583+00,63957.75,-768994.9918487055,-21505.255,11786652042.7812,0.00007677000000000001,50523130.66803995,255.91320000000002,17.7,BEKLE,true,0.0,255.91320000000002,1.5355,844.582,60387722.715849996,301.577,17.7,0.0,"[{""usdt"": 15978831.0, ""borsa"": 3, ""fiyat"": 63950.0, ""kaynak"": ""BNB+BYB+OKX""}, {""usdt"": 9805903.0, ""borsa"": 1, ""fiyat"": 63875.0, ""kaynak"": ""BNB""}, {""usdt"": 9384406.0, ""borsa"": 1, ""fiyat"": 63900.0, ""kaynak"": ""BNB""}]","[{""usdt"": 19212397.0, ""borsa"": 3, ""fiyat"": 64000.0, ""kaynak"": ""BNB+BYB+OKX""}, {""usdt"": 14699299.0, ""borsa"": 3, ""fiyat"": 63975.0, ""kaynak"": ""BNB+BYB+OKX""}, {""usdt"": 11668745.0, ""borsa"": 1, ""fiyat"": 64050.0, ""kaynak"": ""BNB""}]",YOK,0.0213,-0.0889,0.9469,0.5078,false,,false,,1,0,3,0,0,3,20.3,21.3,IZLE,,25,63963.1,,,,,SEVIYE,100,2398.4,240,,,,,,,1785397740,1,0,,18,1897.7,18,,,
32297,2026-07-30 07:51:57.354243+00,63976.850000000006,-581197.106939606,12226.090000000002,11789845323.3427,0.00007677000000000001,51688132.02114992,1215.5667,17.7,BEKLE,true,959.6535,255.91320000000002,1.5355,905.064,65715992.09181997,362.059,17.7,0.0,"[{""usdt"": 15396102.0, ""borsa"": 3, ""fiyat"": 63950.0, ""kaynak"": ""BNB+BYB+OKX""}, {""usdt"": 10899672.0, ""borsa"": 1, ""fiyat"": 63875.0, ""kaynak"": ""BNB""}, {""usdt"": 8524599.0, ""borsa"": 1, ""fiyat"": 63900.0, ""kaynak"": ""BNB""}]","[{""usdt"": 24816655.0, ""borsa"": 3, ""fiyat"": 64000.0, ""kaynak"": ""BNB+BYB+OKX""}, {""usdt"": 13746946.0, ""borsa"": 3, ""fiyat"": 63975.0, ""kaynak"": ""BNB+BYB+OKX""}, {""usdt"": 9924268.0, ""borsa"": 1, ""fiyat"": 64075.0, ""kaynak"": ""BNB""}]",YOK,0.0128,-0.1195,0.9521,0.0059,false,2.8714,false,,1,0,3,0,1,3,16.9,18,IZLE,,25,63963.1,,,,,SEVIYE,100,2399.4,240,,,,,,,1785397860,1,0,,18,1898.7,18,,,
32298,2026-07-30 07:52:57.649116+00,63969.75,-581197.106939606,12226.090000000002,11789845323.3427,0.00007677000000000001,54866294.59977995,1215.5667,15.0,BEKLE,true,959.6535,255.91320000000002,1.5355,965.397,64254552.84078995,422.392,15.0,0.0,"[{""usdt"": 13273208.0, ""borsa"": 3, ""fiyat"": 63950.0, ""kaynak"": ""BNB+BYB+OKX""}, {""usdt"": 11404255.0, ""borsa"": 1, ""fiyat"": 63875.0, ""kaynak"": ""BNB""}, {""usdt"": 8678732.0, ""borsa"": 1, ""fiyat"": 63900.0, ""kaynak"": ""BNB""}]","[{""usdt"": 32303242.0, ""borsa"": 3, ""fiyat"": 64000.0, ""kaynak"": ""BNB+BYB+OKX""}, {""usdt"": 9008577.0, ""borsa"": 1, ""fiyat"": 64050.0, ""kaynak"": ""BNB""}, {""usdt"": 7808611.0, ""borsa"": 1, ""fiyat"": 64075.0, ""kaynak"": ""BNB""}]",YOK,0.0047,-0.0788,0.9627,0.2534,false,3.1163,false,,1,0,3,0,0,3,13.4,14.5,IZLE,,25,63963.1,,,,,SEVIYE,100,2400.4,240,,,,,,,1785397860,1,0,,18,1899.7,18,,,
32299,2026-07-30 07:53:57.894314+00,64009.95,-625194.0891794057,180065.329,11789386963.225,0.00007677000000000001,51893870.56676002,1215.5652,13.6,BEKLE,false,959.652,255.91320000000002,1.5355,1025.653,65074916.83107,482.648,0.0,13.6,"[{""usdt"": 13277382.0, ""borsa"": 3, ""fiyat"": 63975.0, ""kaynak"": ""BNB+BYB+OKX""}, {""usdt"": 11975778.0, ""borsa"": 1, ""fiyat"": 63900.0, ""kaynak"": ""BNB""}, {""usdt"": 9650255.0, ""borsa"": 3, ""fiyat"": 63950.0, ""kaynak"": ""BNB+BYB+OKX""}]","[{""usdt"": 34574880.0, ""borsa"": 3, ""fiyat"": 64000.0, ""kaynak"": ""BNB+BYB+OKX""}, {""usdt"": 8902964.0, ""borsa"": 1, ""fiyat"": 64075.0, ""kaynak"": ""BNB""}, {""usdt"": 7890819.0, ""borsa"": 1, ""fiyat"": 64050.0, ""kaynak"": ""BNB""}]",YOK,0.0409,-0.1127,0.9743,0.2157,false,2.2842,false,,0,0,3,0,1,3,9.7,10.8,IZLE,,25,64043.4,,,,,SEVIYE,50,3012.3,301,,,,,,,1785397860,1,0,,18,1900.7,18,,,
32300,2026-07-30 07:54:58.168894+00,63984.45,-446875.36671340384,222845.73199999996,11796181466.7934,0.00007677000000000001,49888389.19339995,1215.5652,17.3,BEKLE,false,959.652,255.91320000000002,1.5355,1085.909,53729799.07159004,241.327,0.0,17.3,"[{""usdt"": 13679609.0, ""borsa"": 3, ""fiyat"": 63975.0, ""kaynak"": ""BNB+BYB+OKX""}, {""usdt"": 12182446.0, ""borsa"": 1, ""fiyat"": 63900.0, ""kaynak"": ""BNB""}, {""usdt"": 10044447.0, ""borsa"": 3, ""fiyat"": 63950.0, ""kaynak"": ""BNB+BYB+OKX""}]","[{""usdt"": 16189087.0, ""borsa"": 3, ""fiyat"": 64000.0, ""kaynak"": ""BNB+BYB+OKX""}, {""usdt"": 13151031.0, ""borsa"": 3, ""fiyat"": 64025.0, ""kaynak"": ""BNB+BYB+OKX""}, {""usdt"": 8855877.0, ""borsa"": 1, ""fiyat"": 64075.0, ""kaynak"": ""BNB""}]",YOK,0.02,-0.0371,0.9591,0.0768,false,2.4714,false,,0,0,3,0,0,3,6.1,7.2,IZLE,,25,63963.1,,,,,SEVIYE,100,2402.4,240,,,,,,,1785397860,1,1,,18,1901.8,18,,,
32301,2026-07-30 07:55:58.4747+00,63975.55,-552906.5230781054,222653.76799999998,11794955786.1615,0.00007677000000000001,51119600.95537998,959.652,20.8,BEKLE,,959.652,0.0,1.5355,1146.178,48584189.65495002,301.596,0.0,20.8,"[{""usdt"": 14524117.0, ""borsa"": 3, ""fiyat"": 63950.0, ""kaynak"": ""BNB+BYB+OKX""}, {""usdt"": 13363611.0, ""borsa"": 1, ""fiyat"": 63900.0, ""kaynak"": ""BNB""}, {""usdt"": 7673349.0, ""borsa"": 1, ""fiyat"": 63925.0, ""kaynak"": ""BNB""}]","[{""usdt"": 12695591.0, ""borsa"": 3, ""fiyat"": 64000.0, ""kaynak"": ""BNB+BYB+OKX""}, {""usdt"": 10577782.0, ""borsa"": 1, ""fiyat"": 64050.0, ""kaynak"": ""BNB""}, {""usdt"": 7132896.0, ""borsa"": 1, ""fiyat"": 64075.0, ""kaynak"": ""BNB""}]",YOK,-0.0419,0.0254,,,false,,false,,0,1,3,0,0,3,2.5,3.6,IZLE,,25,63956.7,,,,,SEVIYE,95,2403.4,241,,,,,,,1785397860,1,0,,18,1902.8,18,,,
32302,2026-07-30 07:56:58.72687+00,63956.649999999994,-843096.8648250006,195280.101,11794561331.7845,0.00007677000000000001,48999728.253879994,0.0,19.8,BEKLE,,0.0,0.0,1.5355,1206.46,44793030.57555001,60.282,0.0,19.8,"[{""usdt"": 12128351.0, ""borsa"": 3, ""fiyat"": 63950.0, ""kaynak"": ""BNB+BYB+OKX""}, {""usdt"": 8867593.0, ""borsa"": 1, ""fiyat"": 63900.0, ""kaynak"": ""BNB""}, {""usdt"": 8684510.0, ""borsa"": 1, ""fiyat"": 63875.0, ""kaynak"": ""BNB""}]","[{""usdt"": 13127458.0, ""borsa"": 3, ""fiyat"": 64000.0, ""kaynak"": ""BNB+BYB+OKX""}, {""usdt"": 8768365.0, ""borsa"": 3, ""fiyat"": 63975.0, ""kaynak"": ""BNB+BYB+OKX""}, {""usdt"": 8502022.0, ""borsa"": 1, ""fiyat"": 64025.0, ""kaynak"": ""BNB""}]",YOK,-0.0419,0.0449,,,false,,false,,0,1,3,0,0,3,62.8,61.3,IZLE,,25,63956.7,,,,,SEVIYE,95,2404.4,241,,,,,,,,,0,,18,1903.8,18,,,
32303,2026-07-30 07:57:58.994178+00,63969.350000000006,451741.38918870105,145481.27500000002,11792787374.745998,0.00007677000000000001,48012089.927200004,0.0,14.1,BEKLE,false,0.0,0.0,1.5355,1266.762,45994533.05137001,120.584,0.0,14.1,"[{""usdt"": 12569822.0, ""borsa"": 3, ""fiyat"": 63950.0, ""kaynak"": ""BNB+BYB+OKX""}, {""usdt"": 9784884.0, ""borsa"": 2, ""fiyat"": 63925.0, ""kaynak"": ""BNB+BYB""}, {""usdt"": 8867593.0, ""borsa"": 1, ""fiyat"": 63900.0, ""kaynak"": ""BNB""}]","[{""usdt"": 14129841.0, ""borsa"": 3, ""fiyat"": 63975.0, ""kaynak"": ""BNB+BYB+OKX""}, {""usdt"": 8953925.0, ""borsa"": 3, ""fiyat"": 64000.0, ""kaynak"": ""BNB+BYB+OKX""}, {""usdt"": 8502022.0, ""borsa"": 1, ""fiyat"": 64025.0, ""kaynak"": ""BNB""}]",YOK,-0.0363,0.0215,0.8108,0.0198,false,,false,,1,0,3,0,1,3,59.3,60.3,IZLE,,25,63956.7,,,,,SEVIYE,95,2405.4,241,,,,,,,,,0,,18,1904.8,18,,,
32304,2026-07-30 07:58:59.274656+00,63985.850000000006,539743.7655389989,155006.303,11794003026.664799,0.00007677000000000001,51282848.9493899,0.0,7.5,BEKLE,,0.0,0.0,1.5355,1327.026,46042730.74882,180.848,7.5,0.0,"[{""usdt"": 16037193.0, ""borsa"": 3, ""fiyat"": 63950.0, ""kaynak"": ""BNB+BYB+OKX""}, {""usdt"": 10685610.0, ""borsa"": 1, ""fiyat"": 63875.0, ""kaynak"": ""BNB""}, {""usdt"": 8839497.0, ""borsa"": 1, ""fiyat"": 63900.0, ""kaynak"": ""BNB""}]","[{""usdt"": 12013209.0, ""borsa"": 3, ""fiyat"": 64000.0, ""kaynak"": ""BNB+BYB+OKX""}, {""usdt"": 8328591.0, ""borsa"": 1, ""fiyat"": 64075.0, ""kaynak"": ""BNB""}, {""usdt"": 8211300.0, ""borsa"": 3, ""fiyat"": 63975.0, ""kaynak"": ""BNB+BYB+OKX""}]",YOK,0.0058,0.0538,0.9625,1.2559,false,,false,,0,0,3,0,0,3,55.3,56.8,IZLE,,25,64001.7,,,,,SEVIYE,70,3017.3,302,,,,,,,,,0,,18,1905.8,18,,,
32305,2026-07-30 07:59:59.456184+00,63981.850000000006,635093.3641197975,275993.75600000005,11799621097.390598,0.00007677000000000001,49996591.41801996,3967.1258000000003,8.8,BEKLE,,0.0,3967.1258000000003,1.5355,1387.197,51232413.62332003,241.019,0.0,8.8,"[{""usdt"": 16589468.0, ""borsa"": 3, ""fiyat"": 63975.0, ""kaynak"": ""BNB+BYB+OKX""}, {""usdt"": 10914679.0, ""borsa"": 1, ""fiyat"": 63900.0, ""kaynak"": ""BNB""}, {""usdt"": 7543664.0, ""borsa"": 1, ""fiyat"": 63925.0, ""kaynak"": ""BNB""}]","[{""usdt"": 12173407.0, ""borsa"": 3, ""fiyat"": 64025.0, ""kaynak"": ""BNB+BYB+OKX""}, {""usdt"": 12155274.0, ""borsa"": 3, ""fiyat"": 64000.0, ""kaynak"": ""BNB+BYB+OKX""}, {""usdt"": 10776142.0, ""borsa"": 1, ""fiyat"": 64075.0, ""kaynak"": ""BNB""}]",YOK,0.0465,-0.0122,0.9184,0.1392,false,,false,,0,0,3,0,1,3,51.6,52.7,IZLE,,25,64001.7,,,,,SEVIYE,70,3018.3,302,,,,,,,1785398280,1,0,,18,1906.8,18,,,
32306,2026-07-30 08:00:59.729384+00,63976.95,2801246.0414219983,2294376.6750000003,11803560188.5793,0.00007677000000000001,49996591.41801996,3967.1258000000003,64.2,BEKLE,false,0.0,3967.1258000000003,1.5355,1447.44,51232413.62332003,301.262,0.0,64.2,"[{""usdt"": 16589468.0, ""borsa"": 3, ""fiyat"": 63975.0, ""kaynak"": ""BNB+BYB+OKX""}, {""usdt"": 10914679.0, ""borsa"": 1, ""fiyat"": 63900.0, ""kaynak"": ""BNB""}, {""usdt"": 7543664.0, ""borsa"": 1, ""fiyat"": 63925.0, ""kaynak"": ""BNB""}]","[{""usdt"": 12173407.0, ""borsa"": 3, ""fiyat"": 64025.0, ""kaynak"": ""BNB+BYB+OKX""}, {""usdt"": 12155274.0, ""borsa"": 3, ""fiyat"": 64000.0, ""kaynak"": ""BNB+BYB+OKX""}, {""usdt"": 10776142.0, ""borsa"": 1, ""fiyat"": 64075.0, ""kaynak"": ""BNB""}]",YOK,0.0465,-0.0122,0.4722,0.0124,true,0.3806,false,,0,0,3,0,1,3,111.9,112.9,IZLE,,25,63956.7,,,,,SEVIYE,95,2408.4,241,,,,,,,1785398280,1,1,,18,1907.8,18,,,
32307,2026-07-30 08:02:00.208577+00,63971.45,2616930.4456955986,2058149.551,11801658424.220001,0.00007677000000000001,51638963.132599965,3967.1258000000003,54.2,BEKLE,false,0.0,3967.1258000000003,1.5355,1507.94,44884316.17756,361.762,0.0,54.2,"[{""usdt"": 16404380.0, ""borsa"": 3, ""fiyat"": 63950.0, ""kaynak"": ""BNB+BYB+OKX""}, {""usdt"": 11170553.0, ""borsa"": 1, ""fiyat"": 63900.0, ""kaynak"": ""BNB""}, {""usdt"": 7648179.0, ""borsa"": 1, ""fiyat"": 63925.0, ""kaynak"": ""BNB""}]","[{""usdt"": 11542384.0, ""borsa"": 3, ""fiyat"": 64000.0, ""kaynak"": ""BNB+BYB+OKX""}, {""usdt"": 9034584.0, ""borsa"": 1, ""fiyat"": 64050.0, ""kaynak"": ""BNB""}, {""usdt"": 8718176.0, ""borsa"": 3, ""fiyat"": 63975.0, ""kaynak"": ""BNB+BYB+OKX""}]",YOK,0.0122,0.07,0.5065,0.1368,true,0.4899,false,,0,0,3,0,0,3,43.2,44.3,IZLE,,25,63956.7,,,,,SEVIYE,95,2409.4,241,,,,,,,1785398280,1,2,,18,1908.8,18,,,
32308,2026-07-30 08:03:00.585265+00,64004.05,2817823.720342798,2139605.335,11799062210.3054,0.00007677000000000001,55267055.43382997,4095.0686,57.5,BEKLE,false,0.0,4095.0686,1.5355,1568.335,46716581.19231002,422.157,0.0,57.5,"[{""usdt"": 15643514.0, ""borsa"": 3, ""fiyat"": 63950.0, ""kaynak"": ""BNB+BYB+OKX""}, {""usdt"": 9436551.0, ""borsa"": 1, ""fiyat"": 63900.0, ""kaynak"": ""BNB""}, {""usdt"": 9023385.0, ""borsa"": 1, ""fiyat"": 63875.0, ""kaynak"": ""BNB""}]","[{""usdt"": 14726798.0, ""borsa"": 3, ""fiyat"": 64000.0, ""kaynak"": ""BNB+BYB+OKX""}, {""usdt"": 9408656.0, ""borsa"": 1, ""fiyat"": 64075.0, ""kaynak"": ""BNB""}, {""usdt"": 8983504.0, ""borsa"": 1, ""fiyat"": 64050.0, ""kaynak"": ""BNB""}]",YOK,0.0283,0.0838,0.3961,0.3666,true,0.4229,false,,0,0,3,1,0,3,39.7,40.8,IZLE,,25,64001.7,,,,,SEVIYE,70,3021.3,302,,,,,,,1785398460,1,0,,18,1909.8,18,,,
32309,2026-07-30 08:04:00.877827+00,63951.95,2930601.391013598,2230277.7630000003,11802549407.4573,0.00007677000000000001,51758582.31964999,127.9428,80.2,BEKLE,false,0.0,127.9428,1.5355,1628.614,45858974.98737995,482.436,0.0,80.2,"[{""usdt"": 16200170.0, ""borsa"": 3, ""fiyat"": 63950.0, ""kaynak"": ""BNB+BYB+OKX""}, {""usdt"": 9624346.0, ""borsa"": 1, ""fiyat"": 63875.0, ""kaynak"": ""BNB""}, {""usdt"": 9593320.0, ""borsa"": 1, ""fiyat"": 63900.0, ""kaynak"": ""BNB""}]","[{""usdt"": 10632733.0, ""borsa"": 3, ""fiyat"": 63975.0, ""kaynak"": ""BNB+BYB+OKX""}, {""usdt"": 10474209.0, ""borsa"": 3, ""fiyat"": 64000.0, ""kaynak"": ""BNB+BYB+OKX""}, {""usdt"": 7655626.0, ""borsa"": 1, ""fiyat"": 64075.0, ""kaynak"": ""BNB""}]",YOK,0.0212,0.0604,0.389,0.348,false,0.1145,false,,0,0,3,1,0,3,36.2,37.3,IZLE,,25,63956.7,,,,,SEVIYE,95,2411.5,241,,,,,,,1785398460,1,0,,18,1910.8,18,,,
32310,2026-07-30 08:05:01.248404+00,63992.95,3148243.074825898,2164126.517,11804722494.8169,0.00009354600000000002,50627533.94988997,127.9428,59.1,BEKLE,false,0.0,127.9428,1.5355,1688.87,47790981.39024,542.692,0.0,59.1,"[{""usdt"": 15366860.0, ""borsa"": 3, ""fiyat"": 63975.0, ""kaynak"": ""BNB+BYB+OKX""}, {""usdt"": 10146989.0, ""borsa"": 1, ""fiyat"": 63900.0, ""kaynak"": ""BNB""}, {""usdt"": 8912620.0, ""borsa"": 3, ""fiyat"": 63950.0, ""kaynak"": ""BNB+BYB+OKX""}]","[{""usdt"": 14019467.0, ""borsa"": 3, ""fiyat"": 64000.0, ""kaynak"": ""BNB+BYB+OKX""}, {""usdt"": 9514597.0, ""borsa"": 1, ""fiyat"": 64075.0, ""kaynak"": ""BNB""}, {""usdt"": 7420584.0, ""borsa"": 1, ""fiyat"": 64050.0, ""kaynak"": ""BNB""}]",YOK,0.0831,0.0288,0.4238,0.1181,false,0,false,,0,0,3,0,0,3,32.6,33.7,IZLE,,25,64001.7,,,,,SEVIYE,70,3023.4,302,,,,,,,1785398460,1,1,,18,1911.8,18,,,
32311,2026-07-30 08:06:01.58969+00,64005.05,2998515.1654792977,2105237.988,11807927725.064,0.00009354600000000002,51272807.27573004,127.9428,17.3,BEKLE,,0.0,127.9428,1.5355,1749.308,52691095.517130025,60.438,17.3,0.0,"[{""usdt"": 15349229.0, ""borsa"": 3, ""fiyat"": 63975.0, ""kaynak"": ""BNB+BYB+OKX""}, {""usdt"": 9938054.0, ""borsa"": 1, ""fiyat"": 63900.0, ""kaynak"": ""BNB""}, {""usdt"": 8197724.0, ""borsa"": 1, ""fiyat"": 63925.0, ""kaynak"": ""BNB""}]","[{""usdt"": 19894529.0, ""borsa"": 3, ""fiyat"": 64025.0, ""kaynak"": ""BNB+BYB+OKX""}, {""usdt"": 9468375.0, ""borsa"": 1, ""fiyat"": 64100.0, ""kaynak"": ""BNB""}, {""usdt"": 7583871.0, ""borsa"": 1, ""fiyat"": 64075.0, ""kaynak"": ""BNB""}]",YOK,0.1244,-0.0136,,,true,0,false,,2,0,3,1,1,3,29.2,30.3,IZLE,,25,64043.4,,,,,SEVIYE,50,3024.4,303,,,,,,,1785398460,1,2,,18,1912.8,18,,,
32312,2026-07-30 08:07:01.946427+00,64000.05,2548545.106005698,2103436.26,11807161754.347,0.00009354600000000002,54647920.54514005,0.0,8.9,BEKLE,,0.0,0.0,1.5342,1809.689,47184001.82124,120.819,0.0,8.9,"[{""usdt"": 13243894.0, ""borsa"": 1, ""fiyat"": 63900.0, ""kaynak"": ""BNB""}, {""usdt"": 12508877.0, ""borsa"": 3, ""fiyat"": 63975.0, ""kaynak"": ""BNB+BYB+OKX""}, {""usdt"": 11857621.0, ""borsa"": 3, ""fiyat"": 64000.0, ""kaynak"": ""BNB+BYB+OKX""}]","[{""usdt"": 12977630.0, ""borsa"": 3, ""fiyat"": 64025.0, ""kaynak"": ""BNB+BYB+OKX""}, {""usdt"": 11711852.0, ""borsa"": 1, ""fiyat"": 64050.0, ""kaynak"": ""BNB""}, {""usdt"": 8720522.0, ""borsa"": 1, ""fiyat"": 64100.0, ""kaynak"": ""BNB""}]",YOK,0.1098,0.0733,,,true,0,false,,0,0,3,1,0,3,25.7,26.8,IZLE,,25,64043.4,,,,,SEVIYE,50,3025.4,303,,,,,,,,,0,,18,1913.8,18,,,
32313,2026-07-30 08:08:02.19506+00,63996.55,1224542.836157699,2085403.765,11805452106.888199,0.00009354600000000002,55076491.36336997,0.0,13.4,BEKLE,,0.0,0.0,1.5342,1869.955,45707931.86799004,181.085,13.4,0.0,"[{""usdt"": 17758900.0, ""borsa"": 3, ""fiyat"": 63975.0, ""kaynak"": ""BNB+BYB+OKX""}, {""usdt"": 9391001.0, ""borsa"": 2, ""fiyat"": 63950.0, ""kaynak"": ""BNB+OKX""}, {""usdt"": 8967714.0, ""borsa"": 1, ""fiyat"": 63875.0, ""kaynak"": ""BNB""}]","[{""usdt"": 10515267.0, ""borsa"": 3, ""fiyat"": 64000.0, ""kaynak"": ""BNB+BYB+OKX""}, {""usdt"": 9580488.0, ""borsa"": 3, ""fiyat"": 64025.0, ""kaynak"": ""BNB+BYB+OKX""}, {""usdt"": 9555565.0, ""borsa"": 1, ""fiyat"": 64100.0, ""kaynak"": ""BNB""}]",YOK,0.1319,0.093,0.9413,0.2792,true,0,false,1.464,1,0,3,1,0,3,22.2,23.2,IZLE,,25,63955.9,,,,,SEVIYE,100,2415.5,242,,,,,,,,,0,,18,1914.8,18,,,
32314,2026-07-30 08:09:02.493057+00,64016.25,1562355.6064961983,2135266.137,11814487562.702,0.00009354600000000002,52166040.923229955,0.0,21.8,BEKLE,true,0.0,0.0,1.5342,1930.228,46616047.53626007,241.358,21.8,0.0,"[{""usdt"": 15241585.0, ""borsa"": 3, ""fiyat"": 64000.0, ""kaynak"": ""BNB+BYB+OKX""}, {""usdt"": 11033225.0, ""borsa"": 1, ""fiyat"": 63925.0, ""kaynak"": ""BNB""}, {""usdt"": 9839381.0, ""borsa"": 1, ""fiyat"": 63900.0, ""kaynak"": ""BNB""}]","[{""usdt"": 12963669.0, ""borsa"": 3, ""fiyat"": 64025.0, ""kaynak"": ""BNB+BYB+OKX""}, {""usdt"": 9708219.0, ""borsa"": 3, ""fiyat"": 64050.0, ""kaynak"": ""BNB+BYB+OKX""}, {""usdt"": 9373617.0, ""borsa"": 1, ""fiyat"": 64100.0, ""kaynak"": ""BNB""}]",YOK,0.0786,0.0562,0.887,2.6289,true,0,false,1.2892,0,0,3,0,0,3,18.4,19.4,IZLE,,25,64043.4,,,,,SEVIYE,50,3027.4,303,,,,,,,,,0,,18,1915.8,18,,,
32315,2026-07-30 08:10:02.805346+00,63988.350000000006,1499309.4458870003,2022590.4810000001,11810477929.9434,0.00009354600000000002,47122092.22538,0.0,20.0,BEKLE,true,0.0,0.0,1.5342,1990.517,48998051.43230999,301.647,20.0,0.0,"[{""usdt"": 12487337.0, ""borsa"": 1, ""fiyat"": 63900.0, ""kaynak"": ""BNB""}, {""usdt"": 9528797.0, ""borsa"": 3, ""fiyat"": 63950.0, ""kaynak"": ""BNB+BYB+OKX""}, {""usdt"": 8011601.0, ""borsa"": 3, ""fiyat"": 63975.0, ""kaynak"": ""BNB+BYB+OKX""}]","[{""usdt"": 12889069.0, ""borsa"": 3, ""fiyat"": 64000.0, ""kaynak"": ""BNB+BYB+OKX""}, {""usdt"": 10528559.0, ""borsa"": 1, ""fiyat"": 64100.0, ""kaynak"": ""BNB""}, {""usdt"": 8199838.0, ""borsa"": 2, ""fiyat"": 64025.0, ""kaynak"": ""BNB+BYB""}]",YOK,-0.0536,-0.0195,0.864,0.1519,true,0,false,1.6003,0,0,3,0,0,3,14.8,15.9,IZLE,,25,63955.9,,,,,SEVIYE,100,2417.5,242,,,,,,,,,0,,18,1916.8,18,,,
32316,2026-07-30 08:11:03.110593+00,64000.55,-4120484.0637764973,-1153704.45,11807375626.1014,0.00009354600000000002,55846415.07996999,0.0,100.0,BEKLE,true,0.0,0.0,1.5342,2050.789,46943499.42511,361.919,100.0,0.0,"[{""usdt"": 20468987.0, ""borsa"": 3, ""fiyat"": 63975.0, ""kaynak"": ""BNB+BYB+OKX""}, {""usdt"": 9370174.0, ""borsa"": 1, ""fiyat"": 63900.0, ""kaynak"": ""BNB""}, {""usdt"": 8646987.0, ""borsa"": 1, ""fiyat"": 63925.0, ""kaynak"": ""BNB""}]","[{""usdt"": 11262806.0, ""borsa"": 3, ""fiyat"": 64000.0, ""kaynak"": ""BNB+BYB+OKX""}, {""usdt"": 11106978.0, ""borsa"": 1, ""fiyat"": 64100.0, ""kaynak"": ""BNB""}, {""usdt"": 9637072.0, ""borsa"": 3, ""fiyat"": 64025.0, ""kaynak"": ""BNB+BYB+OKX""}]",YOK,0.0328,0.0866,0.5436,0.0217,false,2.4465,true,0,0,0,3,0,0,3,11.2,12.3,IZLE,,25,64043.4,,,,,SEVIYE,50,3029.4,303,,,,,,,,,0,,18,1917.8,18,,,
32317,2026-07-30 08:12:03.353766+00,64000.55,-4315603.962752697,-1200003.266,11806790116.3133,0.00009354600000000002,49089510.108120084,0.0,90.8,BEKLE,true,0.0,0.0,1.5349,2111.128,53196965.948770046,422.258,90.8,0.0,"[{""usdt"": 12532416.0, ""borsa"": 3, ""fiyat"": 63975.0, ""kaynak"": ""BNB+BYB+OKX""}, {""usdt"": 11099606.0, ""borsa"": 1, ""fiyat"": 63900.0, ""kaynak"": ""BNB""}, {""usdt"": 8292597.0, ""borsa"": 1, ""fiyat"": 63925.0, ""kaynak"": ""BNB""}]","[{""usdt"": 18693906.0, ""borsa"": 3, ""fiyat"": 64025.0, ""kaynak"": ""BNB+BYB+OKX""}, {""usdt"": 10798663.0, ""borsa"": 1, ""fiyat"": 64100.0, ""kaynak"": ""BNB""}, {""usdt"": 7602100.0, ""borsa"": 1, ""fiyat"": 64075.0, ""kaynak"": ""BNB""}]",YOK,0.0787,-0.0402,0.5311,0.0024,false,3.0275,true,0,0,0,3,0,0,3,7.8,8.9,IZLE,,25,64043.4,,,,,SEVIYE,50,3030.4,303,,,,,,,,,0,,18,1918.8,18,,,
32318,2026-07-30 08:13:03.90779+00,64039.149999999994,-3960418.759323198,-1128674.8339999998,11811562375.137,0.00009354600000000002,51027313.11020997,0.0,100.0,BEKLE,,0.0,0.0,1.5349,2171.58,56317030.84461004,482.71,100.0,0.0,"[{""usdt"": 12618338.0, ""borsa"": 3, ""fiyat"": 64025.0, ""kaynak"": ""BNB+BYB+OKX""}, {""usdt"": 9169584.0, ""borsa"": 1, ""fiyat"": 63925.0, ""kaynak"": ""BNB""}, {""usdt"": 9132234.0, ""borsa"": 1, ""fiyat"": 63950.0, ""kaynak"": ""BNB""}]","[{""usdt"": 15292964.0, ""borsa"": 3, ""fiyat"": 64050.0, ""kaynak"": ""BNB+BYB+OKX""}, {""usdt"": 11061588.0, ""borsa"": 1, ""fiyat"": 64075.0, ""kaynak"": ""BNB""}, {""usdt"": 9962729.0, ""borsa"": 1, ""fiyat"": 64125.0, ""kaynak"": ""BNB""}]",YOK,0.0787,-0.0493,0.4679,0.2423,false,3.121,true,0,0,0,3,0,0,3,4.4,5.5,IZLE,,25,64043.4,,,,,SEVIYE,50,3031.4,303,,,,,,,,,0,,18,1919.8,18,,,
32319,2026-07-30 08:14:04.211411+00,64002.05,-4176271.3673670013,-1104960.66,11811716498.9812,0.00009354600000000002,49671769.43711005,0.0,89.9,BEKLE,true,0.0,0.0,1.5349,2231.924,52242396.78830999,543.054,89.9,0.0,"[{""usdt"": 10615723.0, ""borsa"": 1, ""fiyat"": 63900.0, ""kaynak"": ""BNB""}, {""usdt"": 8830800.0, ""borsa"": 1, ""fiyat"": 63925.0, ""kaynak"": ""BNB""}, {""usdt"": 8292923.0, ""borsa"": 2, ""fiyat"": 64025.0, ""kaynak"": ""BYB+OKX""}]","[{""usdt"": 21294976.0, ""borsa"": 3, ""fiyat"": 64050.0, ""kaynak"": ""BNB+BYB+OKX""}, {""usdt"": 10654810.0, ""borsa"": 1, ""fiyat"": 64100.0, ""kaynak"": ""BNB""}, {""usdt"": 6813433.0, ""borsa"": 1, ""fiyat"": 64125.0, ""kaynak"": ""BNB""}]",YOK,0.093,-0.0252,0.4912,0.0766,false,3.0278,true,0,1,0,3,0,0,3,63.8,63.3,IZLE,,25,64043.4,,,,,SEVIYE,50,3032.4,303,,,,,,,,,0,,18,1920.9,18,,,
32320,2026-07-30 08:15:04.468822+00,63963.149999999994,-4528546.516120001,-1194371.8930000002,11807444693.3163,0.00009354600000000002,50063400.45359005,0.0,96.3,BEKLE,true,0.0,0.0,1.5349,2292.227,51939646.09411,603.357,96.3,0.0,"[{""usdt"": 13954377.0, ""borsa"": 3, ""fiyat"": 63975.0, ""kaynak"": ""BNB+BYB+OKX""}, {""usdt"": 10615723.0, ""borsa"": 1, ""fiyat"": 63900.0, ""kaynak"": ""BNB""}, {""usdt"": 8830800.0, ""borsa"": 1, ""fiyat"": 63925.0, ""kaynak"": ""BNB""}]","[{""usdt"": 12023554.0, ""borsa"": 1, ""fiyat"": 64050.0, ""kaynak"": ""BNB""}, {""usdt"": 11116187.0, ""borsa"": 3, ""fiyat"": 64025.0, ""kaynak"": ""BNB+BYB+OKX""}, {""usdt"": 10654810.0, ""borsa"": 1, ""fiyat"": 64100.0, ""kaynak"": ""BNB""}]",YOK,0.0774,-0.0184,0.5053,0.1332,false,,true,0,1,0,3,0,0,3,61.2,62.3,IZLE,,25,63955.9,,,,,SEVIYE,100,2422.5,242,,,,,,,,,0,,18,1921.9,18,,,
32321,2026-07-30 08:16:04.779622+00,63990.149999999994,-6856528.610297896,-1759705.46,11805504560.405098,0.00009354600000000002,49623819.37214996,0.0,44.6,BEKLE,true,0.0,0.0,1.5349,2352.501,45964740.942510016,0,44.6,0.0,"[{""usdt"": 11876609.0, ""borsa"": 3, ""fiyat"": 63950.0, ""kaynak"": ""BNB+BYB+OKX""}, {""usdt"": 10809279.0, ""borsa"": 1, ""fiyat"": 63900.0, ""kaynak"": ""BNB""}, {""usdt"": 9246548.0, ""borsa"": 1, ""fiyat"": 63875.0, ""kaynak"": ""BNB""}]","[{""usdt"": 14474325.0, ""borsa"": 3, ""fiyat"": 63975.0, ""kaynak"": ""BNB+BYB+OKX""}, {""usdt"": 8121728.0, ""borsa"": 1, ""fiyat"": 64050.0, ""kaynak"": ""BNB""}, {""usdt"": 7282646.0, ""borsa"": 2, ""fiyat"": 64000.0, ""kaynak"": ""BNB+BYB""}]",YOK,-0.1017,0.0383,0.7078,0.1691,false,,true,0,0,1,3,0,1,3,57.5,58.6,IZLE,,25,63963.3,,,,,SEVIYE,80,2423.5,243,,,,,,,,,0,,19,1922.9,19,,,
32322,2026-07-30 08:17:05.29373+00,64016.95,-6364052.228124295,-1499632.71,11808433456.8624,0.00009354600000000002,47455858.08906004,0.0,31.0,BEKLE,,0.0,0.0,1.5349,2413.026,53216319.28718999,0,31.0,0.0,"[{""usdt"": 14729344.0, ""borsa"": 3, ""fiyat"": 64000.0, ""kaynak"": ""BNB+BYB+OKX""}, {""usdt"": 8927018.0, ""borsa"": 1, ""fiyat"": 63900.0, ""kaynak"": ""BNB""}, {""usdt"": 7821720.0, ""borsa"": 1, ""fiyat"": 63925.0, ""kaynak"": ""BNB""}]","[{""usdt"": 16840446.0, ""borsa"": 3, ""fiyat"": 64025.0, ""kaynak"": ""BNB+BYB+OKX""}, {""usdt"": 11327636.0, ""borsa"": 1, ""fiyat"": 64100.0, ""kaynak"": ""BNB""}, {""usdt"": 9452490.0, ""borsa"": 3, ""fiyat"": 64050.0, ""kaynak"": ""BNB+BYB+OKX""}]",YOK,0.047,-0.0572,0.7857,0.3954,false,,true,0,0,0,3,0,1,3,54.2,55.3,IZLE,,25,64043.4,,,,,SEVIYE,50,3035.4,304,,,,,,,,,0,,19,1923.9,19,,,
32323,2026-07-30 08:18:05.574773+00,64007.75,-6227575.957651096,-1761940.4170000001,11814242685.7752,0.00009354600000000002,49977018.310290016,0.0,48.4,BEKLE,true,0.0,0.0,1.5349,2473.346,50240017.58122,60.32,48.4,0.0,"[{""usdt"": 15057072.0, ""borsa"": 3, ""fiyat"": 64000.0, ""kaynak"": ""BNB+BYB+OKX""}, {""usdt"": 11705554.0, ""borsa"": 1, ""fiyat"": 63900.0, ""kaynak"": ""BNB""}, {""usdt"": 9424004.0, ""borsa"": 1, ""fiyat"": 63925.0, ""kaynak"": ""BNB""}]","[{""usdt"": 12412606.0, ""borsa"": 3, ""fiyat"": 64050.0, ""kaynak"": ""BNB+BYB+OKX""}, {""usdt"": 11805698.0, ""borsa"": 3, ""fiyat"": 64025.0, ""kaynak"": ""BNB+BYB+OKX""}, {""usdt"": 8574516.0, ""borsa"": 1, ""fiyat"": 64100.0, ""kaynak"": ""BNB""}]",YOK,0.0009,-0.0026,0.6576,0.5721,false,,true,0,0,0,3,0,0,3,50.7,51.8,IZLE,,25,64043.4,,,,,SEVIYE,50,3036.4,304,,,,,,,,,0,,19,1924.9,19,,,
32324,2026-07-30 08:19:05.886579+00,63994.649999999994,-6274572.604153195,-1786622.955,11810147934.7523,0.00009354600000000002,48410585.76932002,0.0,47.8,BEKLE,true,0.0,0.0,1.5381,2533.613,51489531.72170003,120.587,47.8,0.0,"[{""usdt"": 13450404.0, ""borsa"": 1, ""fiyat"": 63900.0, ""kaynak"": ""BNB""}, {""usdt"": 10924114.0, ""borsa"": 3, ""fiyat"": 63975.0, ""kaynak"": ""BNB+BYB+OKX""}, {""usdt"": 9368633.0, ""borsa"": 1, ""fiyat"": 63950.0, ""kaynak"": ""BNB""}]","[{""usdt"": 12532703.0, ""borsa"": 3, ""fiyat"": 64025.0, ""kaynak"": ""BNB+BYB+OKX""}, {""usdt"": 10046549.0, ""borsa"": 1, ""fiyat"": 64100.0, ""kaynak"": ""BNB""}, {""usdt"": 9880463.0, ""borsa"": 1, ""fiyat"": 64050.0, ""kaynak"": ""BNB""}]",YOK,-0.0248,-0.0308,0.6228,0.138,false,,true,0,0,0,3,0,0,3,47.1,48.2,IZLE,,25,63963.3,,,,,SEVIYE,80,2426.5,243,,,,,,,,,0,,19,1925.9,19,,,
32325,2026-07-30 08:20:06.246815+00,63994.149999999994,-6430397.285480289,-1790419.332,11807364044.453201,0.00009354600000000002,51994574.15765996,0.0,49.6,BEKLE,true,0.0,0.0,1.5381,2593.988,48734172.02438999,180.962,49.6,0.0,"[{""usdt"": 15711162.0, ""borsa"": 3, ""fiyat"": 63975.0, ""kaynak"": ""BNB+BYB+OKX""}, {""usdt"": 11833478.0, ""borsa"": 1, ""fiyat"": 63900.0, ""kaynak"": ""BNB""}, {""usdt"": 9407301.0, ""borsa"": 1, ""fiyat"": 63925.0, ""kaynak"": ""BNB""}]","[{""usdt"": 11571924.0, ""borsa"": 1, ""fiyat"": 64100.0, ""kaynak"": ""BNB""}, {""usdt"": 10601150.0, ""borsa"": 3, ""fiyat"": 64025.0, ""kaynak"": ""BNB+BYB+OKX""}, {""usdt"": 10390836.0, ""borsa"": 3, ""fiyat"": 64000.0, ""kaynak"": ""BNB+BYB+OKX""}]",YOK,-0.0017,0.0324,0.6312,0.647,false,,true,0,2,0,3,0,0,3,43.7,44.7,IZLE,,25,63963.3,,,,,SEVIYE,80,2427.5,243,,,,,,,,,0,,19,1926.9,19,,,
32326,2026-07-30 08:21:06.57596+00,64048.25,-1710883.9013462968,-76246.39500000002,11814995628.7051,0.00009354600000000002,49851197.75637002,0.0,45.7,BEKLE,,0.0,0.0,1.5381,2654.317,53661414.990649946,241.291,0.0,45.7,"[{""usdt"": 11475085.0, ""borsa"": 3, ""fiyat"": 64000.0, ""kaynak"": ""BNB+BYB+OKX""}, {""usdt"": 8517302.0, ""borsa"": 3, ""fiyat"": 64025.0, ""kaynak"": ""BNB+BYB+OKX""}, {""usdt"": 8511995.0, ""borsa"": 1, ""fiyat"": 63900.0, ""kaynak"": ""BNB""}]","[{""usdt"": 19423510.0, ""borsa"": 3, ""fiyat"": 64050.0, ""kaynak"": ""BNB+BYB+OKX""}, {""usdt"": 9264292.0, ""borsa"": 1, ""fiyat"": 64100.0, ""kaynak"": ""BNB""}, {""usdt"": 8533376.0, ""borsa"": 1, ""fiyat"": 64125.0, ""kaynak"": ""BNB""}]",YOK,0.0133,-0.0368,0.6212,0.4409,false,2.3749,false,0,0,0,3,1,0,3,40.2,41.2,IZLE,,25,64043.4,,,,,SEVIYE,50,3039.4,304,,,,,,,,,0,,19,1927.9,19,,,
32327,2026-07-30 08:22:06.827092+00,64055.649999999994,-1850715.0691096967,-70536.69600000004,11819465815.3904,0.00009354600000000002,51283734.582580045,0.0,51.2,BEKLE,false,0.0,0.0,1.5381,2714.571,52877515.39495996,301.545,0.0,51.2,"[{""usdt"": 14391647.0, ""borsa"": 3, ""fiyat"": 64025.0, ""kaynak"": ""BNB+BYB+OKX""}, {""usdt"": 9101697.0, ""borsa"": 1, ""fiyat"": 63950.0, ""kaynak"": ""BNB""}, {""usdt"": 8555133.0, ""borsa"": 3, ""fiyat"": 64000.0, ""kaynak"": ""BNB+BYB+OKX""}]","[{""usdt"": 14210626.0, ""borsa"": 3, ""fiyat"": 64050.0, ""kaynak"": ""BNB+BYB+OKX""}, {""usdt"": 12067770.0, ""borsa"": 1, ""fiyat"": 64075.0, ""kaynak"": ""BNB""}, {""usdt"": 11081198.0, ""borsa"": 1, ""fiyat"": 64125.0, ""kaynak"": ""BNB""}]",YOK,0.0607,-0.0153,0.6288,0.3388,false,1.3425,true,0,1,0,3,1,0,3,36.6,37.7,IZLE,,25,64043.4,,,,,SEVIYE,50,3040.4,304,,,,,,,,,0,,19,1928.9,19,,,
32328,2026-07-30 08:23:07.150539+00,64067.45,-1570321.6420971993,63355.803000000014,11818760153.9254,0.00009354600000000002,50384673.935399994,0.0,48.1,BEKLE,false,0.0,0.0,1.5381,60.287,49387056.94865998,361.832,0.0,48.1,"[{""usdt"": 13071948.0, ""borsa"": 3, ""fiyat"": 64025.0, ""kaynak"": ""BNB+BYB+OKX""}, {""usdt"": 8876333.0, ""borsa"": 1, ""fiyat"": 63975.0, ""kaynak"": ""BNB""}, {""usdt"": 8177918.0, ""borsa"": 3, ""fiyat"": 64050.0, ""kaynak"": ""BNB+BYB+OKX""}]","[{""usdt"": 12841718.0, ""borsa"": 3, ""fiyat"": 64075.0, ""kaynak"": ""BNB+BYB+OKX""}, {""usdt"": 11114735.0, ""borsa"": 1, ""fiyat"": 64150.0, ""kaynak"": ""BNB""}, {""usdt"": 8081762.0, ""borsa"": 1, ""fiyat"": 64100.0, ""kaynak"": ""BNB""}]",YOK,0.0756,0.01,0.5778,0.4655,false,1.1873,false,,1,0,3,1,0,3,33.1,34.2,IZLE,,25,64043.4,,,,,SEVIYE,50,3041.5,304,,,,,,,,,0,,19,1929.9,19,,,
32329,2026-07-30 08:24:07.450034+00,64150.05,-255165.75371939514,853374.7829999999,11841422160.6276,0.00009354600000000002,53901925.57278995,705.5488,0.0,BEKLE,,0.0,705.5488,1.5381,0,54837435.256850034,422.129,0.0,0.0,"[{""usdt"": 15941003.0, ""borsa"": 3, ""fiyat"": 64050.0, ""kaynak"": ""BNB+BYB+OKX""}, {""usdt"": 9161193.0, ""borsa"": 3, ""fiyat"": 64075.0, ""kaynak"": ""BNB+BYB+OKX""}, {""usdt"": 9017245.0, ""borsa"": 1, ""fiyat"": 64000.0, ""kaynak"": ""BNB""}]","[{""usdt"": 18687267.0, ""borsa"": 3, ""fiyat"": 64100.0, ""kaynak"": ""BNB+BYB+OKX""}, {""usdt"": 9385022.0, ""borsa"": 1, ""fiyat"": 64175.0, ""kaynak"": ""BNB""}, {""usdt"": 8933276.0, ""borsa"": 1, ""fiyat"": 64150.0, ""kaynak"": ""BNB""}]",YOK,0.1496,-0.0086,0.5502,0.8928,false,0.6656,false,,1,0,3,1,0,3,29.5,30.6,IZLE,,25,64184.2,,,,,SEVIYE,65,1930.9,193,,,,,,,1785399780,1,0,,19,1930.9,19,,,
32330,2026-07-30 08:25:07.775741+00,64172.55,-181655.15346829582,985631.3899999998,11844194222.607601,0.00009354600000000002,49496930.43587001,130855.5304,0.0,BEKLE,,0.0,130855.5304,1.5381,0,46237564.29486001,120.646,0.0,0.0,"[{""usdt"": 13936447.0, ""borsa"": 3, ""fiyat"": 64150.0, ""kaynak"": ""BNB+BYB+OKX""}, {""usdt"": 7871702.0, ""borsa"": 1, ""fiyat"": 64075.0, ""kaynak"": ""BNB""}, {""usdt"": 7688507.0, ""borsa"": 3, ""fiyat"": 64175.0, ""kaynak"": ""BNB+BYB+OKX""}]","[{""usdt"": 15078953.0, ""borsa"": 3, ""fiyat"": 64200.0, ""kaynak"": ""BNB+BYB+OKX""}, {""usdt"": 9149290.0, ""borsa"": 2, ""fiyat"": 64225.0, ""kaynak"": ""BNB+BYB""}, {""usdt"": 8736921.0, ""borsa"": 1, ""fiyat"": 64275.0, ""kaynak"": ""BNB""}]",SPOT,0.1938,0.034,0.547,0.9816,true,0,false,,2,0,3,1,0,3,26,27.1,HAZIRLAN,LONG,50,64184.2,64184.2,65000,64091,10.15,SEVIYE+EMILIM,65,1931.9,193,,,,,,,1785399840,1,0,0.14,19,1931.9,19,,,
32331,2026-07-30 08:26:08.2817+00,64234.05,2922381.058543804,270965.96,11853773874.6565,0.00009354600000000002,50042629.94604009,164124.0688,0.0,BEKLE,,0.0,164124.0688,1.5381,0,53050966.501869924,120.662,0.0,0.0,"[{""usdt"": 14715944.0, ""borsa"": 3, ""fiyat"": 64150.0, ""kaynak"": ""BNB+BYB+OKX""}, {""usdt"": 8835364.0, ""borsa"": 1, ""fiyat"": 64075.0, ""kaynak"": ""BNB""}, {""usdt"": 7240513.0, ""borsa"": 1, ""fiyat"": 64125.0, ""kaynak"": ""BNB""}]","[{""usdt"": 16168423.0, ""borsa"": 3, ""fiyat"": 64200.0, ""kaynak"": ""BNB+BYB+OKX""}, {""usdt"": 11378064.0, ""borsa"": 1, ""fiyat"": 64225.0, ""kaynak"": ""BNB""}, {""usdt"": 9507867.0, ""borsa"": 1, ""fiyat"": 64275.0, ""kaynak"": ""BNB""}]",YOK,0.1421,-0.0292,0.8778,2.1905,true,0,false,,0,0,3,0,0,3,22,23.5,IZLE,,25,64182.7,,,,,SEVIYE,65,1932.9,194,,,,,,,1785399900,1,0,,18,1932.9,18,,,
32332,2026-07-30 08:27:08.595485+00,64239.95,3038358.054000903,1470026.4630000002,11853162646.408901,0.00009354600000000002,51809614.41212001,206313.31570000004,0.0,BEKLE,,0.0,206313.31570000004,1.54,60.548,54280801.40080002,120.861,0.0,0.0,"[{""usdt"": 18523916.0, ""borsa"": 3, ""fiyat"": 64200.0, ""kaynak"": ""BNB+BYB+OKX""}, {""usdt"": 8721552.0, ""borsa"": 1, ""fiyat"": 64150.0, ""kaynak"": ""BNB""}, {""usdt"": 8362292.0, ""borsa"": 1, ""fiyat"": 64175.0, ""kaynak"": ""BNB""}]","[{""usdt"": 12970342.0, ""borsa"": 1, ""fiyat"": 64275.0, ""kaynak"": ""BNB""}, {""usdt"": 11427835.0, ""borsa"": 3, ""fiyat"": 64250.0, ""kaynak"": ""BNB+BYB+OKX""}, {""usdt"": 10598086.0, ""borsa"": 3, ""fiyat"": 64225.0, ""kaynak"": ""BNB+BYB+OKX""}]",SPOT,0.1557,-0.0233,0.6308,1.4795,true,0,false,,2,0,3,1,0,3,18.7,19.7,IZLE,,25,64182.7,,,,,SEVIYE,65,1933.9,194,,,,,,,1785399960,2,0,,18,1933.9,18,,,
32333,2026-07-30 08:28:08.845878+00,64306.95,3728783.972086203,256501.08000000002,11860885369.9103,0.00009354600000000002,56487843.196570024,79889.16190000002,0.0,BEKLE,,0.0,79889.16190000002,1.54,60.213,61182774.591139965,60.213,0.0,0.0,"[{""usdt"": 14960492.0, ""borsa"": 3, ""fiyat"": 64225.0, ""kaynak"": ""BNB+BYB+OKX""}, {""usdt"": 12414528.0, ""borsa"": 3, ""fiyat"": 64250.0, ""kaynak"": ""BNB+BYB+OKX""}, {""usdt"": 10717352.0, ""borsa"": 1, ""fiyat"": 64175.0, ""kaynak"": ""BNB""}]","[{""usdt"": 14111573.0, ""borsa"": 3, ""fiyat"": 64275.0, ""kaynak"": ""BNB+BYB+OKX""}, {""usdt"": 13454750.0, ""borsa"": 1, ""fiyat"": 64300.0, ""kaynak"": ""BNB""}, {""usdt"": 10106111.0, ""borsa"": 1, ""fiyat"": 64350.0, ""kaynak"": ""BNB""}]",SPOT,0.2822,-0.0399,0.9366,2.6333,true,0,false,,3,0,3,1,0,3,15,16.1,IZLE,,25,64311.4,,,,,SEVIYE,55,1183.9,119,,,,,,,1785400020,2,0,,18,1934.9,18,,,
32334,2026-07-30 08:29:09.195874+00,64244.75,3660542.379751202,1707041.9330000002,11858388177.934101,0.00009354600000000002,49444324.58454,364954.7141,20.9,BEKLE,false,0.0,364954.7141,1.54,60.363,53295254.28493993,60.363,0.0,20.9,"[{""usdt"": 17203439.0, ""borsa"": 3, ""fiyat"": 64225.0, ""kaynak"": ""BNB+BYB+OKX""}, {""usdt"": 8388461.0, ""borsa"": 1, ""fiyat"": 64150.0, ""kaynak"": ""BNB""}, {""usdt"": 7773852.0, ""borsa"": 1, ""fiyat"": 64175.0, ""kaynak"": ""BNB""}]","[{""usdt"": 10997574.0, ""borsa"": 3, ""fiyat"": 64275.0, ""kaynak"": ""BNB+BYB+OKX""}, {""usdt"": 9543574.0, ""borsa"": 1, ""fiyat"": 64350.0, ""kaynak"": ""BNB""}, {""usdt"": 9506367.0, ""borsa"": 1, ""fiyat"": 64300.0, ""kaynak"": ""BNB""}]",YOK,0.0662,-0.0375,0.7118,1.0694,true,0,false,9.1501,0,0,3,0,0,3,11.6,12.6,IZLE,,25,64182.7,,,,,SEVIYE,65,1935.9,194,,,,,,,1785400080,2,0,,18,1935.9,18,,,
32335,2026-07-30 08:30:09.48059+00,64273.850000000006,3365033.4633586933,1263252.521,11865058388.8265,0.00009354600000000002,52897615.08654004,290652.7526,13.6,BEKLE,,0.0,290652.7526,1.54,120.638,46333366.80954997,120.638,0.0,13.6,"[{""usdt"": 11627647.0, ""borsa"": 3, ""fiyat"": 64250.0, ""kaynak"": ""BNB+BYB+OKX""}, {""usdt"": 9709924.0, ""borsa"": 1, ""fiyat"": 64175.0, ""kaynak"": ""BNB""}, {""usdt"": 9570299.0, ""borsa"": 3, ""fiyat"": 64225.0, ""kaynak"": ""BNB+BYB+OKX""}]","[{""usdt"": 13244409.0, ""borsa"": 3, ""fiyat"": 64275.0, ""kaynak"": ""BNB+BYB+OKX""}, {""usdt"": 10373234.0, ""borsa"": 1, ""fiyat"": 64350.0, ""kaynak"": ""BNB""}, {""usdt"": 10126892.0, ""borsa"": 1, ""fiyat"": 64325.0, ""kaynak"": ""BNB""}]",SPOT,0.1612,0.0662,0.8731,1.5487,true,0,false,,2,0,3,2,0,3,7.8,9.1,IZLE,,25,64311.4,,,,,SEVIYE,55,1185.9,119,PCT,3.03,71.42261643918187,0.0,false,0.005,1785400080,2,0,,18,1937.0,18,,,
32336,2026-07-30 08:31:10.842117+00,64269.95,3179225.1852868926,1692638.521,11864621810.9587,0.00009354600000000002,43626585.70500005,289496.8211,35.6,BEKLE,false,0.0,289496.8211,1.54,0,40495851.625369996,181.857,0.0,35.6,"[{""usdt"": 14150782.0, ""borsa"": 3, ""fiyat"": 64250.0, ""kaynak"": ""BNB+BYB+OKX""}, {""usdt"": 8386046.0, ""borsa"": 1, ""fiyat"": 64150.0, ""kaynak"": ""BNB""}, {""usdt"": 6374176.0, ""borsa"": 1, ""fiyat"": 64175.0, ""kaynak"": ""BNB""}]","[{""usdt"": 13003867.0, ""borsa"": 3, ""fiyat"": 64300.0, ""kaynak"": ""BNB+BYB+OKX""}, {""usdt"": 9434859.0, ""borsa"": 1, ""fiyat"": 64350.0, ""kaynak"": ""BNB""}, {""usdt"": 7110794.0, ""borsa"": 1, ""fiyat"": 64375.0, ""kaynak"": ""BNB""}]",SPOT,0.3218,0.0372,0.0886,0.7687,false,,false,3.8429,2,0,3,1,0,3,5.2,6.2,IZLE,,25,64311.4,,,,,SEVIYE,55,1186.9,119,,,,,,,1785400080,2,0,,18,1938.0,18,,,
32337,2026-07-30 08:32:11.331543+00,64286.850000000006,3121954.440109693,2212179.838,11867120622.557701,0.00009354600000000002,41210033.22740006,287119.213,29.2,BEKLE,false,0.0,287119.213,1.54,60.578,48206040.90727001,242.435,0.0,29.2,"[{""usdt"": 13800704.0, ""borsa"": 3, ""fiyat"": 64250.0, ""kaynak"": ""BNB+BYB+OKX""}, {""usdt"": 6440587.0, ""borsa"": 3, ""fiyat"": 64275.0, ""kaynak"": ""BNB+BYB+OKX""}, {""usdt"": 6402429.0, ""borsa"": 2, ""fiyat"": 64225.0, ""kaynak"": ""BNB+OKX""}]","[{""usdt"": 13264122.0, ""borsa"": 1, ""fiyat"": 64400.0, ""kaynak"": ""BNB""}, {""usdt"": 9245425.0, ""borsa"": 1, ""fiyat"": 64325.0, ""kaynak"": ""BNB""}, {""usdt"": 8870263.0, ""borsa"": 1, ""fiyat"": 64375.0, ""kaynak"": ""BNB""}]",SPOT,0.2908,-0.0782,0.0572,1.9899,false,,false,4.6039,3,0,3,1,0,3,1.9,63.8,IZLE,,25,64311.4,,,,,SEVIYE,55,1187.9,119,,,,,,,1785400080,2,0,,18,1939.0,18,,,
32338,2026-07-30 08:33:11.78673+00,64289.25,3121954.440109693,2212179.838,11867120622.557701,0.00009354600000000002,40797594.382700056,287119.213,97.5,BEKLE,,0.0,287119.213,1.54,121.045,50575670.135180004,302.902,0.0,97.5,"[{""usdt"": 11851784.0, ""borsa"": 3, ""fiyat"": 64250.0, ""kaynak"": ""BNB+BYB+OKX""}, {""usdt"": 8116071.0, ""borsa"": 3, ""fiyat"": 64275.0, ""kaynak"": ""BNB+BYB+OKX""}, {""usdt"": 6263426.0, ""borsa"": 1, ""fiyat"": 64225.0, ""kaynak"": ""BNB""}]","[{""usdt"": 13264122.0, ""borsa"": 1, ""fiyat"": 64400.0, ""kaynak"": ""BNB""}, {""usdt"": 9899580.0, ""borsa"": 3, ""fiyat"": 64300.0, ""kaynak"": ""BNB+BYB+OKX""}, {""usdt"": 9245425.0, ""borsa"": 1, ""fiyat"": 64325.0, ""kaynak"": ""BNB""}]",SPOT,0.2908,-0.107,0.1431,0.2587,false,,false,4.4786,3,0,3,0,0,3,62.4,63.5,IZLE,,25,64311.4,,,,,SEVIYE,55,1189.0,119,,,,,,,1785400080,2,0,,18,1940.0,18,SHORT,surec,97.478217289441
32339,2026-07-30 08:34:12.256759+00,64252.149999999994,2945700.761108992,2269336.571,11868409351.3862,0.00009354600000000002,40978553.748570025,4050.5094000000004,34.6,BEKLE,false,0.0,4050.5094000000004,1.5361,120.908,51306064.04734,363.343,0.0,34.6,"[{""usdt"": 10109507.0, ""borsa"": 3, ""fiyat"": 64250.0, ""kaynak"": ""BNB+BYB+OKX""}, {""usdt"": 8034937.0, ""borsa"": 3, ""fiyat"": 64275.0, ""kaynak"": ""BNB+BYB+OKX""}, {""usdt"": 7568686.0, ""borsa"": 1, ""fiyat"": 64225.0, ""kaynak"": ""BNB""}]","[{""usdt"": 15384162.0, ""borsa"": 1, ""fiyat"": 64400.0, ""kaynak"": ""BNB""}, {""usdt"": 10513441.0, ""borsa"": 1, ""fiyat"": 64325.0, ""kaynak"": ""BNB""}, {""usdt"": 9491559.0, ""borsa"": 3, ""fiyat"": 64300.0, ""kaynak"": ""BNB+BYB+OKX""}]",SPOT,0.2793,-0.1119,0.4063,0.2609,false,,false,4.3421,3,0,3,0,1,3,59,60,IZLE,,25,64311.4,,,,,SEVIYE,55,1190.0,119,,,,,,,1785400320,1,0,,18,1941.0,18,,,
32340,2026-07-30 08:35:12.489646+00,64249.850000000006,2548118.3653794946,2267310.5330000003,11861686064.6373,0.00009354600000000002,40572010.02663002,4050.5094000000004,38.9,BEKLE,false,0.0,4050.5094000000004,1.5361,181.227,36750645.49167002,423.662,0.0,38.9,"[{""usdt"": 13844601.0, ""borsa"": 3, ""fiyat"": 64225.0, ""kaynak"": ""BNB+BYB+OKX""}, {""usdt"": 6652180.0, ""borsa"": 1, ""fiyat"": 64175.0, ""kaynak"": ""BNB""}, {""usdt"": 6060224.0, ""borsa"": 1, ""fiyat"": 64200.0, ""kaynak"": ""BNB""}]","[{""usdt"": 9238101.0, ""borsa"": 1, ""fiyat"": 64350.0, ""kaynak"": ""BNB""}, {""usdt"": 8064221.0, ""borsa"": 3, ""fiyat"": 64275.0, ""kaynak"": ""BNB+BYB+OKX""}, {""usdt"": 5028587.0, ""borsa"": 1, ""fiyat"": 64375.0, ""kaynak"": ""BNB""}]",SPOT,0.3519,0.0494,0.3046,0.5549,false,,false,1.0796,3,0,3,1,0,3,55.4,56.5,IZLE,,25,64311.4,,,,,SEVIYE,55,1191.0,119,,,,,,,1785400320,1,1,,18,1942.0,18,,,
32341,2026-07-30 08:36:12.837887+00,64242.850000000006,544534.0906338905,1159257.6169999999,11863215110.193699,0.00009354600000000002,40647556.341400005,4050.5094000000004,29.1,BEKLE,true,0.0,4050.5094000000004,1.5361,60.297,38477901.007810004,483.959,29.1,0.0,"[{""usdt"": 12225462.0, ""borsa"": 3, ""fiyat"": 64225.0, ""kaynak"": ""BNB+BYB+OKX""}, {""usdt"": 7873750.0, ""borsa"": 1, ""fiyat"": 64150.0, ""kaynak"": ""BNB""}, {""usdt"": 6275450.0, ""borsa"": 2, ""fiyat"": 64200.0, ""kaynak"": ""BNB+BYB""}]","[{""usdt"": 9408311.0, ""borsa"": 3, ""fiyat"": 64275.0, ""kaynak"": ""BNB+BYB+OKX""}, {""usdt"": 8180490.0, ""borsa"": 1, ""fiyat"": 64350.0, ""kaynak"": ""BNB""}, {""usdt"": 6998663.0, ""borsa"": 1, ""fiyat"": 64325.0, ""kaynak"": ""BNB""}]",SPOT,0.2718,0.0274,0.7293,0.4605,false,,false,0.6269,3,0,3,1,0,3,51.9,53,IZLE,,25,64174.2,,,,,SEVIYE,70,1943.0,195,,,,,,,1785400320,1,2,,17,1943.0,17,,,
32342,2026-07-30 08:37:13.151618+00,64265.95,-686889.7856505092,191417.88199999987,11861984963.838902,0.00009354600000000002,39730181.26839999,4050.5094000000004,60.9,BEKLE,true,0.0,4050.5094000000004,1.5323,120.629,47325827.96711,544.291,60.9,0.0,"[{""usdt"": 11862306.0, ""borsa"": 3, ""fiyat"": 64250.0, ""kaynak"": ""BNB+BYB+OKX""}, {""usdt"": 6083148.0, ""borsa"": 1, ""fiyat"": 64150.0, ""kaynak"": ""BNB""}, {""usdt"": 5888003.0, ""borsa"": 3, ""fiyat"": 64225.0, ""kaynak"": ""BNB+BYB+OKX""}]","[{""usdt"": 19594779.0, ""borsa"": 3, ""fiyat"": 64275.0, ""kaynak"": ""BNB+BYB+OKX""}, {""usdt"": 9750171.0, ""borsa"": 1, ""fiyat"": 64350.0, ""kaynak"": ""BNB""}, {""usdt"": 7418503.0, ""borsa"": 3, ""fiyat"": 64300.0, ""kaynak"": ""BNB+BYB+OKX""}]",SPOT,0.1955,-0.0873,0.5069,0.1707,false,,false,0.1606,3,0,3,0,2,3,48.2,49.3,IZLE,,25,64352.3,,,,,SEVIYE,70,1193.0,120,,,,,,,1785400320,1,3,,17,1944.0,17,,,
32343,2026-07-30 08:38:13.449753+00,64260.149999999994,-654790.9334121089,175744.69599999994,11867103379.8862,0.00009354600000000002,36904403.43857,0.0,50.3,BEKLE,true,0.0,0.0,1.5323,0,48831810.261289984,604.566,50.3,0.0,"[{""usdt"": 12048764.0, ""borsa"": 3, ""fiyat"": 64250.0, ""kaynak"": ""BNB+BYB+OKX""}, {""usdt"": 6650951.0, ""borsa"": 1, ""fiyat"": 64175.0, ""kaynak"": ""BNB""}, {""usdt"": 6126642.0, ""borsa"": 1, ""fiyat"": 64150.0, ""kaynak"": ""BNB""}]","[{""usdt"": 13121202.0, ""borsa"": 3, ""fiyat"": 64300.0, ""kaynak"": ""BNB+BYB+OKX""}, {""usdt"": 12340765.0, ""borsa"": 3, ""fiyat"": 64275.0, ""kaynak"": ""BNB+BYB+OKX""}, {""usdt"": 8572635.0, ""borsa"": 1, ""fiyat"": 64375.0, ""kaynak"": ""BNB""}]",YOK,0.1253,-0.1391,0.5029,0.2378,false,,false,0,1,0,3,0,1,3,44.4,45.4,IZLE,,25,64174.2,,,,,SEVIYE,70,1945.0,195,,,,,,,,,0,,17,1945.0,17,,,
32344,2026-07-30 08:39:13.704574+00,64236.649999999994,-1415103.1276056117,98955.583,11863324284.588299,0.00009354600000000002,36635232.37668004,0.0,53.0,BEKLE,true,0.0,0.0,1.5323,60.317,45056497.33884001,664.883,53.0,0.0,"[{""usdt"": 10496763.0, ""borsa"": 3, ""fiyat"": 64225.0, ""kaynak"": ""BNB+BYB+OKX""}, {""usdt"": 6650894.0, ""borsa"": 1, ""fiyat"": 64175.0, ""kaynak"": ""BNB""}, {""usdt"": 5985470.0, ""borsa"": 1, ""fiyat"": 64125.0, ""kaynak"": ""BNB""}]","[{""usdt"": 17374235.0, ""borsa"": 3, ""fiyat"": 64275.0, ""kaynak"": ""BNB+BYB+OKX""}, {""usdt"": 9073516.0, ""borsa"": 1, ""fiyat"": 64350.0, ""kaynak"": ""BNB""}, {""usdt"": 5043156.0, ""borsa"": 1, ""fiyat"": 64375.0, ""kaynak"": ""BNB""}]",SPOT,0.1857,-0.1031,0.5229,0.1141,false,,false,0,2,0,3,0,1,3,40.8,41.9,IZLE,,25,64174.2,,,,,SEVIYE,70,1946.0,195,,,,,,,,,0,,17,1946.0,17,,,
32345,2026-07-30 08:40:14.031345+00,64222.149999999994,-1562106.3764389146,65958.13999999998,11859776497.1767,0.00009354600000000002,36073660.27974003,0.0,51.5,BEKLE,true,0.0,0.0,1.5323,60.27,42198287.43610005,725.153,51.5,0.0,"[{""usdt"": 10778279.0, ""borsa"": 3, ""fiyat"": 64200.0, ""kaynak"": ""BNB+BYB+OKX""}, {""usdt"": 7238673.0, ""borsa"": 1, ""fiyat"": 64150.0, ""kaynak"": ""BNB""}, {""usdt"": 6143847.0, ""borsa"": 1, ""fiyat"": 64125.0, ""kaynak"": ""BNB""}]","[{""usdt"": 14996153.0, ""borsa"": 3, ""fiyat"": 64250.0, ""kaynak"": ""BNB+BYB+OKX""}, {""usdt"": 7813196.0, ""borsa"": 1, ""fiyat"": 64325.0, ""kaynak"": ""BNB""}, {""usdt"": 5512165.0, ""borsa"": 1, ""fiyat"": 64350.0, ""kaynak"": ""BNB""}]",YOK,0.1238,-0.0782,0.5046,0.2088,false,,false,0,1,0,3,0,0,3,37.2,38.3,IZLE,,25,64174.2,,,,,SEVIYE,70,1947.0,195,,,,,,,,,0,,17,1947.0,17,,,
32346,2026-07-30 08:41:14.326283+00,64245.350000000006,-2898490.198079505,-532588.9730000001,11859685099.14,0.00009354600000000002,37819212.13065001,0.0,49.9,BEKLE,true,0.0,0.0,1.5323,60.337,42548647.769830056,785.49,49.9,0.0,"[{""usdt"": 11524822.0, ""borsa"": 3, ""fiyat"": 64200.0, ""kaynak"": ""BNB+BYB+OKX""}, {""usdt"": 7095934.0, ""borsa"": 3, ""fiyat"": 64175.0, ""kaynak"": ""BNB+BYB+OKX""}, {""usdt"": 6841515.0, ""borsa"": 1, ""fiyat"": 64100.0, ""kaynak"": ""BNB""}]","[{""usdt"": 12031623.0, ""borsa"": 3, ""fiyat"": 64250.0, ""kaynak"": ""BNB+BYB+OKX""}, {""usdt"": 10096912.0, ""borsa"": 3, ""fiyat"": 64225.0, ""kaynak"": ""BNB+BYB+OKX""}, {""usdt"": 6253898.0, ""borsa"": 1, ""fiyat"": 64300.0, ""kaynak"": ""BNB""}]",YOK,0.1342,-0.0588,0.5261,0.0235,false,1.6709,false,,1,0,3,0,0,3,33.7,34.8,IZLE,,25,64174.2,,,,,SEVIYE,70,1948.0,195,,,,,,,,,0,,17,1948.0,17,,,
32347,2026-07-30 08:42:14.576432+00,64252.850000000006,-2532022.802849305,-513434.501,11864304203.9368,0.00009354600000000002,41271151.570250034,0.0,32.7,BEKLE,true,0.0,0.0,1.5304,0,47228225.852890015,845.771,32.7,0.0,"[{""usdt"": 11221897.0, ""borsa"": 3, ""fiyat"": 64225.0, ""kaynak"": ""BNB+BYB+OKX""}, {""usdt"": 7264565.0, ""borsa"": 3, ""fiyat"": 64250.0, ""kaynak"": ""BNB+BYB+OKX""}, {""usdt"": 6947070.0, ""borsa"": 1, ""fiyat"": 64150.0, ""kaynak"": ""BNB""}]","[{""usdt"": 20916321.0, ""borsa"": 3, ""fiyat"": 64275.0, ""kaynak"": ""BNB+BYB+OKX""}, {""usdt"": 7200712.0, ""borsa"": 1, ""fiyat"": 64350.0, ""kaynak"": ""BNB""}, {""usdt"": 6572498.0, ""borsa"": 1, ""fiyat"": 64325.0, ""kaynak"": ""BNB""}]",SPOT,0.1546,-0.0673,0.5881,0.2563,false,1.0606,false,,1,0,3,0,2,3,30.1,31.2,IZLE,,25,64174.2,,,,,SEVIYE,70,1949.0,195,,,,,,,,,0,,17,1949.0,17,,,
32348,2026-07-30 08:43:14.871303+00,64279.75,-2525018.7430171045,-518532.67399999994,11865303658.1212,0.00009354600000000002,39625220.33133003,0.0,33.5,BEKLE,true,0.0,0.0,1.5304,60.266,42563625.244979985,60.266,33.5,0.0,"[{""usdt"": 11651117.0, ""borsa"": 3, ""fiyat"": 64225.0, ""kaynak"": ""BNB+BYB+OKX""}, {""usdt"": 7301147.0, ""borsa"": 1, ""fiyat"": 64150.0, ""kaynak"": ""BNB""}, {""usdt"": 5439675.0, ""borsa"": 1, ""fiyat"": 64175.0, ""kaynak"": ""BNB""}]","[{""usdt"": 15437087.0, ""borsa"": 3, ""fiyat"": 64275.0, ""kaynak"": ""BNB+BYB+OKX""}, {""usdt"": 8882701.0, ""borsa"": 1, ""fiyat"": 64350.0, ""kaynak"": ""BNB""}, {""usdt"": 5524419.0, ""borsa"": 1, ""fiyat"": 64325.0, ""kaynak"": ""BNB""}]",YOK,0.1469,-0.0358,0.595,0.3829,false,1.4979,false,,1,0,3,1,0,3,26.4,27.5,IZLE,,25,64352.3,,,,,SEVIYE,70,1199.0,120,,,,,,,,,0,,17,1950.0,17,,,
32349,2026-07-30 08:44:15.147965+00,64288.75,-2035698.204905006,-291536.921,11870271647.416,0.00009354600000000002,37918967.76959006,0.0,31.9,BEKLE,false,0.0,0.0,1.5304,0,50175065.915970005,0,31.9,0.0,"[{""usdt"": 10893921.0, ""borsa"": 3, ""fiyat"": 64250.0, ""kaynak"": ""BNB+BYB+OKX""}, {""usdt"": 7582943.0, ""borsa"": 1, ""fiyat"": 64200.0, ""kaynak"": ""BNB""}, {""usdt"": 5646044.0, ""borsa"": 3, ""fiyat"": 64275.0, ""kaynak"": ""BNB+BYB+OKX""}]","[{""usdt"": 17189224.0, ""borsa"": 3, ""fiyat"": 64300.0, ""kaynak"": ""BNB+BYB+OKX""}, {""usdt"": 9831462.0, ""borsa"": 1, ""fiyat"": 64400.0, ""kaynak"": ""BNB""}, {""usdt"": 8925444.0, ""borsa"": 1, ""fiyat"": 64350.0, ""kaynak"": ""BNB""}]",YOK,0.1353,-0.1391,0.4643,2.3943,false,1.1237,false,,1,0,3,0,2,3,22.8,23.9,IZLE,,25,64352.3,,,,,SEVIYE,70,1200.0,120,,,,,,,,,0,,17,1951.0,17,,,
32350,2026-07-30 08:45:15.372552+00,64319.850000000006,-2119403.658610802,-356826.451,11874837000.0442,0.00009354600000000002,41321896.36621998,0.0,36.8,BEKLE,false,0.0,0.0,1.5304,0,50666984.87772999,60.264,36.8,0.0,"[{""usdt"": 12323780.0, ""borsa"": 3, ""fiyat"": 64300.0, ""kaynak"": ""BNB+BYB+OKX""}, {""usdt"": 7401770.0, ""borsa"": 1, ""fiyat"": 64250.0, ""kaynak"": ""BNB""}, {""usdt"": 6842620.0, ""borsa"": 1, ""fiyat"": 64225.0, ""kaynak"": ""BNB""}]","[{""usdt"": 15916780.0, ""borsa"": 3, ""fiyat"": 64350.0, ""kaynak"": ""BNB+BYB+OKX""}, {""usdt"": 10080777.0, ""borsa"": 1, ""fiyat"": 64400.0, ""kaynak"": ""BNB""}, {""usdt"": 9181687.0, ""borsa"": 1, ""fiyat"": 64425.0, ""kaynak"": ""BNB""}]",SPOT,0.3087,-0.1016,0.4183,4.5048,false,0.6598,false,,3,0,3,0,1,3,19.2,20.3,IZLE,,25,64352.3,,,,,SEVIYE,70,1201.0,120,,,,,,,,,0,,17,1952.0,17,,,
32351,2026-07-30 08:46:15.738505+00,64304.850000000006,-751752.9702157015,-528732.16,11880266760.7728,0.00009354600000000002,38640695.079629995,28298.5756,2.2,BEKLE,,0.0,28298.5756,1.5304,60.295,51707299.68017001,120.559,0.0,2.2,"[{""usdt"": 13144458.0, ""borsa"": 3, ""fiyat"": 64300.0, ""kaynak"": ""BNB+BYB+OKX""}, {""usdt"": 6299564.0, ""borsa"": 1, ""fiyat"": 64250.0, ""kaynak"": ""BNB""}, {""usdt"": 5505443.0, ""borsa"": 1, ""fiyat"": 64275.0, ""kaynak"": ""BNB""}]","[{""usdt"": 19980526.0, ""borsa"": 3, ""fiyat"": 64350.0, ""kaynak"": ""BNB+BYB+OKX""}, {""usdt"": 10673207.0, ""borsa"": 1, ""fiyat"": 64400.0, ""kaynak"": ""BNB""}, {""usdt"": 9462897.0, ""borsa"": 1, ""fiyat"": 64425.0, ""kaynak"": ""BNB""}]",SPOT,0.3329,-0.1446,0.9968,1.7294,false,0.5373,false,,3,0,3,0,1,3,15.2,16.7,IZLE,,25,64311.4,,,,,SEVIYE,50,1202.0,121,,,,,,,1785401100,2,0,,20,1953.1,20,,,
32352,2026-07-30 08:47:17.497211+00,64314.45,-1172789.7652411023,-761705.4669999998,11878239162.5028,0.00009354600000000002,41165542.78742998,28303.078800000003,29.0,BEKLE,false,0.0,28303.078800000003,1.5304,0,51376771.18804,182.361,29.0,0.0,"[{""usdt"": 12425500.0, ""borsa"": 3, ""fiyat"": 64300.0, ""kaynak"": ""BNB+BYB+OKX""}, {""usdt"": 7053677.0, ""borsa"": 1, ""fiyat"": 64225.0, ""kaynak"": ""BNB""}, {""usdt"": 6232751.0, ""borsa"": 1, ""fiyat"": 64200.0, ""kaynak"": ""BNB""}]","[{""usdt"": 18456936.0, ""borsa"": 3, ""fiyat"": 64325.0, ""kaynak"": ""BNB+BYB+OKX""}, {""usdt"": 11468755.0, ""borsa"": 1, ""fiyat"": 64400.0, ""kaynak"": ""BNB""}, {""usdt"": 9990209.0, ""borsa"": 3, ""fiyat"": 64350.0, ""kaynak"": ""BNB+BYB+OKX""}]",SPOT,0.2475,-0.1103,0.7564,2.1455,false,0.6115,false,,3,0,3,0,1,3,12.5,14.2,IZLE,,25,64311.4,,,,,SEVIYE,50,1203.0,121,,,,,,,1785401100,2,0,,20,1954.1,20,,,
32353,2026-07-30 08:48:17.778731+00,64312.55,-1040136.7949110016,-690738.597,11880544817.464401,0.00009354600000000002,41010789.10704,28303.078800000003,23.4,BEKLE,false,0.0,28303.078800000003,1.5253,60.312,48997872.780739985,242.673,23.4,0.0,"[{""usdt"": 12264896.0, ""borsa"": 3, ""fiyat"": 64300.0, ""kaynak"": ""BNB+BYB+OKX""}, {""usdt"": 7471606.0, ""borsa"": 1, ""fiyat"": 64200.0, ""kaynak"": ""BNB""}, {""usdt"": 7151076.0, ""borsa"": 3, ""fiyat"": 64275.0, ""kaynak"": ""BNB+BYB+OKX""}]","[{""usdt"": 17354671.0, ""borsa"": 3, ""fiyat"": 64325.0, ""kaynak"": ""BNB+BYB+OKX""}, {""usdt"": 10227991.0, ""borsa"": 1, ""fiyat"": 64400.0, ""kaynak"": ""BNB""}, {""usdt"": 9886563.0, ""borsa"": 3, ""fiyat"": 64350.0, ""kaynak"": ""BNB+BYB+OKX""}]",SPOT,0.2277,-0.0887,0.8302,1.1473,false,0.5683,false,,2,0,3,0,1,3,9,10.1,IZLE,,25,64311.4,,,,,SEVIYE,50,1204.1,121,,,,,,,1785401100,2,1,,20,1955.1,20,,,
32354,2026-07-30 08:49:18.337137+00,64294.05,-330895.0237962992,-695901.1069999998,11879545512.5396,0.00009354600000000002,41729402.25517999,28303.078800000003,22.2,BEKLE,false,0.0,28303.078800000003,1.5253,120.751,50510424.94944996,303.112,22.2,0.0,"[{""usdt"": 12664247.0, ""borsa"": 3, ""fiyat"": 64275.0, ""kaynak"": ""BNB+BYB+OKX""}, {""usdt"": 7988328.0, ""borsa"": 1, ""fiyat"": 64200.0, ""kaynak"": ""BNB""}, {""usdt"": 6649798.0, ""borsa"": 1, ""fiyat"": 64225.0, ""kaynak"": ""BNB""}]","[{""usdt"": 17010536.0, ""borsa"": 3, ""fiyat"": 64325.0, ""kaynak"": ""BNB+BYB+OKX""}, {""usdt"": 9760698.0, ""borsa"": 1, ""fiyat"": 64400.0, ""kaynak"": ""BNB""}, {""usdt"": 8823513.0, ""borsa"": 1, ""fiyat"": 64375.0, ""kaynak"": ""BNB""}]",SPOT,0.3065,-0.0952,0.7051,0.1371,true,0.4945,false,,3,0,3,0,1,3,5.6,6.7,HAZIRLAN,LONG,50,64311.4,64311.4,65000,64170.1,5.7,SEVIYE+EMILIM,50,1205.1,121,,,,,,,1785401100,2,2,0.14,20,1956.1,20,,,
32355,2026-07-30 08:50:18.574356+00,64306.75,-496598.97842249693,-376173.52400000003,11877966512.838001,0.00009354600000000002,40225071.57406999,28303.078800000003,6.1,BEKLE,,0.0,28303.078800000003,1.5253,181.1,50587690.54976,363.461,6.1,0.0,"[{""usdt"": 10469599.0, ""borsa"": 3, ""fiyat"": 64275.0, ""kaynak"": ""BNB+BYB+OKX""}, {""usdt"": 7715413.0, ""borsa"": 1, ""fiyat"": 64225.0, ""kaynak"": ""BNB""}, {""usdt"": 7284860.0, ""borsa"": 3, ""fiyat"": 64300.0, ""kaynak"": ""BNB+BYB+OKX""}]","[{""usdt"": 19328204.0, ""borsa"": 3, ""fiyat"": 64325.0, ""kaynak"": ""BNB+BYB+OKX""}, {""usdt"": 11552578.0, ""borsa"": 1, ""fiyat"": 64400.0, ""kaynak"": ""BNB""}, {""usdt"": 6569711.0, ""borsa"": 1, ""fiyat"": 64350.0, ""kaynak"": ""BNB""}]",SPOT,0.1742,-0.1141,0.9794,0.4943,true,0.23,false,,2,0,3,0,0,3,2.1,3.2,HAZIRLAN,LONG,50,64311.4,64311.4,65000,64170.1,5.07,SEVIYE+EMILIM,50,1206.1,121,,,,,,,1785401100,2,3,0.03,20,1957.1,20,,,
32356,2026-07-30 08:51:18.912482+00,64288.25,1648043.216858106,831095.5199999999,11878496894.8082,0.00009354600000000002,40225071.57406999,0.0,58.8,BEKLE,true,0.0,0.0,1.5253,241.428,50587690.54976,423.789,0.0,58.8,"[{""usdt"": 10469599.0, ""borsa"": 3, ""fiyat"": 64275.0, ""kaynak"": ""BNB+BYB+OKX""}, {""usdt"": 7715413.0, ""borsa"": 1, ""fiyat"": 64225.0, ""kaynak"": ""BNB""}, {""usdt"": 7284860.0, ""borsa"": 3, ""fiyat"": 64300.0, ""kaynak"": ""BNB+BYB+OKX""}]","[{""usdt"": 19328204.0, ""borsa"": 3, ""fiyat"": 64325.0, ""kaynak"": ""BNB+BYB+OKX""}, {""usdt"": 11552578.0, ""borsa"": 1, ""fiyat"": 64400.0, ""kaynak"": ""BNB""}, {""usdt"": 6569711.0, ""borsa"": 1, ""fiyat"": 64350.0, ""kaynak"": ""BNB""}]",SPOT,0.1742,-0.1141,0.5002,0.2164,true,0,false,,2,0,3,0,0,3,62.4,63.5,HAZIRLAN,LONG,50,64311.4,64311.4,65000,64170.1,6.02,SEVIYE+EMILIM,50,1207.1,121,,,,,,,,,0,0.2,20,1958.1,20,,,
32357,2026-07-30 08:52:19.160523+00,64290.05,1374664.2560437087,1064054.7229999998,11878766322.9365,0.00009354600000000002,43049030.62576996,0.0,56.2,BEKLE,false,0.0,0.0,1.5227,301.695,40531440.54019997,484.056,0.0,56.2,"[{""usdt"": 13117494.0, ""borsa"": 3, ""fiyat"": 64275.0, ""kaynak"": ""BNB+BYB+OKX""}, {""usdt"": 8096197.0, ""borsa"": 3, ""fiyat"": 64250.0, ""kaynak"": ""BNB+BYB+OKX""}, {""usdt"": 7420756.0, ""borsa"": 1, ""fiyat"": 64200.0, ""kaynak"": ""BNB""}]","[{""usdt"": 10130028.0, ""borsa"": 1, ""fiyat"": 64400.0, ""kaynak"": ""BNB""}, {""usdt"": 8202976.0, ""borsa"": 1, ""fiyat"": 64375.0, ""kaynak"": ""BNB""}, {""usdt"": 8130022.0, ""borsa"": 3, ""fiyat"": 64300.0, ""kaynak"": ""BNB+BYB+OKX""}]",SPOT,0.1745,0.0301,0.4418,0.2646,true,0,false,,2,0,3,1,0,3,58.8,59.9,HAZIRLAN,LONG,50,64311.4,64311.4,65000,64170.1,5.92,SEVIYE+EMILIM,50,1208.1,121,,,,,,,,,0,0.18,20,1959.1,20,,,
32358,2026-07-30 08:53:19.45402+00,64282.850000000006,1061965.3116956088,1024276.8230000001,11875834119.939499,0.00009354600000000002,45488955.055730015,0.0,59.4,BEKLE,,0.0,0.0,1.5227,361.959,44532117.88808999,544.32,0.0,59.4,"[{""usdt"": 12822548.0, ""borsa"": 3, ""fiyat"": 64275.0, ""kaynak"": ""BNB+BYB+OKX""}, {""usdt"": 8438113.0, ""borsa"": 1, ""fiyat"": 64200.0, ""kaynak"": ""BNB""}, {""usdt"": 6516276.0, ""borsa"": 1, ""fiyat"": 64175.0, ""kaynak"": ""BNB""}]","[{""usdt"": 14046650.0, ""borsa"": 3, ""fiyat"": 64325.0, ""kaynak"": ""BNB+BYB+OKX""}, {""usdt"": 11369171.0, ""borsa"": 1, ""fiyat"": 64400.0, ""kaynak"": ""BNB""}, {""usdt"": 6485286.0, ""borsa"": 3, ""fiyat"": 64300.0, ""kaynak"": ""BNB+BYB+OKX""}]",SPOT,0.1777,0.0106,0.4101,0.3623,true,0,false,,2,0,3,1,0,3,55.3,56.4,HAZIRLAN,LONG,50,64311.4,64311.4,65000,64170.1,6.36,SEVIYE+EMILIM,50,1209.1,121,,,,,,,,,0,0.25,20,1960.1,20,,,
32359,2026-07-30 08:54:19.841893+00,64282.850000000006,771299.1562341092,1010285.507,11875983034.202,0.00009354600000000002,38265242.75432002,0.0,68.6,BEKLE,false,0.0,0.0,1.5227,60.327,54579214.79761993,604.647,0.0,68.6,"[{""usdt"": 10957214.0, ""borsa"": 3, ""fiyat"": 64250.0, ""kaynak"": ""BNB+BYB+OKX""}, {""usdt"": 7364008.0, ""borsa"": 1, ""fiyat"": 64200.0, ""kaynak"": ""BNB""}, {""usdt"": 5791858.0, ""borsa"": 1, ""fiyat"": 64225.0, ""kaynak"": ""BNB""}]","[{""usdt"": 19408232.0, ""borsa"": 3, ""fiyat"": 64300.0, ""kaynak"": ""BNB+BYB+OKX""}, {""usdt"": 11013010.0, ""borsa"": 1, ""fiyat"": 64400.0, ""kaynak"": ""BNB""}, {""usdt"": 7411042.0, ""borsa"": 1, ""fiyat"": 64375.0, ""kaynak"": ""BNB""}]",YOK,0.12,-0.1757,0.2681,0.1704,true,0,false,,1,0,3,0,2,3,51.8,52.9,IZLE,,25,64311.4,,,,,SEVIYE,50,1210.1,121,,,,,,,,,0,,20,1961.1,20,,,
32360,2026-07-30 08:55:20.348314+00,64268.350000000006,360449.0348092109,1006041.927,11874239466.2876,0.00009354600000000002,39074743.33487001,0.0,55.5,BEKLE,false,0.0,0.0,1.5227,60.55,49345679.27695997,665.197,0.0,55.5,"[{""usdt"": 10549272.0, ""borsa"": 3, ""fiyat"": 64250.0, ""kaynak"": ""BNB+BYB+OKX""}, {""usdt"": 8329241.0, ""borsa"": 1, ""fiyat"": 64200.0, ""kaynak"": ""BNB""}, {""usdt"": 6422788.0, ""borsa"": 3, ""fiyat"": 64275.0, ""kaynak"": ""BNB+BYB+OKX""}]","[{""usdt"": 14295156.0, ""borsa"": 3, ""fiyat"": 64300.0, ""kaynak"": ""BNB+BYB+OKX""}, {""usdt"": 10512915.0, ""borsa"": 1, ""fiyat"": 64400.0, ""kaynak"": ""BNB""}, {""usdt"": 8039735.0, ""borsa"": 1, ""fiyat"": 64350.0, ""kaynak"": ""BNB""}]",YOK,0.0935,-0.1162,0.2602,0.729,false,,false,0.7745,1,0,3,0,1,3,48.6,49.7,IZLE,,25,64311.4,,,,,SEVIYE,50,1211.1,121,,,,,,,,,0,,20,1962.1,20,,,
32361,2026-07-30 08:56:20.682419+00,64271.95,-1148879.7529038908,515677.89900000003,11874037997.8993,0.00009354600000000002,41844950.93935004,0.0,29.5,BEKLE,true,0.0,0.0,1.5227,120.882,46029823.23322998,604.97,29.5,0.0,"[{""usdt"": 13301700.0, ""borsa"": 3, ""fiyat"": 64250.0, ""kaynak"": ""BNB+BYB+OKX""}, {""usdt"": 7130223.0, ""borsa"": 1, ""fiyat"": 64150.0, ""kaynak"": ""BNB""}, {""usdt"": 6387461.0, ""borsa"": 2, ""fiyat"": 64225.0, ""kaynak"": ""BNB+OKX""}]","[{""usdt"": 13837570.0, ""borsa"": 3, ""fiyat"": 64300.0, ""kaynak"": ""BNB+BYB+OKX""}, {""usdt"": 10550617.0, ""borsa"": 3, ""fiyat"": 64275.0, ""kaynak"": ""BNB+BYB+OKX""}, {""usdt"": 8394063.0, ""borsa"": 1, ""fiyat"": 64350.0, ""kaynak"": ""BNB""}]",SPOT,0.1701,-0.0476,0.8285,0.3079,false,,false,0.3293,2,0,3,0,1,3,45.1,46.2,IZLE,,25,64311.4,,,,,SEVIYE,50,1212.1,122,,,,,,,,,0,,19,1963.1,19,,,
32362,2026-07-30 08:57:20.960441+00,64287.149999999994,-1695013.8404392907,388657.21300000005,11872049449.201199,0.00009354600000000002,39820828.44437001,0.0,37.8,BEKLE,true,0.0,0.0,1.5157,181.199,52765900.288159996,665.287,37.8,0.0,"[{""usdt"": 11655660.0, ""borsa"": 3, ""fiyat"": 64250.0, ""kaynak"": ""BNB+BYB+OKX""}, {""usdt"": 7348399.0, ""borsa"": 1, ""fiyat"": 64175.0, ""kaynak"": ""BNB""}, {""usdt"": 5795557.0, ""borsa"": 1, ""fiyat"": 64200.0, ""kaynak"": ""BNB""}]","[{""usdt"": 17418997.0, ""borsa"": 3, ""fiyat"": 64300.0, ""kaynak"": ""BNB+BYB+OKX""}, {""usdt"": 7262374.0, ""borsa"": 1, ""fiyat"": 64375.0, ""kaynak"": ""BNB""}, {""usdt"": 7159419.0, ""borsa"": 1, ""fiyat"": 64325.0, ""kaynak"": ""BNB""}]",SPOT,0.2006,-0.1398,0.7123,0.0429,false,,false,0.212,2,0,3,0,2,3,41.6,42.7,IZLE,,25,64311.4,,,,,SEVIYE,50,1213.1,122,,,,,,,,,0,,19,1964.1,19,,,
32363,2026-07-30 08:58:21.219777+00,64280.25,-2359663.337902289,265601.113,11872687340.619,0.00009354600000000002,43231304.74119999,0.0,45.0,BEKLE,true,0.0,0.0,1.5157,241.463,47702286.125930004,725.551,45.0,0.0,"[{""usdt"": 11803106.0, ""borsa"": 3, ""fiyat"": 64250.0, ""kaynak"": ""BNB+BYB+OKX""}, {""usdt"": 8675505.0, ""borsa"": 3, ""fiyat"": 64275.0, ""kaynak"": ""BNB+BYB+OKX""}, {""usdt"": 7917236.0, ""borsa"": 1, ""fiyat"": 64200.0, ""kaynak"": ""BNB""}]","[{""usdt"": 15871107.0, ""borsa"": 3, ""fiyat"": 64300.0, ""kaynak"": ""BNB+BYB+OKX""}, {""usdt"": 9899069.0, ""borsa"": 1, ""fiyat"": 64400.0, ""kaynak"": ""BNB""}, {""usdt"": 7453224.0, ""borsa"": 1, ""fiyat"": 64350.0, ""kaynak"": ""BNB""}]",SPOT,0.1677,-0.0492,0.7107,0.0344,false,,false,0.0983,2,0,3,1,0,3,38,39.1,IZLE,,25,64311.4,,,,,SEVIYE,50,1214.1,122,,,,,,,,,0,,19,1965.1,19,,,
32364,2026-07-30 08:59:21.502094+00,64280.45,-2326788.1194260833,330826.053,11872802611.7504,0.00009354600000000002,41504944.41729,0.0,43.4,BEKLE,true,0.0,0.0,1.5157,301.74,56176561.74354999,785.828,43.4,0.0,"[{""usdt"": 11624349.0, ""borsa"": 3, ""fiyat"": 64275.0, ""kaynak"": ""BNB+BYB+OKX""}, {""usdt"": 8017363.0, ""borsa"": 1, ""fiyat"": 64200.0, ""kaynak"": ""BNB""}, {""usdt"": 7690980.0, ""borsa"": 3, ""fiyat"": 64250.0, ""kaynak"": ""BNB+BYB+OKX""}]","[{""usdt"": 20265294.0, ""borsa"": 3, ""fiyat"": 64300.0, ""kaynak"": ""BNB+BYB+OKX""}, {""usdt"": 12899521.0, ""borsa"": 1, ""fiyat"": 64400.0, ""kaynak"": ""BNB""}, {""usdt"": 8739349.0, ""borsa"": 2, ""fiyat"": 64325.0, ""kaynak"": ""BNB+BYB""}]",SPOT,0.192,-0.1502,0.7129,0.0352,false,,false,0.0934,2,0,3,0,2,3,34.5,35.5,IZLE,,25,64311.4,,,,,SEVIYE,50,1215.1,122,,,,,,,,,0,,19,1966.1,19,,,
32365,2026-07-30 09:00:21.852718+00,64280.649999999994,-3397293.9525445746,325039.529,11871249759.1931,0.00009354600000000002,41686173.644290015,0.0,49.0,BEKLE,true,0.0,0.0,1.5157,362.028,50632441.28590998,846.116,49.0,0.0,"[{""usdt"": 13975716.0, ""borsa"": 3, ""fiyat"": 64250.0, ""kaynak"": ""BNB+BYB+OKX""}, {""usdt"": 7576843.0, ""borsa"": 1, ""fiyat"": 64175.0, ""kaynak"": ""BNB""}, {""usdt"": 6581085.0, ""borsa"": 1, ""fiyat"": 64200.0, ""kaynak"": ""BNB""}]","[{""usdt"": 15320662.0, ""borsa"": 3, ""fiyat"": 64300.0, ""kaynak"": ""BNB+BYB+OKX""}, {""usdt"": 12791734.0, ""borsa"": 1, ""fiyat"": 64400.0, ""kaynak"": ""BNB""}, {""usdt"": 7763765.0, ""borsa"": 1, ""fiyat"": 64350.0, ""kaynak"": ""BNB""}]",SPOT,0.1793,-0.0969,0.7503,0.1567,false,,false,0.0994,3,0,3,0,0,3,30.9,32,IZLE,,25,64311.4,,,,,SEVIYE,50,1216.1,122,,,,,,,,,0,,19,1967.1,19,,,
32366,2026-07-30 09:01:22.2854+00,64261.649999999994,-6452788.8450648775,278988.98099999997,11870213424.109299,0.00009354600000000002,39535739.31040003,0.0,25.6,BEKLE,,0.0,0.0,1.5157,422.507,50072363.4882,906.595,25.6,0.0,"[{""usdt"": 12117179.0, ""borsa"": 3, ""fiyat"": 64250.0, ""kaynak"": ""BNB+BYB+OKX""}, {""usdt"": 7056876.0, ""borsa"": 1, ""fiyat"": 64175.0, ""kaynak"": ""BNB""}, {""usdt"": 7029942.0, ""borsa"": 1, ""fiyat"": 64150.0, ""kaynak"": ""BNB""}]","[{""usdt"": 14366240.0, ""borsa"": 3, ""fiyat"": 64300.0, ""kaynak"": ""BNB+BYB+OKX""}, {""usdt"": 11397343.0, ""borsa"": 3, ""fiyat"": 64275.0, ""kaynak"": ""BNB+BYB+OKX""}, {""usdt"": 8269876.0, ""borsa"": 1, ""fiyat"": 64350.0, ""kaynak"": ""BNB""}]",SPOT,0.3003,-0.1176,0.9243,0.1145,false,,false,0.124,3,0,3,0,1,3,27.6,28.6,IZLE,,25,64311.4,,,,,SEVIYE,50,1217.1,122,,,,,,,,,0,,19,1968.2,19,,,
32367,2026-07-30 09:02:23.53856+00,64278.149999999994,-6354301.658484575,305778.96599999996,11874052241.3977,0.00009354600000000002,37034953.33911002,0.0,15.1,BEKLE,,0.0,0.0,1.5157,483.438,57621485.87488997,967.526,15.1,0.0,"[{""usdt"": 10867548.0, ""borsa"": 3, ""fiyat"": 64275.0, ""kaynak"": ""BNB+BYB+OKX""}, {""usdt"": 7579283.0, ""borsa"": 1, ""fiyat"": 64200.0, ""kaynak"": ""BNB""}, {""usdt"": 6404783.0, ""borsa"": 3, ""fiyat"": 64250.0, ""kaynak"": ""BNB+BYB+OKX""}]","[{""usdt"": 20991057.0, ""borsa"": 3, ""fiyat"": 64300.0, ""kaynak"": ""BNB+BYB+OKX""}, {""usdt"": 10951416.0, ""borsa"": 1, ""fiyat"": 64400.0, ""kaynak"": ""BNB""}, {""usdt"": 8839639.0, ""borsa"": 1, ""fiyat"": 64375.0, ""kaynak"": ""BNB""}]",SPOT,0.1956,-0.2175,0.9684,0.1193,false,,false,0.1099,3,0,3,0,3,3,24.2,25.7,IZLE,,25,64311.4,,,,,SEVIYE,50,1218.2,122,,,,,,,,,0,,19,1969.2,19,,,
32368,2026-07-30 09:03:23.967777+00,64286.149999999994,-6670672.574637072,6493.7419999999665,11872832484.441,0.00009354600000000002,40976304.31067002,0.0,27.7,BEKLE,true,0.0,0.0,1.5132,544.214,47536653.38309998,1028.302,27.7,0.0,"[{""usdt"": 10378312.0, ""borsa"": 3, ""fiyat"": 64275.0, ""kaynak"": ""BNB+BYB+OKX""}, {""usdt"": 9250050.0, ""borsa"": 3, ""fiyat"": 64250.0, ""kaynak"": ""BNB+BYB+OKX""}, {""usdt"": 8171698.0, ""borsa"": 1, ""fiyat"": 64200.0, ""kaynak"": ""BNB""}]","[{""usdt"": 18156278.0, ""borsa"": 3, ""fiyat"": 64300.0, ""kaynak"": ""BNB+BYB+OKX""}, {""usdt"": 9362748.0, ""borsa"": 1, ""fiyat"": 64400.0, ""kaynak"": ""BNB""}, {""usdt"": 7296191.0, ""borsa"": 1, ""fiyat"": 64350.0, ""kaynak"": ""BNB""}]",SPOT,0.2006,-0.0741,0.9006,0.0786,false,,false,0.077,3,0,3,0,0,3,21,22,IZLE,,25,64311.4,,,,,SEVIYE,50,1219.2,122,,,,,,,,,0,,19,1970.2,19,,,
32369,2026-07-30 09:04:24.447196+00,64265.350000000006,-7280369.515758869,36664.15000000002,11868991911.678501,0.00009354600000000002,39365490.35499003,0.0,28.3,BEKLE,true,0.0,0.0,1.5132,604.502,44269358.50607998,1088.59,28.3,0.0,"[{""usdt"": 9607206.0, ""borsa"": 3, ""fiyat"": 64250.0, ""kaynak"": ""BNB+BYB+OKX""}, {""usdt"": 8346746.0, ""borsa"": 1, ""fiyat"": 64175.0, ""kaynak"": ""BNB""}, {""usdt"": 7551027.0, ""borsa"": 3, ""fiyat"": 64225.0, ""kaynak"": ""BNB+BYB+OKX""}]","[{""usdt"": 14207854.0, ""borsa"": 3, ""fiyat"": 64275.0, ""kaynak"": ""BNB+BYB+OKX""}, {""usdt"": 9169015.0, ""borsa"": 1, ""fiyat"": 64350.0, ""kaynak"": ""BNB""}, {""usdt"": 6737025.0, ""borsa"": 1, ""fiyat"": 64325.0, ""kaynak"": ""BNB""}]",SPOT,0.2111,-0.0586,0.9017,0.1753,false,,false,0.045,3,0,3,0,0,3,17,18.5,IZLE,,25,64311.4,,,,,SEVIYE,50,1220.2,122,,,,,,,,,0,,19,1971.2,19,,,
32370,2026-07-30 09:05:24.769571+00,64260.149999999994,-5279790.2958691735,7934.414000000013,11870855060.863201,0.00009354600000000002,37891585.598360024,0.0,29.6,BEKLE,true,0.0,0.0,1.5132,664.961,44750701.57627001,1149.049,29.6,0.0,"[{""usdt"": 12997264.0, ""borsa"": 3, ""fiyat"": 64250.0, ""kaynak"": ""BNB+BYB+OKX""}, {""usdt"": 6635289.0, ""borsa"": 1, ""fiyat"": 64200.0, ""kaynak"": ""BNB""}, {""usdt"": 5639224.0, ""borsa"": 1, ""fiyat"": 64175.0, ""kaynak"": ""BNB""}]","[{""usdt"": 13948665.0, ""borsa"": 3, ""fiyat"": 64300.0, ""kaynak"": ""BNB+BYB+OKX""}, {""usdt"": 7955451.0, ""borsa"": 3, ""fiyat"": 64275.0, ""kaynak"": ""BNB+BYB+OKX""}, {""usdt"": 7894428.0, ""borsa"": 1, ""fiyat"": 64350.0, ""kaynak"": ""BNB""}]",SPOT,0.2096,-0.083,0.7638,0.5306,false,,false,0,2,0,3,0,1,3,13.6,14.7,IZLE,,25,64311.4,,,,,SEVIYE,50,1221.2,122,,,,,,,,,0,,19,1972.2,19,,,
32371,2026-07-30 09:06:25.176823+00,64270.95,-4782110.962448374,-13498.858999999993,11870696299.7719,0.00009354600000000002,39261362.04980002,0.0,24.7,BEKLE,true,0.0,0.0,1.5126,725.399,50499745.13610001,1209.487,24.7,0.0,"[{""usdt"": 10877830.0, ""borsa"": 3, ""fiyat"": 64250.0, ""kaynak"": ""BNB+BYB+OKX""}, {""usdt"": 7143911.0, ""borsa"": 1, ""fiyat"": 64150.0, ""kaynak"": ""BNB""}, {""usdt"": 6869893.0, ""borsa"": 1, ""fiyat"": 64200.0, ""kaynak"": ""BNB""}]","[{""usdt"": 15540414.0, ""borsa"": 3, ""fiyat"": 64275.0, ""kaynak"": ""BNB+BYB+OKX""}, {""usdt"": 12894615.0, ""borsa"": 3, ""fiyat"": 64300.0, ""kaynak"": ""BNB+BYB+OKX""}, {""usdt"": 9070712.0, ""borsa"": 1, ""fiyat"": 64350.0, ""kaynak"": ""BNB""}]",SPOT,0.1987,-0.1252,0.7425,0.2848,false,,false,0,3,0,3,0,2,3,10.2,11.3,IZLE,,25,64311.4,,,,,SEVIYE,50,1222.2,123,,,,,,,,,0,,17,1592.7,17,,,
32372,2026-07-30 09:07:25.613296+00,64295.95,-4794723.852429272,67845.35000000002,11875197613.932999,0.00009354600000000002,35830573.93993004,0.0,22.7,BEKLE,true,0.0,0.0,1.5126,785.701,60371256.95579,1269.789,22.7,0.0,"[{""usdt"": 12183926.0, ""borsa"": 3, ""fiyat"": 64275.0, ""kaynak"": ""BNB+BYB+OKX""}, {""usdt"": 7946933.0, ""borsa"": 1, ""fiyat"": 64225.0, ""kaynak"": ""BNB""}, {""usdt"": 4933663.0, ""borsa"": 1, ""fiyat"": 64200.0, ""kaynak"": ""BNB""}]","[{""usdt"": 17241848.0, ""borsa"": 3, ""fiyat"": 64300.0, ""kaynak"": ""BNB+BYB+OKX""}, {""usdt"": 14909306.0, ""borsa"": 3, ""fiyat"": 64325.0, ""kaynak"": ""BNB+BYB+OKX""}, {""usdt"": 11527748.0, ""borsa"": 1, ""fiyat"": 64400.0, ""kaynak"": ""BNB""}]",SPOT,0.2412,-0.2551,0.7679,0.6037,false,,false,,2,0,3,0,3,3,6.7,7.7,IZLE,,25,64311.4,,,,,SEVIYE,50,1223.2,123,,,,,,,,,0,,17,1593.7,17,,,
32373,2026-07-30 09:08:26.015356+00,64299.95,-4854709.602898585,60680.49700000001,11875718651.9253,0.00009354600000000002,38729579.85389002,0.0,9.9,BEKLE,,0.0,0.0,1.5126,120.744,59194255.712119974,1330.231,0.0,9.9,"[{""usdt"": 12356943.0, ""borsa"": 3, ""fiyat"": 64275.0, ""kaynak"": ""BNB+BYB+OKX""}, {""usdt"": 7399022.0, ""borsa"": 1, ""fiyat"": 64225.0, ""kaynak"": ""BNB""}, {""usdt"": 6075359.0, ""borsa"": 1, ""fiyat"": 64200.0, ""kaynak"": ""BNB""}]","[{""usdt"": 22941000.0, ""borsa"": 3, ""fiyat"": 64325.0, ""kaynak"": ""BNB+BYB+OKX""}, {""usdt"": 12095452.0, ""borsa"": 1, ""fiyat"": 64400.0, ""kaynak"": ""BNB""}, {""usdt"": 8532026.0, ""borsa"": 1, ""fiyat"": 64375.0, ""kaynak"": ""BNB""}]",SPOT,0.2151,-0.209,0.9442,0.4942,false,4.3091,false,,2,0,3,0,2,3,3.3,4.3,IZLE,,25,64311.4,,,,,SEVIYE,50,1224.2,123,,,,,,,,,0,,17,1594.7,17,,,
32374,2026-07-30 09:09:26.345624+00,64309.95,-5128569.824053195,-23286.598999999995,11876441055.047,0.00009354600000000002,40242370.19799003,0.0,14.6,BEKLE,true,0.0,0.0,1.5126,181.154,60336841.90362001,1390.641,14.6,0.0,"[{""usdt"": 12290419.0, ""borsa"": 3, ""fiyat"": 64275.0, ""kaynak"": ""BNB+BYB+OKX""}, {""usdt"": 7851837.0, ""borsa"": 1, ""fiyat"": 64225.0, ""kaynak"": ""BNB""}, {""usdt"": 6831131.0, ""borsa"": 3, ""fiyat"": 64300.0, ""kaynak"": ""BNB+BYB+OKX""}]","[{""usdt"": 21888814.0, ""borsa"": 3, ""fiyat"": 64325.0, ""kaynak"": ""BNB+BYB+OKX""}, {""usdt"": 15134132.0, ""borsa"": 1, ""fiyat"": 64400.0, ""kaynak"": ""BNB""}, {""usdt"": 7345591.0, ""borsa"": 1, ""fiyat"": 64350.0, ""kaynak"": ""BNB""}]",SPOT,0.2151,-0.1998,0.9477,1.3534,false,2.5177,false,,2,0,3,0,2,3,63.7,62.2,IZLE,,25,64311.4,,,,,SEVIYE,50,1225.2,123,,,,,,,,,0,,17,1595.7,17,,,
32375,2026-07-30 09:10:26.752813+00,64300.25,-3096957.5840268186,139684.406,11876237865.035,0.00009354600000000002,42589573.54450004,257.2296,14.5,BEKLE,false,0.0,257.2296,1.5126,241.439,58620258.68382,1450.926,0.0,14.5,"[{""usdt"": 12289279.0, ""borsa"": 3, ""fiyat"": 64300.0, ""kaynak"": ""BNB+BYB+OKX""}, {""usdt"": 9179474.0, ""borsa"": 3, ""fiyat"": 64275.0, ""kaynak"": ""BNB+BYB+OKX""}, {""usdt"": 7851837.0, ""borsa"": 1, ""fiyat"": 64225.0, ""kaynak"": ""BNB""}]","[{""usdt"": 23061588.0, ""borsa"": 3, ""fiyat"": 64325.0, ""kaynak"": ""BNB+BYB+OKX""}, {""usdt"": 15134132.0, ""borsa"": 1, ""fiyat"": 64400.0, ""kaynak"": ""BNB""}, {""usdt"": 8153160.0, ""borsa"": 2, ""fiyat"": 64350.0, ""kaynak"": ""BNB+BYB""}]",SPOT,0.2121,-0.1584,0.8932,1.1306,false,0.5506,false,,3,0,3,0,2,3,60.1,61.2,IZLE,,25,64311.4,,,,,SEVIYE,50,1226.2,123,,,,,,,1785402600,1,0,,17,1596.7,17,,,
32376,2026-07-30 09:11:27.273481+00,64273.850000000006,-3309479.6469871197,249463.267,11872678497.7022,0.00009354600000000002,39869215.64022,257.14279999999997,21.9,BEKLE,false,0.0,257.14279999999997,1.5126,120.732,43951941.834909946,241.584,0.0,21.9,"[{""usdt"": 13755213.0, ""borsa"": 3, ""fiyat"": 64275.0, ""kaynak"": ""BNB+BYB+OKX""}, {""usdt"": 7689064.0, ""borsa"": 3, ""fiyat"": 64250.0, ""kaynak"": ""BNB+BYB+OKX""}, {""usdt"": 6556796.0, ""borsa"": 1, ""fiyat"": 64225.0, ""kaynak"": ""BNB""}]","[{""usdt"": 10526126.0, ""borsa"": 3, ""fiyat"": 64300.0, ""kaynak"": ""BNB+BYB+OKX""}, {""usdt"": 10370045.0, ""borsa"": 1, ""fiyat"": 64400.0, ""kaynak"": ""BNB""}, {""usdt"": 7649644.0, ""borsa"": 1, ""fiyat"": 64350.0, ""kaynak"": ""BNB""}]",SPOT,0.199,-0.0487,0.7387,0.1002,true,0.1908,false,,2,0,3,0,0,3,56.8,57.8,HAZIRLAN,LONG,50,64311.4,64311.4,65000,64088.5,3.92,SEVIYE+EMILIM,50,1227.2,123,,,,,,,1785402600,1,0,0.2,17,1597.7,17,,,
32377,2026-07-30 09:12:27.669862+00,64324.75,-2555288.7567337183,416381.624,11878138476.1571,0.00009354600000000002,42131395.25852998,257.14279999999997,21.5,BEKLE,false,0.0,257.14279999999997,1.5126,60.602,44609797.79122,302.186,0.0,21.5,"[{""usdt"": 12755242.0, ""borsa"": 3, ""fiyat"": 64250.0, ""kaynak"": ""BNB+BYB+OKX""}, {""usdt"": 7734652.0, ""borsa"": 3, ""fiyat"": 64275.0, ""kaynak"": ""BNB+BYB+OKX""}, {""usdt"": 7613142.0, ""borsa"": 1, ""fiyat"": 64200.0, ""kaynak"": ""BNB""}]","[{""usdt"": 13576882.0, ""borsa"": 3, ""fiyat"": 64300.0, ""kaynak"": ""BNB+BYB+OKX""}, {""usdt"": 8315689.0, ""borsa"": 1, ""fiyat"": 64350.0, ""kaynak"": ""BNB""}, {""usdt"": 7694718.0, ""borsa"": 1, ""fiyat"": 64400.0, ""kaynak"": ""BNB""}]",YOK,0.0667,-0.0286,0.7643,0.6769,true,0.0251,false,,1,0,3,0,0,3,53.5,54.6,IZLE,,25,64311.4,,,,,SEVIYE,50,1228.2,123,,,,,,,1785402600,1,1,,17,1598.8,17,,,
32378,2026-07-30 09:13:28.159598+00,64349.95,-3019377.3678401094,707568.9589999999,11882864583.9577,0.00009354600000000002,49582693.818430014,1736.9191,33.4,BEKLE,false,0.0,1736.9191,1.4913,60.327,60528963.23954,362.513,0.0,33.4,"[{""usdt"": 13859932.0, ""borsa"": 3, ""fiyat"": 64300.0, ""kaynak"": ""BNB+BYB+OKX""}, {""usdt"": 11296590.0, ""borsa"": 3, ""fiyat"": 64325.0, ""kaynak"": ""BNB+BYB+OKX""}, {""usdt"": 10559092.0, ""borsa"": 1, ""fiyat"": 64250.0, ""kaynak"": ""BNB""}]","[{""usdt"": 23365597.0, ""borsa"": 3, ""fiyat"": 64350.0, ""kaynak"": ""BNB+BYB+OKX""}, {""usdt"": 11981233.0, ""borsa"": 1, ""fiyat"": 64400.0, ""kaynak"": ""BNB""}, {""usdt"": 10481401.0, ""borsa"": 1, ""fiyat"": 64425.0, ""kaynak"": ""BNB""}]",SPOT,0.1795,-0.0994,0.5888,1.1046,true,0.0654,false,,2,0,3,0,0,3,50.1,51.2,IZLE,,25,64311.4,,,,,SEVIYE,50,1229.2,123,,,,,,,1785402720,1,0,,17,1599.8,17,,,
32379,2026-07-30 09:14:28.569528+00,64388.95,-2798925.1655889144,977783.9219999999,11885237822.7089,0.00009354600000000002,48807555.71148001,25571.934800000006,37.8,BEKLE,false,0.0,25571.934800000006,1.4913,0,61369145.90326999,423.019,0.0,37.8,"[{""usdt"": 18771677.0, ""borsa"": 3, ""fiyat"": 64350.0, ""kaynak"": ""BNB+BYB+OKX""}, {""usdt"": 8413245.0, ""borsa"": 3, ""fiyat"": 64325.0, ""kaynak"": ""BNB+BYB+OKX""}, {""usdt"": 8156477.0, ""borsa"": 1, ""fiyat"": 64275.0, ""kaynak"": ""BNB""}]","[{""usdt"": 18357700.0, ""borsa"": 1, ""fiyat"": 64400.0, ""kaynak"": ""BNB""}, {""usdt"": 16344050.0, ""borsa"": 3, ""fiyat"": 64375.0, ""kaynak"": ""BNB+BYB+OKX""}, {""usdt"": 10584237.0, ""borsa"": 1, ""fiyat"": 64425.0, ""kaynak"": ""BNB""}]",SPOT,0.1997,-0.114,0.5401,1.2611,true,0,false,,2,0,3,1,1,3,46.8,47.9,IZLE,,25,64393.9,,,,,SEVIYE,85,1230.2,123,,,,,,,1785402840,3,0,,17,1600.8,17,,,
32380,2026-07-30 09:15:28.892564+00,64362.75,-2798925.1655889144,977783.9219999999,11885237822.7089,0.00009354600000000002,49495820.49102999,25571.934800000006,36.5,BEKLE,false,0.0,25571.934800000006,1.4913,60.406,60647185.316419944,483.425,0.0,36.5,"[{""usdt"": 15950510.0, ""borsa"": 3, ""fiyat"": 64375.0, ""kaynak"": ""BNB+BYB+OKX""}, {""usdt"": 9556779.0, ""borsa"": 3, ""fiyat"": 64350.0, ""kaynak"": ""BNB+BYB+OKX""}, {""usdt"": 8010681.0, ""borsa"": 1, ""fiyat"": 64275.0, ""kaynak"": ""BNB""}]","[{""usdt"": 16334550.0, ""borsa"": 3, ""fiyat"": 64400.0, ""kaynak"": ""BNB+BYB+OKX""}, {""usdt"": 14783114.0, ""borsa"": 1, ""fiyat"": 64425.0, ""kaynak"": ""BNB""}, {""usdt"": 11682103.0, ""borsa"": 1, ""fiyat"": 64500.0, ""kaynak"": ""BNB""}]",SPOT,0.3011,-0.1012,0.1522,2.1975,true,0,false,,3,0,3,1,1,3,42.9,44.4,IZLE,,25,64393.9,,,,,SEVIYE,85,1231.2,123,,,,,,,1785402840,3,0,,17,1601.8,17,,,
32381,2026-07-30 09:16:29.328239+00,64379.95,-1457870.2928952263,675482.216,11877658307.9696,0.00009354600000000002,47513741.56804998,25827.778600000005,20.3,BEKLE,false,0.0,25827.778600000005,1.4913,60.315,54149439.758529924,543.74,0.0,20.3,"[{""usdt"": 15415340.0, ""borsa"": 3, ""fiyat"": 64350.0, ""kaynak"": ""BNB+BYB+OKX""}, {""usdt"": 8558528.0, ""borsa"": 1, ""fiyat"": 64300.0, ""kaynak"": ""BNB""}, {""usdt"": 6840752.0, ""borsa"": 1, ""fiyat"": 64275.0, ""kaynak"": ""BNB""}]","[{""usdt"": 21176923.0, ""borsa"": 3, ""fiyat"": 64400.0, ""kaynak"": ""BNB+BYB+OKX""}, {""usdt"": 8645087.0, ""borsa"": 1, ""fiyat"": 64425.0, ""kaynak"": ""BNB""}, {""usdt"": 8420858.0, ""borsa"": 1, ""fiyat"": 64475.0, ""kaynak"": ""BNB""}]",SPOT,0.2332,-0.0653,0.6887,2.7173,true,0,false,,3,0,3,1,0,3,38.9,40,IZLE,,25,64364.7,,,,,SEVIYE,65,1232.3,124,PCT,0.79,0.0,4.483850032964414,false,0.024,1785402840,3,0,,19,1983.3,19,,,
32382,2026-07-30 09:17:30.847407+00,64383.05,-1091400.7307578267,708689.3479999999,11881166969.092499,0.00009354600000000002,51398064.31432001,25827.778600000005,18.2,BEKLE,false,0.0,25827.778600000005,1.4913,121.92,56366948.99100996,605.345,0.0,18.2,"[{""usdt"": 17346894.0, ""borsa"": 3, ""fiyat"": 64375.0, ""kaynak"": ""BNB+BYB+OKX""}, {""usdt"": 11073689.0, ""borsa"": 3, ""fiyat"": 64350.0, ""kaynak"": ""BNB+BYB+OKX""}, {""usdt"": 9265092.0, ""borsa"": 1, ""fiyat"": 64300.0, ""kaynak"": ""BNB""}]","[{""usdt"": 19315978.0, ""borsa"": 3, ""fiyat"": 64400.0, ""kaynak"": ""BNB+BYB+OKX""}, {""usdt"": 10273153.0, ""borsa"": 2, ""fiyat"": 64425.0, ""kaynak"": ""BNB+BYB""}, {""usdt"": 9681963.0, ""borsa"": 1, ""fiyat"": 64450.0, ""kaynak"": ""BNB""}]",SPOT,0.2917,-0.0461,0.7182,1.968,true,0,false,,3,0,3,2,0,3,36.7,37.8,IZLE,,25,64364.7,,,,,SEVIYE,65,1233.3,124,,,,,,,1785402840,3,1,,19,1984.3,19,,,
32383,2026-07-30 09:18:31.278293+00,64394.850000000006,-1251895.9729832215,687449.998,11881544561.4976,0.00009354600000000002,50990888.87768,31817.207500000004,7.1,BEKLE,,0.0,31817.207500000004,1.4938,182.299,61889214.72809995,665.724,7.1,0.0,"[{""usdt"": 18119865.0, ""borsa"": 3, ""fiyat"": 64375.0, ""kaynak"": ""BNB+BYB+OKX""}, {""usdt"": 10135869.0, ""borsa"": 1, ""fiyat"": 64300.0, ""kaynak"": ""BNB""}, {""usdt"": 9472538.0, ""borsa"": 3, ""fiyat"": 64350.0, ""kaynak"": ""BNB+BYB+OKX""}]","[{""usdt"": 19027958.0, ""borsa"": 3, ""fiyat"": 64400.0, ""kaynak"": ""BNB+BYB+OKX""}, {""usdt"": 13648295.0, ""borsa"": 2, ""fiyat"": 64425.0, ""kaynak"": ""BNB+BYB""}, {""usdt"": 10532252.0, ""borsa"": 1, ""fiyat"": 64500.0, ""kaynak"": ""BNB""}]",SPOT,0.2898,-0.0965,0.9781,1.7089,true,0,false,,3,0,3,0,0,3,32.7,34.2,IZLE,,25,64364.7,,,,,SEVIYE,65,1234.3,124,,,,,,,1785402960,3,0,,19,1985.3,19,,,
32384,2026-07-30 09:19:31.730664+00,64391.05,-800258.1639409201,898503.565,11884344590.791,0.00009354600000000002,59161245.61153,27891.197200000002,14.3,BEKLE,true,0.0,27891.197200000002,1.4938,120.856,47442133.205559984,363.688,14.3,0.0,"[{""usdt"": 17336207.0, ""borsa"": 3, ""fiyat"": 64400.0, ""kaynak"": ""BNB+BYB+OKX""}, {""usdt"": 9988273.0, ""borsa"": 1, ""fiyat"": 64300.0, ""kaynak"": ""BNB""}, {""usdt"": 8025461.0, ""borsa"": 1, ""fiyat"": 64350.0, ""kaynak"": ""BNB""}]","[{""usdt"": 11194489.0, ""borsa"": 1, ""fiyat"": 64500.0, ""kaynak"": ""BNB""}, {""usdt"": 10652854.0, ""borsa"": 3, ""fiyat"": 64425.0, ""kaynak"": ""BNB+BYB+OKX""}, {""usdt"": 9625580.0, ""borsa"": 1, ""fiyat"": 64475.0, ""kaynak"": ""BNB""}]",SPOT,0.2695,0.1099,0.9277,0.067,true,0,false,,3,0,3,2,0,3,29.4,30.4,HAZIRLAN,LONG,50,64364.7,64428.9,65000,64356.1,17.44,SEVIYE+EMILIM,65,1235.3,124,,,,,,,1785402960,3,0,1.08,19,1986.3,19,,,
32385,2026-07-30 09:20:32.086679+00,64382.149999999994,-712829.1981213158,1663149.6790000002,11880704763.397701,0.00009354600000000002,50942771.598480016,47903.32680000001,32.9,BEKLE,false,0.0,47903.32680000001,1.4938,60.33,47272331.40798999,363.512,0.0,32.9,"[{""usdt"": 11851807.0, ""borsa"": 3, ""fiyat"": 64350.0, ""kaynak"": ""BNB+BYB+OKX""}, {""usdt"": 11459050.0, ""borsa"": 3, ""fiyat"": 64375.0, ""kaynak"": ""BNB+BYB+OKX""}, {""usdt"": 10360382.0, ""borsa"": 1, ""fiyat"": 64300.0, ""kaynak"": ""BNB""}]","[{""usdt"": 17716805.0, ""borsa"": 3, ""fiyat"": 64400.0, ""kaynak"": ""BNB+BYB+OKX""}, {""usdt"": 10390784.0, ""borsa"": 1, ""fiyat"": 64450.0, ""kaynak"": ""BNB""}, {""usdt"": 9297144.0, ""borsa"": 1, ""fiyat"": 64475.0, ""kaynak"": ""BNB""}]",SPOT,0.1536,0.0374,0.6077,0.3886,true,0,false,,2,0,3,0,0,3,25.8,27,HAZIRLAN,LONG,50,64364.7,64428.9,65000,64356.1,23.74,SEVIYE+EMILIM,65,1236.3,124,,,,,,,1785403140,2,0,1.8,19,1987.3,19,,,
32386,2026-07-30 09:21:32.419767+00,64418.649999999994,-1551340.2900885802,1856384.195,11880546763.8978,0.00009354600000000002,46961951.54498999,47896.29640000001,66.4,BEKLE,false,0.0,47896.29640000001,1.495,120.749,58784741.52518999,423.931,0.0,66.4,"[{""usdt"": 14683275.0, ""borsa"": 3, ""fiyat"": 64375.0, ""kaynak"": ""BNB+BYB+OKX""}, {""usdt"": 9121006.0, ""borsa"": 1, ""fiyat"": 64300.0, ""kaynak"": ""BNB""}, {""usdt"": 8002594.0, ""borsa"": 2, ""fiyat"": 64350.0, ""kaynak"": ""BNB+OKX""}]","[{""usdt"": 13793837.0, ""borsa"": 3, ""fiyat"": 64425.0, ""kaynak"": ""BNB+BYB+OKX""}, {""usdt"": 13127942.0, ""borsa"": 1, ""fiyat"": 64500.0, ""kaynak"": ""BNB""}, {""usdt"": 11748220.0, ""borsa"": 3, ""fiyat"": 64400.0, ""kaynak"": ""BNB+BYB+OKX""}]",YOK,0.1326,-0.1118,0.0387,1.1022,false,,false,1.8814,2,0,3,0,1,3,22.3,23.4,IZLE,,25,64428.9,,,,,SEVIYE,85,1607.8,161,,,,,,,1785403140,2,0,,19,1988.3,19,,,
32387,2026-07-30 09:22:32.768495+00,64457.350000000006,-981329.3142857788,1937895.8780000003,11888486524.9707,0.00009354600000000002,51688245.529929996,45001.386900000005,38.9,BEKLE,false,0.0,45001.386900000005,1.495,0,56809350.59968998,484.175,0.0,38.9,"[{""usdt"": 13235375.0, ""borsa"": 3, ""fiyat"": 64425.0, ""kaynak"": ""BNB+BYB+OKX""}, {""usdt"": 11918562.0, ""borsa"": 3, ""fiyat"": 64450.0, ""kaynak"": ""BNB+BYB+OKX""}, {""usdt"": 11433378.0, ""borsa"": 1, ""fiyat"": 64350.0, ""kaynak"": ""BNB""}]","[{""usdt"": 16724694.0, ""borsa"": 1, ""fiyat"": 64500.0, ""kaynak"": ""BNB""}, {""usdt"": 16222544.0, ""borsa"": 3, ""fiyat"": 64475.0, ""kaynak"": ""BNB+BYB+OKX""}, {""usdt"": 10058283.0, ""borsa"": 1, ""fiyat"": 64550.0, ""kaynak"": ""BNB""}]",SPOT,0.2241,-0.0472,0.0436,2.0225,false,,false,2.0032,2,0,3,1,0,3,18.5,19.6,IZLE,,25,64428.9,,,,,SEVIYE,85,1608.8,161,,,,,,,1785403260,2,0,,19,1989.3,19,,,
32388,2026-07-30 09:23:33.091809+00,64470.95,-670477.2574215829,2280267.707,11892700501.926401,0.00009354600000000002,52415228.29467001,63698.85970000001,43.0,BEKLE,false,0.0,63698.85970000001,1.495,60.423,59470468.37267994,120.667,0.0,43.0,"[{""usdt"": 17578873.0, ""borsa"": 3, ""fiyat"": 64450.0, ""kaynak"": ""BNB+BYB+OKX""}, {""usdt"": 8970515.0, ""borsa"": 1, ""fiyat"": 64375.0, ""kaynak"": ""BNB""}, {""usdt"": 8763403.0, ""borsa"": 2, ""fiyat"": 64425.0, ""kaynak"": ""BNB+OKX""}]","[{""usdt"": 20872185.0, ""borsa"": 3, ""fiyat"": 64500.0, ""kaynak"": ""BNB+BYB+OKX""}, {""usdt"": 11416652.0, ""borsa"": 3, ""fiyat"": 64475.0, ""kaynak"": ""BNB+BYB+OKX""}, {""usdt"": 9228823.0, ""borsa"": 1, ""fiyat"": 64575.0, ""kaynak"": ""BNB""}]",SPOT,0.2061,-0.0631,0.1567,1.4094,false,,false,2.0917,2,0,3,1,0,3,15,16.2,IZLE,,25,64428.9,,,,,SEVIYE,85,1609.8,161,,,,,,,1785403320,2,0,,19,1990.3,19,,,
32389,2026-07-30 09:24:33.377145+00,64462.149999999994,-266039.59529857803,2430052.281,11894921370.5452,0.00009354600000000002,61212405.53776991,81687.0796,46.5,BEKLE,false,0.0,81687.0796,1.495,120.685,59333693.15117998,180.929,0.0,46.5,"[{""usdt"": 25900164.0, ""borsa"": 3, ""fiyat"": 64450.0, ""kaynak"": ""BNB+BYB+OKX""}, {""usdt"": 10074817.0, ""borsa"": 3, ""fiyat"": 64425.0, ""kaynak"": ""BNB+BYB+OKX""}, {""usdt"": 9295805.0, ""borsa"": 1, ""fiyat"": 64350.0, ""kaynak"": ""BNB""}]","[{""usdt"": 19359505.0, ""borsa"": 3, ""fiyat"": 64475.0, ""kaynak"": ""BNB+BYB+OKX""}, {""usdt"": 16101118.0, ""borsa"": 1, ""fiyat"": 64500.0, ""kaynak"": ""BNB""}, {""usdt"": 9581982.0, ""borsa"": 1, ""fiyat"": 64550.0, ""kaynak"": ""BNB""}]",SPOT,0.2087,0.0156,0.1508,1.3791,false,,false,1.7502,3,0,3,0,0,3,11.4,12.5,IZLE,,25,64428.9,,,,,SEVIYE,85,1610.8,161,,,,,,,1785403380,2,0,,19,1991.3,19,,,
32390,2026-07-30 09:25:33.973098+00,64459.05,-1074348.7952867728,2110259.645,11897299227.152401,0.00009354600000000002,60907707.06692997,41517.2057,25.5,BEKLE,false,0.0,41517.2057,1.495,181.109,58474534.776229985,241.353,0.0,25.5,"[{""usdt"": 23237067.0, ""borsa"": 3, ""fiyat"": 64450.0, ""kaynak"": ""BNB+BYB+OKX""}, {""usdt"": 13310884.0, ""borsa"": 3, ""fiyat"": 64425.0, ""kaynak"": ""BNB+BYB+OKX""}, {""usdt"": 8781903.0, ""borsa"": 1, ""fiyat"": 64400.0, ""kaynak"": ""BNB""}]","[{""usdt"": 17395697.0, ""borsa"": 1, ""fiyat"": 64500.0, ""kaynak"": ""BNB""}, {""usdt"": 13615844.0, ""borsa"": 3, ""fiyat"": 64475.0, ""kaynak"": ""BNB+BYB+OKX""}, {""usdt"": 8920510.0, ""borsa"": 1, ""fiyat"": 64550.0, ""kaynak"": ""BNB""}]",SPOT,0.1952,0.0204,0.2915,4.263,false,,false,0.9378,2,0,3,0,0,3,8.1,9.1,IZLE,,25,64428.9,,,,,SEVIYE,85,1611.9,161,,,,,,,1785403380,2,0,,19,1992.4,19,,,
32391,2026-07-30 09:26:34.41509+00,64472.350000000006,169072.68035062315,1559680.1749999998,11895119017.3715,0.00009354600000000002,57083407.11395999,53570.7236,32.0,BEKLE,,0.0,53570.7236,1.495,241.686,66151381.410980016,301.93,32.0,0.0,"[{""usdt"": 28892198.0, ""borsa"": 3, ""fiyat"": 64450.0, ""kaynak"": ""BNB+BYB+OKX""}, {""usdt"": 8217755.0, ""borsa"": 1, ""fiyat"": 64375.0, ""kaynak"": ""BNB""}, {""usdt"": 7142472.0, ""borsa"": 1, ""fiyat"": 64425.0, ""kaynak"": ""BNB""}]","[{""usdt"": 24945491.0, ""borsa"": 3, ""fiyat"": 64500.0, ""kaynak"": ""BNB+BYB+OKX""}, {""usdt"": 11398994.0, ""borsa"": 1, ""fiyat"": 64550.0, ""kaynak"": ""BNB""}, {""usdt"": 11183316.0, ""borsa"": 3, ""fiyat"": 64475.0, ""kaynak"": ""BNB+BYB+OKX""}]",SPOT,0.2862,-0.0736,0.7568,1.5381,false,,false,1.4708,3,0,3,0,1,3,4.8,5.9,IZLE,,25,64457.3,,,,,SEVIYE,65,1612.9,162,,,,,,,1785403500,2,0,,19,1612.9,19,,,
32392,2026-07-30 09:27:34.779333+00,64463.95,234106.8930617253,1454189.282,11895819993.3904,0.00009354600000000002,59924607.716359995,31718.711300000003,35.3,BEKLE,true,838.0502,30880.6611,1.4919,302.114,65705864.818180025,362.358,35.3,0.0,"[{""usdt"": 28925388.0, ""borsa"": 3, ""fiyat"": 64450.0, ""kaynak"": ""BNB+BYB+OKX""}, {""usdt"": 8468765.0, ""borsa"": 1, ""fiyat"": 64350.0, ""kaynak"": ""BNB""}, {""usdt"": 7200527.0, ""borsa"": 1, ""fiyat"": 64375.0, ""kaynak"": ""BNB""}]","[{""usdt"": 25861759.0, ""borsa"": 3, ""fiyat"": 64500.0, ""kaynak"": ""BNB+BYB+OKX""}, {""usdt"": 14129329.0, ""borsa"": 3, ""fiyat"": 64475.0, ""kaynak"": ""BNB+BYB+OKX""}, {""usdt"": 10101143.0, ""borsa"": 1, ""fiyat"": 64550.0, ""kaynak"": ""BNB""}]",SPOT,0.1708,-0.046,0.5742,0.2029,false,,false,1.8429,2,0,3,0,1,3,1.4,63.8,IZLE,,25,64457.3,,,,,SEVIYE,65,1613.9,162,,,,,,,1785403500,2,0,,19,1613.9,19,,,
32393,2026-07-30 09:28:35.374196+00,64486.149999999994,341808.0183516216,1557116.7669999998,11899842203.3138,0.00009354600000000002,61012127.69492999,16245.442400000002,49.8,BEKLE,true,1676.2889,14569.153500000002,1.4919,362.353,59878518.19603003,422.597,49.8,0.0,"[{""usdt"": 29032483.0, ""borsa"": 3, ""fiyat"": 64450.0, ""kaynak"": ""BNB+BYB+OKX""}, {""usdt"": 8770773.0, ""borsa"": 3, ""fiyat"": 64425.0, ""kaynak"": ""BNB+BYB+OKX""}, {""usdt"": 8468765.0, ""borsa"": 1, ""fiyat"": 64350.0, ""kaynak"": ""BNB""}]","[{""usdt"": 19031914.0, ""borsa"": 2, ""fiyat"": 64500.0, ""kaynak"": ""BNB+BYB""}, {""usdt"": 14115741.0, ""borsa"": 3, ""fiyat"": 64475.0, ""kaynak"": ""BNB+BYB+OKX""}, {""usdt"": 10101143.0, ""borsa"": 1, ""fiyat"": 64550.0, ""kaynak"": ""BNB""}]",SPOT,0.1708,0.0094,0.429,0.4191,false,,false,,2,0,3,0,0,3,61.7,62.7,IZLE,,25,64457.3,,,,,SEVIYE,65,1614.9,162,,,,,,,1785403620,2,0,,19,1614.9,19,,,
32394,2026-07-30 09:29:35.818675+00,64472.05,796471.3411213242,1984474.545,11902833290.7458,0.00009354600000000002,58438385.82580996,31789.319200000005,33.6,BEKLE,true,1676.4982,30112.821000000004,1.4919,302.374,64316161.563220054,423.059,33.6,0.0,"[{""usdt"": 28386821.0, ""borsa"": 3, ""fiyat"": 64450.0, ""kaynak"": ""BNB+BYB+OKX""}, {""usdt"": 8541885.0, ""borsa"": 1, ""fiyat"": 64375.0, ""kaynak"": ""BNB""}, {""usdt"": 6111570.0, ""borsa"": 1, ""fiyat"": 64425.0, ""kaynak"": ""BNB""}]","[{""usdt"": 19480079.0, ""borsa"": 3, ""fiyat"": 64500.0, ""kaynak"": ""BNB+BYB+OKX""}, {""usdt"": 12583718.0, ""borsa"": 1, ""fiyat"": 64525.0, ""kaynak"": ""BNB""}, {""usdt"": 10333162.0, ""borsa"": 1, ""fiyat"": 64550.0, ""kaynak"": ""BNB""}]",YOK,0.1069,-0.0479,0.5614,0.3403,false,,false,,1,0,3,0,1,3,58.5,59.6,IZLE,,25,64457.3,,,,,SEVIYE,65,1615.9,162,,,,,,,1785403680,2,0,,19,1615.9,19,,,
32395,2026-07-30 09:30:36.138195+00,64480.649999999994,431686.4819070223,759443.2860000002,11900282422.6528,0.00009354600000000002,62236628.75626992,32111.7465,61.2,BEKLE,true,1740.9622,30370.7843,1.4919,362.76,58885938.98893996,483.445,61.2,0.0,"[{""usdt"": 29784362.0, ""borsa"": 3, ""fiyat"": 64450.0, ""kaynak"": ""BNB+BYB+OKX""}, {""usdt"": 10049918.0, ""borsa"": 1, ""fiyat"": 64425.0, ""kaynak"": ""BNB""}, {""usdt"": 9202068.0, ""borsa"": 1, ""fiyat"": 64375.0, ""kaynak"": ""BNB""}]","[{""usdt"": 15907873.0, ""borsa"": 3, ""fiyat"": 64500.0, ""kaynak"": ""BNB+BYB+OKX""}, {""usdt"": 14348030.0, ""borsa"": 3, ""fiyat"": 64475.0, ""kaynak"": ""BNB+BYB+OKX""}, {""usdt"": 11591262.0, ""borsa"": 1, ""fiyat"": 64575.0, ""kaynak"": ""BNB""}]",YOK,0.1236,0.0277,0.3744,0.3494,true,0,false,1.2862,1,0,3,0,0,3,55.1,56.1,IZLE,,25,64457.3,,,,,SEVIYE,65,1616.9,162,,,,,,,1785403740,2,0,,19,1616.9,19,,,
32396,2026-07-30 09:31:36.459274+00,64491.45,935209.1813573032,-130089.99100000004,11903784195.2833,0.00009354600000000002,65472979.73630992,20508.413500000002,83.2,BEKLE,true,902.912,19605.501500000002,1.4919,423.053,65524613.46522005,543.738,83.2,0.0,"[{""usdt"": 20524345.0, ""borsa"": 3, ""fiyat"": 64475.0, ""kaynak"": ""BNB+BYB+OKX""}, {""usdt"": 20127168.0, ""borsa"": 3, ""fiyat"": 64450.0, ""kaynak"": ""BNB+BYB+OKX""}, {""usdt"": 8481932.0, ""borsa"": 1, ""fiyat"": 64375.0, ""kaynak"": ""BNB""}]","[{""usdt"": 18550468.0, ""borsa"": 3, ""fiyat"": 64500.0, ""kaynak"": ""BNB+BYB+OKX""}, {""usdt"": 13858510.0, ""borsa"": 2, ""fiyat"": 64525.0, ""kaynak"": ""BNB+BYB""}, {""usdt"": 11999847.0, ""borsa"": 1, ""fiyat"": 64575.0, ""kaynak"": ""BNB""}]",SPOT,0.2332,-0.0004,0.1957,0.3174,true,0.296,false,1.0452,3,0,3,0,0,3,51.5,52.6,HAZIRLAN,LONG,50,64457.3,64600.9,65000,64448.7,11.9,SEVIYE+EMILIM,65,1617.9,162,PCT,0.72,0.19077507472780922,14.906254772421125,false,0.032,1785403800,2,0,2.56,19,1617.9,19,,,
32397,2026-07-30 09:32:37.335203+00,64497.350000000006,1010324.7038806063,-140644.12599999993,11905405760.898901,0.00009354600000000002,60928986.16442998,20508.367500000004,87.6,BEKLE,true,902.912,19605.455500000004,1.4919,483.879,66507687.780659966,604.564,87.6,0.0,"[{""usdt"": 19138627.0, ""borsa"": 2, ""fiyat"": 64450.0, ""kaynak"": ""BNB+BYB""}, {""usdt"": 18816525.0, ""borsa"": 3, ""fiyat"": 64475.0, ""kaynak"": ""BNB+BYB+OKX""}, {""usdt"": 7351204.0, ""borsa"": 1, ""fiyat"": 64400.0, ""kaynak"": ""BNB""}]","[{""usdt"": 22517492.0, ""borsa"": 3, ""fiyat"": 64500.0, ""kaynak"": ""BNB+BYB+OKX""}, {""usdt"": 12609945.0, ""borsa"": 1, ""fiyat"": 64600.0, ""kaynak"": ""BNB""}, {""usdt"": 12487231.0, ""borsa"": 2, ""fiyat"": 64525.0, ""kaynak"": ""BNB+BYB""}]",SPOT,0.2337,-0.0438,0.2071,0.5799,true,0.2903,false,1.2184,3,0,3,0,1,3,48.5,49.6,HAZIRLAN,LONG,50,64457.3,64600.9,65000,64448.7,10.34,SEVIYE+EMILIM,65,1618.9,162,,,,,,,1785403800,2,0,2.13,19,1618.9,19,,,
32398,2026-07-30 09:33:37.575906+00,64517.350000000006,1288213.5201516096,-177561.756,11905859473.055202,0.00009354600000000002,60388318.98425998,10189.0075,81.5,BEKLE,true,64.464,10124.5435,1.4826,544.247,74267193.12550002,664.932,81.5,0.0,"[{""usdt"": 19986785.0, ""borsa"": 1, ""fiyat"": 64450.0, ""kaynak"": ""BNB""}, {""usdt"": 17063982.0, ""borsa"": 3, ""fiyat"": 64475.0, ""kaynak"": ""BNB+BYB+OKX""}, {""usdt"": 8263549.0, ""borsa"": 1, ""fiyat"": 64400.0, ""kaynak"": ""BNB""}]","[{""usdt"": 21124564.0, ""borsa"": 3, ""fiyat"": 64500.0, ""kaynak"": ""BNB+BYB+OKX""}, {""usdt"": 16859940.0, ""borsa"": 1, ""fiyat"": 64600.0, ""kaynak"": ""BNB""}, {""usdt"": 15569750.0, ""borsa"": 3, ""fiyat"": 64525.0, ""kaynak"": ""BNB+BYB+OKX""}]",SPOT,0.2276,-0.1031,0.2265,0.4857,true,0.3162,false,,3,0,3,0,1,3,45,46.1,HAZIRLAN,LONG,50,64457.3,64600.9,65000,64448.7,7.03,SEVIYE+EMILIM,65,1619.9,162,,,,,,,1785403800,2,0,1.22,19,1619.9,19,,,
32399,2026-07-30 09:34:38.343929+00,64572.850000000006,1690288.5940231131,-573754.3729999999,11909367257.558498,0.00009354600000000002,60310529.05980995,18516.3848,100.0,BEKLE,false,0.0,18516.3848,1.4826,604.564,55239590.57189,725.249,100.0,0.0,"[{""usdt"": 19522847.0, ""borsa"": 1, ""fiyat"": 64450.0, ""kaynak"": ""BNB""}, {""usdt"": 18419319.0, ""borsa"": 3, ""fiyat"": 64500.0, ""kaynak"": ""BNB+BYB+OKX""}, {""usdt"": 8009122.0, ""borsa"": 1, ""fiyat"": 64425.0, ""kaynak"": ""BNB""}]","[{""usdt"": 14635689.0, ""borsa"": 2, ""fiyat"": 64550.0, ""kaynak"": ""BNB+BYB""}, {""usdt"": 13570880.0, ""borsa"": 1, ""fiyat"": 64600.0, ""kaynak"": ""BNB""}, {""usdt"": 11836178.0, ""borsa"": 3, ""fiyat"": 64525.0, ""kaynak"": ""BNB+BYB+OKX""}]",SPOT,0.2833,0.0439,0.1579,1.1585,false,0.6144,false,,3,0,3,1,0,3,41.6,42.6,IZLE,,25,64600.9,,,,,SEVIYE,50,1410.7,141,,,,,,,1785403980,2,0,,19,1620.9,19,,,
32400,2026-07-30 09:35:38.70477+00,64554.25,3998450.4679115075,1192400.0510000002,11954203504.3184,0.00009354600000000002,62526006.90750003,423233.8557000001,25.7,BEKLE,,0.0,423233.8557000001,1.4826,0,63518186.618340045,242.298,0.0,25.7,"[{""usdt"": 28403013.0, ""borsa"": 3, ""fiyat"": 64550.0, ""kaynak"": ""BNB+BYB+OKX""}, {""usdt"": 9489458.0, ""borsa"": 3, ""fiyat"": 64575.0, ""kaynak"": ""BNB+BYB+OKX""}, {""usdt"": 8287905.0, ""borsa"": 1, ""fiyat"": 64500.0, ""kaynak"": ""BNB""}]","[{""usdt"": 22285207.0, ""borsa"": 3, ""fiyat"": 64600.0, ""kaynak"": ""BNB+BYB+OKX""}, {""usdt"": 15821231.0, ""borsa"": 1, ""fiyat"": 64650.0, ""kaynak"": ""BNB""}, {""usdt"": 7474945.0, ""borsa"": 1, ""fiyat"": 64625.0, ""kaynak"": ""BNB""}]",SPOT,0.1772,-0.0079,0.8156,1.0947,true,0.1462,false,,2,0,3,1,0,3,38.5,39.6,IZLE,,25,64600.9,,,,,SEVIYE,50,1411.7,141,,,,,,,1785404040,3,0,,19,1621.9,19,,,
32401,2026-07-30 09:36:39.093081+00,64580.55,4005504.453717105,665738.1820000001,11945712421.7522,0.00009354600000000002,74700592.26536,460409.0496000001,22.1,BEKLE,true,0.0,460409.0496000001,1.4746,60.367,56139477.18636,60.367,0.0,22.1,"[{""usdt"": 21517666.0, ""borsa"": 3, ""fiyat"": 64525.0, ""kaynak"": ""BNB+BYB+OKX""}, {""usdt"": 19630916.0, ""borsa"": 1, ""fiyat"": 64450.0, ""kaynak"": ""BNB""}, {""usdt"": 13033331.0, ""borsa"": 3, ""fiyat"": 64550.0, ""kaynak"": ""BNB+BYB+OKX""}]","[{""usdt"": 17325389.0, ""borsa"": 3, ""fiyat"": 64575.0, ""kaynak"": ""BNB+BYB+OKX""}, {""usdt"": 16599024.0, ""borsa"": 1, ""fiyat"": 64650.0, ""kaynak"": ""BNB""}, {""usdt"": 8627565.0, ""borsa"": 1, ""fiyat"": 64625.0, ""kaynak"": ""BNB""}]",YOK,0.0944,0.1419,0.6831,1.31,true,0.2816,false,,1,0,3,1,0,3,35.1,36.1,IZLE,,25,64600.9,,,,,SEVIYE,50,1412.7,142,,,,,,,1785404100,3,0,,19,1622.9,19,,,
32402,2026-07-30 09:37:39.417849+00,64567.45,3753165.1102870987,449428.898,11947389523.6816,0.00009354600000000002,70397493.35982,460409.0496000001,24.1,BEKLE,true,0.0,460409.0496000001,1.4746,120.68,59797422.83467002,120.68,0.0,24.1,"[{""usdt"": 22770038.0, ""borsa"": 3, ""fiyat"": 64550.0, ""kaynak"": ""BNB+BYB+OKX""}, {""usdt"": 16991110.0, ""borsa"": 1, ""fiyat"": 64450.0, ""kaynak"": ""BNB""}, {""usdt"": 11089772.0, ""borsa"": 1, ""fiyat"": 64475.0, ""kaynak"": ""BNB""}]","[{""usdt"": 17518844.0, ""borsa"": 1, ""fiyat"": 64650.0, ""kaynak"": ""BNB""}, {""usdt"": 14113317.0, ""borsa"": 3, ""fiyat"": 64575.0, ""kaynak"": ""BNB+BYB+OKX""}, {""usdt"": 10171657.0, ""borsa"": 1, ""fiyat"": 64600.0, ""kaynak"": ""BNB""}]",YOK,0.1047,0.0814,0.722,1.2193,true,0.4329,false,,1,0,3,0,0,3,31.5,32.6,IZLE,,25,64600.9,,,,,SEVIYE,50,1413.7,142,,,,,,,1785404100,3,1,,19,1623.9,19,,,
32403,2026-07-30 09:38:39.790069+00,64572.05,3914421.902086399,547865.4120000001,11950197852.358002,0.00009354600000000002,67380948.36077999,443182.4208,31.5,BEKLE,true,0.0,443182.4208,1.4746,181.009,62040779.401220046,181.009,0.0,31.5,"[{""usdt"": 23088972.0, ""borsa"": 3, ""fiyat"": 64550.0, ""kaynak"": ""BNB+BYB+OKX""}, {""usdt"": 20547263.0, ""borsa"": 1, ""fiyat"": 64500.0, ""kaynak"": ""BNB""}, {""usdt"": 7944759.0, ""borsa"": 1, ""fiyat"": 64475.0, ""kaynak"": ""BNB""}]","[{""usdt"": 18715291.0, ""borsa"": 1, ""fiyat"": 64650.0, ""kaynak"": ""BNB""}, {""usdt"": 14908851.0, ""borsa"": 3, ""fiyat"": 64600.0, ""kaynak"": ""BNB+BYB+OKX""}, {""usdt"": 11695970.0, ""borsa"": 1, ""fiyat"": 64675.0, ""kaynak"": ""BNB""}]",YOK,0.1047,0.0413,0.6692,0.9207,true,0.4598,false,,2,0,3,0,0,3,28.1,29.1,IZLE,,25,64600.9,,,,,SEVIYE,50,1414.7,142,,,,,,,1785404100,3,0,,19,1625.0,19,,,
32404,2026-07-30 09:39:40.147818+00,64551.05,3782584.3949890006,504010.3490000001,11946633289.1887,0.00009354600000000002,68213029.62727001,37175.1939,60.2,BEKLE,true,0.0,37175.1939,1.4746,241.403,60858957.22025999,241.403,0.0,60.2,"[{""usdt"": 25093382.0, ""borsa"": 3, ""fiyat"": 64550.0, ""kaynak"": ""BNB+BYB+OKX""}, {""usdt"": 20894386.0, ""borsa"": 1, ""fiyat"": 64500.0, ""kaynak"": ""BNB""}, {""usdt"": 8103316.0, ""borsa"": 1, ""fiyat"": 64475.0, ""kaynak"": ""BNB""}]","[{""usdt"": 17064258.0, ""borsa"": 1, ""fiyat"": 64650.0, ""kaynak"": ""BNB""}, {""usdt"": 12736512.0, ""borsa"": 1, ""fiyat"": 64675.0, ""kaynak"": ""BNB""}, {""usdt"": 12341950.0, ""borsa"": 3, ""fiyat"": 64575.0, ""kaynak"": ""BNB+BYB+OKX""}]",YOK,0.068,0.057,0.5203,0.3578,true,0.3921,false,,2,0,3,0,0,3,24.6,25.7,IZLE,,25,64600.9,,,,,SEVIYE,50,1415.7,142,,,,,,,1785404100,2,0,,19,1626.0,19,,,
32405,2026-07-30 09:40:40.612849+00,64548.95,3993825.955389493,1304256.5310000002,11945008234.6309,0.00009354600000000002,65705233.22071002,0.0,19.0,BEKLE,false,0.0,0.0,1.4746,301.745,67924691.55217004,301.745,0.0,19.0,"[{""usdt"": 20014714.0, ""borsa"": 1, ""fiyat"": 64500.0, ""kaynak"": ""BNB""}, {""usdt"": 16265174.0, ""borsa"": 3, ""fiyat"": 64550.0, ""kaynak"": ""BNB+BYB+OKX""}, {""usdt"": 14321122.0, ""borsa"": 3, ""fiyat"": 64525.0, ""kaynak"": ""BNB+BYB+OKX""}]","[{""usdt"": 17420625.0, ""borsa"": 3, ""fiyat"": 64575.0, ""kaynak"": ""BNB+BYB+OKX""}, {""usdt"": 16871307.0, ""borsa"": 1, ""fiyat"": 64650.0, ""kaynak"": ""BNB""}, {""usdt"": 9988253.0, ""borsa"": 1, ""fiyat"": 64675.0, ""kaynak"": ""BNB""}]",YOK,0.0248,-0.0166,,,true,0.1744,false,,1,0,3,0,0,3,21.1,22.2,IZLE,,25,64600.9,,,,,SEVIYE,50,1416.7,142,,,,,,,,,0,,19,1627.0,19,,,
32406,2026-07-30 09:41:41.174143+00,64534.95,3397305.330822692,229828.24199999997,11940530856.612,0.00009354600000000002,72412148.15834996,0.0,46.5,BEKLE,true,0.0,0.0,1.4746,241.518,63279881.121010035,362.198,46.5,0.0,"[{""usdt"": 29628758.0, ""borsa"": 3, ""fiyat"": 64525.0, ""kaynak"": ""BNB+BYB+OKX""}, {""usdt"": 17877637.0, ""borsa"": 1, ""fiyat"": 64500.0, ""kaynak"": ""BNB""}, {""usdt"": 8482399.0, ""borsa"": 1, ""fiyat"": 64475.0, ""kaynak"": ""BNB""}]","[{""usdt"": 18895208.0, ""borsa"": 1, ""fiyat"": 64650.0, ""kaynak"": ""BNB""}, {""usdt"": 14653342.0, ""borsa"": 3, ""fiyat"": 64575.0, ""kaynak"": ""BNB+BYB+OKX""}, {""usdt"": 12921224.0, ""borsa"": 3, ""fiyat"": 64550.0, ""kaynak"": ""BNB+BYB+OKX""}]",YOK,0.0306,0.0673,0.4381,2.1676,false,1.1758,false,,1,0,3,2,0,3,17.4,18.4,IZLE,,25,64600.9,,,,,SEVIYE,50,1417.7,142,,,,,,,,,0,,19,1628.0,19,,,
32407,2026-07-30 09:42:41.663878+00,64586.45,5422866.677039685,924296.1290000001,11961851301.959301,0.00009354600000000002,132508734.18428005,0.0,32.8,BEKLE,true,0.0,0.0,1.4649,302.248,69377508.16352,422.928,0.0,32.8,"[{""usdt"": 75989526.0, ""borsa"": 3, ""fiyat"": 64550.0, ""kaynak"": ""BNB+BYB+OKX""}, {""usdt"": 19397032.0, ""borsa"": 1, ""fiyat"": 64500.0, ""kaynak"": ""BNB""}, {""usdt"": 16310474.0, ""borsa"": 3, ""fiyat"": 64575.0, ""kaynak"": ""BNB+BYB+OKX""}]","[{""usdt"": 16920476.0, ""borsa"": 1, ""fiyat"": 64650.0, ""kaynak"": ""BNB""}, {""usdt"": 15517771.0, ""borsa"": 3, ""fiyat"": 64600.0, ""kaynak"": ""BNB+BYB+OKX""}, {""usdt"": 14615714.0, ""borsa"": 1, ""fiyat"": 64700.0, ""kaynak"": ""BNB""}]",PERP,0.0257,0.3127,0.6627,0.4978,false,,false,,2,0,3,1,0,3,14.3,15.3,IZLE,,25,64600.9,,,,,SEVIYE,50,1418.7,142,,,,,,,,,0,,19,1629.0,19,,,
32408,2026-07-30 09:43:42.025583+00,64563.649999999994,5019840.034906683,812087.451,11957999787.720402,0.00009354600000000002,136469904.87113997,0.0,20.7,BEKLE,true,0.0,0.0,1.4649,362.542,60172583.07347005,483.222,0.0,20.7,"[{""usdt"": 86479162.0, ""borsa"": 3, ""fiyat"": 64550.0, ""kaynak"": ""BNB+BYB+OKX""}, {""usdt"": 20432539.0, ""borsa"": 1, ""fiyat"": 64500.0, ""kaynak"": ""BNB""}, {""usdt"": 15108504.0, ""borsa"": 3, ""fiyat"": 64525.0, ""kaynak"": ""BNB+BYB+OKX""}]","[{""usdt"": 17464450.0, ""borsa"": 1, ""fiyat"": 64650.0, ""kaynak"": ""BNB""}, {""usdt"": 15311837.0, ""borsa"": 3, ""fiyat"": 64575.0, ""kaynak"": ""BNB+BYB+OKX""}, {""usdt"": 13377567.0, ""borsa"": 2, ""fiyat"": 64600.0, ""kaynak"": ""BNB+BYB""}]",PERP,-0.0123,0.388,0.7004,0.3513,false,,false,,1,0,3,3,0,3,10.7,11.8,IZLE,,25,64600.9,,,,,SEVIYE,50,1419.7,142,,,,,,,,,0,,19,1630.0,19,,,
32409,2026-07-30 09:44:42.511556+00,64571.75,4521765.1654123785,784588.5949999999,11958560918.857601,0.00009354600000000002,119153102.45603001,0.0,20.6,BEKLE,true,0.0,0.0,1.4649,422.928,61596376.47616003,543.608,0.0,20.6,"[{""usdt"": 76335941.0, ""borsa"": 3, ""fiyat"": 64550.0, ""kaynak"": ""BNB+BYB+OKX""}, {""usdt"": 17327573.0, ""borsa"": 1, ""fiyat"": 64500.0, ""kaynak"": ""BNB""}, {""usdt"": 10396887.0, ""borsa"": 1, ""fiyat"": 64525.0, ""kaynak"": ""BNB""}]","[{""usdt"": 15973799.0, ""borsa"": 3, ""fiyat"": 64575.0, ""kaynak"": ""BNB+BYB+OKX""}, {""usdt"": 15351210.0, ""borsa"": 1, ""fiyat"": 64650.0, ""kaynak"": ""BNB""}, {""usdt"": 11927145.0, ""borsa"": 3, ""fiyat"": 64600.0, ""kaynak"": ""BNB+BYB+OKX""}]",PERP,0.1053,0.3184,0.5955,1.101,false,,false,2.3408,2,0,3,2,0,3,7.2,8.3,IZLE,,25,64600.9,,,,,SEVIYE,50,1420.7,142,,,,,,,,,0,,19,1631.0,19,,,
32410,2026-07-30 09:45:42.800555+00,64586.45,526451.4180650621,-787143.0680000001,11961708701.236801,0.00009354600000000002,137538031.89779,0.0,100.0,BEKLE,false,0.0,0.0,1.4649,483.434,80954604.63278998,604.114,100.0,0.0,"[{""usdt"": 80253515.0, ""borsa"": 3, ""fiyat"": 64550.0, ""kaynak"": ""BNB+BYB+OKX""}, {""usdt"": 19856415.0, ""borsa"": 3, ""fiyat"": 64575.0, ""kaynak"": ""BNB+BYB+OKX""}, {""usdt"": 19756229.0, ""borsa"": 1, ""fiyat"": 64500.0, ""kaynak"": ""BNB""}]","[{""usdt"": 26439570.0, ""borsa"": 3, ""fiyat"": 64600.0, ""kaynak"": ""BNB+BYB+OKX""}, {""usdt"": 17852564.0, ""borsa"": 1, ""fiyat"": 64650.0, ""kaynak"": ""BNB""}, {""usdt"": 15391248.0, ""borsa"": 1, ""fiyat"": 64700.0, ""kaynak"": ""BNB""}]",PERP,0.1089,0.259,0.4809,0.3434,false,,false,0,2,0,3,1,1,3,3.8,4.9,IZLE,,25,64600.9,,,,,SEVIYE,50,1421.8,142,PCT,1.0,0.19811067724575615,78.63562588056635,false,0.04,,,0,,19,1632.0,19,,,
32411,2026-07-30 09:46:44.598037+00,64593.25,338808.4646069603,-761416.2569999999,11963034526.824799,0.00009354600000000002,134897446.26949,0.0,95.3,BEKLE,false,0.0,0.0,1.4649,545.032,82906134.49979004,665.712,95.3,0.0,"[{""usdt"": 74301446.0, ""borsa"": 2, ""fiyat"": 64550.0, ""kaynak"": ""BNB+OKX""}, {""usdt"": 19628753.0, ""borsa"": 3, ""fiyat"": 64575.0, ""kaynak"": ""BNB+BYB+OKX""}, {""usdt"": 18681775.0, ""borsa"": 1, ""fiyat"": 64500.0, ""kaynak"": ""BNB""}]","[{""usdt"": 20267061.0, ""borsa"": 3, ""fiyat"": 64600.0, ""kaynak"": ""BNB+BYB+OKX""}, {""usdt"": 18771309.0, ""borsa"": 1, ""fiyat"": 64700.0, ""kaynak"": ""BNB""}, {""usdt"": 16483189.0, ""borsa"": 1, ""fiyat"": 64650.0, ""kaynak"": ""BNB""}]",PERP,0.1172,0.2387,0.6308,0.8059,false,,false,0,2,0,3,1,1,3,1.6,63.4,IZLE,,25,64600.9,,,,,SEVIYE,50,1422.8,143,,,,,,,,,0,,20,1633.0,20,LONG,islem,95.30009810296826
32412,2026-07-30 09:47:45.009342+00,64609.95,365786.98500666476,-806268.9829999999,11964304544.5891,0.00009354600000000002,133868456.99862,7456.150000000001,100.0,BEKLE,false,0.0,7456.150000000001,1.4649,605.554,78268073.72635004,726.234,100.0,0.0,"[{""usdt"": 72099636.0, ""borsa"": 1, ""fiyat"": 64550.0, ""kaynak"": ""BNB""}, {""usdt"": 20317241.0, ""borsa"": 3, ""fiyat"": 64575.0, ""kaynak"": ""BNB+BYB+OKX""}, {""usdt"": 18681775.0, ""borsa"": 1, ""fiyat"": 64500.0, ""kaynak"": ""BNB""}]","[{""usdt"": 18771309.0, ""borsa"": 1, ""fiyat"": 64700.0, ""kaynak"": ""BNB""}, {""usdt"": 17111245.0, ""borsa"": 3, ""fiyat"": 64600.0, ""kaynak"": ""BNB+BYB+OKX""}, {""usdt"": 16483189.0, ""borsa"": 1, ""fiyat"": 64650.0, ""kaynak"": ""BNB""}]",PERP,0.1172,0.2621,0.618,0.1923,false,,false,0,2,0,3,1,0,3,62.1,63.2,IZLE,,25,64600.9,,,,,SEVIYE,50,1423.8,143,,,,,,,1785404820,2,0,,20,1634.0,20,,,
32413,2026-07-30 09:48:45.367876+00,64601.55,-25731.713005933205,-810020.2470000001,11965805794.678902,0.00009354600000000002,135168525.26561993,9330.5288,100.0,BEKLE,false,0.0,9330.5288,1.454,665.912,83116467.33854996,786.592,100.0,0.0,"[{""usdt"": 70397934.0, ""borsa"": 1, ""fiyat"": 64550.0, ""kaynak"": ""BNB""}, {""usdt"": 18767358.0, ""borsa"": 3, ""fiyat"": 64600.0, ""kaynak"": ""BNB+BYB+OKX""}, {""usdt"": 18320018.0, ""borsa"": 1, ""fiyat"": 64500.0, ""kaynak"": ""BNB""}]","[{""usdt"": 20759278.0, ""borsa"": 1, ""fiyat"": 64700.0, ""kaynak"": ""BNB""}, {""usdt"": 20733330.0, ""borsa"": 1, ""fiyat"": 64650.0, ""kaynak"": ""BNB""}, {""usdt"": 18804799.0, ""borsa"": 3, ""fiyat"": 64625.0, ""kaynak"": ""BNB+BYB+OKX""}]",PERP,0.1223,0.2385,0.6326,0.3184,false,,false,0,2,0,3,1,0,3,58.6,59.7,IZLE,,25,64600.9,,,,,SEVIYE,50,1424.8,143,,,,,,,1785404880,2,0,,20,1635.0,20,,,
32414,2026-07-30 09:49:45.722959+00,64572.649999999994,-2838052.8346745363,-1060027.5459999999,11964868879.592098,0.00009354600000000002,135010408.80227992,19082.195900000002,100.0,BEKLE,false,3293.8957,15788.300200000001,1.454,726.26,75984639.1344,846.94,100.0,0.0,"[{""usdt"": 74847405.0, ""borsa"": 3, ""fiyat"": 64550.0, ""kaynak"": ""BNB+BYB+OKX""}, {""usdt"": 20304432.0, ""borsa"": 3, ""fiyat"": 64575.0, ""kaynak"": ""BNB+BYB+OKX""}, {""usdt"": 19181051.0, ""borsa"": 1, ""fiyat"": 64500.0, ""kaynak"": ""BNB""}]","[{""usdt"": 19244640.0, ""borsa"": 1, ""fiyat"": 64700.0, ""kaynak"": ""BNB""}, {""usdt"": 15121553.0, ""borsa"": 3, ""fiyat"": 64600.0, ""kaynak"": ""BNB+BYB+OKX""}, {""usdt"": 14027809.0, ""borsa"": 2, ""fiyat"": 64625.0, ""kaynak"": ""BNB+BYB""}]",PERP,0.0451,0.2797,0.6884,0.0056,false,,false,0,2,0,3,1,0,3,55.1,56.2,IZLE,,25,64600.9,,,,,SEVIYE,50,1425.8,143,,,,,,,1785404940,2,0,,20,1636.1,20,,,
32415,2026-07-30 09:50:46.439957+00,64578.350000000006,-3039694.6583812246,-1745614.664,11964549790.8336,0.00009354600000000002,131600092.20713004,19146.5034,69.3,BEKLE,false,3358.2032000000004,15788.300200000001,1.454,786.6,66600582.551960036,907.28,69.3,0.0,"[{""usdt"": 83304924.0, ""borsa"": 3, ""fiyat"": 64550.0, ""kaynak"": ""BNB+BYB+OKX""}, {""usdt"": 21457041.0, ""borsa"": 1, ""fiyat"": 64500.0, ""kaynak"": ""BNB""}, {""usdt"": 9628971.0, ""borsa"": 1, ""fiyat"": 64525.0, ""kaynak"": ""BNB""}]","[{""usdt"": 20016410.0, ""borsa"": 3, ""fiyat"": 64600.0, ""kaynak"": ""BNB+BYB+OKX""}, {""usdt"": 16938626.0, ""borsa"": 1, ""fiyat"": 64650.0, ""kaynak"": ""BNB""}, {""usdt"": 12029615.0, ""borsa"": 3, ""fiyat"": 64575.0, ""kaynak"": ""BNB+BYB+OKX""}]",PERP,0.0242,0.3279,0.6732,0.1024,false,,false,0,1,0,3,1,1,3,51.6,52.7,IZLE,,25,64600.9,,,,,SEVIYE,50,1426.8,143,,,,,,,1785404940,2,0,,20,1637.1,20,,,
32416,2026-07-30 09:51:46.866941+00,64568.25,-3617559.992917723,-2219607.2359999996,11966935938.646,0.00009354600000000002,130622475.20356005,19146.5034,92.2,BEKLE,true,3358.2032000000004,15788.300200000001,1.451,847.474,64722048.67545007,968.154,92.2,0.0,"[{""usdt"": 82811667.0, ""borsa"": 3, ""fiyat"": 64550.0, ""kaynak"": ""BNB+BYB+OKX""}, {""usdt"": 19291140.0, ""borsa"": 1, ""fiyat"": 64500.0, ""kaynak"": ""BNB""}, {""usdt"": 13578274.0, ""borsa"": 3, ""fiyat"": 64525.0, ""kaynak"": ""BNB+BYB+OKX""}]","[{""usdt"": 20363902.0, ""borsa"": 3, ""fiyat"": 64575.0, ""kaynak"": ""BNB+BYB+OKX""}, {""usdt"": 15714261.0, ""borsa"": 1, ""fiyat"": 64650.0, ""kaynak"": ""BNB""}, {""usdt"": 10674523.0, ""borsa"": 1, ""fiyat"": 64600.0, ""kaynak"": ""BNB""}]",PERP,-0.0347,0.3374,0.6003,0.254,false,,false,0,1,0,3,1,1,3,48.6,49.7,IZLE,,25,64600.9,,,,,SEVIYE,50,1427.8,143,,,,,,,1785404940,2,1,,20,1638.1,20,,,
32417,2026-07-30 09:52:47.34583+00,64552.149999999994,-4091140.3345274245,-2208587.1649999996,11966178765.0312,0.00009354600000000002,134817073.80821007,11043.6159,81.5,BEKLE,,3358.2032000000004,7685.412700000001,1.451,907.771,63855289.01778002,1028.451,81.5,0.0,"[{""usdt"": 85048885.0, ""borsa"": 3, ""fiyat"": 64550.0, ""kaynak"": ""BNB+BYB+OKX""}, {""usdt"": 19888778.0, ""borsa"": 1, ""fiyat"": 64500.0, ""kaynak"": ""BNB""}, {""usdt"": 13750225.0, ""borsa"": 3, ""fiyat"": 64525.0, ""kaynak"": ""BNB+BYB+OKX""}]","[{""usdt"": 23764631.0, ""borsa"": 3, ""fiyat"": 64575.0, ""kaynak"": ""BNB+BYB+OKX""}, {""usdt"": 15625288.0, ""borsa"": 1, ""fiyat"": 64650.0, ""kaynak"": ""BNB""}, {""usdt"": 9719836.0, ""borsa"": 1, ""fiyat"": 64625.0, ""kaynak"": ""BNB""}]",PERP,0.015,0.3572,0.6376,0.5536,false,,false,0,1,0,3,1,1,3,45.1,46.2,IZLE,,25,64600.9,,,,,SEVIYE,50,1428.8,143,,,,,,,1785404940,1,0,,20,1639.1,20,,,
32418,2026-07-30 09:53:47.68792+00,64550.95,-4357189.868017526,-2175143.519,11963492442.2409,0.00009354600000000002,134945639.21912992,774.8712,82.4,BEKLE,,774.8712,0.0,1.451,968.309,68630977.44055001,1088.989,82.4,0.0,"[{""usdt"": 75180301.0, ""borsa"": 3, ""fiyat"": 64550.0, ""kaynak"": ""BNB+BYB+OKX""}, {""usdt"": 21102585.0, ""borsa"": 1, ""fiyat"": 64500.0, ""kaynak"": ""BNB""}, {""usdt"": 19532532.0, ""borsa"": 3, ""fiyat"": 64525.0, ""kaynak"": ""BNB+BYB+OKX""}]","[{""usdt"": 22226134.0, ""borsa"": 3, ""fiyat"": 64575.0, ""kaynak"": ""BNB+BYB+OKX""}, {""usdt"": 19213047.0, ""borsa"": 1, ""fiyat"": 64650.0, ""kaynak"": ""BNB""}, {""usdt"": 10439360.0, ""borsa"": 1, ""fiyat"": 64625.0, ""kaynak"": ""BNB""}]",PERP,0.0077,0.3257,0.6372,0.4985,false,,false,0,1,0,3,2,1,3,41.8,42.8,IZLE,,25,64600.9,,,,,SEVIYE,50,1429.8,143,,,,,,,1785404940,1,0,,20,1640.1,20,,,
32419,2026-07-30 09:54:48.055202+00,64550.55,-4183634.712797318,-2091393.6500000001,11962204562.0085,0.00009354600000000002,133449017.50164014,0.0,75.7,BEKLE,true,0.0,0.0,1.451,1028.63,69531446.07191007,1149.31,75.7,0.0,"[{""usdt"": 76495168.0, ""borsa"": 3, ""fiyat"": 64550.0, ""kaynak"": ""BNB+BYB+OKX""}, {""usdt"": 20170554.0, ""borsa"": 1, ""fiyat"": 64500.0, ""kaynak"": ""BNB""}, {""usdt"": 18571319.0, ""borsa"": 3, ""fiyat"": 64525.0, ""kaynak"": ""BNB+BYB+OKX""}]","[{""usdt"": 25969410.0, ""borsa"": 3, ""fiyat"": 64575.0, ""kaynak"": ""BNB+BYB+OKX""}, {""usdt"": 15668980.0, ""borsa"": 1, ""fiyat"": 64650.0, ""kaynak"": ""BNB""}, {""usdt"": 9700083.0, ""borsa"": 1, ""fiyat"": 64625.0, ""kaynak"": ""BNB""}]",PERP,0.0473,0.3149,0.4194,0.4614,false,,false,0,2,0,3,1,1,3,38.2,39.3,IZLE,,25,64600.9,,,,,SEVIYE,50,1430.8,143,,,,,,,,,0,,20,1641.1,20,,,
32420,2026-07-30 09:55:48.501295+00,64558.350000000006,-5137671.455657896,-1605627.207,11964659686.6678,0.00009354600000000002,116792470.9449399,0.0,19.8,BEKLE,false,0.0,0.0,1.451,1089.026,68394169.06894998,1209.706,0.0,19.8,"[{""usdt"": 59392493.0, ""borsa"": 3, ""fiyat"": 64550.0, ""kaynak"": ""BNB+BYB+OKX""}, {""usdt"": 18943726.0, ""borsa"": 3, ""fiyat"": 64525.0, ""kaynak"": ""BNB+BYB+OKX""}, {""usdt"": 18870760.0, ""borsa"": 1, ""fiyat"": 64500.0, ""kaynak"": ""BNB""}]","[{""usdt"": 25026293.0, ""borsa"": 3, ""fiyat"": 64575.0, ""kaynak"": ""BNB+BYB+OKX""}, {""usdt"": 12725891.0, ""borsa"": 1, ""fiyat"": 64650.0, ""kaynak"": ""BNB""}, {""usdt"": 10377930.0, ""borsa"": 1, ""fiyat"": 64625.0, ""kaynak"": ""BNB""}]",PERP,0.0304,0.2613,0.8924,0.5699,false,,false,0,1,0,3,1,1,3,34.8,35.9,IZLE,,25,64600.9,,,,,SEVIYE,50,1431.8,143,,,,,,,,,0,,20,1642.1,20,,,
32421,2026-07-30 09:56:48.864893+00,64555.649999999994,-5273819.632250894,-1616857.1139999998,11964101259.374298,0.00009354600000000002,117565013.19205008,0.0,52.7,BEKLE,false,0.0,0.0,1.451,1149.399,71092568.02152002,1270.079,0.0,52.7,"[{""usdt"": 61430311.0, ""borsa"": 3, ""fiyat"": 64550.0, ""kaynak"": ""BNB+BYB+OKX""}, {""usdt"": 19031236.0, ""borsa"": 1, ""fiyat"": 64500.0, ""kaynak"": ""BNB""}, {""usdt"": 18932571.0, ""borsa"": 3, ""fiyat"": 64525.0, ""kaynak"": ""BNB+BYB+OKX""}]","[{""usdt"": 27159536.0, ""borsa"": 3, ""fiyat"": 64575.0, ""kaynak"": ""BNB+BYB+OKX""}, {""usdt"": 11439725.0, ""borsa"": 1, ""fiyat"": 64650.0, ""kaynak"": ""BNB""}, {""usdt"": 10324216.0, ""borsa"": 1, ""fiyat"": 64625.0, ""kaynak"": ""BNB""}]",PERP,0.0176,0.2463,0.5988,0.3128,false,,false,0,1,0,3,1,1,3,31.3,32.4,IZLE,,25,64609.9,,,,,SEVIYE,50,1432.8,144,,,,,,,,,0,,21,1643.1,21,,,
32422,2026-07-30 09:57:49.137546+00,64561.05,-5997637.78453629,-2018693.9659999998,11968996683.9051,0.00009354600000000002,124662821.91801003,0.0,23.9,BEKLE,false,0.0,0.0,1.4378,1209.783,69432412.21146002,1330.463,0.0,23.9,"[{""usdt"": 67409015.0, ""borsa"": 3, ""fiyat"": 64550.0, ""kaynak"": ""BNB+BYB+OKX""}, {""usdt"": 19259123.0, ""borsa"": 3, ""fiyat"": 64525.0, ""kaynak"": ""BNB+BYB+OKX""}, {""usdt"": 18696933.0, ""borsa"": 1, ""fiyat"": 64500.0, ""kaynak"": ""BNB""}]","[{""usdt"": 26713554.0, ""borsa"": 3, ""fiyat"": 64575.0, ""kaynak"": ""BNB+BYB+OKX""}, {""usdt"": 11505868.0, ""borsa"": 1, ""fiyat"": 64650.0, ""kaynak"": ""BNB""}, {""usdt"": 10744264.0, ""borsa"": 1, ""fiyat"": 64625.0, ""kaynak"": ""BNB""}]",PERP,0.0442,0.2846,0.845,0.2709,false,,false,0,1,0,3,1,0,3,27.6,28.7,IZLE,,25,64609.9,,,,,SEVIYE,50,1433.8,144,,,,,,,,,0,,21,1644.1,21,,,
32423,2026-07-30 09:58:49.447661+00,64552.649999999994,-6676755.926162592,-2042550.193,11968016932.1268,0.00009354600000000002,119172333.88617997,0.0,20.4,BEKLE,true,0.0,0.0,1.4378,1270.012,69296611.93931,1390.692,0.0,20.4,"[{""usdt"": 60965107.0, ""borsa"": 3, ""fiyat"": 64550.0, ""kaynak"": ""BNB+BYB+OKX""}, {""usdt"": 20130914.0, ""borsa"": 3, ""fiyat"": 64525.0, ""kaynak"": ""BNB+BYB+OKX""}, {""usdt"": 19079773.0, ""borsa"": 1, ""fiyat"": 64500.0, ""kaynak"": ""BNB""}]","[{""usdt"": 26173923.0, ""borsa"": 3, ""fiyat"": 64575.0, ""kaynak"": ""BNB+BYB+OKX""}, {""usdt"": 11907680.0, ""borsa"": 1, ""fiyat"": 64650.0, ""kaynak"": ""BNB""}, {""usdt"": 10379154.0, ""borsa"": 1, ""fiyat"": 64625.0, ""kaynak"": ""BNB""}]",PERP,0.0092,0.2646,0.9048,0.0455,false,,false,0,1,0,3,1,1,3,22.8,24.3,IZLE,,25,64609.9,,,,,SEVIYE,50,1434.8,144,,,,,,,,,0,,21,1645.1,21,,,
32424,2026-07-30 09:59:49.755999+00,64550.05,-6676755.926162592,-2042550.193,11968016932.1268,0.00009354600000000002,111432876.7080702,0.0,12.5,BEKLE,true,0.0,0.0,1.4378,1330.377,64829673.69895,1451.057,0.0,12.5,"[{""usdt"": 49391646.0, ""borsa"": 3, ""fiyat"": 64550.0, ""kaynak"": ""BNB+BYB+OKX""}, {""usdt"": 22431573.0, ""borsa"": 3, ""fiyat"": 64525.0, ""kaynak"": ""BNB+BYB+OKX""}, {""usdt"": 19027991.0, ""borsa"": 1, ""fiyat"": 64500.0, ""kaynak"": ""BNB""}]","[{""usdt"": 22291918.0, ""borsa"": 3, ""fiyat"": 64575.0, ""kaynak"": ""BNB+BYB+OKX""}, {""usdt"": 10996154.0, ""borsa"": 3, ""fiyat"": 64550.0, ""kaynak"": ""BNB+BYB+OKX""}, {""usdt"": 10722674.0, ""borsa"": 1, ""fiyat"": 64650.0, ""kaynak"": ""BNB""}]",PERP,0.057,0.2644,0.9652,0.0133,false,,false,0,1,0,3,1,0,3,19.3,20.4,IZLE,,25,64609.9,,,,,SEVIYE,50,1435.8,144,,,,,,,,,0,,21,1646.1,21,,,
32425,2026-07-30 10:00:50.16901+00,64550.05,-7508230.828542895,-2180212.2129999995,11967392095.731998,0.00009354600000000002,110678925.61132996,0.0,58.8,BEKLE,,0.0,0.0,1.4378,1390.674,70119590.02960995,1511.354,58.8,0.0,"[{""usdt"": 38759888.0, ""borsa"": 3, ""fiyat"": 64550.0, ""kaynak"": ""BNB+BYB+OKX""}, {""usdt"": 31301891.0, ""borsa"": 3, ""fiyat"": 64525.0, ""kaynak"": ""BNB+BYB+OKX""}, {""usdt"": 19277676.0, ""borsa"": 1, ""fiyat"": 64500.0, ""kaynak"": ""BNB""}]","[{""usdt"": 20884215.0, ""borsa"": 3, ""fiyat"": 64575.0, ""kaynak"": ""BNB+BYB+OKX""}, {""usdt"": 15298800.0, ""borsa"": 1, ""fiyat"": 64650.0, ""kaynak"": ""BNB""}, {""usdt"": 12275727.0, ""borsa"": 3, ""fiyat"": 64550.0, ""kaynak"": ""BNB+BYB+OKX""}]",PERP,0.0218,0.2243,0.6914,0.1662,false,,false,0,1,0,3,2,0,3,15.7,16.8,IZLE,,25,64609.9,,,,,SEVIYE,50,1436.9,144,,,,,,,,,0,,21,1647.1,21,,,
32426,2026-07-30 10:01:50.814139+00,64579.05,-4063983.6669730926,-899265.0759999999,11967748040.710098,0.00009354600000000002,82079502.94565992,0.0,43.0,BEKLE,true,0.0,0.0,1.4378,1451.114,72979154.68818998,1571.794,0.0,43.0,"[{""usdt"": 31556833.0, ""borsa"": 3, ""fiyat"": 64550.0, ""kaynak"": ""BNB+BYB+OKX""}, {""usdt"": 20675308.0, ""borsa"": 1, ""fiyat"": 64500.0, ""kaynak"": ""BNB""}, {""usdt"": 14651246.0, ""borsa"": 1, ""fiyat"": 64525.0, ""kaynak"": ""BNB""}]","[{""usdt"": 20875306.0, ""borsa"": 3, ""fiyat"": 64575.0, ""kaynak"": ""BNB+BYB+OKX""}, {""usdt"": 14852395.0, ""borsa"": 3, ""fiyat"": 64600.0, ""kaynak"": ""BNB+BYB+OKX""}, {""usdt"": 12562117.0, ""borsa"": 1, ""fiyat"": 64625.0, ""kaynak"": ""BNB""}]",YOK,0.0452,0.0587,0.478,0.6349,false,2.9791,false,0,1,0,3,1,1,3,12.3,13.4,IZLE,,25,64609.9,,,,,SEVIYE,50,1437.9,144,,,,,,,,,0,,21,1648.2,21,,,
32427,2026-07-30 10:02:52.538899+00,64580.95,-5164680.164088092,-1278696.344,11993039009.375,0.00009354600000000002,86221774.69701996,0.0,44.6,BEKLE,false,0.0,0.0,1.4242,1512.886,67004908.52783996,1633.566,0.0,44.6,"[{""usdt"": 32434853.0, ""borsa"": 3, ""fiyat"": 64550.0, ""kaynak"": ""BNB+BYB+OKX""}, {""usdt"": 21706715.0, ""borsa"": 1, ""fiyat"": 64500.0, ""kaynak"": ""BNB""}, {""usdt"": 13019704.0, ""borsa"": 1, ""fiyat"": 64525.0, ""kaynak"": ""BNB""}]","[{""usdt"": 21283463.0, ""borsa"": 3, ""fiyat"": 64600.0, ""kaynak"": ""BNB+BYB+OKX""}, {""usdt"": 13002232.0, ""borsa"": 1, ""fiyat"": 64650.0, ""kaynak"": ""BNB""}, {""usdt"": 12449705.0, ""borsa"": 3, ""fiyat"": 64575.0, ""kaynak"": ""BNB+BYB+OKX""}]",YOK,0.0656,0.1254,0.3794,0.6224,false,3.9363,false,0,1,0,3,1,1,3,10.2,11.3,IZLE,,25,64609.9,,,,,SEVIYE,50,1438.9,144,,,,,,,,,0,,21,1649.2,21,,,
32428,2026-07-30 10:03:52.812996+00,64563.95,-4857930.887620492,-1095677.062,11992580805.6944,0.00009354600000000002,81268651.6760799,129.15800000000002,48.9,BEKLE,false,0.0,129.15800000000002,1.4242,1573.429,68763347.96907003,1694.109,0.0,48.9,"[{""usdt"": 28105693.0, ""borsa"": 3, ""fiyat"": 64550.0, ""kaynak"": ""BNB+BYB+OKX""}, {""usdt"": 21216426.0, ""borsa"": 1, ""fiyat"": 64500.0, ""kaynak"": ""BNB""}, {""usdt"": 17228753.0, ""borsa"": 3, ""fiyat"": 64525.0, ""kaynak"": ""BNB+BYB+OKX""}]","[{""usdt"": 22464563.0, ""borsa"": 3, ""fiyat"": 64575.0, ""kaynak"": ""BNB+BYB+OKX""}, {""usdt"": 14297491.0, ""borsa"": 1, ""fiyat"": 64600.0, ""kaynak"": ""BNB""}, {""usdt"": 11974150.0, ""borsa"": 1, ""fiyat"": 64650.0, ""kaynak"": ""BNB""}]",YOK,0.0236,0.0834,0.5106,0.2178,false,1.0526,false,0,1,0,3,0,0,3,7,8,IZLE,,25,64609.9,,,,,SEVIYE,50,1439.9,144,,,,,,,1785405660,1,0,,21,1650.2,21,,,
32429,2026-07-30 10:04:53.238924+00,64567.25,-5543097.999752091,-1083635.754,11989651864.5526,0.00009354600000000002,74347538.80917989,645.5788,50.7,BEKLE,false,516.4208,129.15800000000002,1.4242,1633.729,66892850.32085006,1754.409,0.0,50.7,"[{""usdt"": 28118002.0, ""borsa"": 3, ""fiyat"": 64550.0, ""kaynak"": ""BNB+BYB+OKX""}, {""usdt"": 20606455.0, ""borsa"": 1, ""fiyat"": 64500.0, ""kaynak"": ""BNB""}, {""usdt"": 12859928.0, ""borsa"": 2, ""fiyat"": 64525.0, ""kaynak"": ""BNB+BYB""}]","[{""usdt"": 23083936.0, ""borsa"": 3, ""fiyat"": 64575.0, ""kaynak"": ""BNB+BYB+OKX""}, {""usdt"": 13869591.0, ""borsa"": 3, ""fiyat"": 64600.0, ""kaynak"": ""BNB+BYB+OKX""}, {""usdt"": 12161228.0, ""borsa"": 1, ""fiyat"": 64650.0, ""kaynak"": ""BNB""}]",YOK,0.0133,0.0528,0.391,0.4074,false,0.6078,false,0.5072,1,0,3,0,0,3,3.4,4.5,IZLE,,25,64609.9,,,,,SEVIYE,50,1440.9,144,,,,,,,1785405780,2,0,,21,1651.2,21,,,
32430,2026-07-30 10:05:53.561138+00,64577.45,-5911515.282358494,-979713.738,11991514838.0988,0.00009354600000000002,74463396.64457996,645.5636,53.5,BEKLE,false,516.4055999999999,129.15800000000002,1.419,1694.173,63939798.42695007,1814.853,0.0,53.5,"[{""usdt"": 30206422.0, ""borsa"": 3, ""fiyat"": 64550.0, ""kaynak"": ""BNB+BYB+OKX""}, {""usdt"": 19333416.0, ""borsa"": 1, ""fiyat"": 64500.0, ""kaynak"": ""BNB""}, {""usdt"": 11380344.0, ""borsa"": 2, ""fiyat"": 64525.0, ""kaynak"": ""BNB+BYB""}]","[{""usdt"": 18031948.0, ""borsa"": 3, ""fiyat"": 64575.0, ""kaynak"": ""BNB+BYB+OKX""}, {""usdt"": 13205683.0, ""borsa"": 3, ""fiyat"": 64600.0, ""kaynak"": ""BNB+BYB+OKX""}, {""usdt"": 11969651.0, ""borsa"": 1, ""fiyat"": 64650.0, ""kaynak"": ""BNB""}]",YOK,0.0747,0.076,0.4194,0.4943,false,,false,0.4114,1,0,3,0,0,3,63.4,62.4,IZLE,,25,64609.9,,,,,SEVIYE,50,1441.9,144,,,,,,,1785405780,2,0,,21,1652.2,21,,,
32431,2026-07-30 10:06:53.887996+00,64577.75,-4917837.4812659025,-314042.61900000006,11993394648.4581,0.00009354600000000002,76134717.73947997,645.5636,40.7,BEKLE,false,516.4055999999999,129.15800000000002,1.419,1754.488,62605589.33055006,1875.168,0.0,40.7,"[{""usdt"": 25793281.0, ""borsa"": 3, ""fiyat"": 64550.0, ""kaynak"": ""BNB+BYB+OKX""}, {""usdt"": 19333416.0, ""borsa"": 1, ""fiyat"": 64500.0, ""kaynak"": ""BNB""}, {""usdt"": 11464152.0, ""borsa"": 3, ""fiyat"": 64575.0, ""kaynak"": ""BNB+BYB+OKX""}]","[{""usdt"": 23833325.0, ""borsa"": 3, ""fiyat"": 64600.0, ""kaynak"": ""BNB+BYB+OKX""}, {""usdt"": 11969651.0, ""borsa"": 1, ""fiyat"": 64650.0, ""kaynak"": ""BNB""}, {""usdt"": 9955920.0, ""borsa"": 1, ""fiyat"": 64675.0, ""kaynak"": ""BNB""}]",YOK,0.0858,0.0975,0.436,0.0475,true,0.3444,false,0.7169,1,0,3,1,0,3,60.3,61.4,IZLE,,25,64609.9,,,,,SEVIYE,50,1442.9,145,,,,,,,1785405780,2,1,,20,1653.2,20,,,
32432,2026-07-30 10:07:54.167574+00,64599.649999999994,-4639543.7294641035,-146200.64199999993,11993317776.762001,0.00009354600000000002,68520190.62762004,516.4055999999999,54.6,BEKLE,true,516.4055999999999,0.0,1.419,1814.741,62637963.818140015,1935.421,0.0,54.6,"[{""usdt"": 18673744.0, ""borsa"": 1, ""fiyat"": 64500.0, ""kaynak"": ""BNB""}, {""usdt"": 17216531.0, ""borsa"": 3, ""fiyat"": 64550.0, ""kaynak"": ""BNB+BYB+OKX""}, {""usdt"": 11473802.0, ""borsa"": 1, ""fiyat"": 64525.0, ""kaynak"": ""BNB""}]","[{""usdt"": 24271215.0, ""borsa"": 3, ""fiyat"": 64600.0, ""kaynak"": ""BNB+BYB+OKX""}, {""usdt"": 12300197.0, ""borsa"": 1, ""fiyat"": 64650.0, ""kaynak"": ""BNB""}, {""usdt"": 9549295.0, ""borsa"": 1, ""fiyat"": 64675.0, ""kaynak"": ""BNB""}]",YOK,0.0869,0.0448,0.1973,0.5027,true,0.0817,false,0.8655,2,0,3,0,1,3,56.8,57.8,IZLE,,25,64609.9,,,,,SEVIYE,50,1443.9,145,,,,,,,1785405780,1,0,,20,1654.2,20,,,
32433,2026-07-30 10:08:54.495512+00,64590.75,-4152062.9119280037,327258.615,11996717843.5364,0.00009354600000000002,77207069.16344994,0.0,60.2,BEKLE,false,0.0,0.0,1.419,1875.097,80499252.77219,1995.777,0.0,60.2,"[{""usdt"": 23608925.0, ""borsa"": 3, ""fiyat"": 64575.0, ""kaynak"": ""BNB+BYB+OKX""}, {""usdt"": 17862302.0, ""borsa"": 1, ""fiyat"": 64500.0, ""kaynak"": ""BNB""}, {""usdt"": 12634604.0, ""borsa"": 1, ""fiyat"": 64525.0, ""kaynak"": ""BNB""}]","[{""usdt"": 20733874.0, ""borsa"": 1, ""fiyat"": 64700.0, ""kaynak"": ""BNB""}, {""usdt"": 19696703.0, ""borsa"": 3, ""fiyat"": 64625.0, ""kaynak"": ""BNB+BYB+OKX""}, {""usdt"": 17546907.0, ""borsa"": 3, ""fiyat"": 64600.0, ""kaynak"": ""BNB+BYB+OKX""}]",SPOT,0.1653,-0.0209,0.2082,0.5658,true,0,false,1.0993,2,0,3,0,0,3,53.2,54.3,HAZIRLAN,LONG,50,64609.9,64609.9,65000,64430.4,2.55,SEVIYE+EMILIM,50,1444.9,145,,,,,,,,,0,0.12,20,1655.2,20,,,
32434,2026-07-30 10:09:54.756506+00,64584.05,-4526271.134897805,255545.25600000005,11995400360.6288,0.00009354600000000002,73320434.90771005,0.0,68.6,BEKLE,false,0.0,0.0,1.419,1935.406,80955586.40296002,2056.086,0.0,68.6,"[{""usdt"": 20277918.0, ""borsa"": 3, ""fiyat"": 64575.0, ""kaynak"": ""BNB+BYB+OKX""}, {""usdt"": 19443166.0, ""borsa"": 1, ""fiyat"": 64500.0, ""kaynak"": ""BNB""}, {""usdt"": 15049397.0, ""borsa"": 3, ""fiyat"": 64550.0, ""kaynak"": ""BNB+BYB+OKX""}]","[{""usdt"": 25579447.0, ""borsa"": 3, ""fiyat"": 64600.0, ""kaynak"": ""BNB+BYB+OKX""}, {""usdt"": 18065379.0, ""borsa"": 1, ""fiyat"": 64700.0, ""kaynak"": ""BNB""}, {""usdt"": 13668916.0, ""borsa"": 1, ""fiyat"": 64625.0, ""kaynak"": ""BNB""}]",YOK,0.0385,-0.0495,0.2869,0.3393,true,0,false,0.849,1,0,3,0,1,3,49.7,50.8,IZLE,,25,64609.9,,,,,SEVIYE,50,1445.9,145,,,,,,,,,0,,20,1656.2,20,,,
32435,2026-07-30 10:10:55.030815+00,64587.25,-1911360.325370804,736923.032,11996925547.5071,0.00009354600000000002,71986033.84834999,0.0,66.7,BEKLE,false,0.0,0.0,1.419,1995.636,75217628.52480999,2116.316,0.0,66.7,"[{""usdt"": 20174480.0, ""borsa"": 3, ""fiyat"": 64575.0, ""kaynak"": ""BNB+BYB+OKX""}, {""usdt"": 18088221.0, ""borsa"": 1, ""fiyat"": 64500.0, ""kaynak"": ""BNB""}, {""usdt"": 12170006.0, ""borsa"": 3, ""fiyat"": 64550.0, ""kaynak"": ""BNB+BYB+OKX""}]","[{""usdt"": 30478973.0, ""borsa"": 3, ""fiyat"": 64600.0, ""kaynak"": ""BNB+BYB+OKX""}, {""usdt"": 12856735.0, ""borsa"": 1, ""fiyat"": 64700.0, ""kaynak"": ""BNB""}, {""usdt"": 10601889.0, ""borsa"": 1, ""fiyat"": 64650.0, ""kaynak"": ""BNB""}]",YOK,0.0667,-0.022,0.5525,0.0969,false,,false,2.0404,2,0,3,0,0,3,46.1,47.1,IZLE,,25,64609.9,,,,,SEVIYE,50,1446.9,145,,,,,,,,,0,,20,1657.2,20,,,
32436,2026-07-30 10:11:55.327503+00,64577.45,-2173315.284670804,788805.4780000001,11995748307.9574,0.00009354600000000002,69710929.78449003,0.0,56.7,BEKLE,false,0.0,0.0,1.419,2055.961,65790676.15,2176.641,0.0,56.7,"[{""usdt"": 18178030.0, ""borsa"": 1, ""fiyat"": 64500.0, ""kaynak"": ""BNB""}, {""usdt"": 16135948.0, ""borsa"": 3, ""fiyat"": 64550.0, ""kaynak"": ""BNB+BYB+OKX""}, {""usdt"": 13183757.0, ""borsa"": 1, ""fiyat"": 64525.0, ""kaynak"": ""BNB""}]","[{""usdt"": 24549482.0, ""borsa"": 3, ""fiyat"": 64600.0, ""kaynak"": ""BNB+BYB+OKX""}, {""usdt"": 13206490.0, ""borsa"": 1, ""fiyat"": 64650.0, ""kaynak"": ""BNB""}, {""usdt"": 10224538.0, ""borsa"": 1, ""fiyat"": 64675.0, ""kaynak"": ""BNB""}]",YOK,0.054,0.0289,0.5687,0.0044,true,0,false,2.8838,2,0,3,0,1,3,42.5,43.6,IZLE,,25,64609.9,,,,,SEVIYE,50,1447.9,145,,,,,,,,,0,,20,1658.2,20,,,
32437,2026-07-30 10:12:55.594435+00,64575.25,-2207829.717370304,683755.496,11996478308.9482,0.00009354600000000002,71095115.46175002,0.0,47.0,BEKLE,false,0.0,0.0,1.416,2116.223,68776432.68323004,2236.903,0.0,47.0,"[{""usdt"": 19302866.0, ""borsa"": 1, ""fiyat"": 64500.0, ""kaynak"": ""BNB""}, {""usdt"": 16397761.0, ""borsa"": 3, ""fiyat"": 64550.0, ""kaynak"": ""BNB+BYB+OKX""}, {""usdt"": 13776087.0, ""borsa"": 1, ""fiyat"": 64525.0, ""kaynak"": ""BNB""}]","[{""usdt"": 24875190.0, ""borsa"": 3, ""fiyat"": 64600.0, ""kaynak"": ""BNB+BYB+OKX""}, {""usdt"": 14295670.0, ""borsa"": 1, ""fiyat"": 64650.0, ""kaynak"": ""BNB""}, {""usdt"": 10334146.0, ""borsa"": 1, ""fiyat"": 64675.0, ""kaynak"": ""BNB""}]",YOK,0.0678,0.0166,0.6083,0.4367,false,,false,1.892,2,0,3,0,1,3,39,40,IZLE,,25,64609.9,,,,,SEVIYE,50,1448.9,145,,,,,,,,,0,,20,1659.2,20,,,
32438,2026-07-30 10:13:55.886807+00,64550.55,-2576785.6355601037,586676.9060000001,11996358228.4311,0.00009354600000000002,69310651.27188005,0.0,23.3,BEKLE,false,0.0,0.0,1.416,2176.482,69960818.32301,2297.162,0.0,23.3,"[{""usdt"": 19394601.0, ""borsa"": 1, ""fiyat"": 64500.0, ""kaynak"": ""BNB""}, {""usdt"": 18374805.0, ""borsa"": 3, ""fiyat"": 64550.0, ""kaynak"": ""BNB+BYB+OKX""}, {""usdt"": 13686056.0, ""borsa"": 1, ""fiyat"": 64525.0, ""kaynak"": ""BNB""}]","[{""usdt"": 22124126.0, ""borsa"": 3, ""fiyat"": 64600.0, ""kaynak"": ""BNB+BYB+OKX""}, {""usdt"": 15804279.0, ""borsa"": 1, ""fiyat"": 64650.0, ""kaynak"": ""BNB""}, {""usdt"": 11956325.0, ""borsa"": 3, ""fiyat"": 64575.0, ""kaynak"": ""BNB+BYB+OKX""}]",YOK,0.0417,-0.0047,0.7629,1.3932,true,0,false,2.1455,1,0,3,0,1,3,35.4,36.4,IZLE,,25,64609.9,,,,,SEVIYE,50,1449.9,145,,,,,,,,,0,,20,1660.2,20,,,
32439,2026-07-30 10:14:56.172405+00,64548.95,-3804197.3994173035,17078.075999999975,11993377049.515999,0.00009354600000000002,76175628.22839001,0.0,21.5,BEKLE,true,0.0,0.0,1.416,2236.79,71842794.35869008,2357.47,21.5,0.0,"[{""usdt"": 27372266.0, ""borsa"": 3, ""fiyat"": 64525.0, ""kaynak"": ""BNB+BYB+OKX""}, {""usdt"": 21153255.0, ""borsa"": 1, ""fiyat"": 64500.0, ""kaynak"": ""BNB""}, {""usdt"": 10538293.0, ""borsa"": 1, ""fiyat"": 64450.0, ""kaynak"": ""BNB""}]","[{""usdt"": 22426869.0, ""borsa"": 3, ""fiyat"": 64575.0, ""kaynak"": ""BNB+BYB+OKX""}, {""usdt"": 16544069.0, ""borsa"": 1, ""fiyat"": 64650.0, ""kaynak"": ""BNB""}, {""usdt"": 14215937.0, ""borsa"": 3, ""fiyat"": 64550.0, ""kaynak"": ""BNB+BYB+OKX""}]",YOK,-0.0166,0.0293,0.6161,2.1432,false,,false,1.8973,0,0,3,1,1,3,31.8,32.9,IZLE,,25,64609.9,,,,,SEVIYE,50,1451.0,145,,,,,,,,,0,,20,1661.2,20,,,
32440,2026-07-30 10:15:56.488787+00,64556.95,-896291.7519069015,-133165.56600000002,11994341376.2932,0.00009354600000000002,71782526.88695006,0.0,42.6,BEKLE,true,0.0,0.0,1.416,2297.103,64389331.56573002,2417.783,42.6,0.0,"[{""usdt"": 20188312.0, ""borsa"": 3, ""fiyat"": 64525.0, ""kaynak"": ""BNB+BYB+OKX""}, {""usdt"": 19878215.0, ""borsa"": 1, ""fiyat"": 64500.0, ""kaynak"": ""BNB""}, {""usdt"": 12038592.0, ""borsa"": 3, ""fiyat"": 64550.0, ""kaynak"": ""BNB+BYB+OKX""}]","[{""usdt"": 24396518.0, ""borsa"": 3, ""fiyat"": 64575.0, ""kaynak"": ""BNB+BYB+OKX""}, {""usdt"": 13590040.0, ""borsa"": 1, ""fiyat"": 64650.0, ""kaynak"": ""BNB""}, {""usdt"": 11128403.0, ""borsa"": 1, ""fiyat"": 64625.0, ""kaynak"": ""BNB""}]",YOK,-0.0038,0.0543,0.382,0.8161,true,0,false,,1,0,3,0,1,3,28.3,29.3,IZLE,,25,64609.9,,,,,SEVIYE,50,1452.0,145,,,,,,,,,0,,20,1662.2,20,,,
32441,2026-07-30 10:16:57.017305+00,64575.850000000006,-599397.1043348025,-167524.792,11996370864.2395,0.00009354600000000002,65247943.72461005,0.0,49.0,BEKLE,true,0.0,0.0,1.416,2357.623,78921349.95233,2478.303,49.0,0.0,"[{""usdt"": 19827143.0, ""borsa"": 1, ""fiyat"": 64500.0, ""kaynak"": ""BNB""}, {""usdt"": 18123481.0, ""borsa"": 3, ""fiyat"": 64550.0, ""kaynak"": ""BNB+BYB+OKX""}, {""usdt"": 11719819.0, ""borsa"": 1, ""fiyat"": 64525.0, ""kaynak"": ""BNB""}]","[{""usdt"": 22874950.0, ""borsa"": 3, ""fiyat"": 64600.0, ""kaynak"": ""BNB+BYB+OKX""}, {""usdt"": 14591161.0, ""borsa"": 1, ""fiyat"": 64650.0, ""kaynak"": ""BNB""}, {""usdt"": 12051701.0, ""borsa"": 1, ""fiyat"": 64675.0, ""kaynak"": ""BNB""}]",YOK,0.0224,-0.0948,0.4571,0.0339,true,0,false,,1,0,3,0,1,3,24.6,25.7,IZLE,,25,64609.9,,,,,SEVIYE,50,1453.0,146,,,,,,,,,0,,19,1453.0,19,,,
32442,2026-07-30 10:17:57.2677+00,64587.350000000006,-839298.1020008028,-132022.01899999997,11997369556.625599,0.00009354600000000002,71078104.12101997,0.0,48.2,BEKLE,,0.0,0.0,1.4108,2417.897,78826699.98840003,2538.577,48.2,0.0,"[{""usdt"": 20284101.0, ""borsa"": 1, ""fiyat"": 64500.0, ""kaynak"": ""BNB""}, {""usdt"": 18928574.0, ""borsa"": 3, ""fiyat"": 64575.0, ""kaynak"": ""BNB+BYB+OKX""}, {""usdt"": 11702115.0, ""borsa"": 1, ""fiyat"": 64525.0, ""kaynak"": ""BNB""}]","[{""usdt"": 32124000.0, ""borsa"": 3, ""fiyat"": 64600.0, ""kaynak"": ""BNB+BYB+OKX""}, {""usdt"": 13490521.0, ""borsa"": 1, ""fiyat"": 64700.0, ""kaynak"": ""BNB""}, {""usdt"": 12590950.0, ""borsa"": 1, ""fiyat"": 64650.0, ""kaynak"": ""BNB""}]",YOK,0.0967,-0.0517,0.4619,0.2982,true,0,false,,2,0,3,0,1,3,21,22.1,IZLE,,25,64609.9,,,,,SEVIYE,50,1454.0,146,,,,,,,,,0,,19,1454.0,19,,,
32443,2026-07-30 10:18:57.577564+00,64587.350000000006,-729068.448343003,-52429.13200000001,11998298739.4503,0.00009354600000000002,68477859.69483006,0.0,46.0,BEKLE,false,0.0,0.0,1.4108,2478.203,81532736.74590996,2598.883,46.0,0.0,"[{""usdt"": 20559633.0, ""borsa"": 1, ""fiyat"": 64500.0, ""kaynak"": ""BNB""}, {""usdt"": 16769564.0, ""borsa"": 3, ""fiyat"": 64575.0, ""kaynak"": ""BNB+BYB+OKX""}, {""usdt"": 12258476.0, ""borsa"": 3, ""fiyat"": 64550.0, ""kaynak"": ""BNB+BYB+OKX""}]","[{""usdt"": 31558470.0, ""borsa"": 3, ""fiyat"": 64600.0, ""kaynak"": ""BNB+BYB+OKX""}, {""usdt"": 16982529.0, ""borsa"": 1, ""fiyat"": 64700.0, ""kaynak"": ""BNB""}, {""usdt"": 11790385.0, ""borsa"": 1, ""fiyat"": 64650.0, ""kaynak"": ""BNB""}]",YOK,0.0751,-0.087,0.5966,0.868,true,0,false,,2,0,3,0,1,3,17.2,18.3,IZLE,,25,64609.9,,,,,SEVIYE,50,1455.0,146,,,,,,,,,0,,19,1455.0,19,,,
32444,2026-07-30 10:19:57.85176+00,64588.649999999994,-686288.8677167034,-55585.06099999999,11997908912.5607,0.00009354600000000002,73318968.81509003,0.0,14.8,BEKLE,,0.0,0.0,1.4108,2538.457,65274201.55665005,2659.137,14.8,0.0,"[{""usdt"": 21273686.0, ""borsa"": 1, ""fiyat"": 64500.0, ""kaynak"": ""BNB""}, {""usdt"": 18810342.0, ""borsa"": 3, ""fiyat"": 64550.0, ""kaynak"": ""BNB+BYB+OKX""}, {""usdt"": 12870278.0, ""borsa"": 1, ""fiyat"": 64525.0, ""kaynak"": ""BNB""}]","[{""usdt"": 24772034.0, ""borsa"": 3, ""fiyat"": 64600.0, ""kaynak"": ""BNB+BYB+OKX""}, {""usdt"": 13220969.0, ""borsa"": 1, ""fiyat"": 64675.0, ""kaynak"": ""BNB""}, {""usdt"": 11587983.0, ""borsa"": 1, ""fiyat"": 64650.0, ""kaynak"": ""BNB""}]",YOK,0.0651,0.058,0.9564,0.8896,true,0,false,,1,0,3,0,0,3,13.7,14.7,IZLE,,25,64609.9,,,,,SEVIYE,50,1456.0,146,,,,,,,,,0,,19,1456.0,19,,,
32445,2026-07-30 10:20:58.105391+00,64591.75,-897755.9649860002,-591086.0499999999,11999171924.355701,0.00009354600000000002,68321481.65414004,0.0,47.6,BEKLE,false,0.0,0.0,1.4073,2598.709,79514071.13316005,2719.389,47.6,0.0,"[{""usdt"": 21278744.0, ""borsa"": 1, ""fiyat"": 64500.0, ""kaynak"": ""BNB""}, {""usdt"": 18630891.0, ""borsa"": 3, ""fiyat"": 64575.0, ""kaynak"": ""BNB+BYB+OKX""}, {""usdt"": 11048692.0, ""borsa"": 3, ""fiyat"": 64550.0, ""kaynak"": ""BNB+BYB+OKX""}]","[{""usdt"": 32017587.0, ""borsa"": 3, ""fiyat"": 64600.0, ""kaynak"": ""BNB+BYB+OKX""}, {""usdt"": 13408715.0, ""borsa"": 1, ""fiyat"": 64700.0, ""kaynak"": ""BNB""}, {""usdt"": 12053260.0, ""borsa"": 1, ""fiyat"": 64650.0, ""kaynak"": ""BNB""}]",YOK,0.1045,-0.0757,0.0016,2.8351,true,0.0461,false,,2,0,3,0,1,3,10.1,11.2,IZLE,,25,64609.9,,,,,SEVIYE,50,1457.0,146,,,,,,,,,0,,19,1457.0,19,,,
32446,2026-07-30 10:21:58.442393+00,64603.850000000006,102005.46087869987,-427020.665,11998917532.6137,0.00009354600000000002,67539584.18903998,0.0,23.5,BEKLE,false,0.0,0.0,1.4073,2659.039,82532402.91260995,2779.719,23.5,0.0,"[{""usdt"": 18746010.0, ""borsa"": 1, ""fiyat"": 64500.0, ""kaynak"": ""BNB""}, {""usdt"": 14917366.0, ""borsa"": 3, ""fiyat"": 64600.0, ""kaynak"": ""BNB+BYB+OKX""}, {""usdt"": 13449278.0, ""borsa"": 3, ""fiyat"": 64575.0, ""kaynak"": ""BNB+BYB+OKX""}]","[{""usdt"": 24926518.0, ""borsa"": 3, ""fiyat"": 64625.0, ""kaynak"": ""BNB+BYB+OKX""}, {""usdt"": 19704531.0, ""borsa"": 1, ""fiyat"": 64700.0, ""kaynak"": ""BNB""}, {""usdt"": 12117945.0, ""borsa"": 1, ""fiyat"": 64650.0, ""kaynak"": ""BNB""}]",YOK,0.1354,-0.0999,0.5803,1.6916,true,0.0436,false,,2,0,3,0,1,3,6.6,7.7,IZLE,,25,64609.9,,,,,SEVIYE,50,1458.0,146,,,,,,,,,0,,19,1458.0,19,,,
32447,2026-07-30 10:22:58.826837+00,64593.75,809101.2442479004,-220745.05199999997,11997835274.2253,0.00009354600000000002,70913478.08502002,0.0,14.0,BEKLE,false,0.0,0.0,1.4073,2719.424,79281030.30169003,2840.104,14.0,0.0,"[{""usdt"": 20559519.0, ""borsa"": 3, ""fiyat"": 64575.0, ""kaynak"": ""BNB+BYB+OKX""}, {""usdt"": 20172330.0, ""borsa"": 1, ""fiyat"": 64500.0, ""kaynak"": ""BNB""}, {""usdt"": 12314698.0, ""borsa"": 1, ""fiyat"": 64525.0, ""kaynak"": ""BNB""}]","[{""usdt"": 27408686.0, ""borsa"": 3, ""fiyat"": 64600.0, ""kaynak"": ""BNB+BYB+OKX""}, {""usdt"": 19629786.0, ""borsa"": 1, ""fiyat"": 64700.0, ""kaynak"": ""BNB""}, {""usdt"": 12643260.0, ""borsa"": 3, ""fiyat"": 64625.0, ""kaynak"": ""BNB+BYB+OKX""}]",YOK,0.0816,-0.0557,0.9048,0.2565,true,0.08,false,,2,0,3,0,1,3,3.2,4.2,IZLE,,25,64609.9,,,,,SEVIYE,50,1459.0,146,,,,,,,,,0,,19,1459.0,19,,,
32448,2026-07-30 10:23:59.08256+00,64601.25,1623289.6377726004,-184068.19499999995,12000014973.1824,0.00009354600000000002,66502600.854720026,0.0,17.3,BEKLE,,0.0,0.0,1.4073,2779.708,79864062.79029001,2900.388,17.3,0.0,"[{""usdt"": 20312627.0, ""borsa"": 1, ""fiyat"": 64500.0, ""kaynak"": ""BNB""}, {""usdt"": 19950027.0, ""borsa"": 3, ""fiyat"": 64575.0, ""kaynak"": ""BNB+BYB+OKX""}, {""usdt"": 12276861.0, ""borsa"": 1, ""fiyat"": 64525.0, ""kaynak"": ""BNB""}]","[{""usdt"": 21558709.0, ""borsa"": 3, ""fiyat"": 64600.0, ""kaynak"": ""BNB+BYB+OKX""}, {""usdt"": 20635831.0, ""borsa"": 1, ""fiyat"": 64700.0, ""kaynak"": ""BNB""}, {""usdt"": 16334402.0, ""borsa"": 3, ""fiyat"": 64625.0, ""kaynak"": ""BNB+BYB+OKX""}]",YOK,0.0816,-0.0913,0.9014,0.3889,true,0.0642,false,,2,0,3,0,1,3,63.4,61.6,IZLE,,25,64609.9,,,,,SEVIYE,50,1460.0,146,,,,,,,,,0,,19,1460.0,19,,,
32449,2026-07-30 10:24:59.369247+00,64594.95,1494367.1023442023,-124843.80300000007,11999605314.2986,0.00009354600000000002,66533874.999410026,0.0,12.4,BEKLE,false,0.0,0.0,1.4073,2839.993,80400959.32112002,2960.673,12.4,0.0,"[{""usdt"": 20312627.0, ""borsa"": 1, ""fiyat"": 64500.0, ""kaynak"": ""BNB""}, {""usdt"": 16875170.0, ""borsa"": 3, ""fiyat"": 64575.0, ""kaynak"": ""BNB+BYB+OKX""}, {""usdt"": 12276861.0, ""borsa"": 1, ""fiyat"": 64525.0, ""kaynak"": ""BNB""}]","[{""usdt"": 25028544.0, ""borsa"": 3, ""fiyat"": 64625.0, ""kaynak"": ""BNB+BYB+OKX""}, {""usdt"": 20635831.0, ""borsa"": 1, ""fiyat"": 64700.0, ""kaynak"": ""BNB""}, {""usdt"": 13401464.0, ""borsa"": 3, ""fiyat"": 64600.0, ""kaynak"": ""BNB+BYB+OKX""}]",YOK,0.0798,-0.0944,0.9415,0.1986,true,0.1137,false,,2,0,3,0,1,3,59.6,60.6,IZLE,,25,64609.9,,,,,SEVIYE,50,1461.0,146,,,,,,,,,0,,19,1461.0,19,,,
32450,2026-07-30 10:25:59.697248+00,64604.95,3278191.024874601,646605.4,12001691690.0378,0.00009354600000000002,71328407.92145,0.0,55.4,BEKLE,true,0.0,0.0,1.4073,2900.263,75729508.71032004,3020.943,0.0,55.4,"[{""usdt"": 21200591.0, ""borsa"": 3, ""fiyat"": 64575.0, ""kaynak"": ""BNB+BYB+OKX""}, {""usdt"": 20432624.0, ""borsa"": 1, ""fiyat"": 64500.0, ""kaynak"": ""BNB""}, {""usdt"": 12768046.0, ""borsa"": 1, ""fiyat"": 64525.0, ""kaynak"": ""BNB""}]","[{""usdt"": 18767222.0, ""borsa"": 1, ""fiyat"": 64700.0, ""kaynak"": ""BNB""}, {""usdt"": 18259383.0, ""borsa"": 3, ""fiyat"": 64625.0, ""kaynak"": ""BNB+BYB+OKX""}, {""usdt"": 17059910.0, ""borsa"": 3, ""fiyat"": 64600.0, ""kaynak"": ""BNB+BYB+OKX""}]",YOK,0.091,-0.0299,0.6332,0.1461,true,0.0229,false,,2,0,3,0,1,3,55.9,57,IZLE,,25,64609.9,,,,,SEVIYE,50,1462.0,146,,,,,,,,,0,,19,1462.0,19,,,
32451,2026-07-30 10:27:00.108281+00,64605.05,3410143.5752023025,689512.4589999999,12001596921.062,0.00009354600000000002,73068255.99298002,0.0,63.6,BEKLE,true,0.0,0.0,1.4073,2960.723,83575987.68820997,3081.403,0.0,63.6,"[{""usdt"": 19439021.0, ""borsa"": 1, ""fiyat"": 64500.0, ""kaynak"": ""BNB""}, {""usdt"": 15298123.0, ""borsa"": 3, ""fiyat"": 64575.0, ""kaynak"": ""BNB+BYB+OKX""}, {""usdt"": 15029079.0, ""borsa"": 3, ""fiyat"": 64600.0, ""kaynak"": ""BNB+BYB+OKX""}]","[{""usdt"": 25373406.0, ""borsa"": 3, ""fiyat"": 64625.0, ""kaynak"": ""BNB+BYB+OKX""}, {""usdt"": 20272394.0, ""borsa"": 1, ""fiyat"": 64700.0, ""kaynak"": ""BNB""}, {""usdt"": 11305673.0, ""borsa"": 1, ""fiyat"": 64675.0, ""kaynak"": ""BNB""}]",YOK,0.1133,-0.0671,0.5946,0.0164,true,0,false,,2,0,3,0,1,3,52.2,53.3,IZLE,,25,64609.9,,,,,SEVIYE,50,1463.0,147,,,,,,,,,0,,20,1673.3,20,,,
32452,2026-07-30 10:28:00.336534+00,64600.75,2971542.206096302,655714.2359999999,12001669503.3628,0.00009354600000000002,72178437.49703,0.0,56.3,BEKLE,true,0.0,0.0,1.4038,3020.98,85864250.11802997,3141.66,0.0,56.3,"[{""usdt"": 19422701.0, ""borsa"": 1, ""fiyat"": 64500.0, ""kaynak"": ""BNB""}, {""usdt"": 17498850.0, ""borsa"": 3, ""fiyat"": 64575.0, ""kaynak"": ""BNB+BYB+OKX""}, {""usdt"": 12855758.0, ""borsa"": 1, ""fiyat"": 64525.0, ""kaynak"": ""BNB""}]","[{""usdt"": 23426221.0, ""borsa"": 3, ""fiyat"": 64625.0, ""kaynak"": ""BNB+BYB+OKX""}, {""usdt"": 20570830.0, ""borsa"": 1, ""fiyat"": 64700.0, ""kaynak"": ""BNB""}, {""usdt"": 13021660.0, ""borsa"": 3, ""fiyat"": 64600.0, ""kaynak"": ""BNB+BYB+OKX""}]",YOK,0.0945,-0.0866,0.5498,0.1353,true,0,false,,2,0,3,0,1,3,48.6,49.7,IZLE,,25,64609.9,,,,,SEVIYE,50,1464.0,147,,,,,,,,,0,,20,1674.3,20,,,
32453,2026-07-30 10:29:00.610925+00,64601.149999999994,3019678.7042586002,439147.705,12002879546.312397,0.00009354600000000002,70944969.09888002,0.0,41.7,BEKLE,false,0.0,0.0,1.4038,3081.24,78350299.02522995,3201.92,0.0,41.7,"[{""usdt"": 19884858.0, ""borsa"": 1, ""fiyat"": 64500.0, ""kaynak"": ""BNB""}, {""usdt"": 19774516.0, ""borsa"": 3, ""fiyat"": 64575.0, ""kaynak"": ""BNB+BYB+OKX""}, {""usdt"": 12737080.0, ""borsa"": 1, ""fiyat"": 64525.0, ""kaynak"": ""BNB""}]","[{""usdt"": 22678920.0, ""borsa"": 3, ""fiyat"": 64625.0, ""kaynak"": ""BNB+BYB+OKX""}, {""usdt"": 20784649.0, ""borsa"": 1, ""fiyat"": 64700.0, ""kaynak"": ""BNB""}, {""usdt"": 14967782.0, ""borsa"": 3, ""fiyat"": 64600.0, ""kaynak"": ""BNB+BYB+OKX""}]",YOK,0.0758,-0.0496,0.5259,0.0029,true,0,false,,2,0,3,0,1,3,45.1,46.1,IZLE,,25,64609.9,,,,,SEVIYE,50,1465.0,147,,,,,,,,,0,,20,1675.3,20,,,
32454,2026-07-30 10:30:00.936449+00,64600.75,2914617.9588878006,451244.03500000003,12001550616.699,0.00009354600000000002,70331840.02884999,0.0,39.4,BEKLE,true,0.0,0.0,1.4038,3141.488,78388800.91586994,3262.168,0.0,39.4,"[{""usdt"": 20441151.0, ""borsa"": 1, ""fiyat"": 64500.0, ""kaynak"": ""BNB""}, {""usdt"": 19141639.0, ""borsa"": 3, ""fiyat"": 64575.0, ""kaynak"": ""BNB+BYB+OKX""}, {""usdt"": 12337929.0, ""borsa"": 1, ""fiyat"": 64525.0, ""kaynak"": ""BNB""}]","[{""usdt"": 22887215.0, ""borsa"": 3, ""fiyat"": 64625.0, ""kaynak"": ""BNB+BYB+OKX""}, {""usdt"": 20641521.0, ""borsa"": 1, ""fiyat"": 64700.0, ""kaynak"": ""BNB""}, {""usdt"": 15814474.0, ""borsa"": 3, ""fiyat"": 64600.0, ""kaynak"": ""BNB+BYB+OKX""}]",YOK,0.0536,-0.0542,0.5496,0.1707,true,0,false,,2,0,3,0,1,3,41.5,42.6,IZLE,,25,64609.9,,,,,SEVIYE,50,1466.0,147,,,,,,,,,0,,20,1676.3,20,,,
32455,2026-07-30 10:31:01.316461+00,64600.649999999994,2056994.3164595019,299025.84500000003,12001037467.1666,0.00009354600000000002,69891893.20875002,0.0,40.7,BEKLE,false,0.0,0.0,1.4038,3201.891,81152154.27228993,3322.571,40.7,0.0,"[{""usdt"": 20347697.0, ""borsa"": 1, ""fiyat"": 64500.0, ""kaynak"": ""BNB""}, {""usdt"": 19187405.0, ""borsa"": 3, ""fiyat"": 64575.0, ""kaynak"": ""BNB+BYB+OKX""}, {""usdt"": 11601206.0, ""borsa"": 1, ""fiyat"": 64525.0, ""kaynak"": ""BNB""}]","[{""usdt"": 22220826.0, ""borsa"": 3, ""fiyat"": 64625.0, ""kaynak"": ""BNB+BYB+OKX""}, {""usdt"": 20120840.0, ""borsa"": 1, ""fiyat"": 64700.0, ""kaynak"": ""BNB""}, {""usdt"": 17598563.0, ""borsa"": 3, ""fiyat"": 64600.0, ""kaynak"": ""BNB+BYB+OKX""}]",YOK,0.0374,-0.0745,0.6349,0.17,true,0,false,,2,0,3,0,1,3,38.1,39.1,IZLE,,25,64609.9,,,,,SEVIYE,50,1467.0,147,,,,,,,,,0,,20,1677.3,20,,,
32456,2026-07-30 10:32:02.081216+00,64599.55,1286699.5980673027,289334.92,12000498674.312801,0.00009354600000000002,70253324.43282005,0.0,43.0,BEKLE,false,0.0,0.0,1.4038,3262.533,79424361.85562994,3383.213,43.0,0.0,"[{""usdt"": 20548238.0, ""borsa"": 1, ""fiyat"": 64500.0, ""kaynak"": ""BNB""}, {""usdt"": 19874351.0, ""borsa"": 3, ""fiyat"": 64575.0, ""kaynak"": ""BNB+BYB+OKX""}, {""usdt"": 11707822.0, ""borsa"": 1, ""fiyat"": 64525.0, ""kaynak"": ""BNB""}]","[{""usdt"": 22814836.0, ""borsa"": 3, ""fiyat"": 64625.0, ""kaynak"": ""BNB+BYB+OKX""}, {""usdt"": 19794306.0, ""borsa"": 1, ""fiyat"": 64700.0, ""kaynak"": ""BNB""}, {""usdt"": 17740662.0, ""borsa"": 3, ""fiyat"": 64600.0, ""kaynak"": ""BNB+BYB+OKX""}]",YOK,-0.0071,-0.0613,0.7243,0.1426,true,0,false,,2,0,3,0,1,3,34.9,35.9,IZLE,,25,64609.9,,,,,SEVIYE,50,1468.1,147,,,,,,,,,0,,20,1678.3,20,,,
32457,2026-07-30 10:33:02.398644+00,64569.25,651484.1577971042,259093.536,11998041476.8112,0.00009354600000000002,69152572.33642003,0.0,40.0,BEKLE,true,0.0,0.0,1.4038,3322.975,83865169.08675994,3443.655,40.0,0.0,"[{""usdt"": 20475473.0, ""borsa"": 1, ""fiyat"": 64500.0, ""kaynak"": ""BNB""}, {""usdt"": 19372844.0, ""borsa"": 3, ""fiyat"": 64575.0, ""kaynak"": ""BNB+BYB+OKX""}, {""usdt"": 11674591.0, ""borsa"": 1, ""fiyat"": 64525.0, ""kaynak"": ""BNB""}]","[{""usdt"": 26689794.0, ""borsa"": 3, ""fiyat"": 64600.0, ""kaynak"": ""BNB+BYB+OKX""}, {""usdt"": 20677271.0, ""borsa"": 1, ""fiyat"": 64700.0, ""kaynak"": ""BNB""}, {""usdt"": 17097238.0, ""borsa"": 2, ""fiyat"": 64625.0, ""kaynak"": ""BNB+BYB""}]",YOK,0.0129,-0.0961,0.7433,0.7672,true,0,false,,2,0,3,0,1,3,31.5,32.6,IZLE,,25,64609.9,,,,,SEVIYE,50,1469.1,147,,,,,,,,,0,,20,1679.3,20,,,
32458,2026-07-30 10:34:02.820409+00,64566.149999999994,127166.51458960678,1088556.302,11996381606.5489,0.00009354600000000002,70408282.59,0.0,49.8,BEKLE,false,0.0,0.0,1.4021,3383.417,63225556.75210991,3504.097,0.0,49.8,"[{""usdt"": 20978376.0, ""borsa"": 3, ""fiyat"": 64550.0, ""kaynak"": ""BNB+BYB+OKX""}, {""usdt"": 20062712.0, ""borsa"": 1, ""fiyat"": 64500.0, ""kaynak"": ""BNB""}, {""usdt"": 13962669.0, ""borsa"": 1, ""fiyat"": 64525.0, ""kaynak"": ""BNB""}]","[{""usdt"": 23746419.0, ""borsa"": 3, ""fiyat"": 64575.0, ""kaynak"": ""BNB+BYB+OKX""}, {""usdt"": 12872715.0, ""borsa"": 3, ""fiyat"": 64600.0, ""kaynak"": ""BNB+BYB+OKX""}, {""usdt"": 10997907.0, ""borsa"": 1, ""fiyat"": 64650.0, ""kaynak"": ""BNB""}]",YOK,-0.031,0.0537,0.688,0.6329,true,0,false,,1,0,3,0,1,3,28,29.1,IZLE,,25,64609.9,,,,,SEVIYE,50,1470.1,147,,,,,,,,,0,,20,1680.3,20,,,
32459,2026-07-30 10:35:03.190105+00,64566.75,55961.319978006126,1079673.925,11997869902.173199,0.00009354600000000002,67922512.77839006,0.0,50.1,BEKLE,false,0.0,0.0,1.4021,3443.773,66684563.863859996,3564.453,0.0,50.1,"[{""usdt"": 20530795.0, ""borsa"": 1, ""fiyat"": 64500.0, ""kaynak"": ""BNB""}, {""usdt"": 18620689.0, ""borsa"": 3, ""fiyat"": 64550.0, ""kaynak"": ""BNB+BYB+OKX""}, {""usdt"": 13568207.0, ""borsa"": 3, ""fiyat"": 64525.0, ""kaynak"": ""BNB+BYB+OKX""}]","[{""usdt"": 23921218.0, ""borsa"": 3, ""fiyat"": 64575.0, ""kaynak"": ""BNB+BYB+OKX""}, {""usdt"": 14117636.0, ""borsa"": 2, ""fiyat"": 64600.0, ""kaynak"": ""BNB+BYB""}, {""usdt"": 13343403.0, ""borsa"": 1, ""fiyat"": 64650.0, ""kaynak"": ""BNB""}]",YOK,-0.0202,0.0092,0.6925,0.6261,true,0,false,,1,0,3,0,1,3,24.6,25.6,IZLE,,25,64609.9,,,,,SEVIYE,50,1471.1,147,,,,,,,,,0,,20,1681.3,20,,,
32460,2026-07-30 10:36:03.483557+00,64548.25,-2563001.5441664965,695599.588,11998951450.995598,0.00009354600000000002,74075061.86301002,0.0,48.0,BEKLE,false,0.0,0.0,1.3992,3504.095,73832746.68233,3624.775,0.0,48.0,"[{""usdt"": 22413450.0, ""borsa"": 3, ""fiyat"": 64525.0, ""kaynak"": ""BNB+BYB+OKX""}, {""usdt"": 21392287.0, ""borsa"": 1, ""fiyat"": 64500.0, ""kaynak"": ""BNB""}, {""usdt"": 10705814.0, ""borsa"": 3, ""fiyat"": 64550.0, ""kaynak"": ""BNB+BYB+OKX""}]","[{""usdt"": 19597821.0, ""borsa"": 3, ""fiyat"": 64575.0, ""kaynak"": ""BNB+BYB+OKX""}, {""usdt"": 17940398.0, ""borsa"": 3, ""fiyat"": 64550.0, ""kaynak"": ""BNB+BYB+OKX""}, {""usdt"": 11975820.0, ""borsa"": 1, ""fiyat"": 64650.0, ""kaynak"": ""BNB""}]",YOK,-0.0456,0.0016,0.8469,0.7685,false,1.1618,false,0.9054,1,0,3,0,2,3,21,22.1,IZLE,,25,64609.9,,,,,SEVIYE,50,1472.1,148,,,,,,,,,0,,18,1682.3,18,,,
32461,2026-07-30 10:37:03.732244+00,64547.55,-3399166.796035097,641145.214,11998363241.8769,0.00009354600000000002,71925119.66421005,0.0,32.8,BEKLE,false,0.0,0.0,1.3992,3564.378,75293130.05555,3685.058,0.0,32.8,"[{""usdt"": 28646066.0, ""borsa"": 3, ""fiyat"": 64525.0, ""kaynak"": ""BNB+BYB+OKX""}, {""usdt"": 19521248.0, ""borsa"": 1, ""fiyat"": 64500.0, ""kaynak"": ""BNB""}, {""usdt"": 8754974.0, ""borsa"": 1, ""fiyat"": 64450.0, ""kaynak"": ""BNB""}]","[{""usdt"": 23120692.0, ""borsa"": 3, ""fiyat"": 64550.0, ""kaynak"": ""BNB+BYB+OKX""}, {""usdt"": 14622075.0, ""borsa"": 3, ""fiyat"": 64575.0, ""kaynak"": ""BNB+BYB+OKX""}, {""usdt"": 12298829.0, ""borsa"": 1, ""fiyat"": 64625.0, ""kaynak"": ""BNB""}]",YOK,-0.0242,-0.0229,0.8635,0.7667,false,,true,0.4549,1,0,3,1,1,3,17.4,18.5,IZLE,,25,64609.9,,,,,SEVIYE,50,1473.1,148,,,,,,,,,0,,18,1683.4,18,,,
32462,2026-07-30 10:38:03.994373+00,64541.850000000006,-3448027.024073996,578290.5319999999,11998891975.3152,0.00009354600000000002,73011969.99468002,0.0,30.1,BEKLE,false,0.0,0.0,1.3992,3624.632,70392563.49107999,3745.312,0.0,30.1,"[{""usdt"": 27560824.0, ""borsa"": 3, ""fiyat"": 64525.0, ""kaynak"": ""BNB+BYB+OKX""}, {""usdt"": 20049378.0, ""borsa"": 1, ""fiyat"": 64500.0, ""kaynak"": ""BNB""}, {""usdt"": 9414473.0, ""borsa"": 1, ""fiyat"": 64450.0, ""kaynak"": ""BNB""}]","[{""usdt"": 24487262.0, ""borsa"": 3, ""fiyat"": 64550.0, ""kaynak"": ""BNB+BYB+OKX""}, {""usdt"": 15020148.0, ""borsa"": 3, ""fiyat"": 64575.0, ""kaynak"": ""BNB+BYB+OKX""}, {""usdt"": 11573172.0, ""borsa"": 1, ""fiyat"": 64625.0, ""kaynak"": ""BNB""}]",YOK,-0.0383,0.0183,0.8591,0.4597,false,,true,0.3757,0,0,3,1,1,3,13.8,14.9,IZLE,,25,64609.9,,,,,SEVIYE,50,1474.1,148,,,,,,,,,0,,18,1684.4,18,,,
32463,2026-07-30 10:39:04.298648+00,64542.350000000006,-3220612.554806996,727449.058,11998664017.553501,0.00009354600000000002,72292072.13587001,0.0,43.0,BEKLE,true,0.0,0.0,1.3992,3684.914,74872888.74755001,3805.594,43.0,0.0,"[{""usdt"": 27342618.0, ""borsa"": 3, ""fiyat"": 64525.0, ""kaynak"": ""BNB+BYB+OKX""}, {""usdt"": 19504778.0, ""borsa"": 1, ""fiyat"": 64500.0, ""kaynak"": ""BNB""}, {""usdt"": 9038299.0, ""borsa"": 1, ""fiyat"": 64475.0, ""kaynak"": ""BNB""}]","[{""usdt"": 23104952.0, ""borsa"": 3, ""fiyat"": 64550.0, ""kaynak"": ""BNB+BYB+OKX""}, {""usdt"": 17987381.0, ""borsa"": 3, ""fiyat"": 64575.0, ""kaynak"": ""BNB+BYB+OKX""}, {""usdt"": 12125332.0, ""borsa"": 1, ""fiyat"": 64625.0, ""kaynak"": ""BNB""}]",YOK,-0.0654,-0.0175,0.8149,0.4638,false,,true,0.3502,0,0,3,1,1,3,10.3,11.3,IZLE,,25,64609.9,,,,,SEVIYE,50,1475.1,148,,,,,,,,,0,,18,1685.4,18,,,
32464,2026-07-30 10:40:04.528713+00,64554.45,-3243139.8465480953,803287.406,12003472703.2936,0.00009354600000000002,71012431.12845002,0.0,28.1,BEKLE,false,0.0,0.0,1.3992,3745.176,73663618.97047004,3865.856,28.1,0.0,"[{""usdt"": 22759553.0, ""borsa"": 3, ""fiyat"": 64525.0, ""kaynak"": ""BNB+BYB+OKX""}, {""usdt"": 19769598.0, ""borsa"": 1, ""fiyat"": 64500.0, ""kaynak"": ""BNB""}, {""usdt"": 8994776.0, ""borsa"": 1, ""fiyat"": 64475.0, ""kaynak"": ""BNB""}]","[{""usdt"": 24264569.0, ""borsa"": 3, ""fiyat"": 64550.0, ""kaynak"": ""BNB+BYB+OKX""}, {""usdt"": 15283085.0, ""borsa"": 3, ""fiyat"": 64575.0, ""kaynak"": ""BNB+BYB+OKX""}, {""usdt"": 12527624.0, ""borsa"": 1, ""fiyat"": 64625.0, ""kaynak"": ""BNB""}]",YOK,-0.003,-0.0183,0.85,0.2537,false,,true,0.0728,1,0,3,0,1,3,6.7,7.7,IZLE,,25,64609.9,,,,,SEVIYE,50,1476.1,148,,,,,,,,,0,,18,1686.4,18,,,
32465,2026-07-30 10:41:04.809952+00,64577.55,-3243139.8465480953,803287.406,12003472703.2936,0.00009354600000000002,68748995.20213999,0.0,16.9,BEKLE,true,0.0,0.0,1.3992,3805.425,67846806.05082,3926.105,0.0,16.9,"[{""usdt"": 19947273.0, ""borsa"": 1, ""fiyat"": 64500.0, ""kaynak"": ""BNB""}, {""usdt"": 18615721.0, ""borsa"": 3, ""fiyat"": 64550.0, ""kaynak"": ""BNB+BYB+OKX""}, {""usdt"": 13135498.0, ""borsa"": 1, ""fiyat"": 64525.0, ""kaynak"": ""BNB""}]","[{""usdt"": 20455472.0, ""borsa"": 3, ""fiyat"": 64600.0, ""kaynak"": ""BNB+BYB+OKX""}, {""usdt"": 13178173.0, ""borsa"": 1, ""fiyat"": 64675.0, ""kaynak"": ""BNB""}, {""usdt"": 11736934.0, ""borsa"": 3, ""fiyat"": 64575.0, ""kaynak"": ""BNB+BYB+OKX""}]",YOK,0.0225,0.0066,0.7499,2.587,false,,true,0.0288,2,0,3,0,0,3,3.1,4.2,IZLE,,25,64609.9,,,,,SEVIYE,50,1477.1,148,,,,,,,,,0,,18,1687.4,18,,,
32466,2026-07-30 10:42:05.149692+00,64567.45,-2943069.0102342954,-375.0139999999992,12007741251.460499,0.00009354600000000002,69631649.83103998,8782.2272,50.0,BEKLE,false,0.0,8782.2272,1.3992,3865.717,68894803.19101998,3986.397,50.0,0.0,"[{""usdt"": 20600182.0, ""borsa"": 1, ""fiyat"": 64500.0, ""kaynak"": ""BNB""}, {""usdt"": 18948334.0, ""borsa"": 3, ""fiyat"": 64550.0, ""kaynak"": ""BNB+BYB+OKX""}, {""usdt"": 12708788.0, ""borsa"": 1, ""fiyat"": 64525.0, ""kaynak"": ""BNB""}]","[{""usdt"": 21008126.0, ""borsa"": 3, ""fiyat"": 64600.0, ""kaynak"": ""BNB+BYB+OKX""}, {""usdt"": 16424292.0, ""borsa"": 3, ""fiyat"": 64575.0, ""kaynak"": ""BNB+BYB+OKX""}, {""usdt"": 13041491.0, ""borsa"": 1, ""fiyat"": 64650.0, ""kaynak"": ""BNB""}]",YOK,0.0225,0.0053,0.2524,0.8818,false,,true,0,2,0,3,0,0,3,63.4,61.9,IZLE,,25,64609.9,,,,,SEVIYE,50,1478.1,148,,,,,,,1785408000,1,0,,18,1688.4,18,,,
32467,2026-07-30 10:43:05.403235+00,64568.05,-3363262.276715594,-409.4289999999992,12006736804.759,0.00009354600000000002,67955419.67177998,8782.2272,53.0,BEKLE,false,0.0,8782.2272,1.3923,3926.037,72436942.71653998,4046.717,53.0,0.0,"[{""usdt"": 20600182.0, ""borsa"": 1, ""fiyat"": 64500.0, ""kaynak"": ""BNB""}, {""usdt"": 20301600.0, ""borsa"": 3, ""fiyat"": 64550.0, ""kaynak"": ""BNB+BYB+OKX""}, {""usdt"": 13438901.0, ""borsa"": 3, ""fiyat"": 64525.0, ""kaynak"": ""BNB+BYB+OKX""}]","[{""usdt"": 23919201.0, ""borsa"": 3, ""fiyat"": 64575.0, ""kaynak"": ""BNB+BYB+OKX""}, {""usdt"": 15104928.0, ""borsa"": 2, ""fiyat"": 64600.0, ""kaynak"": ""BNB+BYB""}, {""usdt"": 13041491.0, ""borsa"": 1, ""fiyat"": 64650.0, ""kaynak"": ""BNB""}]",YOK,0.0032,-0.0319,0.065,1.6096,false,,true,0,2,0,3,0,2,3,59.4,60.9,IZLE,,25,64609.9,,,,,SEVIYE,50,1479.1,148,,,,,,,1785408000,1,1,,18,1689.4,18,,,
32468,2026-07-30 10:44:05.682516+00,64604.45,-3184744.531887793,-399.2499999999991,12008319278.7504,0.00009354600000000002,68946808.79583997,8782.2272,70.6,BEKLE,false,0.0,8782.2272,1.3923,3986.298,63445888.868269995,4106.978,70.6,0.0,"[{""usdt"": 20794443.0, ""borsa"": 1, ""fiyat"": 64500.0, ""kaynak"": ""BNB""}, {""usdt"": 20365001.0, ""borsa"": 3, ""fiyat"": 64550.0, ""kaynak"": ""BNB+BYB+OKX""}, {""usdt"": 12313947.0, ""borsa"": 1, ""fiyat"": 64525.0, ""kaynak"": ""BNB""}]","[{""usdt"": 19164020.0, ""borsa"": 3, ""fiyat"": 64600.0, ""kaynak"": ""BNB+BYB+OKX""}, {""usdt"": 13413454.0, ""borsa"": 1, ""fiyat"": 64650.0, ""kaynak"": ""BNB""}, {""usdt"": 13303250.0, ""borsa"": 3, ""fiyat"": 64575.0, ""kaynak"": ""BNB+BYB+OKX""}]",YOK,0.0131,0.0416,0.0229,3.17,false,,true,0,2,0,3,0,1,3,55.8,56.9,IZLE,,25,64609.9,,,,,SEVIYE,50,1480.1,148,,,,,,,1785408000,1,2,,18,1690.4,18,,,
32469,2026-07-30 10:45:06.070392+00,64591.45,-2648380.093155593,-2485.332999999999,12016312812.882801,0.00009354600000000002,71574992.10548995,9105.249699999998,57.9,BEKLE,false,0.0,9105.249699999998,1.3923,4046.603,83772024.36720008,4167.283,57.9,0.0,"[{""usdt"": 20764880.0, ""borsa"": 1, ""fiyat"": 64500.0, ""kaynak"": ""BNB""}, {""usdt"": 17038700.0, ""borsa"": 3, ""fiyat"": 64575.0, ""kaynak"": ""BNB+BYB+OKX""}, {""usdt"": 12138463.0, ""borsa"": 1, ""fiyat"": 64525.0, ""kaynak"": ""BNB""}]","[{""usdt"": 22790550.0, ""borsa"": 3, ""fiyat"": 64625.0, ""kaynak"": ""BNB+BYB+OKX""}, {""usdt"": 19787085.0, ""borsa"": 1, ""fiyat"": 64700.0, ""kaynak"": ""BNB""}, {""usdt"": 12849208.0, ""borsa"": 3, ""fiyat"": 64600.0, ""kaynak"": ""BNB+BYB+OKX""}]",YOK,0.0623,-0.0785,0.2595,1.2927,false,,true,0,2,0,3,0,1,3,52.2,53.3,IZLE,,25,64609.9,,,,,SEVIYE,50,1481.1,148,,,,,,,1785408180,1,0,,18,1691.4,18,,,
32470,2026-07-30 10:46:06.317705+00,64595.75,-1558871.775768596,1162827.4510000001,12014657403.0384,0.00009354600000000002,77400688.76610002,3681.7753,32.7,BEKLE,true,0.0,3681.7753,1.3923,4106.972,77936802.68368004,4227.652,0.0,32.7,"[{""usdt"": 20669976.0, ""borsa"": 1, ""fiyat"": 64500.0, ""kaynak"": ""BNB""}, {""usdt"": 20577709.0, ""borsa"": 3, ""fiyat"": 64575.0, ""kaynak"": ""BNB+BYB+OKX""}, {""usdt"": 13675760.0, ""borsa"": 1, ""fiyat"": 64525.0, ""kaynak"": ""BNB""}]","[{""usdt"": 22736934.0, ""borsa"": 3, ""fiyat"": 64600.0, ""kaynak"": ""BNB+BYB+OKX""}, {""usdt"": 19409315.0, ""borsa"": 1, ""fiyat"": 64700.0, ""kaynak"": ""BNB""}, {""usdt"": 17492724.0, ""borsa"": 3, ""fiyat"": 64625.0, ""kaynak"": ""BNB+BYB+OKX""}]",YOK,0.1042,-0.0035,0.6771,0.6301,false,,true,0.3999,2,0,3,0,0,3,48.1,49.2,IZLE,,25,64609.9,,,,,SEVIYE,50,1482.1,149,,,,,,,1785408240,1,0,,19,1692.4,19,,,
32471,2026-07-30 10:47:06.826883+00,64589.25,-1719241.274336596,1110283.654,12012668013.9002,0.00009354600000000002,76617981.57809997,3810.9671,61.7,BEKLE,true,0.0,3810.9671,1.3923,4167.412,71731707.60850999,4288.092,0.0,61.7,"[{""usdt"": 22297449.0, ""borsa"": 3, ""fiyat"": 64575.0, ""kaynak"": ""BNB+BYB+OKX""}, {""usdt"": 19966887.0, ""borsa"": 1, ""fiyat"": 64500.0, ""kaynak"": ""BNB""}, {""usdt"": 13233082.0, ""borsa"": 1, ""fiyat"": 64525.0, ""kaynak"": ""BNB""}]","[{""usdt"": 27739990.0, ""borsa"": 3, ""fiyat"": 64600.0, ""kaynak"": ""BNB+BYB+OKX""}, {""usdt"": 14605834.0, ""borsa"": 1, ""fiyat"": 64700.0, ""kaynak"": ""BNB""}, {""usdt"": 9809742.0, ""borsa"": 1, ""fiyat"": 64675.0, ""kaynak"": ""BNB""}]",YOK,0.0387,0.0329,0.3303,0.5068,false,,true,0.2698,2,0,3,0,0,3,44.7,45.7,IZLE,,25,64609.9,,,,,SEVIYE,50,1483.1,149,,,,,,,1785408300,1,0,,19,1693.4,19,,,
32472,2026-07-30 10:48:07.15702+00,64589.25,-1733805.213784396,1350526.847,12014964937.671398,0.00009354600000000002,72158353.69504996,3810.9671,69.2,BEKLE,,0.0,3810.9671,1.3923,4227.737,77012966.78329,4348.417,0.0,69.2,"[{""usdt"": 20475750.0, ""borsa"": 3, ""fiyat"": 64575.0, ""kaynak"": ""BNB+BYB+OKX""}, {""usdt"": 20411694.0, ""borsa"": 1, ""fiyat"": 64500.0, ""kaynak"": ""BNB""}, {""usdt"": 13882360.0, ""borsa"": 1, ""fiyat"": 64525.0, ""kaynak"": ""BNB""}]","[{""usdt"": 30223487.0, ""borsa"": 3, ""fiyat"": 64600.0, ""kaynak"": ""BNB+BYB+OKX""}, {""usdt"": 16188676.0, ""borsa"": 1, ""fiyat"": 64700.0, ""kaynak"": ""BNB""}, {""usdt"": 12634896.0, ""borsa"": 2, ""fiyat"": 64625.0, ""kaynak"": ""BNB+BYB""}]",YOK,0.076,-0.0325,0.3506,0.3929,false,,true,0.0948,2,0,3,0,2,3,41.1,42.2,IZLE,,25,64609.9,,,,,SEVIYE,50,1484.1,149,,,,,,,1785408300,1,1,,19,1694.4,19,,,
32473,2026-07-30 10:49:07.449294+00,64591.05,-1734030.3880096967,1322066.7580000001,12015076818.0122,0.00009354600000000002,76511397.77435993,3487.9446,88.6,BEKLE,true,0.0,3487.9446,1.3901,4288.05,75573365.4876,4408.73,0.0,88.6,"[{""usdt"": 21450084.0, ""borsa"": 3, ""fiyat"": 64575.0, ""kaynak"": ""BNB+BYB+OKX""}, {""usdt"": 20515466.0, ""borsa"": 1, ""fiyat"": 64500.0, ""kaynak"": ""BNB""}, {""usdt"": 13877121.0, ""borsa"": 1, ""fiyat"": 64525.0, ""kaynak"": ""BNB""}]","[{""usdt"": 27337625.0, ""borsa"": 3, ""fiyat"": 64600.0, ""kaynak"": ""BNB+BYB+OKX""}, {""usdt"": 17458076.0, ""borsa"": 1, ""fiyat"": 64700.0, ""kaynak"": ""BNB""}, {""usdt"": 11921203.0, ""borsa"": 2, ""fiyat"": 64625.0, ""kaynak"": ""BNB+BYB""}]",YOK,0.0804,0.0062,0.3293,0.2619,false,,true,0.0761,2,0,3,0,1,3,37.6,38.7,IZLE,,25,64609.9,,,,,SEVIYE,50,1485.1,149,,,,,,,1785408300,1,0,,19,1695.4,19,,,
32474,2026-07-30 10:50:07.773091+00,64579.75,-1969809.801374297,1027033.3899999999,12013997847.2348,0.00009354600000000002,75284502.54358996,129.1918,53.7,BEKLE,true,0.0,129.1918,1.3901,4348.35,66017574.98661996,4469.03,0.0,53.7,"[{""usdt"": 21294479.0, ""borsa"": 3, ""fiyat"": 64550.0, ""kaynak"": ""BNB+BYB+OKX""}, {""usdt"": 20353846.0, ""borsa"": 1, ""fiyat"": 64500.0, ""kaynak"": ""BNB""}, {""usdt"": 15430359.0, ""borsa"": 1, ""fiyat"": 64525.0, ""kaynak"": ""BNB""}]","[{""usdt"": 18439096.0, ""borsa"": 3, ""fiyat"": 64600.0, ""kaynak"": ""BNB+BYB+OKX""}, {""usdt"": 16293297.0, ""borsa"": 3, ""fiyat"": 64575.0, ""kaynak"": ""BNB+BYB+OKX""}, {""usdt"": 11843416.0, ""borsa"": 1, ""fiyat"": 64650.0, ""kaynak"": ""BNB""}]",YOK,0.0562,0.0656,0.2278,0.3382,false,,true,0.1829,2,0,3,0,0,3,34,35.1,IZLE,,25,64609.9,,,,,SEVIYE,50,1486.1,149,,,,,,,1785408300,1,0,,19,1696.4,19,,,
32475,2026-07-30 10:51:08.152449+00,64564.95,-750535.2942490976,1046443.2409999999,12013601485.8688,0.00009354600000000002,73984893.01635996,0.0,14.6,BEKLE,false,0.0,0.0,1.3872,4408.65,62740308.91434994,4529.33,14.6,0.0,"[{""usdt"": 21663578.0, ""borsa"": 3, ""fiyat"": 64550.0, ""kaynak"": ""BNB+BYB+OKX""}, {""usdt"": 21193162.0, ""borsa"": 1, ""fiyat"": 64500.0, ""kaynak"": ""BNB""}, {""usdt"": 12100706.0, ""borsa"": 1, ""fiyat"": 64525.0, ""kaynak"": ""BNB""}]","[{""usdt"": 20974712.0, ""borsa"": 3, ""fiyat"": 64600.0, ""kaynak"": ""BNB+BYB+OKX""}, {""usdt"": 13711463.0, ""borsa"": 1, ""fiyat"": 64650.0, ""kaynak"": ""BNB""}, {""usdt"": 10908593.0, ""borsa"": 3, ""fiyat"": 64575.0, ""kaynak"": ""BNB+BYB+OKX""}]",YOK,0.0723,0.0822,0.7566,2.4821,false,,false,0.8841,1,0,3,0,0,3,30.4,31.4,IZLE,,25,64609.9,,,,,SEVIYE,50,1487.2,149,,,,,,,,,0,,19,1697.4,19,,,
32476,2026-07-30 10:52:08.613897+00,64559.95,-1192865.6245225978,1004961.2079999999,12015917807.6708,0.00009354600000000002,66340112.10361995,0.0,13.8,BEKLE,false,0.0,0.0,1.3872,4469.116,61096420.153270006,4589.796,13.8,0.0,"[{""usdt"": 20028235.0, ""borsa"": 1, ""fiyat"": 64500.0, ""kaynak"": ""BNB""}, {""usdt"": 19429543.0, ""borsa"": 3, ""fiyat"": 64525.0, ""kaynak"": ""BNB+BYB+OKX""}, {""usdt"": 11271433.0, ""borsa"": 3, ""fiyat"": 64550.0, ""kaynak"": ""BNB+BYB+OKX""}]","[{""usdt"": 18694141.0, ""borsa"": 3, ""fiyat"": 64575.0, ""kaynak"": ""BNB+BYB+OKX""}, {""usdt"": 12628576.0, ""borsa"": 1, ""fiyat"": 64650.0, ""kaynak"": ""BNB""}, {""usdt"": 9770217.0, ""borsa"": 3, ""fiyat"": 64550.0, ""kaynak"": ""BNB+BYB+OKX""}]",YOK,0.0305,0.0411,,,false,,false,0.6766,1,0,3,0,1,3,27,28.1,IZLE,,25,64609.9,,,,,SEVIYE,50,1488.2,149,,,,,,,,,0,,19,1698.4,19,,,
32477,2026-07-30 10:53:09.013993+00,64562.149999999994,-1434771.486891898,973020.9089999999,12016224128.616299,0.00009354600000000002,71743356.89991996,0.0,31.7,BEKLE,false,0.0,0.0,1.3872,4529.608,60953048.38787999,4650.288,31.7,0.0,"[{""usdt"": 20226869.0, ""borsa"": 1, ""fiyat"": 64500.0, ""kaynak"": ""BNB""}, {""usdt"": 17892750.0, ""borsa"": 3, ""fiyat"": 64550.0, ""kaynak"": ""BNB+BYB+OKX""}, {""usdt"": 17368358.0, ""borsa"": 3, ""fiyat"": 64525.0, ""kaynak"": ""BNB+BYB+OKX""}]","[{""usdt"": 23720698.0, ""borsa"": 3, ""fiyat"": 64575.0, ""kaynak"": ""BNB+BYB+OKX""}, {""usdt"": 12919060.0, ""borsa"": 1, ""fiyat"": 64650.0, ""kaynak"": ""BNB""}, {""usdt"": 9213278.0, ""borsa"": 1, ""fiyat"": 64600.0, ""kaynak"": ""BNB""}]",YOK,0.0681,0.0813,0.2618,2.0426,false,,true,0.4705,1,0,3,0,0,3,23.6,24.7,IZLE,,25,64609.9,,,,,SEVIYE,50,1489.2,149,,,,,,,,,0,,19,1699.4,19,,,
32478,2026-07-30 10:54:09.377811+00,64562.149999999994,-1372430.789645798,967137.1849999998,12016620307.384201,0.00009354600000000002,69601313.61337002,6456.0,29.0,BEKLE,true,0.0,6456.0,1.3872,4590.003,61508606.141589954,4710.683,29.0,0.0,"[{""usdt"": 20149337.0, ""borsa"": 1, ""fiyat"": 64500.0, ""kaynak"": ""BNB""}, {""usdt"": 17372853.0, ""borsa"": 3, ""fiyat"": 64525.0, ""kaynak"": ""BNB+BYB+OKX""}, {""usdt"": 15974935.0, ""borsa"": 3, ""fiyat"": 64550.0, ""kaynak"": ""BNB+BYB+OKX""}]","[{""usdt"": 22424631.0, ""borsa"": 3, ""fiyat"": 64575.0, ""kaynak"": ""BNB+BYB+OKX""}, {""usdt"": 13157922.0, ""borsa"": 1, ""fiyat"": 64650.0, ""kaynak"": ""BNB""}, {""usdt"": 10416653.0, ""borsa"": 1, ""fiyat"": 64600.0, ""kaynak"": ""BNB""}]",YOK,0.0574,0.0617,0.3132,2.1553,false,,true,0.3637,2,0,3,0,1,3,20.1,21.2,IZLE,,25,64609.9,,,,,SEVIYE,50,1490.2,149,,,,,,,1785408720,1,0,,19,1700.4,19,,,
32479,2026-07-30 10:55:09.725764+00,64545.55,-1639737.1831182973,829539.695,12014240535.060799,0.00009354600000000002,73853373.28404993,6585.1242,19.0,BEKLE,true,0.0,6585.1242,1.3872,4650.313,65622808.70585003,4770.993,19.0,0.0,"[{""usdt"": 29735640.0, ""borsa"": 3, ""fiyat"": 64525.0, ""kaynak"": ""BNB+BYB+OKX""}, {""usdt"": 19282543.0, ""borsa"": 1, ""fiyat"": 64500.0, ""kaynak"": ""BNB""}, {""usdt"": 8582698.0, ""borsa"": 1, ""fiyat"": 64450.0, ""kaynak"": ""BNB""}]","[{""usdt"": 17241330.0, ""borsa"": 3, ""fiyat"": 64575.0, ""kaynak"": ""BNB+BYB+OKX""}, {""usdt"": 15617523.0, ""borsa"": 3, ""fiyat"": 64550.0, ""kaynak"": ""BNB+BYB+OKX""}, {""usdt"": 13590032.0, ""borsa"": 1, ""fiyat"": 64650.0, ""kaynak"": ""BNB""}]",YOK,0.0031,0.059,,,true,0,true,0.488,1,0,3,1,0,3,16.6,17.7,IZLE,,25,64609.9,,,,,SEVIYE,50,1491.2,149,,,,,,,1785408780,1,0,,19,1701.5,19,,,
32480,2026-07-30 10:56:10.097779+00,64549.45,-1235581.2035898,-254562.38499999998,12014033335.686,0.00009354600000000002,76982307.58293994,7359.6702000000005,90.2,BEKLE,true,0.0,7359.6702000000005,1.3872,4710.667,60176168.48462007,4831.347,90.2,0.0,"[{""usdt"": 24949745.0, ""borsa"": 3, ""fiyat"": 64525.0, ""kaynak"": ""BNB+BYB+OKX""}, {""usdt"": 20872519.0, ""borsa"": 1, ""fiyat"": 64500.0, ""kaynak"": ""BNB""}, {""usdt"": 10865469.0, ""borsa"": 3, ""fiyat"": 64550.0, ""kaynak"": ""BNB+BYB+OKX""}]","[{""usdt"": 21766265.0, ""borsa"": 3, ""fiyat"": 64575.0, ""kaynak"": ""BNB+BYB+OKX""}, {""usdt"": 11623281.0, ""borsa"": 1, ""fiyat"": 64650.0, ""kaynak"": ""BNB""}, {""usdt"": 8600859.0, ""borsa"": 1, ""fiyat"": 64600.0, ""kaynak"": ""BNB""}]",YOK,0.0468,0.1225,0.1466,0.3866,false,,true,0.3132,1,0,3,1,0,3,13.1,14.2,IZLE,,25,64609.9,,,,,SEVIYE,50,1492.2,150,,,,,,,1785408840,1,0,,19,1702.5,19,,,
32481,2026-07-30 10:57:10.456691+00,64559.95,-969283.3935717997,-250156.79699999996,12015998434.6884,0.00009354600000000002,76792115.65499997,7359.6702000000005,65.5,BEKLE,true,0.0,7359.6702000000005,1.3827,4771.067,67935656.33901004,4891.747,65.5,0.0,"[{""usdt"": 20456044.0, ""borsa"": 1, ""fiyat"": 64500.0, ""kaynak"": ""BNB""}, {""usdt"": 20242161.0, ""borsa"": 3, ""fiyat"": 64525.0, ""kaynak"": ""BNB+BYB+OKX""}, {""usdt"": 19949199.0, ""borsa"": 3, ""fiyat"": 64550.0, ""kaynak"": ""BNB+BYB+OKX""}]","[{""usdt"": 26683636.0, ""borsa"": 3, ""fiyat"": 64575.0, ""kaynak"": ""BNB+BYB+OKX""}, {""usdt"": 13695882.0, ""borsa"": 1, ""fiyat"": 64650.0, ""kaynak"": ""BNB""}, {""usdt"": 9708071.0, ""borsa"": 1, ""fiyat"": 64600.0, ""kaynak"": ""BNB""}]",YOK,0.0434,0.0612,0.0759,0,false,,true,0.4252,0,0,3,0,0,3,9.7,10.8,IZLE,,25,64609.9,,,,,SEVIYE,50,1493.2,150,,,,,,,1785408840,1,1,,19,1703.5,19,,,
32482,2026-07-30 10:58:10.731084+00,64558.95,-760215.666005399,157732.42400000003,12016774248.085999,0.00009354600000000002,72559437.79395999,903.6702,49.7,BEKLE,true,0.0,903.6702,1.3827,4831.368,63851245.19790003,4952.048,49.7,0.0,"[{""usdt"": 20682212.0, ""borsa"": 1, ""fiyat"": 64500.0, ""kaynak"": ""BNB""}, {""usdt"": 19698927.0, ""borsa"": 3, ""fiyat"": 64525.0, ""kaynak"": ""BNB+BYB+OKX""}, {""usdt"": 15606434.0, ""borsa"": 3, ""fiyat"": 64550.0, ""kaynak"": ""BNB+BYB+OKX""}]","[{""usdt"": 23625302.0, ""borsa"": 3, ""fiyat"": 64575.0, ""kaynak"": ""BNB+BYB+OKX""}, {""usdt"": 11360769.0, ""borsa"": 1, ""fiyat"": 64650.0, ""kaynak"": ""BNB""}, {""usdt"": 9332422.0, ""borsa"": 1, ""fiyat"": 64600.0, ""kaynak"": ""BNB""}]",YOK,0.0057,0.0638,0.2761,0.1081,false,,true,0.4857,0,0,3,0,0,3,6.1,7.2,IZLE,,25,64609.9,,,,,SEVIYE,50,1494.2,150,,,,,,,1785408840,1,0,,19,1704.5,19,,,
32483,2026-07-30 10:59:11.073673+00,64558.95,-789183.6618652001,424822.218,12017461402.5822,0.00009354600000000002,74287095.23878999,774.546,36.4,BEKLE,true,0.0,774.546,1.3827,4891.599,64723339.02084002,5012.279,36.4,0.0,"[{""usdt"": 20606198.0, ""borsa"": 1, ""fiyat"": 64500.0, ""kaynak"": ""BNB""}, {""usdt"": 20388333.0, ""borsa"": 3, ""fiyat"": 64525.0, ""kaynak"": ""BNB+BYB+OKX""}, {""usdt"": 15822231.0, ""borsa"": 3, ""fiyat"": 64550.0, ""kaynak"": ""BNB+BYB+OKX""}]","[{""usdt"": 26729243.0, ""borsa"": 3, ""fiyat"": 64575.0, ""kaynak"": ""BNB+BYB+OKX""}, {""usdt"": 10335207.0, ""borsa"": 1, ""fiyat"": 64650.0, ""kaynak"": ""BNB""}, {""usdt"": 9926549.0, ""borsa"": 1, ""fiyat"": 64600.0, ""kaynak"": ""BNB""}]",YOK,0.0111,0.0688,0.3314,0.15,false,,true,0.36,0,0,3,0,0,3,2.5,3.6,IZLE,,25,64609.9,,,,,SEVIYE,50,1495.2,150,,,,,,,1785408840,1,0,,19,1705.5,19,,,
32484,2026-07-30 11:00:11.485682+00,64551.95,-1017709.6940643998,402499.58,12017338800.646,0.00009354600000000002,74089504.67379004,0.0,34.6,BEKLE,true,0.0,0.0,1.3827,4952.056,61143190.00073996,5072.736,34.6,0.0,"[{""usdt"": 21035551.0, ""borsa"": 3, ""fiyat"": 64525.0, ""kaynak"": ""BNB+BYB+OKX""}, {""usdt"": 20751835.0, ""borsa"": 1, ""fiyat"": 64500.0, ""kaynak"": ""BNB""}, {""usdt"": 14705207.0, ""borsa"": 3, ""fiyat"": 64550.0, ""kaynak"": ""BNB+BYB+OKX""}]","[{""usdt"": 25312358.0, ""borsa"": 3, ""fiyat"": 64575.0, ""kaynak"": ""BNB+BYB+OKX""}, {""usdt"": 11864732.0, ""borsa"": 1, ""fiyat"": 64650.0, ""kaynak"": ""BNB""}, {""usdt"": 8903647.0, ""borsa"": 1, ""fiyat"": 64600.0, ""kaynak"": ""BNB""}]",YOK,0.0111,0.0957,0.4017,0.3411,false,,true,0.1066,0,0,3,0,0,3,63,61.5,IZLE,,25,64609.9,,,,,SEVIYE,50,1496.2,150,,,,,,,,,0,,19,1706.5,19,,,
32485,2026-07-30 11:01:11.889829+00,64535.75,-2539871.886104798,464422.42,12015466720.8456,0.00009354600000000002,72172928.24877003,64.5385,51.4,BEKLE,false,64.5385,0.0,1.3827,5012.478,58931359.93287996,5133.158,0.0,51.4,"[{""usdt"": 23698108.0, ""borsa"": 3, ""fiyat"": 64525.0, ""kaynak"": ""BNB+BYB+OKX""}, {""usdt"": 20751835.0, ""borsa"": 1, ""fiyat"": 64500.0, ""kaynak"": ""BNB""}, {""usdt"": 10126073.0, ""borsa"": 3, ""fiyat"": 64550.0, ""kaynak"": ""BNB+BYB+OKX""}]","[{""usdt"": 18598087.0, ""borsa"": 3, ""fiyat"": 64575.0, ""kaynak"": ""BNB+BYB+OKX""}, {""usdt"": 11864732.0, ""borsa"": 1, ""fiyat"": 64650.0, ""kaynak"": ""BNB""}, {""usdt"": 9336205.0, ""borsa"": 3, ""fiyat"": 64550.0, ""kaynak"": ""BNB+BYB+OKX""}]",YOK,0.0145,0.101,0.4554,0.3947,false,,true,0,0,0,3,0,0,3,59.5,60.6,IZLE,,25,64609.9,,,,,SEVIYE,50,1497.2,150,,,,,,,1785409200,1,0,,19,1707.5,19,,,
32486,2026-07-30 11:02:12.432136+00,64521.850000000006,-2975123.994321598,-2609376.035,12012967397.2779,0.00009354600000000002,74729295.17762998,64.5382,100.0,BEKLE,true,64.5382,0.0,1.3827,5073.024,69885637.37615997,5193.704,100.0,0.0,"[{""usdt"": 27715100.0, ""borsa"": 3, ""fiyat"": 64500.0, ""kaynak"": ""BNB+BYB+OKX""}, {""usdt"": 22247186.0, ""borsa"": 3, ""fiyat"": 64525.0, ""kaynak"": ""BNB+BYB+OKX""}, {""usdt"": 9415175.0, ""borsa"": 1, ""fiyat"": 64450.0, ""kaynak"": ""BNB""}]","[{""usdt"": 28838538.0, ""borsa"": 3, ""fiyat"": 64550.0, ""kaynak"": ""BNB+BYB+OKX""}, {""usdt"": 11791177.0, ""borsa"": 1, ""fiyat"": 64600.0, ""kaynak"": ""BNB""}, {""usdt"": 8751900.0, ""borsa"": 1, ""fiyat"": 64625.0, ""kaynak"": ""BNB""}]",YOK,0.0045,0.0335,0.2816,0.4413,false,,true,0,1,0,3,1,1,3,56.3,57.3,IZLE,,25,64458.6,,,,,SEVIYE,60,1708.5,171,,,,,,,1785409200,1,0,,19,1708.5,19,LONG,surec,100.0
32487,2026-07-30 11:03:12.77881+00,64518.850000000006,-2920767.3821819993,-2545400.7520000003,12014550549.143501,0.00009354600000000002,65815524.75488004,3226.3073,99.2,BEKLE,,64.5382,3161.7691,1.3827,5133.382,71926191.78512,785.032,99.2,0.0,"[{""usdt"": 31806337.0, ""borsa"": 3, ""fiyat"": 64500.0, ""kaynak"": ""BNB+BYB+OKX""}, {""usdt"": 8688099.0, ""borsa"": 1, ""fiyat"": 64475.0, ""kaynak"": ""BNB""}, {""usdt"": 7703556.0, ""borsa"": 1, ""fiyat"": 64425.0, ""kaynak"": ""BNB""}]","[{""usdt"": 23151594.0, ""borsa"": 3, ""fiyat"": 64550.0, ""kaynak"": ""BNB+BYB+OKX""}, {""usdt"": 15106436.0, ""borsa"": 3, ""fiyat"": 64525.0, ""kaynak"": ""BNB+BYB+OKX""}, {""usdt"": 11639622.0, ""borsa"": 1, ""fiyat"": 64600.0, ""kaynak"": ""BNB""}]",YOK,0.0412,-0.0444,0.2692,0.4123,false,,true,0,1,0,3,0,1,3,52.7,53.8,IZLE,,25,64458.6,,,,,SEVIYE,60,1709.5,171,,,,,,,1785409320,1,0,,19,1709.5,19,,,
32488,2026-07-30 11:04:13.077647+00,64532.95,-3033725.5173293985,-2566655.903,12014041730.314098,0.00009354600000000002,66885495.63510003,3225.9594,100.0,BEKLE,true,64.5382,3161.4212,1.3787,5193.722,66649298.42313999,845.372,100.0,0.0,"[{""usdt"": 34214075.0, ""borsa"": 3, ""fiyat"": 64500.0, ""kaynak"": ""BNB+BYB+OKX""}, {""usdt"": 8547325.0, ""borsa"": 1, ""fiyat"": 64475.0, ""kaynak"": ""BNB""}, {""usdt"": 7988360.0, ""borsa"": 1, ""fiyat"": 64425.0, ""kaynak"": ""BNB""}]","[{""usdt"": 20577584.0, ""borsa"": 3, ""fiyat"": 64525.0, ""kaynak"": ""BNB+BYB+OKX""}, {""usdt"": 15365013.0, ""borsa"": 3, ""fiyat"": 64550.0, ""kaynak"": ""BNB+BYB+OKX""}, {""usdt"": 11076752.0, ""borsa"": 1, ""fiyat"": 64575.0, ""kaynak"": ""BNB""}]",YOK,0.0112,0.0018,0.257,0.2456,false,,true,0,1,0,3,0,1,3,49.2,50.3,IZLE,,25,64458.6,,,,,SEVIYE,60,1710.5,171,,,,,,,1785409320,1,0,,19,1710.5,19,,,
32489,2026-07-30 11:05:13.572491+00,64544.45,-778923.0346746987,-2770979.6700000004,12018742918.6733,0.00009354600000000002,69321820.54770002,3225.9594,82.2,BEKLE,true,64.5382,3161.4212,1.3787,5253.972,72282599.36403999,905.622,82.2,0.0,"[{""usdt"": 25863508.0, ""borsa"": 3, ""fiyat"": 64500.0, ""kaynak"": ""BNB+BYB+OKX""}, {""usdt"": 20625436.0, ""borsa"": 3, ""fiyat"": 64525.0, ""kaynak"": ""BNB+BYB+OKX""}, {""usdt"": 7355672.0, ""borsa"": 1, ""fiyat"": 64450.0, ""kaynak"": ""BNB""}]","[{""usdt"": 29072578.0, ""borsa"": 3, ""fiyat"": 64550.0, ""kaynak"": ""BNB+BYB+OKX""}, {""usdt"": 13639550.0, ""borsa"": 1, ""fiyat"": 64600.0, ""kaynak"": ""BNB""}, {""usdt"": 11757726.0, ""borsa"": 1, ""fiyat"": 64650.0, ""kaynak"": ""BNB""}]",YOK,0.0502,-0.0209,0.0335,0.0869,false,,true,0,0,0,3,0,0,3,45.6,46.7,IZLE,,25,64609.9,,,,,SEVIYE,50,1501.4,150,,,,,,,1785409320,1,1,,19,1711.6,19,,,
32490,2026-07-30 11:06:21.074324+00,64540.850000000006,-938840.2621539988,-2393263.1020000004,12017688934.953,0.00009354600000000002,67358888.85995002,3161.4212,75.7,BEKLE,true,0.0,3161.4212,1.3787,5321.704,70519288.89894,973.354,75.7,0.0,"[{""usdt"": 22358944.0, ""borsa"": 3, ""fiyat"": 64525.0, ""kaynak"": ""BNB+BYB+OKX""}, {""usdt"": 20475687.0, ""borsa"": 1, ""fiyat"": 64500.0, ""kaynak"": ""BNB""}, {""usdt"": 8783651.0, ""borsa"": 1, ""fiyat"": 64450.0, ""kaynak"": ""BNB""}]","[{""usdt"": 23792024.0, ""borsa"": 3, ""fiyat"": 64550.0, ""kaynak"": ""BNB+BYB+OKX""}, {""usdt"": 15751763.0, ""borsa"": 3, ""fiyat"": 64575.0, ""kaynak"": ""BNB+BYB+OKX""}, {""usdt"": 11762804.0, ""borsa"": 1, ""fiyat"": 64625.0, ""kaynak"": ""BNB""}]",YOK,-0.0539,-0.0229,0.2121,0.0546,false,2.6541,true,0.1087,0,1,3,0,1,3,49.5,50.5,IZLE,,25,64485,,,,,SEVIYE,60,1712.6,172,,,,,,,1785409320,1,0,,18,1712.6,18,,,
32491,2026-07-30 11:07:21.359129+00,64549.850000000006,-1025288.6345160991,-2368646.9850000003,12019253463.4111,0.00009354600000000002,64861439.69415001,3161.4212,20.2,BEKLE,false,0.0,3161.4212,1.3691,5381.969,68097089.02682997,1033.619,0.0,20.2,"[{""usdt"": 23035069.0, ""borsa"": 3, ""fiyat"": 64500.0, ""kaynak"": ""BNB+BYB+OKX""}, {""usdt"": 19533254.0, ""borsa"": 3, ""fiyat"": 64525.0, ""kaynak"": ""BNB+BYB+OKX""}, {""usdt"": 9155878.0, ""borsa"": 1, ""fiyat"": 64450.0, ""kaynak"": ""BNB""}]","[{""usdt"": 25699690.0, ""borsa"": 3, ""fiyat"": 64550.0, ""kaynak"": ""BNB+BYB+OKX""}, {""usdt"": 11530874.0, ""borsa"": 2, ""fiyat"": 64575.0, ""kaynak"": ""BNB+BYB""}, {""usdt"": 11242443.0, ""borsa"": 1, ""fiyat"": 64650.0, ""kaynak"": ""BNB""}]",YOK,-0.0756,-0.0243,0.7956,0.9239,false,1.6528,true,0.2283,0,0,3,0,1,3,45.9,47,IZLE,,25,64609.9,,,,,SEVIYE,70,1503.4,151,,,,,,,1785409320,1,1,,18,1713.6,18,,,
32492,2026-07-30 11:08:21.629968+00,64561.649999999994,-814070.8079962985,-2165834.0820000004,12021795473.3622,0.00009354600000000002,71558338.72977999,0.0,26.5,BEKLE,true,0.0,0.0,1.3691,5442.249,65062985.463810004,1093.899,0.0,26.5,"[{""usdt"": 19702188.0, ""borsa"": 1, ""fiyat"": 64500.0, ""kaynak"": ""BNB""}, {""usdt"": 17046029.0, ""borsa"": 3, ""fiyat"": 64525.0, ""kaynak"": ""BNB+BYB+OKX""}, {""usdt"": 14715511.0, ""borsa"": 3, ""fiyat"": 64550.0, ""kaynak"": ""BNB+BYB+OKX""}]","[{""usdt"": 24237993.0, ""borsa"": 3, ""fiyat"": 64575.0, ""kaynak"": ""BNB+BYB+OKX""}, {""usdt"": 12383111.0, ""borsa"": 1, ""fiyat"": 64650.0, ""kaynak"": ""BNB""}, {""usdt"": 10335369.0, ""borsa"": 1, ""fiyat"": 64600.0, ""kaynak"": ""BNB""}]",YOK,0.0156,0.0475,0.7273,1.1949,false,1.2859,true,0.3519,0,0,3,0,0,3,42,43.1,IZLE,,25,64609.9,,,,,SEVIYE,70,1504.4,151,,,,,,,,,0,,18,1714.7,18,,,
32493,2026-07-30 11:09:21.92389+00,64586.25,-677357.4505671992,-1402044.888,12024128712.8792,0.00009354600000000002,70795262.24864997,0.0,52.2,BEKLE,,0.0,0.0,1.3691,5502.551,65491739.92065001,1154.201,0.0,52.2,"[{""usdt"": 20360163.0, ""borsa"": 1, ""fiyat"": 64500.0, ""kaynak"": ""BNB""}, {""usdt"": 19378169.0, ""borsa"": 3, ""fiyat"": 64550.0, ""kaynak"": ""BNB+BYB+OKX""}, {""usdt"": 12917787.0, ""borsa"": 3, ""fiyat"": 64575.0, ""kaynak"": ""BNB+BYB+OKX""}]","[{""usdt"": 21356623.0, ""borsa"": 3, ""fiyat"": 64600.0, ""kaynak"": ""BNB+BYB+OKX""}, {""usdt"": 11830703.0, ""borsa"": 3, ""fiyat"": 64575.0, ""kaynak"": ""BNB+BYB+OKX""}, {""usdt"": 10249020.0, ""borsa"": 1, ""fiyat"": 64675.0, ""kaynak"": ""BNB""}]",YOK,0.0154,0.0389,0.4929,0.9015,false,0.9852,false,0.5425,1,0,3,0,0,3,38.1,39.2,IZLE,,25,64609.9,,,,,SEVIYE,70,1505.4,151,,,,,,,,,0,,18,1715.7,18,,,
32494,2026-07-30 11:10:22.248293+00,64601.649999999994,111581.23067420305,-172203.20399999982,12029930365.9704,0.00009354600000000002,69906747.16307,0.0,75.6,BEKLE,true,0.0,0.0,1.3691,5562.791,77449794.71748994,1214.441,0.0,75.6,"[{""usdt"": 21049335.0, ""borsa"": 1, ""fiyat"": 64500.0, ""kaynak"": ""BNB""}, {""usdt"": 19261601.0, ""borsa"": 3, ""fiyat"": 64575.0, ""kaynak"": ""BNB+BYB+OKX""}, {""usdt"": 11122172.0, ""borsa"": 3, ""fiyat"": 64600.0, ""kaynak"": ""BNB+BYB+OKX""}]","[{""usdt"": 23671721.0, ""borsa"": 3, ""fiyat"": 64625.0, ""kaynak"": ""BNB+BYB+OKX""}, {""usdt"": 19895909.0, ""borsa"": 1, ""fiyat"": 64700.0, ""kaynak"": ""BNB""}, {""usdt"": 15028073.0, ""borsa"": 3, ""fiyat"": 64600.0, ""kaynak"": ""BNB+BYB+OKX""}]",YOK,0.0789,-0.0512,0.1414,0.734,true,0,false,,2,0,3,0,1,3,34.6,35.7,IZLE,,25,64609.9,,,,,SEVIYE,70,1506.4,151,,,,,,,,,0,,18,1716.7,18,,,
32495,2026-07-30 11:11:22.605945+00,64602.350000000006,1371548.785105402,-116672.01299999992,12032276208.7,0.00009354600000000002,73478425.79049997,0.0,76.2,BEKLE,true,0.0,0.0,1.3691,5623.189,81904558.24983998,1274.839,0.0,76.2,"[{""usdt"": 19099396.0, ""borsa"": 1, ""fiyat"": 64500.0, ""kaynak"": ""BNB""}, {""usdt"": 18829714.0, ""borsa"": 3, ""fiyat"": 64575.0, ""kaynak"": ""BNB+BYB+OKX""}, {""usdt"": 15457029.0, ""borsa"": 3, ""fiyat"": 64600.0, ""kaynak"": ""BNB+BYB+OKX""}]","[{""usdt"": 23853454.0, ""borsa"": 3, ""fiyat"": 64625.0, ""kaynak"": ""BNB+BYB+OKX""}, {""usdt"": 18832250.0, ""borsa"": 1, ""fiyat"": 64700.0, ""kaynak"": ""BNB""}, {""usdt"": 11502705.0, ""borsa"": 3, ""fiyat"": 64600.0, ""kaynak"": ""BNB+BYB+OKX""}]",YOK,0.0916,-0.0542,0.3278,0.7054,true,0,false,,2,0,3,0,1,3,31.2,32.2,IZLE,,25,64609.9,,,,,SEVIYE,70,1507.4,151,,,,,,,,,0,,18,1717.7,18,,,
32496,2026-07-30 11:12:22.944149+00,64602.25,1090541.9210643023,-333175.3719999998,12031807014.7987,0.00009354600000000002,72716628.02699,0.0,73.1,BEKLE,true,0.0,0.0,1.3669,5683.56,79031853.13802001,1335.21,0.0,73.1,"[{""usdt"": 25258098.0, ""borsa"": 3, ""fiyat"": 64575.0, ""kaynak"": ""BNB+BYB+OKX""}, {""usdt"": 20604926.0, ""borsa"": 1, ""fiyat"": 64500.0, ""kaynak"": ""BNB""}, {""usdt"": 8978762.0, ""borsa"": 1, ""fiyat"": 64550.0, ""kaynak"": ""BNB""}]","[{""usdt"": 24205639.0, ""borsa"": 3, ""fiyat"": 64600.0, ""kaynak"": ""BNB+BYB+OKX""}, {""usdt"": 18272404.0, ""borsa"": 1, ""fiyat"": 64700.0, ""kaynak"": ""BNB""}, {""usdt"": 15531171.0, ""borsa"": 3, ""fiyat"": 64625.0, ""kaynak"": ""BNB+BYB+OKX""}]",YOK,-0.0001,-0.0416,0.3331,0.6668,true,0.1404,false,,1,0,3,0,1,3,26.4,27.9,IZLE,,25,64609.9,,,,,SEVIYE,70,1508.4,151,,,,,,,,,0,,18,1718.7,18,,,
32497,2026-07-30 11:13:23.249407+00,64581.45,1527934.0144897024,-277713.0319999997,12032956554.242,0.00009354600000000002,68004827.72075999,0.0,82.9,BEKLE,true,0.0,0.0,1.3669,5743.888,79653965.43345992,1395.538,0.0,82.9,"[{""usdt"": 20605924.0, ""borsa"": 1, ""fiyat"": 64500.0, ""kaynak"": ""BNB""}, {""usdt"": 17469234.0, ""borsa"": 3, ""fiyat"": 64575.0, ""kaynak"": ""BNB+BYB+OKX""}, {""usdt"": 13186131.0, ""borsa"": 3, ""fiyat"": 64600.0, ""kaynak"": ""BNB+BYB+OKX""}]","[{""usdt"": 24668013.0, ""borsa"": 3, ""fiyat"": 64625.0, ""kaynak"": ""BNB+BYB+OKX""}, {""usdt"": 19172802.0, ""borsa"": 1, ""fiyat"": 64700.0, ""kaynak"": ""BNB""}, {""usdt"": 10051054.0, ""borsa"": 1, ""fiyat"": 64650.0, ""kaynak"": ""BNB""}]",YOK,0.0638,-0.0789,0.3734,0.2551,true,0.2004,false,,1,0,3,0,1,3,22.8,23.9,IZLE,,25,64609.9,,,,,SEVIYE,70,1509.4,151,,,,,,,,,0,,18,1719.7,18,,,
32498,2026-07-30 11:14:24.01577+00,64581.350000000006,816053.794343802,-750329.8200000001,12030956447.2182,0.00009354600000000002,72656088.12459002,0.0,39.6,BEKLE,,0.0,0.0,1.3669,5804.148,62199812.462170035,1455.798,0.0,39.6,"[{""usdt"": 19984686.0, ""borsa"": 1, ""fiyat"": 64500.0, ""kaynak"": ""BNB""}, {""usdt"": 18675638.0, ""borsa"": 3, ""fiyat"": 64550.0, ""kaynak"": ""BNB+BYB+OKX""}, {""usdt"": 12784968.0, ""borsa"": 3, ""fiyat"": 64575.0, ""kaynak"": ""BNB+BYB+OKX""}]","[{""usdt"": 24572293.0, ""borsa"": 3, ""fiyat"": 64600.0, ""kaynak"": ""BNB+BYB+OKX""}, {""usdt"": 12530154.0, ""borsa"": 1, ""fiyat"": 64650.0, ""kaynak"": ""BNB""}, {""usdt"": 9283622.0, ""borsa"": 1, ""fiyat"": 64675.0, ""kaynak"": ""BNB""}]",YOK,-0.0326,0.0775,0.524,0.1389,true,0.3409,false,,1,0,3,0,0,3,19.2,20.3,IZLE,,25,64609.9,,,,,SEVIYE,70,1510.4,151,,,,,,,,,0,,18,1720.7,18,,,
32499,2026-07-30 11:15:24.572594+00,64581.95,-804809.6402442986,2302035.8850000002,12031629706.8445,0.00009354600000000002,70218815.80311999,0.0,100.0,BEKLE,true,0.0,0.0,1.3669,5865.003,70836560.05244997,1516.653,0.0,100.0,"[{""usdt"": 19332835.0, ""borsa"": 1, ""fiyat"": 64500.0, ""kaynak"": ""BNB""}, {""usdt"": 15484658.0, ""borsa"": 3, ""fiyat"": 64550.0, ""kaynak"": ""BNB+BYB+OKX""}, {""usdt"": 14774892.0, ""borsa"": 3, ""fiyat"": 64575.0, ""kaynak"": ""BNB+BYB+OKX""}]","[{""usdt"": 30662881.0, ""borsa"": 3, ""fiyat"": 64600.0, ""kaynak"": ""BNB+BYB+OKX""}, {""usdt"": 12705554.0, ""borsa"": 1, ""fiyat"": 64650.0, ""kaynak"": ""BNB""}, {""usdt"": 9432334.0, ""borsa"": 1, ""fiyat"": 64675.0, ""kaynak"": ""BNB""}]",YOK,0.0073,-0.0044,0.1511,0.2623,true,0,false,,1,0,3,0,1,3,16.3,17.3,IZLE,,25,64609.9,,,,,SEVIYE,70,1511.4,151,,,,,,,,,0,,18,1721.7,18,,,
32500,2026-07-30 11:16:26.172491+00,64593.850000000006,-752735.9446021985,2842989.5640000007,12033012279.9588,0.00009354600000000002,70640238.23371005,2518.9008,98.7,BEKLE,true,0.0,2518.9008,1.3669,5926.791,78619531.43661997,1578.441,0.0,98.7,"[{""usdt"": 21162344.0, ""borsa"": 3, ""fiyat"": 64575.0, ""kaynak"": ""BNB+BYB+OKX""}, {""usdt"": 20284757.0, ""borsa"": 1, ""fiyat"": 64500.0, ""kaynak"": ""BNB""}, {""usdt"": 11747990.0, ""borsa"": 2, ""fiyat"": 64550.0, ""kaynak"": ""BNB+OKX""}]","[{""usdt"": 31260181.0, ""borsa"": 3, ""fiyat"": 64600.0, ""kaynak"": ""BNB+BYB+OKX""}, {""usdt"": 14309787.0, ""borsa"": 1, ""fiyat"": 64700.0, ""kaynak"": ""BNB""}, {""usdt"": 12408255.0, ""borsa"": 1, ""fiyat"": 64650.0, ""kaynak"": ""BNB""}]",YOK,0.044,-0.0535,0.2564,0.0843,true,0,false,7.4641,2,0,3,0,1,3,14.2,15.3,IZLE,,25,64609.9,,,,,SEVIYE,50,1512.5,152,,,,,,,1785410100,1,0,,21,1512.5,21,,,
32501,2026-07-30 11:17:26.649886+00,64622.55,-227205.4875304982,2087322.389,12037594908.647999,0.00009354600000000002,57789071.96898,2518.9008,94.8,BEKLE,true,0.0,2518.9008,1.3669,0,75324197.91007994,733.118,0.0,94.8,"[{""usdt"": 17843460.0, ""borsa"": 3, ""fiyat"": 64600.0, ""kaynak"": ""BNB+BYB+OKX""}, {""usdt"": 10571764.0, ""borsa"": 3, ""fiyat"": 64625.0, ""kaynak"": ""BNB+BYB+OKX""}, {""usdt"": 9934026.0, ""borsa"": 1, ""fiyat"": 64575.0, ""kaynak"": ""BNB""}]","[{""usdt"": 19891292.0, ""borsa"": 2, ""fiyat"": 64650.0, ""kaynak"": ""BNB+BYB""}, {""usdt"": 17807636.0, ""borsa"": 1, ""fiyat"": 64700.0, ""kaynak"": ""BNB""}, {""usdt"": 14907327.0, ""borsa"": 1, ""fiyat"": 64725.0, ""kaynak"": ""BNB""}]",SPOT,0.1918,-0.1317,0.2073,0.2623,true,0,false,6.9626,2,0,3,1,1,3,10.7,11.8,HAZIRLAN,LONG,50,64609.9,65000,65000,64602.8,19.16,SEVIYE+EMILIM,50,1513.5,152,,,,,,,1785410100,1,1,19.16,21,1513.5,21,,,
32502,2026-07-30 11:18:27.043834+00,64646.350000000006,2009034.0900016995,4852680.751,12041380499.579601,0.00009354600000000002,57845181.075350076,33679.226500000004,60.1,BEKLE,true,0.0,33679.226500000004,1.3674,60.488,67391569.05255002,793.606,0.0,60.1,"[{""usdt"": 20571385.0, ""borsa"": 3, ""fiyat"": 64625.0, ""kaynak"": ""BNB+BYB+OKX""}, {""usdt"": 9294012.0, ""borsa"": 1, ""fiyat"": 64575.0, ""kaynak"": ""BNB""}, {""usdt"": 8894389.0, ""borsa"": 1, ""fiyat"": 64550.0, ""kaynak"": ""BNB""}]","[{""usdt"": 19391070.0, ""borsa"": 1, ""fiyat"": 64700.0, ""kaynak"": ""BNB""}, {""usdt"": 15023042.0, ""borsa"": 3, ""fiyat"": 64675.0, ""kaynak"": ""BNB+BYB+OKX""}, {""usdt"": 12695750.0, ""borsa"": 1, ""fiyat"": 64725.0, ""kaynak"": ""BNB""}]",SPOT,0.2124,-0.0762,0.0431,0.4777,true,0,false,,3,0,3,1,0,3,7.4,8.4,HAZIRLAN,LONG,50,64609.9,65000,65000,64602.8,8.13,SEVIYE+EMILIM,50,1514.5,152,,,,,,,1785410280,3,0,8.13,21,1514.5,21,,,
32503,2026-07-30 11:19:27.335824+00,64620.05,1308232.8771117951,3687150.32,12039763115.697498,0.00009354600000000002,69545797.70207003,46926.2286,80.2,BEKLE,true,0.0,46926.2286,1.3674,120.862,77932488.06949002,853.98,0.0,80.2,"[{""usdt"": 23522515.0, ""borsa"": 3, ""fiyat"": 64600.0, ""kaynak"": ""BNB+BYB+OKX""}, {""usdt"": 17699154.0, ""borsa"": 1, ""fiyat"": 64500.0, ""kaynak"": ""BNB""}, {""usdt"": 9732121.0, ""borsa"": 1, ""fiyat"": 64550.0, ""kaynak"": ""BNB""}]","[{""usdt"": 20534937.0, ""borsa"": 3, ""fiyat"": 64650.0, ""kaynak"": ""BNB+BYB+OKX""}, {""usdt"": 17765525.0, ""borsa"": 1, ""fiyat"": 64700.0, ""kaynak"": ""BNB""}, {""usdt"": 15424150.0, ""borsa"": 3, ""fiyat"": 64625.0, ""kaynak"": ""BNB+BYB+OKX""}]",YOK,-0.0107,-0.0569,0.0506,0.3268,true,0,false,,0,0,3,0,0,3,3.9,5,IZLE,,25,64609.9,,,,,SEVIYE,50,1515.5,152,,,,,,,1785410280,3,0,,21,1515.5,21,,,
32504,2026-07-30 11:20:28.164654+00,64586.45,1055346.9764244952,-608859.0639999999,12037101009.18,0.00009354600000000002,66472634.43697004,44407.32780000001,54.4,BEKLE,false,0.0,44407.32780000001,1.3674,60.291,71887494.08768998,914.271,54.4,0.0,"[{""usdt"": 19734266.0, ""borsa"": 1, ""fiyat"": 64500.0, ""kaynak"": ""BNB""}, {""usdt"": 13068479.0, ""borsa"": 2, ""fiyat"": 64600.0, ""kaynak"": ""BYB+OKX""}, {""usdt"": 9655180.0, ""borsa"": 1, ""fiyat"": 64525.0, ""kaynak"": ""BNB""}]","[{""usdt"": 24873301.0, ""borsa"": 3, ""fiyat"": 64625.0, ""kaynak"": ""BNB+BYB+OKX""}, {""usdt"": 15048106.0, ""borsa"": 1, ""fiyat"": 64700.0, ""kaynak"": ""BNB""}, {""usdt"": 11769960.0, ""borsa"": 3, ""fiyat"": 64650.0, ""kaynak"": ""BNB+BYB+OKX""}]",YOK,-0.0221,-0.0391,0.2349,0.0467,false,,false,,0,0,3,0,0,3,63.8,62.8,IZLE,,25,64609.9,,,,,SEVIYE,50,1516.5,152,,,,,,,1785410280,3,0,,21,1516.5,21,,,
32505,2026-07-30 11:21:28.702878+00,64551.350000000006,711518.3205540956,-2464457.0949999997,12033238078.1322,0.00009354600000000002,64044549.511240035,45246.795000000006,58.0,BEKLE,true,0.0,45246.795000000006,1.3674,121.328,71407215.94818999,975.308,58.0,0.0,"[{""usdt"": 19734266.0, ""borsa"": 1, ""fiyat"": 64500.0, ""kaynak"": ""BNB""}, {""usdt"": 15753187.0, ""borsa"": 3, ""fiyat"": 64550.0, ""kaynak"": ""BNB+BYB+OKX""}, {""usdt"": 10869440.0, ""borsa"": 3, ""fiyat"": 64575.0, ""kaynak"": ""BNB+BYB+OKX""}]","[{""usdt"": 15048106.0, ""borsa"": 1, ""fiyat"": 64700.0, ""kaynak"": ""BNB""}, {""usdt"": 14473537.0, ""borsa"": 3, ""fiyat"": 64600.0, ""kaynak"": ""BNB+BYB+OKX""}, {""usdt"": 13188599.0, ""borsa"": 1, ""fiyat"": 64625.0, ""kaynak"": ""BNB""}]",YOK,-0.0439,-0.0544,0.117,0.279,false,,true,0.4973,0,0,3,0,1,3,61.4,62.5,IZLE,,25,64525.3,,,,,SEVIYE,65,5.4,1,,,,,,,1785410400,3,0,,21,1517.5,21,,,
32506,2026-07-30 11:22:29.12049+00,64546.55,380436.95996599563,-2774443.2659999994,12032830332.58,0.00009354600000000002,64760588.48152999,16866.2,57.4,BEKLE,,0.0,16866.2,1.3708,181.735,62638878.12049002,1035.715,57.4,0.0,"[{""usdt"": 21396139.0, ""borsa"": 1, ""fiyat"": 64500.0, ""kaynak"": ""BNB""}, {""usdt"": 18631591.0, ""borsa"": 3, ""fiyat"": 64525.0, ""kaynak"": ""BNB+BYB+OKX""}, {""usdt"": 7352458.0, ""borsa"": 1, ""fiyat"": 64450.0, ""kaynak"": ""BNB""}]","[{""usdt"": 17414415.0, ""borsa"": 3, ""fiyat"": 64575.0, ""kaynak"": ""BNB+BYB+OKX""}, {""usdt"": 13136570.0, ""borsa"": 3, ""fiyat"": 64550.0, ""kaynak"": ""BNB+BYB+OKX""}, {""usdt"": 12458576.0, ""borsa"": 1, ""fiyat"": 64650.0, ""kaynak"": ""BNB""}]",YOK,-0.0636,0.0167,0.0566,0.5816,false,,true,0.38,0,1,3,0,0,3,58,59.1,IZLE,,25,64525.3,,,,,SEVIYE,65,6.4,1,,,,,,,1785410400,2,0,,21,1518.5,21,,,
32507,2026-07-30 11:23:29.464292+00,64554.149999999994,751862.105122596,-2547752.2649999997,12034697440.2617,0.00009354600000000002,70384527.68961994,839.4671999999999,80.4,BEKLE,true,0.0,839.4671999999999,1.3708,242.098,55734310.120579995,1096.078,80.4,0.0,"[{""usdt"": 20913031.0, ""borsa"": 1, ""fiyat"": 64500.0, ""kaynak"": ""BNB""}, {""usdt"": 19767824.0, ""borsa"": 3, ""fiyat"": 64525.0, ""kaynak"": ""BNB+BYB+OKX""}, {""usdt"": 9876575.0, ""borsa"": 3, ""fiyat"": 64550.0, ""kaynak"": ""BNB+BYB+OKX""}]","[{""usdt"": 16496378.0, ""borsa"": 3, ""fiyat"": 64575.0, ""kaynak"": ""BNB+BYB+OKX""}, {""usdt"": 12281746.0, ""borsa"": 1, ""fiyat"": 64650.0, ""kaynak"": ""BNB""}, {""usdt"": 10952159.0, ""borsa"": 1, ""fiyat"": 64625.0, ""kaynak"": ""BNB""}]",YOK,0.0146,0.1162,0.0754,0.4541,false,,false,0.6222,0,0,3,1,0,3,54.5,55.6,IZLE,,25,64525.3,,,,,SEVIYE,65,7.4,1,,,,,,,1785410400,1,0,,21,1519.5,21,,,
32508,2026-07-30 11:24:29.85139+00,64560.95,1090861.0850412948,-2240017.3559999997,12035316515.4946,0.00009354600000000002,67136272.80817997,839.4671999999999,90.4,BEKLE,,0.0,839.4671999999999,1.3708,302.452,57460029.72940998,1156.432,90.4,0.0,"[{""usdt"": 21657403.0, ""borsa"": 1, ""fiyat"": 64500.0, ""kaynak"": ""BNB""}, {""usdt"": 16352767.0, ""borsa"": 3, ""fiyat"": 64525.0, ""kaynak"": ""BNB+BYB+OKX""}, {""usdt"": 13191589.0, ""borsa"": 3, ""fiyat"": 64550.0, ""kaynak"": ""BNB+BYB+OKX""}]","[{""usdt"": 20344186.0, ""borsa"": 3, ""fiyat"": 64575.0, ""kaynak"": ""BNB+BYB+OKX""}, {""usdt"": 11512391.0, ""borsa"": 1, ""fiyat"": 64650.0, ""kaynak"": ""BNB""}, {""usdt"": 10577487.0, ""borsa"": 1, ""fiyat"": 64625.0, ""kaynak"": ""BNB""}]",YOK,-0.013,0.0777,0.0173,0.3865,false,,true,0.4427,0,0,3,1,0,3,51,52.1,IZLE,,25,64525.3,,,,,SEVIYE,65,8.4,1,,,,,,,1785410400,1,1,,21,1520.5,21,LONG,direnc,90.38842581096753
32509,2026-07-30 11:25:30.182145+00,64560.350000000006,1911807.1588495953,-2057975.8050000002,12036816939.133,0.00009354600000000002,68203285.64407003,0.0,67.4,BEKLE,true,0.0,0.0,1.3708,362.842,57165665.72407001,1216.822,67.4,0.0,"[{""usdt"": 21795941.0, ""borsa"": 1, ""fiyat"": 64500.0, ""kaynak"": ""BNB""}, {""usdt"": 21715479.0, ""borsa"": 3, ""fiyat"": 64550.0, ""kaynak"": ""BNB+BYB+OKX""}, {""usdt"": 11397174.0, ""borsa"": 3, ""fiyat"": 64525.0, ""kaynak"": ""BNB+BYB+OKX""}]","[{""usdt"": 15438446.0, ""borsa"": 3, ""fiyat"": 64575.0, ""kaynak"": ""BNB+BYB+OKX""}, {""usdt"": 12549467.0, ""borsa"": 2, ""fiyat"": 64600.0, ""kaynak"": ""BNB+BYB""}, {""usdt"": 11084893.0, ""borsa"": 1, ""fiyat"": 64650.0, ""kaynak"": ""BNB""}]",YOK,0.0265,0.088,0.2211,0.5536,false,,true,0.3258,0,0,3,2,0,3,47.6,48.7,IZLE,,25,64525.3,,,,,SEVIYE,65,9.4,1,,,,,,,,,0,,21,1521.5,21,,,
32510,2026-07-30 11:26:30.515718+00,64558.649999999994,1830580.6646915954,-2018140.31,12036209399.572601,0.00009354600000000002,69502523.67719997,0.0,30.1,BEKLE,false,0.0,0.0,1.3708,423.158,60846207.758849956,1277.138,0.0,30.1,"[{""usdt"": 22134865.0, ""borsa"": 1, ""fiyat"": 64500.0, ""kaynak"": ""BNB""}, {""usdt"": 15957342.0, ""borsa"": 3, ""fiyat"": 64525.0, ""kaynak"": ""BNB+BYB+OKX""}, {""usdt"": 14932454.0, ""borsa"": 3, ""fiyat"": 64550.0, ""kaynak"": ""BNB+BYB+OKX""}]","[{""usdt"": 16340031.0, ""borsa"": 3, ""fiyat"": 64575.0, ""kaynak"": ""BNB+BYB+OKX""}, {""usdt"": 13274416.0, ""borsa"": 1, ""fiyat"": 64600.0, ""kaynak"": ""BNB""}, {""usdt"": 10301021.0, ""borsa"": 1, ""fiyat"": 64625.0, ""kaynak"": ""BNB""}]",YOK,-0.0643,0.0664,0.5511,0.2972,false,,true,0.4334,0,1,3,0,0,3,43.6,45.1,IZLE,,25,64550.5,,,,,SEVIYE,65,1522.5,153,,,,,,,,,0,,21,1522.5,21,,,
32511,2026-07-30 11:27:30.886255+00,64545.350000000006,1830580.6646915954,-2018140.31,12036209399.572601,0.00009354600000000002,65435826.60475996,0.0,46.8,BEKLE,false,0.0,0.0,1.3663,483.481,66952604.84997998,1337.461,0.0,46.8,"[{""usdt"": 21667039.0, ""borsa"": 1, ""fiyat"": 64500.0, ""kaynak"": ""BNB""}, {""usdt"": 17229439.0, ""borsa"": 3, ""fiyat"": 64525.0, ""kaynak"": ""BNB+BYB+OKX""}, {""usdt"": 10328198.0, ""borsa"": 3, ""fiyat"": 64550.0, ""kaynak"": ""BNB+BYB+OKX""}]","[{""usdt"": 17652230.0, ""borsa"": 3, ""fiyat"": 64575.0, ""kaynak"": ""BNB+BYB+OKX""}, {""usdt"": 12839480.0, ""borsa"": 1, ""fiyat"": 64600.0, ""kaynak"": ""BNB""}, {""usdt"": 10444663.0, ""borsa"": 1, ""fiyat"": 64650.0, ""kaynak"": ""BNB""}]",YOK,-0.0729,-0.0115,0.4842,0.0331,false,,true,0.1264,0,1,3,0,1,3,40.1,41.2,IZLE,,25,64550.5,,,,,SEVIYE,65,1523.5,153,,,,,,,,,0,,21,1523.5,21,,,
32512,2026-07-30 11:28:31.315792+00,64548.95,1584804.6477032953,-1810703.289,12034613833.9972,0.00009354600000000002,68291002.25032994,0.0,42.3,BEKLE,false,0.0,0.0,1.3663,543.841,59200231.43315,1397.821,0.0,42.3,"[{""usdt"": 22258069.0, ""borsa"": 1, ""fiyat"": 64500.0, ""kaynak"": ""BNB""}, {""usdt"": 19387207.0, ""borsa"": 3, ""fiyat"": 64525.0, ""kaynak"": ""BNB+BYB+OKX""}, {""usdt"": 7996336.0, ""borsa"": 1, ""fiyat"": 64450.0, ""kaynak"": ""BNB""}]","[{""usdt"": 19325836.0, ""borsa"": 3, ""fiyat"": 64575.0, ""kaynak"": ""BNB+BYB+OKX""}, {""usdt"": 10385013.0, ""borsa"": 1, ""fiyat"": 64650.0, ""kaynak"": ""BNB""}, {""usdt"": 10160353.0, ""borsa"": 3, ""fiyat"": 64550.0, ""kaynak"": ""BNB+BYB+OKX""}]",YOK,-0.0289,0.0713,0.3562,0.1839,false,,true,0.2798,0,1,3,0,0,3,36.6,37.7,IZLE,,25,64550.5,,,,,SEVIYE,65,1524.5,153,,,,,,,,,0,,21,1524.5,21,,,
32513,2026-07-30 11:29:31.653477+00,64553.75,1731853.6168446953,-1913210.897,12035433647.7771,0.00009354600000000002,67903379.27553,0.0,24.5,BEKLE,false,0.0,0.0,1.3663,604.293,59545727.99852,1458.273,0.0,24.5,"[{""usdt"": 19609656.0, ""borsa"": 1, ""fiyat"": 64500.0, ""kaynak"": ""BNB""}, {""usdt"": 17703058.0, ""borsa"": 3, ""fiyat"": 64525.0, ""kaynak"": ""BNB+BYB+OKX""}, {""usdt"": 12215254.0, ""borsa"": 3, ""fiyat"": 64550.0, ""kaynak"": ""BNB+BYB+OKX""}]","[{""usdt"": 20430207.0, ""borsa"": 3, ""fiyat"": 64575.0, ""kaynak"": ""BNB+BYB+OKX""}, {""usdt"": 11930555.0, ""borsa"": 1, ""fiyat"": 64650.0, ""kaynak"": ""BNB""}, {""usdt"": 10951751.0, ""borsa"": 1, ""fiyat"": 64625.0, ""kaynak"": ""BNB""}]",YOK,-0.0168,0.0656,0.4899,0.4549,false,,false,0.9285,0,0,3,0,0,3,33.2,34.3,IZLE,,25,64550.5,,,,,SEVIYE,65,1525.5,153,,,,,,,,,0,,21,1525.5,21,,,
32514,2026-07-30 11:30:31.981551+00,64553.75,1742333.8736788947,-1915880.5380000002,12037055887.5466,0.00009354600000000002,67819787.93628997,0.0,17.0,BEKLE,false,0.0,0.0,1.3663,664.646,59312743.72439998,1518.626,0.0,17.0,"[{""usdt"": 20578895.0, ""borsa"": 1, ""fiyat"": 64500.0, ""kaynak"": ""BNB""}, {""usdt"": 18129811.0, ""borsa"": 3, ""fiyat"": 64525.0, ""kaynak"": ""BNB+BYB+OKX""}, {""usdt"": 11116336.0, ""borsa"": 3, ""fiyat"": 64550.0, ""kaynak"": ""BNB+BYB+OKX""}]","[{""usdt"": 19699372.0, ""borsa"": 3, ""fiyat"": 64575.0, ""kaynak"": ""BNB+BYB+OKX""}, {""usdt"": 11804605.0, ""borsa"": 1, ""fiyat"": 64650.0, ""kaynak"": ""BNB""}, {""usdt"": 10914213.0, ""borsa"": 1, ""fiyat"": 64625.0, ""kaynak"": ""BNB""}]",YOK,0.0038,0.0669,,,false,6.259,false,,0,0,3,0,1,3,29.6,30.8,IZLE,,25,64550.5,,,,,SEVIYE,65,1526.6,153,,,,,,,,,0,,21,1526.6,21,,,
32515,2026-07-30 11:31:32.307078+00,64557.45,-122670.72095120052,-1869500.993,12037622123.2382,0.00009354600000000002,64599084.43428997,0.0,22.0,BEKLE,false,0.0,0.0,1.3663,724.971,60955998.93871994,1578.951,0.0,22.0,"[{""usdt"": 20642455.0, ""borsa"": 1, ""fiyat"": 64500.0, ""kaynak"": ""BNB""}, {""usdt"": 15878923.0, ""borsa"": 3, ""fiyat"": 64525.0, ""kaynak"": ""BNB+BYB+OKX""}, {""usdt"": 9726100.0, ""borsa"": 3, ""fiyat"": 64550.0, ""kaynak"": ""BNB+BYB+OKX""}]","[{""usdt"": 20976052.0, ""borsa"": 3, ""fiyat"": 64575.0, ""kaynak"": ""BNB+BYB+OKX""}, {""usdt"": 10888183.0, ""borsa"": 1, ""fiyat"": 64650.0, ""kaynak"": ""BNB""}, {""usdt"": 10099822.0, ""borsa"": 1, ""fiyat"": 64600.0, ""kaynak"": ""BNB""}]",YOK,-0.0487,0.029,0.8655,0.044,false,3.777,false,,0,0,3,0,1,3,25.8,26.9,IZLE,,25,64550.5,,,,,SEVIYE,65,1527.6,153,PCT,0.86,7.784891034452464,0.0,false,0.027,,,0,,21,1527.6,21,,,
32516,2026-07-30 11:32:33.922269+00,64557.45,-200588.62678240045,-1840105.204,12038693086.862099,0.00009354600000000002,67562634.53140001,0.0,21.3,BEKLE,false,0.0,0.0,1.3663,786.366,62466196.81954997,1640.346,0.0,21.3,"[{""usdt"": 20473501.0, ""borsa"": 1, ""fiyat"": 64500.0, ""kaynak"": ""BNB""}, {""usdt"": 16776280.0, ""borsa"": 3, ""fiyat"": 64525.0, ""kaynak"": ""BNB+BYB+OKX""}, {""usdt"": 12992333.0, ""borsa"": 3, ""fiyat"": 64550.0, ""kaynak"": ""BNB+BYB+OKX""}]","[{""usdt"": 19015471.0, ""borsa"": 3, ""fiyat"": 64575.0, ""kaynak"": ""BNB+BYB+OKX""}, {""usdt"": 12126366.0, ""borsa"": 1, ""fiyat"": 64600.0, ""kaynak"": ""BNB""}, {""usdt"": 10736213.0, ""borsa"": 1, ""fiyat"": 64650.0, ""kaynak"": ""BNB""}]",YOK,0.0205,0.0392,0.8481,0.4178,false,1.7021,false,,0,0,3,0,0,3,23.4,24.5,IZLE,,25,64550.5,,,,,SEVIYE,65,1528.6,153,,,,,,,,,0,,21,1528.6,21,,,
32517,2026-07-30 11:33:34.35189+00,64537.350000000006,-408661.1860100004,-1849092.797,12039031293.4059,0.00009354600000000002,64604225.68703997,0.0,10.5,BEKLE,,0.0,0.0,1.3635,846.976,62626144.41131004,1700.956,10.5,0.0,"[{""usdt"": 25725078.0, ""borsa"": 3, ""fiyat"": 64500.0, ""kaynak"": ""BNB+BYB+OKX""}, {""usdt"": 16559931.0, ""borsa"": 3, ""fiyat"": 64525.0, ""kaynak"": ""BNB+BYB+OKX""}, {""usdt"": 8085167.0, ""borsa"": 1, ""fiyat"": 64425.0, ""kaynak"": ""BNB""}]","[{""usdt"": 19146637.0, ""borsa"": 3, ""fiyat"": 64550.0, ""kaynak"": ""BNB+BYB+OKX""}, {""usdt"": 11500998.0, ""borsa"": 1, ""fiyat"": 64575.0, ""kaynak"": ""BNB""}, {""usdt"": 10970237.0, ""borsa"": 1, ""fiyat"": 64600.0, ""kaynak"": ""BNB""}]",YOK,-0.0514,0.0155,0.9622,0.4629,false,1.4335,false,,0,1,3,0,0,3,20.2,21.3,IZLE,,25,64550.5,,,,,SEVIYE,65,1529.6,153,,,,,,,,,0,,21,1529.6,21,,,
32518,2026-07-30 11:34:34.77146+00,64533.05,-705574.2798512012,-1927325.9990000003,12035667838.0504,0.00009354600000000002,68465699.97245999,0.0,6.9,BEKLE,,0.0,0.0,1.3635,907.347,59868368.19924001,1761.327,6.9,0.0,"[{""usdt"": 27197263.0, ""borsa"": 3, ""fiyat"": 64500.0, ""kaynak"": ""BNB+BYB+OKX""}, {""usdt"": 17909021.0, ""borsa"": 3, ""fiyat"": 64525.0, ""kaynak"": ""BNB+BYB+OKX""}, {""usdt"": 8413100.0, ""borsa"": 1, ""fiyat"": 64475.0, ""kaynak"": ""BNB""}]","[{""usdt"": 25593719.0, ""borsa"": 3, ""fiyat"": 64550.0, ""kaynak"": ""BNB+BYB+OKX""}, {""usdt"": 10214025.0, ""borsa"": 1, ""fiyat"": 64600.0, ""kaynak"": ""BNB""}, {""usdt"": 8674972.0, ""borsa"": 1, ""fiyat"": 64625.0, ""kaynak"": ""BNB""}]",YOK,0.0279,0.067,0.9883,0.694,false,0.53,false,,1,0,3,0,0,3,16.7,17.8,IZLE,,25,64550.5,,,,,SEVIYE,65,1530.6,153,,,,,,,,,0,,21,1530.6,21,,,
32519,2026-07-30 11:35:35.136803+00,64537.149999999994,-1130602.8260990013,-1927117.9550000003,12036008302.685501,0.00009354600000000002,66059880.578279994,0.0,6.2,BEKLE,,0.0,0.0,1.3635,967.768,63681206.531179994,1821.748,6.2,0.0,"[{""usdt"": 26622845.0, ""borsa"": 3, ""fiyat"": 64500.0, ""kaynak"": ""BNB+BYB+OKX""}, {""usdt"": 16721736.0, ""borsa"": 3, ""fiyat"": 64525.0, ""kaynak"": ""BNB+BYB+OKX""}, {""usdt"": 8721699.0, ""borsa"": 1, ""fiyat"": 64475.0, ""kaynak"": ""BNB""}]","[{""usdt"": 25004828.0, ""borsa"": 3, ""fiyat"": 64550.0, ""kaynak"": ""BNB+BYB+OKX""}, {""usdt"": 10401241.0, ""borsa"": 1, ""fiyat"": 64600.0, ""kaynak"": ""BNB""}, {""usdt"": 9409706.0, ""borsa"": 1, ""fiyat"": 64650.0, ""kaynak"": ""BNB""}]",YOK,0.0244,0.0183,0.9921,0.4739,true,0.2354,false,,1,0,3,0,1,3,13.3,14.4,IZLE,,25,64550.5,,,,,SEVIYE,65,1531.6,153,,,,,,,,,0,,21,1531.6,21,,,
32520,2026-07-30 11:36:35.561291+00,64599.95,-1224508.089708101,329845.00700000004,12036982131.129398,0.00009354600000000002,67966653.28401,0.0,71.7,BEKLE,false,0.0,0.0,1.3607,1028.166,64797043.87190999,1882.146,0.0,71.7,"[{""usdt"": 20607249.0, ""borsa"": 3, ""fiyat"": 64575.0, ""kaynak"": ""BNB+BYB+OKX""}, {""usdt"": 20373910.0, ""borsa"": 1, ""fiyat"": 64500.0, ""kaynak"": ""BNB""}, {""usdt"": 9600504.0, ""borsa"": 3, ""fiyat"": 64550.0, ""kaynak"": ""BNB+BYB+OKX""}]","[{""usdt"": 16885195.0, ""borsa"": 3, ""fiyat"": 64600.0, ""kaynak"": ""BNB+BYB+OKX""}, {""usdt"": 15094997.0, ""borsa"": 1, ""fiyat"": 64700.0, ""kaynak"": ""BNB""}, {""usdt"": 13139220.0, ""borsa"": 2, ""fiyat"": 64625.0, ""kaynak"": ""BNB+BYB""}]",YOK,0.024,0.0239,0.1907,0.6194,true,0.2222,false,,1,0,3,0,0,3,9.9,11,IZLE,,25,64609.9,,,,,SEVIYE,50,1532.6,154,,,,,,,,,0,,22,1532.6,22,,,
32521,2026-07-30 11:37:35.932756+00,64638.95,740064.6281515993,804999.3459999999,12046801598.9696,0.00009354600000000002,71979443.68028998,0.0,63.0,BEKLE,false,0.0,0.0,1.3607,1088.543,71808965.35500002,1942.523,0.0,63.0,"[{""usdt"": 17628131.0, ""borsa"": 1, ""fiyat"": 64500.0, ""kaynak"": ""BNB""}, {""usdt"": 13445558.0, ""borsa"": 3, ""fiyat"": 64600.0, ""kaynak"": ""BNB+BYB+OKX""}, {""usdt"": 12503889.0, ""borsa"": 1, ""fiyat"": 64525.0, ""kaynak"": ""BNB""}]","[{""usdt"": 26415540.0, ""borsa"": 3, ""fiyat"": 64650.0, ""kaynak"": ""BNB+BYB+OKX""}, {""usdt"": 17357416.0, ""borsa"": 1, ""fiyat"": 64700.0, ""kaynak"": ""BNB""}, {""usdt"": 14763090.0, ""borsa"": 1, ""fiyat"": 64725.0, ""kaynak"": ""BNB""}]",SPOT,0.2216,0.0012,0.1433,1.0455,true,0.0017,false,,2,0,3,1,0,3,5.9,7.5,IZLE,,25,64646.4,,,,,SEVIYE,45,11.5,2,,,,,,,,,0,,22,1533.6,22,,,
32522,2026-07-30 11:38:36.315003+00,64679.05,2390258.7849214985,1867349.5939999998,12053791003.6837,0.00009354600000000002,58428941.23871,0.0,0.0,BEKLE,,0.0,0.0,1.3607,0,77333400.62536,120.694,0.0,0.0,"[{""usdt"": 16981345.0, ""borsa"": 3, ""fiyat"": 64650.0, ""kaynak"": ""BNB+BYB+OKX""}, {""usdt"": 10429188.0, ""borsa"": 1, ""fiyat"": 64600.0, ""kaynak"": ""BNB""}, {""usdt"": 8881779.0, ""borsa"": 3, ""fiyat"": 64675.0, ""kaynak"": ""BNB+BYB+OKX""}]","[{""usdt"": 29667675.0, ""borsa"": 3, ""fiyat"": 64700.0, ""kaynak"": ""BNB+BYB+OKX""}, {""usdt"": 19071563.0, ""borsa"": 1, ""fiyat"": 64725.0, ""kaynak"": ""BNB""}, {""usdt"": 10665710.0, ""borsa"": 1, ""fiyat"": 64775.0, ""kaynak"": ""BNB""}]",SPOT,0.2067,-0.1392,0.2616,1.1155,true,0,false,,1,0,3,0,1,3,2.4,3.4,IZLE,,25,64646.4,,,,,SEVIYE,45,12.5,2,,,,,,,,,0,,22,1534.6,22,,,
32523,2026-07-30 11:39:36.793818+00,64647.649999999994,2995647.904916196,4080946.8629999994,12054727573.8666,0.00009354600000000002,60702396.56960994,110771.1245,44.7,BEKLE,false,0.0,110771.1245,1.3607,60.577,74934072.66425991,181.271,0.0,44.7,"[{""usdt"": 12890626.0, ""borsa"": 3, ""fiyat"": 64650.0, ""kaynak"": ""BNB+BYB+OKX""}, {""usdt"": 11384021.0, ""borsa"": 1, ""fiyat"": 64550.0, ""kaynak"": ""BNB""}, {""usdt"": 9859203.0, ""borsa"": 1, ""fiyat"": 64575.0, ""kaynak"": ""BNB""}]","[{""usdt"": 33738943.0, ""borsa"": 3, ""fiyat"": 64700.0, ""kaynak"": ""BNB+BYB+OKX""}, {""usdt"": 15159341.0, ""borsa"": 1, ""fiyat"": 64725.0, ""kaynak"": ""BNB""}, {""usdt"": 11286512.0, ""borsa"": 3, ""fiyat"": 64675.0, ""kaynak"": ""BNB+BYB+OKX""}]",SPOT,0.2067,-0.1049,0.2247,0.586,true,0,false,,1,0,3,0,1,3,62.9,61.5,HAZIRLAN,LONG,50,64646.4,65000,65000,64639.5,43.27,SEVIYE+EMILIM,45,13.5,2,,,,,,,1785411480,3,0,43.27,22,1535.6,22,,,
32524,2026-07-30 11:40:37.146332+00,64630.649999999994,1918458.3949526965,719437.899,12047924199.135399,0.00009354600000000002,58990921.436689936,110767.81030000001,59.8,BEKLE,false,0.0,110767.81030000001,1.3607,120.906,69431404.16459991,241.6,0.0,59.8,"[{""usdt"": 15512756.0, ""borsa"": 3, ""fiyat"": 64625.0, ""kaynak"": ""BNB+BYB+OKX""}, {""usdt"": 11384021.0, ""borsa"": 1, ""fiyat"": 64550.0, ""kaynak"": ""BNB""}, {""usdt"": 10302462.0, ""borsa"": 3, ""fiyat"": 64650.0, ""kaynak"": ""BNB+BYB+OKX""}]","[{""usdt"": 20489883.0, ""borsa"": 1, ""fiyat"": 64700.0, ""kaynak"": ""BNB""}, {""usdt"": 15159341.0, ""borsa"": 1, ""fiyat"": 64725.0, ""kaynak"": ""BNB""}, {""usdt"": 15019591.0, ""borsa"": 3, ""fiyat"": 64675.0, ""kaynak"": ""BNB+BYB+OKX""}]",YOK,0.1348,-0.0813,0.3515,0.9078,false,,false,3.8806,1,0,3,0,0,3,59.4,60.5,IZLE,,25,64646.4,,,,,SEVIYE,45,14.5,2,,,,,,,1785411480,3,0,,22,1536.6,22,,,
32525,2026-07-30 11:41:37.712179+00,64640.95,1776105.2540363946,276538.08400000003,12045710625.7445,0.00009354600000000002,56460468.65212003,110767.81030000001,14.4,BEKLE,true,0.0,110767.81030000001,1.3607,181.257,67198718.67251994,301.951,14.4,0.0,"[{""usdt"": 16516231.0, ""borsa"": 3, ""fiyat"": 64600.0, ""kaynak"": ""BNB+BYB+OKX""}, {""usdt"": 11384235.0, ""borsa"": 3, ""fiyat"": 64625.0, ""kaynak"": ""BNB+BYB+OKX""}, {""usdt"": 8734050.0, ""borsa"": 1, ""fiyat"": 64575.0, ""kaynak"": ""BNB""}]","[{""usdt"": 16187722.0, ""borsa"": 1, ""fiyat"": 64700.0, ""kaynak"": ""BNB""}, {""usdt"": 16004620.0, ""borsa"": 1, ""fiyat"": 64725.0, ""kaynak"": ""BNB""}, {""usdt"": 14967159.0, ""borsa"": 3, ""fiyat"": 64650.0, ""kaynak"": ""BNB+BYB+OKX""}]",YOK,0.0513,-0.0868,0.9636,1.1079,false,,false,1.8585,1,0,3,0,1,3,55.4,56.5,IZLE,,25,64646.4,,,,,SEVIYE,45,15.6,2,,,,,,,1785411480,3,1,,22,1537.6,22,,,
32526,2026-07-30 11:42:38.462399+00,64631.350000000006,1665159.053058895,525915.821,12046473880.293999,0.00009354600000000002,57123726.98924995,110767.81030000001,23.9,BEKLE,true,0.0,110767.81030000001,1.3574,242.073,72921388.26165998,362.767,23.9,0.0,"[{""usdt"": 19730818.0, ""borsa"": 3, ""fiyat"": 64625.0, ""kaynak"": ""BNB+BYB+OKX""}, {""usdt"": 10263993.0, ""borsa"": 2, ""fiyat"": 64600.0, ""kaynak"": ""BNB+BYB""}, {""usdt"": 10145642.0, ""borsa"": 1, ""fiyat"": 64550.0, ""kaynak"": ""BNB""}]","[{""usdt"": 18486249.0, ""borsa"": 3, ""fiyat"": 64650.0, ""kaynak"": ""BNB+BYB+OKX""}, {""usdt"": 16762634.0, ""borsa"": 1, ""fiyat"": 64700.0, ""kaynak"": ""BNB""}, {""usdt"": 15488919.0, ""borsa"": 1, ""fiyat"": 64725.0, ""kaynak"": ""BNB""}]",YOK,-0.0103,-0.1215,0.6093,0.4209,false,,false,2.7272,1,0,3,0,0,3,52.3,53.4,IZLE,,25,64646.4,,,,,SEVIYE,45,16.6,2,,,,,,,1785411480,3,2,,22,1538.7,22,,,
32527,2026-07-30 11:43:38.914668+00,64637.95,1513513.295595395,394143.8830000001,12045692644.1854,0.00009354600000000002,56151392.348370016,94861.6945,70.7,BEKLE,true,0.0,94861.6945,1.3574,302.645,70943692.19015995,423.339,70.7,0.0,"[{""usdt"": 18429468.0, ""borsa"": 3, ""fiyat"": 64600.0, ""kaynak"": ""BNB+BYB+OKX""}, {""usdt"": 10118395.0, ""borsa"": 3, ""fiyat"": 64625.0, ""kaynak"": ""BNB+BYB+OKX""}, {""usdt"": 9971919.0, ""borsa"": 1, ""fiyat"": 64550.0, ""kaynak"": ""BNB""}]","[{""usdt"": 16586345.0, ""borsa"": 3, ""fiyat"": 64650.0, ""kaynak"": ""BNB+BYB+OKX""}, {""usdt"": 16465793.0, ""borsa"": 1, ""fiyat"": 64700.0, ""kaynak"": ""BNB""}, {""usdt"": 15533133.0, ""borsa"": 1, ""fiyat"": 64725.0, ""kaynak"": ""BNB""}]",YOK,0.0836,-0.1164,0.2187,0.8617,true,0.1462,false,2.1167,1,0,3,0,0,3,48.7,49.7,IZLE,,50,64646.4,,,,,SEVIYE+TASFIYE,45,17.6,2,,,,,,,1785411480,3,0,,22,1539.7,22,,,
32528,2026-07-30 11:44:41.087133+00,64638.25,1889435.1560173938,382050.188,12048003688.267,0.00009354600000000002,60396595.73483,0.0,89.0,BEKLE,true,0.0,0.0,1.3574,364.669,74012259.84222,485.363,89.0,0.0,"[{""usdt"": 20325741.0, ""borsa"": 3, ""fiyat"": 64625.0, ""kaynak"": ""BNB+BYB+OKX""}, {""usdt"": 13451603.0, ""borsa"": 1, ""fiyat"": 64550.0, ""kaynak"": ""BNB""}, {""usdt"": 8491871.0, ""borsa"": 1, ""fiyat"": 64600.0, ""kaynak"": ""BNB""}]","[{""usdt"": 17407852.0, ""borsa"": 1, ""fiyat"": 64700.0, ""kaynak"": ""BNB""}, {""usdt"": 15989227.0, ""borsa"": 3, ""fiyat"": 64675.0, ""kaynak"": ""BNB+BYB+OKX""}, {""usdt"": 15109873.0, ""borsa"": 1, ""fiyat"": 64725.0, ""kaynak"": ""BNB""}]",YOK,0.0955,-0.1013,0.1233,0.0881,true,0,false,2.744,1,0,3,0,0,3,46.9,47.9,IZLE,,25,64646.4,,,,,SEVIYE,45,18.6,2,,,,,,,,,0,,22,1540.7,22,,,
32529,2026-07-30 11:45:41.396386+00,64636.75,3008397.2078149947,137190.098,12047904648.5415,0.00009354600000000002,56858573.47440999,387.82980000000003,38.9,BEKLE,true,0.0,387.82980000000003,1.3574,425.141,71576054.54948997,545.835,38.9,0.0,"[{""usdt"": 18067104.0, ""borsa"": 3, ""fiyat"": 64625.0, ""kaynak"": ""BNB+BYB+OKX""}, {""usdt"": 13568570.0, ""borsa"": 1, ""fiyat"": 64550.0, ""kaynak"": ""BNB""}, {""usdt"": 11915821.0, ""borsa"": 3, ""fiyat"": 64600.0, ""kaynak"": ""BNB+BYB+OKX""}]","[{""usdt"": 17638934.0, ""borsa"": 3, ""fiyat"": 64650.0, ""kaynak"": ""BNB+BYB+OKX""}, {""usdt"": 17369292.0, ""borsa"": 1, ""fiyat"": 64700.0, ""kaynak"": ""BNB""}, {""usdt"": 15458417.0, ""borsa"": 1, ""fiyat"": 64725.0, ""kaynak"": ""BNB""}]",YOK,0.0548,-0.1146,0.4683,0.2204,false,,false,1.3112,1,0,3,1,1,3,43.5,44.6,IZLE,,25,64646.4,,,,,SEVIYE,45,19.6,2,,,,,,,1785411840,1,0,,22,1541.7,22,,,
32530,2026-07-30 11:46:42.549989+00,64623.649999999994,3050580.4293850944,121596.296,12049734294.6758,0.00009354600000000002,60594071.12923002,387.82980000000003,18.3,BEKLE,true,0.0,387.82980000000003,1.3574,486.108,75657063.18960999,606.802,18.3,0.0,"[{""usdt"": 20377965.0, ""borsa"": 3, ""fiyat"": 64625.0, ""kaynak"": ""BNB+BYB+OKX""}, {""usdt"": 13958289.0, ""borsa"": 1, ""fiyat"": 64550.0, ""kaynak"": ""BNB""}, {""usdt"": 9290931.0, ""borsa"": 1, ""fiyat"": 64600.0, ""kaynak"": ""BNB""}]","[{""usdt"": 17475991.0, ""borsa"": 1, ""fiyat"": 64700.0, ""kaynak"": ""BNB""}, {""usdt"": 17251726.0, ""borsa"": 3, ""fiyat"": 64650.0, ""kaynak"": ""BNB+BYB+OKX""}, {""usdt"": 17156471.0, ""borsa"": 3, ""fiyat"": 64675.0, ""kaynak"": ""BNB+BYB+OKX""}]",YOK,0.0866,-0.1106,0.7958,0.8804,false,,false,0.5383,1,0,3,0,0,3,40.6,41.7,IZLE,,25,64609.9,,,,,SEVIYE,50,1542.7,155,,,,,,,1785411840,1,1,,24,1542.7,24,,,
32531,2026-07-30 11:47:42.927186+00,64630.75,2710829.455419694,-892902.634,12044577852.056799,0.00009354600000000002,63254167.49440999,646.3242,55.4,BEKLE,true,258.4944,387.82980000000003,1.3574,546.69,76444980.85554,667.384,55.4,0.0,"[{""usdt"": 21146409.0, ""borsa"": 3, ""fiyat"": 64600.0, ""kaynak"": ""BNB+BYB+OKX""}, {""usdt"": 10050861.0, ""borsa"": 1, ""fiyat"": 64550.0, ""kaynak"": ""BNB""}, {""usdt"": 10048044.0, ""borsa"": 1, ""fiyat"": 64525.0, ""kaynak"": ""BNB""}]","[{""usdt"": 23716562.0, ""borsa"": 3, ""fiyat"": 64650.0, ""kaynak"": ""BNB+BYB+OKX""}, {""usdt"": 17078339.0, ""borsa"": 1, ""fiyat"": 64700.0, ""kaynak"": ""BNB""}, {""usdt"": 16459538.0, ""borsa"": 1, ""fiyat"": 64725.0, ""kaynak"": ""BNB""}]",YOK,0.0296,-0.0944,0.2588,0.0121,false,,false,0.4119,1,0,3,0,1,3,37.3,38.4,IZLE,,25,64609.9,,,,,SEVIYE,50,1543.7,155,,,,,,,1785411960,1,0,,24,1543.7,24,,,
32532,2026-07-30 11:48:43.344769+00,64635.05,2765656.946440694,-889555.4589999999,12046604991.8872,0.00009354600000000002,55504606.51255003,646.3242,46.5,BEKLE,true,258.4944,387.82980000000003,1.3557,607.009,74387075.325,727.703,46.5,0.0,"[{""usdt"": 13988102.0, ""borsa"": 3, ""fiyat"": 64625.0, ""kaynak"": ""BNB+BYB+OKX""}, {""usdt"": 13658558.0, ""borsa"": 3, ""fiyat"": 64600.0, ""kaynak"": ""BNB+BYB+OKX""}, {""usdt"": 9195161.0, ""borsa"": 1, ""fiyat"": 64550.0, ""kaynak"": ""BNB""}]","[{""usdt"": 27188978.0, ""borsa"": 3, ""fiyat"": 64650.0, ""kaynak"": ""BNB+BYB+OKX""}, {""usdt"": 17617119.0, ""borsa"": 1, ""fiyat"": 64700.0, ""kaynak"": ""BNB""}, {""usdt"": 16427086.0, ""borsa"": 1, ""fiyat"": 64725.0, ""kaynak"": ""BNB""}]",YOK,0.0994,-0.1454,0.316,0.0597,false,,false,0.2735,1,0,3,0,1,3,33.8,34.9,IZLE,,25,64609.9,,,,,SEVIYE,50,1544.7,155,,,,,,,1785411960,1,1,,24,1544.7,24,,,
32533,2026-07-30 11:49:43.755672+00,64646.149999999994,3869068.313732394,-865241.821,12049959367.739498,0.00009354600000000002,60892324.69421002,258.4944,52.9,BEKLE,true,258.4944,0.0,1.3557,667.455,75323853.23763998,788.149,52.9,0.0,"[{""usdt"": 20903818.0, ""borsa"": 3, ""fiyat"": 64625.0, ""kaynak"": ""BNB+BYB+OKX""}, {""usdt"": 11043055.0, ""borsa"": 1, ""fiyat"": 64550.0, ""kaynak"": ""BNB""}, {""usdt"": 10272980.0, ""borsa"": 1, ""fiyat"": 64575.0, ""kaynak"": ""BNB""}]","[{""usdt"": 20738320.0, ""borsa"": 3, ""fiyat"": 64675.0, ""kaynak"": ""BNB+BYB+OKX""}, {""usdt"": 16619254.0, ""borsa"": 1, ""fiyat"": 64700.0, ""kaynak"": ""BNB""}, {""usdt"": 16142652.0, ""borsa"": 1, ""fiyat"": 64725.0, ""kaynak"": ""BNB""}]",YOK,0.0781,-0.1059,0.4292,0.1396,false,,false,0.4606,1,0,3,0,0,3,30.4,31.5,IZLE,,25,64679.1,,,,,SEVIYE,45,23.7,3,,,,,,,1785411960,1,0,,24,1545.7,24,,,
32534,2026-07-30 11:50:44.22075+00,64651.850000000006,864249.2623407986,-650268.113,12050662212.8706,0.00009354600000000002,66901909.80131994,258.4944,67.9,BEKLE,,258.4944,0.0,1.3557,727.928,74971317.07426998,848.622,67.9,0.0,"[{""usdt"": 17760376.0, ""borsa"": 3, ""fiyat"": 64625.0, ""kaynak"": ""BNB+BYB+OKX""}, {""usdt"": 16264369.0, ""borsa"": 3, ""fiyat"": 64650.0, ""kaynak"": ""BNB+BYB+OKX""}, {""usdt"": 11093339.0, ""borsa"": 1, ""fiyat"": 64550.0, ""kaynak"": ""BNB""}]","[{""usdt"": 23532130.0, ""borsa"": 3, ""fiyat"": 64675.0, ""kaynak"": ""BNB+BYB+OKX""}, {""usdt"": 17271535.0, ""borsa"": 1, ""fiyat"": 64700.0, ""kaynak"": ""BNB""}, {""usdt"": 15871771.0, ""borsa"": 1, ""fiyat"": 64725.0, ""kaynak"": ""BNB""}]",YOK,0.1399,-0.0569,0.5633,0.3233,false,,false,0.3626,1,0,3,0,0,3,27,28.1,IZLE,,25,64679.1,,,,,SEVIYE,45,24.7,3,,,,,,,1785411960,1,1,,24,1546.8,24,,,
32535,2026-07-30 11:51:44.558915+00,64813.45,7773124.951791396,838680.707,12104369125.028801,0.00009354600000000002,56511869.22756998,1822738.5854,0.0,BEKLE,,100.0,1822638.5854,1.3546,0,58228756.70225999,0,0.0,0.0,"[{""usdt"": 15470925.0, ""borsa"": 3, ""fiyat"": 64800.0, ""kaynak"": ""BNB+BYB+OKX""}, {""usdt"": 13675733.0, ""borsa"": 3, ""fiyat"": 64825.0, ""kaynak"": ""BNB+BYB+OKX""}, {""usdt"": 7824499.0, ""borsa"": 1, ""fiyat"": 64750.0, ""kaynak"": ""BNB""}]","[{""usdt"": 17008870.0, ""borsa"": 1, ""fiyat"": 64875.0, ""kaynak"": ""BNB""}, {""usdt"": 14256444.0, ""borsa"": 3, ""fiyat"": 64850.0, ""kaynak"": ""BNB+BYB+OKX""}, {""usdt"": 10908860.0, ""borsa"": 1, ""fiyat"": 64900.0, ""kaynak"": ""BNB""}]",YOK,0.0824,-0.015,0.7573,2.4812,false,,false,4.0904,2,0,3,2,0,3,23.1,24.2,YOK,,0,64679.1,,,,,SEVIYE,45,25.7,3,,,,,,,1785412260,4,0,,24,1547.8,24,,,
32536,2026-07-30 11:52:45.040489+00,64800.05,7887309.7028871095,5047527.970000001,12098085868.3183,0.00009354600000000002,56826471.44497007,1823708.6371,0.0,BEKLE,,100.0,1823608.6371,1.3546,60.342,65040076.34474996,60.342,0.0,0.0,"[{""usdt"": 26123723.0, ""borsa"": 3, ""fiyat"": 64800.0, ""kaynak"": ""BNB+BYB+OKX""}, {""usdt"": 8799996.0, ""borsa"": 1, ""fiyat"": 64750.0, ""kaynak"": ""BNB""}, {""usdt"": 7667478.0, ""borsa"": 2, ""fiyat"": 64775.0, ""kaynak"": ""BNB+OKX""}]","[{""usdt"": 13437088.0, ""borsa"": 1, ""fiyat"": 64900.0, ""kaynak"": ""BNB""}, {""usdt"": 13337119.0, ""borsa"": 3, ""fiyat"": 64825.0, ""kaynak"": ""BNB+BYB+OKX""}, {""usdt"": 13180318.0, ""borsa"": 1, ""fiyat"": 64875.0, ""kaynak"": ""BNB""}]",YOK,0.1451,-0.0674,0.2922,0.779,false,,false,,2,0,3,0,0,3,19.6,20.6,YOK,,0,64679.1,,,,,SEVIYE,45,26.7,3,,,,,,,1785412260,4,0,,24,1548.8,24,,,
32537,2026-07-30 11:53:45.358792+00,64806.25,7088176.51056591,4273024.112000001,12080738042.8341,0.00009354600000000002,55266326.784860045,1823708.6371,0.0,BEKLE,,100.0,1823608.6371,1.3546,60.523,67264388.39725998,120.865,0.0,0.0,"[{""usdt"": 19386753.0, ""borsa"": 3, ""fiyat"": 64775.0, ""kaynak"": ""BNB+BYB+OKX""}, {""usdt"": 8687955.0, ""borsa"": 1, ""fiyat"": 64725.0, ""kaynak"": ""BNB""}, {""usdt"": 7745076.0, ""borsa"": 1, ""fiyat"": 64750.0, ""kaynak"": ""BNB""}]","[{""usdt"": 15707419.0, ""borsa"": 3, ""fiyat"": 64825.0, ""kaynak"": ""BNB+BYB+OKX""}, {""usdt"": 13608746.0, ""borsa"": 1, ""fiyat"": 64875.0, ""kaynak"": ""BNB""}, {""usdt"": 13550845.0, ""borsa"": 3, ""fiyat"": 64800.0, ""kaynak"": ""BNB+BYB+OKX""}]",YOK,0.097,-0.0979,0.284,0.9168,true,0,false,3.1472,1,0,3,0,0,3,16.2,17.3,YOK,,0,64679.1,,,,,SEVIYE,45,27.7,3,,,,,,,1785412260,4,1,,24,1549.8,24,,,
32538,2026-07-30 11:54:45.760848+00,64834.55,7266874.501637116,3372280.0860000006,12083062347.4403,0.00009354600000000002,58886799.588139996,1823708.6371,0.0,BEKLE,,100.0,1823608.6371,1.3546,120.828,71404055.32598007,181.17,0.0,0.0,"[{""usdt"": 26774751.0, ""borsa"": 3, ""fiyat"": 64800.0, ""kaynak"": ""BNB+BYB+OKX""}, {""usdt"": 9639335.0, ""borsa"": 1, ""fiyat"": 64750.0, ""kaynak"": ""BNB""}, {""usdt"": 6717578.0, ""borsa"": 2, ""fiyat"": 64775.0, ""kaynak"": ""BNB+BYB""}]","[{""usdt"": 16187399.0, ""borsa"": 3, ""fiyat"": 64825.0, ""kaynak"": ""BNB+BYB+OKX""}, {""usdt"": 15721415.0, ""borsa"": 3, ""fiyat"": 64850.0, ""kaynak"": ""BNB+BYB+OKX""}, {""usdt"": 14214147.0, ""borsa"": 1, ""fiyat"": 64900.0, ""kaynak"": ""BNB""}]",YOK,0.1298,-0.0961,0.2753,1.2439,true,0,false,,2,0,3,0,0,3,12.7,13.8,YOK,,0,64679.1,,,,,SEVIYE,45,28.7,3,,,,,,,1785412260,4,2,,24,1550.8,24,,,
32539,2026-07-30 11:55:46.111097+00,64807.25,8196446.182644819,3674928.703,12083758499.3004,0.00009354600000000002,53999723.61349007,92832.87599999999,0.0,BEKLE,,0.0,92832.87599999999,1.3546,60.441,69814909.70087005,241.611,0.0,0.0,"[{""usdt"": 13391404.0, ""borsa"": 3, ""fiyat"": 64800.0, ""kaynak"": ""BNB+BYB+OKX""}, {""usdt"": 12599505.0, ""borsa"": 3, ""fiyat"": 64775.0, ""kaynak"": ""BNB+BYB+OKX""}, {""usdt"": 10198818.0, ""borsa"": 1, ""fiyat"": 64725.0, ""kaynak"": ""BNB""}]","[{""usdt"": 17779442.0, ""borsa"": 3, ""fiyat"": 64825.0, ""kaynak"": ""BNB+BYB+OKX""}, {""usdt"": 14521259.0, ""borsa"": 1, ""fiyat"": 64850.0, ""kaynak"": ""BNB""}, {""usdt"": 11522258.0, ""borsa"": 1, ""fiyat"": 64900.0, ""kaynak"": ""BNB""}]",YOK,0.0029,-0.1277,0.4454,0.7692,true,0,false,,0,0,3,0,1,3,9.3,10.4,YOK,,0,64679.1,,,,,SEVIYE,45,29.7,3,,,,,,,1785412500,2,0,,24,1551.8,24,,,
32540,2026-07-30 11:56:46.668599+00,64772.95,7712036.315784719,4207642.873,12079222853.3764,0.00009354600000000002,61467951.32521996,83921.5315,75.0,BEKLE,false,0.0,83921.5315,1.3742,60.316,70210461.90262999,301.927,0.0,75.0,"[{""usdt"": 16392275.0, ""borsa"": 3, ""fiyat"": 64750.0, ""kaynak"": ""BNB+BYB+OKX""}, {""usdt"": 14897819.0, ""borsa"": 3, ""fiyat"": 64775.0, ""kaynak"": ""BNB+BYB+OKX""}, {""usdt"": 9021803.0, ""borsa"": 1, ""fiyat"": 64725.0, ""kaynak"": ""BNB""}]","[{""usdt"": 25840411.0, ""borsa"": 3, ""fiyat"": 64800.0, ""kaynak"": ""BNB+BYB+OKX""}, {""usdt"": 12182953.0, ""borsa"": 1, ""fiyat"": 64875.0, ""kaynak"": ""BNB""}, {""usdt"": 11599871.0, ""borsa"": 1, ""fiyat"": 64900.0, ""kaynak"": ""BNB""}]",YOK,0.0439,-0.0664,0.0082,0.4428,true,0,false,,1,0,3,0,1,3,5.7,6.8,IZLE,,50,64834.6,,,,,SEVIYE+TASFIYE,85,0.7,1,,,,,,,1785412500,2,0,,24,1552.8,24,,,
32541,2026-07-30 11:57:48.391463+00,64783.850000000006,7779467.104728119,3927360.446,12078830883.0875,0.00009354600000000002,55676839.25006005,83921.5315,50.5,BEKLE,true,0.0,83921.5315,1.3742,122.258,76281366.19329,363.869,50.5,0.0,"[{""usdt"": 14672465.0, ""borsa"": 3, ""fiyat"": 64750.0, ""kaynak"": ""BNB+BYB+OKX""}, {""usdt"": 14451781.0, ""borsa"": 3, ""fiyat"": 64775.0, ""kaynak"": ""BNB+BYB+OKX""}, {""usdt"": 8888956.0, ""borsa"": 1, ""fiyat"": 64700.0, ""kaynak"": ""BNB""}]","[{""usdt"": 29398184.0, ""borsa"": 3, ""fiyat"": 64800.0, ""kaynak"": ""BNB+BYB+OKX""}, {""usdt"": 12569058.0, ""borsa"": 1, ""fiyat"": 64875.0, ""kaynak"": ""BNB""}, {""usdt"": 12081684.0, ""borsa"": 1, ""fiyat"": 64850.0, ""kaynak"": ""BNB""}]",YOK,0.0281,-0.1561,0.042,0.5147,true,0,false,,1,1,3,0,2,3,3.9,4.9,IZLE,,50,64834.6,,,,,SEVIYE+TASFIYE,85,1.7,1,,,,,,,1785412500,2,1,,24,1553.8,24,,,
32542,2026-07-30 11:58:49.062638+00,64772.25,8251145.084995419,4035236.8240000005,12082495353.052801,0.00009354600000000002,62890597.65536001,83921.5315,21.9,BEKLE,true,0.0,83921.5315,1.3742,122.309,73079303.06599006,424.236,21.9,0.0,"[{""usdt"": 14451996.0, ""borsa"": 3, ""fiyat"": 64750.0, ""kaynak"": ""BNB+BYB+OKX""}, {""usdt"": 12922828.0, ""borsa"": 1, ""fiyat"": 64700.0, ""kaynak"": ""BNB""}, {""usdt"": 11259042.0, ""borsa"": 3, ""fiyat"": 64775.0, ""kaynak"": ""BNB+BYB+OKX""}]","[{""usdt"": 27592449.0, ""borsa"": 3, ""fiyat"": 64800.0, ""kaynak"": ""BNB+BYB+OKX""}, {""usdt"": 14992272.0, ""borsa"": 1, ""fiyat"": 64875.0, ""kaynak"": ""BNB""}, {""usdt"": 13000493.0, ""borsa"": 1, ""fiyat"": 64850.0, ""kaynak"": ""BNB""}]",YOK,-0.0319,-0.0749,0.6902,1.6453,true,0,false,,1,1,3,0,2,3,63.8,62.8,IZLE,,25,64834.6,,,,,SEVIYE,85,2.7,1,,,,,,,1785412500,2,2,,24,1554.8,24,,,
32543,2026-07-30 11:59:49.402024+00,64754.05,7382513.085411618,3671679.439,12074734247.3409,0.00009354600000000002,64048843.51356001,83273.2625,27.6,BEKLE,false,0.0,83273.2625,1.3742,182.936,71795359.35092007,484.863,0.0,27.6,"[{""usdt"": 22308135.0, ""borsa"": 3, ""fiyat"": 64750.0, ""kaynak"": ""BNB+BYB+OKX""}, {""usdt"": 12922828.0, ""borsa"": 1, ""fiyat"": 64700.0, ""kaynak"": ""BNB""}, {""usdt"": 9763190.0, ""borsa"": 1, ""fiyat"": 64725.0, ""kaynak"": ""BNB""}]","[{""usdt"": 20068247.0, ""borsa"": 3, ""fiyat"": 64800.0, ""kaynak"": ""BNB+BYB+OKX""}, {""usdt"": 14992272.0, ""borsa"": 1, ""fiyat"": 64875.0, ""kaynak"": ""BNB""}, {""usdt"": 13000493.0, ""borsa"": 1, ""fiyat"": 64850.0, ""kaynak"": ""BNB""}]",YOK,-0.0928,-0.057,0.1496,8.4891,true,0,false,4.7829,0,1,3,0,1,3,61.1,62.1,YOK,,0,64834.6,,,,,SEVIYE+TASFIYE,85,3.7,1,,,,,,,1785412500,2,0,,24,1555.8,24,,,
32544,2026-07-30 12:00:49.971158+00,64780.95,7396270.396910816,4615528.0940000005,12085486520.2734,0.00009354600000000002,62979167.20307998,0.0,49.3,BEKLE,false,0.0,0.0,1.3742,120.963,64801474.36204,545.199,0.0,49.3,"[{""usdt"": 16345491.0, ""borsa"": 3, ""fiyat"": 64750.0, ""kaynak"": ""BNB+BYB+OKX""}, {""usdt"": 14208222.0, ""borsa"": 3, ""fiyat"": 64725.0, ""kaynak"": ""BNB+BYB+OKX""}, {""usdt"": 11122001.0, ""borsa"": 1, ""fiyat"": 64650.0, ""kaynak"": ""BNB""}]","[{""usdt"": 23299336.0, ""borsa"": 3, ""fiyat"": 64775.0, ""kaynak"": ""BNB+BYB+OKX""}, {""usdt"": 13613109.0, ""borsa"": 1, ""fiyat"": 64850.0, ""kaynak"": ""BNB""}, {""usdt"": 10216664.0, ""borsa"": 1, ""fiyat"": 64875.0, ""kaynak"": ""BNB""}]",YOK,0.0125,-0.0143,0.2793,0.7485,true,0,false,5.6953,1,0,3,0,0,3,57.5,58.6,IZLE,,25,64834.6,,,,,SEVIYE,85,4.7,1,PCT,1.76,0.061196703914368024,311.4634837524381,false,0.046,,,0,,24,1556.9,24,,,
32545,2026-07-30 12:01:51.444245+00,64765.75,7149242.573191014,4743689.991,12080874659.7656,0.00009354600000000002,63800443.33026999,0.0,36.4,BEKLE,false,0.0,0.0,1.3742,182.615,69518869.84848994,606.851,0.0,36.4,"[{""usdt"": 22012323.0, ""borsa"": 3, ""fiyat"": 64750.0, ""kaynak"": ""BNB+BYB+OKX""}, {""usdt"": 10726987.0, ""borsa"": 2, ""fiyat"": 64725.0, ""kaynak"": ""BNB+BYB""}, {""usdt"": 9461462.0, ""borsa"": 1, ""fiyat"": 64700.0, ""kaynak"": ""BNB""}]","[{""usdt"": 15747825.0, ""borsa"": 3, ""fiyat"": 64800.0, ""kaynak"": ""BNB+BYB+OKX""}, {""usdt"": 14030581.0, ""borsa"": 3, ""fiyat"": 64775.0, ""kaynak"": ""BNB+BYB+OKX""}, {""usdt"": 13467536.0, ""borsa"": 1, ""fiyat"": 64850.0, ""kaynak"": ""BNB""}]",YOK,0.0064,-0.0429,0.3235,0.3377,true,0,false,,1,0,3,0,1,3,55.3,56.4,YOK,,0,64834.6,,,,,SEVIYE,85,5.7,1,,,,,,,,,0,,24,1557.9,24,,,
32546,2026-07-30 12:02:52.156813+00,64807.149999999994,7666420.835407615,4574384.369999999,12088901554.135399,0.00009354600000000002,62823751.57882995,0.0,43.5,BEKLE,false,0.0,0.0,1.3742,242.957,68165061.06076993,667.193,0.0,43.5,"[{""usdt"": 21457108.0, ""borsa"": 3, ""fiyat"": 64750.0, ""kaynak"": ""BNB+BYB+OKX""}, {""usdt"": 12326829.0, ""borsa"": 3, ""fiyat"": 64725.0, ""kaynak"": ""BNB+BYB+OKX""}, {""usdt"": 10672877.0, ""borsa"": 1, ""fiyat"": 64650.0, ""kaynak"": ""BNB""}]","[{""usdt"": 19187913.0, ""borsa"": 3, ""fiyat"": 64775.0, ""kaynak"": ""BNB+BYB+OKX""}, {""usdt"": 15163465.0, ""borsa"": 1, ""fiyat"": 64850.0, ""kaynak"": ""BNB""}, {""usdt"": 13767211.0, ""borsa"": 1, ""fiyat"": 64875.0, ""kaynak"": ""BNB""}]",YOK,0.0256,-0.0408,0.0737,1.2394,true,0,false,,1,0,3,0,0,3,51.8,52.9,IZLE,,25,64834.6,,,,,SEVIYE,85,6.8,1,,,,,,,,,0,,24,1558.9,24,,,
32547,2026-07-30 12:03:52.473+00,64860.850000000006,7973968.122626015,5212369.794,12101082842.674,0.00009354600000000002,60696652.21042997,13293.0985,57.0,BEKLE,false,0.0,13293.0985,1.3702,121.127,81766532.8827,727.978,0.0,57.0,"[{""usdt"": 18814439.0, ""borsa"": 3, ""fiyat"": 64775.0, ""kaynak"": ""BNB+BYB+OKX""}, {""usdt"": 13636931.0, ""borsa"": 1, ""fiyat"": 64725.0, ""kaynak"": ""BNB""}, {""usdt"": 10818076.0, ""borsa"": 3, ""fiyat"": 64800.0, ""kaynak"": ""BNB+BYB+OKX""}]","[{""usdt"": 25551192.0, ""borsa"": 1, ""fiyat"": 64900.0, ""kaynak"": ""BNB""}, {""usdt"": 16788757.0, ""borsa"": 3, ""fiyat"": 64825.0, ""kaynak"": ""BNB+BYB+OKX""}, {""usdt"": 16533352.0, ""borsa"": 1, ""fiyat"": 64850.0, ""kaynak"": ""BNB""}]",YOK,0.0679,-0.1479,0.0969,2.5263,true,0,false,,1,0,3,0,1,3,48.8,49.9,IZLE,,25,64834.6,,,,,SEVIYE,85,7.8,1,,,,,,,1785412980,2,0,,24,1559.9,24,,,
32548,2026-07-30 12:04:52.914151+00,64834.25,9137938.318680312,5415406.42,12097680390.0439,0.00009354600000000002,63304315.6851101,109078.85579999999,57.6,BEKLE,,0.0,109078.85579999999,1.3702,181.464,82016927.70695004,788.315,0.0,57.6,"[{""usdt"": 20262512.0, ""borsa"": 3, ""fiyat"": 64825.0, ""kaynak"": ""BNB+BYB+OKX""}, {""usdt"": 15265795.0, ""borsa"": 3, ""fiyat"": 64800.0, ""kaynak"": ""BNB+BYB+OKX""}, {""usdt"": 11655842.0, ""borsa"": 1, ""fiyat"": 64775.0, ""kaynak"": ""BNB""}]","[{""usdt"": 29420433.0, ""borsa"": 1, ""fiyat"": 64900.0, ""kaynak"": ""BNB""}, {""usdt"": 13506314.0, ""borsa"": 1, ""fiyat"": 64875.0, ""kaynak"": ""BNB""}, {""usdt"": 12038634.0, ""borsa"": 3, ""fiyat"": 64850.0, ""kaynak"": ""BNB+BYB+OKX""}]",YOK,0.1335,-0.1288,0.3144,1.1722,true,0,false,,2,0,3,1,1,3,45.2,46.3,IZLE,,25,64834.6,,,,,SEVIYE,85,8.8,1,,,,,,,1785412980,2,0,,24,1560.9,24,,,
32549,2026-07-30 12:05:53.226061+00,64833.350000000006,755049.4453404917,891414.0950000001,12092940180.727499,0.00009354600000000002,59148962.19006,110051.7543,100.0,BEKLE,,0.0,110051.7543,1.3702,241.882,80187407.31622005,848.733,100.0,0.0,"[{""usdt"": 18412438.0, ""borsa"": 3, ""fiyat"": 64825.0, ""kaynak"": ""BNB+BYB+OKX""}, {""usdt"": 9983041.0, ""borsa"": 1, ""fiyat"": 64750.0, ""kaynak"": ""BNB""}, {""usdt"": 9419663.0, ""borsa"": 1, ""fiyat"": 64775.0, ""kaynak"": ""BNB""}]","[{""usdt"": 26933091.0, ""borsa"": 3, ""fiyat"": 64875.0, ""kaynak"": ""BNB+BYB+OKX""}, {""usdt"": 25752159.0, ""borsa"": 1, ""fiyat"": 64900.0, ""kaynak"": ""BNB""}, {""usdt"": 10822426.0, ""borsa"": 1, ""fiyat"": 64925.0, ""kaynak"": ""BNB""}]",SPOT,0.2143,-0.151,0.4483,0.2885,false,3.8098,false,,3,0,3,1,1,3,41.8,42.9,IZLE,,25,64834.6,,,,,SEVIYE,85,9.8,1,,,,,,,1785413100,2,0,,24,1561.9,24,,,
32550,2026-07-30 12:06:53.571923+00,64842.75,138355.84741949165,638974.107,12091200892.475899,0.00009354600000000002,57087174.149150044,110829.50669999998,100.0,BEKLE,,0.0,110829.50669999998,1.3725,302.192,76972350.18904999,909.043,100.0,0.0,"[{""usdt"": 16191083.0, ""borsa"": 3, ""fiyat"": 64800.0, ""kaynak"": ""BNB+BYB+OKX""}, {""usdt"": 11880457.0, ""borsa"": 3, ""fiyat"": 64825.0, ""kaynak"": ""BNB+BYB+OKX""}, {""usdt"": 10200972.0, ""borsa"": 1, ""fiyat"": 64750.0, ""kaynak"": ""BNB""}]","[{""usdt"": 23694747.0, ""borsa"": 1, ""fiyat"": 64900.0, ""kaynak"": ""BNB""}, {""usdt"": 17563482.0, ""borsa"": 1, ""fiyat"": 64875.0, ""kaynak"": ""BNB""}, {""usdt"": 16538721.0, ""borsa"": 3, ""fiyat"": 64850.0, ""kaynak"": ""BNB+BYB+OKX""}]",YOK,0.1303,-0.1483,0.4428,0.3949,false,10.7328,false,0,2,0,3,0,1,3,38.3,39.4,IZLE,,25,64860.9,,,,,SEVIYE,45,10.8,2,,,,,,,1785413160,2,0,,25,1402.7,25,,,
32551,2026-07-30 12:07:53.906765+00,64857.95,-36616.09263660744,1436730.261,12091251875.8308,0.00009354600000000002,54522997.37524005,110894.35839999998,91.7,BEKLE,,0.0,110894.35839999998,1.3725,362.548,81937290.71044002,969.399,91.7,0.0,"[{""usdt"": 18332684.0, ""borsa"": 3, ""fiyat"": 64825.0, ""kaynak"": ""BNB+BYB+OKX""}, {""usdt"": 9688939.0, ""borsa"": 3, ""fiyat"": 64850.0, ""kaynak"": ""BNB+BYB+OKX""}, {""usdt"": 8024106.0, ""borsa"": 1, ""fiyat"": 64750.0, ""kaynak"": ""BNB""}]","[{""usdt"": 27671955.0, ""borsa"": 1, ""fiyat"": 64900.0, ""kaynak"": ""BNB""}, {""usdt"": 23731838.0, ""borsa"": 3, ""fiyat"": 64875.0, ""kaynak"": ""BNB+BYB+OKX""}, {""usdt"": 10127041.0, ""borsa"": 1, ""fiyat"": 64950.0, ""kaynak"": ""BNB""}]",SPOT,0.1771,-0.2009,0.5332,0.2853,false,,false,0,2,0,3,1,1,3,34.9,35.9,IZLE,,25,64860.9,,,,,SEVIYE,45,11.8,2,,,,,,,1785413220,2,0,,25,1403.7,25,,,
32552,2026-07-30 12:08:54.213037+00,64873.350000000006,297730.3920131923,2062728.664,12092383025.2585,0.00009354600000000002,57733955.64160005,88676.25480000001,72.9,BEKLE,,0.0,88676.25480000001,1.3725,60.299,75502323.83510993,1029.698,72.9,0.0,"[{""usdt"": 21729054.0, ""borsa"": 3, ""fiyat"": 64850.0, ""kaynak"": ""BNB+BYB+OKX""}, {""usdt"": 9996352.0, ""borsa"": 1, ""fiyat"": 64775.0, ""kaynak"": ""BNB""}, {""usdt"": 7793631.0, ""borsa"": 1, ""fiyat"": 64825.0, ""kaynak"": ""BNB""}]","[{""usdt"": 36316759.0, ""borsa"": 3, ""fiyat"": 64900.0, ""kaynak"": ""BNB+BYB+OKX""}, {""usdt"": 11693892.0, ""borsa"": 1, ""fiyat"": 64925.0, ""kaynak"": ""BNB""}, {""usdt"": 10212512.0, ""borsa"": 1, ""fiyat"": 64950.0, ""kaynak"": ""BNB""}]",SPOT,0.2199,-0.1334,0.5313,0.0702,false,,false,0,3,0,3,2,1,3,31.3,32.4,IZLE,,50,64860.9,,,,,SEVIYE+TASFIYE,45,12.8,2,,,,,,,1785413280,3,0,,25,1404.7,25,,,
32553,2026-07-30 12:09:55.760129+00,64874.95,747870.5932994927,2060006.389,12094258483.0668,0.00009354600000000002,61761304.28734002,125340.54040000001,88.9,BEKLE,,0.0,125340.54040000001,1.3725,121.876,72538460.73371992,1091.275,88.9,0.0,"[{""usdt"": 18438329.0, ""borsa"": 3, ""fiyat"": 64850.0, ""kaynak"": ""BNB+BYB+OKX""}, {""usdt"": 11859440.0, ""borsa"": 3, ""fiyat"": 64875.0, ""kaynak"": ""BNB+BYB+OKX""}, {""usdt"": 9337939.0, ""borsa"": 1, ""fiyat"": 64800.0, ""kaynak"": ""BNB""}]","[{""usdt"": 39442944.0, ""borsa"": 3, ""fiyat"": 64900.0, ""kaynak"": ""BNB+BYB+OKX""}, {""usdt"": 10774233.0, ""borsa"": 1, ""fiyat"": 64950.0, ""kaynak"": ""BNB""}, {""usdt"": 9534404.0, ""borsa"": 1, ""fiyat"": 64925.0, ""kaynak"": ""BNB""}]",SPOT,0.2762,-0.0802,0.5377,0.2116,false,,false,0,3,0,3,2,1,3,29,30.1,IZLE,,25,64860.9,,,,,SEVIYE,45,13.8,2,,,,,,,1785413340,3,0,,25,1405.7,25,,,
32554,2026-07-30 12:10:56.067213+00,64883.649999999994,1772871.3699796963,2324669.494,12093394143.3846,0.00009354600000000002,56068503.494710036,151616.608,53.5,BEKLE,,0.0,151616.608,1.3725,60.256,73519137.61845991,423.553,0.0,53.5,"[{""usdt"": 16530210.0, ""borsa"": 3, ""fiyat"": 64850.0, ""kaynak"": ""BNB+BYB+OKX""}, {""usdt"": 10654613.0, ""borsa"": 3, ""fiyat"": 64875.0, ""kaynak"": ""BNB+BYB+OKX""}, {""usdt"": 9265737.0, ""borsa"": 1, ""fiyat"": 64800.0, ""kaynak"": ""BNB""}]","[{""usdt"": 22612477.0, ""borsa"": 3, ""fiyat"": 64900.0, ""kaynak"": ""BNB+BYB+OKX""}, {""usdt"": 22254096.0, ""borsa"": 3, ""fiyat"": 64875.0, ""kaynak"": ""BNB+BYB+OKX""}, {""usdt"": 10605108.0, ""borsa"": 1, ""fiyat"": 64950.0, ""kaynak"": ""BNB""}]",SPOT,0.2017,-0.1347,0.2483,0.9954,false,,false,0,2,0,3,1,1,3,25.2,26.3,IZLE,,25,64860.9,,,,,SEVIYE,45,14.8,2,,,,,,,1785413400,3,0,,25,1406.7,25,,,
32555,2026-07-30 12:11:56.321137+00,64892.95,2433543.188350595,2567345.9719999996,12100464312.9662,0.00009354600000000002,60389252.276659966,593811.4090999999,61.1,BEKLE,,0.0,593811.4090999999,1.3725,120.541,68117102.92249005,483.838,0.0,61.1,"[{""usdt"": 21503634.0, ""borsa"": 3, ""fiyat"": 64875.0, ""kaynak"": ""BNB+BYB+OKX""}, {""usdt"": 9685654.0, ""borsa"": 1, ""fiyat"": 64825.0, ""kaynak"": ""BNB""}, {""usdt"": 8718493.0, ""borsa"": 1, ""fiyat"": 64800.0, ""kaynak"": ""BNB""}]","[{""usdt"": 21154594.0, ""borsa"": 1, ""fiyat"": 65000.0, ""kaynak"": ""BNB""}, {""usdt"": 13770145.0, ""borsa"": 1, ""fiyat"": 64950.0, ""kaynak"": ""BNB""}, {""usdt"": 13531430.0, ""borsa"": 3, ""fiyat"": 64925.0, ""kaynak"": ""BNB+BYB+OKX""}]",YOK,0.0999,-0.0601,0.3564,0.6322,false,,false,0,2,0,3,2,0,3,21.6,22.7,IZLE,,25,64860.9,,,,,SEVIYE,45,15.8,2,,,,,,,1785413460,3,0,,25,1407.7,25,,,
32556,2026-07-30 12:12:56.734658+00,64935.850000000006,3925023.5908711944,3217967.6389999995,12108171892.456902,0.00009354600000000002,56570483.23220996,861388.0375999999,48.7,BEKLE,,0.0,861388.0375999999,1.3747,0,65855755.917109996,302.796,0.0,48.7,"[{""usdt"": 21010368.0, ""borsa"": 3, ""fiyat"": 64900.0, ""kaynak"": ""BNB+BYB+OKX""}, {""usdt"": 9653989.0, ""borsa"": 2, ""fiyat"": 64875.0, ""kaynak"": ""BNB+BYB""}, {""usdt"": 8375499.0, ""borsa"": 1, ""fiyat"": 64825.0, ""kaynak"": ""BNB""}]","[{""usdt"": 21710180.0, ""borsa"": 1, ""fiyat"": 65000.0, ""kaynak"": ""BNB""}, {""usdt"": 14604609.0, ""borsa"": 3, ""fiyat"": 64925.0, ""kaynak"": ""BNB+BYB+OKX""}, {""usdt"": 12788687.0, ""borsa"": 1, ""fiyat"": 64975.0, ""kaynak"": ""BNB""}]",SPOT,0.2128,-0.0758,0.5085,0.8108,false,,false,0,2,0,3,2,1,3,18.1,19.2,IZLE,,25,65000,,,,,SEVIYE,55,667.7,67,,,,,,,1785413520,3,0,,25,1408.7,25,,,
32557,2026-07-30 12:13:57.231424+00,64934.850000000006,3065780.3006275934,2675167.0029999996,12107342082.9294,0.00009354600000000002,51865905.61946998,875400.6978,28.8,BEKLE,,0.0,875400.6978,1.3747,0,68877679.37906997,120.914,0.0,28.8,"[{""usdt"": 14425679.0, ""borsa"": 3, ""fiyat"": 64900.0, ""kaynak"": ""BNB+BYB+OKX""}, {""usdt"": 14332728.0, ""borsa"": 3, ""fiyat"": 64925.0, ""kaynak"": ""BNB+BYB+OKX""}, {""usdt"": 7393819.0, ""borsa"": 1, ""fiyat"": 64875.0, ""kaynak"": ""BNB""}]","[{""usdt"": 20029113.0, ""borsa"": 1, ""fiyat"": 65000.0, ""kaynak"": ""BNB""}, {""usdt"": 14810053.0, ""borsa"": 3, ""fiyat"": 64950.0, ""kaynak"": ""BNB+BYB+OKX""}, {""usdt"": 12840461.0, ""borsa"": 1, ""fiyat"": 64975.0, ""kaynak"": ""BNB""}]",YOK,0.1081,-0.1409,0.6777,1.2206,false,,false,0,2,0,3,0,1,3,14.8,15.9,IZLE,,25,65000,,,,,SEVIYE,55,668.7,67,,,,,,,1785413580,2,0,,25,1409.7,25,,,
32558,2026-07-30 12:14:57.568+00,64960.649999999994,3065780.3006275934,2675167.0029999996,12107342082.9294,0.00009354600000000002,58633207.95043002,875400.6978,17.7,BEKLE,,0.0,875400.6978,1.3747,60.337,54395474.31419001,60.337,0.0,17.7,"[{""usdt"": 23456584.0, ""borsa"": 3, ""fiyat"": 64950.0, ""kaynak"": ""BNB+BYB+OKX""}, {""usdt"": 9460124.0, ""borsa"": 3, ""fiyat"": 64925.0, ""kaynak"": ""BNB+BYB+OKX""}, {""usdt"": 9365173.0, ""borsa"": 1, ""fiyat"": 64850.0, ""kaynak"": ""BNB""}]","[{""usdt"": 16075607.0, ""borsa"": 3, ""fiyat"": 64975.0, ""kaynak"": ""BNB+BYB+OKX""}, {""usdt"": 11357318.0, ""borsa"": 1, ""fiyat"": 65050.0, ""kaynak"": ""BNB""}, {""usdt"": 10795192.0, ""borsa"": 1, ""fiyat"": 65075.0, ""kaynak"": ""BNB""}]",SPOT,0.2547,0.0375,0.6367,1.9084,false,,false,0,3,0,3,0,0,3,11.4,12.4,IZLE,,25,65000,,,,,SEVIYE,55,669.7,67,,,,,,,1785413580,2,0,,25,1410.7,25,,,
32559,2026-07-30 12:15:57.882151+00,64972.95,11040536.344929691,6127210.352000001,12105283184.75,0.00009354600000000002,62591512.67850005,1367632.5052,39.8,BEKLE,,0.0,1367632.5052,1.3747,120.647,56898298.249089964,120.647,0.0,39.8,"[{""usdt"": 25192376.0, ""borsa"": 3, ""fiyat"": 64950.0, ""kaynak"": ""BNB+BYB+OKX""}, {""usdt"": 10057072.0, ""borsa"": 1, ""fiyat"": 64875.0, ""kaynak"": ""BNB""}, {""usdt"": 9923553.0, ""borsa"": 1, ""fiyat"": 64900.0, ""kaynak"": ""BNB""}]","[{""usdt"": 15276001.0, ""borsa"": 1, ""fiyat"": 65075.0, ""kaynak"": ""BNB""}, {""usdt"": 11330344.0, ""borsa"": 1, ""fiyat"": 65025.0, ""kaynak"": ""BNB""}, {""usdt"": 10652750.0, ""borsa"": 3, ""fiyat"": 65000.0, ""kaynak"": ""BNB+BYB+OKX""}]",SPOT,0.2678,0.0476,0.5314,0.415,false,,false,0.9222,2,0,3,1,0,3,7.9,9,IZLE,,25,65000,,,,,SEVIYE,55,670.7,67,,,,,,,1785413640,4,0,,25,1411.7,25,,,
32560,2026-07-30 12:16:58.285335+00,64910.95,11973352.123608498,4164367.8910000003,12112611421.5866,0.00009354600000000002,59550868.55150995,1389306.7603000002,37.8,BEKLE,,0.0,1389306.7603000002,1.3747,60.408,60984952.49532003,0,0.0,37.8,"[{""usdt"": 14961072.0, ""borsa"": 3, ""fiyat"": 64875.0, ""kaynak"": ""BNB+BYB+OKX""}, {""usdt"": 14663190.0, ""borsa"": 3, ""fiyat"": 64900.0, ""kaynak"": ""BNB+BYB+OKX""}, {""usdt"": 12842900.0, ""borsa"": 1, ""fiyat"": 64825.0, ""kaynak"": ""BNB""}]","[{""usdt"": 21183405.0, ""borsa"": 3, ""fiyat"": 64925.0, ""kaynak"": ""BNB+BYB+OKX""}, {""usdt"": 11637896.0, ""borsa"": 1, ""fiyat"": 64975.0, ""kaynak"": ""BNB""}, {""usdt"": 8997516.0, ""borsa"": 1, ""fiyat"": 65025.0, ""kaynak"": ""BNB""}]",SPOT,0.1756,-0.0119,0.7318,0.1116,false,,false,0.5708,1,0,3,0,0,3,4.4,5.5,IZLE,,25,64935,,,,,SEVIYE,65,0.8,1,PCT,1.95,145.22365242503318,0.0,false,0.191,1785413700,4,0,,28,1412.7,28,,,
32561,2026-07-30 12:17:59.136116+00,64888.05,10453786.9184372,2737682.2189999996,12105839250.7258,0.00009354600000000002,65919211.41870996,946682.5233,25.0,BEKLE,,0.0,946682.5233,1.3742,60.84,62540668.20232002,60.84,25.0,0.0,"[{""usdt"": 13037710.0, ""borsa"": 1, ""fiyat"": 64825.0, ""kaynak"": ""BNB""}, {""usdt"": 12511390.0, ""borsa"": 3, ""fiyat"": 64875.0, ""kaynak"": ""BNB+BYB+OKX""}, {""usdt"": 10921200.0, ""borsa"": 1, ""fiyat"": 64800.0, ""kaynak"": ""BNB""}]","[{""usdt"": 21939676.0, ""borsa"": 3, ""fiyat"": 64925.0, ""kaynak"": ""BNB+BYB+OKX""}, {""usdt"": 11134042.0, ""borsa"": 3, ""fiyat"": 64900.0, ""kaynak"": ""BNB+BYB+OKX""}, {""usdt"": 10038274.0, ""borsa"": 1, ""fiyat"": 64975.0, ""kaynak"": ""BNB""}]",YOK,0.1239,0.0263,0.8613,0.5095,false,,false,0.4758,1,0,3,0,0,3,1.3,63.6,IZLE,,25,64935,,,,,SEVIYE,65,1.8,1,,,,,,,1785413760,4,0,,28,1413.7,28,,,
32562,2026-07-30 12:18:59.444993+00,64900.45,10180708.165855099,857805.2190000002,12103792868.872,0.00009354600000000002,64219463.33183996,578130.9579,62.1,BEKLE,,0.0,578130.9579,1.3742,121.109,58615358.24284001,121.109,62.1,0.0,"[{""usdt"": 17889604.0, ""borsa"": 3, ""fiyat"": 64875.0, ""kaynak"": ""BNB+BYB+OKX""}, {""usdt"": 13037710.0, ""borsa"": 1, ""fiyat"": 64825.0, ""kaynak"": ""BNB""}, {""usdt"": 11210928.0, ""borsa"": 3, ""fiyat"": 64850.0, ""kaynak"": ""BNB+BYB+OKX""}]","[{""usdt"": 17537424.0, ""borsa"": 3, ""fiyat"": 64900.0, ""kaynak"": ""BNB+BYB+OKX""}, {""usdt"": 10591366.0, ""borsa"": 1, ""fiyat"": 64925.0, ""kaynak"": ""BNB""}, {""usdt"": 10038274.0, ""borsa"": 1, ""fiyat"": 64975.0, ""kaynak"": ""BNB""}]",YOK,0.1239,0.0456,0.6414,0.2506,false,,false,0.1816,1,0,3,0,0,3,61.5,62.6,IZLE,,25,64935,,,,,SEVIYE,65,2.9,1,,,,,,,1785413760,4,0,,28,1414.7,28,,,
32563,2026-07-30 12:19:59.795258+00,64889.95,9908894.093303908,658178.1410000002,12105214676.452501,0.00009354600000000002,62715374.080719985,49245.1273,59.4,BEKLE,,0.0,49245.1273,1.3742,181.487,58303782.127739936,181.487,59.4,0.0,"[{""usdt"": 17971997.0, ""borsa"": 3, ""fiyat"": 64875.0, ""kaynak"": ""BNB+BYB+OKX""}, {""usdt"": 13749821.0, ""borsa"": 1, ""fiyat"": 64825.0, ""kaynak"": ""BNB""}, {""usdt"": 12495539.0, ""borsa"": 3, ""fiyat"": 64900.0, ""kaynak"": ""BNB+BYB+OKX""}]","[{""usdt"": 21003627.0, ""borsa"": 3, ""fiyat"": 64925.0, ""kaynak"": ""BNB+BYB+OKX""}, {""usdt"": 11032633.0, ""borsa"": 1, ""fiyat"": 64975.0, ""kaynak"": ""BNB""}, {""usdt"": 7939358.0, ""borsa"": 1, ""fiyat"": 65000.0, ""kaynak"": ""BNB""}]",SPOT,0.1595,0.0365,0.6079,0.5072,false,,false,1.2499,2,0,3,0,0,3,58,59.1,IZLE,,25,64935,,,,,SEVIYE,65,3.9,1,,,,,,,1785413760,2,0,,28,1415.8,28,,,
32564,2026-07-30 12:21:00.174281+00,64850.95,9700528.141917609,-466538.94799999986,12100378610.22,0.00009354600000000002,61123352.29513992,324.5245,41.2,BEKLE,,0.0,324.5245,1.3742,241.844,64423206.46274005,241.844,41.2,0.0,"[{""usdt"": 19871508.0, ""borsa"": 3, ""fiyat"": 64850.0, ""kaynak"": ""BNB+BYB+OKX""}, {""usdt"": 13980163.0, ""borsa"": 2, ""fiyat"": 64825.0, ""kaynak"": ""BNB+BYB""}, {""usdt"": 10041503.0, ""borsa"": 1, ""fiyat"": 64775.0, ""kaynak"": ""BNB""}]","[{""usdt"": 16785036.0, ""borsa"": 3, ""fiyat"": 64875.0, ""kaynak"": ""BNB+BYB+OKX""}, {""usdt"": 10736336.0, ""borsa"": 1, ""fiyat"": 64975.0, ""kaynak"": ""BNB""}, {""usdt"": 10483360.0, ""borsa"": 1, ""fiyat"": 64925.0, ""kaynak"": ""BNB""}]",YOK,0.0349,-0.0263,0.085,0.6246,false,1.1279,false,4.5779,0,1,3,0,1,3,53.6,55.2,IZLE,,25,64833,,,,,SEVIYE,65,24.9,3,,,,,,,1785413760,1,0,,28,1416.8,28,,,