id,kayit_zamani,anlik_fiyat,spot_cvd,vadeli_cvd,open_interest,funding_rate,order_book_depth_bid_1pct,liquidation_pool_volume,guven_skoru,sinyal_durumu,is_win,agg_long_liq,agg_short_liq,long_short_ratio,en_olgun_emir_yasi_sn,order_book_depth_ask_1pct,en_olgun_ask_yasi_sn,long_skor,short_skor,yakin_likidite_bid,yakin_likidite_ask,emilim_borsasi,spot_egilim,perp_egilim,emilim_spot_pay,emilim_esnekligi,satici_tukenmesi,sonme_orani,alici_tukenmesi,alici_sonme_orani,spot_bid_agir_sayi,spot_ask_agir_sayi,spot_borsa_sayisi,perp_bid_agir_sayi,perp_ask_agir_sayi,perp_borsa_sayisi,spot_ob_yasi_sn,perp_ob_yasi_sn,swing_kademe,swing_yon,swing_skor,swing_seviye,swing_kisa_hedef,swing_uzun_hedef,swing_stop,swing_rr,swing_tetik,seviye_guc,seviye_yasi_dk,seviye_yenileme_sayisi,delme_min_belirleyen,delme_atr_kati,lik_yog_yon,lik_yog_ters,lik_iki_tarafli,mum_ici_konum,lik_pencere_damgasi,lik_borsa_sayisi,lik_donma_sayaci,swing_rr_kisa,harita_seviye_sayisi,harita_medyan_yas_dk,harita_grab_uygun,golge_yon,golge_kapi,golge_skor
30839,2026-07-29 07:20:59.347468+00,64475.95,807638.9511214991,142874.32100000003,11823587709.2337,0.00008766800000000002,72715824.93707997,60674.8331,82.9,BEKLE,false,0.0,60674.8331,1.551,905.406,87267977.13983004,3079.073,82.9,0.0,"[{""usdt"": 19376271.0, ""borsa"": 1, ""fiyat"": 64400.0, ""kaynak"": ""BNB""}, {""usdt"": 18581640.0, ""borsa"": 1, ""fiyat"": 64375.0, ""kaynak"": ""BNB""}, {""usdt"": 17787849.0, ""borsa"": 3, ""fiyat"": 64450.0, ""kaynak"": ""BNB+BYB+OKX""}]","[{""usdt"": 32449774.0, ""borsa"": 3, ""fiyat"": 64500.0, ""kaynak"": ""BNB+BYB+OKX""}, {""usdt"": 15487268.0, ""borsa"": 3, ""fiyat"": 64475.0, ""kaynak"": ""BNB+BYB+OKX""}, {""usdt"": 13569471.0, ""borsa"": 1, ""fiyat"": 64550.0, ""kaynak"": ""BNB""}]",SPOT,0.3566,-0.091,0.1542,1.1386,true,0.4013,false,,3,0,3,0,1,3,34.4,35.5,IZLE,,25,64456.9,,,,,SEVIYE,45,47.3,5,,,,,,,1785309600,1,0,,17,808.3,17,,,
30840,2026-07-29 07:21:59.595442+00,64427.45,1064587.1889248993,233567.41300000003,11824208100.622501,0.00008766800000000002,72192680.97992,60671.8219,54.8,BEKLE,false,0.0,60671.8219,1.551,965.8,80272088.75775997,3077.638,54.8,0.0,"[{""usdt"": 20356747.0, ""borsa"": 1, ""fiyat"": 64400.0, ""kaynak"": ""BNB""}, {""usdt"": 18213365.0, ""borsa"": 3, ""fiyat"": 64450.0, ""kaynak"": ""BNB+BYB+OKX""}, {""usdt"": 16568629.0, ""borsa"": 1, ""fiyat"": 64375.0, ""kaynak"": ""BNB""}]","[{""usdt"": 25680850.0, ""borsa"": 3, ""fiyat"": 64500.0, ""kaynak"": ""BNB+BYB+OKX""}, {""usdt"": 13668024.0, ""borsa"": 1, ""fiyat"": 64575.0, ""kaynak"": ""BNB""}, {""usdt"": 13622495.0, ""borsa"": 1, ""fiyat"": 64525.0, ""kaynak"": ""BNB""}]",SPOT,0.38,-0.053,0.147,0.3384,true,0.4351,false,,3,0,3,0,1,3,30.9,32,HAZIRLAN,LONG,50,64456.9,64456.9,65000,64370.2,10,SEVIYE+EMILIM,45,48.3,5,,,,,,,1785309600,1,0,0.51,17,809.3,17,,,
30841,2026-07-29 07:22:59.901719+00,64410.850000000006,-435496.21482870023,-1025930.6900000001,11811163334.105,0.00008766800000000002,98823708.14855008,69820.5127,100.0,BEKLE,true,0.0,69820.5127,1.551,1026.115,60249319.35685,3137.953,100.0,0.0,"[{""usdt"": 31120900.0, ""borsa"": 3, ""fiyat"": 64400.0, ""kaynak"": ""BNB+BYB+OKX""}, {""usdt"": 29004630.0, ""borsa"": 1, ""fiyat"": 64300.0, ""kaynak"": ""BNB""}, {""usdt"": 16506097.0, ""borsa"": 3, ""fiyat"": 64375.0, ""kaynak"": ""BNB+BYB+OKX""}]","[{""usdt"": 20667275.0, ""borsa"": 1, ""fiyat"": 64500.0, ""kaynak"": ""BNB""}, {""usdt"": 11612445.0, ""borsa"": 3, ""fiyat"": 64425.0, ""kaynak"": ""BNB+BYB+OKX""}, {""usdt"": 10707119.0, ""borsa"": 2, ""fiyat"": 64450.0, ""kaynak"": ""BNB+BYB""}]",HER_IKISI,0.262,0.2425,0.2901,0.2149,false,0.535,false,,3,0,3,2,0,3,27.4,28.4,IZLE,,50,64378,,,,,SEVIYE+TASFIYE,65,49.3,5,,,,,,,1785309660,1,0,,17,810.3,17,,,
30842,2026-07-29 07:24:01.542325+00,64444.850000000006,-1045167.4215341007,-1116845.8839999998,11811387654.789799,0.00008766800000000002,78166306.85260005,69820.5127,75.0,BEKLE,false,0.0,69820.5127,1.551,1087.775,75353602.92087996,3199.613,75.0,0.0,"[{""usdt"": 23106964.0, ""borsa"": 3, ""fiyat"": 64425.0, ""kaynak"": ""BNB+BYB+OKX""}, {""usdt"": 20759119.0, ""borsa"": 2, ""fiyat"": 64400.0, ""kaynak"": ""BNB+OKX""}, {""usdt"": 14241677.0, ""borsa"": 1, ""fiyat"": 64375.0, ""kaynak"": ""BNB""}]","[{""usdt"": 20398634.0, ""borsa"": 3, ""fiyat"": 64450.0, ""kaynak"": ""BNB+BYB+OKX""}, {""usdt"": 18754334.0, ""borsa"": 1, ""fiyat"": 64500.0, ""kaynak"": ""BNB""}, {""usdt"": 12680186.0, ""borsa"": 3, ""fiyat"": 64475.0, ""kaynak"": ""BNB+BYB+OKX""}]",SPOT,0.2079,0.0183,0.4005,0.4328,false,0.7048,false,,2,0,3,1,1,3,25.2,26.2,IZLE,,50,64475.9,,,,,SEVIYE+TASFIYE,45,50.3,6,,,,,,,1785309660,1,1,,16,821.3,15,,,
30843,2026-07-29 07:25:01.783826+00,64414.55,-864385.0944398986,-529721.264,11815650167.209,0.00008766800000000002,98402280.32800007,69820.5127,70.1,BEKLE,true,0.0,69820.5127,1.551,1147.955,60248892.74901997,3259.793,70.1,0.0,"[{""usdt"": 31114237.0, ""borsa"": 3, ""fiyat"": 64400.0, ""kaynak"": ""BNB+BYB+OKX""}, {""usdt"": 29141671.0, ""borsa"": 1, ""fiyat"": 64300.0, ""kaynak"": ""BNB""}, {""usdt"": 17568182.0, ""borsa"": 3, ""fiyat"": 64375.0, ""kaynak"": ""BNB+BYB+OKX""}]","[{""usdt"": 18390921.0, ""borsa"": 1, ""fiyat"": 64500.0, ""kaynak"": ""BNB""}, {""usdt"": 15336430.0, ""borsa"": 3, ""fiyat"": 64425.0, ""kaynak"": ""BNB+BYB+OKX""}, {""usdt"": 9217966.0, ""borsa"": 1, ""fiyat"": 64475.0, ""kaynak"": ""BNB""}]",HER_IKISI,0.1974,0.2405,0.4906,1.1572,false,0.5972,false,,3,0,3,1,0,3,21.5,22.6,IZLE,,25,64382.5,,,,,SEVIYE,65,51.3,6,,,,,,,1785309660,1,2,,16,822.3,15,,,
30844,2026-07-29 07:26:02.116364+00,64425.25,-523099.0728659983,-1010947.4430000001,11818130497.7222,0.00008766800000000002,95795387.59777002,9148.690799999998,86.2,BEKLE,true,0.0,9148.690799999998,1.551,1208.274,72530670.63273998,3320.112,86.2,0.0,"[{""usdt"": 29503678.0, ""borsa"": 3, ""fiyat"": 64400.0, ""kaynak"": ""BNB+BYB+OKX""}, {""usdt"": 26637558.0, ""borsa"": 1, ""fiyat"": 64300.0, ""kaynak"": ""BNB""}, {""usdt"": 17072784.0, ""borsa"": 3, ""fiyat"": 64375.0, ""kaynak"": ""BNB+BYB+OKX""}]","[{""usdt"": 20843349.0, ""borsa"": 3, ""fiyat"": 64425.0, ""kaynak"": ""BNB+BYB+OKX""}, {""usdt"": 18890822.0, ""borsa"": 1, ""fiyat"": 64500.0, ""kaynak"": ""BNB""}, {""usdt"": 12240169.0, ""borsa"": 1, ""fiyat"": 64525.0, ""kaynak"": ""BNB""}]",SPOT,0.1992,0.1382,0.4439,0.8958,true,0.2629,false,,2,0,3,1,1,3,17.1,18.6,HAZIRLAN,LONG,50,64382.5,64475.9,65000,64374.8,11.4,SEVIYE+EMILIM,65,52.3,6,,,,,,,1785309660,1,0,1.0,16,823.3,15,,,
30845,2026-07-29 07:27:02.3477+00,64437.55,-578622.9175281983,-981233.6369999999,11819170789.2399,0.00008766800000000002,77902495.95536004,0.0,99.0,BEKLE,,0.0,0.0,1.5504,1268.601,71242008.61479002,3380.439,99.0,0.0,"[{""usdt"": 25491188.0, ""borsa"": 3, ""fiyat"": 64400.0, ""kaynak"": ""BNB+BYB+OKX""}, {""usdt"": 15962038.0, ""borsa"": 1, ""fiyat"": 64375.0, ""kaynak"": ""BNB""}, {""usdt"": 13413059.0, ""borsa"": 3, ""fiyat"": 64425.0, ""kaynak"": ""BNB+BYB+OKX""}]","[{""usdt"": 24728997.0, ""borsa"": 3, ""fiyat"": 64450.0, ""kaynak"": ""BNB+BYB+OKX""}, {""usdt"": 20134670.0, ""borsa"": 1, ""fiyat"": 64500.0, ""kaynak"": ""BNB""}, {""usdt"": 11343531.0, ""borsa"": 1, ""fiyat"": 64525.0, ""kaynak"": ""BNB""}]",SPOT,0.1862,0.0447,0.4836,0.1575,true,0.2474,false,,2,0,3,0,0,3,13.6,14.7,HAZIRLAN,LONG,50,64475.9,64475.9,65000,64374.8,8.97,SEVIYE+EMILIM,45,53.3,6,,,,,,,,,0,0.61,16,824.3,15,,,
30846,2026-07-29 07:28:02.621087+00,64448.649999999994,167329.47478060093,-870082.7900000002,11826517820.6445,0.00008766800000000002,61098315.91032006,0.0,16.5,BEKLE,false,0.0,0.0,1.5504,1328.787,68363979.44771,3440.625,0.0,16.5,"[{""usdt"": 18249730.0, ""borsa"": 1, ""fiyat"": 64400.0, ""kaynak"": ""BNB""}, {""usdt"": 18160974.0, ""borsa"": 3, ""fiyat"": 64425.0, ""kaynak"": ""BNB+BYB+OKX""}, {""usdt"": 9306121.0, ""borsa"": 1, ""fiyat"": 64350.0, ""kaynak"": ""BNB""}]","[{""usdt"": 19002958.0, ""borsa"": 1, ""fiyat"": 64500.0, ""kaynak"": ""BNB""}, {""usdt"": 14598747.0, ""borsa"": 1, ""fiyat"": 64550.0, ""kaynak"": ""BNB""}, {""usdt"": 12451193.0, ""borsa"": 3, ""fiyat"": 64450.0, ""kaynak"": ""BNB+BYB+OKX""}]",SPOT,0.1672,-0.0561,0.7281,2.4204,true,0.2245,false,,2,0,3,0,0,3,10,11,IZLE,,25,64475.9,,,,,SEVIYE,45,54.3,6,,,,,,,,,0,,16,825.3,15,,,
30847,2026-07-29 07:29:02.906226+00,64479.75,-204386.11061799905,-996635.8389999999,11825751027.8484,0.00008766800000000002,95596618.39047,0.0,14.3,BEKLE,true,0.0,0.0,1.5504,1389.122,75720954.17234008,3500.96,0.0,14.3,"[{""usdt"": 52475461.0, ""borsa"": 1, ""fiyat"": 64400.0, ""kaynak"": ""BNB""}, {""usdt"": 16432785.0, ""borsa"": 3, ""fiyat"": 64450.0, ""kaynak"": ""BNB+BYB+OKX""}, {""usdt"": 9472920.0, ""borsa"": 1, ""fiyat"": 64375.0, ""kaynak"": ""BNB""}]","[{""usdt"": 26534719.0, ""borsa"": 3, ""fiyat"": 64500.0, ""kaynak"": ""BNB+BYB+OKX""}, {""usdt"": 12996215.0, ""borsa"": 1, ""fiyat"": 64550.0, ""kaynak"": ""BNB""}, {""usdt"": 12388626.0, ""borsa"": 1, ""fiyat"": 64575.0, ""kaynak"": ""BNB""}]",SPOT,0.276,0.116,0.8288,1.823,true,0.2698,false,,3,0,3,1,1,3,6.5,7.6,IZLE,,25,64475.9,,,,,SEVIYE,45,55.3,6,,,,,,,,,0,,16,826.3,15,,,
30848,2026-07-29 07:30:03.165732+00,64487.95,119699.10844300041,-930193.769,11828505414.3744,0.00008766800000000002,95616846.80460997,0.0,48.4,BEKLE,false,0.0,0.0,1.5504,1449.415,83504816.33702008,3561.253,48.4,0.0,"[{""usdt"": 52492257.0, ""borsa"": 1, ""fiyat"": 64400.0, ""kaynak"": ""BNB""}, {""usdt"": 15303447.0, ""borsa"": 3, ""fiyat"": 64475.0, ""kaynak"": ""BNB+BYB+OKX""}, {""usdt"": 10445081.0, ""borsa"": 2, ""fiyat"": 64450.0, ""kaynak"": ""BNB+BYB""}]","[{""usdt"": 42353100.0, ""borsa"": 3, ""fiyat"": 64500.0, ""kaynak"": ""BNB+BYB+OKX""}, {""usdt"": 13013461.0, ""borsa"": 1, ""fiyat"": 64550.0, ""kaynak"": ""BNB""}, {""usdt"": 13003050.0, ""borsa"": 1, ""fiyat"": 64575.0, ""kaynak"": ""BNB""}]",SPOT,0.3583,0.0676,0.6298,2.4902,false,1.2836,false,0,3,0,3,0,1,3,3,4,IZLE,,25,64475.9,,,,,SEVIYE,45,56.3,6,,,,,,,,,0,,16,827.3,15,,,
30849,2026-07-29 07:31:03.431688+00,64459.350000000006,-437906.1705968955,-217111.37899999996,11830519104.383598,0.00008766800000000002,98565665.5300099,16541.6435,52.3,BEKLE,true,0.0,16541.6435,1.5504,1509.631,81636681.14381994,3621.469,0.0,52.3,"[{""usdt"": 51438246.0, ""borsa"": 1, ""fiyat"": 64400.0, ""kaynak"": ""BNB""}, {""usdt"": 9909645.0, ""borsa"": 1, ""fiyat"": 64375.0, ""kaynak"": ""BNB""}, {""usdt"": 9872176.0, ""borsa"": 2, ""fiyat"": 64475.0, ""kaynak"": ""BYB+OKX""}]","[{""usdt"": 38551863.0, ""borsa"": 3, ""fiyat"": 64500.0, ""kaynak"": ""BNB+BYB+OKX""}, {""usdt"": 13718992.0, ""borsa"": 1, ""fiyat"": 64550.0, ""kaynak"": ""BNB""}, {""usdt"": 11730910.0, ""borsa"": 1, ""fiyat"": 64525.0, ""kaynak"": ""BNB""}]",SPOT,0.3583,0.0939,0.0692,1.4671,false,2.8685,true,0,3,0,3,1,1,3,63.2,61.7,IZLE,,25,64475.9,,,,,SEVIYE,45,57.4,6,PCT,0.53,0.0,6.210513992978266,false,0.064,1785310200,3,0,,16,828.4,15,,,
30850,2026-07-29 07:32:04.187399+00,64450.649999999994,-2067913.8039590959,-807060.8800000001,11825879490.326,0.00008766800000000002,96142238.2254799,16537.223,23.4,BEKLE,false,0.0,16537.223,1.5504,1570.413,73888142.93613994,3682.251,0.0,23.4,"[{""usdt"": 51438246.0, ""borsa"": 1, ""fiyat"": 64400.0, ""kaynak"": ""BNB""}, {""usdt"": 17659140.0, ""borsa"": 3, ""fiyat"": 64425.0, ""kaynak"": ""BNB+BYB+OKX""}, {""usdt"": 9909645.0, ""borsa"": 1, ""fiyat"": 64375.0, ""kaynak"": ""BNB""}]","[{""usdt"": 17680474.0, ""borsa"": 1, ""fiyat"": 64500.0, ""kaynak"": ""BNB""}, {""usdt"": 14280078.0, ""borsa"": 3, ""fiyat"": 64475.0, ""kaynak"": ""BNB+BYB+OKX""}, {""usdt"": 13718992.0, ""borsa"": 1, ""fiyat"": 64550.0, ""kaynak"": ""BNB""}]",SPOT,0.1939,0.1309,0.8555,0.3988,false,4.2458,true,0,2,0,3,1,1,3,59.8,61,IZLE,,25,64475.9,,,,,SEVIYE,45,58.4,6,,,,,,,1785310200,3,0,,16,829.4,15,,,
30851,2026-07-29 07:33:04.564501+00,64452.350000000006,-2195118.552718497,-780769.8020000001,11828405298.4864,0.00008766800000000002,98575150.27721994,16537.223,17.3,BEKLE,false,0.0,16537.223,1.5504,1630.642,65700413.09349999,3742.48,0.0,17.3,"[{""usdt"": 52337850.0, ""borsa"": 1, ""fiyat"": 64400.0, ""kaynak"": ""BNB""}, {""usdt"": 13883438.0, ""borsa"": 3, ""fiyat"": 64425.0, ""kaynak"": ""BNB+BYB+OKX""}, {""usdt"": 11413443.0, ""borsa"": 3, ""fiyat"": 64450.0, ""kaynak"": ""BNB+BYB+OKX""}]","[{""usdt"": 18788036.0, ""borsa"": 1, ""fiyat"": 64500.0, ""kaynak"": ""BNB""}, {""usdt"": 17376965.0, ""borsa"": 1, ""fiyat"": 64550.0, ""kaynak"": ""BNB""}, {""usdt"": 15710555.0, ""borsa"": 3, ""fiyat"": 64475.0, ""kaynak"": ""BNB+BYB+OKX""}]",HER_IKISI,0.2252,0.2001,0.9482,0.0787,false,2.305,true,0,2,0,3,3,0,3,56.2,57.3,IZLE,,25,64475.9,,,,,SEVIYE,45,59.4,6,,,,,,,1785310200,3,1,,16,830.4,15,,,
30852,2026-07-29 07:34:05.065712+00,64423.95,-3104262.4612360983,-822653.6620000001,11824337615.013699,0.00008766800000000002,64446328.843100086,16537.223,30.5,BEKLE,false,0.0,16537.223,1.5465,1691.146,74112173.13447994,3802.984,0.0,30.5,"[{""usdt"": 20474874.0, ""borsa"": 3, ""fiyat"": 64400.0, ""kaynak"": ""BNB+BYB+OKX""}, {""usdt"": 17770977.0, ""borsa"": 3, ""fiyat"": 64425.0, ""kaynak"": ""BNB+BYB+OKX""}, {""usdt"": 12339723.0, ""borsa"": 1, ""fiyat"": 64350.0, ""kaynak"": ""BNB""}]","[{""usdt"": 18076619.0, ""borsa"": 1, ""fiyat"": 64550.0, ""kaynak"": ""BNB""}, {""usdt"": 17697470.0, ""borsa"": 1, ""fiyat"": 64500.0, ""kaynak"": ""BNB""}, {""usdt"": 13598761.0, ""borsa"": 3, ""fiyat"": 64450.0, ""kaynak"": ""BNB+BYB+OKX""}]",YOK,0.1291,-0.0698,0.9189,0.9672,false,2.8247,true,0,1,0,3,0,1,3,52.9,53.9,IZLE,,25,64383,,,,,SEVIYE,65,60.4,7,,,,,,,1785310200,3,2,,15,831.4,15,,,
30853,2026-07-29 07:35:05.673824+00,64419.95,-3530315.079579396,-876607.2580000001,11824066546.4271,0.00008766800000000002,81278107.67162998,16437.223,15.0,BEKLE,false,0.0,16437.223,1.5465,1751.702,64501631.481940106,3863.54,0.0,15.0,"[{""usdt"": 44688163.0, ""borsa"": 3, ""fiyat"": 64400.0, ""kaynak"": ""BNB+BYB+OKX""}, {""usdt"": 10236750.0, ""borsa"": 1, ""fiyat"": 64350.0, ""kaynak"": ""BNB""}, {""usdt"": 9716676.0, ""borsa"": 1, ""fiyat"": 64325.0, ""kaynak"": ""BNB""}]","[{""usdt"": 17815164.0, ""borsa"": 1, ""fiyat"": 64500.0, ""kaynak"": ""BNB""}, {""usdt"": 13458900.0, ""borsa"": 3, ""fiyat"": 64450.0, ""kaynak"": ""BNB+BYB+OKX""}, {""usdt"": 12006438.0, ""borsa"": 3, ""fiyat"": 64425.0, ""kaynak"": ""BNB+BYB+OKX""}]",SPOT,0.1603,0.1151,0.9789,0.9974,false,2.7195,true,0,2,0,3,0,0,3,49.5,50.6,IZLE,,25,64383,,,,,SEVIYE,65,61.4,7,,,,,,,1785310200,2,0,,15,832.4,15,,,
30854,2026-07-29 07:36:05.975413+00,64411.95,-3039292.5120574986,-257789.06500000003,11826035745.331001,0.00008766800000000002,81546294.41478013,0.0,10.9,BEKLE,true,0.0,0.0,1.5465,1812.211,65702825.70746007,3924.049,10.9,0.0,"[{""usdt"": 45309280.0, ""borsa"": 3, ""fiyat"": 64400.0, ""kaynak"": ""BNB+BYB+OKX""}, {""usdt"": 9938090.0, ""borsa"": 1, ""fiyat"": 64325.0, ""kaynak"": ""BNB""}, {""usdt"": 8775750.0, ""borsa"": 1, ""fiyat"": 64350.0, ""kaynak"": ""BNB""}]","[{""usdt"": 18954686.0, ""borsa"": 1, ""fiyat"": 64500.0, ""kaynak"": ""BNB""}, {""usdt"": 13835557.0, ""borsa"": 3, ""fiyat"": 64450.0, ""kaynak"": ""BNB+BYB+OKX""}, {""usdt"": 12489570.0, ""borsa"": 1, ""fiyat"": 64525.0, ""kaynak"": ""BNB""}]",SPOT,0.2102,0.1076,0.9775,0.9746,false,,true,0,3,0,3,0,0,3,46.2,47.3,IZLE,,25,64383,,,,,SEVIYE,65,62.4,7,,,,,,,,,0,,15,833.4,15,,,
30855,2026-07-29 07:37:06.351284+00,64412.05,-3232966.684023498,-241090.35399999996,11824639505.207201,0.00008766800000000002,87317542.72932015,0.0,52.9,BEKLE,false,0.0,0.0,1.5439,1872.495,69159140.40371008,3984.333,0.0,52.9,"[{""usdt"": 50520629.0, ""borsa"": 3, ""fiyat"": 64400.0, ""kaynak"": ""BNB+BYB+OKX""}, {""usdt"": 11439636.0, ""borsa"": 3, ""fiyat"": 64375.0, ""kaynak"": ""BNB+BYB+OKX""}, {""usdt"": 9639046.0, ""borsa"": 1, ""fiyat"": 64325.0, ""kaynak"": ""BNB""}]","[{""usdt"": 18448983.0, ""borsa"": 1, ""fiyat"": 64500.0, ""kaynak"": ""BNB""}, {""usdt"": 15978232.0, ""borsa"": 3, ""fiyat"": 64425.0, ""kaynak"": ""BNB+BYB+OKX""}, {""usdt"": 12233420.0, ""borsa"": 1, ""fiyat"": 64525.0, ""kaynak"": ""BNB""}]",YOK,0.1285,0.116,0.5832,1.0575,false,,true,0.0943,1,0,3,1,0,3,42,43.1,IZLE,,25,64383,,,,,SEVIYE,65,63.4,7,,,,,,,,,0,,15,834.4,15,,,
30856,2026-07-29 07:38:06.665388+00,64422.25,-3429624.1456265994,-278207.09599999996,11827948010.978302,0.00008766800000000002,84766743.15575019,0.0,51.2,BEKLE,false,0.0,0.0,1.5439,1932.812,73258972.45947996,4044.65,0.0,51.2,"[{""usdt"": 43744080.0, ""borsa"": 3, ""fiyat"": 64400.0, ""kaynak"": ""BNB+BYB+OKX""}, {""usdt"": 9961014.0, ""borsa"": 1, ""fiyat"": 64350.0, ""kaynak"": ""BNB""}, {""usdt"": 9517453.0, ""borsa"": 1, ""fiyat"": 64325.0, ""kaynak"": ""BNB""}]","[{""usdt"": 18616102.0, ""borsa"": 1, ""fiyat"": 64500.0, ""kaynak"": ""BNB""}, {""usdt"": 15994325.0, ""borsa"": 3, ""fiyat"": 64450.0, ""kaynak"": ""BNB+BYB+OKX""}, {""usdt"": 13838953.0, ""borsa"": 3, ""fiyat"": 64425.0, ""kaynak"": ""BNB+BYB+OKX""}]",YOK,0.1496,0.0728,0.6255,0.8346,false,,true,0.1047,2,0,3,0,0,3,38.2,39.3,IZLE,,25,64383,,,,,SEVIYE,65,64.4,7,,,,,,,,,0,,15,835.4,15,,,
30857,2026-07-29 07:39:06.945171+00,64421.95,-3931809.563422998,-390328.959,11824066087.1628,0.00008766800000000002,83151313.44445004,0.0,49.9,BEKLE,false,0.0,0.0,1.5439,1993.14,78541740.61030997,4104.978,0.0,49.9,"[{""usdt"": 46147223.0, ""borsa"": 3, ""fiyat"": 64400.0, ""kaynak"": ""BNB+BYB+OKX""}, {""usdt"": 11043001.0, ""borsa"": 1, ""fiyat"": 64325.0, ""kaynak"": ""BNB""}, {""usdt"": 9062664.0, ""borsa"": 1, ""fiyat"": 64375.0, ""kaynak"": ""BNB""}]","[{""usdt"": 20066537.0, ""borsa"": 1, ""fiyat"": 64500.0, ""kaynak"": ""BNB""}, {""usdt"": 19165849.0, ""borsa"": 1, ""fiyat"": 64525.0, ""kaynak"": ""BNB""}, {""usdt"": 15861792.0, ""borsa"": 3, ""fiyat"": 64425.0, ""kaynak"": ""BNB+BYB+OKX""}]",YOK,0.1375,0.0285,0.5655,0.0748,false,,true,0.0172,0,0,3,0,0,3,34.7,35.8,IZLE,,25,64383,,,,,SEVIYE,65,65.4,7,,,,,,,,,0,,15,836.4,15,,,
30858,2026-07-29 07:40:08.171135+00,64435.149999999994,-4257694.884911697,-384951.372,11824761997.552399,0.00008766800000000002,111476954.03896007,128.8404,44.1,BEKLE,true,128.8404,0.0,1.5439,2054.323,73047701.40773998,4166.161,0.0,44.1,"[{""usdt"": 46802250.0, ""borsa"": 3, ""fiyat"": 64400.0, ""kaynak"": ""BNB+BYB+OKX""}, {""usdt"": 33910006.0, ""borsa"": 1, ""fiyat"": 64300.0, ""kaynak"": ""BNB""}, {""usdt"": 10588362.0, ""borsa"": 1, ""fiyat"": 64325.0, ""kaynak"": ""BNB""}]","[{""usdt"": 19035633.0, ""borsa"": 1, ""fiyat"": 64500.0, ""kaynak"": ""BNB""}, {""usdt"": 16610799.0, ""borsa"": 1, ""fiyat"": 64525.0, ""kaynak"": ""BNB""}, {""usdt"": 13911030.0, ""borsa"": 3, ""fiyat"": 64450.0, ""kaynak"": ""BNB+BYB+OKX""}]",HER_IKISI,0.164,0.2083,0.5014,0.5737,false,,true,0.0572,1,0,3,1,0,3,31.6,32.6,IZLE,,25,64383,,,,,SEVIYE,65,66.4,7,,,,,,,1785310740,1,0,,15,837.4,15,,,
30859,2026-07-29 07:41:08.5601+00,64435.05,-4016068.7483625985,408771.57,11827639680.8049,0.00008766800000000002,86066920.61300008,128.8598,57.1,BEKLE,,128.8598,0.0,1.5439,2114.692,79203990.67441002,4226.53,0.0,57.1,"[{""usdt"": 42912204.0, ""borsa"": 3, ""fiyat"": 64400.0, ""kaynak"": ""BNB+BYB+OKX""}, {""usdt"": 16231307.0, ""borsa"": 3, ""fiyat"": 64425.0, ""kaynak"": ""BNB+BYB+OKX""}, {""usdt"": 9552878.0, ""borsa"": 1, ""fiyat"": 64350.0, ""kaynak"": ""BNB""}]","[{""usdt"": 21626341.0, ""borsa"": 3, ""fiyat"": 64450.0, ""kaynak"": ""BNB+BYB+OKX""}, {""usdt"": 18125229.0, ""borsa"": 1, ""fiyat"": 64500.0, ""kaynak"": ""BNB""}, {""usdt"": 15832041.0, ""borsa"": 1, ""fiyat"": 64525.0, ""kaynak"": ""BNB""}]",YOK,0.0784,0.0415,0.4991,0.6463,false,,true,0.1336,0,0,3,0,1,3,28.1,29.2,IZLE,,25,64383,,,,,SEVIYE,65,67.4,7,,,,,,,1785310740,1,0,,15,838.4,15,,,
30860,2026-07-29 07:42:08.794641+00,64435.05,-4315688.001614098,400812.137,11827374079.702198,0.00008766800000000002,86581787.05472006,128.8598,56.7,BEKLE,false,128.8598,0.0,1.5329,2175.043,77889659.44464003,4286.881,0.0,56.7,"[{""usdt"": 42809539.0, ""borsa"": 3, ""fiyat"": 64400.0, ""kaynak"": ""BNB+BYB+OKX""}, {""usdt"": 16674805.0, ""borsa"": 3, ""fiyat"": 64425.0, ""kaynak"": ""BNB+BYB+OKX""}, {""usdt"": 9823478.0, ""borsa"": 1, ""fiyat"": 64325.0, ""kaynak"": ""BNB""}]","[{""usdt"": 21683220.0, ""borsa"": 1, ""fiyat"": 64500.0, ""kaynak"": ""BNB""}, {""usdt"": 21047636.0, ""borsa"": 3, ""fiyat"": 64450.0, ""kaynak"": ""BNB+BYB+OKX""}, {""usdt"": 13098699.0, ""borsa"": 1, ""fiyat"": 64525.0, ""kaynak"": ""BNB""}]",YOK,0.1342,0.0528,0.5342,0.6214,false,,true,0.2622,1,0,3,0,0,3,24.6,25.7,IZLE,,25,64383,,,,,SEVIYE,65,68.4,7,,,,,,,1785310740,1,1,,15,839.4,15,,,
30861,2026-07-29 07:43:09.041946+00,64456.149999999994,-4898500.9924706,738899.6569999999,11827666397.0309,0.00008766800000000002,81891275.38252002,128.8598,68.8,BEKLE,false,128.8598,0.0,1.5329,2235.23,84790459.48209998,4347.068,0.0,68.8,"[{""usdt"": 36615233.0, ""borsa"": 1, ""fiyat"": 64400.0, ""kaynak"": ""BNB""}, {""usdt"": 18815626.0, ""borsa"": 3, ""fiyat"": 64425.0, ""kaynak"": ""BNB+BYB+OKX""}, {""usdt"": 9131134.0, ""borsa"": 1, ""fiyat"": 64350.0, ""kaynak"": ""BNB""}]","[{""usdt"": 22472593.0, ""borsa"": 3, ""fiyat"": 64450.0, ""kaynak"": ""BNB+BYB+OKX""}, {""usdt"": 19079816.0, ""borsa"": 1, ""fiyat"": 64500.0, ""kaynak"": ""BNB""}, {""usdt"": 17456975.0, ""borsa"": 1, ""fiyat"": 64550.0, ""kaynak"": ""BNB""}]",SPOT,0.1824,-0.0174,0.4954,0.626,false,,true,0.462,2,0,3,0,2,3,21,22,IZLE,,25,64487.9,,,,,SEVIYE,45,69.4,7,,,,,,,1785310740,1,2,,15,840.4,15,,,
30862,2026-07-29 07:44:09.325409+00,64458.55,-4789833.851745694,1351430.682,11831735451.0105,0.00008766800000000002,82995481.99544005,128.8598,93.7,BEKLE,false,128.8598,0.0,1.5329,2295.533,82440803.45555994,4407.371,0.0,93.7,"[{""usdt"": 35779519.0, ""borsa"": 1, ""fiyat"": 64400.0, ""kaynak"": ""BNB""}, {""usdt"": 14757798.0, ""borsa"": 3, ""fiyat"": 64450.0, ""kaynak"": ""BNB+BYB+OKX""}, {""usdt"": 13596153.0, ""borsa"": 3, ""fiyat"": 64425.0, ""kaynak"": ""BNB+BYB+OKX""}]","[{""usdt"": 26372999.0, ""borsa"": 3, ""fiyat"": 64475.0, ""kaynak"": ""BNB+BYB+OKX""}, {""usdt"": 19600270.0, ""borsa"": 1, ""fiyat"": 64550.0, ""kaynak"": ""BNB""}, {""usdt"": 17352779.0, ""borsa"": 1, ""fiyat"": 64500.0, ""kaynak"": ""BNB""}]",SPOT,0.236,0.0034,0.2427,0.5841,false,0.8805,false,0.9013,2,0,3,0,1,3,17,18.5,IZLE,,25,64433.6,,,,,SEVIYE,50,0.4,1,,,,,,,1785310740,1,3,,16,841.4,16,,,
30863,2026-07-29 07:45:09.545442+00,64468.649999999994,-5060685.681765792,1332657.8510000003,11832887255.5995,0.00008766800000000002,89250838.14232002,0.0,94.3,BEKLE,false,0.0,0.0,1.5329,2355.8,81223384.48338997,4467.638,0.0,94.3,"[{""usdt"": 34974865.0, ""borsa"": 1, ""fiyat"": 64400.0, ""kaynak"": ""BNB""}, {""usdt"": 24371208.0, ""borsa"": 3, ""fiyat"": 64450.0, ""kaynak"": ""BNB+BYB+OKX""}, {""usdt"": 10516772.0, ""borsa"": 2, ""fiyat"": 64425.0, ""kaynak"": ""BNB+OKX""}]","[{""usdt"": 22659203.0, ""borsa"": 3, ""fiyat"": 64475.0, ""kaynak"": ""BNB+BYB+OKX""}, {""usdt"": 21678443.0, ""borsa"": 2, ""fiyat"": 64500.0, ""kaynak"": ""BNB+BYB""}, {""usdt"": 13849984.0, ""borsa"": 1, ""fiyat"": 64550.0, ""kaynak"": ""BNB""}]",SPOT,0.3383,0.0471,0.2332,0.5489,false,0.5434,false,0.9964,3,0,3,0,1,3,13.4,14.5,IZLE,,25,64487.9,,,,,SEVIYE,45,71.5,8,,,,,,,,,0,,16,842.5,16,SHORT,"hedef,surec",94.3027945136162
30864,2026-07-29 07:46:09.954026+00,64448.95,-2216941.496326692,1378789.583,11832889721.8625,0.00008766800000000002,88840505.43576011,0.0,54.4,BEKLE,false,0.0,0.0,1.5329,2416.054,63537595.66801995,4527.892,0.0,54.4,"[{""usdt"": 36422102.0, ""borsa"": 1, ""fiyat"": 64400.0, ""kaynak"": ""BNB""}, {""usdt"": 21362325.0, ""borsa"": 3, ""fiyat"": 64425.0, ""kaynak"": ""BNB+BYB+OKX""}, {""usdt"": 10623714.0, ""borsa"": 1, ""fiyat"": 64350.0, ""kaynak"": ""BNB""}]","[{""usdt"": 17618316.0, ""borsa"": 1, ""fiyat"": 64500.0, ""kaynak"": ""BNB""}, {""usdt"": 14438912.0, ""borsa"": 1, ""fiyat"": 64550.0, ""kaynak"": ""BNB""}, {""usdt"": 11169689.0, ""borsa"": 1, ""fiyat"": 64525.0, ""kaynak"": ""BNB""}]",HER_IKISI,0.2974,0.1661,0.5469,0.2383,true,0.0188,false,0.9038,3,0,3,2,0,3,9.7,10.8,HAZIRLAN,LONG,50,64433.6,64487.9,65000,64426,24.05,SEVIYE+EMILIM,50,2.4,1,,,,,,,,,0,1.7,16,843.5,16,,,
30865,2026-07-29 07:47:11.333022+00,64467.95,-2384945.799475093,1408368.6530000002,11837363734.366001,0.00008766800000000002,86017835.85008,0.0,63.9,BEKLE,false,0.0,0.0,1.5329,2477.424,83989229.26207991,4589.262,0.0,63.9,"[{""usdt"": 35842027.0, ""borsa"": 1, ""fiyat"": 64400.0, ""kaynak"": ""BNB""}, {""usdt"": 18577736.0, ""borsa"": 3, ""fiyat"": 64450.0, ""kaynak"": ""BNB+BYB+OKX""}, {""usdt"": 10353230.0, ""borsa"": 1, ""fiyat"": 64375.0, ""kaynak"": ""BNB""}]","[{""usdt"": 25574253.0, ""borsa"": 3, ""fiyat"": 64475.0, ""kaynak"": ""BNB+BYB+OKX""}, {""usdt"": 21228003.0, ""borsa"": 2, ""fiyat"": 64500.0, ""kaynak"": ""BNB+BYB""}, {""usdt"": 14924258.0, ""borsa"": 1, ""fiyat"": 64550.0, ""kaynak"": ""BNB""}]",SPOT,0.3256,0.0119,0.5549,0.5334,true,0.023,false,0.9901,3,0,3,0,2,3,7.3,8.3,HAZIRLAN,LONG,50,64487.9,64487.9,65000,64426,12.69,SEVIYE+EMILIM,45,73.5,8,,,,,,,,,0,0.48,16,844.5,16,,,
30866,2026-07-29 07:48:11.623229+00,64468.05,-2913608.3451442923,1381611.483,11838092409.6054,0.00008766800000000002,87714915.59714991,128.94580000000002,45.5,BEKLE,false,0.0,128.94580000000002,1.5291,2537.845,73256466.74751998,4649.683,0.0,45.5,"[{""usdt"": 37375374.0, ""borsa"": 1, ""fiyat"": 64400.0, ""kaynak"": ""BNB""}, {""usdt"": 20195023.0, ""borsa"": 3, ""fiyat"": 64450.0, ""kaynak"": ""BNB+BYB+OKX""}, {""usdt"": 11369932.0, ""borsa"": 3, ""fiyat"": 64425.0, ""kaynak"": ""BNB+BYB+OKX""}]","[{""usdt"": 18058092.0, ""borsa"": 1, ""fiyat"": 64500.0, ""kaynak"": ""BNB""}, {""usdt"": 17098108.0, ""borsa"": 3, ""fiyat"": 64475.0, ""kaynak"": ""BNB+BYB+OKX""}, {""usdt"": 13093082.0, ""borsa"": 1, ""fiyat"": 64550.0, ""kaynak"": ""BNB""}]",SPOT,0.3204,0.0898,0.6677,0.2257,true,0,false,1.0392,3,0,3,0,0,3,3.8,4.9,HAZIRLAN,LONG,50,64487.9,64487.9,65000,64426,12.66,SEVIYE+EMILIM,45,74.5,8,,,,,,,1785311220,1,0,0.47,16,845.5,16,,,
30867,2026-07-29 07:49:11.93528+00,64484.45,-2728805.911545991,1016702.6079999998,11840845772.656101,0.00008766800000000002,85812846.00844994,128.94580000000002,48.6,BEKLE,,0.0,128.94580000000002,1.5291,2598.088,81006130.13751999,4709.926,48.6,0.0,"[{""usdt"": 39230785.0, ""borsa"": 1, ""fiyat"": 64400.0, ""kaynak"": ""BNB""}, {""usdt"": 20879879.0, ""borsa"": 3, ""fiyat"": 64450.0, ""kaynak"": ""BNB+BYB+OKX""}, {""usdt"": 10707205.0, ""borsa"": 3, ""fiyat"": 64425.0, ""kaynak"": ""BNB+BYB+OKX""}]","[{""usdt"": 21993448.0, ""borsa"": 1, ""fiyat"": 64500.0, ""kaynak"": ""BNB""}, {""usdt"": 13425353.0, ""borsa"": 1, ""fiyat"": 64575.0, ""kaynak"": ""BNB""}, {""usdt"": 12529476.0, ""borsa"": 3, ""fiyat"": 64475.0, ""kaynak"": ""BNB+BYB+OKX""}]",SPOT,0.3869,0.0288,0.8003,0.567,true,0,false,1.1151,3,0,3,0,0,3,63.6,62.6,HAZIRLAN,LONG,50,64487.9,64487.9,65000,64426,8.83,SEVIYE+EMILIM,45,75.5,8,,,,,,,1785311220,1,1,0.06,16,846.5,16,,,
30868,2026-07-29 07:50:12.187645+00,64489.649999999994,-2008456.713248389,984911.7089999999,11842397229.0527,0.00008766800000000002,86076439.27249995,128.94580000000002,49.6,BEKLE,false,0.0,128.94580000000002,1.5291,2658.386,81751785.78176,4770.224,49.6,0.0,"[{""usdt"": 39230785.0, ""borsa"": 1, ""fiyat"": 64400.0, ""kaynak"": ""BNB""}, {""usdt"": 17446836.0, ""borsa"": 3, ""fiyat"": 64450.0, ""kaynak"": ""BNB+BYB+OKX""}, {""usdt"": 11698275.0, ""borsa"": 3, ""fiyat"": 64475.0, ""kaynak"": ""BNB+BYB+OKX""}]","[{""usdt"": 30151700.0, ""borsa"": 3, ""fiyat"": 64500.0, ""kaynak"": ""BNB+BYB+OKX""}, {""usdt"": 13425353.0, ""borsa"": 1, ""fiyat"": 64575.0, ""kaynak"": ""BNB""}, {""usdt"": 12264486.0, ""borsa"": 1, ""fiyat"": 64550.0, ""kaynak"": ""BNB""}]",SPOT,0.4077,0.0258,0.851,0.3301,true,0,false,2.5997,3,0,3,1,1,3,60.5,61.6,HAZIRLAN,LONG,50,64487.9,65000,65000,64480.3,54.78,SEVIYE+EMILIM,45,76.5,8,,,,,,,1785311220,1,2,54.78,16,847.5,16,,,
30869,2026-07-29 07:51:12.454338+00,64471.95,-3560107.6050984887,872371.0970000001,11839557900.3393,0.00008766800000000002,88382713.68937002,386.8786,68.4,BEKLE,false,0.0,386.8786,1.5291,2718.707,85214188.52071998,4830.545,68.4,0.0,"[{""usdt"": 38935544.0, ""borsa"": 1, ""fiyat"": 64400.0, ""kaynak"": ""BNB""}, {""usdt"": 17657035.0, ""borsa"": 3, ""fiyat"": 64475.0, ""kaynak"": ""BNB+BYB+OKX""}, {""usdt"": 12417831.0, ""borsa"": 3, ""fiyat"": 64450.0, ""kaynak"": ""BNB+BYB+OKX""}]","[{""usdt"": 36439366.0, ""borsa"": 3, ""fiyat"": 64500.0, ""kaynak"": ""BNB+BYB+OKX""}, {""usdt"": 13396577.0, ""borsa"": 1, ""fiyat"": 64550.0, ""kaynak"": ""BNB""}, {""usdt"": 12964843.0, ""borsa"": 1, ""fiyat"": 64525.0, ""kaynak"": ""BNB""}]",SPOT,0.4067,0.0183,0.6331,0.6114,true,0.0354,false,1.1499,3,0,3,0,2,3,57,58.1,HAZIRLAN,LONG,50,64487.9,64487.9,65000,64426,11.5,SEVIYE+EMILIM,45,77.5,8,,,,,,,1785311400,1,0,0.35,16,848.5,16,,,
30870,2026-07-29 07:52:12.749125+00,64458.75,-3560107.6050984887,872371.0970000001,11839557900.3393,0.00008766800000000002,83580117.69289,386.8786,56.0,BEKLE,false,0.0,386.8786,1.5272,2778.889,72998999.48193993,4890.727,56.0,0.0,"[{""usdt"": 36741472.0, ""borsa"": 1, ""fiyat"": 64400.0, ""kaynak"": ""BNB""}, {""usdt"": 18017333.0, ""borsa"": 3, ""fiyat"": 64450.0, ""kaynak"": ""BNB+BYB+OKX""}, {""usdt"": 11425925.0, ""borsa"": 1, ""fiyat"": 64375.0, ""kaynak"": ""BNB""}]","[{""usdt"": 17509896.0, ""borsa"": 2, ""fiyat"": 64500.0, ""kaynak"": ""BNB+BYB""}, {""usdt"": 16742152.0, ""borsa"": 1, ""fiyat"": 64550.0, ""kaynak"": ""BNB""}, {""usdt"": 15825410.0, ""borsa"": 3, ""fiyat"": 64475.0, ""kaynak"": ""BNB+BYB+OKX""}]",SPOT,0.3217,0.0676,0.5879,0.2595,true,0.0135,false,,3,0,3,0,1,3,53.3,54.4,HAZIRLAN,LONG,50,64433.6,64487.9,65000,64426,16.55,SEVIYE+EMILIM,50,8.4,1,,,,,,,1785311400,1,0,0.89,16,849.5,16,,,
30871,2026-07-29 07:53:13.080789+00,64458.75,-4214151.88507779,846287.906,11832158286.664799,0.00008766800000000002,84466172.37831002,257.9328,61.1,BEKLE,false,0.0,257.9328,1.5272,2839.221,72309644.82668994,2839.221,61.1,0.0,"[{""usdt"": 37738536.0, ""borsa"": 1, ""fiyat"": 64400.0, ""kaynak"": ""BNB""}, {""usdt"": 14584669.0, ""borsa"": 3, ""fiyat"": 64450.0, ""kaynak"": ""BNB+BYB+OKX""}, {""usdt"": 13349406.0, ""borsa"": 3, ""fiyat"": 64425.0, ""kaynak"": ""BNB+BYB+OKX""}]","[{""usdt"": 17217755.0, ""borsa"": 3, ""fiyat"": 64475.0, ""kaynak"": ""BNB+BYB+OKX""}, {""usdt"": 16228766.0, ""borsa"": 1, ""fiyat"": 64500.0, ""kaynak"": ""BNB""}, {""usdt"": 15477745.0, ""borsa"": 1, ""fiyat"": 64550.0, ""kaynak"": ""BNB""}]",SPOT,0.3173,0.0775,0.6125,0.2469,true,0.0232,false,,3,0,3,0,0,3,49.8,50.9,HAZIRLAN,LONG,50,64433.6,64487.9,65000,64426,16.55,SEVIYE+EMILIM,50,9.4,1,,,,,,,1785311400,1,0,0.89,16,850.5,16,,,
30872,2026-07-29 07:54:13.455012+00,64455.05,-5125363.742137592,866920.8459999999,11832987256.9501,0.00008766800000000002,96065033.28156,257.9328,23.9,BEKLE,false,0.0,257.9328,1.5272,2899.6,65513326.4489999,2899.6,23.9,0.0,"[{""usdt"": 37713976.0, ""borsa"": 1, ""fiyat"": 64400.0, ""kaynak"": ""BNB""}, {""usdt"": 24468335.0, ""borsa"": 3, ""fiyat"": 64450.0, ""kaynak"": ""BNB+BYB+OKX""}, {""usdt"": 15165570.0, ""borsa"": 3, ""fiyat"": 64425.0, ""kaynak"": ""BNB+BYB+OKX""}]","[{""usdt"": 16539380.0, ""borsa"": 1, ""fiyat"": 64500.0, ""kaynak"": ""BNB""}, {""usdt"": 13391506.0, ""borsa"": 3, ""fiyat"": 64475.0, ""kaynak"": ""BNB+BYB+OKX""}, {""usdt"": 13365302.0, ""borsa"": 1, ""fiyat"": 64550.0, ""kaynak"": ""BNB""}]",HER_IKISI,0.3586,0.1891,0.9141,0.6124,true,0.0643,false,,3,0,3,3,0,3,46,47.1,HAZIRLAN,LONG,50,64424.6,64489.6,65000,64417.3,14.44,SEVIYE+EMILIM,70,10.4,2,,,,,,,1785311400,1,1,0.92,18,841.5,18,,,
30873,2026-07-29 07:55:14.606825+00,64431.350000000006,-5527460.289646391,678910.409,11831498180.9156,0.00008766800000000002,89648983.78214012,257.9328,39.2,BEKLE,false,0.0,257.9328,1.5272,2960.512,78109978.36978,2960.512,39.2,0.0,"[{""usdt"": 43608861.0, ""borsa"": 3, ""fiyat"": 64400.0, ""kaynak"": ""BNB+BYB+OKX""}, {""usdt"": 18539325.0, ""borsa"": 3, ""fiyat"": 64425.0, ""kaynak"": ""BNB+BYB+OKX""}, {""usdt"": 10845550.0, ""borsa"": 1, ""fiyat"": 64350.0, ""kaynak"": ""BNB""}]","[{""usdt"": 20621364.0, ""borsa"": 1, ""fiyat"": 64500.0, ""kaynak"": ""BNB""}, {""usdt"": 18376075.0, ""borsa"": 3, ""fiyat"": 64450.0, ""kaynak"": ""BNB+BYB+OKX""}, {""usdt"": 14030734.0, ""borsa"": 1, ""fiyat"": 64550.0, ""kaynak"": ""BNB""}]",SPOT,0.262,0.0688,0.8844,0.8001,true,0.1221,false,,3,0,3,0,0,3,43,44.1,HAZIRLAN,LONG,50,64424.6,64489.6,65000,64417.3,40.54,SEVIYE+EMILIM,70,11.5,2,,,,,,,1785311400,1,2,4.15,18,842.5,18,,,
30874,2026-07-29 07:56:15.053296+00,64461.75,-5825051.6688439995,-1535221.2270000002,11827404925.8167,0.00008766800000000002,80876905.23446003,0.0,100.0,BEKLE,false,0.0,0.0,1.5272,3021.191,82348653.33436996,3021.191,100.0,0.0,"[{""usdt"": 36476504.0, ""borsa"": 2, ""fiyat"": 64400.0, ""kaynak"": ""BNB+OKX""}, {""usdt"": 16508122.0, ""borsa"": 3, ""fiyat"": 64425.0, ""kaynak"": ""BNB+BYB+OKX""}, {""usdt"": 10659075.0, ""borsa"": 1, ""fiyat"": 64350.0, ""kaynak"": ""BNB""}]","[{""usdt"": 22270355.0, ""borsa"": 3, ""fiyat"": 64450.0, ""kaynak"": ""BNB+BYB+OKX""}, {""usdt"": 15380511.0, ""borsa"": 1, ""fiyat"": 64500.0, ""kaynak"": ""BNB""}, {""usdt"": 14920353.0, ""borsa"": 1, ""fiyat"": 64525.0, ""kaynak"": ""BNB""}]",SPOT,0.2451,-0.009,0.3849,0.0947,false,1.1048,false,,2,0,3,0,2,3,39.9,41,IZLE,,25,64489.6,,,,,SEVIYE,45,82.5,9,,,,,,,,,0,,18,843.5,18,,,
30875,2026-07-29 07:57:15.317401+00,64462.649999999994,-6133805.679951198,-1342812.7510000002,11831982227.8839,0.00008766800000000002,79827317.55006005,322.2935,100.0,BEKLE,false,322.2935,0.0,1.5265,3081.572,82931417.22703993,3081.572,100.0,0.0,"[{""usdt"": 35791814.0, ""borsa"": 1, ""fiyat"": 64400.0, ""kaynak"": ""BNB""}, {""usdt"": 12398489.0, ""borsa"": 3, ""fiyat"": 64450.0, ""kaynak"": ""BNB+BYB+OKX""}, {""usdt"": 12005105.0, ""borsa"": 3, ""fiyat"": 64425.0, ""kaynak"": ""BNB+BYB+OKX""}]","[{""usdt"": 24838840.0, ""borsa"": 3, ""fiyat"": 64475.0, ""kaynak"": ""BNB+BYB+OKX""}, {""usdt"": 17938232.0, ""borsa"": 1, ""fiyat"": 64550.0, ""kaynak"": ""BNB""}, {""usdt"": 17458306.0, ""borsa"": 2, ""fiyat"": 64500.0, ""kaynak"": ""BNB+BYB""}]",SPOT,0.3174,-0.0191,0.4359,0.0361,false,1.2816,false,,2,0,3,0,2,3,36.5,37.5,IZLE,,25,64489.6,,,,,SEVIYE,45,83.5,9,,,,,,,1785311700,1,0,,18,844.5,18,,,
30876,2026-07-29 07:58:15.594025+00,64483.850000000006,-5740934.521817797,-1446923.2000000002,11831025201.8272,0.00008766800000000002,85087726.38474005,322.2935,100.0,BEKLE,false,322.2935,0.0,1.5265,3141.768,68229125.73866,3141.768,100.0,0.0,"[{""usdt"": 36197031.0, ""borsa"": 1, ""fiyat"": 64400.0, ""kaynak"": ""BNB""}, {""usdt"": 13340571.0, ""borsa"": 3, ""fiyat"": 64425.0, ""kaynak"": ""BNB+BYB+OKX""}, {""usdt"": 11862313.0, ""borsa"": 3, ""fiyat"": 64450.0, ""kaynak"": ""BNB+BYB+OKX""}]","[{""usdt"": 17097326.0, ""borsa"": 2, ""fiyat"": 64500.0, ""kaynak"": ""BNB+BYB""}, {""usdt"": 15292004.0, ""borsa"": 3, ""fiyat"": 64475.0, ""kaynak"": ""BNB+BYB+OKX""}, {""usdt"": 14864547.0, ""borsa"": 1, ""fiyat"": 64525.0, ""kaynak"": ""BNB""}]",SPOT,0.3252,0.11,0.3069,0.2757,false,1.5989,false,,3,0,3,1,0,3,32.8,33.9,IZLE,,25,64489.6,,,,,SEVIYE,45,84.6,9,,,,,,,1785311700,1,1,,18,845.5,18,,,
30877,2026-07-29 07:59:15.997674+00,64522.95,-5558166.215682697,-98574.03999999998,11838146508.8507,0.00008766800000000002,80303638.87791991,15610.4288,86.5,BEKLE,false,322.2935,15288.1353,1.5265,3202.09,64658689.84221,1087.398,86.5,0.0,"[{""usdt"": 36532723.0, ""borsa"": 1, ""fiyat"": 64400.0, ""kaynak"": ""BNB""}, {""usdt"": 14214299.0, ""borsa"": 3, ""fiyat"": 64500.0, ""kaynak"": ""BNB+BYB+OKX""}, {""usdt"": 11906618.0, ""borsa"": 1, ""fiyat"": 64425.0, ""kaynak"": ""BNB""}]","[{""usdt"": 19707807.0, ""borsa"": 3, ""fiyat"": 64525.0, ""kaynak"": ""BNB+BYB+OKX""}, {""usdt"": 12428721.0, ""borsa"": 2, ""fiyat"": 64550.0, ""kaynak"": ""BNB+BYB""}, {""usdt"": 12202419.0, ""borsa"": 1, ""fiyat"": 64575.0, ""kaynak"": ""BNB""}]",SPOT,0.2921,0.1079,0.2297,1.9688,false,0.7396,false,,3,0,3,1,2,3,29,30.1,IZLE,,25,64489.6,,,,,SEVIYE,45,85.6,9,,,,,,,1785311880,2,0,,18,846.5,18,,,
30878,2026-07-29 08:00:16.487014+00,64549.649999999994,-6010456.157341393,959056.3780000001,11838203414.096,0.00008766800000000002,49946360.73485008,115225.22399999999,19.8,BEKLE,true,322.2935,114902.93049999999,1.5265,60.442,64493512.905129984,1147.84,0.0,19.8,"[{""usdt"": 16504151.0, ""borsa"": 3, ""fiyat"": 64500.0, ""kaynak"": ""BNB+BYB+OKX""}, {""usdt"": 9319170.0, ""borsa"": 1, ""fiyat"": 64475.0, ""kaynak"": ""BNB""}, {""usdt"": 9107876.0, ""borsa"": 1, ""fiyat"": 64425.0, ""kaynak"": ""BNB""}]","[{""usdt"": 17269858.0, ""borsa"": 3, ""fiyat"": 64550.0, ""kaynak"": ""BNB+BYB+OKX""}, {""usdt"": 11382732.0, ""borsa"": 1, ""fiyat"": 64575.0, ""kaynak"": ""BNB""}, {""usdt"": 11022276.0, ""borsa"": 3, ""fiyat"": 64525.0, ""kaynak"": ""BNB+BYB+OKX""}]",SPOT,0.238,-0.1271,0.5342,7.1513,false,1.0326,false,,3,0,3,0,1,3,25.6,26.7,IZLE,,25,64489.6,,,,,SEVIYE,45,86.6,9,,,,,,,1785311940,3,0,,18,847.6,18,,,
30879,2026-07-29 08:01:17.772109+00,64517.850000000006,-3920423.1618088004,1818042.4979999997,11825701333.7076,0.00008278,56077494.81135002,239206.68039999995,63.0,BEKLE,true,0.0,239206.68039999995,1.5265,61.387,61697094.5357,121.829,0.0,63.0,"[{""usdt"": 19128371.0, ""borsa"": 3, ""fiyat"": 64500.0, ""kaynak"": ""BNB+BYB+OKX""}, {""usdt"": 10066141.0, ""borsa"": 3, ""fiyat"": 64525.0, ""kaynak"": ""BNB+BYB+OKX""}, {""usdt"": 10020347.0, ""borsa"": 1, ""fiyat"": 64450.0, ""kaynak"": ""BNB""}]","[{""usdt"": 14306191.0, ""borsa"": 3, ""fiyat"": 64550.0, ""kaynak"": ""BNB+BYB+OKX""}, {""usdt"": 12502075.0, ""borsa"": 1, ""fiyat"": 64575.0, ""kaynak"": ""BNB""}, {""usdt"": 10204951.0, ""borsa"": 1, ""fiyat"": 64650.0, ""kaynak"": ""BNB""}]",SPOT,0.2191,-0.0477,0.2742,0.4412,true,0.4565,false,,3,0,3,0,0,3,23.2,24.2,HAZIRLAN,LONG,50,64489.6,65000,65000,64482.3,13.57,SEVIYE+EMILIM,45,87.6,9,,,,,,,1785311940,3,0,13.57,18,848.6,18,,,
30880,2026-07-29 08:02:18.230579+00,64518.75,-4603010.0318104,1983544.6799999997,11822300430.646202,0.00008278,87330974.55274008,249659.29799999998,62.9,BEKLE,true,0.0,249659.29799999998,1.5265,60.499,59357610.74144997,182.328,0.0,62.9,"[{""usdt"": 38436040.0, ""borsa"": 1, ""fiyat"": 64400.0, ""kaynak"": ""BNB""}, {""usdt"": 16717234.0, ""borsa"": 3, ""fiyat"": 64475.0, ""kaynak"": ""BNB+BYB+OKX""}, {""usdt"": 12214713.0, ""borsa"": 2, ""fiyat"": 64450.0, ""kaynak"": ""BNB+BYB""}]","[{""usdt"": 15950903.0, ""borsa"": 3, ""fiyat"": 64500.0, ""kaynak"": ""BNB+BYB+OKX""}, {""usdt"": 13035022.0, ""borsa"": 1, ""fiyat"": 64575.0, ""kaynak"": ""BNB""}, {""usdt"": 12598414.0, ""borsa"": 1, ""fiyat"": 64600.0, ""kaynak"": ""BNB""}]",PERP,0.1241,0.1907,0.2344,0.4692,true,0.3088,false,,2,0,3,1,1,3,19.8,20.9,IZLE,,50,64489.6,,,,,SEVIYE+TASFIYE,45,88.6,9,,,,,,,1785312000,3,0,,18,849.6,18,,,
30881,2026-07-29 08:03:19.188478+00,64497.45,-5481581.531949304,886802.48,11824357605.6856,0.00008278,85658931.06340995,249659.29799999998,64.1,BEKLE,true,0.0,249659.29799999998,1.5208,121.49,59198039.67426002,243.319,0.0,64.1,"[{""usdt"": 38122327.0, ""borsa"": 1, ""fiyat"": 64400.0, ""kaynak"": ""BNB""}, {""usdt"": 16569508.0, ""borsa"": 3, ""fiyat"": 64475.0, ""kaynak"": ""BNB+BYB+OKX""}, {""usdt"": 9584611.0, ""borsa"": 1, ""fiyat"": 64450.0, ""kaynak"": ""BNB""}]","[{""usdt"": 17317519.0, ""borsa"": 3, ""fiyat"": 64525.0, ""kaynak"": ""BNB+BYB+OKX""}, {""usdt"": 11629469.0, ""borsa"": 1, ""fiyat"": 64600.0, ""kaynak"": ""BNB""}, {""usdt"": 11611637.0, ""borsa"": 1, ""fiyat"": 64575.0, ""kaynak"": ""BNB""}]",HER_IKISI,0.1931,0.1827,0.0688,0.1971,false,0.5485,false,,3,0,3,1,1,3,17,18,IZLE,,50,64489.6,,,,,SEVIYE+TASFIYE,45,89.6,9,,,,,,,1785312000,3,1,,18,850.6,18,,,
30882,2026-07-29 08:04:21.220534+00,64499.95,-6793499.015635004,120816.97600000016,11823424092.8835,0.00008278,87750501.35821003,141402.2365,28.4,BEKLE,true,0.0,141402.2365,1.5208,183.275,56458045.11951994,305.104,0.0,28.4,"[{""usdt"": 38853912.0, ""borsa"": 1, ""fiyat"": 64400.0, ""kaynak"": ""BNB""}, {""usdt"": 17546026.0, ""borsa"": 3, ""fiyat"": 64475.0, ""kaynak"": ""BNB+BYB+OKX""}, {""usdt"": 11128392.0, ""borsa"": 1, ""fiyat"": 64425.0, ""kaynak"": ""BNB""}]","[{""usdt"": 15635581.0, ""borsa"": 3, ""fiyat"": 64500.0, ""kaynak"": ""BNB+BYB+OKX""}, {""usdt"": 11725011.0, ""borsa"": 1, ""fiyat"": 64575.0, ""kaynak"": ""BNB""}, {""usdt"": 10288827.0, ""borsa"": 3, ""fiyat"": 64525.0, ""kaynak"": ""BNB+BYB+OKX""}]",HER_IKISI,0.1631,0.217,0.7865,0.8316,false,1.2208,false,,2,0,3,1,0,3,14.9,16,IZLE,,50,64549.6,,,,,SEVIYE+TASFIYE,45,0.5,1,,,,,,,1785312000,2,0,,17,851.6,17,,,
30883,2026-07-29 08:05:21.584559+00,64482.149999999994,-6005011.280000906,-579657.3110000001,11824567648.327099,0.00008278,92603354.57110004,10452.617600000001,68.8,BEKLE,false,0.0,10452.617600000001,1.5208,243.772,60653438.564360015,365.601,68.8,0.0,"[{""usdt"": 38321763.0, ""borsa"": 1, ""fiyat"": 64400.0, ""kaynak"": ""BNB""}, {""usdt"": 18801090.0, ""borsa"": 3, ""fiyat"": 64450.0, ""kaynak"": ""BNB+BYB+OKX""}, {""usdt"": 14354102.0, ""borsa"": 3, ""fiyat"": 64475.0, ""kaynak"": ""BNB+BYB+OKX""}]","[{""usdt"": 18456032.0, ""borsa"": 3, ""fiyat"": 64500.0, ""kaynak"": ""BNB+BYB+OKX""}, {""usdt"": 13552401.0, ""borsa"": 1, ""fiyat"": 64575.0, ""kaynak"": ""BNB""}, {""usdt"": 8768041.0, ""borsa"": 1, ""fiyat"": 64550.0, ""kaynak"": ""BNB""}]",PERP,0.102,0.2085,0.0023,1.6258,false,0.791,false,,0,0,3,2,1,3,11.5,12.6,IZLE,,25,64433.6,,,,,SEVIYE,50,21.6,3,,,,,,,1785312000,2,0,,17,852.6,17,,,
30884,2026-07-29 08:06:21.858433+00,64460.05,-2150290.4042322054,-243002.6799999999,11820342898.114002,0.00008278,91594587.30184996,0.0,75.7,BEKLE,false,0.0,0.0,1.5259,304.185,66394544.330080025,426.014,75.7,0.0,"[{""usdt"": 37931450.0, ""borsa"": 1, ""fiyat"": 64400.0, ""kaynak"": ""BNB""}, {""usdt"": 26292993.0, ""borsa"": 3, ""fiyat"": 64450.0, ""kaynak"": ""BNB+BYB+OKX""}, {""usdt"": 10197018.0, ""borsa"": 1, ""fiyat"": 64375.0, ""kaynak"": ""BNB""}]","[{""usdt"": 19660652.0, ""borsa"": 3, ""fiyat"": 64475.0, ""kaynak"": ""BNB+BYB+OKX""}, {""usdt"": 15373204.0, ""borsa"": 1, ""fiyat"": 64575.0, ""kaynak"": ""BNB""}, {""usdt"": 11873393.0, ""borsa"": 1, ""fiyat"": 64550.0, ""kaynak"": ""BNB""}]",PERP,0.0973,0.1595,0.3598,0.6672,true,0.3511,false,,0,0,3,1,0,3,8.1,9.2,IZLE,,25,64433.6,,,,,SEVIYE,50,22.6,3,,,,,,,,,0,,17,853.7,17,,,
30885,2026-07-29 08:07:22.421789+00,64451.649999999994,-2417598.453689706,-689052.282,11816862634.4152,0.00008278,94899885.62046,0.0,73.8,BEKLE,false,0.0,0.0,1.5259,364.705,56244347.65207994,60.52,73.8,0.0,"[{""usdt"": 37060365.0, ""borsa"": 1, ""fiyat"": 64400.0, ""kaynak"": ""BNB""}, {""usdt"": 23847104.0, ""borsa"": 3, ""fiyat"": 64425.0, ""kaynak"": ""BNB+BYB+OKX""}, {""usdt"": 11123297.0, ""borsa"": 3, ""fiyat"": 64450.0, ""kaynak"": ""BNB+BYB+OKX""}]","[{""usdt"": 16147937.0, ""borsa"": 3, ""fiyat"": 64475.0, ""kaynak"": ""BNB+BYB+OKX""}, {""usdt"": 10973765.0, ""borsa"": 1, ""fiyat"": 64550.0, ""kaynak"": ""BNB""}, {""usdt"": 8842746.0, ""borsa"": 1, ""fiyat"": 64525.0, ""kaynak"": ""BNB""}]",PERP,0.1077,0.2558,0.3486,0.6078,false,0.8387,false,1.4979,0,0,3,2,0,3,4.8,5.8,IZLE,,25,64433.6,,,,,SEVIYE,50,23.6,3,,,,,,,,,0,,17,854.7,17,,,
30886,2026-07-29 08:08:22.788294+00,64449.25,-2557884.8389198068,-692549.281,11816814838.6802,0.00008278,95476190.66666013,0.0,73.7,BEKLE,false,0.0,0.0,1.5259,424.996,53411215.77497992,60.291,73.7,0.0,"[{""usdt"": 38914593.0, ""borsa"": 1, ""fiyat"": 64400.0, ""kaynak"": ""BNB""}, {""usdt"": 22626482.0, ""borsa"": 3, ""fiyat"": 64425.0, ""kaynak"": ""BNB+BYB+OKX""}, {""usdt"": 12076290.0, ""borsa"": 3, ""fiyat"": 64450.0, ""kaynak"": ""BNB+BYB+OKX""}]","[{""usdt"": 15343232.0, ""borsa"": 3, ""fiyat"": 64475.0, ""kaynak"": ""BNB+BYB+OKX""}, {""usdt"": 10822698.0, ""borsa"": 1, ""fiyat"": 64550.0, ""kaynak"": ""BNB""}, {""usdt"": 10419674.0, ""borsa"": 1, ""fiyat"": 64525.0, ""kaynak"": ""BNB""}]",HER_IKISI,0.1533,0.2825,0.5478,0.5131,false,0.9995,false,2.0033,2,0,3,2,0,3,1.2,63.6,IZLE,,25,64433.6,,,,,SEVIYE,50,24.6,3,,,,,,,,,0,,17,855.7,17,,,
30887,2026-07-29 08:09:23.069546+00,64425.649999999994,-2198275.7756219064,-793773.8409999999,11818708160.7048,0.00008278,97260118.88140014,64.4576,51.9,BEKLE,false,64.4576,0.0,1.5259,485.392,58411352.19963991,120.687,51.9,0.0,"[{""usdt"": 38914593.0, ""borsa"": 1, ""fiyat"": 64400.0, ""kaynak"": ""BNB""}, {""usdt"": 22447255.0, ""borsa"": 3, ""fiyat"": 64425.0, ""kaynak"": ""BNB+BYB+OKX""}, {""usdt"": 14039445.0, ""borsa"": 3, ""fiyat"": 64450.0, ""kaynak"": ""BNB+BYB+OKX""}]","[{""usdt"": 19328605.0, ""borsa"": 3, ""fiyat"": 64475.0, ""kaynak"": ""BNB+BYB+OKX""}, {""usdt"": 10822698.0, ""borsa"": 1, ""fiyat"": 64550.0, ""kaynak"": ""BNB""}, {""usdt"": 10419674.0, ""borsa"": 1, ""fiyat"": 64525.0, ""kaynak"": ""BNB""}]",HER_IKISI,0.1533,0.2496,0.7668,0.7043,false,0.7337,false,,2,0,3,2,0,3,61.6,62.7,IZLE,,25,64433.6,,,,,SEVIYE,50,25.6,3,,,,,,,1785312480,1,0,,17,856.7,17,,,
30888,2026-07-29 08:10:23.701658+00,64407.350000000006,-3292273.261417003,-1800061.1979999999,11805988882.5144,0.00008278,88746460.34984985,1159.3090000000002,59.7,BEKLE,false,1159.3090000000002,0.0,1.5259,485.355,51082124.04672001,120.858,59.7,0.0,"[{""usdt"": 54731887.0, ""borsa"": 3, ""fiyat"": 64400.0, ""kaynak"": ""BNB+BYB+OKX""}, {""usdt"": 9847075.0, ""borsa"": 1, ""fiyat"": 64375.0, ""kaynak"": ""BNB""}, {""usdt"": 8632656.0, ""borsa"": 1, ""fiyat"": 64325.0, ""kaynak"": ""BNB""}]","[{""usdt"": 11688517.0, ""borsa"": 3, ""fiyat"": 64425.0, ""kaynak"": ""BNB+BYB+OKX""}, {""usdt"": 10717734.0, ""borsa"": 3, ""fiyat"": 64450.0, ""kaynak"": ""BNB+BYB+OKX""}, {""usdt"": 10400155.0, ""borsa"": 1, ""fiyat"": 64525.0, ""kaynak"": ""BNB""}]",PERP,0.0687,0.2694,0.5926,0.9285,true,0.1084,false,,0,1,3,1,0,3,58.2,59.3,IZLE,,25,64433.6,,,,,SEVIYE,50,26.6,3,,,,,,,1785312540,2,0,,17,857.7,17,,,
30889,2026-07-29 08:11:23.975396+00,64382.05,-3206414.3026988055,-2628191.202,11789648278.3297,0.00008278,67869748.5302201,1159.3668000000002,83.0,BEKLE,false,1159.3668000000002,0.0,1.5259,545.77,63802303.54042997,181.273,83.0,0.0,"[{""usdt"": 20406951.0, ""borsa"": 3, ""fiyat"": 64400.0, ""kaynak"": ""BNB+BYB+OKX""}, {""usdt"": 16843688.0, ""borsa"": 3, ""fiyat"": 64375.0, ""kaynak"": ""BNB+BYB+OKX""}, {""usdt"": 10014760.0, ""borsa"": 1, ""fiyat"": 64325.0, ""kaynak"": ""BNB""}]","[{""usdt"": 20082046.0, ""borsa"": 3, ""fiyat"": 64425.0, ""kaynak"": ""BNB+BYB+OKX""}, {""usdt"": 10012377.0, ""borsa"": 1, ""fiyat"": 64500.0, ""kaynak"": ""BNB""}, {""usdt"": 9060932.0, ""borsa"": 3, ""fiyat"": 64400.0, ""kaynak"": ""BNB+BYB+OKX""}]",YOK,0.0614,0.0309,0.2247,0.9432,false,0.5714,false,1.3781,0,1,3,0,2,3,54.8,55.9,IZLE,,25,64379.7,,,,,SEVIYE,70,97.7,10,,,,,,,1785312540,2,0,,17,858.7,17,,,
30890,2026-07-29 08:12:24.758204+00,64358.95,-4055950.1778930053,-3423756.3389999997,11792477421.6129,0.00008278,58301812.90962002,1223.7368000000001,73.2,BEKLE,false,1223.7368000000001,0.0,1.5189,606.019,60350459.868279986,120.664,73.2,0.0,"[{""usdt"": 16703405.0, ""borsa"": 3, ""fiyat"": 64350.0, ""kaynak"": ""BNB+BYB+OKX""}, {""usdt"": 10628338.0, ""borsa"": 3, ""fiyat"": 64375.0, ""kaynak"": ""BNB+BYB+OKX""}, {""usdt"": 9383836.0, ""borsa"": 1, ""fiyat"": 64300.0, ""kaynak"": ""BNB""}]","[{""usdt"": 14602102.0, ""borsa"": 3, ""fiyat"": 64400.0, ""kaynak"": ""BNB+BYB+OKX""}, {""usdt"": 11097536.0, ""borsa"": 3, ""fiyat"": 64375.0, ""kaynak"": ""BNB+BYB+OKX""}, {""usdt"": 10671111.0, ""borsa"": 1, ""fiyat"": 64475.0, ""kaynak"": ""BNB""}]",YOK,0.0455,-0.0173,0.2816,0.9059,false,0.6739,false,0.8676,0,1,3,0,1,3,51.2,52.3,IZLE,,25,64379.7,,,,,SEVIYE,70,98.7,10,,,,,,,1785312660,2,0,,17,859.7,17,,,
30891,2026-07-29 08:13:25.488037+00,64331.850000000006,-4286076.021904905,-3332358.763,11789867806.914799,0.00008278,59882348.188820034,133604.22059999997,56.1,BEKLE,false,133604.22059999997,0.0,1.5189,363.037,59697104.115260005,181.888,56.1,0.0,"[{""usdt"": 15514420.0, ""borsa"": 3, ""fiyat"": 64350.0, ""kaynak"": ""BNB+BYB+OKX""}, {""usdt"": 12540861.0, ""borsa"": 3, ""fiyat"": 64325.0, ""kaynak"": ""BNB+BYB+OKX""}, {""usdt"": 10693143.0, ""borsa"": 1, ""fiyat"": 64250.0, ""kaynak"": ""BNB""}]","[{""usdt"": 22104106.0, ""borsa"": 3, ""fiyat"": 64375.0, ""kaynak"": ""BNB+BYB+OKX""}, {""usdt"": 9768366.0, ""borsa"": 1, ""fiyat"": 64450.0, ""kaynak"": ""BNB""}, {""usdt"": 9148792.0, ""borsa"": 1, ""fiyat"": 64425.0, ""kaynak"": ""BNB""}]",YOK,0.0373,0.0015,0.2999,1.1583,false,1.0528,true,0.4796,0,1,3,0,0,3,48.6,49.7,IZLE,,50,64379.7,,,,,SEVIYE+TASFIYE,70,99.7,10,,,,,,,1785312660,2,0,,17,860.7,17,,,
30892,2026-07-29 08:14:26.835102+00,64360.850000000006,-4661229.767097605,-3346773.68,11786944335.678501,0.00008278,59678615.77713998,133990.23659999997,67.0,BEKLE,false,133990.23659999997,0.0,1.5189,61.212,65893880.52539004,0,67.0,0.0,"[{""usdt"": 15594095.0, ""borsa"": 3, ""fiyat"": 64325.0, ""kaynak"": ""BNB+BYB+OKX""}, {""usdt"": 11756446.0, ""borsa"": 1, ""fiyat"": 64250.0, ""kaynak"": ""BNB""}, {""usdt"": 11229423.0, ""borsa"": 1, ""fiyat"": 64275.0, ""kaynak"": ""BNB""}]","[{""usdt"": 21108500.0, ""borsa"": 3, ""fiyat"": 64375.0, ""kaynak"": ""BNB+BYB+OKX""}, {""usdt"": 10503135.0, ""borsa"": 1, ""fiyat"": 64425.0, ""kaynak"": ""BNB""}, {""usdt"": 9421275.0, ""borsa"": 3, ""fiyat"": 64350.0, ""kaynak"": ""BNB+BYB+OKX""}]",YOK,0.0884,-0.0495,0.4041,0.5926,false,1.2477,true,0.4157,2,1,3,0,2,3,45.6,46.7,IZLE,,50,64381.6,,,,,SEVIYE+TASFIYE,70,100.7,11,,,,,,,1785312780,1,0,,16,861.7,16,,,
30893,2026-07-29 08:15:27.241784+00,64340.45,-5831851.978137603,-3346995.4249999993,11787950092.7766,0.00008278,60586507.68819,132895.34179999997,53.5,BEKLE,false,132895.34179999997,0.0,1.5189,60.464,59108394.734540075,60.464,53.5,0.0,"[{""usdt"": 22444879.0, ""borsa"": 3, ""fiyat"": 64325.0, ""kaynak"": ""BNB+BYB+OKX""}, {""usdt"": 11365597.0, ""borsa"": 1, ""fiyat"": 64275.0, ""kaynak"": ""BNB""}, {""usdt"": 9752332.0, ""borsa"": 1, ""fiyat"": 64300.0, ""kaynak"": ""BNB""}]","[{""usdt"": 11350304.0, ""borsa"": 3, ""fiyat"": 64375.0, ""kaynak"": ""BNB+BYB+OKX""}, {""usdt"": 11343499.0, ""borsa"": 3, ""fiyat"": 64350.0, ""kaynak"": ""BNB+BYB+OKX""}, {""usdt"": 10221019.0, ""borsa"": 1, ""fiyat"": 64425.0, ""kaynak"": ""BNB""}]",YOK,-0.0284,0.0123,0.5357,0.7869,false,2.003,true,0,0,1,3,0,1,3,41.9,43,IZLE,,50,64381.6,,,,,SEVIYE+TASFIYE,70,101.7,11,,,,,,,1785312780,1,0,,16,862.7,16,,,
30894,2026-07-29 08:16:28.055893+00,64346.149999999994,-4208638.1927703945,-4947765.027,11788289437.4212,0.00008278,58444478.78301,132895.34179999997,74.9,BEKLE,false,132895.34179999997,0.0,1.5189,121.298,60760876.89756,121.298,74.9,0.0,"[{""usdt"": 17585692.0, ""borsa"": 3, ""fiyat"": 64325.0, ""kaynak"": ""BNB+BYB+OKX""}, {""usdt"": 13025335.0, ""borsa"": 1, ""fiyat"": 64300.0, ""kaynak"": ""BNB""}, {""usdt"": 10563084.0, ""borsa"": 1, ""fiyat"": 64250.0, ""kaynak"": ""BNB""}]","[{""usdt"": 19909050.0, ""borsa"": 3, ""fiyat"": 64350.0, ""kaynak"": ""BNB+BYB+OKX""}, {""usdt"": 11841994.0, ""borsa"": 3, ""fiyat"": 64375.0, ""kaynak"": ""BNB+BYB+OKX""}, {""usdt"": 10689978.0, ""borsa"": 1, ""fiyat"": 64450.0, ""kaynak"": ""BNB""}]",YOK,-0.0254,-0.0194,0.233,0.4654,false,,true,0.1268,1,0,3,0,1,3,38.9,40,IZLE,,25,64381.6,,,,,SEVIYE,70,102.8,11,PCT,1.45,25.653721332899213,36.221245595047186,true,0.018,1785312780,1,1,,16,863.8,16,,,
30895,2026-07-29 08:17:29.280448+00,64346.149999999994,-4059360.529591195,-4945023.3610000005,11790602365.61,0.00008278,57095454.176710024,450.488,66.2,BEKLE,false,450.488,0.0,1.5189,182.151,63294206.06825,182.151,66.2,0.0,"[{""usdt"": 16300981.0, ""borsa"": 3, ""fiyat"": 64325.0, ""kaynak"": ""BNB+BYB+OKX""}, {""usdt"": 11207726.0, ""borsa"": 1, ""fiyat"": 64250.0, ""kaynak"": ""BNB""}, {""usdt"": 9624757.0, ""borsa"": 1, ""fiyat"": 64300.0, ""kaynak"": ""BNB""}]","[{""usdt"": 17071736.0, ""borsa"": 3, ""fiyat"": 64375.0, ""kaynak"": ""BNB+BYB+OKX""}, {""usdt"": 13894283.0, ""borsa"": 3, ""fiyat"": 64350.0, ""kaynak"": ""BNB+BYB+OKX""}, {""usdt"": 10527551.0, ""borsa"": 1, ""fiyat"": 64425.0, ""kaynak"": ""BNB""}]",YOK,-0.0053,-0.0515,0.0016,0.3295,false,,true,0.4567,0,0,3,0,1,3,35.9,37,IZLE,,25,64381.6,,,,,SEVIYE,70,103.8,11,,,,,,,1785312780,1,0,,16,864.8,16,,,
30896,2026-07-29 08:18:29.689632+00,64366.05,-3876944.6423507943,-4977260.395,11791563954.9478,0.00008278,61954320.81379005,321.827,75.4,BEKLE,false,321.827,0.0,1.5044,242.961,57543143.131210014,242.961,75.4,0.0,"[{""usdt"": 19502684.0, ""borsa"": 3, ""fiyat"": 64325.0, ""kaynak"": ""BNB+BYB+OKX""}, {""usdt"": 11335917.0, ""borsa"": 1, ""fiyat"": 64250.0, ""kaynak"": ""BNB""}, {""usdt"": 9331181.0, ""borsa"": 3, ""fiyat"": 64350.0, ""kaynak"": ""BNB+BYB+OKX""}]","[{""usdt"": 17760936.0, ""borsa"": 3, ""fiyat"": 64375.0, ""kaynak"": ""BNB+BYB+OKX""}, {""usdt"": 10130074.0, ""borsa"": 1, ""fiyat"": 64425.0, ""kaynak"": ""BNB""}, {""usdt"": 9983308.0, ""borsa"": 1, ""fiyat"": 64450.0, ""kaynak"": ""BNB""}]",YOK,0.0217,0.0369,0.1488,0.6944,false,,false,0.8767,0,0,3,0,0,3,32.9,33.9,IZLE,,25,64381.6,,,,,SEVIYE,70,104.8,11,,,,,,,1785312780,1,0,,16,865.8,16,,,
30897,2026-07-29 08:19:30.402348+00,64363.05,-3755408.691335296,-4970652.261999999,11794540080.658,0.00008278,54788259.67164001,0.0,60.0,BEKLE,false,0.0,0.0,1.5044,303.46,61385554.11981002,303.46,60.0,0.0,"[{""usdt"": 14206622.0, ""borsa"": 3, ""fiyat"": 64350.0, ""kaynak"": ""BNB+BYB+OKX""}, {""usdt"": 13094247.0, ""borsa"": 3, ""fiyat"": 64325.0, ""kaynak"": ""BNB+BYB+OKX""}, {""usdt"": 10680720.0, ""borsa"": 1, ""fiyat"": 64300.0, ""kaynak"": ""BNB""}]","[{""usdt"": 20936312.0, ""borsa"": 3, ""fiyat"": 64375.0, ""kaynak"": ""BNB+BYB+OKX""}, {""usdt"": 10194268.0, ""borsa"": 2, ""fiyat"": 64400.0, ""kaynak"": ""BNB+BYB""}, {""usdt"": 9303762.0, ""borsa"": 1, ""fiyat"": 64450.0, ""kaynak"": ""BNB""}]",YOK,0.0038,-0.0568,0.2817,0.0382,false,,false,0.6436,0,0,3,0,2,3,29.5,30.6,IZLE,,25,64381.6,,,,,SEVIYE,70,105.8,11,,,,,,,,,0,,16,866.8,16,,,
30898,2026-07-29 08:20:30.81743+00,64366.05,-1568415.2214352002,-2797374.706,11789586973.0962,0.00008278,56472909.23972003,0.0,29.9,BEKLE,,0.0,0.0,1.5044,364.056,58909037.66755003,60.596,0.0,29.9,"[{""usdt"": 18489964.0, ""borsa"": 3, ""fiyat"": 64350.0, ""kaynak"": ""BNB+BYB+OKX""}, {""usdt"": 9993793.0, ""borsa"": 1, ""fiyat"": 64300.0, ""kaynak"": ""BNB""}, {""usdt"": 9179227.0, ""borsa"": 2, ""fiyat"": 64325.0, ""kaynak"": ""BNB+OKX""}]","[{""usdt"": 18427525.0, ""borsa"": 3, ""fiyat"": 64375.0, ""kaynak"": ""BNB+BYB+OKX""}, {""usdt"": 10352924.0, ""borsa"": 3, ""fiyat"": 64400.0, ""kaynak"": ""BNB+BYB+OKX""}, {""usdt"": 9797290.0, ""borsa"": 1, ""fiyat"": 64475.0, ""kaynak"": ""BNB""}]",YOK,-0.0125,-0.0211,0.845,0.2832,false,,true,0.2079,0,0,3,0,1,3,26.2,27.3,IZLE,,25,64381.6,,,,,SEVIYE,70,106.8,11,,,,,,,,,0,,16,867.8,16,,,
30899,2026-07-29 08:21:31.376157+00,64375.25,-1645527.689593,-2798944.2979999995,11787952823.5276,0.00008278,53948472.976239994,0.0,71.4,BEKLE,true,0.0,0.0,1.5,424.632,62697027.06815006,121.172,0.0,71.4,"[{""usdt"": 17371243.0, ""borsa"": 3, ""fiyat"": 64350.0, ""kaynak"": ""BNB+BYB+OKX""}, {""usdt"": 9868717.0, ""borsa"": 1, ""fiyat"": 64275.0, ""kaynak"": ""BNB""}, {""usdt"": 9806191.0, ""borsa"": 1, ""fiyat"": 64300.0, ""kaynak"": ""BNB""}]","[{""usdt"": 23372224.0, ""borsa"": 3, ""fiyat"": 64375.0, ""kaynak"": ""BNB+BYB+OKX""}, {""usdt"": 9999660.0, ""borsa"": 3, ""fiyat"": 64400.0, ""kaynak"": ""BNB+BYB+OKX""}, {""usdt"": 9839131.0, ""borsa"": 1, ""fiyat"": 64475.0, ""kaynak"": ""BNB""}]",YOK,-0.0304,-0.075,0.4561,0.289,false,,true,0.4874,0,0,3,0,1,3,22.3,23.4,IZLE,,25,64381.6,,,,,SEVIYE,70,107.8,11,,,,,,,,,0,,16,868.8,16,,,
30900,2026-07-29 08:22:32.167285+00,64345.05,-1544130.8708851999,-2810135.595,11787011029.241299,0.00008278,55161289.26974994,0.0,87.0,BEKLE,true,0.0,0.0,1.5,485.222,70696653.95177005,181.762,0.0,87.0,"[{""usdt"": 15833969.0, ""borsa"": 3, ""fiyat"": 64325.0, ""kaynak"": ""BNB+BYB+OKX""}, {""usdt"": 12669454.0, ""borsa"": 3, ""fiyat"": 64350.0, ""kaynak"": ""BNB+BYB+OKX""}, {""usdt"": 10647018.0, ""borsa"": 1, ""fiyat"": 64275.0, ""kaynak"": ""BNB""}]","[{""usdt"": 28923705.0, ""borsa"": 3, ""fiyat"": 64375.0, ""kaynak"": ""BNB+BYB+OKX""}, {""usdt"": 9795424.0, ""borsa"": 1, ""fiyat"": 64475.0, ""kaynak"": ""BNB""}, {""usdt"": 9259741.0, ""borsa"": 1, ""fiyat"": 64450.0, ""kaynak"": ""BNB""}]",YOK,-0.0743,-0.1234,0.453,0.0111,false,,false,0.6193,0,1,3,0,1,3,18.9,20,IZLE,,25,64381.6,,,,,SEVIYE,70,108.8,11,,,,,,,,,0,,16,869.8,16,,,
30901,2026-07-29 08:23:32.839384+00,64330.45,-1604349.6504718002,-2855858.905,11785831220.2887,0.00008278,60128451.47847997,0.0,83.2,BEKLE,true,0.0,0.0,1.5,545.848,64470857.44928002,121.216,0.0,83.2,"[{""usdt"": 19847085.0, ""borsa"": 3, ""fiyat"": 64325.0, ""kaynak"": ""BNB+BYB+OKX""}, {""usdt"": 13012163.0, ""borsa"": 3, ""fiyat"": 64300.0, ""kaynak"": ""BNB+BYB+OKX""}, {""usdt"": 9522090.0, ""borsa"": 1, ""fiyat"": 64250.0, ""kaynak"": ""BNB""}]","[{""usdt"": 20005014.0, ""borsa"": 3, ""fiyat"": 64350.0, ""kaynak"": ""BNB+BYB+OKX""}, {""usdt"": 14175647.0, ""borsa"": 1, ""fiyat"": 64375.0, ""kaynak"": ""BNB""}, {""usdt"": 11848984.0, ""borsa"": 1, ""fiyat"": 64425.0, ""kaynak"": ""BNB""}]",YOK,-0.0669,-0.0349,0.4295,0.3754,false,,true,0.3376,0,1,3,0,0,3,15.7,16.8,IZLE,,25,64381.6,,,,,SEVIYE,70,109.8,11,,,,,,,,,0,,16,870.8,16,,,
30902,2026-07-29 08:24:33.540468+00,64313.55,-2052812.193899202,-4064684.9629999995,11779552096.5126,0.00008278,57164509.26437996,707.3835999999999,59.5,BEKLE,true,707.3835999999999,0.0,1.5,606.534,65948403.16154997,181.902,0.0,59.5,"[{""usdt"": 18127132.0, ""borsa"": 3, ""fiyat"": 64300.0, ""kaynak"": ""BNB+BYB+OKX""}, {""usdt"": 10559362.0, ""borsa"": 3, ""fiyat"": 64275.0, ""kaynak"": ""BNB+BYB+OKX""}, {""usdt"": 9852924.0, ""borsa"": 1, ""fiyat"": 64225.0, ""kaynak"": ""BNB""}]","[{""usdt"": 22418988.0, ""borsa"": 3, ""fiyat"": 64325.0, ""kaynak"": ""BNB+BYB+OKX""}, {""usdt"": 13294460.0, ""borsa"": 1, ""fiyat"": 64375.0, ""kaynak"": ""BNB""}, {""usdt"": 12068666.0, ""borsa"": 1, ""fiyat"": 64400.0, ""kaynak"": ""BNB""}]",YOK,-0.0707,-0.0713,0.559,0.9619,false,,false,0.6677,0,1,3,0,1,3,12.5,13.6,IZLE,,25,64367.7,,,,,SEVIYE,90,110.9,12,,,,,,,1785313380,1,0,,16,881.9,16,,,
30903,2026-07-29 08:25:34.199052+00,64276.55,1010598.0839939964,-1273380.8619999997,11778953272.467999,0.00008278,62736935.525549956,707.3835999999999,57.0,BEKLE,false,707.3835999999999,0.0,1.5,667.336,59567527.99577001,60.802,0.0,57.0,"[{""usdt"": 21654257.0, ""borsa"": 3, ""fiyat"": 64275.0, ""kaynak"": ""BNB+BYB+OKX""}, {""usdt"": 13340406.0, ""borsa"": 1, ""fiyat"": 64200.0, ""kaynak"": ""BNB""}, {""usdt"": 10058360.0, ""borsa"": 1, ""fiyat"": 64250.0, ""kaynak"": ""BNB""}]","[{""usdt"": 18178249.0, ""borsa"": 3, ""fiyat"": 64300.0, ""kaynak"": ""BNB+BYB+OKX""}, {""usdt"": 12334417.0, ""borsa"": 3, ""fiyat"": 64325.0, ""kaynak"": ""BNB+BYB+OKX""}, {""usdt"": 10767230.0, ""borsa"": 1, ""fiyat"": 64400.0, ""kaynak"": ""BNB""}]",YOK,-0.1503,0.0259,0.533,1.0947,false,0,false,,0,2,3,0,1,3,9.5,10.6,YOK,,0,64367.7,,,,,SEVIYE,90,111.9,12,,,,,,,1785313380,1,1,,16,882.9,16,,,
30904,2026-07-29 08:26:34.560937+00,64269.75,931672.231929996,-1686963.6169999999,11777945839.5356,0.00008278,70732958.05124003,37025.2446,53.4,BEKLE,false,37025.2446,0.0,1.4956,727.856,60075980.59235997,121.322,0.0,53.4,"[{""usdt"": 31642352.0, ""borsa"": 3, ""fiyat"": 64250.0, ""kaynak"": ""BNB+BYB+OKX""}, {""usdt"": 11939061.0, ""borsa"": 1, ""fiyat"": 64200.0, ""kaynak"": ""BNB""}, {""usdt"": 11436253.0, ""borsa"": 1, ""fiyat"": 64175.0, ""kaynak"": ""BNB""}]","[{""usdt"": 14641566.0, ""borsa"": 3, ""fiyat"": 64300.0, ""kaynak"": ""BNB+BYB+OKX""}, {""usdt"": 14164736.0, ""borsa"": 3, ""fiyat"": 64275.0, ""kaynak"": ""BNB+BYB+OKX""}, {""usdt"": 9579451.0, ""borsa"": 1, ""fiyat"": 64350.0, ""kaynak"": ""BNB""}]",YOK,-0.1647,0.0815,0.6098,1.4773,false,0,false,,0,2,3,1,0,3,6.2,7.2,YOK,,0,64367.7,,,,,SEVIYE+TASFIYE,90,112.9,12,,,,,,,1785313500,1,0,,16,883.9,16,,,
30905,2026-07-29 08:27:35.732488+00,64269.45,946095.8277930961,-1727064.501,11778992371.1945,0.00008278,73375257.25845005,37025.2446,57.6,BEKLE,false,37025.2446,0.0,1.4956,789.1,61388040.69983993,182.566,0.0,57.6,"[{""usdt"": 27387788.0, ""borsa"": 3, ""fiyat"": 64250.0, ""kaynak"": ""BNB+BYB+OKX""}, {""usdt"": 13696490.0, ""borsa"": 1, ""fiyat"": 64175.0, ""kaynak"": ""BNB""}, {""usdt"": 10123834.0, ""borsa"": 1, ""fiyat"": 64225.0, ""kaynak"": ""BNB""}]","[{""usdt"": 20265812.0, ""borsa"": 3, ""fiyat"": 64300.0, ""kaynak"": ""BNB+BYB+OKX""}, {""usdt"": 15237950.0, ""borsa"": 3, ""fiyat"": 64275.0, ""kaynak"": ""BNB+BYB+OKX""}, {""usdt"": 10960190.0, ""borsa"": 1, ""fiyat"": 64350.0, ""kaynak"": ""BNB""}]",YOK,-0.124,0.089,0.6079,1.0927,false,0,false,,0,1,3,1,0,3,3.6,4.6,YOK,,0,64367.7,,,,,SEVIYE+TASFIYE,90,113.9,12,,,,,,,1785313500,1,1,,16,884.9,16,,,
30906,2026-07-29 08:28:36.007723+00,64258.350000000006,32596.371071396472,-1749886.2079999999,11784375532.8109,0.00008278,78363516.03585003,36317.861,65.2,BEKLE,false,36317.861,0.0,1.4956,849.307,63436519.09563996,242.773,0.0,65.2,"[{""usdt"": 27265756.0, ""borsa"": 3, ""fiyat"": 64250.0, ""kaynak"": ""BNB+BYB+OKX""}, {""usdt"": 12548896.0, ""borsa"": 1, ""fiyat"": 64175.0, ""kaynak"": ""BNB""}, {""usdt"": 12023372.0, ""borsa"": 1, ""fiyat"": 64200.0, ""kaynak"": ""BNB""}]","[{""usdt"": 18267290.0, ""borsa"": 3, ""fiyat"": 64300.0, ""kaynak"": ""BNB+BYB+OKX""}, {""usdt"": 16953174.0, ""borsa"": 3, ""fiyat"": 64275.0, ""kaynak"": ""BNB+BYB+OKX""}, {""usdt"": 10830791.0, ""borsa"": 1, ""fiyat"": 64350.0, ""kaynak"": ""BNB""}]",YOK,-0.124,0.1053,0.4996,1.3029,false,0,false,,0,1,3,1,0,3,63.8,62.3,YOK,,0,64367.7,,,,,SEVIYE,90,114.9,12,,,,,,,1785313500,1,0,,16,885.9,16,,,
30907,2026-07-29 08:29:36.654263+00,64269.55,-629116.5579421038,-1897799.514,11782185910.910301,0.00008278,74480393.18009004,36317.861,82.1,BEKLE,false,36317.861,0.0,1.4956,909.61,61342269.60062996,303.076,0.0,82.1,"[{""usdt"": 29327641.0, ""borsa"": 3, ""fiyat"": 64250.0, ""kaynak"": ""BNB+BYB+OKX""}, {""usdt"": 12548896.0, ""borsa"": 1, ""fiyat"": 64175.0, ""kaynak"": ""BNB""}, {""usdt"": 12023372.0, ""borsa"": 1, ""fiyat"": 64200.0, ""kaynak"": ""BNB""}]","[{""usdt"": 20419265.0, ""borsa"": 3, ""fiyat"": 64275.0, ""kaynak"": ""BNB+BYB+OKX""}, {""usdt"": 11698283.0, ""borsa"": 2, ""fiyat"": 64300.0, ""kaynak"": ""BNB+BYB""}, {""usdt"": 10830791.0, ""borsa"": 1, ""fiyat"": 64350.0, ""kaynak"": ""BNB""}]",YOK,-0.1107,0.0967,0.3071,0.5621,false,0,false,,0,1,3,1,1,3,60.2,61.3,YOK,,0,64367.7,,,,,SEVIYE,90,115.9,12,,,,,,,1785313500,1,1,,16,886.9,16,,,
30908,2026-07-29 08:30:36.850592+00,64275.55,-2317032.381283802,-194989.822,11781272203.159,0.00008278,70177143.88152,0.0,66.5,BEKLE,false,0.0,0.0,1.4956,970.229,57978235.046769954,363.695,0.0,66.5,"[{""usdt"": 32722288.0, ""borsa"": 3, ""fiyat"": 64250.0, ""kaynak"": ""BNB+BYB+OKX""}, {""usdt"": 11093025.0, ""borsa"": 1, ""fiyat"": 64200.0, ""kaynak"": ""BNB""}, {""usdt"": 9987672.0, ""borsa"": 1, ""fiyat"": 64175.0, ""kaynak"": ""BNB""}]","[{""usdt"": 14294115.0, ""borsa"": 3, ""fiyat"": 64300.0, ""kaynak"": ""BNB+BYB+OKX""}, {""usdt"": 12283291.0, ""borsa"": 3, ""fiyat"": 64275.0, ""kaynak"": ""BNB+BYB+OKX""}, {""usdt"": 10213084.0, ""borsa"": 1, ""fiyat"": 64375.0, ""kaynak"": ""BNB""}]",YOK,-0.081,0.0952,0.6754,0.012,false,0,false,,0,1,3,1,0,3,57,58.1,YOK,,0,64367.7,,,,,SEVIYE,90,116.9,12,,,,,,,,,0,,16,887.9,16,,,
30909,2026-07-29 08:31:37.994689+00,64296.55,-1617248.8108334015,-1943099.277,11786361746.279,0.00008278,71910161.93431999,0.0,35.4,BEKLE,true,0.0,0.0,1.4956,424.688,63884130.51324999,424.688,35.4,0.0,"[{""usdt"": 28306784.0, ""borsa"": 3, ""fiyat"": 64250.0, ""kaynak"": ""BNB+BYB+OKX""}, {""usdt"": 13728653.0, ""borsa"": 1, ""fiyat"": 64200.0, ""kaynak"": ""BNB""}, {""usdt"": 11106441.0, ""borsa"": 3, ""fiyat"": 64275.0, ""kaynak"": ""BNB+BYB+OKX""}]","[{""usdt"": 23632464.0, ""borsa"": 3, ""fiyat"": 64300.0, ""kaynak"": ""BNB+BYB+OKX""}, {""usdt"": 10744127.0, ""borsa"": 1, ""fiyat"": 64375.0, ""kaynak"": ""BNB""}, {""usdt"": 9401546.0, ""borsa"": 1, ""fiyat"": 64350.0, ""kaynak"": ""BNB""}]",YOK,-0.0691,0.0591,0.8703,0.5424,false,0,false,,0,1,3,1,0,3,54.1,55.2,IZLE,,25,64367.7,,,,,SEVIYE,90,117.9,12,,,,,,,,,0,,16,888.9,16,,,
30910,2026-07-29 08:32:38.342507+00,64312.850000000006,-2072019.5961031015,-1875049.9209999999,11789020065.9144,0.00008278,57641547.82021997,0.0,27.3,BEKLE,true,0.0,0.0,1.4956,485.123,66874779.72118011,485.123,27.3,0.0,"[{""usdt"": 14067253.0, ""borsa"": 3, ""fiyat"": 64275.0, ""kaynak"": ""BNB+BYB+OKX""}, {""usdt"": 12565894.0, ""borsa"": 1, ""fiyat"": 64225.0, ""kaynak"": ""BNB""}, {""usdt"": 10534338.0, ""borsa"": 1, ""fiyat"": 64200.0, ""kaynak"": ""BNB""}]","[{""usdt"": 22909145.0, ""borsa"": 3, ""fiyat"": 64325.0, ""kaynak"": ""BNB+BYB+OKX""}, {""usdt"": 11657511.0, ""borsa"": 1, ""fiyat"": 64375.0, ""kaynak"": ""BNB""}, {""usdt"": 10401251.0, ""borsa"": 3, ""fiyat"": 64300.0, ""kaynak"": ""BNB+BYB+OKX""}]",YOK,-0.0831,-0.0742,0.9322,0.7946,false,0,false,,0,1,3,0,1,3,50.7,51.8,IZLE,,25,64367.7,,,,,SEVIYE,90,118.9,12,,,,,,,,,0,,16,889.9,16,,,
30911,2026-07-29 08:33:38.718373+00,64302.850000000006,-1945344.4174416014,-1887819.491,11789454487.3531,0.00008278,54213146.82473,0.0,22.1,BEKLE,true,0.0,0.0,1.495,302.66,57670552.70655,545.433,22.1,0.0,"[{""usdt"": 16511613.0, ""borsa"": 3, ""fiyat"": 64300.0, ""kaynak"": ""BNB+BYB+OKX""}, {""usdt"": 10878633.0, ""borsa"": 1, ""fiyat"": 64250.0, ""kaynak"": ""BNB""}, {""usdt"": 10804345.0, ""borsa"": 1, ""fiyat"": 64225.0, ""kaynak"": ""BNB""}]","[{""usdt"": 21517912.0, ""borsa"": 3, ""fiyat"": 64325.0, ""kaynak"": ""BNB+BYB+OKX""}, {""usdt"": 10757626.0, ""borsa"": 1, ""fiyat"": 64375.0, ""kaynak"": ""BNB""}, {""usdt"": 9131055.0, ""borsa"": 2, ""fiyat"": 64350.0, ""kaynak"": ""BNB+BYB""}]",YOK,-0.0528,-0.0309,0.9063,1.2088,false,0,false,,0,0,3,0,1,3,47.2,48.3,IZLE,,25,64367.7,,,,,SEVIYE,90,119.9,12,,,,,,,,,0,,16,890.9,16,,,
30912,2026-07-29 08:34:39.269656+00,64282.149999999994,-2142098.202142701,-1906947.971,11787365705.2734,0.00008278,65418869.76082003,0.0,6.0,BEKLE,,0.0,0.0,1.495,363.299,52929630.57194001,181.384,6.0,0.0,"[{""usdt"": 23426799.0, ""borsa"": 3, ""fiyat"": 64275.0, ""kaynak"": ""BNB+BYB+OKX""}, {""usdt"": 12148374.0, ""borsa"": 1, ""fiyat"": 64200.0, ""kaynak"": ""BNB""}, {""usdt"": 11295630.0, ""borsa"": 2, ""fiyat"": 64250.0, ""kaynak"": ""BNB+BYB""}]","[{""usdt"": 15338064.0, ""borsa"": 3, ""fiyat"": 64300.0, ""kaynak"": ""BNB+BYB+OKX""}, {""usdt"": 10656398.0, ""borsa"": 1, ""fiyat"": 64375.0, ""kaynak"": ""BNB""}, {""usdt"": 8903553.0, ""borsa"": 1, ""fiyat"": 64400.0, ""kaynak"": ""BNB""}]",YOK,-0.0587,0.1055,0.9906,0.483,false,0.0935,false,,0,0,3,1,0,3,44,45.1,IZLE,,25,64243.9,,,,,SEVIYE,65,0.8,1,,,,,,,,,0,,17,881.9,17,,,
30913,2026-07-29 08:35:39.481026+00,64286.850000000006,-1252804.6394512984,-775926.5410000001,11784914362.3232,0.00008278,62143497.00309995,0.0,39.5,BEKLE,true,0.0,0.0,1.495,423.515,58457207.330299966,241.6,39.5,0.0,"[{""usdt"": 18191219.0, ""borsa"": 3, ""fiyat"": 64250.0, ""kaynak"": ""BNB+BYB+OKX""}, {""usdt"": 12591525.0, ""borsa"": 1, ""fiyat"": 64175.0, ""kaynak"": ""BNB""}, {""usdt"": 10703867.0, ""borsa"": 3, ""fiyat"": 64275.0, ""kaynak"": ""BNB+BYB+OKX""}]","[{""usdt"": 17038156.0, ""borsa"": 3, ""fiyat"": 64300.0, ""kaynak"": ""BNB+BYB+OKX""}, {""usdt"": 10766325.0, ""borsa"": 3, ""fiyat"": 64275.0, ""kaynak"": ""BNB+BYB+OKX""}, {""usdt"": 10061236.0, ""borsa"": 1, ""fiyat"": 64375.0, ""kaynak"": ""BNB""}]",YOK,-0.0762,0.0306,0.5397,0.3355,false,0,false,,0,1,3,0,1,3,40.4,41.5,IZLE,,25,64243.9,,,,,SEVIYE,65,1.8,1,,,,,,,,,0,,17,882.9,17,,,
30914,2026-07-29 08:36:39.899672+00,64282.25,-1405138.2136002989,-620544.7660000001,11777934621.6206,0.00008278,58913852.03889999,0.0,67.4,BEKLE,false,0.0,0.0,1.495,483.82,59421870.55903998,301.905,0.0,67.4,"[{""usdt"": 16665313.0, ""borsa"": 3, ""fiyat"": 64275.0, ""kaynak"": ""BNB+BYB+OKX""}, {""usdt"": 11794615.0, ""borsa"": 2, ""fiyat"": 64250.0, ""kaynak"": ""BNB+BYB""}, {""usdt"": 11438284.0, ""borsa"": 1, ""fiyat"": 64200.0, ""kaynak"": ""BNB""}]","[{""usdt"": 19796046.0, ""borsa"": 3, ""fiyat"": 64300.0, ""kaynak"": ""BNB+BYB+OKX""}, {""usdt"": 10861167.0, ""borsa"": 1, ""fiyat"": 64400.0, ""kaynak"": ""BNB""}, {""usdt"": 10377612.0, ""borsa"": 3, ""fiyat"": 64325.0, ""kaynak"": ""BNB+BYB+OKX""}]",YOK,-0.0329,-0.0043,0.0931,0.3673,false,0,false,2.5252,0,1,3,0,1,3,36.9,38,IZLE,,25,64243.9,,,,,SEVIYE,65,2.8,1,,,,,,,,,0,,17,883.9,17,,,
30915,2026-07-29 08:37:40.199215+00,64291.350000000006,-1301166.433179399,-541821.6620000001,11780613075.8339,0.00008278,60148399.30679001,0.0,73.8,BEKLE,false,0.0,0.0,1.495,544.193,59965113.47019002,362.278,0.0,73.8,"[{""usdt"": 15761076.0, ""borsa"": 3, ""fiyat"": 64275.0, ""kaynak"": ""BNB+BYB+OKX""}, {""usdt"": 11836657.0, ""borsa"": 1, ""fiyat"": 64250.0, ""kaynak"": ""BNB""}, {""usdt"": 11624291.0, ""borsa"": 1, ""fiyat"": 64200.0, ""kaynak"": ""BNB""}]","[{""usdt"": 15393625.0, ""borsa"": 3, ""fiyat"": 64300.0, ""kaynak"": ""BNB+BYB+OKX""}, {""usdt"": 14473304.0, ""borsa"": 3, ""fiyat"": 64325.0, ""kaynak"": ""BNB+BYB+OKX""}, {""usdt"": 10203637.0, ""borsa"": 1, ""fiyat"": 64375.0, ""kaynak"": ""BNB""}]",YOK,-0.0366,0.0015,0.2701,0.4408,false,0,false,2.1813,0,1,3,0,0,3,33.4,34.5,IZLE,,25,64243.9,,,,,SEVIYE,65,3.8,1,,,,,,,,,0,,17,885.0,17,,,
30916,2026-07-29 08:38:40.494331+00,64302.95,-523757.46683010034,-541200.3190000001,11781680002.6362,0.00008278,52855551.89858,0.0,73.4,BEKLE,false,0.0,0.0,1.495,604.487,56221054.25464001,422.572,0.0,73.4,"[{""usdt"": 14523721.0, ""borsa"": 3, ""fiyat"": 64275.0, ""kaynak"": ""BNB+BYB+OKX""}, {""usdt"": 12342507.0, ""borsa"": 1, ""fiyat"": 64225.0, ""kaynak"": ""BNB""}, {""usdt"": 9636717.0, ""borsa"": 1, ""fiyat"": 64250.0, ""kaynak"": ""BNB""}]","[{""usdt"": 14840022.0, ""borsa"": 3, ""fiyat"": 64325.0, ""kaynak"": ""BNB+BYB+OKX""}, {""usdt"": 11012855.0, ""borsa"": 1, ""fiyat"": 64375.0, ""kaynak"": ""BNB""}, {""usdt"": 10265676.0, ""borsa"": 3, ""fiyat"": 64300.0, ""kaynak"": ""BNB+BYB+OKX""}]",YOK,-0.1085,-0.0309,0.4032,0.0017,false,0,false,2.7398,0,1,3,0,0,3,29.9,31,IZLE,,25,64243.9,,,,,SEVIYE,65,4.8,1,,,,,,,,,0,,17,886.0,17,,,
30917,2026-07-29 08:39:40.750896+00,64292.95,-809852.6699906008,-560103.4610000001,11778677333.024601,0.00008278,61381342.03803001,0.0,73.6,BEKLE,false,0.0,0.0,1.495,664.82,58487320.37226001,482.905,0.0,73.6,"[{""usdt"": 20045840.0, ""borsa"": 3, ""fiyat"": 64275.0, ""kaynak"": ""BNB+BYB+OKX""}, {""usdt"": 12348745.0, ""borsa"": 1, ""fiyat"": 64200.0, ""kaynak"": ""BNB""}, {""usdt"": 11897306.0, ""borsa"": 3, ""fiyat"": 64250.0, ""kaynak"": ""BNB+BYB+OKX""}]","[{""usdt"": 19843153.0, ""borsa"": 3, ""fiyat"": 64300.0, ""kaynak"": ""BNB+BYB+OKX""}, {""usdt"": 11063850.0, ""borsa"": 1, ""fiyat"": 64350.0, ""kaynak"": ""BNB""}, {""usdt"": 9613696.0, ""borsa"": 1, ""fiyat"": 64400.0, ""kaynak"": ""BNB""}]",YOK,-0.1327,0.0241,0.3877,0.184,false,0.7912,true,0.3348,0,1,3,0,1,3,26.3,27.4,IZLE,,25,64243.9,,,,,SEVIYE,65,5.8,1,,,,,,,,,0,,17,887.0,17,,,
30918,2026-07-29 08:40:41.413531+00,64295.95,916531.0717142007,39473.945000000014,11778837211.183998,0.00008278,59676122.70967003,0.0,50.3,BEKLE,false,0.0,0.0,1.495,725.423,54448262.871450044,543.508,0.0,50.3,"[{""usdt"": 19250431.0, ""borsa"": 3, ""fiyat"": 64275.0, ""kaynak"": ""BNB+BYB+OKX""}, {""usdt"": 12299361.0, ""borsa"": 1, ""fiyat"": 64200.0, ""kaynak"": ""BNB""}, {""usdt"": 10332813.0, ""borsa"": 2, ""fiyat"": 64250.0, ""kaynak"": ""BNB+BYB""}]","[{""usdt"": 15744186.0, ""borsa"": 3, ""fiyat"": 64300.0, ""kaynak"": ""BNB+BYB+OKX""}, {""usdt"": 10482049.0, ""borsa"": 1, ""fiyat"": 64375.0, ""kaynak"": ""BNB""}, {""usdt"": 10370882.0, ""borsa"": 3, ""fiyat"": 64325.0, ""kaynak"": ""BNB+BYB+OKX""}]",YOK,-0.1177,0.0458,0.63,0.1547,false,,false,1.065,0,1,3,0,0,3,23.1,24.2,IZLE,,25,64243.9,,,,,SEVIYE,65,6.8,1,,,,,,,,,0,,17,888.0,17,,,
30919,2026-07-29 08:41:41.818071+00,64300.05,916531.0717142007,39473.945000000014,11778837211.183998,0.00008278,57010261.34078004,0.0,39.4,BEKLE,false,0.0,0.0,1.495,785.733,53382612.22417997,603.818,0.0,39.4,"[{""usdt"": 15093961.0, ""borsa"": 3, ""fiyat"": 64275.0, ""kaynak"": ""BNB+BYB+OKX""}, {""usdt"": 11595777.0, ""borsa"": 1, ""fiyat"": 64225.0, ""kaynak"": ""BNB""}, {""usdt"": 10230869.0, ""borsa"": 1, ""fiyat"": 64250.0, ""kaynak"": ""BNB""}]","[{""usdt"": 15165547.0, ""borsa"": 3, ""fiyat"": 64325.0, ""kaynak"": ""BNB+BYB+OKX""}, {""usdt"": 10977164.0, ""borsa"": 1, ""fiyat"": 64375.0, ""kaynak"": ""BNB""}, {""usdt"": 9707617.0, ""borsa"": 1, ""fiyat"": 64400.0, ""kaynak"": ""BNB""}]",YOK,-0.0571,0.0329,0.6924,0.3108,false,0.0147,false,0.9429,0,1,3,0,0,3,19.5,20.6,IZLE,,25,64243.9,,,,,SEVIYE,65,7.8,1,,,,,,,,,0,,17,889.0,17,,,
30920,2026-07-29 08:42:42.249616+00,64300.05,1002294.1830057005,102285.663,11778572922.8204,0.00008278,57182934.22425999,0.0,46.4,BEKLE,false,0.0,0.0,1.495,846.163,60772489.71246999,664.248,0.0,46.4,"[{""usdt"": 14177056.0, ""borsa"": 3, ""fiyat"": 64275.0, ""kaynak"": ""BNB+BYB+OKX""}, {""usdt"": 11667252.0, ""borsa"": 1, ""fiyat"": 64225.0, ""kaynak"": ""BNB""}, {""usdt"": 10739625.0, ""borsa"": 1, ""fiyat"": 64250.0, ""kaynak"": ""BNB""}]","[{""usdt"": 20708689.0, ""borsa"": 3, ""fiyat"": 64325.0, ""kaynak"": ""BNB+BYB+OKX""}, {""usdt"": 10972824.0, ""borsa"": 1, ""fiyat"": 64375.0, ""kaynak"": ""BNB""}, {""usdt"": 10358274.0, ""borsa"": 1, ""fiyat"": 64400.0, ""kaynak"": ""BNB""}]",YOK,-0.1712,-0.0304,0.6959,0.1538,false,0,false,2.293,0,2,3,0,2,3,16.1,17.2,IZLE,,25,64243.9,,,,,SEVIYE,65,8.9,1,,,,,,,,,0,,17,890.0,17,,,
30921,2026-07-29 08:43:43.546822+00,64364.45,968246.1030856003,102358.25799999999,11778266945.9133,0.00008278,60268896.66286999,0.0,34.2,BEKLE,false,0.0,0.0,1.495,907.518,50780823.10787997,484.003,0.0,34.2,"[{""usdt"": 13048921.0, ""borsa"": 1, ""fiyat"": 64250.0, ""kaynak"": ""BNB""}, {""usdt"": 11567199.0, ""borsa"": 2, ""fiyat"": 64350.0, ""kaynak"": ""BYB+OKX""}, {""usdt"": 10139232.0, ""borsa"": 3, ""fiyat"": 64325.0, ""kaynak"": ""BNB+BYB+OKX""}]","[{""usdt"": 15559837.0, ""borsa"": 3, ""fiyat"": 64375.0, ""kaynak"": ""BNB+BYB+OKX""}, {""usdt"": 10756240.0, ""borsa"": 1, ""fiyat"": 64400.0, ""kaynak"": ""BNB""}, {""usdt"": 9936794.0, ""borsa"": 1, ""fiyat"": 64425.0, ""kaynak"": ""BNB""}]",YOK,0.0812,0.0854,0.5974,1.441,false,0,false,3.7124,1,0,3,1,0,3,13.3,14.4,IZLE,,25,64371.7,,,,,SEVIYE,90,130.0,13,,,,,,,,,0,,17,891.0,17,,,
30922,2026-07-29 08:44:43.837133+00,64386.350000000006,1425871.4461142006,909684.08,11782225628.8186,0.00008278,61981211.32539,0.0,38.0,BEKLE,false,0.0,0.0,1.495,967.841,52987817.95237,0,0.0,38.0,"[{""usdt"": 16972297.0, ""borsa"": 3, ""fiyat"": 64375.0, ""kaynak"": ""BNB+BYB+OKX""}, {""usdt"": 14719006.0, ""borsa"": 3, ""fiyat"": 64350.0, ""kaynak"": ""BNB+BYB+OKX""}, {""usdt"": 10778872.0, ""borsa"": 1, ""fiyat"": 64300.0, ""kaynak"": ""BNB""}]","[{""usdt"": 15530524.0, ""borsa"": 3, ""fiyat"": 64400.0, ""kaynak"": ""BNB+BYB+OKX""}, {""usdt"": 11110765.0, ""borsa"": 1, ""fiyat"": 64475.0, ""kaynak"": ""BNB""}, {""usdt"": 9124556.0, ""borsa"": 1, ""fiyat"": 64450.0, ""kaynak"": ""BNB""}]",YOK,-0.0429,0.0782,0.4926,1.218,false,0,false,4.0571,0,0,3,1,0,3,9.8,10.8,IZLE,,25,64382.5,,,,,SEVIYE,70,131.0,14,,,,,,,,,0,,18,902.0,18,,,
30923,2026-07-29 08:45:44.167481+00,64447.649999999994,1862398.6777832014,926211.806,11782423066.2996,0.00008278,55898962.953619964,0.0,0.0,BEKLE,,0.0,0.0,1.495,60.391,50970651.540350005,60.391,0.0,0.0,"[{""usdt"": 15315676.0, ""borsa"": 3, ""fiyat"": 64425.0, ""kaynak"": ""BNB+BYB+OKX""}, {""usdt"": 10213714.0, ""borsa"": 1, ""fiyat"": 64350.0, ""kaynak"": ""BNB""}, {""usdt"": 9547818.0, ""borsa"": 1, ""fiyat"": 64375.0, ""kaynak"": ""BNB""}]","[{""usdt"": 11379347.0, ""borsa"": 1, ""fiyat"": 64500.0, ""kaynak"": ""BNB""}, {""usdt"": 11269858.0, ""borsa"": 3, ""fiyat"": 64475.0, ""kaynak"": ""BNB+BYB+OKX""}, {""usdt"": 9480088.0, ""borsa"": 3, ""fiyat"": 64450.0, ""kaynak"": ""BNB+BYB+OKX""}]",SPOT,0.1963,0.0461,0.405,3.8445,true,0,false,,3,0,3,1,0,3,6.3,7.3,IZLE,,25,64436.7,,,,,SEVIYE,70,62.0,7,,,,,,,,,0,,18,903.0,18,,,
30924,2026-07-29 08:46:44.836617+00,64494.55,2880481.317058101,1355067.007,11788733996.2531,0.00008278,54870164.14434998,35383.2696,0.0,BEKLE,,0.0,35383.2696,1.495,0,62749961.34770998,60.597,0.0,0.0,"[{""usdt"": 15934387.0, ""borsa"": 3, ""fiyat"": 64475.0, ""kaynak"": ""BNB+BYB+OKX""}, {""usdt"": 9861257.0, ""borsa"": 1, ""fiyat"": 64400.0, ""kaynak"": ""BNB""}, {""usdt"": 8535864.0, ""borsa"": 1, ""fiyat"": 64425.0, ""kaynak"": ""BNB""}]","[{""usdt"": 15324556.0, ""borsa"": 1, ""fiyat"": 64600.0, ""kaynak"": ""BNB""}, {""usdt"": 13253436.0, ""borsa"": 3, ""fiyat"": 64500.0, ""kaynak"": ""BNB+BYB+OKX""}, {""usdt"": 12313093.0, ""borsa"": 3, ""fiyat"": 64525.0, ""kaynak"": ""BNB+BYB+OKX""}]",SPOT,0.2024,-0.067,0.4879,2.8595,true,0,false,,3,0,3,0,0,3,3,4.1,IZLE,,25,64487.9,,,,,SEVIYE,50,2.9,1,,,,,,,1785314700,1,0,,18,904.0,18,,,
30925,2026-07-29 08:47:45.512628+00,64484.649999999994,3794316.2340316,1507765.5180000002,11792906203.9086,0.00008278,55781097.26544999,48093.426400000004,0.0,BEKLE,,0.0,48093.426400000004,1.4963,60.716,55529043.66231,121.313,0.0,0.0,"[{""usdt"": 13608017.0, ""borsa"": 3, ""fiyat"": 64475.0, ""kaynak"": ""BNB+BYB+OKX""}, {""usdt"": 11439972.0, ""borsa"": 1, ""fiyat"": 64400.0, ""kaynak"": ""BNB""}, {""usdt"": 9315105.0, ""borsa"": 1, ""fiyat"": 64450.0, ""kaynak"": ""BNB""}]","[{""usdt"": 14744707.0, ""borsa"": 3, ""fiyat"": 64500.0, ""kaynak"": ""BNB+BYB+OKX""}, {""usdt"": 12909895.0, ""borsa"": 3, ""fiyat"": 64525.0, ""kaynak"": ""BNB+BYB+OKX""}, {""usdt"": 10757264.0, ""borsa"": 1, ""fiyat"": 64575.0, ""kaynak"": ""BNB""}]",SPOT,0.2024,0.0023,0.559,2.1874,true,0,false,7.7769,3,0,3,0,0,3,63.7,62.2,IZLE,,25,64487.9,,,,,SEVIYE,50,3.9,1,,,,,,,1785314700,1,0,,18,905.1,18,,,
30926,2026-07-29 08:48:45.74803+00,64436.05,2636854.173943898,533465.9400000002,11787258540.538399,0.00008278,54061563.57309,48093.426400000004,27.2,BEKLE,,0.0,48093.426400000004,1.4963,120.992,56272574.303880006,181.589,0.0,27.2,"[{""usdt"": 14494437.0, ""borsa"": 3, ""fiyat"": 64475.0, ""kaynak"": ""BNB+BYB+OKX""}, {""usdt"": 11439972.0, ""borsa"": 1, ""fiyat"": 64400.0, ""kaynak"": ""BNB""}, {""usdt"": 9557546.0, ""borsa"": 2, ""fiyat"": 64450.0, ""kaynak"": ""BNB+BYB""}]","[{""usdt"": 17907431.0, ""borsa"": 3, ""fiyat"": 64500.0, ""kaynak"": ""BNB+BYB+OKX""}, {""usdt"": 10757264.0, ""borsa"": 1, ""fiyat"": 64575.0, ""kaynak"": ""BNB""}, {""usdt"": 10490701.0, ""borsa"": 3, ""fiyat"": 64525.0, ""kaynak"": ""BNB+BYB+OKX""}]",SPOT,0.2245,-0.02,0.7118,1.8058,true,0,false,2.9497,3,0,3,0,1,3,60.1,61.2,IZLE,,25,64436.7,,,,,SEVIYE,70,65.0,7,,,,,,,1785314700,1,1,,18,906.1,18,,,
30927,2026-07-29 08:49:46.317482+00,64426.75,2098211.2479608995,485532.1590000001,11776953249.2543,0.00008278,54841554.06130998,48093.426400000004,24.2,BEKLE,false,0.0,48093.426400000004,1.4963,0,53282985.71179997,242.089,24.2,0.0,"[{""usdt"": 16440379.0, ""borsa"": 3, ""fiyat"": 64425.0, ""kaynak"": ""BNB+BYB+OKX""}, {""usdt"": 10995395.0, ""borsa"": 1, ""fiyat"": 64350.0, ""kaynak"": ""BNB""}, {""usdt"": 10909756.0, ""borsa"": 3, ""fiyat"": 64400.0, ""kaynak"": ""BNB+BYB+OKX""}]","[{""usdt"": 17226096.0, ""borsa"": 3, ""fiyat"": 64450.0, ""kaynak"": ""BNB+BYB+OKX""}, {""usdt"": 9503452.0, ""borsa"": 1, ""fiyat"": 64500.0, ""kaynak"": ""BNB""}, {""usdt"": 8479506.0, ""borsa"": 1, ""fiyat"": 64550.0, ""kaynak"": ""BNB""}]",YOK,0.1233,0.0144,0.5029,1.7859,true,0,false,2.3683,1,0,3,0,0,3,56.8,57.9,IZLE,,25,64436.7,,,,,SEVIYE,70,66.0,7,,,,,,,1785314700,1,2,,18,907.1,18,,,
30928,2026-07-29 08:50:46.782922+00,64427.95,2167359.4733187985,481929.42000000016,11777225203.501099,0.00008278,51345111.21230996,48093.426400000004,21.2,BEKLE,false,0.0,48093.426400000004,1.4963,60.305,54460298.05536,181.081,21.2,0.0,"[{""usdt"": 13737563.0, ""borsa"": 3, ""fiyat"": 64400.0, ""kaynak"": ""BNB+BYB+OKX""}, {""usdt"": 10164061.0, ""borsa"": 3, ""fiyat"": 64425.0, ""kaynak"": ""BNB+BYB+OKX""}, {""usdt"": 9552807.0, ""borsa"": 1, ""fiyat"": 64350.0, ""kaynak"": ""BNB""}]","[{""usdt"": 16875450.0, ""borsa"": 3, ""fiyat"": 64450.0, ""kaynak"": ""BNB+BYB+OKX""}, {""usdt"": 12374652.0, ""borsa"": 1, ""fiyat"": 64500.0, ""kaynak"": ""BNB""}, {""usdt"": 8488020.0, ""borsa"": 1, ""fiyat"": 64525.0, ""kaynak"": ""BNB""}]",YOK,0.1032,-0.0294,0.3046,1.1619,true,0,false,,0,0,3,0,1,3,53.2,54.3,IZLE,,25,64436.7,,,,,SEVIYE,70,67.0,7,,,,,,,1785314700,1,3,,18,908.1,18,,,
30929,2026-07-29 08:51:47.171173+00,64376.95,986409.0008832003,249154.25899999996,11776439836.796398,0.00008278,55658758.02939998,0.0,35.5,BEKLE,false,0.0,0.0,1.5,120.878,52447288.36361994,241.654,35.5,0.0,"[{""usdt"": 21370253.0, ""borsa"": 3, ""fiyat"": 64400.0, ""kaynak"": ""BNB+BYB+OKX""}, {""usdt"": 9659401.0, ""borsa"": 1, ""fiyat"": 64325.0, ""kaynak"": ""BNB""}, {""usdt"": 8992861.0, ""borsa"": 1, ""fiyat"": 64375.0, ""kaynak"": ""BNB""}]","[{""usdt"": 12755021.0, ""borsa"": 3, ""fiyat"": 64450.0, ""kaynak"": ""BNB+BYB+OKX""}, {""usdt"": 10266902.0, ""borsa"": 3, ""fiyat"": 64425.0, ""kaynak"": ""BNB+BYB+OKX""}, {""usdt"": 10019774.0, ""borsa"": 1, ""fiyat"": 64475.0, ""kaynak"": ""BNB""}]",YOK,0.0794,0.0297,0.5222,1.9131,false,0,false,,0,0,3,0,0,3,50,51,IZLE,,25,64382.5,,,,,SEVIYE,70,138.1,14,,,,,,,,,0,,18,909.1,18,,,
30930,2026-07-29 08:52:47.913532+00,64385.95,598739.6622489005,148005.90500000014,11767212225.2715,0.00008278,57180957.356789984,0.0,44.1,BEKLE,false,0.0,0.0,1.5,0,49133492.800560005,302.389,44.1,0.0,"[{""usdt"": 14231650.0, ""borsa"": 3, ""fiyat"": 64375.0, ""kaynak"": ""BNB+BYB+OKX""}, {""usdt"": 13381486.0, ""borsa"": 3, ""fiyat"": 64350.0, ""kaynak"": ""BNB+BYB+OKX""}, {""usdt"": 12206630.0, ""borsa"": 1, ""fiyat"": 64275.0, ""kaynak"": ""BNB""}]","[{""usdt"": 14198952.0, ""borsa"": 3, ""fiyat"": 64400.0, ""kaynak"": ""BNB+BYB+OKX""}, {""usdt"": 9548436.0, ""borsa"": 1, ""fiyat"": 64475.0, ""kaynak"": ""BNB""}, {""usdt"": 9203204.0, ""borsa"": 1, ""fiyat"": 64450.0, ""kaynak"": ""BNB""}]",YOK,0.0864,0.0757,0.6,1.0935,true,0,false,,0,0,3,1,0,3,46.8,47.9,IZLE,,25,64382.5,,,,,SEVIYE,70,139.1,14,,,,,,,,,0,,18,910.1,18,,,
30931,2026-07-29 08:53:48.210303+00,64383.149999999994,655163.1757215013,-52990.43299999998,11768355340.2159,0.00008278,49860617.25235999,0.0,30.2,BEKLE,false,0.0,0.0,1.5,60.313,53924606.82560001,362.702,30.2,0.0,"[{""usdt"": 16112114.0, ""borsa"": 3, ""fiyat"": 64375.0, ""kaynak"": ""BNB+BYB+OKX""}, {""usdt"": 9414245.0, ""borsa"": 2, ""fiyat"": 64350.0, ""kaynak"": ""BNB+BYB""}, {""usdt"": 8327925.0, ""borsa"": 1, ""fiyat"": 64325.0, ""kaynak"": ""BNB""}]","[{""usdt"": 18506996.0, ""borsa"": 3, ""fiyat"": 64400.0, ""kaynak"": ""BNB+BYB+OKX""}, {""usdt"": 9933075.0, ""borsa"": 3, ""fiyat"": 64425.0, ""kaynak"": ""BNB+BYB+OKX""}, {""usdt"": 9018755.0, ""borsa"": 1, ""fiyat"": 64450.0, ""kaynak"": ""BNB""}]",YOK,0.1054,-0.0392,0.6832,1.077,true,0,false,,0,0,3,0,1,3,43.3,44.4,IZLE,,25,64382.5,,,,,SEVIYE,70,140.1,14,,,,,,,,,0,,18,911.1,18,,,
30932,2026-07-29 08:54:48.448315+00,64367.350000000006,540281.3775404012,-65905.01599999993,11768649731.98,0.00008278,54227385.69760995,0.0,33.9,BEKLE,true,0.0,0.0,1.5,120.586,55476512.24353003,422.975,33.9,0.0,"[{""usdt"": 15676876.0, ""borsa"": 3, ""fiyat"": 64375.0, ""kaynak"": ""BNB+BYB+OKX""}, {""usdt"": 11863178.0, ""borsa"": 3, ""fiyat"": 64350.0, ""kaynak"": ""BNB+BYB+OKX""}, {""usdt"": 9858052.0, ""borsa"": 1, ""fiyat"": 64300.0, ""kaynak"": ""BNB""}]","[{""usdt"": 17147681.0, ""borsa"": 3, ""fiyat"": 64400.0, ""kaynak"": ""BNB+BYB+OKX""}, {""usdt"": 9955031.0, ""borsa"": 1, ""fiyat"": 64450.0, ""kaynak"": ""BNB""}, {""usdt"": 8358609.0, ""borsa"": 1, ""fiyat"": 64475.0, ""kaynak"": ""BNB""}]",YOK,0.0489,-0.0114,0.6445,1.4424,true,0.1532,true,0,0,0,3,0,1,3,39.7,40.8,IZLE,,25,64381.2,,,,,SEVIYE,90,141.1,15,,,,,,,,,0,,18,912.1,18,,,
30933,2026-07-29 08:55:49.018492+00,64377.05,-1255707.6623078,-1438468.7789999999,11765829240.8782,0.00008278,51195300.09696997,0.0,70.7,BEKLE,true,0.0,0.0,1.5,181.073,57596361.54511,483.462,70.7,0.0,"[{""usdt"": 12420596.0, ""borsa"": 3, ""fiyat"": 64350.0, ""kaynak"": ""BNB+BYB+OKX""}, {""usdt"": 10191109.0, ""borsa"": 1, ""fiyat"": 64300.0, ""kaynak"": ""BNB""}, {""usdt"": 9737625.0, ""borsa"": 1, ""fiyat"": 64275.0, ""kaynak"": ""BNB""}]","[{""usdt"": 17857406.0, ""borsa"": 3, ""fiyat"": 64400.0, ""kaynak"": ""BNB+BYB+OKX""}, {""usdt"": 11719708.0, ""borsa"": 1, ""fiyat"": 64450.0, ""kaynak"": ""BNB""}, {""usdt"": 9374307.0, ""borsa"": 1, ""fiyat"": 64475.0, ""kaynak"": ""BNB""}]",YOK,0.0553,-0.0588,0.5336,0.4657,false,,true,0,0,0,3,0,2,3,36.4,37.4,IZLE,,25,64381.2,,,,,SEVIYE,90,142.1,15,,,,,,,,,0,,18,913.1,18,,,
30934,2026-07-29 08:56:49.358772+00,64370.649999999994,-1522148.6406910003,-1441527.9030000002,11765902810.567001,0.00008278,56525530.47305999,0.0,84.6,BEKLE,true,0.0,0.0,1.5,241.425,56710108.51326005,60.352,84.6,0.0,"[{""usdt"": 16059079.0, ""borsa"": 3, ""fiyat"": 64350.0, ""kaynak"": ""BNB+BYB+OKX""}, {""usdt"": 12030137.0, ""borsa"": 1, ""fiyat"": 64275.0, ""kaynak"": ""BNB""}, {""usdt"": 8145180.0, ""borsa"": 1, ""fiyat"": 64325.0, ""kaynak"": ""BNB""}]","[{""usdt"": 14851075.0, ""borsa"": 3, ""fiyat"": 64400.0, ""kaynak"": ""BNB+BYB+OKX""}, {""usdt"": 10773026.0, ""borsa"": 3, ""fiyat"": 64375.0, ""kaynak"": ""BNB+BYB+OKX""}, {""usdt"": 10302676.0, ""borsa"": 1, ""fiyat"": 64425.0, ""kaynak"": ""BNB""}]",YOK,0.0243,-0.0016,0.4877,0.072,false,,true,0,0,0,3,1,1,3,32.9,33.9,IZLE,,25,64381.2,,,,,SEVIYE,90,143.1,15,,,,,,,,,0,,18,914.1,18,,,
30935,2026-07-29 08:57:49.652256+00,64379.05,-1504014.3335783007,-1441542.0110000002,11766604613.614601,0.00008278,55152914.71217996,0.0,85.9,BEKLE,true,0.0,0.0,1.4981,301.789,59036653.71506005,120.716,85.9,0.0,"[{""usdt"": 20762165.0, ""borsa"": 3, ""fiyat"": 64350.0, ""kaynak"": ""BNB+BYB+OKX""}, {""usdt"": 10034849.0, ""borsa"": 1, ""fiyat"": 64275.0, ""kaynak"": ""BNB""}, {""usdt"": 8669073.0, ""borsa"": 1, ""fiyat"": 64325.0, ""kaynak"": ""BNB""}]","[{""usdt"": 15708639.0, ""borsa"": 3, ""fiyat"": 64375.0, ""kaynak"": ""BNB+BYB+OKX""}, {""usdt"": 13144573.0, ""borsa"": 3, ""fiyat"": 64400.0, ""kaynak"": ""BNB+BYB+OKX""}, {""usdt"": 10411378.0, ""borsa"": 1, ""fiyat"": 64425.0, ""kaynak"": ""BNB""}]",YOK,0.0055,-0.034,0.4591,0.0885,false,,true,0,0,1,3,0,1,3,29,30.1,IZLE,,25,64381.2,,,,,SEVIYE,90,144.1,15,,,,,,,,,0,,18,915.1,18,,,
30936,2026-07-29 08:58:50.968212+00,64382.350000000006,-1026397.9186715015,-1450000.2850000001,11770444769.870699,0.00008278,50696817.489829965,0.0,78.9,BEKLE,true,0.0,0.0,1.4981,363.047,60652363.019260034,181.974,78.9,0.0,"[{""usdt"": 13758604.0, ""borsa"": 3, ""fiyat"": 64375.0, ""kaynak"": ""BNB+BYB+OKX""}, {""usdt"": 9194765.0, ""borsa"": 1, ""fiyat"": 64300.0, ""kaynak"": ""BNB""}, {""usdt"": 9104877.0, ""borsa"": 2, ""fiyat"": 64350.0, ""kaynak"": ""BNB+BYB""}]","[{""usdt"": 20855215.0, ""borsa"": 3, ""fiyat"": 64400.0, ""kaynak"": ""BNB+BYB+OKX""}, {""usdt"": 10813478.0, ""borsa"": 1, ""fiyat"": 64450.0, ""kaynak"": ""BNB""}, {""usdt"": 9885261.0, ""borsa"": 3, ""fiyat"": 64425.0, ""kaynak"": ""BNB+BYB+OKX""}]",YOK,-0.0181,-0.0894,0.4358,0.0122,false,,true,0,0,1,3,0,1,3,26.5,27.5,IZLE,,25,64381.2,,,,,SEVIYE,90,145.1,15,,,,,,,,,0,,18,916.1,18,,,
30937,2026-07-29 08:59:51.285032+00,64391.149999999994,-1081426.6819945015,-1453301.9890000003,11768101891.9158,0.00008278,53301969.227889955,1738.3923,84.7,BEKLE,true,1738.3923,0.0,1.4981,423.368,57820131.15280005,242.295,84.7,0.0,"[{""usdt"": 14888424.0, ""borsa"": 3, ""fiyat"": 64375.0, ""kaynak"": ""BNB+BYB+OKX""}, {""usdt"": 9972481.0, ""borsa"": 1, ""fiyat"": 64325.0, ""kaynak"": ""BNB""}, {""usdt"": 9021854.0, ""borsa"": 1, ""fiyat"": 64350.0, ""kaynak"": ""BNB""}]","[{""usdt"": 16902793.0, ""borsa"": 3, ""fiyat"": 64400.0, ""kaynak"": ""BNB+BYB+OKX""}, {""usdt"": 13555546.0, ""borsa"": 3, ""fiyat"": 64425.0, ""kaynak"": ""BNB+BYB+OKX""}, {""usdt"": 10821664.0, ""borsa"": 1, ""fiyat"": 64450.0, ""kaynak"": ""BNB""}]",YOK,-0.0023,-0.0407,0.4286,0.3696,false,,true,0,0,0,3,0,0,3,23,24,IZLE,,25,64381.2,,,,,SEVIYE,90,146.1,15,,,,,,,1785315480,1,0,,18,917.1,18,,,
30938,2026-07-29 09:00:51.66363+00,64391.149999999994,-215219.40810469954,725721.9060000001,11767364914.3904,0.00008278,52643629.50931999,1738.3923,82.1,BEKLE,,1738.3923,0.0,1.4981,483.687,61294169.26788,302.614,0.0,82.1,"[{""usdt"": 16995352.0, ""borsa"": 3, ""fiyat"": 64375.0, ""kaynak"": ""BNB+BYB+OKX""}, {""usdt"": 10131892.0, ""borsa"": 1, ""fiyat"": 64325.0, ""kaynak"": ""BNB""}, {""usdt"": 8040475.0, ""borsa"": 1, ""fiyat"": 64350.0, ""kaynak"": ""BNB""}]","[{""usdt"": 19320546.0, ""borsa"": 3, ""fiyat"": 64400.0, ""kaynak"": ""BNB+BYB+OKX""}, {""usdt"": 12680581.0, ""borsa"": 3, ""fiyat"": 64425.0, ""kaynak"": ""BNB+BYB+OKX""}, {""usdt"": 11341143.0, ""borsa"": 1, ""fiyat"": 64450.0, ""kaynak"": ""BNB""}]",YOK,0.0067,-0.0759,0.2358,0.1877,false,,true,0,0,0,3,0,1,3,19.4,20.5,IZLE,,25,64381.2,,,,,SEVIYE,90,147.2,15,,,,,,,1785315480,1,1,,18,918.2,18,,,
30939,2026-07-29 09:01:52.331104+00,64406.850000000006,-151370.67370779946,726502.7310000001,11767332122.854,0.00008278,54277282.376509964,1738.3923,66.7,BEKLE,true,1738.3923,0.0,1.4981,544.444,56382466.66228003,363.371,0.0,66.7,"[{""usdt"": 17440533.0, ""borsa"": 3, ""fiyat"": 64375.0, ""kaynak"": ""BNB+BYB+OKX""}, {""usdt"": 10613985.0, ""borsa"": 1, ""fiyat"": 64325.0, ""kaynak"": ""BNB""}, {""usdt"": 8294480.0, ""borsa"": 1, ""fiyat"": 64350.0, ""kaynak"": ""BNB""}]","[{""usdt"": 17366776.0, ""borsa"": 3, ""fiyat"": 64400.0, ""kaynak"": ""BNB+BYB+OKX""}, {""usdt"": 10265856.0, ""borsa"": 1, ""fiyat"": 64450.0, ""kaynak"": ""BNB""}, {""usdt"": 9967719.0, ""borsa"": 3, ""fiyat"": 64425.0, ""kaynak"": ""BNB+BYB+OKX""}]",YOK,0.0169,-0.019,0.2886,0.4478,false,,true,0,0,0,3,0,0,3,16.3,17.4,IZLE,,25,64381.2,,,,,SEVIYE,90,148.2,15,,,,,,,1785315480,1,2,,18,919.2,18,,,
30940,2026-07-29 09:02:52.620918+00,64412.149999999994,1186679.4045038007,689515.843,11771384936.496399,0.00008278,50770933.13911,1738.3923,77.5,BEKLE,false,1738.3923,0.0,1.495,241.64,59172189.06413998,241.64,0.0,77.5,"[{""usdt"": 16242632.0, ""borsa"": 3, ""fiyat"": 64400.0, ""kaynak"": ""BNB+BYB+OKX""}, {""usdt"": 9577280.0, ""borsa"": 1, ""fiyat"": 64350.0, ""kaynak"": ""BNB""}, {""usdt"": 9346726.0, ""borsa"": 1, ""fiyat"": 64325.0, ""kaynak"": ""BNB""}]","[{""usdt"": 18249654.0, ""borsa"": 3, ""fiyat"": 64425.0, ""kaynak"": ""BNB+BYB+OKX""}, {""usdt"": 11381894.0, ""borsa"": 3, ""fiyat"": 64450.0, ""kaynak"": ""BNB+BYB+OKX""}, {""usdt"": 10287534.0, ""borsa"": 1, ""fiyat"": 64500.0, ""kaynak"": ""BNB""}]",YOK,0.0416,-0.0764,0.4476,0.3234,false,,true,0.0366,0,1,3,0,1,3,12.7,13.8,IZLE,,25,64435.5,,,,,SEVIYE,70,79.1,8,,,,,,,1785315480,1,3,,18,920.2,18,,,
30941,2026-07-29 09:03:52.976879+00,64411.75,1048714.461175698,585776.679,11768103827.223701,0.00008278,50540387.06290996,0.0,68.7,BEKLE,false,0.0,0.0,1.495,60.399,51904689.555970006,302.039,0.0,68.7,"[{""usdt"": 12233311.0, ""borsa"": 3, ""fiyat"": 64375.0, ""kaynak"": ""BNB+BYB+OKX""}, {""usdt"": 12134584.0, ""borsa"": 3, ""fiyat"": 64400.0, ""kaynak"": ""BNB+BYB+OKX""}, {""usdt"": 11530100.0, ""borsa"": 1, ""fiyat"": 64325.0, ""kaynak"": ""BNB""}]","[{""usdt"": 16183323.0, ""borsa"": 3, ""fiyat"": 64425.0, ""kaynak"": ""BNB+BYB+OKX""}, {""usdt"": 10034049.0, ""borsa"": 1, ""fiyat"": 64475.0, ""kaynak"": ""BNB""}, {""usdt"": 9557249.0, ""borsa"": 1, ""fiyat"": 64500.0, ""kaynak"": ""BNB""}]",YOK,0.0926,-0.0133,0.3955,0.3291,false,,true,0.0236,0,0,3,1,0,3,9.3,10.4,IZLE,,25,64435.5,,,,,SEVIYE,70,80.1,8,,,,,,,,,0,,18,911.2,18,,,
30942,2026-07-29 09:04:54.540882+00,64394.25,1375046.0754256982,513182.84300000005,11771035175.0887,0.00008278,59854521.05735002,0.0,71.0,BEKLE,false,0.0,0.0,1.495,61.547,52138956.35295,363.586,0.0,71.0,"[{""usdt"": 24051501.0, ""borsa"": 3, ""fiyat"": 64375.0, ""kaynak"": ""BNB+BYB+OKX""}, {""usdt"": 12129045.0, ""borsa"": 1, ""fiyat"": 64300.0, ""kaynak"": ""BNB""}, {""usdt"": 8251216.0, ""borsa"": 1, ""fiyat"": 64350.0, ""kaynak"": ""BNB""}]","[{""usdt"": 11029591.0, ""borsa"": 3, ""fiyat"": 64425.0, ""kaynak"": ""BNB+BYB+OKX""}, {""usdt"": 10839825.0, ""borsa"": 1, ""fiyat"": 64475.0, ""kaynak"": ""BNB""}, {""usdt"": 9864933.0, ""borsa"": 1, ""fiyat"": 64500.0, ""kaynak"": ""BNB""}]",YOK,0.08,0.0689,0.4419,0.0335,false,,true,0.0351,0,0,3,0,0,3,7,8.1,IZLE,,25,64407.1,,,,,SEVIYE,90,151.2,16,,,,,,,,,0,,18,912.2,18,,,
30943,2026-07-29 09:05:54.8828+00,64360.25,2056371.9002912897,969693.378,11764931853.028,0.00008278,55987339.57501002,0.0,23.7,BEKLE,,0.0,0.0,1.4938,0,50968220.68304005,60.261,0.0,23.7,"[{""usdt"": 16088162.0, ""borsa"": 3, ""fiyat"": 64350.0, ""kaynak"": ""BNB+BYB+OKX""}, {""usdt"": 11374609.0, ""borsa"": 1, ""fiyat"": 64275.0, ""kaynak"": ""BNB""}, {""usdt"": 10380717.0, ""borsa"": 1, ""fiyat"": 64250.0, ""kaynak"": ""BNB""}]","[{""usdt"": 14811666.0, ""borsa"": 3, ""fiyat"": 64375.0, ""kaynak"": ""BNB+BYB+OKX""}, {""usdt"": 9633812.0, ""borsa"": 3, ""fiyat"": 64400.0, ""kaynak"": ""BNB+BYB+OKX""}, {""usdt"": 8769858.0, ""borsa"": 1, ""fiyat"": 64425.0, ""kaynak"": ""BNB""}]",YOK,0.0171,0.0469,0.8551,0.698,false,,false,0.6157,0,0,3,0,1,3,3.5,4.5,IZLE,,25,64370.5,,,,,SEVIYE,90,152.2,16,,,,,,,,,0,,18,913.2,18,,,
30944,2026-07-29 09:06:55.149619+00,64371.95,2176555.73611729,962273.9800000001,11764664034.149601,0.00008278,52333841.27830999,0.0,25.8,BEKLE,false,0.0,0.0,1.4938,60.392,56538248.84754004,60.392,0.0,25.8,"[{""usdt"": 15906713.0, ""borsa"": 3, ""fiyat"": 64350.0, ""kaynak"": ""BNB+BYB+OKX""}, {""usdt"": 11588430.0, ""borsa"": 1, ""fiyat"": 64275.0, ""kaynak"": ""BNB""}, {""usdt"": 8955063.0, ""borsa"": 1, ""fiyat"": 64300.0, ""kaynak"": ""BNB""}]","[{""usdt"": 16327864.0, ""borsa"": 3, ""fiyat"": 64375.0, ""kaynak"": ""BNB+BYB+OKX""}, {""usdt"": 11021226.0, ""borsa"": 1, ""fiyat"": 64450.0, ""kaynak"": ""BNB""}, {""usdt"": 9569123.0, ""borsa"": 3, ""fiyat"": 64400.0, ""kaynak"": ""BNB+BYB+OKX""}]",YOK,0.0171,-0.0386,0.8622,0.7755,false,,false,0.7966,0,0,3,0,1,3,63.9,62.4,IZLE,,25,64370.5,,,,,SEVIYE,90,153.2,16,,,,,,,,,0,,18,914.2,18,,,
30945,2026-07-29 09:07:55.596286+00,64366.55,2038264.3645316905,887658.5260000001,11762902629.5537,0.00008278,50681703.67197999,0.0,25.7,BEKLE,false,0.0,0.0,1.4938,120.762,62672492.156930044,120.762,0.0,25.7,"[{""usdt"": 13137031.0, ""borsa"": 3, ""fiyat"": 64350.0, ""kaynak"": ""BNB+BYB+OKX""}, {""usdt"": 11588430.0, ""borsa"": 1, ""fiyat"": 64275.0, ""kaynak"": ""BNB""}, {""usdt"": 8955063.0, ""borsa"": 1, ""fiyat"": 64300.0, ""kaynak"": ""BNB""}]","[{""usdt"": 16642153.0, ""borsa"": 3, ""fiyat"": 64375.0, ""kaynak"": ""BNB+BYB+OKX""}, {""usdt"": 16001259.0, ""borsa"": 3, ""fiyat"": 64400.0, ""kaynak"": ""BNB+BYB+OKX""}, {""usdt"": 11021226.0, ""borsa"": 1, ""fiyat"": 64450.0, ""kaynak"": ""BNB""}]",YOK,0.0507,-0.1058,0.7315,2.3497,false,,false,0.7252,0,0,3,0,2,3,60.2,61.5,IZLE,,25,64370.5,,,,,SEVIYE,90,154.2,16,,,,,,,,,0,,18,915.2,18,,,
30946,2026-07-29 09:08:55.875559+00,64360.45,2135124.093342992,863967.5860000001,11763840538.1882,0.00008278,56893062.622580014,0.0,24.8,BEKLE,false,0.0,0.0,1.4938,181.044,49875521.95463003,181.044,0.0,24.8,"[{""usdt"": 15239362.0, ""borsa"": 3, ""fiyat"": 64350.0, ""kaynak"": ""BNB+BYB+OKX""}, {""usdt"": 9546634.0, ""borsa"": 1, ""fiyat"": 64300.0, ""kaynak"": ""BNB""}, {""usdt"": 8956462.0, ""borsa"": 3, ""fiyat"": 64375.0, ""kaynak"": ""BNB+BYB+OKX""}]","[{""usdt"": 14894851.0, ""borsa"": 3, ""fiyat"": 64400.0, ""kaynak"": ""BNB+BYB+OKX""}, {""usdt"": 10398610.0, ""borsa"": 1, ""fiyat"": 64450.0, ""kaynak"": ""BNB""}, {""usdt"": 8851354.0, ""borsa"": 1, ""fiyat"": 64475.0, ""kaynak"": ""BNB""}]",YOK,0.0624,0.0657,0.7123,2.0176,false,,true,0.432,0,0,3,1,0,3,56.7,57.7,IZLE,,25,64370.5,,,,,SEVIYE,90,155.2,16,,,,,,,,,0,,18,916.2,18,,,
30947,2026-07-29 09:09:56.147284+00,64402.350000000006,2381500.9436924905,876336.9160000001,11767716075.404701,0.00008278,54056239.206730016,0.0,29.1,BEKLE,false,0.0,0.0,1.4938,241.324,54605154.86432,241.324,0.0,29.1,"[{""usdt"": 16726714.0, ""borsa"": 3, ""fiyat"": 64375.0, ""kaynak"": ""BNB+BYB+OKX""}, {""usdt"": 11067064.0, ""borsa"": 1, ""fiyat"": 64275.0, ""kaynak"": ""BNB""}, {""usdt"": 8038154.0, ""borsa"": 1, ""fiyat"": 64325.0, ""kaynak"": ""BNB""}]","[{""usdt"": 18029664.0, ""borsa"": 3, ""fiyat"": 64400.0, ""kaynak"": ""BNB+BYB+OKX""}, {""usdt"": 10872384.0, ""borsa"": 1, ""fiyat"": 64475.0, ""kaynak"": ""BNB""}, {""usdt"": 10487812.0, ""borsa"": 1, ""fiyat"": 64450.0, ""kaynak"": ""BNB""}]",YOK,-0.0162,-0.0051,0.6373,0.3077,true,0,false,6.478,0,2,3,0,0,3,53.1,54.2,IZLE,,25,64407.1,,,,,SEVIYE,90,156.2,16,,,,,,,,,0,,18,917.2,18,,,
30948,2026-07-29 09:10:56.497473+00,64427.850000000006,1838465.7618084892,-327779.789,11771267124.2569,0.00008278,51722048.80480002,0.0,67.2,BEKLE,true,0.0,0.0,1.4938,0,54719386.445919946,60.336,67.2,0.0,"[{""usdt"": 17322000.0, ""borsa"": 3, ""fiyat"": 64400.0, ""kaynak"": ""BNB+BYB+OKX""}, {""usdt"": 8592801.0, ""borsa"": 1, ""fiyat"": 64350.0, ""kaynak"": ""BNB""}, {""usdt"": 7567724.0, ""borsa"": 1, ""fiyat"": 64325.0, ""kaynak"": ""BNB""}]","[{""usdt"": 13749712.0, ""borsa"": 3, ""fiyat"": 64425.0, ""kaynak"": ""BNB+BYB+OKX""}, {""usdt"": 12387169.0, ""borsa"": 3, ""fiyat"": 64450.0, ""kaynak"": ""BNB+BYB+OKX""}, {""usdt"": 11759898.0, ""borsa"": 1, ""fiyat"": 64500.0, ""kaynak"": ""BNB""}]",YOK,0.0679,-0.0282,0.0962,1.7921,false,,false,1.8791,0,0,3,0,0,3,49.2,50.4,IZLE,,25,64407.1,,,,,SEVIYE,90,157.2,16,,,,,,,,,0,,18,918.2,18,,,
30949,2026-07-29 09:11:56.859935+00,64420.25,1749549.765446589,-533837.504,11770702494.6706,0.00008278,52525006.45220007,0.0,72.7,BEKLE,true,0.0,0.0,1.4938,60.385,56475346.31257996,120.721,72.7,0.0,"[{""usdt"": 17015413.0, ""borsa"": 3, ""fiyat"": 64400.0, ""kaynak"": ""BNB+BYB+OKX""}, {""usdt"": 11015244.0, ""borsa"": 1, ""fiyat"": 64350.0, ""kaynak"": ""BNB""}, {""usdt"": 9852648.0, ""borsa"": 1, ""fiyat"": 64325.0, ""kaynak"": ""BNB""}]","[{""usdt"": 13947592.0, ""borsa"": 3, ""fiyat"": 64425.0, ""kaynak"": ""BNB+BYB+OKX""}, {""usdt"": 12322140.0, ""borsa"": 3, ""fiyat"": 64450.0, ""kaynak"": ""BNB+BYB+OKX""}, {""usdt"": 9724724.0, ""borsa"": 1, ""fiyat"": 64475.0, ""kaynak"": ""BNB""}]",YOK,0.0722,-0.0362,0.1532,1.0402,false,,false,1.6814,0,0,3,0,0,3,45.4,46.6,IZLE,,25,64407.1,,,,,SEVIYE,90,158.2,16,,,,,,,,,0,,18,919.2,18,,,
30950,2026-07-29 09:12:57.152374+00,64436.95,997648.0760340886,-506083.321,11774361282.8443,0.00008278,47481306.63382005,0.0,82.0,BEKLE,false,0.0,0.0,1.4913,120.732,60651669.02725996,181.068,82.0,0.0,"[{""usdt"": 15876076.0, ""borsa"": 3, ""fiyat"": 64425.0, ""kaynak"": ""BNB+BYB+OKX""}, {""usdt"": 9417591.0, ""borsa"": 1, ""fiyat"": 64375.0, ""kaynak"": ""BNB""}, {""usdt"": 8029815.0, ""borsa"": 1, ""fiyat"": 64350.0, ""kaynak"": ""BNB""}]","[{""usdt"": 26493578.0, ""borsa"": 3, ""fiyat"": 64450.0, ""kaynak"": ""BNB+BYB+OKX""}, {""usdt"": 11309619.0, ""borsa"": 1, ""fiyat"": 64500.0, ""kaynak"": ""BNB""}, {""usdt"": 8685445.0, ""borsa"": 1, ""fiyat"": 64525.0, ""kaynak"": ""BNB""}]",YOK,0.0724,-0.1218,0.3213,1.3047,false,,false,0.9028,0,0,3,0,1,3,41.9,43,IZLE,,25,64407.1,,,,,SEVIYE,90,159.2,16,,,,,,,,,0,,18,920.2,18,,,
30951,2026-07-29 09:13:57.454082+00,64415.25,2230619.8367926884,-650950.358,11773096319.613201,0.00008278,46403033.42372999,0.0,55.6,BEKLE,true,0.0,0.0,1.4913,60.3,58506102.62253996,241.368,55.6,0.0,"[{""usdt"": 14570932.0, ""borsa"": 3, ""fiyat"": 64425.0, ""kaynak"": ""BNB+BYB+OKX""}, {""usdt"": 9189529.0, ""borsa"": 2, ""fiyat"": 64400.0, ""kaynak"": ""BNB+OKX""}, {""usdt"": 8954931.0, ""borsa"": 1, ""fiyat"": 64375.0, ""kaynak"": ""BNB""}]","[{""usdt"": 23982845.0, ""borsa"": 3, ""fiyat"": 64450.0, ""kaynak"": ""BNB+BYB+OKX""}, {""usdt"": 10178756.0, ""borsa"": 1, ""fiyat"": 64500.0, ""kaynak"": ""BNB""}, {""usdt"": 8104237.0, ""borsa"": 2, ""fiyat"": 64475.0, ""kaynak"": ""BNB+BYB""}]",YOK,0.0248,-0.1154,0.0392,1.3661,false,,false,0.9715,0,0,3,0,1,3,38.3,39.4,IZLE,,25,64435,,,,,SEVIYE,70,90.2,10,,,,,,,,,0,,19,921.2,19,,,
30952,2026-07-29 09:14:57.848041+00,64430.149999999994,2124951.992694288,-790389.458,11772258302.6814,0.00008278,50324679.79109001,0.0,64.4,BEKLE,true,0.0,0.0,1.4913,60.223,51466506.224899985,301.591,64.4,0.0,"[{""usdt"": 13069841.0, ""borsa"": 3, ""fiyat"": 64400.0, ""kaynak"": ""BNB+BYB+OKX""}, {""usdt"": 12194575.0, ""borsa"": 1, ""fiyat"": 64350.0, ""kaynak"": ""BNB""}, {""usdt"": 9356021.0, ""borsa"": 3, ""fiyat"": 64425.0, ""kaynak"": ""BNB+BYB+OKX""}]","[{""usdt"": 14897800.0, ""borsa"": 3, ""fiyat"": 64450.0, ""kaynak"": ""BNB+BYB+OKX""}, {""usdt"": 12481435.0, ""borsa"": 1, ""fiyat"": 64500.0, ""kaynak"": ""BNB""}, {""usdt"": 7312602.0, ""borsa"": 1, ""fiyat"": 64525.0, ""kaynak"": ""BNB""}]",YOK,0.0548,-0.0112,0.0907,0.5958,false,,false,0.4296,0,0,3,1,0,3,34.6,35.7,IZLE,,25,64435,,,,,SEVIYE,70,91.2,10,,,,,,,,,0,,19,922.2,19,,,
30953,2026-07-29 09:15:58.376871+00,64412.25,403969.5786006964,-616808.5890000002,11770168554.4482,0.00008278,50063926.915249966,0.0,29.5,BEKLE,true,0.0,0.0,1.4913,60.478,55589681.541379966,362.069,29.5,0.0,"[{""usdt"": 13991899.0, ""borsa"": 3, ""fiyat"": 64400.0, ""kaynak"": ""BNB+BYB+OKX""}, {""usdt"": 10607215.0, ""borsa"": 1, ""fiyat"": 64325.0, ""kaynak"": ""BNB""}, {""usdt"": 9301082.0, ""borsa"": 2, ""fiyat"": 64375.0, ""kaynak"": ""BNB+BYB""}]","[{""usdt"": 18914242.0, ""borsa"": 3, ""fiyat"": 64425.0, ""kaynak"": ""BNB+BYB+OKX""}, {""usdt"": 9929968.0, ""borsa"": 1, ""fiyat"": 64500.0, ""kaynak"": ""BNB""}, {""usdt"": 8591545.0, ""borsa"": 1, ""fiyat"": 64475.0, ""kaynak"": ""BNB""}]",YOK,0.0272,-0.0523,0.7628,0.5027,false,,false,0.0702,0,0,3,1,1,3,31.3,32.4,IZLE,,25,64435,,,,,SEVIYE,70,92.2,10,,,,,,,,,0,,19,923.3,19,,,
30954,2026-07-29 09:17:00.128568+00,64397.149999999994,419016.8323952953,-622723.5330000002,11768253554.9919,0.00008278,49751286.880179964,0.0,15.7,BEKLE,true,0.0,0.0,1.4913,122.405,55463690.15884001,423.996,15.7,0.0,"[{""usdt"": 16757820.0, ""borsa"": 3, ""fiyat"": 64375.0, ""kaynak"": ""BNB+BYB+OKX""}, {""usdt"": 9604604.0, ""borsa"": 1, ""fiyat"": 64300.0, ""kaynak"": ""BNB""}, {""usdt"": 8963065.0, ""borsa"": 1, ""fiyat"": 64350.0, ""kaynak"": ""BNB""}]","[{""usdt"": 12533821.0, ""borsa"": 3, ""fiyat"": 64400.0, ""kaynak"": ""BNB+BYB+OKX""}, {""usdt"": 11588030.0, ""borsa"": 3, ""fiyat"": 64425.0, ""kaynak"": ""BNB+BYB+OKX""}, {""usdt"": 9063051.0, ""borsa"": 1, ""fiyat"": 64475.0, ""kaynak"": ""BNB""}]",YOK,0.0229,-0.0543,0.9065,0.9538,false,,false,0,0,0,3,0,0,3,29.4,30.4,IZLE,,25,64380.6,,,,,SEVIYE,90,163.3,17,,,,,,,,,0,,19,924.3,19,,,
30955,2026-07-29 09:18:00.43223+00,64404.350000000006,513805.3392098961,-552334.4900000001,11769344827.8969,0.00008278,50610142.81449,0.0,11.1,BEKLE,,0.0,0.0,1.4938,182.693,56533310.86106001,484.284,11.1,0.0,"[{""usdt"": 12942282.0, ""borsa"": 3, ""fiyat"": 64400.0, ""kaynak"": ""BNB+BYB+OKX""}, {""usdt"": 10170731.0, ""borsa"": 3, ""fiyat"": 64375.0, ""kaynak"": ""BNB+BYB+OKX""}, {""usdt"": 9455569.0, ""borsa"": 1, ""fiyat"": 64300.0, ""kaynak"": ""BNB""}]","[{""usdt"": 19960898.0, ""borsa"": 3, ""fiyat"": 64425.0, ""kaynak"": ""BNB+BYB+OKX""}, {""usdt"": 11534647.0, ""borsa"": 1, ""fiyat"": 64500.0, ""kaynak"": ""BNB""}, {""usdt"": 9416909.0, ""borsa"": 1, ""fiyat"": 64475.0, ""kaynak"": ""BNB""}]",YOK,0.0542,-0.0553,0.8715,3.5573,false,,false,0,0,0,3,0,2,3,25.8,26.9,IZLE,,25,64380.6,,,,,SEVIYE,90,164.3,17,,,,,,,,,0,,19,925.3,19,,,
30956,2026-07-29 09:19:00.681604+00,64443.75,706254.0400139962,-524598.924,11775899142.575,0.00008278,52580672.106340006,257.7856,21.7,BEKLE,false,0.0,257.7856,1.4938,60.31,56833075.18892003,544.594,0.0,21.7,"[{""usdt"": 17352459.0, ""borsa"": 3, ""fiyat"": 64425.0, ""kaynak"": ""BNB+BYB+OKX""}, {""usdt"": 10384519.0, ""borsa"": 1, ""fiyat"": 64350.0, ""kaynak"": ""BNB""}, {""usdt"": 8957823.0, ""borsa"": 1, ""fiyat"": 64375.0, ""kaynak"": ""BNB""}]","[{""usdt"": 17392850.0, ""borsa"": 3, ""fiyat"": 64450.0, ""kaynak"": ""BNB+BYB+OKX""}, {""usdt"": 12809365.0, ""borsa"": 1, ""fiyat"": 64500.0, ""kaynak"": ""BNB""}, {""usdt"": 10805565.0, ""borsa"": 3, ""fiyat"": 64475.0, ""kaynak"": ""BNB+BYB+OKX""}]",YOK,0.0789,-0.0389,0.8866,1.0046,false,,false,0,0,0,3,0,0,3,22.3,23.3,IZLE,,25,64435,,,,,SEVIYE,70,95.2,10,,,,,,,1785316680,1,0,,19,926.3,19,,,
30957,2026-07-29 09:20:00.978347+00,64429.350000000006,141514.85490289395,-567830.5320000001,11773921120.4286,0.00008278,45166524.48096999,257.7856,32.0,BEKLE,false,0.0,257.7856,1.4938,60.263,57943133.74103002,604.857,0.0,32.0,"[{""usdt"": 14304613.0, ""borsa"": 3, ""fiyat"": 64425.0, ""kaynak"": ""BNB+BYB+OKX""}, {""usdt"": 10302407.0, ""borsa"": 1, ""fiyat"": 64375.0, ""kaynak"": ""BNB""}, {""usdt"": 8217628.0, ""borsa"": 1, ""fiyat"": 64350.0, ""kaynak"": ""BNB""}]","[{""usdt"": 15570660.0, ""borsa"": 3, ""fiyat"": 64450.0, ""kaynak"": ""BNB+BYB+OKX""}, {""usdt"": 11999959.0, ""borsa"": 1, ""fiyat"": 64500.0, ""kaynak"": ""BNB""}, {""usdt"": 10127721.0, ""borsa"": 1, ""fiyat"": 64550.0, ""kaynak"": ""BNB""}]",YOK,0.0546,-0.1239,0.8524,0.0208,false,,false,0,0,0,3,0,2,3,18.3,19.3,IZLE,,25,64435,,,,,SEVIYE,70,96.2,10,,,,,,,1785316680,1,1,,19,927.3,19,,,
30958,2026-07-29 09:21:01.29809+00,64436.55,293269.3071403955,-420031.976,11774772086.0388,0.00008278,48945624.39315998,257.7856,25.0,BEKLE,,0.0,257.7856,1.4944,120.56,55768941.37401001,665.154,0.0,25.0,"[{""usdt"": 15046245.0, ""borsa"": 3, ""fiyat"": 64425.0, ""kaynak"": ""BNB+BYB+OKX""}, {""usdt"": 10589577.0, ""borsa"": 1, ""fiyat"": 64350.0, ""kaynak"": ""BNB""}, {""usdt"": 9107778.0, ""borsa"": 1, ""fiyat"": 64375.0, ""kaynak"": ""BNB""}]","[{""usdt"": 17539353.0, ""borsa"": 3, ""fiyat"": 64450.0, ""kaynak"": ""BNB+BYB+OKX""}, {""usdt"": 12177677.0, ""borsa"": 1, ""fiyat"": 64500.0, ""kaynak"": ""BNB""}, {""usdt"": 9195234.0, ""borsa"": 3, ""fiyat"": 64475.0, ""kaynak"": ""BNB+BYB+OKX""}]",YOK,0.0449,-0.0652,,,false,,false,0,0,0,3,0,1,3,14.7,15.8,IZLE,,25,64435,,,,,SEVIYE,70,97.2,10,,,,,,,1785316680,1,2,,19,928.3,19,,,
30959,2026-07-29 09:22:01.596149+00,64422.649999999994,-255417.6024345056,-20449.30799999997,11772685669.529202,0.00008278,54826120.045260005,257.7856,39.3,BEKLE,false,0.0,257.7856,1.4944,180.901,52642007.67890999,725.495,0.0,39.3,"[{""usdt"": 15843353.0, ""borsa"": 3, ""fiyat"": 64400.0, ""kaynak"": ""BNB+BYB+OKX""}, {""usdt"": 9550867.0, ""borsa"": 1, ""fiyat"": 64325.0, ""kaynak"": ""BNB""}, {""usdt"": 8947428.0, ""borsa"": 1, ""fiyat"": 64375.0, ""kaynak"": ""BNB""}]","[{""usdt"": 13139583.0, ""borsa"": 3, ""fiyat"": 64450.0, ""kaynak"": ""BNB+BYB+OKX""}, {""usdt"": 10430535.0, ""borsa"": 3, ""fiyat"": 64425.0, ""kaynak"": ""BNB+BYB+OKX""}, {""usdt"": 9785624.0, ""borsa"": 1, ""fiyat"": 64475.0, ""kaynak"": ""BNB""}]",YOK,-0.0008,0.0203,0.4205,0.9639,false,,false,0,0,0,3,0,0,3,11.2,12.3,IZLE,,25,64435,,,,,SEVIYE,70,98.2,10,,,,,,,1785316680,1,3,,19,929.3,19,,,
30960,2026-07-29 09:23:01.823283+00,64435.55,-256715.3036500056,-26947.250000000022,11772745475.742,0.00008278,58828927.22159001,257.7856,35.9,BEKLE,false,0.0,257.7856,1.4944,241.101,47968390.28108999,785.695,0.0,35.9,"[{""usdt"": 15117799.0, ""borsa"": 3, ""fiyat"": 64400.0, ""kaynak"": ""BNB+BYB+OKX""}, {""usdt"": 12838291.0, ""borsa"": 3, ""fiyat"": 64425.0, ""kaynak"": ""BNB+BYB+OKX""}, {""usdt"": 11634844.0, ""borsa"": 1, ""fiyat"": 64325.0, ""kaynak"": ""BNB""}]","[{""usdt"": 12345833.0, ""borsa"": 3, ""fiyat"": 64450.0, ""kaynak"": ""BNB+BYB+OKX""}, {""usdt"": 9620043.0, ""borsa"": 1, ""fiyat"": 64475.0, ""kaynak"": ""BNB""}, {""usdt"": 9168954.0, ""borsa"": 1, ""fiyat"": 64500.0, ""kaynak"": ""BNB""}]",YOK,0.0507,0.1017,0.4873,1.196,false,,false,0,0,0,3,1,0,3,7.5,8.6,IZLE,,25,64435,,,,,SEVIYE,70,99.2,10,,,,,,,1785316680,1,4,,19,930.3,19,,,
30961,2026-07-29 09:24:02.083311+00,64405.850000000006,155261.24385889407,-117542.899,11769118309.940601,0.00008278,57264736.14628999,4057.5717,35.9,BEKLE,false,837.2767,3220.295,1.4944,120.464,48358605.87679002,845.959,0.0,35.9,"[{""usdt"": 18260253.0, ""borsa"": 3, ""fiyat"": 64400.0, ""kaynak"": ""BNB+BYB+OKX""}, {""usdt"": 11111339.0, ""borsa"": 1, ""fiyat"": 64325.0, ""kaynak"": ""BNB""}, {""usdt"": 10346782.0, ""borsa"": 3, ""fiyat"": 64375.0, ""kaynak"": ""BNB+BYB+OKX""}]","[{""usdt"": 15717114.0, ""borsa"": 3, ""fiyat"": 64425.0, ""kaynak"": ""BNB+BYB+OKX""}, {""usdt"": 10417042.0, ""borsa"": 1, ""fiyat"": 64500.0, ""kaynak"": ""BNB""}, {""usdt"": 8626739.0, ""borsa"": 1, ""fiyat"": 64475.0, ""kaynak"": ""BNB""}]",YOK,0.0531,0.0843,0.4691,1.8968,false,,false,0,0,0,3,0,0,3,4,5.1,IZLE,,25,64428.5,,,,,SEVIYE,70,100.2,11,,,,,,,1785316980,1,0,,18,931.3,18,,,
30962,2026-07-29 09:25:02.461604+00,64432.95,805073.5959075935,-56766.44900000001,11774446412.652699,0.00008278,47740724.56369002,4057.5654000000004,41.1,BEKLE,false,837.2754,3220.2900000000004,1.4944,60.315,50745549.75959004,906.274,0.0,41.1,"[{""usdt"": 14278414.0, ""borsa"": 3, ""fiyat"": 64400.0, ""kaynak"": ""BNB+BYB+OKX""}, {""usdt"": 10468745.0, ""borsa"": 1, ""fiyat"": 64350.0, ""kaynak"": ""BNB""}, {""usdt"": 8682879.0, ""borsa"": 3, ""fiyat"": 64375.0, ""kaynak"": ""BNB+BYB+OKX""}]","[{""usdt"": 12500132.0, ""borsa"": 1, ""fiyat"": 64500.0, ""kaynak"": ""BNB""}, {""usdt"": 10144736.0, ""borsa"": 3, ""fiyat"": 64425.0, ""kaynak"": ""BNB+BYB+OKX""}, {""usdt"": 8754991.0, ""borsa"": 1, ""fiyat"": 64475.0, ""kaynak"": ""BNB""}]",YOK,0.1033,-0.0305,0.4587,0.1463,false,,false,,0,0,3,0,0,3,63.8,62.9,IZLE,,25,64428.5,,,,,SEVIYE,70,101.3,11,,,,,,,1785316980,1,0,,18,932.3,18,,,
30963,2026-07-29 09:26:03.059518+00,64443.850000000006,805073.5959075935,-56766.44900000001,11774446412.652699,0.00008278,48687318.46363002,4057.5654000000004,37.3,BEKLE,false,837.2754,3220.2900000000004,1.4944,120.97,55508184.42179003,966.929,0.0,37.3,"[{""usdt"": 15845150.0, ""borsa"": 3, ""fiyat"": 64425.0, ""kaynak"": ""BNB+BYB+OKX""}, {""usdt"": 10468745.0, ""borsa"": 1, ""fiyat"": 64350.0, ""kaynak"": ""BNB""}, {""usdt"": 8356126.0, ""borsa"": 1, ""fiyat"": 64325.0, ""kaynak"": ""BNB""}]","[{""usdt"": 19962111.0, ""borsa"": 3, ""fiyat"": 64450.0, ""kaynak"": ""BNB+BYB+OKX""}, {""usdt"": 12500132.0, ""borsa"": 1, ""fiyat"": 64500.0, ""kaynak"": ""BNB""}, {""usdt"": 9645634.0, ""borsa"": 2, ""fiyat"": 64475.0, ""kaynak"": ""BNB+BYB""}]",YOK,0.0889,-0.0655,0.479,0.4017,true,0.2129,false,,0,0,3,0,2,3,61,62.1,IZLE,,25,64428.5,,,,,SEVIYE,70,102.3,11,,,,,,,1785316980,1,0,,18,933.3,18,,,
30964,2026-07-29 09:27:03.34539+00,64426.850000000006,529152.1974609949,449079.49899999995,11775560585.967201,0.00008278,50421541.18469998,4057.5654000000004,40.4,BEKLE,,837.2754,3220.2900000000004,1.4944,181.268,56119018.30300003,1027.227,0.0,40.4,"[{""usdt"": 13211978.0, ""borsa"": 3, ""fiyat"": 64425.0, ""kaynak"": ""BNB+BYB+OKX""}, {""usdt"": 9369661.0, ""borsa"": 1, ""fiyat"": 64375.0, ""kaynak"": ""BNB""}, {""usdt"": 8302479.0, ""borsa"": 1, ""fiyat"": 64350.0, ""kaynak"": ""BNB""}]","[{""usdt"": 14282784.0, ""borsa"": 3, ""fiyat"": 64475.0, ""kaynak"": ""BNB+BYB+OKX""}, {""usdt"": 11423879.0, ""borsa"": 3, ""fiyat"": 64450.0, ""kaynak"": ""BNB+BYB+OKX""}, {""usdt"": 11346813.0, ""borsa"": 1, ""fiyat"": 64550.0, ""kaynak"": ""BNB""}]",YOK,0.1017,-0.0535,0.5217,0.1642,true,0.0958,false,,0,0,3,0,1,3,57.4,58.5,IZLE,,25,64428.5,,,,,SEVIYE,70,103.3,11,,,,,,,1785316980,1,1,,18,934.3,18,,,
30965,2026-07-29 09:28:03.56719+00,64426.850000000006,124577.54786049557,588547.662,11773571120.064201,0.00008278,55705503.77170996,16620.791400000002,42.2,BEKLE,,966.129,15654.662400000001,1.4938,60.247,53681933.383899964,1087.474,0.0,42.2,"[{""usdt"": 12712491.0, ""borsa"": 3, ""fiyat"": 64425.0, ""kaynak"": ""BNB+BYB+OKX""}, {""usdt"": 12553487.0, ""borsa"": 3, ""fiyat"": 64400.0, ""kaynak"": ""BNB+BYB+OKX""}, {""usdt"": 10546057.0, ""borsa"": 1, ""fiyat"": 64350.0, ""kaynak"": ""BNB""}]","[{""usdt"": 17122174.0, ""borsa"": 3, ""fiyat"": 64450.0, ""kaynak"": ""BNB+BYB+OKX""}, {""usdt"": 11151217.0, ""borsa"": 1, ""fiyat"": 64500.0, ""kaynak"": ""BNB""}, {""usdt"": 7497991.0, ""borsa"": 1, ""fiyat"": 64475.0, ""kaynak"": ""BNB""}]",YOK,0.0817,0.0185,0.2879,0.3863,true,0.4353,false,,0,0,3,0,1,3,53.7,54.8,IZLE,,25,64428.5,,,,,SEVIYE,70,104.3,11,,,,,,,1785317160,1,0,,18,935.3,18,,,
30966,2026-07-29 09:29:04.074966+00,64423.75,-531618.6756588033,-64548.686000000016,11782067757.641201,0.00008278,54429328.75214995,12692.072400000001,13.1,BEKLE,false,128.8536,12563.2188,1.4938,120.664,48367619.49481996,1147.891,0.0,13.1,"[{""usdt"": 10691181.0, ""borsa"": 2, ""fiyat"": 64425.0, ""kaynak"": ""BYB+OKX""}, {""usdt"": 10153298.0, ""borsa"": 3, ""fiyat"": 64400.0, ""kaynak"": ""BNB+BYB+OKX""}, {""usdt"": 9838116.0, ""borsa"": 1, ""fiyat"": 64325.0, ""kaynak"": ""BNB""}]","[{""usdt"": 16561726.0, ""borsa"": 3, ""fiyat"": 64450.0, ""kaynak"": ""BNB+BYB+OKX""}, {""usdt"": 11651700.0, ""borsa"": 1, ""fiyat"": 64500.0, ""kaynak"": ""BNB""}, {""usdt"": 7427354.0, ""borsa"": 1, ""fiyat"": 64525.0, ""kaynak"": ""BNB""}]",YOK,0.0974,0.059,0.8943,1.3709,true,0.4378,false,,0,0,3,1,0,3,50.3,51.4,IZLE,,25,64428.5,,,,,SEVIYE,70,105.3,11,,,,,,,1785317220,1,0,,18,936.4,18,,,
30967,2026-07-29 09:30:04.453274+00,64436.649999999994,-307159.88576630474,-26747.031999999967,11777659205.7186,0.00008278,51383333.82267996,12692.072400000001,10.3,BEKLE,false,128.8536,12563.2188,1.4938,181.047,50107192.115949996,1208.274,0.0,10.3,"[{""usdt"": 14745194.0, ""borsa"": 3, ""fiyat"": 64400.0, ""kaynak"": ""BNB+BYB+OKX""}, {""usdt"": 10171910.0, ""borsa"": 1, ""fiyat"": 64350.0, ""kaynak"": ""BNB""}, {""usdt"": 8671518.0, ""borsa"": 1, ""fiyat"": 64325.0, ""kaynak"": ""BNB""}]","[{""usdt"": 16173373.0, ""borsa"": 3, ""fiyat"": 64450.0, ""kaynak"": ""BNB+BYB+OKX""}, {""usdt"": 12389688.0, ""borsa"": 1, ""fiyat"": 64500.0, ""kaynak"": ""BNB""}, {""usdt"": 7244963.0, ""borsa"": 1, ""fiyat"": 64525.0, ""kaynak"": ""BNB""}]",YOK,0.0703,0.0126,0.9603,0.1878,true,0.1079,false,,0,0,3,0,0,3,46.8,47.9,IZLE,,25,64428.5,,,,,SEVIYE,70,106.3,11,,,,,,,1785317220,1,1,,18,937.4,18,,,
30968,2026-07-29 09:31:04.781375+00,64444.649999999994,401721.5860399989,5079261.772,11787445972.848999,0.00008278,50128887.53575994,13143.1566,99.3,BEKLE,false,128.8536,13014.303,1.4938,241.362,61534421.25251004,1268.589,0.0,99.3,"[{""usdt"": 17033551.0, ""borsa"": 3, ""fiyat"": 64425.0, ""kaynak"": ""BNB+BYB+OKX""}, {""usdt"": 9113515.0, ""borsa"": 1, ""fiyat"": 64375.0, ""kaynak"": ""BNB""}, {""usdt"": 7992155.0, ""borsa"": 1, ""fiyat"": 64400.0, ""kaynak"": ""BNB""}]","[{""usdt"": 15877396.0, ""borsa"": 3, ""fiyat"": 64450.0, ""kaynak"": ""BNB+BYB+OKX""}, {""usdt"": 14355486.0, ""borsa"": 3, ""fiyat"": 64475.0, ""kaynak"": ""BNB+BYB+OKX""}, {""usdt"": 14046368.0, ""borsa"": 1, ""fiyat"": 64550.0, ""kaynak"": ""BNB""}]",YOK,0.119,-0.1021,0.0488,0.0057,true,0.0043,false,,1,0,3,0,0,3,43.3,44.4,IZLE,,25,64428.5,,,,,SEVIYE,70,107.3,11,,,,,,,1785317400,1,0,,18,938.4,18,,,
30969,2026-07-29 09:32:06.678209+00,64476.75,341777.3608561993,5098176.503,11787711234.4681,0.00008278,58415817.136329904,1933.1846,73.3,BEKLE,false,0.0,1933.1846,1.4938,303.248,51020957.76251,1330.475,0.0,73.3,"[{""usdt"": 19463918.0, ""borsa"": 3, ""fiyat"": 64425.0, ""kaynak"": ""BNB+BYB+OKX""}, {""usdt"": 12101930.0, ""borsa"": 1, ""fiyat"": 64350.0, ""kaynak"": ""BNB""}, {""usdt"": 7521679.0, ""borsa"": 1, ""fiyat"": 64400.0, ""kaynak"": ""BNB""}]","[{""usdt"": 12206225.0, ""borsa"": 3, ""fiyat"": 64475.0, ""kaynak"": ""BNB+BYB+OKX""}, {""usdt"": 11606987.0, ""borsa"": 1, ""fiyat"": 64550.0, ""kaynak"": ""BNB""}, {""usdt"": 10815894.0, ""borsa"": 1, ""fiyat"": 64525.0, ""kaynak"": ""BNB""}]",YOK,0.1088,0.0676,0.0256,0.4014,true,0.0335,false,,0,0,3,1,0,3,41.3,42.4,IZLE,,25,64487.9,,,,,SEVIYE,50,48.3,5,,,,,,,1785317400,2,0,,18,939.4,18,,,
30970,2026-07-29 09:33:07.0621+00,64470.149999999994,749383.7007202988,8161638.562999999,11797288168.5098,0.00008278,52564311.077139996,1804.3382000000001,64.7,BEKLE,,0.0,1804.3382000000001,1.4938,182.648,54917073.96216996,1390.922,0.0,64.7,"[{""usdt"": 16423302.0, ""borsa"": 3, ""fiyat"": 64450.0, ""kaynak"": ""BNB+BYB+OKX""}, {""usdt"": 12825950.0, ""borsa"": 1, ""fiyat"": 64375.0, ""kaynak"": ""BNB""}, {""usdt"": 9146452.0, ""borsa"": 1, ""fiyat"": 64400.0, ""kaynak"": ""BNB""}]","[{""usdt"": 13257987.0, ""borsa"": 1, ""fiyat"": 64575.0, ""kaynak"": ""BNB""}, {""usdt"": 11967208.0, ""borsa"": 3, ""fiyat"": 64475.0, ""kaynak"": ""BNB+BYB+OKX""}, {""usdt"": 11197650.0, ""borsa"": 3, ""fiyat"": 64500.0, ""kaynak"": ""BNB+BYB+OKX""}]",YOK,0.0503,-0.0219,0.0511,0.2082,true,0,false,,0,0,3,1,0,3,37.9,39,IZLE,,25,64487.9,,,,,SEVIYE,50,49.3,5,,,,,,,1785317400,2,0,,18,940.4,18,,,
30971,2026-07-29 09:34:07.335733+00,64458.350000000006,311465.0696988981,7878896.124999999,11792366791.8384,0.00008278,52191504.95724003,1804.3382000000001,58.5,BEKLE,false,0.0,1804.3382000000001,1.4938,242.937,51732461.96208999,1451.211,0.0,58.5,"[{""usdt"": 17945694.0, ""borsa"": 3, ""fiyat"": 64425.0, ""kaynak"": ""BNB+BYB+OKX""}, {""usdt"": 10023447.0, ""borsa"": 1, ""fiyat"": 64375.0, ""kaynak"": ""BNB""}, {""usdt"": 8171739.0, ""borsa"": 1, ""fiyat"": 64350.0, ""kaynak"": ""BNB""}]","[{""usdt"": 12986907.0, ""borsa"": 3, ""fiyat"": 64475.0, ""kaynak"": ""BNB+BYB+OKX""}, {""usdt"": 10637249.0, ""borsa"": 1, ""fiyat"": 64550.0, ""kaynak"": ""BNB""}, {""usdt"": 9202971.0, ""borsa"": 1, ""fiyat"": 64525.0, ""kaynak"": ""BNB""}]",YOK,0.0817,0.0044,0.0651,0.1589,false,,false,,0,0,3,0,0,3,34.4,35.4,IZLE,,25,64433.2,,,,,SEVIYE,70,110.3,12,,,,,,,1785317400,2,1,,17,941.4,17,,,
30972,2026-07-29 09:35:07.776648+00,64455.05,470307.0139460007,7914899.109999999,11790784574.961899,0.00008278,51621062.40747,1804.3382000000001,69.6,BEKLE,false,0.0,1804.3382000000001,1.4938,303.255,55821255.33586997,1511.529,0.0,69.6,"[{""usdt"": 15532103.0, ""borsa"": 3, ""fiyat"": 64450.0, ""kaynak"": ""BNB+BYB+OKX""}, {""usdt"": 9484937.0, ""borsa"": 1, ""fiyat"": 64375.0, ""kaynak"": ""BNB""}, {""usdt"": 9284509.0, ""borsa"": 1, ""fiyat"": 64425.0, ""kaynak"": ""BNB""}]","[{""usdt"": 14037035.0, ""borsa"": 3, ""fiyat"": 64475.0, ""kaynak"": ""BNB+BYB+OKX""}, {""usdt"": 13422454.0, ""borsa"": 1, ""fiyat"": 64575.0, ""kaynak"": ""BNB""}, {""usdt"": 11871493.0, ""borsa"": 3, ""fiyat"": 64500.0, ""kaynak"": ""BNB+BYB+OKX""}]",YOK,0.0996,-0.0391,0.0604,0.0849,false,,false,,1,0,3,0,0,3,30.8,31.9,IZLE,,25,64433.2,,,,,SEVIYE,70,111.3,12,,,,,,,1785317400,2,2,,17,942.4,17,,,
30973,2026-07-29 09:36:08.247567+00,64459.75,-723400.0569611975,8127200.273999999,11788312511.756802,0.00008278,56864397.26911005,0.0,85.4,BEKLE,false,0.0,0.0,1.4963,363.675,53717591.94979001,1571.949,0.0,85.4,"[{""usdt"": 21315130.0, ""borsa"": 3, ""fiyat"": 64425.0, ""kaynak"": ""BNB+BYB+OKX""}, {""usdt"": 10105802.0, ""borsa"": 1, ""fiyat"": 64400.0, ""kaynak"": ""BNB""}, {""usdt"": 8938947.0, ""borsa"": 1, ""fiyat"": 64350.0, ""kaynak"": ""BNB""}]","[{""usdt"": 15401500.0, ""borsa"": 3, ""fiyat"": 64450.0, ""kaynak"": ""BNB+BYB+OKX""}, {""usdt"": 10193732.0, ""borsa"": 3, ""fiyat"": 64475.0, ""kaynak"": ""BNB+BYB+OKX""}, {""usdt"": 9419857.0, ""borsa"": 1, ""fiyat"": 64500.0, ""kaynak"": ""BNB""}]",YOK,0.0476,0.0285,0.1951,0.1556,false,,false,5.726,0,0,3,0,0,3,27.4,28.5,IZLE,,25,64433.2,,,,,SEVIYE,70,112.3,12,,,,,,,,,0,,17,943.4,17,,,
30974,2026-07-29 09:37:08.510165+00,64455.05,-297150.05611219775,8147613.249,11789974861.833199,0.00008278,54772740.89419006,0.0,86.0,BEKLE,false,0.0,0.0,1.4963,424.155,53937027.48350995,1632.429,0.0,86.0,"[{""usdt"": 14712036.0, ""borsa"": 3, ""fiyat"": 64450.0, ""kaynak"": ""BNB+BYB+OKX""}, {""usdt"": 12171697.0, ""borsa"": 3, ""fiyat"": 64425.0, ""kaynak"": ""BNB+BYB+OKX""}, {""usdt"": 9280838.0, ""borsa"": 1, ""fiyat"": 64400.0, ""kaynak"": ""BNB""}]","[{""usdt"": 14353045.0, ""borsa"": 3, ""fiyat"": 64475.0, ""kaynak"": ""BNB+BYB+OKX""}, {""usdt"": 10458502.0, ""borsa"": 1, ""fiyat"": 64550.0, ""kaynak"": ""BNB""}, {""usdt"": 9913568.0, ""borsa"": 1, ""fiyat"": 64500.0, ""kaynak"": ""BNB""}]",SPOT,0.1665,0.0077,0.1209,0.2439,false,,false,4.4186,2,0,3,1,0,3,24,25.1,IZLE,,25,64433.2,,,,,SEVIYE,70,113.4,12,,,,,,,,,0,,17,944.4,17,,,
30975,2026-07-29 09:38:08.828646+00,64488.95,-408633.00924929744,8153595.05,11790009343.073502,0.00008278,52974978.55831,0.0,5.6,BEKLE,,0.0,0.0,1.4963,60.225,55156301.472590014,424.065,5.6,0.0,"[{""usdt"": 14107216.0, ""borsa"": 3, ""fiyat"": 64475.0, ""kaynak"": ""BNB+BYB+OKX""}, {""usdt"": 10387408.0, ""borsa"": 1, ""fiyat"": 64400.0, ""kaynak"": ""BNB""}, {""usdt"": 10059186.0, ""borsa"": 1, ""fiyat"": 64425.0, ""kaynak"": ""BNB""}]","[{""usdt"": 13901551.0, ""borsa"": 1, ""fiyat"": 64600.0, ""kaynak"": ""BNB""}, {""usdt"": 12142962.0, ""borsa"": 3, ""fiyat"": 64525.0, ""kaynak"": ""BNB+BYB+OKX""}, {""usdt"": 11500441.0, ""borsa"": 1, ""fiyat"": 64575.0, ""kaynak"": ""BNB""}]",SPOT,0.1751,-0.0202,0.9895,0.9544,false,,false,4.4743,2,0,3,0,0,3,20.4,21.5,IZLE,,25,64487.9,,,,,SEVIYE,50,54.3,6,,,,,,,,,0,,17,945.4,17,,,
30976,2026-07-29 09:39:09.207802+00,64541.55,1388999.4756617008,8946408.3,11795235584.853,0.00008278,50382699.521769986,3804.851,49.1,BEKLE,false,0.0,3804.851,1.4963,0,52243777.96980998,484.396,0.0,49.1,"[{""usdt"": 13265328.0, ""borsa"": 3, ""fiyat"": 64525.0, ""kaynak"": ""BNB+BYB+OKX""}, {""usdt"": 11567947.0, ""borsa"": 3, ""fiyat"": 64500.0, ""kaynak"": ""BNB+BYB+OKX""}, {""usdt"": 9425264.0, ""borsa"": 1, ""fiyat"": 64450.0, ""kaynak"": ""BNB""}]","[{""usdt"": 13433066.0, ""borsa"": 3, ""fiyat"": 64550.0, ""kaynak"": ""BNB+BYB+OKX""}, {""usdt"": 12340599.0, ""borsa"": 1, ""fiyat"": 64600.0, ""kaynak"": ""BNB""}, {""usdt"": 11461249.0, ""borsa"": 2, ""fiyat"": 64575.0, ""kaynak"": ""BNB+BYB""}]",SPOT,0.2028,-0.0181,0.3985,1.8285,false,,false,4.7483,2,0,3,1,0,3,16.9,18,IZLE,,25,64549.6,,,,,SEVIYE,50,95.3,10,,,,,,,1785317820,1,0,,17,946.4,17,,,
30977,2026-07-29 09:40:09.584909+00,64563.149999999994,2429720.1932427995,9519326.31,11800428186.8811,0.00008278,49014574.435189985,46074.29350000001,39.0,BEKLE,false,0.0,46074.29350000001,1.4963,0,59943572.41574001,120.815,0.0,39.0,"[{""usdt"": 16442905.0, ""borsa"": 3, ""fiyat"": 64550.0, ""kaynak"": ""BNB+BYB+OKX""}, {""usdt"": 9013516.0, ""borsa"": 1, ""fiyat"": 64475.0, ""kaynak"": ""BNB""}, {""usdt"": 8102005.0, ""borsa"": 1, ""fiyat"": 64500.0, ""kaynak"": ""BNB""}]","[{""usdt"": 14522369.0, ""borsa"": 3, ""fiyat"": 64600.0, ""kaynak"": ""BNB+BYB+OKX""}, {""usdt"": 13503737.0, ""borsa"": 3, ""fiyat"": 64575.0, ""kaynak"": ""BNB+BYB+OKX""}, {""usdt"": 11036319.0, ""borsa"": 1, ""fiyat"": 64650.0, ""kaynak"": ""BNB""}]",YOK,0.1342,-0.1003,0.445,1.4588,false,,false,2.2632,1,0,3,0,0,3,13.5,14.6,IZLE,,25,64549.6,,,,,SEVIYE,50,96.3,10,,,,,,,1785317880,1,0,,17,947.4,17,,,
30978,2026-07-29 09:41:10.191505+00,64617.05,4916131.143132094,4912224.071,11769707595.567299,0.00008278,55208851.992289975,1884828.3449000001,55.6,BEKLE,true,0.0,1884828.3449000001,1.4963,60.467,57193347.299949944,60.467,55.6,0.0,"[{""usdt"": 17457200.0, ""borsa"": 3, ""fiyat"": 64600.0, ""kaynak"": ""BNB+BYB+OKX""}, {""usdt"": 10837129.0, ""borsa"": 3, ""fiyat"": 64625.0, ""kaynak"": ""BNB+BYB+OKX""}, {""usdt"": 8884971.0, ""borsa"": 1, ""fiyat"": 64550.0, ""kaynak"": ""BNB""}]","[{""usdt"": 12115078.0, ""borsa"": 3, ""fiyat"": 64650.0, ""kaynak"": ""BNB+BYB+OKX""}, {""usdt"": 10591060.0, ""borsa"": 1, ""fiyat"": 64750.0, ""kaynak"": ""BNB""}, {""usdt"": 10241771.0, ""borsa"": 1, ""fiyat"": 64725.0, ""kaynak"": ""BNB""}]",YOK,0.0592,-0.0177,0.5352,0.887,false,,false,2.2118,0,0,3,1,0,3,9.8,10.9,IZLE,,50,64549.6,,,,,SEVIYE+TASFIYE,50,97.4,10,,,,,,,1785318000,3,0,,17,948.5,17,,,
30979,2026-07-29 09:42:12.171821+00,64610.25,4356242.995661595,4945612.7129999995,11749959542.7986,0.00008278,51386213.261349976,2389718.7653,64.7,BEKLE,true,0.0,2389718.7653,1.5038,122.478,56820226.72697006,62.011,64.7,0.0,"[{""usdt"": 16216690.0, ""borsa"": 3, ""fiyat"": 64600.0, ""kaynak"": ""BNB+BYB+OKX""}, {""usdt"": 10949438.0, ""borsa"": 1, ""fiyat"": 64550.0, ""kaynak"": ""BNB""}, {""usdt"": 8377584.0, ""borsa"": 1, ""fiyat"": 64575.0, ""kaynak"": ""BNB""}]","[{""usdt"": 14330833.0, ""borsa"": 3, ""fiyat"": 64625.0, ""kaynak"": ""BNB+BYB+OKX""}, {""usdt"": 13065024.0, ""borsa"": 1, ""fiyat"": 64700.0, ""kaynak"": ""BNB""}, {""usdt"": 10979078.0, ""borsa"": 3, ""fiyat"": 64650.0, ""kaynak"": ""BNB+BYB+OKX""}]",YOK,0.0734,-0.0502,0.4882,0.9676,false,,false,2.3443,0,0,3,0,0,3,8,9,IZLE,,50,64549.6,,,,,SEVIYE+TASFIYE,50,98.4,10,,,,,,,1785318000,3,0,,17,949.5,17,,,
30980,2026-07-29 09:43:12.481715+00,64603.850000000006,5090762.970927188,5183100.427,11757774241.7164,0.00008278,58567778.35814998,2385913.9143000003,63.3,BEKLE,true,0.0,2385913.9143000003,1.5038,0,55670401.68716,122.453,63.3,0.0,"[{""usdt"": 17250768.0, ""borsa"": 3, ""fiyat"": 64600.0, ""kaynak"": ""BNB+BYB+OKX""}, {""usdt"": 10952376.0, ""borsa"": 1, ""fiyat"": 64525.0, ""kaynak"": ""BNB""}, {""usdt"": 9124770.0, ""borsa"": 3, ""fiyat"": 64575.0, ""kaynak"": ""BNB+BYB+OKX""}]","[{""usdt"": 20149580.0, ""borsa"": 3, ""fiyat"": 64625.0, ""kaynak"": ""BNB+BYB+OKX""}, {""usdt"": 11681916.0, ""borsa"": 1, ""fiyat"": 64675.0, ""kaynak"": ""BNB""}, {""usdt"": 10470951.0, ""borsa"": 1, ""fiyat"": 64700.0, ""kaynak"": ""BNB""}]",YOK,0.1207,0.0254,0.5486,0.6808,false,,false,3.9331,0,0,3,0,0,3,4.2,5.3,IZLE,,50,64549.6,,,,,SEVIYE+TASFIYE,50,99.4,10,,,,,,,1785318000,3,0,,17,950.5,17,,,
30981,2026-07-29 09:44:12.7851+00,64562.149999999994,5392180.413610283,5658860.634,11757888359.6931,0.00008278,56320452.31645001,2343644.4718000004,55.0,BEKLE,,0.0,2343644.4718000004,1.5038,0,57924101.16705999,182.668,55.0,0.0,"[{""usdt"": 12727084.0, ""borsa"": 2, ""fiyat"": 64600.0, ""kaynak"": ""BYB+OKX""}, {""usdt"": 10084066.0, ""borsa"": 1, ""fiyat"": 64475.0, ""kaynak"": ""BNB""}, {""usdt"": 9873393.0, ""borsa"": 1, ""fiyat"": 64500.0, ""kaynak"": ""BNB""}]","[{""usdt"": 19094520.0, ""borsa"": 3, ""fiyat"": 64625.0, ""kaynak"": ""BNB+BYB+OKX""}, {""usdt"": 12106907.0, ""borsa"": 1, ""fiyat"": 64675.0, ""kaynak"": ""BNB""}, {""usdt"": 9934541.0, ""borsa"": 3, ""fiyat"": 64600.0, ""kaynak"": ""BNB+BYB+OKX""}]",YOK,0.0469,-0.014,0.4529,0.1392,false,,false,3.1303,0,0,3,0,0,3,63.7,62.6,IZLE,,50,64549.6,,,,,SEVIYE+TASFIYE,50,100.4,11,,,,,,,1785318000,3,0,,20,951.5,20,,,
30982,2026-07-29 09:45:13.745169+00,64564.45,4918965.354514381,5480080.864,11754740426.0932,0.00008278,49718013.58591,2213097.0024,47.2,BEKLE,true,0.0,2213097.0024,1.5038,60.359,55887155.72840999,243.027,47.2,0.0,"[{""usdt"": 15609504.0, ""borsa"": 3, ""fiyat"": 64550.0, ""kaynak"": ""BNB+BYB+OKX""}, {""usdt"": 10084066.0, ""borsa"": 1, ""fiyat"": 64475.0, ""kaynak"": ""BNB""}, {""usdt"": 9873393.0, ""borsa"": 1, ""fiyat"": 64500.0, ""kaynak"": ""BNB""}]","[{""usdt"": 14575492.0, ""borsa"": 3, ""fiyat"": 64575.0, ""kaynak"": ""BNB+BYB+OKX""}, {""usdt"": 12106907.0, ""borsa"": 1, ""fiyat"": 64675.0, ""kaynak"": ""BNB""}, {""usdt"": 10981127.0, ""borsa"": 3, ""fiyat"": 64600.0, ""kaynak"": ""BNB+BYB+OKX""}]",YOK,-0.0206,-0.0584,0.2953,0.0092,true,0,false,2.1822,0,0,3,0,1,3,60.5,61.6,IZLE,,50,64549.6,,,,,SEVIYE+TASFIYE,50,101.4,11,,,,,,,1785318000,3,0,,20,952.5,20,,,
30983,2026-07-29 09:46:14.25869+00,64536.45,5058581.847147573,3041887.1289999997,11757523071.5638,0.00008278,59596096.94527999,0.0,46.9,BEKLE,,0.0,0.0,1.5038,121.52,54870946.31027,304.188,46.9,0.0,"[{""usdt"": 20126255.0, ""borsa"": 3, ""fiyat"": 64550.0, ""kaynak"": ""BNB+BYB+OKX""}, {""usdt"": 9542342.0, ""borsa"": 1, ""fiyat"": 64450.0, ""kaynak"": ""BNB""}, {""usdt"": 8304764.0, ""borsa"": 1, ""fiyat"": 64500.0, ""kaynak"": ""BNB""}]","[{""usdt"": 13903089.0, ""borsa"": 3, ""fiyat"": 64600.0, ""kaynak"": ""BNB+BYB+OKX""}, {""usdt"": 12419503.0, ""borsa"": 3, ""fiyat"": 64575.0, ""kaynak"": ""BNB+BYB+OKX""}, {""usdt"": 10317324.0, ""borsa"": 1, ""fiyat"": 64675.0, ""kaynak"": ""BNB""}]",YOK,0.0274,0.0413,0.0492,1.6614,false,1.5308,false,,0,0,3,0,1,3,57.8,58.8,IZLE,,25,64549.6,,,,,SEVIYE,50,102.4,11,PCT,0.49,297.7697987636738,0.03233984312715463,false,,,,0,,20,953.5,20,,,
30984,2026-07-29 09:47:15.965881+00,64502.55,5043840.484282773,2556949.465,11750292259.319302,0.00008278,51326609.42245997,0.0,32.6,BEKLE,true,0.0,0.0,1.5038,0,53146566.341840014,61.583,32.6,0.0,"[{""usdt"": 14572173.0, ""borsa"": 3, ""fiyat"": 64525.0, ""kaynak"": ""BNB+BYB+OKX""}, {""usdt"": 10757058.0, ""borsa"": 1, ""fiyat"": 64475.0, ""kaynak"": ""BNB""}, {""usdt"": 8878875.0, ""borsa"": 1, ""fiyat"": 64450.0, ""kaynak"": ""BNB""}]","[{""usdt"": 17658691.0, ""borsa"": 3, ""fiyat"": 64550.0, ""kaynak"": ""BNB+BYB+OKX""}, {""usdt"": 10682665.0, ""borsa"": 3, ""fiyat"": 64575.0, ""kaynak"": ""BNB+BYB+OKX""}, {""usdt"": 8137930.0, ""borsa"": 1, ""fiyat"": 64600.0, ""kaynak"": ""BNB""}]",YOK,0.0206,-0.0174,0.1637,1.5292,false,3.0557,false,,0,0,3,0,1,3,55.5,56.6,IZLE,,25,64487.9,,,,,SEVIYE,50,63.4,7,,,,,,,,,0,,20,954.5,20,,,
30985,2026-07-29 09:48:16.344293+00,64517.649999999994,4883804.760301474,2411256.446,11744544776.2528,0.00008278,56797183.79047003,0.0,57.8,BEKLE,true,0.0,0.0,1.5038,60.41,48996390.66602002,0,57.8,0.0,"[{""usdt"": 15849499.0, ""borsa"": 3, ""fiyat"": 64500.0, ""kaynak"": ""BNB+BYB+OKX""}, {""usdt"": 10959094.0, ""borsa"": 1, ""fiyat"": 64400.0, ""kaynak"": ""BNB""}, {""usdt"": 9703655.0, ""borsa"": 1, ""fiyat"": 64425.0, ""kaynak"": ""BNB""}]","[{""usdt"": 15858859.0, ""borsa"": 3, ""fiyat"": 64525.0, ""kaynak"": ""BNB+BYB+OKX""}, {""usdt"": 9753248.0, ""borsa"": 1, ""fiyat"": 64575.0, ""kaynak"": ""BNB""}, {""usdt"": 7880971.0, ""borsa"": 1, ""fiyat"": 64600.0, ""kaynak"": ""BNB""}]",YOK,-0.0017,0.0737,0.0483,1.2003,false,3.6407,false,,0,0,3,0,0,3,52.1,53.1,IZLE,,25,64487.9,,,,,SEVIYE,50,64.4,7,,,,,,,,,0,,20,955.6,20,,,
30986,2026-07-29 09:49:16.576897+00,64530.45,5247117.856655676,2321750.65,11747620206.2565,0.00008278,49667926.52194001,0.0,57.2,BEKLE,true,0.0,0.0,1.5094,60.382,54489096.19728002,60.382,57.2,0.0,"[{""usdt"": 15808608.0, ""borsa"": 3, ""fiyat"": 64500.0, ""kaynak"": ""BNB+BYB+OKX""}, {""usdt"": 10322821.0, ""borsa"": 1, ""fiyat"": 64450.0, ""kaynak"": ""BNB""}, {""usdt"": 7645405.0, ""borsa"": 1, ""fiyat"": 64400.0, ""kaynak"": ""BNB""}]","[{""usdt"": 13983419.0, ""borsa"": 3, ""fiyat"": 64525.0, ""kaynak"": ""BNB+BYB+OKX""}, {""usdt"": 13508001.0, ""borsa"": 3, ""fiyat"": 64550.0, ""kaynak"": ""BNB+BYB+OKX""}, {""usdt"": 10534795.0, ""borsa"": 1, ""fiyat"": 64600.0, ""kaynak"": ""BNB""}]",YOK,-0.0802,-0.0463,0.0287,0.3744,false,3.7475,false,,0,1,3,0,1,3,48.6,49.7,IZLE,,25,64549.6,,,,,SEVIYE,50,105.5,11,,,,,,,,,0,,20,956.6,20,,,
30987,2026-07-29 09:50:16.894357+00,64529.05,4929442.528260872,2335682.2869999995,11749804512.6502,0.00008278,50685342.04393996,0.0,49.4,BEKLE,true,0.0,0.0,1.5094,60.22,52400437.350319974,120.602,49.4,0.0,"[{""usdt"": 13661840.0, ""borsa"": 3, ""fiyat"": 64525.0, ""kaynak"": ""BNB+BYB+OKX""}, {""usdt"": 10175539.0, ""borsa"": 2, ""fiyat"": 64500.0, ""kaynak"": ""BNB+OKX""}, {""usdt"": 8796488.0, ""borsa"": 1, ""fiyat"": 64425.0, ""kaynak"": ""BNB""}]","[{""usdt"": 18435406.0, ""borsa"": 3, ""fiyat"": 64550.0, ""kaynak"": ""BNB+BYB+OKX""}, {""usdt"": 10307030.0, ""borsa"": 1, ""fiyat"": 64625.0, ""kaynak"": ""BNB""}, {""usdt"": 10081823.0, ""borsa"": 2, ""fiyat"": 64575.0, ""kaynak"": ""BNB+BYB""}]",YOK,-0.0519,-0.0166,0.0023,0.4558,false,2.0397,false,,0,1,3,0,0,3,45,46,IZLE,,25,64549.6,,,,,SEVIYE,50,106.5,11,,,,,,,,,0,,20,957.6,20,,,
30988,2026-07-29 09:51:17.271651+00,64517.649999999994,2262210.6033979785,1636431.1200000003,11748975177.4786,0.00008278,49144679.17443998,0.0,56.2,BEKLE,true,0.0,0.0,1.5056,60.356,50501350.509939976,180.958,56.2,0.0,"[{""usdt"": 12201983.0, ""borsa"": 3, ""fiyat"": 64500.0, ""kaynak"": ""BNB+BYB+OKX""}, {""usdt"": 10114693.0, ""borsa"": 3, ""fiyat"": 64525.0, ""kaynak"": ""BNB+BYB+OKX""}, {""usdt"": 9743161.0, ""borsa"": 1, ""fiyat"": 64425.0, ""kaynak"": ""BNB""}]","[{""usdt"": 15650963.0, ""borsa"": 3, ""fiyat"": 64550.0, ""kaynak"": ""BNB+BYB+OKX""}, {""usdt"": 12229192.0, ""borsa"": 1, ""fiyat"": 64625.0, ""kaynak"": ""BNB""}, {""usdt"": 8151952.0, ""borsa"": 1, ""fiyat"": 64575.0, ""kaynak"": ""BNB""}]",YOK,-0.0742,-0.0136,0.575,0.2308,false,2.4453,false,,0,1,3,1,0,3,41.5,42.6,IZLE,,25,64487.9,,,,,SEVIYE,50,67.4,7,,,,,,,,,0,,20,958.6,20,,,
30989,2026-07-29 09:52:17.535759+00,64542.149999999994,2157678.5555453785,1613434.8150000002,11747945243.0661,0.00008278,50702214.24084002,202262.98949999997,51.6,BEKLE,true,0.0,202262.98949999997,1.5056,120.716,50750172.01428998,241.318,51.6,0.0,"[{""usdt"": 18448722.0, ""borsa"": 3, ""fiyat"": 64500.0, ""kaynak"": ""BNB+BYB+OKX""}, {""usdt"": 10117729.0, ""borsa"": 1, ""fiyat"": 64475.0, ""kaynak"": ""BNB""}, {""usdt"": 9569219.0, ""borsa"": 1, ""fiyat"": 64425.0, ""kaynak"": ""BNB""}]","[{""usdt"": 11742583.0, ""borsa"": 3, ""fiyat"": 64550.0, ""kaynak"": ""BNB+BYB+OKX""}, {""usdt"": 10379462.0, ""borsa"": 1, ""fiyat"": 64625.0, ""kaynak"": ""BNB""}, {""usdt"": 9785280.0, ""borsa"": 3, ""fiyat"": 64525.0, ""kaynak"": ""BNB+BYB+OKX""}]",YOK,-0.1,-0.0005,0.6753,0.5536,false,2.6505,false,,0,1,3,1,0,3,38,39.1,IZLE,,25,64549.6,,,,,SEVIYE,50,108.5,11,,,,,,,1785318660,1,0,,20,959.6,20,,,
30990,2026-07-29 09:53:18.232765+00,64599.95,3550076.983667377,2379590.307,11758110604.3065,0.00008278,50707529.844060004,202312.209,14.2,BEKLE,true,0.0,202312.209,1.5056,60.227,51551408.192179926,0,14.2,0.0,"[{""usdt"": 10065056.0, ""borsa"": 2, ""fiyat"": 64575.0, ""kaynak"": ""BYB+OKX""}, {""usdt"": 9346317.0, ""borsa"": 1, ""fiyat"": 64475.0, ""kaynak"": ""BNB""}, {""usdt"": 8178661.0, ""borsa"": 3, ""fiyat"": 64550.0, ""kaynak"": ""BNB+BYB+OKX""}]","[{""usdt"": 15559867.0, ""borsa"": 3, ""fiyat"": 64600.0, ""kaynak"": ""BNB+BYB+OKX""}, {""usdt"": 10417152.0, ""borsa"": 1, ""fiyat"": 64675.0, ""kaynak"": ""BNB""}, {""usdt"": 9488145.0, ""borsa"": 2, ""fiyat"": 64575.0, ""kaynak"": ""BNB+BYB""}]",YOK,0.0341,-0.0083,0.9663,3.5615,false,2.6089,false,,0,1,3,2,0,3,33.9,35.4,IZLE,,25,64617.1,,,,,SEVIYE,85,9.4,1,,,,,,,1785318660,1,0,,20,960.6,20,,,
30991,2026-07-29 09:54:18.647905+00,64629.95,3869181.672070575,2639961.923,11763389914.8572,0.00008278,48146557.12368001,202312.209,19.0,BEKLE,true,0.0,202312.209,1.5056,60.858,49819619.78701002,60.858,0.0,19.0,"[{""usdt"": 14585461.0, ""borsa"": 3, ""fiyat"": 64600.0, ""kaynak"": ""BNB+BYB+OKX""}, {""usdt"": 9540699.0, ""borsa"": 1, ""fiyat"": 64525.0, ""kaynak"": ""BNB""}, {""usdt"": 7949940.0, ""borsa"": 1, ""fiyat"": 64550.0, ""kaynak"": ""BNB""}]","[{""usdt"": 15080758.0, ""borsa"": 3, ""fiyat"": 64625.0, ""kaynak"": ""BNB+BYB+OKX""}, {""usdt"": 10473409.0, ""borsa"": 1, ""fiyat"": 64700.0, ""kaynak"": ""BNB""}, {""usdt"": 8265352.0, ""borsa"": 1, ""fiyat"": 64675.0, ""kaynak"": ""BNB""}]",YOK,0.1113,-0.0171,0.7465,3.0897,false,2.7434,false,,1,0,3,1,0,3,30.6,31.7,IZLE,,25,64617.1,,,,,SEVIYE,85,10.4,2,,,,,,,1785318660,1,1,,19,841.4,19,,,
30992,2026-07-29 09:55:19.014956+00,64640.95,4671892.495730575,3025014.364,11768780007.4864,0.00008278,57045357.28918993,222283.8987,25.7,BEKLE,true,0.0,222283.8987,1.5056,60.413,57916034.54751997,60.413,0.0,25.7,"[{""usdt"": 20429366.0, ""borsa"": 3, ""fiyat"": 64600.0, ""kaynak"": ""BNB+BYB+OKX""}, {""usdt"": 11507040.0, ""borsa"": 3, ""fiyat"": 64625.0, ""kaynak"": ""BNB+BYB+OKX""}, {""usdt"": 7978133.0, ""borsa"": 1, ""fiyat"": 64575.0, ""kaynak"": ""BNB""}]","[{""usdt"": 18872821.0, ""borsa"": 3, ""fiyat"": 64650.0, ""kaynak"": ""BNB+BYB+OKX""}, {""usdt"": 14203109.0, ""borsa"": 1, ""fiyat"": 64725.0, ""kaynak"": ""BNB""}, {""usdt"": 9313036.0, ""borsa"": 1, ""fiyat"": 64700.0, ""kaynak"": ""BNB""}]",YOK,0.1343,-0.0076,0.2026,5.0452,false,2.9222,false,,1,0,3,0,2,3,27.1,28.2,IZLE,,25,64617.1,,,,,SEVIYE,85,11.4,2,,,,,,,1785318840,1,0,,19,842.4,19,,,
30993,2026-07-29 09:56:19.346101+00,64650.05,3276710.4599594967,1220511.3260000001,11773647984.3695,0.00008278,73616718.85053992,222283.8678,43.3,BEKLE,false,0.0,222283.8678,1.5056,120.629,56411146.71206997,120.629,43.3,0.0,"[{""usdt"": 20864196.0, ""borsa"": 3, ""fiyat"": 64625.0, ""kaynak"": ""BNB+BYB+OKX""}, {""usdt"": 16897174.0, ""borsa"": 1, ""fiyat"": 64600.0, ""kaynak"": ""BNB""}, {""usdt"": 15710986.0, ""borsa"": 3, ""fiyat"": 64650.0, ""kaynak"": ""BNB+BYB+OKX""}]","[{""usdt"": 14601893.0, ""borsa"": 3, ""fiyat"": 64675.0, ""kaynak"": ""BNB+BYB+OKX""}, {""usdt"": 13434744.0, ""borsa"": 2, ""fiyat"": 64700.0, ""kaynak"": ""BNB+BYB""}, {""usdt"": 12762041.0, ""borsa"": 1, ""fiyat"": 64725.0, ""kaynak"": ""BNB""}]",SPOT,0.3012,0.1323,0.6238,4.6677,false,,false,,3,0,3,1,0,3,23.5,24.6,IZLE,,25,64617.1,,,,,SEVIYE,85,12.4,2,,,,,,,1785318840,1,0,,19,843.5,19,,,
30994,2026-07-29 09:57:19.695588+00,64639.649999999994,3229025.4773183977,1195786.47,11774374499.3053,0.00008278,70431235.50573996,31353.087099999997,38.9,BEKLE,false,0.0,31353.087099999997,1.5038,120.641,66080381.39830993,181.054,38.9,0.0,"[{""usdt"": 23192560.0, ""borsa"": 3, ""fiyat"": 64625.0, ""kaynak"": ""BNB+BYB+OKX""}, {""usdt"": 18165025.0, ""borsa"": 1, ""fiyat"": 64600.0, ""kaynak"": ""BNB""}, {""usdt"": 12652082.0, ""borsa"": 3, ""fiyat"": 64650.0, ""kaynak"": ""BNB+BYB+OKX""}]","[{""usdt"": 15574228.0, ""borsa"": 3, ""fiyat"": 64675.0, ""kaynak"": ""BNB+BYB+OKX""}, {""usdt"": 12604146.0, ""borsa"": 1, ""fiyat"": 64700.0, ""kaynak"": ""BNB""}, {""usdt"": 12133170.0, ""borsa"": 1, ""fiyat"": 64725.0, ""kaynak"": ""BNB""}]",SPOT,0.1699,0.0319,0.6356,3.315,false,,false,0,1,0,3,0,1,3,20.1,21.2,IZLE,,25,64617.1,,,,,SEVIYE,85,13.4,2,,,,,,,1785318960,2,0,,19,844.5,19,,,
30995,2026-07-29 09:58:19.999441+00,64678.75,4290167.472706797,1899164.0080000001,11779047611.1846,0.00008278,72747072.25942001,371233.88470000005,49.9,BEKLE,false,0.0,371233.88470000005,1.5038,180.987,61292818.13078005,120.771,49.9,0.0,"[{""usdt"": 20679594.0, ""borsa"": 1, ""fiyat"": 64625.0, ""kaynak"": ""BNB""}, {""usdt"": 16773232.0, ""borsa"": 1, ""fiyat"": 64600.0, ""kaynak"": ""BNB""}, {""usdt"": 11861024.0, ""borsa"": 3, ""fiyat"": 64650.0, ""kaynak"": ""BNB+BYB+OKX""}]","[{""usdt"": 17422854.0, ""borsa"": 3, ""fiyat"": 64700.0, ""kaynak"": ""BNB+BYB+OKX""}, {""usdt"": 11138936.0, ""borsa"": 1, ""fiyat"": 64800.0, ""kaynak"": ""BNB""}, {""usdt"": 11022445.0, ""borsa"": 1, ""fiyat"": 64775.0, ""kaynak"": ""BNB""}]",SPOT,0.1947,0.0855,0.5116,3.1189,false,3.1488,false,0,2,0,3,0,0,3,16.6,17.7,IZLE,,25,64617.1,,,,,SEVIYE,85,14.4,2,,,,,,,1785319020,2,0,,19,845.5,19,,,
30996,2026-07-29 09:59:20.264326+00,64680.05,4406367.8113341965,1753141.3580000002,11773844347.5856,0.00008278,71616296.51652001,455154.8365000001,67.7,BEKLE,false,0.0,455154.8365000001,1.5038,241.178,58185930.10702006,180.962,67.7,0.0,"[{""usdt"": 19988243.0, ""borsa"": 1, ""fiyat"": 64625.0, ""kaynak"": ""BNB""}, {""usdt"": 16410600.0, ""borsa"": 1, ""fiyat"": 64600.0, ""kaynak"": ""BNB""}, {""usdt"": 14126553.0, ""borsa"": 3, ""fiyat"": 64675.0, ""kaynak"": ""BNB+BYB+OKX""}]","[{""usdt"": 17480451.0, ""borsa"": 3, ""fiyat"": 64700.0, ""kaynak"": ""BNB+BYB+OKX""}, {""usdt"": 11924468.0, ""borsa"": 1, ""fiyat"": 64775.0, ""kaynak"": ""BNB""}, {""usdt"": 11233228.0, ""borsa"": 3, ""fiyat"": 64725.0, ""kaynak"": ""BNB+BYB+OKX""}]",SPOT,0.1895,0.1035,0.2917,1.5571,false,2.2562,false,0,2,0,3,0,0,3,12.9,14,IZLE,,25,64617.1,,,,,SEVIYE,85,15.4,2,,,,,,,1785319080,2,0,,19,846.5,19,,,
30997,2026-07-29 10:00:20.898028+00,64674.75,4173492.6751380963,2130937.0249999994,11773867454.467,0.00008278,72245135.79719006,455154.8365000001,82.6,BEKLE,false,0.0,455154.8365000001,1.5038,301.518,54729323.25052002,241.302,82.6,0.0,"[{""usdt"": 18822471.0, ""borsa"": 1, ""fiyat"": 64625.0, ""kaynak"": ""BNB""}, {""usdt"": 17331964.0, ""borsa"": 1, ""fiyat"": 64600.0, ""kaynak"": ""BNB""}, {""usdt"": 12765462.0, ""borsa"": 3, ""fiyat"": 64675.0, ""kaynak"": ""BNB+BYB+OKX""}]","[{""usdt"": 18276595.0, ""borsa"": 3, ""fiyat"": 64700.0, ""kaynak"": ""BNB+BYB+OKX""}, {""usdt"": 12398277.0, ""borsa"": 1, ""fiyat"": 64725.0, ""kaynak"": ""BNB""}, {""usdt"": 11362809.0, ""borsa"": 1, ""fiyat"": 64775.0, ""kaynak"": ""BNB""}]",SPOT,0.1692,0.1379,0.2749,1.0666,false,,false,,1,0,3,2,0,3,9.3,10.4,IZLE,,25,64617.1,,,,,SEVIYE,85,16.4,2,PCT,1.12,278.8795961325015,0.0,false,0.553,1785319080,2,1,,19,847.5,19,,,
30998,2026-07-29 10:01:21.912389+00,64679.75,4285749.677324797,2251205.4549999996,11774266554.865,0.00008278,76510913.63047008,444292.2525,53.7,BEKLE,true,0.0,444292.2525,1.5038,362.835,53919154.11305004,302.619,0.0,53.7,"[{""usdt"": 18784356.0, ""borsa"": 1, ""fiyat"": 64625.0, ""kaynak"": ""BNB""}, {""usdt"": 17890468.0, ""borsa"": 3, ""fiyat"": 64675.0, ""kaynak"": ""BNB+BYB+OKX""}, {""usdt"": 17651956.0, ""borsa"": 1, ""fiyat"": 64600.0, ""kaynak"": ""BNB""}]","[{""usdt"": 17323557.0, ""borsa"": 3, ""fiyat"": 64700.0, ""kaynak"": ""BNB+BYB+OKX""}, {""usdt"": 11855476.0, ""borsa"": 1, ""fiyat"": 64775.0, ""kaynak"": ""BNB""}, {""usdt"": 11018037.0, ""borsa"": 2, ""fiyat"": 64725.0, ""kaynak"": ""BNB+BYB""}]",PERP,0.1422,0.1732,0.3996,0.673,false,,false,0,2,0,3,2,0,3,6.8,7.9,IZLE,,25,64617.1,,,,,SEVIYE,85,17.4,2,,,,,,,1785319200,2,0,,19,848.5,19,,,
30999,2026-07-29 10:02:22.617263+00,64679.850000000006,3973993.2709881947,2008054.7249999999,11777973873.163399,0.00008278,72826280.97444998,10866.6288,46.7,BEKLE,true,0.0,10866.6288,1.5038,423.168,55719381.682870045,362.952,0.0,46.7,"[{""usdt"": 19194525.0, ""borsa"": 1, ""fiyat"": 64625.0, ""kaynak"": ""BNB""}, {""usdt"": 17527661.0, ""borsa"": 1, ""fiyat"": 64600.0, ""kaynak"": ""BNB""}, {""usdt"": 16891543.0, ""borsa"": 3, ""fiyat"": 64675.0, ""kaynak"": ""BNB+BYB+OKX""}]","[{""usdt"": 16309927.0, ""borsa"": 3, ""fiyat"": 64700.0, ""kaynak"": ""BNB+BYB+OKX""}, {""usdt"": 12653088.0, ""borsa"": 3, ""fiyat"": 64725.0, ""kaynak"": ""BNB+BYB+OKX""}, {""usdt"": 10686613.0, ""borsa"": 1, ""fiyat"": 64775.0, ""kaynak"": ""BNB""}]",SPOT,0.1572,0.1331,0.3841,1.186,false,,false,0,1,0,3,1,0,3,3.3,4.4,IZLE,,25,64617.1,,,,,SEVIYE,85,18.4,2,,,,,,,1785319200,1,0,,19,849.5,19,,,
31000,2026-07-29 10:03:23.299258+00,64638.95,3788412.5293754963,1733438.56,11774544714.812801,0.00008278,69888324.61095007,517.3488,24.0,BEKLE,true,0.0,517.3488,1.5044,484.003,53781898.536069974,423.787,24.0,0.0,"[{""usdt"": 19119336.0, ""borsa"": 1, ""fiyat"": 64600.0, ""kaynak"": ""BNB""}, {""usdt"": 17719878.0, ""borsa"": 1, ""fiyat"": 64625.0, ""kaynak"": ""BNB""}, {""usdt"": 9782671.0, ""borsa"": 2, ""fiyat"": 64675.0, ""kaynak"": ""BYB+OKX""}]","[{""usdt"": 16476446.0, ""borsa"": 3, ""fiyat"": 64700.0, ""kaynak"": ""BNB+BYB+OKX""}, {""usdt"": 13221310.0, ""borsa"": 3, ""fiyat"": 64725.0, ""kaynak"": ""BNB+BYB+OKX""}, {""usdt"": 10057696.0, ""borsa"": 2, ""fiyat"": 64675.0, ""kaynak"": ""BNB+OKX""}]",YOK,0.0802,0.1302,0.6731,3.0531,false,,false,0,1,0,3,1,0,3,63.7,62.7,IZLE,,25,64617.1,,,,,SEVIYE,85,19.4,2,,,,,,,1785319200,1,0,,19,850.5,19,,,
31001,2026-07-29 10:04:23.608709+00,64629.649999999994,2615289.584477994,1610113.474,11770745537.492899,0.00008278,77900406.73679006,517.3488,21.8,BEKLE,true,0.0,517.3488,1.5044,544.597,52381782.46648997,484.381,21.8,0.0,"[{""usdt"": 35301230.0, ""borsa"": 3, ""fiyat"": 64625.0, ""kaynak"": ""BNB+BYB+OKX""}, {""usdt"": 19119336.0, ""borsa"": 1, ""fiyat"": 64600.0, ""kaynak"": ""BNB""}, {""usdt"": 8199064.0, ""borsa"": 1, ""fiyat"": 64550.0, ""kaynak"": ""BNB""}]","[{""usdt"": 12766218.0, ""borsa"": 1, ""fiyat"": 64725.0, ""kaynak"": ""BNB""}, {""usdt"": 12496360.0, ""borsa"": 3, ""fiyat"": 64675.0, ""kaynak"": ""BNB+BYB+OKX""}, {""usdt"": 11447350.0, ""borsa"": 3, ""fiyat"": 64650.0, ""kaynak"": ""BNB+BYB+OKX""}]",PERP,0.078,0.1959,0.8934,1.4401,false,,false,0,1,0,3,3,0,3,60.9,62,IZLE,,25,64612.3,,,,,SEVIYE,65,20.4,3,,,,,,,1785319200,1,1,,20,971.7,20,,,
31002,2026-07-29 10:05:23.948993+00,64638.95,363580.49284719466,279602.369,11773925705.1833,0.00008278,79658099.00006996,0.0,100.0,BEKLE,false,0.0,0.0,1.5044,604.801,52207417.340099916,303.283,100.0,0.0,"[{""usdt"": 31405904.0, ""borsa"": 3, ""fiyat"": 64625.0, ""kaynak"": ""BNB+BYB+OKX""}, {""usdt"": 20738444.0, ""borsa"": 3, ""fiyat"": 64600.0, ""kaynak"": ""BNB+BYB+OKX""}, {""usdt"": 7871585.0, ""borsa"": 1, ""fiyat"": 64525.0, ""kaynak"": ""BNB""}]","[{""usdt"": 18047792.0, ""borsa"": 3, ""fiyat"": 64650.0, ""kaynak"": ""BNB+BYB+OKX""}, {""usdt"": 12208686.0, ""borsa"": 1, ""fiyat"": 64725.0, ""kaynak"": ""BNB""}, {""usdt"": 9612043.0, ""borsa"": 1, ""fiyat"": 64700.0, ""kaynak"": ""BNB""}]",PERP,0.0392,0.2082,0.5794,0.3119,false,,false,0,0,0,3,2,0,3,56.9,58,IZLE,,25,64612.3,,,,,SEVIYE,65,21.4,3,,,,,,,,,0,,20,972.7,20,,,
31003,2026-07-29 10:06:24.413531+00,64642.75,369659.40389989445,381472.809,11775276204.292,0.00008278,72308531.00257,0.0,100.0,BEKLE,false,0.0,0.0,1.5013,665.195,53830816.519099966,60.394,100.0,0.0,"[{""usdt"": 28376220.0, ""borsa"": 3, ""fiyat"": 64625.0, ""kaynak"": ""BNB+BYB+OKX""}, {""usdt"": 16500338.0, ""borsa"": 1, ""fiyat"": 64600.0, ""kaynak"": ""BNB""}, {""usdt"": 8365306.0, ""borsa"": 3, ""fiyat"": 64650.0, ""kaynak"": ""BNB+BYB+OKX""}]","[{""usdt"": 17931224.0, ""borsa"": 3, ""fiyat"": 64675.0, ""kaynak"": ""BNB+BYB+OKX""}, {""usdt"": 10986746.0, ""borsa"": 1, ""fiyat"": 64725.0, ""kaynak"": ""BNB""}, {""usdt"": 10461410.0, ""borsa"": 1, ""fiyat"": 64700.0, ""kaynak"": ""BNB""}]",YOK,0.0463,0.1465,0.5837,0.3159,false,,false,0,0,0,3,2,0,3,53.5,54.6,IZLE,,25,64612.3,,,,,SEVIYE,65,22.5,3,,,,,,,,,0,,20,973.7,20,,,
31004,2026-07-29 10:07:24.699247+00,64609.95,-514698.63035350613,-147074.01100000003,11775275260.2756,0.00008278,76230400.54952012,0.0,100.0,BEKLE,true,0.0,0.0,1.5013,725.689,55592856.79112995,120.888,100.0,0.0,"[{""usdt"": 27401689.0, ""borsa"": 3, ""fiyat"": 64625.0, ""kaynak"": ""BNB+BYB+OKX""}, {""usdt"": 19990048.0, ""borsa"": 3, ""fiyat"": 64600.0, ""kaynak"": ""BNB+BYB+OKX""}, {""usdt"": 8877884.0, ""borsa"": 1, ""fiyat"": 64525.0, ""kaynak"": ""BNB""}]","[{""usdt"": 19573621.0, ""borsa"": 3, ""fiyat"": 64650.0, ""kaynak"": ""BNB+BYB+OKX""}, {""usdt"": 10415048.0, ""borsa"": 1, ""fiyat"": 64725.0, ""kaynak"": ""BNB""}, {""usdt"": 9493909.0, ""borsa"": 1, ""fiyat"": 64675.0, ""kaynak"": ""BNB""}]",PERP,-0.0151,0.1566,0.5823,0.5194,false,,false,0,0,0,3,2,0,3,50,51.1,IZLE,,25,64612.3,,,,,SEVIYE,65,23.5,3,,,,,,,,,0,,20,974.7,20,LONG,direnc,100.0
31005,2026-07-29 10:08:25.126388+00,64615.95,-812754.9273086048,-796338.0819999999,11782534988.1716,0.00008278,55033734.102689974,0.0,73.9,BEKLE,false,0.0,0.0,1.5013,60.248,53595460.52459998,60.248,73.9,0.0,"[{""usdt"": 14203405.0, ""borsa"": 3, ""fiyat"": 64575.0, ""kaynak"": ""BNB+BYB+OKX""}, {""usdt"": 12808353.0, ""borsa"": 1, ""fiyat"": 64525.0, ""kaynak"": ""BNB""}, {""usdt"": 7692888.0, ""borsa"": 3, ""fiyat"": 64600.0, ""kaynak"": ""BNB+BYB+OKX""}]","[{""usdt"": 17564652.0, ""borsa"": 3, ""fiyat"": 64625.0, ""kaynak"": ""BNB+BYB+OKX""}, {""usdt"": 10684711.0, ""borsa"": 1, ""fiyat"": 64675.0, ""kaynak"": ""BNB""}, {""usdt"": 8675748.0, ""borsa"": 1, ""fiyat"": 64700.0, ""kaynak"": ""BNB""}]",YOK,-0.0449,0.0132,0.549,0.1573,false,,false,0,0,1,3,1,1,3,46.4,47.5,IZLE,,25,64612.3,,,,,SEVIYE,65,24.5,3,,,,,,,,,0,,20,975.7,20,,,
31006,2026-07-29 10:09:25.415922+00,64609.649999999994,-926249.8247007014,-756744.286,11781952209.822,0.00008278,49436375.62622997,0.0,73.0,BEKLE,true,0.0,0.0,1.5013,120.669,60896511.43349994,60.421,73.0,0.0,"[{""usdt"": 12494502.0, ""borsa"": 3, ""fiyat"": 64625.0, ""kaynak"": ""BNB+BYB+OKX""}, {""usdt"": 10083089.0, ""borsa"": 3, ""fiyat"": 64600.0, ""kaynak"": ""BNB+BYB+OKX""}, {""usdt"": 9350853.0, ""borsa"": 1, ""fiyat"": 64550.0, ""kaynak"": ""BNB""}]","[{""usdt"": 22650949.0, ""borsa"": 3, ""fiyat"": 64650.0, ""kaynak"": ""BNB+BYB+OKX""}, {""usdt"": 14078871.0, ""borsa"": 1, ""fiyat"": 64725.0, ""kaynak"": ""BNB""}, {""usdt"": 9751371.0, ""borsa"": 1, ""fiyat"": 64700.0, ""kaynak"": ""BNB""}]",YOK,0.0472,-0.1039,0.5004,0.162,false,,false,0,0,0,3,0,1,3,43,44.1,IZLE,,25,64612.3,,,,,SEVIYE,65,25.5,3,,,,,,,,,0,,20,976.7,20,,,
31007,2026-07-29 10:10:25.694204+00,64638.649999999994,-2055847.3956473006,-1182404.829,11787681408.597,0.00008278,53673377.85239001,0.0,79.3,BEKLE,false,0.0,0.0,1.5013,180.971,51815998.97568003,120.723,79.3,0.0,"[{""usdt"": 16318489.0, ""borsa"": 3, ""fiyat"": 64600.0, ""kaynak"": ""BNB+BYB+OKX""}, {""usdt"": 9774796.0, ""borsa"": 1, ""fiyat"": 64525.0, ""kaynak"": ""BNB""}, {""usdt"": 9773781.0, ""borsa"": 3, ""fiyat"": 64575.0, ""kaynak"": ""BNB+BYB+OKX""}]","[{""usdt"": 19454655.0, ""borsa"": 3, ""fiyat"": 64625.0, ""kaynak"": ""BNB+BYB+OKX""}, {""usdt"": 9206459.0, ""borsa"": 1, ""fiyat"": 64675.0, ""kaynak"": ""BNB""}, {""usdt"": 8660009.0, ""borsa"": 1, ""fiyat"": 64700.0, ""kaynak"": ""BNB""}]",YOK,-0.0298,0.0176,0.5256,0.0037,false,,false,0,0,0,3,1,0,3,39.4,40.5,IZLE,,25,64612.3,,,,,SEVIYE,65,26.5,3,,,,,,,,,0,,20,977.7,20,,,
31008,2026-07-29 10:11:26.016535+00,64609.05,-2055847.3956473006,-1182404.829,11787681408.597,0.00008278,49048024.64853002,0.0,70.3,BEKLE,false,0.0,0.0,1.5013,241.204,57338495.97739002,0,70.3,0.0,"[{""usdt"": 15431398.0, ""borsa"": 3, ""fiyat"": 64600.0, ""kaynak"": ""BNB+BYB+OKX""}, {""usdt"": 8541020.0, ""borsa"": 1, ""fiyat"": 64550.0, ""kaynak"": ""BNB""}, {""usdt"": 8423869.0, ""borsa"": 3, ""fiyat"": 64575.0, ""kaynak"": ""BNB+BYB+OKX""}]","[{""usdt"": 19619335.0, ""borsa"": 3, ""fiyat"": 64625.0, ""kaynak"": ""BNB+BYB+OKX""}, {""usdt"": 10889277.0, ""borsa"": 1, ""fiyat"": 64700.0, ""kaynak"": ""BNB""}, {""usdt"": 8612444.0, ""borsa"": 2, ""fiyat"": 64650.0, ""kaynak"": ""BNB+OKX""}]",YOK,-0.0666,-0.0779,0.5094,0.4056,false,,false,0,0,0,3,0,1,3,35.8,36.9,IZLE,,25,64612.3,,,,,SEVIYE,65,27.5,3,,,,,,,,,0,,20,978.7,20,,,
31009,2026-07-29 10:12:26.397915+00,64609.55,-2315445.011371901,-1293334.9209999999,11782452803.2118,0.00008278,54547074.544480026,0.0,72.0,BEKLE,false,0.0,0.0,1.4969,301.546,52692692.693179995,0,72.0,0.0,"[{""usdt"": 17774019.0, ""borsa"": 3, ""fiyat"": 64600.0, ""kaynak"": ""BNB+BYB+OKX""}, {""usdt"": 10403865.0, ""borsa"": 1, ""fiyat"": 64550.0, ""kaynak"": ""BNB""}, {""usdt"": 8506278.0, ""borsa"": 1, ""fiyat"": 64500.0, ""kaynak"": ""BNB""}]","[{""usdt"": 20985316.0, ""borsa"": 3, ""fiyat"": 64625.0, ""kaynak"": ""BNB+BYB+OKX""}, {""usdt"": 8697292.0, ""borsa"": 1, ""fiyat"": 64700.0, ""kaynak"": ""BNB""}, {""usdt"": 8339875.0, ""borsa"": 1, ""fiyat"": 64675.0, ""kaynak"": ""BNB""}]",YOK,-0.0286,0.0173,0.5126,0.0065,false,,false,0,0,0,3,0,1,3,32.3,33.4,IZLE,,25,64612.3,,,,,SEVIYE,65,28.5,3,,,,,,,,,0,,20,979.7,20,,,
31010,2026-07-29 10:13:26.639043+00,64613.55,-2300480.035267801,-1473579.6509999998,11779018315.8325,0.00008278,50958967.28841001,0.0,56.7,BEKLE,false,0.0,0.0,1.4969,361.911,53161313.81206997,60.365,56.7,0.0,"[{""usdt"": 11075612.0, ""borsa"": 3, ""fiyat"": 64600.0, ""kaynak"": ""BNB+BYB+OKX""}, {""usdt"": 10493521.0, ""borsa"": 1, ""fiyat"": 64525.0, ""kaynak"": ""BNB""}, {""usdt"": 10133172.0, ""borsa"": 3, ""fiyat"": 64575.0, ""kaynak"": ""BNB+BYB+OKX""}]","[{""usdt"": 21147368.0, ""borsa"": 3, ""fiyat"": 64625.0, ""kaynak"": ""BNB+BYB+OKX""}, {""usdt"": 10205775.0, ""borsa"": 1, ""fiyat"": 64675.0, ""kaynak"": ""BNB""}, {""usdt"": 9633101.0, ""borsa"": 1, ""fiyat"": 64700.0, ""kaynak"": ""BNB""}]",YOK,-0.0491,-0.0212,0.5952,0.0551,false,,false,0,0,0,3,0,1,3,28.8,29.9,IZLE,,25,64612.3,,,,,SEVIYE,65,29.5,3,,,,,,,,,0,,20,980.7,20,,,
31011,2026-07-29 10:14:26.929498+00,64623.350000000006,-1995461.783752999,-1393036.729,11780309044.2074,0.00008278,51844767.00208998,0.0,50.8,BEKLE,false,0.0,0.0,1.4969,422.157,57602248.92787997,120.611,50.8,0.0,"[{""usdt"": 16108702.0, ""borsa"": 3, ""fiyat"": 64600.0, ""kaynak"": ""BNB+BYB+OKX""}, {""usdt"": 10345703.0, ""borsa"": 1, ""fiyat"": 64550.0, ""kaynak"": ""BNB""}, {""usdt"": 8334718.0, ""borsa"": 1, ""fiyat"": 64525.0, ""kaynak"": ""BNB""}]","[{""usdt"": 16892659.0, ""borsa"": 3, ""fiyat"": 64650.0, ""kaynak"": ""BNB+BYB+OKX""}, {""usdt"": 13641841.0, ""borsa"": 1, ""fiyat"": 64725.0, ""kaynak"": ""BNB""}, {""usdt"": 8182031.0, ""borsa"": 1, ""fiyat"": 64700.0, ""kaynak"": ""BNB""}]",YOK,0.0919,-0.0526,0.534,0.4237,false,,false,0,1,0,3,0,0,3,25.2,26.3,IZLE,,25,64618.7,,,,,SEVIYE,65,30.5,4,,,,,,,,,0,,22,861.6,22,,,
31012,2026-07-29 10:15:27.265485+00,64645.55,-1983748.9546157,-725518.522,11782387412.0039,0.00008278,53482635.45509999,0.0,25.5,BEKLE,true,0.0,0.0,1.4969,60.334,57277288.40908997,60.334,0.0,25.5,"[{""usdt"": 16620187.0, ""borsa"": 3, ""fiyat"": 64625.0, ""kaynak"": ""BNB+BYB+OKX""}, {""usdt"": 9758128.0, ""borsa"": 1, ""fiyat"": 64575.0, ""kaynak"": ""BNB""}, {""usdt"": 7551620.0, ""borsa"": 1, ""fiyat"": 64550.0, ""kaynak"": ""BNB""}]","[{""usdt"": 18209105.0, ""borsa"": 3, ""fiyat"": 64650.0, ""kaynak"": ""BNB+BYB+OKX""}, {""usdt"": 11348189.0, ""borsa"": 3, ""fiyat"": 64675.0, ""kaynak"": ""BNB+BYB+OKX""}, {""usdt"": 10258920.0, ""borsa"": 1, ""fiyat"": 64725.0, ""kaynak"": ""BNB""}]",YOK,0.1087,-0.0343,0.0972,0.5755,false,,false,0,2,0,3,1,0,3,21.6,22.7,IZLE,,25,64618.7,,,,,SEVIYE,65,31.5,4,,,,,,,,,0,,22,862.6,22,,,
31013,2026-07-29 10:16:27.555397+00,64627.05,-673393.0910655966,-238637.80199999997,11785779976.040798,0.00008278,53325242.654889986,0.0,37.1,BEKLE,true,0.0,0.0,1.4969,60.364,51574926.55491991,60.364,0.0,37.1,"[{""usdt"": 12295037.0, ""borsa"": 3, ""fiyat"": 64600.0, ""kaynak"": ""BNB+BYB+OKX""}, {""usdt"": 10557088.0, ""borsa"": 1, ""fiyat"": 64575.0, ""kaynak"": ""BNB""}, {""usdt"": 10439747.0, ""borsa"": 3, ""fiyat"": 64625.0, ""kaynak"": ""BNB+BYB+OKX""}]","[{""usdt"": 14805052.0, ""borsa"": 3, ""fiyat"": 64650.0, ""kaynak"": ""BNB+BYB+OKX""}, {""usdt"": 13106319.0, ""borsa"": 1, ""fiyat"": 64725.0, ""kaynak"": ""BNB""}, {""usdt"": 10168400.0, ""borsa"": 1, ""fiyat"": 64700.0, ""kaynak"": ""BNB""}]",YOK,0.0495,0.0167,0.4997,0.4029,false,2.6339,false,0,1,0,3,0,0,3,18.1,19.2,IZLE,,25,64618.7,,,,,SEVIYE,65,32.5,4,,,,,,,,,0,,22,863.6,22,,,
31014,2026-07-29 10:17:28.999481+00,64644.850000000006,-612028.6391387971,-118465.07200000001,11785299837.4472,0.00008278,50303348.22174998,0.0,44.8,BEKLE,true,0.0,0.0,1.4969,121.656,51980004.17935994,121.656,0.0,44.8,"[{""usdt"": 11444133.0, ""borsa"": 1, ""fiyat"": 64575.0, ""kaynak"": ""BNB""}, {""usdt"": 11275864.0, ""borsa"": 3, ""fiyat"": 64625.0, ""kaynak"": ""BNB+BYB+OKX""}, {""usdt"": 10022164.0, ""borsa"": 3, ""fiyat"": 64600.0, ""kaynak"": ""BNB+BYB+OKX""}]","[{""usdt"": 18134567.0, ""borsa"": 3, ""fiyat"": 64650.0, ""kaynak"": ""BNB+BYB+OKX""}, {""usdt"": 11859719.0, ""borsa"": 1, ""fiyat"": 64725.0, ""kaynak"": ""BNB""}, {""usdt"": 8939920.0, ""borsa"": 1, ""fiyat"": 64700.0, ""kaynak"": ""BNB""}]",YOK,0.056,-0.0164,0.4972,0.638,false,0.8659,false,0,1,0,3,0,0,3,15.6,16.7,IZLE,,25,64618.7,,,,,SEVIYE,65,33.5,4,,,,,,,,,0,,22,864.6,22,,,
31015,2026-07-29 10:18:29.503209+00,64640.75,-996157.6879290976,-51501.03599999998,11786941209.4744,0.00008278,51387317.01815002,0.0,69.0,BEKLE,true,0.0,0.0,1.4938,182.054,58900687.48317995,182.054,0.0,69.0,"[{""usdt"": 15442169.0, ""borsa"": 3, ""fiyat"": 64625.0, ""kaynak"": ""BNB+BYB+OKX""}, {""usdt"": 10137661.0, ""borsa"": 1, ""fiyat"": 64575.0, ""kaynak"": ""BNB""}, {""usdt"": 8867470.0, ""borsa"": 1, ""fiyat"": 64600.0, ""kaynak"": ""BNB""}]","[{""usdt"": 15117542.0, ""borsa"": 3, ""fiyat"": 64675.0, ""kaynak"": ""BNB+BYB+OKX""}, {""usdt"": 14714071.0, ""borsa"": 1, ""fiyat"": 64725.0, ""kaynak"": ""BNB""}, {""usdt"": 13523596.0, ""borsa"": 3, ""fiyat"": 64650.0, ""kaynak"": ""BNB+BYB+OKX""}]",YOK,0.099,-0.0681,0.3848,0.4969,false,0.7544,false,0,1,0,3,0,1,3,12.1,13.2,IZLE,,25,64618.7,,,,,SEVIYE,65,34.5,4,,,,,,,,,0,,22,865.6,22,,,
31016,2026-07-29 10:19:29.845042+00,64631.95,-1180792.4193316973,103955.04499999994,11789062612.469398,0.00008278,53670881.93222002,0.0,51.3,BEKLE,true,0.0,0.0,1.4938,242.625,49946197.341859914,120.969,0.0,51.3,"[{""usdt"": 10968332.0, ""borsa"": 3, ""fiyat"": 64600.0, ""kaynak"": ""BNB+BYB+OKX""}, {""usdt"": 10759229.0, ""borsa"": 3, ""fiyat"": 64625.0, ""kaynak"": ""BNB+BYB+OKX""}, {""usdt"": 10450403.0, ""borsa"": 1, ""fiyat"": 64575.0, ""kaynak"": ""BNB""}]","[{""usdt"": 13571241.0, ""borsa"": 3, ""fiyat"": 64650.0, ""kaynak"": ""BNB+BYB+OKX""}, {""usdt"": 12053654.0, ""borsa"": 1, ""fiyat"": 64725.0, ""kaynak"": ""BNB""}, {""usdt"": 9024146.0, ""borsa"": 1, ""fiyat"": 64700.0, ""kaynak"": ""BNB""}]",YOK,0.0915,0.0359,0.2707,0.1769,true,0.2197,false,0,2,0,3,1,0,3,8.8,9.9,IZLE,,25,64618.7,,,,,SEVIYE,65,35.5,4,,,,,,,,,0,,22,866.6,22,,,
31017,2026-07-29 10:20:30.146514+00,64631.95,-367788.5698004989,956685.3650000001,11785711335.761799,0.00008278,52708028.76403999,0.0,66.2,BEKLE,true,0.0,0.0,1.4938,302.826,50801454.68304997,181.17,0.0,66.2,"[{""usdt"": 12276009.0, ""borsa"": 3, ""fiyat"": 64625.0, ""kaynak"": ""BNB+BYB+OKX""}, {""usdt"": 11350947.0, ""borsa"": 3, ""fiyat"": 64600.0, ""kaynak"": ""BNB+BYB+OKX""}, {""usdt"": 9767245.0, ""borsa"": 1, ""fiyat"": 64550.0, ""kaynak"": ""BNB""}]","[{""usdt"": 13079860.0, ""borsa"": 3, ""fiyat"": 64650.0, ""kaynak"": ""BNB+BYB+OKX""}, {""usdt"": 12207593.0, ""borsa"": 1, ""fiyat"": 64725.0, ""kaynak"": ""BNB""}, {""usdt"": 9995722.0, ""borsa"": 1, ""fiyat"": 64700.0, ""kaynak"": ""BNB""}]",YOK,0.1067,0.0184,0.3958,0.2062,true,0.0868,false,0.1492,2,0,3,0,0,3,5.2,6.3,IZLE,,25,64618.7,,,,,SEVIYE,65,36.5,4,,,,,,,,,0,,22,867.6,22,,,
31018,2026-07-29 10:21:30.480319+00,64630.850000000006,159227.63855589821,1333499.735,11785188072.315601,0.00008278,54552634.86544007,0.0,60.4,BEKLE,true,0.0,0.0,1.4863,363.233,49252699.067649946,241.577,0.0,60.4,"[{""usdt"": 13637890.0, ""borsa"": 3, ""fiyat"": 64625.0, ""kaynak"": ""BNB+BYB+OKX""}, {""usdt"": 10616234.0, ""borsa"": 1, ""fiyat"": 64550.0, ""kaynak"": ""BNB""}, {""usdt"": 10318056.0, ""borsa"": 3, ""fiyat"": 64600.0, ""kaynak"": ""BNB+BYB+OKX""}]","[{""usdt"": 13820433.0, ""borsa"": 3, ""fiyat"": 64650.0, ""kaynak"": ""BNB+BYB+OKX""}, {""usdt"": 13250350.0, ""borsa"": 1, ""fiyat"": 64725.0, ""kaynak"": ""BNB""}, {""usdt"": 9451117.0, ""borsa"": 1, ""fiyat"": 64700.0, ""kaynak"": ""BNB""}]",YOK,0.0711,0.0511,0.2653,0.075,true,0,false,1.1116,2,0,3,0,0,3,1.7,63.6,IZLE,,25,64618.7,,,,,SEVIYE,65,37.6,4,,,,,,,,,0,,22,868.6,22,,,
31019,2026-07-29 10:22:30.774874+00,64641.75,114689.21439259785,1332572.0740000003,11783722566.4636,0.00008278,53371110.51093007,0.0,63.7,BEKLE,true,0.0,0.0,1.4863,423.574,52740213.81278994,301.918,0.0,63.7,"[{""usdt"": 13451226.0, ""borsa"": 3, ""fiyat"": 64625.0, ""kaynak"": ""BNB+BYB+OKX""}, {""usdt"": 10616234.0, ""borsa"": 1, ""fiyat"": 64550.0, ""kaynak"": ""BNB""}, {""usdt"": 8830846.0, ""borsa"": 3, ""fiyat"": 64600.0, ""kaynak"": ""BNB+BYB+OKX""}]","[{""usdt"": 16436167.0, ""borsa"": 3, ""fiyat"": 64650.0, ""kaynak"": ""BNB+BYB+OKX""}, {""usdt"": 13250350.0, ""borsa"": 1, ""fiyat"": 64725.0, ""kaynak"": ""BNB""}, {""usdt"": 9451117.0, ""borsa"": 1, ""fiyat"": 64700.0, ""kaynak"": ""BNB""}]",YOK,0.0711,0.0059,0.2546,0.0672,true,0,false,1.5778,2,0,3,0,1,3,62.1,63.2,IZLE,,25,64618.7,,,,,SEVIYE,65,38.6,4,,,,,,,,,0,,22,869.6,22,,,
31020,2026-07-29 10:23:31.10894+00,64629.05,260793.79929299722,1344076.482,11785524586.244598,0.00008278,47972930.05198003,0.0,75.4,BEKLE,,0.0,0.0,1.4863,483.824,54122707.64313994,362.168,0.0,75.4,"[{""usdt"": 13814637.0, ""borsa"": 3, ""fiyat"": 64625.0, ""kaynak"": ""BNB+BYB+OKX""}, {""usdt"": 10540414.0, ""borsa"": 1, ""fiyat"": 64575.0, ""kaynak"": ""BNB""}, {""usdt"": 7646691.0, ""borsa"": 1, ""fiyat"": 64600.0, ""kaynak"": ""BNB""}]","[{""usdt"": 15819497.0, ""borsa"": 3, ""fiyat"": 64675.0, ""kaynak"": ""BNB+BYB+OKX""}, {""usdt"": 11398359.0, ""borsa"": 1, ""fiyat"": 64725.0, ""kaynak"": ""BNB""}, {""usdt"": 10249982.0, ""borsa"": 1, ""fiyat"": 64700.0, ""kaynak"": ""BNB""}]",YOK,0.0842,-0.0602,0.3805,0.2192,true,0,false,1.9747,2,0,3,0,0,3,58.5,59.6,IZLE,,25,64618.7,,,,,SEVIYE,65,39.6,4,,,,,,,,,0,,22,870.6,22,,,
31021,2026-07-29 10:24:31.641513+00,64613.55,-128626.28021510321,1909197.68,11783045777.5593,0.00008278,55547502.78894004,0.0,70.9,BEKLE,true,0.0,0.0,1.4863,301.65,51797306.21681994,422.619,0.0,70.9,"[{""usdt"": 13567211.0, ""borsa"": 3, ""fiyat"": 64625.0, ""kaynak"": ""BNB+BYB+OKX""}, {""usdt"": 12085894.0, ""borsa"": 3, ""fiyat"": 64600.0, ""kaynak"": ""BNB+BYB+OKX""}, {""usdt"": 9478563.0, ""borsa"": 1, ""fiyat"": 64550.0, ""kaynak"": ""BNB""}]","[{""usdt"": 15447419.0, ""borsa"": 3, ""fiyat"": 64650.0, ""kaynak"": ""BNB+BYB+OKX""}, {""usdt"": 12069703.0, ""borsa"": 1, ""fiyat"": 64725.0, ""kaynak"": ""BNB""}, {""usdt"": 11910351.0, ""borsa"": 1, ""fiyat"": 64700.0, ""kaynak"": ""BNB""}]",YOK,0.1179,0.0349,0.2735,0.2903,true,0,false,4.6637,2,0,3,0,0,3,55.1,56.2,IZLE,,25,64595.6,,,,,SEVIYE,85,40.6,5,,,,,,,,,0,,21,871.7,21,,,
31022,2026-07-29 10:25:32.00077+00,64593.75,-395897.3689396017,1979004.742,11780576326.817799,0.00008278,52999816.04957997,0.0,77.5,BEKLE,,0.0,0.0,1.4863,60.514,55937144.59293001,483.133,0.0,77.5,"[{""usdt"": 16856748.0, ""borsa"": 3, ""fiyat"": 64600.0, ""kaynak"": ""BNB+BYB+OKX""}, {""usdt"": 11435017.0, ""borsa"": 1, ""fiyat"": 64550.0, ""kaynak"": ""BNB""}, {""usdt"": 7992771.0, ""borsa"": 1, ""fiyat"": 64525.0, ""kaynak"": ""BNB""}]","[{""usdt"": 14701447.0, ""borsa"": 3, ""fiyat"": 64625.0, ""kaynak"": ""BNB+BYB+OKX""}, {""usdt"": 12154252.0, ""borsa"": 1, ""fiyat"": 64725.0, ""kaynak"": ""BNB""}, {""usdt"": 10910986.0, ""borsa"": 3, ""fiyat"": 64650.0, ""kaynak"": ""BNB+BYB+OKX""}]",YOK,0.0601,-0.027,0.0175,1.4394,true,0,false,,2,0,3,0,0,3,51.8,52.8,IZLE,,25,64595.6,,,,,SEVIYE,85,41.6,5,,,,,,,,,0,,21,872.7,21,,,
31023,2026-07-29 10:26:32.484998+00,64599.95,-688057.2136262024,1387260.3239999998,11778367500.907902,0.00008278,52129636.24792002,0.0,14.5,BEKLE,true,0.0,0.0,1.4863,60.229,51761728.79605001,543.362,0.0,14.5,"[{""usdt"": 13575653.0, ""borsa"": 3, ""fiyat"": 64575.0, ""kaynak"": ""BNB+BYB+OKX""}, {""usdt"": 9943962.0, ""borsa"": 1, ""fiyat"": 64525.0, ""kaynak"": ""BNB""}, {""usdt"": 8440915.0, ""borsa"": 1, ""fiyat"": 64550.0, ""kaynak"": ""BNB""}]","[{""usdt"": 13609762.0, ""borsa"": 3, ""fiyat"": 64625.0, ""kaynak"": ""BNB+BYB+OKX""}, {""usdt"": 9815553.0, ""borsa"": 1, ""fiyat"": 64650.0, ""kaynak"": ""BNB""}, {""usdt"": 9672473.0, ""borsa"": 1, ""fiyat"": 64700.0, ""kaynak"": ""BNB""}]",YOK,-0.0403,0.0035,0.9106,2.0155,true,0,false,,1,0,3,0,0,3,48.1,49.2,IZLE,,25,64595.6,,,,,SEVIYE,85,42.6,5,,,,,,,,,0,,21,873.7,21,,,
31024,2026-07-29 10:27:32.849306+00,64604.25,-539470.0937893026,1395087.0249999997,11779660521.536499,0.00008278,51468653.05637005,0.0,15.7,BEKLE,false,0.0,0.0,1.482,120.754,56502603.99001996,603.887,0.0,15.7,"[{""usdt"": 12325304.0, ""borsa"": 3, ""fiyat"": 64600.0, ""kaynak"": ""BNB+BYB+OKX""}, {""usdt"": 9825635.0, ""borsa"": 1, ""fiyat"": 64500.0, ""kaynak"": ""BNB""}, {""usdt"": 8829764.0, ""borsa"": 3, ""fiyat"": 64575.0, ""kaynak"": ""BNB+BYB+OKX""}]","[{""usdt"": 19702652.0, ""borsa"": 3, ""fiyat"": 64625.0, ""kaynak"": ""BNB+BYB+OKX""}, {""usdt"": 9613045.0, ""borsa"": 1, ""fiyat"": 64675.0, ""kaynak"": ""BNB""}, {""usdt"": 8897628.0, ""borsa"": 1, ""fiyat"": 64650.0, ""kaynak"": ""BNB""}]",YOK,-0.0287,-0.0466,0.8711,3.0303,true,0,false,,0,0,3,0,1,3,44.8,45.9,IZLE,,25,64595.6,,,,,SEVIYE,85,43.6,5,,,,,,,,,0,,21,874.7,21,,,
31025,2026-07-29 10:28:33.099912+00,64580.649999999994,-725811.6948760025,1387572.146,11778654865.8344,0.00008278,54372331.29593007,0.0,13.4,BEKLE,false,0.0,0.0,1.482,181.094,48071783.56055002,664.227,0.0,13.4,"[{""usdt"": 14553885.0, ""borsa"": 3, ""fiyat"": 64575.0, ""kaynak"": ""BNB+BYB+OKX""}, {""usdt"": 9812929.0, ""borsa"": 1, ""fiyat"": 64525.0, ""kaynak"": ""BNB""}, {""usdt"": 8457848.0, ""borsa"": 1, ""fiyat"": 64550.0, ""kaynak"": ""BNB""}]","[{""usdt"": 13513846.0, ""borsa"": 3, ""fiyat"": 64625.0, ""kaynak"": ""BNB+BYB+OKX""}, {""usdt"": 9228676.0, ""borsa"": 1, ""fiyat"": 64700.0, ""kaynak"": ""BNB""}, {""usdt"": 8599249.0, ""borsa"": 1, ""fiyat"": 64675.0, ""kaynak"": ""BNB""}]",YOK,-0.0472,0.0615,0.9361,2.7873,true,0,false,,0,1,3,1,0,3,41.3,42.4,IZLE,,25,64595.6,,,,,SEVIYE,85,44.6,5,,,,,,,,,0,,21,875.7,21,,,
31026,2026-07-29 10:29:33.425624+00,64593.75,-774629.7578149018,1351391.621,11777661795.001099,0.00008278,55202114.78728002,0.0,49.6,BEKLE,true,0.0,0.0,1.482,181.117,54831902.05117001,724.479,49.6,0.0,"[{""usdt"": 18073769.0, ""borsa"": 3, ""fiyat"": 64575.0, ""kaynak"": ""BNB+BYB+OKX""}, {""usdt"": 10109329.0, ""borsa"": 1, ""fiyat"": 64525.0, ""kaynak"": ""BNB""}, {""usdt"": 9026162.0, ""borsa"": 1, ""fiyat"": 64475.0, ""kaynak"": ""BNB""}]","[{""usdt"": 16374210.0, ""borsa"": 3, ""fiyat"": 64600.0, ""kaynak"": ""BNB+BYB+OKX""}, {""usdt"": 11085449.0, ""borsa"": 1, ""fiyat"": 64650.0, ""kaynak"": ""BNB""}, {""usdt"": 10125466.0, ""borsa"": 3, ""fiyat"": 64625.0, ""kaynak"": ""BNB+BYB+OKX""}]",YOK,0.0185,0.0034,0.428,0.7963,true,0,false,,0,0,3,1,1,3,37.7,38.8,IZLE,,25,64595.6,,,,,SEVIYE,85,45.6,5,,,,,,,,,0,,21,876.7,21,,,
31027,2026-07-29 10:30:34.083039+00,64594.95,-748452.2953554019,1365628.199,11778458451.4105,0.00008278,52729080.12979006,0.0,48.9,BEKLE,true,0.0,0.0,1.482,241.425,54539086.40404002,784.787,48.9,0.0,"[{""usdt"": 15746983.0, ""borsa"": 3, ""fiyat"": 64575.0, ""kaynak"": ""BNB+BYB+OKX""}, {""usdt"": 10453500.0, ""borsa"": 1, ""fiyat"": 64525.0, ""kaynak"": ""BNB""}, {""usdt"": 7636477.0, ""borsa"": 3, ""fiyat"": 64600.0, ""kaynak"": ""BNB+BYB+OKX""}]","[{""usdt"": 12458905.0, ""borsa"": 3, ""fiyat"": 64625.0, ""kaynak"": ""BNB+BYB+OKX""}, {""usdt"": 11816836.0, ""borsa"": 1, ""fiyat"": 64650.0, ""kaynak"": ""BNB""}, {""usdt"": 10346914.0, ""borsa"": 3, ""fiyat"": 64600.0, ""kaynak"": ""BNB+BYB+OKX""}]",YOK,-0.0133,-0.0169,0.2708,0.056,true,0.0327,false,,0,0,3,0,0,3,33.8,34.8,IZLE,,25,64595.6,,,,,SEVIYE,85,46.6,5,,,,,,,,,0,,21,877.7,21,,,
31028,2026-07-29 10:31:34.443684+00,64587.75,-1143968.2514054996,-195737.05699999997,11776367315.389,0.00008278,56442115.83411002,390019.75649999996,86.9,BEKLE,true,0.0,390019.75649999996,1.482,302.198,51870006.06879998,845.56,86.9,0.0,"[{""usdt"": 19207878.0, ""borsa"": 3, ""fiyat"": 64575.0, ""kaynak"": ""BNB+BYB+OKX""}, {""usdt"": 9513653.0, ""borsa"": 1, ""fiyat"": 64500.0, ""kaynak"": ""BNB""}, {""usdt"": 8409765.0, ""borsa"": 1, ""fiyat"": 64475.0, ""kaynak"": ""BNB""}]","[{""usdt"": 17293497.0, ""borsa"": 3, ""fiyat"": 64600.0, ""kaynak"": ""BNB+BYB+OKX""}, {""usdt"": 11406483.0, ""borsa"": 1, ""fiyat"": 64650.0, ""kaynak"": ""BNB""}, {""usdt"": 9283914.0, ""borsa"": 1, ""fiyat"": 64675.0, ""kaynak"": ""BNB""}]",YOK,0.009,0.0422,0.1569,0.2549,false,0.5291,false,,0,0,3,1,0,3,30.4,31.5,IZLE,,25,64595.6,,,,,SEVIYE,85,47.6,5,,,,,,,1785321000,1,0,,21,878.7,21,,,
31029,2026-07-29 10:32:34.980007+00,64596.25,-924563.8126953993,-279839.765,11778007020.839302,0.00008278,55195818.42514004,390019.75649999996,80.3,BEKLE,true,0.0,390019.75649999996,1.482,362.663,55804140.81108997,906.025,80.3,0.0,"[{""usdt"": 15569646.0, ""borsa"": 3, ""fiyat"": 64575.0, ""kaynak"": ""BNB+BYB+OKX""}, {""usdt"": 10820815.0, ""borsa"": 3, ""fiyat"": 64600.0, ""kaynak"": ""BNB+BYB+OKX""}, {""usdt"": 9551101.0, ""borsa"": 1, ""fiyat"": 64525.0, ""kaynak"": ""BNB""}]","[{""usdt"": 12115494.0, ""borsa"": 3, ""fiyat"": 64625.0, ""kaynak"": ""BNB+BYB+OKX""}, {""usdt"": 10889572.0, ""borsa"": 1, ""fiyat"": 64650.0, ""kaynak"": ""BNB""}, {""usdt"": 10281822.0, ""borsa"": 3, ""fiyat"": 64600.0, ""kaynak"": ""BNB+BYB+OKX""}]",YOK,-0.0482,-0.0055,0.1293,0.1631,true,0.2304,false,,0,0,3,0,0,3,26.5,27.6,IZLE,,25,64595.6,,,,,SEVIYE,85,48.6,5,,,,,,,1785321000,1,1,,21,879.7,21,,,
31030,2026-07-29 10:33:35.279134+00,64593.95,-993858.8089705991,-209983.85199999998,11777665768.578102,0.00008278,55555098.83329008,390019.75649999996,81.1,BEKLE,true,0.0,390019.75649999996,1.4777,423.044,53894592.10130998,966.406,81.1,0.0,"[{""usdt"": 19163114.0, ""borsa"": 3, ""fiyat"": 64575.0, ""kaynak"": ""BNB+BYB+OKX""}, {""usdt"": 9733673.0, ""borsa"": 1, ""fiyat"": 64525.0, ""kaynak"": ""BNB""}, {""usdt"": 7540715.0, ""borsa"": 3, ""fiyat"": 64600.0, ""kaynak"": ""BNB+BYB+OKX""}]","[{""usdt"": 11494295.0, ""borsa"": 1, ""fiyat"": 64650.0, ""kaynak"": ""BNB""}, {""usdt"": 11024832.0, ""borsa"": 3, ""fiyat"": 64625.0, ""kaynak"": ""BNB+BYB+OKX""}, {""usdt"": 10972913.0, ""borsa"": 3, ""fiyat"": 64600.0, ""kaynak"": ""BNB+BYB+OKX""}]",YOK,-0.0118,0.0152,0.0978,0.2947,true,0.2051,false,,0,0,3,1,0,3,23,24.1,IZLE,,25,64595.6,,,,,SEVIYE,85,49.6,5,,,,,,,1785321000,1,2,,21,880.7,21,,,
31031,2026-07-29 10:34:35.515403+00,64580.05,-1115579.3449788997,-153206.12800000003,11778778305.371601,0.00008278,52220589.643130004,390019.75649999996,72.3,BEKLE,false,0.0,390019.75649999996,1.4777,483.309,58766478.03302999,1026.671,72.3,0.0,"[{""usdt"": 19059387.0, ""borsa"": 3, ""fiyat"": 64575.0, ""kaynak"": ""BNB+BYB+OKX""}, {""usdt"": 10262560.0, ""borsa"": 1, ""fiyat"": 64525.0, ""kaynak"": ""BNB""}, {""usdt"": 6943614.0, ""borsa"": 1, ""fiyat"": 64500.0, ""kaynak"": ""BNB""}]","[{""usdt"": 12618195.0, ""borsa"": 3, ""fiyat"": 64625.0, ""kaynak"": ""BNB+BYB+OKX""}, {""usdt"": 12307059.0, ""borsa"": 3, ""fiyat"": 64600.0, ""kaynak"": ""BNB+BYB+OKX""}, {""usdt"": 10721648.0, ""borsa"": 1, ""fiyat"": 64675.0, ""kaynak"": ""BNB""}]",YOK,-0.0315,-0.059,0.133,0.3209,false,0.7051,false,,0,0,3,0,1,3,19.4,20.5,IZLE,,25,64596,,,,,SEVIYE,85,50.6,6,,,,,,,1785321000,1,3,,20,881.7,20,,,
31032,2026-07-29 10:35:35.780983+00,64578.649999999994,-1071963.8895230007,-314260.00700000004,11776117387.072199,0.00008278,51026377.109769955,0.0,74.6,BEKLE,false,0.0,0.0,1.4777,543.5,53084220.02428999,1086.862,74.6,0.0,"[{""usdt"": 13882979.0, ""borsa"": 3, ""fiyat"": 64575.0, ""kaynak"": ""BNB+BYB+OKX""}, {""usdt"": 11950300.0, ""borsa"": 3, ""fiyat"": 64550.0, ""kaynak"": ""BNB+BYB+OKX""}, {""usdt"": 8706311.0, ""borsa"": 1, ""fiyat"": 64475.0, ""kaynak"": ""BNB""}]","[{""usdt"": 19241653.0, ""borsa"": 3, ""fiyat"": 64600.0, ""kaynak"": ""BNB+BYB+OKX""}, {""usdt"": 9850579.0, ""borsa"": 1, ""fiyat"": 64650.0, ""kaynak"": ""BNB""}, {""usdt"": 9327861.0, ""borsa"": 1, ""fiyat"": 64675.0, ""kaynak"": ""BNB""}]",YOK,-0.0069,-0.0198,0.1153,0.3489,false,0.9391,false,,0,0,3,1,1,3,15.7,16.8,IZLE,,25,64561.7,,,,,SEVIYE,70,151.8,16,,,,,,,,,0,,20,882.7,20,,,
31033,2026-07-29 10:36:36.095875+00,64584.149999999994,-1099838.3393346008,-255034.10700000002,11777074235.093699,0.00008278,53351567.30667997,0.0,10.1,BEKLE,false,0.0,0.0,1.4746,603.803,59129086.761689976,1147.165,10.1,0.0,"[{""usdt"": 16205587.0, ""borsa"": 3, ""fiyat"": 64575.0, ""kaynak"": ""BNB+BYB+OKX""}, {""usdt"": 10412674.0, ""borsa"": 1, ""fiyat"": 64525.0, ""kaynak"": ""BNB""}, {""usdt"": 9519416.0, ""borsa"": 2, ""fiyat"": 64550.0, ""kaynak"": ""BNB+BYB""}]","[{""usdt"": 21319372.0, ""borsa"": 3, ""fiyat"": 64600.0, ""kaynak"": ""BNB+BYB+OKX""}, {""usdt"": 11792459.0, ""borsa"": 1, ""fiyat"": 64650.0, ""kaynak"": ""BNB""}, {""usdt"": 9573455.0, ""borsa"": 1, ""fiyat"": 64675.0, ""kaynak"": ""BNB""}]",YOK,-0.0192,-0.0514,,,false,0.9867,false,,0,0,3,0,1,3,11.9,13,IZLE,,25,64596,,,,,SEVIYE,85,52.6,6,,,,,,,,,0,,20,883.7,20,,,
31034,2026-07-29 10:37:36.279763+00,64570.45,-1116717.4945278007,-249820.587,11777497415.536701,0.00008278,53507164.25827,0.0,10.6,BEKLE,true,0.0,0.0,1.4746,664.075,52835423.75859996,482.958,0.0,10.6,"[{""usdt"": 16126384.0, ""borsa"": 3, ""fiyat"": 64550.0, ""kaynak"": ""BNB+BYB+OKX""}, {""usdt"": 10293950.0, ""borsa"": 1, ""fiyat"": 64500.0, ""kaynak"": ""BNB""}, {""usdt"": 9613329.0, ""borsa"": 1, ""fiyat"": 64475.0, ""kaynak"": ""BNB""}]","[{""usdt"": 13522695.0, ""borsa"": 3, ""fiyat"": 64600.0, ""kaynak"": ""BNB+BYB+OKX""}, {""usdt"": 11558028.0, ""borsa"": 1, ""fiyat"": 64675.0, ""kaynak"": ""BNB""}, {""usdt"": 9127264.0, ""borsa"": 1, ""fiyat"": 64650.0, ""kaynak"": ""BNB""}]",YOK,-0.1116,0.0063,,,true,0.4786,false,,0,1,3,0,0,3,8.3,9.3,IZLE,,25,64561.7,,,,,SEVIYE,70,153.8,16,,,,,,,,,0,,20,884.7,20,,,
31035,2026-07-29 10:38:36.511309+00,64566.649999999994,-1321029.971607801,-341765.95100000006,11774052453.535,0.00008278,53282411.22065,0.0,20.3,BEKLE,false,0.0,0.0,1.4746,724.233,60488626.498659946,543.116,20.3,0.0,"[{""usdt"": 16150992.0, ""borsa"": 3, ""fiyat"": 64550.0, ""kaynak"": ""BNB+BYB+OKX""}, {""usdt"": 10405508.0, ""borsa"": 1, ""fiyat"": 64475.0, ""kaynak"": ""BNB""}, {""usdt"": 8919884.0, ""borsa"": 1, ""fiyat"": 64525.0, ""kaynak"": ""BNB""}]","[{""usdt"": 17433181.0, ""borsa"": 3, ""fiyat"": 64575.0, ""kaynak"": ""BNB+BYB+OKX""}, {""usdt"": 12728421.0, ""borsa"": 3, ""fiyat"": 64600.0, ""kaynak"": ""BNB+BYB+OKX""}, {""usdt"": 12040936.0, ""borsa"": 1, ""fiyat"": 64650.0, ""kaynak"": ""BNB""}]",YOK,-0.0563,-0.0633,0.6269,3.1413,true,0.463,false,,0,1,3,0,1,3,4.6,5.6,IZLE,,25,64561.7,,,,,SEVIYE,70,154.8,16,,,,,,,,,0,,20,885.7,20,,,
31036,2026-07-29 10:39:36.827075+00,64543.149999999994,-1760335.4262766994,-478423.814,11773556836.0359,0.00008278,54076112.540149964,0.0,25.1,BEKLE,false,0.0,0.0,1.4746,60.338,57240155.50806,60.338,25.1,0.0,"[{""usdt"": 11737647.0, ""borsa"": 1, ""fiyat"": 64450.0, ""kaynak"": ""BNB""}, {""usdt"": 10287123.0, ""borsa"": 1, ""fiyat"": 64500.0, ""kaynak"": ""BNB""}, {""usdt"": 9536985.0, ""borsa"": 3, ""fiyat"": 64550.0, ""kaynak"": ""BNB+BYB+OKX""}]","[{""usdt"": 21831486.0, ""borsa"": 3, ""fiyat"": 64575.0, ""kaynak"": ""BNB+BYB+OKX""}, {""usdt"": 11947748.0, ""borsa"": 3, ""fiyat"": 64600.0, ""kaynak"": ""BNB+BYB+OKX""}, {""usdt"": 10345372.0, ""borsa"": 1, ""fiyat"": 64650.0, ""kaynak"": ""BNB""}]",YOK,-0.0889,-0.0284,0.573,1.9696,false,0.4466,false,,0,1,3,0,1,3,1,63.4,IZLE,,25,64561.7,,,,,SEVIYE,70,155.8,16,,,,,,,,,0,,20,886.7,20,,,
31037,2026-07-29 10:40:37.041448+00,64549.05,-1246061.0838554993,-478327.2960000001,11772383715.5539,0.00008278,52722019.685039975,645.3919999999999,24.5,BEKLE,false,645.3919999999999,0.0,1.4746,120.599,53347951.68466999,120.599,24.5,0.0,"[{""usdt"": 16206965.0, ""borsa"": 3, ""fiyat"": 64525.0, ""kaynak"": ""BNB+BYB+OKX""}, {""usdt"": 11737647.0, ""borsa"": 1, ""fiyat"": 64450.0, ""kaynak"": ""BNB""}, {""usdt"": 10287123.0, ""borsa"": 1, ""fiyat"": 64500.0, ""kaynak"": ""BNB""}]","[{""usdt"": 16548486.0, ""borsa"": 3, ""fiyat"": 64575.0, ""kaynak"": ""BNB+BYB+OKX""}, {""usdt"": 11262620.0, ""borsa"": 3, ""fiyat"": 64550.0, ""kaynak"": ""BNB+BYB+OKX""}, {""usdt"": 10345372.0, ""borsa"": 1, ""fiyat"": 64650.0, ""kaynak"": ""BNB""}]",YOK,-0.0889,-0.0059,,,false,0.3731,false,,0,1,3,0,0,3,61.3,62.4,IZLE,,25,64561.7,,,,,SEVIYE,70,156.8,16,,,,,,,1785321540,1,0,,20,887.7,20,,,
31038,2026-07-29 10:41:37.286619+00,64584.05,-821716.7072821995,-478271.9170000001,11775850411.472702,0.00008278,50870771.342289984,645.3919999999999,19.4,BEKLE,false,645.3919999999999,0.0,1.4746,120.472,59118959.51098999,180.81,19.4,0.0,"[{""usdt"": 12562637.0, ""borsa"": 3, ""fiyat"": 64525.0, ""kaynak"": ""BNB+BYB+OKX""}, {""usdt"": 10030168.0, ""borsa"": 3, ""fiyat"": 64550.0, ""kaynak"": ""BNB+BYB+OKX""}, {""usdt"": 9884417.0, ""borsa"": 1, ""fiyat"": 64475.0, ""kaynak"": ""BNB""}]","[{""usdt"": 24327748.0, ""borsa"": 3, ""fiyat"": 64575.0, ""kaynak"": ""BNB+BYB+OKX""}, {""usdt"": 9238344.0, ""borsa"": 1, ""fiyat"": 64625.0, ""kaynak"": ""BNB""}, {""usdt"": 7849251.0, ""borsa"": 1, ""fiyat"": 64600.0, ""kaynak"": ""BNB""}]",YOK,-0.0458,-0.075,0.4575,0.0099,true,0.3466,false,,1,1,3,0,1,3,57.6,58.7,IZLE,,25,64596,,,,,SEVIYE,85,57.7,6,,,,,,,1785321540,1,1,,20,888.7,20,,,
31039,2026-07-29 10:42:37.610097+00,64635.649999999994,-223804.42141479976,44707.41600000003,11785737894.2266,0.00008278,54147821.72237003,7816.946599999999,21.3,BEKLE,true,645.3919999999999,7171.5545999999995,1.4679,0,64639379.935919955,60.275,0.0,21.3,"[{""usdt"": 17562225.0, ""borsa"": 3, ""fiyat"": 64575.0, ""kaynak"": ""BNB+BYB+OKX""}, {""usdt"": 10090582.0, ""borsa"": 1, ""fiyat"": 64500.0, ""kaynak"": ""BNB""}, {""usdt"": 9728279.0, ""borsa"": 3, ""fiyat"": 64550.0, ""kaynak"": ""BNB+BYB+OKX""}]","[{""usdt"": 23949468.0, ""borsa"": 3, ""fiyat"": 64600.0, ""kaynak"": ""BNB+BYB+OKX""}, {""usdt"": 12968258.0, ""borsa"": 1, ""fiyat"": 64675.0, ""kaynak"": ""BNB""}, {""usdt"": 9104581.0, ""borsa"": 1, ""fiyat"": 64650.0, ""kaynak"": ""BNB""}]",YOK,-0.0984,-0.0883,0.6724,2.9491,true,0.1752,false,,0,1,3,0,1,3,54,55.1,IZLE,,25,64596,,,,,SEVIYE,85,58.7,6,,,,,,,1785321720,1,0,,20,889.8,20,,,
31040,2026-07-29 10:43:37.844959+00,64640.45,332993.7105812007,696584.758,11792612966.453,0.00008278,57245238.58785994,7820.1323,38.9,BEKLE,true,645.3919999999999,7174.7403,1.4679,0,62430320.934449956,120.577,0.0,38.9,"[{""usdt"": 16794883.0, ""borsa"": 3, ""fiyat"": 64625.0, ""kaynak"": ""BNB+BYB+OKX""}, {""usdt"": 9497399.0, ""borsa"": 1, ""fiyat"": 64525.0, ""kaynak"": ""BNB""}, {""usdt"": 8645694.0, ""borsa"": 1, ""fiyat"": 64575.0, ""kaynak"": ""BNB""}]","[{""usdt"": 15816309.0, ""borsa"": 3, ""fiyat"": 64650.0, ""kaynak"": ""BNB+BYB+OKX""}, {""usdt"": 15510694.0, ""borsa"": 1, ""fiyat"": 64725.0, ""kaynak"": ""BNB""}, {""usdt"": 13833748.0, ""borsa"": 3, ""fiyat"": 64675.0, ""kaynak"": ""BNB+BYB+OKX""}]",YOK,0.0537,-0.0433,0.5188,1.3907,true,0.0843,false,,1,0,3,1,0,3,50.5,51.6,IZLE,,25,64680.1,,,,,SEVIYE,65,39.6,4,,,,,,,1785321720,1,0,,20,890.8,20,,,
31041,2026-07-29 10:44:38.166234+00,64644.649999999994,306423.8916857004,527095.814,11793863835.264,0.00008278,53382452.02576992,7174.7403,37.1,BEKLE,true,0.0,7174.7403,1.4679,60.237,60436998.736549914,180.814,0.0,37.1,"[{""usdt"": 19298846.0, ""borsa"": 3, ""fiyat"": 64625.0, ""kaynak"": ""BNB+BYB+OKX""}, {""usdt"": 8927181.0, ""borsa"": 1, ""fiyat"": 64600.0, ""kaynak"": ""BNB""}, {""usdt"": 8164489.0, ""borsa"": 1, ""fiyat"": 64575.0, ""kaynak"": ""BNB""}]","[{""usdt"": 17308685.0, ""borsa"": 3, ""fiyat"": 64650.0, ""kaynak"": ""BNB+BYB+OKX""}, {""usdt"": 14539144.0, ""borsa"": 1, ""fiyat"": 64725.0, ""kaynak"": ""BNB""}, {""usdt"": 11683207.0, ""borsa"": 3, ""fiyat"": 64675.0, ""kaynak"": ""BNB+BYB+OKX""}]",YOK,0.0145,-0.062,0.5843,1.7279,true,0.1083,false,,1,0,3,0,0,3,46.9,48,IZLE,,25,64621.6,,,,,SEVIYE,65,60.7,7,,,,,,,1785321720,1,0,,19,891.8,19,,,
31042,2026-07-29 10:45:38.44101+00,64605.649999999994,-183916.60728609777,591309.891,11790327732.882301,0.00008278,52021897.09137001,7174.7403,59.7,BEKLE,,0.0,7174.7403,1.4679,120.573,69809975.24727993,241.15,0.0,59.7,"[{""usdt"": 17239287.0, ""borsa"": 3, ""fiyat"": 64625.0, ""kaynak"": ""BNB+BYB+OKX""}, {""usdt"": 9393603.0, ""borsa"": 1, ""fiyat"": 64575.0, ""kaynak"": ""BNB""}, {""usdt"": 7426558.0, ""borsa"": 1, ""fiyat"": 64600.0, ""kaynak"": ""BNB""}]","[{""usdt"": 21727146.0, ""borsa"": 3, ""fiyat"": 64675.0, ""kaynak"": ""BNB+BYB+OKX""}, {""usdt"": 13524716.0, ""borsa"": 1, ""fiyat"": 64725.0, ""kaynak"": ""BNB""}, {""usdt"": 12036831.0, ""borsa"": 3, ""fiyat"": 64650.0, ""kaynak"": ""BNB+BYB+OKX""}]",YOK,0.03,-0.146,0.4044,1.2976,false,0,false,,1,0,3,0,2,3,43.4,44.5,IZLE,,25,64621.6,,,,,SEVIYE,65,61.7,7,,,,,,,1785321720,1,1,,19,892.8,19,,,
31043,2026-07-29 10:46:39.269034+00,64605.95,-417482.8157159978,565764.034,11788022041.737999,0.00008278,60587886.683329955,7174.7403,50.7,BEKLE,true,0.0,7174.7403,1.4679,0,55630801.203759976,302.015,0.0,50.7,"[{""usdt"": 17518156.0, ""borsa"": 3, ""fiyat"": 64600.0, ""kaynak"": ""BNB+BYB+OKX""}, {""usdt"": 11212268.0, ""borsa"": 1, ""fiyat"": 64550.0, ""kaynak"": ""BNB""}, {""usdt"": 9829464.0, ""borsa"": 1, ""fiyat"": 64500.0, ""kaynak"": ""BNB""}]","[{""usdt"": 13838004.0, ""borsa"": 3, ""fiyat"": 64650.0, ""kaynak"": ""BNB+BYB+OKX""}, {""usdt"": 13441870.0, ""borsa"": 3, ""fiyat"": 64625.0, ""kaynak"": ""BNB+BYB+OKX""}, {""usdt"": 13411318.0, ""borsa"": 1, ""fiyat"": 64700.0, ""kaynak"": ""BNB""}]",YOK,0.0342,0.0427,0.2094,0.6825,false,0,false,,0,0,3,1,0,3,40.3,41.4,IZLE,,25,64621.6,,,,,SEVIYE,65,62.7,7,,,,,,,1785321720,1,2,,19,893.8,19,,,
31044,2026-07-29 10:47:39.556483+00,64600.95,-320196.0390868982,501743.75600000005,11788783063.6624,0.00008278,55465699.10212992,0.0,46.8,BEKLE,true,0.0,0.0,1.4679,60.205,59256167.31918002,362.22,0.0,46.8,"[{""usdt"": 13025711.0, ""borsa"": 3, ""fiyat"": 64575.0, ""kaynak"": ""BNB+BYB+OKX""}, {""usdt"": 10277200.0, ""borsa"": 1, ""fiyat"": 64525.0, ""kaynak"": ""BNB""}, {""usdt"": 9643691.0, ""borsa"": 1, ""fiyat"": 64550.0, ""kaynak"": ""BNB""}]","[{""usdt"": 18557425.0, ""borsa"": 3, ""fiyat"": 64625.0, ""kaynak"": ""BNB+BYB+OKX""}, {""usdt"": 11554209.0, ""borsa"": 1, ""fiyat"": 64700.0, ""kaynak"": ""BNB""}, {""usdt"": 11389307.0, ""borsa"": 1, ""fiyat"": 64675.0, ""kaynak"": ""BNB""}]",YOK,0.0586,-0.033,0.1261,2.7285,true,0,false,,1,0,3,0,1,3,36.7,37.8,IZLE,,25,64621.6,,,,,SEVIYE,65,63.7,7,,,,,,,,,0,,19,894.8,19,,,
31045,2026-07-29 10:48:39.851586+00,64605.75,-702075.9003631984,498036.70499999996,11789050958.672,0.00008278,54769069.667179905,0.0,23.4,BEKLE,false,0.0,0.0,1.4685,60.315,57652635.72674006,422.535,23.4,0.0,"[{""usdt"": 15515862.0, ""borsa"": 3, ""fiyat"": 64575.0, ""kaynak"": ""BNB+BYB+OKX""}, {""usdt"": 8853107.0, ""borsa"": 1, ""fiyat"": 64500.0, ""kaynak"": ""BNB""}, {""usdt"": 8790389.0, ""borsa"": 1, ""fiyat"": 64525.0, ""kaynak"": ""BNB""}]","[{""usdt"": 17064040.0, ""borsa"": 3, ""fiyat"": 64625.0, ""kaynak"": ""BNB+BYB+OKX""}, {""usdt"": 11341378.0, ""borsa"": 1, ""fiyat"": 64700.0, ""kaynak"": ""BNB""}, {""usdt"": 9974809.0, ""borsa"": 1, ""fiyat"": 64675.0, ""kaynak"": ""BNB""}]",YOK,0.0224,-0.0256,0.781,1.5741,true,0,false,,1,0,3,1,1,3,32.6,33.6,IZLE,,25,64621.6,,,,,SEVIYE,65,64.7,7,,,,,,,,,0,,19,895.8,19,,,
31046,2026-07-29 10:49:40.147834+00,64575.850000000006,-1092911.4103213975,352175.61100000003,11785606346.048298,0.00008278,53788433.82254994,0.0,19.4,BEKLE,false,0.0,0.0,1.4685,120.631,58677705.80488,482.851,19.4,0.0,"[{""usdt"": 16024362.0, ""borsa"": 3, ""fiyat"": 64550.0, ""kaynak"": ""BNB+BYB+OKX""}, {""usdt"": 10912817.0, ""borsa"": 1, ""fiyat"": 64525.0, ""kaynak"": ""BNB""}, {""usdt"": 10147401.0, ""borsa"": 3, ""fiyat"": 64575.0, ""kaynak"": ""BNB+BYB+OKX""}]","[{""usdt"": 13876395.0, ""borsa"": 3, ""fiyat"": 64600.0, ""kaynak"": ""BNB+BYB+OKX""}, {""usdt"": 11179054.0, ""borsa"": 1, ""fiyat"": 64650.0, ""kaynak"": ""BNB""}, {""usdt"": 10308150.0, ""borsa"": 1, ""fiyat"": 64675.0, ""kaynak"": ""BNB""}]",YOK,-0.1161,-0.0435,0.8455,2.499,true,0.0116,false,,1,1,3,0,0,3,29,30.1,IZLE,,25,64570.1,,,,,SEVIYE,90,165.9,17,,,,,,,,,0,,19,896.8,19,,,
31047,2026-07-29 10:50:40.576752+00,64553.05,-638214.2638019992,552718.2799999999,11782058285.9074,0.00008278,52041940.35578002,0.0,9.6,BEKLE,,0.0,0.0,1.4685,60.267,56984898.62742997,543.118,9.6,0.0,"[{""usdt"": 14889763.0, ""borsa"": 3, ""fiyat"": 64550.0, ""kaynak"": ""BNB+BYB+OKX""}, {""usdt"": 10006088.0, ""borsa"": 3, ""fiyat"": 64525.0, ""kaynak"": ""BNB+BYB+OKX""}, {""usdt"": 9454805.0, ""borsa"": 1, ""fiyat"": 64475.0, ""kaynak"": ""BNB""}]","[{""usdt"": 16960972.0, ""borsa"": 3, ""fiyat"": 64575.0, ""kaynak"": ""BNB+BYB+OKX""}, {""usdt"": 10099606.0, ""borsa"": 1, ""fiyat"": 64625.0, ""kaynak"": ""BNB""}, {""usdt"": 10025311.0, ""borsa"": 1, ""fiyat"": 64675.0, ""kaynak"": ""BNB""}]",YOK,-0.0669,-0.0453,,,false,,false,,0,1,3,0,1,3,25.5,26.5,IZLE,,25,64570.1,,,,,SEVIYE,90,166.9,17,,,,,,,,,0,,19,897.8,19,,,
31048,2026-07-29 10:51:41.107708+00,64481.75,-1481185.0526405992,-852007.0480000001,11767612806.569801,0.00008278,56604395.001870014,1612.045,29.5,BEKLE,false,1612.045,0.0,1.4673,60.652,57049212.91514999,603.77,29.5,0.0,"[{""usdt"": 17682881.0, ""borsa"": 3, ""fiyat"": 64525.0, ""kaynak"": ""BNB+BYB+OKX""}, {""usdt"": 10391975.0, ""borsa"": 1, ""fiyat"": 64450.0, ""kaynak"": ""BNB""}, {""usdt"": 10058252.0, ""borsa"": 1, ""fiyat"": 64500.0, ""kaynak"": ""BNB""}]","[{""usdt"": 13839469.0, ""borsa"": 3, ""fiyat"": 64575.0, ""kaynak"": ""BNB+BYB+OKX""}, {""usdt"": 10799396.0, ""borsa"": 3, ""fiyat"": 64550.0, ""kaynak"": ""BNB+BYB+OKX""}, {""usdt"": 9577486.0, ""borsa"": 1, ""fiyat"": 64650.0, ""kaynak"": ""BNB""}]",YOK,-0.132,-0.0039,0.3391,2.3818,false,,true,0,0,1,3,0,1,3,22.2,23.3,IZLE,,25,64494.6,,,,,SEVIYE,50,127.8,13,,,,,,,1785322260,1,0,,19,898.8,19,,,
31049,2026-07-29 10:52:41.44578+00,64427.149999999994,-2838378.3338672994,-1878934.18,11761834367.576199,0.00008278,49576707.01137994,13210.162499999999,0.0,BEKLE,,13210.162499999999,0.0,1.4673,60.422,66565825.41925992,0,0.0,0.0,"[{""usdt"": 13004489.0, ""borsa"": 3, ""fiyat"": 64425.0, ""kaynak"": ""BNB+BYB+OKX""}, {""usdt"": 10832707.0, ""borsa"": 1, ""fiyat"": 64350.0, ""kaynak"": ""BNB""}, {""usdt"": 8885855.0, ""borsa"": 1, ""fiyat"": 64375.0, ""kaynak"": ""BNB""}]","[{""usdt"": 26862430.0, ""borsa"": 3, ""fiyat"": 64450.0, ""kaynak"": ""BNB+BYB+OKX""}, {""usdt"": 15357004.0, ""borsa"": 3, ""fiyat"": 64475.0, ""kaynak"": ""BNB+BYB+OKX""}, {""usdt"": 8274286.0, ""borsa"": 1, ""fiyat"": 64550.0, ""kaynak"": ""BNB""}]",YOK,-0.061,-0.1463,0.4198,1.7428,false,,true,0,0,1,3,0,2,3,18.8,19.9,IZLE,,50,64432.6,,,,,SEVIYE+TASFIYE,70,188.9,19,,,,,,,1785322320,1,0,,19,899.8,19,,,
31050,2026-07-29 10:53:43.349456+00,64418.05,-2772300.8466880005,-2370453.474,11756505123.070099,0.00008278,56396878.29108006,14239.126900000001,0.0,BEKLE,,14239.126900000001,0.0,1.4673,61.863,64865243.26352996,61.863,0.0,0.0,"[{""usdt"": 13778473.0, ""borsa"": 1, ""fiyat"": 64325.0, ""kaynak"": ""BNB""}, {""usdt"": 12304403.0, ""borsa"": 3, ""fiyat"": 64425.0, ""kaynak"": ""BNB+BYB+OKX""}, {""usdt"": 11391343.0, ""borsa"": 3, ""fiyat"": 64400.0, ""kaynak"": ""BNB+BYB+OKX""}]","[{""usdt"": 30474018.0, ""borsa"": 3, ""fiyat"": 64450.0, ""kaynak"": ""BNB+BYB+OKX""}, {""usdt"": 10235301.0, ""borsa"": 1, ""fiyat"": 64525.0, ""kaynak"": ""BNB""}, {""usdt"": 8083197.0, ""borsa"": 1, ""fiyat"": 64500.0, ""kaynak"": ""BNB""}]",YOK,-0.0216,-0.0698,0.3305,1.8024,false,,true,0,0,1,3,0,0,3,16.8,17.9,IZLE,,50,64432.6,,,,,SEVIYE+TASFIYE,70,189.9,19,,,,,,,1785322320,1,0,,19,900.8,19,,,
31051,2026-07-29 10:54:43.636697+00,64404.850000000006,-2772300.8466880005,-2370453.474,11756505123.070099,0.00008278,49066711.82161005,14239.126900000001,0.0,BEKLE,,14239.126900000001,0.0,1.4673,122.135,65798509.772039965,122.135,0.0,0.0,"[{""usdt"": 11221835.0, ""borsa"": 3, ""fiyat"": 64375.0, ""kaynak"": ""BNB+BYB+OKX""}, {""usdt"": 9804142.0, ""borsa"": 1, ""fiyat"": 64350.0, ""kaynak"": ""BNB""}, {""usdt"": 9348752.0, ""borsa"": 1, ""fiyat"": 64300.0, ""kaynak"": ""BNB""}]","[{""usdt"": 17116415.0, ""borsa"": 3, ""fiyat"": 64425.0, ""kaynak"": ""BNB+BYB+OKX""}, {""usdt"": 16077087.0, ""borsa"": 1, ""fiyat"": 64450.0, ""kaynak"": ""BNB""}, {""usdt"": 10210948.0, ""borsa"": 3, ""fiyat"": 64400.0, ""kaynak"": ""BNB+BYB+OKX""}]",YOK,-0.1605,-0.1457,0.2929,1.8154,false,,true,0,0,2,3,0,1,3,13.2,14.3,IZLE,,50,64399.3,,,,,SEVIYE+TASFIYE,85,261.0,27,,,,,,,1785322320,1,0,,22,1022.0,22,,,
31052,2026-07-29 10:55:43.873453+00,64405.05,-2832727.5461150976,-3485690.045,11751602974.7235,0.00008278,54368314.20984997,29374.254900000004,0.0,BEKLE,,29374.254900000004,0.0,1.4673,60.291,63282765.77163,182.426,0.0,0.0,"[{""usdt"": 17490337.0, ""borsa"": 3, ""fiyat"": 64400.0, ""kaynak"": ""BNB+BYB+OKX""}, {""usdt"": 11113490.0, ""borsa"": 1, ""fiyat"": 64350.0, ""kaynak"": ""BNB""}, {""usdt"": 9172620.0, ""borsa"": 1, ""fiyat"": 64325.0, ""kaynak"": ""BNB""}]","[{""usdt"": 21023182.0, ""borsa"": 3, ""fiyat"": 64450.0, ""kaynak"": ""BNB+BYB+OKX""}, {""usdt"": 12287467.0, ""borsa"": 3, ""fiyat"": 64425.0, ""kaynak"": ""BNB+BYB+OKX""}, {""usdt"": 11995397.0, ""borsa"": 1, ""fiyat"": 64525.0, ""kaynak"": ""BNB""}]",YOK,-0.1017,-0.0758,0.2673,1.0979,false,,true,0,0,1,3,0,0,3,9.7,10.8,IZLE,,50,64399.3,,,,,SEVIYE+TASFIYE,85,262.0,27,,,,,,,1785322440,1,0,,22,1023.0,22,,,
31053,2026-07-29 10:56:44.121928+00,64424.649999999994,-4144205.7315165973,-454579.926,11750492495.2018,0.00008278,47471441.15536003,29375.8529,53.2,BEKLE,false,29375.8529,0.0,1.4637,120.492,67639435.64127998,242.627,0.0,53.2,"[{""usdt"": 12499797.0, ""borsa"": 3, ""fiyat"": 64400.0, ""kaynak"": ""BNB+BYB+OKX""}, {""usdt"": 9748945.0, ""borsa"": 1, ""fiyat"": 64350.0, ""kaynak"": ""BNB""}, {""usdt"": 9479908.0, ""borsa"": 1, ""fiyat"": 64325.0, ""kaynak"": ""BNB""}]","[{""usdt"": 29570133.0, ""borsa"": 3, ""fiyat"": 64450.0, ""kaynak"": ""BNB+BYB+OKX""}, {""usdt"": 10458363.0, ""borsa"": 1, ""fiyat"": 64500.0, ""kaynak"": ""BNB""}, {""usdt"": 10224552.0, ""borsa"": 1, ""fiyat"": 64525.0, ""kaynak"": ""BNB""}]",YOK,-0.0795,-0.1752,0.8182,1.0694,false,,true,0,0,1,3,0,3,3,6,7.1,IZLE,,50,64433.6,,,,,SEVIYE+TASFIYE,50,192.9,20,,,,,,,1785322440,1,0,,22,1024.0,22,,,
31054,2026-07-29 10:57:44.38714+00,64438.149999999994,-3896030.8342831973,-4797951.697,11754095501.719,0.00008278,50864352.12840001,27763.810400000002,81.1,BEKLE,,27763.810400000002,0.0,1.4637,180.762,67956582.31441994,302.897,81.1,0.0,"[{""usdt"": 14414985.0, ""borsa"": 3, ""fiyat"": 64425.0, ""kaynak"": ""BNB+BYB+OKX""}, {""usdt"": 9892154.0, ""borsa"": 1, ""fiyat"": 64350.0, ""kaynak"": ""BNB""}, {""usdt"": 8867304.0, ""borsa"": 1, ""fiyat"": 64375.0, ""kaynak"": ""BNB""}]","[{""usdt"": 33605111.0, ""borsa"": 3, ""fiyat"": 64450.0, ""kaynak"": ""BNB+BYB+OKX""}, {""usdt"": 9050616.0, ""borsa"": 1, ""fiyat"": 64500.0, ""kaynak"": ""BNB""}, {""usdt"": 8504060.0, ""borsa"": 1, ""fiyat"": 64550.0, ""kaynak"": ""BNB""}]",YOK,-0.0122,-0.1438,0.1957,0.1242,false,,true,0,0,0,3,0,1,3,2.4,3.5,IZLE,,50,64433.6,,,,,SEVIYE+TASFIYE,50,193.9,20,,,,,,,1785322440,1,0,,22,1025.0,22,,,
31055,2026-07-29 10:58:44.641513+00,64438.149999999994,-3826133.684742298,-4682152.645,11756892317.241798,0.00008278,50864352.12840001,15136.726,88.9,BEKLE,true,15136.726,0.0,1.4637,241.064,67956582.31441994,363.199,88.9,0.0,"[{""usdt"": 14414985.0, ""borsa"": 3, ""fiyat"": 64425.0, ""kaynak"": ""BNB+BYB+OKX""}, {""usdt"": 9892154.0, ""borsa"": 1, ""fiyat"": 64350.0, ""kaynak"": ""BNB""}, {""usdt"": 8867304.0, ""borsa"": 1, ""fiyat"": 64375.0, ""kaynak"": ""BNB""}]","[{""usdt"": 33605111.0, ""borsa"": 3, ""fiyat"": 64450.0, ""kaynak"": ""BNB+BYB+OKX""}, {""usdt"": 9050616.0, ""borsa"": 1, ""fiyat"": 64500.0, ""kaynak"": ""BNB""}, {""usdt"": 8504060.0, ""borsa"": 1, ""fiyat"": 64550.0, ""kaynak"": ""BNB""}]",YOK,-0.0122,-0.1438,0.2344,0.2728,false,,true,0,0,0,3,0,1,3,62.7,63.8,IZLE,,25,64433.6,,,,,SEVIYE,50,195.0,20,,,,,,,1785322440,1,0,,22,1026.0,22,,,
31056,2026-07-29 10:59:44.913792+00,64440.149999999994,-3871476.7559115994,-4347551.516,11758075790.4609,0.00008278,49083295.47786003,15136.726,76.6,BEKLE,true,15136.726,0.0,1.4637,120.491,65909276.13187994,423.388,76.6,0.0,"[{""usdt"": 14376526.0, ""borsa"": 3, ""fiyat"": 64425.0, ""kaynak"": ""BNB+BYB+OKX""}, {""usdt"": 9534007.0, ""borsa"": 1, ""fiyat"": 64375.0, ""kaynak"": ""BNB""}, {""usdt"": 8173610.0, ""borsa"": 1, ""fiyat"": 64400.0, ""kaynak"": ""BNB""}]","[{""usdt"": 26575367.0, ""borsa"": 3, ""fiyat"": 64450.0, ""kaynak"": ""BNB+BYB+OKX""}, {""usdt"": 11604998.0, ""borsa"": 3, ""fiyat"": 64475.0, ""kaynak"": ""BNB+BYB+OKX""}, {""usdt"": 10565411.0, ""borsa"": 1, ""fiyat"": 64525.0, ""kaynak"": ""BNB""}]",YOK,-0.0375,-0.1463,0.2718,0.5328,false,,true,0,0,0,3,0,1,3,59,60.1,IZLE,,25,64433.6,,,,,SEVIYE,50,196.0,20,,,,,,,1785322440,1,1,,22,1027.0,22,,,
31057,2026-07-29 11:00:45.385553+00,64456.55,-3979242.0738676,-4081164.7209999994,11764657147.458399,0.00008278,53487996.11321003,0.0,64.0,BEKLE,true,0.0,0.0,1.4637,180.9,51904366.633539975,483.797,64.0,0.0,"[{""usdt"": 18196145.0, ""borsa"": 3, ""fiyat"": 64425.0, ""kaynak"": ""BNB+BYB+OKX""}, {""usdt"": 11349982.0, ""borsa"": 1, ""fiyat"": 64375.0, ""kaynak"": ""BNB""}, {""usdt"": 8611634.0, ""borsa"": 1, ""fiyat"": 64350.0, ""kaynak"": ""BNB""}]","[{""usdt"": 12665898.0, ""borsa"": 3, ""fiyat"": 64450.0, ""kaynak"": ""BNB+BYB+OKX""}, {""usdt"": 11154730.0, ""borsa"": 1, ""fiyat"": 64500.0, ""kaynak"": ""BNB""}, {""usdt"": 10262564.0, ""borsa"": 3, ""fiyat"": 64475.0, ""kaynak"": ""BNB+BYB+OKX""}]",YOK,-0.0414,0.015,0.5639,1.5459,false,,true,0,0,0,3,1,0,3,55.6,56.7,IZLE,,25,64433.6,,,,,SEVIYE,50,197.0,20,,,,,,,,,0,,22,1028.0,22,,,
31058,2026-07-29 11:01:45.644524+00,64474.95,-2430654.5384852993,-3972325.067,11770233457.6557,0.00008278,53494811.86879003,0.0,92.6,BEKLE,true,0.0,0.0,1.4637,241.289,55711548.09331998,361.76,92.6,0.0,"[{""usdt"": 15256805.0, ""borsa"": 3, ""fiyat"": 64450.0, ""kaynak"": ""BNB+BYB+OKX""}, {""usdt"": 11307084.0, ""borsa"": 1, ""fiyat"": 64400.0, ""kaynak"": ""BNB""}, {""usdt"": 8156666.0, ""borsa"": 1, ""fiyat"": 64375.0, ""kaynak"": ""BNB""}]","[{""usdt"": 14772733.0, ""borsa"": 3, ""fiyat"": 64500.0, ""kaynak"": ""BNB+BYB+OKX""}, {""usdt"": 13408227.0, ""borsa"": 3, ""fiyat"": 64475.0, ""kaynak"": ""BNB+BYB+OKX""}, {""usdt"": 11943851.0, ""borsa"": 1, ""fiyat"": 64550.0, ""kaynak"": ""BNB""}]",YOK,0.1137,-0.0203,0.2465,0.4414,false,,false,,1,0,3,1,0,3,52.1,53.2,IZLE,,25,64494.6,,,,,SEVIYE,50,137.9,14,PCT,1.81,0.6880131619236647,9.36918850894659,false,0.043,,,0,,22,1029.1,22,,,
31059,2026-07-29 11:02:46.94994+00,64437.95,-2553211.3036142997,-3859448.084,11769872758.3745,0.00008278,49633324.11878005,0.0,56.2,BEKLE,,0.0,0.0,1.4637,61.205,51789277.50665,422.965,0.0,56.2,"[{""usdt"": 13819358.0, ""borsa"": 3, ""fiyat"": 64450.0, ""kaynak"": ""BNB+BYB+OKX""}, {""usdt"": 11811526.0, ""borsa"": 1, ""fiyat"": 64400.0, ""kaynak"": ""BNB""}, {""usdt"": 7886449.0, ""borsa"": 1, ""fiyat"": 64375.0, ""kaynak"": ""BNB""}]","[{""usdt"": 16971325.0, ""borsa"": 3, ""fiyat"": 64500.0, ""kaynak"": ""BNB+BYB+OKX""}, {""usdt"": 9580224.0, ""borsa"": 1, ""fiyat"": 64575.0, ""kaynak"": ""BNB""}, {""usdt"": 8927227.0, ""borsa"": 1, ""fiyat"": 64550.0, ""kaynak"": ""BNB""}]",YOK,0.088,-0.0213,0.49,0.0045,false,,false,,1,0,3,0,1,3,49.4,50.5,IZLE,,25,64433.6,,,,,SEVIYE,50,199.0,20,,,,,,,,,0,,22,1030.1,22,,,
31060,2026-07-29 11:03:47.416356+00,64466.850000000006,-2996024.0346888,-3872229.9510000004,11764895052.7794,0.00008278,50642780.04388998,0.0,54.9,BEKLE,false,0.0,0.0,1.4631,121.649,54364614.472379975,483.409,0.0,54.9,"[{""usdt"": 13232746.0, ""borsa"": 3, ""fiyat"": 64425.0, ""kaynak"": ""BNB+BYB+OKX""}, {""usdt"": 10792114.0, ""borsa"": 1, ""fiyat"": 64375.0, ""kaynak"": ""BNB""}, {""usdt"": 9210033.0, ""borsa"": 1, ""fiyat"": 64350.0, ""kaynak"": ""BNB""}]","[{""usdt"": 16502376.0, ""borsa"": 3, ""fiyat"": 64475.0, ""kaynak"": ""BNB+BYB+OKX""}, {""usdt"": 9236462.0, ""borsa"": 1, ""fiyat"": 64550.0, ""kaynak"": ""BNB""}, {""usdt"": 8841788.0, ""borsa"": 3, ""fiyat"": 64450.0, ""kaynak"": ""BNB+BYB+OKX""}]",YOK,-0.0198,-0.0354,0.4077,0.8598,false,,false,,1,1,3,0,0,3,45.6,47.1,IZLE,,25,64494.6,,,,,SEVIYE,50,139.9,14,,,,,,,,,0,,22,1031.1,22,,,
31061,2026-07-29 11:04:47.6973+00,64444.850000000006,-2890995.0272791996,-3786658.243,11774016600.7975,0.00008278,47192764.22326004,0.0,45.7,BEKLE,,0.0,0.0,1.4631,60.384,55826037.58424994,543.793,0.0,45.7,"[{""usdt"": 11405259.0, ""borsa"": 3, ""fiyat"": 64450.0, ""kaynak"": ""BNB+BYB+OKX""}, {""usdt"": 10183437.0, ""borsa"": 1, ""fiyat"": 64400.0, ""kaynak"": ""BNB""}, {""usdt"": 8786915.0, ""borsa"": 1, ""fiyat"": 64375.0, ""kaynak"": ""BNB""}]","[{""usdt"": 22734216.0, ""borsa"": 3, ""fiyat"": 64500.0, ""kaynak"": ""BNB+BYB+OKX""}, {""usdt"": 12610392.0, ""borsa"": 1, ""fiyat"": 64575.0, ""kaynak"": ""BNB""}, {""usdt"": 7302948.0, ""borsa"": 1, ""fiyat"": 64550.0, ""kaynak"": ""BNB""}]",YOK,0.0422,-0.0838,0.5483,0.1578,false,3.6238,false,,1,0,3,0,0,3,42.1,43.2,IZLE,,25,64433.4,,,,,SEVIYE,70,201.0,21,,,,,,,,,0,,19,911.9,19,,,
31062,2026-07-29 11:05:48.027731+00,64440.55,-932258.4756767027,152754.354,11768030730.6389,0.00008278,51619737.35253999,0.0,73.2,BEKLE,false,0.0,0.0,1.4631,60.233,53275072.18583001,604.026,0.0,73.2,"[{""usdt"": 15859075.0, ""borsa"": 3, ""fiyat"": 64425.0, ""kaynak"": ""BNB+BYB+OKX""}, {""usdt"": 11203484.0, ""borsa"": 1, ""fiyat"": 64375.0, ""kaynak"": ""BNB""}, {""usdt"": 8014311.0, ""borsa"": 2, ""fiyat"": 64400.0, ""kaynak"": ""BNB+BYB""}]","[{""usdt"": 13828578.0, ""borsa"": 3, ""fiyat"": 64450.0, ""kaynak"": ""BNB+BYB+OKX""}, {""usdt"": 12079932.0, ""borsa"": 3, ""fiyat"": 64475.0, ""kaynak"": ""BNB+BYB+OKX""}, {""usdt"": 9540078.0, ""borsa"": 1, ""fiyat"": 64550.0, ""kaynak"": ""BNB""}]",YOK,-0.0397,-0.0158,0.3332,0.1051,false,0,false,,1,1,3,1,1,3,38.5,39.5,IZLE,,25,64433.4,,,,,SEVIYE,70,202.0,21,,,,,,,,,0,,19,912.9,19,,,
31063,2026-07-29 11:06:48.272703+00,64412.55,-875629.9701099027,-747801.607,11767776584.2911,0.00008278,48138692.43080003,0.0,84.8,BEKLE,false,0.0,0.0,1.4624,120.562,55527284.311820015,664.355,0.0,84.8,"[{""usdt"": 13359792.0, ""borsa"": 3, ""fiyat"": 64425.0, ""kaynak"": ""BNB+BYB+OKX""}, {""usdt"": 10779748.0, ""borsa"": 1, ""fiyat"": 64375.0, ""kaynak"": ""BNB""}, {""usdt"": 8604053.0, ""borsa"": 1, ""fiyat"": 64350.0, ""kaynak"": ""BNB""}]","[{""usdt"": 16451234.0, ""borsa"": 3, ""fiyat"": 64450.0, ""kaynak"": ""BNB+BYB+OKX""}, {""usdt"": 12099219.0, ""borsa"": 3, ""fiyat"": 64475.0, ""kaynak"": ""BNB+BYB+OKX""}, {""usdt"": 10080199.0, ""borsa"": 1, ""fiyat"": 64550.0, ""kaynak"": ""BNB""}]",YOK,-0.0612,-0.0713,0.2509,0.6042,false,0,false,,1,1,3,1,1,3,35,36,IZLE,,25,64433.4,,,,,SEVIYE,70,203.0,21,,,,,,,,,0,,19,913.9,19,,,
31064,2026-07-29 11:07:48.490068+00,64440.45,-852954.2887671023,-822460.9,11767634092.3474,0.00008278,49882156.543109976,0.0,80.4,BEKLE,false,0.0,0.0,1.4624,120.587,59920492.42981004,724.613,0.0,80.4,"[{""usdt"": 12195330.0, ""borsa"": 3, ""fiyat"": 64450.0, ""kaynak"": ""BNB+BYB+OKX""}, {""usdt"": 11773313.0, ""borsa"": 1, ""fiyat"": 64375.0, ""kaynak"": ""BNB""}, {""usdt"": 8042054.0, ""borsa"": 1, ""fiyat"": 64350.0, ""kaynak"": ""BNB""}]","[{""usdt"": 25399413.0, ""borsa"": 3, ""fiyat"": 64475.0, ""kaynak"": ""BNB+BYB+OKX""}, {""usdt"": 10367301.0, ""borsa"": 1, ""fiyat"": 64550.0, ""kaynak"": ""BNB""}, {""usdt"": 8895664.0, ""borsa"": 2, ""fiyat"": 64500.0, ""kaynak"": ""BNB+BYB""}]",YOK,0.0041,-0.0914,0.2799,0.0247,false,0,false,,0,0,3,0,0,3,31.3,32.4,IZLE,,25,64433.4,,,,,SEVIYE,70,204.0,21,,,,,,,,,0,,19,914.9,19,,,
31065,2026-07-29 11:08:48.731876+00,64456.350000000006,-1061749.3639605027,-786286.1950000002,11769898502.7964,0.00008278,48293025.49916998,0.0,80.6,BEKLE,false,0.0,0.0,1.4624,60.195,56010338.27050997,784.808,0.0,80.6,"[{""usdt"": 11283320.0, ""borsa"": 3, ""fiyat"": 64450.0, ""kaynak"": ""BNB+BYB+OKX""}, {""usdt"": 10747914.0, ""borsa"": 1, ""fiyat"": 64350.0, ""kaynak"": ""BNB""}, {""usdt"": 10146385.0, ""borsa"": 1, ""fiyat"": 64400.0, ""kaynak"": ""BNB""}]","[{""usdt"": 19478305.0, ""borsa"": 3, ""fiyat"": 64475.0, ""kaynak"": ""BNB+BYB+OKX""}, {""usdt"": 9521103.0, ""borsa"": 1, ""fiyat"": 64575.0, ""kaynak"": ""BNB""}, {""usdt"": 9098673.0, ""borsa"": 2, ""fiyat"": 64500.0, ""kaynak"": ""BNB+BYB""}]",YOK,0.0266,-0.074,0.3033,0.0988,false,0,false,,0,0,3,0,1,3,27.6,28.7,IZLE,,25,64433.4,,,,,SEVIYE,70,205.0,21,,,,,,,,,0,,19,915.9,19,,,
31066,2026-07-29 11:09:49.009734+00,64469.75,-1272217.362942903,-785421.6130000001,11767463022.7406,0.00008278,53073944.646039985,0.0,59.9,BEKLE,false,0.0,0.0,1.4624,60.271,45731736.626689985,845.079,0.0,59.9,"[{""usdt"": 12842036.0, ""borsa"": 3, ""fiyat"": 64450.0, ""kaynak"": ""BNB+BYB+OKX""}, {""usdt"": 10696921.0, ""borsa"": 1, ""fiyat"": 64350.0, ""kaynak"": ""BNB""}, {""usdt"": 9557127.0, ""borsa"": 1, ""fiyat"": 64375.0, ""kaynak"": ""BNB""}]","[{""usdt"": 11160038.0, ""borsa"": 3, ""fiyat"": 64500.0, ""kaynak"": ""BNB+BYB+OKX""}, {""usdt"": 11071244.0, ""borsa"": 3, ""fiyat"": 64475.0, ""kaynak"": ""BNB+BYB+OKX""}, {""usdt"": 9338380.0, ""borsa"": 1, ""fiyat"": 64550.0, ""kaynak"": ""BNB""}]",YOK,0.0946,0.0743,0.2725,0.2517,false,0,false,,1,0,3,1,0,3,24,25.1,IZLE,,25,64494.6,,,,,SEVIYE,50,146.0,15,,,,,,,,,0,,19,916.9,19,,,
31067,2026-07-29 11:10:49.339425+00,64471.95,-806738.9929155001,-437583.736,11768026078.9998,0.00008278,52288360.93765001,0.0,35.4,BEKLE,true,0.0,0.0,1.4624,120.551,47576709.16761,905.359,35.4,0.0,"[{""usdt"": 13220230.0, ""borsa"": 3, ""fiyat"": 64450.0, ""kaynak"": ""BNB+BYB+OKX""}, {""usdt"": 10681219.0, ""borsa"": 1, ""fiyat"": 64400.0, ""kaynak"": ""BNB""}, {""usdt"": 8413288.0, ""borsa"": 3, ""fiyat"": 64475.0, ""kaynak"": ""BNB+BYB+OKX""}]","[{""usdt"": 15151810.0, ""borsa"": 3, ""fiyat"": 64500.0, ""kaynak"": ""BNB+BYB+OKX""}, {""usdt"": 9373656.0, ""borsa"": 1, ""fiyat"": 64575.0, ""kaynak"": ""BNB""}, {""usdt"": 8172803.0, ""borsa"": 1, ""fiyat"": 64550.0, ""kaynak"": ""BNB""}]",YOK,0.0527,0.0472,0.1286,1.9327,false,0,false,,0,0,3,1,0,3,20.5,21.5,IZLE,,25,64494.6,,,,,SEVIYE,50,147.0,15,,,,,,,,,0,,19,917.9,19,,,
31068,2026-07-29 11:11:49.673992+00,64462.850000000006,-936565.4896623002,-11434.632000000001,11767308031.6341,0.00008278,50762515.09554003,0.0,45.0,BEKLE,false,0.0,0.0,1.4606,180.862,47608959.4866,965.67,0.0,45.0,"[{""usdt"": 12860477.0, ""borsa"": 3, ""fiyat"": 64450.0, ""kaynak"": ""BNB+BYB+OKX""}, {""usdt"": 11677520.0, ""borsa"": 1, ""fiyat"": 64400.0, ""kaynak"": ""BNB""}, {""usdt"": 8055321.0, ""borsa"": 1, ""fiyat"": 64375.0, ""kaynak"": ""BNB""}]","[{""usdt"": 12617288.0, ""borsa"": 3, ""fiyat"": 64500.0, ""kaynak"": ""BNB+BYB+OKX""}, {""usdt"": 9543870.0, ""borsa"": 3, ""fiyat"": 64475.0, ""kaynak"": ""BNB+BYB+OKX""}, {""usdt"": 9292555.0, ""borsa"": 1, ""fiyat"": 64575.0, ""kaynak"": ""BNB""}]",YOK,0.054,0.0321,0.0543,2.6949,false,0,false,,0,0,3,0,0,3,16.9,18,IZLE,,25,64433.4,,,,,SEVIYE,70,208.0,21,,,,,,,,,0,,19,919.0,19,,,
31069,2026-07-29 11:12:50.028583+00,64476.95,-521179.21830459934,-12593.159000000005,11768236426.1652,0.00008278,50022957.09203002,0.0,40.0,BEKLE,false,0.0,0.0,1.4606,241.261,48407565.295279965,1026.069,0.0,40.0,"[{""usdt"": 12565041.0, ""borsa"": 3, ""fiyat"": 64450.0, ""kaynak"": ""BNB+BYB+OKX""}, {""usdt"": 10424803.0, ""borsa"": 1, ""fiyat"": 64400.0, ""kaynak"": ""BNB""}, {""usdt"": 8365506.0, ""borsa"": 1, ""fiyat"": 64375.0, ""kaynak"": ""BNB""}]","[{""usdt"": 14127303.0, ""borsa"": 3, ""fiyat"": 64500.0, ""kaynak"": ""BNB+BYB+OKX""}, {""usdt"": 9694864.0, ""borsa"": 1, ""fiyat"": 64575.0, ""kaynak"": ""BNB""}, {""usdt"": 9025004.0, ""borsa"": 1, ""fiyat"": 64525.0, ""kaynak"": ""BNB""}]",YOK,0.034,0.0164,0.2215,1.4632,false,0,false,,0,0,3,2,0,3,13.5,14.6,IZLE,,25,64494.6,,,,,SEVIYE,50,149.0,15,,,,,,,,,0,,19,920.0,19,,,
31070,2026-07-29 11:13:50.347706+00,64497.350000000006,-418774.763784999,119814.38000000003,11768798630.403599,0.00008278,47262439.712999985,0.0,52.2,BEKLE,true,0.0,0.0,1.4606,0,56088232.28094001,1086.406,0.0,52.2,"[{""usdt"": 11708038.0, ""borsa"": 3, ""fiyat"": 64475.0, ""kaynak"": ""BNB+BYB+OKX""}, {""usdt"": 9512361.0, ""borsa"": 1, ""fiyat"": 64425.0, ""kaynak"": ""BNB""}, {""usdt"": 8226057.0, ""borsa"": 3, ""fiyat"": 64500.0, ""kaynak"": ""BNB+BYB+OKX""}]","[{""usdt"": 20084319.0, ""borsa"": 3, ""fiyat"": 64525.0, ""kaynak"": ""BNB+BYB+OKX""}, {""usdt"": 10523696.0, ""borsa"": 1, ""fiyat"": 64575.0, ""kaynak"": ""BNB""}, {""usdt"": 7956893.0, ""borsa"": 1, ""fiyat"": 64600.0, ""kaynak"": ""BNB""}]",YOK,0.1277,-0.0854,0.3301,1.2637,false,,false,8.9256,1,0,3,0,0,3,9.9,11,IZLE,,25,64494.6,,,,,SEVIYE,50,150.0,15,,,,,,,,,0,,19,921.0,19,,,
31071,2026-07-29 11:14:50.673231+00,64494.149999999994,-355233.126168398,506060.06600000005,11769759403.5283,0.00008278,48741585.93403998,0.0,68.4,BEKLE,true,0.0,0.0,1.4606,60.332,56732439.355920024,1146.738,0.0,68.4,"[{""usdt"": 11563844.0, ""borsa"": 3, ""fiyat"": 64475.0, ""kaynak"": ""BNB+BYB+OKX""}, {""usdt"": 11091300.0, ""borsa"": 1, ""fiyat"": 64425.0, ""kaynak"": ""BNB""}, {""usdt"": 6981917.0, ""borsa"": 1, ""fiyat"": 64450.0, ""kaynak"": ""BNB""}]","[{""usdt"": 19915125.0, ""borsa"": 3, ""fiyat"": 64525.0, ""kaynak"": ""BNB+BYB+OKX""}, {""usdt"": 8806579.0, ""borsa"": 1, ""fiyat"": 64600.0, ""kaynak"": ""BNB""}, {""usdt"": 8287094.0, ""borsa"": 1, ""fiyat"": 64575.0, ""kaynak"": ""BNB""}]",YOK,0.0481,-0.0758,0.3216,0.512,false,0,false,9.948,0,0,3,0,0,3,6.4,7.5,IZLE,,25,64494.6,,,,,SEVIYE,50,151.0,16,,,,,,,,,0,,21,1042.1,21,,,
31072,2026-07-29 11:15:50.997982+00,64520.55,628943.1577666026,1130296.599,11771724086.9135,0.00008278,47081666.64538999,0.0,45.8,BEKLE,true,0.0,0.0,1.4606,0,54025401.70954001,60.315,0.0,45.8,"[{""usdt"": 13439975.0, ""borsa"": 3, ""fiyat"": 64500.0, ""kaynak"": ""BNB+BYB+OKX""}, {""usdt"": 9391228.0, ""borsa"": 1, ""fiyat"": 64450.0, ""kaynak"": ""BNB""}, {""usdt"": 8580381.0, ""borsa"": 1, ""fiyat"": 64425.0, ""kaynak"": ""BNB""}]","[{""usdt"": 14199869.0, ""borsa"": 3, ""fiyat"": 64550.0, ""kaynak"": ""BNB+BYB+OKX""}, {""usdt"": 10815363.0, ""borsa"": 3, ""fiyat"": 64525.0, ""kaynak"": ""BNB+BYB+OKX""}, {""usdt"": 10730783.0, ""borsa"": 1, ""fiyat"": 64625.0, ""kaynak"": ""BNB""}]",YOK,0.1142,-0.0687,0.3794,0.7684,false,,false,5.0036,1,0,3,1,0,3,2.9,4,IZLE,,25,64494.6,,,,,SEVIYE,50,152.0,16,,,,,,,,,0,,21,1043.1,21,,,
31073,2026-07-29 11:16:51.939186+00,64495.95,306881.854464003,1330527.819,11769294272.8362,0.00008278,51232036.02868999,0.0,47.4,BEKLE,true,0.0,0.0,1.4606,61.011,49396977.76364002,121.326,0.0,47.4,"[{""usdt"": 10394686.0, ""borsa"": 1, ""fiyat"": 64425.0, ""kaynak"": ""BNB""}, {""usdt"": 8192742.0, ""borsa"": 3, ""fiyat"": 64500.0, ""kaynak"": ""BNB+BYB+OKX""}, {""usdt"": 7657664.0, ""borsa"": 1, ""fiyat"": 64450.0, ""kaynak"": ""BNB""}]","[{""usdt"": 12519493.0, ""borsa"": 3, ""fiyat"": 64550.0, ""kaynak"": ""BNB+BYB+OKX""}, {""usdt"": 11614808.0, ""borsa"": 1, ""fiyat"": 64600.0, ""kaynak"": ""BNB""}, {""usdt"": 9736711.0, ""borsa"": 3, ""fiyat"": 64525.0, ""kaynak"": ""BNB+BYB+OKX""}]",YOK,0.1142,0.0182,0.3822,0.6088,false,,false,5.9954,1,0,3,1,0,3,63.9,62.4,IZLE,,25,64494.6,,,,,SEVIYE,50,153.0,16,,,,,,,,,0,,21,1044.1,21,,,
31074,2026-07-29 11:17:52.21494+00,64481.45,38315.45261040282,1125600.5890000002,11767069772.3246,0.00008278,50345315.06258998,0.0,47.0,BEKLE,,0.0,0.0,1.4606,121.209,49372472.81038002,181.524,0.0,47.0,"[{""usdt"": 13463123.0, ""borsa"": 3, ""fiyat"": 64475.0, ""kaynak"": ""BNB+BYB+OKX""}, {""usdt"": 10394686.0, ""borsa"": 1, ""fiyat"": 64425.0, ""kaynak"": ""BNB""}, {""usdt"": 7657664.0, ""borsa"": 1, ""fiyat"": 64450.0, ""kaynak"": ""BNB""}]","[{""usdt"": 13129864.0, ""borsa"": 3, ""fiyat"": 64525.0, ""kaynak"": ""BNB+BYB+OKX""}, {""usdt"": 11614808.0, ""borsa"": 1, ""fiyat"": 64600.0, ""kaynak"": ""BNB""}, {""usdt"": 7735842.0, ""borsa"": 1, ""fiyat"": 64575.0, ""kaynak"": ""BNB""}]",YOK,0.0021,0.0098,0.2471,0.1189,false,,false,6.047,0,0,3,1,0,3,60,61.2,IZLE,,25,64494.6,,,,,SEVIYE,50,154.0,16,,,,,,,,,0,,21,1045.2,21,,,
31075,2026-07-29 11:18:52.535705+00,64478.649999999994,371793.99981180305,1186037.492,11766779540.608501,0.00008278,52227602.50064993,0.0,53.3,BEKLE,true,0.0,0.0,1.4612,120.527,50709818.77540996,241.853,0.0,53.3,"[{""usdt"": 14180144.0, ""borsa"": 3, ""fiyat"": 64475.0, ""kaynak"": ""BNB+BYB+OKX""}, {""usdt"": 11134180.0, ""borsa"": 1, ""fiyat"": 64425.0, ""kaynak"": ""BNB""}, {""usdt"": 10366855.0, ""borsa"": 1, ""fiyat"": 64375.0, ""kaynak"": ""BNB""}]","[{""usdt"": 15609690.0, ""borsa"": 3, ""fiyat"": 64500.0, ""kaynak"": ""BNB+BYB+OKX""}, {""usdt"": 10530145.0, ""borsa"": 3, ""fiyat"": 64525.0, ""kaynak"": ""BNB+BYB+OKX""}, {""usdt"": 10136997.0, ""borsa"": 1, ""fiyat"": 64575.0, ""kaynak"": ""BNB""}]",YOK,0.0694,0.0147,0.3311,0.4684,false,,false,7.7116,0,0,3,0,0,3,56.2,57.3,IZLE,,25,64494.6,,,,,SEVIYE,50,155.0,16,,,,,,,,,0,,21,1046.2,21,,,
31076,2026-07-29 11:19:52.789241+00,64449.05,-447905.86876669695,623111.127,11764864573.249,0.00008278,48603799.742570035,0.0,19.0,BEKLE,true,0.0,0.0,1.4612,180.818,48620200.64742002,302.144,0.0,19.0,"[{""usdt"": 10858736.0, ""borsa"": 3, ""fiyat"": 64475.0, ""kaynak"": ""BNB+BYB+OKX""}, {""usdt"": 10823434.0, ""borsa"": 3, ""fiyat"": 64450.0, ""kaynak"": ""BNB+BYB+OKX""}, {""usdt"": 9411902.0, ""borsa"": 1, ""fiyat"": 64400.0, ""kaynak"": ""BNB""}]","[{""usdt"": 14695192.0, ""borsa"": 3, ""fiyat"": 64500.0, ""kaynak"": ""BNB+BYB+OKX""}, {""usdt"": 10792999.0, ""borsa"": 1, ""fiyat"": 64575.0, ""kaynak"": ""BNB""}, {""usdt"": 9428972.0, ""borsa"": 1, ""fiyat"": 64550.0, ""kaynak"": ""BNB""}]",YOK,0.0635,-0.0002,,,false,,false,,1,0,3,0,0,3,52.2,53.7,IZLE,,25,64440.3,,,,,SEVIYE,70,216.1,22,,,,,,,,,0,,21,1047.2,21,,,
31077,2026-07-29 11:20:53.048177+00,64505.55,159338.2281669041,1716882.8849999998,11771117462.366299,0.00008278,52771089.28966997,0.0,33.6,BEKLE,true,0.0,0.0,1.4612,0,47463808.58016002,120.526,0.0,33.6,"[{""usdt"": 14020435.0, ""borsa"": 3, ""fiyat"": 64450.0, ""kaynak"": ""BNB+BYB+OKX""}, {""usdt"": 11261868.0, ""borsa"": 1, ""fiyat"": 64350.0, ""kaynak"": ""BNB""}, {""usdt"": 10530467.0, ""borsa"": 1, ""fiyat"": 64400.0, ""kaynak"": ""BNB""}]","[{""usdt"": 12151380.0, ""borsa"": 3, ""fiyat"": 64500.0, ""kaynak"": ""BNB+BYB+OKX""}, {""usdt"": 9618718.0, ""borsa"": 3, ""fiyat"": 64475.0, ""kaynak"": ""BNB+BYB+OKX""}, {""usdt"": 9332901.0, ""borsa"": 1, ""fiyat"": 64550.0, ""kaynak"": ""BNB""}]",YOK,0.098,0.0529,0.3483,0.6651,false,,false,2.8278,2,1,3,1,0,3,48.5,49.6,IZLE,,25,64494.6,,,,,SEVIYE,50,157.0,16,,,,,,,,,0,,21,1048.2,21,,,
31078,2026-07-29 11:21:53.460535+00,64548.05,568067.3926906041,1775413.6809999999,11778718419.7524,0.00008278,49989610.67971003,0.0,29.1,BEKLE,true,0.0,0.0,1.4606,0,49310234.16780998,180.886,0.0,29.1,"[{""usdt"": 13869502.0, ""borsa"": 3, ""fiyat"": 64525.0, ""kaynak"": ""BNB+BYB+OKX""}, {""usdt"": 9123205.0, ""borsa"": 1, ""fiyat"": 64475.0, ""kaynak"": ""BNB""}, {""usdt"": 6856600.0, ""borsa"": 1, ""fiyat"": 64500.0, ""kaynak"": ""BNB""}]","[{""usdt"": 12247536.0, ""borsa"": 3, ""fiyat"": 64550.0, ""kaynak"": ""BNB+BYB+OKX""}, {""usdt"": 11505258.0, ""borsa"": 3, ""fiyat"": 64575.0, ""kaynak"": ""BNB+BYB+OKX""}, {""usdt"": 10032849.0, ""borsa"": 1, ""fiyat"": 64650.0, ""kaynak"": ""BNB""}]",SPOT,0.1559,0.0068,0.2816,3.3593,true,0,false,,2,0,3,1,0,3,45,46.1,IZLE,,25,64562.6,,,,,SEVIYE,90,198.1,20,,,,,,,,,0,,21,1049.2,21,,,
31079,2026-07-29 11:22:53.856386+00,64492.05,212152.44596810444,1709286.7469999997,11775094647.0933,0.00008278,48966577.88551,17362.174600000002,35.4,BEKLE,true,0.0,17362.174600000002,1.4606,60.442,52677662.570119984,241.328,0.0,35.4,"[{""usdt"": 15033409.0, ""borsa"": 3, ""fiyat"": 64550.0, ""kaynak"": ""BNB+BYB+OKX""}, {""usdt"": 8346096.0, ""borsa"": 1, ""fiyat"": 64475.0, ""kaynak"": ""BNB""}, {""usdt"": 8089545.0, ""borsa"": 1, ""fiyat"": 64450.0, ""kaynak"": ""BNB""}]","[{""usdt"": 13871362.0, ""borsa"": 3, ""fiyat"": 64575.0, ""kaynak"": ""BNB+BYB+OKX""}, {""usdt"": 11215922.0, ""borsa"": 3, ""fiyat"": 64600.0, ""kaynak"": ""BNB+BYB+OKX""}, {""usdt"": 10736976.0, ""borsa"": 1, ""fiyat"": 64650.0, ""kaynak"": ""BNB""}]",SPOT,0.1876,-0.0365,0.1659,0.605,false,0,false,,2,0,3,1,0,3,41.4,42.5,IZLE,,25,64494.6,,,,,SEVIYE,50,159.0,16,,,,,,,1785324120,1,0,,21,1050.2,21,,,
31080,2026-07-29 11:23:54.151838+00,64502.75,152585.3560332036,1802116.4119999998,11767129237.4441,0.00008278,48525020.72258,17349.5854,34.9,BEKLE,true,0.0,17349.5854,1.4606,0,47739192.49925002,120.754,0.0,34.9,"[{""usdt"": 13749620.0, ""borsa"": 3, ""fiyat"": 64500.0, ""kaynak"": ""BNB+BYB+OKX""}, {""usdt"": 9142103.0, ""borsa"": 1, ""fiyat"": 64450.0, ""kaynak"": ""BNB""}, {""usdt"": 8541905.0, ""borsa"": 1, ""fiyat"": 64425.0, ""kaynak"": ""BNB""}]","[{""usdt"": 13173173.0, ""borsa"": 3, ""fiyat"": 64525.0, ""kaynak"": ""BNB+BYB+OKX""}, {""usdt"": 9948351.0, ""borsa"": 1, ""fiyat"": 64575.0, ""kaynak"": ""BNB""}, {""usdt"": 8895246.0, ""borsa"": 2, ""fiyat"": 64550.0, ""kaynak"": ""BNB+BYB""}]",YOK,0.1248,0.0082,0.192,1.2625,true,0,false,,1,0,3,1,0,3,37.9,39,IZLE,,25,64494.6,,,,,SEVIYE,50,160.0,16,,,,,,,1785324120,1,0,,21,1051.2,21,,,
31081,2026-07-29 11:24:54.488971+00,64497.649999999994,66517.63552970492,1804970.9689999998,11766182676.9373,0.00008278,45688666.65834999,17349.5854,49.4,BEKLE,true,0.0,17349.5854,1.4606,60.291,51716009.21410995,181.045,0.0,49.4,"[{""usdt"": 10107583.0, ""borsa"": 3, ""fiyat"": 64475.0, ""kaynak"": ""BNB+BYB+OKX""}, {""usdt"": 8618249.0, ""borsa"": 1, ""fiyat"": 64450.0, ""kaynak"": ""BNB""}, {""usdt"": 8355205.0, ""borsa"": 3, ""fiyat"": 64500.0, ""kaynak"": ""BNB+BYB+OKX""}]","[{""usdt"": 16217951.0, ""borsa"": 3, ""fiyat"": 64525.0, ""kaynak"": ""BNB+BYB+OKX""}, {""usdt"": 10402098.0, ""borsa"": 1, ""fiyat"": 64600.0, ""kaynak"": ""BNB""}, {""usdt"": 8710596.0, ""borsa"": 1, ""fiyat"": 64575.0, ""kaynak"": ""BNB""}]",YOK,0.0634,-0.0619,0.225,1.274,true,0,false,,0,0,3,0,0,3,34.3,35.4,IZLE,,25,64494.6,,,,,SEVIYE,50,161.0,17,,,,,,,1785324120,1,1,,20,1052.2,20,,,
31082,2026-07-29 11:25:54.85961+00,64477.05,-691281.5559877972,-368068.54999999993,11761819985.796,0.00008278,51308020.865460016,17349.5854,69.8,BEKLE,,0.0,17349.5854,1.4606,120.59,51654824.626829974,120.59,69.8,0.0,"[{""usdt"": 14656786.0, ""borsa"": 3, ""fiyat"": 64475.0, ""kaynak"": ""BNB+BYB+OKX""}, {""usdt"": 10524826.0, ""borsa"": 1, ""fiyat"": 64425.0, ""kaynak"": ""BNB""}, {""usdt"": 10245492.0, ""borsa"": 2, ""fiyat"": 64450.0, ""kaynak"": ""BNB+BYB""}]","[{""usdt"": 14351862.0, ""borsa"": 3, ""fiyat"": 64500.0, ""kaynak"": ""BNB+BYB+OKX""}, {""usdt"": 11439537.0, ""borsa"": 1, ""fiyat"": 64575.0, ""kaynak"": ""BNB""}, {""usdt"": 8623475.0, ""borsa"": 3, ""fiyat"": 64525.0, ""kaynak"": ""BNB+BYB+OKX""}]",YOK,0.0289,-0.0034,0.2139,0.4292,false,0.082,false,,0,0,3,1,1,3,30.7,31.7,IZLE,,25,64494.6,,,,,SEVIYE,50,162.1,17,,,,,,,1785324120,1,2,,20,1053.2,20,,,
31083,2026-07-29 11:26:56.318106+00,64489.95,-507117.3579757979,-334933.40699999995,11762432364.207,0.00008278,50217300.3996,17349.5854,76.7,BEKLE,false,0.0,17349.5854,1.4606,182.131,48832919.58788002,182.131,76.7,0.0,"[{""usdt"": 14241753.0, ""borsa"": 3, ""fiyat"": 64475.0, ""kaynak"": ""BNB+BYB+OKX""}, {""usdt"": 10999395.0, ""borsa"": 1, ""fiyat"": 64425.0, ""kaynak"": ""BNB""}, {""usdt"": 7626908.0, ""borsa"": 1, ""fiyat"": 64375.0, ""kaynak"": ""BNB""}]","[{""usdt"": 11812133.0, ""borsa"": 3, ""fiyat"": 64500.0, ""kaynak"": ""BNB+BYB+OKX""}, {""usdt"": 11394064.0, ""borsa"": 1, ""fiyat"": 64575.0, ""kaynak"": ""BNB""}, {""usdt"": 10450584.0, ""borsa"": 3, ""fiyat"": 64525.0, ""kaynak"": ""BNB+BYB+OKX""}]",YOK,0.0885,0.014,0.2536,0.8201,false,0.1035,false,,1,0,3,2,0,3,28.3,29.4,IZLE,,25,64494.6,,,,,SEVIYE,50,163.1,17,,,,,,,1785324120,1,3,,20,1054.2,20,,,
31084,2026-07-29 11:27:56.670069+00,64505.45,1050262.6607532024,-171206.67400000003,11765232435.0445,0.00008278,52586463.20774998,0.0,69.0,BEKLE,false,0.0,0.0,1.4606,242.455,51078013.470310025,242.455,69.0,0.0,"[{""usdt"": 11240632.0, ""borsa"": 3, ""fiyat"": 64500.0, ""kaynak"": ""BNB+BYB+OKX""}, {""usdt"": 10685828.0, ""borsa"": 3, ""fiyat"": 64475.0, ""kaynak"": ""BNB+BYB+OKX""}, {""usdt"": 9205276.0, ""borsa"": 1, ""fiyat"": 64425.0, ""kaynak"": ""BNB""}]","[{""usdt"": 15152233.0, ""borsa"": 3, ""fiyat"": 64525.0, ""kaynak"": ""BNB+BYB+OKX""}, {""usdt"": 9839931.0, ""borsa"": 1, ""fiyat"": 64600.0, ""kaynak"": ""BNB""}, {""usdt"": 9579681.0, ""borsa"": 1, ""fiyat"": 64575.0, ""kaynak"": ""BNB""}]",YOK,0.073,0.0146,0.2292,0.2194,false,0.035,false,,0,0,3,2,0,3,24.8,25.9,IZLE,,25,64494.6,,,,,SEVIYE,50,164.1,17,,,,,,,,,0,,20,1055.2,20,,,
31085,2026-07-29 11:28:57.070722+00,64493.05,862749.1401209029,-1394698.226,11763950008.7891,0.00008278,49269112.18878998,0.0,66.8,BEKLE,false,0.0,0.0,1.4606,302.788,54062297.41464999,302.788,66.8,0.0,"[{""usdt"": 14962538.0, ""borsa"": 3, ""fiyat"": 64475.0, ""kaynak"": ""BNB+BYB+OKX""}, {""usdt"": 10865271.0, ""borsa"": 1, ""fiyat"": 64425.0, ""kaynak"": ""BNB""}, {""usdt"": 8040994.0, ""borsa"": 1, ""fiyat"": 64400.0, ""kaynak"": ""BNB""}]","[{""usdt"": 13674136.0, ""borsa"": 3, ""fiyat"": 64525.0, ""kaynak"": ""BNB+BYB+OKX""}, {""usdt"": 10772175.0, ""borsa"": 3, ""fiyat"": 64500.0, ""kaynak"": ""BNB+BYB+OKX""}, {""usdt"": 9488092.0, ""borsa"": 1, ""fiyat"": 64575.0, ""kaynak"": ""BNB""}]",YOK,0.0337,-0.0464,0.1291,0.1056,false,0.2386,false,,0,0,3,1,0,3,21.3,22.4,IZLE,,25,64494.6,,,,,SEVIYE,50,165.1,17,,,,,,,,,0,,20,1056.2,20,,,
31086,2026-07-29 11:29:57.374296+00,64467.25,849736.8401912015,-1404927.7020000005,11760149779.895,0.00008278,47374002.70608997,0.0,61.9,BEKLE,false,0.0,0.0,1.4606,363.236,50222908.28620999,363.236,61.9,0.0,"[{""usdt"": 11675380.0, ""borsa"": 3, ""fiyat"": 64450.0, ""kaynak"": ""BNB+BYB+OKX""}, {""usdt"": 11205762.0, ""borsa"": 3, ""fiyat"": 64475.0, ""kaynak"": ""BNB+BYB+OKX""}, {""usdt"": 9691718.0, ""borsa"": 1, ""fiyat"": 64425.0, ""kaynak"": ""BNB""}]","[{""usdt"": 13624785.0, ""borsa"": 3, ""fiyat"": 64500.0, ""kaynak"": ""BNB+BYB+OKX""}, {""usdt"": 11082059.0, ""borsa"": 1, ""fiyat"": 64575.0, ""kaynak"": ""BNB""}, {""usdt"": 8184719.0, ""borsa"": 1, ""fiyat"": 64525.0, ""kaynak"": ""BNB""}]",YOK,0.0421,-0.0292,0.14,0.3254,false,0.3427,false,,1,0,3,1,1,3,17.9,19,IZLE,,25,64494.6,,,,,SEVIYE,50,166.1,17,,,,,,,,,0,,20,1057.2,20,,,
31087,2026-07-29 11:30:57.755092+00,64448.25,1521579.9510711993,-1337780.1369999999,11756225039.618599,0.00008278,56100042.56747999,0.0,40.9,BEKLE,false,0.0,0.0,1.4606,120.743,52676366.95308999,120.743,40.9,0.0,"[{""usdt"": 12034500.0, ""borsa"": 3, ""fiyat"": 64425.0, ""kaynak"": ""BNB+BYB+OKX""}, {""usdt"": 10960318.0, ""borsa"": 1, ""fiyat"": 64375.0, ""kaynak"": ""BNB""}, {""usdt"": 8700390.0, ""borsa"": 1, ""fiyat"": 64400.0, ""kaynak"": ""BNB""}]","[{""usdt"": 16756828.0, ""borsa"": 3, ""fiyat"": 64475.0, ""kaynak"": ""BNB+BYB+OKX""}, {""usdt"": 11195722.0, ""borsa"": 1, ""fiyat"": 64525.0, ""kaynak"": ""BNB""}, {""usdt"": 9033036.0, ""borsa"": 1, ""fiyat"": 64550.0, ""kaynak"": ""BNB""}]",YOK,0.0961,0.0315,0.6035,0.4705,false,0.38,false,,1,0,3,1,0,3,14.3,15.4,IZLE,,25,64433.9,,,,,SEVIYE,70,227.2,23,PCT,0.76,0.0,1.7935897136711887,false,0.057,,,0,,20,1058.3,20,,,
31088,2026-07-29 11:31:58.585321+00,64468.95,1816641.4131868996,-1194687.4079999998,11759289080.1303,0.00008278,49894826.16251001,0.0,30.3,BEKLE,false,0.0,0.0,1.4606,60.928,52501819.03300002,181.671,30.3,0.0,"[{""usdt"": 15267995.0, ""borsa"": 3, ""fiyat"": 64450.0, ""kaynak"": ""BNB+BYB+OKX""}, {""usdt"": 9616886.0, ""borsa"": 1, ""fiyat"": 64400.0, ""kaynak"": ""BNB""}, {""usdt"": 8821171.0, ""borsa"": 1, ""fiyat"": 64425.0, ""kaynak"": ""BNB""}]","[{""usdt"": 14481932.0, ""borsa"": 3, ""fiyat"": 64500.0, ""kaynak"": ""BNB+BYB+OKX""}, {""usdt"": 11469426.0, ""borsa"": 3, ""fiyat"": 64475.0, ""kaynak"": ""BNB+BYB+OKX""}, {""usdt"": 11247817.0, ""borsa"": 1, ""fiyat"": 64550.0, ""kaynak"": ""BNB""}]",YOK,0.0889,-0.0255,0.6432,0.3481,false,0.3945,false,,1,0,3,1,0,3,11.4,12.5,IZLE,,25,64494.6,,,,,SEVIYE,50,168.1,17,,,,,,,,,0,,20,1059.3,20,,,
31089,2026-07-29 11:32:58.954064+00,64415.350000000006,840240.346104701,-1229680.459,11751484717.2886,0.00008278,50940965.272279985,0.0,36.9,BEKLE,true,0.0,0.0,1.4588,60.31,47473794.10034997,241.981,36.9,0.0,"[{""usdt"": 12542871.0, ""borsa"": 3, ""fiyat"": 64400.0, ""kaynak"": ""BNB+BYB+OKX""}, {""usdt"": 10952439.0, ""borsa"": 1, ""fiyat"": 64325.0, ""kaynak"": ""BNB""}, {""usdt"": 9985758.0, ""borsa"": 1, ""fiyat"": 64350.0, ""kaynak"": ""BNB""}]","[{""usdt"": 12869573.0, ""borsa"": 3, ""fiyat"": 64450.0, ""kaynak"": ""BNB+BYB+OKX""}, {""usdt"": 10186139.0, ""borsa"": 3, ""fiyat"": 64425.0, ""kaynak"": ""BNB+BYB+OKX""}, {""usdt"": 9066601.0, ""borsa"": 1, ""fiyat"": 64525.0, ""kaynak"": ""BNB""}]",YOK,-0.0514,0.0352,0.1169,3.0024,false,0.432,false,,0,1,3,0,1,3,7.9,8.9,IZLE,,25,64433.9,,,,,SEVIYE,70,229.2,23,,,,,,,,,0,,20,1060.3,20,,,
31090,2026-07-29 11:33:59.231298+00,64418.649999999994,803494.7015365041,-1263083.0620000002,11752018468.481602,0.00008278,51778210.27169001,0.0,22.8,BEKLE,false,0.0,0.0,1.4588,60.3,48796985.35859998,302.281,0.0,22.8,"[{""usdt"": 15254329.0, ""borsa"": 3, ""fiyat"": 64400.0, ""kaynak"": ""BNB+BYB+OKX""}, {""usdt"": 8330676.0, ""borsa"": 1, ""fiyat"": 64325.0, ""kaynak"": ""BNB""}, {""usdt"": 7816998.0, ""borsa"": 1, ""fiyat"": 64350.0, ""kaynak"": ""BNB""}]","[{""usdt"": 17431722.0, ""borsa"": 3, ""fiyat"": 64450.0, ""kaynak"": ""BNB+BYB+OKX""}, {""usdt"": 9029762.0, ""borsa"": 1, ""fiyat"": 64500.0, ""kaynak"": ""BNB""}, {""usdt"": 8030780.0, ""borsa"": 1, ""fiyat"": 64525.0, ""kaynak"": ""BNB""}]",YOK,0.0177,0.0296,,,false,0.3433,false,,0,1,3,0,0,3,4.3,5.4,IZLE,,25,64433.9,,,,,SEVIYE,70,230.2,23,,,,,,,,,0,,20,1061.3,20,,,
31091,2026-07-29 11:34:59.458388+00,64407.25,677619.2664196052,-1289753.2510000002,11749325205.9216,0.00008278,52473252.61709005,0.0,20.2,BEKLE,false,0.0,0.0,1.4588,120.579,50944255.22270001,362.56,0.0,20.2,"[{""usdt"": 11205203.0, ""borsa"": 3, ""fiyat"": 64400.0, ""kaynak"": ""BNB+BYB+OKX""}, {""usdt"": 10046141.0, ""borsa"": 1, ""fiyat"": 64300.0, ""kaynak"": ""BNB""}, {""usdt"": 9777348.0, ""borsa"": 1, ""fiyat"": 64325.0, ""kaynak"": ""BNB""}]","[{""usdt"": 17166516.0, ""borsa"": 3, ""fiyat"": 64450.0, ""kaynak"": ""BNB+BYB+OKX""}, {""usdt"": 9665578.0, ""borsa"": 1, ""fiyat"": 64500.0, ""kaynak"": ""BNB""}, {""usdt"": 9316614.0, ""borsa"": 3, ""fiyat"": 64425.0, ""kaynak"": ""BNB+BYB+OKX""}]",YOK,-0.0122,0.0148,,,false,0.5041,false,,0,1,3,0,0,3,63.6,63.1,IZLE,,25,64440.3,,,,,SEVIYE,70,231.2,24,,,,,,,,,0,,21,1062.3,21,,,
31092,2026-07-29 11:35:59.678295+00,64391.95,677619.2664196052,-1289753.2510000002,11749325205.9216,0.00008278,49394839.03316005,0.0,14.6,BEKLE,false,0.0,0.0,1.4588,180.768,51323392.68852001,422.749,0.0,14.6,"[{""usdt"": 11881314.0, ""borsa"": 3, ""fiyat"": 64375.0, ""kaynak"": ""BNB+BYB+OKX""}, {""usdt"": 10046141.0, ""borsa"": 1, ""fiyat"": 64300.0, ""kaynak"": ""BNB""}, {""usdt"": 9777348.0, ""borsa"": 1, ""fiyat"": 64325.0, ""kaynak"": ""BNB""}]","[{""usdt"": 15056343.0, ""borsa"": 3, ""fiyat"": 64425.0, ""kaynak"": ""BNB+BYB+OKX""}, {""usdt"": 9665578.0, ""borsa"": 1, ""fiyat"": 64500.0, ""kaynak"": ""BNB""}, {""usdt"": 7145061.0, ""borsa"": 2, ""fiyat"": 64450.0, ""kaynak"": ""BNB+BYB""}]",YOK,-0.0218,-0.0191,0.9269,3.6352,false,,true,0.0564,0,1,3,0,1,3,60.7,62,IZLE,,25,64369.8,,,,,SEVIYE,90,302.3,31,,,,,,,,,0,,21,1063.3,21,,,
31093,2026-07-29 11:36:59.999183+00,64398.05,-200886.54475479576,-1626908.6419999998,11745139424.448502,0.00008278,56310796.67133007,0.0,34.3,BEKLE,true,0.0,0.0,1.4552,241.051,46585547.95596001,483.032,34.3,0.0,"[{""usdt"": 15150166.0, ""borsa"": 3, ""fiyat"": 64375.0, ""kaynak"": ""BNB+BYB+OKX""}, {""usdt"": 11044454.0, ""borsa"": 1, ""fiyat"": 64300.0, ""kaynak"": ""BNB""}, {""usdt"": 9653431.0, ""borsa"": 1, ""fiyat"": 64350.0, ""kaynak"": ""BNB""}]","[{""usdt"": 16716597.0, ""borsa"": 3, ""fiyat"": 64425.0, ""kaynak"": ""BNB+BYB+OKX""}, {""usdt"": 9459111.0, ""borsa"": 1, ""fiyat"": 64500.0, ""kaynak"": ""BNB""}, {""usdt"": 7013765.0, ""borsa"": 3, ""fiyat"": 64400.0, ""kaynak"": ""BNB+BYB+OKX""}]",YOK,-0.0373,0.0945,0.771,1.5925,false,,true,0,0,1,3,1,0,3,57.1,58.2,IZLE,,25,64369.8,,,,,SEVIYE,90,303.3,31,,,,,,,,,0,,21,1064.3,21,,,
31094,2026-07-29 11:38:00.286973+00,64398.05,-34460.78703239573,-1661988.8049999997,11745689966.4376,0.00008278,52357002.83908009,0.0,42.8,BEKLE,true,0.0,0.0,1.4552,301.375,48751208.85115003,543.356,42.8,0.0,"[{""usdt"": 12833795.0, ""borsa"": 3, ""fiyat"": 64375.0, ""kaynak"": ""BNB+BYB+OKX""}, {""usdt"": 10675945.0, ""borsa"": 1, ""fiyat"": 64325.0, ""kaynak"": ""BNB""}, {""usdt"": 9652748.0, ""borsa"": 1, ""fiyat"": 64300.0, ""kaynak"": ""BNB""}]","[{""usdt"": 19154163.0, ""borsa"": 3, ""fiyat"": 64425.0, ""kaynak"": ""BNB+BYB+OKX""}, {""usdt"": 7984526.0, ""borsa"": 1, ""fiyat"": 64500.0, ""kaynak"": ""BNB""}, {""usdt"": 7898287.0, ""borsa"": 1, ""fiyat"": 64475.0, ""kaynak"": ""BNB""}]",YOK,-0.0477,0.0357,0.5935,0.6904,false,,true,0,0,1,3,0,1,3,53.5,54.6,IZLE,,25,64369.8,,,,,SEVIYE,90,304.3,31,,,,,,,,,0,,21,1065.3,21,,,
31095,2026-07-29 11:39:00.656919+00,64397.850000000006,-142918.57985839547,-1772504.274,11744179885.5572,0.00008278,53228687.12696009,0.0,46.8,BEKLE,true,0.0,0.0,1.4552,361.693,43193295.26987001,603.674,46.8,0.0,"[{""usdt"": 16115135.0, ""borsa"": 3, ""fiyat"": 64375.0, ""kaynak"": ""BNB+BYB+OKX""}, {""usdt"": 10873881.0, ""borsa"": 1, ""fiyat"": 64300.0, ""kaynak"": ""BNB""}, {""usdt"": 8259175.0, ""borsa"": 1, ""fiyat"": 64350.0, ""kaynak"": ""BNB""}]","[{""usdt"": 10233325.0, ""borsa"": 3, ""fiyat"": 64425.0, ""kaynak"": ""BNB+BYB+OKX""}, {""usdt"": 9598020.0, ""borsa"": 3, ""fiyat"": 64400.0, ""kaynak"": ""BNB+BYB+OKX""}, {""usdt"": 9583121.0, ""borsa"": 1, ""fiyat"": 64500.0, ""kaynak"": ""BNB""}]",YOK,-0.0856,0.1041,0.5727,0.7404,false,,true,0,0,1,3,1,0,3,50,51.1,IZLE,,25,64369.8,,,,,SEVIYE,90,305.3,31,,,,,,,,,0,,21,1066.3,21,,,
31096,2026-07-29 11:40:01.029155+00,64391.149999999994,-255873.4172583962,-1787607.2949999997,11744137812.1254,0.00008278,55230433.933190085,0.0,43.3,BEKLE,true,0.0,0.0,1.4552,422.012,48515253.74437003,663.993,43.3,0.0,"[{""usdt"": 13197300.0, ""borsa"": 1, ""fiyat"": 64300.0, ""kaynak"": ""BNB""}, {""usdt"": 12395560.0, ""borsa"": 3, ""fiyat"": 64400.0, ""kaynak"": ""BNB+BYB+OKX""}, {""usdt"": 11758305.0, ""borsa"": 3, ""fiyat"": 64375.0, ""kaynak"": ""BNB+BYB+OKX""}]","[{""usdt"": 18841291.0, ""borsa"": 3, ""fiyat"": 64425.0, ""kaynak"": ""BNB+BYB+OKX""}, {""usdt"": 10162435.0, ""borsa"": 1, ""fiyat"": 64500.0, ""kaynak"": ""BNB""}, {""usdt"": 6785650.0, ""borsa"": 1, ""fiyat"": 64450.0, ""kaynak"": ""BNB""}]",YOK,-0.0945,0.0647,0.575,0.5834,false,,true,0.0821,0,1,3,0,0,3,46.4,47.5,IZLE,,25,64369.8,,,,,SEVIYE,90,306.3,31,,,,,,,,,0,,21,1067.3,21,,,
31097,2026-07-29 11:41:01.455142+00,64419.850000000006,-1190282.7985744951,-483571.21099999995,11742472493.770401,0.00008278,58475218.84946003,0.0,51.5,BEKLE,false,0.0,0.0,1.4552,482.491,54277421.660200045,724.472,0.0,51.5,"[{""usdt"": 14539324.0, ""borsa"": 3, ""fiyat"": 64400.0, ""kaynak"": ""BNB+BYB+OKX""}, {""usdt"": 13366190.0, ""borsa"": 1, ""fiyat"": 64300.0, ""kaynak"": ""BNB""}, {""usdt"": 9557693.0, ""borsa"": 1, ""fiyat"": 64375.0, ""kaynak"": ""BNB""}]","[{""usdt"": 16194672.0, ""borsa"": 3, ""fiyat"": 64425.0, ""kaynak"": ""BNB+BYB+OKX""}, {""usdt"": 12831713.0, ""borsa"": 3, ""fiyat"": 64450.0, ""kaynak"": ""BNB+BYB+OKX""}, {""usdt"": 11817447.0, ""borsa"": 1, ""fiyat"": 64500.0, ""kaynak"": ""BNB""}]",YOK,-0.0718,0.0372,0.6257,0.5499,false,,true,0,0,1,3,1,0,3,43,44.1,IZLE,,25,64440.3,,,,,SEVIYE,70,237.2,24,,,,,,,,,0,,21,1068.3,21,,,
31098,2026-07-29 11:42:01.896789+00,64394.350000000006,-902002.0811426948,-251538.72399999996,11742577728.137798,0.00008278,52044869.69712004,0.0,79.0,BEKLE,false,0.0,0.0,1.4552,542.977,55656823.65590002,784.958,0.0,79.0,"[{""usdt"": 12327768.0, ""borsa"": 3, ""fiyat"": 64375.0, ""kaynak"": ""BNB+BYB+OKX""}, {""usdt"": 10328794.0, ""borsa"": 1, ""fiyat"": 64325.0, ""kaynak"": ""BNB""}, {""usdt"": 9621796.0, ""borsa"": 3, ""fiyat"": 64400.0, ""kaynak"": ""BNB+BYB+OKX""}]","[{""usdt"": 21099628.0, ""borsa"": 3, ""fiyat"": 64425.0, ""kaynak"": ""BNB+BYB+OKX""}, {""usdt"": 11921879.0, ""borsa"": 1, ""fiyat"": 64500.0, ""kaynak"": ""BNB""}, {""usdt"": 7154808.0, ""borsa"": 1, ""fiyat"": 64475.0, ""kaynak"": ""BNB""}]",YOK,-0.1008,-0.0335,0.2689,0.0835,false,,true,0,0,1,3,0,1,3,39.6,40.7,IZLE,,25,64369.8,,,,,SEVIYE,90,308.3,31,,,,,,,,,0,,21,1069.3,21,,,
31099,2026-07-29 11:43:02.228604+00,64390.45,-1176056.4324267951,-314827.42499999993,11741039421.408,0.00008278,58448490.69592008,0.0,65.7,BEKLE,false,0.0,0.0,1.451,603.278,53910350.84282997,845.259,0.0,65.7,"[{""usdt"": 12709792.0, ""borsa"": 3, ""fiyat"": 64400.0, ""kaynak"": ""BNB+BYB+OKX""}, {""usdt"": 12329052.0, ""borsa"": 1, ""fiyat"": 64300.0, ""kaynak"": ""BNB""}, {""usdt"": 10229096.0, ""borsa"": 3, ""fiyat"": 64375.0, ""kaynak"": ""BNB+BYB+OKX""}]","[{""usdt"": 22175991.0, ""borsa"": 3, ""fiyat"": 64425.0, ""kaynak"": ""BNB+BYB+OKX""}, {""usdt"": 9919298.0, ""borsa"": 1, ""fiyat"": 64500.0, ""kaynak"": ""BNB""}, {""usdt"": 8893386.0, ""borsa"": 1, ""fiyat"": 64475.0, ""kaynak"": ""BNB""}]",YOK,-0.068,0.0404,0.3794,0.1486,false,,true,0.1531,0,1,3,0,1,3,36.1,37.2,IZLE,,25,64369.8,,,,,SEVIYE,90,309.3,31,,,,,,,,,0,,21,1070.3,21,,,
31100,2026-07-29 11:44:02.509537+00,64391.05,-1162172.026831295,-1721350.8479999998,11740606963.494598,0.00008278,55803215.31886002,0.0,14.0,BEKLE,false,0.0,0.0,1.451,663.609,47232522.96810997,905.59,0.0,14.0,"[{""usdt"": 15907520.0, ""borsa"": 3, ""fiyat"": 64375.0, ""kaynak"": ""BNB+BYB+OKX""}, {""usdt"": 12205423.0, ""borsa"": 1, ""fiyat"": 64300.0, ""kaynak"": ""BNB""}, {""usdt"": 9822671.0, ""borsa"": 1, ""fiyat"": 64350.0, ""kaynak"": ""BNB""}]","[{""usdt"": 12476784.0, ""borsa"": 3, ""fiyat"": 64425.0, ""kaynak"": ""BNB+BYB+OKX""}, {""usdt"": 9501782.0, ""borsa"": 1, ""fiyat"": 64500.0, ""kaynak"": ""BNB""}, {""usdt"": 9125694.0, ""borsa"": 1, ""fiyat"": 64475.0, ""kaynak"": ""BNB""}]",YOK,-0.1009,0.0832,0.935,0.367,false,,true,0,0,1,3,1,0,3,32.6,33.6,IZLE,,25,64369.8,,,,,SEVIYE,90,310.3,31,,,,,,,,,0,,21,1071.3,21,,,
31101,2026-07-29 11:45:02.789671+00,64391.05,-1135914.7887166936,-1729042.3839999996,11740980773.6866,0.00008278,54150729.60164002,0.0,14.4,BEKLE,false,0.0,0.0,1.451,723.867,48943377.92762,965.848,0.0,14.4,"[{""usdt"": 14450488.0, ""borsa"": 3, ""fiyat"": 64375.0, ""kaynak"": ""BNB+BYB+OKX""}, {""usdt"": 11594189.0, ""borsa"": 1, ""fiyat"": 64300.0, ""kaynak"": ""BNB""}, {""usdt"": 9901018.0, ""borsa"": 1, ""fiyat"": 64350.0, ""kaynak"": ""BNB""}]","[{""usdt"": 12930969.0, ""borsa"": 3, ""fiyat"": 64425.0, ""kaynak"": ""BNB+BYB+OKX""}, {""usdt"": 9667408.0, ""borsa"": 1, ""fiyat"": 64500.0, ""kaynak"": ""BNB""}, {""usdt"": 9549705.0, ""borsa"": 3, ""fiyat"": 64400.0, ""kaynak"": ""BNB+BYB+OKX""}]",YOK,-0.0794,0.0505,0.9156,0.0062,false,,true,0,0,1,3,0,1,3,29,30,IZLE,,25,64364.4,,,,,SEVIYE,100,311.3,32,,,,,,,,,0,,20,1072.3,20,,,
31102,2026-07-29 11:46:03.138373+00,64405.95,-155722.79080599893,-32005.484,11740070175.8396,0.00008278,52746028.670720056,128.782,36.1,BEKLE,false,0.0,128.782,1.451,784.21,55474085.62012999,1026.191,0.0,36.1,"[{""usdt"": 13939733.0, ""borsa"": 3, ""fiyat"": 64375.0, ""kaynak"": ""BNB+BYB+OKX""}, {""usdt"": 10940070.0, ""borsa"": 1, ""fiyat"": 64350.0, ""kaynak"": ""BNB""}, {""usdt"": 10832046.0, ""borsa"": 1, ""fiyat"": 64300.0, ""kaynak"": ""BNB""}]","[{""usdt"": 17620676.0, ""borsa"": 3, ""fiyat"": 64400.0, ""kaynak"": ""BNB+BYB+OKX""}, {""usdt"": 11596259.0, ""borsa"": 3, ""fiyat"": 64425.0, ""kaynak"": ""BNB+BYB+OKX""}, {""usdt"": 9279871.0, ""borsa"": 1, ""fiyat"": 64450.0, ""kaynak"": ""BNB""}]",YOK,-0.1091,-0.0252,0.6231,0.4974,false,,true,0.1591,0,1,3,0,1,3,25.5,26.5,IZLE,,25,64425.5,,,,,SEVIYE,70,242.3,25,,,,,,,1785325440,1,0,,20,1073.4,20,,,
31103,2026-07-29 11:47:04.808232+00,64417.95,299348.0619753008,-1308782.1890000002,11742912865.8316,0.00008278,52751857.06437999,128.782,44.3,BEKLE,true,0.0,128.782,1.451,845.895,62592354.94757009,1087.876,44.3,0.0,"[{""usdt"": 15801738.0, ""borsa"": 3, ""fiyat"": 64400.0, ""kaynak"": ""BNB+BYB+OKX""}, {""usdt"": 10776367.0, ""borsa"": 1, ""fiyat"": 64350.0, ""kaynak"": ""BNB""}, {""usdt"": 9627305.0, ""borsa"": 1, ""fiyat"": 64375.0, ""kaynak"": ""BNB""}]","[{""usdt"": 22372691.0, ""borsa"": 3, ""fiyat"": 64425.0, ""kaynak"": ""BNB+BYB+OKX""}, {""usdt"": 11728368.0, ""borsa"": 1, ""fiyat"": 64525.0, ""kaynak"": ""BNB""}, {""usdt"": 10636049.0, ""borsa"": 3, ""fiyat"": 64450.0, ""kaynak"": ""BNB+BYB+OKX""}]",YOK,-0.0861,-0.0853,0.4505,0.526,false,,true,0,0,1,3,0,1,3,23.3,24.4,IZLE,,25,64425.5,,,,,SEVIYE,70,243.3,25,,,,,,,1785325440,1,1,,20,1074.4,20,,,
31104,2026-07-29 11:48:05.202742+00,64435.95,528435.5121409007,-1293413.837,11743451584.894402,0.00008278,46992715.62088999,128.782,39.6,BEKLE,true,0.0,128.782,1.448,182.268,48446623.83227001,1148.116,39.6,0.0,"[{""usdt"": 11033968.0, ""borsa"": 1, ""fiyat"": 64350.0, ""kaynak"": ""BNB""}, {""usdt"": 10331645.0, ""borsa"": 3, ""fiyat"": 64425.0, ""kaynak"": ""BNB+BYB+OKX""}, {""usdt"": 9390930.0, ""borsa"": 3, ""fiyat"": 64400.0, ""kaynak"": ""BNB+BYB+OKX""}]","[{""usdt"": 18047068.0, ""borsa"": 3, ""fiyat"": 64450.0, ""kaynak"": ""BNB+BYB+OKX""}, {""usdt"": 9146378.0, ""borsa"": 1, ""fiyat"": 64525.0, ""kaynak"": ""BNB""}, {""usdt"": 7928120.0, ""borsa"": 1, ""fiyat"": 64500.0, ""kaynak"": ""BNB""}]",YOK,-0.0881,-0.0152,0.5569,0.8837,false,,true,0,0,1,3,1,1,3,19.7,20.8,IZLE,,25,64425.5,,,,,SEVIYE,70,244.3,25,,,,,,,1785325440,1,2,,20,1075.4,20,,,
31105,2026-07-29 11:49:05.589914+00,64451.45,819625.7110941013,-1168839.3800000001,11748111134.2888,0.00008278,47072170.05702998,22687.367,31.6,BEKLE,true,0.0,22687.367,1.448,242.718,45189615.60704,1208.566,0.0,31.6,"[{""usdt"": 12126481.0, ""borsa"": 3, ""fiyat"": 64450.0, ""kaynak"": ""BNB+BYB+OKX""}, {""usdt"": 9854667.0, ""borsa"": 1, ""fiyat"": 64375.0, ""kaynak"": ""BNB""}, {""usdt"": 9054199.0, ""borsa"": 1, ""fiyat"": 64350.0, ""kaynak"": ""BNB""}]","[{""usdt"": 16956795.0, ""borsa"": 3, ""fiyat"": 64475.0, ""kaynak"": ""BNB+BYB+OKX""}, {""usdt"": 9481035.0, ""borsa"": 2, ""fiyat"": 64500.0, ""kaynak"": ""BNB+BYB""}, {""usdt"": 7265531.0, ""borsa"": 1, ""fiyat"": 64525.0, ""kaynak"": ""BNB""}]",YOK,-0.0601,0.0204,0.7213,1.3068,false,,true,0.0305,0,0,3,0,0,3,15.8,17.4,IZLE,,25,64425.5,,,,,SEVIYE,70,245.3,25,,,,,,,1785325680,2,0,,20,1076.4,20,,,
31106,2026-07-29 11:50:05.842+00,64455.850000000006,430953.97469850036,-1127597.68,11749001941.3403,0.00008278,44882939.595719986,22560.93,30.1,BEKLE,true,0.0,22560.93,1.448,120.826,45317223.85083996,1268.942,0.0,30.1,"[{""usdt"": 12405402.0, ""borsa"": 3, ""fiyat"": 64450.0, ""kaynak"": ""BNB+BYB+OKX""}, {""usdt"": 9664366.0, ""borsa"": 1, ""fiyat"": 64375.0, ""kaynak"": ""BNB""}, {""usdt"": 8791065.0, ""borsa"": 1, ""fiyat"": 64350.0, ""kaynak"": ""BNB""}]","[{""usdt"": 16122730.0, ""borsa"": 3, ""fiyat"": 64475.0, ""kaynak"": ""BNB+BYB+OKX""}, {""usdt"": 7940495.0, ""borsa"": 1, ""fiyat"": 64550.0, ""kaynak"": ""BNB""}, {""usdt"": 7527265.0, ""borsa"": 1, ""fiyat"": 64500.0, ""kaynak"": ""BNB""}]",YOK,-0.0479,-0.0048,0.6527,1.6047,false,,true,0.1978,0,0,3,1,0,3,12.4,13.4,IZLE,,25,64425.5,,,,,SEVIYE,70,246.3,25,,,,,,,1785325680,1,0,,20,1077.4,20,,,
31107,2026-07-29 11:51:06.167829+00,64453.25,624081.4599957011,-850066.1270000001,11750131231.642399,0.00008278,49181439.4793,22560.93,38.2,BEKLE,false,0.0,22560.93,1.448,120.646,50669019.40487996,1329.212,38.2,0.0,"[{""usdt"": 15409691.0, ""borsa"": 3, ""fiyat"": 64450.0, ""kaynak"": ""BNB+BYB+OKX""}, {""usdt"": 8863597.0, ""borsa"": 1, ""fiyat"": 64400.0, ""kaynak"": ""BNB""}, {""usdt"": 8534853.0, ""borsa"": 1, ""fiyat"": 64350.0, ""kaynak"": ""BNB""}]","[{""usdt"": 19687402.0, ""borsa"": 3, ""fiyat"": 64475.0, ""kaynak"": ""BNB+BYB+OKX""}, {""usdt"": 10621677.0, ""borsa"": 2, ""fiyat"": 64500.0, ""kaynak"": ""BNB+BYB""}, {""usdt"": 7472220.0, ""borsa"": 1, ""fiyat"": 64575.0, ""kaynak"": ""BNB""}]",YOK,-0.0538,-0.0149,0.4075,1.4689,false,,true,0.4272,0,0,3,0,0,3,8.8,9.8,IZLE,,25,64425.5,,,,,SEVIYE,70,247.3,25,,,,,,,1785325680,1,1,,20,1078.4,20,,,
31108,2026-07-29 11:52:06.504121+00,64459.95,495162.97562460124,-853794.5679999999,11750472048.593601,0.00008278,51656164.40205005,22560.93,34.3,BEKLE,true,0.0,22560.93,1.448,180.969,52879427.72553997,1389.535,0.0,34.3,"[{""usdt"": 17214799.0, ""borsa"": 3, ""fiyat"": 64450.0, ""kaynak"": ""BNB+BYB+OKX""}, {""usdt"": 9733954.0, ""borsa"": 1, ""fiyat"": 64375.0, ""kaynak"": ""BNB""}, {""usdt"": 9458515.0, ""borsa"": 2, ""fiyat"": 64425.0, ""kaynak"": ""BNB+BYB""}]","[{""usdt"": 17018874.0, ""borsa"": 3, ""fiyat"": 64475.0, ""kaynak"": ""BNB+BYB+OKX""}, {""usdt"": 10654312.0, ""borsa"": 1, ""fiyat"": 64575.0, ""kaynak"": ""BNB""}, {""usdt"": 9749487.0, ""borsa"": 2, ""fiyat"": 64500.0, ""kaynak"": ""BNB+BYB""}]",YOK,-0.0248,-0.0117,0.2369,3.0197,false,,true,0.3285,0,1,3,1,0,3,5.2,6.3,IZLE,,25,64425.5,,,,,SEVIYE,70,248.3,25,,,,,,,1785325680,1,2,,20,1079.4,20,,,
31109,2026-07-29 11:53:06.824159+00,64433.649999999994,306914.76244100096,274875.31600000017,11753274961.057701,0.00008278,53601580.85764998,22560.93,77.5,BEKLE,true,0.0,22560.93,1.448,120.689,51691782.225339964,1449.901,0.0,77.5,"[{""usdt"": 12781632.0, ""borsa"": 3, ""fiyat"": 64450.0, ""kaynak"": ""BNB+BYB+OKX""}, {""usdt"": 10762058.0, ""borsa"": 1, ""fiyat"": 64350.0, ""kaynak"": ""BNB""}, {""usdt"": 10418217.0, ""borsa"": 1, ""fiyat"": 64375.0, ""kaynak"": ""BNB""}]","[{""usdt"": 19035295.0, ""borsa"": 3, ""fiyat"": 64475.0, ""kaynak"": ""BNB+BYB+OKX""}, {""usdt"": 9768278.0, ""borsa"": 1, ""fiyat"": 64525.0, ""kaynak"": ""BNB""}, {""usdt"": 7912520.0, ""borsa"": 2, ""fiyat"": 64500.0, ""kaynak"": ""BNB+BYB""}]",YOK,-0.0674,0.0181,0.0925,0.057,false,,false,0.6946,0,1,3,1,0,3,1.3,64.1,IZLE,,25,64425.5,,,,,SEVIYE,70,249.3,25,,,,,,,1785325680,1,3,,20,1080.4,20,,,
31110,2026-07-29 11:54:07.101918+00,64434.45,-500973.9879280979,229665.1039999999,11746472686.5572,0.00008278,50956511.972069986,0.0,73.7,BEKLE,true,0.0,0.0,1.448,180.915,56375563.894669965,1510.127,0.0,73.7,"[{""usdt"": 16500345.0, ""borsa"": 3, ""fiyat"": 64425.0, ""kaynak"": ""BNB+BYB+OKX""}, {""usdt"": 10762058.0, ""borsa"": 1, ""fiyat"": 64350.0, ""kaynak"": ""BNB""}, {""usdt"": 10418217.0, ""borsa"": 1, ""fiyat"": 64375.0, ""kaynak"": ""BNB""}]","[{""usdt"": 13912899.0, ""borsa"": 3, ""fiyat"": 64450.0, ""kaynak"": ""BNB+BYB+OKX""}, {""usdt"": 13293909.0, ""borsa"": 3, ""fiyat"": 64475.0, ""kaynak"": ""BNB+BYB+OKX""}, {""usdt"": 9768278.0, ""borsa"": 1, ""fiyat"": 64525.0, ""kaynak"": ""BNB""}]",YOK,-0.0674,-0.0505,0.4052,0.3098,false,,false,0.5579,0,1,3,0,1,3,61.6,63,IZLE,,25,64425.5,,,,,SEVIYE,70,250.3,25,,,,,,,,,0,,20,1081.4,20,,,
31111,2026-07-29 11:55:07.766978+00,64430.45,-296626.60464519623,215990.97499999995,11747212615.728401,0.00008278,52028924.42843998,0.0,72.0,BEKLE,true,0.0,0.0,1.448,120.689,56212068.90831005,1570.59,0.0,72.0,"[{""usdt"": 13168180.0, ""borsa"": 3, ""fiyat"": 64425.0, ""kaynak"": ""BNB+BYB+OKX""}, {""usdt"": 10503559.0, ""borsa"": 1, ""fiyat"": 64350.0, ""kaynak"": ""BNB""}, {""usdt"": 9904813.0, ""borsa"": 2, ""fiyat"": 64400.0, ""kaynak"": ""BNB+BYB""}]","[{""usdt"": 22727452.0, ""borsa"": 3, ""fiyat"": 64450.0, ""kaynak"": ""BNB+BYB+OKX""}, {""usdt"": 10182857.0, ""borsa"": 1, ""fiyat"": 64525.0, ""kaynak"": ""BNB""}, {""usdt"": 9946097.0, ""borsa"": 3, ""fiyat"": 64475.0, ""kaynak"": ""BNB+BYB+OKX""}]",YOK,-0.0255,-0.0386,0.2814,0.5865,false,,true,0.4683,0,0,3,1,1,3,58.1,59.3,IZLE,,25,64428,,,,,SEVIYE,70,251.3,26,,,,,,,,,0,,21,1082.4,21,,,
31112,2026-07-29 11:56:08.261045+00,64448.55,-228020.3517800982,124215.04300000002,11747400300.763699,0.00008278,53755034.638450004,0.0,51.4,BEKLE,true,0.0,0.0,1.448,181.464,49180612.70208006,1631.365,0.0,51.4,"[{""usdt"": 13590794.0, ""borsa"": 3, ""fiyat"": 64400.0, ""kaynak"": ""BNB+BYB+OKX""}, {""usdt"": 10584780.0, ""borsa"": 1, ""fiyat"": 64325.0, ""kaynak"": ""BNB""}, {""usdt"": 10506644.0, ""borsa"": 1, ""fiyat"": 64350.0, ""kaynak"": ""BNB""}]","[{""usdt"": 15120913.0, ""borsa"": 3, ""fiyat"": 64450.0, ""kaynak"": ""BNB+BYB+OKX""}, {""usdt"": 9812568.0, ""borsa"": 1, ""fiyat"": 64500.0, ""kaynak"": ""BNB""}, {""usdt"": 8721044.0, ""borsa"": 1, ""fiyat"": 64525.0, ""kaynak"": ""BNB""}]",YOK,-0.0824,0.0444,0.3874,0.1276,false,,false,,0,1,3,1,0,3,55,56.1,IZLE,,25,64428,,,,,SEVIYE,70,252.3,26,,,,,,,,,0,,21,1083.4,21,,,
31113,2026-07-29 11:57:08.586309+00,64453.850000000006,-18095.249258398355,131312.514,11749591843.8532,0.00008278,49782949.38045,0.0,56.5,BEKLE,true,0.0,0.0,1.448,120.985,50425306.05793997,1691.575,0.0,56.5,"[{""usdt"": 11502958.0, ""borsa"": 1, ""fiyat"": 64375.0, ""kaynak"": ""BNB""}, {""usdt"": 10603381.0, ""borsa"": 3, ""fiyat"": 64425.0, ""kaynak"": ""BNB+BYB+OKX""}, {""usdt"": 9795652.0, ""borsa"": 3, ""fiyat"": 64450.0, ""kaynak"": ""BNB+BYB+OKX""}]","[{""usdt"": 16895952.0, ""borsa"": 3, ""fiyat"": 64475.0, ""kaynak"": ""BNB+BYB+OKX""}, {""usdt"": 10642118.0, ""borsa"": 1, ""fiyat"": 64525.0, ""kaynak"": ""BNB""}, {""usdt"": 7517165.0, ""borsa"": 1, ""fiyat"": 64500.0, ""kaynak"": ""BNB""}]",YOK,-0.0227,-0.0064,0.2737,0.1942,false,,false,,0,1,3,0,0,3,51.4,52.5,IZLE,,25,64428,,,,,SEVIYE,70,253.4,26,,,,,,,,,0,,21,1084.4,21,,,
31114,2026-07-29 11:58:09.06918+00,64454.45,62261.33817320163,136821.14299999998,11749354950.8458,0.00008278,52525856.055309996,0.0,22.6,BEKLE,,0.0,0.0,1.4462,181.434,55662925.52506994,1752.024,22.6,0.0,"[{""usdt"": 13803992.0, ""borsa"": 3, ""fiyat"": 64450.0, ""kaynak"": ""BNB+BYB+OKX""}, {""usdt"": 10827185.0, ""borsa"": 3, ""fiyat"": 64425.0, ""kaynak"": ""BNB+BYB+OKX""}, {""usdt"": 9658788.0, ""borsa"": 1, ""fiyat"": 64350.0, ""kaynak"": ""BNB""}]","[{""usdt"": 21071882.0, ""borsa"": 3, ""fiyat"": 64475.0, ""kaynak"": ""BNB+BYB+OKX""}, {""usdt"": 9285975.0, ""borsa"": 1, ""fiyat"": 64550.0, ""kaynak"": ""BNB""}, {""usdt"": 9282867.0, ""borsa"": 2, ""fiyat"": 64500.0, ""kaynak"": ""BNB+BYB""}]",YOK,-0.0167,-0.029,,,false,,false,2.5826,0,1,3,0,0,3,48,49.1,IZLE,,25,64428,,,,,SEVIYE,70,254.4,26,,,,,,,,,0,,21,1085.4,21,,,
31115,2026-07-29 11:59:09.314569+00,64466.850000000006,243601.0422191018,140052.85199999996,11750152427.3191,0.00008278,51254022.46692002,0.0,15.8,BEKLE,false,0.0,0.0,1.4462,120.852,53226617.03593998,1812.427,15.8,0.0,"[{""usdt"": 15880750.0, ""borsa"": 3, ""fiyat"": 64450.0, ""kaynak"": ""BNB+BYB+OKX""}, {""usdt"": 11153049.0, ""borsa"": 1, ""fiyat"": 64400.0, ""kaynak"": ""BNB""}, {""usdt"": 8547993.0, ""borsa"": 1, ""fiyat"": 64375.0, ""kaynak"": ""BNB""}]","[{""usdt"": 14421205.0, ""borsa"": 3, ""fiyat"": 64500.0, ""kaynak"": ""BNB+BYB+OKX""}, {""usdt"": 13793657.0, ""borsa"": 3, ""fiyat"": 64475.0, ""kaynak"": ""BNB+BYB+OKX""}, {""usdt"": 8155418.0, ""borsa"": 1, ""fiyat"": 64575.0, ""kaynak"": ""BNB""}]",YOK,0.0328,-0.0189,0.8573,2.2278,true,0,false,3.2546,0,0,3,0,0,3,44.5,45.6,IZLE,,25,64494.6,,,,,SEVIYE,50,195.3,20,,,,,,,,,0,,21,1086.4,21,,,
31116,2026-07-29 12:00:09.594452+00,64479.95,301042.9453801009,142735.09399999995,11752105983.793,0.00008278,57433251.550680056,11412.8007,14.6,BEKLE,false,0.0,11412.8007,1.4462,60.194,50640771.07279001,1872.621,14.6,0.0,"[{""usdt"": 13524228.0, ""borsa"": 3, ""fiyat"": 64450.0, ""kaynak"": ""BNB+BYB+OKX""}, {""usdt"": 12308100.0, ""borsa"": 3, ""fiyat"": 64475.0, ""kaynak"": ""BNB+BYB+OKX""}, {""usdt"": 11001893.0, ""borsa"": 1, ""fiyat"": 64400.0, ""kaynak"": ""BNB""}]","[{""usdt"": 16167676.0, ""borsa"": 3, ""fiyat"": 64500.0, ""kaynak"": ""BNB+BYB+OKX""}, {""usdt"": 9214028.0, ""borsa"": 3, ""fiyat"": 64475.0, ""kaynak"": ""BNB+BYB+OKX""}, {""usdt"": 8486826.0, ""borsa"": 1, ""fiyat"": 64525.0, ""kaynak"": ""BNB""}]",YOK,0.0571,0.0629,0.8551,4.2292,true,0,false,,1,0,3,2,0,3,40.9,42,IZLE,,25,64494.6,,,,,SEVIYE,50,196.3,20,,,,,,,1785326340,1,0,,21,1087.4,21,,,
31117,2026-07-29 12:01:10.050983+00,64453.149999999994,-526341.4289301983,71439.744,11747003233.2104,0.00008278,56520488.56042998,11412.96,14.0,BEKLE,false,0.0,11412.96,1.4462,120.638,54111504.69425006,1933.065,14.0,0.0,"[{""usdt"": 11563891.0, ""borsa"": 3, ""fiyat"": 64450.0, ""kaynak"": ""BNB+BYB+OKX""}, {""usdt"": 10875967.0, ""borsa"": 1, ""fiyat"": 64400.0, ""kaynak"": ""BNB""}, {""usdt"": 10873485.0, ""borsa"": 1, ""fiyat"": 64350.0, ""kaynak"": ""BNB""}]","[{""usdt"": 16589323.0, ""borsa"": 3, ""fiyat"": 64475.0, ""kaynak"": ""BNB+BYB+OKX""}, {""usdt"": 10734262.0, ""borsa"": 1, ""fiyat"": 64550.0, ""kaynak"": ""BNB""}, {""usdt"": 8372643.0, ""borsa"": 1, ""fiyat"": 64525.0, ""kaynak"": ""BNB""}]",YOK,0.0498,0.0218,,,true,0.2238,false,1.5712,0,0,3,2,0,3,37.4,38.5,IZLE,,25,64428,,,,,SEVIYE,70,257.4,26,,,,,,,1785326340,1,0,,21,1088.5,21,,,
31118,2026-07-29 12:02:10.577651+00,64471.850000000006,41450.00588590192,81882.283,11751682410.2613,0.00008278,49677474.17395003,11412.96,9.1,BEKLE,,0.0,11412.96,1.4462,181.262,48202032.60847997,1993.689,9.1,0.0,"[{""usdt"": 13089853.0, ""borsa"": 3, ""fiyat"": 64450.0, ""kaynak"": ""BNB+BYB+OKX""}, {""usdt"": 9937718.0, ""borsa"": 1, ""fiyat"": 64400.0, ""kaynak"": ""BNB""}, {""usdt"": 8199219.0, ""borsa"": 1, ""fiyat"": 64375.0, ""kaynak"": ""BNB""}]","[{""usdt"": 15707523.0, ""borsa"": 3, ""fiyat"": 64500.0, ""kaynak"": ""BNB+BYB+OKX""}, {""usdt"": 8691817.0, ""borsa"": 1, ""fiyat"": 64575.0, ""kaynak"": ""BNB""}, {""usdt"": 8584699.0, ""borsa"": 1, ""fiyat"": 64550.0, ""kaynak"": ""BNB""}]",YOK,-0.0068,0.0151,,,true,0.1518,false,1.0694,0,0,3,1,0,3,34.2,35.3,IZLE,,25,64494.6,,,,,SEVIYE,50,198.3,20,,,,,,,1785326340,1,1,,21,1089.5,21,,,
31119,2026-07-29 12:03:10.868871+00,64440.05,-348339.5299377994,81807.838,11746534872.7365,0.00008278,53576240.70145004,11412.96,13.7,BEKLE,false,0.0,11412.96,1.4462,241.473,50183646.56973,2053.9,13.7,0.0,"[{""usdt"": 13636691.0, ""borsa"": 3, ""fiyat"": 64425.0, ""kaynak"": ""BNB+BYB+OKX""}, {""usdt"": 10394068.0, ""borsa"": 1, ""fiyat"": 64375.0, ""kaynak"": ""BNB""}, {""usdt"": 10047625.0, ""borsa"": 1, ""fiyat"": 64350.0, ""kaynak"": ""BNB""}]","[{""usdt"": 13473301.0, ""borsa"": 3, ""fiyat"": 64475.0, ""kaynak"": ""BNB+BYB+OKX""}, {""usdt"": 10442986.0, ""borsa"": 1, ""fiyat"": 64525.0, ""kaynak"": ""BNB""}, {""usdt"": 8308199.0, ""borsa"": 3, ""fiyat"": 64450.0, ""kaynak"": ""BNB+BYB+OKX""}]",YOK,0.014,0.0327,,,true,0.3496,false,,1,0,3,1,0,3,30.6,31.7,IZLE,,25,64428,,,,,SEVIYE,70,259.4,26,,,,,,,1785326340,1,2,,21,1090.5,21,,,
31120,2026-07-29 12:04:11.122522+00,64426.95,-348713.3547723001,86623.76400000001,11744621570.0293,0.00008278,51404087.61342004,11412.96,12.5,BEKLE,false,0.0,11412.96,1.4462,120.539,47873213.40189002,2114.228,12.5,0.0,"[{""usdt"": 11104945.0, ""borsa"": 3, ""fiyat"": 64400.0, ""kaynak"": ""BNB+BYB+OKX""}, {""usdt"": 9967930.0, ""borsa"": 1, ""fiyat"": 64325.0, ""kaynak"": ""BNB""}, {""usdt"": 9953724.0, ""borsa"": 1, ""fiyat"": 64375.0, ""kaynak"": ""BNB""}]","[{""usdt"": 14688415.0, ""borsa"": 3, ""fiyat"": 64450.0, ""kaynak"": ""BNB+BYB+OKX""}, {""usdt"": 8999409.0, ""borsa"": 1, ""fiyat"": 64500.0, ""kaynak"": ""BNB""}, {""usdt"": 8827752.0, ""borsa"": 1, ""fiyat"": 64525.0, ""kaynak"": ""BNB""}]",YOK,-0.024,0.0356,0.8894,3.5954,true,0.2999,false,1.3372,1,0,3,0,0,3,27,28.1,IZLE,,25,64428.4,,,,,SEVIYE,70,260.4,27,,,,,,,1785326340,1,3,,20,1091.5,20,,,
31121,2026-07-29 12:05:11.444325+00,64427.350000000006,36032.85285220231,93099.336,11746812965.681599,0.00008278,51519172.60941005,0.0,10.7,BEKLE,false,0.0,0.0,1.4462,120.584,52240534.189400025,2174.484,10.7,0.0,"[{""usdt"": 13927065.0, ""borsa"": 3, ""fiyat"": 64425.0, ""kaynak"": ""BNB+BYB+OKX""}, {""usdt"": 10476428.0, ""borsa"": 1, ""fiyat"": 64375.0, ""kaynak"": ""BNB""}, {""usdt"": 8437591.0, ""borsa"": 1, ""fiyat"": 64400.0, ""kaynak"": ""BNB""}]","[{""usdt"": 15173151.0, ""borsa"": 3, ""fiyat"": 64475.0, ""kaynak"": ""BNB+BYB+OKX""}, {""usdt"": 11741617.0, ""borsa"": 1, ""fiyat"": 64525.0, ""kaynak"": ""BNB""}, {""usdt"": 8688490.0, ""borsa"": 1, ""fiyat"": 64550.0, ""kaynak"": ""BNB""}]",YOK,-0.0036,-0.007,,,false,0.1419,false,,0,1,3,1,0,3,23.5,24.6,IZLE,,25,64428.4,,,,,SEVIYE,70,261.4,27,,,,,,,,,0,,20,1092.5,20,,,
31122,2026-07-29 12:06:12.662326+00,64448.149999999994,632258.272608299,1126588.2889999999,11747175026.6936,0.00008278,51412135.94015003,0.0,59.2,BEKLE,true,0.0,0.0,1.4456,181.661,57457067.605780065,2235.561,0.0,59.2,"[{""usdt"": 13417543.0, ""borsa"": 3, ""fiyat"": 64425.0, ""kaynak"": ""BNB+BYB+OKX""}, {""usdt"": 11431848.0, ""borsa"": 1, ""fiyat"": 64375.0, ""kaynak"": ""BNB""}, {""usdt"": 9781301.0, ""borsa"": 1, ""fiyat"": 64400.0, ""kaynak"": ""BNB""}]","[{""usdt"": 14892380.0, ""borsa"": 3, ""fiyat"": 64475.0, ""kaynak"": ""BNB+BYB+OKX""}, {""usdt"": 14345341.0, ""borsa"": 3, ""fiyat"": 64450.0, ""kaynak"": ""BNB+BYB+OKX""}, {""usdt"": 10896768.0, ""borsa"": 1, ""fiyat"": 64525.0, ""kaynak"": ""BNB""}]",YOK,-0.0293,-0.0555,0.4434,0.1149,false,0,false,,0,1,3,0,1,3,20.7,21.8,IZLE,,25,64428.4,,,,,SEVIYE,70,262.4,27,,,,,,,,,0,,20,1093.5,20,,,
31123,2026-07-29 12:07:13.001874+00,64420.25,597044.1524474992,1208628.1879999998,11747754737.8841,0.00008278,46827100.76753005,0.0,71.1,BEKLE,true,0.0,0.0,1.4456,181.807,57637303.76852001,2296.035,0.0,71.1,"[{""usdt"": 11933609.0, ""borsa"": 3, ""fiyat"": 64425.0, ""kaynak"": ""BNB+BYB+OKX""}, {""usdt"": 9872436.0, ""borsa"": 1, ""fiyat"": 64375.0, ""kaynak"": ""BNB""}, {""usdt"": 9477744.0, ""borsa"": 1, ""fiyat"": 64350.0, ""kaynak"": ""BNB""}]","[{""usdt"": 16295246.0, ""borsa"": 3, ""fiyat"": 64475.0, ""kaynak"": ""BNB+BYB+OKX""}, {""usdt"": 13363410.0, ""borsa"": 3, ""fiyat"": 64450.0, ""kaynak"": ""BNB+BYB+OKX""}, {""usdt"": 10795931.0, ""borsa"": 1, ""fiyat"": 64525.0, ""kaynak"": ""BNB""}]",YOK,-0.0516,-0.1035,0.2635,1.4685,false,0,false,,0,0,3,0,1,3,16.5,17.6,IZLE,,25,64428.4,,,,,SEVIYE,70,263.4,27,,,,,,,,,0,,20,1094.5,20,,,
31124,2026-07-29 12:08:13.582075+00,64416.149999999994,672828.8626412984,645271.574,11745618993.813301,0.00008278,52920301.09598,0.0,41.1,BEKLE,true,0.0,0.0,1.4456,242.229,54412645.74886001,2356.457,0.0,41.1,"[{""usdt"": 12674128.0, ""borsa"": 3, ""fiyat"": 64400.0, ""kaynak"": ""BNB+BYB+OKX""}, {""usdt"": 10999805.0, ""borsa"": 1, ""fiyat"": 64350.0, ""kaynak"": ""BNB""}, {""usdt"": 9855202.0, ""borsa"": 1, ""fiyat"": 64325.0, ""kaynak"": ""BNB""}]","[{""usdt"": 19200604.0, ""borsa"": 3, ""fiyat"": 64450.0, ""kaynak"": ""BNB+BYB+OKX""}, {""usdt"": 9610865.0, ""borsa"": 1, ""fiyat"": 64525.0, ""kaynak"": ""BNB""}, {""usdt"": 9034621.0, ""borsa"": 1, ""fiyat"": 64500.0, ""kaynak"": ""BNB""}]",YOK,-0.0302,-0.0139,0.568,0.7981,false,0,false,,0,0,3,0,1,3,13.1,14.2,IZLE,,25,64428.4,,,,,SEVIYE,70,264.4,27,,,,,,,,,0,,20,1095.5,20,,,
31125,2026-07-29 12:09:14.08834+00,64402.850000000006,457853.8455022984,603726.5129999999,11742586524.7714,0.00008278,50908385.83350999,0.0,46.0,BEKLE,,0.0,0.0,1.4456,302.823,59467610.72857002,2417.051,0.0,46.0,"[{""usdt"": 12430297.0, ""borsa"": 3, ""fiyat"": 64375.0, ""kaynak"": ""BNB+BYB+OKX""}, {""usdt"": 9968742.0, ""borsa"": 1, ""fiyat"": 64350.0, ""kaynak"": ""BNB""}, {""usdt"": 9761743.0, ""borsa"": 1, ""fiyat"": 64300.0, ""kaynak"": ""BNB""}]","[{""usdt"": 21304435.0, ""borsa"": 3, ""fiyat"": 64425.0, ""kaynak"": ""BNB+BYB+OKX""}, {""usdt"": 10163349.0, ""borsa"": 1, ""fiyat"": 64500.0, ""kaynak"": ""BNB""}, {""usdt"": 9835995.0, ""borsa"": 1, ""fiyat"": 64475.0, ""kaynak"": ""BNB""}]",YOK,-0.1161,-0.0775,0.5309,0.9525,false,0,false,,1,1,3,0,1,3,9.8,10.9,IZLE,,25,64385.1,,,,,SEVIYE,100,335.5,34,,,,,,,,,0,,20,1096.5,20,,,
31126,2026-07-29 12:10:14.616919+00,64400.05,-260899.8009593003,-40180.34700000003,11742404641.9932,0.00008278,48879623.95590999,0.0,19.8,BEKLE,false,0.0,0.0,1.4456,60.603,58799498.62360002,2477.654,19.8,0.0,"[{""usdt"": 12129282.0, ""borsa"": 3, ""fiyat"": 64375.0, ""kaynak"": ""BNB+BYB+OKX""}, {""usdt"": 10201379.0, ""borsa"": 1, ""fiyat"": 64350.0, ""kaynak"": ""BNB""}, {""usdt"": 9663955.0, ""borsa"": 1, ""fiyat"": 64300.0, ""kaynak"": ""BNB""}]","[{""usdt"": 20802486.0, ""borsa"": 3, ""fiyat"": 64425.0, ""kaynak"": ""BNB+BYB+OKX""}, {""usdt"": 10487339.0, ""borsa"": 1, ""fiyat"": 64500.0, ""kaynak"": ""BNB""}, {""usdt"": 9626232.0, ""borsa"": 1, ""fiyat"": 64475.0, ""kaynak"": ""BNB""}]",YOK,-0.1526,-0.0921,,,false,0.1326,false,,0,1,3,0,1,3,6.6,7.7,IZLE,,25,64385.1,,,,,SEVIYE,100,336.5,34,,,,,,,,,0,,20,1097.5,20,,,
31127,2026-07-29 12:11:14.910297+00,64414.05,101298.0257579997,69596.958,11744398397.3992,0.00008278,57014805.45218998,0.0,50.6,BEKLE,false,0.0,0.0,1.4456,120.958,54449503.97318,2538.009,50.6,0.0,"[{""usdt"": 14478984.0, ""borsa"": 3, ""fiyat"": 64400.0, ""kaynak"": ""BNB+BYB+OKX""}, {""usdt"": 13708359.0, ""borsa"": 1, ""fiyat"": 64350.0, ""kaynak"": ""BNB""}, {""usdt"": 9660299.0, ""borsa"": 1, ""fiyat"": 64375.0, ""kaynak"": ""BNB""}]","[{""usdt"": 17207842.0, ""borsa"": 3, ""fiyat"": 64450.0, ""kaynak"": ""BNB+BYB+OKX""}, {""usdt"": 10138270.0, ""borsa"": 1, ""fiyat"": 64500.0, ""kaynak"": ""BNB""}, {""usdt"": 9128508.0, ""borsa"": 3, ""fiyat"": 64425.0, ""kaynak"": ""BNB+BYB+OKX""}]",YOK,-0.079,0.023,0.2671,1.0298,false,,false,,0,1,3,0,0,3,3.1,4.2,IZLE,,25,64428.4,,,,,SEVIYE,70,267.5,27,,,,,,,,,0,,20,1098.5,20,,,
31128,2026-07-29 12:12:15.239908+00,64419.95,12673.005953099375,30704.857999999986,11745162811.471199,0.00008278,53685137.451489985,0.0,60.4,BEKLE,false,0.0,0.0,1.4456,181.188,56078940.70648003,2598.239,60.4,0.0,"[{""usdt"": 15111163.0, ""borsa"": 3, ""fiyat"": 64400.0, ""kaynak"": ""BNB+BYB+OKX""}, {""usdt"": 13173905.0, ""borsa"": 1, ""fiyat"": 64350.0, ""kaynak"": ""BNB""}, {""usdt"": 7887245.0, ""borsa"": 3, ""fiyat"": 64425.0, ""kaynak"": ""BNB+BYB+OKX""}]","[{""usdt"": 17538370.0, ""borsa"": 3, ""fiyat"": 64450.0, ""kaynak"": ""BNB+BYB+OKX""}, {""usdt"": 12530086.0, ""borsa"": 1, ""fiyat"": 64500.0, ""kaynak"": ""BNB""}, {""usdt"": 7491041.0, ""borsa"": 1, ""fiyat"": 64475.0, ""kaynak"": ""BNB""}]",YOK,-0.079,-0.0218,0.2647,0.0082,false,0.0949,false,,0,1,3,0,0,3,63.3,61.8,IZLE,,25,64428.4,,,,,SEVIYE,70,268.5,27,,,,,,,,,0,,20,1099.5,20,,,
31129,2026-07-29 12:13:15.609581+00,64436.149999999994,76912.35329030006,17081.441,11746228876.0368,0.00008278,49971446.324219994,0.0,50.2,BEKLE,false,0.0,0.0,1.4426,241.539,56417508.68145004,2658.59,50.2,0.0,"[{""usdt"": 13173905.0, ""borsa"": 1, ""fiyat"": 64350.0, ""kaynak"": ""BNB""}, {""usdt"": 12008979.0, ""borsa"": 3, ""fiyat"": 64400.0, ""kaynak"": ""BNB+BYB+OKX""}, {""usdt"": 7805238.0, ""borsa"": 1, ""fiyat"": 64375.0, ""kaynak"": ""BNB""}]","[{""usdt"": 19405942.0, ""borsa"": 3, ""fiyat"": 64450.0, ""kaynak"": ""BNB+BYB+OKX""}, {""usdt"": 12530086.0, ""borsa"": 1, ""fiyat"": 64500.0, ""kaynak"": ""BNB""}, {""usdt"": 7491041.0, ""borsa"": 1, ""fiyat"": 64475.0, ""kaynak"": ""BNB""}]",YOK,-0.0593,-0.0606,0.4077,0.8218,true,0.1649,true,0,0,1,3,0,2,3,59.8,60.9,IZLE,,25,64428.4,,,,,SEVIYE,70,269.5,27,,,,,,,,,0,,20,1100.5,20,,,
31130,2026-07-29 12:14:15.882424+00,64453.149999999994,100269.79489819976,284465.39099999995,11751862787.764801,0.00008278,50549685.78730997,0.0,45.3,BEKLE,false,0.0,0.0,1.4426,180.902,59464649.42834999,2718.911,45.3,0.0,"[{""usdt"": 14675492.0, ""borsa"": 3, ""fiyat"": 64425.0, ""kaynak"": ""BNB+BYB+OKX""}, {""usdt"": 11029177.0, ""borsa"": 1, ""fiyat"": 64350.0, ""kaynak"": ""BNB""}, {""usdt"": 10828311.0, ""borsa"": 1, ""fiyat"": 64375.0, ""kaynak"": ""BNB""}]","[{""usdt"": 19900817.0, ""borsa"": 3, ""fiyat"": 64450.0, ""kaynak"": ""BNB+BYB+OKX""}, {""usdt"": 10272485.0, ""borsa"": 1, ""fiyat"": 64550.0, ""kaynak"": ""BNB""}, {""usdt"": 10092053.0, ""borsa"": 3, ""fiyat"": 64475.0, ""kaynak"": ""BNB+BYB+OKX""}]",YOK,-0.0638,-0.081,0.4495,3.7965,true,0.0821,false,,0,1,3,0,1,3,56.3,57.4,IZLE,,25,64437.6,,,,,SEVIYE,70,270.5,28,,,,,,,,,0,,20,1101.5,20,,,
31131,2026-07-29 12:15:16.278935+00,64384.25,-1085249.6067017012,-1299264.603,11743118560.118,0.00008278,52130481.60220001,0.0,50.2,BEKLE,false,0.0,0.0,1.4426,60.3,52857423.253699996,2779.211,50.2,0.0,"[{""usdt"": 13202459.0, ""borsa"": 3, ""fiyat"": 64450.0, ""kaynak"": ""BNB+BYB+OKX""}, {""usdt"": 10693169.0, ""borsa"": 3, ""fiyat"": 64425.0, ""kaynak"": ""BNB+BYB+OKX""}, {""usdt"": 9381315.0, ""borsa"": 1, ""fiyat"": 64400.0, ""kaynak"": ""BNB""}]","[{""usdt"": 18627196.0, ""borsa"": 3, ""fiyat"": 64475.0, ""kaynak"": ""BNB+BYB+OKX""}, {""usdt"": 10453321.0, ""borsa"": 2, ""fiyat"": 64500.0, ""kaynak"": ""BNB+BYB""}, {""usdt"": 10355026.0, ""borsa"": 1, ""fiyat"": 64550.0, ""kaynak"": ""BNB""}]",YOK,0.0054,-0.0069,0.3231,0.3718,false,0.7636,false,,0,0,3,0,0,3,52.7,53.8,IZLE,,25,64394.3,,,,,SEVIYE,100,341.6,35,,,,,,,,,0,,20,1102.6,20,,,
31132,2026-07-29 12:16:17.971885+00,64352.95,-1841811.0616818005,-1928262.8509999998,11739948350.0874,0.00008278,53168933.59192997,2703.6198,59.0,BEKLE,false,2703.6198,0.0,1.4426,0,49311494.518610016,0,59.0,0.0,"[{""usdt"": 14296775.0, ""borsa"": 3, ""fiyat"": 64350.0, ""kaynak"": ""BNB+BYB+OKX""}, {""usdt"": 10995581.0, ""borsa"": 1, ""fiyat"": 64275.0, ""kaynak"": ""BNB""}, {""usdt"": 9473903.0, ""borsa"": 1, ""fiyat"": 64250.0, ""kaynak"": ""BNB""}]","[{""usdt"": 14075182.0, ""borsa"": 3, ""fiyat"": 64375.0, ""kaynak"": ""BNB+BYB+OKX""}, {""usdt"": 10248144.0, ""borsa"": 3, ""fiyat"": 64400.0, ""kaynak"": ""BNB+BYB+OKX""}, {""usdt"": 9782199.0, ""borsa"": 1, ""fiyat"": 64450.0, ""kaynak"": ""BNB""}]",YOK,-0.0473,0.0376,0.4149,0.7832,false,2.3527,true,0,0,1,3,0,0,3,50.6,51.7,IZLE,,25,64394.3,,,,,SEVIYE,100,342.6,35,,,,,,,1785327300,1,0,,20,1103.6,20,,,
31133,2026-07-29 12:17:18.341575+00,64280.350000000006,-4141458.1631181017,-2776680.8789999993,11728865053.2725,0.00008278,60850129.98608004,89826.67479999998,0.0,BEKLE,,89826.67479999998,0.0,1.4426,60.424,55860149.53525992,0,0.0,0.0,"[{""usdt"": 16163406.0, ""borsa"": 3, ""fiyat"": 64300.0, ""kaynak"": ""BNB+BYB+OKX""}, {""usdt"": 13207690.0, ""borsa"": 1, ""fiyat"": 64275.0, ""kaynak"": ""BNB""}, {""usdt"": 12123493.0, ""borsa"": 1, ""fiyat"": 64225.0, ""kaynak"": ""BNB""}]","[{""usdt"": 16353576.0, ""borsa"": 3, ""fiyat"": 64350.0, ""kaynak"": ""BNB+BYB+OKX""}, {""usdt"": 9290125.0, ""borsa"": 3, ""fiyat"": 64325.0, ""kaynak"": ""BNB+BYB+OKX""}, {""usdt"": 8905969.0, ""borsa"": 1, ""fiyat"": 64400.0, ""kaynak"": ""BNB""}]",YOK,-0.2547,0.0428,0.519,1.0468,false,,false,,0,2,3,1,1,3,47.2,48.3,IZLE,,50,64258.4,,,,,SEVIYE+TASFIYE,50,153.3,16,,,,,,,1785327420,2,0,,20,1104.6,20,,,
31134,2026-07-29 12:18:19.64301+00,64281.350000000006,-4107898.2029928076,-2808290.764999999,11730639437.013601,0.00008278,59350367.80112003,153093.9277,0.0,BEKLE,,153093.9277,0.0,1.442,121.482,56901574.56447,61.058,0.0,0.0,"[{""usdt"": 14408308.0, ""borsa"": 3, ""fiyat"": 64250.0, ""kaynak"": ""BNB+BYB+OKX""}, {""usdt"": 12511725.0, ""borsa"": 3, ""fiyat"": 64275.0, ""kaynak"": ""BNB+BYB+OKX""}, {""usdt"": 12455511.0, ""borsa"": 1, ""fiyat"": 64200.0, ""kaynak"": ""BNB""}]","[{""usdt"": 21539372.0, ""borsa"": 3, ""fiyat"": 64300.0, ""kaynak"": ""BNB+BYB+OKX""}, {""usdt"": 7836689.0, ""borsa"": 1, ""fiyat"": 64325.0, ""kaynak"": ""BNB""}, {""usdt"": 7687210.0, ""borsa"": 1, ""fiyat"": 64400.0, ""kaynak"": ""BNB""}]",YOK,-0.188,0.0211,0.5192,1.1525,false,,false,,0,2,3,0,1,3,44.4,45.5,IZLE,,50,64258.4,,,,,SEVIYE+TASFIYE,50,154.4,16,,,,,,,1785327480,2,0,,20,1105.6,20,,,
31135,2026-07-29 12:19:20.010828+00,64297.75,-4107898.2029928076,-2808290.764999999,11730639437.013601,0.00008278,59681880.56766005,153093.9277,0.0,BEKLE,,153093.9277,0.0,1.442,60.617,53611610.76954001,60.617,0.0,0.0,"[{""usdt"": 14683842.0, ""borsa"": 3, ""fiyat"": 64275.0, ""kaynak"": ""BNB+BYB+OKX""}, {""usdt"": 12323187.0, ""borsa"": 1, ""fiyat"": 64200.0, ""kaynak"": ""BNB""}, {""usdt"": 11763688.0, ""borsa"": 1, ""fiyat"": 64225.0, ""kaynak"": ""BNB""}]","[{""usdt"": 16191343.0, ""borsa"": 3, ""fiyat"": 64300.0, ""kaynak"": ""BNB+BYB+OKX""}, {""usdt"": 11379138.0, ""borsa"": 3, ""fiyat"": 64325.0, ""kaynak"": ""BNB+BYB+OKX""}, {""usdt"": 8066652.0, ""borsa"": 1, ""fiyat"": 64400.0, ""kaynak"": ""BNB""}]",YOK,-0.1089,0.0536,0.498,1.1033,false,,false,,0,1,3,0,0,3,41.1,42.2,IZLE,,50,64258.4,,,,,SEVIYE+TASFIYE,50,155.4,16,,,,,,,1785327480,2,0,,20,1106.6,20,,,
31136,2026-07-29 12:20:20.32601+00,64296.95,-4322564.015179411,-2563381.2469999995,11726635160.019001,0.00008278,57138387.50247002,153102.51549999998,48.5,BEKLE,,153102.51549999998,0.0,1.442,120.995,49968256.78913001,120.995,48.5,0.0,"[{""usdt"": 14959839.0, ""borsa"": 1, ""fiyat"": 64200.0, ""kaynak"": ""BNB""}, {""usdt"": 13027349.0, ""borsa"": 3, ""fiyat"": 64300.0, ""kaynak"": ""BNB+BYB+OKX""}, {""usdt"": 11177802.0, ""borsa"": 1, ""fiyat"": 64225.0, ""kaynak"": ""BNB""}]","[{""usdt"": 14650778.0, ""borsa"": 3, ""fiyat"": 64325.0, ""kaynak"": ""BNB+BYB+OKX""}, {""usdt"": 9418340.0, ""borsa"": 1, ""fiyat"": 64400.0, ""kaynak"": ""BNB""}, {""usdt"": 8238482.0, ""borsa"": 1, ""fiyat"": 64350.0, ""kaynak"": ""BNB""}]",YOK,-0.1035,0.0669,0.6512,1.0547,false,,false,,0,1,3,1,0,3,37.6,38.7,IZLE,,50,64258.4,,,,,SEVIYE+TASFIYE,50,156.4,16,,,,,,,1785327480,2,0,,20,1107.6,20,,,
31137,2026-07-29 12:21:20.627197+00,64328.149999999994,-4180699.1192687084,-2032670.3519999997,11726424775.181,0.00008278,55412924.90990002,150398.8957,16.4,BEKLE,false,150398.8957,0.0,1.439,181.246,51870255.35019999,181.246,16.4,0.0,"[{""usdt"": 13760063.0, ""borsa"": 3, ""fiyat"": 64300.0, ""kaynak"": ""BNB+BYB+OKX""}, {""usdt"": 12185145.0, ""borsa"": 1, ""fiyat"": 64225.0, ""kaynak"": ""BNB""}, {""usdt"": 10906716.0, ""borsa"": 1, ""fiyat"": 64200.0, ""kaynak"": ""BNB""}]","[{""usdt"": 13870254.0, ""borsa"": 3, ""fiyat"": 64325.0, ""kaynak"": ""BNB+BYB+OKX""}, {""usdt"": 12519854.0, ""borsa"": 3, ""fiyat"": 64350.0, ""kaynak"": ""BNB+BYB+OKX""}, {""usdt"": 9396168.0, ""borsa"": 1, ""fiyat"": 64400.0, ""kaynak"": ""BNB""}]",YOK,-0.0752,0.033,0.9423,0.6004,false,,true,0,0,0,3,0,0,3,33.5,35.1,IZLE,,50,64394.3,,,,,SEVIYE+TASFIYE,100,347.6,35,,,,,,,1785327480,2,0,,20,1108.6,20,,,
31138,2026-07-29 12:22:21.13045+00,64282.45,-3390048.9057583087,-1355021.393,11730737123.116001,0.00008278,58592446.77696995,84233.99630000001,50.3,BEKLE,,84233.99630000001,0.0,1.439,241.573,53121316.06853999,120.578,0.0,50.3,"[{""usdt"": 15293492.0, ""borsa"": 3, ""fiyat"": 64300.0, ""kaynak"": ""BNB+BYB+OKX""}, {""usdt"": 12803559.0, ""borsa"": 1, ""fiyat"": 64200.0, ""kaynak"": ""BNB""}, {""usdt"": 12055244.0, ""borsa"": 1, ""fiyat"": 64225.0, ""kaynak"": ""BNB""}]","[{""usdt"": 13950150.0, ""borsa"": 3, ""fiyat"": 64325.0, ""kaynak"": ""BNB+BYB+OKX""}, {""usdt"": 11291939.0, ""borsa"": 3, ""fiyat"": 64350.0, ""kaynak"": ""BNB+BYB+OKX""}, {""usdt"": 10872521.0, ""borsa"": 1, ""fiyat"": 64425.0, ""kaynak"": ""BNB""}]",YOK,-0.0458,0.049,0.2782,0.0468,false,,true,0,0,0,3,0,0,3,30,31.1,IZLE,,25,64258.4,,,,,SEVIYE,50,158.4,16,,,,,,,1785327600,2,0,,20,1109.6,20,,,
31139,2026-07-29 12:23:21.379608+00,64330.95,-3368004.8907410083,-1445541.34,11724371893.9218,0.00008278,55662115.726059996,66553.48890000001,52.8,BEKLE,true,66553.48890000001,0.0,1.439,302.04,54253514.02764003,181.045,0.0,52.8,"[{""usdt"": 13418664.0, ""borsa"": 1, ""fiyat"": 64200.0, ""kaynak"": ""BNB""}, {""usdt"": 13103476.0, ""borsa"": 3, ""fiyat"": 64300.0, ""kaynak"": ""BNB+BYB+OKX""}, {""usdt"": 12508269.0, ""borsa"": 1, ""fiyat"": 64225.0, ""kaynak"": ""BNB""}]","[{""usdt"": 18251377.0, ""borsa"": 3, ""fiyat"": 64325.0, ""kaynak"": ""BNB+BYB+OKX""}, {""usdt"": 10240896.0, ""borsa"": 3, ""fiyat"": 64350.0, ""kaynak"": ""BNB+BYB+OKX""}, {""usdt"": 9529705.0, ""borsa"": 1, ""fiyat"": 64375.0, ""kaynak"": ""BNB""}]",YOK,-0.0491,0.0128,0.2836,1.1436,false,,true,0,0,1,3,0,0,3,26.6,27.7,IZLE,,50,64394.3,,,,,SEVIYE+TASFIYE,100,349.7,35,,,,,,,1785327600,2,0,,20,1110.6,20,,,
31140,2026-07-29 12:24:22.107036+00,64339.95,-2954797.1038453085,-1251990.383,11731088314.888802,0.00008278,51017320.36378001,24122.9478,47.4,BEKLE,true,3537.0278,20585.920000000002,1.439,181.447,54602654.318189934,0,0.0,47.4,"[{""usdt"": 13519207.0, ""borsa"": 3, ""fiyat"": 64325.0, ""kaynak"": ""BNB+BYB+OKX""}, {""usdt"": 12932912.0, ""borsa"": 1, ""fiyat"": 64225.0, ""kaynak"": ""BNB""}, {""usdt"": 7752862.0, ""borsa"": 1, ""fiyat"": 64275.0, ""kaynak"": ""BNB""}]","[{""usdt"": 18760931.0, ""borsa"": 3, ""fiyat"": 64350.0, ""kaynak"": ""BNB+BYB+OKX""}, {""usdt"": 10404614.0, ""borsa"": 3, ""fiyat"": 64375.0, ""kaynak"": ""BNB+BYB+OKX""}, {""usdt"": 9687439.0, ""borsa"": 1, ""fiyat"": 64425.0, ""kaynak"": ""BNB""}]",YOK,0.0349,-0.0339,0.3513,0.7882,false,,true,0,0,0,3,0,1,3,23.1,24.2,IZLE,,25,64393.8,,,,,SEVIYE,100,350.7,36,,,,,,,1785327780,1,0,,20,1111.7,20,,,
31141,2026-07-29 12:25:22.487983+00,64323.850000000006,-2845830.2960708095,-591806.585,11732278614.8226,0.00008278,56458529.64846998,25605.3128,51.3,BEKLE,true,5016.8328,20588.48,1.439,241.797,56659200.136870034,60.35,0.0,51.3,"[{""usdt"": 12901732.0, ""borsa"": 1, ""fiyat"": 64200.0, ""kaynak"": ""BNB""}, {""usdt"": 12706308.0, ""borsa"": 3, ""fiyat"": 64300.0, ""kaynak"": ""BNB+BYB+OKX""}, {""usdt"": 11775234.0, ""borsa"": 1, ""fiyat"": 64225.0, ""kaynak"": ""BNB""}]","[{""usdt"": 18003398.0, ""borsa"": 3, ""fiyat"": 64325.0, ""kaynak"": ""BNB+BYB+OKX""}, {""usdt"": 12960354.0, ""borsa"": 3, ""fiyat"": 64350.0, ""kaynak"": ""BNB+BYB+OKX""}, {""usdt"": 9423624.0, ""borsa"": 1, ""fiyat"": 64375.0, ""kaynak"": ""BNB""}]",YOK,-0.0088,-0.0018,0.3537,0.3951,false,,true,0,0,0,3,1,1,3,19.1,20.2,IZLE,,25,64258.4,,,,,SEVIYE,50,161.4,17,,,,,,,1785327780,1,0,,20,1112.7,20,,,
31142,2026-07-29 12:26:22.847754+00,64322.149999999994,-2860698.9826604095,-289700.31700000004,11729644767.1344,0.00008278,51882631.10853999,22132.615999999998,55.4,BEKLE,true,1544.136,20588.48,1.439,302.217,51029405.41198994,120.77,0.0,55.4,"[{""usdt"": 13199012.0, ""borsa"": 3, ""fiyat"": 64325.0, ""kaynak"": ""BNB+BYB+OKX""}, {""usdt"": 12354071.0, ""borsa"": 1, ""fiyat"": 64225.0, ""kaynak"": ""BNB""}, {""usdt"": 10493170.0, ""borsa"": 3, ""fiyat"": 64300.0, ""kaynak"": ""BNB+BYB+OKX""}]","[{""usdt"": 17046004.0, ""borsa"": 3, ""fiyat"": 64350.0, ""kaynak"": ""BNB+BYB+OKX""}, {""usdt"": 9181221.0, ""borsa"": 1, ""fiyat"": 64375.0, ""kaynak"": ""BNB""}, {""usdt"": 9026467.0, ""borsa"": 1, ""fiyat"": 64425.0, ""kaynak"": ""BNB""}]",YOK,-0.0071,0.0083,0.3563,0.0992,false,,true,0,0,0,3,0,0,3,15.7,16.8,IZLE,,25,64258.4,,,,,SEVIYE,50,162.4,17,,,,,,,1785327780,1,0,,20,1113.7,20,,,
31143,2026-07-29 12:27:23.181936+00,64325.25,-2895534.4292096095,-285855.908,11730775484.9948,0.00008278,55406727.41471003,22132.615999999998,37.8,BEKLE,true,1544.136,20588.48,1.4378,362.502,46449174.48340001,181.055,0.0,37.8,"[{""usdt"": 12746134.0, ""borsa"": 1, ""fiyat"": 64225.0, ""kaynak"": ""BNB""}, {""usdt"": 12469441.0, ""borsa"": 3, ""fiyat"": 64300.0, ""kaynak"": ""BNB+BYB+OKX""}, {""usdt"": 9157817.0, ""borsa"": 1, ""fiyat"": 64250.0, ""kaynak"": ""BNB""}]","[{""usdt"": 13947481.0, ""borsa"": 3, ""fiyat"": 64350.0, ""kaynak"": ""BNB+BYB+OKX""}, {""usdt"": 8744376.0, ""borsa"": 1, ""fiyat"": 64400.0, ""kaynak"": ""BNB""}, {""usdt"": 7954251.0, ""borsa"": 1, ""fiyat"": 64425.0, ""kaynak"": ""BNB""}]",YOK,-0.0345,0.0879,0.2526,1.3408,false,,true,0,0,1,3,1,0,3,11.3,12.4,IZLE,,25,64258.4,,,,,SEVIYE,50,163.4,17,,,,,,,1785327780,1,1,,20,1114.7,20,,,
31144,2026-07-29 12:28:23.571873+00,64320.05,-1318091.2941441087,-255646.76900000006,11732687647.177599,0.00008278,49590350.13045002,22132.615999999998,58.2,BEKLE,true,1544.136,20588.48,1.4378,422.845,53641015.13440995,241.398,0.0,58.2,"[{""usdt"": 12129297.0, ""borsa"": 1, ""fiyat"": 64225.0, ""kaynak"": ""BNB""}, {""usdt"": 12060378.0, ""borsa"": 3, ""fiyat"": 64300.0, ""kaynak"": ""BNB+BYB+OKX""}, {""usdt"": 9743932.0, ""borsa"": 1, ""fiyat"": 64250.0, ""kaynak"": ""BNB""}]","[{""usdt"": 14262787.0, ""borsa"": 3, ""fiyat"": 64350.0, ""kaynak"": ""BNB+BYB+OKX""}, {""usdt"": 11465623.0, ""borsa"": 3, ""fiyat"": 64325.0, ""kaynak"": ""BNB+BYB+OKX""}, {""usdt"": 8237095.0, ""borsa"": 1, ""fiyat"": 64425.0, ""kaynak"": ""BNB""}]",YOK,-0.0534,-0.0392,0.5573,0.1816,false,,true,0,0,1,3,0,1,3,7.8,8.9,IZLE,,25,64258.4,,,,,SEVIYE,50,164.4,17,,,,,,,1785327780,1,2,,20,1115.7,20,,,
31145,2026-07-29 12:29:23.858986+00,64326.649999999994,-1635776.6492793076,-276672.333,11728601182.227999,0.00008278,46957363.784350015,0.0,61.1,BEKLE,true,0.0,0.0,1.4378,483.279,56614110.531550005,301.832,0.0,61.1,"[{""usdt"": 12116168.0, ""borsa"": 1, ""fiyat"": 64225.0, ""kaynak"": ""BNB""}, {""usdt"": 10547711.0, ""borsa"": 3, ""fiyat"": 64300.0, ""kaynak"": ""BNB+BYB+OKX""}, {""usdt"": 8705892.0, ""borsa"": 1, ""fiyat"": 64275.0, ""kaynak"": ""BNB""}]","[{""usdt"": 14845671.0, ""borsa"": 3, ""fiyat"": 64350.0, ""kaynak"": ""BNB+BYB+OKX""}, {""usdt"": 10293556.0, ""borsa"": 1, ""fiyat"": 64425.0, ""kaynak"": ""BNB""}, {""usdt"": 8419588.0, ""borsa"": 1, ""fiyat"": 64375.0, ""kaynak"": ""BNB""}]",YOK,-0.0642,-0.0932,0.4971,0.3071,false,,true,0.3554,0,1,3,0,1,3,4.4,5.5,IZLE,,25,64393.8,,,,,SEVIYE,100,355.7,36,,,,,,,,,0,,20,1116.7,20,,,
31146,2026-07-29 12:30:25.387705+00,64254.350000000006,-1447449.0202482075,-197190.62400000007,11727630017.654999,0.00008278,50922071.60235006,0.0,22.2,BEKLE,false,0.0,0.0,1.4378,544.64,45842122.79575002,0,0.0,22.2,"[{""usdt"": 13557249.0, ""borsa"": 2, ""fiyat"": 64225.0, ""kaynak"": ""BNB+BYB""}, {""usdt"": 11137909.0, ""borsa"": 1, ""fiyat"": 64200.0, ""kaynak"": ""BNB""}, {""usdt"": 8231116.0, ""borsa"": 1, ""fiyat"": 64175.0, ""kaynak"": ""BNB""}]","[{""usdt"": 11283546.0, ""borsa"": 2, ""fiyat"": 64350.0, ""kaynak"": ""BNB+OKX""}, {""usdt"": 11219088.0, ""borsa"": 2, ""fiyat"": 64325.0, ""kaynak"": ""BNB+OKX""}, {""usdt"": 8315485.0, ""borsa"": 2, ""fiyat"": 64275.0, ""kaynak"": ""BNB+BYB""}]",YOK,-0.1274,0.0525,0.7214,2.1974,false,,false,,0,1,3,0,1,3,1.9,63.7,IZLE,,25,64258.4,,,,,SEVIYE,50,166.5,17,,,,,,,,,0,,20,1117.7,20,,,
31147,2026-07-29 12:31:25.744522+00,64291.649999999994,1966634.310591499,1447046.772,11721975770.637,0.00008278,60050527.54408005,0.0,42.3,BEKLE,false,0.0,0.0,1.4378,605.07,41856930.39892002,60.43,0.0,42.3,"[{""usdt"": 19094581.0, ""borsa"": 3, ""fiyat"": 64250.0, ""kaynak"": ""BNB+BYB+OKX""}, {""usdt"": 14800339.0, ""borsa"": 3, ""fiyat"": 64225.0, ""kaynak"": ""BNB+BYB+OKX""}, {""usdt"": 11137909.0, ""borsa"": 1, ""fiyat"": 64200.0, ""kaynak"": ""BNB""}]","[{""usdt"": 12067557.0, ""borsa"": 3, ""fiyat"": 64275.0, ""kaynak"": ""BNB+BYB+OKX""}, {""usdt"": 7113040.0, ""borsa"": 1, ""fiyat"": 64350.0, ""kaynak"": ""BNB""}, {""usdt"": 6849590.0, ""borsa"": 1, ""fiyat"": 64325.0, ""kaynak"": ""BNB""}]",PERP,-0.1274,0.1785,0.6701,0.2595,false,,false,6.2942,0,1,3,1,0,3,62.3,63.4,IZLE,,25,64258.4,,,,,SEVIYE,50,167.5,17,PCT,1.29,2.1148838134801013,42.819705237460305,false,0.018,,,0,,20,1118.7,20,,,
31148,2026-07-29 12:32:26.787464+00,64313.25,2118404.5604441985,1451214.588,11719573520.9045,0.00008278,57224501.770369984,0.0,51.8,BEKLE,true,0.0,0.0,1.4378,666.08,50257788.36941999,121.44,0.0,51.8,"[{""usdt"": 14664125.0, ""borsa"": 3, ""fiyat"": 64275.0, ""kaynak"": ""BNB+BYB+OKX""}, {""usdt"": 13379600.0, ""borsa"": 1, ""fiyat"": 64200.0, ""kaynak"": ""BNB""}, {""usdt"": 12859225.0, ""borsa"": 1, ""fiyat"": 64225.0, ""kaynak"": ""BNB""}]","[{""usdt"": 15638211.0, ""borsa"": 3, ""fiyat"": 64300.0, ""kaynak"": ""BNB+BYB+OKX""}, {""usdt"": 10365261.0, ""borsa"": 3, ""fiyat"": 64325.0, ""kaynak"": ""BNB+BYB+OKX""}, {""usdt"": 8055535.0, ""borsa"": 1, ""fiyat"": 64375.0, ""kaynak"": ""BNB""}]",YOK,-0.1312,0.0648,0.6784,0.0995,false,,false,6.4056,0,1,3,0,0,3,59,60.1,IZLE,,25,64258.4,,,,,SEVIYE,50,168.5,17,,,,,,,,,0,,20,1119.7,20,,,
31149,2026-07-29 12:33:27.792724+00,64324.45,2464882.8010667986,1610761.6960000002,11723230919.499199,0.00008278,54757806.618180014,0.0,49.5,BEKLE,true,0.0,0.0,1.4355,727.174,54048166.022209965,61.094,0.0,49.5,"[{""usdt"": 13764608.0, ""borsa"": 3, ""fiyat"": 64300.0, ""kaynak"": ""BNB+BYB+OKX""}, {""usdt"": 11970988.0, ""borsa"": 1, ""fiyat"": 64225.0, ""kaynak"": ""BNB""}, {""usdt"": 9902955.0, ""borsa"": 1, ""fiyat"": 64200.0, ""kaynak"": ""BNB""}]","[{""usdt"": 14818653.0, ""borsa"": 3, ""fiyat"": 64350.0, ""kaynak"": ""BNB+BYB+OKX""}, {""usdt"": 12300993.0, ""borsa"": 3, ""fiyat"": 64325.0, ""kaynak"": ""BNB+BYB+OKX""}, {""usdt"": 8912464.0, ""borsa"": 1, ""fiyat"": 64400.0, ""kaynak"": ""BNB""}]",YOK,-0.0618,0.0065,0.597,0.0426,false,0,false,7.3741,0,0,3,0,1,3,56.3,57.4,IZLE,,25,64258.4,,,,,SEVIYE,50,169.5,17,,,,,,,,,0,,20,1120.7,20,,,
31150,2026-07-29 12:34:28.107229+00,64313.75,2365741.0513134007,1626381.458,11723145295.9691,0.00008278,54655433.890270025,0.0,57.4,BEKLE,true,0.0,0.0,1.4355,787.508,54829031.03332998,121.428,0.0,57.4,"[{""usdt"": 14078331.0, ""borsa"": 3, ""fiyat"": 64300.0, ""kaynak"": ""BNB+BYB+OKX""}, {""usdt"": 13043685.0, ""borsa"": 1, ""fiyat"": 64225.0, ""kaynak"": ""BNB""}, {""usdt"": 11238486.0, ""borsa"": 1, ""fiyat"": 64200.0, ""kaynak"": ""BNB""}]","[{""usdt"": 17667340.0, ""borsa"": 3, ""fiyat"": 64325.0, ""kaynak"": ""BNB+BYB+OKX""}, {""usdt"": 10059306.0, ""borsa"": 3, ""fiyat"": 64350.0, ""kaynak"": ""BNB+BYB+OKX""}, {""usdt"": 9240064.0, ""borsa"": 1, ""fiyat"": 64400.0, ""kaynak"": ""BNB""}]",YOK,-0.074,-0.0016,0.6044,0.1218,false,,false,7.4525,0,1,3,0,0,3,52.7,53.8,IZLE,,25,64258.4,,,,,SEVIYE,50,170.5,18,,,,,,,,,0,,20,1001.6,20,,,
31151,2026-07-29 12:35:28.487177+00,64341.25,2683799.0549296024,1229209.9109999998,11726054693.184101,0.00008278,56790607.11087998,0.0,39.8,BEKLE,true,0.0,0.0,1.4355,847.801,58095788.71878995,181.721,0.0,39.8,"[{""usdt"": 13083867.0, ""borsa"": 1, ""fiyat"": 64225.0, ""kaynak"": ""BNB""}, {""usdt"": 12137145.0, ""borsa"": 3, ""fiyat"": 64300.0, ""kaynak"": ""BNB+BYB+OKX""}, {""usdt"": 10576154.0, ""borsa"": 3, ""fiyat"": 64325.0, ""kaynak"": ""BNB+BYB+OKX""}]","[{""usdt"": 20674133.0, ""borsa"": 3, ""fiyat"": 64350.0, ""kaynak"": ""BNB+BYB+OKX""}, {""usdt"": 9448222.0, ""borsa"": 1, ""fiyat"": 64375.0, ""kaynak"": ""BNB""}, {""usdt"": 9382271.0, ""borsa"": 1, ""fiyat"": 64400.0, ""kaynak"": ""BNB""}]",YOK,0.0001,-0.0114,0.6779,0.8921,false,,false,8.7462,0,0,3,0,1,3,49.2,50.3,IZLE,,25,64386.3,,,,,SEVIYE,100,361.8,37,,,,,,,,,0,,20,1002.6,20,,,
31152,2026-07-29 12:36:29.581696+00,64323.75,1724100.5591923043,-139360.47200000004,11721949460.1646,0.00008278,50983867.343210004,0.0,74.3,BEKLE,false,0.0,0.0,1.4355,908.663,51591996.35957994,242.583,74.3,0.0,"[{""usdt"": 14279035.0, ""borsa"": 3, ""fiyat"": 64325.0, ""kaynak"": ""BNB+BYB+OKX""}, {""usdt"": 10742416.0, ""borsa"": 1, ""fiyat"": 64250.0, ""kaynak"": ""BNB""}, {""usdt"": 9714470.0, ""borsa"": 1, ""fiyat"": 64225.0, ""kaynak"": ""BNB""}]","[{""usdt"": 16255425.0, ""borsa"": 3, ""fiyat"": 64350.0, ""kaynak"": ""BNB+BYB+OKX""}, {""usdt"": 10669942.0, ""borsa"": 3, ""fiyat"": 64375.0, ""kaynak"": ""BNB+BYB+OKX""}, {""usdt"": 9624481.0, ""borsa"": 1, ""fiyat"": 64425.0, ""kaynak"": ""BNB""}]",YOK,-0.0076,-0.0059,0.1,0.8273,false,,false,2.3708,0,0,3,0,1,3,46.2,47.3,IZLE,,25,64386.3,,,,,SEVIYE,100,362.8,37,,,,,,,,,0,,20,1003.6,20,,,
31153,2026-07-29 12:37:29.868184+00,64295.55,1324316.1922985052,-44381.69399999999,11714762107.2227,0.00008278,56778367.23672999,0.0,74.2,BEKLE,false,0.0,0.0,1.4355,969.25,56695832.49151002,303.17,74.2,0.0,"[{""usdt"": 14899530.0, ""borsa"": 1, ""fiyat"": 64200.0, ""kaynak"": ""BNB""}, {""usdt"": 12206745.0, ""borsa"": 1, ""fiyat"": 64225.0, ""kaynak"": ""BNB""}, {""usdt"": 11667668.0, ""borsa"": 3, ""fiyat"": 64275.0, ""kaynak"": ""BNB+BYB+OKX""}]","[{""usdt"": 17203302.0, ""borsa"": 3, ""fiyat"": 64325.0, ""kaynak"": ""BNB+BYB+OKX""}, {""usdt"": 9033716.0, ""borsa"": 1, ""fiyat"": 64425.0, ""kaynak"": ""BNB""}, {""usdt"": 8975632.0, ""borsa"": 1, ""fiyat"": 64400.0, ""kaynak"": ""BNB""}]",YOK,-0.1032,0.0007,0.2784,0.3878,false,,false,4.2028,0,1,3,0,1,3,42.9,43.9,IZLE,,25,64258.4,,,,,SEVIYE,50,173.5,18,,,,,,,,,0,,20,1004.6,20,,,
31154,2026-07-29 12:38:30.179745+00,64314.350000000006,1271580.0573791044,179787.27699999997,11714262714.0217,0.00008278,57749563.97841999,0.0,85.9,BEKLE,false,0.0,0.0,1.4355,1029.608,53911466.56644997,363.528,85.9,0.0,"[{""usdt"": 15257177.0, ""borsa"": 1, ""fiyat"": 64200.0, ""kaynak"": ""BNB""}, {""usdt"": 14646797.0, ""borsa"": 3, ""fiyat"": 64275.0, ""kaynak"": ""BNB+BYB+OKX""}, {""usdt"": 11043885.0, ""borsa"": 1, ""fiyat"": 64225.0, ""kaynak"": ""BNB""}]","[{""usdt"": 18679947.0, ""borsa"": 3, ""fiyat"": 64325.0, ""kaynak"": ""BNB+BYB+OKX""}, {""usdt"": 9688836.0, ""borsa"": 1, ""fiyat"": 64400.0, ""kaynak"": ""BNB""}, {""usdt"": 9035336.0, ""borsa"": 3, ""fiyat"": 64300.0, ""kaynak"": ""BNB+BYB+OKX""}]",YOK,-0.0952,0.0344,0.3773,0.1996,false,,false,3.5496,0,1,3,0,0,3,39.5,40.5,IZLE,,25,64258.4,,,,,SEVIYE,50,174.6,18,,,,,,,,,0,,20,1005.6,20,,,
31155,2026-07-29 12:39:30.833587+00,64317.05,1264795.0714757033,186894.62099999996,11715603450.8836,0.00008278,56335015.81843997,0.0,90.4,BEKLE,false,0.0,0.0,1.4355,1090.168,49235540.37499998,424.088,90.4,0.0,"[{""usdt"": 13671533.0, ""borsa"": 3, ""fiyat"": 64275.0, ""kaynak"": ""BNB+BYB+OKX""}, {""usdt"": 13553065.0, ""borsa"": 1, ""fiyat"": 64200.0, ""kaynak"": ""BNB""}, {""usdt"": 11754379.0, ""borsa"": 1, ""fiyat"": 64225.0, ""kaynak"": ""BNB""}]","[{""usdt"": 14530197.0, ""borsa"": 3, ""fiyat"": 64325.0, ""kaynak"": ""BNB+BYB+OKX""}, {""usdt"": 9399938.0, ""borsa"": 1, ""fiyat"": 64375.0, ""kaynak"": ""BNB""}, {""usdt"": 8143253.0, ""borsa"": 1, ""fiyat"": 64400.0, ""kaynak"": ""BNB""}]",YOK,-0.1014,0.0672,0.3572,0.0669,false,,false,4.0231,0,1,3,0,0,3,36.2,37.2,IZLE,,25,64258.4,,,,,SEVIYE,50,175.6,18,,,,,,,,,0,,20,1006.6,20,,,
31156,2026-07-29 12:40:31.245614+00,64304.05,1257429.1677874038,277285.198,11717931335.9334,0.00008278,55732731.22448,0.0,62.8,BEKLE,false,0.0,0.0,1.4355,1150.549,52079545.740919985,484.469,62.8,0.0,"[{""usdt"": 13780489.0, ""borsa"": 3, ""fiyat"": 64300.0, ""kaynak"": ""BNB+BYB+OKX""}, {""usdt"": 11819265.0, ""borsa"": 1, ""fiyat"": 64225.0, ""kaynak"": ""BNB""}, {""usdt"": 11462895.0, ""borsa"": 1, ""fiyat"": 64200.0, ""kaynak"": ""BNB""}]","[{""usdt"": 16193917.0, ""borsa"": 3, ""fiyat"": 64325.0, ""kaynak"": ""BNB+BYB+OKX""}, {""usdt"": 11729996.0, ""borsa"": 1, ""fiyat"": 64400.0, ""kaynak"": ""BNB""}, {""usdt"": 7853010.0, ""borsa"": 2, ""fiyat"": 64350.0, ""kaynak"": ""BNB+BYB""}]",YOK,-0.0848,0.0339,0.5212,0.8493,false,,false,,0,1,3,0,1,3,32.7,33.7,IZLE,,25,64258.4,,,,,SEVIYE,50,176.6,18,,,,,,,,,0,,20,1007.6,20,,,
31157,2026-07-29 12:41:31.646677+00,64279.350000000006,-258075.6284924982,244160.08000000002,11716274759.5999,0.00008278,56370700.56897999,0.0,37.3,BEKLE,false,0.0,0.0,1.4355,1210.979,50101092.48395996,544.899,0.0,37.3,"[{""usdt"": 18200700.0, ""borsa"": 3, ""fiyat"": 64275.0, ""kaynak"": ""BNB+BYB+OKX""}, {""usdt"": 13244290.0, ""borsa"": 1, ""fiyat"": 64200.0, ""kaynak"": ""BNB""}, {""usdt"": 11665015.0, ""borsa"": 1, ""fiyat"": 64225.0, ""kaynak"": ""BNB""}]","[{""usdt"": 14961121.0, ""borsa"": 3, ""fiyat"": 64300.0, ""kaynak"": ""BNB+BYB+OKX""}, {""usdt"": 8881681.0, ""borsa"": 3, ""fiyat"": 64325.0, ""kaynak"": ""BNB+BYB+OKX""}, {""usdt"": 8450004.0, ""borsa"": 1, ""fiyat"": 64400.0, ""kaynak"": ""BNB""}]",YOK,-0.1126,0.0589,0.7897,1.1055,false,,false,,0,2,3,1,0,3,29.2,30.3,IZLE,,25,64258.4,,,,,SEVIYE,50,177.6,18,,,,,,,,,0,,20,1008.7,20,,,
31158,2026-07-29 12:42:31.963353+00,64274.45,117526.15584690089,294906.873,11716401491.345,0.00008278,57872330.37018997,0.0,27.0,BEKLE,true,0.0,0.0,1.4372,1271.271,59959243.060219966,60.292,0.0,27.0,"[{""usdt"": 15294012.0, ""borsa"": 3, ""fiyat"": 64275.0, ""kaynak"": ""BNB+BYB+OKX""}, {""usdt"": 13996543.0, ""borsa"": 1, ""fiyat"": 64200.0, ""kaynak"": ""BNB""}, {""usdt"": 10748207.0, ""borsa"": 1, ""fiyat"": 64225.0, ""kaynak"": ""BNB""}]","[{""usdt"": 18253181.0, ""borsa"": 3, ""fiyat"": 64300.0, ""kaynak"": ""BNB+BYB+OKX""}, {""usdt"": 13124399.0, ""borsa"": 3, ""fiyat"": 64325.0, ""kaynak"": ""BNB+BYB+OKX""}, {""usdt"": 10078435.0, ""borsa"": 1, ""fiyat"": 64375.0, ""kaynak"": ""BNB""}]",YOK,-0.0403,-0.0177,0.721,0.7882,false,,false,,0,1,3,0,1,3,25.6,26.7,IZLE,,25,64258.4,,,,,SEVIYE,50,178.6,18,,,,,,,,,0,,20,1009.7,20,,,
31159,2026-07-29 12:43:32.265635+00,64288.350000000006,-309498.88725400023,206655.331,11714019801.8645,0.00008278,57146578.203699976,0.0,9.7,BEKLE,,0.0,0.0,1.4372,1331.641,54079116.695389956,120.662,0.0,9.7,"[{""usdt"": 14816638.0, ""borsa"": 3, ""fiyat"": 64275.0, ""kaynak"": ""BNB+BYB+OKX""}, {""usdt"": 14209451.0, ""borsa"": 1, ""fiyat"": 64225.0, ""kaynak"": ""BNB""}, {""usdt"": 12879594.0, ""borsa"": 1, ""fiyat"": 64200.0, ""kaynak"": ""BNB""}]","[{""usdt"": 17522161.0, ""borsa"": 3, ""fiyat"": 64300.0, ""kaynak"": ""BNB+BYB+OKX""}, {""usdt"": 12754600.0, ""borsa"": 3, ""fiyat"": 64325.0, ""kaynak"": ""BNB+BYB+OKX""}, {""usdt"": 8889547.0, ""borsa"": 1, ""fiyat"": 64375.0, ""kaynak"": ""BNB""}]",YOK,-0.0886,0.0276,0.9771,1.0044,false,,false,,0,1,3,0,1,3,22.1,23.2,IZLE,,25,64258.4,,,,,SEVIYE,50,179.6,18,,,,,,,,,0,,20,1010.7,20,,,
31160,2026-07-29 12:44:32.614904+00,64300.850000000006,-586141.8365622008,578362.001,11718570073.011799,0.00008278,55376158.81058004,257.2264,31.0,BEKLE,true,257.2264,0.0,1.4372,1391.96,54374727.44416995,120.689,0.0,31.0,"[{""usdt"": 13794465.0, ""borsa"": 1, ""fiyat"": 64225.0, ""kaynak"": ""BNB""}, {""usdt"": 12787899.0, ""borsa"": 1, ""fiyat"": 64200.0, ""kaynak"": ""BNB""}, {""usdt"": 10008126.0, ""borsa"": 3, ""fiyat"": 64275.0, ""kaynak"": ""BNB+BYB+OKX""}]","[{""usdt"": 20136262.0, ""borsa"": 3, ""fiyat"": 64325.0, ""kaynak"": ""BNB+BYB+OKX""}, {""usdt"": 12094668.0, ""borsa"": 1, ""fiyat"": 64375.0, ""kaynak"": ""BNB""}, {""usdt"": 8685185.0, ""borsa"": 1, ""fiyat"": 64400.0, ""kaynak"": ""BNB""}]",YOK,-0.0891,0.0091,0.7772,0.4287,false,,false,,0,1,3,0,1,3,18.1,19.6,IZLE,,25,64329.6,,,,,SEVIYE,65,0.3,1,,,,,,,1785328980,1,0,,21,1011.7,21,,,
31161,2026-07-29 12:45:33.436689+00,64309.350000000006,-2245920.832156505,875826.9629999998,11721744411.655201,0.00008278,57108391.08562005,257.2264,33.8,BEKLE,true,257.2264,0.0,1.4372,1452.76,56474130.94369997,60.8,0.0,33.8,"[{""usdt"": 12880433.0, ""borsa"": 3, ""fiyat"": 64275.0, ""kaynak"": ""BNB+BYB+OKX""}, {""usdt"": 12541628.0, ""borsa"": 1, ""fiyat"": 64200.0, ""kaynak"": ""BNB""}, {""usdt"": 12436938.0, ""borsa"": 1, ""fiyat"": 64225.0, ""kaynak"": ""BNB""}]","[{""usdt"": 17344927.0, ""borsa"": 3, ""fiyat"": 64325.0, ""kaynak"": ""BNB+BYB+OKX""}, {""usdt"": 10369892.0, ""borsa"": 1, ""fiyat"": 64375.0, ""kaynak"": ""BNB""}, {""usdt"": 8355561.0, ""borsa"": 1, ""fiyat"": 64400.0, ""kaynak"": ""BNB""}]",YOK,-0.0602,0.0056,0.812,0.0774,false,2.0634,false,,0,1,3,0,1,3,15.1,16.1,IZLE,,25,64329.6,,,,,SEVIYE,65,1.3,1,PCT,0.61,0.06728535636914001,0.0,false,0.028,1785328980,1,1,,21,1012.7,21,,,
31162,2026-07-29 12:46:34.65256+00,64303.25,-3162041.4405559045,779808.294,11722599546.7289,0.00008278,56366884.83783001,257.2264,33.3,BEKLE,,257.2264,0.0,1.4372,1513.917,53014409.119019955,121.957,0.0,33.3,"[{""usdt"": 12637070.0, ""borsa"": 1, ""fiyat"": 64225.0, ""kaynak"": ""BNB""}, {""usdt"": 12571924.0, ""borsa"": 1, ""fiyat"": 64200.0, ""kaynak"": ""BNB""}, {""usdt"": 11421542.0, ""borsa"": 3, ""fiyat"": 64275.0, ""kaynak"": ""BNB+BYB+OKX""}]","[{""usdt"": 17604845.0, ""borsa"": 3, ""fiyat"": 64325.0, ""kaynak"": ""BNB+BYB+OKX""}, {""usdt"": 10346932.0, ""borsa"": 1, ""fiyat"": 64375.0, ""kaynak"": ""BNB""}, {""usdt"": 8121587.0, ""borsa"": 1, ""fiyat"": 64400.0, ""kaynak"": ""BNB""}]",YOK,-0.0751,0.0306,0.8,0.4152,false,1.3435,false,,0,1,3,1,0,3,12.3,13.4,IZLE,,25,64329.6,,,,,SEVIYE,65,2.3,1,,,,,,,1785328980,1,2,,21,1013.7,21,,,
31163,2026-07-29 12:47:34.940551+00,64303.25,-3829783.230151805,772081.1259999999,11722150514.5971,0.00008278,54288748.10503003,257.2264,34.1,BEKLE,true,257.2264,0.0,1.4349,1574.334,53558295.50410994,182.374,0.0,34.1,"[{""usdt"": 12544328.0, ""borsa"": 1, ""fiyat"": 64200.0, ""kaynak"": ""BNB""}, {""usdt"": 11734729.0, ""borsa"": 1, ""fiyat"": 64225.0, ""kaynak"": ""BNB""}, {""usdt"": 11537181.0, ""borsa"": 3, ""fiyat"": 64300.0, ""kaynak"": ""BNB+BYB+OKX""}]","[{""usdt"": 19037034.0, ""borsa"": 3, ""fiyat"": 64325.0, ""kaynak"": ""BNB+BYB+OKX""}, {""usdt"": 10192586.0, ""borsa"": 1, ""fiyat"": 64375.0, ""kaynak"": ""BNB""}, {""usdt"": 8360867.0, ""borsa"": 1, ""fiyat"": 64400.0, ""kaynak"": ""BNB""}]",YOK,-0.0387,0.0068,0.8592,0.3954,false,0.9692,false,,0,0,3,0,0,3,8.9,10,IZLE,,25,64329.6,,,,,SEVIYE,65,3.3,1,,,,,,,1785328980,1,3,,21,1014.7,21,,,
31164,2026-07-29 12:48:35.284496+00,64301.25,-4494627.728107405,764155.8019999999,11722135120.9678,0.00008278,54217138.73185003,0.0,41.6,BEKLE,true,0.0,0.0,1.4349,1634.582,56323859.096279964,242.622,0.0,41.6,"[{""usdt"": 13041704.0, ""borsa"": 1, ""fiyat"": 64200.0, ""kaynak"": ""BNB""}, {""usdt"": 12039442.0, ""borsa"": 1, ""fiyat"": 64225.0, ""kaynak"": ""BNB""}, {""usdt"": 10943004.0, ""borsa"": 3, ""fiyat"": 64300.0, ""kaynak"": ""BNB+BYB+OKX""}]","[{""usdt"": 22329449.0, ""borsa"": 3, ""fiyat"": 64325.0, ""kaynak"": ""BNB+BYB+OKX""}, {""usdt"": 10745798.0, ""borsa"": 1, ""fiyat"": 64375.0, ""kaynak"": ""BNB""}, {""usdt"": 8065337.0, ""borsa"": 1, ""fiyat"": 64400.0, ""kaynak"": ""BNB""}]",YOK,-0.0561,-0.0191,0.8471,0.1646,false,1.045,false,,0,0,3,1,1,3,5.3,6.4,IZLE,,25,64329.6,,,,,SEVIYE,65,4.3,1,,,,,,,,,0,,21,1015.7,21,,,
31165,2026-07-29 12:49:35.64234+00,64275.25,-4873851.785010403,752149.0969999998,11723433977.278801,0.00008278,56424691.788250074,0.0,24.3,BEKLE,,0.0,0.0,1.4349,1694.98,55947163.24657991,303.02,0.0,24.3,"[{""usdt"": 13919082.0, ""borsa"": 1, ""fiyat"": 64225.0, ""kaynak"": ""BNB""}, {""usdt"": 12389029.0, ""borsa"": 1, ""fiyat"": 64200.0, ""kaynak"": ""BNB""}, {""usdt"": 8486670.0, ""borsa"": 1, ""fiyat"": 64250.0, ""kaynak"": ""BNB""}]","[{""usdt"": 21682622.0, ""borsa"": 3, ""fiyat"": 64325.0, ""kaynak"": ""BNB+BYB+OKX""}, {""usdt"": 10431571.0, ""borsa"": 1, ""fiyat"": 64375.0, ""kaynak"": ""BNB""}, {""usdt"": 8466880.0, ""borsa"": 2, ""fiyat"": 64300.0, ""kaynak"": ""BNB+BYB""}]",YOK,-0.1435,0.0042,0.9479,0.3568,false,1.0158,false,,0,1,3,1,1,3,64.7,64.2,IZLE,,25,64258.4,,,,,SEVIYE,50,185.6,19,,,,,,,,,0,,21,1016.7,21,,,
31166,2026-07-29 12:50:36.087163+00,64307.350000000006,-4667661.204837002,173235.285,11721205522.213799,0.00008278,56694266.34492007,0.0,55.0,BEKLE,false,0.0,0.0,1.4349,1755.303,56399230.72077992,363.343,55.0,0.0,"[{""usdt"": 14573538.0, ""borsa"": 3, ""fiyat"": 64250.0, ""kaynak"": ""BNB+BYB+OKX""}, {""usdt"": 13919082.0, ""borsa"": 1, ""fiyat"": 64225.0, ""kaynak"": ""BNB""}, {""usdt"": 12389029.0, ""borsa"": 1, ""fiyat"": 64200.0, ""kaynak"": ""BNB""}]","[{""usdt"": 18871745.0, ""borsa"": 3, ""fiyat"": 64300.0, ""kaynak"": ""BNB+BYB+OKX""}, {""usdt"": 10431571.0, ""borsa"": 1, ""fiyat"": 64375.0, ""kaynak"": ""BNB""}, {""usdt"": 7687489.0, ""borsa"": 1, ""fiyat"": 64400.0, ""kaynak"": ""BNB""}]",YOK,-0.1474,0.0026,0.7178,0.0374,false,0.642,false,,0,2,3,0,1,3,61.2,62.8,IZLE,,25,64329.6,,,,,SEVIYE,65,6.4,1,,,,,,,,,0,,21,1017.7,21,,,
31167,2026-07-29 12:51:36.786557+00,64270.25,-5136463.442175902,163623.643,11716095075.4482,0.00008278,54279332.95713004,0.0,42.8,BEKLE,false,0.0,0.0,1.4366,1816.08,55225213.657789975,424.12,42.8,0.0,"[{""usdt"": 11810579.0, ""borsa"": 3, ""fiyat"": 64300.0, ""kaynak"": ""BNB+BYB+OKX""}, {""usdt"": 11768610.0, ""borsa"": 1, ""fiyat"": 64225.0, ""kaynak"": ""BNB""}, {""usdt"": 11542053.0, ""borsa"": 1, ""fiyat"": 64200.0, ""kaynak"": ""BNB""}]","[{""usdt"": 14130674.0, ""borsa"": 3, ""fiyat"": 64350.0, ""kaynak"": ""BNB+BYB+OKX""}, {""usdt"": 12878575.0, ""borsa"": 3, ""fiyat"": 64325.0, ""kaynak"": ""BNB+BYB+OKX""}, {""usdt"": 12015946.0, ""borsa"": 1, ""fiyat"": 64400.0, ""kaynak"": ""BNB""}]",YOK,-0.0547,-0.0086,0.7027,0.7404,false,0.7045,false,,0,1,3,0,1,3,58.1,59.2,IZLE,,25,64258.4,,,,,SEVIYE,50,187.7,19,,,,,,,,,0,,21,1018.7,21,,,
31168,2026-07-29 12:52:37.161603+00,64270.05,-5337237.884174004,93902.47499999998,11713320763.4132,0.00008278,72340365.89417998,0.0,60.3,BEKLE,false,0.0,0.0,1.4366,1876.51,55750172.68007994,484.55,60.3,0.0,"[{""usdt"": 29315360.0, ""borsa"": 3, ""fiyat"": 64250.0, ""kaynak"": ""BNB+BYB+OKX""}, {""usdt"": 15357693.0, ""borsa"": 1, ""fiyat"": 64200.0, ""kaynak"": ""BNB""}, {""usdt"": 11441235.0, ""borsa"": 2, ""fiyat"": 64225.0, ""kaynak"": ""BNB+BYB""}]","[{""usdt"": 14889021.0, ""borsa"": 3, ""fiyat"": 64275.0, ""kaynak"": ""BNB+BYB+OKX""}, {""usdt"": 12235075.0, ""borsa"": 3, ""fiyat"": 64300.0, ""kaynak"": ""BNB+BYB+OKX""}, {""usdt"": 9534842.0, ""borsa"": 1, ""fiyat"": 64375.0, ""kaynak"": ""BNB""}]",YOK,-0.2186,0.1295,0.6212,0.8625,false,0.9928,false,,0,2,3,1,0,3,54.7,55.8,IZLE,,25,64258.4,,,,,SEVIYE,50,188.7,19,,,,,,,,,0,,21,1019.7,21,,,
31169,2026-07-29 12:53:37.424528+00,64261.75,-5248342.588876704,-6500.890999999998,11714423960.6288,0.00008278,53899801.72520006,0.0,52.2,BEKLE,true,0.0,0.0,1.4366,1936.847,54476428.13398992,60.337,52.2,0.0,"[{""usdt"": 12722356.0, ""borsa"": 1, ""fiyat"": 64200.0, ""kaynak"": ""BNB""}, {""usdt"": 11838071.0, ""borsa"": 3, ""fiyat"": 64250.0, ""kaynak"": ""BNB+BYB+OKX""}, {""usdt"": 11740654.0, ""borsa"": 1, ""fiyat"": 64225.0, ""kaynak"": ""BNB""}]","[{""usdt"": 16373040.0, ""borsa"": 3, ""fiyat"": 64300.0, ""kaynak"": ""BNB+BYB+OKX""}, {""usdt"": 9566976.0, ""borsa"": 3, ""fiyat"": 64275.0, ""kaynak"": ""BNB+BYB+OKX""}, {""usdt"": 9231681.0, ""borsa"": 1, ""fiyat"": 64325.0, ""kaynak"": ""BNB""}]",YOK,-0.1644,-0.0053,0.4191,1.3848,false,1.026,false,,0,2,3,0,1,3,51.1,52.2,IZLE,,25,64258.4,,,,,SEVIYE,50,189.7,19,,,,,,,,,0,,21,1020.8,21,,,
31170,2026-07-29 12:54:37.683477+00,64263.149999999994,-5072546.970002605,-291246.30799999996,11712754369.371399,0.00008278,54927485.336200036,0.0,57.8,BEKLE,false,0.0,0.0,1.4366,1997.07,54157829.92478,120.56,57.8,0.0,"[{""usdt"": 12750042.0, ""borsa"": 1, ""fiyat"": 64200.0, ""kaynak"": ""BNB""}, {""usdt"": 12527985.0, ""borsa"": 3, ""fiyat"": 64250.0, ""kaynak"": ""BNB+BYB+OKX""}, {""usdt"": 12500009.0, ""borsa"": 1, ""fiyat"": 64225.0, ""kaynak"": ""BNB""}]","[{""usdt"": 18153022.0, ""borsa"": 3, ""fiyat"": 64275.0, ""kaynak"": ""BNB+BYB+OKX""}, {""usdt"": 10567593.0, ""borsa"": 3, ""fiyat"": 64300.0, ""kaynak"": ""BNB+BYB+OKX""}, {""usdt"": 8884744.0, ""borsa"": 1, ""fiyat"": 64325.0, ""kaynak"": ""BNB""}]",YOK,-0.2502,0.0071,0.1185,0.4776,false,1.6178,false,,0,2,3,0,1,3,47.5,48.6,IZLE,,25,64258.4,,,,,SEVIYE,50,190.7,20,,,,,,,,,0,,21,1021.8,21,,,
31171,2026-07-29 12:55:38.039233+00,64269.55,-3796945.8229327016,-528644.0260000001,11712364902.6514,0.00008278,55108018.35152,0.0,32.1,BEKLE,false,0.0,0.0,1.4366,2057.358,53781342.376479976,180.848,32.1,0.0,"[{""usdt"": 12831867.0, ""borsa"": 3, ""fiyat"": 64250.0, ""kaynak"": ""BNB+BYB+OKX""}, {""usdt"": 12153955.0, ""borsa"": 1, ""fiyat"": 64200.0, ""kaynak"": ""BNB""}, {""usdt"": 12048473.0, ""borsa"": 1, ""fiyat"": 64225.0, ""kaynak"": ""BNB""}]","[{""usdt"": 16122969.0, ""borsa"": 3, ""fiyat"": 64300.0, ""kaynak"": ""BNB+BYB+OKX""}, {""usdt"": 11574547.0, ""borsa"": 3, ""fiyat"": 64275.0, ""kaynak"": ""BNB+BYB+OKX""}, {""usdt"": 9007162.0, ""borsa"": 1, ""fiyat"": 64375.0, ""kaynak"": ""BNB""}]",YOK,-0.2355,0.0122,0.4669,1.3407,false,1.193,false,,0,3,3,0,1,3,43.9,45,IZLE,,25,64258.4,,,,,SEVIYE,50,191.7,20,,,,,,,,,0,,21,1022.8,21,,,
31172,2026-07-29 12:56:38.403082+00,64289.25,-3745187.7541214013,-489831.74600000004,11712246796.417301,0.00008278,57009741.21032004,0.0,38.1,BEKLE,true,0.0,0.0,1.4366,1148.44,59089177.06698994,241.18,38.1,0.0,"[{""usdt"": 14361719.0, ""borsa"": 3, ""fiyat"": 64275.0, ""kaynak"": ""BNB+BYB+OKX""}, {""usdt"": 13494216.0, ""borsa"": 1, ""fiyat"": 64225.0, ""kaynak"": ""BNB""}, {""usdt"": 12132838.0, ""borsa"": 1, ""fiyat"": 64200.0, ""kaynak"": ""BNB""}]","[{""usdt"": 24215745.0, ""borsa"": 3, ""fiyat"": 64300.0, ""kaynak"": ""BNB+BYB+OKX""}, {""usdt"": 9922415.0, ""borsa"": 1, ""fiyat"": 64375.0, ""kaynak"": ""BNB""}, {""usdt"": 9879590.0, ""borsa"": 1, ""fiyat"": 64350.0, ""kaynak"": ""BNB""}]",YOK,-0.1583,-0.0179,0.6005,0.5428,false,1.495,false,,0,1,3,0,1,3,40.4,41.5,IZLE,,25,64258.4,,,,,SEVIYE,50,192.7,20,,,,,,,,,0,,21,1023.8,21,,,
31173,2026-07-29 12:57:38.714256+00,64271.55,-3876739.6101273024,-398192.7100000001,11711003941.3879,0.00008278,52732659.578830004,0.0,31.5,BEKLE,true,0.0,0.0,1.4343,1208.864,64514407.36682998,301.604,31.5,0.0,"[{""usdt"": 13510094.0, ""borsa"": 1, ""fiyat"": 64225.0, ""kaynak"": ""BNB""}, {""usdt"": 13226817.0, ""borsa"": 1, ""fiyat"": 64200.0, ""kaynak"": ""BNB""}, {""usdt"": 12452375.0, ""borsa"": 3, ""fiyat"": 64275.0, ""kaynak"": ""BNB+BYB+OKX""}]","[{""usdt"": 18969117.0, ""borsa"": 3, ""fiyat"": 64300.0, ""kaynak"": ""BNB+BYB+OKX""}, {""usdt"": 16331362.0, ""borsa"": 3, ""fiyat"": 64325.0, ""kaynak"": ""BNB+BYB+OKX""}, {""usdt"": 12278342.0, ""borsa"": 1, ""fiyat"": 64400.0, ""kaynak"": ""BNB""}]",YOK,-0.1669,-0.1005,0.6769,0.046,false,1.3006,false,,0,2,3,0,1,3,37,38.1,IZLE,,25,64258.4,,,,,SEVIYE,50,193.7,20,,,,,,,,,0,,21,1024.8,21,,,
31174,2026-07-29 12:58:39.031213+00,64197.55,-4645529.119813002,-885204.7739999999,11701797269.4432,0.00008278,59666820.80411004,21195.603,40.4,BEKLE,true,21195.603,0.0,1.4343,1269.133,48371891.94012998,60.269,40.4,0.0,"[{""usdt"": 15639968.0, ""borsa"": 3, ""fiyat"": 64225.0, ""kaynak"": ""BNB+BYB+OKX""}, {""usdt"": 13878653.0, ""borsa"": 3, ""fiyat"": 64200.0, ""kaynak"": ""BNB+BYB+OKX""}, {""usdt"": 12794951.0, ""borsa"": 1, ""fiyat"": 64125.0, ""kaynak"": ""BNB""}]","[{""usdt"": 16727570.0, ""borsa"": 3, ""fiyat"": 64250.0, ""kaynak"": ""BNB+BYB+OKX""}, {""usdt"": 8806255.0, ""borsa"": 1, ""fiyat"": 64325.0, ""kaynak"": ""BNB""}, {""usdt"": 8426567.0, ""borsa"": 1, ""fiyat"": 64300.0, ""kaynak"": ""BNB""}]",YOK,-0.2049,0.1045,0.3263,2.3003,false,2.8087,false,,0,2,3,0,0,3,33.4,34.5,IZLE,,50,64258.4,,,,,SEVIYE+TASFIYE,50,194.7,20,,,,,,,1785329880,1,0,,21,1025.8,21,,,
31175,2026-07-29 12:59:40.7306+00,64248.149999999994,-4878277.575977604,-1453340.661,11700821520.6068,0.00008278,51301242.10494996,63666.7477,35.4,BEKLE,,63666.7477,0.0,1.4343,61.778,57603956.36899999,0,35.4,0.0,"[{""usdt"": 12848072.0, ""borsa"": 3, ""fiyat"": 64225.0, ""kaynak"": ""BNB+BYB+OKX""}, {""usdt"": 9212835.0, ""borsa"": 1, ""fiyat"": 64175.0, ""kaynak"": ""BNB""}, {""usdt"": 8929203.0, ""borsa"": 1, ""fiyat"": 64150.0, ""kaynak"": ""BNB""}]","[{""usdt"": 18042761.0, ""borsa"": 3, ""fiyat"": 64250.0, ""kaynak"": ""BNB+BYB+OKX""}, {""usdt"": 14600595.0, ""borsa"": 3, ""fiyat"": 64275.0, ""kaynak"": ""BNB+BYB+OKX""}, {""usdt"": 10831322.0, ""borsa"": 1, ""fiyat"": 64325.0, ""kaynak"": ""BNB""}]",YOK,-0.1433,-0.0579,0.1056,0.5395,false,,true,0,0,2,3,0,1,3,31.4,32.4,IZLE,,50,64258.4,,,,,SEVIYE+TASFIYE,50,195.7,20,,,,,,,1785329880,2,0,,21,1026.8,21,,,
31176,2026-07-29 13:00:41.066844+00,64236.350000000006,-1763121.818871105,-1108088.863,11702005865.7465,0.00008278,51773265.0112,63666.7477,26.4,BEKLE,true,63666.7477,0.0,1.4343,121.982,50591196.99995,60.204,26.4,0.0,"[{""usdt"": 11020730.0, ""borsa"": 1, ""fiyat"": 64150.0, ""kaynak"": ""BNB""}, {""usdt"": 10193178.0, ""borsa"": 3, ""fiyat"": 64225.0, ""kaynak"": ""BNB+BYB+OKX""}, {""usdt"": 10133054.0, ""borsa"": 3, ""fiyat"": 64250.0, ""kaynak"": ""BNB+BYB+OKX""}]","[{""usdt"": 15658802.0, ""borsa"": 3, ""fiyat"": 64275.0, ""kaynak"": ""BNB+BYB+OKX""}, {""usdt"": 8826988.0, ""borsa"": 1, ""fiyat"": 64350.0, ""kaynak"": ""BNB""}, {""usdt"": 8190273.0, ""borsa"": 1, ""fiyat"": 64325.0, ""kaynak"": ""BNB""}]",YOK,-0.1251,0.0115,0.7125,0.7698,false,,true,0.4915,0,1,3,1,0,3,27.4,28.4,IZLE,,50,64258.4,,,,,SEVIYE+TASFIYE,50,196.7,20,,,,,,,1785329880,2,1,,21,1027.8,21,,,
31177,2026-07-29 13:01:42.196059+00,64229.149999999994,-2032861.1485487055,-1226122.4699999997,11698046229.867199,0.00008278,53071431.299400076,65658.2652,32.1,BEKLE,true,65658.2652,0.0,1.4343,183.21,49317658.31349001,121.432,32.1,0.0,"[{""usdt"": 12318552.0, ""borsa"": 1, ""fiyat"": 64125.0, ""kaynak"": ""BNB""}, {""usdt"": 11174357.0, ""borsa"": 3, ""fiyat"": 64200.0, ""kaynak"": ""BNB+BYB+OKX""}, {""usdt"": 10300673.0, ""borsa"": 3, ""fiyat"": 64225.0, ""kaynak"": ""BNB+BYB+OKX""}]","[{""usdt"": 16810015.0, ""borsa"": 3, ""fiyat"": 64250.0, ""kaynak"": ""BNB+BYB+OKX""}, {""usdt"": 10058555.0, ""borsa"": 1, ""fiyat"": 64325.0, ""kaynak"": ""BNB""}, {""usdt"": 7271338.0, ""borsa"": 1, ""fiyat"": 64300.0, ""kaynak"": ""BNB""}]",YOK,-0.1745,0.0367,0.6215,1.4433,false,,true,0.1486,0,2,3,1,0,3,24.3,25.4,IZLE,,50,64258.4,,,,,SEVIYE+TASFIYE,50,197.8,20,,,,,,,1785330000,2,0,,21,1028.8,21,,,
31178,2026-07-29 13:02:42.607351+00,64237.850000000006,-1964855.4834541054,-1271306.068,11702699502.4161,0.00008278,52554391.29988997,65658.2652,36.2,BEKLE,false,65658.2652,0.0,1.4343,243.632,54269583.33766,0,36.2,0.0,"[{""usdt"": 13381032.0, ""borsa"": 3, ""fiyat"": 64225.0, ""kaynak"": ""BNB+BYB+OKX""}, {""usdt"": 10183600.0, ""borsa"": 1, ""fiyat"": 64150.0, ""kaynak"": ""BNB""}, {""usdt"": 8934825.0, ""borsa"": 1, ""fiyat"": 64175.0, ""kaynak"": ""BNB""}]","[{""usdt"": 18643568.0, ""borsa"": 3, ""fiyat"": 64275.0, ""kaynak"": ""BNB+BYB+OKX""}, {""usdt"": 11954907.0, ""borsa"": 1, ""fiyat"": 64325.0, ""kaynak"": ""BNB""}, {""usdt"": 9140067.0, ""borsa"": 1, ""fiyat"": 64300.0, ""kaynak"": ""BNB""}]",YOK,-0.1319,-0.0161,0.6072,0.7084,false,,true,0.2063,0,1,3,1,0,3,20.9,21.9,IZLE,,50,64258.4,,,,,SEVIYE+TASFIYE,50,198.8,20,,,,,,,1785330000,2,1,,21,1029.8,21,,,
31179,2026-07-29 13:03:42.905929+00,64205.75,-2035363.5111422052,-1354350.888,11696294275.443499,0.00008278,60431793.75680001,1991.5175,37.8,BEKLE,false,1991.5175,0.0,1.4319,303.893,50953490.74833001,0,37.8,0.0,"[{""usdt"": 14130529.0, ""borsa"": 3, ""fiyat"": 64200.0, ""kaynak"": ""BNB+BYB+OKX""}, {""usdt"": 13530464.0, ""borsa"": 1, ""fiyat"": 64125.0, ""kaynak"": ""BNB""}, {""usdt"": 12619838.0, ""borsa"": 1, ""fiyat"": 64100.0, ""kaynak"": ""BNB""}]","[{""usdt"": 18147346.0, ""borsa"": 3, ""fiyat"": 64225.0, ""kaynak"": ""BNB+BYB+OKX""}, {""usdt"": 10146511.0, ""borsa"": 1, ""fiyat"": 64300.0, ""kaynak"": ""BNB""}, {""usdt"": 7401754.0, ""borsa"": 1, ""fiyat"": 64275.0, ""kaynak"": ""BNB""}]",YOK,-0.2068,0.0851,0.7971,0.1659,false,,true,0.2212,0,2,3,1,0,3,17.3,18.3,HAZIRLAN,SHORT,50,64258.4,64124.5,63132,64265.1,18.09,SEVIYE+EMILIM,50,199.8,20,,,,,,,1785330000,1,0,1.37,21,1030.8,21,,,
31180,2026-07-29 13:04:43.161701+00,64242.149999999994,-764824.9706725044,-646168.963,11700722237.7914,0.00008278,53323623.70340001,1991.5175,31.1,BEKLE,true,1991.5175,0.0,1.4319,364.188,53997615.388689935,60.295,0.0,31.1,"[{""usdt"": 13138484.0, ""borsa"": 1, ""fiyat"": 64125.0, ""kaynak"": ""BNB""}, {""usdt"": 12417248.0, ""borsa"": 3, ""fiyat"": 64200.0, ""kaynak"": ""BNB+BYB+OKX""}, {""usdt"": 10248716.0, ""borsa"": 1, ""fiyat"": 64150.0, ""kaynak"": ""BNB""}]","[{""usdt"": 20124639.0, ""borsa"": 3, ""fiyat"": 64250.0, ""kaynak"": ""BNB+BYB+OKX""}, {""usdt"": 10156637.0, ""borsa"": 1, ""fiyat"": 64300.0, ""kaynak"": ""BNB""}, {""usdt"": 9374483.0, ""borsa"": 1, ""fiyat"": 64325.0, ""kaynak"": ""BNB""}]",YOK,-0.1563,-0.0063,0.7802,0.0749,false,,true,0.3072,0,2,3,1,1,3,13.7,14.8,HAZIRLAN,SHORT,50,64258.4,64124.5,63132,64265.1,48.37,SEVIYE+EMILIM,50,200.8,21,,,,,,,1785330000,1,1,5.13,21,1031.8,21,,,
31181,2026-07-29 13:05:43.396384+00,64196.55,-764824.9706725044,-646168.963,11700722237.7914,0.00008278,52420165.621300004,1991.5175,24.3,BEKLE,true,1991.5175,0.0,1.442,424.444,47746704.77606999,0,0.0,24.3,"[{""usdt"": 12431838.0, ""borsa"": 1, ""fiyat"": 64125.0, ""kaynak"": ""BNB""}, {""usdt"": 10844691.0, ""borsa"": 1, ""fiyat"": 64100.0, ""kaynak"": ""BNB""}, {""usdt"": 10474168.0, ""borsa"": 1, ""fiyat"": 64150.0, ""kaynak"": ""BNB""}]","[{""usdt"": 15658206.0, ""borsa"": 3, ""fiyat"": 64225.0, ""kaynak"": ""BNB+BYB+OKX""}, {""usdt"": 9963390.0, ""borsa"": 1, ""fiyat"": 64300.0, ""kaynak"": ""BNB""}, {""usdt"": 7484050.0, ""borsa"": 1, ""fiyat"": 64275.0, ""kaynak"": ""BNB""}]",YOK,-0.2132,0.0467,0.6008,1.5758,false,,true,0.3786,0,2,3,0,0,3,10.1,11.1,IZLE,,25,64258.4,,,,,SEVIYE,50,201.8,21,,,,,,,1785330000,1,1,,21,1032.9,21,,,
31182,2026-07-29 13:06:43.674159+00,64238.649999999994,-2244434.5460437024,-973327.3450000001,11698295503.195301,0.00008278,52914535.113039985,0.0,26.1,BEKLE,true,0.0,0.0,1.442,484.674,52271807.951659985,0,0.0,26.1,"[{""usdt"": 14310593.0, ""borsa"": 3, ""fiyat"": 64225.0, ""kaynak"": ""BNB+BYB+OKX""}, {""usdt"": 11652906.0, ""borsa"": 1, ""fiyat"": 64125.0, ""kaynak"": ""BNB""}, {""usdt"": 9346237.0, ""borsa"": 1, ""fiyat"": 64150.0, ""kaynak"": ""BNB""}]","[{""usdt"": 15071492.0, ""borsa"": 3, ""fiyat"": 64250.0, ""kaynak"": ""BNB+BYB+OKX""}, {""usdt"": 11230228.0, ""borsa"": 3, ""fiyat"": 64275.0, ""kaynak"": ""BNB+BYB+OKX""}, {""usdt"": 10654915.0, ""borsa"": 1, ""fiyat"": 64325.0, ""kaynak"": ""BNB""}]",YOK,-0.1604,0.0061,0.3682,1.0879,false,,true,0.4509,0,2,3,1,0,3,6.5,7.5,IZLE,,25,64258.4,,,,,SEVIYE,50,202.8,21,,,,,,,,,0,,21,1033.9,21,,,
31183,2026-07-29 13:07:43.981265+00,64244.95,-2283002.3810984017,-870073.8130000001,11703194747.066399,0.00008278,51140200.226659946,256.892,27.6,BEKLE,true,256.892,0.0,1.442,544.956,59214851.07287006,60.282,0.0,27.6,"[{""usdt"": 12530838.0, ""borsa"": 3, ""fiyat"": 64225.0, ""kaynak"": ""BNB+BYB+OKX""}, {""usdt"": 9514606.0, ""borsa"": 1, ""fiyat"": 64175.0, ""kaynak"": ""BNB""}, {""usdt"": 8511716.0, ""borsa"": 1, ""fiyat"": 64150.0, ""kaynak"": ""BNB""}]","[{""usdt"": 16545522.0, ""borsa"": 3, ""fiyat"": 64275.0, ""kaynak"": ""BNB+BYB+OKX""}, {""usdt"": 15290760.0, ""borsa"": 3, ""fiyat"": 64250.0, ""kaynak"": ""BNB+BYB+OKX""}, {""usdt"": 9564458.0, ""borsa"": 1, ""fiyat"": 64350.0, ""kaynak"": ""BNB""}]",YOK,-0.1348,-0.0732,0.3558,0.5223,false,,true,0.4423,0,1,3,0,1,3,2.9,3.9,IZLE,,25,64258.4,,,,,SEVIYE,50,203.8,21,,,,,,,1785330300,1,0,,21,1034.9,21,,,
31184,2026-07-29 13:08:44.288294+00,64265.55,-1813590.3697297017,-937791.1569999999,11704052747.5114,0.00008278,49330088.17456,8543.2978,25.2,BEKLE,true,7515.2210000000005,1028.0768,1.442,0,56098929.20237,120.622,0.0,25.2,"[{""usdt"": 15396976.0, ""borsa"": 3, ""fiyat"": 64225.0, ""kaynak"": ""BNB+BYB+OKX""}, {""usdt"": 10273742.0, ""borsa"": 3, ""fiyat"": 64250.0, ""kaynak"": ""BNB+BYB+OKX""}, {""usdt"": 8576990.0, ""borsa"": 1, ""fiyat"": 64200.0, ""kaynak"": ""BNB""}]","[{""usdt"": 12924626.0, ""borsa"": 3, ""fiyat"": 64275.0, ""kaynak"": ""BNB+BYB+OKX""}, {""usdt"": 9645475.0, ""borsa"": 1, ""fiyat"": 64375.0, ""kaynak"": ""BNB""}, {""usdt"": 9113274.0, ""borsa"": 1, ""fiyat"": 64300.0, ""kaynak"": ""BNB""}]",YOK,-0.1348,-0.0642,0.2705,4.8005,false,,false,0.5188,0,1,3,0,1,3,63.2,61.8,IZLE,,25,64258.4,,,,,SEVIYE,50,204.8,21,,,,,,,1785330420,2,0,,21,1035.9,21,,,
31185,2026-07-29 13:09:44.539498+00,64260.649999999994,-2185866.9341253033,-724567.5660000001,11707146776.6156,0.00008278,50426283.890560016,8543.3794,20.3,BEKLE,false,7515.2210000000005,1028.1584,1.442,60.244,50722331.11737,180.866,20.3,0.0,"[{""usdt"": 11736647.0, ""borsa"": 3, ""fiyat"": 64250.0, ""kaynak"": ""BNB+BYB+OKX""}, {""usdt"": 8715637.0, ""borsa"": 3, ""fiyat"": 64275.0, ""kaynak"": ""BNB+BYB+OKX""}, {""usdt"": 8576990.0, ""borsa"": 1, ""fiyat"": 64200.0, ""kaynak"": ""BNB""}]","[{""usdt"": 16853954.0, ""borsa"": 3, ""fiyat"": 64300.0, ""kaynak"": ""BNB+BYB+OKX""}, {""usdt"": 9645475.0, ""borsa"": 1, ""fiyat"": 64375.0, ""kaynak"": ""BNB""}, {""usdt"": 9068301.0, ""borsa"": 1, ""fiyat"": 64350.0, ""kaynak"": ""BNB""}]",YOK,-0.1098,-0.0029,0.9266,0.7935,false,,true,0.3081,0,0,3,1,0,3,59.2,60.3,IZLE,,25,64258.4,,,,,SEVIYE,50,205.8,21,,,,,,,1785330420,2,0,,21,1036.9,21,,,
31186,2026-07-29 13:10:44.945801+00,64268.45,-2429042.463048508,-530893.679,11704475977.950401,0.00008278,49897050.90894002,8543.3794,15.5,BEKLE,true,7515.2210000000005,1028.1584,1.442,120.594,51144528.736689985,120.594,0.0,15.5,"[{""usdt"": 13746091.0, ""borsa"": 3, ""fiyat"": 64250.0, ""kaynak"": ""BNB+BYB+OKX""}, {""usdt"": 9629225.0, ""borsa"": 1, ""fiyat"": 64150.0, ""kaynak"": ""BNB""}, {""usdt"": 9484490.0, ""borsa"": 1, ""fiyat"": 64200.0, ""kaynak"": ""BNB""}]","[{""usdt"": 15200986.0, ""borsa"": 3, ""fiyat"": 64275.0, ""kaynak"": ""BNB+BYB+OKX""}, {""usdt"": 10589371.0, ""borsa"": 3, ""fiyat"": 64300.0, ""kaynak"": ""BNB+BYB+OKX""}, {""usdt"": 9341044.0, ""borsa"": 1, ""fiyat"": 64325.0, ""kaynak"": ""BNB""}]",YOK,-0.1175,-0.0123,0.9095,2.5867,false,,true,0.2668,0,2,3,0,0,3,55.8,56.9,IZLE,,25,64258.4,,,,,SEVIYE,50,206.8,21,,,,,,,1785330420,2,1,,21,1037.9,21,,,
31187,2026-07-29 13:11:45.25436+00,64273.75,-1132310.624776607,-281118.00600000005,11703852793.8074,0.00008278,47625587.02782003,8286.4874,37.6,BEKLE,,7258.329000000001,1028.1584,1.442,180.996,53625869.40307002,180.996,0.0,37.6,"[{""usdt"": 14692054.0, ""borsa"": 3, ""fiyat"": 64250.0, ""kaynak"": ""BNB+BYB+OKX""}, {""usdt"": 10041895.0, ""borsa"": 1, ""fiyat"": 64175.0, ""kaynak"": ""BNB""}, {""usdt"": 7963423.0, ""borsa"": 1, ""fiyat"": 64200.0, ""kaynak"": ""BNB""}]","[{""usdt"": 16712356.0, ""borsa"": 3, ""fiyat"": 64275.0, ""kaynak"": ""BNB+BYB+OKX""}, {""usdt"": 11277081.0, ""borsa"": 3, ""fiyat"": 64300.0, ""kaynak"": ""BNB+BYB+OKX""}, {""usdt"": 9721779.0, ""borsa"": 1, ""fiyat"": 64350.0, ""kaynak"": ""BNB""}]",YOK,-0.1341,-0.0593,0.5281,1.0964,false,,false,0.857,0,2,3,0,0,3,52.3,53.4,IZLE,,25,64258.4,,,,,SEVIYE,50,207.8,21,,,,,,,1785330420,2,0,,21,1038.9,21,,,
31188,2026-07-29 13:12:45.612119+00,64301.350000000006,-719411.7481739065,-61335.03800000003,11711944573.6213,0.00008278,51471363.353669986,1028.1584,27.7,BEKLE,true,0.0,1028.1584,1.448,241.273,52574082.34367003,60.277,0.0,27.7,"[{""usdt"": 13561152.0, ""borsa"": 3, ""fiyat"": 64275.0, ""kaynak"": ""BNB+BYB+OKX""}, {""usdt"": 8828725.0, ""borsa"": 1, ""fiyat"": 64200.0, ""kaynak"": ""BNB""}, {""usdt"": 8457288.0, ""borsa"": 1, ""fiyat"": 64225.0, ""kaynak"": ""BNB""}]","[{""usdt"": 18405740.0, ""borsa"": 3, ""fiyat"": 64300.0, ""kaynak"": ""BNB+BYB+OKX""}, {""usdt"": 10985278.0, ""borsa"": 1, ""fiyat"": 64375.0, ""kaynak"": ""BNB""}, {""usdt"": 8614858.0, ""borsa"": 2, ""fiyat"": 64325.0, ""kaynak"": ""BNB+BYB""}]",YOK,-0.0771,-0.0106,0.5738,1.3615,false,,false,2.295,0,0,3,1,0,3,48.8,49.8,IZLE,,25,64328.4,,,,,SEVIYE,65,28.5,3,,,,,,,1785330420,1,0,,21,1039.9,21,,,
31189,2026-07-29 13:13:45.878626+00,64280.649999999994,-189429.90463320626,3304656.8430000003,11711149396.424099,0.00008278,48827863.86237998,0.0,51.4,BEKLE,true,0.0,0.0,1.448,301.567,50967817.95601998,0,0.0,51.4,"[{""usdt"": 15956848.0, ""borsa"": 3, ""fiyat"": 64275.0, ""kaynak"": ""BNB+BYB+OKX""}, {""usdt"": 9400926.0, ""borsa"": 1, ""fiyat"": 64225.0, ""kaynak"": ""BNB""}, {""usdt"": 8585476.0, ""borsa"": 1, ""fiyat"": 64200.0, ""kaynak"": ""BNB""}]","[{""usdt"": 16646207.0, ""borsa"": 3, ""fiyat"": 64300.0, ""kaynak"": ""BNB+BYB+OKX""}, {""usdt"": 10299302.0, ""borsa"": 1, ""fiyat"": 64375.0, ""kaynak"": ""BNB""}, {""usdt"": 8599550.0, ""borsa"": 3, ""fiyat"": 64325.0, ""kaynak"": ""BNB+BYB+OKX""}]",YOK,-0.0827,-0.0214,0.2105,0.1287,false,,false,5.7025,0,1,3,1,1,3,45.2,46.3,IZLE,,25,64258.4,,,,,SEVIYE,50,209.8,21,,,,,,,,,0,,21,1040.9,21,,,
31190,2026-07-29 13:14:46.171067+00,64298.649999999994,-491396.05071720574,3531507.8230000003,11715419989.456398,0.00008278,50377050.81666002,0.0,44.2,BEKLE,true,0.0,0.0,1.448,361.91,50673020.39564998,60.343,0.0,44.2,"[{""usdt"": 11406794.0, ""borsa"": 3, ""fiyat"": 64300.0, ""kaynak"": ""BNB+BYB+OKX""}, {""usdt"": 9106438.0, ""borsa"": 3, ""fiyat"": 64275.0, ""kaynak"": ""BNB+BYB+OKX""}, {""usdt"": 8463225.0, ""borsa"": 1, ""fiyat"": 64250.0, ""kaynak"": ""BNB""}]","[{""usdt"": 17118078.0, ""borsa"": 3, ""fiyat"": 64325.0, ""kaynak"": ""BNB+BYB+OKX""}, {""usdt"": 11284981.0, ""borsa"": 1, ""fiyat"": 64400.0, ""kaynak"": ""BNB""}, {""usdt"": 8554662.0, ""borsa"": 1, ""fiyat"": 64375.0, ""kaynak"": ""BNB""}]",YOK,-0.1017,-0.0029,0.2162,0.3185,false,,false,4.0232,0,0,3,1,0,3,41.7,42.8,IZLE,,25,64336.3,,,,,SEVIYE,65,30.5,4,,,,,,,,,0,,21,781.6,21,,,
31191,2026-07-29 13:15:46.974253+00,64290.149999999994,-144316.9469743076,4059983.6650000005,11725564629.3494,0.00008278,51185769.908419944,0.0,58.7,BEKLE,true,0.0,0.0,1.448,422.7,52110977.38649,121.133,0.0,58.7,"[{""usdt"": 11185861.0, ""borsa"": 1, ""fiyat"": 64200.0, ""kaynak"": ""BNB""}, {""usdt"": 9924287.0, ""borsa"": 3, ""fiyat"": 64300.0, ""kaynak"": ""BNB+BYB+OKX""}, {""usdt"": 9011390.0, ""borsa"": 3, ""fiyat"": 64275.0, ""kaynak"": ""BNB+BYB+OKX""}]","[{""usdt"": 15834783.0, ""borsa"": 3, ""fiyat"": 64325.0, ""kaynak"": ""BNB+BYB+OKX""}, {""usdt"": 12767714.0, ""borsa"": 1, ""fiyat"": 64400.0, ""kaynak"": ""BNB""}, {""usdt"": 9228070.0, ""borsa"": 2, ""fiyat"": 64350.0, ""kaynak"": ""BNB+BYB""}]",YOK,-0.0849,-0.009,0.2563,0.1599,true,0,false,,0,0,3,1,0,3,38.6,39.7,IZLE,,25,64258.4,,,,,SEVIYE,50,211.8,22,,,,,,,,,0,,21,782.6,21,,,
31192,2026-07-29 13:16:47.303305+00,64244.649999999994,-1809456.8447108069,3321723.2630000003,11726190943.5419,0.00008278,52573774.27809001,0.0,90.3,BEKLE,false,0.0,0.0,1.448,482.971,50718404.843300015,181.404,0.0,90.3,"[{""usdt"": 14127189.0, ""borsa"": 3, ""fiyat"": 64250.0, ""kaynak"": ""BNB+BYB+OKX""}, {""usdt"": 11201196.0, ""borsa"": 1, ""fiyat"": 64200.0, ""kaynak"": ""BNB""}, {""usdt"": 10608773.0, ""borsa"": 3, ""fiyat"": 64275.0, ""kaynak"": ""BNB+BYB+OKX""}]","[{""usdt"": 14871276.0, ""borsa"": 3, ""fiyat"": 64300.0, ""kaynak"": ""BNB+BYB+OKX""}, {""usdt"": 9084805.0, ""borsa"": 1, ""fiyat"": 64350.0, ""kaynak"": ""BNB""}, {""usdt"": 8889941.0, ""borsa"": 1, ""fiyat"": 64375.0, ""kaynak"": ""BNB""}]",YOK,-0.0854,0.018,0.1152,0.3251,false,0,false,,0,0,3,1,0,3,34.6,35.7,IZLE,,25,64258.4,,,,,SEVIYE,50,212.8,22,,,,,,,,,0,,21,783.6,21,SHORT,"duvar,surec",90.26266639769187
31193,2026-07-29 13:17:47.804325+00,64188.95,-2330798.132690607,2983142.0810000002,11718325577.937199,0.00008278,51058473.500549994,0.0,73.5,BEKLE,false,0.0,0.0,1.448,543.516,51150552.138069965,0,0.0,73.5,"[{""usdt"": 16130932.0, ""borsa"": 3, ""fiyat"": 64200.0, ""kaynak"": ""BNB+BYB+OKX""}, {""usdt"": 12007162.0, ""borsa"": 1, ""fiyat"": 64125.0, ""kaynak"": ""BNB""}, {""usdt"": 9042750.0, ""borsa"": 1, ""fiyat"": 64175.0, ""kaynak"": ""BNB""}]","[{""usdt"": 13327925.0, ""borsa"": 3, ""fiyat"": 64250.0, ""kaynak"": ""BNB+BYB+OKX""}, {""usdt"": 9623803.0, ""borsa"": 1, ""fiyat"": 64325.0, ""kaynak"": ""BNB""}, {""usdt"": 7730707.0, ""borsa"": 1, ""fiyat"": 64350.0, ""kaynak"": ""BNB""}]",YOK,-0.1928,-0.0009,0.2683,1.2285,false,0.0394,false,,0,2,3,1,0,3,31.2,32.3,IZLE,,25,64124.5,,,,,SEVIYE,50,784.6,79,,,,,,,,,0,,21,784.6,21,,,
31194,2026-07-29 13:18:48.214956+00,64177.149999999994,-3103741.8891255073,2224064.4460000005,11706605755.9038,0.00008278,59761186.96451002,1732.8693000000003,32.3,BEKLE,true,1732.8693000000003,0.0,1.4516,60.297,55457476.023539975,0,32.3,0.0,"[{""usdt"": 15474571.0, ""borsa"": 1, ""fiyat"": 64075.0, ""kaynak"": ""BNB""}, {""usdt"": 11588649.0, ""borsa"": 1, ""fiyat"": 64125.0, ""kaynak"": ""BNB""}, {""usdt"": 10817264.0, ""borsa"": 3, ""fiyat"": 64150.0, ""kaynak"": ""BNB+BYB+OKX""}]","[{""usdt"": 21077472.0, ""borsa"": 3, ""fiyat"": 64200.0, ""kaynak"": ""BNB+BYB+OKX""}, {""usdt"": 9499680.0, ""borsa"": 1, ""fiyat"": 64275.0, ""kaynak"": ""BNB""}, {""usdt"": 9222899.0, ""borsa"": 1, ""fiyat"": 64250.0, ""kaynak"": ""BNB""}]",YOK,-0.15,0.0374,0.6513,1.5192,false,0.2886,false,,1,2,3,0,1,3,27.2,28.3,IZLE,,25,64124.5,,,,,SEVIYE,50,785.6,79,,,,,,,1785331020,2,0,,21,785.6,21,,,
31195,2026-07-29 13:19:48.588208+00,64184.850000000006,-3106551.339886908,2423382.3370000008,11704262467.6223,0.00008278,59193980.230429985,15338.798700000001,32.3,BEKLE,true,15338.798700000001,0.0,1.4516,120.698,52669636.79173997,60.401,32.3,0.0,"[{""usdt"": 15247468.0, ""borsa"": 1, ""fiyat"": 64075.0, ""kaynak"": ""BNB""}, {""usdt"": 11971759.0, ""borsa"": 3, ""fiyat"": 64150.0, ""kaynak"": ""BNB+BYB+OKX""}, {""usdt"": 10651208.0, ""borsa"": 1, ""fiyat"": 64125.0, ""kaynak"": ""BNB""}]","[{""usdt"": 18415760.0, ""borsa"": 3, ""fiyat"": 64200.0, ""kaynak"": ""BNB+BYB+OKX""}, {""usdt"": 11733904.0, ""borsa"": 1, ""fiyat"": 64275.0, ""kaynak"": ""BNB""}, {""usdt"": 8831597.0, ""borsa"": 2, ""fiyat"": 64225.0, ""kaynak"": ""BNB+BYB""}]",YOK,-0.2091,0.0583,0.6204,1.7727,false,0.284,false,,0,2,3,0,0,3,23.8,24.9,IZLE,,50,64124.5,,,,,SEVIYE+TASFIYE,50,786.6,79,,,,,,,1785331080,2,0,,21,786.6,21,,,
31196,2026-07-29 13:20:50.004416+00,64163.05,-1164725.2059648023,2430422.333,11704968764.4137,0.00008278,60286022.32483004,15595.573100000001,28.6,BEKLE,true,15595.573100000001,0.0,1.4492,182.232,49153304.67160996,121.935,28.6,0.0,"[{""usdt"": 15280635.0, ""borsa"": 1, ""fiyat"": 64075.0, ""kaynak"": ""BNB""}, {""usdt"": 13695054.0, ""borsa"": 3, ""fiyat"": 64150.0, ""kaynak"": ""BNB+BYB+OKX""}, {""usdt"": 12015143.0, ""borsa"": 1, ""fiyat"": 64125.0, ""kaynak"": ""BNB""}]","[{""usdt"": 14378693.0, ""borsa"": 3, ""fiyat"": 64200.0, ""kaynak"": ""BNB+BYB+OKX""}, {""usdt"": 10435385.0, ""borsa"": 1, ""fiyat"": 64275.0, ""kaynak"": ""BNB""}, {""usdt"": 8791245.0, ""borsa"": 1, ""fiyat"": 64250.0, ""kaynak"": ""BNB""}]",YOK,-0.2409,0.1017,0.3025,2.4744,false,0,false,,0,2,3,1,0,3,21.5,22.6,IZLE,,50,64124.5,,,,,SEVIYE+TASFIYE,50,787.6,79,,,,,,,1785331140,2,0,,21,787.6,21,,,
31197,2026-07-29 13:21:50.342095+00,64204.649999999994,-1132178.7605876022,1908973.079,11703689622.3685,0.00008278,49075879.480620034,39013.84210000001,43.8,BEKLE,true,39013.84210000001,0.0,1.4492,242.514,55074572.482319966,182.217,43.8,0.0,"[{""usdt"": 12108151.0, ""borsa"": 3, ""fiyat"": 64175.0, ""kaynak"": ""BNB+BYB+OKX""}, {""usdt"": 11521669.0, ""borsa"": 1, ""fiyat"": 64100.0, ""kaynak"": ""BNB""}, {""usdt"": 9858616.0, ""borsa"": 1, ""fiyat"": 64125.0, ""kaynak"": ""BNB""}]","[{""usdt"": 17716017.0, ""borsa"": 3, ""fiyat"": 64225.0, ""kaynak"": ""BNB+BYB+OKX""}, {""usdt"": 10414261.0, ""borsa"": 3, ""fiyat"": 64200.0, ""kaynak"": ""BNB+BYB+OKX""}, {""usdt"": 9708501.0, ""borsa"": 1, ""fiyat"": 64275.0, ""kaynak"": ""BNB""}]",YOK,-0.2032,-0.0576,0.2493,0.9675,false,0,false,,0,3,3,0,1,3,17.6,18.6,IZLE,,50,64258.4,,,,,SEVIYE+TASFIYE,50,217.9,22,,,,,,,1785331200,2,0,,21,788.6,21,,,
31198,2026-07-29 13:22:50.710273+00,64201.55,-540150.0400094016,2208902.0620000004,11710771414.678,0.00008278,58536852.38359001,37280.9728,46.6,BEKLE,true,37280.9728,0.0,1.4492,302.862,52897739.25534993,60.348,46.6,0.0,"[{""usdt"": 14606043.0, ""borsa"": 3, ""fiyat"": 64175.0, ""kaynak"": ""BNB+BYB+OKX""}, {""usdt"": 13689229.0, ""borsa"": 1, ""fiyat"": 64125.0, ""kaynak"": ""BNB""}, {""usdt"": 9877262.0, ""borsa"": 1, ""fiyat"": 64100.0, ""kaynak"": ""BNB""}]","[{""usdt"": 17323284.0, ""borsa"": 3, ""fiyat"": 64225.0, ""kaynak"": ""BNB+BYB+OKX""}, {""usdt"": 9624071.0, ""borsa"": 1, ""fiyat"": 64300.0, ""kaynak"": ""BNB""}, {""usdt"": 9357811.0, ""borsa"": 1, ""fiyat"": 64275.0, ""kaynak"": ""BNB""}]",YOK,-0.215,0.0506,0.6157,0.2849,false,0,false,,0,3,3,0,0,3,14.1,15.1,IZLE,,50,64258.4,,,,,SEVIYE+TASFIYE,50,218.9,22,,,,,,,1785331200,2,0,,21,789.6,21,,,
31199,2026-07-29 13:23:51.18542+00,64149.75,-1103073.6425957023,1177277.679,11700211537.932701,0.00008278,54674855.63733001,23675.043400000002,43.0,BEKLE,,23675.043400000002,0.0,1.4492,302.987,57655718.68013998,120.77,43.0,0.0,"[{""usdt"": 12559237.0, ""borsa"": 3, ""fiyat"": 64125.0, ""kaynak"": ""BNB+BYB+OKX""}, {""usdt"": 11771199.0, ""borsa"": 1, ""fiyat"": 64075.0, ""kaynak"": ""BNB""}, {""usdt"": 10747660.0, ""borsa"": 1, ""fiyat"": 64050.0, ""kaynak"": ""BNB""}]","[{""usdt"": 20108989.0, ""borsa"": 3, ""fiyat"": 64175.0, ""kaynak"": ""BNB+BYB+OKX""}, {""usdt"": 9201072.0, ""borsa"": 1, ""fiyat"": 64250.0, ""kaynak"": ""BNB""}, {""usdt"": 7963959.0, ""borsa"": 3, ""fiyat"": 64150.0, ""kaynak"": ""BNB+BYB+OKX""}]",YOK,-0.1954,-0.0265,0.5697,0.5132,false,0,false,,0,3,3,0,0,3,10.6,11.7,IZLE,,50,64124.5,,,,,SEVIYE+TASFIYE,50,790.7,79,,,,,,,1785331200,2,0,,21,790.7,21,,,
31200,2026-07-29 13:24:53.009242+00,64188.55,-1013053.4999593026,1594546.389,11707835113.3526,0.00008278,58707774.48664999,84623.09340000001,47.6,BEKLE,true,84623.09340000001,0.0,1.4492,364.908,52820370.73536997,61.921,47.6,0.0,"[{""usdt"": 14634661.0, ""borsa"": 1, ""fiyat"": 64075.0, ""kaynak"": ""BNB""}, {""usdt"": 13423423.0, ""borsa"": 3, ""fiyat"": 64175.0, ""kaynak"": ""BNB+BYB+OKX""}, {""usdt"": 13022012.0, ""borsa"": 3, ""fiyat"": 64150.0, ""kaynak"": ""BNB+BYB+OKX""}]","[{""usdt"": 16859359.0, ""borsa"": 3, ""fiyat"": 64200.0, ""kaynak"": ""BNB+BYB+OKX""}, {""usdt"": 11104508.0, ""borsa"": 1, ""fiyat"": 64275.0, ""kaynak"": ""BNB""}, {""usdt"": 7350775.0, ""borsa"": 1, ""fiyat"": 64250.0, ""kaynak"": ""BNB""}]",YOK,-0.1405,0.0528,0.6317,0.0748,false,0,false,,0,1,3,0,0,3,8.7,9.8,IZLE,,25,64124.5,,,,,SEVIYE,50,791.7,80,,,,,,,1785331380,2,0,,21,1052.0,21,,,
31201,2026-07-29 13:25:53.546044+00,64150.95,-3766162.254218198,-2967868.9630000005,11696765996.662601,0.00008278,55570257.54660998,61204.8244,100.0,BEKLE,true,61204.8244,0.0,1.4492,425.33,48013266.82253998,0,100.0,0.0,"[{""usdt"": 14653382.0, ""borsa"": 3, ""fiyat"": 64125.0, ""kaynak"": ""BNB+BYB+OKX""}, {""usdt"": 12787254.0, ""borsa"": 1, ""fiyat"": 64050.0, ""kaynak"": ""BNB""}, {""usdt"": 11774464.0, ""borsa"": 1, ""fiyat"": 64075.0, ""kaynak"": ""BNB""}]","[{""usdt"": 13347296.0, ""borsa"": 3, ""fiyat"": 64175.0, ""kaynak"": ""BNB+BYB+OKX""}, {""usdt"": 11398946.0, ""borsa"": 1, ""fiyat"": 64250.0, ""kaynak"": ""BNB""}, {""usdt"": 7197565.0, ""borsa"": 1, ""fiyat"": 64200.0, ""kaynak"": ""BNB""}]",YOK,-0.2445,0.073,0.2465,0.0769,false,1.4092,false,,0,3,3,0,0,3,5.3,6.4,IZLE,,50,64124.5,,,,,SEVIYE+TASFIYE,50,792.7,80,,,,,,,1785331380,2,0,,21,1053.0,21,,,
31202,2026-07-29 13:26:53.881411+00,64180.05,-3490433.3626261973,-3547509.0680000004,11702725771.666203,0.00008278,53325813.52181004,61204.8244,86.3,BEKLE,true,61204.8244,0.0,1.4492,485.819,55125210.78433998,60.489,86.3,0.0,"[{""usdt"": 14337958.0, ""borsa"": 2, ""fiyat"": 64125.0, ""kaynak"": ""BNB+OKX""}, {""usdt"": 12601955.0, ""borsa"": 1, ""fiyat"": 64075.0, ""kaynak"": ""BNB""}, {""usdt"": 10353032.0, ""borsa"": 1, ""fiyat"": 64100.0, ""kaynak"": ""BNB""}]","[{""usdt"": 15862802.0, ""borsa"": 2, ""fiyat"": 64200.0, ""kaynak"": ""BNB+BYB""}, {""usdt"": 10971048.0, ""borsa"": 1, ""fiyat"": 64275.0, ""kaynak"": ""BNB""}, {""usdt"": 8563583.0, ""borsa"": 2, ""fiyat"": 64225.0, ""kaynak"": ""BNB+BYB""}]",YOK,-0.1104,-0.0166,0.2269,0.1585,false,1.5752,false,,0,2,3,0,0,3,1.9,63.8,IZLE,,25,64124.5,,,,,SEVIYE,50,793.7,80,,,,,,,1785331380,2,1,,21,1054.0,21,,,
31203,2026-07-29 13:27:54.151266+00,64186.95,-3014027.2647393993,-3430319.557,11708404506.9562,0.00008278,51466521.35360003,61204.8244,86.7,BEKLE,true,61204.8244,0.0,1.4492,546.037,57210795.98448998,120.707,86.7,0.0,"[{""usdt"": 12601955.0, ""borsa"": 1, ""fiyat"": 64075.0, ""kaynak"": ""BNB""}, {""usdt"": 11000383.0, ""borsa"": 3, ""fiyat"": 64175.0, ""kaynak"": ""BNB+BYB+OKX""}, {""usdt"": 10353032.0, ""borsa"": 1, ""fiyat"": 64100.0, ""kaynak"": ""BNB""}]","[{""usdt"": 23016875.0, ""borsa"": 3, ""fiyat"": 64200.0, ""kaynak"": ""BNB+BYB+OKX""}, {""usdt"": 10971048.0, ""borsa"": 1, ""fiyat"": 64275.0, ""kaynak"": ""BNB""}, {""usdt"": 8563583.0, ""borsa"": 2, ""fiyat"": 64225.0, ""kaynak"": ""BNB+BYB""}]",YOK,-0.1104,-0.0529,0.2295,0.0907,false,2.8585,false,,0,2,3,0,0,3,62.2,63.2,IZLE,,25,64124.5,,,,,SEVIYE,50,794.7,80,,,,,,,1785331380,2,2,,21,1055.0,21,,,
31204,2026-07-29 13:28:54.509534+00,64196.149999999994,-3544015.8757865,-3302147.049,11708500291.4155,0.00008278,51008693.262709975,0.0,100.0,BEKLE,true,0.0,0.0,1.4492,606.364,55208881.758529976,120.545,100.0,0.0,"[{""usdt"": 15172296.0, ""borsa"": 3, ""fiyat"": 64175.0, ""kaynak"": ""BNB+BYB+OKX""}, {""usdt"": 10379012.0, ""borsa"": 1, ""fiyat"": 64100.0, ""kaynak"": ""BNB""}, {""usdt"": 8641331.0, ""borsa"": 1, ""fiyat"": 64125.0, ""kaynak"": ""BNB""}]","[{""usdt"": 19501670.0, ""borsa"": 3, ""fiyat"": 64200.0, ""kaynak"": ""BNB+BYB+OKX""}, {""usdt"": 10797734.0, ""borsa"": 3, ""fiyat"": 64225.0, ""kaynak"": ""BNB+BYB+OKX""}, {""usdt"": 9599718.0, ""borsa"": 1, ""fiyat"": 64275.0, ""kaynak"": ""BNB""}]",YOK,-0.0418,-0.0395,0.2701,0.3441,false,2.1106,false,,0,0,3,1,0,3,58.5,59.6,IZLE,,25,64258.4,,,,,SEVIYE,50,225.0,23,,,,,,,,,0,,21,1056.0,21,,,
31205,2026-07-29 13:29:54.899087+00,64177.649999999994,-3591219.725665801,-3151103.5209999997,11711398318.107601,0.00008278,49962073.025810026,0.0,87.5,BEKLE,true,0.0,0.0,1.4492,666.687,54025932.883369945,180.868,87.5,0.0,"[{""usdt"": 12634170.0, ""borsa"": 3, ""fiyat"": 64175.0, ""kaynak"": ""BNB+BYB+OKX""}, {""usdt"": 10580902.0, ""borsa"": 1, ""fiyat"": 64100.0, ""kaynak"": ""BNB""}, {""usdt"": 8658724.0, ""borsa"": 1, ""fiyat"": 64125.0, ""kaynak"": ""BNB""}]","[{""usdt"": 18421908.0, ""borsa"": 3, ""fiyat"": 64225.0, ""kaynak"": ""BNB+BYB+OKX""}, {""usdt"": 10450150.0, ""borsa"": 1, ""fiyat"": 64300.0, ""kaynak"": ""BNB""}, {""usdt"": 8477725.0, ""borsa"": 3, ""fiyat"": 64200.0, ""kaynak"": ""BNB+BYB+OKX""}]",YOK,-0.1028,-0.0391,0.2695,0.0763,false,2.3203,false,,0,1,3,0,0,3,55,56.1,,,,,,,,,,,,,,,,,,,,,,,,,,,,
31206,2026-07-29 13:30:55.13005+00,64206.149999999994,-1895968.8349001,-2861983.8159999996,11704319902.9873,0.00008278,57752748.14458002,0.0,12.0,BEKLE,,0.0,0.0,1.4492,726.972,47537120.12034995,241.153,0.0,12.0,"[{""usdt"": 16251512.0, ""borsa"": 1, ""fiyat"": 64075.0, ""kaynak"": ""BNB""}, {""usdt"": 10413020.0, ""borsa"": 1, ""fiyat"": 64100.0, ""kaynak"": ""BNB""}, {""usdt"": 8440754.0, ""borsa"": 2, ""fiyat"": 64175.0, ""kaynak"": ""BYB+OKX""}]","[{""usdt"": 18429740.0, ""borsa"": 3, ""fiyat"": 64200.0, ""kaynak"": ""BNB+BYB+OKX""}, {""usdt"": 8796195.0, ""borsa"": 1, ""fiyat"": 64275.0, ""kaynak"": ""BNB""}, {""usdt"": 7548393.0, ""borsa"": 2, ""fiyat"": 64225.0, ""kaynak"": ""BNB+BYB""}]",YOK,-0.109,0.097,0.923,1.8262,false,3.3066,true,0,0,2,3,0,0,3,48.7,51.4,IZLE,,25,64258.4,,,,,SEVIYE,50,227.0,23,PCT,1.39,0.0,20.411747792960952,false,0.052,,,0,,21,1058.1,21,,,
31207,2026-07-29 13:31:56.618427+00,64249.95,-726998.8531129006,-1588920.9580000003,11715658351.115498,0.00008278,46122167.053860016,192.6114,40.5,BEKLE,false,192.6114,0.0,1.4492,0,48783849.566470005,61.531,0.0,40.5,"[{""usdt"": 12197326.0, ""borsa"": 3, ""fiyat"": 64225.0, ""kaynak"": ""BNB+BYB+OKX""}, {""usdt"": 9857667.0, ""borsa"": 3, ""fiyat"": 64200.0, ""kaynak"": ""BNB+BYB+OKX""}, {""usdt"": 7820022.0, ""borsa"": 1, ""fiyat"": 64150.0, ""kaynak"": ""BNB""}]","[{""usdt"": 18567240.0, ""borsa"": 3, ""fiyat"": 64250.0, ""kaynak"": ""BNB+BYB+OKX""}, {""usdt"": 9337860.0, ""borsa"": 1, ""fiyat"": 64325.0, ""kaynak"": ""BNB""}, {""usdt"": 7750708.0, ""borsa"": 2, ""fiyat"": 64275.0, ""kaynak"": ""BNB+BYB""}]",YOK,-0.0247,-0.028,0.4893,0.8292,false,2.2881,false,0.8925,0,1,3,1,0,3,46.4,47.5,IZLE,,25,64258.4,,,,,SEVIYE,50,228.0,23,,,,,,,1785331800,1,0,,21,1059.1,21,,,
31208,2026-07-29 13:32:56.891917+00,64338.05,-967782.1852003997,-1892694.83,11721939099.0386,0.00008278,51555110.90897997,1671.1457,0.0,BEKLE,,192.6114,1478.5343,1.4492,0,53971097.75419,0,0.0,0.0,"[{""usdt"": 15582081.0, ""borsa"": 3, ""fiyat"": 64250.0, ""kaynak"": ""BNB+BYB+OKX""}, {""usdt"": 8315459.0, ""borsa"": 1, ""fiyat"": 64175.0, ""kaynak"": ""BNB""}, {""usdt"": 7204470.0, ""borsa"": 3, ""fiyat"": 64275.0, ""kaynak"": ""BNB+BYB+OKX""}]","[{""usdt"": 11911302.0, ""borsa"": 3, ""fiyat"": 64300.0, ""kaynak"": ""BNB+BYB+OKX""}, {""usdt"": 9299291.0, ""borsa"": 1, ""fiyat"": 64350.0, ""kaynak"": ""BNB""}, {""usdt"": 8198427.0, ""borsa"": 1, ""fiyat"": 64400.0, ""kaynak"": ""BNB""}]",YOK,0.0064,-0.0229,0.4747,2.3482,false,2.0225,false,0.8443,0,0,3,0,1,3,42.9,44,IZLE,,25,64328.8,,,,,SEVIYE,65,48.7,5,,,,,,,1785331920,1,0,,21,1060.1,21,,,
31209,2026-07-29 13:33:57.235084+00,64283.350000000006,-684795.8389283026,-1039455.0470000001,11722073895.723598,0.00008278,53165737.92577998,27858.725400000007,38.8,BEKLE,false,192.6114,27666.114000000005,1.4516,60.294,50985805.949949965,60.294,0.0,38.8,"[{""usdt"": 10482238.0, ""borsa"": 3, ""fiyat"": 64300.0, ""kaynak"": ""BNB+BYB+OKX""}, {""usdt"": 10292267.0, ""borsa"": 1, ""fiyat"": 64200.0, ""kaynak"": ""BNB""}, {""usdt"": 7948614.0, ""borsa"": 1, ""fiyat"": 64225.0, ""kaynak"": ""BNB""}]","[{""usdt"": 20088430.0, ""borsa"": 3, ""fiyat"": 64350.0, ""kaynak"": ""BNB+BYB+OKX""}, {""usdt"": 9712425.0, ""borsa"": 1, ""fiyat"": 64400.0, ""kaynak"": ""BNB""}, {""usdt"": 8584475.0, ""borsa"": 1, ""fiyat"": 64375.0, ""kaynak"": ""BNB""}]",YOK,0.102,0.0209,0.4618,0.9434,false,1.6439,false,0.8532,1,0,3,1,0,3,39.4,40.4,IZLE,,25,64258.4,,,,,SEVIYE,50,230.0,23,,,,,,,1785331920,1,0,,21,1061.1,21,,,
31210,2026-07-29 13:34:57.59352+00,64312.649999999994,-597401.6981559072,-1246814.5020000003,11718794651.1892,0.00008278,48024356.93631998,27858.725400000007,0.0,BEKLE,,192.6114,27666.114000000005,1.4516,60.339,44701552.25598996,60.339,0.0,0.0,"[{""usdt"": 11388129.0, ""borsa"": 3, ""fiyat"": 64275.0, ""kaynak"": ""BNB+BYB+OKX""}, {""usdt"": 8926960.0, ""borsa"": 1, ""fiyat"": 64200.0, ""kaynak"": ""BNB""}, {""usdt"": 8159990.0, ""borsa"": 1, ""fiyat"": 64225.0, ""kaynak"": ""BNB""}]","[{""usdt"": 16114624.0, ""borsa"": 3, ""fiyat"": 64325.0, ""kaynak"": ""BNB+BYB+OKX""}, {""usdt"": 8999767.0, ""borsa"": 1, ""fiyat"": 64400.0, ""kaynak"": ""BNB""}, {""usdt"": 7126399.0, ""borsa"": 1, ""fiyat"": 64375.0, ""kaynak"": ""BNB""}]",YOK,-0.0014,0.0358,0.5105,1.6043,false,4.4877,true,0.1454,0,1,3,1,0,3,35.6,36.7,IZLE,,25,64336,,,,,SEVIYE,65,50.7,6,,,,,,,1785331920,1,1,,22,1062.1,22,,,
31211,2026-07-29 13:35:57.93992+00,64302.649999999994,-803696.3256396123,-119424.24499999994,11718413260.6586,0.00008278,48724452.08530997,27666.114000000005,33.0,BEKLE,,0.0,27666.114000000005,1.4516,60.364,48193456.06850998,0,0.0,33.0,"[{""usdt"": 11436640.0, ""borsa"": 3, ""fiyat"": 64300.0, ""kaynak"": ""BNB+BYB+OKX""}, {""usdt"": 10826432.0, ""borsa"": 1, ""fiyat"": 64275.0, ""kaynak"": ""BNB""}, {""usdt"": 9579118.0, ""borsa"": 1, ""fiyat"": 64225.0, ""kaynak"": ""BNB""}]","[{""usdt"": 14512299.0, ""borsa"": 3, ""fiyat"": 64350.0, ""kaynak"": ""BNB+BYB+OKX""}, {""usdt"": 10635850.0, ""borsa"": 1, ""fiyat"": 64425.0, ""kaynak"": ""BNB""}, {""usdt"": 8993093.0, ""borsa"": 2, ""fiyat"": 64375.0, ""kaynak"": ""BNB+BYB""}]",YOK,0.082,0.0055,0.209,1.2861,false,2.5048,true,0.0751,1,0,3,1,0,3,31.8,32.9,IZLE,,25,64336,,,,,SEVIYE,65,51.7,6,,,,,,,1785331920,1,0,,22,1063.1,22,,,
31212,2026-07-29 13:36:58.3645+00,64287.05,-699207.0402968114,841598.2549999999,11710988716.6331,0.00008278,43795386.584610015,27666.114000000005,43.5,BEKLE,,0.0,27666.114000000005,1.4606,0,47099999.88205001,0,0.0,43.5,"[{""usdt"": 10347547.0, ""borsa"": 3, ""fiyat"": 64250.0, ""kaynak"": ""BNB+BYB+OKX""}, {""usdt"": 8521533.0, ""borsa"": 1, ""fiyat"": 64200.0, ""kaynak"": ""BNB""}, {""usdt"": 8043496.0, ""borsa"": 1, ""fiyat"": 64175.0, ""kaynak"": ""BNB""}]","[{""usdt"": 13770664.0, ""borsa"": 3, ""fiyat"": 64300.0, ""kaynak"": ""BNB+BYB+OKX""}, {""usdt"": 8600021.0, ""borsa"": 1, ""fiyat"": 64400.0, ""kaynak"": ""BNB""}, {""usdt"": 6844688.0, ""borsa"": 1, ""fiyat"": 64375.0, ""kaynak"": ""BNB""}]",YOK,-0.0512,-0.0364,0.0075,0.6995,false,1.38,true,0,0,1,3,1,0,3,28.2,29.3,IZLE,,25,64258.4,,,,,SEVIYE,50,233.0,24,,,,,,,1785331920,1,1,,22,1064.1,22,,,
31213,2026-07-29 13:37:58.760992+00,64220.350000000006,-1291353.9732033135,-303833.89900000003,11706393992.982399,0.00008278,46903863.88335004,0.0,57.6,BEKLE,false,0.0,0.0,1.4606,0,51060669.96081001,0,0.0,57.6,"[{""usdt"": 13697039.0, ""borsa"": 3, ""fiyat"": 64225.0, ""kaynak"": ""BNB+BYB+OKX""}, {""usdt"": 9686482.0, ""borsa"": 1, ""fiyat"": 64175.0, ""kaynak"": ""BNB""}, {""usdt"": 8671147.0, ""borsa"": 1, ""fiyat"": 64150.0, ""kaynak"": ""BNB""}]","[{""usdt"": 11422216.0, ""borsa"": 3, ""fiyat"": 64275.0, ""kaynak"": ""BNB+BYB+OKX""}, {""usdt"": 11277490.0, ""borsa"": 1, ""fiyat"": 64350.0, ""kaynak"": ""BNB""}, {""usdt"": 10588308.0, ""borsa"": 3, ""fiyat"": 64250.0, ""kaynak"": ""BNB+BYB+OKX""}]",YOK,-0.1082,-0.0424,0.119,3.0094,false,1.8597,true,0,0,1,3,1,0,3,24.8,25.9,IZLE,,25,64258.4,,,,,SEVIYE,50,234.0,24,,,,,,,,,0,,22,1065.1,22,,,
31214,2026-07-29 13:38:59.057387+00,64149.05,-2362747.1574462173,-520602.1279999999,11692308832.5587,0.00008278,48763065.50210999,0.0,30.6,BEKLE,false,0.0,0.0,1.4606,60.383,46776576.67105005,60.383,0.0,30.6,"[{""usdt"": 13757788.0, ""borsa"": 3, ""fiyat"": 64150.0, ""kaynak"": ""BNB+BYB+OKX""}, {""usdt"": 10901515.0, ""borsa"": 1, ""fiyat"": 64100.0, ""kaynak"": ""BNB""}, {""usdt"": 9471236.0, ""borsa"": 1, ""fiyat"": 64125.0, ""kaynak"": ""BNB""}]","[{""usdt"": 9323330.0, ""borsa"": 3, ""fiyat"": 64200.0, ""kaynak"": ""BNB+BYB+OKX""}, {""usdt"": 9006968.0, ""borsa"": 1, ""fiyat"": 64225.0, ""kaynak"": ""BNB""}, {""usdt"": 8511197.0, ""borsa"": 1, ""fiyat"": 64300.0, ""kaynak"": ""BNB""}]",YOK,-0.1489,0.0208,0.682,3.7983,false,,true,0,1,2,3,1,1,3,20.7,21.8,IZLE,,25,64124.5,,,,,SEVIYE,50,805.8,81,,,,,,,,,0,,22,1066.1,22,,,
31215,2026-07-29 13:39:59.451139+00,64312.850000000006,-2273647.9347367203,-756545.907,11711401529.1572,0.00008278,48743240.11831002,1603.8525,24.5,BEKLE,false,1603.8525,0.0,1.4606,60.32,40957288.08444,0,0.0,24.5,"[{""usdt"": 10384313.0, ""borsa"": 3, ""fiyat"": 64200.0, ""kaynak"": ""BNB+BYB+OKX""}, {""usdt"": 9375515.0, ""borsa"": 3, ""fiyat"": 64225.0, ""kaynak"": ""BNB+BYB+OKX""}, {""usdt"": 8075670.0, ""borsa"": 1, ""fiyat"": 64100.0, ""kaynak"": ""BNB""}]","[{""usdt"": 11907847.0, ""borsa"": 3, ""fiyat"": 64250.0, ""kaynak"": ""BNB+BYB+OKX""}, {""usdt"": 7623703.0, ""borsa"": 1, ""fiyat"": 64325.0, ""kaynak"": ""BNB""}, {""usdt"": 7531179.0, ""borsa"": 1, ""fiyat"": 64300.0, ""kaynak"": ""BNB""}]",YOK,-0.08,0.0868,0.694,0.0058,false,,false,2.9957,0,1,3,2,0,3,16.6,17.7,IZLE,,25,64336,,,,,SEVIYE,65,55.7,6,,,,,,,1785332280,1,0,,22,1067.1,22,,,
31216,2026-07-29 13:40:59.797133+00,64260.45,621196.6612082813,1520692.5479999995,11716973065.707298,0.00008278,43387159.29801995,1603.8525,47.6,BEKLE,false,1603.8525,0.0,1.4606,0,46397659.54981001,60.343,0.0,47.6,"[{""usdt"": 10592984.0, ""borsa"": 3, ""fiyat"": 64275.0, ""kaynak"": ""BNB+BYB+OKX""}, {""usdt"": 9136151.0, ""borsa"": 1, ""fiyat"": 64175.0, ""kaynak"": ""BNB""}, {""usdt"": 8091199.0, ""borsa"": 1, ""fiyat"": 64200.0, ""kaynak"": ""BNB""}]","[{""usdt"": 14471610.0, ""borsa"": 3, ""fiyat"": 64300.0, ""kaynak"": ""BNB+BYB+OKX""}, {""usdt"": 8838473.0, ""borsa"": 1, ""fiyat"": 64350.0, ""kaynak"": ""BNB""}, {""usdt"": 8017980.0, ""borsa"": 1, ""fiyat"": 64375.0, ""kaynak"": ""BNB""}]",YOK,0.0191,-0.0335,0.3656,0.7531,false,,false,8.9295,0,0,3,2,0,3,13.1,14.2,IZLE,,25,64258.4,,,,,SEVIYE,50,237.0,24,,,,,,,1785332280,1,1,,22,1068.1,22,,,
31217,2026-07-29 13:42:00.194582+00,64299.95,1000747.6684081843,1924824.2329999998,11719001185.101799,0.00008278,44278387.24506,1603.8525,38.8,BEKLE,false,1603.8525,0.0,1.4594,60.337,49819934.947670005,60.337,0.0,38.8,"[{""usdt"": 10928501.0, ""borsa"": 3, ""fiyat"": 64275.0, ""kaynak"": ""BNB+BYB+OKX""}, {""usdt"": 9336145.0, ""borsa"": 1, ""fiyat"": 64175.0, ""kaynak"": ""BNB""}, {""usdt"": 7327788.0, ""borsa"": 1, ""fiyat"": 64225.0, ""kaynak"": ""BNB""}]","[{""usdt"": 13496186.0, ""borsa"": 3, ""fiyat"": 64325.0, ""kaynak"": ""BNB+BYB+OKX""}, {""usdt"": 11333190.0, ""borsa"": 3, ""fiyat"": 64300.0, ""kaynak"": ""BNB+BYB+OKX""}, {""usdt"": 9852124.0, ""borsa"": 1, ""fiyat"": 64400.0, ""kaynak"": ""BNB""}]",YOK,0.0457,-0.0589,0.51,0.2693,false,,false,4.1385,0,0,3,0,0,3,9.6,10.7,IZLE,,25,64336,,,,,SEVIYE,65,57.8,6,,,,,,,1785332280,1,2,,22,1069.1,22,,,
31218,2026-07-29 13:43:01.589394+00,64393.05,2070127.834314684,2106098.4070000006,11735336296.1087,0.00008278,49600285.00802,21438.990900000004,0.0,BEKLE,,1603.8525,19835.138400000003,1.4594,0,46079366.47812003,0,0.0,0.0,"[{""usdt"": 10685043.0, ""borsa"": 3, ""fiyat"": 64375.0, ""kaynak"": ""BNB+BYB+OKX""}, {""usdt"": 8251022.0, ""borsa"": 1, ""fiyat"": 64350.0, ""kaynak"": ""BNB""}, {""usdt"": 7700000.0, ""borsa"": 1, ""fiyat"": 64275.0, ""kaynak"": ""BNB""}]","[{""usdt"": 12883130.0, ""borsa"": 3, ""fiyat"": 64425.0, ""kaynak"": ""BNB+BYB+OKX""}, {""usdt"": 11259398.0, ""borsa"": 1, ""fiyat"": 64500.0, ""kaynak"": ""BNB""}, {""usdt"": 8406191.0, ""borsa"": 1, ""fiyat"": 64475.0, ""kaynak"": ""BNB""}]",YOK,0.1347,0.0368,0.4806,1.7196,false,,false,2.6639,1,0,3,1,0,3,7.2,8.3,IZLE,,25,64395.5,,,,,SEVIYE,100,429.3,43,,,,,,,1785332520,1,0,,22,1070.2,22,,,
31219,2026-07-29 13:44:02.019077+00,64423.05,1987557.4806337869,2028544.7919999997,11735860983.4118,0.00008278,48211963.87588999,19834.9536,0.0,BEKLE,,0.0,19834.9536,1.4594,60.352,47483545.80509001,60.352,0.0,0.0,"[{""usdt"": 11305978.0, ""borsa"": 3, ""fiyat"": 64400.0, ""kaynak"": ""BNB+BYB+OKX""}, {""usdt"": 8356638.0, ""borsa"": 1, ""fiyat"": 64350.0, ""kaynak"": ""BNB""}, {""usdt"": 7870636.0, ""borsa"": 1, ""fiyat"": 64300.0, ""kaynak"": ""BNB""}]","[{""usdt"": 15387138.0, ""borsa"": 3, ""fiyat"": 64425.0, ""kaynak"": ""BNB+BYB+OKX""}, {""usdt"": 12634188.0, ""borsa"": 1, ""fiyat"": 64500.0, ""kaynak"": ""BNB""}, {""usdt"": 8383299.0, ""borsa"": 2, ""fiyat"": 64450.0, ""kaynak"": ""BNB+BYB""}]",SPOT,0.1842,0.0076,0.5309,2.3317,false,,false,1.1286,2,0,3,1,0,3,3.7,4.8,IZLE,,25,64437.9,,,,,SEVIYE,70,360.2,36,,,,,,,1785332520,1,0,,22,1071.2,22,,,
31220,2026-07-29 13:45:02.376468+00,64446.649999999994,2483973.3699434856,3346050.7210000004,11740926168.2354,0.00008278,49207295.33188994,165686.70159999997,0.0,BEKLE,,0.0,165686.70159999997,1.4594,0,41385981.50508996,120.836,0.0,0.0,"[{""usdt"": 15275782.0, ""borsa"": 3, ""fiyat"": 64400.0, ""kaynak"": ""BNB+BYB+OKX""}, {""usdt"": 11154216.0, ""borsa"": 3, ""fiyat"": 64375.0, ""kaynak"": ""BNB+BYB+OKX""}, {""usdt"": 8227212.0, ""borsa"": 1, ""fiyat"": 64325.0, ""kaynak"": ""BNB""}]","[{""usdt"": 9875505.0, ""borsa"": 1, ""fiyat"": 64500.0, ""kaynak"": ""BNB""}, {""usdt"": 7300666.0, ""borsa"": 3, ""fiyat"": 64425.0, ""kaynak"": ""BNB+BYB+OKX""}, {""usdt"": 7206069.0, ""borsa"": 1, ""fiyat"": 64525.0, ""kaynak"": ""BNB""}]",SPOT,0.1842,0.0863,0.4331,0.8583,false,,false,1.6602,2,0,3,1,0,3,64.2,62.7,IZLE,,25,64428.6,,,,,SEVIYE,70,361.3,37,,,,,,,1785332640,2,0,,20,1072.2,20,,,
31221,2026-07-29 13:46:03.372554+00,64464.95,1857668.6040251972,3401873.407,11723137487.4508,0.00008278,49208719.16398994,172760.4434,0.0,BEKLE,,0.0,172760.4434,1.4594,60.966,45102888.66545996,181.802,0.0,0.0,"[{""usdt"": 9890448.0, ""borsa"": 1, ""fiyat"": 64375.0, ""kaynak"": ""BNB""}, {""usdt"": 9550538.0, ""borsa"": 2, ""fiyat"": 64450.0, ""kaynak"": ""BYB+OKX""}, {""usdt"": 8227212.0, ""borsa"": 1, ""fiyat"": 64325.0, ""kaynak"": ""BNB""}]","[{""usdt"": 14816366.0, ""borsa"": 3, ""fiyat"": 64475.0, ""kaynak"": ""BNB+BYB+OKX""}, {""usdt"": 13641379.0, ""borsa"": 3, ""fiyat"": 64500.0, ""kaynak"": ""BNB+BYB+OKX""}, {""usdt"": 7206069.0, ""borsa"": 1, ""fiyat"": 64525.0, ""kaynak"": ""BNB""}]",SPOT,0.167,0.0435,0.3022,3.5246,false,,false,1.025,1,0,3,1,0,3,60.7,62.3,IZLE,,25,64487.9,,,,,SEVIYE,50,302.2,31,PCT,0.58,2.7684021132229177,0.3636459915361547,false,0.935,1785332700,2,0,,20,1073.2,20,,,
31222,2026-07-29 13:47:04.613805+00,64409.95,2232554.348961895,3598732.454,11725096035.055199,0.00008278,49622143.511169985,172761.7408,36.0,BEKLE,false,0.0,172761.7408,1.4594,122.206,50364790.61867999,243.042,0.0,36.0,"[{""usdt"": 16268368.0, ""borsa"": 3, ""fiyat"": 64425.0, ""kaynak"": ""BNB+BYB+OKX""}, {""usdt"": 8837927.0, ""borsa"": 1, ""fiyat"": 64375.0, ""kaynak"": ""BNB""}, {""usdt"": 8296371.0, ""borsa"": 1, ""fiyat"": 64350.0, ""kaynak"": ""BNB""}]","[{""usdt"": 13877495.0, ""borsa"": 1, ""fiyat"": 64550.0, ""kaynak"": ""BNB""}, {""usdt"": 11196371.0, ""borsa"": 3, ""fiyat"": 64475.0, ""kaynak"": ""BNB+BYB+OKX""}, {""usdt"": 7260434.0, ""borsa"": 1, ""fiyat"": 64500.0, ""kaynak"": ""BNB""}]",YOK,0.0928,-0.0074,0.3265,2.055,false,,false,1.6185,1,0,3,0,0,3,57.9,59,IZLE,,25,64394.1,,,,,SEVIYE,100,433.4,44,,,,,,,1785332700,2,0,,20,1074.2,20,,,
31223,2026-07-29 13:48:04.978741+00,64469.350000000006,2454305.0147058894,3322634.868,11725630863.7614,0.00008278,50772757.41837002,168266.1966,38.3,BEKLE,false,0.0,168266.1966,1.4594,182.552,49099694.85681001,303.388,0.0,38.3,"[{""usdt"": 11570809.0, ""borsa"": 3, ""fiyat"": 64400.0, ""kaynak"": ""BNB+BYB+OKX""}, {""usdt"": 10566733.0, ""borsa"": 3, ""fiyat"": 64375.0, ""kaynak"": ""BNB+BYB+OKX""}, {""usdt"": 9558591.0, ""borsa"": 1, ""fiyat"": 64350.0, ""kaynak"": ""BNB""}]","[{""usdt"": 15000713.0, ""borsa"": 1, ""fiyat"": 64500.0, ""kaynak"": ""BNB""}, {""usdt"": 12992449.0, ""borsa"": 3, ""fiyat"": 64425.0, ""kaynak"": ""BNB+BYB+OKX""}, {""usdt"": 7549333.0, ""borsa"": 1, ""fiyat"": 64450.0, ""kaynak"": ""BNB""}]",YOK,0.0275,0.0168,0.1722,2.4072,false,,false,1.4824,1,0,3,2,0,3,54.4,55.5,IZLE,,50,64487.9,,,,,SEVIYE+TASFIYE,50,304.2,31,,,,,,,1785332820,2,0,,20,1075.2,20,,,
31224,2026-07-29 13:49:06.384551+00,64552.850000000006,3744887.998117289,4015640.9990000003,11737869496.8274,0.00008278,48856079.118599996,23785.2187,0.0,BEKLE,,0.0,23785.2187,1.4655,0,51078167.67428002,364.627,0.0,0.0,"[{""usdt"": 12356088.0, ""borsa"": 3, ""fiyat"": 64475.0, ""kaynak"": ""BNB+BYB+OKX""}, {""usdt"": 7667659.0, ""borsa"": 1, ""fiyat"": 64425.0, ""kaynak"": ""BNB""}, {""usdt"": 7354956.0, ""borsa"": 1, ""fiyat"": 64400.0, ""kaynak"": ""BNB""}]","[{""usdt"": 14838388.0, ""borsa"": 3, ""fiyat"": 64500.0, ""kaynak"": ""BNB+BYB+OKX""}, {""usdt"": 11171076.0, ""borsa"": 3, ""fiyat"": 64525.0, ""kaynak"": ""BNB+BYB+OKX""}, {""usdt"": 11125271.0, ""borsa"": 1, ""fiyat"": 64550.0, ""kaynak"": ""BNB""}]",SPOT,0.1648,-0.0222,0.3681,1.9128,true,0,false,2.8301,2,0,3,1,0,3,51.4,52.5,IZLE,,25,64566.5,,,,,SEVIYE,90,345.3,35,,,,,,,1785332880,2,0,,20,1076.2,20,,,
31225,2026-07-29 13:50:06.887356+00,64598.350000000006,5593245.5722089,3397831.644,11745290008.6292,0.00008278,51107350.65265996,517387.8756,0.0,BEKLE,,0.0,517387.8756,1.4655,0,54114306.869890034,60.626,0.0,0.0,"[{""usdt"": 14761541.0, ""borsa"": 3, ""fiyat"": 64550.0, ""kaynak"": ""BNB+BYB+OKX""}, {""usdt"": 8382496.0, ""borsa"": 1, ""fiyat"": 64500.0, ""kaynak"": ""BNB""}, {""usdt"": 7641381.0, ""borsa"": 1, ""fiyat"": 64475.0, ""kaynak"": ""BNB""}]","[{""usdt"": 17526316.0, ""borsa"": 3, ""fiyat"": 64600.0, ""kaynak"": ""BNB+BYB+OKX""}, {""usdt"": 10919348.0, ""borsa"": 1, ""fiyat"": 64625.0, ""kaynak"": ""BNB""}, {""usdt"": 9975830.0, ""borsa"": 1, ""fiyat"": 64675.0, ""kaynak"": ""BNB""}]",SPOT,0.2332,-0.0286,0.9753,3.3465,true,0,false,2.5187,3,0,3,1,1,3,47.6,49.1,IZLE,,25,64618.2,,,,,SEVIYE,75,246.2,25,,,,,,,1785333000,3,0,,20,1077.2,20,,,
31226,2026-07-29 13:51:07.253264+00,64499.95,5593245.5722089,3397831.644,11745290008.6292,0.00008278,50787115.679670006,517387.8756,4.0,BEKLE,,0.0,517387.8756,1.4655,0,51608027.49311999,60.436,4.0,0.0,"[{""usdt"": 13450260.0, ""borsa"": 3, ""fiyat"": 64600.0, ""kaynak"": ""BNB+BYB+OKX""}, {""usdt"": 9563280.0, ""borsa"": 3, ""fiyat"": 64575.0, ""kaynak"": ""BNB+BYB+OKX""}, {""usdt"": 9163724.0, ""borsa"": 1, ""fiyat"": 64550.0, ""kaynak"": ""BNB""}]","[{""usdt"": 17644297.0, ""borsa"": 3, ""fiyat"": 64625.0, ""kaynak"": ""BNB+BYB+OKX""}, {""usdt"": 11826336.0, ""borsa"": 1, ""fiyat"": 64700.0, ""kaynak"": ""BNB""}, {""usdt"": 9694767.0, ""borsa"": 2, ""fiyat"": 64650.0, ""kaynak"": ""BNB+OKX""}]",SPOT,0.2105,-0.008,0.9984,0.6576,false,,false,1.6285,3,0,3,1,0,3,43.4,45,IZLE,,25,64487.9,,,,,SEVIYE,50,307.3,31,,,,,,,1785333000,3,0,,20,1078.2,20,,,
31227,2026-07-29 13:52:07.813166+00,64493.850000000006,3763114.8337934995,3179917.8139999993,11725463029.891901,0.00008278,49420220.10003999,624547.4386,25.2,BEKLE,true,0.0,624547.4386,1.4643,0,52487603.56128995,120.701,25.2,0.0,"[{""usdt"": 13121038.0, ""borsa"": 3, ""fiyat"": 64500.0, ""kaynak"": ""BNB+BYB+OKX""}, {""usdt"": 9178677.0, ""borsa"": 3, ""fiyat"": 64525.0, ""kaynak"": ""BNB+BYB+OKX""}, {""usdt"": 9084575.0, ""borsa"": 1, ""fiyat"": 64475.0, ""kaynak"": ""BNB""}]","[{""usdt"": 14052152.0, ""borsa"": 3, ""fiyat"": 64550.0, ""kaynak"": ""BNB+BYB+OKX""}, {""usdt"": 12617459.0, ""borsa"": 1, ""fiyat"": 64600.0, ""kaynak"": ""BNB""}, {""usdt"": 10535530.0, ""borsa"": 1, ""fiyat"": 64625.0, ""kaynak"": ""BNB""}]",YOK,0.0267,-0.0301,0.7065,2.7252,false,,false,1.9262,0,1,3,0,0,3,39.9,40.9,IZLE,,25,64487.9,,,,,SEVIYE,50,308.3,31,,,,,,,1785333000,3,0,,20,1079.3,20,,,
31228,2026-07-29 13:53:08.164373+00,64412.95,3568585.350614799,2795063.6399999997,11724479127.2258,0.00008278,51230555.47619,613143.9546,21.7,BEKLE,true,3873.228,609270.7266,1.4643,0,49010304.206429996,0,21.7,0.0,"[{""usdt"": 16210120.0, ""borsa"": 3, ""fiyat"": 64450.0, ""kaynak"": ""BNB+BYB+OKX""}, {""usdt"": 11524181.0, ""borsa"": 2, ""fiyat"": 64425.0, ""kaynak"": ""BNB+BYB""}, {""usdt"": 7644848.0, ""borsa"": 1, ""fiyat"": 64375.0, ""kaynak"": ""BNB""}]","[{""usdt"": 9973942.0, ""borsa"": 1, ""fiyat"": 64550.0, ""kaynak"": ""BNB""}, {""usdt"": 9845083.0, ""borsa"": 3, ""fiyat"": 64500.0, ""kaynak"": ""BNB+BYB+OKX""}, {""usdt"": 8446974.0, ""borsa"": 3, ""fiyat"": 64475.0, ""kaynak"": ""BNB+BYB+OKX""}]",YOK,-0.0437,0.0221,0.5818,2.0703,false,,false,1.8123,1,1,3,2,0,3,36.6,37.7,IZLE,,25,64428.6,,,,,SEVIYE,70,369.3,37,,,,,,,1785333060,3,0,,20,1080.3,20,,,
31229,2026-07-29 13:54:08.650219+00,64425.350000000006,2165358.4776642974,2084067.0830000003,11708331179.7336,0.00008278,51836797.84432998,613334.9799,23.3,BEKLE,true,5419.1376,607915.8423,1.4643,0,45031322.01417007,0,23.3,0.0,"[{""usdt"": 16260568.0, ""borsa"": 3, ""fiyat"": 64425.0, ""kaynak"": ""BNB+BYB+OKX""}, {""usdt"": 9072314.0, ""borsa"": 3, ""fiyat"": 64400.0, ""kaynak"": ""BNB+BYB+OKX""}, {""usdt"": 8765117.0, ""borsa"": 1, ""fiyat"": 64325.0, ""kaynak"": ""BNB""}]","[{""usdt"": 11939347.0, ""borsa"": 3, ""fiyat"": 64450.0, ""kaynak"": ""BNB+BYB+OKX""}, {""usdt"": 9771503.0, ""borsa"": 2, ""fiyat"": 64475.0, ""kaynak"": ""BNB+BYB""}, {""usdt"": 8959275.0, ""borsa"": 1, ""fiyat"": 64525.0, ""kaynak"": ""BNB""}]",YOK,-0.0869,0.0703,0.3501,1.9841,false,,false,2.2044,0,1,3,2,0,3,33.2,34.3,IZLE,,50,64428.6,,,,,SEVIYE+TASFIYE,70,370.4,37,,,,,,,1785333180,3,0,,20,1081.3,20,,,
31230,2026-07-29 13:55:09.143192+00,64412.05,2466024.8180103973,1810106.0019999999,11708848174.870499,0.00008278,49590229.89502996,413842.661,0.0,BEKLE,,5420.244000000001,408422.417,1.4643,0,46641633.30650999,60.495,0.0,0.0,"[{""usdt"": 10839543.0, ""borsa"": 3, ""fiyat"": 64425.0, ""kaynak"": ""BNB+BYB+OKX""}, {""usdt"": 10315020.0, ""borsa"": 3, ""fiyat"": 64450.0, ""kaynak"": ""BNB+BYB+OKX""}, {""usdt"": 8164972.0, ""borsa"": 1, ""fiyat"": 64350.0, ""kaynak"": ""BNB""}]","[{""usdt"": 13969012.0, ""borsa"": 3, ""fiyat"": 64475.0, ""kaynak"": ""BNB+BYB+OKX""}, {""usdt"": 9914576.0, ""borsa"": 1, ""fiyat"": 64525.0, ""kaynak"": ""BNB""}, {""usdt"": 9356990.0, ""borsa"": 1, ""fiyat"": 64550.0, ""kaynak"": ""BNB""}]",YOK,-0.0798,0.0306,0.5658,2.3372,false,,false,0.493,0,2,3,1,0,3,29.9,31,IZLE,,50,64431.9,,,,,SEVIYE+TASFIYE,100,371.4,38,,,,,,,1785333180,1,0,,21,1082.3,21,,,
31231,2026-07-29 13:56:09.598511+00,64348.75,401754.9714926844,90359.54700000008,11705493607.0527,0.00008278,45090025.087610014,5484.7978,0.0,BEKLE,,5420.244000000001,64.55380000000001,1.4643,60.38,49535533.67681995,60.38,0.0,0.0,"[{""usdt"": 11057082.0, ""borsa"": 3, ""fiyat"": 64375.0, ""kaynak"": ""BNB+BYB+OKX""}, {""usdt"": 8564782.0, ""borsa"": 1, ""fiyat"": 64350.0, ""kaynak"": ""BNB""}, {""usdt"": 7414502.0, ""borsa"": 1, ""fiyat"": 64300.0, ""kaynak"": ""BNB""}]","[{""usdt"": 14085093.0, ""borsa"": 3, ""fiyat"": 64425.0, ""kaynak"": ""BNB+BYB+OKX""}, {""usdt"": 9941206.0, ""borsa"": 1, ""fiyat"": 64475.0, ""kaynak"": ""BNB""}, {""usdt"": 7605028.0, ""borsa"": 1, ""fiyat"": 64450.0, ""kaynak"": ""BNB""}]",YOK,-0.0889,-0.047,0.5094,1.0304,false,0.5037,false,,0,1,3,0,0,3,26.4,27.5,IZLE,,25,64327.4,,,,,SEVIYE,70,71.9,8,,,,,,,1785333180,1,0,,21,1083.3,21,,,
31232,2026-07-29 13:57:09.950519+00,64299.95,-736237.5092712156,-319664.5660000001,11695644149.9351,0.00008278,48827179.179010026,23874.1845,0.0,BEKLE,,23874.1845,0.0,1.4546,0,48013288.47891005,0,0.0,0.0,"[{""usdt"": 13656390.0, ""borsa"": 3, ""fiyat"": 64300.0, ""kaynak"": ""BNB+BYB+OKX""}, {""usdt"": 9807689.0, ""borsa"": 1, ""fiyat"": 64200.0, ""kaynak"": ""BNB""}, {""usdt"": 9193269.0, ""borsa"": 1, ""fiyat"": 64250.0, ""kaynak"": ""BNB""}]","[{""usdt"": 11220346.0, ""borsa"": 3, ""fiyat"": 64325.0, ""kaynak"": ""BNB+BYB+OKX""}, {""usdt"": 10485862.0, ""borsa"": 1, ""fiyat"": 64425.0, ""kaynak"": ""BNB""}, {""usdt"": 9369370.0, ""borsa"": 3, ""fiyat"": 64350.0, ""kaynak"": ""BNB+BYB+OKX""}]",YOK,-0.1873,0.0084,0.4596,1.3757,false,0.805,false,,0,2,3,1,0,3,23,24.1,IZLE,,50,64327.4,,,,,SEVIYE+TASFIYE,70,72.9,8,,,,,,,1785333360,2,0,,21,1084.3,21,,,
31233,2026-07-29 13:58:10.47318+00,64406.55,-1221693.510278815,-413354.314,11690827696.811,0.00008278,47220356.26435003,29064.091099999998,64.4,BEKLE,,29064.091099999998,0.0,1.4546,0,46146726.69718996,60.242,64.4,0.0,"[{""usdt"": 14480302.0, ""borsa"": 3, ""fiyat"": 64350.0, ""kaynak"": ""BNB+BYB+OKX""}, {""usdt"": 9168342.0, ""borsa"": 1, ""fiyat"": 64275.0, ""kaynak"": ""BNB""}, {""usdt"": 7944852.0, ""borsa"": 1, ""fiyat"": 64300.0, ""kaynak"": ""BNB""}]","[{""usdt"": 14995677.0, ""borsa"": 3, ""fiyat"": 64400.0, ""kaynak"": ""BNB+BYB+OKX""}, {""usdt"": 9352898.0, ""borsa"": 1, ""fiyat"": 64475.0, ""kaynak"": ""BNB""}, {""usdt"": 7690296.0, ""borsa"": 1, ""fiyat"": 64425.0, ""kaynak"": ""BNB""}]",YOK,-0.1046,0.0115,0.4969,0.0462,false,0.5306,false,,0,0,3,1,0,3,19.4,20.5,IZLE,,50,64431.9,,,,,SEVIYE+TASFIYE,100,374.4,38,,,,,,,1785333360,2,0,,21,1085.3,21,,,
31234,2026-07-29 13:59:11.944217+00,64556.75,687681.05078268,426744.93,11718095492.2372,0.00008278,51907036.83446,27517.075100000002,86.7,BEKLE,false,27517.075100000002,0.0,1.4546,0,52667842.17078006,0,86.7,0.0,"[{""usdt"": 14890610.0, ""borsa"": 3, ""fiyat"": 64500.0, ""kaynak"": ""BNB+BYB+OKX""}, {""usdt"": 8470945.0, ""borsa"": 1, ""fiyat"": 64400.0, ""kaynak"": ""BNB""}, {""usdt"": 8128878.0, ""borsa"": 1, ""fiyat"": 64450.0, ""kaynak"": ""BNB""}]","[{""usdt"": 12255499.0, ""borsa"": 1, ""fiyat"": 64600.0, ""kaynak"": ""BNB""}, {""usdt"": 10984576.0, ""borsa"": 1, ""fiyat"": 64575.0, ""kaynak"": ""BNB""}, {""usdt"": 10702046.0, ""borsa"": 3, ""fiyat"": 64550.0, ""kaynak"": ""BNB+BYB+OKX""}]",YOK,0.0507,-0.0073,0.371,2.2938,true,0.464,false,,1,0,3,2,0,3,17.1,18.2,IZLE,,25,64553.9,,,,,SEVIYE,90,355.4,36,,,,,,,1785333360,2,0,,21,1086.3,21,,,
31235,2026-07-29 14:00:12.195925+00,64659.25,2009147.9130829847,855676.8819999999,11735562109.4252,0.00008278,50257778.19027002,63477.9449,60.4,BEKLE,false,27517.075100000002,35960.8698,1.4546,0,55582283.04947002,0,60.4,0.0,"[{""usdt"": 17719674.0, ""borsa"": 3, ""fiyat"": 64625.0, ""kaynak"": ""BNB+BYB+OKX""}, {""usdt"": 7663250.0, ""borsa"": 1, ""fiyat"": 64550.0, ""kaynak"": ""BNB""}, {""usdt"": 6577911.0, ""borsa"": 1, ""fiyat"": 64575.0, ""kaynak"": ""BNB""}]","[{""usdt"": 15297385.0, ""borsa"": 3, ""fiyat"": 64675.0, ""kaynak"": ""BNB+BYB+OKX""}, {""usdt"": 14899234.0, ""borsa"": 1, ""fiyat"": 64725.0, ""kaynak"": ""BNB""}, {""usdt"": 10373844.0, ""borsa"": 3, ""fiyat"": 64650.0, ""kaynak"": ""BNB+BYB+OKX""}]",SPOT,0.2422,-0.0503,0.2405,9.0495,true,0.2683,false,,3,0,3,1,1,3,13.6,14.7,IZLE,,25,64675.9,,,,,SEVIYE,90,236.2,24,,,,,,,1785333540,2,0,,21,1087.3,21,,,
31236,2026-07-29 14:01:12.745845+00,64547.25,-1158393.2876425167,-194528.36999999997,11739653866.5205,0.00008278,44872572.69910002,331075.88450000004,37.7,BEKLE,false,27130.894399999997,303944.99010000005,1.4546,0,48425555.63314002,60.43,37.7,0.0,"[{""usdt"": 13826920.0, ""borsa"": 3, ""fiyat"": 64525.0, ""kaynak"": ""BNB+BYB+OKX""}, {""usdt"": 8946538.0, ""borsa"": 1, ""fiyat"": 64475.0, ""kaynak"": ""BNB""}, {""usdt"": 8364194.0, ""borsa"": 3, ""fiyat"": 64500.0, ""kaynak"": ""BNB+BYB+OKX""}]","[{""usdt"": 9539037.0, ""borsa"": 1, ""fiyat"": 64650.0, ""kaynak"": ""BNB""}, {""usdt"": 8508572.0, ""borsa"": 3, ""fiyat"": 64550.0, ""kaynak"": ""BNB+BYB+OKX""}, {""usdt"": 7318222.0, ""borsa"": 3, ""fiyat"": 64575.0, ""kaynak"": ""BNB+BYB+OKX""}]",YOK,-0.016,-0.0381,0.7837,6.9411,false,0.9672,false,,0,1,3,0,1,3,9.6,10.7,IZLE,,25,64553.9,,,,,SEVIYE,90,357.4,36,PCT,0.59,54.72303392718912,7.010484650574603,true,0.341,1785333600,3,0,,21,1088.4,21,,,
31237,2026-07-29 14:02:13.884561+00,64563.05,-1654158.426587013,-193693.95000000004,11729309761.393002,0.00008278,46290087.257850036,303737.1775,0.0,BEKLE,,0.0,303737.1775,1.4546,61.125,47703669.75789002,121.555,0.0,0.0,"[{""usdt"": 10271783.0, ""borsa"": 1, ""fiyat"": 64475.0, ""kaynak"": ""BNB""}, {""usdt"": 8432015.0, ""borsa"": 3, ""fiyat"": 64550.0, ""kaynak"": ""BNB+BYB+OKX""}, {""usdt"": 8345858.0, ""borsa"": 1, ""fiyat"": 64500.0, ""kaynak"": ""BNB""}]","[{""usdt"": 15335691.0, ""borsa"": 3, ""fiyat"": 64575.0, ""kaynak"": ""BNB+BYB+OKX""}, {""usdt"": 9401458.0, ""borsa"": 1, ""fiyat"": 64650.0, ""kaynak"": ""BNB""}, {""usdt"": 7924755.0, ""borsa"": 1, ""fiyat"": 64625.0, ""kaynak"": ""BNB""}]",YOK,0.0522,-0.015,0.8282,16.5375,false,1.3635,false,0,1,1,3,0,0,3,6.8,7.9,IZLE,,25,64553.9,,,,,SEVIYE,90,358.4,36,,,,,,,1785333600,3,0,,21,1089.4,21,,,
31238,2026-07-29 14:03:14.1926+00,64527.95,-1218276.0131166158,379599.178,11736402187.904598,0.00008278,49890285.05294998,303737.1775,12.8,BEKLE,,0.0,303737.1775,1.451,121.503,46892432.081200026,0,0.0,12.8,"[{""usdt"": 10719481.0, ""borsa"": 3, ""fiyat"": 64525.0, ""kaynak"": ""BNB+BYB+OKX""}, {""usdt"": 9907301.0, ""borsa"": 3, ""fiyat"": 64500.0, ""kaynak"": ""BNB+BYB+OKX""}, {""usdt"": 8701275.0, ""borsa"": 1, ""fiyat"": 64450.0, ""kaynak"": ""BNB""}]","[{""usdt"": 16022308.0, ""borsa"": 3, ""fiyat"": 64550.0, ""kaynak"": ""BNB+BYB+OKX""}, {""usdt"": 8549761.0, ""borsa"": 1, ""fiyat"": 64625.0, ""kaynak"": ""BNB""}, {""usdt"": 7332911.0, ""borsa"": 1, ""fiyat"": 64600.0, ""kaynak"": ""BNB""}]",YOK,-0.0109,0.031,0.0028,7.0236,false,1.6807,false,0,0,1,3,1,0,3,3,4,IZLE,,25,64553.9,,,,,SEVIYE,90,359.4,36,,,,,,,1785333600,3,1,,21,1090.4,21,,,
31239,2026-07-29 14:04:14.913413+00,64510.45,-1756275.685375516,416348.188,11727245611.8876,0.00008278,50437901.68165001,301091.1769,5.2,BEKLE,,0.0,301091.1769,1.451,60.496,47354306.43679998,60.496,5.2,0.0,"[{""usdt"": 8997604.0, ""borsa"": 1, ""fiyat"": 64400.0, ""kaynak"": ""BNB""}, {""usdt"": 8895610.0, ""borsa"": 2, ""fiyat"": 64525.0, ""kaynak"": ""BYB+OKX""}, {""usdt"": 8869612.0, ""borsa"": 3, ""fiyat"": 64500.0, ""kaynak"": ""BNB+BYB+OKX""}]","[{""usdt"": 15258166.0, ""borsa"": 3, ""fiyat"": 64550.0, ""kaynak"": ""BNB+BYB+OKX""}, {""usdt"": 11037408.0, ""borsa"": 1, ""fiyat"": 64600.0, ""kaynak"": ""BNB""}, {""usdt"": 8272611.0, ""borsa"": 1, ""fiyat"": 64575.0, ""kaynak"": ""BNB""}]",YOK,-0.0109,0.0315,0.9936,1.3062,false,2.2649,false,0,0,1,3,1,0,3,63.5,62,IZLE,,25,64501.6,,,,,SEVIYE,70,320.4,32,,,,,,,1785333600,3,0,,21,1091.4,21,,,
31240,2026-07-29 14:05:15.3843+00,64561.75,-1928655.687405213,311338.82099999994,11734647748.4452,0.00008278,47757867.04741002,224563.0437,22.4,BEKLE,,0.0,224563.0437,1.451,121.096,48546739.963069975,121.096,22.4,0.0,"[{""usdt"": 14257193.0, ""borsa"": 3, ""fiyat"": 64500.0, ""kaynak"": ""BNB+BYB+OKX""}, {""usdt"": 8997604.0, ""borsa"": 1, ""fiyat"": 64400.0, ""kaynak"": ""BNB""}, {""usdt"": 8331824.0, ""borsa"": 1, ""fiyat"": 64425.0, ""kaynak"": ""BNB""}]","[{""usdt"": 11328734.0, ""borsa"": 3, ""fiyat"": 64550.0, ""kaynak"": ""BNB+BYB+OKX""}, {""usdt"": 11037408.0, ""borsa"": 1, ""fiyat"": 64600.0, ""kaynak"": ""BNB""}, {""usdt"": 10706432.0, ""borsa"": 3, ""fiyat"": 64525.0, ""kaynak"": ""BNB+BYB+OKX""}]",YOK,-0.0269,-0.0082,0.8277,1.4263,false,2.1979,false,,0,1,3,0,0,3,60.2,61.2,IZLE,,25,64555.1,,,,,SEVIYE,90,361.4,37,,,,,,,1785333600,3,0,,21,1092.4,21,,,
31241,2026-07-29 14:06:15.688904+00,64605.350000000006,1518578.3139888924,1910922.2040000001,11748785454.9405,0.00008278,47492559.425120026,0.0,44.1,BEKLE,true,0.0,0.0,1.451,121.038,52505723.33774997,0,0.0,44.1,"[{""usdt"": 13915320.0, ""borsa"": 3, ""fiyat"": 64550.0, ""kaynak"": ""BNB+BYB+OKX""}, {""usdt"": 7605484.0, ""borsa"": 1, ""fiyat"": 64500.0, ""kaynak"": ""BNB""}, {""usdt"": 7605315.0, ""borsa"": 1, ""fiyat"": 64475.0, ""kaynak"": ""BNB""}]","[{""usdt"": 11853079.0, ""borsa"": 1, ""fiyat"": 64650.0, ""kaynak"": ""BNB""}, {""usdt"": 11478607.0, ""borsa"": 3, ""fiyat"": 64575.0, ""kaynak"": ""BNB+BYB+OKX""}, {""usdt"": 10404459.0, ""borsa"": 3, ""fiyat"": 64600.0, ""kaynak"": ""BNB+BYB+OKX""}]",YOK,0.0436,-0.0501,0.4578,0.6927,false,1.3605,false,,0,0,3,1,0,3,56.7,57.8,IZLE,,25,64608.2,,,,,SEVIYE,90,262.3,27,,,,,,,,,0,,21,1093.4,21,,,
31242,2026-07-29 14:07:16.081875+00,64500.45,1548573.5967085932,2040649.7360000005,11745614998.031101,0.00008278,52253463.23032994,64.5819,69.4,BEKLE,true,0.0,64.5819,1.4444,0,54103798.03885001,60.285,0.0,69.4,"[{""usdt"": 14740743.0, ""borsa"": 3, ""fiyat"": 64575.0, ""kaynak"": ""BNB+BYB+OKX""}, {""usdt"": 11933916.0, ""borsa"": 3, ""fiyat"": 64600.0, ""kaynak"": ""BNB+BYB+OKX""}, {""usdt"": 7946085.0, ""borsa"": 1, ""fiyat"": 64550.0, ""kaynak"": ""BNB""}]","[{""usdt"": 14660221.0, ""borsa"": 3, ""fiyat"": 64625.0, ""kaynak"": ""BNB+BYB+OKX""}, {""usdt"": 13470614.0, ""borsa"": 1, ""fiyat"": 64675.0, ""kaynak"": ""BNB""}, {""usdt"": 8641504.0, ""borsa"": 1, ""fiyat"": 64725.0, ""kaynak"": ""BNB""}]",YOK,0.0548,-0.0174,0.4877,0.6644,false,1.423,false,,1,1,3,2,0,3,52.6,53.7,IZLE,,25,64502.1,,,,,SEVIYE,70,323.4,33,,,,,,,1785333900,1,0,,21,1094.4,21,,,
31243,2026-07-29 14:08:16.604532+00,64432.25,109954.34641539212,977139.9689999998,11724611200.1553,0.00008278,44554871.27700998,64.5819,32.4,BEKLE,true,0.0,64.5819,1.4444,0,55644592.26426007,60.437,0.0,32.4,"[{""usdt"": 16944523.0, ""borsa"": 3, ""fiyat"": 64500.0, ""kaynak"": ""BNB+BYB+OKX""}, {""usdt"": 7589429.0, ""borsa"": 2, ""fiyat"": 64475.0, ""kaynak"": ""BNB+OKX""}, {""usdt"": 7341820.0, ""borsa"": 1, ""fiyat"": 64450.0, ""kaynak"": ""BNB""}]","[{""usdt"": 12656412.0, ""borsa"": 1, ""fiyat"": 64625.0, ""kaynak"": ""BNB""}, {""usdt"": 8590918.0, ""borsa"": 1, ""fiyat"": 64600.0, ""kaynak"": ""BNB""}, {""usdt"": 8410871.0, ""borsa"": 3, ""fiyat"": 64550.0, ""kaynak"": ""BNB+BYB+OKX""}]",YOK,-0.1288,-0.1107,0.5962,2.9956,false,1.5391,false,,0,2,3,0,1,3,49.2,50.2,IZLE,,25,64431.3,,,,,SEVIYE,100,384.5,39,,,,,,,1785333900,1,1,,21,1095.4,21,,,
31244,2026-07-29 14:09:16.849304+00,64461.149999999994,46988.44273348956,941991.525,11718197884.417,0.00008278,50748827.944840044,64.5819,24.5,BEKLE,true,0.0,64.5819,1.4444,0,48541394.39947994,60.484,0.0,24.5,"[{""usdt"": 13135772.0, ""borsa"": 3, ""fiyat"": 64425.0, ""kaynak"": ""BNB+BYB+OKX""}, {""usdt"": 11888313.0, ""borsa"": 3, ""fiyat"": 64450.0, ""kaynak"": ""BNB+BYB+OKX""}, {""usdt"": 10045711.0, ""borsa"": 1, ""fiyat"": 64400.0, ""kaynak"": ""BNB""}]","[{""usdt"": 15448583.0, ""borsa"": 3, ""fiyat"": 64475.0, ""kaynak"": ""BNB+BYB+OKX""}, {""usdt"": 10506153.0, ""borsa"": 1, ""fiyat"": 64550.0, ""kaynak"": ""BNB""}, {""usdt"": 7084757.0, ""borsa"": 1, ""fiyat"": 64525.0, ""kaynak"": ""BNB""}]",YOK,-0.1409,0.0222,0.695,1.3254,false,0.8217,false,,0,2,3,1,0,3,45.8,46.9,IZLE,,25,64431.3,,,,,SEVIYE,100,385.5,39,,,,,,,1785333900,1,2,,21,1096.4,21,,,
31245,2026-07-29 14:10:17.152963+00,64432.45,-160549.59514331038,1127277.9330000002,11722616476.649399,0.00008278,48649232.862220004,64.5819,39.3,BEKLE,true,0.0,64.5819,1.4444,0,48130424.87208994,120.703,0.0,39.3,"[{""usdt"": 14934498.0, ""borsa"": 3, ""fiyat"": 64450.0, ""kaynak"": ""BNB+BYB+OKX""}, {""usdt"": 9627118.0, ""borsa"": 1, ""fiyat"": 64400.0, ""kaynak"": ""BNB""}, {""usdt"": 8582552.0, ""borsa"": 1, ""fiyat"": 64350.0, ""kaynak"": ""BNB""}]","[{""usdt"": 12379357.0, ""borsa"": 3, ""fiyat"": 64475.0, ""kaynak"": ""BNB+BYB+OKX""}, {""usdt"": 10336788.0, ""borsa"": 3, ""fiyat"": 64500.0, ""kaynak"": ""BNB+BYB+OKX""}, {""usdt"": 9964391.0, ""borsa"": 1, ""fiyat"": 64550.0, ""kaynak"": ""BNB""}]",YOK,-0.1256,0.0054,0.59,3.0075,false,,false,0.3238,0,1,3,1,0,3,42.1,43.2,IZLE,,25,64431.3,,,,,SEVIYE,100,386.5,39,,,,,,,1785333900,1,3,,21,1097.4,21,,,
31246,2026-07-29 14:11:17.417437+00,64400.149999999994,-3353007.112954602,78889.60199999996,11713600863.004799,0.00008278,45740787.08572003,3285.5780999999997,0.0,BEKLE,,3285.5780999999997,0.0,1.4444,0,51472207.76038,60.306,0.0,0.0,"[{""usdt"": 15876078.0, ""borsa"": 3, ""fiyat"": 64400.0, ""kaynak"": ""BNB+BYB+OKX""}, {""usdt"": 8440603.0, ""borsa"": 1, ""fiyat"": 64375.0, ""kaynak"": ""BNB""}, {""usdt"": 8347074.0, ""borsa"": 1, ""fiyat"": 64325.0, ""kaynak"": ""BNB""}]","[{""usdt"": 13044375.0, ""borsa"": 3, ""fiyat"": 64450.0, ""kaynak"": ""BNB+BYB+OKX""}, {""usdt"": 9084029.0, ""borsa"": 1, ""fiyat"": 64525.0, ""kaynak"": ""BNB""}, {""usdt"": 7609639.0, ""borsa"": 1, ""fiyat"": 64550.0, ""kaynak"": ""BNB""}]",YOK,-0.1656,-0.059,0.6385,1.8733,false,,false,0.0511,0,1,3,1,1,3,38.6,39.7,IZLE,,25,64378.3,,,,,SEVIYE,70,457.6,46,,,,,,,1785334200,1,0,,21,1098.4,21,,,
31247,2026-07-29 14:12:17.664802+00,64378.95,-3840288.4323718026,328283.41200000007,11711231344.662601,0.00008278,50330531.40562002,4186.9845000000005,30.2,BEKLE,false,4186.9845000000005,0.0,1.4396,60.28,46020714.47960001,60.28,30.2,0.0,"[{""usdt"": 15798675.0, ""borsa"": 3, ""fiyat"": 64400.0, ""kaynak"": ""BNB+BYB+OKX""}, {""usdt"": 9154408.0, ""borsa"": 1, ""fiyat"": 64350.0, ""kaynak"": ""BNB""}, {""usdt"": 8506717.0, ""borsa"": 1, ""fiyat"": 64300.0, ""kaynak"": ""BNB""}]","[{""usdt"": 11435659.0, ""borsa"": 3, ""fiyat"": 64450.0, ""kaynak"": ""BNB+BYB+OKX""}, {""usdt"": 10050130.0, ""borsa"": 3, ""fiyat"": 64425.0, ""kaynak"": ""BNB+BYB+OKX""}, {""usdt"": 8200646.0, ""borsa"": 1, ""fiyat"": 64500.0, ""kaynak"": ""BNB""}]",YOK,-0.1881,0.0447,0.6764,1.064,false,,false,0.0925,0,2,3,0,0,3,35,36.1,IZLE,,25,64378.3,,,,,SEVIYE,70,458.6,46,,,,,,,1785334260,1,0,,21,1099.4,21,,,
31248,2026-07-29 14:13:17.99937+00,64287.95,-3902384.2696192996,235011.38199999993,11706063606.9376,0.00008278,47200824.01884007,116672.4198,0.0,BEKLE,,116672.4198,0.0,1.4396,60.29,50298159.61503997,0,0.0,0.0,"[{""usdt"": 17130150.0, ""borsa"": 3, ""fiyat"": 64350.0, ""kaynak"": ""BNB+BYB+OKX""}, {""usdt"": 9355696.0, ""borsa"": 1, ""fiyat"": 64300.0, ""kaynak"": ""BNB""}, {""usdt"": 7978805.0, ""borsa"": 1, ""fiyat"": 64275.0, ""kaynak"": ""BNB""}]","[{""usdt"": 11965331.0, ""borsa"": 3, ""fiyat"": 64400.0, ""kaynak"": ""BNB+BYB+OKX""}, {""usdt"": 10388866.0, ""borsa"": 3, ""fiyat"": 64375.0, ""kaynak"": ""BNB+BYB+OKX""}, {""usdt"": 9662946.0, ""borsa"": 1, ""fiyat"": 64475.0, ""kaynak"": ""BNB""}]",YOK,-0.2038,-0.0318,0.7822,1.9646,false,,false,0,0,2,3,1,0,3,31.4,32.5,IZLE,,50,64258.4,,,,,SEVIYE+TASFIYE,50,269.3,27,,,,,,,1785334320,1,0,,21,1100.4,21,,,
31249,2026-07-29 14:14:19.455719+00,64232.55,-5521972.368819601,-341118.17699999997,11673329167.1957,0.00008278,58239251.31318,146995.78399999999,0.0,BEKLE,,146995.78399999999,0.0,1.4396,0,46657734.32199002,0,0.0,0.0,"[{""usdt"": 13685118.0, ""borsa"": 2, ""fiyat"": 64200.0, ""kaynak"": ""BNB+BYB""}, {""usdt"": 10285375.0, ""borsa"": 1, ""fiyat"": 64150.0, ""kaynak"": ""BNB""}, {""usdt"": 8861331.0, ""borsa"": 1, ""fiyat"": 64175.0, ""kaynak"": ""BNB""}]","[{""usdt"": 12765421.0, ""borsa"": 3, ""fiyat"": 64275.0, ""kaynak"": ""BNB+BYB+OKX""}, {""usdt"": 8713920.0, ""borsa"": 2, ""fiyat"": 64250.0, ""kaynak"": ""BNB+BYB""}, {""usdt"": 7559581.0, ""borsa"": 1, ""fiyat"": 64325.0, ""kaynak"": ""BNB""}]",YOK,-0.2384,0.1104,0.7424,2.1276,false,,true,0,0,2,3,2,0,3,28.9,30,IZLE,,50,64258.4,,,,,SEVIYE+TASFIYE,50,270.4,27,,,,,,,1785334380,2,0,,21,1101.5,21,,,
31250,2026-07-29 14:15:19.859601+00,64270.350000000006,-6381065.989414402,-795430.885,11669351694.3796,0.00008278,53616731.12088002,255549.208,0.0,BEKLE,,255549.208,0.0,1.4396,60.52,47113098.27179996,0,0.0,0.0,"[{""usdt"": 18228246.0, ""borsa"": 3, ""fiyat"": 64200.0, ""kaynak"": ""BNB+BYB+OKX""}, {""usdt"": 9819077.0, ""borsa"": 1, ""fiyat"": 64150.0, ""kaynak"": ""BNB""}, {""usdt"": 8954172.0, ""borsa"": 1, ""fiyat"": 64100.0, ""kaynak"": ""BNB""}]","[{""usdt"": 14628335.0, ""borsa"": 3, ""fiyat"": 64250.0, ""kaynak"": ""BNB+BYB+OKX""}, {""usdt"": 8017139.0, ""borsa"": 1, ""fiyat"": 64300.0, ""kaynak"": ""BNB""}, {""usdt"": 7957314.0, ""borsa"": 1, ""fiyat"": 64325.0, ""kaynak"": ""BNB""}]",YOK,-0.1403,0.0646,0.6837,1.2066,false,,true,0,0,1,3,0,0,3,25.5,26.6,IZLE,,50,64258.4,,,,,SEVIYE+TASFIYE,50,271.4,28,,,,,,,1785334440,2,0,,20,1102.5,20,,,
31251,2026-07-29 14:16:20.669012+00,64285.649999999994,-4935973.1028542025,-1470571.5139999997,11673611353.432598,0.00008278,53346597.730570026,401679.4933,43.3,BEKLE,false,401679.4933,0.0,1.4396,121.17,48761839.34175998,0,43.3,0.0,"[{""usdt"": 14700661.0, ""borsa"": 1, ""fiyat"": 64200.0, ""kaynak"": ""BNB""}, {""usdt"": 12241106.0, ""borsa"": 3, ""fiyat"": 64250.0, ""kaynak"": ""BNB+BYB+OKX""}, {""usdt"": 9704591.0, ""borsa"": 1, ""fiyat"": 64150.0, ""kaynak"": ""BNB""}]","[{""usdt"": 12134259.0, ""borsa"": 3, ""fiyat"": 64300.0, ""kaynak"": ""BNB+BYB+OKX""}, {""usdt"": 11104984.0, ""borsa"": 1, ""fiyat"": 64350.0, ""kaynak"": ""BNB""}, {""usdt"": 10125565.0, ""borsa"": 3, ""fiyat"": 64275.0, ""kaynak"": ""BNB+BYB+OKX""}]",YOK,-0.1837,0.0449,0.4057,1.9882,false,,true,0,0,3,3,0,0,3,22.3,23.4,IZLE,,50,64258.4,,,,,SEVIYE+TASFIYE,50,272.4,28,PCT,2.95,29.903112763274965,25.210103704273372,true,0.014,1785334440,2,0,,20,1103.5,20,,,
31252,2026-07-29 14:17:21.594883+00,64319.149999999994,-4203574.236792004,-661962.5869999999,11686357515.7833,0.00008278,58540621.636339955,289193.4826,52.8,BEKLE,false,289193.4826,0.0,1.4396,182.179,44546329.42994997,0,52.8,0.0,"[{""usdt"": 14394437.0, ""borsa"": 1, ""fiyat"": 64200.0, ""kaynak"": ""BNB""}, {""usdt"": 10545569.0, ""borsa"": 3, ""fiyat"": 64300.0, ""kaynak"": ""BNB+BYB+OKX""}, {""usdt"": 9770976.0, ""borsa"": 3, ""fiyat"": 64325.0, ""kaynak"": ""BNB+BYB+OKX""}]","[{""usdt"": 14597612.0, ""borsa"": 3, ""fiyat"": 64350.0, ""kaynak"": ""BNB+BYB+OKX""}, {""usdt"": 8716402.0, ""borsa"": 1, ""fiyat"": 64400.0, ""kaynak"": ""BNB""}, {""usdt"": 8080896.0, ""borsa"": 1, ""fiyat"": 64375.0, ""kaynak"": ""BNB""}]",YOK,-0.0356,0.1358,0.1969,2.1964,false,,true,0,0,0,3,2,0,3,19.5,20.5,IZLE,,50,64374.3,,,,,SEVIYE+TASFIYE,75,463.7,47,,,,,,,1785334440,2,0,,20,1104.5,20,,,
31253,2026-07-29 14:18:21.875885+00,64273.95,-4394574.400002601,-787592.2459999999,11677381168.9562,0.00008278,56692901.27389998,284432.071,62.0,BEKLE,false,284432.071,0.0,1.4384,242.513,46019208.049910024,60.334,62.0,0.0,"[{""usdt"": 14990860.0, ""borsa"": 1, ""fiyat"": 64200.0, ""kaynak"": ""BNB""}, {""usdt"": 13606125.0, ""borsa"": 3, ""fiyat"": 64275.0, ""kaynak"": ""BNB+BYB+OKX""}, {""usdt"": 10514243.0, ""borsa"": 1, ""fiyat"": 64225.0, ""kaynak"": ""BNB""}]","[{""usdt"": 15094685.0, ""borsa"": 3, ""fiyat"": 64300.0, ""kaynak"": ""BNB+BYB+OKX""}, {""usdt"": 8592203.0, ""borsa"": 1, ""fiyat"": 64375.0, ""kaynak"": ""BNB""}, {""usdt"": 7612080.0, ""borsa"": 2, ""fiyat"": 64325.0, ""kaynak"": ""BNB+BYB""}]",YOK,-0.0711,0.1039,0.2433,0.4698,false,,true,0,0,1,3,1,0,3,15.9,17,IZLE,,50,64258.4,,,,,SEVIYE+TASFIYE,50,274.4,28,,,,,,,1785334440,2,0,,20,1105.5,20,,,
31254,2026-07-29 14:19:22.383257+00,64305.149999999994,-4049175.3060635,-767477.696,11680942715.638699,0.00008278,53141547.583410025,152625.7248,38.2,BEKLE,false,152625.7248,0.0,1.4384,302.776,51510477.86238006,60.263,38.2,0.0,"[{""usdt"": 14332514.0, ""borsa"": 1, ""fiyat"": 64200.0, ""kaynak"": ""BNB""}, {""usdt"": 13410003.0, ""borsa"": 3, ""fiyat"": 64275.0, ""kaynak"": ""BNB+BYB+OKX""}, {""usdt"": 11514598.0, ""borsa"": 1, ""fiyat"": 64225.0, ""kaynak"": ""BNB""}]","[{""usdt"": 13714858.0, ""borsa"": 3, ""fiyat"": 64325.0, ""kaynak"": ""BNB+BYB+OKX""}, {""usdt"": 9692075.0, ""borsa"": 1, ""fiyat"": 64400.0, ""kaynak"": ""BNB""}, {""usdt"": 9651169.0, ""borsa"": 3, ""fiyat"": 64300.0, ""kaynak"": ""BNB+BYB+OKX""}]",YOK,-0.0873,0.0156,0.6977,2.3364,false,,true,0,0,0,3,0,0,3,12.3,13.4,IZLE,,25,64258.4,,,,,SEVIYE,50,275.4,28,,,,,,,1785334440,2,0,,20,1106.5,20,,,
31255,2026-07-29 14:20:22.809361+00,64283.850000000006,-4134905.8355583013,-697015.5329999998,11679766480.8386,0.00008278,59059809.67034005,0.0,11.9,BEKLE,true,0.0,0.0,1.4384,363.299,45800767.252790034,60.523,0.0,11.9,"[{""usdt"": 15048165.0, ""borsa"": 1, ""fiyat"": 64200.0, ""kaynak"": ""BNB""}, {""usdt"": 12852378.0, ""borsa"": 3, ""fiyat"": 64250.0, ""kaynak"": ""BNB+BYB+OKX""}, {""usdt"": 9837881.0, ""borsa"": 3, ""fiyat"": 64275.0, ""kaynak"": ""BNB+BYB+OKX""}]","[{""usdt"": 15113318.0, ""borsa"": 3, ""fiyat"": 64300.0, ""kaynak"": ""BNB+BYB+OKX""}, {""usdt"": 10305427.0, ""borsa"": 1, ""fiyat"": 64375.0, ""kaynak"": ""BNB""}, {""usdt"": 9409988.0, ""borsa"": 1, ""fiyat"": 64350.0, ""kaynak"": ""BNB""}]",YOK,-0.0774,0.1264,0.9385,0.3829,false,,true,0,0,1,3,1,0,3,8.6,10.1,IZLE,,25,64258.4,,,,,SEVIYE,50,276.4,28,,,,,,,,,0,,20,1107.5,20,,,
31256,2026-07-29 14:21:23.254618+00,64326.850000000006,-985608.6574416996,711061.1180000001,11690152995.1791,0.00008278,58046571.25958005,0.0,40.2,BEKLE,true,0.0,0.0,1.4414,423.857,44651140.62190995,0,0.0,40.2,"[{""usdt"": 17276239.0, ""borsa"": 1, ""fiyat"": 64200.0, ""kaynak"": ""BNB""}, {""usdt"": 12327395.0, ""borsa"": 3, ""fiyat"": 64300.0, ""kaynak"": ""BNB+BYB+OKX""}, {""usdt"": 9180871.0, ""borsa"": 1, ""fiyat"": 64225.0, ""kaynak"": ""BNB""}]","[{""usdt"": 11415644.0, ""borsa"": 3, ""fiyat"": 64325.0, ""kaynak"": ""BNB+BYB+OKX""}, {""usdt"": 11097357.0, ""borsa"": 1, ""fiyat"": 64400.0, ""kaynak"": ""BNB""}, {""usdt"": 9343197.0, ""borsa"": 3, ""fiyat"": 64350.0, ""kaynak"": ""BNB+BYB+OKX""}]",YOK,-0.0153,0.1304,0.5475,0.3876,false,,true,0,1,0,3,1,0,3,5.3,6.3,IZLE,,25,64374.3,,,,,SEVIYE,75,467.7,47,,,,,,,,,0,,20,1108.5,20,,,
31257,2026-07-29 14:22:23.748391+00,64354.75,-743044.8536427997,939581.2480000001,11696087919.9703,0.00008278,49562450.131980054,0.0,36.9,BEKLE,true,0.0,0.0,1.4414,0,49751204.186210044,0,0.0,36.9,"[{""usdt"": 19365579.0, ""borsa"": 3, ""fiyat"": 64300.0, ""kaynak"": ""BNB+BYB+OKX""}, {""usdt"": 8656672.0, ""borsa"": 1, ""fiyat"": 64250.0, ""kaynak"": ""BNB""}, {""usdt"": 7233051.0, ""borsa"": 2, ""fiyat"": 64325.0, ""kaynak"": ""BNB+OKX""}]","[{""usdt"": 12235929.0, ""borsa"": 1, ""fiyat"": 64450.0, ""kaynak"": ""BNB""}, {""usdt"": 7833086.0, ""borsa"": 1, ""fiyat"": 64425.0, ""kaynak"": ""BNB""}, {""usdt"": 7499757.0, ""borsa"": 1, ""fiyat"": 64400.0, ""kaynak"": ""BNB""}]",YOK,0.0255,-0.0019,0.5908,0.4123,false,,false,0,0,0,3,1,0,3,1.3,64.2,IZLE,,25,64374.3,,,,,SEVIYE,75,468.7,47,,,,,,,,,0,,20,1109.5,20,,,
31258,2026-07-29 14:23:24.3288+00,64358.25,-905311.0357815019,963863.316,11687275878.099,0.00008278,51694391.69360004,0.0,32.4,BEKLE,,0.0,0.0,1.4414,60.459,50088331.24259005,60.459,0.0,32.4,"[{""usdt"": 12935841.0, ""borsa"": 3, ""fiyat"": 64350.0, ""kaynak"": ""BNB+BYB+OKX""}, {""usdt"": 10501950.0, ""borsa"": 3, ""fiyat"": 64325.0, ""kaynak"": ""BNB+BYB+OKX""}, {""usdt"": 9649814.0, ""borsa"": 1, ""fiyat"": 64300.0, ""kaynak"": ""BNB""}]","[{""usdt"": 12795496.0, ""borsa"": 3, ""fiyat"": 64375.0, ""kaynak"": ""BNB+BYB+OKX""}, {""usdt"": 12235929.0, ""borsa"": 1, ""fiyat"": 64450.0, ""kaynak"": ""BNB""}, {""usdt"": 7954091.0, ""borsa"": 2, ""fiyat"": 64400.0, ""kaynak"": ""BNB+BYB""}]",YOK,0.0255,0.0158,0.571,0.9366,false,,false,0.003,0,0,3,1,0,3,61.8,63.4,IZLE,,25,64374.3,,,,,SEVIYE,75,469.7,47,,,,,,,,,0,,20,1110.5,20,,,
31259,2026-07-29 14:24:24.897235+00,64270.25,3204.827368300408,1597466.1800000002,11690948113.611,0.00008278,49738085.705320016,0.0,72.3,BEKLE,true,0.0,0.0,1.4414,121.16,52322153.04406003,121.16,0.0,72.3,"[{""usdt"": 13828493.0, ""borsa"": 3, ""fiyat"": 64325.0, ""kaynak"": ""BNB+BYB+OKX""}, {""usdt"": 8665168.0, ""borsa"": 1, ""fiyat"": 64250.0, ""kaynak"": ""BNB""}, {""usdt"": 8578421.0, ""borsa"": 3, ""fiyat"": 64350.0, ""kaynak"": ""BNB+BYB+OKX""}]","[{""usdt"": 15571645.0, ""borsa"": 3, ""fiyat"": 64375.0, ""kaynak"": ""BNB+BYB+OKX""}, {""usdt"": 14203254.0, ""borsa"": 1, ""fiyat"": 64450.0, ""kaynak"": ""BNB""}, {""usdt"": 6862363.0, ""borsa"": 1, ""fiyat"": 64400.0, ""kaynak"": ""BNB""}]",YOK,-0.0175,-0.0253,0.5354,0.312,false,,true,0.0996,0,0,3,1,0,3,58.6,59.7,IZLE,,25,64243.3,,,,,SEVIYE,70,280.5,29,,,,,,,,,0,,20,1111.5,20,,,
31260,2026-07-29 14:25:25.35055+00,64222.05,1795119.687456105,1781313.789,11674881960.4225,0.00008278,64291446.328250006,0.0,49.4,BEKLE,,0.0,0.0,1.4414,0,44885065.96297003,60.46,0.0,49.4,"[{""usdt"": 16489026.0, ""borsa"": 1, ""fiyat"": 64200.0, ""kaynak"": ""BNB""}, {""usdt"": 14261945.0, ""borsa"": 3, ""fiyat"": 64250.0, ""kaynak"": ""BNB+BYB+OKX""}, {""usdt"": 12271089.0, ""borsa"": 3, ""fiyat"": 64225.0, ""kaynak"": ""BNB+BYB+OKX""}]","[{""usdt"": 11304437.0, ""borsa"": 3, ""fiyat"": 64275.0, ""kaynak"": ""BNB+BYB+OKX""}, {""usdt"": 8749705.0, ""borsa"": 1, ""fiyat"": 64375.0, ""kaynak"": ""BNB""}, {""usdt"": 8431387.0, ""borsa"": 1, ""fiyat"": 64350.0, ""kaynak"": ""BNB""}]",PERP,-0.0475,0.1778,0.6167,0.4351,false,,false,3.3754,0,0,3,2,0,3,54.9,55.9,IZLE,,25,64243.3,,,,,SEVIYE,70,281.5,29,,,,,,,,,0,,20,1112.6,20,,,
31261,2026-07-29 14:26:25.877138+00,64149.25,1099062.3780827052,631490.681,11656342339.368,0.00008278,54020671.70169003,82990.0374,0.0,BEKLE,,82990.0374,0.0,1.4414,60.423,45327203.35082001,0,0.0,0.0,"[{""usdt"": 18381467.0, ""borsa"": 3, ""fiyat"": 64200.0, ""kaynak"": ""BNB+BYB+OKX""}, {""usdt"": 13745836.0, ""borsa"": 3, ""fiyat"": 64225.0, ""kaynak"": ""BNB+BYB+OKX""}, {""usdt"": 7812238.0, ""borsa"": 1, ""fiyat"": 64150.0, ""kaynak"": ""BNB""}]","[{""usdt"": 12170636.0, ""borsa"": 3, ""fiyat"": 64250.0, ""kaynak"": ""BNB+BYB+OKX""}, {""usdt"": 11135639.0, ""borsa"": 1, ""fiyat"": 64325.0, ""kaynak"": ""BNB""}, {""usdt"": 9707512.0, ""borsa"": 2, ""fiyat"": 64275.0, ""kaynak"": ""BNB+BYB""}]",YOK,-0.1703,0.0875,0.9463,5.4539,false,0,false,,0,2,3,1,0,3,51.4,52.5,IZLE,,50,64124.5,,,,,SEVIYE+TASFIYE,50,853.2,86,,,,,,,1785335160,3,0,,20,1113.6,20,,,
31262,2026-07-29 14:27:27.355692+00,64130.25,1440069.3225956035,582373.7740000001,11649474576.8088,0.00008278,56101283.11418997,146533.9733,0.0,BEKLE,,146533.9733,0.0,1.442,0,43299933.76875994,61.716,0.0,0.0,"[{""usdt"": 16813993.0, ""borsa"": 3, ""fiyat"": 64150.0, ""kaynak"": ""BNB+BYB+OKX""}, {""usdt"": 12497575.0, ""borsa"": 1, ""fiyat"": 64075.0, ""kaynak"": ""BNB""}, {""usdt"": 9147880.0, ""borsa"": 3, ""fiyat"": 64125.0, ""kaynak"": ""BNB+BYB+OKX""}]","[{""usdt"": 11295695.0, ""borsa"": 3, ""fiyat"": 64175.0, ""kaynak"": ""BNB+BYB+OKX""}, {""usdt"": 9935579.0, ""borsa"": 2, ""fiyat"": 64200.0, ""kaynak"": ""BNB+BYB""}, {""usdt"": 8538883.0, ""borsa"": 1, ""fiyat"": 64225.0, ""kaynak"": ""BNB""}]",YOK,-0.1095,0.1288,0.8043,5.593,false,0,false,,0,1,3,1,0,3,49.2,50.3,IZLE,,50,64124.5,,,,,SEVIYE+TASFIYE,50,854.2,86,,,,,,,1785335160,3,0,,20,1114.6,20,,,
31263,2026-07-29 14:28:27.720103+00,64116.75,1209700.8228258046,171224.603,11643424242.6568,0.00008278,55253556.67494992,147239.4154,0.0,BEKLE,,147239.4154,0.0,1.442,60.23,51551984.72886995,60.23,0.0,0.0,"[{""usdt"": 19663615.0, ""borsa"": 3, ""fiyat"": 64100.0, ""kaynak"": ""BNB+BYB+OKX""}, {""usdt"": 12676931.0, ""borsa"": 2, ""fiyat"": 64075.0, ""kaynak"": ""BNB+BYB""}, {""usdt"": 10269144.0, ""borsa"": 1, ""fiyat"": 64025.0, ""kaynak"": ""BNB""}]","[{""usdt"": 11749759.0, ""borsa"": 3, ""fiyat"": 64125.0, ""kaynak"": ""BNB+BYB+OKX""}, {""usdt"": 9002256.0, ""borsa"": 1, ""fiyat"": 64200.0, ""kaynak"": ""BNB""}, {""usdt"": 8643879.0, ""borsa"": 1, ""fiyat"": 64225.0, ""kaynak"": ""BNB""}]",YOK,-0.231,0.0347,0.6421,4.9579,false,0,false,,1,2,3,0,1,3,45.5,46.6,IZLE,,50,64124.5,,,,,SEVIYE+TASFIYE,50,855.2,86,,,,,,,1785335220,3,0,,20,1115.6,20,,,
31264,2026-07-29 14:29:28.103344+00,64193.649999999994,844448.3345763049,513684.7740000001,11657367943.2562,0.00008278,56344250.427949995,147239.4154,31.2,BEKLE,false,147239.4154,0.0,1.442,120.644,49640068.00110002,60.414,31.2,0.0,"[{""usdt"": 13459002.0, ""borsa"": 3, ""fiyat"": 64150.0, ""kaynak"": ""BNB+BYB+OKX""}, {""usdt"": 12321989.0, ""borsa"": 3, ""fiyat"": 64125.0, ""kaynak"": ""BNB+BYB+OKX""}, {""usdt"": 11269667.0, ""borsa"": 1, ""fiyat"": 64075.0, ""kaynak"": ""BNB""}]","[{""usdt"": 12516545.0, ""borsa"": 3, ""fiyat"": 64175.0, ""kaynak"": ""BNB+BYB+OKX""}, {""usdt"": 9611830.0, ""borsa"": 2, ""fiyat"": 64200.0, ""kaynak"": ""BNB+BYB""}, {""usdt"": 8779292.0, ""borsa"": 1, ""fiyat"": 64250.0, ""kaynak"": ""BNB""}]",YOK,-0.1027,0.0633,0.3429,2.1145,false,0,false,,0,0,3,1,0,3,42.1,43.1,IZLE,,50,64243.3,,,,,SEVIYE+TASFIYE,70,285.5,29,,,,,,,1785335220,3,1,,20,1116.6,20,,,
31265,2026-07-29 14:30:28.348978+00,64192.149999999994,513685.5240816041,153357.26800000007,11648965840.071499,0.00008278,54517106.17093004,141592.99639999997,72.8,BEKLE,false,141592.99639999997,0.0,1.442,180.994,47461873.64712,0,72.8,0.0,"[{""usdt"": 15071925.0, ""borsa"": 3, ""fiyat"": 64150.0, ""kaynak"": ""BNB+BYB+OKX""}, {""usdt"": 13668231.0, ""borsa"": 1, ""fiyat"": 64075.0, ""kaynak"": ""BNB""}, {""usdt"": 8439291.0, ""borsa"": 3, ""fiyat"": 64175.0, ""kaynak"": ""BNB+BYB+OKX""}]","[{""usdt"": 11876989.0, ""borsa"": 3, ""fiyat"": 64200.0, ""kaynak"": ""BNB+BYB+OKX""}, {""usdt"": 9211433.0, ""borsa"": 1, ""fiyat"": 64300.0, ""kaynak"": ""BNB""}, {""usdt"": 7683350.0, ""borsa"": 1, ""fiyat"": 64250.0, ""kaynak"": ""BNB""}]",YOK,-0.0386,0.0692,0.3461,0.5472,false,0,false,,0,0,3,0,0,3,38.6,39.7,IZLE,,50,64243.3,,,,,SEVIYE+TASFIYE,70,286.5,29,,,,,,,1785335220,2,0,,20,1117.6,20,,,
31266,2026-07-29 14:31:29.460045+00,64194.649999999994,1162069.230324904,176841.03400000004,11652460673.7808,0.00008278,47550945.626899995,705.4421,30.5,BEKLE,false,705.4421,0.0,1.442,181.765,44596044.59974,0,30.5,0.0,"[{""usdt"": 13913182.0, ""borsa"": 3, ""fiyat"": 64200.0, ""kaynak"": ""BNB+BYB+OKX""}, {""usdt"": 10315948.0, ""borsa"": 1, ""fiyat"": 64150.0, ""kaynak"": ""BNB""}, {""usdt"": 6630561.0, ""borsa"": 1, ""fiyat"": 64100.0, ""kaynak"": ""BNB""}]","[{""usdt"": 12700759.0, ""borsa"": 3, ""fiyat"": 64250.0, ""kaynak"": ""BNB+BYB+OKX""}, {""usdt"": 9087719.0, ""borsa"": 1, ""fiyat"": 64300.0, ""kaynak"": ""BNB""}, {""usdt"": 7956115.0, ""borsa"": 1, ""fiyat"": 64325.0, ""kaynak"": ""BNB""}]",YOK,0.014,0.0321,0.0852,4.1669,false,0,false,,0,0,3,0,0,3,35.7,36.8,IZLE,,25,64243.3,,,,,SEVIYE,70,287.5,29,,,,,,,1785335220,1,0,,20,1118.6,20,,,
31267,2026-07-29 14:32:29.873952+00,64230.25,1289873.1263071075,501236.599,11657734576.517502,0.00008278,51599110.738620006,0.0,23.1,BEKLE,false,0.0,0.0,1.442,242.121,47215766.26991993,0,23.1,0.0,"[{""usdt"": 12962884.0, ""borsa"": 3, ""fiyat"": 64175.0, ""kaynak"": ""BNB+BYB+OKX""}, {""usdt"": 11652298.0, ""borsa"": 1, ""fiyat"": 64075.0, ""kaynak"": ""BNB""}, {""usdt"": 9618033.0, ""borsa"": 1, ""fiyat"": 64125.0, ""kaynak"": ""BNB""}]","[{""usdt"": 13792067.0, ""borsa"": 3, ""fiyat"": 64200.0, ""kaynak"": ""BNB+BYB+OKX""}, {""usdt"": 9733459.0, ""borsa"": 1, ""fiyat"": 64300.0, ""kaynak"": ""BNB""}, {""usdt"": 8741659.0, ""borsa"": 3, ""fiyat"": 64225.0, ""kaynak"": ""BNB+BYB+OKX""}]",YOK,-0.0437,0.0444,,,false,0,false,,0,0,3,0,0,3,32.2,33.3,IZLE,,25,64243.3,,,,,SEVIYE,70,288.5,29,,,,,,,,,0,,20,1119.6,20,,,
31268,2026-07-29 14:33:30.192226+00,64268.25,2112351.2807614105,818727.9999999999,11663705103.4666,0.00008278,49610125.06645004,0.0,0.0,BEKLE,,0.0,0.0,1.439,181.841,48184975.896470025,0,0.0,0.0,"[{""usdt"": 13421976.0, ""borsa"": 3, ""fiyat"": 64225.0, ""kaynak"": ""BNB+BYB+OKX""}, {""usdt"": 8723719.0, ""borsa"": 1, ""fiyat"": 64125.0, ""kaynak"": ""BNB""}, {""usdt"": 8715963.0, ""borsa"": 1, ""fiyat"": 64150.0, ""kaynak"": ""BNB""}]","[{""usdt"": 15097724.0, ""borsa"": 3, ""fiyat"": 64250.0, ""kaynak"": ""BNB+BYB+OKX""}, {""usdt"": 10351901.0, ""borsa"": 1, ""fiyat"": 64325.0, ""kaynak"": ""BNB""}, {""usdt"": 10051036.0, ""borsa"": 1, ""fiyat"": 64300.0, ""kaynak"": ""BNB""}]",YOK,0.0162,0.0146,0.4838,5.5119,false,0,false,,0,0,3,2,0,3,28.9,30,IZLE,,25,64243.3,,,,,SEVIYE,70,289.5,29,,,,,,,,,0,,20,1120.6,20,,,
31269,2026-07-29 14:34:30.57+00,64171.350000000006,1341249.9659279052,1111259.379,11667222925.9264,0.00008278,48694805.12421001,64.278,30.4,BEKLE,,0.0,64.278,1.439,60.353,43941147.20258003,60.353,0.0,30.4,"[{""usdt"": 15476281.0, ""borsa"": 3, ""fiyat"": 64225.0, ""kaynak"": ""BNB+BYB+OKX""}, {""usdt"": 11414310.0, ""borsa"": 3, ""fiyat"": 64200.0, ""kaynak"": ""BNB+BYB+OKX""}, {""usdt"": 8755015.0, ""borsa"": 1, ""fiyat"": 64150.0, ""kaynak"": ""BNB""}]","[{""usdt"": 9942109.0, ""borsa"": 3, ""fiyat"": 64250.0, ""kaynak"": ""BNB+BYB+OKX""}, {""usdt"": 8836976.0, ""borsa"": 1, ""fiyat"": 64300.0, ""kaynak"": ""BNB""}, {""usdt"": 8054228.0, ""borsa"": 1, ""fiyat"": 64350.0, ""kaynak"": ""BNB""}]",YOK,0.0476,0.0513,0.3583,1.073,false,0,false,,1,0,3,1,1,3,25.4,26.4,IZLE,,25,64124.5,,,,,SEVIYE,50,861.3,87,,,,,,,1785335580,1,0,,19,861.3,19,,,
31270,2026-07-29 14:35:31.077166+00,64117.05,369061.0497964001,280942.277,11653497816.950401,0.00008278,51862255.28551,13978.4963,17.8,BEKLE,false,13914.2183,64.278,1.439,0,49116560.249709986,0,0.0,17.8,"[{""usdt"": 15435963.0, ""borsa"": 3, ""fiyat"": 64100.0, ""kaynak"": ""BNB+BYB+OKX""}, {""usdt"": 13029665.0, ""borsa"": 1, ""fiyat"": 64075.0, ""kaynak"": ""BNB""}, {""usdt"": 9355654.0, ""borsa"": 1, ""fiyat"": 64025.0, ""kaynak"": ""BNB""}]","[{""usdt"": 11678115.0, ""borsa"": 3, ""fiyat"": 64150.0, ""kaynak"": ""BNB+BYB+OKX""}, {""usdt"": 8693171.0, ""borsa"": 1, ""fiyat"": 64200.0, ""kaynak"": ""BNB""}, {""usdt"": 7989918.0, ""borsa"": 3, ""fiyat"": 64125.0, ""kaynak"": ""BNB+BYB+OKX""}]",YOK,-0.1636,0.0272,,,false,0.0528,false,,0,2,3,1,1,3,20.4,21.9,IZLE,,25,64124.5,,,,,SEVIYE,50,862.3,87,,,,,,,1785335700,2,0,,19,862.3,19,,,
31271,2026-07-29 14:36:31.525067+00,64140.05,380702.28769860056,249930.01699999996,11659168907.4505,0.00008278,55450614.985599935,13986.345100000002,18.6,BEKLE,true,13922.067100000002,64.278,1.442,60.749,43262782.10614002,60.749,0.0,18.6,"[{""usdt"": 16824359.0, ""borsa"": 3, ""fiyat"": 64150.0, ""kaynak"": ""BNB+BYB+OKX""}, {""usdt"": 11600434.0, ""borsa"": 1, ""fiyat"": 64075.0, ""kaynak"": ""BNB""}, {""usdt"": 10023446.0, ""borsa"": 1, ""fiyat"": 64100.0, ""kaynak"": ""BNB""}]","[{""usdt"": 11172204.0, ""borsa"": 3, ""fiyat"": 64200.0, ""kaynak"": ""BNB+BYB+OKX""}, {""usdt"": 8857750.0, ""borsa"": 1, ""fiyat"": 64250.0, ""kaynak"": ""BNB""}, {""usdt"": 8253633.0, ""borsa"": 1, ""fiyat"": 64275.0, ""kaynak"": ""BNB""}]",YOK,-0.0935,0.1235,0.8778,4.0918,false,0.2484,false,,0,1,3,2,0,3,17.2,18.2,IZLE,,25,64124.5,,,,,SEVIYE,50,863.3,87,,,,,,,1785335700,2,0,,19,863.3,19,,,
31272,2026-07-29 14:37:32.04366+00,64124.850000000006,380702.28769860056,249930.01699999996,11659168907.4505,0.00008278,63459171.10944996,13986.345100000002,19.9,BEKLE,,13922.067100000002,64.278,1.442,121.201,45756226.367940016,121.201,19.9,0.0,"[{""usdt"": 13676191.0, ""borsa"": 1, ""fiyat"": 64075.0, ""kaynak"": ""BNB""}, {""usdt"": 12725465.0, ""borsa"": 3, ""fiyat"": 64125.0, ""kaynak"": ""BNB+BYB+OKX""}, {""usdt"": 11278626.0, ""borsa"": 1, ""fiyat"": 64025.0, ""kaynak"": ""BNB""}]","[{""usdt"": 12990279.0, ""borsa"": 3, ""fiyat"": 64150.0, ""kaynak"": ""BNB+BYB+OKX""}, {""usdt"": 7815079.0, ""borsa"": 1, ""fiyat"": 64225.0, ""kaynak"": ""BNB""}, {""usdt"": 7774532.0, ""borsa"": 1, ""fiyat"": 64200.0, ""kaynak"": ""BNB""}]",PERP,-0.1625,0.1621,0.7085,5.4761,false,0.3382,false,,0,1,3,1,0,3,13.8,14.9,IZLE,,25,64124.5,,,,,SEVIYE,50,864.3,87,,,,,,,1785335700,2,0,,19,864.3,19,,,
31273,2026-07-29 14:38:32.420148+00,64122.25,5843.603397800238,493593.758,11656990460.845001,0.00008278,52236158.506629966,13986.345100000002,0.0,BEKLE,,13922.067100000002,64.278,1.442,181.551,47002005.41581,181.551,0.0,0.0,"[{""usdt"": 15101211.0, ""borsa"": 1, ""fiyat"": 64075.0, ""kaynak"": ""BNB""}, {""usdt"": 14434220.0, ""borsa"": 3, ""fiyat"": 64125.0, ""kaynak"": ""BNB+BYB+OKX""}, {""usdt"": 10792281.0, ""borsa"": 3, ""fiyat"": 64100.0, ""kaynak"": ""BNB+BYB+OKX""}]","[{""usdt"": 11439061.0, ""borsa"": 3, ""fiyat"": 64150.0, ""kaynak"": ""BNB+BYB+OKX""}, {""usdt"": 10613751.0, ""borsa"": 1, ""fiyat"": 64225.0, ""kaynak"": ""BNB""}, {""usdt"": 7851605.0, ""borsa"": 1, ""fiyat"": 64250.0, ""kaynak"": ""BNB""}]",YOK,-0.1367,0.0527,0.8131,3.7554,false,0.4438,false,,0,1,3,1,0,3,10.3,11.3,IZLE,,25,64124.5,,,,,SEVIYE,50,865.3,87,,,,,,,1785335700,2,1,,19,865.3,19,,,
31274,2026-07-29 14:39:32.767072+00,64100.05,966245.3036970044,816738.32,11655840424.4903,0.00008278,57231160.23070997,13922.067100000002,28.1,BEKLE,true,13922.067100000002,0.0,1.442,242.047,44991062.47207999,60.496,28.1,0.0,"[{""usdt"": 14325150.0, ""borsa"": 3, ""fiyat"": 64075.0, ""kaynak"": ""BNB+BYB+OKX""}, {""usdt"": 13838851.0, ""borsa"": 3, ""fiyat"": 64100.0, ""kaynak"": ""BNB+BYB+OKX""}, {""usdt"": 10718259.0, ""borsa"": 1, ""fiyat"": 64000.0, ""kaynak"": ""BNB""}]","[{""usdt"": 12027551.0, ""borsa"": 3, ""fiyat"": 64125.0, ""kaynak"": ""BNB+BYB+OKX""}, {""usdt"": 8424706.0, ""borsa"": 3, ""fiyat"": 64150.0, ""kaynak"": ""BNB+BYB+OKX""}, {""usdt"": 8368364.0, ""borsa"": 1, ""fiyat"": 64200.0, ""kaynak"": ""BNB""}]",YOK,-0.2596,0.1197,0.461,5.8493,false,0.6102,false,,0,3,3,1,0,3,7,8,IZLE,,25,64124.5,,,,,SEVIYE,50,866.3,87,,,,,,,1785335700,2,0,,19,866.3,19,,,
31275,2026-07-29 14:40:33.116117+00,64067.649999999994,540863.805221301,1117865.5509999997,11650222480.0472,0.00008278,56843617.303749986,13922.067100000002,28.3,BEKLE,false,13922.067100000002,0.0,1.442,302.249,44219398.583620004,0,0.0,28.3,"[{""usdt"": 17639071.0, ""borsa"": 3, ""fiyat"": 64050.0, ""kaynak"": ""BNB+BYB+OKX""}, {""usdt"": 13472927.0, ""borsa"": 1, ""fiyat"": 64000.0, ""kaynak"": ""BNB""}, {""usdt"": 9870886.0, ""borsa"": 1, ""fiyat"": 63975.0, ""kaynak"": ""BNB""}]","[{""usdt"": 11507811.0, ""borsa"": 3, ""fiyat"": 64100.0, ""kaynak"": ""BNB+BYB+OKX""}, {""usdt"": 9382176.0, ""borsa"": 1, ""fiyat"": 64175.0, ""kaynak"": ""BNB""}, {""usdt"": 7114276.0, ""borsa"": 1, ""fiyat"": 64125.0, ""kaynak"": ""BNB""}]",YOK,-0.2752,0.1249,0.1212,2.3272,false,,true,0.4691,0,2,3,1,0,3,3.3,4.4,IZLE,,25,64074.6,,,,,SEVIYE,50,1297.9,130,,,,,,,1785335700,2,1,,19,867.3,19,,,
31276,2026-07-29 14:41:33.393029+00,64144.149999999994,813444.1536694033,92797.09799999991,11638925089.7364,0.00008278,50250833.89205002,42911.5719,18.9,BEKLE,false,42911.5719,0.0,1.4408,362.631,42607757.41881999,60.382,18.9,0.0,"[{""usdt"": 16565492.0, ""borsa"": 3, ""fiyat"": 64050.0, ""kaynak"": ""BNB+BYB+OKX""}, {""usdt"": 12348230.0, ""borsa"": 3, ""fiyat"": 64075.0, ""kaynak"": ""BNB+BYB+OKX""}, {""usdt"": 8215329.0, ""borsa"": 1, ""fiyat"": 64025.0, ""kaynak"": ""BNB""}]","[{""usdt"": 7661294.0, ""borsa"": 1, ""fiyat"": 64225.0, ""kaynak"": ""BNB""}, {""usdt"": 7057260.0, ""borsa"": 1, ""fiyat"": 64175.0, ""kaynak"": ""BNB""}, {""usdt"": 6582027.0, ""borsa"": 1, ""fiyat"": 64200.0, ""kaynak"": ""BNB""}]",YOK,-0.2752,0.0823,0.6491,0.4106,false,0.518,false,,0,2,3,1,0,3,63.7,61.9,IZLE,,50,64124.5,,,,,SEVIYE+TASFIYE,50,868.3,87,,,,,,,1785336000,2,0,,19,868.3,19,,,
31277,2026-07-29 14:42:35.32732+00,64086.350000000006,1676859.1742625025,277092.984,11653254026.9775,0.00008278,52669341.22966002,63770.9207,7.0,BEKLE,,63770.9207,0.0,1.4408,424.59,40695352.52534998,122.341,0.0,7.0,"[{""usdt"": 14003528.0, ""borsa"": 3, ""fiyat"": 64125.0, ""kaynak"": ""BNB+BYB+OKX""}, {""usdt"": 10661661.0, ""borsa"": 1, ""fiyat"": 64075.0, ""kaynak"": ""BNB""}, {""usdt"": 8215329.0, ""borsa"": 1, ""fiyat"": 64025.0, ""kaynak"": ""BNB""}]","[{""usdt"": 11901780.0, ""borsa"": 3, ""fiyat"": 64175.0, ""kaynak"": ""BNB+BYB+OKX""}, {""usdt"": 7661294.0, ""borsa"": 1, ""fiyat"": 64225.0, ""kaynak"": ""BNB""}, {""usdt"": 6582027.0, ""borsa"": 1, ""fiyat"": 64200.0, ""kaynak"": ""BNB""}]",YOK,-0.109,0.1282,0.9697,1.9237,false,0,false,,0,1,3,1,0,3,61.3,62.6,IZLE,,50,64074.6,,,,,SEVIYE+TASFIYE,50,1299.9,130,,,,,,,1785336000,2,0,,19,869.4,19,,,
31278,2026-07-29 14:43:35.603566+00,64030.649999999994,1047690.6803624984,301534.98900000006,11638926999.096401,0.00008278,51934489.00395001,63770.9207,15.0,BEKLE,true,63770.9207,0.0,1.4408,484.795,54343120.03160004,122.164,15.0,0.0,"[{""usdt"": 15080089.0, ""borsa"": 3, ""fiyat"": 64075.0, ""kaynak"": ""BNB+BYB+OKX""}, {""usdt"": 10615016.0, ""borsa"": 3, ""fiyat"": 64050.0, ""kaynak"": ""BNB+BYB+OKX""}, {""usdt"": 9949086.0, ""borsa"": 1, ""fiyat"": 64000.0, ""kaynak"": ""BNB""}]","[{""usdt"": 21989938.0, ""borsa"": 3, ""fiyat"": 64100.0, ""kaynak"": ""BNB+BYB+OKX""}, {""usdt"": 9314390.0, ""borsa"": 1, ""fiyat"": 64200.0, ""kaynak"": ""BNB""}, {""usdt"": 9281506.0, ""borsa"": 1, ""fiyat"": 64150.0, ""kaynak"": ""BNB""}]",YOK,-0.1586,-0.0227,0.7847,4.6074,false,0.0648,false,,0,1,3,0,1,3,57.7,58.8,IZLE,,50,64026.1,,,,,SEVIYE+TASFIYE,50,1981.9,198,,,,,,,1785336000,2,1,,19,870.4,19,,,
31279,2026-07-29 14:44:35.979078+00,64070.350000000006,650247.0989201933,370521.6049999998,11633415174.210201,0.00008278,54574515.63543999,99570.12240000001,32.6,BEKLE,true,99570.12240000001,0.0,1.4408,60.431,47479657.11559002,0,32.6,0.0,"[{""usdt"": 16149338.0, ""borsa"": 3, ""fiyat"": 64025.0, ""kaynak"": ""BNB+BYB+OKX""}, {""usdt"": 13999739.0, ""borsa"": 2, ""fiyat"": 64000.0, ""kaynak"": ""BNB+BYB""}, {""usdt"": 10360216.0, ""borsa"": 1, ""fiyat"": 63975.0, ""kaynak"": ""BNB""}]","[{""usdt"": 11377125.0, ""borsa"": 3, ""fiyat"": 64050.0, ""kaynak"": ""BNB+BYB+OKX""}, {""usdt"": 9657645.0, ""borsa"": 1, ""fiyat"": 64125.0, ""kaynak"": ""BNB""}, {""usdt"": 8377251.0, ""borsa"": 3, ""fiyat"": 64075.0, ""kaynak"": ""BNB+BYB+OKX""}]",YOK,-0.2403,0.0695,0.3205,1.9766,false,0,false,,0,2,3,1,0,3,54.3,55.4,IZLE,,50,64074.6,,,,,SEVIYE+TASFIYE,50,1301.9,131,,,,,,,1785336180,2,0,,21,611.0,21,,,
31280,2026-07-29 14:45:36.220081+00,64048.25,-38137.754270208476,510246.551,11637404027.8624,0.00008278,51087747.15729,115519.8401,42.0,BEKLE,true,115071.341,448.49910000000006,1.4408,120.7,46983185.71953,0,42.0,0.0,"[{""usdt"": 17485373.0, ""borsa"": 3, ""fiyat"": 64050.0, ""kaynak"": ""BNB+BYB+OKX""}, {""usdt"": 12364022.0, ""borsa"": 1, ""fiyat"": 64000.0, ""kaynak"": ""BNB""}, {""usdt"": 8858039.0, ""borsa"": 1, ""fiyat"": 63975.0, ""kaynak"": ""BNB""}]","[{""usdt"": 13503647.0, ""borsa"": 3, ""fiyat"": 64075.0, ""kaynak"": ""BNB+BYB+OKX""}, {""usdt"": 9401390.0, ""borsa"": 3, ""fiyat"": 64100.0, ""kaynak"": ""BNB+BYB+OKX""}, {""usdt"": 9075909.0, ""borsa"": 1, ""fiyat"": 64175.0, ""kaynak"": ""BNB""}]",YOK,-0.189,0.0419,0.3883,0.854,false,0.196,false,,0,2,3,1,0,3,50.7,51.8,IZLE,,50,64026.1,,,,,SEVIYE+TASFIYE,50,1983.9,199,,,,,,,1785336240,2,0,,21,612.0,21,,,
31281,2026-07-29 14:46:36.540935+00,64039.25,102636.78306169028,-316468.409,11638664216.204,0.00008278,55561503.293909974,51748.922900000005,25.0,BEKLE,true,51300.420300000005,448.50260000000003,1.4408,180.923,55950683.89455003,60.223,25.0,0.0,"[{""usdt"": 11777596.0, ""borsa"": 1, ""fiyat"": 63975.0, ""kaynak"": ""BNB""}, {""usdt"": 11545705.0, ""borsa"": 3, ""fiyat"": 64050.0, ""kaynak"": ""BNB+BYB+OKX""}, {""usdt"": 10421525.0, ""borsa"": 1, ""fiyat"": 64000.0, ""kaynak"": ""BNB""}]","[{""usdt"": 22615613.0, ""borsa"": 3, ""fiyat"": 64100.0, ""kaynak"": ""BNB+BYB+OKX""}, {""usdt"": 9675400.0, ""borsa"": 1, ""fiyat"": 64175.0, ""kaynak"": ""BNB""}, {""usdt"": 9136810.0, ""borsa"": 1, ""fiyat"": 64150.0, ""kaynak"": ""BNB""}]",YOK,-0.2197,-0.0035,0.5364,5.19,false,0.4645,false,,0,3,3,1,1,3,47.1,48.2,IZLE,,25,64026.1,,,,,SEVIYE,50,1985.0,199,PCT,1.34,0.005632018337048409,26.12299306082899,false,0.031,1785336240,2,0,,21,613.1,21,,,
31282,2026-07-29 14:47:37.666702+00,64153.75,-217919.39047880727,-737630.4069999999,11633619884.9776,0.00008278,53165776.02198002,51748.922900000005,62.5,BEKLE,false,51300.420300000005,448.50260000000003,1.4408,242.077,55861022.99637002,61.154,62.5,0.0,"[{""usdt"": 14111986.0, ""borsa"": 3, ""fiyat"": 64075.0, ""kaynak"": ""BNB+BYB+OKX""}, {""usdt"": 11401723.0, ""borsa"": 1, ""fiyat"": 63975.0, ""kaynak"": ""BNB""}, {""usdt"": 9831759.0, ""borsa"": 1, ""fiyat"": 64000.0, ""kaynak"": ""BNB""}]","[{""usdt"": 21228413.0, ""borsa"": 3, ""fiyat"": 64100.0, ""kaynak"": ""BNB+BYB+OKX""}, {""usdt"": 9852830.0, ""borsa"": 1, ""fiyat"": 64150.0, ""kaynak"": ""BNB""}, {""usdt"": 9517394.0, ""borsa"": 3, ""fiyat"": 64125.0, ""kaynak"": ""BNB+BYB+OKX""}]",YOK,-0.1237,-0.0247,0.5544,1.294,false,1.0259,false,,0,1,3,1,1,3,44,45,IZLE,,50,64124.5,,,,,SEVIYE+TASFIYE,50,874.4,88,,,,,,,1785336240,2,1,,21,614.1,21,,,
31283,2026-07-29 14:48:37.998534+00,64039.25,936429.6128259916,-122481.79199999997,11642414760.2778,0.00008278,52228722.54794001,51748.922900000005,31.3,BEKLE,true,51300.420300000005,448.50260000000003,1.4396,0,45439895.92190999,60.363,31.3,0.0,"[{""usdt"": 12828054.0, ""borsa"": 3, ""fiyat"": 64100.0, ""kaynak"": ""BNB+BYB+OKX""}, {""usdt"": 10567083.0, ""borsa"": 3, ""fiyat"": 64125.0, ""kaynak"": ""BNB+BYB+OKX""}, {""usdt"": 9138896.0, ""borsa"": 1, ""fiyat"": 64025.0, ""kaynak"": ""BNB""}]","[{""usdt"": 12821247.0, ""borsa"": 3, ""fiyat"": 64150.0, ""kaynak"": ""BNB+BYB+OKX""}, {""usdt"": 8425404.0, ""borsa"": 1, ""fiyat"": 64225.0, ""kaynak"": ""BNB""}, {""usdt"": 8180139.0, ""borsa"": 1, ""fiyat"": 64200.0, ""kaynak"": ""BNB""}]",YOK,-0.0774,0.0695,0.1488,0.7554,false,0.5077,false,,0,0,3,2,0,3,40.5,41.6,IZLE,,25,64026.1,,,,,SEVIYE,50,1987.0,199,,,,,,,1785336240,2,2,,21,615.1,21,,,
31284,2026-07-29 14:49:38.222651+00,64116.350000000006,470616.6048995913,-276179.4239999999,11630129245.5271,0.00008278,55106168.814879976,448.50260000000003,40.5,BEKLE,true,0.0,448.50260000000003,1.4396,0,47394662.719250016,0,40.5,0.0,"[{""usdt"": 16808680.0, ""borsa"": 3, ""fiyat"": 64050.0, ""kaynak"": ""BNB+BYB+OKX""}, {""usdt"": 10235366.0, ""borsa"": 1, ""fiyat"": 64000.0, ""kaynak"": ""BNB""}, {""usdt"": 8955221.0, ""borsa"": 1, ""fiyat"": 63975.0, ""kaynak"": ""BNB""}]","[{""usdt"": 11021456.0, ""borsa"": 3, ""fiyat"": 64100.0, ""kaynak"": ""BNB+BYB+OKX""}, {""usdt"": 10977911.0, ""borsa"": 1, ""fiyat"": 64150.0, ""kaynak"": ""BNB""}, {""usdt"": 8100554.0, ""borsa"": 3, ""fiyat"": 64075.0, ""kaynak"": ""BNB+BYB+OKX""}]",YOK,-0.1456,0.0752,0.1561,2.6246,false,0.2236,false,,0,1,3,2,0,3,36.9,37.9,IZLE,,25,64124.5,,,,,SEVIYE,50,876.4,88,,,,,,,1785336240,1,0,,21,616.1,21,,,
31285,2026-07-29 14:50:38.570877+00,64150.55,1039216.0187942861,-180754.15199999989,11643652458.0504,0.00008278,55825192.57190001,0.0,39.8,BEKLE,false,0.0,0.0,1.4396,60.246,48295803.456039995,0,39.8,0.0,"[{""usdt"": 18416611.0, ""borsa"": 3, ""fiyat"": 64100.0, ""kaynak"": ""BNB+BYB+OKX""}, {""usdt"": 11543534.0, ""borsa"": 1, ""fiyat"": 64050.0, ""kaynak"": ""BNB""}, {""usdt"": 10317839.0, ""borsa"": 1, ""fiyat"": 64000.0, ""kaynak"": ""BNB""}]","[{""usdt"": 10324795.0, ""borsa"": 3, ""fiyat"": 64125.0, ""kaynak"": ""BNB+BYB+OKX""}, {""usdt"": 10161960.0, ""borsa"": 3, ""fiyat"": 64150.0, ""kaynak"": ""BNB+BYB+OKX""}, {""usdt"": 9254297.0, ""borsa"": 1, ""fiyat"": 64200.0, ""kaynak"": ""BNB""}]",YOK,-0.0629,0.0723,0.5095,3.1766,false,0.0676,false,,0,0,3,1,0,3,33,34.3,IZLE,,25,64124.5,,,,,SEVIYE,50,877.4,88,,,,,,,,,0,,21,617.1,21,,,
31286,2026-07-29 14:51:38.895755+00,64100.05,84691.76033848527,-131510.53400000004,11648709565.9772,0.00008278,51309853.063099995,0.0,19.3,BEKLE,true,0.0,0.0,1.4522,60.447,42815305.8164,60.447,0.0,19.3,"[{""usdt"": 13669374.0, ""borsa"": 3, ""fiyat"": 64125.0, ""kaynak"": ""BNB+BYB+OKX""}, {""usdt"": 9887822.0, ""borsa"": 1, ""fiyat"": 64075.0, ""kaynak"": ""BNB""}, {""usdt"": 8812256.0, ""borsa"": 3, ""fiyat"": 64100.0, ""kaynak"": ""BNB+BYB+OKX""}]","[{""usdt"": 12605870.0, ""borsa"": 3, ""fiyat"": 64150.0, ""kaynak"": ""BNB+BYB+OKX""}, {""usdt"": 9030282.0, ""borsa"": 1, ""fiyat"": 64250.0, ""kaynak"": ""BNB""}, {""usdt"": 8011668.0, ""borsa"": 1, ""fiyat"": 64200.0, ""kaynak"": ""BNB""}]",YOK,-0.0261,0.0902,,,false,0.1917,false,,0,0,3,2,0,3,29.4,30.5,IZLE,,25,64124.5,,,,,SEVIYE,50,878.4,88,,,,,,,,,0,,21,618.1,21,,,
31287,2026-07-29 14:52:39.225282+00,64146.649999999994,-242786.00306251473,-42327.1839999999,11642521528.6633,0.00008278,53856775.13877996,0.0,32.7,BEKLE,true,0.0,0.0,1.4522,120.67,46978457.57276002,60.223,0.0,32.7,"[{""usdt"": 11542802.0, ""borsa"": 3, ""fiyat"": 64100.0, ""kaynak"": ""BNB+BYB+OKX""}, {""usdt"": 10161521.0, ""borsa"": 1, ""fiyat"": 64050.0, ""kaynak"": ""BNB""}, {""usdt"": 9949425.0, ""borsa"": 1, ""fiyat"": 64000.0, ""kaynak"": ""BNB""}]","[{""usdt"": 13735942.0, ""borsa"": 3, ""fiyat"": 64150.0, ""kaynak"": ""BNB+BYB+OKX""}, {""usdt"": 9689314.0, ""borsa"": 1, ""fiyat"": 64225.0, ""kaynak"": ""BNB""}, {""usdt"": 8026102.0, ""borsa"": 1, ""fiyat"": 64175.0, ""kaynak"": ""BNB""}]",YOK,-0.087,0.0682,0.0233,0.4356,false,,false,,0,1,3,0,0,3,25.3,26.4,IZLE,,25,64124.5,,,,,SEVIYE,50,879.4,88,,,,,,,,,0,,21,619.1,21,,,
31288,2026-07-29 14:53:39.554671+00,64185.55,500302.4642759833,252658.01400000002,11656281417.675,0.00008278,52097089.851770006,4557.653300000001,0.0,BEKLE,,0.0,4557.653300000001,1.4522,0,49794602.463029996,0,0.0,0.0,"[{""usdt"": 12252738.0, ""borsa"": 3, ""fiyat"": 64175.0, ""kaynak"": ""BNB+BYB+OKX""}, {""usdt"": 11564404.0, ""borsa"": 3, ""fiyat"": 64200.0, ""kaynak"": ""BNB+BYB+OKX""}, {""usdt"": 9822841.0, ""borsa"": 1, ""fiyat"": 64150.0, ""kaynak"": ""BNB""}]","[{""usdt"": 12102966.0, ""borsa"": 1, ""fiyat"": 64300.0, ""kaynak"": ""BNB""}, {""usdt"": 10691676.0, ""borsa"": 1, ""fiyat"": 64325.0, ""kaynak"": ""BNB""}, {""usdt"": 7807827.0, ""borsa"": 3, ""fiyat"": 64225.0, ""kaynak"": ""BNB+BYB+OKX""}]",YOK,0.0825,0.0226,0.4364,9.6149,false,,false,,1,0,3,0,0,3,21.4,22.5,IZLE,,25,64124.5,,,,,SEVIYE,50,880.4,88,,,,,,,1785336720,1,0,,21,620.1,21,,,
31289,2026-07-29 14:54:39.852496+00,64196.45,507370.33995668415,601871.7400000001,11655781935.682,0.00008278,48013605.55673001,13095.097099999999,24.9,BEKLE,true,0.0,13095.097099999999,1.4522,60.4,51054441.676170036,60.4,0.0,24.9,"[{""usdt"": 10278237.0, ""borsa"": 3, ""fiyat"": 64200.0, ""kaynak"": ""BNB+BYB+OKX""}, {""usdt"": 10070375.0, ""borsa"": 1, ""fiyat"": 64150.0, ""kaynak"": ""BNB""}, {""usdt"": 9664780.0, ""borsa"": 3, ""fiyat"": 64175.0, ""kaynak"": ""BNB+BYB+OKX""}]","[{""usdt"": 13196450.0, ""borsa"": 1, ""fiyat"": 64300.0, ""kaynak"": ""BNB""}, {""usdt"": 11834195.0, ""borsa"": 3, ""fiyat"": 64225.0, ""kaynak"": ""BNB+BYB+OKX""}, {""usdt"": 8229571.0, ""borsa"": 1, ""fiyat"": 64325.0, ""kaynak"": ""BNB""}]",YOK,0.0482,-0.0307,0.027,3.8658,false,,false,,1,0,3,0,0,3,17.9,19,IZLE,,25,64242.4,,,,,SEVIYE,70,310.7,32,,,,,,,1785336780,1,0,,19,881.4,19,,,
31290,2026-07-29 14:55:40.144053+00,64193.149999999994,3104192.5719902883,2955761.372,11663234019.1021,0.00008278,48427076.44301002,13095.097099999999,49.4,BEKLE,true,0.0,13095.097099999999,1.4522,120.657,48092648.24897002,120.657,0.0,49.4,"[{""usdt"": 14158861.0, ""borsa"": 3, ""fiyat"": 64200.0, ""kaynak"": ""BNB+BYB+OKX""}, {""usdt"": 9094184.0, ""borsa"": 1, ""fiyat"": 64150.0, ""kaynak"": ""BNB""}, {""usdt"": 7988175.0, ""borsa"": 1, ""fiyat"": 64100.0, ""kaynak"": ""BNB""}]","[{""usdt"": 11945290.0, ""borsa"": 3, ""fiyat"": 64225.0, ""kaynak"": ""BNB+BYB+OKX""}, {""usdt"": 10882955.0, ""borsa"": 1, ""fiyat"": 64300.0, ""kaynak"": ""BNB""}, {""usdt"": 8630922.0, ""borsa"": 3, ""fiyat"": 64250.0, ""kaynak"": ""BNB+BYB+OKX""}]",YOK,0.0825,0.0035,0.3038,0.4116,false,,false,0.8566,1,0,3,1,0,3,14.3,15.4,IZLE,,25,64242.4,,,,,SEVIYE,70,311.7,32,,,,,,,1785336780,1,1,,19,882.5,19,,,
31291,2026-07-29 14:56:40.542496+00,64116.149999999994,2347393.486668588,2642610.9859999996,11649526535.7208,0.00008278,47865751.97085998,13095.097099999999,47.8,BEKLE,true,0.0,13095.097099999999,1.4552,0,47298368.88337997,60.298,0.0,47.8,"[{""usdt"": 10634320.0, ""borsa"": 1, ""fiyat"": 64000.0, ""kaynak"": ""BNB""}, {""usdt"": 10219721.0, ""borsa"": 3, ""fiyat"": 64100.0, ""kaynak"": ""BNB+BYB+OKX""}, {""usdt"": 9953636.0, ""borsa"": 1, ""fiyat"": 64050.0, ""kaynak"": ""BNB""}]","[{""usdt"": 13534211.0, ""borsa"": 3, ""fiyat"": 64125.0, ""kaynak"": ""BNB+BYB+OKX""}, {""usdt"": 8885544.0, ""borsa"": 1, ""fiyat"": 64225.0, ""kaynak"": ""BNB""}, {""usdt"": 8592329.0, ""borsa"": 1, ""fiyat"": 64200.0, ""kaynak"": ""BNB""}]",YOK,-0.1011,0.006,0.3509,0.1641,false,,false,0.7854,0,1,3,0,0,3,10.8,11.8,IZLE,,25,64124.5,,,,,SEVIYE,55,883.5,89,,,,,,,1785336780,1,2,,19,883.5,19,,,
31292,2026-07-29 14:57:40.851406+00,64118.25,2406706.2239063876,2647453.639,11649915998.539501,0.00008278,51205501.21683,8537.4296,72.0,BEKLE,false,0.0,8537.4296,1.4552,60.36,47584673.60406,120.658,0.0,72.0,"[{""usdt"": 12784356.0, ""borsa"": 3, ""fiyat"": 64100.0, ""kaynak"": ""BNB+BYB+OKX""}, {""usdt"": 11137113.0, ""borsa"": 1, ""fiyat"": 64050.0, ""kaynak"": ""BNB""}, {""usdt"": 9745983.0, ""borsa"": 3, ""fiyat"": 64125.0, ""kaynak"": ""BNB+BYB+OKX""}]","[{""usdt"": 11596634.0, ""borsa"": 3, ""fiyat"": 64150.0, ""kaynak"": ""BNB+BYB+OKX""}, {""usdt"": 8806219.0, ""borsa"": 1, ""fiyat"": 64225.0, ""kaynak"": ""BNB""}, {""usdt"": 8668953.0, ""borsa"": 1, ""fiyat"": 64200.0, ""kaynak"": ""BNB""}]",YOK,-0.0919,0.0367,0.395,0.2781,false,,false,0.8349,0,1,3,0,0,3,7,8.1,IZLE,,25,64124.5,,,,,SEVIYE,55,884.5,89,,,,,,,1785336780,1,0,,19,884.5,19,,,
31293,2026-07-29 14:58:42.073778+00,64096.149999999994,2126242.341240686,2616013.8979999996,11644041359.580002,0.00008278,50982586.83322999,0.0,65.6,BEKLE,false,0.0,0.0,1.4552,121.57,47922888.758659974,181.868,0.0,65.6,"[{""usdt"": 12070680.0, ""borsa"": 1, ""fiyat"": 64050.0, ""kaynak"": ""BNB""}, {""usdt"": 11490289.0, ""borsa"": 3, ""fiyat"": 64100.0, ""kaynak"": ""BNB+BYB+OKX""}, {""usdt"": 11145704.0, ""borsa"": 1, ""fiyat"": 64000.0, ""kaynak"": ""BNB""}]","[{""usdt"": 11440091.0, ""borsa"": 3, ""fiyat"": 64125.0, ""kaynak"": ""BNB+BYB+OKX""}, {""usdt"": 11184427.0, ""borsa"": 1, ""fiyat"": 64200.0, ""kaynak"": ""BNB""}, {""usdt"": 9744677.0, ""borsa"": 1, ""fiyat"": 64225.0, ""kaynak"": ""BNB""}]",YOK,-0.1466,0.0309,0.3132,1.1302,false,,false,0.648,0,2,3,0,0,3,4.3,5.4,IZLE,,25,64074.6,,,,,SEVIYE,50,1316.0,132,,,,,,,,,0,,19,885.5,19,,,
31294,2026-07-29 14:59:42.409108+00,64080.45,2391199.595350885,2890643.0059999996,11645783334.0681,0.00008278,53588460.41002998,0.0,62.6,BEKLE,false,0.0,0.0,1.4552,181.958,43322131.72476,181.958,0.0,62.6,"[{""usdt"": 10777233.0, ""borsa"": 1, ""fiyat"": 64000.0, ""kaynak"": ""BNB""}, {""usdt"": 9757945.0, ""borsa"": 1, ""fiyat"": 63975.0, ""kaynak"": ""BNB""}, {""usdt"": 9479040.0, ""borsa"": 1, ""fiyat"": 64025.0, ""kaynak"": ""BNB""}]","[{""usdt"": 14899045.0, ""borsa"": 3, ""fiyat"": 64125.0, ""kaynak"": ""BNB+BYB+OKX""}, {""usdt"": 7792453.0, ""borsa"": 1, ""fiyat"": 64200.0, ""kaynak"": ""BNB""}, {""usdt"": 7217420.0, ""borsa"": 1, ""fiyat"": 64175.0, ""kaynak"": ""BNB""}]",YOK,-0.1631,0.1059,0.353,1.4263,false,,false,0.6543,0,2,3,0,0,3,63.7,63.2,IZLE,,25,64074.6,,,,,SEVIYE,50,1317.1,132,,,,,,,,,0,,19,886.5,19,,,
31295,2026-07-29 15:00:42.692828+00,64073.149999999994,-756296.736735712,2265138.4119999995,11640608622.487598,0.00008278,55636768.17877997,0.0,26.2,BEKLE,true,0.0,0.0,1.4552,242.278,42642079.78975,242.278,26.2,0.0,"[{""usdt"": 11981215.0, ""borsa"": 3, ""fiyat"": 64075.0, ""kaynak"": ""BNB+BYB+OKX""}, {""usdt"": 10878531.0, ""borsa"": 2, ""fiyat"": 64050.0, ""kaynak"": ""BNB+BYB""}, {""usdt"": 10777233.0, ""borsa"": 1, ""fiyat"": 64000.0, ""kaynak"": ""BNB""}]","[{""usdt"": 11027339.0, ""borsa"": 3, ""fiyat"": 64100.0, ""kaynak"": ""BNB+BYB+OKX""}, {""usdt"": 9365601.0, ""borsa"": 3, ""fiyat"": 64125.0, ""kaynak"": ""BNB+BYB+OKX""}, {""usdt"": 7792453.0, ""borsa"": 1, ""fiyat"": 64200.0, ""kaynak"": ""BNB""}]",YOK,-0.1512,0.1322,0.7875,1.6063,false,,true,0.493,0,2,3,1,0,3,61.2,62.3,IZLE,,25,64074.6,,,,,SEVIYE,50,1318.1,132,,,,,,,,,0,,19,887.5,19,,,
31296,2026-07-29 15:01:44.784688+00,64080.95,-923478.5010740117,2907088.675,11637808520.8583,0.00008278,53706097.64538995,13260.213,29.3,BEKLE,false,13260.213,0.0,1.4552,304.31,42963660.70067002,304.31,0.0,29.3,"[{""usdt"": 17519963.0, ""borsa"": 3, ""fiyat"": 64050.0, ""kaynak"": ""BNB+BYB+OKX""}, {""usdt"": 12475365.0, ""borsa"": 2, ""fiyat"": 64025.0, ""kaynak"": ""BNB+BYB""}, {""usdt"": 9515886.0, ""borsa"": 1, ""fiyat"": 63975.0, ""kaynak"": ""BNB""}]","[{""usdt"": 8477250.0, ""borsa"": 1, ""fiyat"": 64200.0, ""kaynak"": ""BNB""}, {""usdt"": 8193702.0, ""borsa"": 1, ""fiyat"": 64175.0, ""kaynak"": ""BNB""}, {""usdt"": 6833762.0, ""borsa"": 3, ""fiyat"": 64100.0, ""kaynak"": ""BNB+BYB+OKX""}]",YOK,-0.1357,0.1111,0.8913,0.6302,false,,false,0.8291,0,2,3,0,0,3,59.3,60.3,IZLE,,25,64074.6,,,,,SEVIYE,50,1319.1,132,,,,,,,1785337200,1,0,,19,888.5,19,,,
31297,2026-07-29 15:02:45.256057+00,64114.149999999994,-914132.4572312143,2976300.252,11643587792.5895,0.00008278,53013860.82923995,13260.213,29.1,BEKLE,true,13260.213,0.0,1.4552,243.161,44269500.07325004,364.731,0.0,29.1,"[{""usdt"": 11974462.0, ""borsa"": 1, ""fiyat"": 63975.0, ""kaynak"": ""BNB""}, {""usdt"": 11642733.0, ""borsa"": 3, ""fiyat"": 64075.0, ""kaynak"": ""BNB+BYB+OKX""}, {""usdt"": 10593525.0, ""borsa"": 1, ""fiyat"": 64000.0, ""kaynak"": ""BNB""}]","[{""usdt"": 12371906.0, ""borsa"": 3, ""fiyat"": 64100.0, ""kaynak"": ""BNB+BYB+OKX""}, {""usdt"": 9003823.0, ""borsa"": 3, ""fiyat"": 64125.0, ""kaynak"": ""BNB+BYB+OKX""}, {""usdt"": 8245425.0, ""borsa"": 1, ""fiyat"": 64175.0, ""kaynak"": ""BNB""}]",YOK,-0.0408,0.0899,0.87,0.0706,false,,false,0.6128,0,1,3,0,0,3,55.8,56.9,IZLE,,25,64124.5,,,,,SEVIYE,55,889.5,89,,,,,,,1785337200,1,1,,19,889.5,19,,,
31298,2026-07-29 15:03:45.520044+00,64136.95,-243750.46564301563,3463915.136,11648415314.5128,0.00008278,53141772.63849999,13260.213,41.9,BEKLE,true,13260.213,0.0,1.4564,303.551,47389685.86655,425.121,0.0,41.9,"[{""usdt"": 12620853.0, ""borsa"": 1, ""fiyat"": 64000.0, ""kaynak"": ""BNB""}, {""usdt"": 12419605.0, ""borsa"": 3, ""fiyat"": 64100.0, ""kaynak"": ""BNB+BYB+OKX""}, {""usdt"": 11699258.0, ""borsa"": 3, ""fiyat"": 64075.0, ""kaynak"": ""BNB+BYB+OKX""}]","[{""usdt"": 13057912.0, ""borsa"": 3, ""fiyat"": 64125.0, ""kaynak"": ""BNB+BYB+OKX""}, {""usdt"": 9852324.0, ""borsa"": 1, ""fiyat"": 64225.0, ""kaynak"": ""BNB""}, {""usdt"": 9110008.0, ""borsa"": 1, ""fiyat"": 64200.0, ""kaynak"": ""BNB""}]",YOK,-0.0652,0.0572,0.6495,0.7348,false,,false,0.6595,1,1,3,1,0,3,52.3,53.4,IZLE,,25,64124.5,,,,,SEVIYE,55,890.5,89,,,,,,,1785337200,1,2,,19,890.5,19,,,
31299,2026-07-29 15:04:45.733705+00,64120.25,-626172.4356619187,3464028.1709999996,11647474746.5504,0.00008278,48937708.715020016,13260.213,34.2,BEKLE,true,13260.213,0.0,1.4564,60.192,46559774.92228999,485.313,0.0,34.2,"[{""usdt"": 15721155.0, ""borsa"": 3, ""fiyat"": 64125.0, ""kaynak"": ""BNB+BYB+OKX""}, {""usdt"": 10485785.0, ""borsa"": 1, ""fiyat"": 64075.0, ""kaynak"": ""BNB""}, {""usdt"": 7826714.0, ""borsa"": 1, ""fiyat"": 64050.0, ""kaynak"": ""BNB""}]","[{""usdt"": 10430061.0, ""borsa"": 1, ""fiyat"": 64225.0, ""kaynak"": ""BNB""}, {""usdt"": 9720408.0, ""borsa"": 3, ""fiyat"": 64175.0, ""kaynak"": ""BNB+BYB+OKX""}, {""usdt"": 9198477.0, ""borsa"": 3, ""fiyat"": 64150.0, ""kaynak"": ""BNB+BYB+OKX""}]",YOK,-0.0432,0.0249,0.7729,0.6799,false,,false,0.6813,0,0,3,0,0,3,48.7,49.7,IZLE,,25,64124.5,,,,,SEVIYE,55,891.5,90,,,,,,,1785337200,1,3,,20,891.5,20,,,
31300,2026-07-29 15:05:46.016636+00,64078.95,-1852279.369345209,1191437.8009999997,11639154305.840199,0.00008278,46784851.15491001,0.0,45.5,BEKLE,false,0.0,0.0,1.4564,60.257,53174248.08497001,545.57,45.5,0.0,"[{""usdt"": 12315140.0, ""borsa"": 3, ""fiyat"": 64100.0, ""kaynak"": ""BNB+BYB+OKX""}, {""usdt"": 9849925.0, ""borsa"": 1, ""fiyat"": 64000.0, ""kaynak"": ""BNB""}, {""usdt"": 9811115.0, ""borsa"": 2, ""fiyat"": 64075.0, ""kaynak"": ""BNB+BYB""}]","[{""usdt"": 16733766.0, ""borsa"": 3, ""fiyat"": 64125.0, ""kaynak"": ""BNB+BYB+OKX""}, {""usdt"": 10319755.0, ""borsa"": 1, ""fiyat"": 64225.0, ""kaynak"": ""BNB""}, {""usdt"": 9145801.0, ""borsa"": 3, ""fiyat"": 64150.0, ""kaynak"": ""BNB+BYB+OKX""}]",YOK,-0.0219,-0.0639,0.3976,0.1403,false,,false,1.5102,0,0,3,0,1,3,45,46.1,IZLE,,25,64074.6,,,,,SEVIYE,50,1323.1,133,,,,,,,,,0,,20,892.6,20,,,
31301,2026-07-29 15:06:46.378141+00,64080.05,-1515487.0613195098,1259904.4649999999,11640673698.2896,0.00008278,55696230.61382999,1025.4352,64.0,BEKLE,false,1025.4352,0.0,1.4606,60.301,44511011.53534006,605.871,64.0,0.0,"[{""usdt"": 11167760.0, ""borsa"": 3, ""fiyat"": 64125.0, ""kaynak"": ""BNB+BYB+OKX""}, {""usdt"": 10500781.0, ""borsa"": 1, ""fiyat"": 64000.0, ""kaynak"": ""BNB""}, {""usdt"": 9304635.0, ""borsa"": 2, ""fiyat"": 64100.0, ""kaynak"": ""BNB+BYB""}]","[{""usdt"": 13978531.0, ""borsa"": 3, ""fiyat"": 64150.0, ""kaynak"": ""BNB+BYB+OKX""}, {""usdt"": 9327888.0, ""borsa"": 1, ""fiyat"": 64225.0, ""kaynak"": ""BNB""}, {""usdt"": 7639900.0, ""borsa"": 1, ""fiyat"": 64175.0, ""kaynak"": ""BNB""}]",YOK,-0.0149,0.1116,0.1886,0.0191,false,,false,,0,1,3,2,0,3,41.5,42.6,IZLE,,25,64074.6,,,,,SEVIYE,50,1324.1,133,,,,,,,1785337500,1,0,,20,893.6,20,,,
31302,2026-07-29 15:07:46.712104+00,64101.149999999994,-1423247.9249080098,1202731.1249999998,11644010730.2518,0.00008278,54938809.57108998,1025.4352,71.3,BEKLE,false,1025.4352,0.0,1.4606,120.645,44304704.92958003,666.215,71.3,0.0,"[{""usdt"": 11685561.0, ""borsa"": 3, ""fiyat"": 64075.0, ""kaynak"": ""BNB+BYB+OKX""}, {""usdt"": 10837551.0, ""borsa"": 1, ""fiyat"": 64000.0, ""kaynak"": ""BNB""}, {""usdt"": 9702846.0, ""borsa"": 1, ""fiyat"": 63975.0, ""kaynak"": ""BNB""}]","[{""usdt"": 12406103.0, ""borsa"": 3, ""fiyat"": 64125.0, ""kaynak"": ""BNB+BYB+OKX""}, {""usdt"": 8761168.0, ""borsa"": 1, ""fiyat"": 64175.0, ""kaynak"": ""BNB""}, {""usdt"": 7951820.0, ""borsa"": 1, ""fiyat"": 64200.0, ""kaynak"": ""BNB""}]",YOK,-0.0689,0.1072,0.1566,0.2665,false,,false,1.1425,0,1,3,2,0,3,37.8,38.9,IZLE,,25,64124.5,,,,,SEVIYE,55,894.6,90,,,,,,,1785337500,1,1,,20,894.6,20,,,
31303,2026-07-29 15:08:47.081955+00,64139.25,-1338934.9714369085,1255459.5439999998,11648637981.7096,0.00008278,45894263.80823005,1025.4352,65.2,BEKLE,false,1025.4352,0.0,1.4606,0,47213983.52425,726.628,65.2,0.0,"[{""usdt"": 12012428.0, ""borsa"": 3, ""fiyat"": 64125.0, ""kaynak"": ""BNB+BYB+OKX""}, {""usdt"": 9452807.0, ""borsa"": 1, ""fiyat"": 64075.0, ""kaynak"": ""BNB""}, {""usdt"": 7009485.0, ""borsa"": 1, ""fiyat"": 64050.0, ""kaynak"": ""BNB""}]","[{""usdt"": 12938860.0, ""borsa"": 3, ""fiyat"": 64175.0, ""kaynak"": ""BNB+BYB+OKX""}, {""usdt"": 8961390.0, ""borsa"": 1, ""fiyat"": 64225.0, ""kaynak"": ""BNB""}, {""usdt"": 8898684.0, ""borsa"": 1, ""fiyat"": 64250.0, ""kaynak"": ""BNB""}]",YOK,-0.025,-0.0142,0.2428,0.034,false,1.0815,false,,0,0,3,1,0,3,34.2,35.3,IZLE,,25,64124.5,,,,,SEVIYE,55,895.6,90,,,,,,,1785337500,1,2,,20,895.6,20,,,
31304,2026-07-29 15:09:47.35768+00,64143.649999999994,-1565769.4141060074,1266736.2549999997,11639046963.1894,0.00008278,53320444.934769996,1025.4352,73.0,BEKLE,,1025.4352,0.0,1.4606,0,48464274.884740025,786.919,73.0,0.0,"[{""usdt"": 13619764.0, ""borsa"": 3, ""fiyat"": 64100.0, ""kaynak"": ""BNB+BYB+OKX""}, {""usdt"": 13483401.0, ""borsa"": 3, ""fiyat"": 64075.0, ""kaynak"": ""BNB+BYB+OKX""}, {""usdt"": 10545607.0, ""borsa"": 1, ""fiyat"": 64000.0, ""kaynak"": ""BNB""}]","[{""usdt"": 12012003.0, ""borsa"": 3, ""fiyat"": 64125.0, ""kaynak"": ""BNB+BYB+OKX""}, {""usdt"": 10113631.0, ""borsa"": 1, ""fiyat"": 64225.0, ""kaynak"": ""BNB""}, {""usdt"": 9312526.0, ""borsa"": 1, ""fiyat"": 64200.0, ""kaynak"": ""BNB""}]",YOK,-0.0018,0.0477,0.2166,0.3596,false,3.138,false,,1,0,3,2,0,3,30.7,31.8,IZLE,,25,64124.5,,,,,SEVIYE,55,896.6,90,,,,,,,1785337500,1,3,,20,896.6,20,,,
31305,2026-07-29 15:10:47.953813+00,64154.149999999994,722839.6908523965,1534673.544,11643309196.23,0.00008278,47478341.876080036,0.0,18.7,BEKLE,true,0.0,0.0,1.4606,0,46145346.58419002,847.166,0.0,18.7,"[{""usdt"": 10566111.0, ""borsa"": 3, ""fiyat"": 64150.0, ""kaynak"": ""BNB+BYB+OKX""}, {""usdt"": 9694710.0, ""borsa"": 1, ""fiyat"": 64075.0, ""kaynak"": ""BNB""}, {""usdt"": 7123081.0, ""borsa"": 1, ""fiyat"": 64050.0, ""kaynak"": ""BNB""}]","[{""usdt"": 10854789.0, ""borsa"": 3, ""fiyat"": 64175.0, ""kaynak"": ""BNB+BYB+OKX""}, {""usdt"": 10268582.0, ""borsa"": 1, ""fiyat"": 64250.0, ""kaynak"": ""BNB""}, {""usdt"": 10044067.0, ""borsa"": 3, ""fiyat"": 64200.0, ""kaynak"": ""BNB+BYB+OKX""}]",YOK,0.0141,0.0142,0.8291,1.6148,false,,false,,0,0,3,2,0,3,27,28.1,IZLE,,25,64124.5,,,,,SEVIYE,55,897.6,90,,,,,,,,,0,,20,897.6,20,,,
31306,2026-07-29 15:11:48.374675+00,64069.05,-210897.1587137027,1340817.0389999999,11631149771.912199,0.00008278,49513034.634319976,0.0,11.4,BEKLE,true,0.0,0.0,1.4606,0,42839978.70755,0,0.0,11.4,"[{""usdt"": 12270288.0, ""borsa"": 1, ""fiyat"": 63975.0, ""kaynak"": ""BNB""}, {""usdt"": 10946801.0, ""borsa"": 3, ""fiyat"": 64050.0, ""kaynak"": ""BNB+BYB+OKX""}, {""usdt"": 9617348.0, ""borsa"": 1, ""fiyat"": 64000.0, ""kaynak"": ""BNB""}]","[{""usdt"": 11777552.0, ""borsa"": 3, ""fiyat"": 64100.0, ""kaynak"": ""BNB+BYB+OKX""}, {""usdt"": 7507372.0, ""borsa"": 1, ""fiyat"": 64150.0, ""kaynak"": ""BNB""}, {""usdt"": 6817490.0, ""borsa"": 1, ""fiyat"": 64175.0, ""kaynak"": ""BNB""}]",YOK,-0.1076,0.0723,0.9125,0.5131,false,3.352,false,,0,1,3,0,1,3,23.6,24.7,IZLE,,25,64074.6,,,,,SEVIYE,50,1329.2,133,,,,,,,,,0,,20,898.6,20,,,
31307,2026-07-29 15:12:49.11693+00,64144.25,-1282.7968715057941,1519656.4949999999,11640321267.989399,0.00008278,48696881.09488998,0.0,22.7,BEKLE,,0.0,0.0,1.4612,0,48497353.543230005,0,0.0,22.7,"[{""usdt"": 11566758.0, ""borsa"": 3, ""fiyat"": 64125.0, ""kaynak"": ""BNB+BYB+OKX""}, {""usdt"": 8942659.0, ""borsa"": 1, ""fiyat"": 64075.0, ""kaynak"": ""BNB""}, {""usdt"": 8855357.0, ""borsa"": 1, ""fiyat"": 64025.0, ""kaynak"": ""BNB""}]","[{""usdt"": 13915078.0, ""borsa"": 3, ""fiyat"": 64175.0, ""kaynak"": ""BNB+BYB+OKX""}, {""usdt"": 8731884.0, ""borsa"": 1, ""fiyat"": 64225.0, ""kaynak"": ""BNB""}, {""usdt"": 8624830.0, ""borsa"": 1, ""fiyat"": 64200.0, ""kaynak"": ""BNB""}]",YOK,-0.032,0.0021,0.7437,1.5028,false,,false,,0,0,3,1,0,3,20.2,21.2,IZLE,,25,64124.5,,,,,SEVIYE,55,899.6,90,,,,,,,,,0,,20,899.6,20,,,
31308,2026-07-29 15:13:49.775358+00,64129.45,-335617.7626159028,1501918.528,11639708020.9243,0.00008278,51571425.07762997,0.0,20.6,BEKLE,true,0.0,0.0,1.4612,61.047,48221559.627380006,61.047,0.0,20.6,"[{""usdt"": 14504459.0, ""borsa"": 3, ""fiyat"": 64125.0, ""kaynak"": ""BNB+BYB+OKX""}, {""usdt"": 11426549.0, ""borsa"": 3, ""fiyat"": 64100.0, ""kaynak"": ""BNB+BYB+OKX""}, {""usdt"": 9078585.0, ""borsa"": 1, ""fiyat"": 64050.0, ""kaynak"": ""BNB""}]","[{""usdt"": 11577559.0, ""borsa"": 3, ""fiyat"": 64150.0, ""kaynak"": ""BNB+BYB+OKX""}, {""usdt"": 10374251.0, ""borsa"": 1, ""fiyat"": 64250.0, ""kaynak"": ""BNB""}, {""usdt"": 8615968.0, ""borsa"": 1, ""fiyat"": 64200.0, ""kaynak"": ""BNB""}]",YOK,-0.0169,0.0336,0.7247,0.4716,false,,false,,1,0,3,2,0,3,17.4,18.4,IZLE,,25,64124.5,,,,,SEVIYE,55,900.6,90,,,,,,,,,0,,20,900.6,20,,,
31309,2026-07-29 15:14:50.071459+00,64125.25,-396252.34666620113,1561474.944,11635230802.3772,0.00008278,50729912.03193001,0.0,22.6,BEKLE,true,0.0,0.0,1.4612,60.294,47626248.86207997,121.341,0.0,22.6,"[{""usdt"": 13307005.0, ""borsa"": 3, ""fiyat"": 64100.0, ""kaynak"": ""BNB+BYB+OKX""}, {""usdt"": 9753148.0, ""borsa"": 1, ""fiyat"": 64050.0, ""kaynak"": ""BNB""}, {""usdt"": 9502078.0, ""borsa"": 1, ""fiyat"": 64000.0, ""kaynak"": ""BNB""}]","[{""usdt"": 10397982.0, ""borsa"": 3, ""fiyat"": 64150.0, ""kaynak"": ""BNB+BYB+OKX""}, {""usdt"": 9665385.0, ""borsa"": 1, ""fiyat"": 64200.0, ""kaynak"": ""BNB""}, {""usdt"": 9196609.0, ""borsa"": 3, ""fiyat"": 64125.0, ""kaynak"": ""BNB+BYB+OKX""}]",YOK,-0.0052,0.0316,0.722,0.7673,false,,false,,0,0,3,0,0,3,13.8,14.9,IZLE,,25,64124.5,,,,,SEVIYE,55,901.6,91,,,,,,,,,0,,21,641.3,21,,,
31310,2026-07-29 15:15:50.589512+00,64092.25,-990276.5676768958,479339.82300000003,11628793007.2294,0.00008278,48179773.65232998,0.0,36.1,BEKLE,false,0.0,0.0,1.4612,60.427,47058948.92317004,181.768,36.1,0.0,"[{""usdt"": 10675133.0, ""borsa"": 1, ""fiyat"": 64025.0, ""kaynak"": ""BNB""}, {""usdt"": 10114131.0, ""borsa"": 1, ""fiyat"": 64000.0, ""kaynak"": ""BNB""}, {""usdt"": 9788908.0, ""borsa"": 3, ""fiyat"": 64050.0, ""kaynak"": ""BNB+BYB+OKX""}]","[{""usdt"": 11853308.0, ""borsa"": 3, ""fiyat"": 64100.0, ""kaynak"": ""BNB+BYB+OKX""}, {""usdt"": 10789720.0, ""borsa"": 1, ""fiyat"": 64200.0, ""kaynak"": ""BNB""}, {""usdt"": 8377252.0, ""borsa"": 1, ""fiyat"": 64150.0, ""kaynak"": ""BNB""}]",YOK,-0.04,0.0118,0.5151,1.2571,false,,false,,0,0,3,1,0,3,9.6,10.7,IZLE,,25,64074.6,,,,,SEVIYE,50,1333.2,134,PCT,0.43,1.7644475125881194,0.0,false,0.047,,,0,,21,642.3,21,,,
31311,2026-07-29 15:16:52.889337+00,64127.649999999994,-637731.9246856965,503769.078,11637040492.9617,0.00008278,46573720.53747996,0.0,52.8,BEKLE,false,0.0,0.0,1.4612,0,47767221.78943996,243.656,52.8,0.0,"[{""usdt"": 12392831.0, ""borsa"": 3, ""fiyat"": 64125.0, ""kaynak"": ""BNB+BYB+OKX""}, {""usdt"": 8525765.0, ""borsa"": 3, ""fiyat"": 64100.0, ""kaynak"": ""BNB+BYB+OKX""}, {""usdt"": 8452885.0, ""borsa"": 1, ""fiyat"": 64025.0, ""kaynak"": ""BNB""}]","[{""usdt"": 13489348.0, ""borsa"": 3, ""fiyat"": 64150.0, ""kaynak"": ""BNB+BYB+OKX""}, {""usdt"": 10120231.0, ""borsa"": 1, ""fiyat"": 64225.0, ""kaynak"": ""BNB""}, {""usdt"": 8345602.0, ""borsa"": 2, ""fiyat"": 64175.0, ""kaynak"": ""BNB+BYB""}]",YOK,0.0365,-0.0127,0.2502,2.3232,false,1.5506,false,,0,0,3,0,0,3,7.7,8.7,IZLE,,25,64124.5,,,,,SEVIYE,55,903.7,91,,,,,,,,,0,,21,643.3,21,,,
31312,2026-07-29 15:17:53.23545+00,64079.45,-3083769.304420994,164888.39199999993,11626473065.940899,0.00008278,52494007.83413996,0.0,45.4,BEKLE,,0.0,0.0,1.4631,0,49114934.88958002,0,45.4,0.0,"[{""usdt"": 12156072.0, ""borsa"": 1, ""fiyat"": 64000.0, ""kaynak"": ""BNB""}, {""usdt"": 10907912.0, ""borsa"": 3, ""fiyat"": 64075.0, ""kaynak"": ""BNB+BYB+OKX""}, {""usdt"": 9044835.0, ""borsa"": 1, ""fiyat"": 63975.0, ""kaynak"": ""BNB""}]","[{""usdt"": 17413579.0, ""borsa"": 3, ""fiyat"": 64100.0, ""kaynak"": ""BNB+BYB+OKX""}, {""usdt"": 8056737.0, ""borsa"": 1, ""fiyat"": 64175.0, ""kaynak"": ""BNB""}, {""usdt"": 7996198.0, ""borsa"": 1, ""fiyat"": 64150.0, ""kaynak"": ""BNB""}]",YOK,-0.0993,0.0333,0.5982,0.8495,false,1.6738,false,,0,1,3,0,0,3,4.6,5.7,IZLE,,25,64074.6,,,,,SEVIYE,50,1335.2,134,,,,,,,,,0,,21,644.3,21,,,
31313,2026-07-29 15:18:53.432388+00,64029.649999999994,-3897173.5590318944,-170864.20500000002,11622498078.821098,0.00008278,57926649.88863999,7433.906400000001,43.7,BEKLE,true,7433.906400000001,0.0,1.4631,60.319,44880772.83588002,60.319,43.7,0.0,"[{""usdt"": 12116343.0, ""borsa"": 1, ""fiyat"": 64000.0, ""kaynak"": ""BNB""}, {""usdt"": 11549392.0, ""borsa"": 1, ""fiyat"": 63950.0, ""kaynak"": ""BNB""}, {""usdt"": 8618281.0, ""borsa"": 2, ""fiyat"": 64075.0, ""kaynak"": ""BYB+OKX""}]","[{""usdt"": 18095662.0, ""borsa"": 3, ""fiyat"": 64100.0, ""kaynak"": ""BNB+BYB+OKX""}, {""usdt"": 7433075.0, ""borsa"": 1, ""fiyat"": 64150.0, ""kaynak"": ""BNB""}, {""usdt"": 7365930.0, ""borsa"": 3, ""fiyat"": 64075.0, ""kaynak"": ""BNB+BYB+OKX""}]",YOK,-0.189,0.1269,0.5822,1.1022,false,3.8537,false,,0,2,3,1,0,3,1.1,63.4,IZLE,,25,64026.1,,,,,SEVIYE,50,2017.2,202,,,,,,,1785338220,1,0,,21,645.3,21,,,
31314,2026-07-29 15:19:53.641991+00,63959.05,-6060781.264103096,-900857.9959999999,11606209445.2779,0.00008278,56953413.056159995,235687.704,0.0,BEKLE,,235687.704,0.0,1.4631,120.497,43288894.522170015,120.497,0.0,0.0,"[{""usdt"": 15410198.0, ""borsa"": 3, ""fiyat"": 64000.0, ""kaynak"": ""BNB+BYB+OKX""}, {""usdt"": 11549392.0, ""borsa"": 1, ""fiyat"": 63950.0, ""kaynak"": ""BNB""}, {""usdt"": 11299913.0, ""borsa"": 3, ""fiyat"": 64025.0, ""kaynak"": ""BNB+BYB+OKX""}]","[{""usdt"": 12720834.0, ""borsa"": 3, ""fiyat"": 64050.0, ""kaynak"": ""BNB+BYB+OKX""}, {""usdt"": 7433075.0, ""borsa"": 1, ""fiyat"": 64150.0, ""kaynak"": ""BNB""}, {""usdt"": 7041085.0, ""borsa"": 1, ""fiyat"": 64100.0, ""kaynak"": ""BNB""}]",YOK,-0.189,0.1363,0.6009,1.1913,false,,false,,0,2,3,1,0,3,61.2,62.3,IZLE,,50,63981.6,,,,,SEVIYE+TASFIYE,60,2018.2,202,,,,,,,1785338340,3,0,,21,646.3,21,,,
31315,2026-07-29 15:20:55.106317+00,63976.850000000006,-6318657.318722393,-3090105.7970000007,11601238139.827099,0.00008278,56341187.27032,341979.8313,52.3,BEKLE,true,341979.8313,0.0,1.4631,121.587,47296305.10122004,0,52.3,0.0,"[{""usdt"": 16430878.0, ""borsa"": 3, ""fiyat"": 63925.0, ""kaynak"": ""BNB+BYB+OKX""}, {""usdt"": 12299590.0, ""borsa"": 1, ""fiyat"": 63900.0, ""kaynak"": ""BNB""}, {""usdt"": 10011064.0, ""borsa"": 1, ""fiyat"": 63875.0, ""kaynak"": ""BNB""}]","[{""usdt"": 15350942.0, ""borsa"": 3, ""fiyat"": 63975.0, ""kaynak"": ""BNB+BYB+OKX""}, {""usdt"": 9887322.0, ""borsa"": 1, ""fiyat"": 64050.0, ""kaynak"": ""BNB""}, {""usdt"": 6863893.0, ""borsa"": 1, ""fiyat"": 64075.0, ""kaynak"": ""BNB""}]",YOK,-0.221,0.0873,0.4941,0.7235,false,,false,,0,2,3,2,0,3,58.7,59.8,IZLE,,50,63981.6,,,,,SEVIYE+TASFIYE,60,2019.3,202,,,,,,,1785338400,3,0,,21,647.4,21,,,
31316,2026-07-29 15:21:55.423746+00,63992.55,-5672021.572919095,-2828740.4610000006,11602125923.8906,0.00008278,60544086.10392995,354842.21880000003,0.0,BEKLE,,354842.21880000003,0.0,1.4612,181.987,59904023.679240055,60.4,0.0,0.0,"[{""usdt"": 14897267.0, ""borsa"": 1, ""fiyat"": 63900.0, ""kaynak"": ""BNB""}, {""usdt"": 11867730.0, ""borsa"": 3, ""fiyat"": 63975.0, ""kaynak"": ""BNB+BYB+OKX""}, {""usdt"": 11378040.0, ""borsa"": 1, ""fiyat"": 63875.0, ""kaynak"": ""BNB""}]","[{""usdt"": 26505798.0, ""borsa"": 3, ""fiyat"": 64000.0, ""kaynak"": ""BNB+BYB+OKX""}, {""usdt"": 10750646.0, ""borsa"": 3, ""fiyat"": 64025.0, ""kaynak"": ""BNB+BYB+OKX""}, {""usdt"": 7252460.0, ""borsa"": 1, ""fiyat"": 64075.0, ""kaynak"": ""BNB""}]",YOK,-0.1624,0.0053,0.4971,0.9014,false,,false,,0,2,3,1,0,3,55.2,56.3,IZLE,,50,63981.6,,,,,SEVIYE+TASFIYE,60,2020.3,202,,,,,,,1785338460,3,0,,21,648.4,21,,,
31317,2026-07-29 15:22:55.701094+00,64072.75,-5672021.572919095,-2828740.4610000006,11602125923.8906,0.00008278,57696091.66573999,354842.21880000003,100.0,BEKLE,true,354842.21880000003,0.0,1.4612,242.178,60141683.62114999,120.591,100.0,0.0,"[{""usdt"": 14704103.0, ""borsa"": 3, ""fiyat"": 63975.0, ""kaynak"": ""BNB+BYB+OKX""}, {""usdt"": 13882866.0, ""borsa"": 1, ""fiyat"": 63900.0, ""kaynak"": ""BNB""}, {""usdt"": 10934568.0, ""borsa"": 1, ""fiyat"": 63925.0, ""kaynak"": ""BNB""}]","[{""usdt"": 25656961.0, ""borsa"": 3, ""fiyat"": 64000.0, ""kaynak"": ""BNB+BYB+OKX""}, {""usdt"": 11646693.0, ""borsa"": 3, ""fiyat"": 64025.0, ""kaynak"": ""BNB+BYB+OKX""}, {""usdt"": 8429176.0, ""borsa"": 1, ""fiyat"": 64100.0, ""kaynak"": ""BNB""}]",YOK,-0.175,-0.0208,0.3613,0.0633,false,,false,,0,2,3,2,0,3,51.5,52.6,IZLE,,50,64074.6,,,,,SEVIYE+TASFIYE,50,1340.3,134,,,,,,,1785338460,3,0,,21,649.4,21,,,
31318,2026-07-29 15:23:55.983722+00,64066.75,-4495208.548150393,-2488979.0550000006,11615230950.6958,0.00008278,54717614.171559975,347408.29310000007,75.0,BEKLE,false,347408.29310000007,0.0,1.4612,0,41971897.36181996,0,75.0,0.0,"[{""usdt"": 12774868.0, ""borsa"": 3, ""fiyat"": 64075.0, ""kaynak"": ""BNB+BYB+OKX""}, {""usdt"": 8541023.0, ""borsa"": 1, ""fiyat"": 64000.0, ""kaynak"": ""BNB""}, {""usdt"": 8492979.0, ""borsa"": 1, ""fiyat"": 63975.0, ""kaynak"": ""BNB""}]","[{""usdt"": 12520044.0, ""borsa"": 3, ""fiyat"": 64100.0, ""kaynak"": ""BNB+BYB+OKX""}, {""usdt"": 10441596.0, ""borsa"": 1, ""fiyat"": 64150.0, ""kaynak"": ""BNB""}, {""usdt"": 7936981.0, ""borsa"": 3, ""fiyat"": 64125.0, ""kaynak"": ""BNB+BYB+OKX""}]",YOK,-0.0105,0.1318,0.1444,0.6064,false,6.5279,false,,1,0,3,2,0,3,47.9,49,IZLE,,50,64074.6,,,,,SEVIYE+TASFIYE,50,1341.3,134,,,,,,,1785338460,3,0,,21,650.4,21,,,
31319,2026-07-29 15:24:56.223885+00,64004.95,-4554954.014429895,-2484328.9750000006,11613835031.989601,0.00008278,48553942.402980015,345231.4125000001,47.9,BEKLE,false,345231.4125000001,0.0,1.4612,60.279,46801931.92584002,60.279,47.9,0.0,"[{""usdt"": 14491545.0, ""borsa"": 3, ""fiyat"": 64050.0, ""kaynak"": ""BNB+BYB+OKX""}, {""usdt"": 9713398.0, ""borsa"": 2, ""fiyat"": 64025.0, ""kaynak"": ""BNB+BYB""}, {""usdt"": 7219841.0, ""borsa"": 1, ""fiyat"": 63975.0, ""kaynak"": ""BNB""}]","[{""usdt"": 13850295.0, ""borsa"": 3, ""fiyat"": 64100.0, ""kaynak"": ""BNB+BYB+OKX""}, {""usdt"": 8363278.0, ""borsa"": 1, ""fiyat"": 64150.0, ""kaynak"": ""BNB""}, {""usdt"": 7787612.0, ""borsa"": 1, ""fiyat"": 64175.0, ""kaynak"": ""BNB""}]",YOK,-0.0984,0.0184,0.3832,0.7998,false,,false,,0,1,3,2,0,3,44.3,45.4,IZLE,,25,64026.1,,,,,SEVIYE,50,2023.3,203,,,,,,,1785338460,3,0,,20,911.7,20,,,
31320,2026-07-29 15:25:56.525965+00,64019.95,-5356913.8112702975,-3000432.2610000004,11597452890.015999,0.00008278,54205611.36250995,14270.033800000001,11.6,BEKLE,true,14270.033800000001,0.0,1.4612,0,50356804.61783993,60.262,0.0,11.6,"[{""usdt"": 13353648.0, ""borsa"": 1, ""fiyat"": 63900.0, ""kaynak"": ""BNB""}, {""usdt"": 12444437.0, ""borsa"": 3, ""fiyat"": 63950.0, ""kaynak"": ""BNB+BYB+OKX""}, {""usdt"": 11426795.0, ""borsa"": 2, ""fiyat"": 63925.0, ""kaynak"": ""BNB+BYB""}]","[{""usdt"": 13341696.0, ""borsa"": 3, ""fiyat"": 63975.0, ""kaynak"": ""BNB+BYB+OKX""}, {""usdt"": 10899370.0, ""borsa"": 3, ""fiyat"": 64000.0, ""kaynak"": ""BNB+BYB+OKX""}, {""usdt"": 8237853.0, ""borsa"": 1, ""fiyat"": 64050.0, ""kaynak"": ""BNB""}]",YOK,-0.2152,0.0368,0.8751,2.6844,false,,true,0,0,2,3,0,1,3,40.7,41.7,IZLE,,25,64026.1,,,,,SEVIYE,50,2024.3,203,,,,,,,1785338460,2,0,,20,912.7,20,,,
31321,2026-07-29 15:26:56.87535+00,63993.45,-3553844.626056798,-3658373.4510000004,11600490882.9274,0.00008278,54498434.28024999,12862.533200000002,32.1,BEKLE,,12862.533200000002,0.0,1.4612,60.349,47883341.21362001,0,32.1,0.0,"[{""usdt"": 15105935.0, ""borsa"": 3, ""fiyat"": 64000.0, ""kaynak"": ""BNB+BYB+OKX""}, {""usdt"": 10011265.0, ""borsa"": 1, ""fiyat"": 63900.0, ""kaynak"": ""BNB""}, {""usdt"": 8539832.0, ""borsa"": 1, ""fiyat"": 63925.0, ""kaynak"": ""BNB""}]","[{""usdt"": 12884039.0, ""borsa"": 3, ""fiyat"": 64050.0, ""kaynak"": ""BNB+BYB+OKX""}, {""usdt"": 8811649.0, ""borsa"": 3, ""fiyat"": 64025.0, ""kaynak"": ""BNB+BYB+OKX""}, {""usdt"": 8395587.0, ""borsa"": 1, ""fiyat"": 64125.0, ""kaynak"": ""BNB""}]",YOK,-0.1003,0.0646,0.6252,0.0182,false,,true,0,0,1,3,0,0,3,37.2,38.3,IZLE,,25,63981.6,,,,,SEVIYE,60,2025.3,203,,,,,,,1785338460,2,0,,20,913.7,20,,,
31322,2026-07-29 15:27:57.150843+00,64055.05,-3494880.781018197,-3698263.5250000004,11603463478.814598,0.00008278,51057344.97893,0.0,35.7,BEKLE,false,0.0,0.0,1.4588,120.707,43206920.63037,60.358,35.7,0.0,"[{""usdt"": 15141255.0, ""borsa"": 3, ""fiyat"": 64025.0, ""kaynak"": ""BNB+BYB+OKX""}, {""usdt"": 10041779.0, ""borsa"": 1, ""fiyat"": 63925.0, ""kaynak"": ""BNB""}, {""usdt"": 9768316.0, ""borsa"": 1, ""fiyat"": 63975.0, ""kaynak"": ""BNB""}]","[{""usdt"": 11884319.0, ""borsa"": 3, ""fiyat"": 64050.0, ""kaynak"": ""BNB+BYB+OKX""}, {""usdt"": 10845293.0, ""borsa"": 1, ""fiyat"": 64125.0, ""kaynak"": ""BNB""}, {""usdt"": 8483245.0, ""borsa"": 1, ""fiyat"": 64100.0, ""kaynak"": ""BNB""}]",YOK,-0.1133,0.0833,0.6206,0.3448,false,,true,0,0,1,3,1,0,3,33.7,34.7,IZLE,,25,64074.6,,,,,SEVIYE,50,1345.3,135,,,,,,,,,0,,20,914.7,20,,,
31323,2026-07-29 15:28:57.395597+00,64048.149999999994,-2897557.4470769977,-3542217.6750000007,11613715707.7866,0.00008278,53540406.72463003,640.63,39.6,BEKLE,false,640.63,0.0,1.4588,180.894,47572059.252680026,0,39.6,0.0,"[{""usdt"": 14366638.0, ""borsa"": 3, ""fiyat"": 64050.0, ""kaynak"": ""BNB+BYB+OKX""}, {""usdt"": 9436663.0, ""borsa"": 1, ""fiyat"": 63975.0, ""kaynak"": ""BNB""}, {""usdt"": 8340764.0, ""borsa"": 1, ""fiyat"": 63950.0, ""kaynak"": ""BNB""}]","[{""usdt"": 15766314.0, ""borsa"": 3, ""fiyat"": 64075.0, ""kaynak"": ""BNB+BYB+OKX""}, {""usdt"": 9436882.0, ""borsa"": 1, ""fiyat"": 64150.0, ""kaynak"": ""BNB""}, {""usdt"": 9139630.0, ""borsa"": 1, ""fiyat"": 64125.0, ""kaynak"": ""BNB""}]",YOK,-0.0442,0.059,0.4977,0.3961,false,,true,0,0,0,3,1,0,3,30,31.1,IZLE,,25,64026.1,,,,,SEVIYE,50,2027.3,203,,,,,,,1785338820,1,0,,20,915.7,20,,,
31324,2026-07-29 15:29:57.682772+00,64071.05,-2552416.0173683967,-3495247.428,11616436594.226799,0.00008278,50195094.394430034,640.63,36.6,BEKLE,false,640.63,0.0,1.4588,60.31,45516117.72685997,60.31,36.6,0.0,"[{""usdt"": 15951594.0, ""borsa"": 3, ""fiyat"": 64050.0, ""kaynak"": ""BNB+BYB+OKX""}, {""usdt"": 9009646.0, ""borsa"": 1, ""fiyat"": 64000.0, ""kaynak"": ""BNB""}, {""usdt"": 8140972.0, ""borsa"": 2, ""fiyat"": 64025.0, ""kaynak"": ""BNB+BYB""}]","[{""usdt"": 15554027.0, ""borsa"": 3, ""fiyat"": 64075.0, ""kaynak"": ""BNB+BYB+OKX""}, {""usdt"": 11135082.0, ""borsa"": 1, ""fiyat"": 64150.0, ""kaynak"": ""BNB""}, {""usdt"": 7764333.0, ""borsa"": 2, ""fiyat"": 64100.0, ""kaynak"": ""BNB+BYB""}]",YOK,-0.0914,0.0489,0.5641,1.274,false,,true,0,0,1,3,1,0,3,26.5,27.5,IZLE,,25,64074.6,,,,,SEVIYE,50,1347.3,135,,,,,,,1785338820,1,1,,20,916.7,20,,,
31325,2026-07-29 15:30:58.196899+00,64060.75,3068631.8073867043,-1169427.0709999998,11618922910.138802,0.00008278,52766969.20934998,640.63,35.3,BEKLE,true,640.63,0.0,1.4588,120.638,46264609.715260014,60.328,0.0,35.3,"[{""usdt"": 15392300.0, ""borsa"": 3, ""fiyat"": 64025.0, ""kaynak"": ""BNB+BYB+OKX""}, {""usdt"": 10203740.0, ""borsa"": 1, ""fiyat"": 63925.0, ""kaynak"": ""BNB""}, {""usdt"": 9823458.0, ""borsa"": 2, ""fiyat"": 64000.0, ""kaynak"": ""BNB+BYB""}]","[{""usdt"": 14176890.0, ""borsa"": 3, ""fiyat"": 64050.0, ""kaynak"": ""BNB+BYB+OKX""}, {""usdt"": 10543862.0, ""borsa"": 1, ""fiyat"": 64125.0, ""kaynak"": ""BNB""}, {""usdt"": 8857547.0, ""borsa"": 3, ""fiyat"": 64075.0, ""kaynak"": ""BNB+BYB+OKX""}]",YOK,-0.1206,0.0657,0.7504,0.2486,false,,false,0.9379,0,1,3,0,0,3,22.9,24,IZLE,,25,64074.6,,,,,SEVIYE,50,1348.3,135,PCT,0.73,0.0,47.216471584801035,false,0.056,1785338820,1,2,,20,917.8,20,,,
31326,2026-07-29 15:32:00.487967+00,64035.350000000006,3068983.012347804,-1108145.4899999998,11619565037.350899,0.00008278,55057416.43080994,640.63,38.9,BEKLE,true,640.63,0.0,1.4588,62.37,42757629.120499946,0,0.0,38.9,"[{""usdt"": 14703040.0, ""borsa"": 3, ""fiyat"": 64000.0, ""kaynak"": ""BNB+BYB+OKX""}, {""usdt"": 11512852.0, ""borsa"": 1, ""fiyat"": 63900.0, ""kaynak"": ""BNB""}, {""usdt"": 9212506.0, ""borsa"": 1, ""fiyat"": 63950.0, ""kaynak"": ""BNB""}]","[{""usdt"": 9592519.0, ""borsa"": 3, ""fiyat"": 64025.0, ""kaynak"": ""BNB+BYB+OKX""}, {""usdt"": 9567926.0, ""borsa"": 3, ""fiyat"": 64050.0, ""kaynak"": ""BNB+BYB+OKX""}, {""usdt"": 9551499.0, ""borsa"": 1, ""fiyat"": 64125.0, ""kaynak"": ""BNB""}]",YOK,-0.1231,0.1257,0.6292,0.2724,false,,false,1.1029,0,1,3,1,0,3,21.4,22.5,IZLE,,25,64026.1,,,,,SEVIYE,50,2030.3,203,,,,,,,1785338820,1,3,,20,918.8,20,,,
31327,2026-07-29 15:33:01.052657+00,64020.649999999994,3082926.8565841047,-1040786.586,11617592605.409,0.00008278,50032773.289739996,0.0,54.9,BEKLE,true,0.0,0.0,1.457,122.872,42895599.60909001,0,0.0,54.9,"[{""usdt"": 13694293.0, ""borsa"": 3, ""fiyat"": 64000.0, ""kaynak"": ""BNB+BYB+OKX""}, {""usdt"": 9927601.0, ""borsa"": 3, ""fiyat"": 64025.0, ""kaynak"": ""BNB+BYB+OKX""}, {""usdt"": 9601016.0, ""borsa"": 1, ""fiyat"": 63950.0, ""kaynak"": ""BNB""}]","[{""usdt"": 14310362.0, ""borsa"": 3, ""fiyat"": 64050.0, ""kaynak"": ""BNB+BYB+OKX""}, {""usdt"": 8399537.0, ""borsa"": 1, ""fiyat"": 64100.0, ""kaynak"": ""BNB""}, {""usdt"": 6861216.0, ""borsa"": 1, ""fiyat"": 64125.0, ""kaynak"": ""BNB""}]",YOK,-0.1028,0.0768,0.6179,0.2209,false,0.7195,false,1.4716,0,1,3,0,0,3,18.1,19.2,IZLE,,25,64026.1,,,,,SEVIYE,50,2031.3,203,,,,,,,,,0,,20,919.8,20,,,
31328,2026-07-29 15:34:01.405651+00,64064.149999999994,2568167.5126331025,-1128637.6509999998,11614682405.645199,0.00008278,47499867.81766995,0.0,45.1,BEKLE,true,0.0,0.0,1.457,60.371,47513158.71549999,60.371,0.0,45.1,"[{""usdt"": 11726787.0, ""borsa"": 3, ""fiyat"": 64025.0, ""kaynak"": ""BNB+BYB+OKX""}, {""usdt"": 10199239.0, ""borsa"": 1, ""fiyat"": 63975.0, ""kaynak"": ""BNB""}, {""usdt"": 7793772.0, ""borsa"": 1, ""fiyat"": 63950.0, ""kaynak"": ""BNB""}]","[{""usdt"": 14255539.0, ""borsa"": 3, ""fiyat"": 64075.0, ""kaynak"": ""BNB+BYB+OKX""}, {""usdt"": 11121310.0, ""borsa"": 1, ""fiyat"": 64150.0, ""kaynak"": ""BNB""}, {""usdt"": 7261400.0, ""borsa"": 1, ""fiyat"": 64125.0, ""kaynak"": ""BNB""}]",YOK,-0.0555,-0.0001,0.5967,0.1194,false,,false,1.5073,0,0,3,1,0,3,14.6,15.7,IZLE,,25,64074.6,,,,,SEVIYE,50,1351.4,135,,,,,,,,,0,,20,920.8,20,,,
31329,2026-07-29 15:35:01.894179+00,64040.25,4904103.226545604,-372123.998,11626380501.130402,0.00008278,47733664.76338997,1025.4208,58.1,BEKLE,true,0.0,1025.4208,1.457,120.953,46746471.29900004,0,0.0,58.1,"[{""usdt"": 10858742.0, ""borsa"": 3, ""fiyat"": 64000.0, ""kaynak"": ""BNB+BYB+OKX""}, {""usdt"": 9511503.0, ""borsa"": 1, ""fiyat"": 63975.0, ""kaynak"": ""BNB""}, {""usdt"": 9099184.0, ""borsa"": 1, ""fiyat"": 63925.0, ""kaynak"": ""BNB""}]","[{""usdt"": 14092151.0, ""borsa"": 3, ""fiyat"": 64050.0, ""kaynak"": ""BNB+BYB+OKX""}, {""usdt"": 10988168.0, ""borsa"": 1, ""fiyat"": 64125.0, ""kaynak"": ""BNB""}, {""usdt"": 6921536.0, ""borsa"": 1, ""fiyat"": 64075.0, ""kaynak"": ""BNB""}]",YOK,-0.1437,0.0104,0.6121,0.1729,false,0,false,2.7811,0,1,3,1,1,3,11.3,12.4,IZLE,,25,64026.1,,,,,SEVIYE,50,2033.4,204,,,,,,,1785339240,1,0,,20,921.8,20,,,
31330,2026-07-29 15:36:02.288651+00,64070.55,2775371.3298015087,697442.7379999999,11624972194.163101,0.00008278,47895327.07027,1024.6448,50.5,BEKLE,true,0.0,1024.6448,1.4594,0,50321026.201679975,60.349,0.0,50.5,"[{""usdt"": 13499075.0, ""borsa"": 3, ""fiyat"": 64075.0, ""kaynak"": ""BNB+BYB+OKX""}, {""usdt"": 9486216.0, ""borsa"": 3, ""fiyat"": 64050.0, ""kaynak"": ""BNB+BYB+OKX""}, {""usdt"": 8765502.0, ""borsa"": 1, ""fiyat"": 64025.0, ""kaynak"": ""BNB""}]","[{""usdt"": 14023478.0, ""borsa"": 3, ""fiyat"": 64100.0, ""kaynak"": ""BNB+BYB+OKX""}, {""usdt"": 10654468.0, ""borsa"": 1, ""fiyat"": 64200.0, ""kaynak"": ""BNB""}, {""usdt"": 8055908.0, ""borsa"": 1, ""fiyat"": 64175.0, ""kaynak"": ""BNB""}]",YOK,-0.0599,-0.0247,0.0941,0.2149,true,0,false,6.8863,0,0,3,1,0,3,7.8,8.9,IZLE,,25,64074.6,,,,,SEVIYE,50,1353.4,136,,,,,,,1785339240,1,0,,20,922.8,20,,,
31331,2026-07-29 15:37:02.664441+00,64127.45,2852908.579336608,1731221.7330000002,11627164806.4526,0.00008278,51451444.97046995,1024.6448,41.5,BEKLE,true,0.0,1024.6448,1.4594,60.425,46740938.46339997,60.425,0.0,41.5,"[{""usdt"": 12505218.0, ""borsa"": 3, ""fiyat"": 64100.0, ""kaynak"": ""BNB+BYB+OKX""}, {""usdt"": 10521434.0, ""borsa"": 3, ""fiyat"": 64125.0, ""kaynak"": ""BNB+BYB+OKX""}, {""usdt"": 8217358.0, ""borsa"": 1, ""fiyat"": 64000.0, ""kaynak"": ""BNB""}]","[{""usdt"": 14436648.0, ""borsa"": 1, ""fiyat"": 64225.0, ""kaynak"": ""BNB""}, {""usdt"": 12015405.0, ""borsa"": 3, ""fiyat"": 64150.0, ""kaynak"": ""BNB+BYB+OKX""}, {""usdt"": 8361581.0, ""borsa"": 1, ""fiyat"": 64200.0, ""kaynak"": ""BNB""}]",YOK,0.0426,0.048,0.0479,1.3964,false,,false,7.8291,1,0,3,2,0,3,4.1,5.1,IZLE,,25,64124.5,,,,,SEVIYE,55,923.8,93,,,,,,,1785339240,1,1,,20,923.8,20,,,
31332,2026-07-29 15:38:03.037369+00,64091.649999999994,2181789.171834306,1978162.5460000003,11627862320.972,0.00008278,52387499.45796996,2242.5904,49.1,BEKLE,true,0.0,2242.5904,1.4594,60.419,45315150.67149995,120.844,0.0,49.1,"[{""usdt"": 10928101.0, ""borsa"": 1, ""fiyat"": 64000.0, ""kaynak"": ""BNB""}, {""usdt"": 9445566.0, ""borsa"": 1, ""fiyat"": 64050.0, ""kaynak"": ""BNB""}, {""usdt"": 8541460.0, ""borsa"": 2, ""fiyat"": 64125.0, ""kaynak"": ""BYB+OKX""}]","[{""usdt"": 10775956.0, ""borsa"": 3, ""fiyat"": 64150.0, ""kaynak"": ""BNB+BYB+OKX""}, {""usdt"": 8969534.0, ""borsa"": 1, ""fiyat"": 64200.0, ""kaynak"": ""BNB""}, {""usdt"": 7637611.0, ""borsa"": 1, ""fiyat"": 64175.0, ""kaynak"": ""BNB""}]",YOK,-0.0195,0.0724,0.1648,0.8884,false,0,false,9.3476,1,0,3,2,0,3,63.7,62.7,IZLE,,25,64074.6,,,,,SEVIYE,50,1355.4,136,,,,,,,1785339420,1,0,,20,924.8,20,,,
31333,2026-07-29 15:39:03.39027+00,64030.05,968017.2130627054,1822971.5370000002,11619196623.1221,0.00008278,46738388.45778996,2242.5467,76.3,BEKLE,,0.0,2242.5467,1.4594,120.692,49279843.83612996,181.117,0.0,76.3,"[{""usdt"": 12161115.0, ""borsa"": 3, ""fiyat"": 64075.0, ""kaynak"": ""BNB+BYB+OKX""}, {""usdt"": 10928101.0, ""borsa"": 1, ""fiyat"": 64000.0, ""kaynak"": ""BNB""}, {""usdt"": 9445566.0, ""borsa"": 1, ""fiyat"": 64050.0, ""kaynak"": ""BNB""}]","[{""usdt"": 11532363.0, ""borsa"": 3, ""fiyat"": 64125.0, ""kaynak"": ""BNB+BYB+OKX""}, {""usdt"": 8969534.0, ""borsa"": 1, ""fiyat"": 64200.0, ""kaynak"": ""BNB""}, {""usdt"": 7637611.0, ""borsa"": 1, ""fiyat"": 64175.0, ""kaynak"": ""BNB""}]",YOK,-0.067,-0.0265,0.2638,0.3844,false,0,false,,0,0,3,0,0,3,60.6,61.7,IZLE,,25,64026.1,,,,,SEVIYE,50,2037.4,204,,,,,,,1785339420,1,0,,20,925.8,20,,,
31334,2026-07-29 15:41:03.981341+00,63986.350000000006,-2166649.3830832047,1602553.5329999998,11598499478.7201,0.00008278,59690149.46785998,1345.8247,37.1,BEKLE,true,127.92280000000001,1217.9018999999998,1.4594,60.262,45690373.537779994,0,0.0,37.1,"[{""usdt"": 15533536.0, ""borsa"": 3, ""fiyat"": 63950.0, ""kaynak"": ""BNB+BYB+OKX""}, {""usdt"": 12084276.0, ""borsa"": 1, ""fiyat"": 63900.0, ""kaynak"": ""BNB""}, {""usdt"": 11961203.0, ""borsa"": 2, ""fiyat"": 63925.0, ""kaynak"": ""BNB+BYB""}]","[{""usdt"": 10383687.0, ""borsa"": 3, ""fiyat"": 63975.0, ""kaynak"": ""BNB+BYB+OKX""}, {""usdt"": 10259996.0, ""borsa"": 3, ""fiyat"": 64000.0, ""kaynak"": ""BNB+BYB+OKX""}, {""usdt"": 9088919.0, ""borsa"": 1, ""fiyat"": 64075.0, ""kaynak"": ""BNB""}]",YOK,-0.2519,0.1328,0.7831,0.9121,false,0,false,,0,2,3,0,0,3,53.5,54.5,IZLE,,25,63981.6,,,,,SEVIYE,60,2039.4,204,,,,,,,1785339540,1,0,,20,927.8,20,,,
31335,2026-07-29 15:42:04.279888+00,64013.149999999994,-1790425.3644620038,1754872.378,11605088303.9581,0.00008278,53381096.92414004,1345.8247,9.6,BEKLE,,127.92280000000001,1217.9018999999998,1.4594,120.567,56518136.52228996,0,0.0,9.6,"[{""usdt"": 12988398.0, ""borsa"": 1, ""fiyat"": 63900.0, ""kaynak"": ""BNB""}, {""usdt"": 11167459.0, ""borsa"": 1, ""fiyat"": 63925.0, ""kaynak"": ""BNB""}, {""usdt"": 10915012.0, ""borsa"": 3, ""fiyat"": 64000.0, ""kaynak"": ""BNB+BYB+OKX""}]","[{""usdt"": 23361811.0, ""borsa"": 3, ""fiyat"": 64025.0, ""kaynak"": ""BNB+BYB+OKX""}, {""usdt"": 10707094.0, ""borsa"": 1, ""fiyat"": 64100.0, ""kaynak"": ""BNB""}, {""usdt"": 8297569.0, ""borsa"": 2, ""fiyat"": 64050.0, ""kaynak"": ""BNB+BYB""}]",YOK,-0.2101,-0.0285,0.9924,1.6685,false,0,false,,0,3,3,0,0,3,49.9,51,IZLE,,25,64026.1,,,,,SEVIYE,50,2040.4,204,,,,,,,1785339540,1,1,,20,928.9,20,,,
31336,2026-07-29 15:43:04.568678+00,63975.05,-2053555.8707739033,1775156.158,11603028614.378399,0.00008278,54591670.94221002,127.92280000000001,13.6,BEKLE,false,127.92280000000001,0.0,1.4637,180.9,44704984.151089974,60.333,13.6,0.0,"[{""usdt"": 14113135.0, ""borsa"": 3, ""fiyat"": 64000.0, ""kaynak"": ""BNB+BYB+OKX""}, {""usdt"": 13365078.0, ""borsa"": 1, ""fiyat"": 63900.0, ""kaynak"": ""BNB""}, {""usdt"": 9731181.0, ""borsa"": 1, ""fiyat"": 63925.0, ""kaynak"": ""BNB""}]","[{""usdt"": 11301152.0, ""borsa"": 3, ""fiyat"": 64025.0, ""kaynak"": ""BNB+BYB+OKX""}, {""usdt"": 10136040.0, ""borsa"": 3, ""fiyat"": 64050.0, ""kaynak"": ""BNB+BYB+OKX""}, {""usdt"": 9676983.0, ""borsa"": 1, ""fiyat"": 64100.0, ""kaynak"": ""BNB""}]",YOK,-0.132,0.0996,0.9324,1.7543,false,0,false,,0,1,3,0,0,3,46.4,47.5,IZLE,,25,63981.6,,,,,SEVIYE,60,2041.4,204,,,,,,,1785339540,1,0,,20,929.9,20,,,
31337,2026-07-29 15:44:05.85046+00,63950.75,-2186005.241040001,1798141.748,11598949081.9216,0.00008278,53946632.40500997,127.92280000000001,6.2,BEKLE,,127.92280000000001,0.0,1.4637,241.767,49872138.38311999,60.867,6.2,0.0,"[{""usdt"": 14802866.0, ""borsa"": 1, ""fiyat"": 63900.0, ""kaynak"": ""BNB""}, {""usdt"": 11745301.0, ""borsa"": 3, ""fiyat"": 63950.0, ""kaynak"": ""BNB+BYB+OKX""}, {""usdt"": 11689605.0, ""borsa"": 1, ""fiyat"": 63875.0, ""kaynak"": ""BNB""}]","[{""usdt"": 13355923.0, ""borsa"": 3, ""fiyat"": 64000.0, ""kaynak"": ""BNB+BYB+OKX""}, {""usdt"": 9646019.0, ""borsa"": 3, ""fiyat"": 63975.0, ""kaynak"": ""BNB+BYB+OKX""}, {""usdt"": 8416893.0, ""borsa"": 1, ""fiyat"": 64050.0, ""kaynak"": ""BNB""}]",YOK,-0.2412,0.0392,0.9882,1.6997,false,0,false,,0,2,3,0,1,3,43.3,44.4,IZLE,,25,63934.4,,,,,SEVIYE,70,1431.5,143,,,,,,,1785339540,1,1,,20,930.9,20,,,
31338,2026-07-29 15:45:06.381613+00,63944.55,-2651564.3481630953,1371785.136,11601334050.774002,0.00008278,55624993.601239964,0.0,9.1,BEKLE,,0.0,0.0,1.4637,302.669,51476840.771949954,60.902,0.0,9.1,"[{""usdt"": 14446100.0, ""borsa"": 3, ""fiyat"": 63950.0, ""kaynak"": ""BNB+BYB+OKX""}, {""usdt"": 13466874.0, ""borsa"": 1, ""fiyat"": 63900.0, ""kaynak"": ""BNB""}, {""usdt"": 11040405.0, ""borsa"": 2, ""fiyat"": 63925.0, ""kaynak"": ""BNB+BYB""}]","[{""usdt"": 14325727.0, ""borsa"": 3, ""fiyat"": 63975.0, ""kaynak"": ""BNB+BYB+OKX""}, {""usdt"": 11925606.0, ""borsa"": 3, ""fiyat"": 64000.0, ""kaynak"": ""BNB+BYB+OKX""}, {""usdt"": 9913749.0, ""borsa"": 1, ""fiyat"": 64050.0, ""kaynak"": ""BNB""}]",YOK,-0.3202,0.0387,0.9828,0.4176,false,,false,,0,3,3,1,1,3,40,41.1,IZLE,,25,63940.9,,,,,SEVIYE,65,1432.5,144,,,,,,,,,0,,22,931.9,22,,,
31339,2026-07-29 15:46:06.707517+00,63974.25,-4199090.652416698,459937.662,11595907702.6328,0.00008278,58628405.96607996,2877.7665,63.2,BEKLE,false,2877.7665,0.0,1.4637,363.045,48782038.44462999,60.376,63.2,0.0,"[{""usdt"": 16403785.0, ""borsa"": 3, ""fiyat"": 63925.0, ""kaynak"": ""BNB+BYB+OKX""}, {""usdt"": 13967332.0, ""borsa"": 1, ""fiyat"": 63900.0, ""kaynak"": ""BNB""}, {""usdt"": 11233620.0, ""borsa"": 1, ""fiyat"": 63850.0, ""kaynak"": ""BNB""}]","[{""usdt"": 11456375.0, ""borsa"": 3, ""fiyat"": 63975.0, ""kaynak"": ""BNB+BYB+OKX""}, {""usdt"": 11107019.0, ""borsa"": 3, ""fiyat"": 63950.0, ""kaynak"": ""BNB+BYB+OKX""}, {""usdt"": 9222852.0, ""borsa"": 1, ""fiyat"": 64025.0, ""kaynak"": ""BNB""}]",YOK,-0.3915,0.0917,0.5347,0.2223,false,1.9007,false,,0,3,3,0,0,3,36.5,37.6,IZLE,,25,63981.6,,,,,SEVIYE,60,2044.5,205,,,,,,,1785339900,2,0,,22,932.9,22,,,
31340,2026-07-29 15:47:08.259701+00,63967.75,-5473158.997559697,293765.515,11597924488.9204,0.00008278,55263106.83267999,7225.5184,68.2,BEKLE,false,7225.5184,0.0,1.4637,424.503,42982801.09949993,121.834,68.2,0.0,"[{""usdt"": 14691476.0, ""borsa"": 3, ""fiyat"": 63925.0, ""kaynak"": ""BNB+BYB+OKX""}, {""usdt"": 12132947.0, ""borsa"": 1, ""fiyat"": 63900.0, ""kaynak"": ""BNB""}, {""usdt"": 10143336.0, ""borsa"": 1, ""fiyat"": 63850.0, ""kaynak"": ""BNB""}]","[{""usdt"": 11386386.0, ""borsa"": 3, ""fiyat"": 63975.0, ""kaynak"": ""BNB+BYB+OKX""}, {""usdt"": 7251404.0, ""borsa"": 1, ""fiyat"": 64075.0, ""kaynak"": ""BNB""}, {""usdt"": 7008492.0, ""borsa"": 1, ""fiyat"": 64025.0, ""kaynak"": ""BNB""}]",YOK,-0.3322,0.125,0.6196,0.5332,false,2.236,false,,0,2,3,1,0,3,34.1,35.2,IZLE,,25,63981.6,,,,,SEVIYE,60,2045.5,205,,,,,,,1785339900,2,0,,22,933.9,22,,,
31341,2026-07-29 15:48:08.644261+00,63976.95,-5132620.468198797,489300.48300000007,11600389643.9441,0.00008278,57632195.78482991,7225.5184,76.8,BEKLE,false,7225.5184,0.0,1.4643,484.901,49006149.11784001,182.232,76.8,0.0,"[{""usdt"": 16310399.0, ""borsa"": 3, ""fiyat"": 63950.0, ""kaynak"": ""BNB+BYB+OKX""}, {""usdt"": 13665602.0, ""borsa"": 1, ""fiyat"": 63900.0, ""kaynak"": ""BNB""}, {""usdt"": 11609691.0, ""borsa"": 1, ""fiyat"": 63925.0, ""kaynak"": ""BNB""}]","[{""usdt"": 13785429.0, ""borsa"": 3, ""fiyat"": 64000.0, ""kaynak"": ""BNB+BYB+OKX""}, {""usdt"": 9262773.0, ""borsa"": 3, ""fiyat"": 63975.0, ""kaynak"": ""BNB+BYB+OKX""}, {""usdt"": 8130701.0, ""borsa"": 1, ""fiyat"": 64025.0, ""kaynak"": ""BNB""}]",YOK,-0.1969,0.0809,0.6074,0.0262,false,0.9692,false,,0,2,3,1,0,3,30.6,31.7,IZLE,,25,63981.6,,,,,SEVIYE,60,2046.5,205,,,,,,,1785339900,2,1,,22,934.9,22,,,
31342,2026-07-29 15:49:08.9109+00,63975.350000000006,-4712414.779880498,904382.388,11613580210.8721,0.00008278,53996654.48536001,7289.5369,66.6,BEKLE,,7225.5184,64.0185,1.4643,545.233,52387116.91340001,0,66.6,0.0,"[{""usdt"": 11990071.0, ""borsa"": 1, ""fiyat"": 63900.0, ""kaynak"": ""BNB""}, {""usdt"": 11432693.0, ""borsa"": 3, ""fiyat"": 63975.0, ""kaynak"": ""BNB+BYB+OKX""}, {""usdt"": 10233308.0, ""borsa"": 3, ""fiyat"": 64000.0, ""kaynak"": ""BNB+BYB+OKX""}]","[{""usdt"": 14846732.0, ""borsa"": 3, ""fiyat"": 64025.0, ""kaynak"": ""BNB+BYB+OKX""}, {""usdt"": 8783470.0, ""borsa"": 1, ""fiyat"": 64100.0, ""kaynak"": ""BNB""}, {""usdt"": 8489583.0, ""borsa"": 2, ""fiyat"": 64050.0, ""kaynak"": ""BNB+BYB""}]",YOK,-0.1736,0.0151,0.6462,0.4397,false,1.081,false,,0,1,3,0,1,3,27.2,28.2,IZLE,,25,63981.6,,,,,SEVIYE,60,2047.5,205,,,,,,,1785340080,2,0,,22,935.9,22,,,
31343,2026-07-29 15:50:09.271977+00,64008.05,-5038892.406061998,925195.648,11610641440.5729,0.00008278,59574555.03910997,6074.2947,56.0,BEKLE,false,6010.3126,63.9821,1.4643,605.468,44718079.00249001,0,56.0,0.0,"[{""usdt"": 13340743.0, ""borsa"": 1, ""fiyat"": 63900.0, ""kaynak"": ""BNB""}, {""usdt"": 11547263.0, ""borsa"": 1, ""fiyat"": 63925.0, ""kaynak"": ""BNB""}, {""usdt"": 10744007.0, ""borsa"": 1, ""fiyat"": 63875.0, ""kaynak"": ""BNB""}]","[{""usdt"": 12280404.0, ""borsa"": 3, ""fiyat"": 64025.0, ""kaynak"": ""BNB+BYB+OKX""}, {""usdt"": 8325411.0, ""borsa"": 3, ""fiyat"": 64000.0, ""kaynak"": ""BNB+BYB+OKX""}, {""usdt"": 8174093.0, ""borsa"": 1, ""fiyat"": 64050.0, ""kaynak"": ""BNB""}]",YOK,-0.1363,0.1424,0.7755,1.4416,false,1.0494,false,,0,1,3,1,0,3,23.5,24.6,IZLE,,25,64026.1,,,,,SEVIYE,50,2048.5,205,,,,,,,1785340080,2,0,,22,936.9,22,,,
31344,2026-07-29 15:51:09.57653+00,63988.649999999994,-1696911.1403013933,575761.507,11612236034.6818,0.00008278,56022173.032900006,63.9821,12.4,BEKLE,,0.0,63.9821,1.4612,665.873,47721261.01302995,0,0.0,12.4,"[{""usdt"": 13361577.0, ""borsa"": 3, ""fiyat"": 63975.0, ""kaynak"": ""BNB+BYB+OKX""}, {""usdt"": 13026865.0, ""borsa"": 1, ""fiyat"": 63900.0, ""kaynak"": ""BNB""}, {""usdt"": 10256798.0, ""borsa"": 1, ""fiyat"": 63925.0, ""kaynak"": ""BNB""}]","[{""usdt"": 14545729.0, ""borsa"": 3, ""fiyat"": 64025.0, ""kaynak"": ""BNB+BYB+OKX""}, {""usdt"": 9589631.0, ""borsa"": 1, ""fiyat"": 64075.0, ""kaynak"": ""BNB""}, {""usdt"": 9559346.0, ""borsa"": 3, ""fiyat"": 64000.0, ""kaynak"": ""BNB+BYB+OKX""}]",YOK,-0.0875,0.08,0.9332,0.3751,false,0.5494,false,,0,1,3,0,1,3,20,21.1,IZLE,,25,63981.6,,,,,SEVIYE,60,2049.5,205,,,,,,,1785340080,1,0,,22,937.9,22,,,
31345,2026-07-29 15:52:09.784801+00,63999.05,-1538370.1782765933,631990.85,11611270246.2784,0.00008278,55137367.63502002,63.9821,22.5,BEKLE,true,0.0,63.9821,1.4612,726.132,53698033.265600026,60.259,0.0,22.5,"[{""usdt"": 13938466.0, ""borsa"": 1, ""fiyat"": 63900.0, ""kaynak"": ""BNB""}, {""usdt"": 12258338.0, ""borsa"": 1, ""fiyat"": 63925.0, ""kaynak"": ""BNB""}, {""usdt"": 12142431.0, ""borsa"": 3, ""fiyat"": 63975.0, ""kaynak"": ""BNB+BYB+OKX""}]","[{""usdt"": 18773064.0, ""borsa"": 3, ""fiyat"": 64025.0, ""kaynak"": ""BNB+BYB+OKX""}, {""usdt"": 10051095.0, ""borsa"": 1, ""fiyat"": 64075.0, ""kaynak"": ""BNB""}, {""usdt"": 9459596.0, ""borsa"": 3, ""fiyat"": 64000.0, ""kaynak"": ""BNB+BYB+OKX""}]",YOK,-0.0419,0.0132,0.8826,0.4905,false,0.5534,false,,0,0,3,0,1,3,16.3,17.4,IZLE,,25,63981.6,,,,,SEVIYE,60,2050.5,205,,,,,,,1785340080,1,1,,22,938.9,22,,,
31346,2026-07-29 15:53:10.117369+00,63986.05,-1706168.8254158932,822205.345,11611191939.1677,0.00008278,60545706.97037002,63.9821,21.4,BEKLE,true,0.0,63.9821,1.4612,786.329,48858741.663959995,120.456,0.0,21.4,"[{""usdt"": 14080064.0, ""borsa"": 3, ""fiyat"": 63975.0, ""kaynak"": ""BNB+BYB+OKX""}, {""usdt"": 13716606.0, ""borsa"": 1, ""fiyat"": 63900.0, ""kaynak"": ""BNB""}, {""usdt"": 10262234.0, ""borsa"": 1, ""fiyat"": 63950.0, ""kaynak"": ""BNB""}]","[{""usdt"": 16951639.0, ""borsa"": 3, ""fiyat"": 64025.0, ""kaynak"": ""BNB+BYB+OKX""}, {""usdt"": 9096968.0, ""borsa"": 1, ""fiyat"": 64075.0, ""kaynak"": ""BNB""}, {""usdt"": 7875646.0, ""borsa"": 3, ""fiyat"": 64000.0, ""kaynak"": ""BNB+BYB+OKX""}]",YOK,0.0319,0.1068,0.8693,0.1613,false,0.3964,false,,1,0,3,0,0,3,12.6,13.7,IZLE,,25,63981.6,,,,,SEVIYE,60,2051.5,205,,,,,,,1785340080,1,2,,22,940.0,22,,,
31347,2026-07-29 15:54:10.667632+00,63946.25,-2951252.0266714934,709261.498,11604421621.9668,0.00008278,57428093.11519997,0.0,19.3,BEKLE,true,0.0,0.0,1.4612,846.704,48310608.049979985,60.375,19.3,0.0,"[{""usdt"": 16329339.0, ""borsa"": 3, ""fiyat"": 63925.0, ""kaynak"": ""BNB+BYB+OKX""}, {""usdt"": 12493167.0, ""borsa"": 1, ""fiyat"": 63900.0, ""kaynak"": ""BNB""}, {""usdt"": 11297316.0, ""borsa"": 1, ""fiyat"": 63850.0, ""kaynak"": ""BNB""}]","[{""usdt"": 13783261.0, ""borsa"": 3, ""fiyat"": 63975.0, ""kaynak"": ""BNB+BYB+OKX""}, {""usdt"": 8324354.0, ""borsa"": 1, ""fiyat"": 64000.0, ""kaynak"": ""BNB""}, {""usdt"": 7513157.0, ""borsa"": 1, ""fiyat"": 64050.0, ""kaynak"": ""BNB""}]",YOK,-0.181,0.0862,0.8536,0.9853,false,0.462,false,,0,2,3,0,0,3,8.8,9.9,IZLE,,25,63940.9,,,,,SEVIYE,65,1441.6,144,,,,,,,,,0,,22,941.0,22,,,
31348,2026-07-29 15:55:11.050475+00,63926.149999999994,-2757549.194264797,850086.664,11595601479.578001,0.00008278,57610192.06081996,8631.019400000001,10.0,BEKLE,true,8631.019400000001,0.0,1.4612,907.392,45781635.847630024,60.688,10.0,0.0,"[{""usdt"": 16040583.0, ""borsa"": 3, ""fiyat"": 63900.0, ""kaynak"": ""BNB+BYB+OKX""}, {""usdt"": 12548008.0, ""borsa"": 3, ""fiyat"": 63925.0, ""kaynak"": ""BNB+BYB+OKX""}, {""usdt"": 9783756.0, ""borsa"": 1, ""fiyat"": 63850.0, ""kaynak"": ""BNB""}]","[{""usdt"": 17231138.0, ""borsa"": 3, ""fiyat"": 63950.0, ""kaynak"": ""BNB+BYB+OKX""}, {""usdt"": 8783966.0, ""borsa"": 1, ""fiyat"": 64000.0, ""kaynak"": ""BNB""}, {""usdt"": 6992175.0, ""borsa"": 2, ""fiyat"": 63975.0, ""kaynak"": ""BNB+BYB""}]",YOK,-0.1615,0.1144,0.9487,2.5676,false,0.1538,false,,0,2,3,0,0,3,5.2,6.7,IZLE,,25,63946.6,,,,,SEVIYE,70,1442.6,145,,,,,,,1785340440,1,0,,20,942.0,20,,,
31349,2026-07-29 15:56:11.355755+00,63914.75,-2365179.247507807,-540864.8760000002,11595607178.9096,0.00008278,58076992.584920034,157002.15660000002,47.2,BEKLE,true,157002.15660000002,0.0,1.4612,120.916,45591454.209629975,0,47.2,0.0,"[{""usdt"": 13233672.0, ""borsa"": 1, ""fiyat"": 63800.0, ""kaynak"": ""BNB""}, {""usdt"": 9989658.0, ""borsa"": 1, ""fiyat"": 63825.0, ""kaynak"": ""BNB""}, {""usdt"": 9643356.0, ""borsa"": 1, ""fiyat"": 63850.0, ""kaynak"": ""BNB""}]","[{""usdt"": 14925247.0, ""borsa"": 3, ""fiyat"": 63950.0, ""kaynak"": ""BNB+BYB+OKX""}, {""usdt"": 8915293.0, ""borsa"": 3, ""fiyat"": 63925.0, ""kaynak"": ""BNB+BYB+OKX""}, {""usdt"": 7276553.0, ""borsa"": 1, ""fiyat"": 64025.0, ""kaynak"": ""BNB""}]",YOK,-0.1566,0.1204,0.2672,2.2286,false,0.3539,false,,0,2,3,0,0,3,1.6,63.4,IZLE,,50,63897.4,,,,,SEVIYE+TASFIYE,50,1323.5,133,,,,,,,1785340500,3,0,,20,943.0,20,,,
31350,2026-07-29 15:57:13.401631+00,63908.649999999994,-2653515.1810088158,-568707.0410000001,11596842349.727798,0.00008278,57187157.609309986,156985.64030000003,50.6,BEKLE,true,156985.64030000003,0.0,1.4624,182.827,47175733.33475998,0,50.6,0.0,"[{""usdt"": 13658085.0, ""borsa"": 3, ""fiyat"": 63900.0, ""kaynak"": ""BNB+BYB+OKX""}, {""usdt"": 12921543.0, ""borsa"": 1, ""fiyat"": 63825.0, ""kaynak"": ""BNB""}, {""usdt"": 11011876.0, ""borsa"": 1, ""fiyat"": 63850.0, ""kaynak"": ""BNB""}]","[{""usdt"": 11774788.0, ""borsa"": 3, ""fiyat"": 63925.0, ""kaynak"": ""BNB+BYB+OKX""}, {""usdt"": 10443059.0, ""borsa"": 3, ""fiyat"": 63950.0, ""kaynak"": ""BNB+BYB+OKX""}, {""usdt"": 8724849.0, ""borsa"": 1, ""fiyat"": 63975.0, ""kaynak"": ""BNB""}]",YOK,-0.1566,0.0959,0.3614,2.209,false,0.369,false,,0,2,3,1,0,3,63.5,62,IZLE,,50,63897.4,,,,,SEVIYE+TASFIYE,50,1324.5,133,,,,,,,1785340500,3,0,,20,944.0,20,,,
31351,2026-07-29 15:58:13.653121+00,63912.25,-2710756.7814194174,-528370.4770000001,11597111583.512001,0.00008278,56096068.90589999,156985.64030000003,54.6,BEKLE,true,156985.64030000003,0.0,1.4624,243.295,48708686.557269976,60.468,54.6,0.0,"[{""usdt"": 13602295.0, ""borsa"": 3, ""fiyat"": 63875.0, ""kaynak"": ""BNB+BYB+OKX""}, {""usdt"": 12921543.0, ""borsa"": 1, ""fiyat"": 63825.0, ""kaynak"": ""BNB""}, {""usdt"": 11011876.0, ""borsa"": 1, ""fiyat"": 63850.0, ""kaynak"": ""BNB""}]","[{""usdt"": 15253481.0, ""borsa"": 3, ""fiyat"": 63925.0, ""kaynak"": ""BNB+BYB+OKX""}, {""usdt"": 8724849.0, ""borsa"": 1, ""fiyat"": 63975.0, ""kaynak"": ""BNB""}, {""usdt"": 7023881.0, ""borsa"": 1, ""fiyat"": 63950.0, ""kaynak"": ""BNB""}]",YOK,-0.2117,0.0705,0.3119,1.7279,false,0.3714,false,,0,2,3,0,0,3,60.1,61.2,IZLE,,50,63897.4,,,,,SEVIYE+TASFIYE,50,1325.5,133,,,,,,,1785340500,3,1,,20,945.0,20,,,
31352,2026-07-29 15:59:14.171762+00,63939.95,-2303664.482274822,-109247.27600000004,11599599760.946,0.00008278,55408813.60687005,156537.95530000003,35.6,BEKLE,true,156537.95530000003,0.0,1.4624,303.696,53747838.180199996,120.869,35.6,0.0,"[{""usdt"": 15603790.0, ""borsa"": 3, ""fiyat"": 63875.0, ""kaynak"": ""BNB+BYB+OKX""}, {""usdt"": 12991353.0, ""borsa"": 1, ""fiyat"": 63800.0, ""kaynak"": ""BNB""}, {""usdt"": 9416548.0, ""borsa"": 1, ""fiyat"": 63850.0, ""kaynak"": ""BNB""}]","[{""usdt"": 20099432.0, ""borsa"": 3, ""fiyat"": 63925.0, ""kaynak"": ""BNB+BYB+OKX""}, {""usdt"": 8727779.0, ""borsa"": 1, ""fiyat"": 64000.0, ""kaynak"": ""BNB""}, {""usdt"": 7507113.0, ""borsa"": 1, ""fiyat"": 63975.0, ""kaynak"": ""BNB""}]",YOK,-0.2014,0.0152,0.3253,0.2388,false,0.2235,false,,0,2,3,0,0,3,56.7,57.7,IZLE,,25,63946.6,,,,,SEVIYE,70,1446.7,145,,,,,,,1785340500,3,0,,20,946.0,20,,,
31353,2026-07-29 16:00:14.579078+00,63952.350000000006,-1692908.235902723,-725163.8709999999,11603566973.3236,0.00008868,53639609.28095997,0.0,69.6,BEKLE,false,0.0,0.0,1.4624,364.038,53582251.25822005,60.342,69.6,0.0,"[{""usdt"": 15888974.0, ""borsa"": 3, ""fiyat"": 63925.0, ""kaynak"": ""BNB+BYB+OKX""}, {""usdt"": 10071271.0, ""borsa"": 1, ""fiyat"": 63875.0, ""kaynak"": ""BNB""}, {""usdt"": 8742669.0, ""borsa"": 1, ""fiyat"": 63850.0, ""kaynak"": ""BNB""}]","[{""usdt"": 13946401.0, ""borsa"": 3, ""fiyat"": 63950.0, ""kaynak"": ""BNB+BYB+OKX""}, {""usdt"": 11313704.0, ""borsa"": 3, ""fiyat"": 63975.0, ""kaynak"": ""BNB+BYB+OKX""}, {""usdt"": 9752349.0, ""borsa"": 1, ""fiyat"": 64000.0, ""kaynak"": ""BNB""}]",YOK,-0.02,0.0005,0.2917,0.5419,false,0.2406,false,,1,0,3,2,0,3,53.2,54.2,IZLE,,25,63946.6,,,,,SEVIYE,70,1447.7,145,PCT,0.56,0.006450918882223035,21.72884323427922,false,0.007,,,0,,20,947.0,20,,,
31354,2026-07-29 16:01:16.132579+00,63943.45,-2163717.762882423,-606998.169,11608051231.6268,0.00008868,52636726.826189995,0.0,14.5,BEKLE,false,0.0,0.0,1.4624,425.781,46433771.26285003,61.743,14.5,0.0,"[{""usdt"": 13032687.0, ""borsa"": 3, ""fiyat"": 63950.0, ""kaynak"": ""BNB+BYB+OKX""}, {""usdt"": 11396764.0, ""borsa"": 1, ""fiyat"": 63850.0, ""kaynak"": ""BNB""}, {""usdt"": 10508278.0, ""borsa"": 3, ""fiyat"": 63925.0, ""kaynak"": ""BNB+BYB+OKX""}]","[{""usdt"": 15037041.0, ""borsa"": 3, ""fiyat"": 63975.0, ""kaynak"": ""BNB+BYB+OKX""}, {""usdt"": 8298724.0, ""borsa"": 1, ""fiyat"": 64000.0, ""kaynak"": ""BNB""}, {""usdt"": 7295254.0, ""borsa"": 1, ""fiyat"": 64025.0, ""kaynak"": ""BNB""}]",YOK,-0.0565,0.0626,,,false,0.5383,false,0.8929,0,1,3,2,0,3,51.1,52.1,IZLE,,25,63946.6,,,,,SEVIYE,70,1448.7,145,,,,,,,,,0,,20,948.1,20,,,
31355,2026-07-29 16:02:16.559333+00,63882.25,-2366460.235917824,-2591573.1730000004,11600453813.7839,0.00008868,49760264.80256,0.0,57.3,BEKLE,true,0.0,0.0,1.4624,485.978,53608033.59933002,121.94,57.3,0.0,"[{""usdt"": 15800506.0, ""borsa"": 3, ""fiyat"": 63900.0, ""kaynak"": ""BNB+BYB+OKX""}, {""usdt"": 11274383.0, ""borsa"": 1, ""fiyat"": 63850.0, ""kaynak"": ""BNB""}, {""usdt"": 9518764.0, ""borsa"": 1, ""fiyat"": 63825.0, ""kaynak"": ""BNB""}]","[{""usdt"": 13121508.0, ""borsa"": 3, ""fiyat"": 63950.0, ""kaynak"": ""BNB+BYB+OKX""}, {""usdt"": 9189623.0, ""borsa"": 1, ""fiyat"": 64025.0, ""kaynak"": ""BNB""}, {""usdt"": 8922339.0, ""borsa"": 3, ""fiyat"": 63925.0, ""kaynak"": ""BNB+BYB+OKX""}]",YOK,-0.1362,-0.0372,0.0796,0.5527,false,2.4201,true,0.4496,0,1,3,0,1,3,47.4,48.5,IZLE,,25,63897.4,,,,,SEVIYE,50,1329.6,133,,,,,,,,,0,,20,949.1,20,,,
31356,2026-07-29 16:03:16.89697+00,63908.95,-2961057.2165382253,-2634188.039,11600127148.1175,0.00008868,58896729.27208998,3387.8819000000003,89.2,BEKLE,,3387.8819000000003,0.0,1.4606,546.497,54592911.36098007,182.459,89.2,0.0,"[{""usdt"": 12096162.0, ""borsa"": 1, ""fiyat"": 63800.0, ""kaynak"": ""BNB""}, {""usdt"": 11341689.0, ""borsa"": 3, ""fiyat"": 63900.0, ""kaynak"": ""BNB+BYB+OKX""}, {""usdt"": 10159392.0, ""borsa"": 1, ""fiyat"": 63850.0, ""kaynak"": ""BNB""}]","[{""usdt"": 18756722.0, ""borsa"": 3, ""fiyat"": 63925.0, ""kaynak"": ""BNB+BYB+OKX""}, {""usdt"": 11093269.0, ""borsa"": 1, ""fiyat"": 64000.0, ""kaynak"": ""BNB""}, {""usdt"": 9130706.0, ""borsa"": 1, ""fiyat"": 63975.0, ""kaynak"": ""BNB""}]",YOK,-0.1566,0.0379,0.0675,0.0672,false,4.0677,true,0.2509,0,1,3,2,0,3,44,45.1,HAZIRLAN,SHORT,50,63897.4,63897.4,63000,63954.1,20.13,SEVIYE+EMILIM,50,1330.6,133,,,,,,,1785340920,1,0,0.26,20,950.1,20,,,
31357,2026-07-29 16:04:17.18068+00,63894.350000000006,-3143175.1521788267,-2735155.741,11596829786.8841,0.00008868,50290972.565540016,3387.8819000000003,84.9,BEKLE,,3387.8819000000003,0.0,1.4606,606.825,48089929.00901998,242.787,84.9,0.0,"[{""usdt"": 15634729.0, ""borsa"": 3, ""fiyat"": 63900.0, ""kaynak"": ""BNB+BYB+OKX""}, {""usdt"": 9864195.0, ""borsa"": 1, ""fiyat"": 63850.0, ""kaynak"": ""BNB""}, {""usdt"": 9383351.0, ""borsa"": 1, ""fiyat"": 63875.0, ""kaynak"": ""BNB""}]","[{""usdt"": 12465912.0, ""borsa"": 1, ""fiyat"": 64000.0, ""kaynak"": ""BNB""}, {""usdt"": 11805227.0, ""borsa"": 3, ""fiyat"": 63950.0, ""kaynak"": ""BNB+BYB+OKX""}, {""usdt"": 8552701.0, ""borsa"": 3, ""fiyat"": 63925.0, ""kaynak"": ""BNB+BYB+OKX""}]",YOK,-0.1256,0.0224,0.1631,0.6684,false,,true,0.2197,0,2,3,0,0,3,40.4,41.5,IZLE,,25,63897.4,,,,,SEVIYE,50,1331.6,133,,,,,,,1785340920,1,1,,20,951.1,20,,,
31358,2026-07-29 16:05:17.652633+00,63893.75,-2148756.972784121,-3298516.127,11592546854.4214,0.00008649800000000001,53916027.12824003,3387.8819000000003,74.6,BEKLE,true,3387.8819000000003,0.0,1.4606,667.188,53910335.61435001,303.15,74.6,0.0,"[{""usdt"": 14511032.0, ""borsa"": 3, ""fiyat"": 63875.0, ""kaynak"": ""BNB+BYB+OKX""}, {""usdt"": 10880882.0, ""borsa"": 1, ""fiyat"": 63825.0, ""kaynak"": ""BNB""}, {""usdt"": 10277035.0, ""borsa"": 1, ""fiyat"": 63800.0, ""kaynak"": ""BNB""}]","[{""usdt"": 15304880.0, ""borsa"": 3, ""fiyat"": 63900.0, ""kaynak"": ""BNB+BYB+OKX""}, {""usdt"": 11338281.0, ""borsa"": 3, ""fiyat"": 63925.0, ""kaynak"": ""BNB+BYB+OKX""}, {""usdt"": 11104201.0, ""borsa"": 1, ""fiyat"": 64000.0, ""kaynak"": ""BNB""}]",YOK,-0.2082,0.0001,0.0979,0.948,false,,true,0,0,2,3,0,1,3,36.9,38,HAZIRLAN,SHORT,50,63897.4,63851.8,63715.9,63904.9,15.93,SEVIYE+EMILIM,50,1332.6,134,,,,,,,1785340920,1,2,3.76,20,952.1,20,,,
31359,2026-07-29 16:06:18.204354+00,63942.05,1237231.0092695793,-1177688.974,11603027933.1154,0.00008649800000000001,50965606.533479996,3387.8819000000003,32.3,BEKLE,true,3387.8819000000003,0.0,1.4576,727.569,52494316.93427997,363.531,32.3,0.0,"[{""usdt"": 12092057.0, ""borsa"": 1, ""fiyat"": 63800.0, ""kaynak"": ""BNB""}, {""usdt"": 10201054.0, ""borsa"": 1, ""fiyat"": 63825.0, ""kaynak"": ""BNB""}, {""usdt"": 9913992.0, ""borsa"": 3, ""fiyat"": 63900.0, ""kaynak"": ""BNB+BYB+OKX""}]","[{""usdt"": 16142434.0, ""borsa"": 3, ""fiyat"": 63925.0, ""kaynak"": ""BNB+BYB+OKX""}, {""usdt"": 10224527.0, ""borsa"": 1, ""fiyat"": 63975.0, ""kaynak"": ""BNB""}, {""usdt"": 9857429.0, ""borsa"": 1, ""fiyat"": 64000.0, ""kaynak"": ""BNB""}]",YOK,-0.1644,-0.0148,0.785,0.0243,false,,true,0.1954,0,2,3,0,2,3,33.4,34.5,HAZIRLAN,SHORT,50,63950.6,63897.4,63715.9,63958.1,14.08,SEVIYE+EMILIM,70,1453.7,146,,,,,,,1785340920,1,3,2.78,20,953.1,20,,,
31360,2026-07-29 16:07:18.501302+00,63942.05,1389700.9615876812,-1039942.9389999998,11601115471.211,0.00008649800000000001,54112677.91407996,0.0,44.2,BEKLE,false,0.0,0.0,1.4576,788.096,52219637.31449001,424.058,0.0,44.2,"[{""usdt"": 16070410.0, ""borsa"": 3, ""fiyat"": 63900.0, ""kaynak"": ""BNB+BYB+OKX""}, {""usdt"": 11307959.0, ""borsa"": 1, ""fiyat"": 63825.0, ""kaynak"": ""BNB""}, {""usdt"": 8634033.0, ""borsa"": 1, ""fiyat"": 63800.0, ""kaynak"": ""BNB""}]","[{""usdt"": 15296728.0, ""borsa"": 3, ""fiyat"": 63950.0, ""kaynak"": ""BNB+BYB+OKX""}, {""usdt"": 11147295.0, ""borsa"": 1, ""fiyat"": 64000.0, ""kaynak"": ""BNB""}, {""usdt"": 10907303.0, ""borsa"": 3, ""fiyat"": 63925.0, ""kaynak"": ""BNB+BYB+OKX""}]",YOK,-0.1347,0.0178,0.5973,0.717,false,,true,0.1939,0,1,3,1,0,3,30.1,31.2,IZLE,,25,63950.6,,,,,SEVIYE,70,1454.7,146,,,,,,,,,0,,20,954.1,20,,,
31361,2026-07-29 16:08:18.943451+00,63929.55,1389700.9615876812,-1039942.9389999998,11601115471.211,0.00008649800000000001,53514334.10752,0.0,47.0,BEKLE,false,0.0,0.0,1.4576,848.379,47395295.81830004,484.341,0.0,47.0,"[{""usdt"": 12870136.0, ""borsa"": 3, ""fiyat"": 63950.0, ""kaynak"": ""BNB+BYB+OKX""}, {""usdt"": 11726743.0, ""borsa"": 3, ""fiyat"": 63925.0, ""kaynak"": ""BNB+BYB+OKX""}, {""usdt"": 11319432.0, ""borsa"": 1, ""fiyat"": 63875.0, ""kaynak"": ""BNB""}]","[{""usdt"": 14340995.0, ""borsa"": 3, ""fiyat"": 63975.0, ""kaynak"": ""BNB+BYB+OKX""}, {""usdt"": 9496473.0, ""borsa"": 1, ""fiyat"": 64050.0, ""kaynak"": ""BNB""}, {""usdt"": 9195680.0, ""borsa"": 2, ""fiyat"": 64000.0, ""kaynak"": ""BNB+BYB""}]",YOK,-0.1072,0.0606,0.6258,0.2233,false,,true,0.3108,0,0,3,1,0,3,26.2,27.3,IZLE,,25,63950.6,,,,,SEVIYE,70,1455.8,146,,,,,,,,,0,,20,955.1,20,,,
31362,2026-07-29 16:09:19.303036+00,63957.95,745578.9058581842,-1630684.9889999998,11597788679.924198,0.00008649800000000001,46800033.51170999,0.0,37.2,BEKLE,false,0.0,0.0,1.4576,908.856,55573537.602960035,544.818,0.0,37.2,"[{""usdt"": 11531550.0, ""borsa"": 1, ""fiyat"": 63850.0, ""kaynak"": ""BNB""}, {""usdt"": 11352187.0, ""borsa"": 3, ""fiyat"": 63950.0, ""kaynak"": ""BNB+BYB+OKX""}, {""usdt"": 9691376.0, ""borsa"": 1, ""fiyat"": 63875.0, ""kaynak"": ""BNB""}]","[{""usdt"": 22054977.0, ""borsa"": 3, ""fiyat"": 63975.0, ""kaynak"": ""BNB+BYB+OKX""}, {""usdt"": 8450590.0, ""borsa"": 2, ""fiyat"": 64000.0, ""kaynak"": ""BNB+BYB""}, {""usdt"": 8237493.0, ""borsa"": 1, ""fiyat"": 64075.0, ""kaynak"": ""BNB""}]",YOK,-0.0881,-0.0857,0.6833,0.8424,false,,true,0.2791,0,0,3,0,0,3,22.8,23.9,IZLE,,25,63950.6,,,,,SEVIYE,70,1456.8,146,,,,,,,,,0,,20,956.1,20,,,
31363,2026-07-29 16:10:19.603033+00,63973.75,1000130.0503258766,-1631062.3769999999,11605053341.3271,0.00008649800000000001,49540793.65075997,0.0,42.0,BEKLE,false,0.0,0.0,1.4576,969.2,50537695.83261999,605.162,0.0,42.0,"[{""usdt"": 11897209.0, ""borsa"": 3, ""fiyat"": 63950.0, ""kaynak"": ""BNB+BYB+OKX""}, {""usdt"": 11747865.0, ""borsa"": 1, ""fiyat"": 63850.0, ""kaynak"": ""BNB""}, {""usdt"": 9283491.0, ""borsa"": 1, ""fiyat"": 63875.0, ""kaynak"": ""BNB""}]","[{""usdt"": 14792197.0, ""borsa"": 3, ""fiyat"": 64000.0, ""kaynak"": ""BNB+BYB+OKX""}, {""usdt"": 11550169.0, ""borsa"": 3, ""fiyat"": 63975.0, ""kaynak"": ""BNB+BYB+OKX""}, {""usdt"": 8462680.0, ""borsa"": 1, ""fiyat"": 64075.0, ""kaynak"": ""BNB""}]",YOK,-0.095,-0.01,0.5364,1.0273,false,,true,0.2681,0,1,3,0,0,3,19.3,20.4,IZLE,,25,63950.6,,,,,SEVIYE,70,1457.8,146,,,,,,,,,0,,20,957.1,20,,,
31364,2026-07-29 16:11:19.927569+00,63968.75,1854395.0457138927,-398258.705,11606056881.6554,0.00008649800000000001,45214370.08383998,0.0,34.9,BEKLE,false,0.0,0.0,1.4576,0,47742432.403250016,665.444,0.0,34.9,"[{""usdt"": 11743826.0, ""borsa"": 3, ""fiyat"": 63975.0, ""kaynak"": ""BNB+BYB+OKX""}, {""usdt"": 10511332.0, ""borsa"": 3, ""fiyat"": 63950.0, ""kaynak"": ""BNB+BYB+OKX""}, {""usdt"": 8865495.0, ""borsa"": 1, ""fiyat"": 63900.0, ""kaynak"": ""BNB""}]","[{""usdt"": 17355003.0, ""borsa"": 3, ""fiyat"": 64000.0, ""kaynak"": ""BNB+BYB+OKX""}, {""usdt"": 10936409.0, ""borsa"": 1, ""fiyat"": 64025.0, ""kaynak"": ""BNB""}, {""usdt"": 6897402.0, ""borsa"": 1, ""fiyat"": 64075.0, ""kaynak"": ""BNB""}]",YOK,-0.0648,-0.0272,0.3267,1.0646,false,,true,0.4799,0,0,3,0,0,3,15.7,16.8,IZLE,,25,63950.6,,,,,SEVIYE,70,1458.8,146,,,,,,,,,0,,20,958.1,20,,,
31365,2026-07-29 16:12:20.43625+00,63952.75,2154571.0137859927,-331095.90200000023,11602035509.475399,0.00008649800000000001,47524898.25398002,0.0,40.2,BEKLE,,0.0,0.0,1.4594,0,50708677.64201992,725.768,0.0,40.2,"[{""usdt"": 11771810.0, ""borsa"": 3, ""fiyat"": 63950.0, ""kaynak"": ""BNB+BYB+OKX""}, {""usdt"": 10500675.0, ""borsa"": 1, ""fiyat"": 63850.0, ""kaynak"": ""BNB""}, {""usdt"": 9128980.0, ""borsa"": 1, ""fiyat"": 63875.0, ""kaynak"": ""BNB""}]","[{""usdt"": 16733139.0, ""borsa"": 3, ""fiyat"": 63975.0, ""kaynak"": ""BNB+BYB+OKX""}, {""usdt"": 11731924.0, ""borsa"": 3, ""fiyat"": 64000.0, ""kaynak"": ""BNB+BYB+OKX""}, {""usdt"": 10621482.0, ""borsa"": 1, ""fiyat"": 64050.0, ""kaynak"": ""BNB""}]",YOK,0.0017,-0.0324,0.398,0.4194,false,,true,0.4892,1,0,3,0,1,3,12.2,13.3,IZLE,,25,63950.6,,,,,SEVIYE,70,1459.8,146,,,,,,,,,0,,20,959.1,20,,,
31366,2026-07-29 16:13:20.763238+00,63958.95,2110186.1921730926,-268148.4659999999,11597838489.2594,0.00008649800000000001,50559483.91252002,0.0,36.2,BEKLE,false,0.0,0.0,1.4594,60.607,49991750.90797998,786.375,0.0,36.2,"[{""usdt"": 11749813.0, ""borsa"": 1, ""fiyat"": 63850.0, ""kaynak"": ""BNB""}, {""usdt"": 11030191.0, ""borsa"": 3, ""fiyat"": 63925.0, ""kaynak"": ""BNB+BYB+OKX""}, {""usdt"": 10611510.0, ""borsa"": 1, ""fiyat"": 63875.0, ""kaynak"": ""BNB""}]","[{""usdt"": 14099906.0, ""borsa"": 3, ""fiyat"": 63975.0, ""kaynak"": ""BNB+BYB+OKX""}, {""usdt"": 12042263.0, ""borsa"": 1, ""fiyat"": 64050.0, ""kaynak"": ""BNB""}, {""usdt"": 9777024.0, ""borsa"": 1, ""fiyat"": 64000.0, ""kaynak"": ""BNB""}]",YOK,-0.0608,0.0056,0.3639,1.1187,false,,true,0.4636,0,0,3,0,0,3,8.9,10,IZLE,,25,63950.6,,,,,SEVIYE,70,1460.8,146,,,,,,,,,0,,20,960.1,20,,,
31367,2026-07-29 16:14:21.12217+00,63951.45,2283973.070519791,-1002215.2900000002,11598584431.5609,0.00008649800000000001,48365015.32809003,9528.2222,31.5,BEKLE,,9528.2222,0.0,1.4594,120.817,47435211.63992999,846.585,0.0,31.5,"[{""usdt"": 12700608.0, ""borsa"": 3, ""fiyat"": 63925.0, ""kaynak"": ""BNB+BYB+OKX""}, {""usdt"": 12046793.0, ""borsa"": 1, ""fiyat"": 63850.0, ""kaynak"": ""BNB""}, {""usdt"": 9924602.0, ""borsa"": 1, ""fiyat"": 63875.0, ""kaynak"": ""BNB""}]","[{""usdt"": 12626805.0, ""borsa"": 3, ""fiyat"": 63975.0, ""kaynak"": ""BNB+BYB+OKX""}, {""usdt"": 11016786.0, ""borsa"": 1, ""fiyat"": 64050.0, ""kaynak"": ""BNB""}, {""usdt"": 8873195.0, ""borsa"": 1, ""fiyat"": 64000.0, ""kaynak"": ""BNB""}]",YOK,-0.091,0.0097,0.6,0.1909,false,,true,0.4416,0,0,3,0,0,3,5.3,6.4,IZLE,,25,63950.6,,,,,SEVIYE,70,1461.8,146,,,,,,,1785341520,1,0,,20,961.1,20,,,
31368,2026-07-29 16:15:21.461599+00,63951.350000000006,2266288.4555018875,90650.10900000004,11597116339.7102,0.00008649800000000001,49527779.58539004,11062.9552,56.3,BEKLE,false,11062.9552,0.0,1.4594,181.164,47215799.11722997,906.932,0.0,56.3,"[{""usdt"": 11253362.0, ""borsa"": 3, ""fiyat"": 63925.0, ""kaynak"": ""BNB+BYB+OKX""}, {""usdt"": 11038592.0, ""borsa"": 1, ""fiyat"": 63850.0, ""kaynak"": ""BNB""}, {""usdt"": 7235250.0, ""borsa"": 1, ""fiyat"": 63900.0, ""kaynak"": ""BNB""}]","[{""usdt"": 13234686.0, ""borsa"": 3, ""fiyat"": 63975.0, ""kaynak"": ""BNB+BYB+OKX""}, {""usdt"": 9999515.0, ""borsa"": 1, ""fiyat"": 64050.0, ""kaynak"": ""BNB""}, {""usdt"": 9233251.0, ""borsa"": 1, ""fiyat"": 64000.0, ""kaynak"": ""BNB""}]",YOK,-0.0829,0.0239,0.3113,0.412,false,0,false,1.346,0,0,3,0,0,3,1.2,64.2,IZLE,,25,63948.8,,,,,SEVIYE,70,1462.8,147,,,,,,,1785341640,2,0,,22,701.8,22,,,
31369,2026-07-29 16:16:21.76587+00,63961.45,3707903.63466179,1331199.356,11597930605.2808,0.00008649800000000001,52891871.75249004,11062.6679,57.0,BEKLE,,11062.6679,0.0,1.4594,241.563,47639066.86681996,967.331,0.0,57.0,"[{""usdt"": 13255345.0, ""borsa"": 3, ""fiyat"": 63925.0, ""kaynak"": ""BNB+BYB+OKX""}, {""usdt"": 11038592.0, ""borsa"": 1, ""fiyat"": 63850.0, ""kaynak"": ""BNB""}, {""usdt"": 7659598.0, ""borsa"": 3, ""fiyat"": 63950.0, ""kaynak"": ""BNB+BYB+OKX""}]","[{""usdt"": 14197543.0, ""borsa"": 3, ""fiyat"": 63975.0, ""kaynak"": ""BNB+BYB+OKX""}, {""usdt"": 9999515.0, ""borsa"": 1, ""fiyat"": 64050.0, ""kaynak"": ""BNB""}, {""usdt"": 9233251.0, ""borsa"": 1, ""fiyat"": 64000.0, ""kaynak"": ""BNB""}]",YOK,-0.0829,0.0523,0.3971,0.117,true,0,false,4.8826,0,0,3,1,0,3,61.6,63.2,IZLE,,25,63948.8,,,,,SEVIYE,70,1463.8,147,,,,,,,1785341640,2,0,,22,702.8,22,,,
31370,2026-07-29 16:17:22.642192+00,63933.55,3908206.703305289,1358812.5409999997,11600595127.4691,0.00008649800000000001,46315207.86453,11126.6327,52.0,BEKLE,true,11126.6327,0.0,1.4594,302.403,41014204.12414998,1028.171,0.0,52.0,"[{""usdt"": 12003247.0, ""borsa"": 3, ""fiyat"": 63950.0, ""kaynak"": ""BNB+BYB+OKX""}, {""usdt"": 9478880.0, ""borsa"": 1, ""fiyat"": 63850.0, ""kaynak"": ""BNB""}, {""usdt"": 7449585.0, ""borsa"": 1, ""fiyat"": 63875.0, ""kaynak"": ""BNB""}]","[{""usdt"": 11001391.0, ""borsa"": 3, ""fiyat"": 64000.0, ""kaynak"": ""BNB+BYB+OKX""}, {""usdt"": 10082583.0, ""borsa"": 3, ""fiyat"": 63975.0, ""kaynak"": ""BNB+BYB+OKX""}, {""usdt"": 6668869.0, ""borsa"": 1, ""fiyat"": 64075.0, ""kaynak"": ""BNB""}]",YOK,-0.0679,0.0607,0.3894,0.3191,false,0,false,6.1557,0,0,3,1,0,3,58.5,59.6,IZLE,,25,63948.8,,,,,SEVIYE,70,1464.8,147,,,,,,,1785341760,2,0,,22,703.8,22,,,
31371,2026-07-29 16:18:22.958258+00,63905.850000000006,3705542.68154629,1154021.6739999999,11597806355.9312,0.00008649800000000001,50306011.74947003,1598.3801000000003,58.1,BEKLE,false,1598.3801000000003,0.0,1.4624,362.698,51857185.89520002,1088.466,0.0,58.1,"[{""usdt"": 13104096.0, ""borsa"": 3, ""fiyat"": 63925.0, ""kaynak"": ""BNB+BYB+OKX""}, {""usdt"": 10960347.0, ""borsa"": 1, ""fiyat"": 63850.0, ""kaynak"": ""BNB""}, {""usdt"": 9059684.0, ""borsa"": 1, ""fiyat"": 63825.0, ""kaynak"": ""BNB""}]","[{""usdt"": 17364739.0, ""borsa"": 3, ""fiyat"": 63950.0, ""kaynak"": ""BNB+BYB+OKX""}, {""usdt"": 9621481.0, ""borsa"": 3, ""fiyat"": 63975.0, ""kaynak"": ""BNB+BYB+OKX""}, {""usdt"": 9262921.0, ""borsa"": 1, ""fiyat"": 64025.0, ""kaynak"": ""BNB""}]",YOK,-0.0915,-0.0152,0.4081,1.0165,false,0,false,5.0056,0,1,3,0,1,3,55,56,IZLE,,25,63897.4,,,,,SEVIYE,50,1345.7,135,,,,,,,1785341760,2,0,,22,704.8,22,,,
31372,2026-07-29 16:19:23.242703+00,63934.649999999994,3767490.7046467927,960150.2770000001,11590968160.0643,0.00008649800000000001,55759303.69896003,1150.7070000000003,61.2,BEKLE,true,1150.7070000000003,0.0,1.4624,423.047,49090019.678289995,1148.815,0.0,61.2,"[{""usdt"": 13455709.0, ""borsa"": 1, ""fiyat"": 63800.0, ""kaynak"": ""BNB""}, {""usdt"": 11863465.0, ""borsa"": 1, ""fiyat"": 63825.0, ""kaynak"": ""BNB""}, {""usdt"": 10203410.0, ""borsa"": 3, ""fiyat"": 63875.0, ""kaynak"": ""BNB+BYB+OKX""}]","[{""usdt"": 14109826.0, ""borsa"": 3, ""fiyat"": 63925.0, ""kaynak"": ""BNB+BYB+OKX""}, {""usdt"": 9797529.0, ""borsa"": 1, ""fiyat"": 63975.0, ""kaynak"": ""BNB""}, {""usdt"": 9482246.0, ""borsa"": 1, ""fiyat"": 64000.0, ""kaynak"": ""BNB""}]",YOK,-0.1384,0.0636,0.3172,0.2689,false,0,false,6.1849,0,2,3,0,0,3,51.4,52.5,IZLE,,25,63948.8,,,,,SEVIYE,70,1466.8,147,,,,,,,1785341760,1,0,,22,705.8,22,,,
31373,2026-07-29 16:20:23.739461+00,63913.05,4604507.748225798,1754237.9189999998,11597457519.2533,0.00008649800000000001,51924010.34433004,63.934400000000004,58.3,BEKLE,true,63.934400000000004,0.0,1.4624,483.262,49597385.96589002,1209.03,0.0,58.3,"[{""usdt"": 12832534.0, ""borsa"": 3, ""fiyat"": 63925.0, ""kaynak"": ""BNB+BYB+OKX""}, {""usdt"": 10543237.0, ""borsa"": 1, ""fiyat"": 63850.0, ""kaynak"": ""BNB""}, {""usdt"": 8516991.0, ""borsa"": 1, ""fiyat"": 63875.0, ""kaynak"": ""BNB""}]","[{""usdt"": 14176072.0, ""borsa"": 3, ""fiyat"": 63975.0, ""kaynak"": ""BNB+BYB+OKX""}, {""usdt"": 9784638.0, ""borsa"": 1, ""fiyat"": 64000.0, ""kaynak"": ""BNB""}, {""usdt"": 9422455.0, ""borsa"": 3, ""fiyat"": 63950.0, ""kaynak"": ""BNB+BYB+OKX""}]",YOK,-0.0584,0.0229,0.4635,0.5682,false,0,false,,0,0,3,0,0,3,47.8,48.8,IZLE,,25,63897.4,,,,,SEVIYE,50,1347.7,135,,,,,,,1785341760,1,0,,22,706.8,22,,,
31374,2026-07-29 16:21:24.138516+00,63966.649999999994,1417813.5560073014,733676.9290000001,11592729973.1764,0.00008649800000000001,59322048.17982004,8116.2542,51.7,BEKLE,false,63.934400000000004,8052.3198,1.4673,543.848,54769626.24455994,1269.616,51.7,0.0,"[{""usdt"": 14242211.0, ""borsa"": 1, ""fiyat"": 63800.0, ""kaynak"": ""BNB""}, {""usdt"": 11689393.0, ""borsa"": 1, ""fiyat"": 63825.0, ""kaynak"": ""BNB""}, {""usdt"": 10911723.0, ""borsa"": 3, ""fiyat"": 63900.0, ""kaynak"": ""BNB+BYB+OKX""}]","[{""usdt"": 16995407.0, ""borsa"": 3, ""fiyat"": 63950.0, ""kaynak"": ""BNB+BYB+OKX""}, {""usdt"": 11549547.0, ""borsa"": 1, ""fiyat"": 64000.0, ""kaynak"": ""BNB""}, {""usdt"": 8752757.0, ""borsa"": 3, ""fiyat"": 63925.0, ""kaynak"": ""BNB+BYB+OKX""}]",YOK,-0.1069,0.0399,0.702,0.1193,false,0,false,,0,1,3,0,0,3,44.5,45.6,IZLE,,25,63948.8,,,,,SEVIYE,70,1468.8,147,,,,,,,1785342000,1,0,,22,707.8,22,,,
31375,2026-07-29 16:22:24.459003+00,63999.95,1807793.560807302,800635.976,11602642395.793499,0.00008649800000000001,49774939.365329966,8057.410199999999,47.8,BEKLE,false,0.0,8057.410199999999,1.4673,604.211,49947988.489070006,1329.979,47.8,0.0,"[{""usdt"": 13098095.0, ""borsa"": 3, ""fiyat"": 63950.0, ""kaynak"": ""BNB+BYB+OKX""}, {""usdt"": 9136510.0, ""borsa"": 1, ""fiyat"": 63900.0, ""kaynak"": ""BNB""}, {""usdt"": 7561851.0, ""borsa"": 1, ""fiyat"": 63875.0, ""kaynak"": ""BNB""}]","[{""usdt"": 21283450.0, ""borsa"": 3, ""fiyat"": 64000.0, ""kaynak"": ""BNB+BYB+OKX""}, {""usdt"": 8886982.0, ""borsa"": 1, ""fiyat"": 64075.0, ""kaynak"": ""BNB""}, {""usdt"": 7538045.0, ""borsa"": 1, ""fiyat"": 64025.0, ""kaynak"": ""BNB""}]",YOK,-0.0142,-0.0017,0.6981,1.6522,false,0,false,,0,0,3,0,0,3,40.9,42,IZLE,,25,64030.6,,,,,SEVIYE,60,2080.7,208,,,,,,,1785342000,1,0,,22,708.9,22,,,
31376,2026-07-29 16:23:25.326486+00,64099.95,2870311.3264987026,872099.3640000001,11617083696.3573,0.00008649800000000001,50215170.199340016,9530.7511,37.0,BEKLE,false,0.0,9530.7511,1.4673,0,47684909.46819996,0,37.0,0.0,"[{""usdt"": 13876712.0, ""borsa"": 3, ""fiyat"": 64050.0, ""kaynak"": ""BNB+BYB+OKX""}, {""usdt"": 9575384.0, ""borsa"": 1, ""fiyat"": 63975.0, ""kaynak"": ""BNB""}, {""usdt"": 6827571.0, ""borsa"": 1, ""fiyat"": 63950.0, ""kaynak"": ""BNB""}]","[{""usdt"": 14893714.0, ""borsa"": 2, ""fiyat"": 64100.0, ""kaynak"": ""BNB+BYB""}, {""usdt"": 12660203.0, ""borsa"": 3, ""fiyat"": 64075.0, ""kaynak"": ""BNB+BYB+OKX""}, {""usdt"": 9509189.0, ""borsa"": 1, ""fiyat"": 64150.0, ""kaynak"": ""BNB""}]",YOK,0.0946,0.0258,0.6455,11.2349,true,0,false,,1,0,3,1,0,3,37.9,39,IZLE,,25,64124.5,,,,,SEVIYE,55,970.2,97,,,,,,,1785342120,1,0,,22,709.9,22,,,
31377,2026-07-29 16:24:25.723469+00,64069.649999999994,4116815.3399286014,1346361.4799999997,11620689932.835701,0.00008649800000000001,43533476.927859984,189259.47699999998,0.0,BEKLE,,0.0,189259.47699999998,1.4673,60.37,51432341.05193001,0,0.0,0.0,"[{""usdt"": 10326166.0, ""borsa"": 3, ""fiyat"": 64050.0, ""kaynak"": ""BNB+BYB+OKX""}, {""usdt"": 8867224.0, ""borsa"": 3, ""fiyat"": 64075.0, ""kaynak"": ""BNB+BYB+OKX""}, {""usdt"": 7751203.0, ""borsa"": 1, ""fiyat"": 64025.0, ""kaynak"": ""BNB""}]","[{""usdt"": 15886818.0, ""borsa"": 3, ""fiyat"": 64100.0, ""kaynak"": ""BNB+BYB+OKX""}, {""usdt"": 11540975.0, ""borsa"": 1, ""fiyat"": 64200.0, ""kaynak"": ""BNB""}, {""usdt"": 7904783.0, ""borsa"": 1, ""fiyat"": 64150.0, ""kaynak"": ""BNB""}]",YOK,0.0679,-0.0832,0.3573,10.3369,true,0,false,,1,0,3,0,2,3,34.4,35.5,IZLE,,25,64074.6,,,,,SEVIYE,50,1401.8,140,,,,,,,1785342180,1,0,,22,710.9,22,,,
31378,2026-07-29 16:25:25.980178+00,64052.149999999994,3630618.431018807,620341.317,11615580665.945,0.00008649800000000001,44101738.80759002,189213.832,55.8,BEKLE,false,0.0,189213.832,1.4673,60.401,48695059.045209944,60.401,55.8,0.0,"[{""usdt"": 11438839.0, ""borsa"": 3, ""fiyat"": 64025.0, ""kaynak"": ""BNB+BYB+OKX""}, {""usdt"": 9818448.0, ""borsa"": 1, ""fiyat"": 63975.0, ""kaynak"": ""BNB""}, {""usdt"": 6501904.0, ""borsa"": 1, ""fiyat"": 63950.0, ""kaynak"": ""BNB""}]","[{""usdt"": 13466562.0, ""borsa"": 3, ""fiyat"": 64075.0, ""kaynak"": ""BNB+BYB+OKX""}, {""usdt"": 9712454.0, ""borsa"": 1, ""fiyat"": 64100.0, ""kaynak"": ""BNB""}, {""usdt"": 8136938.0, ""borsa"": 1, ""fiyat"": 64150.0, ""kaynak"": ""BNB""}]",YOK,0.0624,-0.0495,0.3465,3.7356,true,0,false,,0,0,3,0,0,3,31,32,IZLE,,25,64030.6,,,,,SEVIYE,60,2083.8,209,,,,,,,1785342180,1,0,,21,711.9,21,,,
31379,2026-07-29 16:26:26.355661+00,64059.850000000006,3287405.798980812,441734.901,11619811018.977798,0.00008649800000000001,45555077.22990002,181156.42179999998,29.9,BEKLE,false,0.0,181156.42179999998,1.4673,60.275,47760557.980110005,120.676,29.9,0.0,"[{""usdt"": 13603422.0, ""borsa"": 3, ""fiyat"": 64025.0, ""kaynak"": ""BNB+BYB+OKX""}, {""usdt"": 9181967.0, ""borsa"": 1, ""fiyat"": 63975.0, ""kaynak"": ""BNB""}, {""usdt"": 6981897.0, ""borsa"": 1, ""fiyat"": 63950.0, ""kaynak"": ""BNB""}]","[{""usdt"": 12728273.0, ""borsa"": 3, ""fiyat"": 64075.0, ""kaynak"": ""BNB+BYB+OKX""}, {""usdt"": 11413744.0, ""borsa"": 3, ""fiyat"": 64050.0, ""kaynak"": ""BNB+BYB+OKX""}, {""usdt"": 8625769.0, ""borsa"": 1, ""fiyat"": 64100.0, ""kaynak"": ""BNB""}]",YOK,-0.0202,-0.0236,0.7981,3.0005,true,0,false,,0,0,3,1,0,3,27.4,28.5,IZLE,,25,64074.6,,,,,SEVIYE,50,1403.8,141,,,,,,,1785342180,1,0,,21,712.9,21,,,
31380,2026-07-29 16:27:26.683448+00,64033.75,2964247.6135194125,525023.8920000001,11620740115.849201,0.00008649800000000001,43156107.96947002,181156.42179999998,27.4,BEKLE,false,0.0,181156.42179999998,1.4759,120.623,51227275.31667995,181.024,27.4,0.0,"[{""usdt"": 12735372.0, ""borsa"": 3, ""fiyat"": 64050.0, ""kaynak"": ""BNB+BYB+OKX""}, {""usdt"": 8515322.0, ""borsa"": 1, ""fiyat"": 63975.0, ""kaynak"": ""BNB""}, {""usdt"": 7457920.0, ""borsa"": 3, ""fiyat"": 64025.0, ""kaynak"": ""BNB+BYB+OKX""}]","[{""usdt"": 14264135.0, ""borsa"": 3, ""fiyat"": 64075.0, ""kaynak"": ""BNB+BYB+OKX""}, {""usdt"": 12715365.0, ""borsa"": 3, ""fiyat"": 64100.0, ""kaynak"": ""BNB+BYB+OKX""}, {""usdt"": 7622204.0, ""borsa"": 1, ""fiyat"": 64125.0, ""kaynak"": ""BNB""}]",YOK,0.0059,-0.0855,0.7215,1.5894,true,0,false,,0,0,3,0,0,3,23.9,25,IZLE,,25,64030.6,,,,,SEVIYE,60,2085.8,209,,,,,,,1785342180,1,1,,21,713.9,21,,,
31381,2026-07-29 16:28:27.065998+00,64018.25,3244527.6134392135,849106.1070000001,11618471872.454998,0.00008649800000000001,44565246.01608001,81666.42749999999,5.0,BEKLE,,0.0,81666.42749999999,1.4759,0,52888464.12795993,241.382,5.0,0.0,"[{""usdt"": 8940721.0, ""borsa"": 2, ""fiyat"": 63975.0, ""kaynak"": ""BNB+BYB""}, {""usdt"": 8677752.0, ""borsa"": 1, ""fiyat"": 63900.0, ""kaynak"": ""BNB""}, {""usdt"": 8424521.0, ""borsa"": 1, ""fiyat"": 63950.0, ""kaynak"": ""BNB""}]","[{""usdt"": 15355231.0, ""borsa"": 3, ""fiyat"": 64025.0, ""kaynak"": ""BNB+BYB+OKX""}, {""usdt"": 10635642.0, ""borsa"": 1, ""fiyat"": 64100.0, ""kaynak"": ""BNB""}, {""usdt"": 7642742.0, ""borsa"": 1, ""fiyat"": 64125.0, ""kaynak"": ""BNB""}]",YOK,-0.0881,-0.0854,,,true,0,false,,1,1,3,1,1,3,20.4,21.5,IZLE,,25,64030.6,,,,,SEVIYE,60,2086.8,209,,,,,,,1785342180,1,0,,21,714.9,21,,,
31382,2026-07-29 16:29:28.129572+00,64017.850000000006,3498563.942794814,993888.3480000001,11617612222.9392,0.00008649800000000001,48211062.58062,2176.5678000000003,31.2,BEKLE,false,64.0167,2112.5511,1.4759,61.117,43869463.66650001,302.499,31.2,0.0,"[{""usdt"": 17563172.0, ""borsa"": 3, ""fiyat"": 64000.0, ""kaynak"": ""BNB+BYB+OKX""}, {""usdt"": 7721990.0, ""borsa"": 1, ""fiyat"": 63925.0, ""kaynak"": ""BNB""}, {""usdt"": 7556737.0, ""borsa"": 1, ""fiyat"": 63950.0, ""kaynak"": ""BNB""}]","[{""usdt"": 11175251.0, ""borsa"": 3, ""fiyat"": 64050.0, ""kaynak"": ""BNB+BYB+OKX""}, {""usdt"": 8232753.0, ""borsa"": 1, ""fiyat"": 64100.0, ""kaynak"": ""BNB""}, {""usdt"": 8098535.0, ""borsa"": 1, ""fiyat"": 64125.0, ""kaynak"": ""BNB""}]",YOK,-0.0223,0.0472,0.5199,3.2797,true,0,false,,0,0,3,2,0,3,17.6,18.7,IZLE,,25,64030.6,,,,,SEVIYE,60,2087.8,209,,,,,,,1785342480,1,0,,21,715.9,21,,,
31383,2026-07-29 16:30:28.680363+00,64040.95,3159791.1259291153,987814.483,11615707672.869701,0.00008649800000000001,50640304.07003998,2176.4216,29.5,BEKLE,true,64.0124,2112.4092,1.4759,121.499,48992026.50663999,362.881,0.0,29.5,"[{""usdt"": 9614568.0, ""borsa"": 3, ""fiyat"": 64000.0, ""kaynak"": ""BNB+BYB+OKX""}, {""usdt"": 9534958.0, ""borsa"": 2, ""fiyat"": 64025.0, ""kaynak"": ""BYB+OKX""}, {""usdt"": 8715240.0, ""borsa"": 1, ""fiyat"": 63900.0, ""kaynak"": ""BNB""}]","[{""usdt"": 12606758.0, ""borsa"": 3, ""fiyat"": 64025.0, ""kaynak"": ""BNB+BYB+OKX""}, {""usdt"": 10800707.0, ""borsa"": 3, ""fiyat"": 64050.0, ""kaynak"": ""BNB+BYB+OKX""}, {""usdt"": 8715599.0, ""borsa"": 1, ""fiyat"": 64100.0, ""kaynak"": ""BNB""}]",YOK,-0.067,0.0165,0.4417,0.7913,false,0.5753,true,0,1,1,3,1,0,3,14.2,15.3,IZLE,,25,64030.6,,,,,SEVIYE,60,2088.8,209,,,,,,,1785342480,1,0,,21,716.9,21,,,
31384,2026-07-29 16:31:28.978055+00,63994.55,2378951.4217873085,706002.97,11619549433.952599,0.00008649800000000001,45122623.83096,5762.017599999999,31.2,BEKLE,true,64.0124,5698.0052,1.4759,60.531,53273866.7221399,423.412,0.0,31.2,"[{""usdt"": 10891873.0, ""borsa"": 3, ""fiyat"": 63975.0, ""kaynak"": ""BNB+BYB+OKX""}, {""usdt"": 9502185.0, ""borsa"": 1, ""fiyat"": 63925.0, ""kaynak"": ""BNB""}, {""usdt"": 8137657.0, ""borsa"": 1, ""fiyat"": 63900.0, ""kaynak"": ""BNB""}]","[{""usdt"": 15677399.0, ""borsa"": 3, ""fiyat"": 64025.0, ""kaynak"": ""BNB+BYB+OKX""}, {""usdt"": 12218615.0, ""borsa"": 1, ""fiyat"": 64100.0, ""kaynak"": ""BNB""}, {""usdt"": 7902372.0, ""borsa"": 1, ""fiyat"": 64050.0, ""kaynak"": ""BNB""}]",YOK,-0.0843,-0.0828,0.6797,3.6792,false,1.7729,true,0,0,1,3,0,0,3,10.8,11.9,IZLE,,25,64030.6,,,,,SEVIYE,60,2089.8,209,PCT,0.44,19.44734252424377,1.6472570584267479,false,0.561,1785342600,1,0,,21,717.9,21,,,
31385,2026-07-29 16:32:30.042415+00,63902.45,2066695.7410889075,675943.491,11613093072.751099,0.00008649800000000001,50940712.758910015,5761.5696,21.0,BEKLE,true,64.0124,5697.5572,1.4759,0,50227573.18048,121.405,0.0,21.0,"[{""usdt"": 17161319.0, ""borsa"": 3, ""fiyat"": 63900.0, ""kaynak"": ""BNB+BYB+OKX""}, {""usdt"": 10828030.0, ""borsa"": 1, ""fiyat"": 63850.0, ""kaynak"": ""BNB""}, {""usdt"": 8127380.0, ""borsa"": 1, ""fiyat"": 63875.0, ""kaynak"": ""BNB""}]","[{""usdt"": 12415713.0, ""borsa"": 3, ""fiyat"": 63925.0, ""kaynak"": ""BNB+BYB+OKX""}, {""usdt"": 11455670.0, ""borsa"": 3, ""fiyat"": 63950.0, ""kaynak"": ""BNB+BYB+OKX""}, {""usdt"": 9604941.0, ""borsa"": 1, ""fiyat"": 64025.0, ""kaynak"": ""BNB""}]",YOK,-0.2209,0.007,0.786,8.6614,true,0.4836,true,0,0,2,3,1,0,3,7.9,8.9,IZLE,,25,63897.4,,,,,SEVIYE,50,1359.8,136,,,,,,,1785342600,1,0,,21,718.9,21,,,
31386,2026-07-29 16:33:30.317492+00,63960.649999999994,1304019.4860155066,245873.92300000004,11609878662.6805,0.00008649800000000001,46676722.444739975,3585.148,25.1,BEKLE,false,0.0,3585.148,1.4783,60.421,52414799.83543998,181.826,25.1,0.0,"[{""usdt"": 15573069.0, ""borsa"": 3, ""fiyat"": 63950.0, ""kaynak"": ""BNB+BYB+OKX""}, {""usdt"": 8738382.0, ""borsa"": 1, ""fiyat"": 63875.0, ""kaynak"": ""BNB""}, {""usdt"": 7174282.0, ""borsa"": 2, ""fiyat"": 63925.0, ""kaynak"": ""BNB+OKX""}]","[{""usdt"": 15301513.0, ""borsa"": 3, ""fiyat"": 63975.0, ""kaynak"": ""BNB+BYB+OKX""}, {""usdt"": 10550688.0, ""borsa"": 2, ""fiyat"": 64000.0, ""kaynak"": ""BNB+BYB""}, {""usdt"": 9364314.0, ""borsa"": 1, ""fiyat"": 64050.0, ""kaynak"": ""BNB""}]",YOK,-0.1253,-0.0579,0.6651,1.4876,false,0.6317,true,0,0,1,3,0,1,3,3.9,5.5,IZLE,,25,63952.4,,,,,SEVIYE,70,1480.9,148,,,,,,,1785342600,1,0,,21,719.9,21,,,
31387,2026-07-29 16:34:30.559255+00,63929.95,1375599.8313744077,160997.094,11619373233.342999,0.00008649800000000001,50134132.736040056,3585.148,33.5,BEKLE,false,0.0,3585.148,1.4783,120.684,49933646.649140015,242.089,33.5,0.0,"[{""usdt"": 10836729.0, ""borsa"": 1, ""fiyat"": 63850.0, ""kaynak"": ""BNB""}, {""usdt"": 10158181.0, ""borsa"": 1, ""fiyat"": 63825.0, ""kaynak"": ""BNB""}, {""usdt"": 9110165.0, ""borsa"": 2, ""fiyat"": 63950.0, ""kaynak"": ""BYB+OKX""}]","[{""usdt"": 16342347.0, ""borsa"": 3, ""fiyat"": 63975.0, ""kaynak"": ""BNB+BYB+OKX""}, {""usdt"": 8539349.0, ""borsa"": 2, ""fiyat"": 63950.0, ""kaynak"": ""BNB+OKX""}, {""usdt"": 8204872.0, ""borsa"": 2, ""fiyat"": 64000.0, ""kaynak"": ""BNB+BYB""}]",YOK,-0.1781,0.002,0.6115,1.9077,false,0.9799,true,0,0,2,3,0,1,3,63.7,62.7,IZLE,,25,63952.4,,,,,SEVIYE,70,1481.9,148,,,,,,,1785342600,1,1,,21,720.9,21,,,
31388,2026-07-29 16:35:31.069607+00,63897.45,-1214627.0855617966,206441.01300000004,11614658814.717499,0.00008649800000000001,49221783.83723006,0.0,0.0,BEKLE,,0.0,0.0,1.4783,180.888,48215117.39050001,302.293,0.0,0.0,"[{""usdt"": 10836729.0, ""borsa"": 1, ""fiyat"": 63850.0, ""kaynak"": ""BNB""}, {""usdt"": 10305401.0, ""borsa"": 3, ""fiyat"": 63925.0, ""kaynak"": ""BNB+BYB+OKX""}, {""usdt"": 10158181.0, ""borsa"": 1, ""fiyat"": 63825.0, ""kaynak"": ""BNB""}]","[{""usdt"": 16270445.0, ""borsa"": 3, ""fiyat"": 63950.0, ""kaynak"": ""BNB+BYB+OKX""}, {""usdt"": 8019326.0, ""borsa"": 1, ""fiyat"": 64025.0, ""kaynak"": ""BNB""}, {""usdt"": 7558296.0, ""borsa"": 2, ""fiyat"": 63975.0, ""kaynak"": ""BNB+BYB""}]",YOK,-0.182,0.0103,0.7801,1.7952,false,0.5277,false,,0,2,3,0,0,3,60.3,61.5,IZLE,,25,63897.4,,,,,SEVIYE,55,1362.8,137,,,,,,,,,0,,22,982.3,22,,,
31389,2026-07-29 16:36:31.655695+00,63835.95,-1648219.7175260966,160697.012,11614331450.2154,0.00008649800000000001,55783748.106680006,0.0,0.0,BEKLE,,0.0,0.0,1.482,241.525,51371102.05975001,0,0.0,0.0,"[{""usdt"": 15855608.0, ""borsa"": 1, ""fiyat"": 63800.0, ""kaynak"": ""BNB""}, {""usdt"": 12080474.0, ""borsa"": 3, ""fiyat"": 63875.0, ""kaynak"": ""BNB+BYB+OKX""}, {""usdt"": 10685099.0, ""borsa"": 1, ""fiyat"": 63825.0, ""kaynak"": ""BNB""}]","[{""usdt"": 16394528.0, ""borsa"": 3, ""fiyat"": 63900.0, ""kaynak"": ""BNB+BYB+OKX""}, {""usdt"": 11850626.0, ""borsa"": 3, ""fiyat"": 63925.0, ""kaynak"": ""BNB+BYB+OKX""}, {""usdt"": 7657029.0, ""borsa"": 1, ""fiyat"": 63950.0, ""kaynak"": ""BNB""}]",YOK,-0.2365,0.0412,0.824,2.278,false,1.5639,true,0,0,2,3,0,1,3,57.1,58.2,IZLE,,25,63851.8,,,,,SEVIYE,50,1363.8,137,,,,,,,,,0,,22,983.3,22,,,
31390,2026-07-29 16:37:32.053983+00,63822.75,-2148098.3768118946,328658.02100000007,11603622114.9336,0.00008649800000000001,51310669.43355998,69983.41,23.5,BEKLE,false,69983.41,0.0,1.482,181.5,51243576.249199994,60.659,23.5,0.0,"[{""usdt"": 12996407.0, ""borsa"": 3, ""fiyat"": 63825.0, ""kaynak"": ""BNB+BYB+OKX""}, {""usdt"": 12988888.0, ""borsa"": 1, ""fiyat"": 63800.0, ""kaynak"": ""BNB""}, {""usdt"": 10347936.0, ""borsa"": 3, ""fiyat"": 63850.0, ""kaynak"": ""BNB+BYB+OKX""}]","[{""usdt"": 15319095.0, ""borsa"": 3, ""fiyat"": 63875.0, ""kaynak"": ""BNB+BYB+OKX""}, {""usdt"": 9020820.0, ""borsa"": 2, ""fiyat"": 63900.0, ""kaynak"": ""BNB+BYB""}, {""usdt"": 8478212.0, ""borsa"": 1, ""fiyat"": 63950.0, ""kaynak"": ""BNB""}]",YOK,-0.2259,0.0007,0.8849,1.1764,false,1.9997,true,0,0,3,3,0,1,3,49.5,50.6,IZLE,,50,63851.8,,,,,SEVIYE+TASFIYE,50,1364.8,137,,,,,,,1785342960,2,0,,22,984.3,22,,,
31391,2026-07-29 16:38:33.894401+00,63835.05,-2162935.851588195,225509.74099999995,11613404277.5018,0.00008649800000000001,52765139.316180006,74195.9494,2.9,BEKLE,,74195.9494,0.0,1.482,122.149,49894081.78488006,122.149,2.9,0.0,"[{""usdt"": 22025333.0, ""borsa"": 3, ""fiyat"": 63800.0, ""kaynak"": ""BNB+BYB+OKX""}, {""usdt"": 8817328.0, ""borsa"": 1, ""fiyat"": 63725.0, ""kaynak"": ""BNB""}, {""usdt"": 8789474.0, ""borsa"": 1, ""fiyat"": 63775.0, ""kaynak"": ""BNB""}]","[{""usdt"": 12872176.0, ""borsa"": 3, ""fiyat"": 63850.0, ""kaynak"": ""BNB+BYB+OKX""}, {""usdt"": 9732671.0, ""borsa"": 1, ""fiyat"": 63900.0, ""kaynak"": ""BNB""}, {""usdt"": 8901678.0, ""borsa"": 3, ""fiyat"": 63825.0, ""kaynak"": ""BNB+BYB+OKX""}]",YOK,-0.3338,0.028,0.9908,2.5212,false,2.916,true,0,0,3,3,0,0,3,46.9,47.9,IZLE,,25,63851.8,,,,,SEVIYE,50,1365.8,137,,,,,,,1785343020,2,0,,22,985.3,22,,,
31392,2026-07-29 16:39:34.191958+00,63878.850000000006,-1614646.1334230956,78583.22999999995,11620103780.8853,0.00008649800000000001,53520638.27923995,74195.9494,12.8,BEKLE,false,74195.9494,0.0,1.482,182.747,49643162.36576002,60.598,12.8,0.0,"[{""usdt"": 13918185.0, ""borsa"": 3, ""fiyat"": 63850.0, ""kaynak"": ""BNB+BYB+OKX""}, {""usdt"": 12336226.0, ""borsa"": 1, ""fiyat"": 63800.0, ""kaynak"": ""BNB""}, {""usdt"": 8189632.0, ""borsa"": 1, ""fiyat"": 63825.0, ""kaynak"": ""BNB""}]","[{""usdt"": 15281750.0, ""borsa"": 3, ""fiyat"": 63900.0, ""kaynak"": ""BNB+BYB+OKX""}, {""usdt"": 13641334.0, ""borsa"": 3, ""fiyat"": 63875.0, ""kaynak"": ""BNB+BYB+OKX""}, {""usdt"": 8368382.0, ""borsa"": 1, ""fiyat"": 63925.0, ""kaynak"": ""BNB""}]",YOK,-0.1421,0.0376,0.9583,1.1508,false,1.5583,true,0,0,1,3,0,1,3,43.6,44.7,IZLE,,25,63897.4,,,,,SEVIYE,55,1366.9,137,,,,,,,1785343020,2,1,,22,986.4,22,,,
31393,2026-07-29 16:40:34.593258+00,63861.350000000006,-1046336.3276309965,-1367162.0000000005,11626233075.771,0.00008649800000000001,55144579.00653997,74195.9494,55.7,BEKLE,false,74195.9494,0.0,1.482,243.174,50594223.80589004,0,55.7,0.0,"[{""usdt"": 16532071.0, ""borsa"": 1, ""fiyat"": 63800.0, ""kaynak"": ""BNB""}, {""usdt"": 13833713.0, ""borsa"": 3, ""fiyat"": 63850.0, ""kaynak"": ""BNB+BYB+OKX""}, {""usdt"": 7357559.0, ""borsa"": 1, ""fiyat"": 63825.0, ""kaynak"": ""BNB""}]","[{""usdt"": 18255012.0, ""borsa"": 3, ""fiyat"": 63900.0, ""kaynak"": ""BNB+BYB+OKX""}, {""usdt"": 8555489.0, ""borsa"": 1, ""fiyat"": 63950.0, ""kaynak"": ""BNB""}, {""usdt"": 7560578.0, ""borsa"": 1, ""fiyat"": 63975.0, ""kaynak"": ""BNB""}]",YOK,-0.1897,0.043,0.0635,0.9573,false,4.1785,true,0,0,2,3,0,1,3,40.2,41.2,HAZIRLAN,SHORT,50,63851.8,63851.8,63000,63905,19.75,SEVIYE+EMILIM,50,1367.9,137,,,,,,,1785343020,2,2,0.22,22,987.4,22,,,
31394,2026-07-29 16:41:34.959716+00,63839.649999999994,-1204950.407278597,-1701122.9350000003,11630443964.2715,0.00008649800000000001,53702972.795840025,4212.539400000001,60.7,BEKLE,false,4212.539400000001,0.0,1.482,303.417,52905801.834470026,60.243,60.7,0.0,"[{""usdt"": 17433400.0, ""borsa"": 1, ""fiyat"": 63800.0, ""kaynak"": ""BNB""}, {""usdt"": 11119291.0, ""borsa"": 3, ""fiyat"": 63850.0, ""kaynak"": ""BNB+BYB+OKX""}, {""usdt"": 8254201.0, ""borsa"": 1, ""fiyat"": 63825.0, ""kaynak"": ""BNB""}]","[{""usdt"": 21066332.0, ""borsa"": 3, ""fiyat"": 63900.0, ""kaynak"": ""BNB+BYB+OKX""}, {""usdt"": 8668871.0, ""borsa"": 1, ""fiyat"": 63950.0, ""kaynak"": ""BNB""}, {""usdt"": 7967164.0, ""borsa"": 1, ""fiyat"": 63925.0, ""kaynak"": ""BNB""}]",YOK,-0.2136,0.0075,0.1311,0.077,false,,true,0,0,2,3,0,1,3,36.6,37.6,HAZIRLAN,SHORT,50,63851.8,63756.4,63000,63859.4,42.61,SEVIYE+EMILIM,50,1368.9,137,,,,,,,1785343020,2,0,4.22,22,988.4,22,,,
31395,2026-07-29 16:42:35.342381+00,63794.149999999994,-1986991.9934201967,-8502322.188,11624539548.687801,0.00008649800000000001,62505797.865490064,13142.182,81.4,BEKLE,true,13142.182,0.0,1.4795,363.826,57623728.91326006,120.652,81.4,0.0,"[{""usdt"": 23500095.0, ""borsa"": 3, ""fiyat"": 63800.0, ""kaynak"": ""BNB+BYB+OKX""}, {""usdt"": 11416482.0, ""borsa"": 1, ""fiyat"": 63725.0, ""kaynak"": ""BNB""}, {""usdt"": 7929426.0, ""borsa"": 1, ""fiyat"": 63775.0, ""kaynak"": ""BNB""}]","[{""usdt"": 16313632.0, ""borsa"": 3, ""fiyat"": 63850.0, ""kaynak"": ""BNB+BYB+OKX""}, {""usdt"": 12966642.0, ""borsa"": 3, ""fiyat"": 63825.0, ""kaynak"": ""BNB+BYB+OKX""}, {""usdt"": 10035824.0, ""borsa"": 1, ""fiyat"": 63900.0, ""kaynak"": ""BNB""}]",YOK,-0.3288,0.0406,0.0114,0.1428,false,,true,0,0,3,3,0,0,3,33.1,34.2,HAZIRLAN,SHORT,50,63756.4,63756.4,63000,63859.4,12.18,SEVIYE+EMILIM,50,1379.9,138,,,,,,,1785343320,1,0,0.58,22,989.4,22,,,
31396,2026-07-29 16:43:35.685523+00,63670.350000000006,-3505673.985289496,-9074603.745,11618969819.2467,0.00008649800000000001,56036473.96029004,62189.50630000001,0.0,BEKLE,,62189.50630000001,0.0,1.4795,120.866,54389968.380330026,60.457,0.0,0.0,"[{""usdt"": 16075929.0, ""borsa"": 3, ""fiyat"": 63750.0, ""kaynak"": ""BNB+BYB+OKX""}, {""usdt"": 11892322.0, ""borsa"": 1, ""fiyat"": 63675.0, ""kaynak"": ""BNB""}, {""usdt"": 11020282.0, ""borsa"": 1, ""fiyat"": 63725.0, ""kaynak"": ""BNB""}]","[{""usdt"": 16351445.0, ""borsa"": 3, ""fiyat"": 63800.0, ""kaynak"": ""BNB+BYB+OKX""}, {""usdt"": 11413278.0, ""borsa"": 3, ""fiyat"": 63775.0, ""kaynak"": ""BNB+BYB+OKX""}, {""usdt"": 8738182.0, ""borsa"": 1, ""fiyat"": 63850.0, ""kaynak"": ""BNB""}]",YOK,-0.3265,0.0149,0.0838,0.7236,false,,true,0,0,2,3,0,0,3,29.7,30.8,HAZIRLAN,SHORT,50,63669.5,63669.5,63000,63714.9,15.03,SEVIYE+EMILIM,70,1250.7,125,,,,,,,1785343380,2,0,0.02,22,990.4,22,,,
31397,2026-07-29 16:44:36.059342+00,63640.350000000006,-6560874.5267374925,-10559869.680999998,11557041897.473999,0.00008649800000000001,54373571.670840025,1110062.9271,0.0,BEKLE,,1110062.9271,0.0,1.4795,0,55870767.927939996,0,0.0,0.0,"[{""usdt"": 21512498.0, ""borsa"": 3, ""fiyat"": 63600.0, ""kaynak"": ""BNB+BYB+OKX""}, {""usdt"": 11767127.0, ""borsa"": 1, ""fiyat"": 63550.0, ""kaynak"": ""BNB""}, {""usdt"": 10618679.0, ""borsa"": 1, ""fiyat"": 63525.0, ""kaynak"": ""BNB""}]","[{""usdt"": 12398967.0, ""borsa"": 3, ""fiyat"": 63625.0, ""kaynak"": ""BNB+BYB+OKX""}, {""usdt"": 11162968.0, ""borsa"": 3, ""fiyat"": 63650.0, ""kaynak"": ""BNB+BYB+OKX""}, {""usdt"": 11116266.0, ""borsa"": 1, ""fiyat"": 63675.0, ""kaynak"": ""BNB""}]",YOK,-0.3664,-0.0136,0.2276,0.7718,false,,true,0,0,3,3,0,0,3,26.1,27.2,HAZIRLAN,SHORT,75,63669.5,63576.8,63000,63677,17.46,SEVIYE+TASFIYE+EMILIM,70,1251.7,125,,,,,,,1785343440,4,0,1.73,22,991.4,22,,,
31398,2026-07-29 16:45:36.47828+00,63630.05,-5109020.380705596,-10244794.228999998,11559232090.404999,0.00008649800000000001,47888586.150179975,1110413.3876,0.0,BEKLE,,1110413.3876,0.0,1.4795,60.457,49940800.75509003,60.457,0.0,0.0,"[{""usdt"": 16202782.0, ""borsa"": 3, ""fiyat"": 63625.0, ""kaynak"": ""BNB+BYB+OKX""}, {""usdt"": 9908343.0, ""borsa"": 1, ""fiyat"": 63550.0, ""kaynak"": ""BNB""}, {""usdt"": 8030949.0, ""borsa"": 1, ""fiyat"": 63600.0, ""kaynak"": ""BNB""}]","[{""usdt"": 12922970.0, ""borsa"": 3, ""fiyat"": 63675.0, ""kaynak"": ""BNB+BYB+OKX""}, {""usdt"": 9100063.0, ""borsa"": 1, ""fiyat"": 63725.0, ""kaynak"": ""BNB""}, {""usdt"": 8627259.0, ""borsa"": 3, ""fiyat"": 63650.0, ""kaynak"": ""BNB+BYB+OKX""}]",YOK,-0.1946,-0.021,0.2157,0.9175,false,,true,0,0,2,3,0,0,3,22.6,23.7,HAZIRLAN,SHORT,75,63637.7,63576.8,63000,63645.2,41.52,SEVIYE+TASFIYE+EMILIM,65,1252.8,126,PCT,1.75,0.5741679254541272,204.79943838321668,false,0.032,1785343440,4,0,3.51,21,992.4,21,,,
31399,2026-07-29 16:46:37.753769+00,63660.75,-5114364.494928896,-10326566.192,11564145511.8008,0.00008649800000000001,52753580.624209985,1110477.0373,0.0,BEKLE,,1110477.0373,0.0,1.4795,121.78,47259491.211850025,121.78,0.0,0.0,"[{""usdt"": 15353554.0, ""borsa"": 3, ""fiyat"": 63625.0, ""kaynak"": ""BNB+BYB+OKX""}, {""usdt"": 8955523.0, ""borsa"": 1, ""fiyat"": 63600.0, ""kaynak"": ""BNB""}, {""usdt"": 8718183.0, ""borsa"": 1, ""fiyat"": 63575.0, ""kaynak"": ""BNB""}]","[{""usdt"": 13515435.0, ""borsa"": 3, ""fiyat"": 63675.0, ""kaynak"": ""BNB+BYB+OKX""}, {""usdt"": 10364614.0, ""borsa"": 3, ""fiyat"": 63650.0, ""kaynak"": ""BNB+BYB+OKX""}, {""usdt"": 7095984.0, ""borsa"": 1, ""fiyat"": 63725.0, ""kaynak"": ""BNB""}]",YOK,-0.2121,0.0549,0.2141,0.7322,false,,true,0,0,3,3,1,1,3,20.1,21.2,HAZIRLAN,SHORT,75,63675.4,63637.7,63000,63682.9,29.79,SEVIYE+TASFIYE+EMILIM,90,1253.8,126,,,,,,,1785343500,4,0,1.04,21,993.4,21,,,
31400,2026-07-29 16:47:38.022832+00,63743.149999999994,-3543057.243358995,-8321732.035999999,11581658196.023201,0.00008649800000000001,47280510.94741997,1048797.7053999999,23.0,BEKLE,false,1048797.7053999999,0.0,1.4795,121.526,48833159.21571998,0,0.0,23.0,"[{""usdt"": 12452953.0, ""borsa"": 3, ""fiyat"": 63725.0, ""kaynak"": ""BNB+BYB+OKX""}, {""usdt"": 9106722.0, ""borsa"": 1, ""fiyat"": 63675.0, ""kaynak"": ""BNB""}, {""usdt"": 8802385.0, ""borsa"": 1, ""fiyat"": 63650.0, ""kaynak"": ""BNB""}]","[{""usdt"": 12515764.0, ""borsa"": 3, ""fiyat"": 63750.0, ""kaynak"": ""BNB+BYB+OKX""}, {""usdt"": 12112008.0, ""borsa"": 3, ""fiyat"": 63775.0, ""kaynak"": ""BNB+BYB+OKX""}, {""usdt"": 8502884.0, ""borsa"": 1, ""fiyat"": 63825.0, ""kaynak"": ""BNB""}]",YOK,-0.0376,-0.0162,0.8382,2.0544,false,,true,0,1,0,3,0,1,3,16.4,17.5,IZLE,,50,63743.2,,,,,SEVIYE+TASFIYE,55,1384.9,139,,,,,,,1785343500,4,0,,21,994.4,21,,,
31401,2026-07-29 16:48:39.287626+00,63734.05,-4014145.8537396933,-7903837.805,11585582302.74,0.00008649800000000001,52368161.589090034,426455.0582,33.1,BEKLE,false,426455.0582,0.0,1.4919,61.195,52903125.05060999,61.195,0.0,33.1,"[{""usdt"": 15531798.0, ""borsa"": 3, ""fiyat"": 63750.0, ""kaynak"": ""BNB+BYB+OKX""}, {""usdt"": 10399388.0, ""borsa"": 1, ""fiyat"": 63650.0, ""kaynak"": ""BNB""}, {""usdt"": 9001630.0, ""borsa"": 1, ""fiyat"": 63675.0, ""kaynak"": ""BNB""}]","[{""usdt"": 16016873.0, ""borsa"": 3, ""fiyat"": 63800.0, ""kaynak"": ""BNB+BYB+OKX""}, {""usdt"": 12410837.0, ""borsa"": 3, ""fiyat"": 63775.0, ""kaynak"": ""BNB+BYB+OKX""}, {""usdt"": 8379619.0, ""borsa"": 1, ""fiyat"": 63875.0, ""kaynak"": ""BNB""}]",YOK,0.0443,-0.0051,0.207,1.9432,false,,true,0,0,0,3,0,0,3,13.7,14.8,IZLE,,50,63743.2,,,,,SEVIYE+TASFIYE,55,1385.9,139,,,,,,,1785343500,4,0,,21,995.4,21,,,
31402,2026-07-29 16:49:39.557252+00,63650.850000000006,-5178102.751892592,-8214387.743000001,11585077634.1693,0.00008649800000000001,48513428.65958001,63.649699999999996,53.1,BEKLE,false,63.649699999999996,0.0,1.4919,0,53154254.16520998,0,0.0,53.1,"[{""usdt"": 12902729.0, ""borsa"": 3, ""fiyat"": 63650.0, ""kaynak"": ""BNB+BYB+OKX""}, {""usdt"": 11272232.0, ""borsa"": 1, ""fiyat"": 63600.0, ""kaynak"": ""BNB""}, {""usdt"": 8567821.0, ""borsa"": 1, ""fiyat"": 63550.0, ""kaynak"": ""BNB""}]","[{""usdt"": 17319236.0, ""borsa"": 3, ""fiyat"": 63675.0, ""kaynak"": ""BNB+BYB+OKX""}, {""usdt"": 10151447.0, ""borsa"": 2, ""fiyat"": 63700.0, ""kaynak"": ""BNB+BYB""}, {""usdt"": 9222375.0, ""borsa"": 1, ""fiyat"": 63750.0, ""kaynak"": ""BNB""}]",YOK,-0.1578,-0.0456,0.2616,0.1489,false,,true,0,0,1,3,1,1,3,10.1,11.2,HAZIRLAN,SHORT,50,63637.7,63637.7,63000,63682.9,20.29,SEVIYE+EMILIM,65,1256.8,126,,,,,,,1785343500,1,0,0.41,21,996.4,21,,,
31403,2026-07-29 16:50:39.850786+00,63684.75,-3269307.695489197,-7705345.686000001,11591296897.358002,0.00008649800000000001,48188867.07720995,0.0,44.5,BEKLE,true,0.0,0.0,1.5006,60.178,51891648.01834999,60.178,0.0,44.5,"[{""usdt"": 12268185.0, ""borsa"": 1, ""fiyat"": 63600.0, ""kaynak"": ""BNB""}, {""usdt"": 12030936.0, ""borsa"": 3, ""fiyat"": 63675.0, ""kaynak"": ""BNB+BYB+OKX""}, {""usdt"": 9875131.0, ""borsa"": 1, ""fiyat"": 63625.0, ""kaynak"": ""BNB""}]","[{""usdt"": 16768244.0, ""borsa"": 3, ""fiyat"": 63700.0, ""kaynak"": ""BNB+BYB+OKX""}, {""usdt"": 9415265.0, ""borsa"": 1, ""fiyat"": 63775.0, ""kaynak"": ""BNB""}, {""usdt"": 9275899.0, ""borsa"": 3, ""fiyat"": 63725.0, ""kaynak"": ""BNB+BYB+OKX""}]",YOK,-0.0767,-0.037,0.3033,0.6763,false,,true,0,0,1,3,0,1,3,6.4,7.5,IZLE,,25,63675.4,,,,,SEVIYE,90,1257.8,126,,,,,,,,,0,,21,997.4,21,,,
31404,2026-07-29 16:51:40.084672+00,63692.55,-2808039.943805997,-7795998.263,11590425063.441,0.00008649800000000001,51360420.15991998,8789.578800000001,55.0,BEKLE,false,8789.578800000001,0.0,1.5006,120.482,51758663.98816997,120.482,0.0,55.0,"[{""usdt"": 13901060.0, ""borsa"": 3, ""fiyat"": 63675.0, ""kaynak"": ""BNB+BYB+OKX""}, {""usdt"": 12677957.0, ""borsa"": 1, ""fiyat"": 63600.0, ""kaynak"": ""BNB""}, {""usdt"": 8156976.0, ""borsa"": 1, ""fiyat"": 63625.0, ""kaynak"": ""BNB""}]","[{""usdt"": 13352769.0, ""borsa"": 3, ""fiyat"": 63700.0, ""kaynak"": ""BNB+BYB+OKX""}, {""usdt"": 11183508.0, ""borsa"": 3, ""fiyat"": 63725.0, ""kaynak"": ""BNB+BYB+OKX""}, {""usdt"": 9374365.0, ""borsa"": 1, ""fiyat"": 63775.0, ""kaynak"": ""BNB""}]",YOK,-0.0795,-0.0039,0.3539,0.3657,false,,true,0,0,1,3,0,1,3,2.8,3.9,IZLE,,25,63675.4,,,,,SEVIYE,90,1258.8,126,,,,,,,1785343860,1,0,,21,998.5,21,,,
31405,2026-07-29 16:52:40.369259+00,63695.649999999994,-2306976.9879575926,-7923593.826,11589764320.3456,0.00008649800000000001,48500786.97521995,8787.826200000001,30.7,BEKLE,false,8787.826200000001,0.0,1.5006,180.774,53188157.37316993,180.774,0.0,30.7,"[{""usdt"": 13204921.0, ""borsa"": 3, ""fiyat"": 63675.0, ""kaynak"": ""BNB+BYB+OKX""}, {""usdt"": 11582348.0, ""borsa"": 1, ""fiyat"": 63600.0, ""kaynak"": ""BNB""}, {""usdt"": 8550023.0, ""borsa"": 1, ""fiyat"": 63650.0, ""kaynak"": ""BNB""}]","[{""usdt"": 12654246.0, ""borsa"": 3, ""fiyat"": 63700.0, ""kaynak"": ""BNB+BYB+OKX""}, {""usdt"": 12459674.0, ""borsa"": 3, ""fiyat"": 63725.0, ""kaynak"": ""BNB+BYB+OKX""}, {""usdt"": 9654053.0, ""borsa"": 1, ""fiyat"": 63775.0, ""kaynak"": ""BNB""}]",YOK,-0.0795,-0.0461,0.6511,1.8726,false,,true,0,0,1,3,0,1,3,63.1,61.6,IZLE,,25,63675.4,,,,,SEVIYE,90,1259.8,126,,,,,,,1785343860,1,0,,21,999.5,21,,,
31406,2026-07-29 16:53:40.684224+00,63746.95,-2306976.9879575926,-7923593.826,11589764320.3456,0.00008649800000000001,51725448.71602995,8787.826200000001,6.3,BEKLE,,8787.826200000001,0.0,1.5006,241.018,50478358.97191993,241.018,6.3,0.0,"[{""usdt"": 11582348.0, ""borsa"": 1, ""fiyat"": 63600.0, ""kaynak"": ""BNB""}, {""usdt"": 10313467.0, ""borsa"": 3, ""fiyat"": 63675.0, ""kaynak"": ""BNB+BYB+OKX""}, {""usdt"": 9526645.0, ""borsa"": 3, ""fiyat"": 63700.0, ""kaynak"": ""BNB+BYB+OKX""}]","[{""usdt"": 16264596.0, ""borsa"": 3, ""fiyat"": 63725.0, ""kaynak"": ""BNB+BYB+OKX""}, {""usdt"": 9654053.0, ""borsa"": 1, ""fiyat"": 63775.0, ""kaynak"": ""BNB""}, {""usdt"": 9248871.0, ""borsa"": 1, ""fiyat"": 63800.0, ""kaynak"": ""BNB""}]",YOK,-0.0557,0.0122,0.9811,0.555,false,,true,0,1,1,3,0,0,3,59.5,60.6,IZLE,,25,63743.2,,,,,SEVIYE,55,1391.0,139,,,,,,,1785343860,1,0,,21,1000.5,21,,,
31407,2026-07-29 16:54:40.934846+00,63716.149999999994,-1486194.0574538969,-7543708.123000001,11598311137.448,0.00008649800000000001,46307935.35140998,8787.826200000001,31.2,BEKLE,false,8787.826200000001,0.0,1.5006,120.583,55783859.54131995,301.357,0.0,31.2,"[{""usdt"": 15720790.0, ""borsa"": 3, ""fiyat"": 63725.0, ""kaynak"": ""BNB+BYB+OKX""}, {""usdt"": 10478624.0, ""borsa"": 1, ""fiyat"": 63650.0, ""kaynak"": ""BNB""}, {""usdt"": 6867479.0, ""borsa"": 1, ""fiyat"": 63700.0, ""kaynak"": ""BNB""}]","[{""usdt"": 13297888.0, ""borsa"": 3, ""fiyat"": 63750.0, ""kaynak"": ""BNB+BYB+OKX""}, {""usdt"": 13126044.0, ""borsa"": 3, ""fiyat"": 63775.0, ""kaynak"": ""BNB+BYB+OKX""}, {""usdt"": 11246703.0, ""borsa"": 1, ""fiyat"": 63850.0, ""kaynak"": ""BNB""}]",YOK,-0.0736,-0.0928,0.7661,1.0234,false,,true,0,0,0,3,0,1,3,56,57.1,IZLE,,25,63714.6,,,,,SEVIYE,70,1261.8,127,,,,,,,1785343860,1,1,,22,1261.8,22,,,
31408,2026-07-29 16:55:41.184391+00,63777.149999999994,-1735236.3021327932,-7452645.773,11595004438.092499,0.00008649800000000001,47829188.525049984,8787.826200000001,14.0,BEKLE,false,8787.826200000001,0.0,1.5006,0,56069414.69667004,361.583,0.0,14.0,"[{""usdt"": 13198752.0, ""borsa"": 3, ""fiyat"": 63725.0, ""kaynak"": ""BNB+BYB+OKX""}, {""usdt"": 9980736.0, ""borsa"": 1, ""fiyat"": 63625.0, ""kaynak"": ""BNB""}, {""usdt"": 8968955.0, ""borsa"": 3, ""fiyat"": 63700.0, ""kaynak"": ""BNB+BYB+OKX""}]","[{""usdt"": 17917213.0, ""borsa"": 3, ""fiyat"": 63750.0, ""kaynak"": ""BNB+BYB+OKX""}, {""usdt"": 12584193.0, ""borsa"": 1, ""fiyat"": 63825.0, ""kaynak"": ""BNB""}, {""usdt"": 11171537.0, ""borsa"": 1, ""fiyat"": 63775.0, ""kaynak"": ""BNB""}]",YOK,-0.0138,-0.0793,0.7832,3.5608,false,,true,0,0,0,3,1,0,3,52.4,53.5,IZLE,,25,63756.4,,,,,SEVIYE,50,1393.0,140,,,,,,,1785343860,1,2,,22,1262.8,22,,,
31409,2026-07-29 16:56:41.507042+00,63764.75,4332283.140156706,3872826.4189999998,11602522642.577,0.00008649800000000001,49305467.07254999,8787.826200000001,51.4,BEKLE,false,8787.826200000001,0.0,1.5006,0,53806500.94841003,120.457,0.0,51.4,"[{""usdt"": 15749731.0, ""borsa"": 3, ""fiyat"": 63775.0, ""kaynak"": ""BNB+BYB+OKX""}, {""usdt"": 9890176.0, ""borsa"": 1, ""fiyat"": 63700.0, ""kaynak"": ""BNB""}, {""usdt"": 7317977.0, ""borsa"": 1, ""fiyat"": 63725.0, ""kaynak"": ""BNB""}]","[{""usdt"": 15675980.0, ""borsa"": 3, ""fiyat"": 63800.0, ""kaynak"": ""BNB+BYB+OKX""}, {""usdt"": 11894070.0, ""borsa"": 2, ""fiyat"": 63825.0, ""kaynak"": ""BNB+BYB""}, {""usdt"": 10360649.0, ""borsa"": 1, ""fiyat"": 63875.0, ""kaynak"": ""BNB""}]",YOK,0.0607,-0.0437,0.2669,0.2037,false,,false,11.152,1,0,3,0,0,3,48.8,49.9,IZLE,,25,63756.4,,,,,SEVIYE,50,1394.0,140,,,,,,,1785343860,1,3,,22,1263.8,22,,,
31410,2026-07-29 16:57:41.780793+00,63809.350000000006,4239180.531350206,3807208.047,11602320593.598,0.00008649800000000001,51917125.610259965,2997.2887,34.3,BEKLE,true,0.0,2997.2887,1.5056,60.373,51075788.45230006,180.83,0.0,34.3,"[{""usdt"": 18883274.0, ""borsa"": 3, ""fiyat"": 63775.0, ""kaynak"": ""BNB+BYB+OKX""}, {""usdt"": 8590553.0, ""borsa"": 1, ""fiyat"": 63725.0, ""kaynak"": ""BNB""}, {""usdt"": 7899467.0, ""borsa"": 1, ""fiyat"": 63675.0, ""kaynak"": ""BNB""}]","[{""usdt"": 13842463.0, ""borsa"": 2, ""fiyat"": 63825.0, ""kaynak"": ""BNB+BYB""}, {""usdt"": 12345285.0, ""borsa"": 3, ""fiyat"": 63800.0, ""kaynak"": ""BNB+BYB+OKX""}, {""usdt"": 10879017.0, ""borsa"": 1, ""fiyat"": 63875.0, ""kaynak"": ""BNB""}]",YOK,0.0716,0.0082,0.2492,0.3267,false,,false,13.4402,1,0,3,2,0,3,44.9,46,IZLE,,25,63851.8,,,,,SEVIYE,50,1385.0,139,,,,,,,1785344100,1,0,,22,1264.8,22,,,
31411,2026-07-29 16:58:42.06101+00,63775.850000000006,5053789.318805207,3687766.130999999,11602303504.1728,0.00008649800000000001,50792672.854330055,3061.0995000000003,61.4,BEKLE,,0.0,3061.0995000000003,1.5056,120.654,52547334.22492002,241.111,0.0,61.4,"[{""usdt"": 19553109.0, ""borsa"": 3, ""fiyat"": 63775.0, ""kaynak"": ""BNB+BYB+OKX""}, {""usdt"": 9633483.0, ""borsa"": 1, ""fiyat"": 63700.0, ""kaynak"": ""BNB""}, {""usdt"": 6861265.0, ""borsa"": 1, ""fiyat"": 63725.0, ""kaynak"": ""BNB""}]","[{""usdt"": 14223465.0, ""borsa"": 3, ""fiyat"": 63800.0, ""kaynak"": ""BNB+BYB+OKX""}, {""usdt"": 11553206.0, ""borsa"": 3, ""fiyat"": 63825.0, ""kaynak"": ""BNB+BYB+OKX""}, {""usdt"": 8836744.0, ""borsa"": 1, ""fiyat"": 63900.0, ""kaynak"": ""BNB""}]",YOK,0.0713,-0.017,0.2739,0.0811,false,,false,8.7327,1,0,3,1,1,3,41.4,42.5,IZLE,,25,63756.4,,,,,SEVIYE,50,1396.0,140,,,,,,,1785344220,1,0,,22,1265.8,22,,,
31412,2026-07-29 16:59:42.505614+00,63799.45,3925015.5741538056,2758900.8219999997,11596234476.768,0.00008649800000000001,43539288.84535995,3061.0808,60.7,BEKLE,false,0.0,3061.0808,1.5056,60.395,54523107.66272998,301.506,0.0,60.7,"[{""usdt"": 10789820.0, ""borsa"": 3, ""fiyat"": 63775.0, ""kaynak"": ""BNB+BYB+OKX""}, {""usdt"": 9835376.0, ""borsa"": 1, ""fiyat"": 63700.0, ""kaynak"": ""BNB""}, {""usdt"": 9693798.0, ""borsa"": 3, ""fiyat"": 63750.0, ""kaynak"": ""BNB+BYB+OKX""}]","[{""usdt"": 23112502.0, ""borsa"": 3, ""fiyat"": 63800.0, ""kaynak"": ""BNB+BYB+OKX""}, {""usdt"": 10524185.0, ""borsa"": 1, ""fiyat"": 63875.0, ""kaynak"": ""BNB""}, {""usdt"": 7673283.0, ""borsa"": 1, ""fiyat"": 63850.0, ""kaynak"": ""BNB""}]",YOK,0.0818,-0.112,0.2381,0.2765,false,,false,11.2312,1,0,3,0,1,3,37.8,39,IZLE,,25,63756.4,,,,,SEVIYE,50,1397.0,140,,,,,,,1785344220,1,0,,22,1266.8,22,,,
31413,2026-07-29 17:00:42.819559+00,63775.05,4371801.727511309,2865597.082999999,11598497571.9408,0.00008649800000000001,48225919.10370996,3061.0808,61.8,BEKLE,false,0.0,3061.0808,1.5056,120.705,44569154.942030005,361.816,0.0,61.8,"[{""usdt"": 12371250.0, ""borsa"": 3, ""fiyat"": 63775.0, ""kaynak"": ""BNB+BYB+OKX""}, {""usdt"": 9021160.0, ""borsa"": 1, ""fiyat"": 63675.0, ""kaynak"": ""BNB""}, {""usdt"": 7572449.0, ""borsa"": 2, ""fiyat"": 63750.0, ""kaynak"": ""BNB+BYB""}]","[{""usdt"": 11504154.0, ""borsa"": 3, ""fiyat"": 63825.0, ""kaynak"": ""BNB+BYB+OKX""}, {""usdt"": 11191631.0, ""borsa"": 1, ""fiyat"": 63875.0, ""kaynak"": ""BNB""}, {""usdt"": 10302733.0, ""borsa"": 3, ""fiyat"": 63800.0, ""kaynak"": ""BNB+BYB+OKX""}]",YOK,0.1014,0.0394,0.2604,0.0068,false,,false,,2,0,3,2,0,3,34.2,35.3,IZLE,,25,63756.4,,,,,SEVIYE,50,1398.0,140,,,,,,,1785344220,1,1,,22,1267.8,22,,,
31414,2026-07-29 17:01:43.306223+00,63825.55,4087905.8126832093,825758.3859999999,11600484048.633999,0.00008649800000000001,44934438.919969976,63.7921,76.1,BEKLE,false,0.0,63.7921,1.5056,181.035,59051535.57040999,422.146,76.1,0.0,"[{""usdt"": 14130021.0, ""borsa"": 3, ""fiyat"": 63800.0, ""kaynak"": ""BNB+BYB+OKX""}, {""usdt"": 8566631.0, ""borsa"": 3, ""fiyat"": 63775.0, ""kaynak"": ""BNB+BYB+OKX""}, {""usdt"": 8368566.0, ""borsa"": 1, ""fiyat"": 63750.0, ""kaynak"": ""BNB""}]","[{""usdt"": 18483241.0, ""borsa"": 3, ""fiyat"": 63825.0, ""kaynak"": ""BNB+BYB+OKX""}, {""usdt"": 11763190.0, ""borsa"": 2, ""fiyat"": 63850.0, ""kaynak"": ""BNB+BYB""}, {""usdt"": 10634767.0, ""borsa"": 1, ""fiyat"": 63900.0, ""kaynak"": ""BNB""}]",YOK,0.1,-0.1358,0.0455,0.8542,false,0,false,,1,0,3,0,1,3,30.6,31.7,IZLE,,25,63851.8,,,,,SEVIYE,50,1389.0,139,,,,,,,1785344220,1,0,,22,1268.9,22,,,
31415,2026-07-29 17:02:44.768338+00,63780.05,4677212.2833016105,1188560.6220000002,11602171450.3496,0.00008649800000000001,45520719.58678995,63.7921,57.7,BEKLE,false,0.0,63.7921,1.5056,242.678,51768843.53069,61.643,57.7,0.0,"[{""usdt"": 15878909.0, ""borsa"": 3, ""fiyat"": 63775.0, ""kaynak"": ""BNB+BYB+OKX""}, {""usdt"": 10779054.0, ""borsa"": 1, ""fiyat"": 63700.0, ""kaynak"": ""BNB""}, {""usdt"": 7231854.0, ""borsa"": 2, ""fiyat"": 63750.0, ""kaynak"": ""BNB+BYB""}]","[{""usdt"": 14998370.0, ""borsa"": 3, ""fiyat"": 63800.0, ""kaynak"": ""BNB+BYB+OKX""}, {""usdt"": 9646453.0, ""borsa"": 3, ""fiyat"": 63825.0, ""kaynak"": ""BNB+BYB+OKX""}, {""usdt"": 8949901.0, ""borsa"": 1, ""fiyat"": 63900.0, ""kaynak"": ""BNB""}]",YOK,-0.0154,-0.0642,0.0905,0.4561,false,0,false,,0,0,3,0,1,3,28.4,29.4,IZLE,,25,63756.4,,,,,SEVIYE,50,1400.0,140,,,,,,,1785344220,1,1,,22,1269.9,22,,,
31416,2026-07-29 17:03:45.264363+00,63793.649999999994,4907400.705388406,1152959.046,11599467070.7929,0.00008649800000000001,45378239.896359965,0.0,66.3,BEKLE,false,0.0,0.0,1.5113,121.923,48904520.750570014,121.923,66.3,0.0,"[{""usdt"": 13183850.0, ""borsa"": 3, ""fiyat"": 63750.0, ""kaynak"": ""BNB+BYB+OKX""}, {""usdt"": 9009622.0, ""borsa"": 1, ""fiyat"": 63700.0, ""kaynak"": ""BNB""}, {""usdt"": 8650601.0, ""borsa"": 1, ""fiyat"": 63675.0, ""kaynak"": ""BNB""}]","[{""usdt"": 13267558.0, ""borsa"": 3, ""fiyat"": 63800.0, ""kaynak"": ""BNB+BYB+OKX""}, {""usdt"": 10409207.0, ""borsa"": 1, ""fiyat"": 63875.0, ""kaynak"": ""BNB""}, {""usdt"": 9162717.0, ""borsa"": 1, ""fiyat"": 63850.0, ""kaynak"": ""BNB""}]",YOK,0.0178,-0.0374,0.0332,0.3045,false,0,false,,1,0,3,0,0,3,24.8,25.9,IZLE,,25,63756.4,,,,,SEVIYE,50,1401.1,140,,,,,,,,,0,,22,1270.9,22,,,
31417,2026-07-29 17:04:45.988922+00,63753.45,5697991.504454007,1138203.797,11604226646.6353,0.00008649800000000001,42662464.795520015,0.0,27.7,BEKLE,true,0.0,0.0,1.5113,0,52950075.37442998,0,27.7,0.0,"[{""usdt"": 10623309.0, ""borsa"": 3, ""fiyat"": 63725.0, ""kaynak"": ""BNB+BYB+OKX""}, {""usdt"": 9071371.0, ""borsa"": 1, ""fiyat"": 63650.0, ""kaynak"": ""BNB""}, {""usdt"": 7804659.0, ""borsa"": 1, ""fiyat"": 63700.0, ""kaynak"": ""BNB""}]","[{""usdt"": 15332340.0, ""borsa"": 3, ""fiyat"": 63775.0, ""kaynak"": ""BNB+BYB+OKX""}, {""usdt"": 11222657.0, ""borsa"": 1, ""fiyat"": 63850.0, ""kaynak"": ""BNB""}, {""usdt"": 8314417.0, ""borsa"": 3, ""fiyat"": 63750.0, ""kaynak"": ""BNB+BYB+OKX""}]",YOK,0.0441,-0.1076,0.4064,0.7734,false,0,false,,1,0,3,0,1,3,21.7,22.8,IZLE,,25,63743.2,,,,,SEVIYE,55,1402.1,141,,,,,,,,,0,,23,1011.6,23,,,
31418,2026-07-29 17:05:46.383543+00,63681.149999999994,1837668.332238703,-347778.94499999995,11605985367.333,0.00008649800000000001,48008055.45487997,10211.2,52.7,BEKLE,true,10211.2,0.0,1.5176,0,47934586.30441009,60.644,52.7,0.0,"[{""usdt"": 12319278.0, ""borsa"": 3, ""fiyat"": 63750.0, ""kaynak"": ""BNB+BYB+OKX""}, {""usdt"": 9556795.0, ""borsa"": 1, ""fiyat"": 63700.0, ""kaynak"": ""BNB""}, {""usdt"": 8486224.0, ""borsa"": 3, ""fiyat"": 63775.0, ""kaynak"": ""BNB+BYB+OKX""}]","[{""usdt"": 15418940.0, ""borsa"": 3, ""fiyat"": 63800.0, ""kaynak"": ""BNB+BYB+OKX""}, {""usdt"": 10112720.0, ""borsa"": 1, ""fiyat"": 63850.0, ""kaynak"": ""BNB""}, {""usdt"": 8420984.0, ""borsa"": 1, ""fiyat"": 63875.0, ""kaynak"": ""BNB""}]",YOK,0.0363,0.0008,0.3304,0.8985,false,0,false,,0,0,3,0,0,3,18.5,19.5,IZLE,,25,63666,,,,,SEVIYE,70,1272.9,128,,,,,,,1785344580,1,0,,23,1012.6,23,,,
31419,2026-07-29 17:06:46.755685+00,63704.95,1428407.9304374033,-421806.062,11600476282.6074,0.00008649800000000001,50091081.539039984,10211.2,21.9,BEKLE,true,10211.2,0.0,1.5176,0,50170626.21900999,0,21.9,0.0,"[{""usdt"": 11703781.0, ""borsa"": 3, ""fiyat"": 63675.0, ""kaynak"": ""BNB+BYB+OKX""}, {""usdt"": 11260068.0, ""borsa"": 1, ""fiyat"": 63600.0, ""kaynak"": ""BNB""}, {""usdt"": 9815160.0, ""borsa"": 1, ""fiyat"": 63625.0, ""kaynak"": ""BNB""}]","[{""usdt"": 15310810.0, ""borsa"": 3, ""fiyat"": 63725.0, ""kaynak"": ""BNB+BYB+OKX""}, {""usdt"": 8558087.0, ""borsa"": 1, ""fiyat"": 63775.0, ""kaynak"": ""BNB""}, {""usdt"": 8104442.0, ""borsa"": 1, ""fiyat"": 63750.0, ""kaynak"": ""BNB""}]",YOK,-0.0821,-0.0008,0.5716,1.9004,false,0,false,,0,1,3,0,1,3,14.9,16,IZLE,,25,63703.7,,,,,SEVIYE,85,1273.9,128,,,,,,,1785344580,1,1,,23,1013.6,23,,,
31420,2026-07-29 17:07:47.078823+00,63708.55,1925141.7662819012,631031.363,11603191561.7827,0.00008649800000000001,51243418.122130014,10211.2,26.2,BEKLE,true,10211.2,0.0,1.5176,60.422,47056145.30411003,60.422,26.2,0.0,"[{""usdt"": 12376549.0, ""borsa"": 3, ""fiyat"": 63700.0, ""kaynak"": ""BNB+BYB+OKX""}, {""usdt"": 11463879.0, ""borsa"": 1, ""fiyat"": 63600.0, ""kaynak"": ""BNB""}, {""usdt"": 11368508.0, ""borsa"": 1, ""fiyat"": 63625.0, ""kaynak"": ""BNB""}]","[{""usdt"": 16325504.0, ""borsa"": 3, ""fiyat"": 63725.0, ""kaynak"": ""BNB+BYB+OKX""}, {""usdt"": 8380577.0, ""borsa"": 1, ""fiyat"": 63800.0, ""kaynak"": ""BNB""}, {""usdt"": 7422178.0, ""borsa"": 1, ""fiyat"": 63775.0, ""kaynak"": ""BNB""}]",YOK,-0.0543,0.0426,0.7554,1.4401,false,0,false,,0,1,3,0,0,3,11.4,12.5,IZLE,,25,63703.7,,,,,SEVIYE,85,1274.9,128,,,,,,,1785344580,1,2,,23,1014.6,23,,,
31421,2026-07-29 17:08:47.465736+00,63758.95,1970356.3081849026,655026.237,11598669688.342602,0.00008649800000000001,48743627.75471998,0.0,24.6,BEKLE,true,0.0,0.0,1.5176,0,55475490.27815997,0,24.6,0.0,"[{""usdt"": 15576623.0, ""borsa"": 3, ""fiyat"": 63750.0, ""kaynak"": ""BNB+BYB+OKX""}, {""usdt"": 8919641.0, ""borsa"": 1, ""fiyat"": 63650.0, ""kaynak"": ""BNB""}, {""usdt"": 8454422.0, ""borsa"": 1, ""fiyat"": 63675.0, ""kaynak"": ""BNB""}]","[{""usdt"": 23142507.0, ""borsa"": 3, ""fiyat"": 63775.0, ""kaynak"": ""BNB+BYB+OKX""}, {""usdt"": 9226559.0, ""borsa"": 1, ""fiyat"": 63850.0, ""kaynak"": ""BNB""}, {""usdt"": 8833202.0, ""borsa"": 2, ""fiyat"": 63800.0, ""kaynak"": ""BNB+BYB""}]",YOK,-0.0559,-0.0646,0.7868,0.682,false,0,false,,0,1,3,0,0,3,7.9,9,IZLE,,25,63743.2,,,,,SEVIYE,55,1406.1,141,,,,,,,,,0,,23,1015.6,23,,,
31422,2026-07-29 17:09:47.904072+00,63735.05,2315153.175299504,875547.7819999998,11621792340.7304,0.00008649800000000001,48888637.58227999,0.0,24.8,BEKLE,true,0.0,0.0,1.5176,0,57518740.31132002,0,24.8,0.0,"[{""usdt"": 12957908.0, ""borsa"": 3, ""fiyat"": 63725.0, ""kaynak"": ""BNB+BYB+OKX""}, {""usdt"": 12325876.0, ""borsa"": 1, ""fiyat"": 63625.0, ""kaynak"": ""BNB""}, {""usdt"": 8523041.0, ""borsa"": 1, ""fiyat"": 63675.0, ""kaynak"": ""BNB""}]","[{""usdt"": 23349775.0, ""borsa"": 3, ""fiyat"": 63750.0, ""kaynak"": ""BNB+BYB+OKX""}, {""usdt"": 10129827.0, ""borsa"": 3, ""fiyat"": 63775.0, ""kaynak"": ""BNB+BYB+OKX""}, {""usdt"": 10032849.0, ""borsa"": 1, ""fiyat"": 63800.0, ""kaynak"": ""BNB""}]",YOK,-0.0803,-0.0811,0.8896,0.3552,false,0,false,,0,1,3,0,1,3,4.1,5.2,IZLE,,25,63743.2,,,,,SEVIYE,55,1407.1,141,,,,,,,,,0,,23,1016.6,23,,,
31423,2026-07-29 17:10:48.444556+00,63837.55,1688016.609229204,46752.208999999995,11628928927.775002,0.00008649800000000001,46680104.13267999,0.0,0.0,BEKLE,,0.0,0.0,1.5176,0,60228154.55592006,0,0.0,0.0,"[{""usdt"": 16552310.0, ""borsa"": 3, ""fiyat"": 63725.0, ""kaynak"": ""BNB+BYB+OKX""}, {""usdt"": 8192067.0, ""borsa"": 1, ""fiyat"": 63775.0, ""kaynak"": ""BNB""}, {""usdt"": 6011933.0, ""borsa"": 2, ""fiyat"": 63750.0, ""kaynak"": ""BNB+OKX""}]","[{""usdt"": 13038028.0, ""borsa"": 2, ""fiyat"": 63750.0, ""kaynak"": ""BYB+OKX""}, {""usdt"": 10281094.0, ""borsa"": 1, ""fiyat"": 63875.0, ""kaynak"": ""BNB""}, {""usdt"": 9704410.0, ""borsa"": 1, ""fiyat"": 63900.0, ""kaynak"": ""BNB""}]",YOK,-0.0007,-0.1267,0.1918,14.7336,false,1.2123,false,,0,1,3,0,1,3,64,63,IZLE,,25,63851.8,,,,,SEVIYE,50,1398.1,140,,,,,,,,,0,,23,1017.6,23,,,
31424,2026-07-29 17:11:49.659573+00,63800.05,2380471.965655903,694471.6010000001,11643206629.3848,0.00008649800000000001,47588871.65168999,63.815400000000004,28.3,BEKLE,true,0.0,63.815400000000004,1.5176,61.371,55268316.586110055,61.371,0.0,28.3,"[{""usdt"": 14160098.0, ""borsa"": 3, ""fiyat"": 63825.0, ""kaynak"": ""BNB+BYB+OKX""}, {""usdt"": 8192067.0, ""borsa"": 1, ""fiyat"": 63775.0, ""kaynak"": ""BNB""}, {""usdt"": 7100863.0, ""borsa"": 1, ""fiyat"": 63725.0, ""kaynak"": ""BNB""}]","[{""usdt"": 19055977.0, ""borsa"": 3, ""fiyat"": 63850.0, ""kaynak"": ""BNB+BYB+OKX""}, {""usdt"": 11128473.0, ""borsa"": 3, ""fiyat"": 63875.0, ""kaynak"": ""BNB+BYB+OKX""}, {""usdt"": 9704410.0, ""borsa"": 1, ""fiyat"": 63900.0, ""kaynak"": ""BNB""}]",YOK,0.0555,-0.0747,0.348,2.5536,false,0.8843,false,,1,1,3,0,0,3,62,63.1,IZLE,,25,63851.8,,,,,SEVIYE,50,1399.1,140,,,,,,,1785345000,1,0,,23,1018.6,23,,,
31425,2026-07-29 17:12:49.904769+00,63798.350000000006,2146655.4886464034,672262.1480000002,11632763166.6913,0.00008649800000000001,42378179.518909976,63.815400000000004,6.4,BEKLE,,0.0,63.815400000000004,1.5221,0,49368234.25381,121.595,0.0,6.4,"[{""usdt"": 11745156.0, ""borsa"": 3, ""fiyat"": 63775.0, ""kaynak"": ""BNB+BYB+OKX""}, {""usdt"": 8179538.0, ""borsa"": 1, ""fiyat"": 63700.0, ""kaynak"": ""BNB""}, {""usdt"": 8062477.0, ""borsa"": 1, ""fiyat"": 63725.0, ""kaynak"": ""BNB""}]","[{""usdt"": 13169104.0, ""borsa"": 3, ""fiyat"": 63825.0, ""kaynak"": ""BNB+BYB+OKX""}, {""usdt"": 9550170.0, ""borsa"": 1, ""fiyat"": 63875.0, ""kaynak"": ""BNB""}, {""usdt"": 8543312.0, ""borsa"": 3, ""fiyat"": 63800.0, ""kaynak"": ""BNB+BYB+OKX""}]",YOK,-0.0508,-0.0762,,,false,0.3829,false,,0,1,3,0,0,3,58,59.1,IZLE,,25,63851.8,,,,,SEVIYE,50,1400.1,140,,,,,,,1785345000,1,1,,23,1019.6,23,,,
31426,2026-07-29 17:13:50.159778+00,63810.55,2255508.2840023036,677758.925,11636918089.548,0.00008649800000000001,44708021.89004997,63.815400000000004,5.5,BEKLE,,0.0,63.815400000000004,1.5221,60.294,47692246.81405,181.889,0.0,5.5,"[{""usdt"": 15054216.0, ""borsa"": 3, ""fiyat"": 63800.0, ""kaynak"": ""BNB+BYB+OKX""}, {""usdt"": 9094947.0, ""borsa"": 1, ""fiyat"": 63750.0, ""kaynak"": ""BNB""}, {""usdt"": 6732430.0, ""borsa"": 2, ""fiyat"": 63775.0, ""kaynak"": ""BNB+BYB""}]","[{""usdt"": 16478333.0, ""borsa"": 3, ""fiyat"": 63825.0, ""kaynak"": ""BNB+BYB+OKX""}, {""usdt"": 8696931.0, ""borsa"": 3, ""fiyat"": 63850.0, ""kaynak"": ""BNB+BYB+OKX""}, {""usdt"": 8010239.0, ""borsa"": 1, ""fiyat"": 63875.0, ""kaynak"": ""BNB""}]",YOK,0.125,-0.0323,,,false,0.2163,false,,1,0,3,0,0,3,54.4,55.4,IZLE,,25,63851.8,,,,,SEVIYE,50,1401.1,140,,,,,,,1785345000,1,2,,23,1020.6,23,,,
31427,2026-07-29 17:14:50.934228+00,63829.850000000006,2309649.7243060037,452546.51999999996,11635745976.7519,0.00008649800000000001,49490552.93053997,63.815400000000004,40.2,BEKLE,false,0.0,63.815400000000004,1.5221,121.057,48509474.98889001,242.652,40.2,0.0,"[{""usdt"": 11575150.0, ""borsa"": 3, ""fiyat"": 63800.0, ""kaynak"": ""BNB+BYB+OKX""}, {""usdt"": 10369592.0, ""borsa"": 3, ""fiyat"": 63775.0, ""kaynak"": ""BNB+BYB+OKX""}, {""usdt"": 9049554.0, ""borsa"": 1, ""fiyat"": 63700.0, ""kaynak"": ""BNB""}]","[{""usdt"": 17745433.0, ""borsa"": 3, ""fiyat"": 63825.0, ""kaynak"": ""BNB+BYB+OKX""}, {""usdt"": 9675451.0, ""borsa"": 1, ""fiyat"": 63875.0, ""kaynak"": ""BNB""}, {""usdt"": 7639869.0, ""borsa"": 1, ""fiyat"": 63900.0, ""kaynak"": ""BNB""}]",YOK,0.0576,0.01,0.0077,9.6928,false,0.21,false,,0,0,3,0,0,3,51.3,52.4,IZLE,,25,63833.6,,,,,SEVIYE,50,1402.1,141,,,,,,,1785345000,1,3,,22,1021.6,22,,,
31428,2026-07-29 17:15:51.258118+00,63800.05,1147296.498685005,1665912.381,11637476635.063099,0.00008649800000000001,49422799.3668,0.0,64.1,BEKLE,true,0.0,0.0,1.5221,60.261,50363817.67139996,0,0.0,64.1,"[{""usdt"": 13412414.0, ""borsa"": 3, ""fiyat"": 63825.0, ""kaynak"": ""BNB+BYB+OKX""}, {""usdt"": 7830328.0, ""borsa"": 1, ""fiyat"": 63775.0, ""kaynak"": ""BNB""}, {""usdt"": 7806798.0, ""borsa"": 1, ""fiyat"": 63800.0, ""kaynak"": ""BNB""}]","[{""usdt"": 13838970.0, ""borsa"": 3, ""fiyat"": 63875.0, ""kaynak"": ""BNB+BYB+OKX""}, {""usdt"": 10027098.0, ""borsa"": 1, ""fiyat"": 63950.0, ""kaynak"": ""BNB""}, {""usdt"": 8681279.0, ""borsa"": 1, ""fiyat"": 63900.0, ""kaynak"": ""BNB""}]",YOK,0.1178,-0.0094,0.1669,0.8397,false,0.1142,false,,1,0,3,1,0,3,47.6,48.8,IZLE,,25,63833.6,,,,,SEVIYE,50,1403.1,141,,,,,,,,,0,,22,1022.6,22,,,
31429,2026-07-29 17:16:52.083157+00,63792.45,1087733.1375800057,1401612.026,11635180275.314,0.00008649800000000001,47234559.27847007,0.0,29.2,BEKLE,true,0.0,0.0,1.5221,0,50203336.444230005,0,0.0,29.2,"[{""usdt"": 13712700.0, ""borsa"": 3, ""fiyat"": 63800.0, ""kaynak"": ""BNB+BYB+OKX""}, {""usdt"": 10238794.0, ""borsa"": 1, ""fiyat"": 63700.0, ""kaynak"": ""BNB""}, {""usdt"": 7669050.0, ""borsa"": 3, ""fiyat"": 63775.0, ""kaynak"": ""BNB+BYB+OKX""}]","[{""usdt"": 18797753.0, ""borsa"": 3, ""fiyat"": 63825.0, ""kaynak"": ""BNB+BYB+OKX""}, {""usdt"": 9588166.0, ""borsa"": 1, ""fiyat"": 63900.0, ""kaynak"": ""BNB""}, {""usdt"": 7092955.0, ""borsa"": 1, ""fiyat"": 63875.0, ""kaynak"": ""BNB""}]",YOK,0.0879,-0.0305,0.523,0.2232,false,0.1406,false,,0,0,3,0,0,3,44.4,45.5,IZLE,,25,63756.4,,,,,SEVIYE,50,1414.2,142,,,,,,,,,0,,22,1023.7,22,,,
31430,2026-07-29 17:17:52.473055+00,63749.149999999994,772200.8523234054,1196819.026,11626734005.3631,0.00008649800000000001,43451860.001949966,0.0,27.3,BEKLE,false,0.0,0.0,1.5221,60.52,48553779.59625998,60.52,0.0,27.3,"[{""usdt"": 12069442.0, ""borsa"": 3, ""fiyat"": 63750.0, ""kaynak"": ""BNB+BYB+OKX""}, {""usdt"": 10019478.0, ""borsa"": 1, ""fiyat"": 63700.0, ""kaynak"": ""BNB""}, {""usdt"": 7288716.0, ""borsa"": 1, ""fiyat"": 63675.0, ""kaynak"": ""BNB""}]","[{""usdt"": 12793939.0, ""borsa"": 3, ""fiyat"": 63800.0, ""kaynak"": ""BNB+BYB+OKX""}, {""usdt"": 9134284.0, ""borsa"": 1, ""fiyat"": 63850.0, ""kaynak"": ""BNB""}, {""usdt"": 9122554.0, ""borsa"": 3, ""fiyat"": 63775.0, ""kaynak"": ""BNB+BYB+OKX""}]",YOK,0.0553,-0.0555,0.6111,1.5882,false,0.2161,false,,0,0,3,0,1,3,41,42.1,IZLE,,25,63756.4,,,,,SEVIYE,50,1415.2,142,,,,,,,,,0,,22,1024.7,22,,,
31431,2026-07-29 17:18:52.81587+00,63748.850000000006,863867.9933101048,-82061.52000000005,11625206365.2956,0.00008649800000000001,48106742.37459001,0.0,33.0,BEKLE,,0.0,0.0,1.5265,60.384,45992097.07830996,120.904,33.0,0.0,"[{""usdt"": 14529254.0, ""borsa"": 3, ""fiyat"": 63750.0, ""kaynak"": ""BNB+BYB+OKX""}, {""usdt"": 8864155.0, ""borsa"": 1, ""fiyat"": 63700.0, ""kaynak"": ""BNB""}, {""usdt"": 7586215.0, ""borsa"": 1, ""fiyat"": 63675.0, ""kaynak"": ""BNB""}]","[{""usdt"": 12702169.0, ""borsa"": 3, ""fiyat"": 63800.0, ""kaynak"": ""BNB+BYB+OKX""}, {""usdt"": 9510216.0, ""borsa"": 1, ""fiyat"": 63850.0, ""kaynak"": ""BNB""}, {""usdt"": 8168195.0, ""borsa"": 1, ""fiyat"": 63825.0, ""kaynak"": ""BNB""}]",YOK,0.02,0.0225,0.5235,1.6847,false,0.3646,false,,0,1,3,0,0,3,37.5,38.6,IZLE,,25,63756.4,,,,,SEVIYE,50,1416.2,142,,,,,,,,,0,,22,1025.7,22,,,
31432,2026-07-29 17:19:53.078582+00,63761.05,890200.8588511038,-173199.02899999998,11622525703.4802,0.00008649800000000001,46997963.82334001,0.0,28.8,BEKLE,true,0.0,0.0,1.5265,120.679,53822115.51884001,120.679,28.8,0.0,"[{""usdt"": 12375961.0, ""borsa"": 3, ""fiyat"": 63750.0, ""kaynak"": ""BNB+BYB+OKX""}, {""usdt"": 9807576.0, ""borsa"": 1, ""fiyat"": 63700.0, ""kaynak"": ""BNB""}, {""usdt"": 9532881.0, ""borsa"": 1, ""fiyat"": 63650.0, ""kaynak"": ""BNB""}]","[{""usdt"": 21911256.0, ""borsa"": 3, ""fiyat"": 63775.0, ""kaynak"": ""BNB+BYB+OKX""}, {""usdt"": 10300036.0, ""borsa"": 1, ""fiyat"": 63850.0, ""kaynak"": ""BNB""}, {""usdt"": 7225514.0, ""borsa"": 3, ""fiyat"": 63800.0, ""kaynak"": ""BNB+BYB+OKX""}]",YOK,-0.0042,-0.0677,0.5764,2.0272,false,0.0526,false,,0,1,3,0,0,3,33.9,35,IZLE,,25,63756.4,,,,,SEVIYE,50,1417.2,142,,,,,,,,,0,,22,1026.7,22,,,
31433,2026-07-29 17:20:54.263814+00,63782.45,942947.0192742989,1761230.413,11625737988.9804,0.00008649800000000001,47670306.88415996,0.0,14.8,BEKLE,false,0.0,0.0,1.5265,181.819,52095969.37963994,121.435,0.0,14.8,"[{""usdt"": 12326877.0, ""borsa"": 3, ""fiyat"": 63775.0, ""kaynak"": ""BNB+BYB+OKX""}, {""usdt"": 10873232.0, ""borsa"": 1, ""fiyat"": 63700.0, ""kaynak"": ""BNB""}, {""usdt"": 7669617.0, ""borsa"": 3, ""fiyat"": 63750.0, ""kaynak"": ""BNB+BYB+OKX""}]","[{""usdt"": 20623192.0, ""borsa"": 3, ""fiyat"": 63800.0, ""kaynak"": ""BNB+BYB+OKX""}, {""usdt"": 8510606.0, ""borsa"": 1, ""fiyat"": 63850.0, ""kaynak"": ""BNB""}, {""usdt"": 8138865.0, ""borsa"": 1, ""fiyat"": 63875.0, ""kaynak"": ""BNB""}]",YOK,0.022,-0.0444,,,true,0.0329,false,,0,0,3,0,0,3,31.2,32.3,IZLE,,25,63756.4,,,,,SEVIYE,50,1418.2,142,,,,,,,,,0,,22,1027.7,22,,,
31434,2026-07-29 17:21:54.6465+00,63808.75,990769.6489624985,1728115.55,11626760071.8718,0.00008649800000000001,49444166.419219986,0.0,29.0,BEKLE,,0.0,0.0,1.5278,242.11,50972422.46007999,60.291,0.0,29.0,"[{""usdt"": 13272888.0, ""borsa"": 3, ""fiyat"": 63775.0, ""kaynak"": ""BNB+BYB+OKX""}, {""usdt"": 8383959.0, ""borsa"": 1, ""fiyat"": 63675.0, ""kaynak"": ""BNB""}, {""usdt"": 7393878.0, ""borsa"": 1, ""fiyat"": 63700.0, ""kaynak"": ""BNB""}]","[{""usdt"": 17081860.0, ""borsa"": 3, ""fiyat"": 63825.0, ""kaynak"": ""BNB+BYB+OKX""}, {""usdt"": 8828465.0, ""borsa"": 1, ""fiyat"": 63875.0, ""kaynak"": ""BNB""}, {""usdt"": 8155797.0, ""borsa"": 1, ""fiyat"": 63850.0, ""kaynak"": ""BNB""}]",YOK,0.0577,-0.0152,,,true,0.0658,false,,0,0,3,1,0,3,27.6,28.7,IZLE,,25,63833.6,,,,,SEVIYE,50,1409.2,141,,,,,,,,,0,,22,1028.7,22,,,
31435,2026-07-29 17:22:55.352401+00,63786.95,1004523.8839463973,1768651.1730000004,11624840419.6152,0.00008649800000000001,49755054.19407002,0.0,24.0,BEKLE,false,0.0,0.0,1.5278,302.784,52377614.58163,120.965,0.0,24.0,"[{""usdt"": 12808215.0, ""borsa"": 3, ""fiyat"": 63750.0, ""kaynak"": ""BNB+BYB+OKX""}, {""usdt"": 9880280.0, ""borsa"": 1, ""fiyat"": 63700.0, ""kaynak"": ""BNB""}, {""usdt"": 9411386.0, ""borsa"": 1, ""fiyat"": 63675.0, ""kaynak"": ""BNB""}]","[{""usdt"": 19156789.0, ""borsa"": 3, ""fiyat"": 63800.0, ""kaynak"": ""BNB+BYB+OKX""}, {""usdt"": 9368581.0, ""borsa"": 1, ""fiyat"": 63875.0, ""kaynak"": ""BNB""}, {""usdt"": 6958704.0, ""borsa"": 1, ""fiyat"": 63850.0, ""kaynak"": ""BNB""}]",YOK,-0.0206,-0.0257,0.1959,2.3162,true,0.0703,false,,0,0,3,0,0,3,23.7,24.8,IZLE,,25,63756.4,,,,,SEVIYE,50,1420.2,142,,,,,,,,,0,,22,1029.7,22,,,
31436,2026-07-29 17:23:55.905956+00,63819.45,750341.0317543976,1700397.9530000002,11631064038.061901,0.00008649800000000001,45293426.57431997,0.0,46.1,BEKLE,true,0.0,0.0,1.5278,363.45,52130437.66679996,0,0.0,46.1,"[{""usdt"": 10850453.0, ""borsa"": 3, ""fiyat"": 63800.0, ""kaynak"": ""BNB+BYB+OKX""}, {""usdt"": 10508090.0, ""borsa"": 3, ""fiyat"": 63775.0, ""kaynak"": ""BNB+BYB+OKX""}, {""usdt"": 9808700.0, ""borsa"": 1, ""fiyat"": 63750.0, ""kaynak"": ""BNB""}]","[{""usdt"": 19427962.0, ""borsa"": 3, ""fiyat"": 63825.0, ""kaynak"": ""BNB+BYB+OKX""}, {""usdt"": 8932925.0, ""borsa"": 1, ""fiyat"": 63900.0, ""kaynak"": ""BNB""}, {""usdt"": 7967723.0, ""borsa"": 1, ""fiyat"": 63875.0, ""kaynak"": ""BNB""}]",YOK,0.003,-0.0702,0.0368,1.6625,true,0.1115,false,,0,0,3,0,0,3,20.6,21.7,IZLE,,25,63833.6,,,,,SEVIYE,50,1411.2,141,,,,,,,,,0,,22,1030.7,22,,,
31437,2026-07-29 17:24:56.204327+00,63788.55,568115.0733162,1778049.192,11625691067.1705,0.00008649800000000001,49075008.30314,0.0,45.9,BEKLE,false,0.0,0.0,1.5278,120.991,45200801.65472995,0,0.0,45.9,"[{""usdt"": 13012274.0, ""borsa"": 3, ""fiyat"": 63750.0, ""kaynak"": ""BNB+BYB+OKX""}, {""usdt"": 9075702.0, ""borsa"": 1, ""fiyat"": 63725.0, ""kaynak"": ""BNB""}, {""usdt"": 8990640.0, ""borsa"": 1, ""fiyat"": 63675.0, ""kaynak"": ""BNB""}]","[{""usdt"": 12398680.0, ""borsa"": 3, ""fiyat"": 63800.0, ""kaynak"": ""BNB+BYB+OKX""}, {""usdt"": 8086623.0, ""borsa"": 1, ""fiyat"": 63850.0, ""kaynak"": ""BNB""}, {""usdt"": 7430893.0, ""borsa"": 1, ""fiyat"": 63875.0, ""kaynak"": ""BNB""}]",YOK,-0.0172,0.0411,0.0901,0.5656,true,0.1043,false,,0,0,3,0,0,3,17,18.1,IZLE,,25,63833.6,,,,,SEVIYE,50,1412.2,142,,,,,,,,,0,,23,1292.1,23,,,
31438,2026-07-29 17:25:56.574284+00,63769.25,90748.49759050053,-495787.877,11623912099.8284,0.00008649800000000001,44634170.951920085,0.0,66.7,BEKLE,true,0.0,0.0,1.5278,181.295,44162522.06063997,60.304,66.7,0.0,"[{""usdt"": 14240992.0, ""borsa"": 3, ""fiyat"": 63750.0, ""kaynak"": ""BNB+BYB+OKX""}, {""usdt"": 8209115.0, ""borsa"": 1, ""fiyat"": 63700.0, ""kaynak"": ""BNB""}, {""usdt"": 7752874.0, ""borsa"": 1, ""fiyat"": 63650.0, ""kaynak"": ""BNB""}]","[{""usdt"": 12192625.0, ""borsa"": 3, ""fiyat"": 63775.0, ""kaynak"": ""BNB+BYB+OKX""}, {""usdt"": 11336271.0, ""borsa"": 3, ""fiyat"": 63800.0, ""kaynak"": ""BNB+BYB+OKX""}, {""usdt"": 6380376.0, ""borsa"": 1, ""fiyat"": 63850.0, ""kaynak"": ""BNB""}]",YOK,-0.0131,0.0053,0.1847,0.2102,true,0.4224,false,,0,1,3,0,0,3,13.4,14.5,IZLE,,25,63743,,,,,SEVIYE,75,1423.2,143,,,,,,,,,0,,23,1293.1,23,,,
31439,2026-07-29 17:26:57.464426+00,63797.45,615510.558382301,-280744.817,11626576128.6745,0.00008649800000000001,50151563.68161998,0.0,77.0,BEKLE,true,0.0,0.0,1.5297,242.262,49285818.22796995,121.271,77.0,0.0,"[{""usdt"": 10425492.0, ""borsa"": 3, ""fiyat"": 63775.0, ""kaynak"": ""BNB+BYB+OKX""}, {""usdt"": 9078982.0, ""borsa"": 1, ""fiyat"": 63725.0, ""kaynak"": ""BNB""}, {""usdt"": 9000925.0, ""borsa"": 1, ""fiyat"": 63700.0, ""kaynak"": ""BNB""}]","[{""usdt"": 18459594.0, ""borsa"": 3, ""fiyat"": 63800.0, ""kaynak"": ""BNB+BYB+OKX""}, {""usdt"": 9173920.0, ""borsa"": 3, ""fiyat"": 63825.0, ""kaynak"": ""BNB+BYB+OKX""}, {""usdt"": 9032129.0, ""borsa"": 1, ""fiyat"": 63850.0, ""kaynak"": ""BNB""}]",YOK,0.0106,0.0087,0.1008,0.2229,false,,true,0,0,0,3,0,1,3,10.6,11.6,IZLE,,25,63833.6,,,,,SEVIYE,50,1414.2,142,,,,,,,,,0,,23,1294.1,23,,,
31440,2026-07-29 17:27:57.738468+00,63760.05,805220.5113437022,-220321.14200000002,11627747079.6147,0.00008649800000000001,50519914.85369002,0.0,76.5,BEKLE,true,0.0,0.0,1.5297,302.54,47777047.46068998,60.278,76.5,0.0,"[{""usdt"": 15182685.0, ""borsa"": 3, ""fiyat"": 63750.0, ""kaynak"": ""BNB+BYB+OKX""}, {""usdt"": 10312579.0, ""borsa"": 2, ""fiyat"": 63725.0, ""kaynak"": ""BNB+BYB""}, {""usdt"": 9720662.0, ""borsa"": 1, ""fiyat"": 63675.0, ""kaynak"": ""BNB""}]","[{""usdt"": 16049115.0, ""borsa"": 3, ""fiyat"": 63775.0, ""kaynak"": ""BNB+BYB+OKX""}, {""usdt"": 9434595.0, ""borsa"": 1, ""fiyat"": 63850.0, ""kaynak"": ""BNB""}, {""usdt"": 7739751.0, ""borsa"": 1, ""fiyat"": 63875.0, ""kaynak"": ""BNB""}]",YOK,0.0161,0.0279,0.0567,0.5625,false,,false,0,0,0,3,0,0,3,7,8,IZLE,,25,63743,,,,,SEVIYE,75,1425.3,143,,,,,,,,,0,,23,1295.1,23,,,
31441,2026-07-29 17:28:58.057311+00,63764.350000000006,729507.7527867022,-125708.45599999998,11625799685.8234,0.00008649800000000001,49916223.391660064,0.0,66.0,BEKLE,true,0.0,0.0,1.5297,362.899,48043191.21863002,60.359,66.0,0.0,"[{""usdt"": 13468780.0, ""borsa"": 3, ""fiyat"": 63750.0, ""kaynak"": ""BNB+BYB+OKX""}, {""usdt"": 10379453.0, ""borsa"": 1, ""fiyat"": 63650.0, ""kaynak"": ""BNB""}, {""usdt"": 9013343.0, ""borsa"": 3, ""fiyat"": 63725.0, ""kaynak"": ""BNB+BYB+OKX""}]","[{""usdt"": 16697442.0, ""borsa"": 3, ""fiyat"": 63775.0, ""kaynak"": ""BNB+BYB+OKX""}, {""usdt"": 8923327.0, ""borsa"": 1, ""fiyat"": 63825.0, ""kaynak"": ""BNB""}, {""usdt"": 8646576.0, ""borsa"": 1, ""fiyat"": 63850.0, ""kaynak"": ""BNB""}]",YOK,-0.0175,0.0191,0.0068,1.3206,false,,false,0,0,1,3,0,0,3,3.5,4.5,IZLE,,25,63743,,,,,SEVIYE,75,1426.3,143,,,,,,,,,0,,23,1296.1,23,,,
31442,2026-07-29 17:29:58.696622+00,63731.95,579089.6020885028,-142610.392,11622474090.516098,0.00008649800000000001,52375045.398460045,0.0,60.0,BEKLE,true,0.0,0.0,1.5297,423.498,45205976.28063001,0,60.0,0.0,"[{""usdt"": 11666349.0, ""borsa"": 1, ""fiyat"": 63650.0, ""kaynak"": ""BNB""}, {""usdt"": 10017434.0, ""borsa"": 1, ""fiyat"": 63625.0, ""kaynak"": ""BNB""}, {""usdt"": 8550991.0, ""borsa"": 2, ""fiyat"": 63750.0, ""kaynak"": ""BYB+OKX""}]","[{""usdt"": 18645799.0, ""borsa"": 3, ""fiyat"": 63775.0, ""kaynak"": ""BNB+BYB+OKX""}, {""usdt"": 9327000.0, ""borsa"": 2, ""fiyat"": 63800.0, ""kaynak"": ""BNB+OKX""}, {""usdt"": 6639786.0, ""borsa"": 1, ""fiyat"": 63825.0, ""kaynak"": ""BNB""}]",YOK,-0.0436,0.0735,0.0034,1.2947,false,,false,0,0,1,3,0,0,3,63.6,62.6,IZLE,,25,63743,,,,,SEVIYE,75,1427.3,143,,,,,,,,,0,,23,1297.1,23,,,
31443,2026-07-29 17:30:59.050451+00,63710.55,799680.6829593055,590591.5610000001,11621233564.4605,0.00008649800000000001,52272897.909400046,0.0,34.5,BEKLE,false,0.0,0.0,1.5297,483.811,45992761.60767002,60.313,0.0,34.5,"[{""usdt"": 12271984.0, ""borsa"": 3, ""fiyat"": 63725.0, ""kaynak"": ""BNB+BYB+OKX""}, {""usdt"": 11666349.0, ""borsa"": 1, ""fiyat"": 63650.0, ""kaynak"": ""BNB""}, {""usdt"": 10017434.0, ""borsa"": 1, ""fiyat"": 63625.0, ""kaynak"": ""BNB""}]","[{""usdt"": 17107787.0, ""borsa"": 3, ""fiyat"": 63750.0, ""kaynak"": ""BNB+BYB+OKX""}, {""usdt"": 9074527.0, ""borsa"": 1, ""fiyat"": 63800.0, ""kaynak"": ""BNB""}, {""usdt"": 8129714.0, ""borsa"": 2, ""fiyat"": 63775.0, ""kaynak"": ""BNB+BYB""}]",YOK,-0.0239,0.0639,0.2813,1.7124,false,,true,0,0,0,3,0,1,3,60.5,61.6,IZLE,,25,63704.9,,,,,SEVIYE,85,1298.1,130,,,,,,,,,0,,23,1298.1,23,,,
31444,2026-07-29 17:31:59.498621+00,63767.149999999994,1387028.4106592052,500204.887,11629449728.715,0.00008649800000000001,57883717.59397003,0.0,32.4,BEKLE,false,0.0,0.0,1.5297,363.021,44421010.274340026,120.818,0.0,32.4,"[{""usdt"": 18553314.0, ""borsa"": 3, ""fiyat"": 63675.0, ""kaynak"": ""BNB+BYB+OKX""}, {""usdt"": 13580497.0, ""borsa"": 3, ""fiyat"": 63700.0, ""kaynak"": ""BNB+BYB+OKX""}, {""usdt"": 10290574.0, ""borsa"": 1, ""fiyat"": 63650.0, ""kaynak"": ""BNB""}]","[{""usdt"": 16005228.0, ""borsa"": 3, ""fiyat"": 63725.0, ""kaynak"": ""BNB+BYB+OKX""}, {""usdt"": 7373927.0, ""borsa"": 1, ""fiyat"": 63775.0, ""kaynak"": ""BNB""}, {""usdt"": 7318845.0, ""borsa"": 1, ""fiyat"": 63825.0, ""kaynak"": ""BNB""}]",YOK,-0.0567,0.1316,0.3721,1.0738,false,,true,0.0269,0,1,3,1,0,3,57.1,58.2,IZLE,,25,63743,,,,,SEVIYE,75,1429.3,143,,,,,,,,,0,,23,1299.1,23,,,
31445,2026-07-29 17:32:59.922499+00,63799.95,1387999.7679050048,496914.57800000004,11635607632.8,0.00008649800000000001,47308739.78324002,0.0,31.4,BEKLE,false,0.0,0.0,1.5297,0,45133917.504910015,181.143,0.0,31.4,"[{""usdt"": 13027963.0, ""borsa"": 3, ""fiyat"": 63750.0, ""kaynak"": ""BNB+BYB+OKX""}, {""usdt"": 8497135.0, ""borsa"": 3, ""fiyat"": 63775.0, ""kaynak"": ""BNB+BYB+OKX""}, {""usdt"": 7984098.0, ""borsa"": 1, ""fiyat"": 63675.0, ""kaynak"": ""BNB""}]","[{""usdt"": 13980743.0, ""borsa"": 3, ""fiyat"": 63800.0, ""kaynak"": ""BNB+BYB+OKX""}, {""usdt"": 8685077.0, ""borsa"": 1, ""fiyat"": 63825.0, ""kaynak"": ""BNB""}, {""usdt"": 7630058.0, ""borsa"": 1, ""fiyat"": 63850.0, ""kaynak"": ""BNB""}]",YOK,-0.0141,0.0235,0.3277,1.6495,false,,true,0.0624,0,0,3,1,0,3,53.1,54.7,IZLE,,25,63833.6,,,,,SEVIYE,50,1420.3,142,,,,,,,,,0,,23,1300.1,23,,,
31446,2026-07-29 17:34:00.262446+00,63851.95,1728530.7011246057,547029.479,11642973253.2859,0.00008649800000000001,50957493.559779994,0.0,20.4,BEKLE,false,0.0,0.0,1.5316,60.435,54416137.28649,0,0.0,20.4,"[{""usdt"": 16782929.0, ""borsa"": 3, ""fiyat"": 63800.0, ""kaynak"": ""BNB+BYB+OKX""}, {""usdt"": 8628519.0, ""borsa"": 1, ""fiyat"": 63750.0, ""kaynak"": ""BNB""}, {""usdt"": 7450003.0, ""borsa"": 1, ""fiyat"": 63700.0, ""kaynak"": ""BNB""}]","[{""usdt"": 20986481.0, ""borsa"": 3, ""fiyat"": 63825.0, ""kaynak"": ""BNB+BYB+OKX""}, {""usdt"": 10492086.0, ""borsa"": 3, ""fiyat"": 63850.0, ""kaynak"": ""BNB+BYB+OKX""}, {""usdt"": 9418261.0, ""borsa"": 1, ""fiyat"": 63900.0, ""kaynak"": ""BNB""}]",YOK,0.0629,-0.0328,0.4712,3.0371,false,,false,0.0793,1,0,3,0,0,3,49.7,50.8,IZLE,,25,63833.6,,,,,SEVIYE,50,1421.3,142,,,,,,,,,0,,23,1301.1,23,,,
31447,2026-07-29 17:35:00.68133+00,63850.05,1747604.6804506045,538160.38,11645344718.0951,0.00008649800000000001,44372044.35131001,1468.55,15.7,BEKLE,,0.0,1468.55,1.5316,0,56423575.08995995,60.419,0.0,15.7,"[{""usdt"": 12444373.0, ""borsa"": 3, ""fiyat"": 63850.0, ""kaynak"": ""BNB+BYB+OKX""}, {""usdt"": 8924368.0, ""borsa"": 3, ""fiyat"": 63825.0, ""kaynak"": ""BNB+BYB+OKX""}, {""usdt"": 8545320.0, ""borsa"": 1, ""fiyat"": 63800.0, ""kaynak"": ""BNB""}]","[{""usdt"": 17409667.0, ""borsa"": 3, ""fiyat"": 63875.0, ""kaynak"": ""BNB+BYB+OKX""}, {""usdt"": 13543190.0, ""borsa"": 1, ""fiyat"": 63900.0, ""kaynak"": ""BNB""}, {""usdt"": 9494122.0, ""borsa"": 1, ""fiyat"": 63950.0, ""kaynak"": ""BNB""}]",YOK,0.0775,-0.1196,0.5254,3.6953,false,,false,0.0355,0,0,3,0,1,3,46.2,47.3,IZLE,,25,63833.6,,,,,SEVIYE,50,1422.3,143,,,,,,,1785346440,1,0,,23,1302.1,23,,,
31448,2026-07-29 17:36:00.985774+00,63800.05,1608808.846454004,366743.66000000003,11637206143.4156,0.00008649800000000001,44266793.86683002,1468.5522999999998,26.0,BEKLE,true,0.0,1468.5522999999998,1.5316,60.286,57391221.75289999,60.286,26.0,0.0,"[{""usdt"": 13801210.0, ""borsa"": 3, ""fiyat"": 63850.0, ""kaynak"": ""BNB+BYB+OKX""}, {""usdt"": 8495207.0, ""borsa"": 3, ""fiyat"": 63825.0, ""kaynak"": ""BNB+BYB+OKX""}, {""usdt"": 8070456.0, ""borsa"": 1, ""fiyat"": 63800.0, ""kaynak"": ""BNB""}]","[{""usdt"": 19946577.0, ""borsa"": 3, ""fiyat"": 63875.0, ""kaynak"": ""BNB+BYB+OKX""}, {""usdt"": 13313117.0, ""borsa"": 2, ""fiyat"": 63900.0, ""kaynak"": ""BNB+BYB""}, {""usdt"": 8376634.0, ""borsa"": 1, ""fiyat"": 63925.0, ""kaynak"": ""BNB""}]",YOK,0.0673,-0.1291,0.6999,5.3884,false,,false,0.0382,1,0,3,0,1,3,42.2,43.3,IZLE,,25,63833.6,,,,,SEVIYE,50,1423.3,143,,,,,,,1785346440,1,0,,23,1303.1,23,,,
31449,2026-07-29 17:37:01.288672+00,63797.05,1677215.2000364033,325121.881,11636599741.0985,0.00008649800000000001,45272997.611200064,1468.5522999999998,20.6,BEKLE,true,0.0,1468.5522999999998,1.5342,0,49642684.77444999,60.303,20.6,0.0,"[{""usdt"": 10961282.0, ""borsa"": 3, ""fiyat"": 63775.0, ""kaynak"": ""BNB+BYB+OKX""}, {""usdt"": 9070746.0, ""borsa"": 1, ""fiyat"": 63700.0, ""kaynak"": ""BNB""}, {""usdt"": 8242694.0, ""borsa"": 1, ""fiyat"": 63725.0, ""kaynak"": ""BNB""}]","[{""usdt"": 15302046.0, ""borsa"": 3, ""fiyat"": 63825.0, ""kaynak"": ""BNB+BYB+OKX""}, {""usdt"": 10404342.0, ""borsa"": 1, ""fiyat"": 63900.0, ""kaynak"": ""BNB""}, {""usdt"": 6936264.0, ""borsa"": 1, ""fiyat"": 63850.0, ""kaynak"": ""BNB""}]",YOK,0.0785,-0.046,,,false,,false,0.0438,0,0,3,0,1,3,38.6,39.7,IZLE,,25,63833.6,,,,,SEVIYE,50,1424.3,143,,,,,,,1785346440,1,1,,23,1304.1,23,,,
31450,2026-07-29 17:38:01.57324+00,63835.649999999994,1677215.2000364033,325121.881,11636599741.0985,0.00008649800000000001,54157176.858919986,1468.5522999999998,17.2,BEKLE,,0.0,1468.5522999999998,1.5342,60.311,57445707.719240025,120.614,17.2,0.0,"[{""usdt"": 15881680.0, ""borsa"": 3, ""fiyat"": 63825.0, ""kaynak"": ""BNB+BYB+OKX""}, {""usdt"": 9574305.0, ""borsa"": 1, ""fiyat"": 63750.0, ""kaynak"": ""BNB""}, {""usdt"": 7250780.0, ""borsa"": 1, ""fiyat"": 63700.0, ""kaynak"": ""BNB""}]","[{""usdt"": 19332710.0, ""borsa"": 3, ""fiyat"": 63850.0, ""kaynak"": ""BNB+BYB+OKX""}, {""usdt"": 13993809.0, ""borsa"": 3, ""fiyat"": 63875.0, ""kaynak"": ""BNB+BYB+OKX""}, {""usdt"": 11399959.0, ""borsa"": 1, ""fiyat"": 63900.0, ""kaynak"": ""BNB""}]",SPOT,0.1798,-0.0295,,,false,,false,0.053,2,0,3,1,1,3,35,36.1,IZLE,,25,63833.6,,,,,SEVIYE,50,1425.3,143,,,,,,,1785346440,1,1,,23,1305.2,23,,,
31451,2026-07-29 17:39:02.001801+00,63807.149999999994,1849869.5787832031,521446.6599999999,11646353466.1921,0.00008649800000000001,43470831.37634,1468.5522999999998,6.0,BEKLE,,0.0,1468.5522999999998,1.5342,120.721,51713793.73187004,120.721,6.0,0.0,"[{""usdt"": 11826084.0, ""borsa"": 3, ""fiyat"": 63775.0, ""kaynak"": ""BNB+BYB+OKX""}, {""usdt"": 9575546.0, ""borsa"": 1, ""fiyat"": 63725.0, ""kaynak"": ""BNB""}, {""usdt"": 7887658.0, ""borsa"": 1, ""fiyat"": 63700.0, ""kaynak"": ""BNB""}]","[{""usdt"": 14338969.0, ""borsa"": 3, ""fiyat"": 63825.0, ""kaynak"": ""BNB+BYB+OKX""}, {""usdt"": 9583988.0, ""borsa"": 1, ""fiyat"": 63900.0, ""kaynak"": ""BNB""}, {""usdt"": 7524506.0, ""borsa"": 1, ""fiyat"": 63875.0, ""kaynak"": ""BNB""}]",YOK,0.0228,-0.0866,,,false,,false,0.0793,0,0,3,0,1,3,31.2,32.3,IZLE,,25,63833.6,,,,,SEVIYE,50,1426.3,143,,,,,,,1785346440,1,2,,23,1306.2,23,,,
31452,2026-07-29 17:40:02.255533+00,63824.95,1725076.6505452036,286583.6229999999,11645593530.2157,0.00008649800000000001,48220883.112580016,0.0,24.2,BEKLE,true,0.0,0.0,1.5342,180.99,56129073.280700035,180.99,24.2,0.0,"[{""usdt"": 16642593.0, ""borsa"": 3, ""fiyat"": 63800.0, ""kaynak"": ""BNB+BYB+OKX""}, {""usdt"": 8826485.0, ""borsa"": 1, ""fiyat"": 63750.0, ""kaynak"": ""BNB""}, {""usdt"": 7380355.0, ""borsa"": 1, ""fiyat"": 63775.0, ""kaynak"": ""BNB""}]","[{""usdt"": 17454941.0, ""borsa"": 3, ""fiyat"": 63850.0, ""kaynak"": ""BNB+BYB+OKX""}, {""usdt"": 12664026.0, ""borsa"": 3, ""fiyat"": 63825.0, ""kaynak"": ""BNB+BYB+OKX""}, {""usdt"": 9837727.0, ""borsa"": 1, ""fiyat"": 63900.0, ""kaynak"": ""BNB""}]",YOK,0.1063,-0.0758,,,false,,true,0.1679,0,0,3,0,1,3,27.3,28.4,IZLE,,25,63833.6,,,,,SEVIYE,50,1427.3,143,,,,,,,,,0,,23,1307.2,23,,,
31453,2026-07-29 17:41:02.501733+00,63859.95,1039202.5565968993,-101013.837,11649838313.7444,0.00008649800000000001,48225567.033800006,0.0,38.2,BEKLE,true,0.0,0.0,1.5342,60.252,58910176.552419946,241.242,38.2,0.0,"[{""usdt"": 15219600.0, ""borsa"": 3, ""fiyat"": 63850.0, ""kaynak"": ""BNB+BYB+OKX""}, {""usdt"": 8250611.0, ""borsa"": 3, ""fiyat"": 63825.0, ""kaynak"": ""BNB+BYB+OKX""}, {""usdt"": 7610406.0, ""borsa"": 1, ""fiyat"": 63775.0, ""kaynak"": ""BNB""}]","[{""usdt"": 25142655.0, ""borsa"": 3, ""fiyat"": 63875.0, ""kaynak"": ""BNB+BYB+OKX""}, {""usdt"": 11202078.0, ""borsa"": 1, ""fiyat"": 63950.0, ""kaynak"": ""BNB""}, {""usdt"": 8396172.0, ""borsa"": 2, ""fiyat"": 63900.0, ""kaynak"": ""BNB+BYB""}]",YOK,0.1304,-0.0997,0.4399,3.2158,true,0,false,,1,0,3,0,0,3,23.3,24.4,IZLE,,25,63833.6,,,,,SEVIYE,50,1428.3,143,,,,,,,,,0,,23,1308.2,23,,,
31454,2026-07-29 17:42:04.047158+00,63881.45,1298431.4453035,-51037.564999999995,11656480248.257801,0.00008649800000000001,45803093.88519997,0.0,48.1,BEKLE,true,0.0,0.0,1.5361,0,56962818.31371997,61.529,48.1,0.0,"[{""usdt"": 11931378.0, ""borsa"": 3, ""fiyat"": 63850.0, ""kaynak"": ""BNB+BYB+OKX""}, {""usdt"": 9491648.0, ""borsa"": 1, ""fiyat"": 63800.0, ""kaynak"": ""BNB""}, {""usdt"": 8771503.0, ""borsa"": 1, ""fiyat"": 63775.0, ""kaynak"": ""BNB""}]","[{""usdt"": 23804917.0, ""borsa"": 3, ""fiyat"": 63900.0, ""kaynak"": ""BNB+BYB+OKX""}, {""usdt"": 10215323.0, ""borsa"": 1, ""fiyat"": 63975.0, ""kaynak"": ""BNB""}, {""usdt"": 8251961.0, ""borsa"": 1, ""fiyat"": 63950.0, ""kaynak"": ""BNB""}]",YOK,0.1091,-0.1086,0.3938,6.0991,true,0,false,,2,0,3,0,0,3,20.4,21.5,IZLE,,25,63897.4,,,,,SEVIYE,50,1429.3,143,,,,,,,,,0,,23,1309.2,23,,,
31455,2026-07-29 17:43:04.449376+00,63903.95,1490251.4645404005,131441.779,11662217261.5278,0.00008649800000000001,46335590.079650015,1469.286,34.4,BEKLE,true,0.0,1469.286,1.5361,0,60849628.42485,60.285,34.4,0.0,"[{""usdt"": 14425489.0, ""borsa"": 3, ""fiyat"": 63900.0, ""kaynak"": ""BNB+BYB+OKX""}, {""usdt"": 7959995.0, ""borsa"": 1, ""fiyat"": 63850.0, ""kaynak"": ""BNB""}, {""usdt"": 7497967.0, ""borsa"": 1, ""fiyat"": 63800.0, ""kaynak"": ""BNB""}]","[{""usdt"": 19578231.0, ""borsa"": 3, ""fiyat"": 63950.0, ""kaynak"": ""BNB+BYB+OKX""}, {""usdt"": 14214192.0, ""borsa"": 3, ""fiyat"": 63925.0, ""kaynak"": ""BNB+BYB+OKX""}, {""usdt"": 9091583.0, ""borsa"": 1, ""fiyat"": 64025.0, ""kaynak"": ""BNB""}]",SPOT,0.1669,-0.1354,,,true,0,false,,2,0,3,0,1,3,16.8,17.9,IZLE,,25,63897.4,,,,,SEVIYE,50,1430.4,143,,,,,,,1785346860,1,0,,23,1310.2,23,,,
31456,2026-07-29 17:44:04.784016+00,63946.350000000006,2194854.4488550997,825851.6089999999,11672052713.370201,0.00008649800000000001,48056966.59659995,6837.1968,0.0,BEKLE,,0.0,6837.1968,1.5361,60.485,54302202.49955996,60.485,0.0,0.0,"[{""usdt"": 11748816.0, ""borsa"": 3, ""fiyat"": 63925.0, ""kaynak"": ""BNB+BYB+OKX""}, {""usdt"": 8808042.0, ""borsa"": 3, ""fiyat"": 63950.0, ""kaynak"": ""BNB+BYB+OKX""}, {""usdt"": 8491881.0, ""borsa"": 1, ""fiyat"": 63875.0, ""kaynak"": ""BNB""}]","[{""usdt"": 16339556.0, ""borsa"": 3, ""fiyat"": 63975.0, ""kaynak"": ""BNB+BYB+OKX""}, {""usdt"": 11913220.0, ""borsa"": 1, ""fiyat"": 64000.0, ""kaynak"": ""BNB""}, {""usdt"": 9209020.0, ""borsa"": 1, ""fiyat"": 64050.0, ""kaynak"": ""BNB""}]",YOK,0.127,-0.061,0.4223,11.8433,true,0,false,,1,0,3,0,1,3,13.4,14.5,IZLE,,25,63939.1,,,,,SEVIYE,70,1551.5,155,,,,,,,1785346920,1,0,,23,1311.2,23,,,
31457,2026-07-29 17:45:05.125317+00,63952.350000000006,2396280.8668558034,780417.112,11672294316.1563,0.00008649800000000001,45681234.607120015,52437.1158,6.1,BEKLE,,0.0,52437.1158,1.5361,60.311,54466808.402109995,120.796,0.0,6.1,"[{""usdt"": 16057770.0, ""borsa"": 3, ""fiyat"": 63925.0, ""kaynak"": ""BNB+BYB+OKX""}, {""usdt"": 8406270.0, ""borsa"": 1, ""fiyat"": 63850.0, ""kaynak"": ""BNB""}, {""usdt"": 6641719.0, ""borsa"": 1, ""fiyat"": 63875.0, ""kaynak"": ""BNB""}]","[{""usdt"": 18531004.0, ""borsa"": 3, ""fiyat"": 63950.0, ""kaynak"": ""BNB+BYB+OKX""}, {""usdt"": 13514919.0, ""borsa"": 3, ""fiyat"": 63975.0, ""kaynak"": ""BNB+BYB+OKX""}, {""usdt"": 8044862.0, ""borsa"": 1, ""fiyat"": 64025.0, ""kaynak"": ""BNB""}]",YOK,0.1028,-0.0877,0.4723,6.1155,true,0,false,,0,0,3,0,1,3,9.8,10.9,IZLE,,25,63931.9,,,,,SEVIYE,75,1552.5,156,,,,,,,1785347040,2,0,,23,1051.9,23,,,
31458,2026-07-29 17:46:05.542411+00,63920.05,2133212.1292098025,779606.7,11673513316.4032,0.00008649800000000001,46072810.95073,56337.4062,34.1,BEKLE,false,0.0,56337.4062,1.5361,0,49189942.38873999,181.105,0.0,34.1,"[{""usdt"": 11511593.0, ""borsa"": 3, ""fiyat"": 63900.0, ""kaynak"": ""BNB+BYB+OKX""}, {""usdt"": 9864467.0, ""borsa"": 1, ""fiyat"": 63850.0, ""kaynak"": ""BNB""}, {""usdt"": 8837417.0, ""borsa"": 3, ""fiyat"": 63875.0, ""kaynak"": ""BNB+BYB+OKX""}]","[{""usdt"": 20126318.0, ""borsa"": 3, ""fiyat"": 63925.0, ""kaynak"": ""BNB+BYB+OKX""}, {""usdt"": 8879134.0, ""borsa"": 1, ""fiyat"": 63975.0, ""kaynak"": ""BNB""}, {""usdt"": 8666462.0, ""borsa"": 1, ""fiyat"": 64000.0, ""kaynak"": ""BNB""}]",YOK,0.1016,-0.0327,0.45,1.6854,true,0,false,,1,0,3,0,1,3,6.2,7.3,IZLE,,25,63931.9,,,,,SEVIYE,75,1553.5,156,PCT,0.95,0.0,0.7171173931434326,false,0.065,1785347040,2,0,,23,1052.9,23,,,
31459,2026-07-29 17:47:06.655705+00,63959.75,1816428.853064503,597367.735,11674483850.4598,0.00008649800000000001,50606777.04279996,54868.120200000005,32.7,BEKLE,false,0.0,54868.120200000005,1.5361,0,62895883.62070997,242.367,0.0,32.7,"[{""usdt"": 15267038.0, ""borsa"": 3, ""fiyat"": 63925.0, ""kaynak"": ""BNB+BYB+OKX""}, {""usdt"": 7981736.0, ""borsa"": 3, ""fiyat"": 63950.0, ""kaynak"": ""BNB+BYB+OKX""}, {""usdt"": 7979914.0, ""borsa"": 1, ""fiyat"": 63875.0, ""kaynak"": ""BNB""}]","[{""usdt"": 23200673.0, ""borsa"": 3, ""fiyat"": 63975.0, ""kaynak"": ""BNB+BYB+OKX""}, {""usdt"": 9782777.0, ""borsa"": 1, ""fiyat"": 64025.0, ""kaynak"": ""BNB""}, {""usdt"": 9604735.0, ""borsa"": 1, ""fiyat"": 64000.0, ""kaynak"": ""BNB""}]",YOK,0.1157,-0.1083,0.3447,3.5515,true,0,false,,0,0,3,0,1,3,3.6,4.7,IZLE,,25,63981.6,,,,,SEVIYE,60,2165.4,217,,,,,,,1785347040,2,0,,23,1053.9,23,,,
31460,2026-07-29 17:48:07.014235+00,63949.55,2554734.332782003,1199937.5,11676253020.0988,0.00008649800000000001,50798382.08309998,54361.3792,48.3,BEKLE,false,0.0,54361.3792,1.5407,60.227,55440624.388409995,302.594,0.0,48.3,"[{""usdt"": 13839716.0, ""borsa"": 3, ""fiyat"": 63925.0, ""kaynak"": ""BNB+BYB+OKX""}, {""usdt"": 9064551.0, ""borsa"": 1, ""fiyat"": 63875.0, ""kaynak"": ""BNB""}, {""usdt"": 7677119.0, ""borsa"": 3, ""fiyat"": 63950.0, ""kaynak"": ""BNB+BYB+OKX""}]","[{""usdt"": 23427871.0, ""borsa"": 3, ""fiyat"": 63975.0, ""kaynak"": ""BNB+BYB+OKX""}, {""usdt"": 9489680.0, ""borsa"": 1, ""fiyat"": 64000.0, ""kaynak"": ""BNB""}, {""usdt"": 7699173.0, ""borsa"": 1, ""fiyat"": 64050.0, ""kaynak"": ""BNB""}]",YOK,0.1157,-0.0437,0.3962,1.1562,true,0,false,,0,0,3,0,1,3,63.8,62.3,IZLE,,25,63931.9,,,,,SEVIYE,75,1555.6,156,,,,,,,1785347220,2,0,,23,1054.9,23,,,
31461,2026-07-29 17:49:07.467796+00,63962.25,2961082.1326165027,1143231.0089999998,11672367698.3962,0.00008649800000000001,47704721.315039985,8824.5436,24.2,BEKLE,false,0.0,8824.5436,1.5407,120.641,51238731.29839999,363.008,0.0,24.2,"[{""usdt"": 11021301.0, ""borsa"": 3, ""fiyat"": 63925.0, ""kaynak"": ""BNB+BYB+OKX""}, {""usdt"": 9064551.0, ""borsa"": 1, ""fiyat"": 63875.0, ""kaynak"": ""BNB""}, {""usdt"": 7401873.0, ""borsa"": 3, ""fiyat"": 63950.0, ""kaynak"": ""BNB+BYB+OKX""}]","[{""usdt"": 20526646.0, ""borsa"": 3, ""fiyat"": 63975.0, ""kaynak"": ""BNB+BYB+OKX""}, {""usdt"": 9489680.0, ""borsa"": 1, ""fiyat"": 64000.0, ""kaynak"": ""BNB""}, {""usdt"": 7699173.0, ""borsa"": 1, ""fiyat"": 64050.0, ""kaynak"": ""BNB""}]",SPOT,0.1741,-0.0357,0.6139,0.8673,true,0,false,,3,0,3,0,0,3,60.3,61.4,HAZIRLAN,LONG,50,63981.6,63981.6,64613.2,63924.3,17.17,SEVIYE+EMILIM,60,2167.5,217,,,,,,,1785347220,2,0,0.51,23,1055.9,23,,,
31462,2026-07-29 17:50:07.74525+00,64016.350000000006,2795128.710491802,1209028.952,11673169692.2905,0.00008649800000000001,45668976.59334997,4860.307000000001,28.7,BEKLE,,0.0,4860.307000000001,1.5407,120.822,56212350.108449996,423.416,0.0,28.7,"[{""usdt"": 12025609.0, ""borsa"": 3, ""fiyat"": 63950.0, ""kaynak"": ""BNB+BYB+OKX""}, {""usdt"": 9113268.0, ""borsa"": 3, ""fiyat"": 63925.0, ""kaynak"": ""BNB+BYB+OKX""}, {""usdt"": 7642072.0, ""borsa"": 1, ""fiyat"": 63900.0, ""kaynak"": ""BNB""}]","[{""usdt"": 20738345.0, ""borsa"": 3, ""fiyat"": 63975.0, ""kaynak"": ""BNB+BYB+OKX""}, {""usdt"": 10587349.0, ""borsa"": 1, ""fiyat"": 64050.0, ""kaynak"": ""BNB""}, {""usdt"": 10404772.0, ""borsa"": 2, ""fiyat"": 64000.0, ""kaynak"": ""BNB+BYB""}]",SPOT,0.1885,-0.1035,0.38,4.1508,false,,false,,3,0,3,0,1,3,56.9,58,IZLE,,25,64030.6,,,,,SEVIYE,50,2168.5,217,,,,,,,1785347220,2,0,,23,1056.9,23,,,
31463,2026-07-29 17:51:08.395834+00,64027.05,3106040.1312040007,1578985.627,11679981352.7682,0.00008649800000000001,44412661.652809955,16955.442,20.9,BEKLE,false,0.0,16955.442,1.5407,0,49237424.09767,0,0.0,20.9,"[{""usdt"": 12674270.0, ""borsa"": 3, ""fiyat"": 63975.0, ""kaynak"": ""BNB+BYB+OKX""}, {""usdt"": 7805664.0, ""borsa"": 3, ""fiyat"": 64000.0, ""kaynak"": ""BNB+BYB+OKX""}, {""usdt"": 7404926.0, ""borsa"": 1, ""fiyat"": 63925.0, ""kaynak"": ""BNB""}]","[{""usdt"": 13559265.0, ""borsa"": 3, ""fiyat"": 64025.0, ""kaynak"": ""BNB+BYB+OKX""}, {""usdt"": 11327389.0, ""borsa"": 1, ""fiyat"": 64075.0, ""kaynak"": ""BNB""}, {""usdt"": 8103646.0, ""borsa"": 1, ""fiyat"": 64100.0, ""kaynak"": ""BNB""}]",YOK,0.1024,-0.0515,0.4449,3.333,false,,false,1.0054,1,0,3,0,0,3,53.6,54.6,IZLE,,25,64030.6,,,,,SEVIYE,50,2169.5,217,,,,,,,1785347400,2,0,,23,1057.9,23,,,
31464,2026-07-29 17:52:09.404113+00,64038.25,3178411.957532601,1412907.2260000005,11675308575.3083,0.00008649800000000001,46302573.48609,460664.407,21.1,BEKLE,false,0.0,460664.407,1.5458,0,46113860.022179976,60.445,0.0,21.1,"[{""usdt"": 15173931.0, ""borsa"": 3, ""fiyat"": 64000.0, ""kaynak"": ""BNB+BYB+OKX""}, {""usdt"": 10016719.0, ""borsa"": 1, ""fiyat"": 63925.0, ""kaynak"": ""BNB""}, {""usdt"": 7769786.0, ""borsa"": 1, ""fiyat"": 63950.0, ""kaynak"": ""BNB""}]","[{""usdt"": 10677209.0, ""borsa"": 3, ""fiyat"": 64050.0, ""kaynak"": ""BNB+BYB+OKX""}, {""usdt"": 9214780.0, ""borsa"": 3, ""fiyat"": 64025.0, ""kaynak"": ""BNB+BYB+OKX""}, {""usdt"": 8527804.0, ""borsa"": 1, ""fiyat"": 64100.0, ""kaynak"": ""BNB""}]",YOK,0.1138,0.002,0.5238,2.0549,false,,false,1.8926,0,0,3,0,1,3,50.1,51.2,IZLE,,25,64030.6,,,,,SEVIYE,50,2170.5,217,,,,,,,1785347400,2,0,,23,1058.9,23,,,
31465,2026-07-29 17:53:09.682967+00,64055.850000000006,3050208.805090001,1484314.0970000003,11681103419.6336,0.00008649800000000001,44287073.71573999,456608.5499,15.6,BEKLE,false,0.0,456608.5499,1.5458,61.018,52130360.09302997,61.018,0.0,15.6,"[{""usdt"": 12011058.0, ""borsa"": 3, ""fiyat"": 64025.0, ""kaynak"": ""BNB+BYB+OKX""}, {""usdt"": 9334895.0, ""borsa"": 1, ""fiyat"": 63975.0, ""kaynak"": ""BNB""}, {""usdt"": 7819594.0, ""borsa"": 1, ""fiyat"": 63925.0, ""kaynak"": ""BNB""}]","[{""usdt"": 12787497.0, ""borsa"": 3, ""fiyat"": 64075.0, ""kaynak"": ""BNB+BYB+OKX""}, {""usdt"": 11853395.0, ""borsa"": 1, ""fiyat"": 64150.0, ""kaynak"": ""BNB""}, {""usdt"": 11267435.0, ""borsa"": 3, ""fiyat"": 64050.0, ""kaynak"": ""BNB+BYB+OKX""}]",YOK,0.1473,-0.0813,0.5343,7.8045,false,,false,1.5744,1,0,3,0,1,3,47.3,48.4,IZLE,,25,64030.6,,,,,SEVIYE,50,2171.5,217,,,,,,,1785347520,3,0,,23,1059.9,23,,,
31466,2026-07-29 17:54:10.217102+00,64101.75,3376081.1843091017,1669430.6590000002,11687133276.3701,0.00008649800000000001,42488577.05812,550608.1786999999,0.0,BEKLE,,0.0,550608.1786999999,1.5458,60.2,49112358.490650035,60.2,0.0,0.0,"[{""usdt"": 10130755.0, ""borsa"": 3, ""fiyat"": 64050.0, ""kaynak"": ""BNB+BYB+OKX""}, {""usdt"": 9006421.0, ""borsa"": 3, ""fiyat"": 64075.0, ""kaynak"": ""BNB+BYB+OKX""}, {""usdt"": 7844167.0, ""borsa"": 1, ""fiyat"": 63975.0, ""kaynak"": ""BNB""}]","[{""usdt"": 17876381.0, ""borsa"": 3, ""fiyat"": 64100.0, ""kaynak"": ""BNB+BYB+OKX""}, {""usdt"": 7823926.0, ""borsa"": 1, ""fiyat"": 64125.0, ""kaynak"": ""BNB""}, {""usdt"": 7407036.0, ""borsa"": 1, ""fiyat"": 64150.0, ""kaynak"": ""BNB""}]",SPOT,0.1904,-0.0723,0.3418,7.8215,true,0,false,,3,0,3,0,1,3,43.3,44.4,IZLE,,25,64099.9,,,,,SEVIYE,50,1491.5,149,,,,,,,1785347580,3,0,,23,1061.0,23,,,
31467,2026-07-29 17:55:10.469063+00,64168.05,4455864.489472803,1834919.7449999999,11697789163.3993,0.00008649800000000001,48608091.104629986,635793.9495,0.0,BEKLE,,0.0,635793.9495,1.5458,0,47434811.63114995,60.546,0.0,0.0,"[{""usdt"": 15678569.0, ""borsa"": 3, ""fiyat"": 64150.0, ""kaynak"": ""BNB+BYB+OKX""}, {""usdt"": 8218614.0, ""borsa"": 1, ""fiyat"": 64075.0, ""kaynak"": ""BNB""}, {""usdt"": 6833532.0, ""borsa"": 1, ""fiyat"": 64050.0, ""kaynak"": ""BNB""}]","[{""usdt"": 16077937.0, ""borsa"": 3, ""fiyat"": 64200.0, ""kaynak"": ""BNB+BYB+OKX""}, {""usdt"": 10537121.0, ""borsa"": 3, ""fiyat"": 64175.0, ""kaynak"": ""BNB+BYB+OKX""}, {""usdt"": 9398434.0, ""borsa"": 1, ""fiyat"": 64250.0, ""kaynak"": ""BNB""}]",SPOT,0.1978,0.0122,0.636,3.9459,false,,false,2.4178,3,0,3,1,1,3,39.6,40.7,IZLE,,25,64149.1,,,,,SEVIYE,55,1062.0,107,,,,,,,1785347640,3,0,,25,1062.0,25,,,
31468,2026-07-29 17:56:10.711335+00,64174.95,2621644.534478699,4271206.904,11693734153.416,0.00008649800000000001,41935721.006859995,603904.3821,0.0,BEKLE,,0.0,603904.3821,1.5458,60.275,43780021.60784999,60.275,0.0,0.0,"[{""usdt"": 11470142.0, ""borsa"": 3, ""fiyat"": 64150.0, ""kaynak"": ""BNB+BYB+OKX""}, {""usdt"": 8088977.0, ""borsa"": 1, ""fiyat"": 64075.0, ""kaynak"": ""BNB""}, {""usdt"": 6266596.0, ""borsa"": 1, ""fiyat"": 64050.0, ""kaynak"": ""BNB""}]","[{""usdt"": 14909339.0, ""borsa"": 3, ""fiyat"": 64200.0, ""kaynak"": ""BNB+BYB+OKX""}, {""usdt"": 11213990.0, ""borsa"": 1, ""fiyat"": 64250.0, ""kaynak"": ""BNB""}, {""usdt"": 6648297.0, ""borsa"": 1, ""fiyat"": 64225.0, ""kaynak"": ""BNB""}]",YOK,0.1486,-0.0215,0.1059,2.1965,true,0,false,,1,0,3,0,0,3,36,37.1,IZLE,,25,64196.4,,,,,SEVIYE,50,101.6,11,,,,,,,1785347640,3,0,,25,1063.0,25,,,
31469,2026-07-29 17:57:11.05794+00,64188.95,2381606.9260434983,4129648.6380000003,11692597741.6628,0.00008649800000000001,40547593.305830024,604866.8286,0.0,BEKLE,,0.0,604866.8286,1.5517,120.494,38465670.47207001,120.494,0.0,0.0,"[{""usdt"": 13611050.0, ""borsa"": 3, ""fiyat"": 64150.0, ""kaynak"": ""BNB+BYB+OKX""}, {""usdt"": 6678035.0, ""borsa"": 1, ""fiyat"": 64050.0, ""kaynak"": ""BNB""}, {""usdt"": 6165857.0, ""borsa"": 1, ""fiyat"": 64125.0, ""kaynak"": ""BNB""}]","[{""usdt"": 10304356.0, ""borsa"": 3, ""fiyat"": 64175.0, ""kaynak"": ""BNB+BYB+OKX""}, {""usdt"": 8927656.0, ""borsa"": 3, ""fiyat"": 64200.0, ""kaynak"": ""BNB+BYB+OKX""}, {""usdt"": 8032117.0, ""borsa"": 1, ""fiyat"": 64250.0, ""kaynak"": ""BNB""}]",YOK,0.059,0.0263,0.1619,2.0787,true,0,false,,1,0,3,0,0,3,32.1,33.2,IZLE,,25,64196.4,,,,,SEVIYE,50,102.6,11,,,,,,,1785347760,3,0,,25,1064.0,25,,,
31470,2026-07-29 17:58:11.379734+00,64163.850000000006,2457039.907338397,4145322.195,11690473041.397001,0.00008649800000000001,38863478.509799995,604062.6046999999,44.4,BEKLE,false,0.0,604062.6046999999,1.5517,120.551,43838853.22359999,180.826,0.0,44.4,"[{""usdt"": 12355656.0, ""borsa"": 3, ""fiyat"": 64150.0, ""kaynak"": ""BNB+BYB+OKX""}, {""usdt"": 7397072.0, ""borsa"": 1, ""fiyat"": 64075.0, ""kaynak"": ""BNB""}, {""usdt"": 6850453.0, ""borsa"": 3, ""fiyat"": 64175.0, ""kaynak"": ""BNB+BYB+OKX""}]","[{""usdt"": 12659059.0, ""borsa"": 3, ""fiyat"": 64200.0, ""kaynak"": ""BNB+BYB+OKX""}, {""usdt"": 8935454.0, ""borsa"": 1, ""fiyat"": 64225.0, ""kaynak"": ""BNB""}, {""usdt"": 6368692.0, ""borsa"": 1, ""fiyat"": 64250.0, ""kaynak"": ""BNB""}]",YOK,0.1199,-0.0602,0.128,1.582,true,0,false,,2,0,3,0,0,3,28.6,29.6,IZLE,,25,64149.1,,,,,SEVIYE,55,1065.0,107,,,,,,,1785347760,2,0,,25,1065.0,25,,,
31471,2026-07-29 17:59:11.728646+00,64165.95,2030391.877109196,4035533.3369999994,11683442109.690401,0.00008649800000000001,37717190.64627999,429449.6499,43.0,BEKLE,false,0.0,429449.6499,1.5517,0,35661648.01992002,241.238,0.0,43.0,"[{""usdt"": 9955639.0, ""borsa"": 3, ""fiyat"": 64150.0, ""kaynak"": ""BNB+BYB+OKX""}, {""usdt"": 5374787.0, ""borsa"": 1, ""fiyat"": 64100.0, ""kaynak"": ""BNB""}, {""usdt"": 5213993.0, ""borsa"": 2, ""fiyat"": 64125.0, ""kaynak"": ""BNB+BYB""}]","[{""usdt"": 12114487.0, ""borsa"": 3, ""fiyat"": 64175.0, ""kaynak"": ""BNB+BYB+OKX""}, {""usdt"": 6825733.0, ""borsa"": 3, ""fiyat"": 64200.0, ""kaynak"": ""BNB+BYB+OKX""}, {""usdt"": 6544998.0, ""borsa"": 1, ""fiyat"": 64250.0, ""kaynak"": ""BNB""}]",YOK,0.0888,0.028,0.2725,0.8817,true,0.1488,false,,1,0,3,1,0,3,25.1,26.2,IZLE,,25,64149.1,,,,,SEVIYE,55,1066.0,107,,,,,,,1785347760,2,0,,25,1066.0,25,,,
31472,2026-07-29 18:00:13.175441+00,64559.850000000006,1981190.5060098956,3497399.8899999997,11693404680.510399,0.00008649800000000001,26735174.931159977,962.766,0.0,BEKLE,,0.0,962.766,1.5517,0,33480550.63796997,302.543,0.0,0.0,"[{""usdt"": 6020387.0, ""borsa"": 3, ""fiyat"": 64200.0, ""kaynak"": ""BNB+BYB+OKX""}, {""usdt"": 5110957.0, ""borsa"": 1, ""fiyat"": 64100.0, ""kaynak"": ""BNB""}, {""usdt"": 4831619.0, ""borsa"": 3, ""fiyat"": 64175.0, ""kaynak"": ""BNB+BYB+OKX""}]","[{""usdt"": 14149883.0, ""borsa"": 3, ""fiyat"": 64225.0, ""kaynak"": ""BNB+BYB+OKX""}, {""usdt"": 5225567.0, ""borsa"": 1, ""fiyat"": 64275.0, ""kaynak"": ""BNB""}, {""usdt"": 4627402.0, ""borsa"": 2, ""fiyat"": 64250.0, ""kaynak"": ""BNB+BYB""}]",SPOT,0.2167,-0.112,0.495,5.3105,true,0.0459,false,,2,0,3,0,1,3,22.6,23.7,IZLE,,25,64554.2,,,,,SEVIYE,90,596.4,60,,,,,,,1785347760,1,0,,25,1067.0,25,,,
31473,2026-07-29 18:01:13.75254+00,64420.149999999994,5713994.480486614,3246164.499,11760678667.5793,0.00008649800000000001,33520390.779440016,2207140.5193999996,32.7,BEKLE,,116.0,2207024.5193999996,1.5517,0,26307970.875979997,0,32.7,0.0,"[{""usdt"": 7942621.0, ""borsa"": 1, ""fiyat"": 64300.0, ""kaynak"": ""BNB""}, {""usdt"": 5433949.0, ""borsa"": 1, ""fiyat"": 64350.0, ""kaynak"": ""BNB""}, {""usdt"": 4991287.0, ""borsa"": 3, ""fiyat"": 64425.0, ""kaynak"": ""BNB+BYB+OKX""}]","[{""usdt"": 5620637.0, ""borsa"": 3, ""fiyat"": 64450.0, ""kaynak"": ""BNB+BYB+OKX""}, {""usdt"": 5545270.0, ""borsa"": 1, ""fiyat"": 64550.0, ""kaynak"": ""BNB""}, {""usdt"": 3846913.0, ""borsa"": 3, ""fiyat"": 64475.0, ""kaynak"": ""BNB+BYB+OKX""}]",YOK,-0.1005,0.1206,0.6652,3.5735,true,0,false,,0,1,3,1,0,3,19.3,20.4,IZLE,,25,64430.8,,,,,SEVIYE,100,617.4,62,PCT,1.42,68.37882652151991,0.0,false,0.342,1785348000,4,0,,25,1068.0,25,,,
31474,2026-07-29 18:02:14.720366+00,64498.05,7538749.068983726,3035676.9779999997,11775970729.1703,0.00008649800000000001,35851645.05472002,2207585.7194,33.2,BEKLE,false,116.0,2207469.7194,1.5517,0,37700522.76434,61.1,33.2,0.0,"[{""usdt"": 7110455.0, ""borsa"": 3, ""fiyat"": 64500.0, ""kaynak"": ""BNB+BYB+OKX""}, {""usdt"": 5981426.0, ""borsa"": 1, ""fiyat"": 64400.0, ""kaynak"": ""BNB""}, {""usdt"": 5940838.0, ""borsa"": 3, ""fiyat"": 64525.0, ""kaynak"": ""BNB+BYB+OKX""}]","[{""usdt"": 10293948.0, ""borsa"": 3, ""fiyat"": 64550.0, ""kaynak"": ""BNB+BYB+OKX""}, {""usdt"": 8136442.0, ""borsa"": 3, ""fiyat"": 64525.0, ""kaynak"": ""BNB+BYB+OKX""}, {""usdt"": 5804153.0, ""borsa"": 1, ""fiyat"": 64600.0, ""kaynak"": ""BNB""}]",YOK,0.0537,-0.0251,0.7564,3.0707,false,,false,,1,0,3,1,1,3,16.6,17.7,IZLE,,25,64487.9,,,,,SEVIYE,50,558.4,56,,,,,,,1785348060,4,0,,25,1069.0,25,,,
31475,2026-07-29 18:03:15.164501+00,64456.649999999994,8462346.918388812,6070435.87,11788606781.0476,0.00008649800000000001,35109593.51557003,2637236.5189999994,0.0,BEKLE,,116.0,2637120.5189999994,1.5491,0,41941847.49598996,60.241,0.0,0.0,"[{""usdt"": 10231784.0, ""borsa"": 3, ""fiyat"": 64450.0, ""kaynak"": ""BNB+BYB+OKX""}, {""usdt"": 6808534.0, ""borsa"": 1, ""fiyat"": 64400.0, ""kaynak"": ""BNB""}, {""usdt"": 5582538.0, ""borsa"": 1, ""fiyat"": 64375.0, ""kaynak"": ""BNB""}]","[{""usdt"": 10813404.0, ""borsa"": 3, ""fiyat"": 64500.0, ""kaynak"": ""BNB+BYB+OKX""}, {""usdt"": 7200813.0, ""borsa"": 3, ""fiyat"": 64475.0, ""kaynak"": ""BNB+BYB+OKX""}, {""usdt"": 7082186.0, ""borsa"": 1, ""fiyat"": 64525.0, ""kaynak"": ""BNB""}]",YOK,-0.0744,-0.0887,0.6726,2.2222,false,,false,9.2519,0,1,3,1,1,3,12.8,13.9,IZLE,,25,64430.8,,,,,SEVIYE,100,619.5,62,,,,,,,1785348120,4,0,,25,1070.0,25,,,
31476,2026-07-29 18:04:15.67629+00,64430.850000000006,7968287.027889691,4800589.847000001,11784137818.512402,0.00008649800000000001,37181169.23499001,2636764.4667999996,0.0,BEKLE,,116.0,2636648.4667999996,1.5491,60.474,37653259.21366001,0,0.0,0.0,"[{""usdt"": 10715238.0, ""borsa"": 3, ""fiyat"": 64425.0, ""kaynak"": ""BNB+BYB+OKX""}, {""usdt"": 6783558.0, ""borsa"": 1, ""fiyat"": 64375.0, ""kaynak"": ""BNB""}, {""usdt"": 6617174.0, ""borsa"": 2, ""fiyat"": 64400.0, ""kaynak"": ""BNB+BYB""}]","[{""usdt"": 7961535.0, ""borsa"": 3, ""fiyat"": 64450.0, ""kaynak"": ""BNB+BYB+OKX""}, {""usdt"": 6507674.0, ""borsa"": 1, ""fiyat"": 64575.0, ""kaynak"": ""BNB""}, {""usdt"": 5991224.0, ""borsa"": 3, ""fiyat"": 64475.0, ""kaynak"": ""BNB+BYB+OKX""}]",YOK,-0.1184,-0.0063,0.8364,2.5283,false,,false,5.5005,0,1,3,0,1,3,9.3,10.3,IZLE,,25,64430.8,,,,,SEVIYE,100,620.5,62,,,,,,,1785348120,4,0,,25,1071.0,25,,,
31477,2026-07-29 18:05:15.99327+00,64453.05,7187864.99243319,6063914.495000001,11770635030.347301,0.00008649800000000001,32868027.51699,2396845.8573999996,54.7,BEKLE,,116.0,2396729.8573999996,1.5491,60.523,40058714.45379999,60.523,0.0,54.7,"[{""usdt"": 7657139.0, ""borsa"": 3, ""fiyat"": 64450.0, ""kaynak"": ""BNB+BYB+OKX""}, {""usdt"": 5982346.0, ""borsa"": 1, ""fiyat"": 64350.0, ""kaynak"": ""BNB""}, {""usdt"": 5827465.0, ""borsa"": 1, ""fiyat"": 64400.0, ""kaynak"": ""BNB""}]","[{""usdt"": 10258046.0, ""borsa"": 3, ""fiyat"": 64500.0, ""kaynak"": ""BNB+BYB+OKX""}, {""usdt"": 7366981.0, ""borsa"": 1, ""fiyat"": 64575.0, ""kaynak"": ""BNB""}, {""usdt"": 7285609.0, ""borsa"": 3, ""fiyat"": 64475.0, ""kaynak"": ""BNB+BYB+OKX""}]",YOK,-0.0939,-0.0986,0.5722,0.7859,true,0,false,,0,1,3,1,1,3,5.9,7,IZLE,,25,64430.5,,,,,SEVIYE,100,621.5,63,,,,,,,1785348120,4,0,,22,1332.4,22,,,
31478,2026-07-29 18:06:16.397358+00,64410.25,4164560.4849199904,876183.9190000003,11743694143.1739,0.00008649800000000001,34795848.24918002,435231.0768,50.8,BEKLE,false,4375.1812,430855.8956,1.5246,0,34026989.74493,0,50.8,0.0,"[{""usdt"": 8158697.0, ""borsa"": 1, ""fiyat"": 64300.0, ""kaynak"": ""BNB""}, {""usdt"": 6448226.0, ""borsa"": 3, ""fiyat"": 64400.0, ""kaynak"": ""BNB+BYB+OKX""}, {""usdt"": 5357513.0, ""borsa"": 3, ""fiyat"": 64375.0, ""kaynak"": ""BNB+BYB+OKX""}]","[{""usdt"": 10104814.0, ""borsa"": 3, ""fiyat"": 64425.0, ""kaynak"": ""BNB+BYB+OKX""}, {""usdt"": 6672706.0, ""borsa"": 1, ""fiyat"": 64475.0, ""kaynak"": ""BNB""}, {""usdt"": 5664698.0, ""borsa"": 1, ""fiyat"": 64450.0, ""kaynak"": ""BNB""}]",YOK,-0.1651,0.0112,0.3012,0.1291,true,0.3943,false,,0,2,3,1,0,3,2.3,3.4,IZLE,,50,64430.5,,,,,SEVIYE+TASFIYE,100,622.5,63,,,,,,,1785348300,3,0,,22,1333.4,22,,,
31479,2026-07-29 18:07:18.056459+00,64421.850000000006,5124794.81410399,1929051.9010000003,11760364238.0164,0.00008649800000000001,36465839.24458,433553.7924,29.3,BEKLE,false,4375.718400000001,429178.07399999996,1.5246,61.66,32284827.627029955,0,29.3,0.0,"[{""usdt"": 8984900.0, ""borsa"": 3, ""fiyat"": 64400.0, ""kaynak"": ""BNB+BYB+OKX""}, {""usdt"": 8154808.0, ""borsa"": 1, ""fiyat"": 64350.0, ""kaynak"": ""BNB""}, {""usdt"": 7444738.0, ""borsa"": 3, ""fiyat"": 64375.0, ""kaynak"": ""BNB+BYB+OKX""}]","[{""usdt"": 8115824.0, ""borsa"": 1, ""fiyat"": 64500.0, ""kaynak"": ""BNB""}, {""usdt"": 6955334.0, ""borsa"": 3, ""fiyat"": 64425.0, ""kaynak"": ""BNB+BYB+OKX""}, {""usdt"": 5213646.0, ""borsa"": 1, ""fiyat"": 64525.0, ""kaynak"": ""BNB""}]",YOK,-0.074,0.0608,0.5898,1.2479,true,0,false,,0,1,3,1,0,3,63.5,62.5,IZLE,,50,64430.5,,,,,SEVIYE+TASFIYE,100,623.5,63,,,,,,,1785348300,2,0,,22,1334.4,22,,,
31480,2026-07-29 18:08:18.252054+00,64390.25,4848181.18393029,1740427.833,11745456092.727402,0.00008649800000000001,35573114.43574,4440.110000000001,48.7,BEKLE,false,4375.718400000001,64.3916,1.5246,121.975,34995978.55723995,60.315,48.7,0.0,"[{""usdt"": 8154808.0, ""borsa"": 1, ""fiyat"": 64350.0, ""kaynak"": ""BNB""}, {""usdt"": 6585481.0, ""borsa"": 1, ""fiyat"": 64300.0, ""kaynak"": ""BNB""}, {""usdt"": 6578820.0, ""borsa"": 3, ""fiyat"": 64400.0, ""kaynak"": ""BNB+BYB+OKX""}]","[{""usdt"": 9973394.0, ""borsa"": 3, ""fiyat"": 64450.0, ""kaynak"": ""BNB+BYB+OKX""}, {""usdt"": 8115824.0, ""borsa"": 1, ""fiyat"": 64500.0, ""kaynak"": ""BNB""}, {""usdt"": 5213646.0, ""borsa"": 1, ""fiyat"": 64525.0, ""kaynak"": ""BNB""}]",YOK,0.0063,0.0082,0.355,0.4373,true,0,false,,0,0,3,0,1,3,60.4,61.5,IZLE,,25,64372.9,,,,,SEVIYE,75,694.6,70,,,,,,,1785348420,1,0,,22,1335.4,22,,,
31481,2026-07-29 18:09:18.502809+00,64427.149999999994,5627538.671402388,1921325.7170000002,11759777402.8824,0.00008649800000000001,41541656.68288001,4440.0955,73.0,BEKLE,false,4375.718400000001,64.3771,1.5246,182.177,44505719.703289986,120.517,73.0,0.0,"[{""usdt"": 9877719.0, ""borsa"": 1, ""fiyat"": 64300.0, ""kaynak"": ""BNB""}, {""usdt"": 8930644.0, ""borsa"": 3, ""fiyat"": 64375.0, ""kaynak"": ""BNB+BYB+OKX""}, {""usdt"": 6939650.0, ""borsa"": 1, ""fiyat"": 64325.0, ""kaynak"": ""BNB""}]","[{""usdt"": 14024709.0, ""borsa"": 3, ""fiyat"": 64425.0, ""kaynak"": ""BNB+BYB+OKX""}, {""usdt"": 8106979.0, ""borsa"": 1, ""fiyat"": 64500.0, ""kaynak"": ""BNB""}, {""usdt"": 7533470.0, ""borsa"": 1, ""fiyat"": 64475.0, ""kaynak"": ""BNB""}]",YOK,-0.0885,-0.0344,0.3489,0.037,true,0,false,,0,1,3,0,0,3,56.7,57.8,IZLE,,25,64430.5,,,,,SEVIYE,100,625.5,63,,,,,,,1785348420,1,0,,22,1336.4,22,,,
31482,2026-07-29 18:10:18.998694+00,64436.95,5258663.998122992,1814754.9500000002,11755305140.8759,0.00008649800000000001,52127942.782989964,4440.0955,95.3,BEKLE,false,4375.718400000001,64.3771,1.5246,242.542,44955572.408429995,60.365,95.3,0.0,"[{""usdt"": 12970182.0, ""borsa"": 3, ""fiyat"": 64400.0, ""kaynak"": ""BNB+BYB+OKX""}, {""usdt"": 9602274.0, ""borsa"": 3, ""fiyat"": 64425.0, ""kaynak"": ""BNB+BYB+OKX""}, {""usdt"": 8888767.0, ""borsa"": 1, ""fiyat"": 64350.0, ""kaynak"": ""BNB""}]","[{""usdt"": 12043617.0, ""borsa"": 3, ""fiyat"": 64450.0, ""kaynak"": ""BNB+BYB+OKX""}, {""usdt"": 9305017.0, ""borsa"": 1, ""fiyat"": 64525.0, ""kaynak"": ""BNB""}, {""usdt"": 7141207.0, ""borsa"": 1, ""fiyat"": 64500.0, ""kaynak"": ""BNB""}]",YOK,-0.0118,0.0739,0.2304,0.1289,false,,false,0.9348,0,0,3,0,0,3,53.2,54.2,IZLE,,25,64430.5,,,,,SEVIYE,100,626.5,63,,,,,,,1785348420,1,1,,22,1337.4,22,,,
31483,2026-07-29 18:11:19.370196+00,64390.95,5152214.503121796,2772636.081,11746571677.3521,0.00008649800000000001,43438699.21221,64.3771,45.5,BEKLE,true,0.0,64.3771,1.5246,120.891,44745636.10740001,120.891,0.0,45.5,"[{""usdt"": 12243732.0, ""borsa"": 3, ""fiyat"": 64425.0, ""kaynak"": ""BNB+BYB+OKX""}, {""usdt"": 10602588.0, ""borsa"": 1, ""fiyat"": 64375.0, ""kaynak"": ""BNB""}, {""usdt"": 7104003.0, ""borsa"": 2, ""fiyat"": 64400.0, ""kaynak"": ""BNB+BYB""}]","[{""usdt"": 10865953.0, ""borsa"": 3, ""fiyat"": 64475.0, ""kaynak"": ""BNB+BYB+OKX""}, {""usdt"": 8404622.0, ""borsa"": 1, ""fiyat"": 64550.0, ""kaynak"": ""BNB""}, {""usdt"": 7510070.0, ""borsa"": 1, ""fiyat"": 64500.0, ""kaynak"": ""BNB""}]",YOK,0.0294,-0.0148,0.2556,0.3352,false,,false,,1,0,3,2,0,3,49.8,50.9,IZLE,,25,64372.9,,,,,SEVIYE,75,697.6,70,,,,,,,1785348420,1,0,,22,1338.5,22,,,
31484,2026-07-29 18:12:19.860341+00,64405.649999999994,5861923.867824896,2933463.925,11753019339.3964,0.00008649800000000001,37349039.611710005,0.0,36.3,BEKLE,true,0.0,0.0,1.5113,181.198,39029199.520510025,181.198,0.0,36.3,"[{""usdt"": 10022891.0, ""borsa"": 3, ""fiyat"": 64400.0, ""kaynak"": ""BNB+BYB+OKX""}, {""usdt"": 7572369.0, ""borsa"": 1, ""fiyat"": 64300.0, ""kaynak"": ""BNB""}, {""usdt"": 7120964.0, ""borsa"": 3, ""fiyat"": 64375.0, ""kaynak"": ""BNB+BYB+OKX""}]","[{""usdt"": 9632792.0, ""borsa"": 3, ""fiyat"": 64425.0, ""kaynak"": ""BNB+BYB+OKX""}, {""usdt"": 7754806.0, ""borsa"": 1, ""fiyat"": 64525.0, ""kaynak"": ""BNB""}, {""usdt"": 7410390.0, ""borsa"": 1, ""fiyat"": 64500.0, ""kaynak"": ""BNB""}]",YOK,0.0042,-0.022,0.3261,0.4808,false,,false,,2,0,3,0,0,3,45.9,47,IZLE,,25,64430.5,,,,,SEVIYE,100,628.5,63,,,,,,,,,0,,22,1339.5,22,,,
31485,2026-07-29 18:13:20.178057+00,64389.850000000006,5922458.648538394,3086237.214,11743365693.665201,0.00008649800000000001,44261054.68304999,0.0,41.9,BEKLE,true,0.0,0.0,1.5113,241.663,41373194.70713003,241.663,0.0,41.9,"[{""usdt"": 15201883.0, ""borsa"": 3, ""fiyat"": 64375.0, ""kaynak"": ""BNB+BYB+OKX""}, {""usdt"": 9046992.0, ""borsa"": 1, ""fiyat"": 64300.0, ""kaynak"": ""BNB""}, {""usdt"": 8399353.0, ""borsa"": 1, ""fiyat"": 64325.0, ""kaynak"": ""BNB""}]","[{""usdt"": 8758934.0, ""borsa"": 1, ""fiyat"": 64475.0, ""kaynak"": ""BNB""}, {""usdt"": 8294194.0, ""borsa"": 3, ""fiyat"": 64400.0, ""kaynak"": ""BNB+BYB+OKX""}, {""usdt"": 7994558.0, ""borsa"": 3, ""fiyat"": 64425.0, ""kaynak"": ""BNB+BYB+OKX""}]",YOK,-0.0188,0.0337,0.3448,0.0086,false,,false,,0,0,3,0,0,3,42.5,43.6,IZLE,,25,64372.9,,,,,SEVIYE,75,699.6,70,,,,,,,,,0,,22,1340.5,22,,,
31486,2026-07-29 18:14:20.60331+00,64345.350000000006,6708055.318341093,3053993.489,11741164389.1022,0.00008649800000000001,44629088.09819001,0.0,57.8,BEKLE,,0.0,0.0,1.5113,120.796,50971163.67121997,301.994,0.0,57.8,"[{""usdt"": 11755832.0, ""borsa"": 3, ""fiyat"": 64350.0, ""kaynak"": ""BNB+BYB+OKX""}, {""usdt"": 9831069.0, ""borsa"": 1, ""fiyat"": 64300.0, ""kaynak"": ""BNB""}, {""usdt"": 9725271.0, ""borsa"": 3, ""fiyat"": 64375.0, ""kaynak"": ""BNB+BYB+OKX""}]","[{""usdt"": 13687333.0, ""borsa"": 3, ""fiyat"": 64400.0, ""kaynak"": ""BNB+BYB+OKX""}, {""usdt"": 9463878.0, ""borsa"": 1, ""fiyat"": 64425.0, ""kaynak"": ""BNB""}, {""usdt"": 7345954.0, ""borsa"": 1, ""fiyat"": 64475.0, ""kaynak"": ""BNB""}]",YOK,-0.0962,-0.0663,0.3861,1.9611,false,,false,1.5323,0,1,3,0,0,3,39,40.1,IZLE,,25,64372.9,,,,,SEVIYE,75,700.6,70,,,,,,,,,0,,22,1341.5,22,,,
31487,2026-07-29 18:15:21.213721+00,64369.95,924313.5864085963,-339273.5539999998,11736528333.0881,0.00008649800000000001,46775584.23927001,0.0,66.0,BEKLE,false,0.0,0.0,1.5113,181.474,40898445.78026001,60.678,66.0,0.0,"[{""usdt"": 14060383.0, ""borsa"": 3, ""fiyat"": 64300.0, ""kaynak"": ""BNB+BYB+OKX""}, {""usdt"": 10176560.0, ""borsa"": 1, ""fiyat"": 64225.0, ""kaynak"": ""BNB""}, {""usdt"": 6603744.0, ""borsa"": 1, ""fiyat"": 64250.0, ""kaynak"": ""BNB""}]","[{""usdt"": 12254658.0, ""borsa"": 3, ""fiyat"": 64350.0, ""kaynak"": ""BNB+BYB+OKX""}, {""usdt"": 9196415.0, ""borsa"": 1, ""fiyat"": 64400.0, ""kaynak"": ""BNB""}, {""usdt"": 6384387.0, ""borsa"": 3, ""fiyat"": 64325.0, ""kaynak"": ""BNB+BYB+OKX""}]",YOK,-0.221,0.067,0.5716,0.6122,false,,false,0,0,2,3,2,0,3,35.8,36.8,IZLE,,25,64341.2,,,,,SEVIYE,50,331.1,34,PCT,1.33,276.5936168446015,0.49792955623086854,false,0.014,,,0,,19,1342.5,19,,,
31488,2026-07-29 18:16:22.378813+00,64350.149999999994,1097763.3912905972,299200.04699999996,11742922165.6994,0.00008649800000000001,43671676.84475002,0.0,59.2,BEKLE,false,0.0,0.0,1.5113,61.051,41265593.83275001,0,59.2,0.0,"[{""usdt"": 10859520.0, ""borsa"": 3, ""fiyat"": 64300.0, ""kaynak"": ""BNB+BYB+OKX""}, {""usdt"": 8917283.0, ""borsa"": 1, ""fiyat"": 64225.0, ""kaynak"": ""BNB""}, {""usdt"": 8417019.0, ""borsa"": 1, ""fiyat"": 64250.0, ""kaynak"": ""BNB""}]","[{""usdt"": 11501423.0, ""borsa"": 3, ""fiyat"": 64350.0, ""kaynak"": ""BNB+BYB+OKX""}, {""usdt"": 7997754.0, ""borsa"": 1, ""fiyat"": 64400.0, ""kaynak"": ""BNB""}, {""usdt"": 6584066.0, ""borsa"": 3, ""fiyat"": 64325.0, ""kaynak"": ""BNB+BYB+OKX""}]",YOK,-0.1108,0.0283,0.5209,0.3634,false,,false,,1,1,3,0,0,3,33,34,IZLE,,25,64341.2,,,,,SEVIYE,50,332.1,34,,,,,,,,,0,,19,1343.5,19,,,
31489,2026-07-29 18:17:22.675357+00,64278.850000000006,619182.650653099,-79956.733,11729746295.8438,0.00008649800000000001,42284809.214640014,321.4075,23.5,BEKLE,false,321.4075,0.0,1.5113,121.54,43642080.379860036,60.489,23.5,0.0,"[{""usdt"": 12076561.0, ""borsa"": 3, ""fiyat"": 64275.0, ""kaynak"": ""BNB+BYB+OKX""}, {""usdt"": 9302923.0, ""borsa"": 1, ""fiyat"": 64225.0, ""kaynak"": ""BNB""}, {""usdt"": 8055037.0, ""borsa"": 1, ""fiyat"": 64200.0, ""kaynak"": ""BNB""}]","[{""usdt"": 11016995.0, ""borsa"": 3, ""fiyat"": 64300.0, ""kaynak"": ""BNB+BYB+OKX""}, {""usdt"": 7772844.0, ""borsa"": 3, ""fiyat"": 64325.0, ""kaynak"": ""BNB+BYB+OKX""}, {""usdt"": 7199953.0, ""borsa"": 1, ""fiyat"": 64375.0, ""kaynak"": ""BNB""}]",YOK,-0.1966,-0.0158,0.5357,0.8982,false,,false,,0,2,3,0,0,3,29.5,30.6,IZLE,,25,64258.4,,,,,SEVIYE,50,513.4,52,,,,,,,1785348960,1,0,,19,1344.5,19,,,
31490,2026-07-29 18:18:23.050286+00,64224.25,135913.49471400038,-474971.6369999998,11723018280.583801,0.00008649800000000001,44580324.11937996,32315.066900000005,0.0,BEKLE,,32315.066900000005,0.0,1.5031,60.244,39088176.01224001,0,0.0,0.0,"[{""usdt"": 11238830.0, ""borsa"": 3, ""fiyat"": 64250.0, ""kaynak"": ""BNB+BYB+OKX""}, {""usdt"": 10108835.0, ""borsa"": 3, ""fiyat"": 64275.0, ""kaynak"": ""BNB+BYB+OKX""}, {""usdt"": 7832951.0, ""borsa"": 1, ""fiyat"": 64225.0, ""kaynak"": ""BNB""}]","[{""usdt"": 13508712.0, ""borsa"": 3, ""fiyat"": 64300.0, ""kaynak"": ""BNB+BYB+OKX""}, {""usdt"": 8072502.0, ""borsa"": 1, ""fiyat"": 64350.0, ""kaynak"": ""BNB""}, {""usdt"": 5107129.0, ""borsa"": 1, ""fiyat"": 64325.0, ""kaynak"": ""BNB""}]",YOK,-0.1297,0.0656,0.5187,1.0292,false,,false,0,0,2,3,2,0,3,25.5,27,IZLE,,50,64258.4,,,,,SEVIYE+TASFIYE,50,514.4,52,,,,,,,1785349080,2,0,,19,1345.5,19,,,
31491,2026-07-29 18:19:24.385381+00,64200.850000000006,-25320.201151501213,-1029586.9830000001,11715345122.3755,0.00008649800000000001,42098247.61493003,72237.5797,0.0,BEKLE,,72237.5797,0.0,1.5031,0,47700156.828020014,61.444,0.0,0.0,"[{""usdt"": 15722488.0, ""borsa"": 3, ""fiyat"": 64200.0, ""kaynak"": ""BNB+BYB+OKX""}, {""usdt"": 9436639.0, ""borsa"": 1, ""fiyat"": 64125.0, ""kaynak"": ""BNB""}, {""usdt"": 7633186.0, ""borsa"": 1, ""fiyat"": 64150.0, ""kaynak"": ""BNB""}]","[{""usdt"": 11655954.0, ""borsa"": 3, ""fiyat"": 64225.0, ""kaynak"": ""BNB+BYB+OKX""}, {""usdt"": 9896643.0, ""borsa"": 1, ""fiyat"": 64325.0, ""kaynak"": ""BNB""}, {""usdt"": 6588084.0, ""borsa"": 1, ""fiyat"": 64275.0, ""kaynak"": ""BNB""}]",YOK,-0.277,-0.0624,0.5223,0.7778,false,,false,0,0,2,3,1,1,3,23.1,24.1,IZLE,,50,64171.5,,,,,SEVIYE+TASFIYE,80,1086.2,109,,,,,,,1785349140,2,0,,19,1346.5,19,,,
31492,2026-07-29 18:20:24.697632+00,64190.850000000006,-254454.68128430494,-1063499.277,11712328606.0111,0.00008649800000000001,45679918.89632002,72952.5225,0.0,BEKLE,,72952.5225,0.0,1.5031,0,48360293.01082994,121.801,0.0,0.0,"[{""usdt"": 10480935.0, ""borsa"": 3, ""fiyat"": 64150.0, ""kaynak"": ""BNB+BYB+OKX""}, {""usdt"": 10401508.0, ""borsa"": 3, ""fiyat"": 64175.0, ""kaynak"": ""BNB+BYB+OKX""}, {""usdt"": 8633209.0, ""borsa"": 1, ""fiyat"": 64075.0, ""kaynak"": ""BNB""}]","[{""usdt"": 13743697.0, ""borsa"": 3, ""fiyat"": 64200.0, ""kaynak"": ""BNB+BYB+OKX""}, {""usdt"": 11080045.0, ""borsa"": 3, ""fiyat"": 64225.0, ""kaynak"": ""BNB+BYB+OKX""}, {""usdt"": 8473120.0, ""borsa"": 1, ""fiyat"": 64275.0, ""kaynak"": ""BNB""}]",YOK,-0.2814,-0.0285,0.5191,5.4704,false,,false,0,0,3,3,0,1,3,18.9,20,IZLE,,50,64171.5,,,,,SEVIYE+TASFIYE,80,1087.2,109,,,,,,,1785349140,2,0,,19,1347.5,19,,,
31493,2026-07-29 18:21:25.109762+00,64218.850000000006,-119067.26281460535,-1071831.2489999998,11716227133.314701,0.00008649800000000001,42158635.41286005,72631.115,0.0,BEKLE,,72631.115,0.0,1.4876,60.199,43704576.9379,182.0,0.0,0.0,"[{""usdt"": 14542992.0, ""borsa"": 3, ""fiyat"": 64200.0, ""kaynak"": ""BNB+BYB+OKX""}, {""usdt"": 8198785.0, ""borsa"": 1, ""fiyat"": 64150.0, ""kaynak"": ""BNB""}, {""usdt"": 7919330.0, ""borsa"": 1, ""fiyat"": 64125.0, ""kaynak"": ""BNB""}]","[{""usdt"": 8735912.0, ""borsa"": 1, ""fiyat"": 64300.0, ""kaynak"": ""BNB""}, {""usdt"": 8561315.0, ""borsa"": 3, ""fiyat"": 64225.0, ""kaynak"": ""BNB+BYB+OKX""}, {""usdt"": 8508399.0, ""borsa"": 3, ""fiyat"": 64250.0, ""kaynak"": ""BNB+BYB+OKX""}]",YOK,-0.1149,-0.018,0.3705,2.7738,false,,false,0,0,1,3,1,0,3,15.2,16.3,IZLE,,50,64258.4,,,,,SEVIYE+TASFIYE,50,517.5,52,,,,,,,1785349140,2,0,,19,1348.5,19,,,
31494,2026-07-29 18:22:25.654052+00,64176.350000000006,-265960.1912493051,-1280923.956,11707345243.0114,0.00008649800000000001,45871855.04729002,72631.115,29.2,BEKLE,false,72631.115,0.0,1.4876,60.573,50502338.503769994,0,29.2,0.0,"[{""usdt"": 12799254.0, ""borsa"": 3, ""fiyat"": 64175.0, ""kaynak"": ""BNB+BYB+OKX""}, {""usdt"": 9158574.0, ""borsa"": 1, ""fiyat"": 64075.0, ""kaynak"": ""BNB""}, {""usdt"": 8207436.0, ""borsa"": 2, ""fiyat"": 64150.0, ""kaynak"": ""BNB+BYB""}]","[{""usdt"": 19356589.0, ""borsa"": 3, ""fiyat"": 64200.0, ""kaynak"": ""BNB+BYB+OKX""}, {""usdt"": 9261006.0, ""borsa"": 3, ""fiyat"": 64225.0, ""kaynak"": ""BNB+BYB+OKX""}, {""usdt"": 7254457.0, ""borsa"": 1, ""fiyat"": 64250.0, ""kaynak"": ""BNB""}]",YOK,-0.1735,-0.048,0.3283,2.6407,false,,false,0,0,2,3,0,0,3,11.4,12.5,IZLE,,50,64171.5,,,,,SEVIYE+TASFIYE,80,1089.2,109,,,,,,,1785349140,2,1,,19,1349.6,19,,,
31495,2026-07-29 18:23:26.057391+00,64166.350000000006,-265960.1912493051,-1280923.956,11707345243.0114,0.00008649800000000001,50844163.08584998,72631.115,31.4,BEKLE,false,72631.115,0.0,1.4876,0,49310179.32618993,0,31.4,0.0,"[{""usdt"": 12777728.0, ""borsa"": 2, ""fiyat"": 64150.0, ""kaynak"": ""BYB+OKX""}, {""usdt"": 10624249.0, ""borsa"": 1, ""fiyat"": 64050.0, ""kaynak"": ""BNB""}, {""usdt"": 7920377.0, ""borsa"": 2, ""fiyat"": 64100.0, ""kaynak"": ""BNB+BYB""}]","[{""usdt"": 17430455.0, ""borsa"": 2, ""fiyat"": 64150.0, ""kaynak"": ""BNB+BYB""}, {""usdt"": 8963626.0, ""borsa"": 2, ""fiyat"": 64200.0, ""kaynak"": ""BNB+OKX""}, {""usdt"": 8451722.0, ""borsa"": 1, ""fiyat"": 64225.0, ""kaynak"": ""BNB""}]",YOK,-0.2388,0.0153,0.2485,2.489,false,,false,0,0,2,3,1,1,3,8.2,9.2,IZLE,,50,64171.5,,,,,SEVIYE+TASFIYE,80,1090.2,109,,,,,,,1785349140,2,1,,19,1350.6,19,,,
31496,2026-07-29 18:24:26.546159+00,64124.95,524421.2486831952,-3005667.1679999996,11702051836.802399,0.00008649800000000001,37358911.785969995,182443.96850000002,27.4,BEKLE,false,182443.96850000002,0.0,1.4876,0,49687977.62804994,60.258,27.4,0.0,"[{""usdt"": 10958190.0, ""borsa"": 3, ""fiyat"": 64100.0, ""kaynak"": ""BNB+BYB+OKX""}, {""usdt"": 6643343.0, ""borsa"": 1, ""fiyat"": 64075.0, ""kaynak"": ""BNB""}, {""usdt"": 6379813.0, ""borsa"": 1, ""fiyat"": 64050.0, ""kaynak"": ""BNB""}]","[{""usdt"": 16297511.0, ""borsa"": 3, ""fiyat"": 64150.0, ""kaynak"": ""BNB+BYB+OKX""}, {""usdt"": 7348751.0, ""borsa"": 1, ""fiyat"": 64225.0, ""kaynak"": ""BNB""}, {""usdt"": 7065713.0, ""borsa"": 1, ""fiyat"": 64200.0, ""kaynak"": ""BNB""}]",YOK,-0.1842,-0.1416,0.1558,1.4955,false,,false,0,0,2,3,0,2,3,4.6,5.7,IZLE,,50,64099.9,,,,,SEVIYE+TASFIYE,50,1521.8,152,,,,,,,1785349380,2,0,,19,1351.6,19,,,
31497,2026-07-29 18:25:26.961231+00,64019.95,-1097663.9643348064,-5832143.772000002,11704285637.2215,0.00008649800000000001,38700950.30366999,161667.07849999997,0.0,BEKLE,,161667.07849999997,0.0,1.4876,60.564,45310465.089949995,0,0.0,0.0,"[{""usdt"": 8776393.0, ""borsa"": 1, ""fiyat"": 63925.0, ""kaynak"": ""BNB""}, {""usdt"": 6432859.0, ""borsa"": 2, ""fiyat"": 64100.0, ""kaynak"": ""BYB+OKX""}, {""usdt"": 5813956.0, ""borsa"": 1, ""fiyat"": 64000.0, ""kaynak"": ""BNB""}]","[{""usdt"": 12264777.0, ""borsa"": 3, ""fiyat"": 64150.0, ""kaynak"": ""BNB+BYB+OKX""}, {""usdt"": 9015591.0, ""borsa"": 3, ""fiyat"": 64125.0, ""kaynak"": ""BNB+BYB+OKX""}, {""usdt"": 7000821.0, ""borsa"": 1, ""fiyat"": 64025.0, ""kaynak"": ""BNB""}]",YOK,-0.2473,-0.0787,0.1066,1.4766,false,,false,0,0,2,3,0,1,3,1.3,63.7,IZLE,,50,64030.6,,,,,SEVIYE+TASFIYE,60,2203.8,221,,,,,,,1785349380,2,0,,19,1092.2,19,,,
31498,2026-07-29 18:26:27.249717+00,64007.350000000006,-3104286.3442447963,-7768722.569,11687196201.965,0.00008649800000000001,42302791.91322998,302769.8291,0.0,BEKLE,,302769.8291,0.0,1.4876,120.938,43085995.01486,60.374,0.0,0.0,"[{""usdt"": 14251244.0, ""borsa"": 3, ""fiyat"": 64000.0, ""kaynak"": ""BNB+BYB+OKX""}, {""usdt"": 8776393.0, ""borsa"": 1, ""fiyat"": 63925.0, ""kaynak"": ""BNB""}, {""usdt"": 6672431.0, ""borsa"": 3, ""fiyat"": 64025.0, ""kaynak"": ""BNB+BYB+OKX""}]","[{""usdt"": 10700354.0, ""borsa"": 3, ""fiyat"": 64050.0, ""kaynak"": ""BNB+BYB+OKX""}, {""usdt"": 8823605.0, ""borsa"": 3, ""fiyat"": 64025.0, ""kaynak"": ""BNB+BYB+OKX""}, {""usdt"": 6553582.0, ""borsa"": 1, ""fiyat"": 64100.0, ""kaynak"": ""BNB""}]",YOK,-0.2473,-0.0092,0.2312,1.1192,false,,false,0,0,2,3,1,0,3,61.7,62.7,IZLE,,50,64030.6,,,,,SEVIYE+TASFIYE,60,2204.8,221,,,,,,,1785349500,2,0,,19,1093.2,19,,,
31499,2026-07-29 18:27:28.346725+00,64047.850000000006,-3024413.673274296,-7603711.99,11682615795.5452,0.00008649800000000001,41431001.567519985,343157.6651,0.0,BEKLE,,343157.6651,0.0,1.4882,0,41825311.91875002,0,0.0,0.0,"[{""usdt"": 10919906.0, ""borsa"": 3, ""fiyat"": 64000.0, ""kaynak"": ""BNB+BYB+OKX""}, {""usdt"": 7763594.0, ""borsa"": 1, ""fiyat"": 63900.0, ""kaynak"": ""BNB""}, {""usdt"": 7653591.0, ""borsa"": 1, ""fiyat"": 63950.0, ""kaynak"": ""BNB""}]","[{""usdt"": 14729273.0, ""borsa"": 3, ""fiyat"": 64025.0, ""kaynak"": ""BNB+BYB+OKX""}, {""usdt"": 7571503.0, ""borsa"": 1, ""fiyat"": 64075.0, ""kaynak"": ""BNB""}, {""usdt"": 7121975.0, ""borsa"": 1, ""fiyat"": 64100.0, ""kaynak"": ""BNB""}]",YOK,-0.2155,-0.0047,0.2274,0.7243,false,,false,0,0,3,3,0,1,3,58.5,59.6,IZLE,,50,64030.6,,,,,SEVIYE+TASFIYE,60,2205.8,221,,,,,,,1785349500,2,0,,19,1094.3,19,,,
31500,2026-07-29 18:28:28.707414+00,64063.850000000006,-2240954.370118395,-7001667.604000001,11682610253.554699,0.00008649800000000001,38128426.98390001,343093.5065,34.7,BEKLE,true,343093.5065,0.0,1.4882,60.358,42750612.891449995,0,34.7,0.0,"[{""usdt"": 13166975.0, ""borsa"": 3, ""fiyat"": 64025.0, ""kaynak"": ""BNB+BYB+OKX""}, {""usdt"": 6998498.0, ""borsa"": 1, ""fiyat"": 63950.0, ""kaynak"": ""BNB""}, {""usdt"": 5936435.0, ""borsa"": 1, ""fiyat"": 63975.0, ""kaynak"": ""BNB""}]","[{""usdt"": 10523731.0, ""borsa"": 3, ""fiyat"": 64075.0, ""kaynak"": ""BNB+BYB+OKX""}, {""usdt"": 9217181.0, ""borsa"": 3, ""fiyat"": 64050.0, ""kaynak"": ""BNB+BYB+OKX""}, {""usdt"": 8237043.0, ""borsa"": 1, ""fiyat"": 64150.0, ""kaynak"": ""BNB""}]",YOK,-0.0586,-0.0571,0.1889,0.6704,false,,false,0,0,0,3,0,1,3,55.1,56.1,IZLE,,50,64030.6,,,,,SEVIYE+TASFIYE,60,2206.8,221,,,,,,,1785349500,2,0,,19,1095.3,19,,,
31501,2026-07-29 18:29:30.098508+00,64062.45,-1521576.5022293925,-5227213.342,11700778505.7099,0.00008649800000000001,34340544.30645999,181490.58659999998,38.5,BEKLE,true,181490.58659999998,0.0,1.4882,61.448,39556123.83623999,61.448,38.5,0.0,"[{""usdt"": 12330508.0, ""borsa"": 3, ""fiyat"": 64025.0, ""kaynak"": ""BNB+BYB+OKX""}, {""usdt"": 5889662.0, ""borsa"": 1, ""fiyat"": 63975.0, ""kaynak"": ""BNB""}, {""usdt"": 5499111.0, ""borsa"": 1, ""fiyat"": 63950.0, ""kaynak"": ""BNB""}]","[{""usdt"": 7034346.0, ""borsa"": 3, ""fiyat"": 64075.0, ""kaynak"": ""BNB+BYB+OKX""}, {""usdt"": 6653445.0, ""borsa"": 1, ""fiyat"": 64175.0, ""kaynak"": ""BNB""}, {""usdt"": 6430973.0, ""borsa"": 1, ""fiyat"": 64100.0, ""kaynak"": ""BNB""}]",YOK,-0.0147,-0.0706,0.3832,0.801,false,,false,0,0,0,3,0,1,3,52.6,53.7,IZLE,,25,64030.6,,,,,SEVIYE,60,2207.8,221,,,,,,,1785349500,2,0,,19,1096.3,19,,,
31502,2026-07-29 18:30:31.061656+00,64115.25,-1176817.3055457894,-5141989.406,11697211253.9198,0.00008649800000000001,38591272.593949996,181490.58659999998,15.7,BEKLE,false,181490.58659999998,0.0,1.4882,121.764,34616002.628520004,0,0.0,15.7,"[{""usdt"": 9289942.0, ""borsa"": 3, ""fiyat"": 64050.0, ""kaynak"": ""BNB+BYB+OKX""}, {""usdt"": 6354573.0, ""borsa"": 1, ""fiyat"": 63950.0, ""kaynak"": ""BNB""}, {""usdt"": 6220773.0, ""borsa"": 1, ""fiyat"": 63975.0, ""kaynak"": ""BNB""}]","[{""usdt"": 9274504.0, ""borsa"": 3, ""fiyat"": 64100.0, ""kaynak"": ""BNB+BYB+OKX""}, {""usdt"": 6726326.0, ""borsa"": 3, ""fiyat"": 64075.0, ""kaynak"": ""BNB+BYB+OKX""}, {""usdt"": 6119674.0, ""borsa"": 1, ""fiyat"": 64175.0, ""kaynak"": ""BNB""}]",YOK,-0.0408,0.0543,0.0718,5.9264,false,,false,0,0,0,3,2,0,3,49,50,IZLE,,50,64099.9,,,,,SEVIYE+TASFIYE,50,1527.9,153,,,,,,,1785349500,2,1,,19,1097.3,19,,,
31503,2026-07-29 18:31:33.225019+00,64050.05,-86955.27055948728,-4159605.5229999996,11707823093.4818,0.00008649800000000001,35372506.51942997,0.0,29.3,BEKLE,false,0.0,0.0,1.4882,0,32265440.80366,0,0.0,29.3,"[{""usdt"": 9413587.0, ""borsa"": 3, ""fiyat"": 64125.0, ""kaynak"": ""BNB+BYB+OKX""}, {""usdt"": 6397797.0, ""borsa"": 1, ""fiyat"": 64050.0, ""kaynak"": ""BNB""}, {""usdt"": 5238670.0, ""borsa"": 1, ""fiyat"": 64075.0, ""kaynak"": ""BNB""}]","[{""usdt"": 8210169.0, ""borsa"": 3, ""fiyat"": 64175.0, ""kaynak"": ""BNB+BYB+OKX""}, {""usdt"": 6166615.0, ""borsa"": 1, ""fiyat"": 64250.0, ""kaynak"": ""BNB""}, {""usdt"": 5842844.0, ""borsa"": 3, ""fiyat"": 64150.0, ""kaynak"": ""BNB+BYB+OKX""}]",YOK,0.1367,0.0459,0.3606,0.3498,false,,false,0,2,0,3,1,0,3,46.1,47.2,IZLE,,25,64030.6,,,,,SEVIYE,60,2210.0,221,PCT,1.43,0.0,39.049209359648,false,0.023,,,0,,19,1098.5,19,,,
31504,2026-07-29 18:32:41.624581+00,63874.45,-2569710.299206292,-4210689.571,11692416711.128899,0.00008649800000000001,33337534.97653003,296880.49159999995,41.8,BEKLE,false,296432.046,448.4456,1.4882,0,32160956.270029977,0,0.0,41.8,"[{""usdt"": 8504688.0, ""borsa"": 3, ""fiyat"": 64000.0, ""kaynak"": ""BNB+BYB+OKX""}, {""usdt"": 7217617.0, ""borsa"": 1, ""fiyat"": 63950.0, ""kaynak"": ""BNB""}, {""usdt"": 5988540.0, ""borsa"": 1, ""fiyat"": 63900.0, ""kaynak"": ""BNB""}]","[{""usdt"": 7505076.0, ""borsa"": 1, ""fiyat"": 64100.0, ""kaynak"": ""BNB""}, {""usdt"": 6528785.0, ""borsa"": 3, ""fiyat"": 64050.0, ""kaynak"": ""BNB+BYB+OKX""}, {""usdt"": 6271354.0, ""borsa"": 3, ""fiyat"": 64025.0, ""kaynak"": ""BNB+BYB+OKX""}]",YOK,-0.1958,0.018,0.0829,2.1662,false,,true,0,0,2,3,0,1,3,52.5,53.6,IZLE,,25,63891.4,,,,,SEVIYE,70,1480.0,148,,,,,,,1785349860,1,0,,19,1099.5,19,,,
31505,2026-07-29 18:33:41.947123+00,63942.05,-3329796.540676293,-6482605.638,11661559422.842701,0.00008649800000000001,31476376.049560025,1643838.8010999996,22.3,BEKLE,false,1643390.6229999997,448.1781,1.4919,0,35182218.625179976,0,0.0,22.3,"[{""usdt"": 5495944.0, ""borsa"": 1, ""fiyat"": 63750.0, ""kaynak"": ""BNB""}, {""usdt"": 5090405.0, ""borsa"": 1, ""fiyat"": 63775.0, ""kaynak"": ""BNB""}, {""usdt"": 4940143.0, ""borsa"": 1, ""fiyat"": 63725.0, ""kaynak"": ""BNB""}]","[{""usdt"": 8773825.0, ""borsa"": 3, ""fiyat"": 63875.0, ""kaynak"": ""BNB+BYB+OKX""}, {""usdt"": 6054489.0, ""borsa"": 1, ""fiyat"": 63975.0, ""kaynak"": ""BNB""}, {""usdt"": 5325853.0, ""borsa"": 1, ""fiyat"": 63950.0, ""kaynak"": ""BNB""}]",YOK,-0.0558,-0.0556,0.586,4.4893,false,,true,0,0,0,3,0,0,3,48.5,50,IZLE,,50,63959.1,,,,,SEVIYE+TASFIYE,55,1601.1,160,,,,,,,1785349920,3,0,,19,1100.5,19,,,
31506,2026-07-29 18:34:42.606682+00,63925.25,-2418112.6641861894,-6480806.748000001,11671555387.7718,0.00008649800000000001,36347242.78978003,1648292.1819999998,0.0,BEKLE,,1643433.103,4859.079,1.4919,0,40010661.0501,0,0.0,0.0,"[{""usdt"": 6812366.0, ""borsa"": 3, ""fiyat"": 63925.0, ""kaynak"": ""BNB+BYB+OKX""}, {""usdt"": 6632448.0, ""borsa"": 1, ""fiyat"": 63875.0, ""kaynak"": ""BNB""}, {""usdt"": 6153052.0, ""borsa"": 1, ""fiyat"": 63825.0, ""kaynak"": ""BNB""}]","[{""usdt"": 12181686.0, ""borsa"": 3, ""fiyat"": 63975.0, ""kaynak"": ""BNB+BYB+OKX""}, {""usdt"": 8027681.0, ""borsa"": 1, ""fiyat"": 64025.0, ""kaynak"": ""BNB""}, {""usdt"": 6968053.0, ""borsa"": 1, ""fiyat"": 64000.0, ""kaynak"": ""BNB""}]",YOK,0.1443,-0.048,0.3255,3.4114,false,,true,0,1,0,3,0,1,3,44.9,46,IZLE,,50,63891.4,,,,,SEVIYE+TASFIYE,70,1482.0,148,,,,,,,1785349980,3,0,,19,1101.5,19,,,
31507,2026-07-29 18:35:43.074578+00,63853.55,-2301653.7642023833,-7010089.078000001,11674352709.0912,0.00008649800000000001,33373385.97692002,1648486.0932999998,0.0,BEKLE,,1643433.103,5052.9902999999995,1.4919,0,42338418.06532997,60.881,0.0,0.0,"[{""usdt"": 8430192.0, ""borsa"": 3, ""fiyat"": 63875.0, ""kaynak"": ""BNB+BYB+OKX""}, {""usdt"": 6465840.0, ""borsa"": 3, ""fiyat"": 63900.0, ""kaynak"": ""BNB+BYB+OKX""}, {""usdt"": 6128754.0, ""borsa"": 1, ""fiyat"": 63850.0, ""kaynak"": ""BNB""}]","[{""usdt"": 9783135.0, ""borsa"": 1, ""fiyat"": 63975.0, ""kaynak"": ""BNB""}, {""usdt"": 7235784.0, ""borsa"": 1, ""fiyat"": 64025.0, ""kaynak"": ""BNB""}, {""usdt"": 5723085.0, ""borsa"": 2, ""fiyat"": 63900.0, ""kaynak"": ""BYB+OKX""}]",YOK,0.1064,-0.1184,0.2943,4.5984,false,,true,0,0,0,3,0,1,3,42,43.1,IZLE,,50,63833.6,,,,,SEVIYE+TASFIYE,55,1483.0,149,,,,,,,1785350040,3,0,,21,722.0,21,,,
31508,2026-07-29 18:36:43.410804+00,63915.95,-1452229.5698675828,-1989178.3320000002,11660362178.580101,0.00008649800000000001,31379832.516959995,1648357.7881999998,56.6,BEKLE,false,1643433.103,4924.6852,1.495,0,37484883.50149001,121.12,0.0,56.6,"[{""usdt"": 7346628.0, ""borsa"": 3, ""fiyat"": 63850.0, ""kaynak"": ""BNB+BYB+OKX""}, {""usdt"": 6515857.0, ""borsa"": 3, ""fiyat"": 63875.0, ""kaynak"": ""BNB+BYB+OKX""}, {""usdt"": 5862508.0, ""borsa"": 1, ""fiyat"": 63800.0, ""kaynak"": ""BNB""}]","[{""usdt"": 11603030.0, ""borsa"": 3, ""fiyat"": 63900.0, ""kaynak"": ""BNB+BYB+OKX""}, {""usdt"": 6667103.0, ""borsa"": 1, ""fiyat"": 63975.0, ""kaynak"": ""BNB""}, {""usdt"": 5698995.0, ""borsa"": 1, ""fiyat"": 63950.0, ""kaynak"": ""BNB""}]",YOK,-0.0933,-0.0887,0.3035,2.0038,false,,false,,0,1,3,0,1,3,38.4,39.5,IZLE,,50,63897.4,,,,,SEVIYE+TASFIYE,55,1484.0,149,,,,,,,1785350040,3,0,,21,723.0,21,,,
31509,2026-07-29 18:37:43.763604+00,64007.25,-1179402.7288702824,-1686175.2070000004,11680293216.5879,0.00008649800000000001,34871789.21349999,1351853.5936999999,0.0,BEKLE,,1347248.7619999999,4604.8317,1.495,0,40141822.426959984,181.512,0.0,0.0,"[{""usdt"": 8460949.0, ""borsa"": 3, ""fiyat"": 63950.0, ""kaynak"": ""BNB+BYB+OKX""}, {""usdt"": 7687912.0, ""borsa"": 1, ""fiyat"": 63850.0, ""kaynak"": ""BNB""}, {""usdt"": 5996365.0, ""borsa"": 1, ""fiyat"": 63900.0, ""kaynak"": ""BNB""}]","[{""usdt"": 7176992.0, ""borsa"": 3, ""fiyat"": 63975.0, ""kaynak"": ""BNB+BYB+OKX""}, {""usdt"": 7147177.0, ""borsa"": 1, ""fiyat"": 64075.0, ""kaynak"": ""BNB""}, {""usdt"": 6928279.0, ""borsa"": 1, ""fiyat"": 64025.0, ""kaynak"": ""BNB""}]",SPOT,0.2048,-0.0703,0.2761,1.7779,false,,true,0,2,0,3,0,1,3,34.9,35.9,IZLE,,50,64030.6,,,,,SEVIYE+TASFIYE,60,2216.1,222,,,,,,,1785350040,3,0,,21,724.0,21,,,
31510,2026-07-29 18:38:44.094239+00,64141.45,-787098.768840581,-812303.9360000002,11693679198.189098,0.00008649800000000001,34976439.10631998,4604.8317,0.0,BEKLE,,0.0,4604.8317,1.495,0,39703047.875140026,60.346,0.0,0.0,"[{""usdt"": 6694320.0, ""borsa"": 3, ""fiyat"": 64050.0, ""kaynak"": ""BNB+BYB+OKX""}, {""usdt"": 6318720.0, ""borsa"": 3, ""fiyat"": 64025.0, ""kaynak"": ""BNB+BYB+OKX""}, {""usdt"": 5622865.0, ""borsa"": 1, ""fiyat"": 63925.0, ""kaynak"": ""BNB""}]","[{""usdt"": 11123934.0, ""borsa"": 2, ""fiyat"": 64100.0, ""kaynak"": ""BNB+BYB""}, {""usdt"": 10125348.0, ""borsa"": 3, ""fiyat"": 64075.0, ""kaynak"": ""BNB+BYB+OKX""}, {""usdt"": 6772730.0, ""borsa"": 1, ""fiyat"": 64125.0, ""kaynak"": ""BNB""}]",YOK,0.1198,-0.0633,0.237,1.2514,false,,false,2.0112,1,0,3,1,0,3,31.3,32.4,IZLE,,25,64166.1,,,,,SEVIYE,80,1105.5,111,,,,,,,1785350040,1,0,,21,725.0,21,,,
31511,2026-07-29 18:39:44.427187+00,64109.350000000006,-484278.3122338848,644739.529,11709563347.5977,0.00008649800000000001,39724106.27690998,356972.3005,0.0,BEKLE,,0.0,356972.3005,1.495,0,35199550.248690024,0,0.0,0.0,"[{""usdt"": 15395732.0, ""borsa"": 3, ""fiyat"": 64125.0, ""kaynak"": ""BNB+BYB+OKX""}, {""usdt"": 5795917.0, ""borsa"": 1, ""fiyat"": 64050.0, ""kaynak"": ""BNB""}, {""usdt"": 5450507.0, ""borsa"": 1, ""fiyat"": 64000.0, ""kaynak"": ""BNB""}]","[{""usdt"": 9877260.0, ""borsa"": 3, ""fiyat"": 64150.0, ""kaynak"": ""BNB+BYB+OKX""}, {""usdt"": 7703874.0, ""borsa"": 3, ""fiyat"": 64175.0, ""kaynak"": ""BNB+BYB+OKX""}, {""usdt"": 6280625.0, ""borsa"": 1, ""fiyat"": 64200.0, ""kaynak"": ""BNB""}]",SPOT,0.2661,0.0604,0.1582,1.0146,false,,false,,3,0,3,0,1,3,27.7,28.9,IZLE,,25,64099.9,,,,,SEVIYE,50,1537.1,154,,,,,,,1785350280,2,0,,21,726.0,21,,,
31512,2026-07-29 18:40:44.758206+00,64208.149999999994,719083.8164524131,966174.4080000002,11719074976.5959,0.00008649800000000001,42729282.83920002,357207.8126,0.0,BEKLE,,0.0,357207.8126,1.495,0,36906549.22987002,0,0.0,0.0,"[{""usdt"": 15605622.0, ""borsa"": 3, ""fiyat"": 64200.0, ""kaynak"": ""BNB+BYB+OKX""}, {""usdt"": 6814587.0, ""borsa"": 1, ""fiyat"": 64125.0, ""kaynak"": ""BNB""}, {""usdt"": 5990596.0, ""borsa"": 2, ""fiyat"": 64175.0, ""kaynak"": ""BNB+BYB""}]","[{""usdt"": 9732908.0, ""borsa"": 1, ""fiyat"": 64325.0, ""kaynak"": ""BNB""}, {""usdt"": 7699964.0, ""borsa"": 1, ""fiyat"": 64300.0, ""kaynak"": ""BNB""}, {""usdt"": 6449494.0, ""borsa"": 3, ""fiyat"": 64250.0, ""kaynak"": ""BNB+BYB+OKX""}]",SPOT,0.2249,0.0731,0.2078,1.6449,true,0,false,6.2324,2,0,3,2,0,3,24.2,25.3,IZLE,,25,64166.1,,,,,SEVIYE,80,1107.5,111,,,,,,,1785350340,2,0,,21,727.0,21,,,
31513,2026-07-29 18:41:45.156347+00,64330.649999999994,-214257.65303899557,483480.80700000026,11704765189.2178,0.00008649800000000001,38145422.118449986,370622.71400000004,0.0,BEKLE,,0.0,370622.71400000004,1.495,60.392,35099736.4841,60.392,0.0,0.0,"[{""usdt"": 8522064.0, ""borsa"": 3, ""fiyat"": 64275.0, ""kaynak"": ""BNB+BYB+OKX""}, {""usdt"": 8003993.0, ""borsa"": 3, ""fiyat"": 64300.0, ""kaynak"": ""BNB+BYB+OKX""}, {""usdt"": 6017683.0, ""borsa"": 1, ""fiyat"": 64175.0, ""kaynak"": ""BNB""}]","[{""usdt"": 8567485.0, ""borsa"": 3, ""fiyat"": 64325.0, ""kaynak"": ""BNB+BYB+OKX""}, {""usdt"": 7714415.0, ""borsa"": 1, ""fiyat"": 64400.0, ""kaynak"": ""BNB""}, {""usdt"": 7069339.0, ""borsa"": 1, ""fiyat"": 64375.0, ""kaynak"": ""BNB""}]",SPOT,0.2566,0.0416,0.2575,5.8105,true,0,false,5.2287,3,0,3,2,0,3,20.4,21.5,IZLE,,25,64341.2,,,,,SEVIYE,50,357.5,36,,,,,,,1785350400,2,0,,21,728.0,21,,,
31514,2026-07-29 18:42:45.47296+00,64312.850000000006,585061.4747551039,1152169.1199999996,11711346874.143002,0.00008649800000000001,37379437.556570046,595839.1615,0.0,BEKLE,,0.0,595839.1615,1.5031,120.716,30307023.169700023,0,0.0,0.0,"[{""usdt"": 6801697.0, ""borsa"": 1, ""fiyat"": 64175.0, ""kaynak"": ""BNB""}, {""usdt"": 6759349.0, ""borsa"": 2, ""fiyat"": 64275.0, ""kaynak"": ""BYB+OKX""}, {""usdt"": 6321207.0, ""borsa"": 1, ""fiyat"": 64200.0, ""kaynak"": ""BNB""}]","[{""usdt"": 8840506.0, ""borsa"": 3, ""fiyat"": 64300.0, ""kaynak"": ""BNB+BYB+OKX""}, {""usdt"": 6955169.0, ""borsa"": 3, ""fiyat"": 64325.0, ""kaynak"": ""BNB+BYB+OKX""}, {""usdt"": 4569905.0, ""borsa"": 3, ""fiyat"": 64275.0, ""kaynak"": ""BNB+BYB+OKX""}]",YOK,0.1029,0.1045,0.301,3.5067,true,0,false,4.2876,1,0,3,1,0,3,16.8,17.9,IZLE,,25,64299.9,,,,,SEVIYE,55,248.3,25,,,,,,,1785350460,2,0,,21,729.0,21,,,
31515,2026-07-29 18:43:45.841549+00,64344.649999999994,-24937.02160530226,686956.0950000001,11715451582.0622,0.00008649800000000001,39638126.97388998,292512.6847,0.0,BEKLE,,0.0,292512.6847,1.5031,0,38214931.652690016,0,0.0,0.0,"[{""usdt"": 14232912.0, ""borsa"": 3, ""fiyat"": 64325.0, ""kaynak"": ""BNB+BYB+OKX""}, {""usdt"": 7502084.0, ""borsa"": 3, ""fiyat"": 64300.0, ""kaynak"": ""BNB+BYB+OKX""}, {""usdt"": 5600949.0, ""borsa"": 1, ""fiyat"": 64250.0, ""kaynak"": ""BNB""}]","[{""usdt"": 9918240.0, ""borsa"": 2, ""fiyat"": 64375.0, ""kaynak"": ""BNB+BYB""}, {""usdt"": 8673648.0, ""borsa"": 3, ""fiyat"": 64350.0, ""kaynak"": ""BNB+BYB+OKX""}, {""usdt"": 7758073.0, ""borsa"": 1, ""fiyat"": 64400.0, ""kaynak"": ""BNB""}]",SPOT,0.1773,0.0183,0.2604,4.6606,true,0,false,2.5785,2,0,3,1,0,3,13.2,14.3,IZLE,,25,64341.2,,,,,SEVIYE,50,359.5,36,,,,,,,1785350460,2,0,,21,730.1,21,,,
31516,2026-07-29 18:44:46.111434+00,64396.350000000006,446174.06764569087,640324.9719999997,11722629637.7686,0.00008649800000000001,39220592.46651998,231333.1119,3.7,BEKLE,,0.0,231333.1119,1.5031,60.336,36565004.56829002,60.336,3.7,0.0,"[{""usdt"": 9455208.0, ""borsa"": 3, ""fiyat"": 64400.0, ""kaynak"": ""BNB+BYB+OKX""}, {""usdt"": 9043249.0, ""borsa"": 1, ""fiyat"": 64325.0, ""kaynak"": ""BNB""}, {""usdt"": 5252525.0, ""borsa"": 1, ""fiyat"": 64300.0, ""kaynak"": ""BNB""}]","[{""usdt"": 9739593.0, ""borsa"": 3, ""fiyat"": 64450.0, ""kaynak"": ""BNB+BYB+OKX""}, {""usdt"": 8001668.0, ""borsa"": 1, ""fiyat"": 64500.0, ""kaynak"": ""BNB""}, {""usdt"": 7626510.0, ""borsa"": 3, ""fiyat"": 64425.0, ""kaynak"": ""BNB+BYB+OKX""}]",SPOT,0.3156,0.035,0.9932,20.576,false,,false,2.1096,3,0,3,1,0,3,9.7,10.7,IZLE,,25,64382,,,,,SEVIYE,70,731.1,73,,,,,,,1785350580,2,0,,21,731.1,21,,,
31517,2026-07-29 18:45:46.455601+00,64341.149999999994,2300342.7152945846,3239810.9360000007,11714975725.9491,0.00008649800000000001,39220829.84500002,363041.1703,0.0,BEKLE,,0.0,363041.1703,1.5031,60.229,32548851.448799998,120.565,0.0,0.0,"[{""usdt"": 9559870.0, ""borsa"": 3, ""fiyat"": 64325.0, ""kaynak"": ""BNB+BYB+OKX""}, {""usdt"": 9056711.0, ""borsa"": 3, ""fiyat"": 64350.0, ""kaynak"": ""BNB+BYB+OKX""}, {""usdt"": 6278928.0, ""borsa"": 1, ""fiyat"": 64300.0, ""kaynak"": ""BNB""}]","[{""usdt"": 9635861.0, ""borsa"": 3, ""fiyat"": 64375.0, ""kaynak"": ""BNB+BYB+OKX""}, {""usdt"": 6832655.0, ""borsa"": 1, ""fiyat"": 64475.0, ""kaynak"": ""BNB""}, {""usdt"": 6256252.0, ""borsa"": 1, ""fiyat"": 64450.0, ""kaynak"": ""BNB""}]",YOK,0.1316,0.093,0.3223,1.7745,true,0,false,,1,0,3,1,0,3,5.9,7,IZLE,,25,64368,,,,,SEVIYE,70,732.1,74,PCT,2.38,60.832878409949814,187.01247220842848,true,0.034,1785350640,3,0,,19,1112.6,19,,,
31518,2026-07-29 18:46:53.309061+00,64367.95,2075247.6812367835,3420212.3500000006,11716573645.109402,0.00008649800000000001,37046209.03148001,137873.1704,42.8,BEKLE,false,0.0,137873.1704,1.5031,121.663,35870923.31765,181.999,0.0,42.8,"[{""usdt"": 9191581.0, ""borsa"": 3, ""fiyat"": 64350.0, ""kaynak"": ""BNB+BYB+OKX""}, {""usdt"": 7150374.0, ""borsa"": 1, ""fiyat"": 64325.0, ""kaynak"": ""BNB""}, {""usdt"": 6898560.0, ""borsa"": 1, ""fiyat"": 64300.0, ""kaynak"": ""BNB""}]","[{""usdt"": 7993980.0, ""borsa"": 1, ""fiyat"": 64475.0, ""kaynak"": ""BNB""}, {""usdt"": 7970259.0, ""borsa"": 1, ""fiyat"": 64500.0, ""kaynak"": ""BNB""}, {""usdt"": 7193591.0, ""borsa"": 3, ""fiyat"": 64400.0, ""kaynak"": ""BNB+BYB+OKX""}]",SPOT,0.1979,0.0161,0.3477,0.3701,false,0,false,,3,0,3,1,1,3,3.5,4.5,IZLE,,25,64368,,,,,SEVIYE,70,733.2,74,,,,,,,1785350640,3,0,,19,1113.7,19,,,
31519,2026-07-29 18:47:57.22498+00,64401.75,2476977.191431582,3161472.786000001,11716895013.9538,0.00008649800000000001,39083127.04590006,137873.1704,34.4,BEKLE,,0.0,137873.1704,1.5019,191.04,38182731.09768998,191.04,0.0,34.4,"[{""usdt"": 8792191.0, ""borsa"": 3, ""fiyat"": 64400.0, ""kaynak"": ""BNB+BYB+OKX""}, {""usdt"": 6641323.0, ""borsa"": 1, ""fiyat"": 64300.0, ""kaynak"": ""BNB""}, {""usdt"": 6630688.0, ""borsa"": 1, ""fiyat"": 64325.0, ""kaynak"": ""BNB""}]","[{""usdt"": 9605636.0, ""borsa"": 3, ""fiyat"": 64450.0, ""kaynak"": ""BNB+BYB+OKX""}, {""usdt"": 8459816.0, ""borsa"": 1, ""fiyat"": 64500.0, ""kaynak"": ""BNB""}, {""usdt"": 7952510.0, ""borsa"": 2, ""fiyat"": 64475.0, ""kaynak"": ""BNB+BYB""}]",YOK,0.121,0.0117,0.3917,1.2028,true,0,false,,2,0,3,0,0,3,9,10.1,IZLE,,25,64407.9,,,,,SEVIYE,100,734.2,74,,,,,,,1785350640,3,1,,19,1114.7,19,,,
31520,2026-07-29 18:48:57.656246+00,64410.350000000006,3226256.395719086,2901908.8300000005,11728315424.3374,0.00008649800000000001,36004551.559060015,141737.4512,31.4,BEKLE,false,0.0,141737.4512,1.5019,251.463,34175401.48440002,129.8,0.0,31.4,"[{""usdt"": 8224281.0, ""borsa"": 3, ""fiyat"": 64375.0, ""kaynak"": ""BNB+BYB+OKX""}, {""usdt"": 7209462.0, ""borsa"": 1, ""fiyat"": 64325.0, ""kaynak"": ""BNB""}, {""usdt"": 6283332.0, ""borsa"": 1, ""fiyat"": 64350.0, ""kaynak"": ""BNB""}]","[{""usdt"": 7539732.0, ""borsa"": 1, ""fiyat"": 64500.0, ""kaynak"": ""BNB""}, {""usdt"": 7022914.0, ""borsa"": 3, ""fiyat"": 64425.0, ""kaynak"": ""BNB+BYB+OKX""}, {""usdt"": 6457698.0, ""borsa"": 1, ""fiyat"": 64475.0, ""kaynak"": ""BNB""}]",YOK,0.1488,0.0261,0.5009,0.6612,true,0,false,,2,0,3,1,0,3,5.5,6.6,IZLE,,25,64407.9,,,,,SEVIYE,100,735.3,74,,,,,,,1785350820,3,0,,19,1115.7,19,,,
31521,2026-07-29 18:49:57.920783+00,64485.149999999994,4207842.733651686,3449783.2560000005,11735784114.2302,0.00008649800000000001,37078694.04356,4121.76,35.8,BEKLE,true,0.0,4121.76,1.5019,60.325,36599208.26619997,190.125,0.0,35.8,"[{""usdt"": 8591276.0, ""borsa"": 2, ""fiyat"": 64400.0, ""kaynak"": ""BNB+OKX""}, {""usdt"": 7275640.0, ""borsa"": 2, ""fiyat"": 64375.0, ""kaynak"": ""BNB+OKX""}, {""usdt"": 5730240.0, ""borsa"": 1, ""fiyat"": 64350.0, ""kaynak"": ""BNB""}]","[{""usdt"": 9659434.0, ""borsa"": 2, ""fiyat"": 64500.0, ""kaynak"": ""BNB+BYB""}, {""usdt"": 7234134.0, ""borsa"": 1, ""fiyat"": 64575.0, ""kaynak"": ""BNB""}, {""usdt"": 6559569.0, ""borsa"": 2, ""fiyat"": 64525.0, ""kaynak"": ""BNB+BYB""}]",SPOT,0.2838,0.0065,0.478,0.7364,true,0,false,,3,0,3,1,0,3,2,63.9,HAZIRLAN,LONG,50,64487.9,64487.9,65000,64399.9,6.04,SEVIYE+EMILIM,50,606.1,61,,,,,,,1785350820,1,0,0.03,19,1116.7,19,,,
31522,2026-07-29 18:50:58.369236+00,64443.75,4356042.32190449,1024893.5830000002,11738883140.098999,0.00008649800000000001,38456020.75555,25981.4055,53.2,BEKLE,false,0.0,25981.4055,1.5019,120.642,37305787.20915997,250.442,53.2,0.0,"[{""usdt"": 7598098.0, ""borsa"": 3, ""fiyat"": 64475.0, ""kaynak"": ""BNB+BYB+OKX""}, {""usdt"": 7468353.0, ""borsa"": 1, ""fiyat"": 64400.0, ""kaynak"": ""BNB""}, {""usdt"": 5730240.0, ""borsa"": 1, ""fiyat"": 64350.0, ""kaynak"": ""BNB""}]","[{""usdt"": 14010929.0, ""borsa"": 3, ""fiyat"": 64500.0, ""kaynak"": ""BNB+BYB+OKX""}, {""usdt"": 7234134.0, ""borsa"": 1, ""fiyat"": 64575.0, ""kaynak"": ""BNB""}, {""usdt"": 6834008.0, ""borsa"": 3, ""fiyat"": 64525.0, ""kaynak"": ""BNB+BYB+OKX""}]",SPOT,0.2838,0.0152,0.3882,1.2658,true,0,false,,3,0,3,1,0,3,62.3,63.4,IZLE,,25,64407.9,,,,,SEVIYE,100,737.3,74,,,,,,,1785350940,2,0,,19,1117.8,19,,,
31523,2026-07-29 18:51:58.746021+00,64494.25,4082601.9775630897,-251805.69700000001,11744666007.243801,0.00008649800000000001,33623317.91448998,25981.4055,53.2,BEKLE,false,0.0,25981.4055,1.4938,120.829,34889699.22377,310.954,53.2,0.0,"[{""usdt"": 8021828.0, ""borsa"": 3, ""fiyat"": 64425.0, ""kaynak"": ""BNB+BYB+OKX""}, {""usdt"": 6957167.0, ""borsa"": 1, ""fiyat"": 64350.0, ""kaynak"": ""BNB""}, {""usdt"": 5869801.0, ""borsa"": 1, ""fiyat"": 64375.0, ""kaynak"": ""BNB""}]","[{""usdt"": 8274979.0, ""borsa"": 1, ""fiyat"": 64525.0, ""kaynak"": ""BNB""}, {""usdt"": 8221199.0, ""borsa"": 3, ""fiyat"": 64475.0, ""kaynak"": ""BNB+BYB+OKX""}, {""usdt"": 7864078.0, ""borsa"": 2, ""fiyat"": 64500.0, ""kaynak"": ""BNB+BYB""}]",SPOT,0.1681,-0.0185,0.2721,1.1179,true,0,false,,2,0,3,1,0,3,59,60.1,IZLE,,25,64487.9,,,,,SEVIYE,50,608.1,61,,,,,,,1785350940,2,1,,19,1118.8,19,,,
31524,2026-07-29 18:52:59.117953+00,64547.350000000006,4632896.328463885,-362311.449,11754879979.9057,0.00008649800000000001,36502328.565979995,22633.706700000002,52.5,BEKLE,false,0.0,22633.706700000002,1.4938,0,38266431.45330995,60.304,52.5,0.0,"[{""usdt"": 9320694.0, ""borsa"": 3, ""fiyat"": 64475.0, ""kaynak"": ""BNB+BYB+OKX""}, {""usdt"": 7914929.0, ""borsa"": 3, ""fiyat"": 64500.0, ""kaynak"": ""BNB+BYB+OKX""}, {""usdt"": 6189932.0, ""borsa"": 1, ""fiyat"": 64400.0, ""kaynak"": ""BNB""}]","[{""usdt"": 11441093.0, ""borsa"": 3, ""fiyat"": 64525.0, ""kaynak"": ""BNB+BYB+OKX""}, {""usdt"": 8417052.0, ""borsa"": 1, ""fiyat"": 64600.0, ""kaynak"": ""BNB""}, {""usdt"": 7909363.0, ""borsa"": 1, ""fiyat"": 64575.0, ""kaynak"": ""BNB""}]",SPOT,0.3236,-0.0236,0.295,1.3001,true,0,false,,3,0,3,1,0,3,55.3,56.5,IZLE,,25,64567.3,,,,,SEVIYE,70,649.2,65,,,,,,,1785351120,2,0,,19,1119.8,19,,,
31525,2026-07-29 18:53:59.599128+00,64600.95,5077171.867373598,697568.8280000001,11764593202.828499,0.00008649800000000001,36033810.25921999,206746.6595,40.8,BEKLE,false,0.0,206746.6595,1.4938,0,44027086.17561997,60.555,40.8,0.0,"[{""usdt"": 7642294.0, ""borsa"": 3, ""fiyat"": 64550.0, ""kaynak"": ""BNB+BYB+OKX""}, {""usdt"": 7638621.0, ""borsa"": 1, ""fiyat"": 64500.0, ""kaynak"": ""BNB""}, {""usdt"": 6336139.0, ""borsa"": 1, ""fiyat"": 64450.0, ""kaynak"": ""BNB""}]","[{""usdt"": 14559483.0, ""borsa"": 3, ""fiyat"": 64600.0, ""kaynak"": ""BNB+BYB+OKX""}, {""usdt"": 7601859.0, ""borsa"": 1, ""fiyat"": 64650.0, ""kaynak"": ""BNB""}, {""usdt"": 6951539.0, ""borsa"": 1, ""fiyat"": 64675.0, ""kaynak"": ""BNB""}]",SPOT,0.3532,-0.0998,0.3647,2.451,true,0,false,,3,0,3,0,2,3,52,53.1,IZLE,,25,64567.3,,,,,SEVIYE,70,650.2,65,,,,,,,1785351180,2,0,,19,1120.8,19,,,
31526,2026-07-29 18:54:59.888957+00,64575.850000000006,3419656.940170402,798725.0180000002,11759526213.0444,0.00008649800000000001,40734717.28018001,225922.08449999997,78.0,BEKLE,false,0.0,225922.08449999997,1.4938,60.295,34512532.24490996,60.295,78.0,0.0,"[{""usdt"": 11190337.0, ""borsa"": 3, ""fiyat"": 64550.0, ""kaynak"": ""BNB+BYB+OKX""}, {""usdt"": 7702913.0, ""borsa"": 3, ""fiyat"": 64575.0, ""kaynak"": ""BNB+BYB+OKX""}, {""usdt"": 6651029.0, ""borsa"": 1, ""fiyat"": 64525.0, ""kaynak"": ""BNB""}]","[{""usdt"": 8156098.0, ""borsa"": 1, ""fiyat"": 64675.0, ""kaynak"": ""BNB""}, {""usdt"": 7564355.0, ""borsa"": 3, ""fiyat"": 64600.0, ""kaynak"": ""BNB+BYB+OKX""}, {""usdt"": 7545781.0, ""borsa"": 1, ""fiyat"": 64700.0, ""kaynak"": ""BNB""}]",SPOT,0.16,0.0827,0.1748,1.304,true,0.0204,false,,2,0,3,2,0,3,47.9,49.4,IZLE,,25,64559.4,,,,,SEVIYE,70,651.2,66,,,,,,,1785351240,2,0,,20,1121.8,20,,,
31527,2026-07-29 18:56:00.371117+00,64491.649999999994,32052.565454910393,-1237580.19,11763338398.3916,0.00008649800000000001,38001868.92221001,227601.02989999996,68.6,BEKLE,false,0.0,227601.02989999996,1.4938,60.257,37222350.069009975,120.552,68.6,0.0,"[{""usdt"": 9184900.0, ""borsa"": 3, ""fiyat"": 64550.0, ""kaynak"": ""BNB+BYB+OKX""}, {""usdt"": 8425068.0, ""borsa"": 3, ""fiyat"": 64575.0, ""kaynak"": ""BNB+BYB+OKX""}, {""usdt"": 7476404.0, ""borsa"": 1, ""fiyat"": 64500.0, ""kaynak"": ""BNB""}]","[{""usdt"": 8123334.0, ""borsa"": 1, ""fiyat"": 64675.0, ""kaynak"": ""BNB""}, {""usdt"": 8043898.0, ""borsa"": 3, ""fiyat"": 64600.0, ""kaynak"": ""BNB+BYB+OKX""}, {""usdt"": 7938331.0, ""borsa"": 1, ""fiyat"": 64650.0, ""kaynak"": ""BNB""}]",SPOT,0.172,0.0104,0.5766,0.4143,true,0.1318,false,,2,0,3,1,0,3,44.3,45.3,HAZIRLAN,LONG,50,64499.1,64499.1,65000,64420.8,7.17,SEVIYE+EMILIM,70,612.1,62,,,,,,,1785351300,2,0,0.11,20,1122.8,20,,,
31528,2026-07-29 18:57:00.753172+00,64449.05,-1094875.9154454903,-2112151.808,11748528088.9744,0.00008649800000000001,36884458.81684999,227598.89789999995,40.5,BEKLE,false,0.0,227598.89789999995,1.4938,60.568,33082336.400809996,0,40.5,0.0,"[{""usdt"": 10205177.0, ""borsa"": 3, ""fiyat"": 64450.0, ""kaynak"": ""BNB+BYB+OKX""}, {""usdt"": 6974753.0, ""borsa"": 1, ""fiyat"": 64375.0, ""kaynak"": ""BNB""}, {""usdt"": 5167039.0, ""borsa"": 1, ""fiyat"": 64350.0, ""kaynak"": ""BNB""}]","[{""usdt"": 7036275.0, ""borsa"": 3, ""fiyat"": 64500.0, ""kaynak"": ""BNB+BYB+OKX""}, {""usdt"": 5906153.0, ""borsa"": 2, ""fiyat"": 64525.0, ""kaynak"": ""BNB+BYB""}, {""usdt"": 5597672.0, ""borsa"": 1, ""fiyat"": 64550.0, ""kaynak"": ""BNB""}]",YOK,-0.1236,0.0543,0.6648,0.3762,true,0.261,false,,0,1,3,0,1,3,40.9,42,IZLE,,25,64428.8,,,,,SEVIYE,100,673.2,68,,,,,,,1785351300,2,0,,20,1123.8,20,,,
31529,2026-07-29 18:58:01.089689+00,64471.45,-980452.0622595933,-2030750.683,11761125584.0638,0.00008649800000000001,36559306.48790998,221208.52509999997,33.5,BEKLE,false,0.0,221208.52509999997,1.4808,60.3,35381279.20914005,60.3,33.5,0.0,"[{""usdt"": 10415721.0, ""borsa"": 3, ""fiyat"": 64425.0, ""kaynak"": ""BNB+BYB+OKX""}, {""usdt"": 6293927.0, ""borsa"": 3, ""fiyat"": 64450.0, ""kaynak"": ""BNB+BYB+OKX""}, {""usdt"": 6059293.0, ""borsa"": 1, ""fiyat"": 64350.0, ""kaynak"": ""BNB""}]","[{""usdt"": 7344146.0, ""borsa"": 3, ""fiyat"": 64475.0, ""kaynak"": ""BNB+BYB+OKX""}, {""usdt"": 6857803.0, ""borsa"": 1, ""fiyat"": 64575.0, ""kaynak"": ""BNB""}, {""usdt"": 5310600.0, ""borsa"": 1, ""fiyat"": 64500.0, ""kaynak"": ""BNB""}]",YOK,-0.0411,0.0164,0.7056,0.6179,true,0.1992,false,,0,1,3,1,1,3,37.3,38.4,IZLE,,25,64499.1,,,,,SEVIYE,70,614.2,62,,,,,,,1785351300,2,0,,20,1124.8,20,,,
31530,2026-07-29 18:59:01.458537+00,64484.45,-726684.827026688,-2085684.5990000002,11772172641.0757,0.00008649800000000001,35125379.11454001,2579.6944,29.6,BEKLE,false,709.1854,1870.509,1.4808,60.358,32722990.04935,60.358,29.6,0.0,"[{""usdt"": 9995309.0, ""borsa"": 3, ""fiyat"": 64475.0, ""kaynak"": ""BNB+BYB+OKX""}, {""usdt"": 6480284.0, ""borsa"": 3, ""fiyat"": 64450.0, ""kaynak"": ""BNB+BYB+OKX""}, {""usdt"": 5821366.0, ""borsa"": 1, ""fiyat"": 64400.0, ""kaynak"": ""BNB""}]","[{""usdt"": 7258473.0, ""borsa"": 3, ""fiyat"": 64500.0, ""kaynak"": ""BNB+BYB+OKX""}, {""usdt"": 6239567.0, ""borsa"": 1, ""fiyat"": 64575.0, ""kaynak"": ""BNB""}, {""usdt"": 5181244.0, ""borsa"": 1, ""fiyat"": 64550.0, ""kaynak"": ""BNB""}]",YOK,-0.0329,0.0354,0.5977,0.7764,true,0.2168,false,,0,0,3,1,0,3,33.7,34.7,IZLE,,25,64499.1,,,,,SEVIYE,70,615.2,62,,,,,,,1785351420,1,0,,20,1125.8,20,,,
31531,2026-07-29 19:00:01.807353+00,64481.75,-658584.7321237895,-2174144.37,11769805205.804401,0.00008649800000000001,36494346.0573,2385.967,41.8,BEKLE,false,709.1854,1676.7816,1.4808,60.384,36379336.07640001,60.384,41.8,0.0,"[{""usdt"": 10443009.0, ""borsa"": 3, ""fiyat"": 64425.0, ""kaynak"": ""BNB+BYB+OKX""}, {""usdt"": 6838639.0, ""borsa"": 1, ""fiyat"": 64350.0, ""kaynak"": ""BNB""}, {""usdt"": 5861487.0, ""borsa"": 3, ""fiyat"": 64450.0, ""kaynak"": ""BNB+BYB+OKX""}]","[{""usdt"": 9664122.0, ""borsa"": 3, ""fiyat"": 64475.0, ""kaynak"": ""BNB+BYB+OKX""}, {""usdt"": 6852816.0, ""borsa"": 1, ""fiyat"": 64575.0, ""kaynak"": ""BNB""}, {""usdt"": 6327895.0, ""borsa"": 1, ""fiyat"": 64550.0, ""kaynak"": ""BNB""}]",YOK,-0.0011,0.0016,0.4943,0.7383,false,1.1345,false,,1,1,3,0,0,3,29.8,30.9,IZLE,,25,64499.1,,,,,SEVIYE,70,616.2,62,,,,,,,1785351420,1,0,,20,1126.8,20,,,
31532,2026-07-29 19:01:02.395847+00,64457.25,-4231737.139355384,-3482414.6930000004,11772289427.5266,0.00008649800000000001,31525986.145639982,709.1854,36.6,BEKLE,false,709.1854,0.0,1.4808,120.868,34045069.255880006,120.868,36.6,0.0,"[{""usdt"": 7955085.0, ""borsa"": 3, ""fiyat"": 64475.0, ""kaynak"": ""BNB+BYB+OKX""}, {""usdt"": 6085922.0, ""borsa"": 1, ""fiyat"": 64400.0, ""kaynak"": ""BNB""}, {""usdt"": 5216491.0, ""borsa"": 1, ""fiyat"": 64425.0, ""kaynak"": ""BNB""}]","[{""usdt"": 11140896.0, ""borsa"": 3, ""fiyat"": 64500.0, ""kaynak"": ""BNB+BYB+OKX""}, {""usdt"": 6096764.0, ""borsa"": 1, ""fiyat"": 64575.0, ""kaynak"": ""BNB""}, {""usdt"": 5908211.0, ""borsa"": 3, ""fiyat"": 64525.0, ""kaynak"": ""BNB+BYB+OKX""}]",YOK,0.0701,-0.0384,0.5751,0.3007,false,1.6138,false,,0,0,3,0,1,3,26.3,27.4,IZLE,,25,64428.8,,,,,SEVIYE,100,677.3,68,ATR,0.41,36.32761518460601,0.0770049629916866,false,0.532,1785351420,1,0,,20,1127.8,20,,,
31533,2026-07-29 19:02:03.692512+00,64549.95,-3203459.685648486,-3590276.0700000003,11779149330.8223,0.00008649800000000001,32305028.574409977,709.1854,55.7,BEKLE,false,709.1854,0.0,1.4808,182.268,33469996.60184,0,55.7,0.0,"[{""usdt"": 7248631.0, ""borsa"": 3, ""fiyat"": 64525.0, ""kaynak"": ""BNB+BYB+OKX""}, {""usdt"": 6697359.0, ""borsa"": 3, ""fiyat"": 64500.0, ""kaynak"": ""BNB+BYB+OKX""}, {""usdt"": 6539010.0, ""borsa"": 1, ""fiyat"": 64450.0, ""kaynak"": ""BNB""}]","[{""usdt"": 8029892.0, ""borsa"": 3, ""fiyat"": 64550.0, ""kaynak"": ""BNB+BYB+OKX""}, {""usdt"": 6889824.0, ""borsa"": 1, ""fiyat"": 64600.0, ""kaynak"": ""BNB""}, {""usdt"": 6175337.0, ""borsa"": 1, ""fiyat"": 64650.0, ""kaynak"": ""BNB""}]",YOK,0.102,-0.0177,0.5041,1.5646,false,2.3564,false,,1,0,3,1,0,3,23.6,24.7,IZLE,,25,64559.4,,,,,SEVIYE,70,658.2,66,,,,,,,1785351420,1,1,,20,1128.8,20,,,
31534,2026-07-29 19:03:03.959245+00,64533.149999999994,-2904664.98946049,-3449192.6640000003,11784372134.8941,0.00008649800000000001,33751514.060359985,9422.7524,57.5,BEKLE,false,0.0,9422.7524,1.4752,242.582,32631488.866869964,60.314,57.5,0.0,"[{""usdt"": 9126277.0, ""borsa"": 3, ""fiyat"": 64525.0, ""kaynak"": ""BNB+BYB+OKX""}, {""usdt"": 6896756.0, ""borsa"": 1, ""fiyat"": 64450.0, ""kaynak"": ""BNB""}, {""usdt"": 5487553.0, ""borsa"": 1, ""fiyat"": 64475.0, ""kaynak"": ""BNB""}]","[{""usdt"": 7550393.0, ""borsa"": 3, ""fiyat"": 64550.0, ""kaynak"": ""BNB+BYB+OKX""}, {""usdt"": 7111506.0, ""borsa"": 1, ""fiyat"": 64625.0, ""kaynak"": ""BNB""}, {""usdt"": 6561549.0, ""borsa"": 1, ""fiyat"": 64650.0, ""kaynak"": ""BNB""}]",YOK,0.0825,0.0169,0.4915,1.0219,false,1.8927,false,,1,0,3,1,0,3,19.5,20.6,IZLE,,25,64559.4,,,,,SEVIYE,70,659.3,66,,,,,,,1785351720,1,0,,20,1129.8,20,,,
31535,2026-07-29 19:04:04.281039+00,64469.25,-3055272.885938489,-3694573.0400000005,11780709419.967701,0.00008649800000000001,31590901.035520032,9421.555199999999,40.3,BEKLE,false,0.0,9421.555199999999,1.4752,302.86,33905718.08742999,120.592,40.3,0.0,"[{""usdt"": 7748887.0, ""borsa"": 3, ""fiyat"": 64450.0, ""kaynak"": ""BNB+BYB+OKX""}, {""usdt"": 6775140.0, ""borsa"": 1, ""fiyat"": 64400.0, ""kaynak"": ""BNB""}, {""usdt"": 5601746.0, ""borsa"": 3, ""fiyat"": 64475.0, ""kaynak"": ""BNB+BYB+OKX""}]","[{""usdt"": 9154951.0, ""borsa"": 3, ""fiyat"": 64500.0, ""kaynak"": ""BNB+BYB+OKX""}, {""usdt"": 5800915.0, ""borsa"": 1, ""fiyat"": 64600.0, ""kaynak"": ""BNB""}, {""usdt"": 5799708.0, ""borsa"": 1, ""fiyat"": 64575.0, ""kaynak"": ""BNB""}]",YOK,-0.05,-0.0353,0.5077,0.2148,false,1.5779,false,,0,1,3,0,0,3,15.3,16.4,IZLE,,25,64499.1,,,,,SEVIYE,70,620.2,62,,,,,,,1785351720,1,0,,20,1130.9,20,,,
31536,2026-07-29 19:05:04.624386+00,64438.850000000006,-3403153.540759889,-4465353.16,11768601286.147299,0.00008649800000000001,33971714.44115997,9421.555199999999,39.0,BEKLE,false,0.0,9421.555199999999,1.4752,0,33933304.867340006,0,39.0,0.0,"[{""usdt"": 8238555.0, ""borsa"": 1, ""fiyat"": 64350.0, ""kaynak"": ""BNB""}, {""usdt"": 7545484.0, ""borsa"": 3, ""fiyat"": 64425.0, ""kaynak"": ""BNB+BYB+OKX""}, {""usdt"": 7104058.0, ""borsa"": 3, ""fiyat"": 64400.0, ""kaynak"": ""BNB+BYB+OKX""}]","[{""usdt"": 8927145.0, ""borsa"": 3, ""fiyat"": 64450.0, ""kaynak"": ""BNB+BYB+OKX""}, {""usdt"": 6008729.0, ""borsa"": 3, ""fiyat"": 64475.0, ""kaynak"": ""BNB+BYB+OKX""}, {""usdt"": 5986197.0, ""borsa"": 1, ""fiyat"": 64500.0, ""kaynak"": ""BNB""}]",YOK,-0.0706,0.0006,0.4586,0.4828,false,1.5801,false,,0,0,3,1,0,3,11.8,12.9,IZLE,,25,64447.3,,,,,SEVIYE,65,681.3,69,,,,,,,1785351720,1,1,,21,1131.9,21,,,
31537,2026-07-29 19:06:04.934251+00,64442.75,-842331.3460979977,-3756239.7080000006,11767527225.202099,0.00008649800000000001,35940753.381120026,9421.555199999999,23.6,BEKLE,false,0.0,9421.555199999999,1.4704,60.398,31699690.717750013,60.398,23.6,0.0,"[{""usdt"": 7118481.0, ""borsa"": 3, ""fiyat"": 64375.0, ""kaynak"": ""BNB+BYB+OKX""}, {""usdt"": 7062619.0, ""borsa"": 1, ""fiyat"": 64350.0, ""kaynak"": ""BNB""}, {""usdt"": 6449744.0, ""borsa"": 1, ""fiyat"": 64325.0, ""kaynak"": ""BNB""}]","[{""usdt"": 9166120.0, ""borsa"": 3, ""fiyat"": 64425.0, ""kaynak"": ""BNB+BYB+OKX""}, {""usdt"": 6004399.0, ""borsa"": 1, ""fiyat"": 64500.0, ""kaynak"": ""BNB""}, {""usdt"": 4776060.0, ""borsa"": 1, ""fiyat"": 64475.0, ""kaynak"": ""BNB""}]",YOK,-0.0851,0.0627,0.8975,0.2587,false,0.9339,false,,0,1,3,1,0,3,8.3,9.3,IZLE,,25,64447.3,,,,,SEVIYE,65,682.3,69,,,,,,,1785351720,1,2,,21,1132.9,21,,,
31538,2026-07-29 19:07:05.878593+00,64340.649999999994,-292510.6383759967,-3596663.3400000003,11755217904.4524,0.00008649800000000001,32581858.439929977,11160.878799999999,0.0,BEKLE,,1739.3236000000002,9421.555199999999,1.4704,120.633,38228017.31170998,120.633,0.0,0.0,"[{""usdt"": 9602771.0, ""borsa"": 3, ""fiyat"": 64350.0, ""kaynak"": ""BNB+BYB+OKX""}, {""usdt"": 7451788.0, ""borsa"": 1, ""fiyat"": 64325.0, ""kaynak"": ""BNB""}, {""usdt"": 5783555.0, ""borsa"": 1, ""fiyat"": 64275.0, ""kaynak"": ""BNB""}]","[{""usdt"": 7107965.0, ""borsa"": 3, ""fiyat"": 64375.0, ""kaynak"": ""BNB+BYB+OKX""}, {""usdt"": 6047336.0, ""borsa"": 3, ""fiyat"": 64400.0, ""kaynak"": ""BNB+BYB+OKX""}, {""usdt"": 5937537.0, ""borsa"": 1, ""fiyat"": 64450.0, ""kaynak"": ""BNB""}]",YOK,-0.2183,-0.0797,0.9969,4.8218,false,4.3418,false,,0,2,3,0,1,3,4.6,5.7,IZLE,,25,64341.2,,,,,SEVIYE,50,382.9,39,,,,,,,1785351960,2,0,,21,1133.9,21,,,
31539,2026-07-29 19:08:06.885545+00,64238.95,-2822804.5949706044,-5974620.257999999,11737471326.6796,0.00008649800000000001,31342748.907030016,233527.12339999998,0.0,BEKLE,,233527.12339999998,0.0,1.4704,0,39499545.37620996,0,0.0,0.0,"[{""usdt"": 7704638.0, ""borsa"": 2, ""fiyat"": 64200.0, ""kaynak"": ""BNB+BYB""}, {""usdt"": 6529919.0, ""borsa"": 1, ""fiyat"": 64175.0, ""kaynak"": ""BNB""}, {""usdt"": 5892663.0, ""borsa"": 1, ""fiyat"": 64150.0, ""kaynak"": ""BNB""}]","[{""usdt"": 11632920.0, ""borsa"": 2, ""fiyat"": 64375.0, ""kaynak"": ""BNB+OKX""}, {""usdt"": 5965792.0, ""borsa"": 2, ""fiyat"": 64250.0, ""kaynak"": ""BNB+BYB""}, {""usdt"": 5788135.0, ""borsa"": 1, ""fiyat"": 64300.0, ""kaynak"": ""BNB""}]",YOK,-0.182,-0.1151,0.0224,5.4195,false,11.6615,false,,0,1,3,0,2,3,2.1,64.2,IZLE,,50,64258.4,,,,,SEVIYE+TASFIYE,50,564.2,57,,,,,,,1785352020,1,0,,21,1134.9,21,,,
31540,2026-07-29 19:09:08.466725+00,64247.95,-2612830.0882401024,-6601694.82,11738537173.9391,0.00008649800000000001,31567404.457210004,246416.70849999998,0.0,BEKLE,,246416.70849999998,0.0,1.4704,61.617,40131499.38402001,61.617,0.0,0.0,"[{""usdt"": 9247725.0, ""borsa"": 3, ""fiyat"": 64225.0, ""kaynak"": ""BNB+BYB+OKX""}, {""usdt"": 8244628.0, ""borsa"": 2, ""fiyat"": 64200.0, ""kaynak"": ""BNB+BYB""}, {""usdt"": 5867904.0, ""borsa"": 1, ""fiyat"": 64175.0, ""kaynak"": ""BNB""}]","[{""usdt"": 8471802.0, ""borsa"": 1, ""fiyat"": 64375.0, ""kaynak"": ""BNB""}, {""usdt"": 8124845.0, ""borsa"": 3, ""fiyat"": 64250.0, ""kaynak"": ""BNB+BYB+OKX""}, {""usdt"": 6348969.0, ""borsa"": 1, ""fiyat"": 64325.0, ""kaynak"": ""BNB""}]",YOK,-0.182,-0.1194,0.0972,3.2738,false,,false,0,0,1,3,0,2,3,63.7,61.9,IZLE,,50,64258.4,,,,,SEVIYE+TASFIYE,50,565.2,57,,,,,,,1785352080,2,0,,21,1135.9,21,,,
31541,2026-07-29 19:10:09.264916+00,64211.649999999994,-2872673.427726897,-6783142.092,11733330642.540699,0.00008649800000000001,31184520.476860005,413543.2465,0.0,BEKLE,,413543.2465,0.0,1.4704,122.039,39748818.42339001,122.039,0.0,0.0,"[{""usdt"": 9095309.0, ""borsa"": 3, ""fiyat"": 64225.0, ""kaynak"": ""BNB+BYB+OKX""}, {""usdt"": 7356139.0, ""borsa"": 2, ""fiyat"": 64200.0, ""kaynak"": ""BNB+BYB""}, {""usdt"": 5867904.0, ""borsa"": 1, ""fiyat"": 64175.0, ""kaynak"": ""BNB""}]","[{""usdt"": 8471802.0, ""borsa"": 1, ""fiyat"": 64375.0, ""kaynak"": ""BNB""}, {""usdt"": 7749292.0, ""borsa"": 3, ""fiyat"": 64250.0, ""kaynak"": ""BNB+BYB+OKX""}, {""usdt"": 6348969.0, ""borsa"": 1, ""fiyat"": 64325.0, ""kaynak"": ""BNB""}]",YOK,-0.1377,-0.1207,0.1393,4.0208,false,,false,0,0,1,3,0,2,3,59.9,61,IZLE,,50,64196.4,,,,,SEVIYE+TASFIYE,50,175.6,18,,,,,,,1785352140,2,0,,21,1136.9,21,,,
31542,2026-07-29 19:11:09.727088+00,64205.649999999994,77394.08790519334,-3853729.2190000005,11737150005.293,0.00008649800000000001,31573867.774809986,524551.3548999999,0.0,BEKLE,,524551.3548999999,0.0,1.4704,0,39906214.72318001,0,0.0,0.0,"[{""usdt"": 8586756.0, ""borsa"": 3, ""fiyat"": 64175.0, ""kaynak"": ""BNB+BYB+OKX""}, {""usdt"": 7691818.0, ""borsa"": 1, ""fiyat"": 64100.0, ""kaynak"": ""BNB""}, {""usdt"": 7485464.0, ""borsa"": 2, ""fiyat"": 64150.0, ""kaynak"": ""BNB+BYB""}]","[{""usdt"": 7573524.0, ""borsa"": 3, ""fiyat"": 64200.0, ""kaynak"": ""BNB+BYB+OKX""}, {""usdt"": 7461347.0, ""borsa"": 1, ""fiyat"": 64325.0, ""kaynak"": ""BNB""}, {""usdt"": 6344776.0, ""borsa"": 1, ""fiyat"": 64275.0, ""kaynak"": ""BNB""}]",YOK,-0.2583,-0.1166,0.8697,15.1066,false,,false,0.0725,0,2,3,0,2,3,56.6,57.8,IZLE,,50,64196.4,,,,,SEVIYE+TASFIYE,50,176.6,18,,,,,,,1785352200,2,0,,21,1137.9,21,,,
31543,2026-07-29 19:12:10.141235+00,64314.149999999994,1613589.1575195948,-4476583.086,11762760322.0233,0.00008649800000000001,31022402.650059998,820115.9231,15.6,BEKLE,false,820115.9231,0.0,1.4704,0,32840570.18767001,60.38,15.6,0.0,"[{""usdt"": 7403920.0, ""borsa"": 3, ""fiyat"": 64200.0, ""kaynak"": ""BNB+BYB+OKX""}, {""usdt"": 5688584.0, ""borsa"": 1, ""fiyat"": 64125.0, ""kaynak"": ""BNB""}, {""usdt"": 5490616.0, ""borsa"": 1, ""fiyat"": 64100.0, ""kaynak"": ""BNB""}]","[{""usdt"": 6909416.0, ""borsa"": 1, ""fiyat"": 64275.0, ""kaynak"": ""BNB""}, {""usdt"": 6839415.0, ""borsa"": 3, ""fiyat"": 64225.0, ""kaynak"": ""BNB+BYB+OKX""}, {""usdt"": 5976154.0, ""borsa"": 1, ""fiyat"": 64325.0, ""kaynak"": ""BNB""}]",YOK,-0.1517,-0.0285,0.6051,0.5677,false,,false,0.1821,0,1,3,1,0,3,53.1,54.2,IZLE,,25,64299.9,,,,,SEVIYE,50,277.7,28,,,,,,,1785352260,2,0,,21,1139.0,21,,,
31544,2026-07-29 19:13:10.709469+00,64313.649999999994,2163301.015288292,-4420358.919,11765423863.1395,0.00008649800000000001,34778163.928740054,580908.2684,18.0,BEKLE,true,580908.2684,0.0,1.4697,0,31978649.922509976,0,0.0,18.0,"[{""usdt"": 8591954.0, ""borsa"": 3, ""fiyat"": 64275.0, ""kaynak"": ""BNB+BYB+OKX""}, {""usdt"": 6570887.0, ""borsa"": 1, ""fiyat"": 64175.0, ""kaynak"": ""BNB""}, {""usdt"": 6464680.0, ""borsa"": 1, ""fiyat"": 64225.0, ""kaynak"": ""BNB""}]","[{""usdt"": 7766068.0, ""borsa"": 3, ""fiyat"": 64325.0, ""kaynak"": ""BNB+BYB+OKX""}, {""usdt"": 5789566.0, ""borsa"": 1, ""fiyat"": 64375.0, ""kaynak"": ""BNB""}, {""usdt"": 5491046.0, ""borsa"": 3, ""fiyat"": 64300.0, ""kaynak"": ""BNB+BYB+OKX""}]",YOK,-0.0104,0.0419,0.6941,0.7029,false,,false,0.2013,1,0,3,0,0,3,49.6,50.7,IZLE,,25,64299.9,,,,,SEVIYE,50,278.8,28,,,,,,,1785352260,2,0,,21,1140.0,21,,,
31545,2026-07-29 19:14:11.090617+00,64271.149999999994,2328770.120385994,-4454371.589000001,11762598649.427,0.00008649800000000001,34735589.78805,579816.0863999999,33.6,BEKLE,true,579816.0863999999,0.0,1.4697,60.528,38149743.53489997,0,0.0,33.6,"[{""usdt"": 7871148.0, ""borsa"": 3, ""fiyat"": 64275.0, ""kaynak"": ""BNB+BYB+OKX""}, {""usdt"": 7625808.0, ""borsa"": 3, ""fiyat"": 64300.0, ""kaynak"": ""BNB+BYB+OKX""}, {""usdt"": 6089039.0, ""borsa"": 1, ""fiyat"": 64200.0, ""kaynak"": ""BNB""}]","[{""usdt"": 8196260.0, ""borsa"": 2, ""fiyat"": 64350.0, ""kaynak"": ""BNB+BYB""}, {""usdt"": 6876194.0, ""borsa"": 1, ""fiyat"": 64400.0, ""kaynak"": ""BNB""}, {""usdt"": 6253895.0, ""borsa"": 3, ""fiyat"": 64325.0, ""kaynak"": ""BNB+BYB+OKX""}]",YOK,0.0812,-0.0468,0.6194,0.1965,false,,false,0.303,1,0,3,0,0,3,46.2,47.3,IZLE,,25,64258.4,,,,,SEVIYE,50,570.2,57,,,,,,,1785352260,2,0,,21,1141.0,21,,,
31546,2026-07-29 19:15:11.401753+00,64261.05,1039065.9177173977,-5726544.223000001,11757191034.2118,0.00008649800000000001,33889919.490930036,412709.7824,15.3,BEKLE,true,412709.7824,0.0,1.4697,0,31331971.29703997,60.417,0.0,15.3,"[{""usdt"": 10072206.0, ""borsa"": 3, ""fiyat"": 64275.0, ""kaynak"": ""BNB+BYB+OKX""}, {""usdt"": 6404788.0, ""borsa"": 1, ""fiyat"": 64200.0, ""kaynak"": ""BNB""}, {""usdt"": 5260287.0, ""borsa"": 1, ""fiyat"": 64175.0, ""kaynak"": ""BNB""}]","[{""usdt"": 6955263.0, ""borsa"": 1, ""fiyat"": 64375.0, ""kaynak"": ""BNB""}, {""usdt"": 6906116.0, ""borsa"": 3, ""fiyat"": 64325.0, ""kaynak"": ""BNB+BYB+OKX""}, {""usdt"": 6588591.0, ""borsa"": 1, ""fiyat"": 64400.0, ""kaynak"": ""BNB""}]",YOK,0.085,0.0392,0.7233,0.6316,false,,false,0.5371,1,0,3,1,0,3,42.8,43.9,IZLE,,25,64258.4,,,,,SEVIYE,50,571.2,58,,,,,,,1785352260,2,0,,19,1142.0,19,,,
31547,2026-07-29 19:16:11.772411+00,64376.149999999994,1406405.3094501004,-3048697.3980000005,11767959538.632,0.00008649800000000001,32850738.57212006,0.0,0.0,BEKLE,,0.0,0.0,1.4697,0,37289659.07634999,60.211,0.0,0.0,"[{""usdt"": 9157223.0, ""borsa"": 3, ""fiyat"": 64275.0, ""kaynak"": ""BNB+BYB+OKX""}, {""usdt"": 6780359.0, ""borsa"": 1, ""fiyat"": 64175.0, ""kaynak"": ""BNB""}, {""usdt"": 5609847.0, ""borsa"": 1, ""fiyat"": 64200.0, ""kaynak"": ""BNB""}]","[{""usdt"": 12370899.0, ""borsa"": 3, ""fiyat"": 64325.0, ""kaynak"": ""BNB+BYB+OKX""}, {""usdt"": 6421932.0, ""borsa"": 1, ""fiyat"": 64400.0, ""kaynak"": ""BNB""}, {""usdt"": 6399301.0, ""borsa"": 1, ""fiyat"": 64350.0, ""kaynak"": ""BNB""}]",YOK,0.0187,-0.0633,0.5382,4.7753,false,,false,0.4178,1,0,3,1,0,3,39.1,40.2,IZLE,,25,64410,,,,,SEVIYE,100,762.5,77,,,,,,,,,0,,19,1143.0,19,,,
31548,2026-07-29 19:17:12.748572+00,64353.55,1242281.2705695063,-2663244.99,11749114447.938099,0.00008649800000000001,36963313.66466001,21493.634799999996,31.9,BEKLE,true,0.0,21493.634799999996,1.4697,0,34737732.10342003,61.019,0.0,31.9,"[{""usdt"": 7247590.0, ""borsa"": 3, ""fiyat"": 64350.0, ""kaynak"": ""BNB+BYB+OKX""}, {""usdt"": 6151172.0, ""borsa"": 1, ""fiyat"": 64275.0, ""kaynak"": ""BNB""}, {""usdt"": 6128378.0, ""borsa"": 1, ""fiyat"": 64250.0, ""kaynak"": ""BNB""}]","[{""usdt"": 12361329.0, ""borsa"": 3, ""fiyat"": 64400.0, ""kaynak"": ""BNB+BYB+OKX""}, {""usdt"": 6091816.0, ""borsa"": 1, ""fiyat"": 64450.0, ""kaynak"": ""BNB""}, {""usdt"": 5669153.0, ""borsa"": 3, ""fiyat"": 64375.0, ""kaynak"": ""BNB+BYB+OKX""}]",SPOT,0.1597,0.031,0.1263,0.9253,false,,false,0.3404,3,0,3,1,1,3,36.3,37.4,IZLE,,25,64341.2,,,,,SEVIYE,50,393.0,40,,,,,,,1785352560,1,0,,19,1144.0,19,,,
31549,2026-07-29 19:18:13.068128+00,64262.55,-89603.65152669419,-2985340.274,11710627906.187,0.00008649800000000001,31688803.785539996,21557.902499999997,40.2,BEKLE,true,0.0,21557.902499999997,1.4746,0,38402683.27472999,0,0.0,40.2,"[{""usdt"": 7812519.0, ""borsa"": 3, ""fiyat"": 64250.0, ""kaynak"": ""BNB+BYB+OKX""}, {""usdt"": 7013356.0, ""borsa"": 1, ""fiyat"": 64200.0, ""kaynak"": ""BNB""}, {""usdt"": 6714856.0, ""borsa"": 1, ""fiyat"": 64175.0, ""kaynak"": ""BNB""}]","[{""usdt"": 7266501.0, ""borsa"": 1, ""fiyat"": 64325.0, ""kaynak"": ""BNB""}, {""usdt"": 6915465.0, ""borsa"": 3, ""fiyat"": 64300.0, ""kaynak"": ""BNB+BYB+OKX""}, {""usdt"": 6446959.0, ""borsa"": 1, ""fiyat"": 64400.0, ""kaynak"": ""BNB""}]",YOK,0.0378,-0.0958,0.5257,0.8232,false,,false,0.2039,0,0,3,0,2,3,32.7,33.8,IZLE,,25,64258.4,,,,,SEVIYE,50,574.3,58,,,,,,,1785352620,1,0,,19,1145.0,19,,,
31550,2026-07-29 19:19:13.414957+00,64192.649999999994,-936114.8811450927,-3471942.3430000003,11705779980.0868,0.00008649800000000001,33761029.62334001,23805.381999999998,30.2,BEKLE,true,2247.4795,21557.902499999997,1.4746,0,34332897.02062001,0,0.0,30.2,"[{""usdt"": 8441985.0, ""borsa"": 3, ""fiyat"": 64200.0, ""kaynak"": ""BNB+BYB+OKX""}, {""usdt"": 7001030.0, ""borsa"": 1, ""fiyat"": 64125.0, ""kaynak"": ""BNB""}, {""usdt"": 5896936.0, ""borsa"": 1, ""fiyat"": 64100.0, ""kaynak"": ""BNB""}]","[{""usdt"": 9992974.0, ""borsa"": 3, ""fiyat"": 64225.0, ""kaynak"": ""BNB+BYB+OKX""}, {""usdt"": 6909378.0, ""borsa"": 3, ""fiyat"": 64250.0, ""kaynak"": ""BNB+BYB+OKX""}, {""usdt"": 6106432.0, ""borsa"": 1, ""fiyat"": 64275.0, ""kaynak"": ""BNB""}]",YOK,-0.1608,-0.0084,0.7011,1.1647,false,,false,0.2046,0,2,3,0,1,3,29.1,30.2,IZLE,,25,64196.4,,,,,SEVIYE,50,184.7,19,,,,,,,1785352680,1,0,,19,1146.0,19,,,
31551,2026-07-29 19:20:13.758241+00,64180.25,1559126.7088807095,-489704.342,11711394693.3762,0.00008649800000000001,34508252.64724996,23805.381999999998,44.6,BEKLE,true,2247.4795,21557.902499999997,1.4746,0,38044333.615699984,60.363,0.0,44.6,"[{""usdt"": 10712482.0, ""borsa"": 3, ""fiyat"": 64200.0, ""kaynak"": ""BNB+BYB+OKX""}, {""usdt"": 6616535.0, ""borsa"": 1, ""fiyat"": 64150.0, ""kaynak"": ""BNB""}, {""usdt"": 5639977.0, ""borsa"": 1, ""fiyat"": 64125.0, ""kaynak"": ""BNB""}]","[{""usdt"": 11846591.0, ""borsa"": 3, ""fiyat"": 64250.0, ""kaynak"": ""BNB+BYB+OKX""}, {""usdt"": 7143687.0, ""borsa"": 1, ""fiyat"": 64325.0, ""kaynak"": ""BNB""}, {""usdt"": 6601759.0, ""borsa"": 1, ""fiyat"": 64300.0, ""kaynak"": ""BNB""}]",YOK,-0.1202,-0.0487,0.0655,0.7033,false,,false,0.3296,0,1,3,0,0,3,25.6,26.7,IZLE,,25,64196.4,,,,,SEVIYE,50,185.7,19,,,,,,,1785352680,1,1,,19,1147.0,19,,,
31552,2026-07-29 19:21:14.058103+00,64078.05,-384611.6384757905,-1612676.3279999997,11688989697.922201,0.00008649800000000001,32648296.744619988,427228.45790000004,37.4,BEKLE,true,427164.1902,64.2677,1.4746,0,37895643.32794999,0,0.0,37.4,"[{""usdt"": 11264014.0, ""borsa"": 3, ""fiyat"": 64150.0, ""kaynak"": ""BNB+BYB+OKX""}, {""usdt"": 6384257.0, ""borsa"": 1, ""fiyat"": 64075.0, ""kaynak"": ""BNB""}, {""usdt"": 6377001.0, ""borsa"": 2, ""fiyat"": 64125.0, ""kaynak"": ""BNB+BYB""}]","[{""usdt"": 11206573.0, ""borsa"": 3, ""fiyat"": 64175.0, ""kaynak"": ""BNB+BYB+OKX""}, {""usdt"": 6842635.0, ""borsa"": 1, ""fiyat"": 64275.0, ""kaynak"": ""BNB""}, {""usdt"": 6754900.0, ""borsa"": 3, ""fiyat"": 64200.0, ""kaynak"": ""BNB+BYB+OKX""}]",YOK,-0.2386,-0.0744,0.4682,5.3755,false,,false,0.2789,0,2,3,0,0,3,22.1,23.2,IZLE,,50,64099.9,,,,,SEVIYE+TASFIYE,50,1578.6,158,,,,,,,1785352860,2,0,,19,1148.0,19,,,
31553,2026-07-29 19:22:15.329836+00,64058.850000000006,-636432.7738688911,-787497.3569999998,11685905291.5191,0.00008649800000000001,35753131.514519975,441783.8215,30.3,BEKLE,true,441783.8215,0.0,1.4746,0,32799057.270219974,0,0.0,30.3,"[{""usdt"": 12145877.0, ""borsa"": 3, ""fiyat"": 64125.0, ""kaynak"": ""BNB+BYB+OKX""}, {""usdt"": 5906280.0, ""borsa"": 1, ""fiyat"": 64075.0, ""kaynak"": ""BNB""}, {""usdt"": 5694827.0, ""borsa"": 1, ""fiyat"": 64050.0, ""kaynak"": ""BNB""}]","[{""usdt"": 8278720.0, ""borsa"": 3, ""fiyat"": 64175.0, ""kaynak"": ""BNB+BYB+OKX""}, {""usdt"": 6661366.0, ""borsa"": 1, ""fiyat"": 64225.0, ""kaynak"": ""BNB""}, {""usdt"": 5952771.0, ""borsa"": 1, ""fiyat"": 64250.0, ""kaynak"": ""BNB""}]",YOK,-0.0867,0.0431,0.4142,4.4832,false,,false,1.3071,0,0,3,1,0,3,19.2,20.3,IZLE,,50,64030.6,,,,,SEVIYE+TASFIYE,50,2260.6,226,,,,,,,1785352860,2,0,,19,1149.0,19,,,
31554,2026-07-29 19:23:15.735056+00,64106.45,-636432.7738688911,-787497.3569999998,11685905291.5191,0.00008649800000000001,30181660.83555,441783.8215,54.2,BEKLE,true,441783.8215,0.0,1.4746,60.534,39793272.39498,60.534,0.0,54.2,"[{""usdt"": 9738473.0, ""borsa"": 3, ""fiyat"": 64075.0, ""kaynak"": ""BNB+BYB+OKX""}, {""usdt"": 6626073.0, ""borsa"": 1, ""fiyat"": 64050.0, ""kaynak"": ""BNB""}, {""usdt"": 5903637.0, ""borsa"": 3, ""fiyat"": 64100.0, ""kaynak"": ""BNB+BYB+OKX""}]","[{""usdt"": 9802090.0, ""borsa"": 1, ""fiyat"": 64150.0, ""kaynak"": ""BNB""}, {""usdt"": 6854772.0, ""borsa"": 1, ""fiyat"": 64175.0, ""kaynak"": ""BNB""}, {""usdt"": 6116809.0, ""borsa"": 3, ""fiyat"": 64125.0, ""kaynak"": ""BNB+BYB+OKX""}]",YOK,-0.1869,-0.1374,0.1494,2.947,false,,false,1.6859,0,3,3,0,2,3,15.5,16.6,IZLE,,50,64099.9,,,,,SEVIYE+TASFIYE,50,1580.6,158,,,,,,,1785352860,2,0,,19,1150.0,19,,,
31555,2026-07-29 19:24:16.332056+00,64142.350000000006,84032.53761871369,-844515.9149999999,11689580923.3222,0.00008649800000000001,35632099.80469993,441011.217,40.3,BEKLE,true,441011.217,0.0,1.4746,0,36810199.67827,60.385,0.0,40.3,"[{""usdt"": 10440211.0, ""borsa"": 3, ""fiyat"": 64125.0, ""kaynak"": ""BNB+BYB+OKX""}, {""usdt"": 9720071.0, ""borsa"": 3, ""fiyat"": 64100.0, ""kaynak"": ""BNB+BYB+OKX""}, {""usdt"": 6298388.0, ""borsa"": 1, ""fiyat"": 64050.0, ""kaynak"": ""BNB""}]","[{""usdt"": 10900967.0, ""borsa"": 3, ""fiyat"": 64150.0, ""kaynak"": ""BNB+BYB+OKX""}, {""usdt"": 6913552.0, ""borsa"": 1, ""fiyat"": 64175.0, ""kaynak"": ""BNB""}, {""usdt"": 4883393.0, ""borsa"": 1, ""fiyat"": 64225.0, ""kaynak"": ""BNB""}]",YOK,-0.1584,-0.0163,0.2151,0.7338,false,,false,2.0171,0,1,3,0,0,3,12,13.1,IZLE,,50,64149.1,,,,,SEVIYE+TASFIYE,55,1151.1,115,,,,,,,1785352920,2,0,,19,1151.1,19,,,
31556,2026-07-29 19:25:16.717355+00,64115.45,422774.97700871417,-306172.969,11691122644.5984,0.00008649800000000001,35960487.90840997,441011.217,22.4,BEKLE,true,441011.217,0.0,1.4746,0,35185169.74153002,120.956,0.0,22.4,"[{""usdt"": 10545109.0, ""borsa"": 3, ""fiyat"": 64100.0, ""kaynak"": ""BNB+BYB+OKX""}, {""usdt"": 8118311.0, ""borsa"": 1, ""fiyat"": 64000.0, ""kaynak"": ""BNB""}, {""usdt"": 5963316.0, ""borsa"": 1, ""fiyat"": 64050.0, ""kaynak"": ""BNB""}]","[{""usdt"": 8983081.0, ""borsa"": 3, ""fiyat"": 64150.0, ""kaynak"": ""BNB+BYB+OKX""}, {""usdt"": 7366789.0, ""borsa"": 1, ""fiyat"": 64175.0, ""kaynak"": ""BNB""}, {""usdt"": 6685353.0, ""borsa"": 3, ""fiyat"": 64125.0, ""kaynak"": ""BNB+BYB+OKX""}]",YOK,-0.1873,0.0109,0.8129,3.1959,false,,false,2.0003,0,1,3,0,0,3,8.4,9.5,IZLE,,50,64099.9,,,,,SEVIYE+TASFIYE,50,1582.6,159,,,,,,,1785352920,2,1,,22,1152.1,22,,,
31557,2026-07-29 19:26:17.35177+00,63999.649999999994,-1741287.0808381918,-1094785.3869999999,11684932459.626602,0.00008649800000000001,42297507.10641997,377748.7668,24.9,BEKLE,,377748.7668,0.0,1.4746,0,39246932.03152998,0,0.0,24.9,"[{""usdt"": 14812304.0, ""borsa"": 3, ""fiyat"": 63975.0, ""kaynak"": ""BNB+BYB+OKX""}, {""usdt"": 7538942.0, ""borsa"": 3, ""fiyat"": 63950.0, ""kaynak"": ""BNB+BYB+OKX""}, {""usdt"": 7459900.0, ""borsa"": 1, ""fiyat"": 63900.0, ""kaynak"": ""BNB""}]","[{""usdt"": 11879800.0, ""borsa"": 3, ""fiyat"": 64000.0, ""kaynak"": ""BNB+BYB+OKX""}, {""usdt"": 7248873.0, ""borsa"": 1, ""fiyat"": 64075.0, ""kaynak"": ""BNB""}, {""usdt"": 6405489.0, ""borsa"": 2, ""fiyat"": 64025.0, ""kaynak"": ""BNB+OKX""}]",YOK,-0.2521,0.0374,0.6476,2.5844,false,1.3676,false,,0,2,3,1,0,3,4.9,6,IZLE,,25,64002.1,,,,,SEVIYE,80,2264.6,227,,,,,,,1785352920,2,0,,22,1153.1,22,,,
31558,2026-07-29 19:27:17.653102+00,63979.850000000006,-2311789.7284403937,-2056414.0159999998,11664648248.1658,0.00008649800000000001,35254649.526919946,19588.854,26.3,BEKLE,false,19588.854,0.0,1.4783,60.57,37310636.12382998,60.57,26.3,0.0,"[{""usdt"": 10365811.0, ""borsa"": 3, ""fiyat"": 63975.0, ""kaynak"": ""BNB+BYB+OKX""}, {""usdt"": 8070175.0, ""borsa"": 1, ""fiyat"": 63900.0, ""kaynak"": ""BNB""}, {""usdt"": 5761961.0, ""borsa"": 1, ""fiyat"": 63925.0, ""kaynak"": ""BNB""}]","[{""usdt"": 11260633.0, ""borsa"": 3, ""fiyat"": 64000.0, ""kaynak"": ""BNB+BYB+OKX""}, {""usdt"": 6499870.0, ""borsa"": 1, ""fiyat"": 64050.0, ""kaynak"": ""BNB""}, {""usdt"": 5669588.0, ""borsa"": 2, ""fiyat"": 64025.0, ""kaynak"": ""BNB+OKX""}]",YOK,-0.2493,-0.0283,0.4809,1.5663,false,0.7066,false,,0,2,3,1,0,3,1.5,63.5,IZLE,,25,63959.1,,,,,SEVIYE,50,1654.7,166,,,,,,,1785353160,2,0,,22,1154.1,22,,,
31559,2026-07-29 19:28:18.137501+00,63955.149999999994,-2581705.6596542937,-2113590.799,11649366211.766,0.00008649800000000001,35687470.247829944,42236.34009999999,0.0,BEKLE,,42236.34009999999,0.0,1.4783,120.888,38223552.44338998,120.888,0.0,0.0,"[{""usdt"": 8241641.0, ""borsa"": 3, ""fiyat"": 63950.0, ""kaynak"": ""BNB+BYB+OKX""}, {""usdt"": 8151033.0, ""borsa"": 3, ""fiyat"": 63975.0, ""kaynak"": ""BNB+BYB+OKX""}, {""usdt"": 8070175.0, ""borsa"": 1, ""fiyat"": 63900.0, ""kaynak"": ""BNB""}]","[{""usdt"": 11285807.0, ""borsa"": 3, ""fiyat"": 64000.0, ""kaynak"": ""BNB+BYB+OKX""}, {""usdt"": 6499870.0, ""borsa"": 1, ""fiyat"": 64050.0, ""kaynak"": ""BNB""}, {""usdt"": 5461444.0, ""borsa"": 1, ""fiyat"": 64075.0, ""kaynak"": ""BNB""}]",YOK,-0.2493,-0.0343,0.5072,2.7229,false,1.0168,false,,0,2,3,1,1,3,61.8,63,IZLE,,50,63959.1,,,,,SEVIYE+TASFIYE,50,1655.7,166,,,,,,,1785353220,2,0,,22,1155.1,22,,,
31560,2026-07-29 19:29:18.496739+00,63954.05,-2575600.5607664916,-1813434.36,11639456385.711899,0.00008649800000000001,33171258.341739975,124488.38050000003,0.0,BEKLE,,124488.38050000003,0.0,1.4783,181.461,36846729.41967004,120.891,0.0,0.0,"[{""usdt"": 8812168.0, ""borsa"": 3, ""fiyat"": 63925.0, ""kaynak"": ""BNB+BYB+OKX""}, {""usdt"": 6509864.0, ""borsa"": 3, ""fiyat"": 63950.0, ""kaynak"": ""BNB+BYB+OKX""}, {""usdt"": 6042605.0, ""borsa"": 1, ""fiyat"": 63875.0, ""kaynak"": ""BNB""}]","[{""usdt"": 11870368.0, ""borsa"": 3, ""fiyat"": 63975.0, ""kaynak"": ""BNB+BYB+OKX""}, {""usdt"": 6440651.0, ""borsa"": 1, ""fiyat"": 64050.0, ""kaynak"": ""BNB""}, {""usdt"": 6210320.0, ""borsa"": 1, ""fiyat"": 64075.0, ""kaynak"": ""BNB""}]",YOK,-0.2799,-0.0525,0.6582,3.2148,false,0.7146,false,,0,2,3,0,0,3,58.6,59.7,IZLE,,50,63959.1,,,,,SEVIYE+TASFIYE,50,1656.7,166,,,,,,,1785353280,3,0,,22,1156.1,22,,,
31561,2026-07-29 19:30:18.927953+00,64019.25,-2111540.901348195,-1665889.704,11636146537.138401,0.00008649800000000001,37291015.075919986,124478.3735,32.5,BEKLE,false,124478.3735,0.0,1.4783,241.765,40234210.148690015,60.304,32.5,0.0,"[{""usdt"": 8351823.0, ""borsa"": 3, ""fiyat"": 63925.0, ""kaynak"": ""BNB+BYB+OKX""}, {""usdt"": 7314390.0, ""borsa"": 3, ""fiyat"": 63950.0, ""kaynak"": ""BNB+BYB+OKX""}, {""usdt"": 7004676.0, ""borsa"": 1, ""fiyat"": 63850.0, ""kaynak"": ""BNB""}]","[{""usdt"": 13003761.0, ""borsa"": 3, ""fiyat"": 63975.0, ""kaynak"": ""BNB+BYB+OKX""}, {""usdt"": 7351978.0, ""borsa"": 1, ""fiyat"": 64050.0, ""kaynak"": ""BNB""}, {""usdt"": 5879234.0, ""borsa"": 2, ""fiyat"": 64000.0, ""kaynak"": ""BNB+BYB""}]",YOK,-0.2734,-0.038,0.5667,1.4845,false,0.3295,false,,0,2,3,0,1,3,55,56.1,IZLE,,50,64002.1,,,,,SEVIYE+TASFIYE,80,2268.6,227,,,,,,,1785353280,3,0,,22,1157.1,22,,,
31562,2026-07-29 19:31:19.399525+00,64077.350000000006,-926025.9805517051,-2845869.5230000005,11646315557.1562,0.00008649800000000001,39223266.476369984,119548.0726,46.3,BEKLE,false,119548.0726,0.0,1.4783,302.204,45766078.95103993,60.439,46.3,0.0,"[{""usdt"": 8212254.0, ""borsa"": 1, ""fiyat"": 63950.0, ""kaynak"": ""BNB""}, {""usdt"": 8098600.0, ""borsa"": 3, ""fiyat"": 64025.0, ""kaynak"": ""BNB+BYB+OKX""}, {""usdt"": 7020485.0, ""borsa"": 3, ""fiyat"": 64000.0, ""kaynak"": ""BNB+BYB+OKX""}]","[{""usdt"": 19809196.0, ""borsa"": 3, ""fiyat"": 64050.0, ""kaynak"": ""BNB+BYB+OKX""}, {""usdt"": 7126063.0, ""borsa"": 1, ""fiyat"": 64125.0, ""kaynak"": ""BNB""}, {""usdt"": 6872562.0, ""borsa"": 1, ""fiyat"": 64075.0, ""kaynak"": ""BNB""}]",YOK,-0.0677,-0.077,0.2462,1.6224,false,0.1504,false,,0,0,3,1,0,3,51.6,52.7,IZLE,,50,64099.9,,,,,SEVIYE+TASFIYE,50,1588.7,159,ATR,0.78,1.7081738086992775,47.96989168831364,false,0.013,1785353280,3,0,,22,1158.1,22,,,
31563,2026-07-29 19:32:21.549591+00,63996.05,482915.3115852932,-2690677.4330000007,11648232201.649399,0.00008649800000000001,41850280.13134,106363.6926,25.9,BEKLE,false,106363.6926,0.0,1.4783,182.855,38452754.56341998,0,25.9,0.0,"[{""usdt"": 9213057.0, ""borsa"": 3, ""fiyat"": 64050.0, ""kaynak"": ""BNB+BYB+OKX""}, {""usdt"": 9051941.0, ""borsa"": 3, ""fiyat"": 64025.0, ""kaynak"": ""BNB+BYB+OKX""}, {""usdt"": 8821733.0, ""borsa"": 1, ""fiyat"": 64000.0, ""kaynak"": ""BNB""}]","[{""usdt"": 11388743.0, ""borsa"": 3, ""fiyat"": 64075.0, ""kaynak"": ""BNB+BYB+OKX""}, {""usdt"": 6709478.0, ""borsa"": 1, ""fiyat"": 64150.0, ""kaynak"": ""BNB""}, {""usdt"": 6497310.0, ""borsa"": 1, ""fiyat"": 64100.0, ""kaynak"": ""BNB""}]",YOK,-0.0591,0.0423,0.7556,0.3029,false,0,false,,0,0,3,0,0,3,49.2,50.3,IZLE,,50,64002.1,,,,,SEVIYE+TASFIYE,80,2270.7,227,,,,,,,1785353280,3,0,,22,1159.1,22,,,
31564,2026-07-29 19:33:22.107206+00,63939.149999999994,-126972.91150460806,-3291228.7940000007,11637493312.895,0.00008649800000000001,41714252.07728998,82244.89229999999,33.4,BEKLE,false,82244.89229999999,0.0,1.4851,243.349,43116402.30176003,0,33.4,0.0,"[{""usdt"": 7807105.0, ""borsa"": 1, ""fiyat"": 63900.0, ""kaynak"": ""BNB""}, {""usdt"": 7766911.0, ""borsa"": 1, ""fiyat"": 63950.0, ""kaynak"": ""BNB""}, {""usdt"": 7403774.0, ""borsa"": 3, ""fiyat"": 63975.0, ""kaynak"": ""BNB+BYB+OKX""}]","[{""usdt"": 11834997.0, ""borsa"": 3, ""fiyat"": 64025.0, ""kaynak"": ""BNB+BYB+OKX""}, {""usdt"": 9583398.0, ""borsa"": 3, ""fiyat"": 64000.0, ""kaynak"": ""BNB+BYB+OKX""}, {""usdt"": 7137203.0, ""borsa"": 1, ""fiyat"": 64050.0, ""kaynak"": ""BNB""}]",YOK,-0.0899,-0.0165,0.5939,0.2678,false,0,false,,0,0,3,0,0,3,45.8,46.9,IZLE,,50,63959.1,,,,,SEVIYE+TASFIYE,50,1660.8,166,,,,,,,1785353280,3,0,,22,1160.2,22,,,
31565,2026-07-29 19:34:22.6822+00,63887.350000000006,-683087.2057565142,-2875676.514,11628053499.220901,0.00008649800000000001,37452963.22609001,7927.952400000001,18.8,BEKLE,,7927.952400000001,0.0,1.4851,0,43907630.91219,0,18.8,0.0,"[{""usdt"": 10822493.0, ""borsa"": 3, ""fiyat"": 63900.0, ""kaynak"": ""BNB+BYB+OKX""}, {""usdt"": 8540372.0, ""borsa"": 1, ""fiyat"": 63850.0, ""kaynak"": ""BNB""}, {""usdt"": 6909177.0, ""borsa"": 3, ""fiyat"": 63925.0, ""kaynak"": ""BNB+BYB+OKX""}]","[{""usdt"": 12352349.0, ""borsa"": 3, ""fiyat"": 63950.0, ""kaynak"": ""BNB+BYB+OKX""}, {""usdt"": 7040283.0, ""borsa"": 1, ""fiyat"": 64050.0, ""kaynak"": ""BNB""}, {""usdt"": 6957474.0, ""borsa"": 1, ""fiyat"": 63975.0, ""kaynak"": ""BNB""}]",YOK,-0.2114,-0.0793,0.5555,1.3547,false,0.3235,false,,0,2,3,0,0,3,42.4,43.5,IZLE,,25,63897.4,,,,,SEVIYE,55,1541.7,154,,,,,,,1785353580,2,0,,22,1161.2,22,,,
31566,2026-07-29 19:35:23.000231+00,63918.25,-499540.3607313128,-2473504.4240000006,11617218991.550999,0.00008649800000000001,43004379.06194999,34198.0241,15.2,BEKLE,false,34198.0241,0.0,1.4851,0,42947519.87679993,60.567,15.2,0.0,"[{""usdt"": 12840812.0, ""borsa"": 3, ""fiyat"": 63900.0, ""kaynak"": ""BNB+BYB+OKX""}, {""usdt"": 8079354.0, ""borsa"": 1, ""fiyat"": 63800.0, ""kaynak"": ""BNB""}, {""usdt"": 7506717.0, ""borsa"": 1, ""fiyat"": 63825.0, ""kaynak"": ""BNB""}]","[{""usdt"": 10596152.0, ""borsa"": 3, ""fiyat"": 63925.0, ""kaynak"": ""BNB+BYB+OKX""}, {""usdt"": 9061871.0, ""borsa"": 3, ""fiyat"": 63950.0, ""kaynak"": ""BNB+BYB+OKX""}, {""usdt"": 8435842.0, ""borsa"": 1, ""fiyat"": 64000.0, ""kaynak"": ""BNB""}]",YOK,-0.1373,0.0007,0.5882,2.5384,false,0.0854,false,,0,2,3,1,0,3,39.1,40.2,IZLE,,50,63908.8,,,,,SEVIYE+TASFIYE,50,1542.7,155,,,,,,,1785353640,3,0,,21,1162.2,21,,,
31567,2026-07-29 19:36:23.471449+00,63955.55,1209521.261731691,-1974365.168,11622208430.698502,0.00008649800000000001,43303513.60361999,34213.6304,29.5,BEKLE,true,34213.6304,0.0,1.4913,60.349,41193898.815299965,120.916,0.0,29.5,"[{""usdt"": 13620884.0, ""borsa"": 3, ""fiyat"": 63925.0, ""kaynak"": ""BNB+BYB+OKX""}, {""usdt"": 8554749.0, ""borsa"": 3, ""fiyat"": 63900.0, ""kaynak"": ""BNB+BYB+OKX""}, {""usdt"": 7210490.0, ""borsa"": 1, ""fiyat"": 63850.0, ""kaynak"": ""BNB""}]","[{""usdt"": 12553059.0, ""borsa"": 3, ""fiyat"": 63950.0, ""kaynak"": ""BNB+BYB+OKX""}, {""usdt"": 7436086.0, ""borsa"": 1, ""fiyat"": 64050.0, ""kaynak"": ""BNB""}, {""usdt"": 7428980.0, ""borsa"": 1, ""fiyat"": 64025.0, ""kaynak"": ""BNB""}]",YOK,-0.0389,0.025,0.6369,2.4995,false,0.1688,false,,0,0,3,0,0,3,35.6,36.7,IZLE,,50,63982.2,,,,,SEVIYE+TASFIYE,80,2274.7,228,,,,,,,1785353640,3,0,,21,1163.2,21,,,
31568,2026-07-29 19:37:23.95138+00,64000.05,1151316.551983589,-1993274.6749999998,11627673124.3936,0.00008649800000000001,41105042.59148997,34213.6304,25.8,BEKLE,,34213.6304,0.0,1.4913,120.717,48272938.38754999,60.368,0.0,25.8,"[{""usdt"": 11411886.0, ""borsa"": 3, ""fiyat"": 63950.0, ""kaynak"": ""BNB+BYB+OKX""}, {""usdt"": 7568342.0, ""borsa"": 3, ""fiyat"": 63975.0, ""kaynak"": ""BNB+BYB+OKX""}, {""usdt"": 6882688.0, ""borsa"": 1, ""fiyat"": 63900.0, ""kaynak"": ""BNB""}]","[{""usdt"": 16671808.0, ""borsa"": 3, ""fiyat"": 64000.0, ""kaynak"": ""BNB+BYB+OKX""}, {""usdt"": 8251615.0, ""borsa"": 1, ""fiyat"": 64075.0, ""kaynak"": ""BNB""}, {""usdt"": 7744025.0, ""borsa"": 1, ""fiyat"": 64050.0, ""kaynak"": ""BNB""}]",YOK,-0.01,-0.0802,0.4069,0.1678,false,0.1784,false,,2,0,3,0,0,3,32.1,33.2,IZLE,,50,63982.2,,,,,SEVIYE+TASFIYE,80,2275.7,228,,,,,,,1785353640,3,1,,21,1164.2,21,,,
31569,2026-07-29 19:38:24.30788+00,63951.350000000006,1168125.4958708913,-1892546.178,11630759187.3185,0.00008649800000000001,45202780.226539984,34213.6304,30.6,BEKLE,,34213.6304,0.0,1.4913,181.228,39275685.57658993,60.511,0.0,30.6,"[{""usdt"": 11722445.0, ""borsa"": 3, ""fiyat"": 63975.0, ""kaynak"": ""BNB+BYB+OKX""}, {""usdt"": 10255156.0, ""borsa"": 3, ""fiyat"": 63950.0, ""kaynak"": ""BNB+BYB+OKX""}, {""usdt"": 8103581.0, ""borsa"": 1, ""fiyat"": 63900.0, ""kaynak"": ""BNB""}]","[{""usdt"": 12893565.0, ""borsa"": 3, ""fiyat"": 64000.0, ""kaynak"": ""BNB+BYB+OKX""}, {""usdt"": 8038466.0, ""borsa"": 1, ""fiyat"": 64025.0, ""kaynak"": ""BNB""}, {""usdt"": 6547501.0, ""borsa"": 1, ""fiyat"": 64050.0, ""kaynak"": ""BNB""}]",YOK,-0.0396,0.0702,0.3986,0.2589,false,0.085,false,,0,0,3,2,0,3,28.7,29.8,IZLE,,50,63982.2,,,,,SEVIYE+TASFIYE,80,2276.7,228,,,,,,,1785353640,3,2,,21,1165.2,21,,,
31570,2026-07-29 19:39:24.614026+00,63885.05,738705.7723500966,-2423700.3180000004,11623050668.1367,0.00008649800000000001,44321425.33613002,21053.896399999998,20.7,BEKLE,true,21053.896399999998,0.0,1.4913,241.635,48011729.46698002,0,0.0,20.7,"[{""usdt"": 10913978.0, ""borsa"": 3, ""fiyat"": 63900.0, ""kaynak"": ""BNB+BYB+OKX""}, {""usdt"": 9251134.0, ""borsa"": 1, ""fiyat"": 63800.0, ""kaynak"": ""BNB""}, {""usdt"": 8191737.0, ""borsa"": 3, ""fiyat"": 63875.0, ""kaynak"": ""BNB+BYB+OKX""}]","[{""usdt"": 13218901.0, ""borsa"": 3, ""fiyat"": 63925.0, ""kaynak"": ""BNB+BYB+OKX""}, {""usdt"": 7946595.0, ""borsa"": 1, ""fiyat"": 64025.0, ""kaynak"": ""BNB""}, {""usdt"": 7349233.0, ""borsa"": 1, ""fiyat"": 64000.0, ""kaynak"": ""BNB""}]",YOK,-0.0981,-0.04,0.6924,0.0773,false,0.1807,false,,1,1,3,0,2,3,24.9,26,IZLE,,25,63908.8,,,,,SEVIYE,50,1546.7,155,,,,,,,1785353640,3,0,,21,1166.2,21,,,
31571,2026-07-29 19:40:25.137985+00,63850.350000000006,614976.799571094,-204350.00299999997,11619507325.3059,0.00008649800000000001,41543994.70716001,127.7892,49.2,BEKLE,true,127.7892,0.0,1.4913,60.297,43333953.44659001,60.297,0.0,49.2,"[{""usdt"": 10807258.0, ""borsa"": 3, ""fiyat"": 63850.0, ""kaynak"": ""BNB+BYB+OKX""}, {""usdt"": 9672927.0, ""borsa"": 1, ""fiyat"": 63800.0, ""kaynak"": ""BNB""}, {""usdt"": 7066839.0, ""borsa"": 1, ""fiyat"": 63750.0, ""kaynak"": ""BNB""}]","[{""usdt"": 12527453.0, ""borsa"": 3, ""fiyat"": 63875.0, ""kaynak"": ""BNB+BYB+OKX""}, {""usdt"": 6824317.0, ""borsa"": 2, ""fiyat"": 63900.0, ""kaynak"": ""BNB+BYB""}, {""usdt"": 6545351.0, ""borsa"": 1, ""fiyat"": 63925.0, ""kaynak"": ""BNB""}]",YOK,-0.2658,-0.0211,0.2601,1.0931,false,0,false,,0,2,3,0,2,3,21.3,22.4,IZLE,,25,63833.6,,,,,SEVIYE,55,1547.7,155,,,,,,,1785353940,1,0,,21,1167.2,21,,,
31572,2026-07-29 19:41:25.466238+00,63923.149999999994,-234630.04144820088,-239249.28300000002,11615095500.329401,0.00008649800000000001,40606307.129109964,28222.3588,43.7,BEKLE,true,23112.5668,5109.792,1.4913,120.782,43633453.572149985,60.485,0.0,43.7,"[{""usdt"": 10681961.0, ""borsa"": 3, ""fiyat"": 63875.0, ""kaynak"": ""BNB+BYB+OKX""}, {""usdt"": 9586800.0, ""borsa"": 1, ""fiyat"": 63800.0, ""kaynak"": ""BNB""}, {""usdt"": 5337633.0, ""borsa"": 1, ""fiyat"": 63825.0, ""kaynak"": ""BNB""}]","[{""usdt"": 14106762.0, ""borsa"": 3, ""fiyat"": 63925.0, ""kaynak"": ""BNB+BYB+OKX""}, {""usdt"": 7352091.0, ""borsa"": 1, ""fiyat"": 63975.0, ""kaynak"": ""BNB""}, {""usdt"": 6861978.0, ""borsa"": 1, ""fiyat"": 63950.0, ""kaynak"": ""BNB""}]",YOK,-0.1382,-0.0359,0.3733,0.5774,false,0,false,,0,1,3,0,0,3,17.9,19,IZLE,,25,63908.8,,,,,SEVIYE,50,1548.7,155,,,,,,,1785354000,2,0,,21,1168.2,21,,,
31573,2026-07-29 19:42:25.82167+00,63874.95,909942.6652128989,-341487.17799999996,11619521359.991001,0.00008649800000000001,42598044.14404999,28236.2396,53.4,BEKLE,,23126.4476,5109.792,1.4963,181.189,46436386.176019974,60.407,0.0,53.4,"[{""usdt"": 10370348.0, ""borsa"": 1, ""fiyat"": 63800.0, ""kaynak"": ""BNB""}, {""usdt"": 9824933.0, ""borsa"": 3, ""fiyat"": 63875.0, ""kaynak"": ""BNB+BYB+OKX""}, {""usdt"": 8566676.0, ""borsa"": 3, ""fiyat"": 63850.0, ""kaynak"": ""BNB+BYB+OKX""}]","[{""usdt"": 14589907.0, ""borsa"": 3, ""fiyat"": 63900.0, ""kaynak"": ""BNB+BYB+OKX""}, {""usdt"": 10294687.0, ""borsa"": 1, ""fiyat"": 63950.0, ""kaynak"": ""BNB""}, {""usdt"": 8529250.0, ""borsa"": 3, ""fiyat"": 63925.0, ""kaynak"": ""BNB+BYB+OKX""}]",YOK,-0.1202,-0.0431,0.0947,3.3808,false,0,false,2.3006,0,0,3,0,0,3,14.5,15.6,IZLE,,25,63908.8,,,,,SEVIYE,50,1549.7,155,,,,,,,1785354000,2,0,,21,1169.2,21,,,
31574,2026-07-29 19:43:26.177123+00,63883.75,1819986.3481114944,-478042.84199999995,11622921460.396801,0.00008649800000000001,43679195.62692003,28236.2396,39.9,BEKLE,true,23126.4476,5109.792,1.4963,241.488,43947177.433430016,120.706,0.0,39.9,"[{""usdt"": 11080283.0, ""borsa"": 3, ""fiyat"": 63850.0, ""kaynak"": ""BNB+BYB+OKX""}, {""usdt"": 8280631.0, ""borsa"": 1, ""fiyat"": 63800.0, ""kaynak"": ""BNB""}, {""usdt"": 7916557.0, ""borsa"": 1, ""fiyat"": 63775.0, ""kaynak"": ""BNB""}]","[{""usdt"": 13508448.0, ""borsa"": 3, ""fiyat"": 63900.0, ""kaynak"": ""BNB+BYB+OKX""}, {""usdt"": 8338435.0, ""borsa"": 1, ""fiyat"": 63950.0, ""kaynak"": ""BNB""}, {""usdt"": 7648508.0, ""borsa"": 1, ""fiyat"": 63975.0, ""kaynak"": ""BNB""}]",YOK,-0.0773,-0.0031,0.248,1.7734,false,0,false,2.1666,0,1,3,0,0,3,10.9,12,IZLE,,25,63908.8,,,,,SEVIYE,50,1550.7,155,,,,,,,1785354000,2,1,,21,1170.2,21,,,
31575,2026-07-29 19:44:27.096979+00,63852.45,2414595.2745233937,400995.11199999996,11627168377.419,0.00008649800000000001,42256050.252349995,28236.2396,52.6,BEKLE,true,23126.4476,5109.792,1.4963,301.869,43931849.076189995,60.381,0.0,52.6,"[{""usdt"": 10729092.0, ""borsa"": 1, ""fiyat"": 63800.0, ""kaynak"": ""BNB""}, {""usdt"": 9726491.0, ""borsa"": 3, ""fiyat"": 63825.0, ""kaynak"": ""BNB+BYB+OKX""}, {""usdt"": 8903168.0, ""borsa"": 3, ""fiyat"": 63850.0, ""kaynak"": ""BNB+BYB+OKX""}]","[{""usdt"": 14579295.0, ""borsa"": 3, ""fiyat"": 63875.0, ""kaynak"": ""BNB+BYB+OKX""}, {""usdt"": 6588453.0, ""borsa"": 1, ""fiyat"": 63975.0, ""kaynak"": ""BNB""}, {""usdt"": 6479753.0, ""borsa"": 1, ""fiyat"": 63950.0, ""kaynak"": ""BNB""}]",YOK,-0.1656,-0.0194,0.2981,0.4002,false,0,false,2.4818,0,2,3,0,1,3,7.4,8.5,IZLE,,25,63833.6,,,,,SEVIYE,55,1551.7,155,,,,,,,1785354000,2,2,,21,1171.2,21,,,
31576,2026-07-29 19:45:27.443294+00,63845.850000000006,1948360.7996425978,209186.30699999997,11613459531.7286,0.00008649800000000001,44078739.87192999,22998.7152,17.2,BEKLE,true,22998.7152,0.0,1.4963,362.794,45176650.087880045,0,0.0,17.2,"[{""usdt"": 11309125.0, ""borsa"": 3, ""fiyat"": 63825.0, ""kaynak"": ""BNB+BYB+OKX""}, {""usdt"": 9887035.0, ""borsa"": 1, ""fiyat"": 63800.0, ""kaynak"": ""BNB""}, {""usdt"": 9494263.0, ""borsa"": 1, ""fiyat"": 63750.0, ""kaynak"": ""BNB""}]","[{""usdt"": 12669859.0, ""borsa"": 3, ""fiyat"": 63875.0, ""kaynak"": ""BNB+BYB+OKX""}, {""usdt"": 7663138.0, ""borsa"": 3, ""fiyat"": 63850.0, ""kaynak"": ""BNB+BYB+OKX""}, {""usdt"": 7420529.0, ""borsa"": 1, ""fiyat"": 63950.0, ""kaynak"": ""BNB""}]",YOK,-0.1734,-0.0123,0.7023,0.1575,false,0,false,1.3374,0,2,3,0,1,3,4.5,5.6,IZLE,,25,63833.6,,,,,SEVIYE,55,1552.7,156,,,,,,,1785354000,2,0,,21,1172.2,21,,,
31577,2026-07-29 19:46:28.065187+00,63713.850000000006,166958.1388999007,-892275.3960000001,11605619237.7888,0.00008649800000000001,43468301.83562998,75521.22720000001,0.0,BEKLE,,74054.3723,1466.8549,1.4963,0,45686053.793079995,0,0.0,0.0,"[{""usdt"": 9155117.0, ""borsa"": 1, ""fiyat"": 63600.0, ""kaynak"": ""BNB""}, {""usdt"": 6793202.0, ""borsa"": 1, ""fiyat"": 63625.0, ""kaynak"": ""BNB""}, {""usdt"": 6647144.0, ""borsa"": 1, ""fiyat"": 63650.0, ""kaynak"": ""BNB""}]","[{""usdt"": 8341008.0, ""borsa"": 1, ""fiyat"": 63800.0, ""kaynak"": ""BNB""}, {""usdt"": 7411132.0, ""borsa"": 1, ""fiyat"": 63775.0, ""kaynak"": ""BNB""}, {""usdt"": 6116430.0, ""borsa"": 1, ""fiyat"": 63750.0, ""kaynak"": ""BNB""}]",YOK,-0.254,-0.0249,0.3104,10.7381,false,,true,0.4594,0,3,3,0,1,3,63.8,63.3,IZLE,,50,63691.8,,,,,SEVIYE+TASFIYE,50,1433.6,144,ATR,0.56,0.4058022184093174,13.449046143272213,false,0.021,1785354300,3,0,,21,1173.3,21,,,
31578,2026-07-29 19:47:32.560791+00,63604.649999999994,398899.92061860475,2037121.7340000002,11575634149.5914,0.00008649800000000001,69511922.75492002,1741190.6713999999,55.4,BEKLE,true,1739725.1297999998,1465.5416,1.5006,64.772,44638253.78220995,0,0.0,55.4,"[{""usdt"": 23335318.0, ""borsa"": 1, ""fiyat"": 63550.0, ""kaynak"": ""BNB""}, {""usdt"": 13570736.0, ""borsa"": 1, ""fiyat"": 63500.0, ""kaynak"": ""BNB""}, {""usdt"": 10058326.0, ""borsa"": 1, ""fiyat"": 63525.0, ""kaynak"": ""BNB""}]","[{""usdt"": 11607245.0, ""borsa"": 3, ""fiyat"": 63725.0, ""kaynak"": ""BNB+BYB+OKX""}, {""usdt"": 7647151.0, ""borsa"": 1, ""fiyat"": 63625.0, ""kaynak"": ""BNB""}, {""usdt"": 7432027.0, ""borsa"": 3, ""fiyat"": 63750.0, ""kaynak"": ""BNB+BYB+OKX""}]",PERP,-0.3387,0.2179,0.1359,4.7742,false,,false,1.4953,0,3,3,1,0,3,1.4,63.8,IZLE,,50,63576.8,,,,,SEVIYE+TASFIYE,50,2285.9,229,,,,,,,1785354360,3,0,,21,1174.3,21,,,
31579,2026-07-29 19:48:32.923628+00,63654.3,-2820770.1173999966,-7329193.775,11539620413.269901,0.00008649800000000001,71247735.79935002,5797760.5222,0.0,BEKLE,,5796294.980599999,1465.5416,1.5006,125.141,43927603.517839946,60.369,0.0,0.0,"[{""usdt"": 23335318.0, ""borsa"": 1, ""fiyat"": 63550.0, ""kaynak"": ""BNB""}, {""usdt"": 14064539.0, ""borsa"": 3, ""fiyat"": 63600.0, ""kaynak"": ""BNB+BYB+OKX""}, {""usdt"": 13570736.0, ""borsa"": 1, ""fiyat"": 63500.0, ""kaynak"": ""BNB""}]","[{""usdt"": 14434420.0, ""borsa"": 3, ""fiyat"": 63625.0, ""kaynak"": ""BNB+BYB+OKX""}, {""usdt"": 7267860.0, ""borsa"": 2, ""fiyat"": 63650.0, ""kaynak"": ""BNB+OKX""}, {""usdt"": 5993436.0, ""borsa"": 1, ""fiyat"": 63700.0, ""kaynak"": ""BNB""}]",PERP,-0.3387,0.2372,0.3314,1.0885,false,,true,0,0,3,3,2,0,3,61.8,62.9,IZLE,,50,63640.4,,,,,SEVIYE+TASFIYE,50,1435.7,144,,,,,,,1785354420,4,0,,21,1175.3,21,,,
31580,2026-07-29 19:49:33.32166+00,63652.149999999994,-1008849.2521388979,-5460215.697000002,11553280075.1722,0.00008649800000000001,41503183.06299998,5799252.151,0.0,BEKLE,,5797786.6093999995,1465.5416,1.5006,0,44559343.80413005,0,0.0,0.0,"[{""usdt"": 12181266.0, ""borsa"": 3, ""fiyat"": 63625.0, ""kaynak"": ""BNB+BYB+OKX""}, {""usdt"": 6482500.0, ""borsa"": 1, ""fiyat"": 63575.0, ""kaynak"": ""BNB""}, {""usdt"": 6457853.0, ""borsa"": 1, ""fiyat"": 63525.0, ""kaynak"": ""BNB""}]","[{""usdt"": 12385987.0, ""borsa"": 3, ""fiyat"": 63675.0, ""kaynak"": ""BNB+BYB+OKX""}, {""usdt"": 6979438.0, ""borsa"": 1, ""fiyat"": 63700.0, ""kaynak"": ""BNB""}, {""usdt"": 6711528.0, ""borsa"": 1, ""fiyat"": 63750.0, ""kaynak"": ""BNB""}]",YOK,0.1472,-0.0355,0.2994,1.1644,false,,true,0,1,0,3,0,0,3,58.2,59.3,IZLE,,50,63640.4,,,,,SEVIYE+TASFIYE,50,1436.7,144,,,,,,,1785354480,4,0,,21,1176.3,21,,,
31581,2026-07-29 19:50:33.786056+00,63600.25,-178286.9737945076,-6053573.929000001,11577734129.161499,0.00008649800000000001,41443609.66738,5660201.261700001,0.0,BEKLE,,5658800.050900001,1401.2108,1.5006,60.363,44364627.99331998,60.363,0.0,0.0,"[{""usdt"": 12960952.0, ""borsa"": 3, ""fiyat"": 63650.0, ""kaynak"": ""BNB+BYB+OKX""}, {""usdt"": 7455135.0, ""borsa"": 1, ""fiyat"": 63600.0, ""kaynak"": ""BNB""}, {""usdt"": 5970372.0, ""borsa"": 2, ""fiyat"": 63625.0, ""kaynak"": ""BNB+BYB""}]","[{""usdt"": 11755984.0, ""borsa"": 3, ""fiyat"": 63700.0, ""kaynak"": ""BNB+BYB+OKX""}, {""usdt"": 11115458.0, ""borsa"": 3, ""fiyat"": 63675.0, ""kaynak"": ""BNB+BYB+OKX""}, {""usdt"": 9134737.0, ""borsa"": 1, ""fiyat"": 63750.0, ""kaynak"": ""BNB""}]",SPOT,0.1629,-0.034,0.199,1.5278,false,,true,0,2,0,3,1,0,3,54.8,55.8,IZLE,,50,63576.8,,,,,SEVIYE+TASFIYE,50,2288.9,229,,,,,,,1785354540,4,0,,21,1177.3,21,,,
31582,2026-07-29 19:51:34.095227+00,63545.850000000006,-177991.08695031007,-5967500.843000002,11564098196.6523,0.00008649800000000001,49175416.04446002,4059465.0709,0.0,BEKLE,,4058063.8601,1401.2108,1.5202,0,44365944.07461996,60.488,0.0,0.0,"[{""usdt"": 12083293.0, ""borsa"": 3, ""fiyat"": 63600.0, ""kaynak"": ""BNB+BYB+OKX""}, {""usdt"": 8232809.0, ""borsa"": 1, ""fiyat"": 63550.0, ""kaynak"": ""BNB""}, {""usdt"": 7926913.0, ""borsa"": 1, ""fiyat"": 63525.0, ""kaynak"": ""BNB""}]","[{""usdt"": 14300402.0, ""borsa"": 3, ""fiyat"": 63650.0, ""kaynak"": ""BNB+BYB+OKX""}, {""usdt"": 8327957.0, ""borsa"": 1, ""fiyat"": 63725.0, ""kaynak"": ""BNB""}, {""usdt"": 7609759.0, ""borsa"": 2, ""fiyat"": 63675.0, ""kaynak"": ""BNB+OKX""}]",YOK,0.053,0.0514,0.0474,1.537,false,,true,0,0,0,3,2,0,3,51.3,52.4,IZLE,,50,63576.8,,,,,SEVIYE+TASFIYE,50,2289.9,229,,,,,,,1785354540,4,0,,21,1178.4,21,,,
31583,2026-07-29 19:52:34.505871+00,63566.149999999994,102820.71118469443,-5635186.088000001,11565873361.8648,0.00008649800000000001,43158391.26244001,23863.614800000003,55.2,BEKLE,false,22462.404000000002,1401.2108,1.5202,0,42015901.441780016,60.302,55.2,0.0,"[{""usdt"": 10811517.0, ""borsa"": 3, ""fiyat"": 63575.0, ""kaynak"": ""BNB+BYB+OKX""}, {""usdt"": 8015141.0, ""borsa"": 1, ""fiyat"": 63475.0, ""kaynak"": ""BNB""}, {""usdt"": 5817582.0, ""borsa"": 1, ""fiyat"": 63450.0, ""kaynak"": ""BNB""}]","[{""usdt"": 11080357.0, ""borsa"": 3, ""fiyat"": 63625.0, ""kaynak"": ""BNB+BYB+OKX""}, {""usdt"": 9069475.0, ""borsa"": 1, ""fiyat"": 63675.0, ""kaynak"": ""BNB""}, {""usdt"": 8014213.0, ""borsa"": 1, ""fiyat"": 63650.0, ""kaynak"": ""BNB""}]",YOK,-0.0344,0.0134,0.0275,0.2383,false,,true,0,0,0,3,2,0,3,47.7,48.8,IZLE,,25,63576.8,,,,,SEVIYE,50,2290.9,229,,,,,,,1785354660,2,0,,21,1179.4,21,,,
31584,2026-07-29 19:53:34.893111+00,63611.05,-257601.62339800337,-5691503.734000001,11563896406.423199,0.00008649800000000001,43837328.19947997,53699.0514,46.8,BEKLE,true,52297.840599999996,1401.2108,1.5202,60.38,45842309.98637995,60.38,0.0,46.8,"[{""usdt"": 9760268.0, ""borsa"": 3, ""fiyat"": 63575.0, ""kaynak"": ""BNB+BYB+OKX""}, {""usdt"": 9259691.0, ""borsa"": 3, ""fiyat"": 63600.0, ""kaynak"": ""BNB+BYB+OKX""}, {""usdt"": 8190354.0, ""borsa"": 1, ""fiyat"": 63500.0, ""kaynak"": ""BNB""}]","[{""usdt"": 15414713.0, ""borsa"": 3, ""fiyat"": 63625.0, ""kaynak"": ""BNB+BYB+OKX""}, {""usdt"": 8880336.0, ""borsa"": 1, ""fiyat"": 63650.0, ""kaynak"": ""BNB""}, {""usdt"": 7153156.0, ""borsa"": 1, ""fiyat"": 63700.0, ""kaynak"": ""BNB""}]",YOK,-0.0338,-0.0224,0.5339,0.6006,false,,true,0,0,0,3,2,0,3,44.2,45.3,IZLE,,25,63640.4,,,,,SEVIYE,50,1440.7,144,,,,,,,1785354720,2,0,,21,1180.4,21,,,
31585,2026-07-29 19:54:35.186922+00,63605.25,-160838.53097100512,-5465379.586000002,11567802348.0,0.00008649800000000001,48590010.40071999,52297.8406,3.0,BEKLE,,52297.8406,0.0,1.5202,60.412,45097130.60309002,120.792,3.0,0.0,"[{""usdt"": 11060525.0, ""borsa"": 3, ""fiyat"": 63600.0, ""kaynak"": ""BNB+BYB+OKX""}, {""usdt"": 10736938.0, ""borsa"": 1, ""fiyat"": 63500.0, ""kaynak"": ""BNB""}, {""usdt"": 9358094.0, ""borsa"": 3, ""fiyat"": 63575.0, ""kaynak"": ""BNB+BYB+OKX""}]","[{""usdt"": 14064685.0, ""borsa"": 3, ""fiyat"": 63625.0, ""kaynak"": ""BNB+BYB+OKX""}, {""usdt"": 10339128.0, ""borsa"": 1, ""fiyat"": 63675.0, ""kaynak"": ""BNB""}, {""usdt"": 7084965.0, ""borsa"": 1, ""fiyat"": 63700.0, ""kaynak"": ""BNB""}]",YOK,0.0324,0.0373,0.9917,3.6567,false,,true,0,0,0,3,1,0,3,40.4,41.5,IZLE,,25,63576.8,,,,,SEVIYE,50,2292.9,229,,,,,,,1785354720,2,0,,21,1181.4,21,,,
31586,2026-07-29 19:55:35.50163+00,63632.55,-1732508.80356891,-9074413.225,11567602112.081902,0.00008649800000000001,42117664.502759986,52297.8406,62.0,BEKLE,,52297.8406,0.0,1.5202,60.282,44919927.03299002,60.282,62.0,0.0,"[{""usdt"": 9407456.0, ""borsa"": 2, ""fiyat"": 63575.0, ""kaynak"": ""BNB+OKX""}, {""usdt"": 8745084.0, ""borsa"": 3, ""fiyat"": 63600.0, ""kaynak"": ""BNB+BYB+OKX""}, {""usdt"": 8502332.0, ""borsa"": 2, ""fiyat"": 63550.0, ""kaynak"": ""BNB+OKX""}]","[{""usdt"": 10014149.0, ""borsa"": 2, ""fiyat"": 63650.0, ""kaynak"": ""BNB+BYB""}, {""usdt"": 7727242.0, ""borsa"": 1, ""fiyat"": 63700.0, ""kaynak"": ""BNB""}, {""usdt"": 7294146.0, ""borsa"": 1, ""fiyat"": 63675.0, ""kaynak"": ""BNB""}]",YOK,0.0441,-0.0322,0.2766,0.3796,false,,true,0,0,0,3,0,1,3,36.8,37.9,IZLE,,50,63660.5,,,,,SEVIYE+TASFIYE,75,1442.7,145,,,,,,,1785354720,2,1,,20,1442.7,20,,,
31587,2026-07-29 19:56:35.905009+00,63632.55,-1168969.975038811,-8932829.483,11567519841.0808,0.00008649800000000001,41554775.914119996,53633.2016,76.8,BEKLE,false,53633.2016,0.0,1.5202,120.64,39619864.779850006,0,76.8,0.0,"[{""usdt"": 13590574.0, ""borsa"": 3, ""fiyat"": 63625.0, ""kaynak"": ""BNB+BYB+OKX""}, {""usdt"": 7816047.0, ""borsa"": 3, ""fiyat"": 63600.0, ""kaynak"": ""BNB+BYB+OKX""}, {""usdt"": 6328870.0, ""borsa"": 1, ""fiyat"": 63575.0, ""kaynak"": ""BNB""}]","[{""usdt"": 12831529.0, ""borsa"": 3, ""fiyat"": 63650.0, ""kaynak"": ""BNB+BYB+OKX""}, {""usdt"": 9207887.0, ""borsa"": 2, ""fiyat"": 63675.0, ""kaynak"": ""BNB+BYB""}, {""usdt"": 6500388.0, ""borsa"": 1, ""fiyat"": 63700.0, ""kaynak"": ""BNB""}]",YOK,0.0743,0.0238,0.1989,1.1504,false,4.0663,true,0,0,0,3,1,0,3,33.2,34.3,IZLE,,25,63660.5,,,,,SEVIYE,75,1443.7,145,,,,,,,1785354900,2,0,,20,1443.7,20,,,
31588,2026-07-29 19:57:36.200384+00,63615.45,-1316112.8420197102,-9597194.734,11563832927.709599,0.00008649800000000001,44238212.34058999,21825.5016,78.0,BEKLE,false,21825.5016,0.0,1.5272,181.02,43871149.050409995,60.38,78.0,0.0,"[{""usdt"": 13181912.0, ""borsa"": 3, ""fiyat"": 63600.0, ""kaynak"": ""BNB+BYB+OKX""}, {""usdt"": 8194161.0, ""borsa"": 1, ""fiyat"": 63525.0, ""kaynak"": ""BNB""}, {""usdt"": 7091308.0, ""borsa"": 1, ""fiyat"": 63500.0, ""kaynak"": ""BNB""}]","[{""usdt"": 10207591.0, ""borsa"": 3, ""fiyat"": 63650.0, ""kaynak"": ""BNB+BYB+OKX""}, {""usdt"": 10018341.0, ""borsa"": 3, ""fiyat"": 63625.0, ""kaynak"": ""BNB+BYB+OKX""}, {""usdt"": 8668730.0, ""borsa"": 1, ""fiyat"": 63700.0, ""kaynak"": ""BNB""}]",YOK,0.0433,0.0042,0.2102,0.4826,false,3.4434,true,0,0,0,3,0,0,3,29.6,30.7,IZLE,,25,63600.1,,,,,SEVIYE,65,2295.9,230,,,,,,,1785354900,1,0,,20,1444.7,20,,,
31589,2026-07-29 19:58:36.580995+00,63571.149999999994,-1397868.4940415176,-9947725.445999999,11558292125.188,0.00008649800000000001,44577646.41965006,25959.0141,58.7,BEKLE,true,25959.0141,0.0,1.5272,60.262,44234608.659339994,0,58.7,0.0,"[{""usdt"": 11809673.0, ""borsa"": 3, ""fiyat"": 63550.0, ""kaynak"": ""BNB+BYB+OKX""}, {""usdt"": 9931533.0, ""borsa"": 3, ""fiyat"": 63525.0, ""kaynak"": ""BNB+BYB+OKX""}, {""usdt"": 8215545.0, ""borsa"": 1, ""fiyat"": 63475.0, ""kaynak"": ""BNB""}]","[{""usdt"": 14117361.0, ""borsa"": 3, ""fiyat"": 63575.0, ""kaynak"": ""BNB+BYB+OKX""}, {""usdt"": 8916926.0, ""borsa"": 1, ""fiyat"": 63600.0, ""kaynak"": ""BNB""}, {""usdt"": 8532822.0, ""borsa"": 1, ""fiyat"": 63625.0, ""kaynak"": ""BNB""}]",YOK,-0.0127,0.0039,0.166,0.3836,false,3.6129,true,0,0,0,3,0,0,3,26,27.1,IZLE,,25,63545.9,,,,,SEVIYE,50,2296.9,230,,,,,,,1785355020,2,0,,20,1445.7,20,,,
31590,2026-07-29 19:59:36.957092+00,63554.75,-2553655.2686796193,-9662430.852999998,11545931790.8182,0.00008649800000000001,42420121.57085,26022.5472,58.8,BEKLE,true,26022.5472,0.0,1.5272,120.646,44152560.65685997,60.384,58.8,0.0,"[{""usdt"": 15273411.0, ""borsa"": 3, ""fiyat"": 63525.0, ""kaynak"": ""BNB+BYB+OKX""}, {""usdt"": 8025001.0, ""borsa"": 1, ""fiyat"": 63450.0, ""kaynak"": ""BNB""}, {""usdt"": 6953584.0, ""borsa"": 2, ""fiyat"": 63500.0, ""kaynak"": ""BNB+BYB""}]","[{""usdt"": 10749538.0, ""borsa"": 3, ""fiyat"": 63550.0, ""kaynak"": ""BNB+BYB+OKX""}, {""usdt"": 10031664.0, ""borsa"": 1, ""fiyat"": 63625.0, ""kaynak"": ""BNB""}, {""usdt"": 8255990.0, ""borsa"": 3, ""fiyat"": 63575.0, ""kaynak"": ""BNB+BYB+OKX""}]",YOK,-0.1341,-0.02,0.2976,0.4147,false,4.9211,true,0,0,1,3,0,0,3,22.5,23.6,IZLE,,25,63545.9,,,,,SEVIYE,50,2297.9,230,,,,,,,1785355140,2,0,,20,1446.7,20,,,
31591,2026-07-29 20:00:37.303545+00,63488.149999999994,-1852984.023039417,-2450371.506,11541555063.6707,0.00008649800000000001,46449453.84270004,11055.962199999998,67.5,BEKLE,false,11055.962199999998,0.0,1.5272,181.093,43035593.52700002,120.831,0.0,67.5,"[{""usdt"": 12237178.0, ""borsa"": 3, ""fiyat"": 63475.0, ""kaynak"": ""BNB+BYB+OKX""}, {""usdt"": 11101714.0, ""borsa"": 3, ""fiyat"": 63500.0, ""kaynak"": ""BNB+BYB+OKX""}, {""usdt"": 7996587.0, ""borsa"": 1, ""fiyat"": 63450.0, ""kaynak"": ""BNB""}]","[{""usdt"": 11238731.0, ""borsa"": 3, ""fiyat"": 63525.0, ""kaynak"": ""BNB+BYB+OKX""}, {""usdt"": 8946071.0, ""borsa"": 1, ""fiyat"": 63600.0, ""kaynak"": ""BNB""}, {""usdt"": 6695399.0, ""borsa"": 1, ""fiyat"": 63575.0, ""kaynak"": ""BNB""}]",YOK,-0.1857,0.0382,0.0133,1.055,false,1.1703,true,0,0,3,3,0,0,3,18.9,20,IZLE,,25,63545.9,,,,,SEVIYE,50,2299.0,230,ATR,0.64,0.11675788851181991,475.0774352811101,false,0.03,1785355200,1,0,,20,1447.8,20,,,
31592,2026-07-29 20:01:38.389068+00,63547.75,-1373829.0370616207,-1385527.893,11550368796.4259,0.00008649800000000001,40515444.86526997,80013.81710000001,75.0,BEKLE,false,60629.612100000006,19384.205,1.5272,0,46347157.01705003,181.918,0.0,75.0,"[{""usdt"": 11713406.0, ""borsa"": 3, ""fiyat"": 63525.0, ""kaynak"": ""BNB+BYB+OKX""}, {""usdt"": 8633481.0, ""borsa"": 1, ""fiyat"": 63450.0, ""kaynak"": ""BNB""}, {""usdt"": 8504473.0, ""borsa"": 3, ""fiyat"": 63550.0, ""kaynak"": ""BNB+BYB+OKX""}]","[{""usdt"": 10256850.0, ""borsa"": 3, ""fiyat"": 63575.0, ""kaynak"": ""BNB+BYB+OKX""}, {""usdt"": 8871126.0, ""borsa"": 3, ""fiyat"": 63550.0, ""kaynak"": ""BNB+BYB+OKX""}, {""usdt"": 8796001.0, ""borsa"": 1, ""fiyat"": 63600.0, ""kaynak"": ""BNB""}]",YOK,-0.0769,-0.0671,0.0198,0.5402,false,2.6425,false,,0,0,3,0,2,3,15.9,17.1,IZLE,,50,63545.9,,,,,SEVIYE+TASFIYE,50,2300.0,230,,,,,,,1785355260,3,0,,20,1448.8,20,,,
31593,2026-07-29 20:02:39.673897+00,63430.25,-1915233.5346022183,-4117572.253,11519254348.4768,0.00008649800000000001,43596802.535169974,735105.9415,59.3,BEKLE,false,715737.869,19368.0725,1.5272,0,43226610.21916996,0,0.0,59.3,"[{""usdt"": 10408093.0, ""borsa"": 3, ""fiyat"": 63400.0, ""kaynak"": ""BNB+BYB+OKX""}, {""usdt"": 8696100.0, ""borsa"": 1, ""fiyat"": 63325.0, ""kaynak"": ""BNB""}, {""usdt"": 7665306.0, ""borsa"": 3, ""fiyat"": 63425.0, ""kaynak"": ""BNB+BYB+OKX""}]","[{""usdt"": 14581422.0, ""borsa"": 3, ""fiyat"": 63450.0, ""kaynak"": ""BNB+BYB+OKX""}, {""usdt"": 8318102.0, ""borsa"": 1, ""fiyat"": 63500.0, ""kaynak"": ""BNB""}, {""usdt"": 7757150.0, ""borsa"": 1, ""fiyat"": 63475.0, ""kaynak"": ""BNB""}]",YOK,-0.2817,0.0043,0.0751,1.5336,false,,false,,0,3,3,1,0,3,13.3,14.4,YOK,,0,63545.9,,,,,SEVIYE+TASFIYE,50,2301.0,230,,,,,,,1785355320,3,0,,20,1449.8,20,,,
31594,2026-07-29 20:03:39.998293+00,63499.95,-1694507.2929257294,-3785204.799,11525987700.3984,0.00008649800000000001,45796735.13482997,737617.5375,60.1,BEKLE,false,718249.465,19368.0725,1.5316,60.304,43359033.48211996,0,0.0,60.1,"[{""usdt"": 11646591.0, ""borsa"": 3, ""fiyat"": 63425.0, ""kaynak"": ""BNB+BYB+OKX""}, {""usdt"": 9034417.0, ""borsa"": 1, ""fiyat"": 63350.0, ""kaynak"": ""BNB""}, {""usdt"": 8211322.0, ""borsa"": 1, ""fiyat"": 63400.0, ""kaynak"": ""BNB""}]","[{""usdt"": 14635060.0, ""borsa"": 3, ""fiyat"": 63475.0, ""kaynak"": ""BNB+BYB+OKX""}, {""usdt"": 8314558.0, ""borsa"": 1, ""fiyat"": 63550.0, ""kaynak"": ""BNB""}, {""usdt"": 7293686.0, ""borsa"": 1, ""fiyat"": 63525.0, ""kaynak"": ""BNB""}]",YOK,-0.1174,0.0273,0.0345,0.5477,false,,false,,0,1,3,0,0,3,9.7,10.8,IZLE,,50,63545.9,,,,,SEVIYE+TASFIYE,50,2302.0,230,,,,,,,1785355320,3,0,,20,1450.8,20,,,
31595,2026-07-29 20:04:40.433+00,63470.149999999994,-1746238.843249738,-3815293.9630000005,11524737635.644001,0.00008649800000000001,50159493.20078996,741359.8514,46.0,BEKLE,false,718185.9009,23173.9505,1.5316,120.637,43388781.270339996,60.333,0.0,46.0,"[{""usdt"": 12260113.0, ""borsa"": 3, ""fiyat"": 63425.0, ""kaynak"": ""BNB+BYB+OKX""}, {""usdt"": 8968453.0, ""borsa"": 1, ""fiyat"": 63375.0, ""kaynak"": ""BNB""}, {""usdt"": 8803573.0, ""borsa"": 1, ""fiyat"": 63325.0, ""kaynak"": ""BNB""}]","[{""usdt"": 11678744.0, ""borsa"": 3, ""fiyat"": 63475.0, ""kaynak"": ""BNB+BYB+OKX""}, {""usdt"": 8175202.0, ""borsa"": 1, ""fiyat"": 63550.0, ""kaynak"": ""BNB""}, {""usdt"": 7976334.0, ""borsa"": 1, ""fiyat"": 63500.0, ""kaynak"": ""BNB""}]",YOK,-0.0952,0.0724,0.0931,0.6444,false,0.2875,false,,0,1,3,0,0,3,6.2,7.3,IZLE,,50,63545.9,,,,,SEVIYE+TASFIYE,50,2303.0,230,,,,,,,1785355440,3,0,,20,1451.8,20,,,
31596,2026-07-29 20:05:40.891679+00,63519.05,-2352.389850933483,-2760212.561,11549021721.6414,0.00008649800000000001,46146997.29868003,684930.3519,30.1,BEKLE,true,661753.3654,23176.9865,1.5323,0,45325368.05132997,120.873,30.1,0.0,"[{""usdt"": 14395568.0, ""borsa"": 3, ""fiyat"": 63500.0, ""kaynak"": ""BNB+BYB+OKX""}, {""usdt"": 8475683.0, ""borsa"": 2, ""fiyat"": 63475.0, ""kaynak"": ""BNB+BYB""}, {""usdt"": 7662984.0, ""borsa"": 1, ""fiyat"": 63450.0, ""kaynak"": ""BNB""}]","[{""usdt"": 11260653.0, ""borsa"": 3, ""fiyat"": 63525.0, ""kaynak"": ""BNB+BYB+OKX""}, {""usdt"": 9003183.0, ""borsa"": 3, ""fiyat"": 63550.0, ""kaynak"": ""BNB+BYB+OKX""}, {""usdt"": 6789003.0, ""borsa"": 1, ""fiyat"": 63600.0, ""kaynak"": ""BNB""}]",YOK,0.0213,0.009,0.819,0.9011,false,,false,,0,0,3,0,0,3,2.9,4,YOK,,0,63607.2,,,,,SEVIYE,95,2304.0,231,,,,,,,1785355440,2,0,,21,812.0,21,,,
31597,2026-07-29 20:06:41.226846+00,63557.55,311703.25111126737,-2565924.858,11550343933.9022,0.00008649800000000001,42711418.14858,665562.2794,26.2,BEKLE,true,661753.3654,3808.9139999999998,1.5323,0,48517551.17523,60.347,26.2,0.0,"[{""usdt"": 14600474.0, ""borsa"": 3, ""fiyat"": 63500.0, ""kaynak"": ""BNB+BYB+OKX""}, {""usdt"": 8866629.0, ""borsa"": 1, ""fiyat"": 63450.0, ""kaynak"": ""BNB""}, {""usdt"": 7446755.0, ""borsa"": 2, ""fiyat"": 63475.0, ""kaynak"": ""BNB+BYB""}]","[{""usdt"": 8588369.0, ""borsa"": 2, ""fiyat"": 63525.0, ""kaynak"": ""BYB+OKX""}, {""usdt"": 8078400.0, ""borsa"": 1, ""fiyat"": 63625.0, ""kaynak"": ""BNB""}, {""usdt"": 7695311.0, ""borsa"": 1, ""fiyat"": 63600.0, ""kaynak"": ""BNB""}]",YOK,0.0213,-0.0636,0.5196,0.1989,false,0,false,2.3086,0,0,3,0,0,3,63.2,61.7,IZLE,,25,63607.2,,,,,SEVIYE,95,2305.0,231,,,,,,,1785355440,2,0,,21,813.0,21,,,
31598,2026-07-29 20:07:41.522775+00,63558.850000000006,929183.7976512655,-2489996.321,11548573870.081999,0.00008649800000000001,46208214.58432,3808.9139999999998,0.0,BEKLE,,0.0,3808.9139999999998,1.5323,60.313,45490107.05990001,120.66,0.0,0.0,"[{""usdt"": 14432112.0, ""borsa"": 3, ""fiyat"": 63550.0, ""kaynak"": ""BNB+BYB+OKX""}, {""usdt"": 8866629.0, ""borsa"": 1, ""fiyat"": 63450.0, ""kaynak"": ""BNB""}, {""usdt"": 7556507.0, ""borsa"": 3, ""fiyat"": 63525.0, ""kaynak"": ""BNB+BYB+OKX""}]","[{""usdt"": 14561580.0, ""borsa"": 3, ""fiyat"": 63575.0, ""kaynak"": ""BNB+BYB+OKX""}, {""usdt"": 8078400.0, ""borsa"": 1, ""fiyat"": 63625.0, ""kaynak"": ""BNB""}, {""usdt"": 7695311.0, ""borsa"": 1, ""fiyat"": 63600.0, ""kaynak"": ""BNB""}]",YOK,0.1283,0.0078,0.5696,1.6987,false,0,false,3.0284,1,0,3,1,0,3,59.7,60.7,IZLE,,25,63607.2,,,,,SEVIYE,95,2306.0,231,,,,,,,1785355440,1,0,,21,814.0,21,,,
31599,2026-07-29 20:08:41.926123+00,63469.850000000006,670082.1138315641,-3390752.271,11536268659.8197,0.00008649800000000001,47450244.904959984,43033.3122,28.8,BEKLE,false,39224.3982,3808.9139999999998,1.5323,0,41463657.87241,0,0.0,28.8,"[{""usdt"": 12326038.0, ""borsa"": 3, ""fiyat"": 63525.0, ""kaynak"": ""BNB+BYB+OKX""}, {""usdt"": 8759366.0, ""borsa"": 1, ""fiyat"": 63500.0, ""kaynak"": ""BNB""}, {""usdt"": 8343844.0, ""borsa"": 1, ""fiyat"": 63475.0, ""kaynak"": ""BNB""}]","[{""usdt"": 11905329.0, ""borsa"": 3, ""fiyat"": 63575.0, ""kaynak"": ""BNB+BYB+OKX""}, {""usdt"": 7850645.0, ""borsa"": 1, ""fiyat"": 63625.0, ""kaynak"": ""BNB""}, {""usdt"": 7484041.0, ""borsa"": 1, ""fiyat"": 63650.0, ""kaynak"": ""BNB""}]",YOK,0.0799,0.0673,0.8195,0.6873,false,0,false,,1,0,3,1,0,3,56.1,57.2,IZLE,,25,63430.2,,,,,SEVIYE,45,3.8,1,,,,,,,1785355680,1,0,,21,815.0,21,,,
31600,2026-07-29 20:09:42.261112+00,63371.75,-1588172.0531454366,-4004052.57,11513397756.149601,0.00008649800000000001,45366627.61373998,67140.7823,10.2,BEKLE,true,67140.7823,0.0,1.5323,0,47422754.43900998,0,10.2,0.0,"[{""usdt"": 11741902.0, ""borsa"": 3, ""fiyat"": 63425.0, ""kaynak"": ""BNB+BYB+OKX""}, {""usdt"": 11123584.0, ""borsa"": 1, ""fiyat"": 63375.0, ""kaynak"": ""BNB""}, {""usdt"": 8976258.0, ""borsa"": 2, ""fiyat"": 63400.0, ""kaynak"": ""BNB+BYB""}]","[{""usdt"": 11191585.0, ""borsa"": 3, ""fiyat"": 63450.0, ""kaynak"": ""BNB+BYB+OKX""}, {""usdt"": 7726564.0, ""borsa"": 1, ""fiyat"": 63525.0, ""kaynak"": ""BNB""}, {""usdt"": 7061704.0, ""borsa"": 1, ""fiyat"": 63500.0, ""kaynak"": ""BNB""}]",YOK,-0.0622,-0.0222,,,false,0,false,,0,1,3,0,1,3,52.7,53.8,IZLE,,50,63430.2,,,,,SEVIYE+TASFIYE,45,4.8,1,,,,,,,1785355740,2,0,,21,816.0,21,,,
31601,2026-07-29 20:10:42.564064+00,63363.350000000006,-1588172.0531454366,-4004052.57,11513397756.149601,0.00008649800000000001,49933015.20431001,67140.7823,0.0,BEKLE,,67140.7823,0.0,1.5323,60.269,45659638.62690002,60.269,0.0,0.0,"[{""usdt"": 19982403.0, ""borsa"": 3, ""fiyat"": 63325.0, ""kaynak"": ""BNB+BYB+OKX""}, {""usdt"": 9380278.0, ""borsa"": 1, ""fiyat"": 63275.0, ""kaynak"": ""BNB""}, {""usdt"": 8624290.0, ""borsa"": 1, ""fiyat"": 63300.0, ""kaynak"": ""BNB""}]","[{""usdt"": 13202847.0, ""borsa"": 3, ""fiyat"": 63375.0, ""kaynak"": ""BNB+BYB+OKX""}, {""usdt"": 8220496.0, ""borsa"": 1, ""fiyat"": 63450.0, ""kaynak"": ""BNB""}, {""usdt"": 6409920.0, ""borsa"": 1, ""fiyat"": 63400.0, ""kaynak"": ""BNB""}]",YOK,-0.2765,0.0447,0.4912,3.1769,false,,false,1.8426,0,3,3,1,1,3,49.1,50.2,IZLE,,50,63430.2,,,,,SEVIYE+TASFIYE,45,5.8,1,,,,,,,1785355740,2,0,,21,817.0,21,,,
31602,2026-07-29 20:11:42.921981+00,63508.350000000006,-403752.70445142436,-3804888.7699999996,11512831242.7068,0.00008649800000000001,85895784.60889012,169915.3267,59.4,BEKLE,false,169915.3267,0.0,1.5323,120.618,47548066.587500006,120.618,59.4,0.0,"[{""usdt"": 56450993.0, ""borsa"": 3, ""fiyat"": 63400.0, ""kaynak"": ""BNB+BYB+OKX""}, {""usdt"": 7837207.0, ""borsa"": 1, ""fiyat"": 63325.0, ""kaynak"": ""BNB""}, {""usdt"": 7013579.0, ""borsa"": 1, ""fiyat"": 63350.0, ""kaynak"": ""BNB""}]","[{""usdt"": 13987530.0, ""borsa"": 3, ""fiyat"": 63450.0, ""kaynak"": ""BNB+BYB+OKX""}, {""usdt"": 10750715.0, ""borsa"": 1, ""fiyat"": 63500.0, ""kaynak"": ""BNB""}, {""usdt"": 7446517.0, ""borsa"": 1, ""fiyat"": 63475.0, ""kaynak"": ""BNB""}]",PERP,-0.1197,0.2874,0.3043,1.3774,false,,false,1.9123,0,1,3,2,1,3,45.6,46.7,IZLE,,50,63430.2,,,,,SEVIYE+TASFIYE,45,6.8,1,,,,,,,1785355800,3,0,,21,818.0,21,,,
31603,2026-07-29 20:12:44.142264+00,63500.149999999994,1620212.4628987769,-2287376.3579999995,11532912294.870201,0.00008649800000000001,45479869.18169002,175603.38120000003,18.3,BEKLE,true,170147.83360000004,5455.5476,1.5368,0,47741779.62619002,0,0.0,18.3,"[{""usdt"": 14184866.0, ""borsa"": 3, ""fiyat"": 63475.0, ""kaynak"": ""BNB+BYB+OKX""}, {""usdt"": 10396039.0, ""borsa"": 3, ""fiyat"": 63450.0, ""kaynak"": ""BNB+BYB+OKX""}, {""usdt"": 8194272.0, ""borsa"": 1, ""fiyat"": 63400.0, ""kaynak"": ""BNB""}]","[{""usdt"": 14999879.0, ""borsa"": 3, ""fiyat"": 63500.0, ""kaynak"": ""BNB+BYB+OKX""}, {""usdt"": 7971662.0, ""borsa"": 1, ""fiyat"": 63575.0, ""kaynak"": ""BNB""}, {""usdt"": 7918366.0, ""borsa"": 1, ""fiyat"": 63550.0, ""kaynak"": ""BNB""}]",YOK,0.0506,-0.0243,0.7209,4.0311,false,,false,2.252,0,0,3,0,1,3,43,44.1,IZLE,,50,63430.2,,,,,SEVIYE+TASFIYE,45,7.8,1,,,,,,,1785355800,3,0,,21,819.0,21,,,
31604,2026-07-29 20:13:44.79225+00,63605.55,1815176.5296110786,-2299631.2019999996,11534454177.846,0.00008649800000000001,44972734.82931999,175603.38120000003,0.0,BEKLE,,170147.83360000004,5455.5476,1.5368,60.328,41458923.13296004,60.328,0.0,0.0,"[{""usdt"": 12202031.0, ""borsa"": 3, ""fiyat"": 63500.0, ""kaynak"": ""BNB+BYB+OKX""}, {""usdt"": 7925147.0, ""borsa"": 1, ""fiyat"": 63425.0, ""kaynak"": ""BNB""}, {""usdt"": 7542535.0, ""borsa"": 3, ""fiyat"": 63525.0, ""kaynak"": ""BNB+BYB+OKX""}]","[{""usdt"": 11377454.0, ""borsa"": 3, ""fiyat"": 63550.0, ""kaynak"": ""BNB+BYB+OKX""}, {""usdt"": 8312432.0, ""borsa"": 1, ""fiyat"": 63600.0, ""kaynak"": ""BNB""}, {""usdt"": 7723785.0, ""borsa"": 1, ""fiyat"": 63575.0, ""kaynak"": ""BNB""}]",YOK,0.0931,0.0407,0.4428,3.4594,false,,false,2.2879,0,0,3,2,0,3,39.3,40.4,IZLE,,25,63607.2,,,,,SEVIYE,95,2312.1,231,,,,,,,1785355800,3,1,,21,820.0,21,,,
31605,2026-07-29 20:14:45.231699+00,63582.95,3553407.05369478,-1359362.9719999996,11548098722.6607,0.00008649800000000001,50020471.763809994,136988.46390000003,0.0,BEKLE,,130960.51540000003,6027.9484999999995,1.5368,60.605,41879584.06116997,0,0.0,0.0,"[{""usdt"": 13223413.0, ""borsa"": 3, ""fiyat"": 63550.0, ""kaynak"": ""BNB+BYB+OKX""}, {""usdt"": 10268601.0, ""borsa"": 3, ""fiyat"": 63575.0, ""kaynak"": ""BNB+BYB+OKX""}, {""usdt"": 7095804.0, ""borsa"": 1, ""fiyat"": 63475.0, ""kaynak"": ""BNB""}]","[{""usdt"": 11324732.0, ""borsa"": 3, ""fiyat"": 63600.0, ""kaynak"": ""BNB+BYB+OKX""}, {""usdt"": 9366175.0, ""borsa"": 1, ""fiyat"": 63650.0, ""kaynak"": ""BNB""}, {""usdt"": 7061363.0, ""borsa"": 1, ""fiyat"": 63675.0, ""kaynak"": ""BNB""}]",SPOT,0.158,0.0886,0.5955,1.615,false,,false,0.9437,2,0,3,2,0,3,36.1,37.2,IZLE,,25,63607.2,,,,,SEVIYE,95,2313.1,231,,,,,,,1785355980,3,0,,21,821.0,21,,,
31606,2026-07-29 20:15:46.448437+00,63598.350000000006,3517183.4186840863,-1320198.529,11540068460.694,0.00008649800000000001,44719480.180640005,42930.226899999994,0.0,BEKLE,,36902.4566,6027.7703,1.5368,121.215,42101961.58607997,60.61,0.0,0.0,"[{""usdt"": 16734779.0, ""borsa"": 3, ""fiyat"": 63550.0, ""kaynak"": ""BNB+BYB+OKX""}, {""usdt"": 6862894.0, ""borsa"": 1, ""fiyat"": 63500.0, ""kaynak"": ""BNB""}, {""usdt"": 6446099.0, ""borsa"": 1, ""fiyat"": 63525.0, ""kaynak"": ""BNB""}]","[{""usdt"": 9688747.0, ""borsa"": 1, ""fiyat"": 63650.0, ""kaynak"": ""BNB""}, {""usdt"": 9333948.0, ""borsa"": 3, ""fiyat"": 63600.0, ""kaynak"": ""BNB+BYB+OKX""}, {""usdt"": 7453318.0, ""borsa"": 1, ""fiyat"": 63675.0, ""kaynak"": ""BNB""}]",YOK,0.1415,0.0301,0.5898,1.7918,false,,false,0.7196,1,0,3,1,0,3,32.9,34,IZLE,,25,63598.5,,,,,SEVIYE,85,2314.1,232,,,,,,,1785355980,3,0,,22,1202.6,22,,,
31607,2026-07-29 20:16:47.17753+00,63653.05,4551643.864780306,1486340.5540000002,11546819721.7798,0.00008649800000000001,44225792.36512996,1780.9514000000001,0.0,BEKLE,,0.0,1780.9514000000001,1.5368,0,42651393.63231005,0,0.0,0.0,"[{""usdt"": 10555762.0, ""borsa"": 3, ""fiyat"": 63625.0, ""kaynak"": ""BNB+BYB+OKX""}, {""usdt"": 9641244.0, ""borsa"": 3, ""fiyat"": 63650.0, ""kaynak"": ""BNB+BYB+OKX""}, {""usdt"": 7260428.0, ""borsa"": 1, ""fiyat"": 63575.0, ""kaynak"": ""BNB""}]","[{""usdt"": 12866748.0, ""borsa"": 3, ""fiyat"": 63675.0, ""kaynak"": ""BNB+BYB+OKX""}, {""usdt"": 8954248.0, ""borsa"": 1, ""fiyat"": 63750.0, ""kaynak"": ""BNB""}, {""usdt"": 7349433.0, ""borsa"": 1, ""fiyat"": 63700.0, ""kaynak"": ""BNB""}]",SPOT,0.2158,0.0181,0.4144,0.797,false,,false,5.8336,3,0,3,1,0,3,30.2,31.4,IZLE,,25,63659.3,,,,,SEVIYE,70,1463.9,147,ATR,0.73,2.0307603373708485,51.59071995853258,false,0.041,1785356100,1,0,,22,1203.6,22,,,
31608,2026-07-29 20:17:48.353053+00,63658.55,2991580.9948696056,1508711.4500000002,11547536568.9738,0.00008649800000000001,47284609.92755998,7509.414000000001,0.0,BEKLE,,0.0,7509.414000000001,1.5368,61.306,42308823.14907999,61.306,0.0,0.0,"[{""usdt"": 15159668.0, ""borsa"": 3, ""fiyat"": 63650.0, ""kaynak"": ""BNB+BYB+OKX""}, {""usdt"": 7979301.0, ""borsa"": 1, ""fiyat"": 63575.0, ""kaynak"": ""BNB""}, {""usdt"": 6438054.0, ""borsa"": 1, ""fiyat"": 63625.0, ""kaynak"": ""BNB""}]","[{""usdt"": 11641379.0, ""borsa"": 3, ""fiyat"": 63700.0, ""kaynak"": ""BNB+BYB+OKX""}, {""usdt"": 8968841.0, ""borsa"": 1, ""fiyat"": 63750.0, ""kaynak"": ""BNB""}, {""usdt"": 7455634.0, ""borsa"": 1, ""fiyat"": 63725.0, ""kaynak"": ""BNB""}]",YOK,0.1481,0.0555,0.2145,1.6315,false,,false,1.5431,1,0,3,2,0,3,27.7,28.7,IZLE,,25,63659.3,,,,,SEVIYE,70,1464.9,147,,,,,,,1785356160,2,0,,22,1204.6,22,,,
31609,2026-07-29 20:18:48.694132+00,63642.55,4217897.600089604,6551486.405000001,11548058281.4132,0.00008649800000000001,49461015.30725,32153.257400000002,38.5,BEKLE,true,0.0,32153.257400000002,1.5413,60.268,42631486.68996999,60.268,0.0,38.5,"[{""usdt"": 14823829.0, ""borsa"": 3, ""fiyat"": 63650.0, ""kaynak"": ""BNB+BYB+OKX""}, {""usdt"": 10121275.0, ""borsa"": 3, ""fiyat"": 63675.0, ""kaynak"": ""BNB+BYB+OKX""}, {""usdt"": 8507907.0, ""borsa"": 1, ""fiyat"": 63550.0, ""kaynak"": ""BNB""}]","[{""usdt"": 10819543.0, ""borsa"": 3, ""fiyat"": 63675.0, ""kaynak"": ""BNB+BYB+OKX""}, {""usdt"": 7791578.0, ""borsa"": 3, ""fiyat"": 63700.0, ""kaynak"": ""BNB+BYB+OKX""}, {""usdt"": 7544508.0, ""borsa"": 1, ""fiyat"": 63750.0, ""kaynak"": ""BNB""}]",SPOT,0.1661,0.0742,0.1702,0.1724,false,0,false,,2,0,3,0,1,3,23.7,24.8,IZLE,,25,63659.3,,,,,SEVIYE,70,1465.9,147,,,,,,,1785356220,2,0,,22,1205.6,22,,,
31610,2026-07-29 20:19:56.624968+00,63609.149999999994,3633864.987227603,7888638.114,11542497114.1651,0.00008649800000000001,47523169.46722998,31579.718900000003,37.7,BEKLE,false,0.0,31579.718900000003,1.5413,120.693,42482402.07967998,0,0.0,37.7,"[{""usdt"": 13248173.0, ""borsa"": 3, ""fiyat"": 63575.0, ""kaynak"": ""BNB+BYB+OKX""}, {""usdt"": 10966897.0, ""borsa"": 3, ""fiyat"": 63550.0, ""kaynak"": ""BNB+BYB+OKX""}, {""usdt"": 9768285.0, ""borsa"": 1, ""fiyat"": 63500.0, ""kaynak"": ""BNB""}]","[{""usdt"": 10428353.0, ""borsa"": 3, ""fiyat"": 63600.0, ""kaynak"": ""BNB+BYB+OKX""}, {""usdt"": 8388700.0, ""borsa"": 1, ""fiyat"": 63675.0, ""kaynak"": ""BNB""}, {""usdt"": 6835493.0, ""borsa"": 1, ""fiyat"": 63700.0, ""kaynak"": ""BNB""}]",YOK,0.1252,0.056,0.0065,0.1399,false,0,false,,1,0,3,0,0,3,20.3,21.4,IZLE,,25,63598.5,,,,,SEVIYE,85,2318.5,232,,,,,,,1785356220,2,1,,22,1207.0,22,,,
31611,2026-07-29 20:21:12.80449+00,63613.350000000006,4765573.470412209,8436834.679,11538554033.89,0.00008649800000000001,45706449.41582992,30370.735600000004,41.9,BEKLE,,0.0,30370.735600000004,1.5504,204.319,42842904.1091,83.626,0.0,41.9,"[{""usdt"": 12913582.0, ""borsa"": 3, ""fiyat"": 63625.0, ""kaynak"": ""BNB+BYB+OKX""}, {""usdt"": 9173681.0, ""borsa"": 1, ""fiyat"": 63550.0, ""kaynak"": ""BNB""}, {""usdt"": 8848623.0, ""borsa"": 3, ""fiyat"": 63600.0, ""kaynak"": ""BNB+BYB+OKX""}]","[{""usdt"": 11232585.0, ""borsa"": 3, ""fiyat"": 63650.0, ""kaynak"": ""BNB+BYB+OKX""}, {""usdt"": 10462261.0, ""borsa"": 1, ""fiyat"": 63725.0, ""kaynak"": ""BNB""}, {""usdt"": 7524495.0, ""borsa"": 1, ""fiyat"": 63700.0, ""kaynak"": ""BNB""}]",YOK,0.0413,0.0323,0.0882,0.0697,false,0,false,,0,0,3,0,0,3,40,41.1,IZLE,,25,63598.5,,,,,SEVIYE,85,2319.5,232,,,,,,,1785356220,2,0,,22,1208.0,22,,,
31612,2026-07-29 20:22:13.080642+00,63664.55,5060417.059210509,8452775.377,11546804503.1473,0.00008649800000000001,47630831.29183994,0.0,39.5,BEKLE,true,0.0,0.0,1.5504,264.71,42559637.13984999,0,0.0,39.5,"[{""usdt"": 11946317.0, ""borsa"": 3, ""fiyat"": 63600.0, ""kaynak"": ""BNB+BYB+OKX""}, {""usdt"": 9665269.0, ""borsa"": 1, ""fiyat"": 63550.0, ""kaynak"": ""BNB""}, {""usdt"": 9245728.0, ""borsa"": 3, ""fiyat"": 63575.0, ""kaynak"": ""BNB+BYB+OKX""}]","[{""usdt"": 12053401.0, ""borsa"": 3, ""fiyat"": 63625.0, ""kaynak"": ""BNB+BYB+OKX""}, {""usdt"": 8369908.0, ""borsa"": 1, ""fiyat"": 63700.0, ""kaynak"": ""BNB""}, {""usdt"": 7777801.0, ""borsa"": 1, ""fiyat"": 63675.0, ""kaynak"": ""BNB""}]",YOK,0.1015,0.0562,0.0523,0.0777,false,0,false,,1,0,3,0,0,3,36.5,37.6,IZLE,,25,63659.3,,,,,SEVIYE,70,1469.3,147,,,,,,,,,0,,22,1209.0,22,,,
31613,2026-07-29 20:23:13.422285+00,63636.850000000006,5284072.695772109,8348702.358999999,11543577432.7044,0.00008649800000000001,48663302.51786001,0.0,43.8,BEKLE,true,0.0,0.0,1.5504,325.03,42276484.494689986,0,0.0,43.8,"[{""usdt"": 13499041.0, ""borsa"": 3, ""fiyat"": 63625.0, ""kaynak"": ""BNB+BYB+OKX""}, {""usdt"": 10641470.0, ""borsa"": 1, ""fiyat"": 63550.0, ""kaynak"": ""BNB""}, {""usdt"": 9019506.0, ""borsa"": 3, ""fiyat"": 63600.0, ""kaynak"": ""BNB+BYB+OKX""}]","[{""usdt"": 14272514.0, ""borsa"": 3, ""fiyat"": 63650.0, ""kaynak"": ""BNB+BYB+OKX""}, {""usdt"": 8099306.0, ""borsa"": 1, ""fiyat"": 63700.0, ""kaynak"": ""BNB""}, {""usdt"": 6948991.0, ""borsa"": 1, ""fiyat"": 63675.0, ""kaynak"": ""BNB""}]",YOK,0.1156,0.0702,0.2021,0.1257,false,0,false,,1,0,3,0,0,3,32.9,34,IZLE,,25,63659.3,,,,,SEVIYE,70,1470.4,147,,,,,,,,,0,,22,1210.0,22,,,
31614,2026-07-29 20:24:14.044157+00,63621.149999999994,5212297.056163211,8334890.600999999,11542532041.8131,0.00008649800000000001,45837117.78639996,0.0,36.6,BEKLE,false,0.0,0.0,1.5504,120.567,43148750.801450014,0,0.0,36.6,"[{""usdt"": 12409652.0, ""borsa"": 3, ""fiyat"": 63625.0, ""kaynak"": ""BNB+BYB+OKX""}, {""usdt"": 9075451.0, ""borsa"": 3, ""fiyat"": 63650.0, ""kaynak"": ""BNB+BYB+OKX""}, {""usdt"": 7883233.0, ""borsa"": 1, ""fiyat"": 63575.0, ""kaynak"": ""BNB""}]","[{""usdt"": 10638767.0, ""borsa"": 3, ""fiyat"": 63675.0, ""kaynak"": ""BNB+BYB+OKX""}, {""usdt"": 10259104.0, ""borsa"": 1, ""fiyat"": 63725.0, ""kaynak"": ""BNB""}, {""usdt"": 7226267.0, ""borsa"": 1, ""fiyat"": 63750.0, ""kaynak"": ""BNB""}]",YOK,0.1174,0.0302,0.2965,0.4193,false,0,false,,0,0,3,0,0,3,29.3,30.4,IZLE,,25,63598.5,,,,,SEVIYE,85,2322.6,232,,,,,,,,,0,,22,1211.0,22,,,
31615,2026-07-29 20:25:15.452311+00,63590.850000000006,824231.92697,5696224.123999999,11536615773.7943,0.00008649800000000001,48119814.16448,0.0,59.9,BEKLE,true,0.0,0.0,1.5504,0,49967433.31785007,0,59.9,0.0,"[{""usdt"": 12156692.0, ""borsa"": 3, ""fiyat"": 63575.0, ""kaynak"": ""BNB+BYB+OKX""}, {""usdt"": 10795268.0, ""borsa"": 1, ""fiyat"": 63500.0, ""kaynak"": ""BNB""}, {""usdt"": 9607631.0, ""borsa"": 3, ""fiyat"": 63550.0, ""kaynak"": ""BNB+BYB+OKX""}]","[{""usdt"": 13750805.0, ""borsa"": 3, ""fiyat"": 63600.0, ""kaynak"": ""BNB+BYB+OKX""}, {""usdt"": 13684239.0, ""borsa"": 1, ""fiyat"": 63625.0, ""kaynak"": ""BNB""}, {""usdt"": 8216327.0, ""borsa"": 1, ""fiyat"": 63675.0, ""kaynak"": ""BNB""}]",YOK,0.06,-0.0188,0.4962,0.2137,false,0,false,,1,1,3,1,0,3,26.1,27.2,IZLE,,25,63592.5,,,,,SEVIYE,70,2323.6,233,,,,,,,,,0,,20,1212.0,20,,,
31616,2026-07-29 20:26:16.294001+00,63514.850000000006,305422.8137398003,5431438.649,11528278521.2952,0.00008649800000000001,44363214.94304,1651.5044000000003,42.8,BEKLE,true,1651.5044000000003,0.0,1.5504,61.807,54284492.75169,61.807,42.8,0.0,"[{""usdt"": 15539207.0, ""borsa"": 3, ""fiyat"": 63550.0, ""kaynak"": ""BNB+BYB+OKX""}, {""usdt"": 10723939.0, ""borsa"": 1, ""fiyat"": 63500.0, ""kaynak"": ""BNB""}, {""usdt"": 6222350.0, ""borsa"": 2, ""fiyat"": 63525.0, ""kaynak"": ""BNB+BYB""}]","[{""usdt"": 17462135.0, ""borsa"": 3, ""fiyat"": 63600.0, ""kaynak"": ""BNB+BYB+OKX""}, {""usdt"": 12250633.0, ""borsa"": 3, ""fiyat"": 63575.0, ""kaynak"": ""BNB+BYB+OKX""}, {""usdt"": 7525419.0, ""borsa"": 1, ""fiyat"": 63650.0, ""kaynak"": ""BNB""}]",YOK,0.0027,-0.1006,0.5328,0.7781,false,0,false,,1,1,3,0,1,3,24,25.1,IZLE,,25,63592.5,,,,,SEVIYE,70,2324.6,233,,,,,,,1785356760,1,0,,20,1213.1,20,,,
31617,2026-07-29 20:27:16.68206+00,63485.850000000006,296211.3547982011,5147290.563999999,11525396131.830898,0.00008649800000000001,43459417.79024,32838.1725,0.0,BEKLE,,32838.1725,0.0,1.5556,0,45364581.410800025,0,0.0,0.0,"[{""usdt"": 12963780.0, ""borsa"": 3, ""fiyat"": 63500.0, ""kaynak"": ""BNB+BYB+OKX""}, {""usdt"": 8667206.0, ""borsa"": 1, ""fiyat"": 63425.0, ""kaynak"": ""BNB""}, {""usdt"": 7974967.0, ""borsa"": 3, ""fiyat"": 63475.0, ""kaynak"": ""BNB+BYB+OKX""}]","[{""usdt"": 12226404.0, ""borsa"": 3, ""fiyat"": 63525.0, ""kaynak"": ""BNB+BYB+OKX""}, {""usdt"": 8188384.0, ""borsa"": 3, ""fiyat"": 63550.0, ""kaynak"": ""BNB+BYB+OKX""}, {""usdt"": 7303478.0, ""borsa"": 1, ""fiyat"": 63600.0, ""kaynak"": ""BNB""}]",YOK,0.0058,-0.0214,0.5255,1.3024,false,0.0999,false,,1,0,3,0,0,3,20.7,21.7,YOK,,0,63592.5,,,,,SEVIYE,70,2325.6,233,,,,,,,1785356760,2,0,,20,1214.1,20,,,
31618,2026-07-29 20:28:17.069604+00,63401.75,-425417.56894849753,4940271.291999999,11508203351.731499,0.00008649800000000001,43636397.98279001,175682.23640000002,0.0,BEKLE,,175555.44680000003,126.78960000000001,1.5556,60.346,46975892.54512996,0,0.0,0.0,"[{""usdt"": 14474780.0, ""borsa"": 3, ""fiyat"": 63400.0, ""kaynak"": ""BNB+BYB+OKX""}, {""usdt"": 9224609.0, ""borsa"": 1, ""fiyat"": 63325.0, ""kaynak"": ""BNB""}, {""usdt"": 8177394.0, ""borsa"": 1, ""fiyat"": 63350.0, ""kaynak"": ""BNB""}]","[{""usdt"": 10849756.0, ""borsa"": 3, ""fiyat"": 63425.0, ""kaynak"": ""BNB+BYB+OKX""}, {""usdt"": 9269300.0, ""borsa"": 1, ""fiyat"": 63500.0, ""kaynak"": ""BNB""}, {""usdt"": 7212745.0, ""borsa"": 3, ""fiyat"": 63450.0, ""kaynak"": ""BNB+BYB+OKX""}]",YOK,-0.1897,-0.0369,0.5628,1.5319,false,0.1494,false,,0,2,3,0,1,3,17.2,18.3,IZLE,,50,63363.4,,,,,SEVIYE+TASFIYE,45,13.4,2,,,,,,,1785356880,2,0,,20,1215.1,20,,,
31619,2026-07-29 20:29:18.591576+00,63500.75,107490.30518740421,4911672.447999999,11526811830.678,0.00008649800000000001,45724595.621459976,187223.30899999998,30.7,BEKLE,true,187096.4024,126.90660000000001,1.5556,0,48724703.119569995,0,30.7,0.0,"[{""usdt"": 11346597.0, ""borsa"": 3, ""fiyat"": 63475.0, ""kaynak"": ""BNB+BYB+OKX""}, {""usdt"": 9311934.0, ""borsa"": 3, ""fiyat"": 63450.0, ""kaynak"": ""BNB+BYB+OKX""}, {""usdt"": 7283223.0, ""borsa"": 1, ""fiyat"": 63375.0, ""kaynak"": ""BNB""}]","[{""usdt"": 23077827.0, ""borsa"": 3, ""fiyat"": 63500.0, ""kaynak"": ""BNB+BYB+OKX""}, {""usdt"": 7825606.0, ""borsa"": 1, ""fiyat"": 63575.0, ""kaynak"": ""BNB""}, {""usdt"": 6781637.0, ""borsa"": 1, ""fiyat"": 63550.0, ""kaynak"": ""BNB""}]",YOK,-0.0472,-0.0318,0.534,0.8328,false,0.1994,false,,0,0,3,1,1,3,14.7,15.8,YOK,,0,63592.5,,,,,SEVIYE+TASFIYE,70,2327.6,233,,,,,,,1785356880,2,0,,20,1216.1,20,,,
31620,2026-07-29 20:30:19.053551+00,63492.850000000006,107490.30518740421,4911672.447999999,11526811830.678,0.00008649800000000001,45383498.71394992,187223.30899999998,23.0,BEKLE,true,187096.4024,126.90660000000001,1.5556,0,46650967.090880014,60.43,23.0,0.0,"[{""usdt"": 13482958.0, ""borsa"": 3, ""fiyat"": 63475.0, ""kaynak"": ""BNB+BYB+OKX""}, {""usdt"": 9798276.0, ""borsa"": 1, ""fiyat"": 63400.0, ""kaynak"": ""BNB""}, {""usdt"": 7271660.0, ""borsa"": 1, ""fiyat"": 63450.0, ""kaynak"": ""BNB""}]","[{""usdt"": 11574484.0, ""borsa"": 3, ""fiyat"": 63500.0, ""kaynak"": ""BNB+BYB+OKX""}, {""usdt"": 10458681.0, ""borsa"": 3, ""fiyat"": 63525.0, ""kaynak"": ""BNB+BYB+OKX""}, {""usdt"": 9602180.0, ""borsa"": 1, ""fiyat"": 63575.0, ""kaynak"": ""BNB""}]",YOK,-0.0064,-0.0138,0.4125,3.7307,false,0.1966,false,,0,0,3,1,0,3,10.8,11.9,YOK,,0,63592.5,,,,,SEVIYE+TASFIYE,70,2328.7,233,,,,,,,1785356880,2,1,,20,1217.1,20,,,
31621,2026-07-29 20:31:19.97208+00,63501.55,-87414.50931479697,-698405.2950000002,11526653665.3642,0.00008649800000000001,48042858.832990065,187223.30899999998,63.6,BEKLE,,187096.4024,126.90660000000001,1.5556,60.516,42339492.01230001,120.946,63.6,0.0,"[{""usdt"": 13876702.0, ""borsa"": 3, ""fiyat"": 63475.0, ""kaynak"": ""BNB+BYB+OKX""}, {""usdt"": 11033255.0, ""borsa"": 1, ""fiyat"": 63400.0, ""kaynak"": ""BNB""}, {""usdt"": 7917082.0, ""borsa"": 1, ""fiyat"": 63425.0, ""kaynak"": ""BNB""}]","[{""usdt"": 11112605.0, ""borsa"": 3, ""fiyat"": 63525.0, ""kaynak"": ""BNB+BYB+OKX""}, {""usdt"": 8750627.0, ""borsa"": 1, ""fiyat"": 63575.0, ""kaynak"": ""BNB""}, {""usdt"": 6149534.0, ""borsa"": 1, ""fiyat"": 63600.0, ""kaynak"": ""BNB""}]",YOK,0.0364,0.0631,0.0469,0.1052,false,1.8486,false,,0,0,3,1,1,3,7,8.1,YOK,,0,63592.5,,,,,SEVIYE,70,2329.7,233,,,,,,,1785356880,2,1,,20,1218.1,20,,,
31622,2026-07-29 20:32:21.188293+00,63539.350000000006,269953.3487247032,-642363.18,11527429738.7258,0.00008649800000000001,46348445.341089964,154385.1365,69.2,BEKLE,true,154258.2299,126.90660000000001,1.5556,61.489,46083220.813450016,122.005,69.2,0.0,"[{""usdt"": 13135216.0, ""borsa"": 3, ""fiyat"": 63525.0, ""kaynak"": ""BNB+BYB+OKX""}, {""usdt"": 8603288.0, ""borsa"": 1, ""fiyat"": 63425.0, ""kaynak"": ""BNB""}, {""usdt"": 8337818.0, ""borsa"": 3, ""fiyat"": 63500.0, ""kaynak"": ""BNB+BYB+OKX""}]","[{""usdt"": 13839382.0, ""borsa"": 3, ""fiyat"": 63550.0, ""kaynak"": ""BNB+BYB+OKX""}, {""usdt"": 8016183.0, ""borsa"": 1, ""fiyat"": 63650.0, ""kaynak"": ""BNB""}, {""usdt"": 7726942.0, ""borsa"": 1, ""fiyat"": 63625.0, ""kaynak"": ""BNB""}]",YOK,0.0287,0.0029,0.0035,0.4689,false,0.8867,false,,0,0,3,1,0,3,4.6,5.7,IZLE,,25,63592.5,,,,,SEVIYE,70,2330.7,233,,,,,,,1785356880,2,0,,20,1219.1,20,,,
31623,2026-07-29 20:33:21.561277+00,63518.649999999994,401939.5480336023,-851378.7190000002,11529509650.9416,0.00008649800000000001,49061219.33748999,135673.25699999998,82.8,BEKLE,false,135546.3504,126.90660000000001,1.553,122.081,45265939.841549985,60.592,82.8,0.0,"[{""usdt"": 9882156.0, ""borsa"": 3, ""fiyat"": 63525.0, ""kaynak"": ""BNB+BYB+OKX""}, {""usdt"": 9154346.0, ""borsa"": 1, ""fiyat"": 63450.0, ""kaynak"": ""BNB""}, {""usdt"": 8204503.0, ""borsa"": 1, ""fiyat"": 63400.0, ""kaynak"": ""BNB""}]","[{""usdt"": 12881161.0, ""borsa"": 3, ""fiyat"": 63550.0, ""kaynak"": ""BNB+BYB+OKX""}, {""usdt"": 8035989.0, ""borsa"": 1, ""fiyat"": 63575.0, ""kaynak"": ""BNB""}, {""usdt"": 7945700.0, ""borsa"": 3, ""fiyat"": 63525.0, ""kaynak"": ""BNB+BYB+OKX""}]",YOK,0.0346,0.0402,0.0989,0.9273,false,,true,0,0,0,3,1,0,3,1.3,63.7,IZLE,,25,63592.5,,,,,SEVIYE,70,2331.7,233,,,,,,,1785356880,2,0,,20,1220.1,20,,,
31624,2026-07-29 20:34:22.006058+00,63544.75,66926.17102939947,-1387392.483,11526557359.529999,0.00008649800000000001,45780032.62411999,0.0,74.7,BEKLE,false,0.0,0.0,1.553,182.424,51862660.813129984,120.935,74.7,0.0,"[{""usdt"": 12102138.0, ""borsa"": 3, ""fiyat"": 63500.0, ""kaynak"": ""BNB+BYB+OKX""}, {""usdt"": 9154346.0, ""borsa"": 1, ""fiyat"": 63450.0, ""kaynak"": ""BNB""}, {""usdt"": 8296132.0, ""borsa"": 3, ""fiyat"": 63475.0, ""kaynak"": ""BNB+BYB+OKX""}]","[{""usdt"": 16693692.0, ""borsa"": 3, ""fiyat"": 63525.0, ""kaynak"": ""BNB+BYB+OKX""}, {""usdt"": 8035989.0, ""borsa"": 1, ""fiyat"": 63575.0, ""kaynak"": ""BNB""}, {""usdt"": 7857497.0, ""borsa"": 3, ""fiyat"": 63550.0, ""kaynak"": ""BNB+BYB+OKX""}]",YOK,0.0346,-0.0623,0.0049,0.3538,false,,true,0,0,0,3,0,1,3,61.7,62.8,IZLE,,25,63592.5,,,,,SEVIYE,70,2332.7,233,,,,,,,,,0,,20,1221.2,20,,,
31625,2026-07-29 20:35:22.349281+00,63613.05,579639.5265782013,-358666.257,11534265905.2001,0.00008649800000000001,42012359.738709964,0.0,68.3,BEKLE,false,0.0,0.0,1.553,120.812,44360122.14259002,181.404,68.3,0.0,"[{""usdt"": 12743791.0, ""borsa"": 3, ""fiyat"": 63525.0, ""kaynak"": ""BNB+BYB+OKX""}, {""usdt"": 8957249.0, ""borsa"": 1, ""fiyat"": 63425.0, ""kaynak"": ""BNB""}, {""usdt"": 6635116.0, ""borsa"": 2, ""fiyat"": 63500.0, ""kaynak"": ""BNB+BYB""}]","[{""usdt"": 10782565.0, ""borsa"": 3, ""fiyat"": 63550.0, ""kaynak"": ""BNB+BYB+OKX""}, {""usdt"": 8956008.0, ""borsa"": 2, ""fiyat"": 63575.0, ""kaynak"": ""BNB+BYB""}, {""usdt"": 8929682.0, ""borsa"": 1, ""fiyat"": 63650.0, ""kaynak"": ""BNB""}]",YOK,0.0583,-0.0272,0.0654,1.1284,false,9.8476,true,0,1,0,3,1,1,3,58.3,59.4,IZLE,,25,63653.4,,,,,SEVIYE,70,1482.5,149,,,,,,,,,0,,19,841.7,19,,,
31626,2026-07-29 20:36:22.85578+00,63593.55,-107757.93877360117,-347135.097,11543208833.8446,0.00008649800000000001,38472954.98357,26335.823399999997,23.2,BEKLE,,0.0,26335.823399999997,1.553,0,40707830.39508999,0,0.0,23.2,"[{""usdt"": 10997708.0, ""borsa"": 3, ""fiyat"": 63575.0, ""kaynak"": ""BNB+BYB+OKX""}, {""usdt"": 7179467.0, ""borsa"": 1, ""fiyat"": 63525.0, ""kaynak"": ""BNB""}, {""usdt"": 5708054.0, ""borsa"": 1, ""fiyat"": 63550.0, ""kaynak"": ""BNB""}]","[{""usdt"": 8715666.0, ""borsa"": 3, ""fiyat"": 63625.0, ""kaynak"": ""BNB+BYB+OKX""}, {""usdt"": 7907181.0, ""borsa"": 1, ""fiyat"": 63725.0, ""kaynak"": ""BNB""}, {""usdt"": 7881616.0, ""borsa"": 1, ""fiyat"": 63700.0, ""kaynak"": ""BNB""}]",YOK,0.1002,-0.0282,,,false,,true,0,2,0,3,0,0,3,54.7,55.8,IZLE,,25,63551.6,,,,,SEVIYE,90,2334.7,234,,,,,,,1785357300,1,0,,19,842.7,19,,,
31627,2026-07-29 20:37:23.464256+00,63567.850000000006,-292117.42921610107,-137607.607,11531394269.3386,0.00008649800000000001,47245198.574269995,26334.747,17.5,BEKLE,true,0.0,26334.747,1.5569,0,41174429.45555002,60.672,0.0,17.5,"[{""usdt"": 13775000.0, ""borsa"": 3, ""fiyat"": 63575.0, ""kaynak"": ""BNB+BYB+OKX""}, {""usdt"": 10310839.0, ""borsa"": 3, ""fiyat"": 63550.0, ""kaynak"": ""BNB+BYB+OKX""}, {""usdt"": 6505529.0, ""borsa"": 1, ""fiyat"": 63525.0, ""kaynak"": ""BNB""}]","[{""usdt"": 11007378.0, ""borsa"": 3, ""fiyat"": 63600.0, ""kaynak"": ""BNB+BYB+OKX""}, {""usdt"": 8983827.0, ""borsa"": 1, ""fiyat"": 63625.0, ""kaynak"": ""BNB""}, {""usdt"": 7082213.0, ""borsa"": 1, ""fiyat"": 63675.0, ""kaynak"": ""BNB""}]",SPOT,0.1785,0.0687,0.4653,1.5971,false,,true,0,3,0,3,1,0,3,51.5,52.6,IZLE,,25,63551.6,,,,,SEVIYE,90,2335.7,234,,,,,,,1785357300,1,0,,19,843.7,19,,,
31628,2026-07-29 20:38:23.895034+00,63614.95,280984.39286849933,-88141.05499999995,11539979793.9285,0.00008649800000000001,44983267.67664997,26334.747,19.9,BEKLE,true,0.0,26334.747,1.5569,60.465,45200215.6795001,60.465,0.0,19.9,"[{""usdt"": 13641106.0, ""borsa"": 3, ""fiyat"": 63575.0, ""kaynak"": ""BNB+BYB+OKX""}, {""usdt"": 8962306.0, ""borsa"": 3, ""fiyat"": 63550.0, ""kaynak"": ""BNB+BYB+OKX""}, {""usdt"": 7823974.0, ""borsa"": 1, ""fiyat"": 63525.0, ""kaynak"": ""BNB""}]","[{""usdt"": 13634725.0, ""borsa"": 3, ""fiyat"": 63600.0, ""kaynak"": ""BNB+BYB+OKX""}, {""usdt"": 9280874.0, ""borsa"": 1, ""fiyat"": 63625.0, ""kaynak"": ""BNB""}, {""usdt"": 8707933.0, ""borsa"": 1, ""fiyat"": 63700.0, ""kaynak"": ""BNB""}]",YOK,0.097,-0.0024,0.1102,5.9411,false,,true,0,0,0,3,1,0,3,48,49.1,IZLE,,25,63653.4,,,,,SEVIYE,70,1485.5,149,,,,,,,1785357300,1,1,,19,844.7,19,,,
31629,2026-07-29 20:39:24.192145+00,63674.95,581272.9975099989,-40964.27599999995,11545750206.2192,0.00008649800000000001,49277648.72497997,26334.747,0.0,BEKLE,,0.0,26334.747,1.5569,0,51837506.009969994,0,0.0,0.0,"[{""usdt"": 21042889.0, ""borsa"": 3, ""fiyat"": 63625.0, ""kaynak"": ""BNB+BYB+OKX""}, {""usdt"": 8843435.0, ""borsa"": 1, ""fiyat"": 63550.0, ""kaynak"": ""BNB""}, {""usdt"": 6120503.0, ""borsa"": 1, ""fiyat"": 63525.0, ""kaynak"": ""BNB""}]","[{""usdt"": 13225075.0, ""borsa"": 3, ""fiyat"": 63675.0, ""kaynak"": ""BNB+BYB+OKX""}, {""usdt"": 10349912.0, ""borsa"": 3, ""fiyat"": 63650.0, ""kaynak"": ""BNB+BYB+OKX""}, {""usdt"": 9323704.0, ""borsa"": 1, ""fiyat"": 63725.0, ""kaynak"": ""BNB""}]",SPOT,0.153,-0.0253,0.2299,3.9392,false,,true,0,2,0,3,0,1,3,44.6,45.7,IZLE,,25,63653.4,,,,,SEVIYE,70,1486.5,149,,,,,,,1785357300,1,2,,19,845.7,19,,,
31630,2026-07-29 20:40:24.649875+00,63667.850000000006,1535536.9043841977,191228.085,11552982727.8732,0.00008649800000000001,53432609.94048995,30218.3099,18.2,BEKLE,true,0.0,30218.3099,1.5569,60.349,47592877.57465005,0,0.0,18.2,"[{""usdt"": 20864382.0, ""borsa"": 3, ""fiyat"": 63650.0, ""kaynak"": ""BNB+BYB+OKX""}, {""usdt"": 11708567.0, ""borsa"": 2, ""fiyat"": 63625.0, ""kaynak"": ""BNB+BYB""}, {""usdt"": 7686306.0, ""borsa"": 1, ""fiyat"": 63575.0, ""kaynak"": ""BNB""}]","[{""usdt"": 11043360.0, ""borsa"": 3, ""fiyat"": 63700.0, ""kaynak"": ""BNB+BYB+OKX""}, {""usdt"": 9964788.0, ""borsa"": 1, ""fiyat"": 63750.0, ""kaynak"": ""BNB""}, {""usdt"": 8439061.0, ""borsa"": 3, ""fiyat"": 63675.0, ""kaynak"": ""BNB+BYB+OKX""}]",SPOT,0.1763,0.0578,0.576,2.2327,false,,true,0.1855,2,0,3,1,0,3,41.1,42.2,IZLE,,25,63653.4,,,,,SEVIYE,70,1487.5,149,,,,,,,1785357540,1,0,,19,846.7,19,,,
31631,2026-07-29 20:41:25.285147+00,63641.45,3066326.1270992956,1419775.351,11553910661.4692,0.00008649800000000001,54534125.24138999,3883.5194,36.0,BEKLE,true,0.0,3883.5194,1.5569,120.854,54762694.82748004,60.505,0.0,36.0,"[{""usdt"": 18266766.0, ""borsa"": 3, ""fiyat"": 63675.0, ""kaynak"": ""BNB+BYB+OKX""}, {""usdt"": 14902662.0, ""borsa"": 1, ""fiyat"": 63625.0, ""kaynak"": ""BNB""}, {""usdt"": 6924312.0, ""borsa"": 1, ""fiyat"": 63600.0, ""kaynak"": ""BNB""}]","[{""usdt"": 17370234.0, ""borsa"": 3, ""fiyat"": 63700.0, ""kaynak"": ""BNB+BYB+OKX""}, {""usdt"": 13478845.0, ""borsa"": 3, ""fiyat"": 63725.0, ""kaynak"": ""BNB+BYB+OKX""}, {""usdt"": 9497823.0, ""borsa"": 1, ""fiyat"": 63775.0, ""kaynak"": ""BNB""}]",YOK,0.1404,-0.0021,0.584,0.5961,false,,true,0.4392,1,0,3,0,0,3,37.7,38.8,IZLE,,25,63653.4,,,,,SEVIYE,70,1488.6,149,,,,,,,1785357540,1,0,,19,847.7,19,,,
31632,2026-07-29 20:42:25.738228+00,63618.350000000006,3053746.131209595,1280230.5070000002,11539922114.0261,0.00008649800000000001,53446000.31820001,4456.7096,27.0,BEKLE,true,0.0,4456.7096,1.5595,181.531,43147847.65121002,0,0.0,27.0,"[{""usdt"": 16163216.0, ""borsa"": 3, ""fiyat"": 63625.0, ""kaynak"": ""BNB+BYB+OKX""}, {""usdt"": 10060731.0, ""borsa"": 2, ""fiyat"": 63600.0, ""kaynak"": ""BNB+BYB""}, {""usdt"": 8119679.0, ""borsa"": 1, ""fiyat"": 63525.0, ""kaynak"": ""BNB""}]","[{""usdt"": 13939132.0, ""borsa"": 3, ""fiyat"": 63650.0, ""kaynak"": ""BNB+BYB+OKX""}, {""usdt"": 9709051.0, ""borsa"": 1, ""fiyat"": 63725.0, ""kaynak"": ""BNB""}, {""usdt"": 7423618.0, ""borsa"": 2, ""fiyat"": 63675.0, ""kaynak"": ""BNB+OKX""}]",YOK,0.091,0.1066,0.6484,0.6622,false,,true,0.418,1,0,3,0,0,3,34.5,35.6,IZLE,,25,63653.4,,,,,SEVIYE,70,1489.6,149,,,,,,,1785357600,2,0,,19,848.7,19,,,
31633,2026-07-29 20:43:26.138329+00,63587.350000000006,3035476.3281390984,1268824.1590000002,11536510400.609001,0.00008649800000000001,46634885.01953995,4456.7096,31.4,BEKLE,true,0.0,4456.7096,1.5595,60.353,42335958.87400004,60.353,0.0,31.4,"[{""usdt"": 10265112.0, ""borsa"": 3, ""fiyat"": 63575.0, ""kaynak"": ""BNB+BYB+OKX""}, {""usdt"": 9832379.0, ""borsa"": 3, ""fiyat"": 63600.0, ""kaynak"": ""BNB+BYB+OKX""}, {""usdt"": 8479538.0, ""borsa"": 1, ""fiyat"": 63525.0, ""kaynak"": ""BNB""}]","[{""usdt"": 14527484.0, ""borsa"": 3, ""fiyat"": 63625.0, ""kaynak"": ""BNB+BYB+OKX""}, {""usdt"": 8514069.0, ""borsa"": 1, ""fiyat"": 63700.0, ""kaynak"": ""BNB""}, {""usdt"": 7150575.0, ""borsa"": 1, ""fiyat"": 63675.0, ""kaynak"": ""BNB""}]",YOK,0.0793,0.0483,0.6134,0.4155,false,,true,0.2284,1,0,3,0,0,3,31,32.1,IZLE,,25,63551.6,,,,,SEVIYE,90,2341.8,234,,,,,,,1785357600,2,1,,19,849.7,19,,,
31634,2026-07-29 20:44:26.495479+00,63600.95,4064447.6286803978,1392093.256,11542457756.907,0.00008649800000000001,42218930.90785001,764.1918000000001,44.1,BEKLE,true,0.0,764.1918000000001,1.5595,60.406,52008100.041,0,0.0,44.1,"[{""usdt"": 12466018.0, ""borsa"": 3, ""fiyat"": 63625.0, ""kaynak"": ""BNB+BYB+OKX""}, {""usdt"": 9131773.0, ""borsa"": 1, ""fiyat"": 63550.0, ""kaynak"": ""BNB""}, {""usdt"": 8785925.0, ""borsa"": 3, ""fiyat"": 63600.0, ""kaynak"": ""BNB+BYB+OKX""}]","[{""usdt"": 16383915.0, ""borsa"": 3, ""fiyat"": 63650.0, ""kaynak"": ""BNB+BYB+OKX""}, {""usdt"": 8821547.0, ""borsa"": 1, ""fiyat"": 63725.0, ""kaynak"": ""BNB""}, {""usdt"": 8030055.0, ""borsa"": 1, ""fiyat"": 63700.0, ""kaynak"": ""BNB""}]",YOK,0.0027,-0.1039,0.6551,0.9401,false,,true,0.2869,0,0,3,0,1,3,27.6,28.6,IZLE,,25,63551.6,,,,,SEVIYE,90,2342.8,234,,,,,,,1785357600,2,0,,19,850.7,19,,,
31635,2026-07-29 20:45:26.90761+00,63544.649999999994,3626744.2600000943,1067188.9860000003,11531961705.176498,0.00008649800000000001,43160711.01444003,573.1902,29.9,BEKLE,,0.0,573.1902,1.5595,0,44324214.47709003,0,0.0,29.9,"[{""usdt"": 14146742.0, ""borsa"": 3, ""fiyat"": 63550.0, ""kaynak"": ""BNB+BYB+OKX""}, {""usdt"": 7292093.0, ""borsa"": 3, ""fiyat"": 63525.0, ""kaynak"": ""BNB+BYB+OKX""}, {""usdt"": 6840258.0, ""borsa"": 1, ""fiyat"": 63500.0, ""kaynak"": ""BNB""}]","[{""usdt"": 8850991.0, ""borsa"": 3, ""fiyat"": 63575.0, ""kaynak"": ""BNB+BYB+OKX""}, {""usdt"": 7264276.0, ""borsa"": 1, ""fiyat"": 63625.0, ""kaynak"": ""BNB""}, {""usdt"": 7091634.0, ""borsa"": 2, ""fiyat"": 63600.0, ""kaynak"": ""BNB+OKX""}]",YOK,-0.0189,-0.0133,0.6481,2.4991,false,,false,0.8801,1,1,3,1,0,3,24,25,IZLE,,25,63539.3,,,,,SEVIYE,65,2343.8,235,,,,,,,1785357600,1,0,,20,1492.6,20,,,
31636,2026-07-29 20:46:27.313797+00,63555.149999999994,3048683.5363499955,636561.984,11533731293.682999,0.00008649800000000001,47109098.419580005,0.0,23.9,BEKLE,false,0.0,0.0,1.5595,60.37,42848221.51804001,60.37,23.9,0.0,"[{""usdt"": 15134148.0, ""borsa"": 3, ""fiyat"": 63550.0, ""kaynak"": ""BNB+BYB+OKX""}, {""usdt"": 8203604.0, ""borsa"": 3, ""fiyat"": 63525.0, ""kaynak"": ""BNB+BYB+OKX""}, {""usdt"": 8183034.0, ""borsa"": 1, ""fiyat"": 63475.0, ""kaynak"": ""BNB""}]","[{""usdt"": 11817953.0, ""borsa"": 3, ""fiyat"": 63575.0, ""kaynak"": ""BNB+BYB+OKX""}, {""usdt"": 10115762.0, ""borsa"": 1, ""fiyat"": 63650.0, ""kaynak"": ""BNB""}, {""usdt"": 8519071.0, ""borsa"": 3, ""fiyat"": 63600.0, ""kaynak"": ""BNB+BYB+OKX""}]",YOK,0.0536,0.0474,0.0171,5.4714,false,,false,0.8916,1,0,3,0,0,3,20.2,21.3,IZLE,,25,63539.3,,,,,SEVIYE,65,2344.8,235,,,,,,,,,0,,20,1493.6,20,,,
31637,2026-07-29 20:47:27.929897+00,63539.75,3718198.921255196,767167.114,11532197797.575798,0.00008649800000000001,48597619.78861002,0.0,15.4,BEKLE,false,0.0,0.0,1.5595,60.695,42227247.600170024,60.695,15.4,0.0,"[{""usdt"": 17268593.0, ""borsa"": 3, ""fiyat"": 63500.0, ""kaynak"": ""BNB+BYB+OKX""}, {""usdt"": 8705332.0, ""borsa"": 3, ""fiyat"": 63525.0, ""kaynak"": ""BNB+BYB+OKX""}, {""usdt"": 7782707.0, ""borsa"": 1, ""fiyat"": 63425.0, ""kaynak"": ""BNB""}]","[{""usdt"": 12591636.0, ""borsa"": 3, ""fiyat"": 63550.0, ""kaynak"": ""BNB+BYB+OKX""}, {""usdt"": 7236851.0, ""borsa"": 1, ""fiyat"": 63600.0, ""kaynak"": ""BNB""}, {""usdt"": 6284707.0, ""borsa"": 1, ""fiyat"": 63625.0, ""kaynak"": ""BNB""}]",YOK,-0.0413,0.0701,0.4998,3.8725,false,,false,0.3943,0,1,3,0,1,3,16.7,17.7,IZLE,,25,63539.3,,,,,SEVIYE,65,2345.8,235,,,,,,,,,0,,20,1494.6,20,,,
31638,2026-07-29 20:48:28.31083+00,63557.850000000006,3693146.5454730964,681651.876,11530847074.403202,0.00008649800000000001,48773342.22080999,0.0,19.1,BEKLE,,0.0,0.0,1.5621,60.323,43620998.47351,0,19.1,0.0,"[{""usdt"": 14130184.0, ""borsa"": 1, ""fiyat"": 63500.0, ""kaynak"": ""BNB""}, {""usdt"": 13583882.0, ""borsa"": 3, ""fiyat"": 63525.0, ""kaynak"": ""BNB+BYB+OKX""}, {""usdt"": 7862793.0, ""borsa"": 1, ""fiyat"": 63450.0, ""kaynak"": ""BNB""}]","[{""usdt"": 12195527.0, ""borsa"": 3, ""fiyat"": 63575.0, ""kaynak"": ""BNB+BYB+OKX""}, {""usdt"": 7149272.0, ""borsa"": 1, ""fiyat"": 63625.0, ""kaynak"": ""BNB""}, {""usdt"": 7085921.0, ""borsa"": 1, ""fiyat"": 63650.0, ""kaynak"": ""BNB""}]",YOK,-0.0155,0.0558,0.4636,1.3626,false,,false,0.5463,0,0,3,0,0,3,13.1,14.2,IZLE,,25,63539.3,,,,,SEVIYE,65,2346.8,235,,,,,,,,,0,,20,1495.6,20,,,
31639,2026-07-29 20:49:28.660262+00,63497.45,3812913.3766503953,417224.46200000006,11527471124.168999,0.00008649800000000001,50833324.56263998,63.516,28.5,BEKLE,false,63.516,0.0,1.5621,120.691,40446529.782029994,0,28.5,0.0,"[{""usdt"": 18428959.0, ""borsa"": 3, ""fiyat"": 63500.0, ""kaynak"": ""BNB+BYB+OKX""}, {""usdt"": 9727715.0, ""borsa"": 1, ""fiyat"": 63400.0, ""kaynak"": ""BNB""}, {""usdt"": 9443135.0, ""borsa"": 3, ""fiyat"": 63475.0, ""kaynak"": ""BNB+BYB+OKX""}]","[{""usdt"": 14601707.0, ""borsa"": 3, ""fiyat"": 63525.0, ""kaynak"": ""BNB+BYB+OKX""}, {""usdt"": 7025639.0, ""borsa"": 1, ""fiyat"": 63575.0, ""kaynak"": ""BNB""}, {""usdt"": 6953289.0, ""borsa"": 2, ""fiyat"": 63550.0, ""kaynak"": ""BNB+BYB""}]",YOK,-0.0741,0.1138,0.166,4.4758,false,,true,0.2185,0,1,3,0,0,3,9.7,10.7,IZLE,,25,63539.3,,,,,SEVIYE,65,2347.8,235,,,,,,,1785358080,1,0,,20,1496.6,20,,,
31640,2026-07-29 20:50:29.441132+00,63492.75,4166492.674644793,761000.449,11524668889.496998,0.00008649800000000001,46902969.96699,63.4917,17.0,BEKLE,false,63.4917,0.0,1.5621,181.009,45684342.59392,60.318,17.0,0.0,"[{""usdt"": 13340831.0, ""borsa"": 3, ""fiyat"": 63475.0, ""kaynak"": ""BNB+BYB+OKX""}, {""usdt"": 9078819.0, ""borsa"": 2, ""fiyat"": 63450.0, ""kaynak"": ""BNB+BYB""}, {""usdt"": 8496495.0, ""borsa"": 1, ""fiyat"": 63400.0, ""kaynak"": ""BNB""}]","[{""usdt"": 13259600.0, ""borsa"": 3, ""fiyat"": 63500.0, ""kaynak"": ""BNB+BYB+OKX""}, {""usdt"": 10022767.0, ""borsa"": 3, ""fiyat"": 63525.0, ""kaynak"": ""BNB+BYB+OKX""}, {""usdt"": 8047450.0, ""borsa"": 1, ""fiyat"": 63575.0, ""kaynak"": ""BNB""}]",YOK,-0.1009,0.0132,0.5763,3.6338,false,,true,0.3275,0,1,3,0,1,3,5.8,6.9,IZLE,,25,63539.3,,,,,SEVIYE,65,2348.8,235,,,,,,,1785358080,1,0,,20,1497.6,20,,,
31641,2026-07-29 20:51:32.489221+00,63509.850000000006,2658003.007399395,191110.742,11526808311.5652,0.00008649800000000001,47981033.11649999,63.4917,31.0,BEKLE,false,63.4917,0.0,1.5634,242.217,47675909.026899986,121.526,31.0,0.0,"[{""usdt"": 12504527.0, ""borsa"": 3, ""fiyat"": 63500.0, ""kaynak"": ""BNB+BYB+OKX""}, {""usdt"": 12166178.0, ""borsa"": 3, ""fiyat"": 63475.0, ""kaynak"": ""BNB+BYB+OKX""}, {""usdt"": 10502725.0, ""borsa"": 1, ""fiyat"": 63400.0, ""kaynak"": ""BNB""}]","[{""usdt"": 14929891.0, ""borsa"": 3, ""fiyat"": 63525.0, ""kaynak"": ""BNB+BYB+OKX""}, {""usdt"": 8743856.0, ""borsa"": 1, ""fiyat"": 63575.0, ""kaynak"": ""BNB""}, {""usdt"": 6920753.0, ""borsa"": 1, ""fiyat"": 63625.0, ""kaynak"": ""BNB""}]",YOK,-0.0721,0.0032,0.4036,3.0682,false,,true,0.1804,0,1,3,0,1,3,3.2,4.3,IZLE,,25,63539.3,,,,,SEVIYE,65,2349.9,235,,,,,,,1785358080,1,1,,20,1498.7,20,,,
31642,2026-07-29 20:52:37.609979+00,63497.55,3075049.1538989944,352669.83499999996,11529787198.861702,0.00008649800000000001,44398249.28936998,63.4917,29.1,BEKLE,false,63.4917,0.0,1.5634,188.801,45712398.45927,67.275,29.1,0.0,"[{""usdt"": 15181588.0, ""borsa"": 3, ""fiyat"": 63475.0, ""kaynak"": ""BNB+BYB+OKX""}, {""usdt"": 8706315.0, ""borsa"": 1, ""fiyat"": 63400.0, ""kaynak"": ""BNB""}, {""usdt"": 8554995.0, ""borsa"": 1, ""fiyat"": 63425.0, ""kaynak"": ""BNB""}]","[{""usdt"": 11662343.0, ""borsa"": 3, ""fiyat"": 63525.0, ""kaynak"": ""BNB+BYB+OKX""}, {""usdt"": 9291646.0, ""borsa"": 3, ""fiyat"": 63500.0, ""kaynak"": ""BNB+BYB+OKX""}, {""usdt"": 7739631.0, ""borsa"": 1, ""fiyat"": 63600.0, ""kaynak"": ""BNB""}]",YOK,-0.001,-0.0146,0.5449,2.3446,false,,true,0.1838,1,0,3,0,0,3,6.6,7.6,IZLE,,25,63539.3,,,,,SEVIYE,65,2351.0,235,,,,,,,1785358080,1,2,,20,1499.8,20,,,
31643,2026-07-29 20:53:37.918842+00,63543.55,3218462.9906595955,593465.573,11532804735.760601,0.00008649800000000001,43937540.940899976,63.4917,13.3,BEKLE,false,63.4917,0.0,1.5634,0,46947535.79897006,0,13.3,0.0,"[{""usdt"": 14081103.0, ""borsa"": 3, ""fiyat"": 63525.0, ""kaynak"": ""BNB+BYB+OKX""}, {""usdt"": 7880509.0, ""borsa"": 1, ""fiyat"": 63450.0, ""kaynak"": ""BNB""}, {""usdt"": 7837151.0, ""borsa"": 1, ""fiyat"": 63475.0, ""kaynak"": ""BNB""}]","[{""usdt"": 13498577.0, ""borsa"": 3, ""fiyat"": 63550.0, ""kaynak"": ""BNB+BYB+OKX""}, {""usdt"": 12063574.0, ""borsa"": 3, ""fiyat"": 63575.0, ""kaynak"": ""BNB+BYB+OKX""}, {""usdt"": 7772628.0, ""borsa"": 1, ""fiyat"": 63625.0, ""kaynak"": ""BNB""}]",YOK,-0.0168,-0.0331,,,false,,true,0.1745,0,0,3,0,0,3,3.2,4.3,IZLE,,25,63539.3,,,,,SEVIYE,65,2352.0,235,,,,,,,1785358080,1,3,,20,1500.8,20,,,
31644,2026-07-29 20:54:38.226318+00,63530.149999999994,3257026.908440997,741235.725,11531061164.2118,0.00008649800000000001,44021888.25239997,0.0,24.6,BEKLE,true,0.0,0.0,1.5634,0,48220838.11666999,60.32,0.0,24.6,"[{""usdt"": 13021584.0, ""borsa"": 3, ""fiyat"": 63525.0, ""kaynak"": ""BNB+BYB+OKX""}, {""usdt"": 8159939.0, ""borsa"": 1, ""fiyat"": 63450.0, ""kaynak"": ""BNB""}, {""usdt"": 7402251.0, ""borsa"": 1, ""fiyat"": 63425.0, ""kaynak"": ""BNB""}]","[{""usdt"": 20906153.0, ""borsa"": 3, ""fiyat"": 63550.0, ""kaynak"": ""BNB+BYB+OKX""}, {""usdt"": 8119423.0, ""borsa"": 3, ""fiyat"": 63575.0, ""kaynak"": ""BNB+BYB+OKX""}, {""usdt"": 7186538.0, ""borsa"": 1, ""fiyat"": 63625.0, ""kaynak"": ""BNB""}]",YOK,-0.0168,-0.0455,0.5697,2.1991,false,,false,0.1068,0,0,3,0,0,3,63.5,62.1,IZLE,,25,63539.3,,,,,SEVIYE,65,2353.0,235,,,,,,,,,0,,20,1501.8,20,,,
31645,2026-07-29 20:55:38.94076+00,63538.75,2662239.4467168995,691645.0640000001,11535743727.0905,0.00008649800000000001,42908240.03813998,0.0,15.7,BEKLE,,0.0,0.0,1.5634,60.371,46451622.18834999,120.691,15.7,0.0,"[{""usdt"": 11815266.0, ""borsa"": 3, ""fiyat"": 63500.0, ""kaynak"": ""BNB+BYB+OKX""}, {""usdt"": 8159939.0, ""borsa"": 1, ""fiyat"": 63450.0, ""kaynak"": ""BNB""}, {""usdt"": 7402251.0, ""borsa"": 1, ""fiyat"": 63425.0, ""kaynak"": ""BNB""}]","[{""usdt"": 15663223.0, ""borsa"": 3, ""fiyat"": 63550.0, ""kaynak"": ""BNB+BYB+OKX""}, {""usdt"": 7639601.0, ""borsa"": 1, ""fiyat"": 63575.0, ""kaynak"": ""BNB""}, {""usdt"": 7186538.0, ""borsa"": 1, ""fiyat"": 63625.0, ""kaynak"": ""BNB""}]",YOK,0.0037,-0.0397,0.9419,1.8766,false,,false,0,0,0,3,0,0,3,60,61.1,IZLE,,25,63548.3,,,,,SEVIYE,85,2354.0,236,,,,,,,,,0,,18,1242.4,18,,,
31646,2026-07-29 20:56:39.397838+00,63484.25,2577307.2513936,642979.6980000001,11526518484.0265,0.00008649800000000001,47144795.32115995,0.0,27.0,BEKLE,true,0.0,0.0,1.5634,121.12,43607766.88124,181.44,0.0,27.0,"[{""usdt"": 14712051.0, ""borsa"": 3, ""fiyat"": 63500.0, ""kaynak"": ""BNB+BYB+OKX""}, {""usdt"": 8995487.0, ""borsa"": 1, ""fiyat"": 63450.0, ""kaynak"": ""BNB""}, {""usdt"": 8970987.0, ""borsa"": 1, ""fiyat"": 63425.0, ""kaynak"": ""BNB""}]","[{""usdt"": 11188437.0, ""borsa"": 3, ""fiyat"": 63550.0, ""kaynak"": ""BNB+BYB+OKX""}, {""usdt"": 8428107.0, ""borsa"": 1, ""fiyat"": 63600.0, ""kaynak"": ""BNB""}, {""usdt"": 6835193.0, ""borsa"": 3, ""fiyat"": 63525.0, ""kaynak"": ""BNB+BYB+OKX""}]",YOK,-0.0362,0.039,,,false,,true,0,0,0,3,0,0,3,56.9,58,IZLE,,25,63548.3,,,,,SEVIYE,85,2355.0,236,,,,,,,,,0,,18,1243.4,18,,,
31647,2026-07-29 20:57:39.704483+00,63483.75,2703595.5067315996,645743.3920000001,11527038169.14,0.00008649800000000001,46559957.07138999,7111.16,25.9,BEKLE,true,7111.16,0.0,1.5648,0,55537042.434879996,60.352,0.0,25.9,"[{""usdt"": 11529298.0, ""borsa"": 3, ""fiyat"": 63450.0, ""kaynak"": ""BNB+BYB+OKX""}, {""usdt"": 9708735.0, ""borsa"": 3, ""fiyat"": 63475.0, ""kaynak"": ""BNB+BYB+OKX""}, {""usdt"": 9587733.0, ""borsa"": 1, ""fiyat"": 63400.0, ""kaynak"": ""BNB""}]","[{""usdt"": 24238432.0, ""borsa"": 3, ""fiyat"": 63500.0, ""kaynak"": ""BNB+BYB+OKX""}, {""usdt"": 9055424.0, ""borsa"": 1, ""fiyat"": 63575.0, ""kaynak"": ""BNB""}, {""usdt"": 7357614.0, ""borsa"": 1, ""fiyat"": 63550.0, ""kaynak"": ""BNB""}]",YOK,-0.032,-0.0879,0.4866,1.1777,false,,true,0,0,1,3,0,1,3,53.4,54.5,IZLE,,25,63548.3,,,,,SEVIYE,85,2356.0,236,,,,,,,1785358560,1,0,,18,1244.4,18,,,
31648,2026-07-29 20:58:40.137361+00,63455.05,2978651.0619063987,471891.5319999999,11522466391.7314,0.00008649800000000001,46057874.01816998,7111.16,12.8,BEKLE,false,7111.16,0.0,1.5648,60.329,44959781.848369986,120.681,12.8,0.0,"[{""usdt"": 11810331.0, ""borsa"": 3, ""fiyat"": 63475.0, ""kaynak"": ""BNB+BYB+OKX""}, {""usdt"": 9380847.0, ""borsa"": 1, ""fiyat"": 63375.0, ""kaynak"": ""BNB""}, {""usdt"": 9195672.0, ""borsa"": 3, ""fiyat"": 63450.0, ""kaynak"": ""BNB+BYB+OKX""}]","[{""usdt"": 14417046.0, ""borsa"": 3, ""fiyat"": 63500.0, ""kaynak"": ""BNB+BYB+OKX""}, {""usdt"": 9341648.0, ""borsa"": 1, ""fiyat"": 63550.0, ""kaynak"": ""BNB""}, {""usdt"": 6837022.0, ""borsa"": 1, ""fiyat"": 63575.0, ""kaynak"": ""BNB""}]",YOK,0.001,0.0121,,,false,1.0338,true,0,0,0,3,0,0,3,49.9,51,YOK,,0,63363.4,,,,,SEVIYE,45,43.7,5,,,,,,,1785358560,1,1,,18,1245.5,18,,,
31649,2026-07-29 20:59:40.52347+00,63494.55,2977695.3954363978,737000.9550000001,11521631124.698898,0.00008649800000000001,49960427.61474999,7111.16,3.0,BEKLE,,7111.16,0.0,1.5648,0,42295690.07785998,120.799,3.0,0.0,"[{""usdt"": 10808679.0, ""borsa"": 1, ""fiyat"": 63375.0, ""kaynak"": ""BNB""}, {""usdt"": 9902773.0, ""borsa"": 3, ""fiyat"": 63450.0, ""kaynak"": ""BNB+BYB+OKX""}, {""usdt"": 9761752.0, ""borsa"": 3, ""fiyat"": 63425.0, ""kaynak"": ""BNB+BYB+OKX""}]","[{""usdt"": 14112628.0, ""borsa"": 3, ""fiyat"": 63475.0, ""kaynak"": ""BNB+BYB+OKX""}, {""usdt"": 8184789.0, ""borsa"": 1, ""fiyat"": 63525.0, ""kaynak"": ""BNB""}, {""usdt"": 6600326.0, ""borsa"": 1, ""fiyat"": 63575.0, ""kaynak"": ""BNB""}]",YOK,-0.0508,0.0831,,,false,0.3165,true,0,1,1,3,1,0,3,46.5,47.6,IZLE,,25,63548.3,,,,,SEVIYE,85,2358.0,236,,,,,,,1785358560,1,2,,18,1246.5,18,,,
31650,2026-07-29 21:00:40.868247+00,63477.95,2001066.1122659994,608315.5120000001,11521926821.8775,0.00008649800000000001,46338131.26119998,7111.16,11.4,BEKLE,false,7111.16,0.0,1.5648,60.337,47241192.210669965,0,11.4,0.0,"[{""usdt"": 12855921.0, ""borsa"": 3, ""fiyat"": 63475.0, ""kaynak"": ""BNB+BYB+OKX""}, {""usdt"": 11578714.0, ""borsa"": 3, ""fiyat"": 63450.0, ""kaynak"": ""BNB+BYB+OKX""}, {""usdt"": 9282219.0, ""borsa"": 1, ""fiyat"": 63400.0, ""kaynak"": ""BNB""}]","[{""usdt"": 13729741.0, ""borsa"": 3, ""fiyat"": 63500.0, ""kaynak"": ""BNB+BYB+OKX""}, {""usdt"": 10231247.0, ""borsa"": 1, ""fiyat"": 63525.0, ""kaynak"": ""BNB""}, {""usdt"": 7915464.0, ""borsa"": 1, ""fiyat"": 63600.0, ""kaynak"": ""BNB""}]",YOK,-0.0979,-0.0097,0.8558,5.1233,false,0.3183,true,0,0,1,3,1,0,3,42.9,44,IZLE,,25,63548.3,,,,,SEVIYE,85,2359.0,236,,,,,,,1785358560,1,3,,18,1247.5,18,,,
31651,2026-07-29 21:01:41.586687+00,63457.350000000006,2328340.367481001,586525.9430000001,11530062044.3919,0.00008649800000000001,45068126.253699996,0.0,11.7,BEKLE,false,0.0,0.0,1.5648,60.659,49519891.73393002,60.659,11.7,0.0,"[{""usdt"": 13938657.0, ""borsa"": 3, ""fiyat"": 63475.0, ""kaynak"": ""BNB+BYB+OKX""}, {""usdt"": 10947726.0, ""borsa"": 1, ""fiyat"": 63400.0, ""kaynak"": ""BNB""}, {""usdt"": 7271191.0, ""borsa"": 2, ""fiyat"": 63450.0, ""kaynak"": ""BNB+BYB""}]","[{""usdt"": 13664062.0, ""borsa"": 3, ""fiyat"": 63525.0, ""kaynak"": ""BNB+BYB+OKX""}, {""usdt"": 9709079.0, ""borsa"": 3, ""fiyat"": 63500.0, ""kaynak"": ""BNB+BYB+OKX""}, {""usdt"": 9321582.0, ""borsa"": 1, ""fiyat"": 63600.0, ""kaynak"": ""BNB""}]",YOK,-0.0768,-0.0471,,,false,0.2158,false,,0,1,3,0,0,3,39.7,40.8,YOK,,0,63548.3,,,,,SEVIYE,85,2360.0,236,,,,,,,,,0,,18,1248.5,18,,,
31652,2026-07-29 21:02:42.569359+00,63460.75,2029696.7103904015,522102.658,11527501060.9436,0.00008649800000000001,47505027.090539984,0.0,15.7,BEKLE,false,0.0,0.0,1.5648,121.558,42189588.73068998,60.899,15.7,0.0,"[{""usdt"": 15069740.0, ""borsa"": 3, ""fiyat"": 63425.0, ""kaynak"": ""BNB+BYB+OKX""}, {""usdt"": 10529906.0, ""borsa"": 1, ""fiyat"": 63350.0, ""kaynak"": ""BNB""}, {""usdt"": 8656933.0, ""borsa"": 1, ""fiyat"": 63375.0, ""kaynak"": ""BNB""}]","[{""usdt"": 10226544.0, ""borsa"": 3, ""fiyat"": 63475.0, ""kaynak"": ""BNB+BYB+OKX""}, {""usdt"": 9087222.0, ""borsa"": 3, ""fiyat"": 63450.0, ""kaynak"": ""BNB+BYB+OKX""}, {""usdt"": 7606474.0, ""borsa"": 1, ""fiyat"": 63525.0, ""kaynak"": ""BNB""}]",YOK,-0.0491,0.0593,0.803,1.7858,false,0.3353,false,,0,1,3,0,0,3,36.8,37.9,YOK,,0,63548.3,,,,,SEVIYE,85,2361.1,236,,,,,,,,,0,,18,1249.5,18,,,
31653,2026-07-29 21:03:43.465624+00,63380.95,1897373.3786477027,585404.572,11524739228.6992,0.00008649800000000001,46329195.026399985,0.0,17.3,BEKLE,true,0.0,0.0,1.5661,61.072,45325689.78885995,121.971,0.0,17.3,"[{""usdt"": 17858545.0, ""borsa"": 3, ""fiyat"": 63425.0, ""kaynak"": ""BNB+BYB+OKX""}, {""usdt"": 9538317.0, ""borsa"": 1, ""fiyat"": 63350.0, ""kaynak"": ""BNB""}, {""usdt"": 8279495.0, ""borsa"": 1, ""fiyat"": 63375.0, ""kaynak"": ""BNB""}]","[{""usdt"": 10608744.0, ""borsa"": 3, ""fiyat"": 63450.0, ""kaynak"": ""BNB+BYB+OKX""}, {""usdt"": 7269154.0, ""borsa"": 1, ""fiyat"": 63525.0, ""kaynak"": ""BNB""}, {""usdt"": 6972804.0, ""borsa"": 1, ""fiyat"": 63575.0, ""kaynak"": ""BNB""}]",YOK,-0.0991,0.0109,0.8769,3.9174,false,0.1397,false,,0,1,3,1,0,3,34,35.1,IZLE,,25,63363.4,,,,,SEVIYE,45,48.8,5,,,,,,,,,0,,18,1250.5,18,,,
31654,2026-07-29 21:04:43.869523+00,63382.45,151614.82814500597,-694803.291,11530469700.291199,0.00008649800000000001,78184516.74936992,55113.593,35.5,BEKLE,true,55113.593,0.0,1.5661,0,52404963.01539997,0,35.5,0.0,"[{""usdt"": 38134867.0, ""borsa"": 3, ""fiyat"": 63350.0, ""kaynak"": ""BNB+BYB+OKX""}, {""usdt"": 15211096.0, ""borsa"": 3, ""fiyat"": 63375.0, ""kaynak"": ""BNB+BYB+OKX""}, {""usdt"": 8423933.0, ""borsa"": 1, ""fiyat"": 63300.0, ""kaynak"": ""BNB""}]","[{""usdt"": 26694966.0, ""borsa"": 3, ""fiyat"": 63400.0, ""kaynak"": ""BNB+BYB+OKX""}, {""usdt"": 7175964.0, ""borsa"": 2, ""fiyat"": 63425.0, ""kaynak"": ""BNB+BYB""}, {""usdt"": 5916768.0, ""borsa"": 1, ""fiyat"": 63450.0, ""kaynak"": ""BNB""}]",PERP,-0.1744,0.1974,0.5961,1.5405,false,0.3733,false,,0,1,3,1,0,3,30.5,31.5,IZLE,,25,63363.4,,,,,SEVIYE,45,49.8,5,,,,,,,1785358980,2,0,,18,1251.5,18,,,
31655,2026-07-29 21:05:44.271383+00,63329.75,-2698699.638126199,-2677965.3120000004,11503955174.3569,0.00008649800000000001,48056013.68616003,1722332.6119,0.0,BEKLE,,1722332.6119,0.0,1.5661,0,61148828.1307001,0,0.0,0.0,"[{""usdt"": 11582610.0, ""borsa"": 3, ""fiyat"": 63225.0, ""kaynak"": ""BNB+BYB+OKX""}, {""usdt"": 10501667.0, ""borsa"": 1, ""fiyat"": 63150.0, ""kaynak"": ""BNB""}, {""usdt"": 9489107.0, ""borsa"": 2, ""fiyat"": 63200.0, ""kaynak"": ""BNB+BYB""}]","[{""usdt"": 20799944.0, ""borsa"": 3, ""fiyat"": 63275.0, ""kaynak"": ""BNB+BYB+OKX""}, {""usdt"": 8324855.0, ""borsa"": 3, ""fiyat"": 63250.0, ""kaynak"": ""BNB+BYB+OKX""}, {""usdt"": 8018813.0, ""borsa"": 1, ""fiyat"": 63375.0, ""kaynak"": ""BNB""}]",YOK,-0.2531,-0.1199,0.5163,1.078,false,0.5761,false,,0,2,3,0,0,3,27,28.1,IZLE,,50,63363.4,,,,,SEVIYE+TASFIYE,45,50.8,6,,,,,,,1785359100,4,0,,18,1252.5,18,,,
31656,2026-07-29 21:06:45.320274+00,63374.75,-1683690.9787124007,-1817539.4760000003,11506158228.747,0.00008649800000000001,45463102.83208004,1724433.0344,42.6,BEKLE,true,1724433.0344,0.0,1.5681,0,44740156.00987004,61.123,42.6,0.0,"[{""usdt"": 14035794.0, ""borsa"": 3, ""fiyat"": 63325.0, ""kaynak"": ""BNB+BYB+OKX""}, {""usdt"": 8047805.0, ""borsa"": 1, ""fiyat"": 63275.0, ""kaynak"": ""BNB""}, {""usdt"": 7971453.0, ""borsa"": 3, ""fiyat"": 63300.0, ""kaynak"": ""BNB+BYB+OKX""}]","[{""usdt"": 10860163.0, ""borsa"": 3, ""fiyat"": 63350.0, ""kaynak"": ""BNB+BYB+OKX""}, {""usdt"": 10830254.0, ""borsa"": 1, ""fiyat"": 63400.0, ""kaynak"": ""BNB""}, {""usdt"": 8164852.0, ""borsa"": 2, ""fiyat"": 63375.0, ""kaynak"": ""BNB+BYB""}]",YOK,0.0631,0.008,0.5547,0.7564,false,0.4521,false,,1,0,3,0,0,3,24.3,25.3,IZLE,,50,63363.4,,,,,SEVIYE+TASFIYE,45,51.8,6,,,,,,,1785359100,4,0,,18,1253.5,18,,,
31657,2026-07-29 21:07:45.655264+00,63319.649999999994,-3927482.259139301,-3710637.549,11500573267.566,0.00008649800000000001,47680158.42149001,1724433.0344,0.0,BEKLE,,1724433.0344,0.0,1.5681,0,51538513.06560999,121.463,0.0,0.0,"[{""usdt"": 12965547.0, ""borsa"": 1, ""fiyat"": 63200.0, ""kaynak"": ""BNB""}, {""usdt"": 11384267.0, ""borsa"": 3, ""fiyat"": 63250.0, ""kaynak"": ""BNB+BYB+OKX""}, {""usdt"": 9697835.0, ""borsa"": 1, ""fiyat"": 63175.0, ""kaynak"": ""BNB""}]","[{""usdt"": 15807818.0, ""borsa"": 3, ""fiyat"": 63300.0, ""kaynak"": ""BNB+BYB+OKX""}, {""usdt"": 9822587.0, ""borsa"": 1, ""fiyat"": 63400.0, ""kaynak"": ""BNB""}, {""usdt"": 8477189.0, ""borsa"": 1, ""fiyat"": 63375.0, ""kaynak"": ""BNB""}]",YOK,-0.1634,-0.0389,0.5123,0.8037,false,0.762,false,,0,2,3,0,2,3,20.8,21.8,IZLE,,50,63363.4,,,,,SEVIYE+TASFIYE,45,52.8,6,,,,,,,1785359100,4,1,,18,1254.5,18,,,
31658,2026-07-29 21:08:45.935698+00,63263.75,-4650231.2219385,-4137584.96,11503050990.9508,0.00008649800000000001,48332343.32425995,1694371.6767,34.9,BEKLE,true,1694371.6767,0.0,1.5681,60.302,60498889.020130076,60.302,34.9,0.0,"[{""usdt"": 11553158.0, ""borsa"": 3, ""fiyat"": 63225.0, ""kaynak"": ""BNB+BYB+OKX""}, {""usdt"": 10724459.0, ""borsa"": 1, ""fiyat"": 63175.0, ""kaynak"": ""BNB""}, {""usdt"": 9629359.0, ""borsa"": 1, ""fiyat"": 63150.0, ""kaynak"": ""BNB""}]","[{""usdt"": 20975532.0, ""borsa"": 1, ""fiyat"": 63300.0, ""kaynak"": ""BNB""}, {""usdt"": 14558642.0, ""borsa"": 3, ""fiyat"": 63275.0, ""kaynak"": ""BNB+BYB+OKX""}, {""usdt"": 7000008.0, ""borsa"": 1, ""fiyat"": 63350.0, ""kaynak"": ""BNB""}]",YOK,-0.2084,-0.1118,0.5086,0.6036,false,0.8907,false,,0,3,3,1,1,3,16.8,18.3,YOK,,0,63363.4,,,,,SEVIYE+TASFIYE,45,53.8,6,,,,,,,1785359280,4,0,,18,1255.5,18,,,
31659,2026-07-29 21:09:46.372239+00,63319.95,-4151010.8249365976,-4254203.856000001,11513175412.1862,0.00008649800000000001,47174810.79293999,1541894.7555,69.5,BEKLE,true,1541894.7555,0.0,1.5681,120.667,59559376.421720035,120.667,69.5,0.0,"[{""usdt"": 13449715.0, ""borsa"": 3, ""fiyat"": 63275.0, ""kaynak"": ""BNB+BYB+OKX""}, {""usdt"": 11144216.0, ""borsa"": 1, ""fiyat"": 63200.0, ""kaynak"": ""BNB""}, {""usdt"": 8614632.0, ""borsa"": 1, ""fiyat"": 63225.0, ""kaynak"": ""BNB""}]","[{""usdt"": 18324091.0, ""borsa"": 3, ""fiyat"": 63300.0, ""kaynak"": ""BNB+BYB+OKX""}, {""usdt"": 11587904.0, ""borsa"": 3, ""fiyat"": 63325.0, ""kaynak"": ""BNB+BYB+OKX""}, {""usdt"": 10338436.0, ""borsa"": 1, ""fiyat"": 63375.0, ""kaynak"": ""BNB""}]",YOK,-0.1478,-0.116,0.4743,0.4569,false,1.6949,false,,0,1,3,0,1,3,13.3,14.4,IZLE,,50,63363.4,,,,,SEVIYE+TASFIYE,45,54.9,6,,,,,,,1785359280,4,0,,18,1256.6,18,,,
31660,2026-07-29 21:10:46.925138+00,63405.25,-3732080.333924991,-3770408.942,11543608856.9527,0.00008649800000000001,41041973.41315997,25948.6906,53.4,BEKLE,true,25504.7317,443.95889999999997,1.5681,0,42159502.42465001,0,53.4,0.0,"[{""usdt"": 11311135.0, ""borsa"": 3, ""fiyat"": 63400.0, ""kaynak"": ""BNB+BYB+OKX""}, {""usdt"": 6765682.0, ""borsa"": 1, ""fiyat"": 63300.0, ""kaynak"": ""BNB""}, {""usdt"": 6518318.0, ""borsa"": 1, ""fiyat"": 63350.0, ""kaynak"": ""BNB""}]","[{""usdt"": 9005207.0, ""borsa"": 3, ""fiyat"": 63450.0, ""kaynak"": ""BNB+BYB+OKX""}, {""usdt"": 7445266.0, ""borsa"": 1, ""fiyat"": 63475.0, ""kaynak"": ""BNB""}, {""usdt"": 7428845.0, ""borsa"": 1, ""fiyat"": 63550.0, ""kaynak"": ""BNB""}]",YOK,0.0479,-0.0134,0.4139,2.0067,false,1.741,false,,1,0,3,1,0,3,10,11.1,IZLE,,25,63363.4,,,,,SEVIYE,45,55.9,6,,,,,,,1785359400,2,0,,18,1257.6,18,,,
31661,2026-07-29 21:11:47.667449+00,63386.05,-4225947.8377692895,-3735627.869,11538866519.0466,0.00008649800000000001,44737758.78897998,28612.3656,56.4,BEKLE,true,25504.7317,3107.6339000000003,1.5707,60.331,38828943.43474,60.331,56.4,0.0,"[{""usdt"": 11807349.0, ""borsa"": 3, ""fiyat"": 63375.0, ""kaynak"": ""BNB+BYB+OKX""}, {""usdt"": 8365675.0, ""borsa"": 3, ""fiyat"": 63350.0, ""kaynak"": ""BNB+BYB+OKX""}, {""usdt"": 8309384.0, ""borsa"": 1, ""fiyat"": 63275.0, ""kaynak"": ""BNB""}]","[{""usdt"": 12170235.0, ""borsa"": 3, ""fiyat"": 63400.0, ""kaynak"": ""BNB+BYB+OKX""}, {""usdt"": 6446091.0, ""borsa"": 1, ""fiyat"": 63500.0, ""kaynak"": ""BNB""}, {""usdt"": 6033598.0, ""borsa"": 3, ""fiyat"": 63425.0, ""kaynak"": ""BNB+BYB+OKX""}]",YOK,-0.0139,0.0707,0.4973,0.1466,false,2.5631,true,0,0,0,3,0,0,3,6.5,7.6,IZLE,,25,63363.4,,,,,SEVIYE,45,56.9,6,,,,,,,1785359400,2,0,,18,1258.6,18,,,
31662,2026-07-29 21:12:48.171354+00,63418.45,-4239973.11325719,-3378472.794,11538355262.379501,0.00008649800000000001,44825620.08464,27599.0063,15.5,BEKLE,false,24491.3724,3107.6339000000003,1.5707,121.117,42353951.6479,121.117,0.0,15.5,"[{""usdt"": 10384977.0, ""borsa"": 3, ""fiyat"": 63400.0, ""kaynak"": ""BNB+BYB+OKX""}, {""usdt"": 8077666.0, ""borsa"": 3, ""fiyat"": 63375.0, ""kaynak"": ""BNB+BYB+OKX""}, {""usdt"": 6668962.0, ""borsa"": 1, ""fiyat"": 63350.0, ""kaynak"": ""BNB""}]","[{""usdt"": 11994820.0, ""borsa"": 3, ""fiyat"": 63425.0, ""kaynak"": ""BNB+BYB+OKX""}, {""usdt"": 8367167.0, ""borsa"": 1, ""fiyat"": 63500.0, ""kaynak"": ""BNB""}, {""usdt"": 6890383.0, ""borsa"": 2, ""fiyat"": 63450.0, ""kaynak"": ""BNB+BYB""}]",YOK,0.1038,0.0284,0.4125,8.6575,false,2.5242,true,0,1,0,3,0,0,3,3.5,4.5,IZLE,,25,63363.4,,,,,SEVIYE,45,57.9,6,,,,,,,1785359400,1,0,,18,1259.6,18,,,
31663,2026-07-29 21:13:48.501993+00,63442.95,-3089914.725083692,-3166427.9639999997,11545116465.188,0.00008649800000000001,45074623.769740015,3107.6339000000003,0.0,BEKLE,,0.0,3107.6339000000003,1.5707,181.634,39353221.255000025,0,0.0,0.0,"[{""usdt"": 11725655.0, ""borsa"": 3, ""fiyat"": 63400.0, ""kaynak"": ""BNB+BYB+OKX""}, {""usdt"": 9206817.0, ""borsa"": 3, ""fiyat"": 63375.0, ""kaynak"": ""BNB+BYB+OKX""}, {""usdt"": 8303682.0, ""borsa"": 1, ""fiyat"": 63300.0, ""kaynak"": ""BNB""}]","[{""usdt"": 9189697.0, ""borsa"": 1, ""fiyat"": 63550.0, ""kaynak"": ""BNB""}, {""usdt"": 7925543.0, ""borsa"": 2, ""fiyat"": 63425.0, ""kaynak"": ""BYB+OKX""}, {""usdt"": 5521159.0, ""borsa"": 1, ""fiyat"": 63500.0, ""kaynak"": ""BNB""}]",YOK,0.1157,0.0678,0.5453,4.1606,false,2.3148,true,0,1,0,3,0,0,3,63.5,62.5,IZLE,,25,63363.4,,,,,SEVIYE,45,58.9,6,,,,,,,1785359400,1,0,,18,1260.6,18,,,
31664,2026-07-29 21:14:48.894942+00,63457.45,-2803859.609572795,-2970530.8479999998,11542630884.0231,0.00008649800000000001,44409694.32547001,20114.2171,0.0,BEKLE,,0.0,20114.2171,1.5707,241.928,39257430.569430016,60.294,0.0,0.0,"[{""usdt"": 11525402.0, ""borsa"": 3, ""fiyat"": 63425.0, ""kaynak"": ""BNB+BYB+OKX""}, {""usdt"": 8303682.0, ""borsa"": 1, ""fiyat"": 63300.0, ""kaynak"": ""BNB""}, {""usdt"": 6155165.0, ""borsa"": 2, ""fiyat"": 63400.0, ""kaynak"": ""BNB+BYB""}]","[{""usdt"": 10082874.0, ""borsa"": 3, ""fiyat"": 63475.0, ""kaynak"": ""BNB+BYB+OKX""}, {""usdt"": 9189697.0, ""borsa"": 1, ""fiyat"": 63550.0, ""kaynak"": ""BNB""}, {""usdt"": 6105335.0, ""borsa"": 3, ""fiyat"": 63450.0, ""kaynak"": ""BNB+BYB+OKX""}]",YOK,0.1036,0.0616,0.4393,2.9759,false,2.0359,true,0,1,0,3,0,0,3,60.4,61.5,YOK,,0,63542.9,,,,,SEVIYE,65,2373.1,237,,,,,,,1785359640,1,0,,18,1261.6,18,,,
31665,2026-07-29 21:15:49.286176+00,63420.649999999994,695873.1099206022,-590713.663,11537725726.2616,0.00008649800000000001,44695694.03718999,17007.0924,48.6,BEKLE,false,0.0,17007.0924,1.5707,120.724,42097336.31169005,120.724,0.0,48.6,"[{""usdt"": 13124891.0, ""borsa"": 3, ""fiyat"": 63450.0, ""kaynak"": ""BNB+BYB+OKX""}, {""usdt"": 6947829.0, ""borsa"": 3, ""fiyat"": 63425.0, ""kaynak"": ""BNB+BYB+OKX""}, {""usdt"": 6306980.0, ""borsa"": 1, ""fiyat"": 63375.0, ""kaynak"": ""BNB""}]","[{""usdt"": 11815396.0, ""borsa"": 3, ""fiyat"": 63475.0, ""kaynak"": ""BNB+BYB+OKX""}, {""usdt"": 9145788.0, ""borsa"": 1, ""fiyat"": 63550.0, ""kaynak"": ""BNB""}, {""usdt"": 7168820.0, ""borsa"": 3, ""fiyat"": 63500.0, ""kaynak"": ""BNB+BYB+OKX""}]",YOK,0.1473,0.0299,0.5208,0.1225,false,,true,0,1,0,3,1,0,3,57,58.1,YOK,,0,63328.5,,,,,SEVIYE,65,60.9,7,ATR,0.65,1.5876729192288608,121.1052508001737,false,0.045,1785359640,1,0,,22,1262.6,22,,,
31666,2026-07-29 21:16:50.250621+00,63381.05,620491.9520983023,-775600.8099999999,11530422367.1425,0.00008649800000000001,43130599.61218001,20620.247000000003,57.2,BEKLE,false,3613.1546000000003,17007.0924,1.5707,0,54007552.32143,0,0.0,57.2,"[{""usdt"": 10730978.0, ""borsa"": 3, ""fiyat"": 63400.0, ""kaynak"": ""BNB+BYB+OKX""}, {""usdt"": 8551244.0, ""borsa"": 3, ""fiyat"": 63375.0, ""kaynak"": ""BNB+BYB+OKX""}, {""usdt"": 7531441.0, ""borsa"": 1, ""fiyat"": 63350.0, ""kaynak"": ""BNB""}]","[{""usdt"": 22485912.0, ""borsa"": 3, ""fiyat"": 63425.0, ""kaynak"": ""BNB+BYB+OKX""}, {""usdt"": 8692855.0, ""borsa"": 1, ""fiyat"": 63525.0, ""kaynak"": ""BNB""}, {""usdt"": 7096336.0, ""borsa"": 3, ""fiyat"": 63450.0, ""kaynak"": ""BNB+BYB+OKX""}]",YOK,0.0424,-0.112,0.561,0.0391,false,,true,0,0,0,3,0,0,3,54.2,55.3,IZLE,,25,63328.5,,,,,SEVIYE,65,61.9,7,,,,,,,1785359760,1,0,,22,1263.6,22,,,
31667,2026-07-29 21:17:50.664426+00,63346.25,444947.07552870427,-854226.768,11526979731.2216,0.00008649800000000001,41828377.612740025,20620.051000000003,59.5,BEKLE,false,3612.9586000000004,17007.0924,1.5707,60.294,51688085.93592,0,0.0,59.5,"[{""usdt"": 9334484.0, ""borsa"": 1, ""fiyat"": 63300.0, ""kaynak"": ""BNB""}, {""usdt"": 9237947.0, ""borsa"": 3, ""fiyat"": 63375.0, ""kaynak"": ""BNB+BYB+OKX""}, {""usdt"": 7556879.0, ""borsa"": 3, ""fiyat"": 63350.0, ""kaynak"": ""BNB+BYB+OKX""}]","[{""usdt"": 25462756.0, ""borsa"": 3, ""fiyat"": 63400.0, ""kaynak"": ""BNB+BYB+OKX""}, {""usdt"": 6977403.0, ""borsa"": 1, ""fiyat"": 63475.0, ""kaynak"": ""BNB""}, {""usdt"": 5378690.0, ""borsa"": 1, ""fiyat"": 63500.0, ""kaynak"": ""BNB""}]",YOK,0.0738,-0.1054,0.5916,0.6163,false,,true,0,1,0,3,0,0,3,50.6,51.7,IZLE,,25,63328.5,,,,,SEVIYE,65,62.9,7,,,,,,,1785359760,1,0,,22,1264.6,22,,,
31668,2026-07-29 21:18:50.925503+00,63377.25,974112.4651207016,-755324.522,11537544546.1174,0.00008649800000000001,44597642.72542997,20620.051000000003,58.6,BEKLE,false,3612.9586000000004,17007.0924,1.574,120.637,51436555.86483001,60.343,0.0,58.6,"[{""usdt"": 10490029.0, ""borsa"": 3, ""fiyat"": 63325.0, ""kaynak"": ""BNB+BYB+OKX""}, {""usdt"": 7879095.0, ""borsa"": 1, ""fiyat"": 63250.0, ""kaynak"": ""BNB""}, {""usdt"": 7751763.0, ""borsa"": 1, ""fiyat"": 63275.0, ""kaynak"": ""BNB""}]","[{""usdt"": 20026027.0, ""borsa"": 3, ""fiyat"": 63350.0, ""kaynak"": ""BNB+BYB+OKX""}, {""usdt"": 9077846.0, ""borsa"": 1, ""fiyat"": 63425.0, ""kaynak"": ""BNB""}, {""usdt"": 8488771.0, ""borsa"": 3, ""fiyat"": 63375.0, ""kaynak"": ""BNB+BYB+OKX""}]",YOK,0.0197,-0.0712,0.5681,0.6206,false,,true,0.131,0,1,3,0,1,3,46.5,47.5,IZLE,,25,63328.5,,,,,SEVIYE,65,63.9,7,,,,,,,1785359760,1,1,,22,1265.6,22,,,
31669,2026-07-29 21:19:51.249439+00,63418.75,1126753.284436601,-457361.5069999999,11551472216.5571,0.00008649800000000001,42255814.58784001,3612.9586000000004,58.5,BEKLE,false,3612.9586000000004,0.0,1.574,180.959,42120397.96277001,0,0.0,58.5,"[{""usdt"": 12070640.0, ""borsa"": 3, ""fiyat"": 63375.0, ""kaynak"": ""BNB+BYB+OKX""}, {""usdt"": 9050597.0, ""borsa"": 1, ""fiyat"": 63300.0, ""kaynak"": ""BNB""}, {""usdt"": 5261304.0, ""borsa"": 1, ""fiyat"": 63325.0, ""kaynak"": ""BNB""}]","[{""usdt"": 12443193.0, ""borsa"": 3, ""fiyat"": 63425.0, ""kaynak"": ""BNB+BYB+OKX""}, {""usdt"": 9161784.0, ""borsa"": 1, ""fiyat"": 63500.0, ""kaynak"": ""BNB""}, {""usdt"": 6880416.0, ""borsa"": 3, ""fiyat"": 63400.0, ""kaynak"": ""BNB+BYB+OKX""}]",YOK,0.0337,0.0016,0.5497,0.3656,false,,false,1.578,0,0,3,1,0,3,42.9,44,YOK,,0,63328.5,,,,,SEVIYE,65,64.9,7,,,,,,,1785359760,1,0,,22,1266.6,22,,,
31670,2026-07-29 21:20:52.064195+00,63464.350000000006,3348754.254827495,1033812.9779999999,11560389908.8964,0.00008649800000000001,44794744.94797,3105.6690000000003,36.9,BEKLE,false,3105.6690000000003,0.0,1.574,60.288,50011761.93502997,60.288,0.0,36.9,"[{""usdt"": 8196134.0, ""borsa"": 3, ""fiyat"": 63425.0, ""kaynak"": ""BNB+BYB+OKX""}, {""usdt"": 7641706.0, ""borsa"": 3, ""fiyat"": 63450.0, ""kaynak"": ""BNB+BYB+OKX""}, {""usdt"": 7283515.0, ""borsa"": 1, ""fiyat"": 63375.0, ""kaynak"": ""BNB""}]","[{""usdt"": 18839248.0, ""borsa"": 3, ""fiyat"": 63475.0, ""kaynak"": ""BNB+BYB+OKX""}, {""usdt"": 8224070.0, ""borsa"": 1, ""fiyat"": 63525.0, ""kaynak"": ""BNB""}, {""usdt"": 8201571.0, ""borsa"": 2, ""fiyat"": 63500.0, ""kaynak"": ""BNB+BYB""}]",YOK,0.1359,-0.055,0.5603,0.6239,false,,false,1.5254,1,0,3,0,1,3,39.4,40.5,IZLE,,25,63537.8,,,,,SEVIYE,65,2379.2,238,,,,,,,1785359760,1,0,,22,1267.7,22,,,
31671,2026-07-29 21:21:52.395771+00,63445.55,3348754.254827495,1033812.9779999999,11560389908.8964,0.00008649800000000001,42419601.99299,3105.6690000000003,33.4,BEKLE,false,3105.6690000000003,0.0,1.5753,121.163,43495211.0858,60.875,0.0,33.4,"[{""usdt"": 11631416.0, ""borsa"": 3, ""fiyat"": 63425.0, ""kaynak"": ""BNB+BYB+OKX""}, {""usdt"": 7406799.0, ""borsa"": 1, ""fiyat"": 63375.0, ""kaynak"": ""BNB""}, {""usdt"": 6916705.0, ""borsa"": 3, ""fiyat"": 63400.0, ""kaynak"": ""BNB+BYB+OKX""}]","[{""usdt"": 10192182.0, ""borsa"": 3, ""fiyat"": 63475.0, ""kaynak"": ""BNB+BYB+OKX""}, {""usdt"": 8240354.0, ""borsa"": 1, ""fiyat"": 63550.0, ""kaynak"": ""BNB""}, {""usdt"": 7809368.0, ""borsa"": 3, ""fiyat"": 63450.0, ""kaynak"": ""BNB+BYB+OKX""}]",YOK,0.0691,-0.0125,0.5406,0.8645,false,,false,3.9616,0,0,3,0,1,3,36.4,37.5,YOK,,0,63537.8,,,,,SEVIYE,65,2380.2,238,,,,,,,1785359760,1,0,,22,1268.7,22,,,
31672,2026-07-29 21:22:52.764721+00,63459.25,3675336.903704395,1030895.835,11557839398.4963,0.00008649800000000001,44286381.88778999,0.0,23.6,BEKLE,false,0.0,0.0,1.5753,181.467,44973425.42569001,60.304,0.0,23.6,"[{""usdt"": 9939063.0, ""borsa"": 3, ""fiyat"": 63425.0, ""kaynak"": ""BNB+BYB+OKX""}, {""usdt"": 8143950.0, ""borsa"": 1, ""fiyat"": 63375.0, ""kaynak"": ""BNB""}, {""usdt"": 7666619.0, ""borsa"": 3, ""fiyat"": 63450.0, ""kaynak"": ""BNB+BYB+OKX""}]","[{""usdt"": 16355554.0, ""borsa"": 3, ""fiyat"": 63475.0, ""kaynak"": ""BNB+BYB+OKX""}, {""usdt"": 7445667.0, ""borsa"": 1, ""fiyat"": 63525.0, ""kaynak"": ""BNB""}, {""usdt"": 6095733.0, ""borsa"": 1, ""fiyat"": 63575.0, ""kaynak"": ""BNB""}]",YOK,0.1347,-0.0077,0.5722,1.3545,false,,false,4.4504,1,0,3,1,0,3,32.8,33.9,IZLE,,25,63537.8,,,,,SEVIYE,65,2381.2,238,,,,,,,,,0,,22,1269.7,22,,,
31673,2026-07-29 21:23:53.104249+00,63479.850000000006,3839139.7818886936,1085503.4980000001,11560009428.3759,0.00008649800000000001,46656536.633200005,0.0,27.2,BEKLE,false,0.0,0.0,1.5753,241.832,43919573.537839994,120.669,0.0,27.2,"[{""usdt"": 12718657.0, ""borsa"": 3, ""fiyat"": 63450.0, ""kaynak"": ""BNB+BYB+OKX""}, {""usdt"": 8194935.0, ""borsa"": 1, ""fiyat"": 63350.0, ""kaynak"": ""BNB""}, {""usdt"": 8128091.0, ""borsa"": 3, ""fiyat"": 63425.0, ""kaynak"": ""BNB+BYB+OKX""}]","[{""usdt"": 15550661.0, ""borsa"": 3, ""fiyat"": 63475.0, ""kaynak"": ""BNB+BYB+OKX""}, {""usdt"": 7276820.0, ""borsa"": 1, ""fiyat"": 63525.0, ""kaynak"": ""BNB""}, {""usdt"": 7131457.0, ""borsa"": 1, ""fiyat"": 63550.0, ""kaynak"": ""BNB""}]",SPOT,0.2029,0.0302,0.5484,1.3286,false,,false,4.2991,3,0,3,1,1,3,29.3,30.4,IZLE,,25,63537.8,,,,,SEVIYE,65,2382.2,238,,,,,,,,,0,,22,1270.7,22,,,
31674,2026-07-29 21:24:53.520132+00,63484.75,4032103.6029836936,1022957.8439999999,11563746342.2264,0.00008649800000000001,44416198.74189998,0.0,28.4,BEKLE,false,0.0,0.0,1.5753,241.849,40818071.214350015,120.67,0.0,28.4,"[{""usdt"": 10088930.0, ""borsa"": 3, ""fiyat"": 63425.0, ""kaynak"": ""BNB+BYB+OKX""}, {""usdt"": 9772845.0, ""borsa"": 3, ""fiyat"": 63450.0, ""kaynak"": ""BNB+BYB+OKX""}, {""usdt"": 6943111.0, ""borsa"": 1, ""fiyat"": 63375.0, ""kaynak"": ""BNB""}]","[{""usdt"": 12527131.0, ""borsa"": 3, ""fiyat"": 63475.0, ""kaynak"": ""BNB+BYB+OKX""}, {""usdt"": 7174928.0, ""borsa"": 2, ""fiyat"": 63500.0, ""kaynak"": ""BNB+OKX""}, {""usdt"": 6300160.0, ""borsa"": 1, ""fiyat"": 63550.0, ""kaynak"": ""BNB""}]",SPOT,0.1559,0.0422,0.605,0.9291,false,,false,5.7316,1,0,3,0,0,3,25.8,26.9,IZLE,,25,63537.8,,,,,SEVIYE,65,2383.2,238,,,,,,,,,0,,22,1271.7,22,,,
31675,2026-07-29 21:25:53.851772+00,63464.05,4203844.332982992,1174453.7950000002,11564572543.1424,0.00008649800000000001,43560910.631040014,0.0,13.2,BEKLE,false,0.0,0.0,1.5753,302.309,39234850.771289974,181.13,0.0,13.2,"[{""usdt"": 11067580.0, ""borsa"": 3, ""fiyat"": 63450.0, ""kaynak"": ""BNB+BYB+OKX""}, {""usdt"": 8067310.0, ""borsa"": 3, ""fiyat"": 63425.0, ""kaynak"": ""BNB+BYB+OKX""}, {""usdt"": 8048296.0, ""borsa"": 1, ""fiyat"": 63350.0, ""kaynak"": ""BNB""}]","[{""usdt"": 10999159.0, ""borsa"": 3, ""fiyat"": 63475.0, ""kaynak"": ""BNB+BYB+OKX""}, {""usdt"": 7840812.0, ""borsa"": 1, ""fiyat"": 63550.0, ""kaynak"": ""BNB""}, {""usdt"": 7642974.0, ""borsa"": 3, ""fiyat"": 63500.0, ""kaynak"": ""BNB+BYB+OKX""}]",YOK,0.1333,0.0522,0.8262,0.0193,false,,false,,1,0,3,0,0,3,22.4,23.5,IZLE,,25,63537,,,,,SEVIYE,65,2384.2,239,,,,,,,,,0,,23,892.2,23,,,
31676,2026-07-29 21:26:54.142963+00,63458.55,1895358.8459081957,342581.327,11560353920.2744,0.00008649800000000001,41510601.46163999,0.0,36.4,BEKLE,true,0.0,0.0,1.578,362.597,43877046.749250025,0,36.4,0.0,"[{""usdt"": 11853115.0, ""borsa"": 3, ""fiyat"": 63425.0, ""kaynak"": ""BNB+BYB+OKX""}, {""usdt"": 8496557.0, ""borsa"": 1, ""fiyat"": 63375.0, ""kaynak"": ""BNB""}, {""usdt"": 5687505.0, ""borsa"": 1, ""fiyat"": 63350.0, ""kaynak"": ""BNB""}]","[{""usdt"": 12672097.0, ""borsa"": 3, ""fiyat"": 63475.0, ""kaynak"": ""BNB+BYB+OKX""}, {""usdt"": 8359791.0, ""borsa"": 1, ""fiyat"": 63525.0, ""kaynak"": ""BNB""}, {""usdt"": 7470725.0, ""borsa"": 1, ""fiyat"": 63500.0, ""kaynak"": ""BNB""}]",SPOT,0.2085,-0.0277,0.6217,0.3713,false,,false,,2,0,3,0,1,3,18.8,19.9,IZLE,,25,63537,,,,,SEVIYE,65,2385.2,239,,,,,,,,,0,,23,893.2,23,,,
31677,2026-07-29 21:27:54.456586+00,63493.05,2445199.896009595,436673.273,11561336350.0313,0.00008649800000000001,42122219.518970005,0.0,26.2,BEKLE,true,0.0,0.0,1.578,60.338,44235231.75130001,0,26.2,0.0,"[{""usdt"": 11054512.0, ""borsa"": 3, ""fiyat"": 63450.0, ""kaynak"": ""BNB+BYB+OKX""}, {""usdt"": 8034695.0, ""borsa"": 3, ""fiyat"": 63475.0, ""kaynak"": ""BNB+BYB+OKX""}, {""usdt"": 7468275.0, ""borsa"": 1, ""fiyat"": 63400.0, ""kaynak"": ""BNB""}]","[{""usdt"": 13522128.0, ""borsa"": 3, ""fiyat"": 63500.0, ""kaynak"": ""BNB+BYB+OKX""}, {""usdt"": 7804427.0, ""borsa"": 1, ""fiyat"": 63550.0, ""kaynak"": ""BNB""}, {""usdt"": 6492632.0, ""borsa"": 1, ""fiyat"": 63600.0, ""kaynak"": ""BNB""}]",YOK,0.1338,-0.0245,0.618,1.1337,false,,false,,1,0,3,0,1,3,15.2,16.2,IZLE,,25,63537,,,,,SEVIYE,65,2386.2,239,,,,,,,,,0,,23,894.2,23,,,
31678,2026-07-29 21:28:54.789515+00,63503.25,2828048.6482311958,529226.1549999999,11567747353.634499,0.00008649800000000001,41633924.27302002,0.0,33.6,BEKLE,true,0.0,0.0,1.578,120.686,45466148.75691003,60.348,33.6,0.0,"[{""usdt"": 10561527.0, ""borsa"": 3, ""fiyat"": 63500.0, ""kaynak"": ""BNB+BYB+OKX""}, {""usdt"": 7176347.0, ""borsa"": 1, ""fiyat"": 63425.0, ""kaynak"": ""BNB""}, {""usdt"": 6519910.0, ""borsa"": 1, ""fiyat"": 63450.0, ""kaynak"": ""BNB""}]","[{""usdt"": 9531377.0, ""borsa"": 3, ""fiyat"": 63550.0, ""kaynak"": ""BNB+BYB+OKX""}, {""usdt"": 8111057.0, ""borsa"": 3, ""fiyat"": 63525.0, ""kaynak"": ""BNB+BYB+OKX""}, {""usdt"": 7599134.0, ""borsa"": 1, ""fiyat"": 63625.0, ""kaynak"": ""BNB""}]",SPOT,0.2102,-0.044,0.5869,0.9065,false,0,false,,2,0,3,1,0,3,11.7,12.7,IZLE,,25,63537,,,,,SEVIYE,65,2387.2,239,,,,,,,,,0,,23,895.2,23,,,
31679,2026-07-29 21:29:55.111093+00,63549.55,3019367.712092893,346013.566,11565331163.077599,0.00008649800000000001,53356946.371350005,0.0,46.7,BEKLE,false,0.0,0.0,1.578,180.956,42798746.79447007,60.27,46.7,0.0,"[{""usdt"": 22659079.0, ""borsa"": 3, ""fiyat"": 63525.0, ""kaynak"": ""BNB+BYB+OKX""}, {""usdt"": 7738188.0, ""borsa"": 1, ""fiyat"": 63450.0, ""kaynak"": ""BNB""}, {""usdt"": 7005528.0, ""borsa"": 3, ""fiyat"": 63500.0, ""kaynak"": ""BNB+BYB+OKX""}]","[{""usdt"": 13016903.0, ""borsa"": 3, ""fiyat"": 63575.0, ""kaynak"": ""BNB+BYB+OKX""}, {""usdt"": 7956769.0, ""borsa"": 1, ""fiyat"": 63650.0, ""kaynak"": ""BNB""}, {""usdt"": 6442239.0, ""borsa"": 3, ""fiyat"": 63550.0, ""kaynak"": ""BNB+BYB+OKX""}]",SPOT,0.1978,0.1098,0.539,2.3016,false,,false,,2,0,3,2,0,3,8.1,9.2,IZLE,,25,63537,,,,,SEVIYE,65,2388.3,239,,,,,,,,,0,,23,896.2,23,,,
31680,2026-07-29 21:30:55.495442+00,63536.95,4116620.6838987963,496515.92899999995,11579980967.9328,0.00008649800000000001,43501013.48661,20523.2477,47.9,BEKLE,false,0.0,20523.2477,1.578,241.304,41785540.01262004,0,47.9,0.0,"[{""usdt"": 9908938.0, ""borsa"": 3, ""fiyat"": 63525.0, ""kaynak"": ""BNB+BYB+OKX""}, {""usdt"": 8283435.0, ""borsa"": 1, ""fiyat"": 63450.0, ""kaynak"": ""BNB""}, {""usdt"": 7416181.0, ""borsa"": 3, ""fiyat"": 63500.0, ""kaynak"": ""BNB+BYB+OKX""}]","[{""usdt"": 13379654.0, ""borsa"": 3, ""fiyat"": 63550.0, ""kaynak"": ""BNB+BYB+OKX""}, {""usdt"": 9102137.0, ""borsa"": 1, ""fiyat"": 63600.0, ""kaynak"": ""BNB""}, {""usdt"": 7666076.0, ""borsa"": 2, ""fiyat"": 63575.0, ""kaynak"": ""BNB+BYB""}]",SPOT,0.1865,0.0201,0.0914,5.098,false,,false,,2,0,3,0,0,3,4.6,5.7,IZLE,,25,63537,,,,,SEVIYE,65,2389.3,239,ATR,0.54,0.25374832497630173,1.3268784005487242,false,0.055,1785360540,2,0,,23,897.2,23,,,
31681,2026-07-29 21:31:56.794167+00,63516.55,3951508.606847695,279441.202,11587734946.772,0.00008649800000000001,42228066.96175999,20523.2477,12.6,BEKLE,true,0.0,20523.2477,1.578,302.684,42728889.19683003,61.38,12.6,0.0,"[{""usdt"": 11891050.0, ""borsa"": 3, ""fiyat"": 63500.0, ""kaynak"": ""BNB+BYB+OKX""}, {""usdt"": 9535262.0, ""borsa"": 1, ""fiyat"": 63450.0, ""kaynak"": ""BNB""}, {""usdt"": 6436800.0, ""borsa"": 1, ""fiyat"": 63400.0, ""kaynak"": ""BNB""}]","[{""usdt"": 9315106.0, ""borsa"": 3, ""fiyat"": 63550.0, ""kaynak"": ""BNB+BYB+OKX""}, {""usdt"": 7451582.0, ""borsa"": 1, ""fiyat"": 63600.0, ""kaynak"": ""BNB""}, {""usdt"": 7338070.0, ""borsa"": 3, ""fiyat"": 63525.0, ""kaynak"": ""BNB+BYB+OKX""}]",SPOT,0.1957,-0.0059,0.9622,1.812,true,0,false,,3,0,3,0,0,3,2.1,3.2,IZLE,,25,63537,,,,,SEVIYE,65,2390.3,239,,,,,,,1785360540,2,1,,23,898.2,23,,,
31682,2026-07-29 21:32:57.093816+00,63561.55,4118700.6234924956,15260.61,11585329858.5975,0.00008649800000000001,42228066.96175999,20523.2477,31.4,BEKLE,false,0.0,20523.2477,1.578,362.975,42728889.19683003,121.671,31.4,0.0,"[{""usdt"": 11891050.0, ""borsa"": 3, ""fiyat"": 63500.0, ""kaynak"": ""BNB+BYB+OKX""}, {""usdt"": 9535262.0, ""borsa"": 1, ""fiyat"": 63450.0, ""kaynak"": ""BNB""}, {""usdt"": 6436800.0, ""borsa"": 1, ""fiyat"": 63400.0, ""kaynak"": ""BNB""}]","[{""usdt"": 9315106.0, ""borsa"": 3, ""fiyat"": 63550.0, ""kaynak"": ""BNB+BYB+OKX""}, {""usdt"": 7451582.0, ""borsa"": 1, ""fiyat"": 63600.0, ""kaynak"": ""BNB""}, {""usdt"": 7338070.0, ""borsa"": 3, ""fiyat"": 63525.0, ""kaynak"": ""BNB+BYB+OKX""}]",SPOT,0.1957,-0.0059,0.7563,2.0656,true,0,false,,3,0,3,0,0,3,62.4,63.5,IZLE,,25,63537,,,,,SEVIYE,65,2391.3,239,,,,,,,1785360540,2,2,,23,899.2,23,,,
31683,2026-07-29 21:33:57.432937+00,63549.75,4587720.970166697,112253.39200000004,11594935377.1075,0.00008649800000000001,45658932.022270024,20523.2477,33.7,BEKLE,true,0.0,20523.2477,1.5806,423.306,46022456.82328003,0,33.7,0.0,"[{""usdt"": 12229350.0, ""borsa"": 3, ""fiyat"": 63550.0, ""kaynak"": ""BNB+BYB+OKX""}, {""usdt"": 7505291.0, ""borsa"": 1, ""fiyat"": 63450.0, ""kaynak"": ""BNB""}, {""usdt"": 6901682.0, ""borsa"": 3, ""fiyat"": 63525.0, ""kaynak"": ""BNB+BYB+OKX""}]","[{""usdt"": 14834389.0, ""borsa"": 3, ""fiyat"": 63575.0, ""kaynak"": ""BNB+BYB+OKX""}, {""usdt"": 8335832.0, ""borsa"": 1, ""fiyat"": 63650.0, ""kaynak"": ""BNB""}, {""usdt"": 7217814.0, ""borsa"": 2, ""fiyat"": 63600.0, ""kaynak"": ""BNB+BYB""}]",SPOT,0.2015,-0.004,0.7674,1.3528,true,0,false,,2,0,3,1,0,3,58.9,59.9,IZLE,,25,63537,,,,,SEVIYE,65,2392.3,239,,,,,,,1785360540,2,3,,23,900.2,23,,,
31684,2026-07-29 21:34:57.822009+00,63551.55,4704550.561055495,102500.77300000002,11591983838.046701,0.00008649800000000001,41549079.99886002,699.1578,20.3,BEKLE,true,0.0,699.1578,1.5806,483.635,39130556.176840015,60.329,20.3,0.0,"[{""usdt"": 9539486.0, ""borsa"": 3, ""fiyat"": 63550.0, ""kaynak"": ""BNB+BYB+OKX""}, {""usdt"": 8638939.0, ""borsa"": 3, ""fiyat"": 63525.0, ""kaynak"": ""BNB+BYB+OKX""}, {""usdt"": 7283523.0, ""borsa"": 1, ""fiyat"": 63450.0, ""kaynak"": ""BNB""}]","[{""usdt"": 11537431.0, ""borsa"": 3, ""fiyat"": 63575.0, ""kaynak"": ""BNB+BYB+OKX""}, {""usdt"": 7648687.0, ""borsa"": 1, ""fiyat"": 63650.0, ""kaynak"": ""BNB""}, {""usdt"": 7489377.0, ""borsa"": 1, ""fiyat"": 63625.0, ""kaynak"": ""BNB""}]",SPOT,0.183,0.03,0.844,0.0668,true,0.2027,false,,3,0,3,1,0,3,55.4,56.4,HAZIRLAN,LONG,50,63537,63600.5,64426.2,63528.5,37.98,SEVIYE+EMILIM,65,2393.3,239,,,,,,,1785360780,1,0,2.13,23,901.3,23,,,
31685,2026-07-29 21:35:58.299013+00,63520.05,1380028.2013303996,-103149.985,11592379077.0681,0.00008649800000000001,43489585.91587005,699.1578,34.8,BEKLE,true,0.0,699.1578,1.5806,544.048,40969945.837239996,120.742,34.8,0.0,"[{""usdt"": 9343754.0, ""borsa"": 3, ""fiyat"": 63525.0, ""kaynak"": ""BNB+BYB+OKX""}, {""usdt"": 8304801.0, ""borsa"": 3, ""fiyat"": 63550.0, ""kaynak"": ""BNB+BYB+OKX""}, {""usdt"": 7876325.0, ""borsa"": 1, ""fiyat"": 63450.0, ""kaynak"": ""BNB""}]","[{""usdt"": 10691974.0, ""borsa"": 3, ""fiyat"": 63575.0, ""kaynak"": ""BNB+BYB+OKX""}, {""usdt"": 7622182.0, ""borsa"": 1, ""fiyat"": 63650.0, ""kaynak"": ""BNB""}, {""usdt"": 6878156.0, ""borsa"": 1, ""fiyat"": 63625.0, ""kaynak"": ""BNB""}]",SPOT,0.1757,0.0298,0.7856,0.3154,true,0.379,false,,3,0,3,1,0,3,51.9,53,HAZIRLAN,LONG,50,63538.9,63538.9,63644.7,63318.8,0.62,SEVIYE+EMILIM,65,2394.3,240,,,,,,,1785360780,1,1,0.09,21,832.2,21,,,
31686,2026-07-29 21:36:58.688964+00,63529.55,1341022.5105158999,-243286.50499999998,11583774592.980299,0.00008649800000000001,40219660.92823996,699.1578,29.4,BEKLE,true,0.0,699.1578,1.586,604.499,43272340.64425002,0,29.4,0.0,"[{""usdt"": 10452343.0, ""borsa"": 3, ""fiyat"": 63500.0, ""kaynak"": ""BNB+BYB+OKX""}, {""usdt"": 8406574.0, ""borsa"": 1, ""fiyat"": 63450.0, ""kaynak"": ""BNB""}, {""usdt"": 5250572.0, ""borsa"": 2, ""fiyat"": 63475.0, ""kaynak"": ""BNB+BYB""}]","[{""usdt"": 12376847.0, ""borsa"": 3, ""fiyat"": 63550.0, ""kaynak"": ""BNB+BYB+OKX""}, {""usdt"": 7766962.0, ""borsa"": 3, ""fiyat"": 63525.0, ""kaynak"": ""BNB+BYB+OKX""}, {""usdt"": 7022358.0, ""borsa"": 1, ""fiyat"": 63600.0, ""kaynak"": ""BNB""}]",SPOT,0.1807,-0.0366,0.8004,0.2592,false,0.5255,false,,2,0,3,0,1,3,48.5,49.6,IZLE,,25,63538.9,,,,,SEVIYE,65,2395.3,240,,,,,,,1785360780,1,2,,21,833.2,21,,,
31687,2026-07-29 21:37:58.951758+00,63549.350000000006,2246347.2087943982,297836.243,11589051139.9095,0.00008649800000000001,42047025.75855998,699.1578,26.9,BEKLE,false,0.0,699.1578,1.586,664.856,47283599.07100001,60.357,0.0,26.9,"[{""usdt"": 11062636.0, ""borsa"": 3, ""fiyat"": 63525.0, ""kaynak"": ""BNB+BYB+OKX""}, {""usdt"": 7557845.0, ""borsa"": 1, ""fiyat"": 63450.0, ""kaynak"": ""BNB""}, {""usdt"": 5947343.0, ""borsa"": 3, ""fiyat"": 63550.0, ""kaynak"": ""BNB+BYB+OKX""}]","[{""usdt"": 16660822.0, ""borsa"": 3, ""fiyat"": 63575.0, ""kaynak"": ""BNB+BYB+OKX""}, {""usdt"": 7509782.0, ""borsa"": 1, ""fiyat"": 63650.0, ""kaynak"": ""BNB""}, {""usdt"": 7406407.0, ""borsa"": 1, ""fiyat"": 63625.0, ""kaynak"": ""BNB""}]",SPOT,0.1878,-0.0586,0.8417,0.3564,true,0.2058,false,,2,0,3,1,1,3,45,46.1,HAZIRLAN,LONG,50,63538.9,63602.4,63644.7,63530.4,5.04,SEVIYE+EMILIM,65,2396.3,240,,,,,,,1785360780,1,3,2.8,21,834.2,21,,,
31688,2026-07-29 21:38:59.215561+00,63594.649999999994,1934624.2906847987,250498.38400000005,11592021210.197899,0.00008649800000000001,45098571.57178002,127.0934,17.6,BEKLE,false,0.0,127.0934,1.586,725.085,49804235.617100015,60.229,0.0,17.6,"[{""usdt"": 13449152.0, ""borsa"": 3, ""fiyat"": 63550.0, ""kaynak"": ""BNB+BYB+OKX""}, {""usdt"": 7484341.0, ""borsa"": 1, ""fiyat"": 63450.0, ""kaynak"": ""BNB""}, {""usdt"": 6739734.0, ""borsa"": 1, ""fiyat"": 63475.0, ""kaynak"": ""BNB""}]","[{""usdt"": 20684817.0, ""borsa"": 3, ""fiyat"": 63575.0, ""kaynak"": ""BNB+BYB+OKX""}, {""usdt"": 8012140.0, ""borsa"": 1, ""fiyat"": 63675.0, ""kaynak"": ""BNB""}, {""usdt"": 7120883.0, ""borsa"": 2, ""fiyat"": 63600.0, ""kaynak"": ""BNB+BYB""}]",SPOT,0.2227,-0.0496,0.939,1.0329,true,0.2188,false,,3,0,3,0,0,3,41.4,42.5,IZLE,,25,63602.4,,,,,SEVIYE,85,2397.3,240,,,,,,,1785361020,1,0,,21,835.2,21,,,
31689,2026-07-29 21:39:59.553995+00,63582.45,1578485.5413072987,313985.9650000001,11596519677.986801,0.00008649800000000001,45049643.47255997,7439.908300000001,19.6,BEKLE,false,0.0,7439.908300000001,1.586,785.428,42851734.57062997,60.343,0.0,19.6,"[{""usdt"": 11471170.0, ""borsa"": 3, ""fiyat"": 63575.0, ""kaynak"": ""BNB+BYB+OKX""}, {""usdt"": 7250792.0, ""borsa"": 3, ""fiyat"": 63550.0, ""kaynak"": ""BNB+BYB+OKX""}, {""usdt"": 6745433.0, ""borsa"": 1, ""fiyat"": 63500.0, ""kaynak"": ""BNB""}]","[{""usdt"": 10019980.0, ""borsa"": 3, ""fiyat"": 63600.0, ""kaynak"": ""BNB+BYB+OKX""}, {""usdt"": 8666198.0, ""borsa"": 3, ""fiyat"": 63625.0, ""kaynak"": ""BNB+BYB+OKX""}, {""usdt"": 8277274.0, ""borsa"": 1, ""fiyat"": 63675.0, ""kaynak"": ""BNB""}]",SPOT,0.1984,0.025,0.9223,0.5925,true,0.285,false,,2,0,3,0,0,3,37.9,39,HAZIRLAN,LONG,50,63602.4,63602.4,63644.7,63530.4,1.2,SEVIYE+EMILIM,85,2398.3,240,,,,,,,1785361080,2,0,0.38,21,836.2,21,,,
31690,2026-07-29 21:40:59.793418+00,63610.95,-467512.4575563022,6862.103999999981,11595403426.4716,0.00008649800000000001,47254892.885599986,7694.238300000001,11.1,BEKLE,false,254.33,7439.908300000001,1.586,845.724,40504434.34894001,120.639,0.0,11.1,"[{""usdt"": 10439371.0, ""borsa"": 3, ""fiyat"": 63550.0, ""kaynak"": ""BNB+BYB+OKX""}, {""usdt"": 9135558.0, ""borsa"": 3, ""fiyat"": 63575.0, ""kaynak"": ""BNB+BYB+OKX""}, {""usdt"": 8884259.0, ""borsa"": 1, ""fiyat"": 63525.0, ""kaynak"": ""BNB""}]","[{""usdt"": 11582238.0, ""borsa"": 3, ""fiyat"": 63600.0, ""kaynak"": ""BNB+BYB+OKX""}, {""usdt"": 8118153.0, ""borsa"": 1, ""fiyat"": 63650.0, ""kaynak"": ""BNB""}, {""usdt"": 6688002.0, ""borsa"": 2, ""fiyat"": 63625.0, ""kaynak"": ""BNB+BYB""}]",SPOT,0.1511,0.0769,0.9309,2.9785,true,0.2355,false,,2,0,3,1,0,3,34.3,35.4,IZLE,,25,63602.4,,,,,SEVIYE,85,2399.3,240,,,,,,,1785361140,2,0,,21,837.2,21,,,
31691,2026-07-29 21:42:00.130501+00,63596.45,-200541.08153250243,-129381.12599999996,11598559021.2936,0.00008649800000000001,45435768.46075999,31548.363300000005,12.8,BEKLE,false,24108.455,7439.908300000001,1.586,905.916,44220282.75695996,60.192,0.0,12.8,"[{""usdt"": 10822834.0, ""borsa"": 3, ""fiyat"": 63575.0, ""kaynak"": ""BNB+BYB+OKX""}, {""usdt"": 7588171.0, ""borsa"": 1, ""fiyat"": 63525.0, ""kaynak"": ""BNB""}, {""usdt"": 7413494.0, ""borsa"": 3, ""fiyat"": 63550.0, ""kaynak"": ""BNB+BYB+OKX""}]","[{""usdt"": 12912159.0, ""borsa"": 3, ""fiyat"": 63625.0, ""kaynak"": ""BNB+BYB+OKX""}, {""usdt"": 8194285.0, ""borsa"": 3, ""fiyat"": 63600.0, ""kaynak"": ""BNB+BYB+OKX""}, {""usdt"": 7312599.0, ""borsa"": 1, ""fiyat"": 63650.0, ""kaynak"": ""BNB""}]",SPOT,0.2015,0.0136,0.9157,2.5838,true,0.2705,false,,3,0,3,1,0,3,30.7,31.8,IZLE,,25,63602.4,,,,,SEVIYE,85,2400.3,240,,,,,,,1785361200,2,0,,21,838.2,21,,,
31692,2026-07-29 21:43:00.586585+00,63556.350000000006,-231205.54839020217,-182200.146,11598490242.899601,0.00008649800000000001,45812759.009210005,31739.139400000004,35.1,BEKLE,true,24108.455,7630.684400000001,1.59,966.353,75077560.56030001,120.629,35.1,0.0,"[{""usdt"": 12538242.0, ""borsa"": 3, ""fiyat"": 63550.0, ""kaynak"": ""BNB+BYB+OKX""}, {""usdt"": 8183593.0, ""borsa"": 1, ""fiyat"": 63450.0, ""kaynak"": ""BNB""}, {""usdt"": 6467910.0, ""borsa"": 1, ""fiyat"": 63475.0, ""kaynak"": ""BNB""}]","[{""usdt"": 48102457.0, ""borsa"": 3, ""fiyat"": 63600.0, ""kaynak"": ""BNB+BYB+OKX""}, {""usdt"": 6505940.0, ""borsa"": 1, ""fiyat"": 63675.0, ""kaynak"": ""BNB""}, {""usdt"": 5622899.0, ""borsa"": 1, ""fiyat"": 63650.0, ""kaynak"": ""BNB""}]",SPOT,0.1733,-0.2421,0.8056,0.1479,true,0.3284,false,,2,0,3,0,1,3,27.2,28.3,HAZIRLAN,LONG,50,63538.9,63602.4,63644.7,63530.4,3.41,SEVIYE+EMILIM,65,2401.3,240,,,,,,,1785361320,2,0,1.78,21,839.2,21,,,
31693,2026-07-29 21:44:00.893926+00,63551.75,-112260.86775220142,-196414.185,11589824947.7698,0.00008649800000000001,44524211.426130004,24426.237,27.5,BEKLE,true,24108.455,317.78200000000004,1.59,1026.773,76634800.26289006,60.42,27.5,0.0,"[{""usdt"": 12651373.0, ""borsa"": 3, ""fiyat"": 63525.0, ""kaynak"": ""BNB+BYB+OKX""}, {""usdt"": 9477408.0, ""borsa"": 1, ""fiyat"": 63450.0, ""kaynak"": ""BNB""}, {""usdt"": 7719939.0, ""borsa"": 3, ""fiyat"": 63500.0, ""kaynak"": ""BNB+BYB+OKX""}]","[{""usdt"": 41119403.0, ""borsa"": 1, ""fiyat"": 63600.0, ""kaynak"": ""BNB""}, {""usdt"": 13568559.0, ""borsa"": 3, ""fiyat"": 63575.0, ""kaynak"": ""BNB+BYB+OKX""}, {""usdt"": 8802887.0, ""borsa"": 1, ""fiyat"": 63650.0, ""kaynak"": ""BNB""}]",SPOT,0.1773,-0.265,0.7862,1.0702,true,0.3483,false,,2,0,3,1,1,3,23.8,24.9,IZLE,,25,63538.9,,,,,SEVIYE,65,2402.3,240,,,,,,,1785361320,1,0,,21,840.2,21,,,
31694,2026-07-29 21:45:01.557901+00,63531.149999999994,-161769.05501280533,-364670.30900000007,11588244306.631397,0.00008649800000000001,39849964.98042001,24171.907,29.4,BEKLE,true,23854.125,317.78200000000004,1.59,1087.042,74060800.40108007,120.689,29.4,0.0,"[{""usdt"": 10331696.0, ""borsa"": 3, ""fiyat"": 63500.0, ""kaynak"": ""BNB+BYB+OKX""}, {""usdt"": 7426336.0, ""borsa"": 1, ""fiyat"": 63450.0, ""kaynak"": ""BNB""}, {""usdt"": 7411896.0, ""borsa"": 3, ""fiyat"": 63525.0, ""kaynak"": ""BNB+BYB+OKX""}]","[{""usdt"": 40833337.0, ""borsa"": 1, ""fiyat"": 63600.0, ""kaynak"": ""BNB""}, {""usdt"": 9240876.0, ""borsa"": 2, ""fiyat"": 63575.0, ""kaynak"": ""BNB+BYB""}, {""usdt"": 8775581.0, ""borsa"": 3, ""fiyat"": 63550.0, ""kaynak"": ""BNB+BYB+OKX""}]",YOK,0.112,-0.3003,0.673,1.2889,false,0.5777,false,,0,0,3,0,1,3,20.2,21.3,IZLE,,25,63538.9,,,,,SEVIYE,65,2403.4,240,,,,,,,1785361320,1,0,,21,841.2,21,,,
31695,2026-07-29 21:46:01.84709+00,63527.55,356822.54752319294,100358.97699999998,11581515260.3011,0.00008649800000000001,40417684.082740024,317.78200000000004,11.9,BEKLE,,0.0,317.78200000000004,1.59,1147.728,71833567.99852996,181.375,0.0,11.9,"[{""usdt"": 8899488.0, ""borsa"": 1, ""fiyat"": 63450.0, ""kaynak"": ""BNB""}, {""usdt"": 8837978.0, ""borsa"": 3, ""fiyat"": 63500.0, ""kaynak"": ""BNB+BYB+OKX""}, {""usdt"": 7068830.0, ""borsa"": 3, ""fiyat"": 63475.0, ""kaynak"": ""BNB+BYB+OKX""}]","[{""usdt"": 40127538.0, ""borsa"": 1, ""fiyat"": 63600.0, ""kaynak"": ""BNB""}, {""usdt"": 10427155.0, ""borsa"": 3, ""fiyat"": 63525.0, ""kaynak"": ""BNB+BYB+OKX""}, {""usdt"": 7483159.0, ""borsa"": 1, ""fiyat"": 63575.0, ""kaynak"": ""BNB""}]",YOK,0.1305,-0.2799,0.8796,5.5281,false,1.2482,false,,1,0,3,0,1,3,17.1,18.1,IZLE,,25,63536.2,,,,,SEVIYE,65,2404.4,241,ATR,0.27,1.73167208768876,1.6012057465061624,false,0.061,1785361320,1,0,,19,842.2,19,,,
31696,2026-07-29 21:47:02.72915+00,63548.850000000006,612393.587630393,122131.34199999996,11586892184.3048,0.00008649800000000001,45347594.07043999,317.78200000000004,19.7,BEKLE,,0.0,317.78200000000004,1.59,1208.664,75566097.03970997,242.311,0.0,19.7,"[{""usdt"": 11402448.0, ""borsa"": 3, ""fiyat"": 63525.0, ""kaynak"": ""BNB+BYB+OKX""}, {""usdt"": 8179897.0, ""borsa"": 1, ""fiyat"": 63475.0, ""kaynak"": ""BNB""}, {""usdt"": 7626965.0, ""borsa"": 1, ""fiyat"": 63425.0, ""kaynak"": ""BNB""}]","[{""usdt"": 41125779.0, ""borsa"": 1, ""fiyat"": 63600.0, ""kaynak"": ""BNB""}, {""usdt"": 13639577.0, ""borsa"": 3, ""fiyat"": 63575.0, ""kaynak"": ""BNB+BYB+OKX""}, {""usdt"": 7304362.0, ""borsa"": 1, ""fiyat"": 63650.0, ""kaynak"": ""BNB""}]",YOK,0.1002,-0.2499,0.7281,2.6491,false,1.1785,false,,0,0,3,1,1,3,13.7,15.2,IZLE,,25,63536.2,,,,,SEVIYE,65,2405.4,241,,,,,,,1785361320,1,1,,19,843.3,19,,,
31697,2026-07-29 21:48:03.047616+00,63535.149999999994,935644.2217824936,21917.213,11586373802.270802,0.00008649800000000001,40696945.62532,0.0,16.7,BEKLE,false,0.0,0.0,1.592,1268.915,77345187.90632994,302.562,0.0,16.7,"[{""usdt"": 11117685.0, ""borsa"": 3, ""fiyat"": 63500.0, ""kaynak"": ""BNB+BYB+OKX""}, {""usdt"": 7840968.0, ""borsa"": 1, ""fiyat"": 63450.0, ""kaynak"": ""BNB""}, {""usdt"": 6967665.0, ""borsa"": 1, ""fiyat"": 63475.0, ""kaynak"": ""BNB""}]","[{""usdt"": 42577920.0, ""borsa"": 1, ""fiyat"": 63600.0, ""kaynak"": ""BNB""}, {""usdt"": 11563676.0, ""borsa"": 3, ""fiyat"": 63550.0, ""kaynak"": ""BNB+BYB+OKX""}, {""usdt"": 8469559.0, ""borsa"": 1, ""fiyat"": 63650.0, ""kaynak"": ""BNB""}]",YOK,0.0864,-0.3105,0.8257,0.9327,false,1.1792,false,,1,1,3,0,1,3,10.1,11.2,IZLE,,25,63536.2,,,,,SEVIYE,65,2406.4,241,,,,,,,,,0,,19,844.3,19,,,
31698,2026-07-29 21:49:03.454937+00,63640.850000000006,2138412.2060621926,1055281.086,11590089175.6379,0.00008649800000000001,42176714.16273002,0.0,20.0,BEKLE,false,0.0,0.0,1.592,0,39722074.511400014,0,0.0,20.0,"[{""usdt"": 12276995.0, ""borsa"": 3, ""fiyat"": 63625.0, ""kaynak"": ""BNB+BYB+OKX""}, {""usdt"": 7816172.0, ""borsa"": 3, ""fiyat"": 63600.0, ""kaynak"": ""BNB+BYB+OKX""}, {""usdt"": 7414586.0, ""borsa"": 1, ""fiyat"": 63550.0, ""kaynak"": ""BNB""}]","[{""usdt"": 11049190.0, ""borsa"": 1, ""fiyat"": 63725.0, ""kaynak"": ""BNB""}, {""usdt"": 9669393.0, ""borsa"": 3, ""fiyat"": 63650.0, ""kaynak"": ""BNB+BYB+OKX""}, {""usdt"": 8286974.0, ""borsa"": 2, ""fiyat"": 63675.0, ""kaynak"": ""BNB+BYB""}]",SPOT,0.2397,0.03,0.5984,1.4729,false,,false,,3,0,3,1,0,3,6.5,7.6,IZLE,,25,63664.6,,,,,SEVIYE,70,1556.2,156,,,,,,,,,0,,19,845.3,19,,,
31699,2026-07-29 21:50:03.761258+00,63613.05,1377381.9422837915,744360.1080000001,11595480005.263,0.00008649800000000001,47505144.22760001,5854.9677,19.9,BEKLE,false,0.0,5854.9677,1.592,60.402,39083450.21836002,60.402,0.0,19.9,"[{""usdt"": 11740175.0, ""borsa"": 3, ""fiyat"": 63575.0, ""kaynak"": ""BNB+BYB+OKX""}, {""usdt"": 8127539.0, ""borsa"": 1, ""fiyat"": 63525.0, ""kaynak"": ""BNB""}, {""usdt"": 7838185.0, ""borsa"": 2, ""fiyat"": 63550.0, ""kaynak"": ""BNB+BYB""}]","[{""usdt"": 8006066.0, ""borsa"": 3, ""fiyat"": 63625.0, ""kaynak"": ""BNB+BYB+OKX""}, {""usdt"": 7599303.0, ""borsa"": 1, ""fiyat"": 63700.0, ""kaynak"": ""BNB""}, {""usdt"": 7374196.0, ""borsa"": 1, ""fiyat"": 63650.0, ""kaynak"": ""BNB""}]",SPOT,0.19,0.0973,0.5349,1.7703,false,,false,0.1572,2,0,3,2,0,3,3.1,4.2,IZLE,,25,63600.4,,,,,SEVIYE,85,2408.4,241,,,,,,,1785361680,2,0,,19,846.3,19,,,
31700,2026-07-29 21:51:04.285435+00,63596.55,1414000.6313315935,324703.3959999999,11594491245.916,0.00008649800000000001,44560098.6838,5854.9677,13.9,BEKLE,false,0.0,5854.9677,1.592,60.323,38378344.00076002,60.323,0.0,13.9,"[{""usdt"": 13940820.0, ""borsa"": 3, ""fiyat"": 63575.0, ""kaynak"": ""BNB+BYB+OKX""}, {""usdt"": 7382369.0, ""borsa"": 1, ""fiyat"": 63500.0, ""kaynak"": ""BNB""}, {""usdt"": 6920645.0, ""borsa"": 1, ""fiyat"": 63525.0, ""kaynak"": ""BNB""}]","[{""usdt"": 9631044.0, ""borsa"": 3, ""fiyat"": 63625.0, ""kaynak"": ""BNB+BYB+OKX""}, {""usdt"": 8420353.0, ""borsa"": 1, ""fiyat"": 63675.0, ""kaynak"": ""BNB""}, {""usdt"": 7360804.0, ""borsa"": 1, ""fiyat"": 63700.0, ""kaynak"": ""BNB""}]",SPOT,0.19,0.0745,0.7961,3.232,false,,false,0.0895,2,0,3,2,0,3,63.4,61.9,IZLE,,25,63600.4,,,,,SEVIYE,85,2409.4,241,,,,,,,1785361680,2,1,,19,847.3,19,,,
31701,2026-07-29 21:52:04.692501+00,63619.95,1521732.2761066935,353479.518,11598830446.991901,0.00008649800000000001,43943456.943679996,5918.5643,14.1,BEKLE,false,63.5966,5854.9677,1.5913,120.959,39270360.40334001,120.959,0.0,14.1,"[{""usdt"": 14985528.0, ""borsa"": 3, ""fiyat"": 63575.0, ""kaynak"": ""BNB+BYB+OKX""}, {""usdt"": 7382369.0, ""borsa"": 1, ""fiyat"": 63500.0, ""kaynak"": ""BNB""}, {""usdt"": 6920645.0, ""borsa"": 1, ""fiyat"": 63525.0, ""kaynak"": ""BNB""}]","[{""usdt"": 8696264.0, ""borsa"": 3, ""fiyat"": 63600.0, ""kaynak"": ""BNB+BYB+OKX""}, {""usdt"": 8420353.0, ""borsa"": 1, ""fiyat"": 63675.0, ""kaynak"": ""BNB""}, {""usdt"": 7780972.0, ""borsa"": 3, ""fiyat"": 63625.0, ""kaynak"": ""BNB+BYB+OKX""}]",SPOT,0.1823,0.0562,0.7651,3.7197,false,,false,0.0052,3,0,3,0,0,3,60,61.3,IZLE,,25,63600.4,,,,,SEVIYE,85,2410.4,241,,,,,,,1785361800,2,0,,19,848.3,19,,,
31702,2026-07-29 21:53:04.959452+00,63737.25,2496183.5060356944,1037028.2110000001,11593915356.396801,0.00008649800000000001,43087370.785610035,13368.6329,0.0,BEKLE,,63.5966,13305.0363,1.5913,120.955,35089762.38574001,0,0.0,0.0,"[{""usdt"": 14196597.0, ""borsa"": 3, ""fiyat"": 63625.0, ""kaynak"": ""BNB+BYB+OKX""}, {""usdt"": 7935893.0, ""borsa"": 1, ""fiyat"": 63525.0, ""kaynak"": ""BNB""}, {""usdt"": 6166682.0, ""borsa"": 3, ""fiyat"": 63600.0, ""kaynak"": ""BNB+BYB+OKX""}]","[{""usdt"": 7916777.0, ""borsa"": 1, ""fiyat"": 63725.0, ""kaynak"": ""BNB""}, {""usdt"": 7254536.0, ""borsa"": 2, ""fiyat"": 63675.0, ""kaynak"": ""BNB+BYB""}, {""usdt"": 6541272.0, ""borsa"": 1, ""fiyat"": 63700.0, ""kaynak"": ""BNB""}]",SPOT,0.2071,0.1023,0.5602,4.5124,false,,false,0.1037,2,0,3,2,0,3,56.5,57.6,IZLE,,25,63710.6,,,,,SEVIYE,50,1560.2,156,,,,,,,1785361920,2,0,,19,849.3,19,,,
31703,2026-07-29 21:54:05.301388+00,63723.55,3003207.745919795,2468596.95,11604547525.9995,0.00008649800000000001,43398915.951490015,73737.835,18.5,BEKLE,false,63.5966,73674.2384,1.5913,0,33851451.03342001,0,0.0,18.5,"[{""usdt"": 8949264.0, ""borsa"": 3, ""fiyat"": 63750.0, ""kaynak"": ""BNB+BYB+OKX""}, {""usdt"": 8908538.0, ""borsa"": 1, ""fiyat"": 63625.0, ""kaynak"": ""BNB""}, {""usdt"": 7990295.0, ""borsa"": 3, ""fiyat"": 63725.0, ""kaynak"": ""BNB+BYB+OKX""}]","[{""usdt"": 10993043.0, ""borsa"": 3, ""fiyat"": 63775.0, ""kaynak"": ""BNB+BYB+OKX""}, {""usdt"": 7291582.0, ""borsa"": 1, ""fiyat"": 63850.0, ""kaynak"": ""BNB""}, {""usdt"": 6480434.0, ""borsa"": 1, ""fiyat"": 63825.0, ""kaynak"": ""BNB""}]",SPOT,0.2437,0.1236,0.3365,1.9978,false,,false,0.2788,3,0,3,1,0,3,52.9,54,IZLE,,25,63710.6,,,,,SEVIYE,50,1561.2,156,,,,,,,1785361980,2,0,,19,850.3,19,,,
31704,2026-07-29 21:55:05.534151+00,63712.95,3367212.197278699,2475082.073,11606456811.1556,0.00008649800000000001,49515834.01449999,73736.31670000001,22.7,BEKLE,false,63.5966,73672.7201,1.5913,60.354,39428788.89599001,0,0.0,22.7,"[{""usdt"": 15095097.0, ""borsa"": 3, ""fiyat"": 63700.0, ""kaynak"": ""BNB+BYB+OKX""}, {""usdt"": 9938340.0, ""borsa"": 1, ""fiyat"": 63650.0, ""kaynak"": ""BNB""}, {""usdt"": 6807016.0, ""borsa"": 1, ""fiyat"": 63625.0, ""kaynak"": ""BNB""}]","[{""usdt"": 9566681.0, ""borsa"": 3, ""fiyat"": 63750.0, ""kaynak"": ""BNB+BYB+OKX""}, {""usdt"": 8690924.0, ""borsa"": 1, ""fiyat"": 63800.0, ""kaynak"": ""BNB""}, {""usdt"": 8183921.0, ""borsa"": 1, ""fiyat"": 63825.0, ""kaynak"": ""BNB""}]",SPOT,0.1738,0.1134,0.4882,1.518,false,,false,0.5029,2,0,3,2,0,3,49.4,50.5,IZLE,,25,63710.6,,,,,SEVIYE,50,1562.2,157,,,,,,,1785361980,2,0,,20,921.4,20,,,
31705,2026-07-29 21:56:05.784844+00,63699.25,2508781.141932001,2712271.3299999996,11607895997.189999,0.00008649800000000001,46113309.97722004,73672.7201,24.2,BEKLE,false,0.0,73672.7201,1.5913,120.546,39358188.180929996,60.192,0.0,24.2,"[{""usdt"": 14022373.0, ""borsa"": 3, ""fiyat"": 63675.0, ""kaynak"": ""BNB+BYB+OKX""}, {""usdt"": 8135045.0, ""borsa"": 1, ""fiyat"": 63600.0, ""kaynak"": ""BNB""}, {""usdt"": 7941207.0, ""borsa"": 1, ""fiyat"": 63625.0, ""kaynak"": ""BNB""}]","[{""usdt"": 8537680.0, ""borsa"": 1, ""fiyat"": 63775.0, ""kaynak"": ""BNB""}, {""usdt"": 8157050.0, ""borsa"": 3, ""fiyat"": 63725.0, ""kaynak"": ""BNB+BYB+OKX""}, {""usdt"": 7626855.0, ""borsa"": 1, ""fiyat"": 63800.0, ""kaynak"": ""BNB""}]",YOK,0.1323,0.079,0.2756,1.6015,false,,false,0.4276,2,0,3,0,0,3,45.7,46.8,IZLE,,25,63710.6,,,,,SEVIYE,50,1563.2,157,,,,,,,1785361980,2,0,,20,922.4,20,,,
31706,2026-07-29 21:57:06.077161+00,63702.05,2639615.3983589015,2708760.1949999994,11608122766.395699,0.00008649800000000001,48013828.58724003,73672.7201,27.0,BEKLE,false,0.0,73672.7201,1.5913,0,37790100.675589986,60.271,0.0,27.0,"[{""usdt"": 13656747.0, ""borsa"": 3, ""fiyat"": 63675.0, ""kaynak"": ""BNB+BYB+OKX""}, {""usdt"": 10461878.0, ""borsa"": 3, ""fiyat"": 63700.0, ""kaynak"": ""BNB+BYB+OKX""}, {""usdt"": 7252580.0, ""borsa"": 1, ""fiyat"": 63600.0, ""kaynak"": ""BNB""}]","[{""usdt"": 9619829.0, ""borsa"": 3, ""fiyat"": 63725.0, ""kaynak"": ""BNB+BYB+OKX""}, {""usdt"": 9468939.0, ""borsa"": 1, ""fiyat"": 63800.0, ""kaynak"": ""BNB""}, {""usdt"": 6838586.0, ""borsa"": 1, ""fiyat"": 63750.0, ""kaynak"": ""BNB""}]",SPOT,0.1523,0.1192,0.2825,1.2849,false,,false,0.5984,1,0,3,1,0,3,42.2,43.3,IZLE,,25,63710.6,,,,,SEVIYE,50,1564.2,157,,,,,,,1785361980,2,1,,20,923.4,20,,,
31707,2026-07-29 21:58:06.399025+00,63757.05,2875337.9593827035,2728122.173,11614167317.647799,0.00008649800000000001,42563744.643209994,12552.868999999999,31.9,BEKLE,false,0.0,12552.868999999999,1.5887,60.313,39409482.99518996,120.584,0.0,31.9,"[{""usdt"": 13026942.0, ""borsa"": 3, ""fiyat"": 63675.0, ""kaynak"": ""BNB+BYB+OKX""}, {""usdt"": 8876628.0, ""borsa"": 1, ""fiyat"": 63625.0, ""kaynak"": ""BNB""}, {""usdt"": 6646290.0, ""borsa"": 1, ""fiyat"": 63600.0, ""kaynak"": ""BNB""}]","[{""usdt"": 10750789.0, ""borsa"": 3, ""fiyat"": 63725.0, ""kaynak"": ""BNB+BYB+OKX""}, {""usdt"": 9028685.0, ""borsa"": 1, ""fiyat"": 63775.0, ""kaynak"": ""BNB""}, {""usdt"": 7231397.0, ""borsa"": 1, ""fiyat"": 63800.0, ""kaynak"": ""BNB""}]",YOK,0.1393,0.0385,0.1568,0.5062,false,,false,0.6593,2,0,3,0,0,3,38.7,39.8,IZLE,,25,63710.6,,,,,SEVIYE,50,1565.2,157,,,,,,,1785361980,2,0,,20,924.4,20,,,
31708,2026-07-29 21:59:06.663371+00,63808.149999999994,3533518.472656703,2976586.92,11625449858.0051,0.00008649800000000001,50976414.18632003,307183.1015,12.8,BEKLE,false,0.0,307183.1015,1.5887,120.648,36402098.84949003,0,0.0,12.8,"[{""usdt"": 17726463.0, ""borsa"": 3, ""fiyat"": 63750.0, ""kaynak"": ""BNB+BYB+OKX""}, {""usdt"": 9226956.0, ""borsa"": 1, ""fiyat"": 63675.0, ""kaynak"": ""BNB""}, {""usdt"": 7854124.0, ""borsa"": 3, ""fiyat"": 63725.0, ""kaynak"": ""BNB+BYB+OKX""}]","[{""usdt"": 8427290.0, ""borsa"": 1, ""fiyat"": 63825.0, ""kaynak"": ""BNB""}, {""usdt"": 8407905.0, ""borsa"": 3, ""fiyat"": 63775.0, ""kaynak"": ""BNB+BYB+OKX""}, {""usdt"": 6926611.0, ""borsa"": 1, ""fiyat"": 63800.0, ""kaynak"": ""BNB""}]",HER_IKISI,0.2234,0.1668,0.4641,4.5777,false,,false,0.784,2,0,3,2,0,3,35.2,36.3,IZLE,,25,63837.6,,,,,SEVIYE,55,1686.4,169,,,,,,,1785362280,2,0,,20,925.4,20,,,
31709,2026-07-29 22:00:06.984137+00,63841.649999999994,3090630.958618502,3076400.605999999,11624587241.570702,0.00008649800000000001,44085158.25469995,314928.98610000004,0.0,BEKLE,,0.0,314928.98610000004,1.5887,60.224,42125310.92220006,0,0.0,0.0,"[{""usdt"": 14679462.0, ""borsa"": 3, ""fiyat"": 63800.0, ""kaynak"": ""BNB+BYB+OKX""}, {""usdt"": 8148193.0, ""borsa"": 1, ""fiyat"": 63750.0, ""kaynak"": ""BNB""}, {""usdt"": 6319207.0, ""borsa"": 1, ""fiyat"": 63775.0, ""kaynak"": ""BNB""}]","[{""usdt"": 8607058.0, ""borsa"": 1, ""fiyat"": 63875.0, ""kaynak"": ""BNB""}, {""usdt"": 8131758.0, ""borsa"": 1, ""fiyat"": 63900.0, ""kaynak"": ""BNB""}, {""usdt"": 7903820.0, ""borsa"": 3, ""fiyat"": 63825.0, ""kaynak"": ""BNB+BYB+OKX""}]",SPOT,0.1834,0.0227,0.2762,7.9473,false,,false,1.8308,2,0,3,1,0,3,31.6,32.7,IZLE,,25,63837.6,,,,,SEVIYE,55,1687.4,169,ATR,0.55,25.624024917598625,1.7134039671450798,false,0.539,1785362280,2,0,,20,926.4,20,,,
31710,2026-07-29 22:01:08.468421+00,63953.45,4045923.1358941053,5400738.041,11632835785.7957,0.00008649800000000001,46073429.31207,386503.44560000004,0.0,BEKLE,,0.0,386503.44560000004,1.5887,61.466,39741043.197109945,0,0.0,0.0,"[{""usdt"": 10937580.0, ""borsa"": 3, ""fiyat"": 63825.0, ""kaynak"": ""BNB+BYB+OKX""}, {""usdt"": 9491184.0, ""borsa"": 3, ""fiyat"": 63850.0, ""kaynak"": ""BNB+BYB+OKX""}, {""usdt"": 7595353.0, ""borsa"": 1, ""fiyat"": 63750.0, ""kaynak"": ""BNB""}]","[{""usdt"": 9964917.0, ""borsa"": 3, ""fiyat"": 63875.0, ""kaynak"": ""BNB+BYB+OKX""}, {""usdt"": 9815477.0, ""borsa"": 1, ""fiyat"": 63950.0, ""kaynak"": ""BNB""}, {""usdt"": 7037108.0, ""borsa"": 1, ""fiyat"": 63900.0, ""kaynak"": ""BNB""}]",SPOT,0.1863,0.0738,0.3217,3.2907,false,,false,1.9478,2,0,3,1,0,3,29.3,30.3,IZLE,,25,63997.6,,,,,SEVIYE,80,2419.5,242,,,,,,,1785362400,2,0,,20,927.4,20,,,
31711,2026-07-29 22:02:08.852759+00,63895.05,3509770.729538704,4922002.775,11622392005.4239,0.00008649800000000001,46847793.93457,591677.9442,0.0,BEKLE,,0.0,591677.9442,1.5887,0,38588506.41381,0,0.0,0.0,"[{""usdt"": 14025474.0, ""borsa"": 3, ""fiyat"": 63875.0, ""kaynak"": ""BNB+BYB+OKX""}, {""usdt"": 7458593.0, ""borsa"": 1, ""fiyat"": 63825.0, ""kaynak"": ""BNB""}, {""usdt"": 6767374.0, ""borsa"": 2, ""fiyat"": 63850.0, ""kaynak"": ""BNB+BYB""}]","[{""usdt"": 9460539.0, ""borsa"": 1, ""fiyat"": 64000.0, ""kaynak"": ""BNB""}, {""usdt"": 6923611.0, ""borsa"": 3, ""fiyat"": 63925.0, ""kaynak"": ""BNB+BYB+OKX""}, {""usdt"": 6514916.0, ""borsa"": 3, ""fiyat"": 63900.0, ""kaynak"": ""BNB+BYB+OKX""}]",YOK,0.1338,0.0967,0.2459,3.3738,false,,false,1.7403,1,0,3,0,0,3,25.6,26.7,IZLE,,25,63837.6,,,,,SEVIYE,55,1689.4,169,,,,,,,1785362460,2,0,,20,928.4,20,,,
31712,2026-07-29 22:03:09.26797+00,63920.35,4094836.1224487973,5286348.580999999,11618305557.837399,0.00008649800000000001,47126680.55044005,276748.9581,0.0,BEKLE,,0.0,276748.9581,1.59,60.288,41138996.89757998,60.288,0.0,0.0,"[{""usdt"": 14098735.0, ""borsa"": 3, ""fiyat"": 63850.0, ""kaynak"": ""BNB+BYB+OKX""}, {""usdt"": 8955516.0, ""borsa"": 1, ""fiyat"": 63800.0, ""kaynak"": ""BNB""}, {""usdt"": 7406526.0, ""borsa"": 1, ""fiyat"": 63825.0, ""kaynak"": ""BNB""}]","[{""usdt"": 10774892.0, ""borsa"": 3, ""fiyat"": 63900.0, ""kaynak"": ""BNB+BYB+OKX""}, {""usdt"": 8326192.0, ""borsa"": 1, ""fiyat"": 64000.0, ""kaynak"": ""BNB""}, {""usdt"": 7204066.0, ""borsa"": 1, ""fiyat"": 63975.0, ""kaynak"": ""BNB""}]",YOK,0.098,0.0678,0.2834,2.345,false,,false,1.7324,1,0,3,1,0,3,22,23.1,IZLE,,25,63997.6,,,,,SEVIYE,80,2421.5,242,,,,,,,1785362460,2,0,,20,929.4,20,,,
31713,2026-07-29 22:04:09.706705+00,63913.95,4094836.1224487973,5286348.580999999,11618305557.837399,0.00008649800000000001,93965784.62461987,276748.9581,29.0,BEKLE,false,0.0,276748.9581,1.59,60.446,47881387.551400036,120.734,0.0,29.0,"[{""usdt"": 35658526.0, ""borsa"": 3, ""fiyat"": 63900.0, ""kaynak"": ""BNB+BYB+OKX""}, {""usdt"": 33568999.0, ""borsa"": 2, ""fiyat"": 63875.0, ""kaynak"": ""BNB+OKX""}, {""usdt"": 7621473.0, ""borsa"": 1, ""fiyat"": 63825.0, ""kaynak"": ""BNB""}]","[{""usdt"": 11012881.0, ""borsa"": 3, ""fiyat"": 63950.0, ""kaynak"": ""BNB+BYB+OKX""}, {""usdt"": 8779772.0, ""borsa"": 3, ""fiyat"": 63925.0, ""kaynak"": ""BNB+BYB+OKX""}, {""usdt"": 8169598.0, ""borsa"": 1, ""fiyat"": 64025.0, ""kaynak"": ""BNB""}]",PERP,0.0895,0.3249,0.1678,1.9527,false,,false,1.9753,1,0,3,1,0,3,18.6,19.7,IZLE,,50,63837.6,,,,,SEVIYE+TASFIYE,55,1691.4,169,,,,,,,1785362460,2,0,,20,930.5,20,,,
31714,2026-07-29 22:05:10.981197+00,63912.350000000006,4256852.364529192,1911409.6979999996,11628953170.5695,0.00008649800000000001,50130537.97130001,276748.9581,31.7,BEKLE,true,0.0,276748.9581,1.59,121.875,49868476.90673001,182.163,31.7,0.0,"[{""usdt"": 12145893.0, ""borsa"": 3, ""fiyat"": 63850.0, ""kaynak"": ""BNB+BYB+OKX""}, {""usdt"": 9888770.0, ""borsa"": 1, ""fiyat"": 63800.0, ""kaynak"": ""BNB""}, {""usdt"": 8586290.0, ""borsa"": 3, ""fiyat"": 63875.0, ""kaynak"": ""BNB+BYB+OKX""}]","[{""usdt"": 12370919.0, ""borsa"": 3, ""fiyat"": 63900.0, ""kaynak"": ""BNB+BYB+OKX""}, {""usdt"": 8854500.0, ""borsa"": 1, ""fiyat"": 64000.0, ""kaynak"": ""BNB""}, {""usdt"": 8413233.0, ""borsa"": 1, ""fiyat"": 63950.0, ""kaynak"": ""BNB""}]",YOK,0.11,0.0026,0.4581,1.6745,false,,false,3.4824,1,0,3,0,0,3,16.2,17.3,IZLE,,25,63837.6,,,,,SEVIYE,55,1692.5,170,,,,,,,1785362460,2,1,,21,841.4,21,,,
31715,2026-07-29 22:06:11.320248+00,64012.25,2899342.20243239,-1388528.5860000001,11629865830.085201,0.00008649800000000001,44832362.57489998,205174.4986,69.9,BEKLE,true,0.0,205174.4986,1.5887,0,44429027.56804996,0,69.9,0.0,"[{""usdt"": 12219017.0, ""borsa"": 3, ""fiyat"": 64000.0, ""kaynak"": ""BNB+BYB+OKX""}, {""usdt"": 10858944.0, ""borsa"": 1, ""fiyat"": 63925.0, ""kaynak"": ""BNB""}, {""usdt"": 7255869.0, ""borsa"": 2, ""fiyat"": 63975.0, ""kaynak"": ""BNB+BYB""}]","[{""usdt"": 10465466.0, ""borsa"": 1, ""fiyat"": 64075.0, ""kaynak"": ""BNB""}, {""usdt"": 10106310.0, ""borsa"": 3, ""fiyat"": 64050.0, ""kaynak"": ""BNB+BYB+OKX""}, {""usdt"": 9331642.0, ""borsa"": 1, ""fiyat"": 64100.0, ""kaynak"": ""BNB""}]",SPOT,0.1766,0.0045,0.1248,0.3853,false,0.6222,false,,2,0,3,2,0,3,12.6,13.7,IZLE,,25,63999.7,,,,,SEVIYE,80,2424.5,243,,,,,,,1785362460,2,0,,21,842.4,21,,,
31716,2026-07-29 22:07:11.65413+00,63973.149999999994,4472729.025935186,277777.9099999998,11657637519.6349,0.00008649800000000001,52325965.23442001,270620.9066,75.5,BEKLE,,0.0,270620.9066,1.5887,60.336,42942864.87445998,0,75.5,0.0,"[{""usdt"": 14656177.0, ""borsa"": 3, ""fiyat"": 63950.0, ""kaynak"": ""BNB+BYB+OKX""}, {""usdt"": 14003594.0, ""borsa"": 3, ""fiyat"": 63925.0, ""kaynak"": ""BNB+BYB+OKX""}, {""usdt"": 8298348.0, ""borsa"": 1, ""fiyat"": 63875.0, ""kaynak"": ""BNB""}]","[{""usdt"": 8019449.0, ""borsa"": 3, ""fiyat"": 64000.0, ""kaynak"": ""BNB+BYB+OKX""}, {""usdt"": 7697787.0, ""borsa"": 1, ""fiyat"": 64075.0, ""kaynak"": ""BNB""}, {""usdt"": 6858319.0, ""borsa"": 1, ""fiyat"": 64100.0, ""kaynak"": ""BNB""}]",YOK,0.0402,0.0985,0.149,0.7281,true,0.2339,false,,1,1,3,0,0,3,9.1,10.2,IZLE,,25,63999.7,,,,,SEVIYE,80,2425.5,243,,,,,,,1785362760,2,0,,21,843.4,21,,,
31717,2026-07-29 22:08:11.936414+00,63990.45,4110854.6922588847,608520.751,11651525946.0606,0.00008649800000000001,43665075.72219997,329508.0314,63.6,BEKLE,true,0.0,329508.0314,1.5887,60.345,54013488.33312992,0,63.6,0.0,"[{""usdt"": 10553311.0, ""borsa"": 3, ""fiyat"": 63975.0, ""kaynak"": ""BNB+BYB+OKX""}, {""usdt"": 8731115.0, ""borsa"": 3, ""fiyat"": 63950.0, ""kaynak"": ""BNB+BYB+OKX""}, {""usdt"": 7824597.0, ""borsa"": 1, ""fiyat"": 63900.0, ""kaynak"": ""BNB""}]","[{""usdt"": 20547251.0, ""borsa"": 3, ""fiyat"": 64000.0, ""kaynak"": ""BNB+BYB+OKX""}, {""usdt"": 10307183.0, ""borsa"": 1, ""fiyat"": 64050.0, ""kaynak"": ""BNB""}, {""usdt"": 9011247.0, ""borsa"": 2, ""fiyat"": 64025.0, ""kaynak"": ""BNB+BYB""}]",YOK,-0.0125,-0.1059,0.0029,0.7599,false,0.8721,false,,0,1,3,0,1,3,5.5,6.6,IZLE,,25,63999.7,,,,,SEVIYE,80,2426.5,243,,,,,,,1785362760,2,0,,21,844.4,21,,,
31718,2026-07-29 22:09:12.264115+00,63979.95,4181586.964919591,-25233.012000000082,11652982536.804,0.00008649800000000001,45582805.51440003,329508.0314,65.4,BEKLE,true,0.0,329508.0314,1.5887,60.361,45301052.05392999,60.361,65.4,0.0,"[{""usdt"": 10551882.0, ""borsa"": 1, ""fiyat"": 63900.0, ""kaynak"": ""BNB""}, {""usdt"": 10179283.0, ""borsa"": 3, ""fiyat"": 63950.0, ""kaynak"": ""BNB+BYB+OKX""}, {""usdt"": 8433227.0, ""borsa"": 3, ""fiyat"": 63975.0, ""kaynak"": ""BNB+BYB+OKX""}]","[{""usdt"": 16760161.0, ""borsa"": 3, ""fiyat"": 64000.0, ""kaynak"": ""BNB+BYB+OKX""}, {""usdt"": 10315214.0, ""borsa"": 1, ""fiyat"": 64050.0, ""kaynak"": ""BNB""}, {""usdt"": 5117548.0, ""borsa"": 1, ""fiyat"": 64100.0, ""kaynak"": ""BNB""}]",YOK,0.0575,0.0031,0.0136,0.6234,false,0.9828,false,,1,0,3,0,1,3,2,63.9,IZLE,,25,63999.7,,,,,SEVIYE,80,2427.5,243,,,,,,,1785362760,2,1,,21,845.4,21,,,
31719,2026-07-29 22:10:12.58903+00,63981.05,4261988.251233188,-50679.83700000022,11655963778.633501,0.00008649800000000001,45938089.67974003,329508.0314,56.9,BEKLE,,0.0,329508.0314,1.5887,120.647,46253241.65388999,120.647,56.9,0.0,"[{""usdt"": 11475983.0, ""borsa"": 3, ""fiyat"": 63950.0, ""kaynak"": ""BNB+BYB+OKX""}, {""usdt"": 10551882.0, ""borsa"": 1, ""fiyat"": 63900.0, ""kaynak"": ""BNB""}, {""usdt"": 7491811.0, ""borsa"": 3, ""fiyat"": 63975.0, ""kaynak"": ""BNB+BYB+OKX""}]","[{""usdt"": 17263289.0, ""borsa"": 3, ""fiyat"": 64000.0, ""kaynak"": ""BNB+BYB+OKX""}, {""usdt"": 10315214.0, ""borsa"": 1, ""fiyat"": 64050.0, ""kaynak"": ""BNB""}, {""usdt"": 5117548.0, ""borsa"": 1, ""fiyat"": 64100.0, ""kaynak"": ""BNB""}]",YOK,0.0575,-0.0034,0.0022,1.777,false,0.8977,false,,1,0,3,0,1,3,62.3,63.4,IZLE,,25,63999.7,,,,,SEVIYE,80,2428.5,243,,,,,,,1785362760,2,2,,21,846.4,21,,,
31720,2026-07-29 22:11:12.849688+00,64068.850000000006,3880051.9524088823,-429451.4939999996,11654594911.495201,0.00008649800000000001,43925080.403639995,141844.1312,33.8,BEKLE,true,0.0,141844.1312,1.5887,0,55146224.334849924,120.605,0.0,33.8,"[{""usdt"": 11157336.0, ""borsa"": 3, ""fiyat"": 63950.0, ""kaynak"": ""BNB+BYB+OKX""}, {""usdt"": 9542987.0, ""borsa"": 1, ""fiyat"": 63875.0, ""kaynak"": ""BNB""}, {""usdt"": 8281635.0, ""borsa"": 3, ""fiyat"": 63975.0, ""kaynak"": ""BNB+BYB+OKX""}]","[{""usdt"": 23706462.0, ""borsa"": 3, ""fiyat"": 64000.0, ""kaynak"": ""BNB+BYB+OKX""}, {""usdt"": 9816709.0, ""borsa"": 1, ""fiyat"": 64050.0, ""kaynak"": ""BNB""}, {""usdt"": 7766024.0, ""borsa"": 1, ""fiyat"": 64100.0, ""kaynak"": ""BNB""}]",YOK,0.031,-0.1133,0.4634,1.6082,false,1.346,false,,1,1,3,0,2,3,58.8,59.8,IZLE,,25,64099.9,,,,,SEVIYE,50,1748.6,175,,,,,,,1785362760,2,0,,21,847.4,21,,,
31721,2026-07-29 22:12:13.161771+00,64012.850000000006,4668929.976152983,460342.2520000004,11676292217.5197,0.00008649800000000001,70566611.06531996,4485.32,16.6,BEKLE,true,0.0,4485.32,1.5887,0,48863396.74549998,60.264,0.0,16.6,"[{""usdt"": 40349807.0, ""borsa"": 3, ""fiyat"": 64050.0, ""kaynak"": ""BNB+BYB+OKX""}, {""usdt"": 7144956.0, ""borsa"": 1, ""fiyat"": 64000.0, ""kaynak"": ""BNB""}, {""usdt"": 6805584.0, ""borsa"": 1, ""fiyat"": 63950.0, ""kaynak"": ""BNB""}]","[{""usdt"": 14050433.0, ""borsa"": 3, ""fiyat"": 64100.0, ""kaynak"": ""BNB+BYB+OKX""}, {""usdt"": 8313808.0, ""borsa"": 1, ""fiyat"": 64175.0, ""kaynak"": ""BNB""}, {""usdt"": 8193167.0, ""borsa"": 1, ""fiyat"": 64150.0, ""kaynak"": ""BNB""}]",HER_IKISI,0.1947,0.1817,,,false,0.8097,false,,2,0,3,1,1,3,55.2,56.3,IZLE,,25,63999.7,,,,,SEVIYE,80,2430.6,243,,,,,,,1785363060,1,0,,21,848.4,21,,,
31722,2026-07-29 22:13:13.732629+00,64057.95,4323027.669125482,-685519.968,11663629789.784801,0.00008649800000000001,46435233.89535998,4543.665099999999,44.3,BEKLE,false,63.9801,4479.6849999999995,1.5826,0,44840265.76911999,0,44.3,0.0,"[{""usdt"": 14899874.0, ""borsa"": 3, ""fiyat"": 63950.0, ""kaynak"": ""BNB+BYB+OKX""}, {""usdt"": 9543501.0, ""borsa"": 1, ""fiyat"": 63900.0, ""kaynak"": ""BNB""}, {""usdt"": 8989810.0, ""borsa"": 1, ""fiyat"": 63875.0, ""kaynak"": ""BNB""}]","[{""usdt"": 13505103.0, ""borsa"": 3, ""fiyat"": 64000.0, ""kaynak"": ""BNB+BYB+OKX""}, {""usdt"": 7553116.0, ""borsa"": 1, ""fiyat"": 64050.0, ""kaynak"": ""BNB""}, {""usdt"": 6963100.0, ""borsa"": 1, ""fiyat"": 64075.0, ""kaynak"": ""BNB""}]",YOK,0.04,0.0175,0.1216,2.3276,false,1.1113,false,,1,1,3,0,1,3,51.6,52.7,IZLE,,25,64099.9,,,,,SEVIYE,50,1750.6,175,,,,,,,1785363120,1,0,,21,849.4,21,,,
31723,2026-07-29 22:14:14.227403+00,64009.149999999994,4633323.560489584,-674008.5429999998,11677260774.1862,0.00008649800000000001,46123145.32498003,5568.6149,26.8,BEKLE,false,64.0547,5504.5602,1.5826,0,44362198.28534,0,26.8,0.0,"[{""usdt"": 15339740.0, ""borsa"": 3, ""fiyat"": 64025.0, ""kaynak"": ""BNB+BYB+OKX""}, {""usdt"": 10364370.0, ""borsa"": 1, ""fiyat"": 63950.0, ""kaynak"": ""BNB""}, {""usdt"": 6969612.0, ""borsa"": 1, ""fiyat"": 63975.0, ""kaynak"": ""BNB""}]","[{""usdt"": 12039312.0, ""borsa"": 3, ""fiyat"": 64050.0, ""kaynak"": ""BNB+BYB+OKX""}, {""usdt"": 9122868.0, ""borsa"": 1, ""fiyat"": 64100.0, ""kaynak"": ""BNB""}, {""usdt"": 8132322.0, ""borsa"": 1, ""fiyat"": 64150.0, ""kaynak"": ""BNB""}]",YOK,0.1273,0.0195,0.3703,1.44,false,1.1766,false,,1,0,3,0,1,3,48.4,49.5,IZLE,,25,63999.7,,,,,SEVIYE,80,2432.6,243,,,,,,,1785363120,1,0,,21,850.4,21,,,
31724,2026-07-29 22:15:14.62615+00,63956.649999999994,4486596.130414985,-649274.2370000001,11671198988.362,0.00008649800000000001,47023002.48508008,5568.6149,20.9,BEKLE,,64.0547,5504.5602,1.5826,60.57,46466982.15987998,0,20.9,0.0,"[{""usdt"": 13012455.0, ""borsa"": 3, ""fiyat"": 63950.0, ""kaynak"": ""BNB+BYB+OKX""}, {""usdt"": 8574144.0, ""borsa"": 1, ""fiyat"": 63900.0, ""kaynak"": ""BNB""}, {""usdt"": 8573392.0, ""borsa"": 1, ""fiyat"": 63925.0, ""kaynak"": ""BNB""}]","[{""usdt"": 10275165.0, ""borsa"": 3, ""fiyat"": 64000.0, ""kaynak"": ""BNB+BYB+OKX""}, {""usdt"": 8817833.0, ""borsa"": 3, ""fiyat"": 63975.0, ""kaynak"": ""BNB+BYB+OKX""}, {""usdt"": 8265598.0, ""borsa"": 1, ""fiyat"": 64050.0, ""kaynak"": ""BNB""}]",YOK,0.0147,0.0059,0.241,1.5547,false,1.3502,false,,1,1,3,1,1,3,45.2,46.2,IZLE,,25,63914.6,,,,,SEVIYE,65,0.2,1,,,,,,,1785363120,1,1,,20,851.4,20,,,
31725,2026-07-29 22:16:14.933382+00,63948.25,2969051.5286134956,829019.711,11672969936.289,0.00008649800000000001,50378695.65214004,5568.6149,40.6,BEKLE,false,64.0547,5504.5602,1.5826,0,44512397.37361999,60.267,0.0,40.6,"[{""usdt"": 17680923.0, ""borsa"": 3, ""fiyat"": 63975.0, ""kaynak"": ""BNB+BYB+OKX""}, {""usdt"": 9909081.0, ""borsa"": 1, ""fiyat"": 63900.0, ""kaynak"": ""BNB""}, {""usdt"": 6537218.0, ""borsa"": 1, ""fiyat"": 63925.0, ""kaynak"": ""BNB""}]","[{""usdt"": 9714360.0, ""borsa"": 3, ""fiyat"": 64000.0, ""kaynak"": ""BNB+BYB+OKX""}, {""usdt"": 9331843.0, ""borsa"": 3, ""fiyat"": 64025.0, ""kaynak"": ""BNB+BYB+OKX""}, {""usdt"": 8512809.0, ""borsa"": 1, ""fiyat"": 64050.0, ""kaynak"": ""BNB""}]",YOK,0.1069,0.0618,0.3798,2.9823,false,1.4131,false,,1,1,3,2,0,3,41.6,42.7,IZLE,,25,63914.6,,,,,SEVIYE,65,1.2,1,ATR,0.25,49.35548313478543,0.0044984991319938295,false,0.412,1785363120,1,2,,20,852.5,20,,,
31726,2026-07-29 22:17:16.322925+00,64006.850000000006,3387109.1753561976,1444764.3819999998,11677149015.861,0.00008649800000000001,46702160.33699002,1088.9298999999999,30.6,BEKLE,true,64.0547,1024.8752,1.5826,0,46180484.64993993,61.42,0.0,30.6,"[{""usdt"": 13058850.0, ""borsa"": 3, ""fiyat"": 63975.0, ""kaynak"": ""BNB+BYB+OKX""}, {""usdt"": 9915343.0, ""borsa"": 1, ""fiyat"": 63900.0, ""kaynak"": ""BNB""}, {""usdt"": 9340513.0, ""borsa"": 3, ""fiyat"": 63950.0, ""kaynak"": ""BNB+BYB+OKX""}]","[{""usdt"": 13004008.0, ""borsa"": 3, ""fiyat"": 64000.0, ""kaynak"": ""BNB+BYB+OKX""}, {""usdt"": 8752666.0, ""borsa"": 1, ""fiyat"": 64100.0, ""kaynak"": ""BNB""}, {""usdt"": 8088151.0, ""borsa"": 1, ""fiyat"": 64050.0, ""kaynak"": ""BNB""}]",YOK,0.0442,0.0056,0.5242,0.1457,false,1.4969,false,,1,1,3,0,0,3,39.1,40.2,IZLE,,25,64002.6,,,,,SEVIYE,80,2435.6,244,,,,,,,1785363120,1,0,,20,853.5,20,,,
31727,2026-07-29 22:18:16.671019+00,64047.149999999994,4901025.171657497,2511762.6049999995,11684407125.2168,0.00008649800000000001,59274659.985750094,0.0,44.8,BEKLE,true,0.0,0.0,1.58,0,46500716.47022995,0,0.0,44.8,"[{""usdt"": 24556331.0, ""borsa"": 3, ""fiyat"": 64050.0, ""kaynak"": ""BNB+BYB+OKX""}, {""usdt"": 9312078.0, ""borsa"": 1, ""fiyat"": 64000.0, ""kaynak"": ""BNB""}, {""usdt"": 8259571.0, ""borsa"": 1, ""fiyat"": 63975.0, ""kaynak"": ""BNB""}]","[{""usdt"": 11602292.0, ""borsa"": 1, ""fiyat"": 64175.0, ""kaynak"": ""BNB""}, {""usdt"": 9103835.0, ""borsa"": 1, ""fiyat"": 64150.0, ""kaynak"": ""BNB""}, {""usdt"": 8573507.0, ""borsa"": 3, ""fiyat"": 64100.0, ""kaynak"": ""BNB+BYB+OKX""}]",SPOT,0.2211,0.1208,0.1327,0.147,false,0.8725,false,,3,0,3,1,0,3,35.6,36.7,IZLE,,25,64002.6,,,,,SEVIYE,80,2436.6,244,,,,,,,,,0,,20,854.5,20,,,
31728,2026-07-29 22:19:17.00833+00,64104.350000000006,4313670.342438396,2114104.1529999995,11691028132.135601,0.00008649800000000001,54215089.22572002,0.0,35.9,BEKLE,,0.0,0.0,1.58,60.33,43615005.871190034,60.33,0.0,35.9,"[{""usdt"": 14362779.0, ""borsa"": 3, ""fiyat"": 64025.0, ""kaynak"": ""BNB+BYB+OKX""}, {""usdt"": 12321957.0, ""borsa"": 3, ""fiyat"": 64000.0, ""kaynak"": ""BNB+BYB+OKX""}, {""usdt"": 11454515.0, ""borsa"": 1, ""fiyat"": 63925.0, ""kaynak"": ""BNB""}]","[{""usdt"": 10144727.0, ""borsa"": 3, ""fiyat"": 64050.0, ""kaynak"": ""BNB+BYB+OKX""}, {""usdt"": 9785091.0, ""borsa"": 1, ""fiyat"": 64100.0, ""kaynak"": ""BNB""}, {""usdt"": 8265226.0, ""borsa"": 1, ""fiyat"": 64125.0, ""kaynak"": ""BNB""}]",SPOT,0.1817,0.1084,0.0884,1.5633,true,0,false,,2,0,3,1,0,3,31.2,32.2,IZLE,,25,64099.9,,,,,SEVIYE,50,1756.6,176,,,,,,,,,0,,20,855.5,20,,,
31729,2026-07-29 22:20:17.408737+00,64064.75,5701322.548809195,4168030.5199999996,11709112689.3005,0.00008649800000000001,55867618.27560001,5703.4315,26.7,BEKLE,true,0.0,5703.4315,1.58,120.664,43727296.98892002,0,0.0,26.7,"[{""usdt"": 18233284.0, ""borsa"": 3, ""fiyat"": 64050.0, ""kaynak"": ""BNB+BYB+OKX""}, {""usdt"": 11594095.0, ""borsa"": 3, ""fiyat"": 64075.0, ""kaynak"": ""BNB+BYB+OKX""}, {""usdt"": 8717744.0, ""borsa"": 1, ""fiyat"": 64025.0, ""kaynak"": ""BNB""}]","[{""usdt"": 12947798.0, ""borsa"": 3, ""fiyat"": 64100.0, ""kaynak"": ""BNB+BYB+OKX""}, {""usdt"": 9901164.0, ""borsa"": 1, ""fiyat"": 64150.0, ""kaynak"": ""BNB""}, {""usdt"": 7372854.0, ""borsa"": 1, ""fiyat"": 64175.0, ""kaynak"": ""BNB""}]",SPOT,0.1636,0.1219,0.1758,0.9297,false,,false,,2,0,3,1,0,3,27.7,28.7,IZLE,,25,64099.9,,,,,SEVIYE,50,1757.6,176,,,,,,,1785363540,1,0,,20,856.5,20,,,
31730,2026-07-29 22:21:17.949303+00,64044.649999999994,4998567.257895501,3749391.6009999993,11706879255.586,0.00008649800000000001,60183688.48117995,5703.12,30.3,BEKLE,true,0.0,5703.12,1.576,181.192,42464179.619009964,60.528,0.0,30.3,"[{""usdt"": 22076140.0, ""borsa"": 3, ""fiyat"": 64025.0, ""kaynak"": ""BNB+BYB+OKX""}, {""usdt"": 11173665.0, ""borsa"": 3, ""fiyat"": 64050.0, ""kaynak"": ""BNB+BYB+OKX""}, {""usdt"": 7753024.0, ""borsa"": 2, ""fiyat"": 64000.0, ""kaynak"": ""BNB+BYB""}]","[{""usdt"": 8346639.0, ""borsa"": 1, ""fiyat"": 64100.0, ""kaynak"": ""BNB""}, {""usdt"": 8179012.0, ""borsa"": 3, ""fiyat"": 64050.0, ""kaynak"": ""BNB+BYB+OKX""}, {""usdt"": 8107952.0, ""borsa"": 1, ""fiyat"": 64150.0, ""kaynak"": ""BNB""}]",HER_IKISI,0.203,0.1726,0.3702,1.0451,false,,false,,2,0,3,2,0,3,24.2,25.2,IZLE,,25,64002.6,,,,,SEVIYE,80,2439.6,244,,,,,,,1785363540,1,0,,20,857.5,20,,,
31731,2026-07-29 22:22:18.248979+00,64055.05,4761721.0601105,2347417.008,11702325697.46,0.00008649800000000001,49831480.20362003,5703.12,22.4,BEKLE,true,0.0,5703.12,1.576,241.631,46268723.56455998,0,0.0,22.4,"[{""usdt"": 12559442.0, ""borsa"": 3, ""fiyat"": 64000.0, ""kaynak"": ""BNB+BYB+OKX""}, {""usdt"": 11851711.0, ""borsa"": 3, ""fiyat"": 64025.0, ""kaynak"": ""BNB+BYB+OKX""}, {""usdt"": 8390914.0, ""borsa"": 1, ""fiyat"": 63950.0, ""kaynak"": ""BNB""}]","[{""usdt"": 14754708.0, ""borsa"": 3, ""fiyat"": 64050.0, ""kaynak"": ""BNB+BYB+OKX""}, {""usdt"": 8229764.0, ""borsa"": 1, ""fiyat"": 64150.0, ""kaynak"": ""BNB""}, {""usdt"": 7503265.0, ""borsa"": 1, ""fiyat"": 64100.0, ""kaynak"": ""BNB""}]",YOK,0.0796,0.0371,0.563,1.1721,false,,false,,1,0,3,0,0,3,20.8,21.8,IZLE,,25,64099.9,,,,,SEVIYE,50,1759.6,176,,,,,,,1785363540,1,1,,20,858.5,20,,,
31732,2026-07-29 22:23:18.546825+00,64006.149999999994,3683940.7593359975,2101251.724,11700112119.8415,0.00008649800000000001,50170567.625749946,5703.12,29.8,BEKLE,false,0.0,5703.12,1.576,0,50805425.93604,0,29.8,0.0,"[{""usdt"": 16440356.0, ""borsa"": 3, ""fiyat"": 63975.0, ""kaynak"": ""BNB+BYB+OKX""}, {""usdt"": 9534273.0, ""borsa"": 1, ""fiyat"": 63925.0, ""kaynak"": ""BNB""}, {""usdt"": 9330063.0, ""borsa"": 3, ""fiyat"": 63950.0, ""kaynak"": ""BNB+BYB+OKX""}]","[{""usdt"": 19613103.0, ""borsa"": 3, ""fiyat"": 64000.0, ""kaynak"": ""BNB+BYB+OKX""}, {""usdt"": 8341293.0, ""borsa"": 1, ""fiyat"": 64100.0, ""kaynak"": ""BNB""}, {""usdt"": 8277003.0, ""borsa"": 1, ""fiyat"": 64050.0, ""kaynak"": ""BNB""}]",YOK,0.134,-0.0063,0.715,1.429,false,,false,1.6855,1,0,3,1,1,3,17.3,18.3,IZLE,,25,64002.6,,,,,SEVIYE,80,2441.6,244,,,,,,,1785363540,1,2,,20,859.5,20,,,
31733,2026-07-29 22:24:18.954277+00,63983.95,3967206.184392093,1982690.965,11698906651.8261,0.00008649800000000001,45503621.06487997,5703.12,9.3,BEKLE,,0.0,5703.12,1.576,60.297,55318180.53126997,60.297,9.3,0.0,"[{""usdt"": 12040898.0, ""borsa"": 3, ""fiyat"": 63975.0, ""kaynak"": ""BNB+BYB+OKX""}, {""usdt"": 10880644.0, ""borsa"": 3, ""fiyat"": 63950.0, ""kaynak"": ""BNB+BYB+OKX""}, {""usdt"": 9437462.0, ""borsa"": 1, ""fiyat"": 63900.0, ""kaynak"": ""BNB""}]","[{""usdt"": 21769791.0, ""borsa"": 3, ""fiyat"": 64000.0, ""kaynak"": ""BNB+BYB+OKX""}, {""usdt"": 8050398.0, ""borsa"": 1, ""fiyat"": 64050.0, ""kaynak"": ""BNB""}, {""usdt"": 7895801.0, ""borsa"": 1, ""fiyat"": 64100.0, ""kaynak"": ""BNB""}]",YOK,0.0799,-0.0973,,,false,,false,0.6052,1,0,3,0,1,3,13.6,14.7,IZLE,,25,64002.6,,,,,SEVIYE,80,2442.6,244,,,,,,,1785363540,1,3,,20,860.5,20,,,
31734,2026-07-29 22:25:19.186086+00,63957.45,3576512.8201930895,1582077.5870000003,11694138418.3752,0.00008649800000000001,48383418.5603,0.0,38.0,BEKLE,false,0.0,0.0,1.576,60.368,53945813.188480005,0,38.0,0.0,"[{""usdt"": 12324811.0, ""borsa"": 3, ""fiyat"": 63975.0, ""kaynak"": ""BNB+BYB+OKX""}, {""usdt"": 10563059.0, ""borsa"": 3, ""fiyat"": 63950.0, ""kaynak"": ""BNB+BYB+OKX""}, {""usdt"": 10212513.0, ""borsa"": 1, ""fiyat"": 63900.0, ""kaynak"": ""BNB""}]","[{""usdt"": 14723645.0, ""borsa"": 3, ""fiyat"": 64000.0, ""kaynak"": ""BNB+BYB+OKX""}, {""usdt"": 8889443.0, ""borsa"": 1, ""fiyat"": 64050.0, ""kaynak"": ""BNB""}, {""usdt"": 7880110.0, ""borsa"": 2, ""fiyat"": 63975.0, ""kaynak"": ""BYB+OKX""}]",YOK,0.0849,-0.0544,0.4101,1.2225,false,,false,0.3521,1,0,3,0,1,3,10.2,11.2,IZLE,,25,64000.9,,,,,SEVIYE,80,2443.7,245,,,,,,,,,0,,20,861.5,20,,,
31735,2026-07-29 22:26:19.455274+00,64005.95,2863637.2882281886,1804620.1270000003,11698761232.775799,0.00008649800000000001,47938832.039929986,0.0,52.6,BEKLE,false,0.0,0.0,1.576,60.258,45066708.81774001,60.258,52.6,0.0,"[{""usdt"": 14739398.0, ""borsa"": 3, ""fiyat"": 63975.0, ""kaynak"": ""BNB+BYB+OKX""}, {""usdt"": 8072006.0, ""borsa"": 1, ""fiyat"": 63900.0, ""kaynak"": ""BNB""}, {""usdt"": 7852194.0, ""borsa"": 1, ""fiyat"": 63925.0, ""kaynak"": ""BNB""}]","[{""usdt"": 11287643.0, ""borsa"": 3, ""fiyat"": 64025.0, ""kaynak"": ""BNB+BYB+OKX""}, {""usdt"": 8619176.0, ""borsa"": 1, ""fiyat"": 64100.0, ""kaynak"": ""BNB""}, {""usdt"": 7943080.0, ""borsa"": 1, ""fiyat"": 64075.0, ""kaynak"": ""BNB""}]",YOK,0.0538,0.0309,0.4815,0.5154,false,,false,0.2618,0,0,3,0,0,3,6.6,7.7,IZLE,,25,64000.9,,,,,SEVIYE,80,2444.7,245,,,,,,,,,0,,20,862.5,20,,,
31736,2026-07-29 22:27:19.771093+00,63990.05,2863020.9570202874,1726613.094,11699792799.4521,0.00008649800000000001,45882310.13546002,0.0,21.9,BEKLE,false,0.0,0.0,1.576,60.286,51848624.43422,120.544,21.9,0.0,"[{""usdt"": 12447530.0, ""borsa"": 3, ""fiyat"": 63975.0, ""kaynak"": ""BNB+BYB+OKX""}, {""usdt"": 10077942.0, ""borsa"": 3, ""fiyat"": 63950.0, ""kaynak"": ""BNB+BYB+OKX""}, {""usdt"": 9975887.0, ""borsa"": 1, ""fiyat"": 63925.0, ""kaynak"": ""BNB""}]","[{""usdt"": 14672609.0, ""borsa"": 3, ""fiyat"": 64000.0, ""kaynak"": ""BNB+BYB+OKX""}, {""usdt"": 9157973.0, ""borsa"": 2, ""fiyat"": 64025.0, ""kaynak"": ""BNB+BYB""}, {""usdt"": 8279046.0, ""borsa"": 1, ""fiyat"": 64100.0, ""kaynak"": ""BNB""}]",YOK,0.0062,-0.061,0.7213,1.4578,false,,false,0.4534,0,0,3,0,1,3,3,4.1,IZLE,,25,64000.9,,,,,SEVIYE,80,2445.7,245,,,,,,,,,0,,20,863.5,20,,,
31737,2026-07-29 22:28:20.01852+00,64008.350000000006,2779709.324479186,1714968.2220000003,11699077184.349998,0.00008649800000000001,45248803.54686,0.0,29.5,BEKLE,,0.0,0.0,1.576,120.532,48241777.05082002,180.79,29.5,0.0,"[{""usdt"": 10991342.0, ""borsa"": 3, ""fiyat"": 63975.0, ""kaynak"": ""BNB+BYB+OKX""}, {""usdt"": 9892681.0, ""borsa"": 1, ""fiyat"": 63925.0, ""kaynak"": ""BNB""}, {""usdt"": 9579995.0, ""borsa"": 3, ""fiyat"": 63950.0, ""kaynak"": ""BNB+BYB+OKX""}]","[{""usdt"": 10369181.0, ""borsa"": 3, ""fiyat"": 64000.0, ""kaynak"": ""BNB+BYB+OKX""}, {""usdt"": 8553103.0, ""borsa"": 1, ""fiyat"": 64075.0, ""kaynak"": ""BNB""}, {""usdt"": 8488476.0, ""borsa"": 1, ""fiyat"": 64100.0, ""kaynak"": ""BNB""}]",YOK,0.0062,-0.032,0.6645,0.0955,false,,false,0.4382,0,0,3,0,1,3,63.3,61.8,IZLE,,25,64000.9,,,,,SEVIYE,80,2446.7,245,,,,,,,,,0,,20,864.5,20,,,
31738,2026-07-29 22:29:20.24454+00,63999.95,2667208.061371587,1585576.3019999997,11695823295.085,0.00008649800000000001,46274538.66687,0.0,30.0,BEKLE,,0.0,0.0,1.576,180.829,47000100.65067003,241.087,30.0,0.0,"[{""usdt"": 11630881.0, ""borsa"": 3, ""fiyat"": 63975.0, ""kaynak"": ""BNB+BYB+OKX""}, {""usdt"": 9892681.0, ""borsa"": 1, ""fiyat"": 63925.0, ""kaynak"": ""BNB""}, {""usdt"": 8513689.0, ""borsa"": 1, ""fiyat"": 63900.0, ""kaynak"": ""BNB""}]","[{""usdt"": 11359257.0, ""borsa"": 3, ""fiyat"": 64025.0, ""kaynak"": ""BNB+BYB+OKX""}, {""usdt"": 8553103.0, ""borsa"": 1, ""fiyat"": 64075.0, ""kaynak"": ""BNB""}, {""usdt"": 8488476.0, ""borsa"": 1, ""fiyat"": 64100.0, ""kaynak"": ""BNB""}]",YOK,0.064,-0.0078,0.7347,0.5345,false,,false,0.3455,1,1,3,0,0,3,59.7,60.8,IZLE,,25,64000.9,,,,,SEVIYE,80,2447.7,245,,,,,,,,,0,,20,865.5,20,,,
31739,2026-07-29 22:30:20.958918+00,64003.55,2994050.0726332883,1609673.2700000003,11704157127.264,0.00008649800000000001,48959786.998260014,0.0,6.6,BEKLE,,0.0,0.0,1.576,120.568,47328056.63551,301.358,0.0,6.6,"[{""usdt"": 15424839.0, ""borsa"": 3, ""fiyat"": 63975.0, ""kaynak"": ""BNB+BYB+OKX""}, {""usdt"": 8844968.0, ""borsa"": 1, ""fiyat"": 63900.0, ""kaynak"": ""BNB""}, {""usdt"": 8273274.0, ""borsa"": 1, ""fiyat"": 63925.0, ""kaynak"": ""BNB""}]","[{""usdt"": 13568172.0, ""borsa"": 3, ""fiyat"": 64025.0, ""kaynak"": ""BNB+BYB+OKX""}, {""usdt"": 9621936.0, ""borsa"": 1, ""fiyat"": 64075.0, ""kaynak"": ""BNB""}, {""usdt"": 7398067.0, ""borsa"": 1, ""fiyat"": 64100.0, ""kaynak"": ""BNB""}]",YOK,0.1,0.0169,,,false,,false,0.1516,0,0,3,1,0,3,55.8,56.9,IZLE,,25,64000.9,,,,,SEVIYE,80,2448.7,245,,,,,,,,,0,,20,866.5,20,,,
31740,2026-07-29 22:31:21.280158+00,63964.75,-1661674.9363177079,-2089806.268,11693257531.762901,0.00008649800000000001,49256329.30730994,0.0,62.6,BEKLE,true,0.0,0.0,1.576,60.671,46109926.652990036,362.029,62.6,0.0,"[{""usdt"": 14701287.0, ""borsa"": 3, ""fiyat"": 63975.0, ""kaynak"": ""BNB+BYB+OKX""}, {""usdt"": 10084047.0, ""borsa"": 1, ""fiyat"": 63925.0, ""kaynak"": ""BNB""}, {""usdt"": 8916217.0, ""borsa"": 1, ""fiyat"": 63900.0, ""kaynak"": ""BNB""}]","[{""usdt"": 11476316.0, ""borsa"": 3, ""fiyat"": 64000.0, ""kaynak"": ""BNB+BYB+OKX""}, {""usdt"": 8816284.0, ""borsa"": 1, ""fiyat"": 64050.0, ""kaynak"": ""BNB""}, {""usdt"": 8190021.0, ""borsa"": 1, ""fiyat"": 64100.0, ""kaynak"": ""BNB""}]",YOK,-0.0068,0.033,0.4957,0.2667,false,,false,0,0,1,3,0,0,3,52.6,53.7,IZLE,,25,64000.9,,,,,SEVIYE,80,2449.7,245,ATR,0.53,0.0044936222903257895,0.3989366118447664,false,0.016,,,0,,20,867.6,20,,,
31741,2026-07-29 22:32:22.457135+00,63962.149999999994,-1436088.143837407,-2005919.1349999998,11694062154.3615,0.00008649800000000001,48084710.15891001,0.0,70.4,BEKLE,false,0.0,0.0,1.576,61.106,44715047.85769002,0,70.4,0.0,"[{""usdt"": 14623109.0, ""borsa"": 3, ""fiyat"": 63950.0, ""kaynak"": ""BNB+BYB+OKX""}, {""usdt"": 8868682.0, ""borsa"": 1, ""fiyat"": 63900.0, ""kaynak"": ""BNB""}, {""usdt"": 8538527.0, ""borsa"": 1, ""fiyat"": 63875.0, ""kaynak"": ""BNB""}]","[{""usdt"": 12222079.0, ""borsa"": 3, ""fiyat"": 63975.0, ""kaynak"": ""BNB+BYB+OKX""}, {""usdt"": 8179959.0, ""borsa"": 1, ""fiyat"": 64050.0, ""kaynak"": ""BNB""}, {""usdt"": 7957474.0, ""borsa"": 1, ""fiyat"": 64000.0, ""kaynak"": ""BNB""}]",YOK,0.0319,0.0363,0.4935,0.1893,false,,false,0,0,1,3,1,0,3,49.9,51,IZLE,,25,64000.9,,,,,SEVIYE,80,2450.7,245,,,,,,,,,0,,20,868.6,20,,,
31742,2026-07-29 22:33:22.892095+00,63932.55,-1263329.2042872072,-1997947.67,11693792141.029701,0.00008649800000000001,45812080.28137998,0.0,59.6,BEKLE,false,0.0,0.0,1.5733,121.52,61572914.66345009,60.414,59.6,0.0,"[{""usdt"": 15223613.0, ""borsa"": 3, ""fiyat"": 63925.0, ""kaynak"": ""BNB+BYB+OKX""}, {""usdt"": 9120352.0, ""borsa"": 1, ""fiyat"": 63875.0, ""kaynak"": ""BNB""}, {""usdt"": 8014022.0, ""borsa"": 3, ""fiyat"": 63950.0, ""kaynak"": ""BNB+BYB+OKX""}]","[{""usdt"": 17444476.0, ""borsa"": 3, ""fiyat"": 63975.0, ""kaynak"": ""BNB+BYB+OKX""}, {""usdt"": 10912992.0, ""borsa"": 1, ""fiyat"": 64000.0, ""kaynak"": ""BNB""}, {""usdt"": 8069576.0, ""borsa"": 1, ""fiyat"": 64075.0, ""kaynak"": ""BNB""}]",YOK,-0.0491,-0.1468,0.4795,0.5312,false,,false,0,0,1,3,0,1,3,46.5,47.5,IZLE,,25,64000.9,,,,,SEVIYE,80,2451.7,245,,,,,,,,,0,,20,869.6,20,,,
31743,2026-07-29 22:34:23.298282+00,63937.75,-1367968.9885178122,-2823471.708,11692294610.9156,0.00008649800000000001,51317771.04290998,127.87,73.2,BEKLE,false,127.87,0.0,1.5733,181.987,53559191.03059001,0,73.2,0.0,"[{""usdt"": 17622849.0, ""borsa"": 3, ""fiyat"": 63925.0, ""kaynak"": ""BNB+BYB+OKX""}, {""usdt"": 9331942.0, ""borsa"": 1, ""fiyat"": 63850.0, ""kaynak"": ""BNB""}, {""usdt"": 8275488.0, ""borsa"": 1, ""fiyat"": 63875.0, ""kaynak"": ""BNB""}]","[{""usdt"": 15564802.0, ""borsa"": 3, ""fiyat"": 63950.0, ""kaynak"": ""BNB+BYB+OKX""}, {""usdt"": 9481038.0, ""borsa"": 3, ""fiyat"": 63975.0, ""kaynak"": ""BNB+BYB+OKX""}, {""usdt"": 8535072.0, ""borsa"": 1, ""fiyat"": 64025.0, ""kaynak"": ""BNB""}]",YOK,0.0419,-0.0214,0.4364,0.3975,false,,false,0,0,1,3,0,0,3,43.1,44.1,IZLE,,25,64000.9,,,,,SEVIYE,80,2452.7,245,,,,,,,1785364380,1,0,,20,870.6,20,,,
31744,2026-07-29 22:35:23.517751+00,63913.05,647374.5642163943,-521050.32000000007,11691919084.008,0.00008649800000000001,55417320.242099985,127.87,64.2,BEKLE,true,127.87,0.0,1.5733,242.331,44927394.58530001,60.344,64.2,0.0,"[{""usdt"": 17111373.0, ""borsa"": 3, ""fiyat"": 63925.0, ""kaynak"": ""BNB+BYB+OKX""}, {""usdt"": 11332725.0, ""borsa"": 3, ""fiyat"": 63900.0, ""kaynak"": ""BNB+BYB+OKX""}, {""usdt"": 10772001.0, ""borsa"": 1, ""fiyat"": 63850.0, ""kaynak"": ""BNB""}]","[{""usdt"": 12417588.0, ""borsa"": 3, ""fiyat"": 63950.0, ""kaynak"": ""BNB+BYB+OKX""}, {""usdt"": 8944275.0, ""borsa"": 1, ""fiyat"": 64025.0, ""kaynak"": ""BNB""}, {""usdt"": 8741784.0, ""borsa"": 1, ""fiyat"": 64000.0, ""kaynak"": ""BNB""}]",YOK,0.0261,0.1045,0.4826,1.1131,false,,false,0,0,1,3,2,0,3,39.6,40.7,IZLE,,25,63919.7,,,,,SEVIYE,70,1842.8,185,,,,,,,1785364380,1,1,,20,891.6,20,,,
31745,2026-07-29 22:36:23.988561+00,63902.649999999994,699181.4305828947,-542747.369,11695502902.867,0.00008649800000000001,47778070.08034997,127.87,42.4,BEKLE,false,127.87,0.0,1.57,302.574,48907035.11839999,120.587,0.0,42.4,"[{""usdt"": 16035930.0, ""borsa"": 3, ""fiyat"": 63900.0, ""kaynak"": ""BNB+BYB+OKX""}, {""usdt"": 10352926.0, ""borsa"": 1, ""fiyat"": 63850.0, ""kaynak"": ""BNB""}, {""usdt"": 8381458.0, ""borsa"": 1, ""fiyat"": 63825.0, ""kaynak"": ""BNB""}]","[{""usdt"": 15039030.0, ""borsa"": 3, ""fiyat"": 63925.0, ""kaynak"": ""BNB+BYB+OKX""}, {""usdt"": 10351903.0, ""borsa"": 1, ""fiyat"": 64000.0, ""kaynak"": ""BNB""}, {""usdt"": 7264038.0, ""borsa"": 3, ""fiyat"": 63950.0, ""kaynak"": ""BNB+BYB+OKX""}]",YOK,-0.0831,-0.0117,0.5637,0.8875,false,3.6339,false,0,0,1,3,0,0,3,36,37,IZLE,,25,63919.7,,,,,SEVIYE,70,1843.8,185,,,,,,,1785364380,1,2,,20,892.6,20,,,
31746,2026-07-29 22:37:24.515759+00,63939.95,762478.1962231961,-546264.605,11702586442.126701,0.00008649800000000001,44640162.64621998,127.87,50.2,BEKLE,true,127.87,0.0,1.57,363.228,48408023.43298998,181.241,0.0,50.2,"[{""usdt"": 13929846.0, ""borsa"": 3, ""fiyat"": 63900.0, ""kaynak"": ""BNB+BYB+OKX""}, {""usdt"": 8544510.0, ""borsa"": 1, ""fiyat"": 63850.0, ""kaynak"": ""BNB""}, {""usdt"": 8278993.0, ""borsa"": 1, ""fiyat"": 63825.0, ""kaynak"": ""BNB""}]","[{""usdt"": 12600205.0, ""borsa"": 3, ""fiyat"": 63950.0, ""kaynak"": ""BNB+BYB+OKX""}, {""usdt"": 10131922.0, ""borsa"": 1, ""fiyat"": 64000.0, ""kaynak"": ""BNB""}, {""usdt"": 6941085.0, ""borsa"": 3, ""fiyat"": 63925.0, ""kaynak"": ""BNB+BYB+OKX""}]",YOK,0.0066,-0.0405,0.5605,0.3388,false,,false,0,0,1,3,0,1,3,32.3,33.4,IZLE,,25,63919.7,,,,,SEVIYE,70,1844.8,185,,,,,,,1785364380,1,3,,20,893.6,20,,,
31747,2026-07-29 22:38:24.841005+00,63921.149999999994,441636.16772229807,-744794.322,11701911100.2033,0.00008649800000000001,43880859.58191,0.0,44.4,BEKLE,true,0.0,0.0,1.57,423.564,47512200.670579985,241.577,0.0,44.4,"[{""usdt"": 11332714.0, ""borsa"": 3, ""fiyat"": 63900.0, ""kaynak"": ""BNB+BYB+OKX""}, {""usdt"": 9324232.0, ""borsa"": 1, ""fiyat"": 63850.0, ""kaynak"": ""BNB""}, {""usdt"": 8750397.0, ""borsa"": 3, ""fiyat"": 63925.0, ""kaynak"": ""BNB+BYB+OKX""}]","[{""usdt"": 13274736.0, ""borsa"": 3, ""fiyat"": 63950.0, ""kaynak"": ""BNB+BYB+OKX""}, {""usdt"": 9576237.0, ""borsa"": 1, ""fiyat"": 64025.0, ""kaynak"": ""BNB""}, {""usdt"": 8113020.0, ""borsa"": 1, ""fiyat"": 64000.0, ""kaynak"": ""BNB""}]",YOK,0.0049,-0.0397,0.5353,0.2143,false,3.0713,false,,0,1,3,1,1,3,28.8,29.8,IZLE,,25,63919.7,,,,,SEVIYE,70,1845.9,185,,,,,,,,,0,,20,894.6,20,,,
31748,2026-07-29 22:39:25.211218+00,63938.25,932308.9788218957,-202413.736,11703556502.135502,0.00008649800000000001,43363930.75632003,0.0,57.3,BEKLE,true,0.0,0.0,1.57,483.927,49432386.54966999,120.699,0.0,57.3,"[{""usdt"": 12757804.0, ""borsa"": 3, ""fiyat"": 63900.0, ""kaynak"": ""BNB+BYB+OKX""}, {""usdt"": 9142343.0, ""borsa"": 1, ""fiyat"": 63850.0, ""kaynak"": ""BNB""}, {""usdt"": 8366064.0, ""borsa"": 1, ""fiyat"": 63825.0, ""kaynak"": ""BNB""}]","[{""usdt"": 14781258.0, ""borsa"": 3, ""fiyat"": 63950.0, ""kaynak"": ""BNB+BYB+OKX""}, {""usdt"": 10275921.0, ""borsa"": 1, ""fiyat"": 64000.0, ""kaynak"": ""BNB""}, {""usdt"": 6686619.0, ""borsa"": 1, ""fiyat"": 64025.0, ""kaynak"": ""BNB""}]",YOK,-0.0769,-0.0654,0.4263,0.0055,false,1.6092,false,,0,1,3,0,1,3,25.3,26.3,IZLE,,25,63919.7,,,,,SEVIYE,70,1846.9,185,,,,,,,,,0,,20,895.6,20,,,
31749,2026-07-29 22:40:25.580341+00,63932.45,780472.4135149933,-203686.55699999997,11703331119.839699,0.00008649800000000001,47584848.79342001,0.0,19.3,BEKLE,true,0.0,0.0,1.57,544.261,45564522.47298998,181.033,0.0,19.3,"[{""usdt"": 13050821.0, ""borsa"": 3, ""fiyat"": 63900.0, ""kaynak"": ""BNB+BYB+OKX""}, {""usdt"": 11785629.0, ""borsa"": 1, ""fiyat"": 63850.0, ""kaynak"": ""BNB""}, {""usdt"": 8050188.0, ""borsa"": 3, ""fiyat"": 63925.0, ""kaynak"": ""BNB+BYB+OKX""}]","[{""usdt"": 12855061.0, ""borsa"": 3, ""fiyat"": 63950.0, ""kaynak"": ""BNB+BYB+OKX""}, {""usdt"": 10224426.0, ""borsa"": 1, ""fiyat"": 64000.0, ""kaynak"": ""BNB""}, {""usdt"": 7352171.0, ""borsa"": 1, ""fiyat"": 63975.0, ""kaynak"": ""BNB""}]",YOK,-0.0328,0.0217,,,false,1.3653,false,0,0,1,3,0,0,3,21.7,22.8,IZLE,,25,63919.7,,,,,SEVIYE,70,1847.9,185,,,,,,,,,0,,20,896.6,20,,,
31750,2026-07-29 22:41:25.787346+00,63924.75,927303.2216325933,-109118.02499999998,11703502802.0132,0.00008649800000000001,44897936.75101003,0.0,22.8,BEKLE,true,0.0,0.0,1.57,604.601,44052035.464879975,241.373,0.0,22.8,"[{""usdt"": 13918106.0, ""borsa"": 3, ""fiyat"": 63900.0, ""kaynak"": ""BNB+BYB+OKX""}, {""usdt"": 8414262.0, ""borsa"": 1, ""fiyat"": 63850.0, ""kaynak"": ""BNB""}, {""usdt"": 8024777.0, ""borsa"": 1, ""fiyat"": 63825.0, ""kaynak"": ""BNB""}]","[{""usdt"": 9850301.0, ""borsa"": 3, ""fiyat"": 63950.0, ""kaynak"": ""BNB+BYB+OKX""}, {""usdt"": 9108684.0, ""borsa"": 3, ""fiyat"": 63925.0, ""kaynak"": ""BNB+BYB+OKX""}, {""usdt"": 7674786.0, ""borsa"": 1, ""fiyat"": 63975.0, ""kaynak"": ""BNB""}]",YOK,-0.0363,0.0095,0.3082,1.7886,false,1.1073,false,,0,1,3,0,0,3,18.2,19.3,IZLE,,25,63919.7,,,,,SEVIYE,70,1848.9,185,,,,,,,,,0,,20,897.6,20,,,
31751,2026-07-29 22:42:26.118777+00,63967.75,1426967.7918830928,-125002.84900000007,11708105046.453098,0.00008649800000000001,49640468.64932997,0.0,22.6,BEKLE,true,0.0,0.0,1.5674,664.833,51284720.97230001,301.605,0.0,22.6,"[{""usdt"": 14853434.0, ""borsa"": 3, ""fiyat"": 63925.0, ""kaynak"": ""BNB+BYB+OKX""}, {""usdt"": 11197516.0, ""borsa"": 1, ""fiyat"": 63850.0, ""kaynak"": ""BNB""}, {""usdt"": 9423210.0, ""borsa"": 3, ""fiyat"": 63900.0, ""kaynak"": ""BNB+BYB+OKX""}]","[{""usdt"": 17420577.0, ""borsa"": 3, ""fiyat"": 63950.0, ""kaynak"": ""BNB+BYB+OKX""}, {""usdt"": 8948359.0, ""borsa"": 1, ""fiyat"": 64025.0, ""kaynak"": ""BNB""}, {""usdt"": 8590669.0, ""borsa"": 1, ""fiyat"": 64000.0, ""kaynak"": ""BNB""}]",YOK,0.0419,-0.0163,0.5719,1.4325,false,1.3165,false,0,0,1,3,0,0,3,14.3,15.3,IZLE,,25,64008.5,,,,,SEVIYE,75,2460.8,246,,,,,,,,,0,,20,898.6,20,,,
31752,2026-07-29 22:43:26.37956+00,64002.95,2044821.7808878943,362941.302,11716656820.6041,0.00008649800000000001,47857250.986379996,0.0,22.5,BEKLE,,0.0,0.0,1.5674,725.133,48519081.80370995,60.3,0.0,22.5,"[{""usdt"": 9982164.0, ""borsa"": 3, ""fiyat"": 63975.0, ""kaynak"": ""BNB+BYB+OKX""}, {""usdt"": 9384326.0, ""borsa"": 1, ""fiyat"": 63875.0, ""kaynak"": ""BNB""}, {""usdt"": 8435201.0, ""borsa"": 1, ""fiyat"": 63900.0, ""kaynak"": ""BNB""}]","[{""usdt"": 14850621.0, ""borsa"": 3, ""fiyat"": 64000.0, ""kaynak"": ""BNB+BYB+OKX""}, {""usdt"": 8788956.0, ""borsa"": 1, ""fiyat"": 64050.0, ""kaynak"": ""BNB""}, {""usdt"": 8071580.0, ""borsa"": 1, ""fiyat"": 63975.0, ""kaynak"": ""BNB""}]",YOK,0.0215,-0.0069,0.5507,1.6828,true,0.4778,false,,0,0,3,1,0,3,10.7,11.8,IZLE,,25,64008.5,,,,,SEVIYE,75,2461.8,246,,,,,,,,,0,,20,899.6,20,,,
31753,2026-07-29 22:44:26.660438+00,64011.25,2056052.0344990948,383249.458,11720323945.062801,0.00008649800000000001,55893771.377249986,0.0,16.7,BEKLE,true,0.0,0.0,1.5674,0,48766099.439049974,60.27,0.0,16.7,"[{""usdt"": 23476612.0, ""borsa"": 3, ""fiyat"": 63975.0, ""kaynak"": ""BNB+BYB+OKX""}, {""usdt"": 9693248.0, ""borsa"": 3, ""fiyat"": 64000.0, ""kaynak"": ""BNB+BYB+OKX""}, {""usdt"": 7913967.0, ""borsa"": 1, ""fiyat"": 63900.0, ""kaynak"": ""BNB""}]","[{""usdt"": 16545084.0, ""borsa"": 3, ""fiyat"": 64025.0, ""kaynak"": ""BNB+BYB+OKX""}, {""usdt"": 7964939.0, ""borsa"": 1, ""fiyat"": 64050.0, ""kaynak"": ""BNB""}, {""usdt"": 7616607.0, ""borsa"": 1, ""fiyat"": 64125.0, ""kaynak"": ""BNB""}]",YOK,0.0947,0.0681,0.619,2.4077,false,0.5388,false,0,0,0,3,1,0,3,7.1,8.2,IZLE,,25,64008.5,,,,,SEVIYE,75,2462.8,246,,,,,,,,,0,,20,900.7,20,,,
31754,2026-07-29 22:45:26.949278+00,63997.05,1862816.7495284025,979925.988,11718682264.4064,0.00008649800000000001,57430225.469189994,0.0,26.3,BEKLE,true,0.0,0.0,1.5674,60.365,49454416.14964999,60.365,0.0,26.3,"[{""usdt"": 26499621.0, ""borsa"": 3, ""fiyat"": 63975.0, ""kaynak"": ""BNB+BYB+OKX""}, {""usdt"": 9176022.0, ""borsa"": 1, ""fiyat"": 63900.0, ""kaynak"": ""BNB""}, {""usdt"": 7478942.0, ""borsa"": 3, ""fiyat"": 63950.0, ""kaynak"": ""BNB+BYB+OKX""}]","[{""usdt"": 13737372.0, ""borsa"": 3, ""fiyat"": 64000.0, ""kaynak"": ""BNB+BYB+OKX""}, {""usdt"": 11977523.0, ""borsa"": 3, ""fiyat"": 64025.0, ""kaynak"": ""BNB+BYB+OKX""}, {""usdt"": 7879685.0, ""borsa"": 1, ""fiyat"": 64050.0, ""kaynak"": ""BNB""}]",YOK,0.0911,0.0746,0.4314,1.5736,true,0,false,,0,0,3,1,0,3,3.2,4.2,IZLE,,25,63993.2,,,,,SEVIYE,80,2463.8,247,,,,,,,,,0,,20,901.7,20,,,
31755,2026-07-29 22:46:28.416072+00,63980.05,1810204.4455766021,1055495.5610000002,11715825435.384499,0.00008649800000000001,58546649.970189944,0.0,25.2,BEKLE,true,0.0,0.0,1.5674,121.661,46007870.056750014,0,0.0,25.2,"[{""usdt"": 20446398.0, ""borsa"": 3, ""fiyat"": 63975.0, ""kaynak"": ""BNB+BYB+OKX""}, {""usdt"": 9753638.0, ""borsa"": 1, ""fiyat"": 63875.0, ""kaynak"": ""BNB""}, {""usdt"": 8253271.0, ""borsa"": 3, ""fiyat"": 63950.0, ""kaynak"": ""BNB+BYB+OKX""}]","[{""usdt"": 17244235.0, ""borsa"": 3, ""fiyat"": 64000.0, ""kaynak"": ""BNB+BYB+OKX""}, {""usdt"": 9296981.0, ""borsa"": 1, ""fiyat"": 64050.0, ""kaynak"": ""BNB""}, {""usdt"": 7340359.0, ""borsa"": 1, ""fiyat"": 64075.0, ""kaynak"": ""BNB""}]",YOK,0.0398,0.1199,0.3861,1.4782,true,0,false,,0,0,3,1,0,3,64,63,IZLE,,25,63993.2,,,,,SEVIYE,80,2464.8,247,,,,,,,,,0,,20,902.7,20,,,
31756,2026-07-29 22:47:28.705919+00,63927.149999999994,1810204.4455766021,1055495.5610000002,11715825435.384499,0.00008649800000000001,61924652.70886994,0.0,35.0,BEKLE,true,0.0,0.0,1.5674,182.095,46109507.894660026,60.434,0.0,35.0,"[{""usdt"": 20590380.0, ""borsa"": 3, ""fiyat"": 63950.0, ""kaynak"": ""BNB+BYB+OKX""}, {""usdt"": 11482179.0, ""borsa"": 2, ""fiyat"": 63975.0, ""kaynak"": ""BNB+OKX""}, {""usdt"": 9753638.0, ""borsa"": 1, ""fiyat"": 63875.0, ""kaynak"": ""BNB""}]","[{""usdt"": 11502680.0, ""borsa"": 3, ""fiyat"": 63975.0, ""kaynak"": ""BNB+BYB+OKX""}, {""usdt"": 9296981.0, ""borsa"": 1, ""fiyat"": 64050.0, ""kaynak"": ""BNB""}, {""usdt"": 8965607.0, ""borsa"": 3, ""fiyat"": 64000.0, ""kaynak"": ""BNB+BYB+OKX""}]",YOK,0.0068,0.1464,0.2122,1.3731,true,0,false,,0,1,3,1,0,3,61,62.1,IZLE,,25,63993.2,,,,,SEVIYE,80,2465.8,247,,,,,,,,,0,,20,903.7,20,,,
31757,2026-07-29 22:48:29.026552+00,63920.05,1557747.8996091024,914605.7189999999,11710927482.0707,0.00008649800000000001,55241896.52018,0.0,21.8,BEKLE,true,0.0,0.0,1.5648,181.967,45086979.39662995,0,0.0,21.8,"[{""usdt"": 14095257.0, ""borsa"": 3, ""fiyat"": 63900.0, ""kaynak"": ""BNB+BYB+OKX""}, {""usdt"": 12941103.0, ""borsa"": 3, ""fiyat"": 63925.0, ""kaynak"": ""BNB+BYB+OKX""}, {""usdt"": 8865969.0, ""borsa"": 1, ""fiyat"": 63825.0, ""kaynak"": ""BNB""}]","[{""usdt"": 12012562.0, ""borsa"": 3, ""fiyat"": 63950.0, ""kaynak"": ""BNB+BYB+OKX""}, {""usdt"": 8882150.0, ""borsa"": 1, ""fiyat"": 63975.0, ""kaynak"": ""BNB""}, {""usdt"": 7702064.0, ""borsa"": 1, ""fiyat"": 64025.0, ""kaynak"": ""BNB""}]",YOK,-0.0199,0.1012,0.4228,4.3932,true,0,false,,0,1,3,0,0,3,57.1,58.2,IZLE,,25,63993.2,,,,,SEVIYE,80,2466.8,247,,,,,,,,,0,,20,904.7,20,,,
31758,2026-07-29 22:49:29.335062+00,63914.25,1552546.606628602,923000.5480000001,11710192804.621,0.00008649800000000001,47997349.895289995,0.0,23.6,BEKLE,true,0.0,0.0,1.5648,242.306,45344588.49949999,60.339,0.0,23.6,"[{""usdt"": 15836051.0, ""borsa"": 3, ""fiyat"": 63900.0, ""kaynak"": ""BNB+BYB+OKX""}, {""usdt"": 9879649.0, ""borsa"": 1, ""fiyat"": 63825.0, ""kaynak"": ""BNB""}, {""usdt"": 8639510.0, ""borsa"": 2, ""fiyat"": 63875.0, ""kaynak"": ""BNB+BYB""}]","[{""usdt"": 13815780.0, ""borsa"": 3, ""fiyat"": 63925.0, ""kaynak"": ""BNB+BYB+OKX""}, {""usdt"": 7913154.0, ""borsa"": 3, ""fiyat"": 63950.0, ""kaynak"": ""BNB+BYB+OKX""}, {""usdt"": 7900560.0, ""borsa"": 1, ""fiyat"": 64000.0, ""kaynak"": ""BNB""}]",YOK,-0.0476,0.0284,0.4363,5.1305,false,,false,,1,1,3,0,1,3,53.3,54.4,IZLE,,25,63837.6,,,,,SEVIYE,55,1736.8,174,,,,,,,,,0,,20,905.7,20,,,
31759,2026-07-29 22:50:29.588281+00,63915.95,1158633.1414226014,837868.22,11708104813.616701,0.00008649800000000001,46338143.89528,0.0,14.5,BEKLE,false,0.0,0.0,1.5648,302.591,45859086.603609994,60.285,14.5,0.0,"[{""usdt"": 16207421.0, ""borsa"": 3, ""fiyat"": 63875.0, ""kaynak"": ""BNB+BYB+OKX""}, {""usdt"": 8402654.0, ""borsa"": 1, ""fiyat"": 63800.0, ""kaynak"": ""BNB""}, {""usdt"": 7957261.0, ""borsa"": 1, ""fiyat"": 63850.0, ""kaynak"": ""BNB""}]","[{""usdt"": 10389694.0, ""borsa"": 3, ""fiyat"": 63925.0, ""kaynak"": ""BNB+BYB+OKX""}, {""usdt"": 8791396.0, ""borsa"": 1, ""fiyat"": 63950.0, ""kaynak"": ""BNB""}, {""usdt"": 8255131.0, ""borsa"": 1, ""fiyat"": 64000.0, ""kaynak"": ""BNB""}]",YOK,-0.0679,0.0052,0.8044,5.6562,false,,true,0.2235,0,1,3,1,1,3,49.8,50.8,IZLE,,25,63993.2,,,,,SEVIYE,80,2468.8,247,,,,,,,,,0,,20,906.7,20,,,
31760,2026-07-29 22:51:29.891589+00,63922.149999999994,-649649.4797613978,564692.298,11708920220.1756,0.00008649800000000001,50255713.48251997,0.0,29.9,BEKLE,false,0.0,0.0,1.5628,362.921,47644123.79349002,120.615,29.9,0.0,"[{""usdt"": 13207827.0, ""borsa"": 3, ""fiyat"": 63875.0, ""kaynak"": ""BNB+BYB+OKX""}, {""usdt"": 10862667.0, ""borsa"": 3, ""fiyat"": 63900.0, ""kaynak"": ""BNB+BYB+OKX""}, {""usdt"": 10591803.0, ""borsa"": 1, ""fiyat"": 63850.0, ""kaynak"": ""BNB""}]","[{""usdt"": 12669177.0, ""borsa"": 3, ""fiyat"": 63925.0, ""kaynak"": ""BNB+BYB+OKX""}, {""usdt"": 8438054.0, ""borsa"": 1, ""fiyat"": 63975.0, ""kaynak"": ""BNB""}, {""usdt"": 7827044.0, ""borsa"": 1, ""fiyat"": 63950.0, ""kaynak"": ""BNB""}]",YOK,-0.0782,0.0267,0.8061,1.1588,false,,true,0.2843,0,1,3,0,1,3,46.2,47.3,IZLE,,25,63993.2,,,,,SEVIYE,80,2469.8,247,,,,,,,,,0,,20,907.7,20,,,
31761,2026-07-29 22:52:30.186141+00,63907.149999999994,-565283.2558979997,599514.282,11709655768.0746,0.00008649800000000001,50630128.36801999,0.0,29.1,BEKLE,false,0.0,0.0,1.5628,423.168,45822396.973289944,180.862,29.1,0.0,"[{""usdt"": 16952115.0, ""borsa"": 3, ""fiyat"": 63900.0, ""kaynak"": ""BNB+BYB+OKX""}, {""usdt"": 11320712.0, ""borsa"": 1, ""fiyat"": 63850.0, ""kaynak"": ""BNB""}, {""usdt"": 8584416.0, ""borsa"": 1, ""fiyat"": 63875.0, ""kaynak"": ""BNB""}]","[{""usdt"": 11045993.0, ""borsa"": 3, ""fiyat"": 63925.0, ""kaynak"": ""BNB+BYB+OKX""}, {""usdt"": 9638941.0, ""borsa"": 3, ""fiyat"": 63950.0, ""kaynak"": ""BNB+BYB+OKX""}, {""usdt"": 8426828.0, ""borsa"": 1, ""fiyat"": 63975.0, ""kaynak"": ""BNB""}]",YOK,-0.0648,0.0498,0.8121,0.4179,false,,false,0.5899,0,1,3,0,0,3,42.6,43.7,IZLE,,25,63837.6,,,,,SEVIYE,55,1739.8,174,,,,,,,,,0,,20,908.7,20,,,
31762,2026-07-29 22:53:30.37679+00,63894.25,-589603.3624943006,523235.724,11704768888.284698,0.00008649800000000001,48435716.404509984,0.0,26.6,BEKLE,,0.0,0.0,1.5628,483.406,48155632.98039001,0,26.6,0.0,"[{""usdt"": 16465864.0, ""borsa"": 3, ""fiyat"": 63875.0, ""kaynak"": ""BNB+BYB+OKX""}, {""usdt"": 8947967.0, ""borsa"": 1, ""fiyat"": 63800.0, ""kaynak"": ""BNB""}, {""usdt"": 8806952.0, ""borsa"": 1, ""fiyat"": 63825.0, ""kaynak"": ""BNB""}]","[{""usdt"": 11875706.0, ""borsa"": 3, ""fiyat"": 63900.0, ""kaynak"": ""BNB+BYB+OKX""}, {""usdt"": 9181353.0, ""borsa"": 3, ""fiyat"": 63925.0, ""kaynak"": ""BNB+BYB+OKX""}, {""usdt"": 8802129.0, ""borsa"": 1, ""fiyat"": 63950.0, ""kaynak"": ""BNB""}]",YOK,-0.0436,0.0029,0.8199,0.6022,false,,true,0.3412,1,1,3,0,1,3,38.1,39.6,IZLE,,25,63837.6,,,,,SEVIYE,55,1740.8,174,,,,,,,,,0,,20,909.7,20,,,
31763,2026-07-29 22:54:30.917634+00,63911.149999999994,-596579.7951340012,499241.2030000001,11705055222.9654,0.00008649800000000001,49432497.53109997,0.0,29.1,BEKLE,true,0.0,0.0,1.5628,543.705,48529968.31197001,60.299,29.1,0.0,"[{""usdt"": 13965397.0, ""borsa"": 3, ""fiyat"": 63875.0, ""kaynak"": ""BNB+BYB+OKX""}, {""usdt"": 10149435.0, ""borsa"": 1, ""fiyat"": 63825.0, ""kaynak"": ""BNB""}, {""usdt"": 9059713.0, ""borsa"": 1, ""fiyat"": 63800.0, ""kaynak"": ""BNB""}]","[{""usdt"": 12700836.0, ""borsa"": 3, ""fiyat"": 63925.0, ""kaynak"": ""BNB+BYB+OKX""}, {""usdt"": 7881342.0, ""borsa"": 1, ""fiyat"": 63975.0, ""kaynak"": ""BNB""}, {""usdt"": 7296574.0, ""borsa"": 1, ""fiyat"": 64000.0, ""kaynak"": ""BNB""}]",YOK,-0.0537,0.0092,0.808,0.0712,false,,true,0.3457,0,1,3,0,0,3,34.6,35.6,IZLE,,25,63837.6,,,,,SEVIYE,55,1741.8,174,,,,,,,,,0,,20,910.7,20,,,
31764,2026-07-29 22:55:31.142124+00,63903.25,-514442.11254300235,526776.737,11707354447.898598,0.00008649800000000001,49074347.89105002,0.0,24.4,BEKLE,false,0.0,0.0,1.5628,604.193,55612296.991010025,120.787,24.4,0.0,"[{""usdt"": 19145858.0, ""borsa"": 3, ""fiyat"": 63875.0, ""kaynak"": ""BNB+BYB+OKX""}, {""usdt"": 11447361.0, ""borsa"": 1, ""fiyat"": 63800.0, ""kaynak"": ""BNB""}, {""usdt"": 7982675.0, ""borsa"": 1, ""fiyat"": 63825.0, ""kaynak"": ""BNB""}]","[{""usdt"": 15370890.0, ""borsa"": 3, ""fiyat"": 63900.0, ""kaynak"": ""BNB+BYB+OKX""}, {""usdt"": 10288658.0, ""borsa"": 3, ""fiyat"": 63925.0, ""kaynak"": ""BNB+BYB+OKX""}, {""usdt"": 8536343.0, ""borsa"": 1, ""fiyat"": 63950.0, ""kaynak"": ""BNB""}]",YOK,-0.1312,-0.0625,0.8155,0.3755,false,,true,0.3161,0,1,3,0,1,3,31.2,32.3,IZLE,,25,63837.6,,,,,SEVIYE,55,1742.8,175,,,,,,,,,0,,20,981.8,20,,,
31765,2026-07-29 22:56:31.390223+00,63914.850000000006,-1755377.8529502074,-214598.16199999995,11707569649.3408,0.00008649800000000001,47120175.66717999,0.0,41.8,BEKLE,false,0.0,0.0,1.5628,664.349,53226625.337360054,180.943,41.8,0.0,"[{""usdt"": 13023989.0, ""borsa"": 3, ""fiyat"": 63900.0, ""kaynak"": ""BNB+BYB+OKX""}, {""usdt"": 11013445.0, ""borsa"": 3, ""fiyat"": 63875.0, ""kaynak"": ""BNB+BYB+OKX""}, {""usdt"": 10184685.0, ""borsa"": 1, ""fiyat"": 63850.0, ""kaynak"": ""BNB""}]","[{""usdt"": 19608966.0, ""borsa"": 3, ""fiyat"": 63925.0, ""kaynak"": ""BNB+BYB+OKX""}, {""usdt"": 9934873.0, ""borsa"": 1, ""fiyat"": 64000.0, ""kaynak"": ""BNB""}, {""usdt"": 8585166.0, ""borsa"": 2, ""fiyat"": 63950.0, ""kaynak"": ""BNB+BYB""}]",YOK,-0.0543,-0.0609,0.5383,0.2156,false,1.8232,true,0,0,1,3,0,1,3,27.5,28.6,IZLE,,25,63975.5,,,,,SEVIYE,75,1864.0,187,,,,,,,,,0,,20,982.8,20,,,
31766,2026-07-29 22:57:31.701197+00,63921.850000000006,-1783165.5872122077,-214788.199,11709702746.4206,0.00008649800000000001,48897413.12546001,0.0,45.3,BEKLE,false,0.0,0.0,1.5602,724.715,58979310.294310026,241.309,45.3,0.0,"[{""usdt"": 14818342.0, ""borsa"": 3, ""fiyat"": 63900.0, ""kaynak"": ""BNB+BYB+OKX""}, {""usdt"": 10682456.0, ""borsa"": 1, ""fiyat"": 63850.0, ""kaynak"": ""BNB""}, {""usdt"": 8656193.0, ""borsa"": 1, ""fiyat"": 63825.0, ""kaynak"": ""BNB""}]","[{""usdt"": 19774838.0, ""borsa"": 3, ""fiyat"": 63925.0, ""kaynak"": ""BNB+BYB+OKX""}, {""usdt"": 11551600.0, ""borsa"": 3, ""fiyat"": 63950.0, ""kaynak"": ""BNB+BYB+OKX""}, {""usdt"": 8563149.0, ""borsa"": 1, ""fiyat"": 63975.0, ""kaynak"": ""BNB""}]",YOK,-0.0153,-0.0935,0.5514,0.4038,false,3.1034,true,0,0,0,3,0,1,3,24,25.1,IZLE,,25,63975.5,,,,,SEVIYE,75,1865.0,187,,,,,,,,,0,,20,983.8,20,,,
31767,2026-07-29 22:58:32.049967+00,63918.75,-1886702.3790631078,-211489.516,11710462867.8768,0.00008649800000000001,48623914.71075999,0.0,42.9,BEKLE,false,0.0,0.0,1.5602,785.016,56488372.27645999,301.61,42.9,0.0,"[{""usdt"": 13143436.0, ""borsa"": 3, ""fiyat"": 63875.0, ""kaynak"": ""BNB+BYB+OKX""}, {""usdt"": 10773116.0, ""borsa"": 3, ""fiyat"": 63900.0, ""kaynak"": ""BNB+BYB+OKX""}, {""usdt"": 10521219.0, ""borsa"": 1, ""fiyat"": 63850.0, ""kaynak"": ""BNB""}]","[{""usdt"": 20953128.0, ""borsa"": 3, ""fiyat"": 63925.0, ""kaynak"": ""BNB+BYB+OKX""}, {""usdt"": 8664661.0, ""borsa"": 1, ""fiyat"": 63975.0, ""kaynak"": ""BNB""}, {""usdt"": 8621838.0, ""borsa"": 1, ""fiyat"": 64000.0, ""kaynak"": ""BNB""}]",YOK,-0.0699,-0.0748,0.592,0.6786,false,2.5175,true,0,0,1,3,0,1,3,20.5,21.5,IZLE,,25,63975.5,,,,,SEVIYE,75,1866.0,187,,,,,,,,,0,,20,984.8,20,,,
31768,2026-07-29 22:59:32.306303+00,63916.95,-1837464.266345008,-209693.08999999997,11710144847.0489,0.00008649800000000001,50318397.91281003,0.0,41.7,BEKLE,false,0.0,0.0,1.5602,845.35,51179899.976970024,361.944,41.7,0.0,"[{""usdt"": 13388228.0, ""borsa"": 3, ""fiyat"": 63900.0, ""kaynak"": ""BNB+BYB+OKX""}, {""usdt"": 11582938.0, ""borsa"": 3, ""fiyat"": 63875.0, ""kaynak"": ""BNB+BYB+OKX""}, {""usdt"": 10899943.0, ""borsa"": 1, ""fiyat"": 63850.0, ""kaynak"": ""BNB""}]","[{""usdt"": 13529101.0, ""borsa"": 3, ""fiyat"": 63925.0, ""kaynak"": ""BNB+BYB+OKX""}, {""usdt"": 11486138.0, ""borsa"": 2, ""fiyat"": 63950.0, ""kaynak"": ""BNB+BYB""}, {""usdt"": 8864425.0, ""borsa"": 1, ""fiyat"": 63975.0, ""kaynak"": ""BNB""}]",YOK,-0.0247,-0.0085,0.5899,0.1673,false,2.8295,true,0,0,1,3,0,1,3,17,18,IZLE,,25,63975.5,,,,,SEVIYE,75,1867.0,187,,,,,,,,,0,,20,985.8,20,,,
31769,2026-07-29 23:00:32.626879+00,63914.25,-1890896.972329309,-185705.541,11709838770.4167,0.00008649800000000001,46383755.55956,0.0,39.8,BEKLE,false,0.0,0.0,1.5602,905.579,54449137.14432003,422.173,39.8,0.0,"[{""usdt"": 11233930.0, ""borsa"": 3, ""fiyat"": 63875.0, ""kaynak"": ""BNB+BYB+OKX""}, {""usdt"": 9617628.0, ""borsa"": 1, ""fiyat"": 63850.0, ""kaynak"": ""BNB""}, {""usdt"": 9182928.0, ""borsa"": 3, ""fiyat"": 63900.0, ""kaynak"": ""BNB+BYB+OKX""}]","[{""usdt"": 19107278.0, ""borsa"": 3, ""fiyat"": 63925.0, ""kaynak"": ""BNB+BYB+OKX""}, {""usdt"": 8631410.0, ""borsa"": 1, ""fiyat"": 64000.0, ""kaynak"": ""BNB""}, {""usdt"": 8431313.0, ""borsa"": 1, ""fiyat"": 63975.0, ""kaynak"": ""BNB""}]",YOK,-0.058,-0.08,0.6135,0.2975,false,,false,,0,1,3,0,2,3,12.9,14,IZLE,,25,63975.5,,,,,SEVIYE,75,1868.0,187,,,,,,,,,0,,20,986.8,20,,,
31770,2026-07-29 23:01:32.913684+00,63897.649999999994,-1356492.6431035087,-12231.16,11707054586.1416,0.00008649800000000001,52347326.43364999,0.0,18.4,BEKLE,false,0.0,0.0,1.5602,965.941,48821769.20493004,301.592,0.0,18.4,"[{""usdt"": 16665748.0, ""borsa"": 3, ""fiyat"": 63875.0, ""kaynak"": ""BNB+BYB+OKX""}, {""usdt"": 11825369.0, ""borsa"": 1, ""fiyat"": 63800.0, ""kaynak"": ""BNB""}, {""usdt"": 9460669.0, ""borsa"": 1, ""fiyat"": 63850.0, ""kaynak"": ""BNB""}]","[{""usdt"": 13339803.0, ""borsa"": 3, ""fiyat"": 63900.0, ""kaynak"": ""BNB+BYB+OKX""}, {""usdt"": 9262598.0, ""borsa"": 3, ""fiyat"": 63925.0, ""kaynak"": ""BNB+BYB+OKX""}, {""usdt"": 9205527.0, ""borsa"": 1, ""fiyat"": 63950.0, ""kaynak"": ""BNB""}]",YOK,-0.1136,0.0348,,,false,0.4776,false,,0,1,3,0,1,3,9.4,10.5,IZLE,,25,63837.6,,,,,SEVIYE,55,1748.8,175,,,,,,,,,0,,20,987.8,20,,,
31771,2026-07-29 23:02:33.363307+00,63899.75,-1523821.2385950084,-137234.98699999996,11706008236.696999,0.00008649800000000001,49207963.48082,0.0,11.1,BEKLE,false,0.0,0.0,1.5602,1026.376,47010281.98400002,362.027,0.0,11.1,"[{""usdt"": 12143391.0, ""borsa"": 3, ""fiyat"": 63875.0, ""kaynak"": ""BNB+BYB+OKX""}, {""usdt"": 10229078.0, ""borsa"": 1, ""fiyat"": 63850.0, ""kaynak"": ""BNB""}, {""usdt"": 9664142.0, ""borsa"": 3, ""fiyat"": 63900.0, ""kaynak"": ""BNB+BYB+OKX""}]","[{""usdt"": 14332436.0, ""borsa"": 3, ""fiyat"": 63925.0, ""kaynak"": ""BNB+BYB+OKX""}, {""usdt"": 8460865.0, ""borsa"": 1, ""fiyat"": 64000.0, ""kaynak"": ""BNB""}, {""usdt"": 8002045.0, ""borsa"": 1, ""fiyat"": 63950.0, ""kaynak"": ""BNB""}]",YOK,-0.0341,0.0228,,,false,0.3685,false,,0,1,3,0,1,3,6,7.1,IZLE,,25,63837.6,,,,,SEVIYE,55,1749.8,175,,,,,,,,,0,,20,988.8,20,,,
31772,2026-07-29 23:03:33.591939+00,63914.350000000006,-1489819.032547608,-502532.524,11706499278.556301,0.00008649800000000001,47560303.634679995,0.0,17.5,BEKLE,true,0.0,0.0,1.5602,1086.627,46052424.627229996,422.278,17.5,0.0,"[{""usdt"": 11684487.0, ""borsa"": 1, ""fiyat"": 63850.0, ""kaynak"": ""BNB""}, {""usdt"": 11382815.0, ""borsa"": 3, ""fiyat"": 63875.0, ""kaynak"": ""BNB+BYB+OKX""}, {""usdt"": 11201440.0, ""borsa"": 3, ""fiyat"": 63900.0, ""kaynak"": ""BNB+BYB+OKX""}]","[{""usdt"": 12946575.0, ""borsa"": 3, ""fiyat"": 63925.0, ""kaynak"": ""BNB+BYB+OKX""}, {""usdt"": 9087224.0, ""borsa"": 1, ""fiyat"": 63975.0, ""kaynak"": ""BNB""}, {""usdt"": 8087718.0, ""borsa"": 1, ""fiyat"": 64000.0, ""kaynak"": ""BNB""}]",YOK,-0.0609,0.0161,0.5284,0.3554,false,0.4515,false,,0,1,3,0,0,3,2.4,3.5,IZLE,,25,63975.5,,,,,SEVIYE,75,1871.0,187,,,,,,,,,0,,20,989.9,20,,,
31773,2026-07-29 23:04:34.169045+00,63899.75,-1362348.9082398084,-446917.436,11710029342.3741,0.00008649800000000001,47560303.634679995,0.0,16.2,BEKLE,true,0.0,0.0,1.5602,1146.866,46052424.627229996,482.517,16.2,0.0,"[{""usdt"": 11684487.0, ""borsa"": 1, ""fiyat"": 63850.0, ""kaynak"": ""BNB""}, {""usdt"": 11382815.0, ""borsa"": 3, ""fiyat"": 63875.0, ""kaynak"": ""BNB+BYB+OKX""}, {""usdt"": 11201440.0, ""borsa"": 3, ""fiyat"": 63900.0, ""kaynak"": ""BNB+BYB+OKX""}]","[{""usdt"": 12946575.0, ""borsa"": 3, ""fiyat"": 63925.0, ""kaynak"": ""BNB+BYB+OKX""}, {""usdt"": 9087224.0, ""borsa"": 1, ""fiyat"": 63975.0, ""kaynak"": ""BNB""}, {""usdt"": 8087718.0, ""borsa"": 1, ""fiyat"": 64000.0, ""kaynak"": ""BNB""}]",YOK,-0.0609,0.0161,0.622,1.3662,false,0.2622,false,,0,1,3,0,0,3,62.6,63.7,IZLE,,25,63837.6,,,,,SEVIYE,55,1751.9,175,,,,,,,,,0,,20,990.9,20,,,
31774,2026-07-29 23:05:34.505179+00,63886.649999999994,-1566766.717445709,-455640.60199999996,11708132411.7341,0.00008649800000000001,56845939.098419994,0.0,17.3,BEKLE,true,0.0,0.0,1.5602,1207.557,46933259.08136002,543.208,17.3,0.0,"[{""usdt"": 17531914.0, ""borsa"": 3, ""fiyat"": 63875.0, ""kaynak"": ""BNB+BYB+OKX""}, {""usdt"": 11515000.0, ""borsa"": 1, ""fiyat"": 63825.0, ""kaynak"": ""BNB""}, {""usdt"": 10061338.0, ""borsa"": 1, ""fiyat"": 63850.0, ""kaynak"": ""BNB""}]","[{""usdt"": 11361769.0, ""borsa"": 3, ""fiyat"": 63925.0, ""kaynak"": ""BNB+BYB+OKX""}, {""usdt"": 10384444.0, ""borsa"": 3, ""fiyat"": 63900.0, ""kaynak"": ""BNB+BYB+OKX""}, {""usdt"": 8290639.0, ""borsa"": 1, ""fiyat"": 63950.0, ""kaynak"": ""BNB""}]",YOK,-0.0854,0.0955,,,false,0.2259,false,,0,1,3,0,1,3,59.5,60.5,IZLE,,25,63837.6,,,,,SEVIYE,55,1752.9,176,,,,,,,,,0,,21,921.8,21,,,
31775,2026-07-29 23:06:34.894459+00,63919.75,-629297.8509174018,-488693.152,11706726195.274601,0.00008649800000000001,51111928.46406001,0.0,26.4,BEKLE,true,0.0,0.0,1.5582,1267.742,46784993.978609964,181.115,26.4,0.0,"[{""usdt"": 15640487.0, ""borsa"": 3, ""fiyat"": 63850.0, ""kaynak"": ""BNB+BYB+OKX""}, {""usdt"": 10726869.0, ""borsa"": 3, ""fiyat"": 63875.0, ""kaynak"": ""BNB+BYB+OKX""}, {""usdt"": 9191336.0, ""borsa"": 1, ""fiyat"": 63800.0, ""kaynak"": ""BNB""}]","[{""usdt"": 13039570.0, ""borsa"": 3, ""fiyat"": 63900.0, ""kaynak"": ""BNB+BYB+OKX""}, {""usdt"": 8141298.0, ""borsa"": 1, ""fiyat"": 63950.0, ""kaynak"": ""BNB""}, {""usdt"": 7351391.0, ""borsa"": 1, ""fiyat"": 63975.0, ""kaynak"": ""BNB""}]",YOK,-0.1312,0.0442,0.5638,1.0164,false,0.1805,false,,0,1,3,0,0,3,55.8,56.9,IZLE,,25,63966.2,,,,,SEVIYE,75,1874.0,188,,,,,,,,,0,,21,922.8,21,,,
31776,2026-07-29 23:07:35.179781+00,63905.25,-325166.97735160176,-642074.9999999999,11710799889.952501,0.00008649800000000001,44900852.99304998,0.0,25.1,BEKLE,true,0.0,0.0,1.5582,1328.192,54736380.29333002,241.565,25.1,0.0,"[{""usdt"": 12496653.0, ""borsa"": 3, ""fiyat"": 63900.0, ""kaynak"": ""BNB+BYB+OKX""}, {""usdt"": 10936180.0, ""borsa"": 1, ""fiyat"": 63850.0, ""kaynak"": ""BNB""}, {""usdt"": 10323599.0, ""borsa"": 3, ""fiyat"": 63875.0, ""kaynak"": ""BNB+BYB+OKX""}]","[{""usdt"": 19018207.0, ""borsa"": 3, ""fiyat"": 63925.0, ""kaynak"": ""BNB+BYB+OKX""}, {""usdt"": 8900669.0, ""borsa"": 1, ""fiyat"": 63975.0, ""kaynak"": ""BNB""}, {""usdt"": 7995269.0, ""borsa"": 2, ""fiyat"": 63950.0, ""kaynak"": ""BNB+BYB""}]",YOK,-0.0454,-0.0987,0.6678,0.1818,false,0.2275,false,,0,1,3,0,1,3,52.4,53.5,IZLE,,25,63966.2,,,,,SEVIYE,75,1875.0,188,,,,,,,,,0,,21,923.8,21,,,
31777,2026-07-29 23:08:35.46412+00,63904.850000000006,-535447.4193635023,-644436.9589999999,11710677603.685999,0.00008649800000000001,50293127.332199976,0.0,15.0,BEKLE,,0.0,0.0,1.5582,1388.446,46399270.89525001,60.254,15.0,0.0,"[{""usdt"": 16716118.0, ""borsa"": 3, ""fiyat"": 63875.0, ""kaynak"": ""BNB+BYB+OKX""}, {""usdt"": 9155372.0, ""borsa"": 1, ""fiyat"": 63800.0, ""kaynak"": ""BNB""}, {""usdt"": 8399821.0, ""borsa"": 1, ""fiyat"": 63850.0, ""kaynak"": ""BNB""}]","[{""usdt"": 11655090.0, ""borsa"": 3, ""fiyat"": 63925.0, ""kaynak"": ""BNB+BYB+OKX""}, {""usdt"": 9152168.0, ""borsa"": 1, ""fiyat"": 64000.0, ""kaynak"": ""BNB""}, {""usdt"": 8458464.0, ""borsa"": 1, ""fiyat"": 63950.0, ""kaynak"": ""BNB""}]",YOK,-0.0995,0.0403,0.8506,0.5022,true,0.2002,false,,0,1,3,1,1,3,48.8,49.9,IZLE,,25,63966.2,,,,,SEVIYE,75,1876.0,188,,,,,,,,,0,,21,924.8,21,,,
31778,2026-07-29 23:09:35.741231+00,63953.45,-836531.353409604,-739284.312,11711340460.4376,0.00008649800000000001,49428929.112800024,0.0,20.1,BEKLE,true,0.0,0.0,1.5582,1448.722,52732288.47937999,120.53,20.1,0.0,"[{""usdt"": 15384672.0, ""borsa"": 3, ""fiyat"": 63925.0, ""kaynak"": ""BNB+BYB+OKX""}, {""usdt"": 8789498.0, ""borsa"": 1, ""fiyat"": 63875.0, ""kaynak"": ""BNB""}, {""usdt"": 8205649.0, ""borsa"": 3, ""fiyat"": 63900.0, ""kaynak"": ""BNB+BYB+OKX""}]","[{""usdt"": 22310883.0, ""borsa"": 3, ""fiyat"": 63950.0, ""kaynak"": ""BNB+BYB+OKX""}, {""usdt"": 10830906.0, ""borsa"": 1, ""fiyat"": 64000.0, ""kaynak"": ""BNB""}, {""usdt"": 7921845.0, ""borsa"": 2, ""fiyat"": 63975.0, ""kaynak"": ""BNB+BYB""}]",YOK,-0.0328,-0.0323,0.6036,3.657,true,0.3824,false,,0,1,3,0,0,3,45.2,46.3,IZLE,,25,63966.2,,,,,SEVIYE,75,1877.0,188,,,,,,,,,0,,21,925.8,21,,,
31779,2026-07-29 23:10:36.291191+00,63888.05,-1057801.4510030034,-687892.997,11701896723.6044,0.00008649800000000001,48277042.21256001,0.0,16.8,BEKLE,true,0.0,0.0,1.5582,1509.017,47118158.40514001,0,16.8,0.0,"[{""usdt"": 14982862.0, ""borsa"": 3, ""fiyat"": 63925.0, ""kaynak"": ""BNB+BYB+OKX""}, {""usdt"": 9489115.0, ""borsa"": 1, ""fiyat"": 63850.0, ""kaynak"": ""BNB""}, {""usdt"": 8961379.0, ""borsa"": 1, ""fiyat"": 63875.0, ""kaynak"": ""BNB""}]","[{""usdt"": 13147120.0, ""borsa"": 3, ""fiyat"": 63950.0, ""kaynak"": ""BNB+BYB+OKX""}, {""usdt"": 10218432.0, ""borsa"": 1, ""fiyat"": 64000.0, ""kaynak"": ""BNB""}, {""usdt"": 8450182.0, ""borsa"": 2, ""fiyat"": 63975.0, ""kaynak"": ""BNB+BYB""}]",YOK,-0.034,0.0121,0.6498,0.1061,false,0.1255,false,,0,1,3,0,0,3,41.7,42.8,IZLE,,25,63837.6,,,,,SEVIYE,55,1757.9,176,,,,,,,,,0,,21,926.8,21,,,
31780,2026-07-29 23:11:36.6255+00,63908.95,-1222826.9898007037,-689301.809,11698975329.300102,0.00008649800000000001,50652442.90179002,0.0,20.2,BEKLE,,0.0,0.0,1.5582,1569.675,49916300.817840025,0,20.2,0.0,"[{""usdt"": 16036646.0, ""borsa"": 3, ""fiyat"": 63875.0, ""kaynak"": ""BNB+BYB+OKX""}, {""usdt"": 8488208.0, ""borsa"": 1, ""fiyat"": 63850.0, ""kaynak"": ""BNB""}, {""usdt"": 8338797.0, ""borsa"": 1, ""fiyat"": 63800.0, ""kaynak"": ""BNB""}]","[{""usdt"": 15355044.0, ""borsa"": 3, ""fiyat"": 63925.0, ""kaynak"": ""BNB+BYB+OKX""}, {""usdt"": 7904701.0, ""borsa"": 1, ""fiyat"": 63975.0, ""kaynak"": ""BNB""}, {""usdt"": 7703339.0, ""borsa"": 3, ""fiyat"": 63900.0, ""kaynak"": ""BNB+BYB+OKX""}]",YOK,-0.0505,0.0073,0.7147,0.7712,true,0.1366,false,,0,1,3,1,0,3,38.5,39.6,IZLE,,25,63966.2,,,,,SEVIYE,75,1879.0,188,,,,,,,,,0,,21,927.8,21,,,
31781,2026-07-29 23:12:37.187515+00,63889.45,-1474993.7362428037,-731961.761,11696437074.5048,0.00008649800000000001,49007537.73242999,0.0,12.8,BEKLE,true,0.0,0.0,1.5575,1629.913,45612522.774789974,60.238,12.8,0.0,"[{""usdt"": 15220443.0, ""borsa"": 3, ""fiyat"": 63850.0, ""kaynak"": ""BNB+BYB+OKX""}, {""usdt"": 8881695.0, ""borsa"": 1, ""fiyat"": 63825.0, ""kaynak"": ""BNB""}, {""usdt"": 8749943.0, ""borsa"": 1, ""fiyat"": 63800.0, ""kaynak"": ""BNB""}]","[{""usdt"": 12537132.0, ""borsa"": 3, ""fiyat"": 63900.0, ""kaynak"": ""BNB+BYB+OKX""}, {""usdt"": 7781859.0, ""borsa"": 1, ""fiyat"": 63925.0, ""kaynak"": ""BNB""}, {""usdt"": 7365560.0, ""borsa"": 1, ""fiyat"": 63975.0, ""kaynak"": ""BNB""}]",YOK,-0.1696,0.0359,0.9155,0.7462,false,0.1743,false,,0,2,3,0,1,3,34.9,35.9,IZLE,,25,63837.6,,,,,SEVIYE,55,1759.9,176,,,,,,,,,0,,21,928.8,21,,,
31782,2026-07-29 23:13:37.498084+00,63870.75,-1532633.738396303,-659680.5360000001,11707147020.243301,0.00008649800000000001,46633196.170589976,0.0,5.0,BEKLE,,0.0,0.0,1.5575,1690.486,50703323.238379985,120.811,5.0,0.0,"[{""usdt"": 14689561.0, ""borsa"": 3, ""fiyat"": 63850.0, ""kaynak"": ""BNB+BYB+OKX""}, {""usdt"": 9251756.0, ""borsa"": 1, ""fiyat"": 63800.0, ""kaynak"": ""BNB""}, {""usdt"": 8062940.0, ""borsa"": 1, ""fiyat"": 63775.0, ""kaynak"": ""BNB""}]","[{""usdt"": 15237327.0, ""borsa"": 3, ""fiyat"": 63900.0, ""kaynak"": ""BNB+BYB+OKX""}, {""usdt"": 8959015.0, ""borsa"": 1, ""fiyat"": 63950.0, ""kaynak"": ""BNB""}, {""usdt"": 7411775.0, ""borsa"": 1, ""fiyat"": 63975.0, ""kaynak"": ""BNB""}]",YOK,-0.1066,-0.0418,0.9823,1.9924,false,0.2572,false,,0,1,3,0,1,3,31.6,32.7,IZLE,,25,63837.6,,,,,SEVIYE,55,1760.9,176,,,,,,,,,0,,21,929.8,21,,,
31783,2026-07-29 23:14:37.812216+00,63882.25,-1060566.2634602038,-557652.124,11707676206.6008,0.00008649800000000001,48699902.402830005,0.0,20.7,BEKLE,false,0.0,0.0,1.5575,1750.811,56115756.71833002,181.136,0.0,20.7,"[{""usdt"": 11753937.0, ""borsa"": 3, ""fiyat"": 63875.0, ""kaynak"": ""BNB+BYB+OKX""}, {""usdt"": 11519844.0, ""borsa"": 3, ""fiyat"": 63850.0, ""kaynak"": ""BNB+BYB+OKX""}, {""usdt"": 9298523.0, ""borsa"": 1, ""fiyat"": 63800.0, ""kaynak"": ""BNB""}]","[{""usdt"": 21549000.0, ""borsa"": 3, ""fiyat"": 63900.0, ""kaynak"": ""BNB+BYB+OKX""}, {""usdt"": 9307639.0, ""borsa"": 1, ""fiyat"": 63950.0, ""kaynak"": ""BNB""}, {""usdt"": 7315264.0, ""borsa"": 1, ""fiyat"": 63975.0, ""kaynak"": ""BNB""}]",YOK,-0.0632,-0.0708,,,false,0.1841,false,,0,1,3,0,0,3,28.1,29.2,IZLE,,25,63837.6,,,,,SEVIYE,55,1761.9,176,,,,,,,,,0,,21,930.8,21,,,
31784,2026-07-29 23:15:38.037638+00,63899.45,-192409.40259400298,-91224.341,11709950101.879799,0.00008649800000000001,48556148.78588994,0.0,34.7,BEKLE,false,0.0,0.0,1.5575,1811.08,59531911.85506006,241.405,0.0,34.7,"[{""usdt"": 14637068.0, ""borsa"": 3, ""fiyat"": 63875.0, ""kaynak"": ""BNB+BYB+OKX""}, {""usdt"": 10879102.0, ""borsa"": 1, ""fiyat"": 63800.0, ""kaynak"": ""BNB""}, {""usdt"": 7824818.0, ""borsa"": 1, ""fiyat"": 63850.0, ""kaynak"": ""BNB""}]","[{""usdt"": 17406680.0, ""borsa"": 3, ""fiyat"": 63925.0, ""kaynak"": ""BNB+BYB+OKX""}, {""usdt"": 13162622.0, ""borsa"": 3, ""fiyat"": 63900.0, ""kaynak"": ""BNB+BYB+OKX""}, {""usdt"": 8760218.0, ""borsa"": 1, ""fiyat"": 63975.0, ""kaynak"": ""BNB""}]",YOK,-0.1467,-0.1015,0.5513,0.4312,false,,true,0.1629,0,2,3,0,1,3,23.5,25.1,IZLE,,25,63957.7,,,,,SEVIYE,75,1883.1,189,,,,,,,,,0,,21,1001.9,21,,,
31785,2026-07-29 23:16:38.634639+00,63942.55,-297470.3532899039,-80629.646,11712237785.2416,0.00008649800000000001,50335318.48512999,0.0,31.7,BEKLE,false,0.0,0.0,1.5575,1871.524,54323848.70867999,301.849,0.0,31.7,"[{""usdt"": 12638207.0, ""borsa"": 3, ""fiyat"": 63875.0, ""kaynak"": ""BNB+BYB+OKX""}, {""usdt"": 12111134.0, ""borsa"": 3, ""fiyat"": 63900.0, ""kaynak"": ""BNB+BYB+OKX""}, {""usdt"": 9773535.0, ""borsa"": 1, ""fiyat"": 63825.0, ""kaynak"": ""BNB""}]","[{""usdt"": 20883045.0, ""borsa"": 3, ""fiyat"": 63925.0, ""kaynak"": ""BNB+BYB+OKX""}, {""usdt"": 9378311.0, ""borsa"": 1, ""fiyat"": 63975.0, ""kaynak"": ""BNB""}, {""usdt"": 7249585.0, ""borsa"": 1, ""fiyat"": 64000.0, ""kaynak"": ""BNB""}]",YOK,-0.0454,-0.0381,0.563,1.2131,false,,true,0.1885,0,1,3,1,1,3,20,21.1,IZLE,,25,63957.7,,,,,SEVIYE,75,1884.1,189,,,,,,,,,0,,21,1002.9,21,,,
31786,2026-07-29 23:17:38.875027+00,63967.350000000006,-72507.48462110381,193827.24599999998,11719416442.6694,0.00008649800000000001,51232596.262719996,0.0,21.6,BEKLE,false,0.0,0.0,1.5575,1931.919,50500862.984380044,0,0.0,21.6,"[{""usdt"": 12869279.0, ""borsa"": 3, ""fiyat"": 63925.0, ""kaynak"": ""BNB+BYB+OKX""}, {""usdt"": 9624241.0, ""borsa"": 3, ""fiyat"": 63950.0, ""kaynak"": ""BNB+BYB+OKX""}, {""usdt"": 9335484.0, ""borsa"": 1, ""fiyat"": 63875.0, ""kaynak"": ""BNB""}]","[{""usdt"": 18307471.0, ""borsa"": 3, ""fiyat"": 63975.0, ""kaynak"": ""BNB+BYB+OKX""}, {""usdt"": 9511471.0, ""borsa"": 1, ""fiyat"": 64025.0, ""kaynak"": ""BNB""}, {""usdt"": 7941305.0, ""borsa"": 1, ""fiyat"": 64050.0, ""kaynak"": ""BNB""}]",YOK,0.0161,0.0072,0.5621,1.8533,false,,true,0.3353,0,1,3,1,0,3,16.6,17.7,IZLE,,25,63957.7,,,,,SEVIYE,75,1885.1,189,,,,,,,,,0,,21,1003.9,21,,,
31787,2026-07-29 23:18:39.163119+00,63986.55,-28768.02930620435,304219.94800000003,11720720442.975399,0.00008649800000000001,49698602.08065997,0.0,15.9,BEKLE,true,0.0,0.0,1.5569,1992.14,53871109.47614007,60.221,0.0,15.9,"[{""usdt"": 15396497.0, ""borsa"": 3, ""fiyat"": 63950.0, ""kaynak"": ""BNB+BYB+OKX""}, {""usdt"": 10148041.0, ""borsa"": 1, ""fiyat"": 63875.0, ""kaynak"": ""BNB""}, {""usdt"": 7891914.0, ""borsa"": 1, ""fiyat"": 63900.0, ""kaynak"": ""BNB""}]","[{""usdt"": 15730763.0, ""borsa"": 3, ""fiyat"": 64000.0, ""kaynak"": ""BNB+BYB+OKX""}, {""usdt"": 13486541.0, ""borsa"": 1, ""fiyat"": 64075.0, ""kaynak"": ""BNB""}, {""usdt"": 7491200.0, ""borsa"": 1, ""fiyat"": 64050.0, ""kaynak"": ""BNB""}]",YOK,0.0094,-0.0403,0.5693,2.6031,false,,true,0.3026,0,0,3,1,0,3,12.9,14,IZLE,,25,63957.7,,,,,SEVIYE,75,1886.1,189,,,,,,,,,0,,21,1004.9,21,,,
31788,2026-07-29 23:19:39.413816+00,64043.45,369904.00770979596,538980.737,11728800427.335,0.00008649800000000001,47919103.75960997,0.0,0.0,BEKLE,,0.0,0.0,1.5569,0,49328244.96054003,0,0.0,0.0,"[{""usdt"": 11980870.0, ""borsa"": 3, ""fiyat"": 64000.0, ""kaynak"": ""BNB+BYB+OKX""}, {""usdt"": 11557776.0, ""borsa"": 3, ""fiyat"": 64025.0, ""kaynak"": ""BNB+BYB+OKX""}, {""usdt"": 8726164.0, ""borsa"": 1, ""fiyat"": 63950.0, ""kaynak"": ""BNB""}]","[{""usdt"": 11686237.0, ""borsa"": 3, ""fiyat"": 64050.0, ""kaynak"": ""BNB+BYB+OKX""}, {""usdt"": 9892944.0, ""borsa"": 1, ""fiyat"": 64100.0, ""kaynak"": ""BNB""}, {""usdt"": 7883338.0, ""borsa"": 1, ""fiyat"": 64075.0, ""kaynak"": ""BNB""}]",SPOT,0.2091,-0.0145,0.525,3.5124,false,,false,1.192,1,0,3,0,0,3,9.4,10.4,IZLE,,25,64030.6,,,,,SEVIYE,50,2498.0,250,,,,,,,,,0,,21,1005.9,21,,,
31789,2026-07-29 23:20:39.706528+00,64016.05,696912.2428937991,1026976.3219999999,11726398380.8605,0.00008649800000000001,49724817.04752989,2881.4355,18.0,BEKLE,true,0.0,2881.4355,1.5589,60.262,48899172.95203999,60.262,0.0,18.0,"[{""usdt"": 14512795.0, ""borsa"": 3, ""fiyat"": 64000.0, ""kaynak"": ""BNB+BYB+OKX""}, {""usdt"": 11414215.0, ""borsa"": 3, ""fiyat"": 63975.0, ""kaynak"": ""BNB+BYB+OKX""}, {""usdt"": 9168409.0, ""borsa"": 1, ""fiyat"": 63925.0, ""kaynak"": ""BNB""}]","[{""usdt"": 12069266.0, ""borsa"": 3, ""fiyat"": 64025.0, ""kaynak"": ""BNB+BYB+OKX""}, {""usdt"": 10541209.0, ""borsa"": 1, ""fiyat"": 64100.0, ""kaynak"": ""BNB""}, {""usdt"": 7850491.0, ""borsa"": 1, ""fiyat"": 64075.0, ""kaynak"": ""BNB""}]",YOK,0.1244,0.0084,0.4026,3.1328,false,,false,1.4912,0,0,3,0,1,3,5.8,6.8,IZLE,,25,64030.6,,,,,SEVIYE,50,2499.0,250,,,,,,,1785367140,1,0,,21,1007.0,21,,,
31790,2026-07-29 23:21:39.958625+00,64014.05,494038.05274779943,956094.796,11726570247.258001,0.00008649800000000001,45553023.52912999,2881.4355,29.4,BEKLE,true,0.0,2881.4355,1.5589,0,50220793.62814,120.539,0.0,29.4,"[{""usdt"": 13367102.0, ""borsa"": 3, ""fiyat"": 64000.0, ""kaynak"": ""BNB+BYB+OKX""}, {""usdt"": 11086957.0, ""borsa"": 3, ""fiyat"": 63975.0, ""kaynak"": ""BNB+BYB+OKX""}, {""usdt"": 8024026.0, ""borsa"": 1, ""fiyat"": 63925.0, ""kaynak"": ""BNB""}]","[{""usdt"": 16425649.0, ""borsa"": 3, ""fiyat"": 64025.0, ""kaynak"": ""BNB+BYB+OKX""}, {""usdt"": 8382165.0, ""borsa"": 1, ""fiyat"": 64075.0, ""kaynak"": ""BNB""}, {""usdt"": 7912003.0, ""borsa"": 2, ""fiyat"": 64050.0, ""kaynak"": ""BNB+OKX""}]",YOK,0.0943,-0.0487,0.3928,2.1046,true,0,false,,1,0,3,0,2,3,1.9,63.7,IZLE,,25,64030.6,,,,,SEVIYE,50,2500.0,250,,,,,,,1785367140,1,1,,21,1008.0,21,,,
31791,2026-07-29 23:22:40.240949+00,63999.649999999994,193102.29181229923,966004.2520000001,11726440069.673199,0.00008649800000000001,45508283.34398999,2881.4355,29.1,BEKLE,true,0.0,2881.4355,1.5589,60.246,49609570.64716001,180.785,0.0,29.1,"[{""usdt"": 13956735.0, ""borsa"": 3, ""fiyat"": 64000.0, ""kaynak"": ""BNB+BYB+OKX""}, {""usdt"": 10452584.0, ""borsa"": 3, ""fiyat"": 63975.0, ""kaynak"": ""BNB+BYB+OKX""}, {""usdt"": 8024026.0, ""borsa"": 1, ""fiyat"": 63925.0, ""kaynak"": ""BNB""}]","[{""usdt"": 16356831.0, ""borsa"": 3, ""fiyat"": 64025.0, ""kaynak"": ""BNB+BYB+OKX""}, {""usdt"": 8382165.0, ""borsa"": 1, ""fiyat"": 64075.0, ""kaynak"": ""BNB""}, {""usdt"": 7372225.0, ""borsa"": 1, ""fiyat"": 64050.0, ""kaynak"": ""BNB""}]",YOK,0.0943,-0.0431,0.2257,1.6271,false,,false,1.6572,1,0,3,0,1,3,62.1,63.2,IZLE,,25,64030.6,,,,,SEVIYE,50,2501.0,250,,,,,,,1785367140,1,2,,21,1009.0,21,,,
31792,2026-07-29 23:23:40.495835+00,64014.45,563758.519178798,1310649.9259999997,11734431741.6169,0.00008649800000000001,47166560.70612002,2881.4355,31.3,BEKLE,true,0.0,2881.4355,1.5589,120.564,48402035.51929001,180.841,0.0,31.3,"[{""usdt"": 15572943.0, ""borsa"": 3, ""fiyat"": 63975.0, ""kaynak"": ""BNB+BYB+OKX""}, {""usdt"": 9669554.0, ""borsa"": 2, ""fiyat"": 63950.0, ""kaynak"": ""BNB+BYB""}, {""usdt"": 8800621.0, ""borsa"": 1, ""fiyat"": 63900.0, ""kaynak"": ""BNB""}]","[{""usdt"": 13870178.0, ""borsa"": 3, ""fiyat"": 64000.0, ""kaynak"": ""BNB+BYB+OKX""}, {""usdt"": 9102051.0, ""borsa"": 1, ""fiyat"": 64050.0, ""kaynak"": ""BNB""}, {""usdt"": 8543813.0, ""borsa"": 1, ""fiyat"": 64100.0, ""kaynak"": ""BNB""}]",YOK,0.0955,-0.0129,0.3328,0.9289,true,0,false,,1,0,3,0,1,3,58.6,59.7,IZLE,,25,64030.6,,,,,SEVIYE,50,2502.0,250,,,,,,,1785367140,1,3,,21,1010.0,21,,,
31793,2026-07-29 23:24:41.241218+00,63986.850000000006,446240.15762869874,1379408.197,11733236622.3232,0.00008649800000000001,46445510.39544002,0.0,36.5,BEKLE,true,0.0,0.0,1.5589,60.214,50140001.923079975,241.055,0.0,36.5,"[{""usdt"": 15103067.0, ""borsa"": 3, ""fiyat"": 63975.0, ""kaynak"": ""BNB+BYB+OKX""}, {""usdt"": 8797704.0, ""borsa"": 1, ""fiyat"": 63925.0, ""kaynak"": ""BNB""}, {""usdt"": 8731010.0, ""borsa"": 1, ""fiyat"": 63900.0, ""kaynak"": ""BNB""}]","[{""usdt"": 11529637.0, ""borsa"": 3, ""fiyat"": 64025.0, ""kaynak"": ""BNB+BYB+OKX""}, {""usdt"": 10211575.0, ""borsa"": 1, ""fiyat"": 64100.0, ""kaynak"": ""BNB""}, {""usdt"": 8781390.0, ""borsa"": 1, ""fiyat"": 64075.0, ""kaynak"": ""BNB""}]",YOK,0.0456,-0.0383,0.0715,3.1377,true,0,false,,0,0,3,0,1,3,55,56.1,IZLE,,25,63957.7,,,,,SEVIYE,75,1892.1,189,,,,,,,,,0,,21,1011.0,21,,,
31794,2026-07-29 23:25:41.494109+00,63975.350000000006,670538.3724315985,1444273.78,11731693842.0098,0.00008649800000000001,46140054.30824002,0.0,34.9,BEKLE,true,0.0,0.0,1.5589,120.98,47110468.26939003,301.821,0.0,34.9,"[{""usdt"": 12774239.0, ""borsa"": 3, ""fiyat"": 63950.0, ""kaynak"": ""BNB+BYB+OKX""}, {""usdt"": 11373084.0, ""borsa"": 1, ""fiyat"": 63900.0, ""kaynak"": ""BNB""}, {""usdt"": 8552175.0, ""borsa"": 3, ""fiyat"": 63975.0, ""kaynak"": ""BNB+BYB+OKX""}]","[{""usdt"": 12914247.0, ""borsa"": 3, ""fiyat"": 64000.0, ""kaynak"": ""BNB+BYB+OKX""}, {""usdt"": 8889890.0, ""borsa"": 1, ""fiyat"": 64025.0, ""kaynak"": ""BNB""}, {""usdt"": 7632645.0, ""borsa"": 1, ""fiyat"": 64050.0, ""kaynak"": ""BNB""}]",YOK,0.0302,-0.0104,,,true,0,false,,0,1,3,0,1,3,51.9,53,IZLE,,25,63959.1,,,,,SEVIYE,60,1893.1,190,,,,,,,,,0,,22,1392.5,22,,,
31795,2026-07-29 23:26:41.798299+00,63978.649999999994,1003066.7229222977,750740.593,11736578432.6441,0.00008649800000000001,55828785.30432999,0.0,16.2,BEKLE,false,0.0,0.0,1.5589,121.007,44638784.50688,60.241,16.2,0.0,"[{""usdt"": 13295141.0, ""borsa"": 3, ""fiyat"": 63925.0, ""kaynak"": ""BNB+BYB+OKX""}, {""usdt"": 12225599.0, ""borsa"": 3, ""fiyat"": 63950.0, ""kaynak"": ""BNB+BYB+OKX""}, {""usdt"": 9725868.0, ""borsa"": 1, ""fiyat"": 63850.0, ""kaynak"": ""BNB""}]","[{""usdt"": 12007814.0, ""borsa"": 3, ""fiyat"": 63975.0, ""kaynak"": ""BNB+BYB+OKX""}, {""usdt"": 7421874.0, ""borsa"": 1, ""fiyat"": 64000.0, ""kaynak"": ""BNB""}, {""usdt"": 6965356.0, ""borsa"": 1, ""fiyat"": 64050.0, ""kaynak"": ""BNB""}]",YOK,0.0737,0.1114,0.6744,2.7541,true,0,false,,1,1,3,1,0,3,48.3,49.4,IZLE,,25,63959.1,,,,,SEVIYE,60,1894.1,190,,,,,,,,,0,,22,1393.5,22,,,
31796,2026-07-29 23:27:42.212275+00,64000.05,1003066.7229222977,750740.593,11736578432.6441,0.00008649800000000001,46918490.67800004,0.0,16.8,BEKLE,false,0.0,0.0,1.5589,120.521,51670235.26024007,60.28,16.8,0.0,"[{""usdt"": 11973681.0, ""borsa"": 3, ""fiyat"": 63950.0, ""kaynak"": ""BNB+BYB+OKX""}, {""usdt"": 10390245.0, ""borsa"": 3, ""fiyat"": 63975.0, ""kaynak"": ""BNB+BYB+OKX""}, {""usdt"": 8203739.0, ""borsa"": 1, ""fiyat"": 63875.0, ""kaynak"": ""BNB""}]","[{""usdt"": 16068803.0, ""borsa"": 3, ""fiyat"": 64000.0, ""kaynak"": ""BNB+BYB+OKX""}, {""usdt"": 10504427.0, ""borsa"": 1, ""fiyat"": 64050.0, ""kaynak"": ""BNB""}, {""usdt"": 7755861.0, ""borsa"": 2, ""fiyat"": 64025.0, ""kaynak"": ""BNB+BYB""}]",YOK,0.0666,-0.0482,0.7587,0.022,true,0,false,,0,0,3,0,2,3,44.8,45.8,IZLE,,25,64030.6,,,,,SEVIYE,50,2506.0,251,,,,,,,,,0,,22,1394.5,22,,,
31797,2026-07-29 23:28:42.559003+00,64001.95,1170854.3677155976,728127.824,11739968243.624,0.00008649800000000001,46325024.425650075,0.0,16.9,BEKLE,false,0.0,0.0,1.5589,60.406,49752521.59425001,60.406,16.9,0.0,"[{""usdt"": 16710284.0, ""borsa"": 3, ""fiyat"": 63975.0, ""kaynak"": ""BNB+BYB+OKX""}, {""usdt"": 9378243.0, ""borsa"": 1, ""fiyat"": 63900.0, ""kaynak"": ""BNB""}, {""usdt"": 8090931.0, ""borsa"": 1, ""fiyat"": 63925.0, ""kaynak"": ""BNB""}]","[{""usdt"": 11651663.0, ""borsa"": 3, ""fiyat"": 64000.0, ""kaynak"": ""BNB+BYB+OKX""}, {""usdt"": 8550983.0, ""borsa"": 3, ""fiyat"": 64025.0, ""kaynak"": ""BNB+BYB+OKX""}, {""usdt"": 8162532.0, ""borsa"": 1, ""fiyat"": 64050.0, ""kaynak"": ""BNB""}]",YOK,0.0342,-0.0357,0.4654,0.5628,true,0,false,,0,0,3,0,0,3,41.4,42.4,IZLE,,25,64030.6,,,,,SEVIYE,50,2507.0,251,,,,,,,,,0,,22,1395.5,22,,,
31798,2026-07-29 23:29:42.868806+00,63980.850000000006,1145266.102232498,741030.5419999999,11741088803.287998,0.00008649800000000001,48955746.90118003,0.0,18.7,BEKLE,false,0.0,0.0,1.5589,60.457,49692901.68308002,120.863,18.7,0.0,"[{""usdt"": 13777898.0, ""borsa"": 3, ""fiyat"": 63950.0, ""kaynak"": ""BNB+BYB+OKX""}, {""usdt"": 10540238.0, ""borsa"": 1, ""fiyat"": 63900.0, ""kaynak"": ""BNB""}, {""usdt"": 10047403.0, ""borsa"": 3, ""fiyat"": 63975.0, ""kaynak"": ""BNB+BYB+OKX""}]","[{""usdt"": 11867401.0, ""borsa"": 3, ""fiyat"": 64000.0, ""kaynak"": ""BNB+BYB+OKX""}, {""usdt"": 8681224.0, ""borsa"": 1, ""fiyat"": 64100.0, ""kaynak"": ""BNB""}, {""usdt"": 8522449.0, ""borsa"": 1, ""fiyat"": 64050.0, ""kaynak"": ""BNB""}]",YOK,0.0194,-0.0075,0.4778,0.2409,true,0,false,,1,0,3,0,1,3,38,39.1,IZLE,,25,63959.1,,,,,SEVIYE,60,1897.2,190,,,,,,,,,0,,22,1396.5,22,,,
31799,2026-07-29 23:30:43.225385+00,63992.149999999994,968668.6803957963,739504.851,11737552099.0504,0.00008649800000000001,52541380.56451001,0.0,30.5,BEKLE,true,0.0,0.0,1.5589,120.732,43559229.103790045,181.138,30.5,0.0,"[{""usdt"": 12455748.0, ""borsa"": 3, ""fiyat"": 63950.0, ""kaynak"": ""BNB+BYB+OKX""}, {""usdt"": 12111602.0, ""borsa"": 3, ""fiyat"": 63975.0, ""kaynak"": ""BNB+BYB+OKX""}, {""usdt"": 8819501.0, ""borsa"": 1, ""fiyat"": 63925.0, ""kaynak"": ""BNB""}]","[{""usdt"": 13409856.0, ""borsa"": 3, ""fiyat"": 64000.0, ""kaynak"": ""BNB+BYB+OKX""}, {""usdt"": 8428412.0, ""borsa"": 1, ""fiyat"": 64050.0, ""kaynak"": ""BNB""}, {""usdt"": 8142997.0, ""borsa"": 1, ""fiyat"": 64075.0, ""kaynak"": ""BNB""}]",YOK,0.0519,0.0935,0.2611,0.8647,true,0,false,,1,0,3,1,0,3,34.4,35.5,IZLE,,25,63959.1,,,,,SEVIYE,60,1898.2,190,,,,,,,,,0,,22,1397.5,22,,,
31800,2026-07-29 23:31:43.568142+00,64008.55,273096.3455346969,-177472.629,11739647196.548298,0.00008649800000000001,44601194.4591,0.0,43.3,BEKLE,true,0.0,0.0,1.5589,181.101,48984088.07595004,241.507,43.3,0.0,"[{""usdt"": 15250536.0, ""borsa"": 3, ""fiyat"": 63975.0, ""kaynak"": ""BNB+BYB+OKX""}, {""usdt"": 8986258.0, ""borsa"": 1, ""fiyat"": 63900.0, ""kaynak"": ""BNB""}, {""usdt"": 8495908.0, ""borsa"": 1, ""fiyat"": 63925.0, ""kaynak"": ""BNB""}]","[{""usdt"": 9964806.0, ""borsa"": 3, ""fiyat"": 64025.0, ""kaynak"": ""BNB+BYB+OKX""}, {""usdt"": 9595358.0, ""borsa"": 1, ""fiyat"": 64050.0, ""kaynak"": ""BNB""}, {""usdt"": 7990342.0, ""borsa"": 1, ""fiyat"": 64100.0, ""kaynak"": ""BNB""}]",YOK,0.092,-0.0468,0.3965,0.9543,true,0.1,false,,0,0,3,0,0,3,30.9,32,IZLE,,25,64030.6,,,,,SEVIYE,50,2510.1,251,,,,,,,,,0,,22,1398.5,22,,,
31801,2026-07-29 23:32:44.055648+00,64008.55,179257.46035739686,-173919.95200000002,11742542972.685902,0.00008649800000000001,45435332.95151001,0.0,45.5,BEKLE,false,0.0,0.0,1.5589,241.592,57969155.93511006,301.998,45.5,0.0,"[{""usdt"": 14050799.0, ""borsa"": 3, ""fiyat"": 63975.0, ""kaynak"": ""BNB+BYB+OKX""}, {""usdt"": 9147860.0, ""borsa"": 1, ""fiyat"": 63900.0, ""kaynak"": ""BNB""}, {""usdt"": 7861497.0, ""borsa"": 3, ""fiyat"": 64000.0, ""kaynak"": ""BNB+BYB+OKX""}]","[{""usdt"": 21519697.0, ""borsa"": 3, ""fiyat"": 64025.0, ""kaynak"": ""BNB+BYB+OKX""}, {""usdt"": 10692869.0, ""borsa"": 1, ""fiyat"": 64075.0, ""kaynak"": ""BNB""}, {""usdt"": 8054955.0, ""borsa"": 1, ""fiyat"": 64100.0, ""kaynak"": ""BNB""}]",YOK,0.1092,-0.1212,0.4267,0.2586,true,0.1319,false,,0,0,3,0,1,3,27.6,28.6,IZLE,,25,64030.6,,,,,SEVIYE,50,2511.1,251,,,,,,,,,0,,22,1399.5,22,,,
31802,2026-07-29 23:33:44.579141+00,63950.05,97317.87644379704,-172235.139,11741175568.2395,0.00008649800000000001,49251558.121709995,1344.1806000000001,42.4,BEKLE,true,1344.1806000000001,0.0,1.5589,301.854,47569397.62416005,362.26,42.4,0.0,"[{""usdt"": 14904672.0, ""borsa"": 3, ""fiyat"": 63950.0, ""kaynak"": ""BNB+BYB+OKX""}, {""usdt"": 9469050.0, ""borsa"": 1, ""fiyat"": 63900.0, ""kaynak"": ""BNB""}, {""usdt"": 8592636.0, ""borsa"": 1, ""fiyat"": 63925.0, ""kaynak"": ""BNB""}]","[{""usdt"": 11315295.0, ""borsa"": 3, ""fiyat"": 63975.0, ""kaynak"": ""BNB+BYB+OKX""}, {""usdt"": 9476016.0, ""borsa"": 1, ""fiyat"": 64075.0, ""kaynak"": ""BNB""}, {""usdt"": 8966271.0, ""borsa"": 3, ""fiyat"": 64000.0, ""kaynak"": ""BNB+BYB+OKX""}]",YOK,0.0891,0.0174,0.499,1.4171,true,0.2367,false,,1,0,3,0,1,3,24,25.1,IZLE,,25,63959.1,,,,,SEVIYE,60,1901.2,190,,,,,,,1785367920,1,0,,22,1400.5,22,,,
31803,2026-07-29 23:34:45.040301+00,63944.649999999994,-695796.3121448037,-823210.707,11728019080.9492,0.00008649800000000001,49707740.62850004,1344.1806000000001,48.1,BEKLE,true,1344.1806000000001,0.0,1.5589,60.633,46441484.03760998,60.633,48.1,0.0,"[{""usdt"": 14981222.0, ""borsa"": 3, ""fiyat"": 63925.0, ""kaynak"": ""BNB+BYB+OKX""}, {""usdt"": 12462961.0, ""borsa"": 1, ""fiyat"": 63850.0, ""kaynak"": ""BNB""}, {""usdt"": 9376316.0, ""borsa"": 3, ""fiyat"": 63900.0, ""kaynak"": ""BNB+BYB+OKX""}]","[{""usdt"": 14691635.0, ""borsa"": 3, ""fiyat"": 63950.0, ""kaynak"": ""BNB+BYB+OKX""}, {""usdt"": 7967270.0, ""borsa"": 1, ""fiyat"": 64000.0, ""kaynak"": ""BNB""}, {""usdt"": 7838856.0, ""borsa"": 1, ""fiyat"": 64025.0, ""kaynak"": ""BNB""}]",YOK,0.0621,0.034,0.4958,0.5728,false,0.8888,false,,1,1,3,0,0,3,20.5,21.6,IZLE,,25,63959.1,,,,,SEVIYE,60,1902.2,190,,,,,,,1785367920,1,1,,22,1401.5,22,,,
31804,2026-07-29 23:35:45.277463+00,63970.55,-504841.85381730366,-921140.392,11731422453.908699,0.00008649800000000001,48366619.284890026,1344.1806000000001,57.7,BEKLE,true,1344.1806000000001,0.0,1.5589,121.019,46362355.36943999,121.019,57.7,0.0,"[{""usdt"": 13288204.0, ""borsa"": 3, ""fiyat"": 63925.0, ""kaynak"": ""BNB+BYB+OKX""}, {""usdt"": 10049067.0, ""borsa"": 3, ""fiyat"": 63950.0, ""kaynak"": ""BNB+BYB+OKX""}, {""usdt"": 8800154.0, ""borsa"": 1, ""fiyat"": 63875.0, ""kaynak"": ""BNB""}]","[{""usdt"": 13319435.0, ""borsa"": 3, ""fiyat"": 63975.0, ""kaynak"": ""BNB+BYB+OKX""}, {""usdt"": 8636590.0, ""borsa"": 1, ""fiyat"": 64000.0, ""kaynak"": ""BNB""}, {""usdt"": 7815552.0, ""borsa"": 1, ""fiyat"": 64025.0, ""kaynak"": ""BNB""}]",YOK,0.0852,0.0212,0.4314,0.3562,false,1.5136,false,,0,0,3,0,0,3,17,18.1,IZLE,,25,63950.9,,,,,SEVIYE,65,1903.2,191,,,,,,,1785367920,1,2,,21,952.0,21,,,
31805,2026-07-29 23:36:45.661069+00,63958.149999999994,144588.04097849675,-1127186.968,11737089340.383701,0.00008649800000000001,53981086.667279996,1344.1806000000001,37.3,BEKLE,false,1344.1806000000001,0.0,1.5589,181.237,46543907.15183,60.218,37.3,0.0,"[{""usdt"": 13985505.0, ""borsa"": 3, ""fiyat"": 63925.0, ""kaynak"": ""BNB+BYB+OKX""}, {""usdt"": 12696463.0, ""borsa"": 3, ""fiyat"": 63950.0, ""kaynak"": ""BNB+BYB+OKX""}, {""usdt"": 9853402.0, ""borsa"": 1, ""fiyat"": 63850.0, ""kaynak"": ""BNB""}]","[{""usdt"": 12868044.0, ""borsa"": 3, ""fiyat"": 63975.0, ""kaynak"": ""BNB+BYB+OKX""}, {""usdt"": 8881976.0, ""borsa"": 1, ""fiyat"": 64050.0, ""kaynak"": ""BNB""}, {""usdt"": 6622722.0, ""borsa"": 1, ""fiyat"": 64075.0, ""kaynak"": ""BNB""}]",YOK,0.0042,0.074,0.1037,2.2903,false,1.8677,false,,0,1,3,0,0,3,13.4,14.5,IZLE,,25,63950.9,,,,,SEVIYE,65,1904.2,191,,,,,,,1785367920,1,3,,21,953.0,21,,,
31806,2026-07-29 23:37:45.947988+00,63925.25,-83599.55286030336,-1170205.6620000002,11733954263.3516,0.00008649800000000001,54020327.834460035,1344.1806000000001,39.7,BEKLE,true,1344.1806000000001,0.0,1.5589,241.627,47400012.75003998,120.608,39.7,0.0,"[{""usdt"": 20599546.0, ""borsa"": 3, ""fiyat"": 63900.0, ""kaynak"": ""BNB+BYB+OKX""}, {""usdt"": 11239764.0, ""borsa"": 1, ""fiyat"": 63850.0, ""kaynak"": ""BNB""}, {""usdt"": 8222269.0, ""borsa"": 2, ""fiyat"": 63875.0, ""kaynak"": ""BNB+BYB""}]","[{""usdt"": 12909071.0, ""borsa"": 3, ""fiyat"": 63925.0, ""kaynak"": ""BNB+BYB+OKX""}, {""usdt"": 8260178.0, ""borsa"": 1, ""fiyat"": 63975.0, ""kaynak"": ""BNB""}, {""usdt"": 6968796.0, ""borsa"": 3, ""fiyat"": 63950.0, ""kaynak"": ""BNB+BYB+OKX""}]",YOK,-0.0291,0.0653,0.1841,3.2848,false,2.6039,false,,1,1,3,0,0,3,9.9,11,IZLE,,25,63950.9,,,,,SEVIYE,65,1905.2,191,,,,,,,1785367920,1,4,,21,954.0,21,,,
31807,2026-07-29 23:38:46.202802+00,63922.45,-266948.2125580029,-1177849.8240000003,11730332672.9782,0.00008649800000000001,45058920.67817002,0.0,42.5,BEKLE,true,0.0,0.0,1.5589,301.887,46429112.30531001,180.868,42.5,0.0,"[{""usdt"": 14954312.0, ""borsa"": 3, ""fiyat"": 63900.0, ""kaynak"": ""BNB+BYB+OKX""}, {""usdt"": 9952929.0, ""borsa"": 1, ""fiyat"": 63850.0, ""kaynak"": ""BNB""}, {""usdt"": 7672865.0, ""borsa"": 1, ""fiyat"": 63825.0, ""kaynak"": ""BNB""}]","[{""usdt"": 10957179.0, ""borsa"": 3, ""fiyat"": 63950.0, ""kaynak"": ""BNB+BYB+OKX""}, {""usdt"": 7937028.0, ""borsa"": 1, ""fiyat"": 63975.0, ""kaynak"": ""BNB""}, {""usdt"": 7561374.0, ""borsa"": 1, ""fiyat"": 64025.0, ""kaynak"": ""BNB""}]",YOK,0.0331,-0.015,0.2365,1.0099,false,2.7691,false,,0,1,3,0,0,3,6.1,7.1,IZLE,,25,63950.9,,,,,SEVIYE,65,1906.2,191,,,,,,,,,0,,21,955.0,21,,,
31808,2026-07-29 23:39:46.453927+00,63947.45,-189782.47929690307,-1250914.3760000002,11731101104.365,0.00008649800000000001,48307337.78224002,0.0,21.4,BEKLE,true,0.0,0.0,1.5589,362.141,52887585.49094002,241.122,21.4,0.0,"[{""usdt"": 15183336.0, ""borsa"": 3, ""fiyat"": 63925.0, ""kaynak"": ""BNB+BYB+OKX""}, {""usdt"": 9738453.0, ""borsa"": 1, ""fiyat"": 63850.0, ""kaynak"": ""BNB""}, {""usdt"": 9090201.0, ""borsa"": 1, ""fiyat"": 63875.0, ""kaynak"": ""BNB""}]","[{""usdt"": 14436316.0, ""borsa"": 3, ""fiyat"": 63950.0, ""kaynak"": ""BNB+BYB+OKX""}, {""usdt"": 12354125.0, ""borsa"": 3, ""fiyat"": 63975.0, ""kaynak"": ""BNB+BYB+OKX""}, {""usdt"": 8908470.0, ""borsa"": 1, ""fiyat"": 64000.0, ""kaynak"": ""BNB""}]",YOK,0.1004,-0.0453,0.5029,0.1569,false,2.2257,false,,0,0,3,0,2,3,2.5,3.5,IZLE,,25,63950.9,,,,,SEVIYE,65,1907.2,191,,,,,,,,,0,,21,956.0,21,,,
31809,2026-07-29 23:40:46.72023+00,63925.149999999994,-335241.55250940064,-744872.112,11735001588.5031,0.00008649800000000001,48307337.78224002,0.0,20.0,BEKLE,,0.0,0.0,1.5589,422.401,52887585.49094002,301.382,0.0,20.0,"[{""usdt"": 15183336.0, ""borsa"": 3, ""fiyat"": 63925.0, ""kaynak"": ""BNB+BYB+OKX""}, {""usdt"": 9738453.0, ""borsa"": 1, ""fiyat"": 63850.0, ""kaynak"": ""BNB""}, {""usdt"": 9090201.0, ""borsa"": 1, ""fiyat"": 63875.0, ""kaynak"": ""BNB""}]","[{""usdt"": 14436316.0, ""borsa"": 3, ""fiyat"": 63950.0, ""kaynak"": ""BNB+BYB+OKX""}, {""usdt"": 12354125.0, ""borsa"": 3, ""fiyat"": 63975.0, ""kaynak"": ""BNB+BYB+OKX""}, {""usdt"": 8908470.0, ""borsa"": 1, ""fiyat"": 64000.0, ""kaynak"": ""BNB""}]",YOK,0.1004,-0.0453,,,false,,false,,0,0,3,0,2,3,62.7,63.8,IZLE,,25,63950.9,,,,,SEVIYE,65,1908.2,191,,,,,,,,,0,,21,957.0,21,,,
31810,2026-07-29 23:41:46.951582+00,63931.850000000006,-459980.8958368007,-724388.1789999999,11731566387.641602,0.00008649800000000001,49219627.99401,0.0,27.2,BEKLE,false,0.0,0.0,1.5589,482.694,49008819.74224001,361.675,0.0,27.2,"[{""usdt"": 17025255.0, ""borsa"": 3, ""fiyat"": 63900.0, ""kaynak"": ""BNB+BYB+OKX""}, {""usdt"": 9723232.0, ""borsa"": 1, ""fiyat"": 63850.0, ""kaynak"": ""BNB""}, {""usdt"": 8947241.0, ""borsa"": 1, ""fiyat"": 63875.0, ""kaynak"": ""BNB""}]","[{""usdt"": 11119736.0, ""borsa"": 3, ""fiyat"": 63925.0, ""kaynak"": ""BNB+BYB+OKX""}, {""usdt"": 10136713.0, ""borsa"": 3, ""fiyat"": 63950.0, ""kaynak"": ""BNB+BYB+OKX""}, {""usdt"": 8392042.0, ""borsa"": 1, ""fiyat"": 63975.0, ""kaynak"": ""BNB""}]",YOK,-0.0244,0.0021,0.562,1.378,false,,false,,0,1,3,0,1,3,59.2,60.2,IZLE,,25,63950.9,,,,,SEVIYE,65,1909.2,191,,,,,,,,,0,,21,958.0,21,,,
31811,2026-07-29 23:42:47.345122+00,63961.45,-1759915.6411198012,-1495378.1190000004,11737585468.8116,0.00008649800000000001,49575438.84931,0.0,27.8,BEKLE,false,0.0,0.0,1.5589,542.912,54853054.53149004,421.893,27.8,0.0,"[{""usdt"": 12869771.0, ""borsa"": 3, ""fiyat"": 63925.0, ""kaynak"": ""BNB+BYB+OKX""}, {""usdt"": 12233826.0, ""borsa"": 1, ""fiyat"": 63850.0, ""kaynak"": ""BNB""}, {""usdt"": 9892640.0, ""borsa"": 3, ""fiyat"": 63900.0, ""kaynak"": ""BNB+BYB+OKX""}]","[{""usdt"": 22584963.0, ""borsa"": 3, ""fiyat"": 63950.0, ""kaynak"": ""BNB+BYB+OKX""}, {""usdt"": 10595579.0, ""borsa"": 1, ""fiyat"": 64000.0, ""kaynak"": ""BNB""}, {""usdt"": 7044921.0, ""borsa"": 1, ""fiyat"": 64050.0, ""kaynak"": ""BNB""}]",YOK,0.0429,-0.0505,0.8151,0.9926,false,,false,,0,0,3,0,1,3,55.2,56.3,IZLE,,25,63950.9,,,,,SEVIYE,65,1910.2,191,,,,,,,,,0,,21,959.0,21,,,
31812,2026-07-29 23:43:47.72504+00,63962.25,-2034595.7730233017,-1496250.3030000003,11739431727.178501,0.00008649800000000001,45965977.71306002,0.0,33.1,BEKLE,,0.0,0.0,1.5589,603.403,56011272.73228999,60.491,33.1,0.0,"[{""usdt"": 12616157.0, ""borsa"": 3, ""fiyat"": 63925.0, ""kaynak"": ""BNB+BYB+OKX""}, {""usdt"": 9743603.0, ""borsa"": 3, ""fiyat"": 63950.0, ""kaynak"": ""BNB+BYB+OKX""}, {""usdt"": 8591898.0, ""borsa"": 1, ""fiyat"": 63875.0, ""kaynak"": ""BNB""}]","[{""usdt"": 20815333.0, ""borsa"": 3, ""fiyat"": 63975.0, ""kaynak"": ""BNB+BYB+OKX""}, {""usdt"": 10604439.0, ""borsa"": 1, ""fiyat"": 64025.0, ""kaynak"": ""BNB""}, {""usdt"": 8232786.0, ""borsa"": 1, ""fiyat"": 64075.0, ""kaynak"": ""BNB""}]",YOK,0.0152,-0.0985,0.826,1.0488,false,,false,,0,0,3,0,1,3,51.6,52.6,IZLE,,25,63950.9,,,,,SEVIYE,65,1911.2,191,,,,,,,,,0,,21,960.0,21,,,
31813,2026-07-29 23:44:47.994332+00,63971.05,-1805246.6009936028,-1477135.6290000004,11743424813.7505,0.00008649800000000001,44365297.42037,0.0,27.0,BEKLE,false,0.0,0.0,1.5589,663.673,59363570.293000005,120.761,27.0,0.0,"[{""usdt"": 14224516.0, ""borsa"": 3, ""fiyat"": 63950.0, ""kaynak"": ""BNB+BYB+OKX""}, {""usdt"": 9467598.0, ""borsa"": 1, ""fiyat"": 63875.0, ""kaynak"": ""BNB""}, {""usdt"": 8424597.0, ""borsa"": 1, ""fiyat"": 63900.0, ""kaynak"": ""BNB""}]","[{""usdt"": 16424039.0, ""borsa"": 3, ""fiyat"": 63975.0, ""kaynak"": ""BNB+BYB+OKX""}, {""usdt"": 14469013.0, ""borsa"": 3, ""fiyat"": 64000.0, ""kaynak"": ""BNB+BYB+OKX""}, {""usdt"": 9282078.0, ""borsa"": 1, ""fiyat"": 64025.0, ""kaynak"": ""BNB""}]",YOK,0.0112,-0.1446,0.8593,0.7076,false,,false,,0,1,3,0,2,3,48,49.1,IZLE,,25,63950.9,,,,,SEVIYE,65,1912.2,191,,,,,,,,,0,,21,961.0,21,,,
31814,2026-07-29 23:45:48.25758+00,63982.05,-1010651.9730689008,-580606.5019999999,11745840614.4018,0.00008649800000000001,49290708.69667,0.0,17.1,BEKLE,,0.0,0.0,1.5589,723.959,56085100.40680006,120.556,0.0,17.1,"[{""usdt"": 15342055.0, ""borsa"": 3, ""fiyat"": 63950.0, ""kaynak"": ""BNB+BYB+OKX""}, {""usdt"": 9944209.0, ""borsa"": 3, ""fiyat"": 63975.0, ""kaynak"": ""BNB+BYB+OKX""}, {""usdt"": 9073492.0, ""borsa"": 1, ""fiyat"": 63875.0, ""kaynak"": ""BNB""}]","[{""usdt"": 18171949.0, ""borsa"": 3, ""fiyat"": 64000.0, ""kaynak"": ""BNB+BYB+OKX""}, {""usdt"": 10654924.0, ""borsa"": 1, ""fiyat"": 64050.0, ""kaynak"": ""BNB""}, {""usdt"": 8662048.0, ""borsa"": 1, ""fiyat"": 64075.0, ""kaynak"": ""BNB""}]",YOK,0.0085,-0.0645,0.7795,3.6884,false,,false,,0,1,3,0,0,3,44.4,45.5,IZLE,,25,63946.3,,,,,SEVIYE,85,1913.2,192,,,,,,,,,0,,21,962.0,21,,,
31815,2026-07-29 23:46:48.778604+00,64019.25,-497854.77042270044,307697.327,11751790340.8006,0.00008649800000000001,45475645.87682,0.0,28.5,BEKLE,true,0.0,0.0,1.5589,60.449,46672761.70187004,120.735,0.0,28.5,"[{""usdt"": 15469687.0, ""borsa"": 3, ""fiyat"": 63975.0, ""kaynak"": ""BNB+BYB+OKX""}, {""usdt"": 7315988.0, ""borsa"": 1, ""fiyat"": 63900.0, ""kaynak"": ""BNB""}, {""usdt"": 7218592.0, ""borsa"": 1, ""fiyat"": 63950.0, ""kaynak"": ""BNB""}]","[{""usdt"": 9931540.0, ""borsa"": 3, ""fiyat"": 64025.0, ""kaynak"": ""BNB+BYB+OKX""}, {""usdt"": 8922189.0, ""borsa"": 1, ""fiyat"": 64050.0, ""kaynak"": ""BNB""}, {""usdt"": 8237043.0, ""borsa"": 3, ""fiyat"": 64000.0, ""kaynak"": ""BNB+BYB+OKX""}]",YOK,0.0198,-0.013,0.0306,3.9631,false,,false,0.4336,0,0,3,0,1,3,41,42.1,IZLE,,25,64030.6,,,,,SEVIYE,60,2525.1,253,,,,,,,,,0,,21,963.0,21,,,
31816,2026-07-29 23:47:49.084826+00,63978.05,-330684.3724712997,267109.801,11757551119.0826,0.00008649800000000001,45080430.66407002,0.0,43.3,BEKLE,false,0.0,0.0,1.5589,0,45074679.99442002,181.155,0.0,43.3,"[{""usdt"": 13484868.0, ""borsa"": 3, ""fiyat"": 64000.0, ""kaynak"": ""BNB+BYB+OKX""}, {""usdt"": 10441670.0, ""borsa"": 3, ""fiyat"": 63975.0, ""kaynak"": ""BNB+BYB+OKX""}, {""usdt"": 7833246.0, ""borsa"": 1, ""fiyat"": 63925.0, ""kaynak"": ""BNB""}]","[{""usdt"": 13065580.0, ""borsa"": 3, ""fiyat"": 64025.0, ""kaynak"": ""BNB+BYB+OKX""}, {""usdt"": 9540930.0, ""borsa"": 1, ""fiyat"": 64075.0, ""kaynak"": ""BNB""}, {""usdt"": 7547831.0, ""borsa"": 2, ""fiyat"": 64050.0, ""kaynak"": ""BNB+BYB""}]",YOK,0.0435,0.0001,0.4107,0.2678,false,,true,0.2295,0,0,3,0,0,3,37.6,38.7,IZLE,,25,63946.3,,,,,SEVIYE,85,1915.3,192,,,,,,,,,0,,21,964.0,21,,,
31817,2026-07-29 23:48:49.423353+00,63990.45,-318827.5328982002,144008.56600000002,11755889237.274399,0.00008649800000000001,51689454.716860086,0.0,43.4,BEKLE,true,0.0,0.0,1.5595,60.186,44058624.41201001,241.341,0.0,43.4,"[{""usdt"": 18142936.0, ""borsa"": 3, ""fiyat"": 63975.0, ""kaynak"": ""BNB+BYB+OKX""}, {""usdt"": 9440185.0, ""borsa"": 3, ""fiyat"": 63950.0, ""kaynak"": ""BNB+BYB+OKX""}, {""usdt"": 8493756.0, ""borsa"": 1, ""fiyat"": 63900.0, ""kaynak"": ""BNB""}]","[{""usdt"": 14611866.0, ""borsa"": 3, ""fiyat"": 64000.0, ""kaynak"": ""BNB+BYB+OKX""}, {""usdt"": 7893717.0, ""borsa"": 1, ""fiyat"": 64075.0, ""kaynak"": ""BNB""}, {""usdt"": 7196829.0, ""borsa"": 1, ""fiyat"": 64050.0, ""kaynak"": ""BNB""}]",YOK,0.0725,0.0797,0.4734,0.4368,false,,false,0.6805,1,0,3,0,0,3,33.9,35,IZLE,,25,64030.6,,,,,SEVIYE,60,2527.2,253,,,,,,,,,0,,21,965.0,21,,,
31818,2026-07-29 23:49:49.722806+00,63967.45,-449089.2675965011,62954.530999999995,11752651203.503399,0.00008649800000000001,52429225.06196004,0.0,48.1,BEKLE,false,0.0,0.0,1.5595,60.392,46033866.68540004,301.733,0.0,48.1,"[{""usdt"": 17776018.0, ""borsa"": 3, ""fiyat"": 63950.0, ""kaynak"": ""BNB+BYB+OKX""}, {""usdt"": 8654849.0, ""borsa"": 1, ""fiyat"": 63900.0, ""kaynak"": ""BNB""}, {""usdt"": 8503562.0, ""borsa"": 3, ""fiyat"": 63975.0, ""kaynak"": ""BNB+BYB+OKX""}]","[{""usdt"": 9266896.0, ""borsa"": 3, ""fiyat"": 63975.0, ""kaynak"": ""BNB+BYB+OKX""}, {""usdt"": 8699517.0, ""borsa"": 1, ""fiyat"": 64025.0, ""kaynak"": ""BNB""}, {""usdt"": 8539163.0, ""borsa"": 3, ""fiyat"": 64000.0, ""kaynak"": ""BNB+BYB+OKX""}]",YOK,-0.0079,0.065,0.4308,0.0642,false,,true,0.3881,0,0,3,0,0,3,30.5,31.6,IZLE,,25,63946.3,,,,,SEVIYE,85,1917.3,192,,,,,,,,,0,,21,966.0,21,,,
31819,2026-07-29 23:50:49.992676+00,63975.25,-853213.3237339037,57802.03100000002,11752789597.956902,0.00008649800000000001,44800276.23761,0.0,23.4,BEKLE,false,0.0,0.0,1.5595,120.659,47773096.19,0,0.0,23.4,"[{""usdt"": 13642238.0, ""borsa"": 3, ""fiyat"": 63950.0, ""kaynak"": ""BNB+BYB+OKX""}, {""usdt"": 9313228.0, ""borsa"": 1, ""fiyat"": 63900.0, ""kaynak"": ""BNB""}, {""usdt"": 6812282.0, ""borsa"": 1, ""fiyat"": 63925.0, ""kaynak"": ""BNB""}]","[{""usdt"": 13905482.0, ""borsa"": 3, ""fiyat"": 64000.0, ""kaynak"": ""BNB+BYB+OKX""}, {""usdt"": 11105829.0, ""borsa"": 3, ""fiyat"": 63975.0, ""kaynak"": ""BNB+BYB+OKX""}, {""usdt"": 8034786.0, ""borsa"": 1, ""fiyat"": 64025.0, ""kaynak"": ""BNB""}]",YOK,0.0488,-0.0321,0.1749,0.4239,false,,true,0.4462,1,0,3,0,1,3,26.9,28,IZLE,,25,63946.3,,,,,SEVIYE,85,1918.3,192,,,,,,,,,0,,21,967.0,21,,,
31820,2026-07-29 23:51:50.21484+00,63957.850000000006,-678859.0653350035,57757.489,11752443718.895802,0.00008649800000000001,44859128.290049985,0.0,21.2,BEKLE,,0.0,0.0,1.5589,180.926,46584552.836270005,60.267,21.2,0.0,"[{""usdt"": 14138291.0, ""borsa"": 3, ""fiyat"": 63925.0, ""kaynak"": ""BNB+BYB+OKX""}, {""usdt"": 9627788.0, ""borsa"": 1, ""fiyat"": 63900.0, ""kaynak"": ""BNB""}, {""usdt"": 7971137.0, ""borsa"": 3, ""fiyat"": 63950.0, ""kaynak"": ""BNB+BYB+OKX""}]","[{""usdt"": 11290944.0, ""borsa"": 3, ""fiyat"": 63975.0, ""kaynak"": ""BNB+BYB+OKX""}, {""usdt"": 8851040.0, ""borsa"": 1, ""fiyat"": 64000.0, ""kaynak"": ""BNB""}, {""usdt"": 7188418.0, ""borsa"": 1, ""fiyat"": 64075.0, ""kaynak"": ""BNB""}]",YOK,0.0425,-0.0189,,,false,,false,0.5334,1,0,3,0,1,3,23.3,24.3,IZLE,,25,63946.3,,,,,SEVIYE,85,1919.3,192,,,,,,,,,0,,21,968.0,21,,,
31821,2026-07-29 23:52:50.874203+00,63939.75,-759967.4919846042,9432.067999999997,11749445940.0193,0.00008649800000000001,44876295.86441999,0.0,22.7,BEKLE,true,0.0,0.0,1.5589,241.18,45238900.322200015,0,22.7,0.0,"[{""usdt"": 11123250.0, ""borsa"": 3, ""fiyat"": 63925.0, ""kaynak"": ""BNB+BYB+OKX""}, {""usdt"": 10440098.0, ""borsa"": 1, ""fiyat"": 63850.0, ""kaynak"": ""BNB""}, {""usdt"": 9812618.0, ""borsa"": 3, ""fiyat"": 63900.0, ""kaynak"": ""BNB+BYB+OKX""}]","[{""usdt"": 14286374.0, ""borsa"": 3, ""fiyat"": 63950.0, ""kaynak"": ""BNB+BYB+OKX""}, {""usdt"": 7820471.0, ""borsa"": 1, ""fiyat"": 64000.0, ""kaynak"": ""BNB""}, {""usdt"": 7000141.0, ""borsa"": 1, ""fiyat"": 63975.0, ""kaynak"": ""BNB""}]",YOK,-0.0302,-0.004,0.5888,2.9483,false,,false,0.5308,1,0,3,0,2,3,19.5,20.5,IZLE,,25,63946.3,,,,,SEVIYE,85,1920.3,192,,,,,,,,,0,,21,969.1,21,,,
31822,2026-07-29 23:53:51.108737+00,63951.55,-645998.052944106,-909505.619,11754703715.445202,0.00008649800000000001,43241463.222760014,0.0,40.6,BEKLE,true,0.0,0.0,1.5589,301.824,55276846.62244998,60.644,40.6,0.0,"[{""usdt"": 11844900.0, ""borsa"": 3, ""fiyat"": 63950.0, ""kaynak"": ""BNB+BYB+OKX""}, {""usdt"": 8463282.0, ""borsa"": 1, ""fiyat"": 63875.0, ""kaynak"": ""BNB""}, {""usdt"": 8317050.0, ""borsa"": 3, ""fiyat"": 63925.0, ""kaynak"": ""BNB+BYB+OKX""}]","[{""usdt"": 17860651.0, ""borsa"": 3, ""fiyat"": 63975.0, ""kaynak"": ""BNB+BYB+OKX""}, {""usdt"": 12295395.0, ""borsa"": 2, ""fiyat"": 64000.0, ""kaynak"": ""BNB+BYB""}, {""usdt"": 8807281.0, ""borsa"": 1, ""fiyat"": 64025.0, ""kaynak"": ""BNB""}]",YOK,0.0413,-0.1222,0.2107,1.4057,false,,true,0.1049,0,0,3,0,2,3,16.3,17.3,IZLE,,25,63946.3,,,,,SEVIYE,85,1921.3,192,,,,,,,,,0,,21,970.1,21,,,
31823,2026-07-29 23:54:51.45614+00,63975.05,-924296.0723237061,-901785.69,11754750976.3918,0.00008649800000000001,44902985.66013004,63.9515,45.7,BEKLE,,63.9515,0.0,1.5589,362.021,53245064.641929984,60.197,45.7,0.0,"[{""usdt"": 13837291.0, ""borsa"": 3, ""fiyat"": 63950.0, ""kaynak"": ""BNB+BYB+OKX""}, {""usdt"": 7722644.0, ""borsa"": 1, ""fiyat"": 63900.0, ""kaynak"": ""BNB""}, {""usdt"": 7550131.0, ""borsa"": 1, ""fiyat"": 63875.0, ""kaynak"": ""BNB""}]","[{""usdt"": 17765391.0, ""borsa"": 3, ""fiyat"": 64000.0, ""kaynak"": ""BNB+BYB+OKX""}, {""usdt"": 10097546.0, ""borsa"": 3, ""fiyat"": 63975.0, ""kaynak"": ""BNB+BYB+OKX""}, {""usdt"": 8314708.0, ""borsa"": 1, ""fiyat"": 64050.0, ""kaynak"": ""BNB""}]",YOK,0.0952,-0.085,0.2975,0.267,false,,true,0,0,0,3,0,1,3,12.6,13.6,IZLE,,25,63946.3,,,,,SEVIYE,85,1922.3,192,,,,,,,1785369180,1,0,,21,971.1,21,,,
31824,2026-07-29 23:55:51.786032+00,63984.350000000006,612265.7381146937,-276768.83699999994,11756098110.3404,0.00008649800000000001,46621460.74328006,639.9515,21.8,BEKLE,true,63.9515,576.0,1.5589,422.486,42935116.95930996,120.662,21.8,0.0,"[{""usdt"": 13131054.0, ""borsa"": 3, ""fiyat"": 63975.0, ""kaynak"": ""BNB+BYB+OKX""}, {""usdt"": 9802060.0, ""borsa"": 3, ""fiyat"": 63950.0, ""kaynak"": ""BNB+BYB+OKX""}, {""usdt"": 8816285.0, ""borsa"": 1, ""fiyat"": 63875.0, ""kaynak"": ""BNB""}]","[{""usdt"": 14135460.0, ""borsa"": 3, ""fiyat"": 64000.0, ""kaynak"": ""BNB+BYB+OKX""}, {""usdt"": 8193662.0, ""borsa"": 1, ""fiyat"": 64050.0, ""kaynak"": ""BNB""}, {""usdt"": 7301007.0, ""borsa"": 1, ""fiyat"": 64075.0, ""kaynak"": ""BNB""}]",YOK,0.0828,0.0412,0.7878,0.2743,false,,true,0.3628,0,0,3,0,0,3,9.2,10.3,IZLE,,25,63951.8,,,,,SEVIYE,85,1923.3,193,,,,,,,1785369240,2,0,,23,972.1,23,,,
31825,2026-07-29 23:56:52.04914+00,63974.25,419195.3351060939,-280666.1369999999,11754839255.8988,0.00008649800000000001,45003482.55641996,639.9515,21.9,BEKLE,,63.9515,576.0,1.5582,482.755,43674401.22198,0,21.9,0.0,"[{""usdt"": 12807891.0, ""borsa"": 3, ""fiyat"": 63950.0, ""kaynak"": ""BNB+BYB+OKX""}, {""usdt"": 8921539.0, ""borsa"": 1, ""fiyat"": 63900.0, ""kaynak"": ""BNB""}, {""usdt"": 7445726.0, ""borsa"": 1, ""fiyat"": 63875.0, ""kaynak"": ""BNB""}]","[{""usdt"": 13650830.0, ""borsa"": 3, ""fiyat"": 64000.0, ""kaynak"": ""BNB+BYB+OKX""}, {""usdt"": 7794408.0, ""borsa"": 3, ""fiyat"": 63975.0, ""kaynak"": ""BNB+BYB+OKX""}, {""usdt"": 7454508.0, ""borsa"": 1, ""fiyat"": 64075.0, ""kaynak"": ""BNB""}]",YOK,0.003,0.015,0.7333,0.6144,false,,false,0.8545,0,0,3,0,0,3,5.6,6.7,IZLE,,25,63951.8,,,,,SEVIYE,85,1924.3,193,,,,,,,1785369240,2,1,,23,973.1,23,,,
31826,2026-07-29 23:57:52.250032+00,63954.75,440900.96957099356,-273165.9779999999,11754778678.343601,0.00008649800000000001,44485562.51772,639.9515,20.2,BEKLE,true,63.9515,576.0,1.5582,542.966,45131847.055080004,60.211,20.2,0.0,"[{""usdt"": 9362993.0, ""borsa"": 1, ""fiyat"": 63875.0, ""kaynak"": ""BNB""}, {""usdt"": 8794789.0, ""borsa"": 2, ""fiyat"": 63925.0, ""kaynak"": ""BNB+BYB""}, {""usdt"": 8722719.0, ""borsa"": 3, ""fiyat"": 63950.0, ""kaynak"": ""BNB+BYB+OKX""}]","[{""usdt"": 11636146.0, ""borsa"": 3, ""fiyat"": 63975.0, ""kaynak"": ""BNB+BYB+OKX""}, {""usdt"": 11222841.0, ""borsa"": 2, ""fiyat"": 64000.0, ""kaynak"": ""BNB+OKX""}, {""usdt"": 8345224.0, ""borsa"": 1, ""fiyat"": 64050.0, ""kaynak"": ""BNB""}]",YOK,0.0008,-0.0072,0.7827,0.5486,false,,false,0.933,0,1,3,0,0,3,2,63.8,IZLE,,25,63951.8,,,,,SEVIYE,85,1925.3,193,,,,,,,1785369240,2,2,,23,974.1,23,,,
31827,2026-07-29 23:58:52.561461+00,63963.95,420634.125724994,-277378.73299999995,11753172556.544,0.00008649800000000001,44072904.87774,576.0,25.9,BEKLE,false,0.0,576.0,1.5582,603.211,45190406.3649,120.456,0.0,25.9,"[{""usdt"": 11514521.0, ""borsa"": 3, ""fiyat"": 63925.0, ""kaynak"": ""BNB+BYB+OKX""}, {""usdt"": 9362993.0, ""borsa"": 1, ""fiyat"": 63875.0, ""kaynak"": ""BNB""}, {""usdt"": 7135851.0, ""borsa"": 1, ""fiyat"": 63900.0, ""kaynak"": ""BNB""}]","[{""usdt"": 13144523.0, ""borsa"": 3, ""fiyat"": 63975.0, ""kaynak"": ""BNB+BYB+OKX""}, {""usdt"": 8345224.0, ""borsa"": 1, ""fiyat"": 64050.0, ""kaynak"": ""BNB""}, {""usdt"": 8173708.0, ""borsa"": 1, ""fiyat"": 64000.0, ""kaynak"": ""BNB""}]",YOK,0.0008,-0.0125,0.5885,0.3838,false,,false,0.9714,0,1,3,0,0,3,62.3,63.3,IZLE,,25,63951.8,,,,,SEVIYE,85,1926.3,193,,,,,,,1785369240,1,0,,23,975.1,23,,,
31828,2026-07-29 23:59:52.788021+00,63959.25,663966.1292822934,-287158.46799999994,11753312739.9035,0.00008649800000000001,41864906.34989,0.0,28.7,BEKLE,false,0.0,0.0,1.5582,663.52,46464249.56529,180.765,0.0,28.7,"[{""usdt"": 10511472.0, ""borsa"": 3, ""fiyat"": 63925.0, ""kaynak"": ""BNB+BYB+OKX""}, {""usdt"": 8473028.0, ""borsa"": 3, ""fiyat"": 63950.0, ""kaynak"": ""BNB+BYB+OKX""}, {""usdt"": 8128391.0, ""borsa"": 1, ""fiyat"": 63900.0, ""kaynak"": ""BNB""}]","[{""usdt"": 14767694.0, ""borsa"": 3, ""fiyat"": 63975.0, ""kaynak"": ""BNB+BYB+OKX""}, {""usdt"": 8887010.0, ""borsa"": 1, ""fiyat"": 64050.0, ""kaynak"": ""BNB""}, {""usdt"": 6825595.0, ""borsa"": 1, ""fiyat"": 64025.0, ""kaynak"": ""BNB""}]",YOK,0.0104,-0.0521,0.6865,0.383,false,,false,0.8712,0,0,3,0,1,3,58.7,59.8,IZLE,,25,63951.8,,,,,SEVIYE,85,1927.3,193,,,,,,,,,0,,23,976.1,23,,,
31829,2026-07-30 00:00:53.154458+00,64006.850000000006,419535.0605552962,-769088.0599999999,11759521744.0114,0.00008649800000000001,40045166.534859985,447.9545,30.4,BEKLE,true,127.988,319.9665,1.5582,723.771,44722579.341159955,241.016,30.4,0.0,"[{""usdt"": 11451626.0, ""borsa"": 3, ""fiyat"": 63925.0, ""kaynak"": ""BNB+BYB+OKX""}, {""usdt"": 7578313.0, ""borsa"": 1, ""fiyat"": 63900.0, ""kaynak"": ""BNB""}, {""usdt"": 7329606.0, ""borsa"": 1, ""fiyat"": 63850.0, ""kaynak"": ""BNB""}]","[{""usdt"": 12835079.0, ""borsa"": 3, ""fiyat"": 63975.0, ""kaynak"": ""BNB+BYB+OKX""}, {""usdt"": 8870716.0, ""borsa"": 1, ""fiyat"": 64050.0, ""kaynak"": ""BNB""}, {""usdt"": 6149168.0, ""borsa"": 1, ""fiyat"": 64000.0, ""kaynak"": ""BNB""}]",YOK,-0.0026,-0.0552,0.2491,1.6309,false,,true,0.4107,0,0,3,0,1,3,55.1,56.2,IZLE,,25,64030.6,,,,,SEVIYE,60,2539.2,254,PCT,0.45,0.060435950320851424,0.00449125149660686,false,0.054,1785369600,2,0,,23,977.1,23,,,
31830,2026-07-30 00:01:54.512989+00,63990.95,783491.4043975961,-497828.324,11758368490.3149,0.00008649800000000001,41947492.885820016,448.04470000000003,16.6,BEKLE,true,128.0102,320.03450000000004,1.5582,0,55107136.84727994,121.701,16.6,0.0,"[{""usdt"": 15071895.0, ""borsa"": 3, ""fiyat"": 63975.0, ""kaynak"": ""BNB+BYB+OKX""}, {""usdt"": 7344366.0, ""borsa"": 1, ""fiyat"": 63925.0, ""kaynak"": ""BNB""}, {""usdt"": 7083158.0, ""borsa"": 1, ""fiyat"": 63950.0, ""kaynak"": ""BNB""}]","[{""usdt"": 16345398.0, ""borsa"": 3, ""fiyat"": 64000.0, ""kaynak"": ""BNB+BYB+OKX""}, {""usdt"": 9536050.0, ""borsa"": 3, ""fiyat"": 64025.0, ""kaynak"": ""BNB+BYB+OKX""}, {""usdt"": 8033635.0, ""borsa"": 1, ""fiyat"": 64050.0, ""kaynak"": ""BNB""}]",YOK,0.0473,-0.1356,,,false,,false,,0,0,3,0,2,3,52.5,53.7,IZLE,,25,63951.8,,,,,SEVIYE,85,1929.3,193,,,,,,,1785369600,2,0,,23,978.1,23,,,
31831,2026-07-30 00:02:54.806902+00,63978.649999999994,981465.8306882975,-364399.3219999999,11754859428.1996,0.00008649800000000001,43815726.85434,895.8949,11.8,BEKLE,true,575.8604,320.03450000000004,1.5582,60.265,47189269.503039986,60.265,11.8,0.0,"[{""usdt"": 11311042.0, ""borsa"": 3, ""fiyat"": 63975.0, ""kaynak"": ""BNB+BYB+OKX""}, {""usdt"": 9577955.0, ""borsa"": 3, ""fiyat"": 63950.0, ""kaynak"": ""BNB+BYB+OKX""}, {""usdt"": 7769436.0, ""borsa"": 1, ""fiyat"": 63875.0, ""kaynak"": ""BNB""}]","[{""usdt"": 16229404.0, ""borsa"": 3, ""fiyat"": 64000.0, ""kaynak"": ""BNB+BYB+OKX""}, {""usdt"": 8067577.0, ""borsa"": 1, ""fiyat"": 64100.0, ""kaynak"": ""BNB""}, {""usdt"": 7406125.0, ""borsa"": 1, ""fiyat"": 64075.0, ""kaynak"": ""BNB""}]",YOK,0.0178,-0.0371,0.8339,2.0684,false,,false,,0,0,3,0,1,3,47.3,48.8,IZLE,,25,63951.8,,,,,SEVIYE,85,1930.4,193,,,,,,,1785369720,2,0,,23,979.1,23,,,
31832,2026-07-30 00:03:55.065223+00,63959.75,1143595.2833620994,-423855.49700000003,11752430545.796299,0.00008649800000000001,45210496.47728001,895.932,14.1,BEKLE,true,575.8975,320.03450000000004,1.5595,120.537,45137858.12483997,120.537,14.1,0.0,"[{""usdt"": 15615368.0, ""borsa"": 3, ""fiyat"": 63950.0, ""kaynak"": ""BNB+BYB+OKX""}, {""usdt"": 10451675.0, ""borsa"": 1, ""fiyat"": 63900.0, ""kaynak"": ""BNB""}, {""usdt"": 7686992.0, ""borsa"": 1, ""fiyat"": 63875.0, ""kaynak"": ""BNB""}]","[{""usdt"": 12974284.0, ""borsa"": 3, ""fiyat"": 63975.0, ""kaynak"": ""BNB+BYB+OKX""}, {""usdt"": 8445487.0, ""borsa"": 3, ""fiyat"": 64000.0, ""kaynak"": ""BNB+BYB+OKX""}, {""usdt"": 8103409.0, ""borsa"": 1, ""fiyat"": 64050.0, ""kaynak"": ""BNB""}]",YOK,-0.0211,0.0008,0.8071,0.263,false,,false,,0,1,3,0,1,3,43.4,44.6,IZLE,,25,63951.8,,,,,SEVIYE,85,1931.4,193,,,,,,,1785369720,2,0,,23,980.1,23,,,
31833,2026-07-30 00:04:55.666902+00,63983.95,1848165.916151697,-376593.11999999994,11755677135.265,0.00007677000000000001,45697325.79187999,895.932,11.9,BEKLE,true,575.8975,320.03450000000004,1.5595,180.828,43856541.92819,60.291,11.9,0.0,"[{""usdt"": 13239378.0, ""borsa"": 3, ""fiyat"": 63925.0, ""kaynak"": ""BNB+BYB+OKX""}, {""usdt"": 10729553.0, ""borsa"": 1, ""fiyat"": 63850.0, ""kaynak"": ""BNB""}, {""usdt"": 8244123.0, ""borsa"": 1, ""fiyat"": 63900.0, ""kaynak"": ""BNB""}]","[{""usdt"": 12302107.0, ""borsa"": 3, ""fiyat"": 63975.0, ""kaynak"": ""BNB+BYB+OKX""}, {""usdt"": 8058579.0, ""borsa"": 1, ""fiyat"": 64050.0, ""kaynak"": ""BNB""}, {""usdt"": 6710346.0, ""borsa"": 1, ""fiyat"": 64000.0, ""kaynak"": ""BNB""}]",YOK,-0.0099,0.0206,0.9182,1.0743,true,0.1433,false,,0,1,3,0,1,3,39.8,40.9,IZLE,,25,63951.8,,,,,SEVIYE,85,1932.4,193,,,,,,,1785369720,2,1,,23,981.1,23,,,
31834,2026-07-30 00:05:55.956826+00,63978.95,1405920.9773558006,279534.615,11755294299.7944,0.00007677000000000001,45051633.88911003,447.88730000000004,42.9,BEKLE,false,447.88730000000004,0.0,1.5595,241.458,50381798.70303003,120.921,0.0,42.9,"[{""usdt"": 12713937.0, ""borsa"": 3, ""fiyat"": 63950.0, ""kaynak"": ""BNB+BYB+OKX""}, {""usdt"": 9068362.0, ""borsa"": 1, ""fiyat"": 63900.0, ""kaynak"": ""BNB""}, {""usdt"": 8150978.0, ""borsa"": 3, ""fiyat"": 63975.0, ""kaynak"": ""BNB+BYB+OKX""}]","[{""usdt"": 14688904.0, ""borsa"": 3, ""fiyat"": 64000.0, ""kaynak"": ""BNB+BYB+OKX""}, {""usdt"": 9964962.0, ""borsa"": 1, ""fiyat"": 64025.0, ""kaynak"": ""BNB""}, {""usdt"": 7947612.0, ""borsa"": 1, ""fiyat"": 64050.0, ""kaynak"": ""BNB""}]",YOK,0.0433,-0.0559,0.4324,0.685,true,0,false,,0,0,3,0,0,3,36.5,37.6,IZLE,,25,63949.4,,,,,SEVIYE,65,1933.4,194,,,,,,,1785369720,1,0,,22,1432.7,22,,,
31835,2026-07-30 00:06:56.36843+00,64031.350000000006,1979236.6755975017,318202.48699999996,11762006658.610699,0.00007677000000000001,46495855.25272004,447.88730000000004,31.9,BEKLE,,447.88730000000004,0.0,1.5615,301.719,51577984.88354996,120.891,0.0,31.9,"[{""usdt"": 14195865.0, ""borsa"": 3, ""fiyat"": 64000.0, ""kaynak"": ""BNB+BYB+OKX""}, {""usdt"": 8806691.0, ""borsa"": 3, ""fiyat"": 63975.0, ""kaynak"": ""BNB+BYB+OKX""}, {""usdt"": 7514057.0, ""borsa"": 1, ""fiyat"": 63925.0, ""kaynak"": ""BNB""}]","[{""usdt"": 16084495.0, ""borsa"": 3, ""fiyat"": 64025.0, ""kaynak"": ""BNB+BYB+OKX""}, {""usdt"": 10469504.0, ""borsa"": 1, ""fiyat"": 64075.0, ""kaynak"": ""BNB""}, {""usdt"": 10307967.0, ""borsa"": 2, ""fiyat"": 64050.0, ""kaynak"": ""BNB+BYB""}]",YOK,0.1482,-0.0518,0.5427,1.0271,true,0,false,,2,0,3,0,1,3,32.8,33.9,IZLE,,25,64011.2,,,,,SEVIYE,65,2545.3,255,,,,,,,1785369720,1,1,,22,1433.7,22,,,
31836,2026-07-30 00:07:56.637211+00,64000.05,1749275.987342401,441682.35800000007,11757134108.7659,0.00007677000000000001,48319962.300620034,0.0,27.5,BEKLE,false,0.0,0.0,1.5615,362.127,44420387.30790997,120.669,0.0,27.5,"[{""usdt"": 11692040.0, ""borsa"": 3, ""fiyat"": 63975.0, ""kaynak"": ""BNB+BYB+OKX""}, {""usdt"": 9139964.0, ""borsa"": 1, ""fiyat"": 63925.0, ""kaynak"": ""BNB""}, {""usdt"": 8926445.0, ""borsa"": 3, ""fiyat"": 64000.0, ""kaynak"": ""BNB+BYB+OKX""}]","[{""usdt"": 14216003.0, ""borsa"": 3, ""fiyat"": 64025.0, ""kaynak"": ""BNB+BYB+OKX""}, {""usdt"": 9323047.0, ""borsa"": 1, ""fiyat"": 64100.0, ""kaynak"": ""BNB""}, {""usdt"": 8353582.0, ""borsa"": 1, ""fiyat"": 64075.0, ""kaynak"": ""BNB""}]",YOK,0.1234,0.042,0.4355,0.6801,true,0,false,,0,0,3,0,0,3,29.2,30.3,IZLE,,25,64011.2,,,,,SEVIYE,65,2546.3,255,,,,,,,,,0,,22,1434.7,22,,,
31837,2026-07-30 00:08:56.902985+00,64029.95,1749275.987342401,441682.35800000007,11757134108.7659,0.00007677000000000001,44254181.335500024,0.0,33.7,BEKLE,true,0.0,0.0,1.5615,422.376,56596823.005329944,180.918,0.0,33.7,"[{""usdt"": 14589261.0, ""borsa"": 3, ""fiyat"": 64000.0, ""kaynak"": ""BNB+BYB+OKX""}, {""usdt"": 8904785.0, ""borsa"": 1, ""fiyat"": 63950.0, ""kaynak"": ""BNB""}, {""usdt"": 6351509.0, ""borsa"": 1, ""fiyat"": 63975.0, ""kaynak"": ""BNB""}]","[{""usdt"": 17754191.0, ""borsa"": 3, ""fiyat"": 64050.0, ""kaynak"": ""BNB+BYB+OKX""}, {""usdt"": 10734834.0, ""borsa"": 1, ""fiyat"": 64100.0, ""kaynak"": ""BNB""}, {""usdt"": 9851167.0, ""borsa"": 3, ""fiyat"": 64025.0, ""kaynak"": ""BNB+BYB+OKX""}]",YOK,0.0413,-0.1224,0.3618,2.3497,true,0,false,,0,0,3,0,1,3,25.5,26.6,IZLE,,25,64011.2,,,,,SEVIYE,65,2547.3,255,,,,,,,,,0,,22,1435.7,22,,,
31838,2026-07-30 00:09:57.120983+00,64015.75,2262545.9509623004,538041.6140000001,11761408053.7085,0.00007677000000000001,45504790.751880065,0.0,38.0,BEKLE,true,0.0,0.0,1.5615,482.617,51010745.13054001,241.159,0.0,38.0,"[{""usdt"": 13342836.0, ""borsa"": 3, ""fiyat"": 64000.0, ""kaynak"": ""BNB+BYB+OKX""}, {""usdt"": 8365508.0, ""borsa"": 1, ""fiyat"": 63950.0, ""kaynak"": ""BNB""}, {""usdt"": 8217005.0, ""borsa"": 1, ""fiyat"": 63925.0, ""kaynak"": ""BNB""}]","[{""usdt"": 12940417.0, ""borsa"": 3, ""fiyat"": 64025.0, ""kaynak"": ""BNB+BYB+OKX""}, {""usdt"": 12316014.0, ""borsa"": 3, ""fiyat"": 64050.0, ""kaynak"": ""BNB+BYB+OKX""}, {""usdt"": 8855147.0, ""borsa"": 1, ""fiyat"": 64125.0, ""kaynak"": ""BNB""}]",YOK,0.0898,-0.057,0.2685,1.1541,true,0,false,,0,0,3,0,0,3,21.9,23,IZLE,,25,64011.2,,,,,SEVIYE,65,2548.3,255,,,,,,,,,0,,22,1436.7,22,,,